record_id,stage,record_kind,method_id,paper,implementation_version,sequence_id,case_id,config_id,start_policy,input_identity,native_status,evaluation_status,metric_source,source_row_key,source_values_json,native_output_paths,evaluation_paths,figure_paths,read_depth,retention_status,archive_path,archive_member,notes
HX02-fd77b4f69ab19623e0ba,HX02,CSV_ROW,EXT01,unknown,unknown,BY2,unknown,LIT,FILE_START,unknown,unknown,NONE,<CODE_ROOT>/docs/paper_rebuild/hext/HX02/EXTERNAL_FIVE_CATEGORY_TABLE.csv,CSV:data_row=1,"{""category"":""dual_antenna_ambiguity_heading"",""method_id"":""EXT01"",""config"":""LIT"",""sequence"":""BY2"",""start_mode"":""FILE_START"",""output_type"":""heading_only"",""metric"":""availability"",""value"":""0.7153284671532847"",""denominator_or_valid_epochs"":""980/1370"",""failure_flag"":""NONE"",""source"":""$HX02/RUNS/BY2__EXT01__LIT__C00__NA; OUTPUT_HASHES.json sha256=9988c7c6f2865e3145b9301ae061f0597d923de9e68a1af2bf11f2529b50ac26; RUNS/BY2__EXT01__LIT__C00__NA/eval/HEADING/OUTPUT/HEADING_METRICS.json sha256=0a49ea5cb923f1ea7fc6ed428749acb0a008adb7587cf0fcd916e52e59ba889c"",""notes"":""method-native valid epochs / native paired epochs in window""}",[],[],[],FULL_RECORD_READ,PRESENT_READ,,,First-delivery subset. Source values preserved; path aliases only. No payload-body read.
HX02-dfdf36bcc86e50331a23,HX02,CSV_ROW,EXT01,unknown,unknown,BY2,unknown,LIT,FILE_START,unknown,unknown,NONE,<CODE_ROOT>/docs/paper_rebuild/hext/HX02/EXTERNAL_FIVE_CATEGORY_TABLE.csv,CSV:data_row=2,"{""category"":""dual_antenna_ambiguity_heading"",""method_id"":""EXT01"",""config"":""LIT"",""sequence"":""BY2"",""start_mode"":""FILE_START"",""output_type"":""heading_only"",""metric"":""valid_rmse_deg"",""value"":""120.36002862722869"",""denominator_or_valid_epochs"":""scored=980/valid=980/denominator=1370"",""failure_flag"":""NONE"",""source"":""$HX02/RUNS/BY2__EXT01__LIT__C00__NA; OUTPUT_HASHES.json sha256=9988c7c6f2865e3145b9301ae061f0597d923de9e68a1af2bf11f2529b50ac26; RUNS/BY2__EXT01__LIT__C00__NA/eval/HEADING/OUTPUT/HEADING_METRICS.json sha256=0a49ea5cb923f1ea7fc6ed428749acb0a008adb7587cf0fcd916e52e59ba889c"",""notes"":""wrap-safe error on valid epochs""}",[],[],[],FULL_RECORD_READ,PRESENT_READ,,,First-delivery subset. Source values preserved; path aliases only. No payload-body read.
HX02-65605a3163f04563bc6d,HX02,CSV_ROW,EXT01,unknown,unknown,BY2,unknown,LIT,FILE_START,unknown,unknown,NONE,<CODE_ROOT>/docs/paper_rebuild/hext/HX02/EXTERNAL_FIVE_CATEGORY_TABLE.csv,CSV:data_row=3,"{""category"":""dual_antenna_ambiguity_heading"",""method_id"":""EXT01"",""config"":""LIT"",""sequence"":""BY2"",""start_mode"":""FILE_START"",""output_type"":""heading_only"",""metric"":""valid_max_abs_deg"",""value"":""179.96605423608287"",""denominator_or_valid_epochs"":""scored=980/valid=980/denominator=1370"",""failure_flag"":""NONE"",""source"":""$HX02/RUNS/BY2__EXT01__LIT__C00__NA; OUTPUT_HASHES.json sha256=9988c7c6f2865e3145b9301ae061f0597d923de9e68a1af2bf11f2529b50ac26; RUNS/BY2__EXT01__LIT__C00__NA/eval/HEADING/OUTPUT/HEADING_METRICS.json sha256=0a49ea5cb923f1ea7fc6ed428749acb0a008adb7587cf0fcd916e52e59ba889c"",""notes"":""""}",[],[],[],FULL_RECORD_READ,PRESENT_READ,,,First-delivery subset. Source values preserved; path aliases only. No payload-body read.
HX02-6b69896207ebecac078e,HX02,CSV_ROW,EXT01,unknown,unknown,BY2,unknown,LIT,FILE_START,unknown,unknown,NONE,<CODE_ROOT>/docs/paper_rebuild/hext/HX02/EXTERNAL_FIVE_CATEGORY_TABLE.csv,CSV:data_row=4,"{""category"":""dual_antenna_ambiguity_heading"",""method_id"":""EXT01"",""config"":""LIT"",""sequence"":""BY2"",""start_mode"":""FILE_START"",""output_type"":""heading_only"",""metric"":""valid_p95_abs_deg"",""value"":""178.25813978480625"",""denominator_or_valid_epochs"":""scored=980/valid=980/denominator=1370"",""failure_flag"":""NONE"",""source"":""$HX02/RUNS/BY2__EXT01__LIT__C00__NA; OUTPUT_HASHES.json sha256=9988c7c6f2865e3145b9301ae061f0597d923de9e68a1af2bf11f2529b50ac26; RUNS/BY2__EXT01__LIT__C00__NA/eval/HEADING/OUTPUT/HEADING_METRICS.json sha256=0a49ea5cb923f1ea7fc6ed428749acb0a008adb7587cf0fcd916e52e59ba889c"",""notes"":""""}",[],[],[],FULL_RECORD_READ,PRESENT_READ,,,First-delivery subset. Source values preserved; path aliases only. No payload-body read.
HX02-044c80088d40a41751fa,HX02,CSV_ROW,EXT01,unknown,unknown,BY2,unknown,LIT,FILE_START,unknown,unknown,NONE,<CODE_ROOT>/docs/paper_rebuild/hext/HX02/EXTERNAL_FIVE_CATEGORY_TABLE.csv,CSV:data_row=5,"{""category"":""dual_antenna_ambiguity_heading"",""method_id"":""EXT01"",""config"":""LIT"",""sequence"":""BY2"",""start_mode"":""FILE_START"",""output_type"":""heading_only"",""metric"":""valid_circular_bias_deg"",""value"":""141.14029173810172"",""denominator_or_valid_epochs"":""scored=980/valid=980/denominator=1370"",""failure_flag"":""NONE"",""source"":""$HX02/RUNS/BY2__EXT01__LIT__C00__NA; OUTPUT_HASHES.json sha256=9988c7c6f2865e3145b9301ae061f0597d923de9e68a1af2bf11f2529b50ac26; RUNS/BY2__EXT01__LIT__C00__NA/eval/HEADING/OUTPUT/HEADING_METRICS.json sha256=0a49ea5cb923f1ea7fc6ed428749acb0a008adb7587cf0fcd916e52e59ba889c"",""notes"":""circular mean of the wrap-safe error""}",[],[],[],FULL_RECORD_READ,PRESENT_READ,,,First-delivery subset. Source values preserved; path aliases only. No payload-body read.
HX02-ebf179829f6082a6d630,HX02,CSV_ROW,EXT01,unknown,unknown,BY2,unknown,LIT,FILE_START,unknown,unknown,NONE,<CODE_ROOT>/docs/paper_rebuild/hext/HX02/EXTERNAL_FIVE_CATEGORY_TABLE.csv,CSV:data_row=6,"{""category"":""dual_antenna_ambiguity_heading"",""method_id"":""EXT01"",""config"":""LIT"",""sequence"":""BY2"",""start_mode"":""FILE_START"",""output_type"":""heading_only"",""metric"":""hold_rmse_deg"",""value"":""117.8666282180735"",""denominator_or_valid_epochs"":""scored=1370/held=1370/denominator=1370"",""failure_flag"":""NONE"",""source"":""$HX02/RUNS/BY2__EXT01__LIT__C00__NA; OUTPUT_HASHES.json sha256=9988c7c6f2865e3145b9301ae061f0597d923de9e68a1af2bf11f2529b50ac26; RUNS/BY2__EXT01__LIT__C00__NA/eval/HEADING/OUTPUT/HEADING_METRICS.json sha256=0a49ea5cb923f1ea7fc6ed428749acb0a008adb7587cf0fcd916e52e59ba889c"",""notes"":""hold last valid over the window; no_heading_epochs_before_first_valid=0 (not scored as zero)""}",[],[],[],FULL_RECORD_READ,PRESENT_READ,,,First-delivery subset. Source values preserved; path aliases only. No payload-body read.
HX02-7ebbd1105672690ccd9a,HX02,CSV_ROW,EXT01,unknown,unknown,BY2,unknown,LIT,FILE_START,unknown,unknown,NONE,<CODE_ROOT>/docs/paper_rebuild/hext/HX02/EXTERNAL_FIVE_CATEGORY_TABLE.csv,CSV:data_row=7,"{""category"":""dual_antenna_ambiguity_heading"",""method_id"":""EXT01"",""config"":""LIT"",""sequence"":""BY2"",""start_mode"":""FILE_START"",""output_type"":""heading_only"",""metric"":""hold_max_abs_deg"",""value"":""179.96605423608287"",""denominator_or_valid_epochs"":""scored=1370/held=1370/denominator=1370"",""failure_flag"":""NONE"",""source"":""$HX02/RUNS/BY2__EXT01__LIT__C00__NA; OUTPUT_HASHES.json sha256=9988c7c6f2865e3145b9301ae061f0597d923de9e68a1af2bf11f2529b50ac26; RUNS/BY2__EXT01__LIT__C00__NA/eval/HEADING/OUTPUT/HEADING_METRICS.json sha256=0a49ea5cb923f1ea7fc6ed428749acb0a008adb7587cf0fcd916e52e59ba889c"",""notes"":""""}",[],[],[],FULL_RECORD_READ,PRESENT_READ,,,First-delivery subset. Source values preserved; path aliases only. No payload-body read.
HX02-e17ef560dcd4cc2903d9,HX02,CSV_ROW,EXT01,unknown,unknown,BY2,unknown,LIT,FILE_START,unknown,unknown,NONE,<CODE_ROOT>/docs/paper_rebuild/hext/HX02/EXTERNAL_FIVE_CATEGORY_TABLE.csv,CSV:data_row=8,"{""category"":""dual_antenna_ambiguity_heading"",""method_id"":""EXT01"",""config"":""LIT"",""sequence"":""BY2"",""start_mode"":""FILE_START"",""output_type"":""heading_only"",""metric"":""hold_p95_abs_deg"",""value"":""177.82246305811339"",""denominator_or_valid_epochs"":""scored=1370/held=1370/denominator=1370"",""failure_flag"":""NONE"",""source"":""$HX02/RUNS/BY2__EXT01__LIT__C00__NA; OUTPUT_HASHES.json sha256=9988c7c6f2865e3145b9301ae061f0597d923de9e68a1af2bf11f2529b50ac26; RUNS/BY2__EXT01__LIT__C00__NA/eval/HEADING/OUTPUT/HEADING_METRICS.json sha256=0a49ea5cb923f1ea7fc6ed428749acb0a008adb7587cf0fcd916e52e59ba889c"",""notes"":""""}",[],[],[],FULL_RECORD_READ,PRESENT_READ,,,First-delivery subset. Source values preserved; path aliases only. No payload-body read.
HX02-26d469566ce88051107e,HX02,CSV_ROW,EXT01,unknown,unknown,BY2,unknown,LIT,FILE_START,unknown,unknown,NONE,<CODE_ROOT>/docs/paper_rebuild/hext/HX02/EXTERNAL_FIVE_CATEGORY_TABLE.csv,CSV:data_row=9,"{""category"":""dual_antenna_ambiguity_heading"",""method_id"":""EXT01"",""config"":""LIT"",""sequence"":""BY2"",""start_mode"":""FILE_START"",""output_type"":""heading_only"",""metric"":""no_heading_epochs_before_first_valid"",""value"":""0"",""denominator_or_valid_epochs"":""of 1370"",""failure_flag"":""NONE"",""source"":""$HX02/RUNS/BY2__EXT01__LIT__C00__NA; OUTPUT_HASHES.json sha256=9988c7c6f2865e3145b9301ae061f0597d923de9e68a1af2bf11f2529b50ac26; RUNS/BY2__EXT01__LIT__C00__NA/eval/HEADING/OUTPUT/HEADING_METRICS.json sha256=0a49ea5cb923f1ea7fc6ed428749acb0a008adb7587cf0fcd916e52e59ba889c"",""notes"":""""}",[],[],[],FULL_RECORD_READ,PRESENT_READ,,,First-delivery subset. Source values preserved; path aliases only. No payload-body read.
HX02-9ab55f2fc5b5b669184d,HX02,CSV_ROW,EXT01,unknown,unknown,BY2,unknown,LIT,FILE_START,unknown,unknown,NONE,<CODE_ROOT>/docs/paper_rebuild/hext/HX02/EXTERNAL_FIVE_CATEGORY_TABLE.csv,CSV:data_row=10,"{""category"":""dual_antenna_ambiguity_heading"",""method_id"":""EXT01"",""config"":""LIT"",""sequence"":""BY2"",""start_mode"":""FILE_START"",""output_type"":""heading_only"",""metric"":""valid_segment_count"",""value"":""12"",""denominator_or_valid_epochs"":""valid=980"",""failure_flag"":""NONE"",""source"":""$HX02/RUNS/BY2__EXT01__LIT__C00__NA; OUTPUT_HASHES.json sha256=9988c7c6f2865e3145b9301ae061f0597d923de9e68a1af2bf11f2529b50ac26; RUNS/BY2__EXT01__LIT__C00__NA/eval/HEADING/OUTPUT/HEADING_METRICS.json sha256=0a49ea5cb923f1ea7fc6ed428749acb0a008adb7587cf0fcd916e52e59ba889c"",""notes"":""segments split when accepted original epoch indices are nonconsecutive""}",[],[],[],FULL_RECORD_READ,PRESENT_READ,,,First-delivery subset. Source values preserved; path aliases only. No payload-body read.
HX02-e38fd225679361b43ca1,HX02,CSV_ROW,EXT01,unknown,unknown,BY2,unknown,LIT,FILE_START,unknown,unknown,NONE,<CODE_ROOT>/docs/paper_rebuild/hext/HX02/EXTERNAL_FIVE_CATEGORY_TABLE.csv,CSV:data_row=11,"{""category"":""dual_antenna_ambiguity_heading"",""method_id"":""EXT01"",""config"":""LIT"",""sequence"":""BY2"",""start_mode"":""FILE_START"",""output_type"":""heading_only"",""metric"":""valid_max_gap_s"",""value"":""13.800000190734863"",""denominator_or_valid_epochs"":""valid=980"",""failure_flag"":""NONE"",""source"":""$HX02/RUNS/BY2__EXT01__LIT__C00__NA; OUTPUT_HASHES.json sha256=9988c7c6f2865e3145b9301ae061f0597d923de9e68a1af2bf11f2529b50ac26; RUNS/BY2__EXT01__LIT__C00__NA/eval/HEADING/OUTPUT/HEADING_METRICS.json sha256=0a49ea5cb923f1ea7fc6ed428749acb0a008adb7587cf0fcd916e52e59ba889c"",""notes"":""""}",[],[],[],FULL_RECORD_READ,PRESENT_READ,,,First-delivery subset. Source values preserved; path aliases only. No payload-body read.
HX02-b928ffba9e60aa401413,HX02,CSV_ROW,EXT01,unknown,unknown,BY2,unknown,LIT,FILE_START,unknown,unknown,NONE,<CODE_ROOT>/docs/paper_rebuild/hext/HX02/EXTERNAL_FIVE_CATEGORY_TABLE.csv,CSV:data_row=12,"{""category"":""dual_antenna_ambiguity_heading"",""method_id"":""EXT01"",""config"":""LIT"",""sequence"":""BY2"",""start_mode"":""FILE_START"",""output_type"":""heading_only"",""metric"":""convention_median_deg"",""value"":""36.70815552525076"",""denominator_or_valid_epochs"":""compared=1077"",""failure_flag"":""NONE"",""source"":""$HX02/RUNS/BY2__EXT01__LIT__C00__NA; OUTPUT_HASHES.json sha256=9988c7c6f2865e3145b9301ae061f0597d923de9e68a1af2bf11f2529b50ac26; RUNS/BY2__EXT01__LIT__C00__NA/eval/HEADING/OUTPUT/HEADING_METRICS.json sha256=0a49ea5cb923f1ea7fc6ed428749acb0a008adb7587cf0fcd916e52e59ba889c"",""notes"":""method body yaw minus dual-fixed HPPOSECEF baseline body yaw; fractions={\""within_20_of_0\"": 0.12349117920148561, \""within_20_of_180\"": 0.2776230269266481, \""within_20_of_plus_minus_90\"": 0.12627669452181986}; status=PASS""}",[],[],[],FULL_RECORD_READ,PRESENT_READ,,,First-delivery subset. Source values preserved; path aliases only. No payload-body read.
HX02-133736e5886854d9f227,HX02,CSV_ROW,EXT02,unknown,unknown,BY2,unknown,LIT,FILE_START,unknown,unknown,NONE,<CODE_ROOT>/docs/paper_rebuild/hext/HX02/EXTERNAL_FIVE_CATEGORY_TABLE.csv,CSV:data_row=13,"{""category"":""dual_antenna_ambiguity_heading"",""method_id"":""EXT02"",""config"":""LIT"",""sequence"":""BY2"",""start_mode"":""FILE_START"",""output_type"":""heading_only"",""metric"":""availability"",""value"":""0.7036496350364964"",""denominator_or_valid_epochs"":""964/1370"",""failure_flag"":""NONE"",""source"":""$HX02/RUNS/BY2__EXT02__LIT__C00__NA; OUTPUT_HASHES.json sha256=7eb6c7ecef8349dc12a6a1f08e016728ed3e346e93a4356a7ba00f08d5072cc4; RUNS/BY2__EXT02__LIT__C00__NA/eval/HEADING/OUTPUT/HEADING_METRICS.json sha256=deade46361995139006825ac21500510fe97dab15bbfea61aad6511eb5a9fbfd"",""notes"":""method-native valid epochs / native paired epochs in window""}",[],[],[],FULL_RECORD_READ,PRESENT_READ,,,First-delivery subset. Source values preserved; path aliases only. No payload-body read.
HX02-d7312705a615fcc8b7ed,HX02,CSV_ROW,EXT02,unknown,unknown,BY2,unknown,LIT,FILE_START,unknown,unknown,NONE,<CODE_ROOT>/docs/paper_rebuild/hext/HX02/EXTERNAL_FIVE_CATEGORY_TABLE.csv,CSV:data_row=14,"{""category"":""dual_antenna_ambiguity_heading"",""method_id"":""EXT02"",""config"":""LIT"",""sequence"":""BY2"",""start_mode"":""FILE_START"",""output_type"":""heading_only"",""metric"":""valid_rmse_deg"",""value"":""120.52876042302128"",""denominator_or_valid_epochs"":""scored=964/valid=964/denominator=1370"",""failure_flag"":""NONE"",""source"":""$HX02/RUNS/BY2__EXT02__LIT__C00__NA; OUTPUT_HASHES.json sha256=7eb6c7ecef8349dc12a6a1f08e016728ed3e346e93a4356a7ba00f08d5072cc4; RUNS/BY2__EXT02__LIT__C00__NA/eval/HEADING/OUTPUT/HEADING_METRICS.json sha256=deade46361995139006825ac21500510fe97dab15bbfea61aad6511eb5a9fbfd"",""notes"":""wrap-safe error on valid epochs""}",[],[],[],FULL_RECORD_READ,PRESENT_READ,,,First-delivery subset. Source values preserved; path aliases only. No payload-body read.
HX02-b1dc20a036db4a770763,HX02,CSV_ROW,EXT02,unknown,unknown,BY2,unknown,LIT,FILE_START,unknown,unknown,NONE,<CODE_ROOT>/docs/paper_rebuild/hext/HX02/EXTERNAL_FIVE_CATEGORY_TABLE.csv,CSV:data_row=15,"{""category"":""dual_antenna_ambiguity_heading"",""method_id"":""EXT02"",""config"":""LIT"",""sequence"":""BY2"",""start_mode"":""FILE_START"",""output_type"":""heading_only"",""metric"":""valid_max_abs_deg"",""value"":""179.96605423604268"",""denominator_or_valid_epochs"":""scored=964/valid=964/denominator=1370"",""failure_flag"":""NONE"",""source"":""$HX02/RUNS/BY2__EXT02__LIT__C00__NA; OUTPUT_HASHES.json sha256=7eb6c7ecef8349dc12a6a1f08e016728ed3e346e93a4356a7ba00f08d5072cc4; RUNS/BY2__EXT02__LIT__C00__NA/eval/HEADING/OUTPUT/HEADING_METRICS.json sha256=deade46361995139006825ac21500510fe97dab15bbfea61aad6511eb5a9fbfd"",""notes"":""""}",[],[],[],FULL_RECORD_READ,PRESENT_READ,,,First-delivery subset. Source values preserved; path aliases only. No payload-body read.
HX02-7666b54b893fec2440f9,HX02,CSV_ROW,EXT02,unknown,unknown,BY2,unknown,LIT,FILE_START,unknown,unknown,NONE,<CODE_ROOT>/docs/paper_rebuild/hext/HX02/EXTERNAL_FIVE_CATEGORY_TABLE.csv,CSV:data_row=16,"{""category"":""dual_antenna_ambiguity_heading"",""method_id"":""EXT02"",""config"":""LIT"",""sequence"":""BY2"",""start_mode"":""FILE_START"",""output_type"":""heading_only"",""metric"":""valid_p95_abs_deg"",""value"":""178.30403175914398"",""denominator_or_valid_epochs"":""scored=964/valid=964/denominator=1370"",""failure_flag"":""NONE"",""source"":""$HX02/RUNS/BY2__EXT02__LIT__C00__NA; OUTPUT_HASHES.json sha256=7eb6c7ecef8349dc12a6a1f08e016728ed3e346e93a4356a7ba00f08d5072cc4; RUNS/BY2__EXT02__LIT__C00__NA/eval/HEADING/OUTPUT/HEADING_METRICS.json sha256=deade46361995139006825ac21500510fe97dab15bbfea61aad6511eb5a9fbfd"",""notes"":""""}",[],[],[],FULL_RECORD_READ,PRESENT_READ,,,First-delivery subset. Source values preserved; path aliases only. No payload-body read.
HX02-3ef95d8aa5434e02a64f,HX02,CSV_ROW,EXT02,unknown,unknown,BY2,unknown,LIT,FILE_START,unknown,unknown,NONE,<CODE_ROOT>/docs/paper_rebuild/hext/HX02/EXTERNAL_FIVE_CATEGORY_TABLE.csv,CSV:data_row=17,"{""category"":""dual_antenna_ambiguity_heading"",""method_id"":""EXT02"",""config"":""LIT"",""sequence"":""BY2"",""start_mode"":""FILE_START"",""output_type"":""heading_only"",""metric"":""valid_circular_bias_deg"",""value"":""141.07743603205643"",""denominator_or_valid_epochs"":""scored=964/valid=964/denominator=1370"",""failure_flag"":""NONE"",""source"":""$HX02/RUNS/BY2__EXT02__LIT__C00__NA; OUTPUT_HASHES.json sha256=7eb6c7ecef8349dc12a6a1f08e016728ed3e346e93a4356a7ba00f08d5072cc4; RUNS/BY2__EXT02__LIT__C00__NA/eval/HEADING/OUTPUT/HEADING_METRICS.json sha256=deade46361995139006825ac21500510fe97dab15bbfea61aad6511eb5a9fbfd"",""notes"":""circular mean of the wrap-safe error""}",[],[],[],FULL_RECORD_READ,PRESENT_READ,,,First-delivery subset. Source values preserved; path aliases only. No payload-body read.
HX02-f2374a8a92330fc41686,HX02,CSV_ROW,EXT02,unknown,unknown,BY2,unknown,LIT,FILE_START,unknown,unknown,NONE,<CODE_ROOT>/docs/paper_rebuild/hext/HX02/EXTERNAL_FIVE_CATEGORY_TABLE.csv,CSV:data_row=18,"{""category"":""dual_antenna_ambiguity_heading"",""method_id"":""EXT02"",""config"":""LIT"",""sequence"":""BY2"",""start_mode"":""FILE_START"",""output_type"":""heading_only"",""metric"":""hold_rmse_deg"",""value"":""117.94583543554252"",""denominator_or_valid_epochs"":""scored=1370/held=1370/denominator=1370"",""failure_flag"":""NONE"",""source"":""$HX02/RUNS/BY2__EXT02__LIT__C00__NA; OUTPUT_HASHES.json sha256=7eb6c7ecef8349dc12a6a1f08e016728ed3e346e93a4356a7ba00f08d5072cc4; RUNS/BY2__EXT02__LIT__C00__NA/eval/HEADING/OUTPUT/HEADING_METRICS.json sha256=deade46361995139006825ac21500510fe97dab15bbfea61aad6511eb5a9fbfd"",""notes"":""hold last valid over the window; no_heading_epochs_before_first_valid=0 (not scored as zero)""}",[],[],[],FULL_RECORD_READ,PRESENT_READ,,,First-delivery subset. Source values preserved; path aliases only. No payload-body read.
HX02-4dac2d38fa7ddd4a1b3c,HX02,CSV_ROW,EXT02,unknown,unknown,BY2,unknown,LIT,FILE_START,unknown,unknown,NONE,<CODE_ROOT>/docs/paper_rebuild/hext/HX02/EXTERNAL_FIVE_CATEGORY_TABLE.csv,CSV:data_row=19,"{""category"":""dual_antenna_ambiguity_heading"",""method_id"":""EXT02"",""config"":""LIT"",""sequence"":""BY2"",""start_mode"":""FILE_START"",""output_type"":""heading_only"",""metric"":""hold_max_abs_deg"",""value"":""179.96605423604268"",""denominator_or_valid_epochs"":""scored=1370/held=1370/denominator=1370"",""failure_flag"":""NONE"",""source"":""$HX02/RUNS/BY2__EXT02__LIT__C00__NA; OUTPUT_HASHES.json sha256=7eb6c7ecef8349dc12a6a1f08e016728ed3e346e93a4356a7ba00f08d5072cc4; RUNS/BY2__EXT02__LIT__C00__NA/eval/HEADING/OUTPUT/HEADING_METRICS.json sha256=deade46361995139006825ac21500510fe97dab15bbfea61aad6511eb5a9fbfd"",""notes"":""""}",[],[],[],FULL_RECORD_READ,PRESENT_READ,,,First-delivery subset. Source values preserved; path aliases only. No payload-body read.
HX02-bb5a1a9d62ffbc88e1c0,HX02,CSV_ROW,EXT02,unknown,unknown,BY2,unknown,LIT,FILE_START,unknown,unknown,NONE,<CODE_ROOT>/docs/paper_rebuild/hext/HX02/EXTERNAL_FIVE_CATEGORY_TABLE.csv,CSV:data_row=20,"{""category"":""dual_antenna_ambiguity_heading"",""method_id"":""EXT02"",""config"":""LIT"",""sequence"":""BY2"",""start_mode"":""FILE_START"",""output_type"":""heading_only"",""metric"":""hold_p95_abs_deg"",""value"":""177.8224630581174"",""denominator_or_valid_epochs"":""scored=1370/held=1370/denominator=1370"",""failure_flag"":""NONE"",""source"":""$HX02/RUNS/BY2__EXT02__LIT__C00__NA; OUTPUT_HASHES.json sha256=7eb6c7ecef8349dc12a6a1f08e016728ed3e346e93a4356a7ba00f08d5072cc4; RUNS/BY2__EXT02__LIT__C00__NA/eval/HEADING/OUTPUT/HEADING_METRICS.json sha256=deade46361995139006825ac21500510fe97dab15bbfea61aad6511eb5a9fbfd"",""notes"":""""}",[],[],[],FULL_RECORD_READ,PRESENT_READ,,,First-delivery subset. Source values preserved; path aliases only. No payload-body read.
HX02-e5b397eef523e8f5a440,HX02,CSV_ROW,EXT02,unknown,unknown,BY2,unknown,LIT,FILE_START,unknown,unknown,NONE,<CODE_ROOT>/docs/paper_rebuild/hext/HX02/EXTERNAL_FIVE_CATEGORY_TABLE.csv,CSV:data_row=21,"{""category"":""dual_antenna_ambiguity_heading"",""method_id"":""EXT02"",""config"":""LIT"",""sequence"":""BY2"",""start_mode"":""FILE_START"",""output_type"":""heading_only"",""metric"":""no_heading_epochs_before_first_valid"",""value"":""0"",""denominator_or_valid_epochs"":""of 1370"",""failure_flag"":""NONE"",""source"":""$HX02/RUNS/BY2__EXT02__LIT__C00__NA; OUTPUT_HASHES.json sha256=7eb6c7ecef8349dc12a6a1f08e016728ed3e346e93a4356a7ba00f08d5072cc4; RUNS/BY2__EXT02__LIT__C00__NA/eval/HEADING/OUTPUT/HEADING_METRICS.json sha256=deade46361995139006825ac21500510fe97dab15bbfea61aad6511eb5a9fbfd"",""notes"":""""}",[],[],[],FULL_RECORD_READ,PRESENT_READ,,,First-delivery subset. Source values preserved; path aliases only. No payload-body read.
HX02-7f7f428ed5a9788b2532,HX02,CSV_ROW,EXT02,unknown,unknown,BY2,unknown,LIT,FILE_START,unknown,unknown,NONE,<CODE_ROOT>/docs/paper_rebuild/hext/HX02/EXTERNAL_FIVE_CATEGORY_TABLE.csv,CSV:data_row=22,"{""category"":""dual_antenna_ambiguity_heading"",""method_id"":""EXT02"",""config"":""LIT"",""sequence"":""BY2"",""start_mode"":""FILE_START"",""output_type"":""heading_only"",""metric"":""valid_segment_count"",""value"":""25"",""denominator_or_valid_epochs"":""valid=964"",""failure_flag"":""NONE"",""source"":""$HX02/RUNS/BY2__EXT02__LIT__C00__NA; OUTPUT_HASHES.json sha256=7eb6c7ecef8349dc12a6a1f08e016728ed3e346e93a4356a7ba00f08d5072cc4; RUNS/BY2__EXT02__LIT__C00__NA/eval/HEADING/OUTPUT/HEADING_METRICS.json sha256=deade46361995139006825ac21500510fe97dab15bbfea61aad6511eb5a9fbfd"",""notes"":""segments split when accepted original epoch indices are nonconsecutive""}",[],[],[],FULL_RECORD_READ,PRESENT_READ,,,First-delivery subset. Source values preserved; path aliases only. No payload-body read.
HX02-87ad26ee6be20dba66ad,HX02,CSV_ROW,EXT02,unknown,unknown,BY2,unknown,LIT,FILE_START,unknown,unknown,NONE,<CODE_ROOT>/docs/paper_rebuild/hext/HX02/EXTERNAL_FIVE_CATEGORY_TABLE.csv,CSV:data_row=23,"{""category"":""dual_antenna_ambiguity_heading"",""method_id"":""EXT02"",""config"":""LIT"",""sequence"":""BY2"",""start_mode"":""FILE_START"",""output_type"":""heading_only"",""metric"":""valid_max_gap_s"",""value"":""13.800000190734863"",""denominator_or_valid_epochs"":""valid=964"",""failure_flag"":""NONE"",""source"":""$HX02/RUNS/BY2__EXT02__LIT__C00__NA; OUTPUT_HASHES.json sha256=7eb6c7ecef8349dc12a6a1f08e016728ed3e346e93a4356a7ba00f08d5072cc4; RUNS/BY2__EXT02__LIT__C00__NA/eval/HEADING/OUTPUT/HEADING_METRICS.json sha256=deade46361995139006825ac21500510fe97dab15bbfea61aad6511eb5a9fbfd"",""notes"":""""}",[],[],[],FULL_RECORD_READ,PRESENT_READ,,,First-delivery subset. Source values preserved; path aliases only. No payload-body read.
HX02-85423bdde5f454d7c9d2,HX02,CSV_ROW,EXT02,unknown,unknown,BY2,unknown,LIT,FILE_START,unknown,unknown,NONE,<CODE_ROOT>/docs/paper_rebuild/hext/HX02/EXTERNAL_FIVE_CATEGORY_TABLE.csv,CSV:data_row=24,"{""category"":""dual_antenna_ambiguity_heading"",""method_id"":""EXT02"",""config"":""LIT"",""sequence"":""BY2"",""start_mode"":""FILE_START"",""output_type"":""heading_only"",""metric"":""convention_median_deg"",""value"":""36.97838559208924"",""denominator_or_valid_epochs"":""compared=1057"",""failure_flag"":""NONE"",""source"":""$HX02/RUNS/BY2__EXT02__LIT__C00__NA; OUTPUT_HASHES.json sha256=7eb6c7ecef8349dc12a6a1f08e016728ed3e346e93a4356a7ba00f08d5072cc4; RUNS/BY2__EXT02__LIT__C00__NA/eval/HEADING/OUTPUT/HEADING_METRICS.json sha256=deade46361995139006825ac21500510fe97dab15bbfea61aad6511eb5a9fbfd"",""notes"":""method body yaw minus dual-fixed HPPOSECEF baseline body yaw; fractions={\""within_20_of_0\"": 0.12204351939451277, \""within_20_of_180\"": 0.2781456953642384, \""within_20_of_plus_minus_90\"": 0.12677388836329234}; status=PASS""}",[],[],[],FULL_RECORD_READ,PRESENT_READ,,,First-delivery subset. Source values preserved; path aliases only. No payload-body read.
HX02-56cbd7a11425935ebd90,HX02,CSV_ROW,EXT03,unknown,unknown,BY2,unknown,LIT,FILE_START,unknown,unknown,NONE,<CODE_ROOT>/docs/paper_rebuild/hext/HX02/EXTERNAL_FIVE_CATEGORY_TABLE.csv,CSV:data_row=25,"{""category"":""dual_antenna_ambiguity_heading"",""method_id"":""EXT03"",""config"":""LIT"",""sequence"":""BY2"",""start_mode"":""FILE_START"",""output_type"":""heading_only"",""metric"":""availability"",""value"":""0.3948905109489051"",""denominator_or_valid_epochs"":""541/1370"",""failure_flag"":""NONE"",""source"":""$HX02/RUNS/BY2__EXT03__LIT__C00__NA; OUTPUT_HASHES.json sha256=a0624e19ff48753b4856c1c012dd28c5be451b2b53d348f8560b5003dd1d76d4; RUNS/BY2__EXT03__LIT__C00__NA/eval/HEADING/OUTPUT/HEADING_METRICS.json sha256=74e8326f592d861b4578b94496cde0b7eb8343c69aee5dc0ecfb79c3912905c3"",""notes"":""method-native valid epochs / native paired epochs in window""}",[],[],[],FULL_RECORD_READ,PRESENT_READ,,,First-delivery subset. Source values preserved; path aliases only. No payload-body read.
HX02-e0c1d2179c07c45722ac,HX02,CSV_ROW,EXT03,unknown,unknown,BY2,unknown,LIT,FILE_START,unknown,unknown,NONE,<CODE_ROOT>/docs/paper_rebuild/hext/HX02/EXTERNAL_FIVE_CATEGORY_TABLE.csv,CSV:data_row=26,"{""category"":""dual_antenna_ambiguity_heading"",""method_id"":""EXT03"",""config"":""LIT"",""sequence"":""BY2"",""start_mode"":""FILE_START"",""output_type"":""heading_only"",""metric"":""valid_rmse_deg"",""value"":""84.34382296702495"",""denominator_or_valid_epochs"":""scored=541/valid=541/denominator=1370"",""failure_flag"":""NONE"",""source"":""$HX02/RUNS/BY2__EXT03__LIT__C00__NA; OUTPUT_HASHES.json sha256=a0624e19ff48753b4856c1c012dd28c5be451b2b53d348f8560b5003dd1d76d4; RUNS/BY2__EXT03__LIT__C00__NA/eval/HEADING/OUTPUT/HEADING_METRICS.json sha256=74e8326f592d861b4578b94496cde0b7eb8343c69aee5dc0ecfb79c3912905c3"",""notes"":""wrap-safe error on valid epochs""}",[],[],[],FULL_RECORD_READ,PRESENT_READ,,,First-delivery subset. Source values preserved; path aliases only. No payload-body read.
HX02-65221e97c5f26d4dc499,HX02,CSV_ROW,EXT03,unknown,unknown,BY2,unknown,LIT,FILE_START,unknown,unknown,NONE,<CODE_ROOT>/docs/paper_rebuild/hext/HX02/EXTERNAL_FIVE_CATEGORY_TABLE.csv,CSV:data_row=27,"{""category"":""dual_antenna_ambiguity_heading"",""method_id"":""EXT03"",""config"":""LIT"",""sequence"":""BY2"",""start_mode"":""FILE_START"",""output_type"":""heading_only"",""metric"":""valid_max_abs_deg"",""value"":""179.35445839421317"",""denominator_or_valid_epochs"":""scored=541/valid=541/denominator=1370"",""failure_flag"":""NONE"",""source"":""$HX02/RUNS/BY2__EXT03__LIT__C00__NA; OUTPUT_HASHES.json sha256=a0624e19ff48753b4856c1c012dd28c5be451b2b53d348f8560b5003dd1d76d4; RUNS/BY2__EXT03__LIT__C00__NA/eval/HEADING/OUTPUT/HEADING_METRICS.json sha256=74e8326f592d861b4578b94496cde0b7eb8343c69aee5dc0ecfb79c3912905c3"",""notes"":""""}",[],[],[],FULL_RECORD_READ,PRESENT_READ,,,First-delivery subset. Source values preserved; path aliases only. No payload-body read.
HX02-063ed6cb4519a193fdae,HX02,CSV_ROW,EXT03,unknown,unknown,BY2,unknown,LIT,FILE_START,unknown,unknown,NONE,<CODE_ROOT>/docs/paper_rebuild/hext/HX02/EXTERNAL_FIVE_CATEGORY_TABLE.csv,CSV:data_row=28,"{""category"":""dual_antenna_ambiguity_heading"",""method_id"":""EXT03"",""config"":""LIT"",""sequence"":""BY2"",""start_mode"":""FILE_START"",""output_type"":""heading_only"",""metric"":""valid_p95_abs_deg"",""value"":""168.288190448887"",""denominator_or_valid_epochs"":""scored=541/valid=541/denominator=1370"",""failure_flag"":""NONE"",""source"":""$HX02/RUNS/BY2__EXT03__LIT__C00__NA; OUTPUT_HASHES.json sha256=a0624e19ff48753b4856c1c012dd28c5be451b2b53d348f8560b5003dd1d76d4; RUNS/BY2__EXT03__LIT__C00__NA/eval/HEADING/OUTPUT/HEADING_METRICS.json sha256=74e8326f592d861b4578b94496cde0b7eb8343c69aee5dc0ecfb79c3912905c3"",""notes"":""""}",[],[],[],FULL_RECORD_READ,PRESENT_READ,,,First-delivery subset. Source values preserved; path aliases only. No payload-body read.
HX02-558eaec5ea2dcfbfe12b,HX02,CSV_ROW,EXT03,unknown,unknown,BY2,unknown,LIT,FILE_START,unknown,unknown,NONE,<CODE_ROOT>/docs/paper_rebuild/hext/HX02/EXTERNAL_FIVE_CATEGORY_TABLE.csv,CSV:data_row=29,"{""category"":""dual_antenna_ambiguity_heading"",""method_id"":""EXT03"",""config"":""LIT"",""sequence"":""BY2"",""start_mode"":""FILE_START"",""output_type"":""heading_only"",""metric"":""valid_circular_bias_deg"",""value"":""-16.511340309238676"",""denominator_or_valid_epochs"":""scored=541/valid=541/denominator=1370"",""failure_flag"":""NONE"",""source"":""$HX02/RUNS/BY2__EXT03__LIT__C00__NA; OUTPUT_HASHES.json sha256=a0624e19ff48753b4856c1c012dd28c5be451b2b53d348f8560b5003dd1d76d4; RUNS/BY2__EXT03__LIT__C00__NA/eval/HEADING/OUTPUT/HEADING_METRICS.json sha256=74e8326f592d861b4578b94496cde0b7eb8343c69aee5dc0ecfb79c3912905c3"",""notes"":""circular mean of the wrap-safe error""}",[],[],[],FULL_RECORD_READ,PRESENT_READ,,,First-delivery subset. Source values preserved; path aliases only. No payload-body read.
HX02-ea4a2e3f0b70a1b82490,HX02,CSV_ROW,EXT03,unknown,unknown,BY2,unknown,LIT,FILE_START,unknown,unknown,NONE,<CODE_ROOT>/docs/paper_rebuild/hext/HX02/EXTERNAL_FIVE_CATEGORY_TABLE.csv,CSV:data_row=30,"{""category"":""dual_antenna_ambiguity_heading"",""method_id"":""EXT03"",""config"":""LIT"",""sequence"":""BY2"",""start_mode"":""FILE_START"",""output_type"":""heading_only"",""metric"":""hold_rmse_deg"",""value"":""92.49588894302687"",""denominator_or_valid_epochs"":""scored=1370/held=1370/denominator=1370"",""failure_flag"":""NONE"",""source"":""$HX02/RUNS/BY2__EXT03__LIT__C00__NA; OUTPUT_HASHES.json sha256=a0624e19ff48753b4856c1c012dd28c5be451b2b53d348f8560b5003dd1d76d4; RUNS/BY2__EXT03__LIT__C00__NA/eval/HEADING/OUTPUT/HEADING_METRICS.json sha256=74e8326f592d861b4578b94496cde0b7eb8343c69aee5dc0ecfb79c3912905c3"",""notes"":""hold last valid over the window; no_heading_epochs_before_first_valid=0 (not scored as zero)""}",[],[],[],FULL_RECORD_READ,PRESENT_READ,,,First-delivery subset. Source values preserved; path aliases only. No payload-body read.
HX02-a81fff7e7f9c9c0be020,HX02,CSV_ROW,EXT03,unknown,unknown,BY2,unknown,LIT,FILE_START,unknown,unknown,NONE,<CODE_ROOT>/docs/paper_rebuild/hext/HX02/EXTERNAL_FIVE_CATEGORY_TABLE.csv,CSV:data_row=31,"{""category"":""dual_antenna_ambiguity_heading"",""method_id"":""EXT03"",""config"":""LIT"",""sequence"":""BY2"",""start_mode"":""FILE_START"",""output_type"":""heading_only"",""metric"":""hold_max_abs_deg"",""value"":""179.605235525056"",""denominator_or_valid_epochs"":""scored=1370/held=1370/denominator=1370"",""failure_flag"":""NONE"",""source"":""$HX02/RUNS/BY2__EXT03__LIT__C00__NA; OUTPUT_HASHES.json sha256=a0624e19ff48753b4856c1c012dd28c5be451b2b53d348f8560b5003dd1d76d4; RUNS/BY2__EXT03__LIT__C00__NA/eval/HEADING/OUTPUT/HEADING_METRICS.json sha256=74e8326f592d861b4578b94496cde0b7eb8343c69aee5dc0ecfb79c3912905c3"",""notes"":""""}",[],[],[],FULL_RECORD_READ,PRESENT_READ,,,First-delivery subset. Source values preserved; path aliases only. No payload-body read.
HX02-69167b19915829117403,HX02,CSV_ROW,EXT03,unknown,unknown,BY2,unknown,LIT,FILE_START,unknown,unknown,NONE,<CODE_ROOT>/docs/paper_rebuild/hext/HX02/EXTERNAL_FIVE_CATEGORY_TABLE.csv,CSV:data_row=32,"{""category"":""dual_antenna_ambiguity_heading"",""method_id"":""EXT03"",""config"":""LIT"",""sequence"":""BY2"",""start_mode"":""FILE_START"",""output_type"":""heading_only"",""metric"":""hold_p95_abs_deg"",""value"":""169.94018575191603"",""denominator_or_valid_epochs"":""scored=1370/held=1370/denominator=1370"",""failure_flag"":""NONE"",""source"":""$HX02/RUNS/BY2__EXT03__LIT__C00__NA; OUTPUT_HASHES.json sha256=a0624e19ff48753b4856c1c012dd28c5be451b2b53d348f8560b5003dd1d76d4; RUNS/BY2__EXT03__LIT__C00__NA/eval/HEADING/OUTPUT/HEADING_METRICS.json sha256=74e8326f592d861b4578b94496cde0b7eb8343c69aee5dc0ecfb79c3912905c3"",""notes"":""""}",[],[],[],FULL_RECORD_READ,PRESENT_READ,,,First-delivery subset. Source values preserved; path aliases only. No payload-body read.
HX02-00b3c6c63c9c3e18056a,HX02,CSV_ROW,EXT03,unknown,unknown,BY2,unknown,LIT,FILE_START,unknown,unknown,NONE,<CODE_ROOT>/docs/paper_rebuild/hext/HX02/EXTERNAL_FIVE_CATEGORY_TABLE.csv,CSV:data_row=33,"{""category"":""dual_antenna_ambiguity_heading"",""method_id"":""EXT03"",""config"":""LIT"",""sequence"":""BY2"",""start_mode"":""FILE_START"",""output_type"":""heading_only"",""metric"":""no_heading_epochs_before_first_valid"",""value"":""0"",""denominator_or_valid_epochs"":""of 1370"",""failure_flag"":""NONE"",""source"":""$HX02/RUNS/BY2__EXT03__LIT__C00__NA; OUTPUT_HASHES.json sha256=a0624e19ff48753b4856c1c012dd28c5be451b2b53d348f8560b5003dd1d76d4; RUNS/BY2__EXT03__LIT__C00__NA/eval/HEADING/OUTPUT/HEADING_METRICS.json sha256=74e8326f592d861b4578b94496cde0b7eb8343c69aee5dc0ecfb79c3912905c3"",""notes"":""""}",[],[],[],FULL_RECORD_READ,PRESENT_READ,,,First-delivery subset. Source values preserved; path aliases only. No payload-body read.
HX02-36ac59f6c64f606f9072,HX02,CSV_ROW,EXT03,unknown,unknown,BY2,unknown,LIT,FILE_START,unknown,unknown,NONE,<CODE_ROOT>/docs/paper_rebuild/hext/HX02/EXTERNAL_FIVE_CATEGORY_TABLE.csv,CSV:data_row=34,"{""category"":""dual_antenna_ambiguity_heading"",""method_id"":""EXT03"",""config"":""LIT"",""sequence"":""BY2"",""start_mode"":""FILE_START"",""output_type"":""heading_only"",""metric"":""valid_segment_count"",""value"":""31"",""denominator_or_valid_epochs"":""valid=541"",""failure_flag"":""NONE"",""source"":""$HX02/RUNS/BY2__EXT03__LIT__C00__NA; OUTPUT_HASHES.json sha256=a0624e19ff48753b4856c1c012dd28c5be451b2b53d348f8560b5003dd1d76d4; RUNS/BY2__EXT03__LIT__C00__NA/eval/HEADING/OUTPUT/HEADING_METRICS.json sha256=74e8326f592d861b4578b94496cde0b7eb8343c69aee5dc0ecfb79c3912905c3"",""notes"":""segments split when accepted original epoch indices are nonconsecutive""}",[],[],[],FULL_RECORD_READ,PRESENT_READ,,,First-delivery subset. Source values preserved; path aliases only. No payload-body read.
HX02-f077cf3dfb11db488883,HX02,CSV_ROW,EXT03,unknown,unknown,BY2,unknown,LIT,FILE_START,unknown,unknown,NONE,<CODE_ROOT>/docs/paper_rebuild/hext/HX02/EXTERNAL_FIVE_CATEGORY_TABLE.csv,CSV:data_row=35,"{""category"":""dual_antenna_ambiguity_heading"",""method_id"":""EXT03"",""config"":""LIT"",""sequence"":""BY2"",""start_mode"":""FILE_START"",""output_type"":""heading_only"",""metric"":""valid_max_gap_s"",""value"":""38.39999985694885"",""denominator_or_valid_epochs"":""valid=541"",""failure_flag"":""NONE"",""source"":""$HX02/RUNS/BY2__EXT03__LIT__C00__NA; OUTPUT_HASHES.json sha256=a0624e19ff48753b4856c1c012dd28c5be451b2b53d348f8560b5003dd1d76d4; RUNS/BY2__EXT03__LIT__C00__NA/eval/HEADING/OUTPUT/HEADING_METRICS.json sha256=74e8326f592d861b4578b94496cde0b7eb8343c69aee5dc0ecfb79c3912905c3"",""notes"":""""}",[],[],[],FULL_RECORD_READ,PRESENT_READ,,,First-delivery subset. Source values preserved; path aliases only. No payload-body read.
HX02-2d0517f20cee089d590b,HX02,CSV_ROW,EXT03,unknown,unknown,BY2,unknown,LIT,FILE_START,unknown,unknown,NONE,<CODE_ROOT>/docs/paper_rebuild/hext/HX02/EXTERNAL_FIVE_CATEGORY_TABLE.csv,CSV:data_row=36,"{""category"":""dual_antenna_ambiguity_heading"",""method_id"":""EXT03"",""config"":""LIT"",""sequence"":""BY2"",""start_mode"":""FILE_START"",""output_type"":""heading_only"",""metric"":""ratio_fixed_rate"",""value"":""0.07664233576642336"",""denominator_or_valid_epochs"":""105/1370"",""failure_flag"":""NONE"",""source"":""$HX02/RUNS/BY2__EXT03__LIT__C00__NA; OUTPUT_HASHES.json sha256=a0624e19ff48753b4856c1c012dd28c5be451b2b53d348f8560b5003dd1d76d4; RUNS/BY2__EXT03__LIT__C00__NA/eval/HEADING/OUTPUT/HEADING_METRICS.json sha256=74e8326f592d861b4578b94496cde0b7eb8343c69aee5dc0ecfb79c3912905c3"",""notes"":""paper ratio test passed""}",[],[],[],FULL_RECORD_READ,PRESENT_READ,,,First-delivery subset. Source values preserved; path aliases only. No payload-body read.
HX02-34814d725555e833ab13,HX02,CSV_ROW,EXT03,unknown,unknown,BY2,unknown,LIT,FILE_START,unknown,unknown,NONE,<CODE_ROOT>/docs/paper_rebuild/hext/HX02/EXTERNAL_FIVE_CATEGORY_TABLE.csv,CSV:data_row=37,"{""category"":""dual_antenna_ambiguity_heading"",""method_id"":""EXT03"",""config"":""LIT"",""sequence"":""BY2"",""start_mode"":""FILE_START"",""output_type"":""heading_only"",""metric"":""ratio_fixed_rmse_deg"",""value"":""40.63084624232342"",""denominator_or_valid_epochs"":""scored=105"",""failure_flag"":""NONE"",""source"":""$HX02/RUNS/BY2__EXT03__LIT__C00__NA; OUTPUT_HASHES.json sha256=a0624e19ff48753b4856c1c012dd28c5be451b2b53d348f8560b5003dd1d76d4; RUNS/BY2__EXT03__LIT__C00__NA/eval/HEADING/OUTPUT/HEADING_METRICS.json sha256=74e8326f592d861b4578b94496cde0b7eb8343c69aee5dc0ecfb79c3912905c3"",""notes"":""""}",[],[],[],FULL_RECORD_READ,PRESENT_READ,,,First-delivery subset. Source values preserved; path aliases only. No payload-body read.
HX02-37df5fe0a8876686edd9,HX02,CSV_ROW,EXT03,unknown,unknown,BY2,unknown,LIT,FILE_START,unknown,unknown,NONE,<CODE_ROOT>/docs/paper_rebuild/hext/HX02/EXTERNAL_FIVE_CATEGORY_TABLE.csv,CSV:data_row=38,"{""category"":""dual_antenna_ambiguity_heading"",""method_id"":""EXT03"",""config"":""LIT"",""sequence"":""BY2"",""start_mode"":""FILE_START"",""output_type"":""heading_only"",""metric"":""convention_median_deg"",""value"":""-16.71663920575645"",""denominator_or_valid_epochs"":""compared=609"",""failure_flag"":""NONE"",""source"":""$HX02/RUNS/BY2__EXT03__LIT__C00__NA; OUTPUT_HASHES.json sha256=a0624e19ff48753b4856c1c012dd28c5be451b2b53d348f8560b5003dd1d76d4; RUNS/BY2__EXT03__LIT__C00__NA/eval/HEADING/OUTPUT/HEADING_METRICS.json sha256=74e8326f592d861b4578b94496cde0b7eb8343c69aee5dc0ecfb79c3912905c3"",""notes"":""method body yaw minus dual-fixed HPPOSECEF baseline body yaw; fractions={\""within_20_of_0\"": 0.2561576354679803, \""within_20_of_180\"": 0.12807881773399016, \""within_20_of_plus_minus_90\"": 0.029556650246305417}; status=PASS""}",[],[],[],FULL_RECORD_READ,PRESENT_READ,,,First-delivery subset. Source values preserved; path aliases only. No payload-body read.
HX02-a1d33d383b266cd224f9,HX02,CSV_ROW,EXT04_FAR,unknown,unknown,BY2,unknown,LIT,FILE_START,unknown,unknown,NONE,<CODE_ROOT>/docs/paper_rebuild/hext/HX02/EXTERNAL_FIVE_CATEGORY_TABLE.csv,CSV:data_row=39,"{""category"":""dual_antenna_ambiguity_heading"",""method_id"":""EXT04_FAR"",""config"":""LIT"",""sequence"":""BY2"",""start_mode"":""FILE_START"",""output_type"":""heading_only"",""metric"":""availability"",""value"":""0.0"",""denominator_or_valid_epochs"":""0/1370"",""failure_flag"":""NONE"",""source"":""$HX02/RUNS/BY2__EXT04__LIT__C00__NA; OUTPUT_HASHES.json sha256=ffc392f39c10d2684a8ac023540e6f088ae3f9fec519aaf27e18c9dae641ef8f; RUNS/BY2__EXT04__LIT__C00__NA/eval/HEADING/OUTPUT/HEADING_METRICS.json sha256=2e0ac070fbe1d0d590847c03896649ed935be25a1cee3aa9782fde30ba16dd33"",""notes"":""method-native valid epochs / native paired epochs in window""}",[],[],[],FULL_RECORD_READ,PRESENT_READ,,,First-delivery subset. Source values preserved; path aliases only. No payload-body read.
HX02-467c85d97358008ae785,HX02,CSV_ROW,EXT04_FAR,unknown,unknown,BY2,unknown,LIT,FILE_START,unknown,unknown,NONE,<CODE_ROOT>/docs/paper_rebuild/hext/HX02/EXTERNAL_FIVE_CATEGORY_TABLE.csv,CSV:data_row=40,"{""category"":""dual_antenna_ambiguity_heading"",""method_id"":""EXT04_FAR"",""config"":""LIT"",""sequence"":""BY2"",""start_mode"":""FILE_START"",""output_type"":""heading_only"",""metric"":""valid_rmse_deg"",""value"":""UNAVAILABLE"",""denominator_or_valid_epochs"":""scored=0/valid=0/denominator=1370"",""failure_flag"":""NONE"",""source"":""$HX02/RUNS/BY2__EXT04__LIT__C00__NA; OUTPUT_HASHES.json sha256=ffc392f39c10d2684a8ac023540e6f088ae3f9fec519aaf27e18c9dae641ef8f; RUNS/BY2__EXT04__LIT__C00__NA/eval/HEADING/OUTPUT/HEADING_METRICS.json sha256=2e0ac070fbe1d0d590847c03896649ed935be25a1cee3aa9782fde30ba16dd33"",""notes"":""wrap-safe error on valid epochs""}",[],[],[],FULL_RECORD_READ,PRESENT_READ,,,First-delivery subset. Source values preserved; path aliases only. No payload-body read.
HX02-e6e63b29fcf148717510,HX02,CSV_ROW,EXT04_FAR,unknown,unknown,BY2,unknown,LIT,FILE_START,unknown,unknown,NONE,<CODE_ROOT>/docs/paper_rebuild/hext/HX02/EXTERNAL_FIVE_CATEGORY_TABLE.csv,CSV:data_row=41,"{""category"":""dual_antenna_ambiguity_heading"",""method_id"":""EXT04_FAR"",""config"":""LIT"",""sequence"":""BY2"",""start_mode"":""FILE_START"",""output_type"":""heading_only"",""metric"":""valid_max_abs_deg"",""value"":""UNAVAILABLE"",""denominator_or_valid_epochs"":""scored=0/valid=0/denominator=1370"",""failure_flag"":""NONE"",""source"":""$HX02/RUNS/BY2__EXT04__LIT__C00__NA; OUTPUT_HASHES.json sha256=ffc392f39c10d2684a8ac023540e6f088ae3f9fec519aaf27e18c9dae641ef8f; RUNS/BY2__EXT04__LIT__C00__NA/eval/HEADING/OUTPUT/HEADING_METRICS.json sha256=2e0ac070fbe1d0d590847c03896649ed935be25a1cee3aa9782fde30ba16dd33"",""notes"":""""}",[],[],[],FULL_RECORD_READ,PRESENT_READ,,,First-delivery subset. Source values preserved; path aliases only. No payload-body read.
HX02-9d9939e1a44920525842,HX02,CSV_ROW,EXT04_FAR,unknown,unknown,BY2,unknown,LIT,FILE_START,unknown,unknown,NONE,<CODE_ROOT>/docs/paper_rebuild/hext/HX02/EXTERNAL_FIVE_CATEGORY_TABLE.csv,CSV:data_row=42,"{""category"":""dual_antenna_ambiguity_heading"",""method_id"":""EXT04_FAR"",""config"":""LIT"",""sequence"":""BY2"",""start_mode"":""FILE_START"",""output_type"":""heading_only"",""metric"":""valid_p95_abs_deg"",""value"":""UNAVAILABLE"",""denominator_or_valid_epochs"":""scored=0/valid=0/denominator=1370"",""failure_flag"":""NONE"",""source"":""$HX02/RUNS/BY2__EXT04__LIT__C00__NA; OUTPUT_HASHES.json sha256=ffc392f39c10d2684a8ac023540e6f088ae3f9fec519aaf27e18c9dae641ef8f; RUNS/BY2__EXT04__LIT__C00__NA/eval/HEADING/OUTPUT/HEADING_METRICS.json sha256=2e0ac070fbe1d0d590847c03896649ed935be25a1cee3aa9782fde30ba16dd33"",""notes"":""""}",[],[],[],FULL_RECORD_READ,PRESENT_READ,,,First-delivery subset. Source values preserved; path aliases only. No payload-body read.
HX02-34a12b933c6098522675,HX02,CSV_ROW,EXT04_FAR,unknown,unknown,BY2,unknown,LIT,FILE_START,unknown,unknown,NONE,<CODE_ROOT>/docs/paper_rebuild/hext/HX02/EXTERNAL_FIVE_CATEGORY_TABLE.csv,CSV:data_row=43,"{""category"":""dual_antenna_ambiguity_heading"",""method_id"":""EXT04_FAR"",""config"":""LIT"",""sequence"":""BY2"",""start_mode"":""FILE_START"",""output_type"":""heading_only"",""metric"":""valid_circular_bias_deg"",""value"":""UNAVAILABLE"",""denominator_or_valid_epochs"":""scored=0/valid=0/denominator=1370"",""failure_flag"":""NONE"",""source"":""$HX02/RUNS/BY2__EXT04__LIT__C00__NA; OUTPUT_HASHES.json sha256=ffc392f39c10d2684a8ac023540e6f088ae3f9fec519aaf27e18c9dae641ef8f; RUNS/BY2__EXT04__LIT__C00__NA/eval/HEADING/OUTPUT/HEADING_METRICS.json sha256=2e0ac070fbe1d0d590847c03896649ed935be25a1cee3aa9782fde30ba16dd33"",""notes"":""circular mean of the wrap-safe error""}",[],[],[],FULL_RECORD_READ,PRESENT_READ,,,First-delivery subset. Source values preserved; path aliases only. No payload-body read.
HX02-a2e607b87dd62eb99d9e,HX02,CSV_ROW,EXT04_FAR,unknown,unknown,BY2,unknown,LIT,FILE_START,unknown,unknown,NONE,<CODE_ROOT>/docs/paper_rebuild/hext/HX02/EXTERNAL_FIVE_CATEGORY_TABLE.csv,CSV:data_row=44,"{""category"":""dual_antenna_ambiguity_heading"",""method_id"":""EXT04_FAR"",""config"":""LIT"",""sequence"":""BY2"",""start_mode"":""FILE_START"",""output_type"":""heading_only"",""metric"":""hold_rmse_deg"",""value"":""UNAVAILABLE"",""denominator_or_valid_epochs"":""scored=0/held=0/denominator=1370"",""failure_flag"":""NONE"",""source"":""$HX02/RUNS/BY2__EXT04__LIT__C00__NA; OUTPUT_HASHES.json sha256=ffc392f39c10d2684a8ac023540e6f088ae3f9fec519aaf27e18c9dae641ef8f; RUNS/BY2__EXT04__LIT__C00__NA/eval/HEADING/OUTPUT/HEADING_METRICS.json sha256=2e0ac070fbe1d0d590847c03896649ed935be25a1cee3aa9782fde30ba16dd33"",""notes"":""hold last valid over the window; no_heading_epochs_before_first_valid=1370 (not scored as zero)""}",[],[],[],FULL_RECORD_READ,PRESENT_READ,,,First-delivery subset. Source values preserved; path aliases only. No payload-body read.
HX02-dff2f44febd94162d7de,HX02,CSV_ROW,EXT04_FAR,unknown,unknown,BY2,unknown,LIT,FILE_START,unknown,unknown,NONE,<CODE_ROOT>/docs/paper_rebuild/hext/HX02/EXTERNAL_FIVE_CATEGORY_TABLE.csv,CSV:data_row=45,"{""category"":""dual_antenna_ambiguity_heading"",""method_id"":""EXT04_FAR"",""config"":""LIT"",""sequence"":""BY2"",""start_mode"":""FILE_START"",""output_type"":""heading_only"",""metric"":""hold_max_abs_deg"",""value"":""UNAVAILABLE"",""denominator_or_valid_epochs"":""scored=0/held=0/denominator=1370"",""failure_flag"":""NONE"",""source"":""$HX02/RUNS/BY2__EXT04__LIT__C00__NA; OUTPUT_HASHES.json sha256=ffc392f39c10d2684a8ac023540e6f088ae3f9fec519aaf27e18c9dae641ef8f; RUNS/BY2__EXT04__LIT__C00__NA/eval/HEADING/OUTPUT/HEADING_METRICS.json sha256=2e0ac070fbe1d0d590847c03896649ed935be25a1cee3aa9782fde30ba16dd33"",""notes"":""""}",[],[],[],FULL_RECORD_READ,PRESENT_READ,,,First-delivery subset. Source values preserved; path aliases only. No payload-body read.
HX02-021b7ef64de1e7dfdd40,HX02,CSV_ROW,EXT04_FAR,unknown,unknown,BY2,unknown,LIT,FILE_START,unknown,unknown,NONE,<CODE_ROOT>/docs/paper_rebuild/hext/HX02/EXTERNAL_FIVE_CATEGORY_TABLE.csv,CSV:data_row=46,"{""category"":""dual_antenna_ambiguity_heading"",""method_id"":""EXT04_FAR"",""config"":""LIT"",""sequence"":""BY2"",""start_mode"":""FILE_START"",""output_type"":""heading_only"",""metric"":""hold_p95_abs_deg"",""value"":""UNAVAILABLE"",""denominator_or_valid_epochs"":""scored=0/held=0/denominator=1370"",""failure_flag"":""NONE"",""source"":""$HX02/RUNS/BY2__EXT04__LIT__C00__NA; OUTPUT_HASHES.json sha256=ffc392f39c10d2684a8ac023540e6f088ae3f9fec519aaf27e18c9dae641ef8f; RUNS/BY2__EXT04__LIT__C00__NA/eval/HEADING/OUTPUT/HEADING_METRICS.json sha256=2e0ac070fbe1d0d590847c03896649ed935be25a1cee3aa9782fde30ba16dd33"",""notes"":""""}",[],[],[],FULL_RECORD_READ,PRESENT_READ,,,First-delivery subset. Source values preserved; path aliases only. No payload-body read.
HX02-b021089892aa5d7254c3,HX02,CSV_ROW,EXT04_FAR,unknown,unknown,BY2,unknown,LIT,FILE_START,unknown,unknown,NONE,<CODE_ROOT>/docs/paper_rebuild/hext/HX02/EXTERNAL_FIVE_CATEGORY_TABLE.csv,CSV:data_row=47,"{""category"":""dual_antenna_ambiguity_heading"",""method_id"":""EXT04_FAR"",""config"":""LIT"",""sequence"":""BY2"",""start_mode"":""FILE_START"",""output_type"":""heading_only"",""metric"":""no_heading_epochs_before_first_valid"",""value"":""1370"",""denominator_or_valid_epochs"":""of 1370"",""failure_flag"":""NONE"",""source"":""$HX02/RUNS/BY2__EXT04__LIT__C00__NA; OUTPUT_HASHES.json sha256=ffc392f39c10d2684a8ac023540e6f088ae3f9fec519aaf27e18c9dae641ef8f; RUNS/BY2__EXT04__LIT__C00__NA/eval/HEADING/OUTPUT/HEADING_METRICS.json sha256=2e0ac070fbe1d0d590847c03896649ed935be25a1cee3aa9782fde30ba16dd33"",""notes"":""""}",[],[],[],FULL_RECORD_READ,PRESENT_READ,,,First-delivery subset. Source values preserved; path aliases only. No payload-body read.
HX02-9000b050fddf5f8bb02e,HX02,CSV_ROW,EXT04_FAR,unknown,unknown,BY2,unknown,LIT,FILE_START,unknown,unknown,NONE,<CODE_ROOT>/docs/paper_rebuild/hext/HX02/EXTERNAL_FIVE_CATEGORY_TABLE.csv,CSV:data_row=48,"{""category"":""dual_antenna_ambiguity_heading"",""method_id"":""EXT04_FAR"",""config"":""LIT"",""sequence"":""BY2"",""start_mode"":""FILE_START"",""output_type"":""heading_only"",""metric"":""valid_segment_count"",""value"":""0"",""denominator_or_valid_epochs"":""valid=0"",""failure_flag"":""NONE"",""source"":""$HX02/RUNS/BY2__EXT04__LIT__C00__NA; OUTPUT_HASHES.json sha256=ffc392f39c10d2684a8ac023540e6f088ae3f9fec519aaf27e18c9dae641ef8f; RUNS/BY2__EXT04__LIT__C00__NA/eval/HEADING/OUTPUT/HEADING_METRICS.json sha256=2e0ac070fbe1d0d590847c03896649ed935be25a1cee3aa9782fde30ba16dd33"",""notes"":""segments split when accepted original epoch indices are nonconsecutive""}",[],[],[],FULL_RECORD_READ,PRESENT_READ,,,First-delivery subset. Source values preserved; path aliases only. No payload-body read.
HX02-d78117bde78c3cb7a7dd,HX02,CSV_ROW,EXT04_FAR,unknown,unknown,BY2,unknown,LIT,FILE_START,unknown,unknown,NONE,<CODE_ROOT>/docs/paper_rebuild/hext/HX02/EXTERNAL_FIVE_CATEGORY_TABLE.csv,CSV:data_row=49,"{""category"":""dual_antenna_ambiguity_heading"",""method_id"":""EXT04_FAR"",""config"":""LIT"",""sequence"":""BY2"",""start_mode"":""FILE_START"",""output_type"":""heading_only"",""metric"":""valid_max_gap_s"",""value"":""UNAVAILABLE"",""denominator_or_valid_epochs"":""valid=0"",""failure_flag"":""NONE"",""source"":""$HX02/RUNS/BY2__EXT04__LIT__C00__NA; OUTPUT_HASHES.json sha256=ffc392f39c10d2684a8ac023540e6f088ae3f9fec519aaf27e18c9dae641ef8f; RUNS/BY2__EXT04__LIT__C00__NA/eval/HEADING/OUTPUT/HEADING_METRICS.json sha256=2e0ac070fbe1d0d590847c03896649ed935be25a1cee3aa9782fde30ba16dd33"",""notes"":""""}",[],[],[],FULL_RECORD_READ,PRESENT_READ,,,First-delivery subset. Source values preserved; path aliases only. No payload-body read.
HX02-6b6f7b9f951b87e790f9,HX02,CSV_ROW,EXT04_FAR,unknown,unknown,BY2,unknown,LIT,FILE_START,unknown,unknown,NONE,<CODE_ROOT>/docs/paper_rebuild/hext/HX02/EXTERNAL_FIVE_CATEGORY_TABLE.csv,CSV:data_row=50,"{""category"":""dual_antenna_ambiguity_heading"",""method_id"":""EXT04_FAR"",""config"":""LIT"",""sequence"":""BY2"",""start_mode"":""FILE_START"",""output_type"":""heading_only"",""metric"":""convention_median_deg"",""value"":""UNAVAILABLE"",""denominator_or_valid_epochs"":""compared=0"",""failure_flag"":""NONE"",""source"":""$HX02/RUNS/BY2__EXT04__LIT__C00__NA; OUTPUT_HASHES.json sha256=ffc392f39c10d2684a8ac023540e6f088ae3f9fec519aaf27e18c9dae641ef8f; RUNS/BY2__EXT04__LIT__C00__NA/eval/HEADING/OUTPUT/HEADING_METRICS.json sha256=2e0ac070fbe1d0d590847c03896649ed935be25a1cee3aa9782fde30ba16dd33"",""notes"":""method body yaw minus dual-fixed HPPOSECEF baseline body yaw; fractions=null; status=UNAVAILABLE_NO_METHOD_VALID_DUAL_FIXED_EPOCH""}",[],[],[],FULL_RECORD_READ,PRESENT_READ,,,First-delivery subset. Source values preserved; path aliases only. No payload-body read.
HX02-71047339f335f80417e7,HX02,CSV_ROW,EXT04_PAR,unknown,unknown,BY2,unknown,LIT,FILE_START,unknown,unknown,NONE,<CODE_ROOT>/docs/paper_rebuild/hext/HX02/EXTERNAL_FIVE_CATEGORY_TABLE.csv,CSV:data_row=51,"{""category"":""dual_antenna_ambiguity_heading"",""method_id"":""EXT04_PAR"",""config"":""LIT"",""sequence"":""BY2"",""start_mode"":""FILE_START"",""output_type"":""heading_only"",""metric"":""availability"",""value"":""0.0"",""denominator_or_valid_epochs"":""0/1370"",""failure_flag"":""NONE"",""source"":""$HX02/RUNS/BY2__EXT04__LIT__C00__NA; OUTPUT_HASHES.json sha256=ffc392f39c10d2684a8ac023540e6f088ae3f9fec519aaf27e18c9dae641ef8f; RUNS/BY2__EXT04__LIT__C00__NA/eval/HEADING/OUTPUT/HEADING_METRICS.json sha256=2e0ac070fbe1d0d590847c03896649ed935be25a1cee3aa9782fde30ba16dd33"",""notes"":""method-native valid epochs / native paired epochs in window""}",[],[],[],FULL_RECORD_READ,PRESENT_READ,,,First-delivery subset. Source values preserved; path aliases only. No payload-body read.
HX02-0fcb0f5804fca784bddb,HX02,CSV_ROW,EXT04_PAR,unknown,unknown,BY2,unknown,LIT,FILE_START,unknown,unknown,NONE,<CODE_ROOT>/docs/paper_rebuild/hext/HX02/EXTERNAL_FIVE_CATEGORY_TABLE.csv,CSV:data_row=52,"{""category"":""dual_antenna_ambiguity_heading"",""method_id"":""EXT04_PAR"",""config"":""LIT"",""sequence"":""BY2"",""start_mode"":""FILE_START"",""output_type"":""heading_only"",""metric"":""valid_rmse_deg"",""value"":""UNAVAILABLE"",""denominator_or_valid_epochs"":""scored=0/valid=0/denominator=1370"",""failure_flag"":""NONE"",""source"":""$HX02/RUNS/BY2__EXT04__LIT__C00__NA; OUTPUT_HASHES.json sha256=ffc392f39c10d2684a8ac023540e6f088ae3f9fec519aaf27e18c9dae641ef8f; RUNS/BY2__EXT04__LIT__C00__NA/eval/HEADING/OUTPUT/HEADING_METRICS.json sha256=2e0ac070fbe1d0d590847c03896649ed935be25a1cee3aa9782fde30ba16dd33"",""notes"":""wrap-safe error on valid epochs""}",[],[],[],FULL_RECORD_READ,PRESENT_READ,,,First-delivery subset. Source values preserved; path aliases only. No payload-body read.
HX02-6bcd8234b66cc297534b,HX02,CSV_ROW,EXT04_PAR,unknown,unknown,BY2,unknown,LIT,FILE_START,unknown,unknown,NONE,<CODE_ROOT>/docs/paper_rebuild/hext/HX02/EXTERNAL_FIVE_CATEGORY_TABLE.csv,CSV:data_row=53,"{""category"":""dual_antenna_ambiguity_heading"",""method_id"":""EXT04_PAR"",""config"":""LIT"",""sequence"":""BY2"",""start_mode"":""FILE_START"",""output_type"":""heading_only"",""metric"":""valid_max_abs_deg"",""value"":""UNAVAILABLE"",""denominator_or_valid_epochs"":""scored=0/valid=0/denominator=1370"",""failure_flag"":""NONE"",""source"":""$HX02/RUNS/BY2__EXT04__LIT__C00__NA; OUTPUT_HASHES.json sha256=ffc392f39c10d2684a8ac023540e6f088ae3f9fec519aaf27e18c9dae641ef8f; RUNS/BY2__EXT04__LIT__C00__NA/eval/HEADING/OUTPUT/HEADING_METRICS.json sha256=2e0ac070fbe1d0d590847c03896649ed935be25a1cee3aa9782fde30ba16dd33"",""notes"":""""}",[],[],[],FULL_RECORD_READ,PRESENT_READ,,,First-delivery subset. Source values preserved; path aliases only. No payload-body read.
HX02-c83797016543aee67941,HX02,CSV_ROW,EXT04_PAR,unknown,unknown,BY2,unknown,LIT,FILE_START,unknown,unknown,NONE,<CODE_ROOT>/docs/paper_rebuild/hext/HX02/EXTERNAL_FIVE_CATEGORY_TABLE.csv,CSV:data_row=54,"{""category"":""dual_antenna_ambiguity_heading"",""method_id"":""EXT04_PAR"",""config"":""LIT"",""sequence"":""BY2"",""start_mode"":""FILE_START"",""output_type"":""heading_only"",""metric"":""valid_p95_abs_deg"",""value"":""UNAVAILABLE"",""denominator_or_valid_epochs"":""scored=0/valid=0/denominator=1370"",""failure_flag"":""NONE"",""source"":""$HX02/RUNS/BY2__EXT04__LIT__C00__NA; OUTPUT_HASHES.json sha256=ffc392f39c10d2684a8ac023540e6f088ae3f9fec519aaf27e18c9dae641ef8f; RUNS/BY2__EXT04__LIT__C00__NA/eval/HEADING/OUTPUT/HEADING_METRICS.json sha256=2e0ac070fbe1d0d590847c03896649ed935be25a1cee3aa9782fde30ba16dd33"",""notes"":""""}",[],[],[],FULL_RECORD_READ,PRESENT_READ,,,First-delivery subset. Source values preserved; path aliases only. No payload-body read.
HX02-c7f06700dcadf889d90e,HX02,CSV_ROW,EXT04_PAR,unknown,unknown,BY2,unknown,LIT,FILE_START,unknown,unknown,NONE,<CODE_ROOT>/docs/paper_rebuild/hext/HX02/EXTERNAL_FIVE_CATEGORY_TABLE.csv,CSV:data_row=55,"{""category"":""dual_antenna_ambiguity_heading"",""method_id"":""EXT04_PAR"",""config"":""LIT"",""sequence"":""BY2"",""start_mode"":""FILE_START"",""output_type"":""heading_only"",""metric"":""valid_circular_bias_deg"",""value"":""UNAVAILABLE"",""denominator_or_valid_epochs"":""scored=0/valid=0/denominator=1370"",""failure_flag"":""NONE"",""source"":""$HX02/RUNS/BY2__EXT04__LIT__C00__NA; OUTPUT_HASHES.json sha256=ffc392f39c10d2684a8ac023540e6f088ae3f9fec519aaf27e18c9dae641ef8f; RUNS/BY2__EXT04__LIT__C00__NA/eval/HEADING/OUTPUT/HEADING_METRICS.json sha256=2e0ac070fbe1d0d590847c03896649ed935be25a1cee3aa9782fde30ba16dd33"",""notes"":""circular mean of the wrap-safe error""}",[],[],[],FULL_RECORD_READ,PRESENT_READ,,,First-delivery subset. Source values preserved; path aliases only. No payload-body read.
HX02-f8ed885eff71c92b6925,HX02,CSV_ROW,EXT04_PAR,unknown,unknown,BY2,unknown,LIT,FILE_START,unknown,unknown,NONE,<CODE_ROOT>/docs/paper_rebuild/hext/HX02/EXTERNAL_FIVE_CATEGORY_TABLE.csv,CSV:data_row=56,"{""category"":""dual_antenna_ambiguity_heading"",""method_id"":""EXT04_PAR"",""config"":""LIT"",""sequence"":""BY2"",""start_mode"":""FILE_START"",""output_type"":""heading_only"",""metric"":""hold_rmse_deg"",""value"":""UNAVAILABLE"",""denominator_or_valid_epochs"":""scored=0/held=0/denominator=1370"",""failure_flag"":""NONE"",""source"":""$HX02/RUNS/BY2__EXT04__LIT__C00__NA; OUTPUT_HASHES.json sha256=ffc392f39c10d2684a8ac023540e6f088ae3f9fec519aaf27e18c9dae641ef8f; RUNS/BY2__EXT04__LIT__C00__NA/eval/HEADING/OUTPUT/HEADING_METRICS.json sha256=2e0ac070fbe1d0d590847c03896649ed935be25a1cee3aa9782fde30ba16dd33"",""notes"":""hold last valid over the window; no_heading_epochs_before_first_valid=1370 (not scored as zero)""}",[],[],[],FULL_RECORD_READ,PRESENT_READ,,,First-delivery subset. Source values preserved; path aliases only. No payload-body read.
HX02-839638ddc86320b79a95,HX02,CSV_ROW,EXT04_PAR,unknown,unknown,BY2,unknown,LIT,FILE_START,unknown,unknown,NONE,<CODE_ROOT>/docs/paper_rebuild/hext/HX02/EXTERNAL_FIVE_CATEGORY_TABLE.csv,CSV:data_row=57,"{""category"":""dual_antenna_ambiguity_heading"",""method_id"":""EXT04_PAR"",""config"":""LIT"",""sequence"":""BY2"",""start_mode"":""FILE_START"",""output_type"":""heading_only"",""metric"":""hold_max_abs_deg"",""value"":""UNAVAILABLE"",""denominator_or_valid_epochs"":""scored=0/held=0/denominator=1370"",""failure_flag"":""NONE"",""source"":""$HX02/RUNS/BY2__EXT04__LIT__C00__NA; OUTPUT_HASHES.json sha256=ffc392f39c10d2684a8ac023540e6f088ae3f9fec519aaf27e18c9dae641ef8f; RUNS/BY2__EXT04__LIT__C00__NA/eval/HEADING/OUTPUT/HEADING_METRICS.json sha256=2e0ac070fbe1d0d590847c03896649ed935be25a1cee3aa9782fde30ba16dd33"",""notes"":""""}",[],[],[],FULL_RECORD_READ,PRESENT_READ,,,First-delivery subset. Source values preserved; path aliases only. No payload-body read.
HX02-aec7dd93e40729aa923a,HX02,CSV_ROW,EXT04_PAR,unknown,unknown,BY2,unknown,LIT,FILE_START,unknown,unknown,NONE,<CODE_ROOT>/docs/paper_rebuild/hext/HX02/EXTERNAL_FIVE_CATEGORY_TABLE.csv,CSV:data_row=58,"{""category"":""dual_antenna_ambiguity_heading"",""method_id"":""EXT04_PAR"",""config"":""LIT"",""sequence"":""BY2"",""start_mode"":""FILE_START"",""output_type"":""heading_only"",""metric"":""hold_p95_abs_deg"",""value"":""UNAVAILABLE"",""denominator_or_valid_epochs"":""scored=0/held=0/denominator=1370"",""failure_flag"":""NONE"",""source"":""$HX02/RUNS/BY2__EXT04__LIT__C00__NA; OUTPUT_HASHES.json sha256=ffc392f39c10d2684a8ac023540e6f088ae3f9fec519aaf27e18c9dae641ef8f; RUNS/BY2__EXT04__LIT__C00__NA/eval/HEADING/OUTPUT/HEADING_METRICS.json sha256=2e0ac070fbe1d0d590847c03896649ed935be25a1cee3aa9782fde30ba16dd33"",""notes"":""""}",[],[],[],FULL_RECORD_READ,PRESENT_READ,,,First-delivery subset. Source values preserved; path aliases only. No payload-body read.
HX02-fd885b74756f65cb6801,HX02,CSV_ROW,EXT04_PAR,unknown,unknown,BY2,unknown,LIT,FILE_START,unknown,unknown,NONE,<CODE_ROOT>/docs/paper_rebuild/hext/HX02/EXTERNAL_FIVE_CATEGORY_TABLE.csv,CSV:data_row=59,"{""category"":""dual_antenna_ambiguity_heading"",""method_id"":""EXT04_PAR"",""config"":""LIT"",""sequence"":""BY2"",""start_mode"":""FILE_START"",""output_type"":""heading_only"",""metric"":""no_heading_epochs_before_first_valid"",""value"":""1370"",""denominator_or_valid_epochs"":""of 1370"",""failure_flag"":""NONE"",""source"":""$HX02/RUNS/BY2__EXT04__LIT__C00__NA; OUTPUT_HASHES.json sha256=ffc392f39c10d2684a8ac023540e6f088ae3f9fec519aaf27e18c9dae641ef8f; RUNS/BY2__EXT04__LIT__C00__NA/eval/HEADING/OUTPUT/HEADING_METRICS.json sha256=2e0ac070fbe1d0d590847c03896649ed935be25a1cee3aa9782fde30ba16dd33"",""notes"":""""}",[],[],[],FULL_RECORD_READ,PRESENT_READ,,,First-delivery subset. Source values preserved; path aliases only. No payload-body read.
HX02-13a38053d51de6256cfd,HX02,CSV_ROW,EXT04_PAR,unknown,unknown,BY2,unknown,LIT,FILE_START,unknown,unknown,NONE,<CODE_ROOT>/docs/paper_rebuild/hext/HX02/EXTERNAL_FIVE_CATEGORY_TABLE.csv,CSV:data_row=60,"{""category"":""dual_antenna_ambiguity_heading"",""method_id"":""EXT04_PAR"",""config"":""LIT"",""sequence"":""BY2"",""start_mode"":""FILE_START"",""output_type"":""heading_only"",""metric"":""valid_segment_count"",""value"":""0"",""denominator_or_valid_epochs"":""valid=0"",""failure_flag"":""NONE"",""source"":""$HX02/RUNS/BY2__EXT04__LIT__C00__NA; OUTPUT_HASHES.json sha256=ffc392f39c10d2684a8ac023540e6f088ae3f9fec519aaf27e18c9dae641ef8f; RUNS/BY2__EXT04__LIT__C00__NA/eval/HEADING/OUTPUT/HEADING_METRICS.json sha256=2e0ac070fbe1d0d590847c03896649ed935be25a1cee3aa9782fde30ba16dd33"",""notes"":""segments split when accepted original epoch indices are nonconsecutive""}",[],[],[],FULL_RECORD_READ,PRESENT_READ,,,First-delivery subset. Source values preserved; path aliases only. No payload-body read.
HX02-ed24645d0976212bd332,HX02,CSV_ROW,EXT04_PAR,unknown,unknown,BY2,unknown,LIT,FILE_START,unknown,unknown,NONE,<CODE_ROOT>/docs/paper_rebuild/hext/HX02/EXTERNAL_FIVE_CATEGORY_TABLE.csv,CSV:data_row=61,"{""category"":""dual_antenna_ambiguity_heading"",""method_id"":""EXT04_PAR"",""config"":""LIT"",""sequence"":""BY2"",""start_mode"":""FILE_START"",""output_type"":""heading_only"",""metric"":""valid_max_gap_s"",""value"":""UNAVAILABLE"",""denominator_or_valid_epochs"":""valid=0"",""failure_flag"":""NONE"",""source"":""$HX02/RUNS/BY2__EXT04__LIT__C00__NA; OUTPUT_HASHES.json sha256=ffc392f39c10d2684a8ac023540e6f088ae3f9fec519aaf27e18c9dae641ef8f; RUNS/BY2__EXT04__LIT__C00__NA/eval/HEADING/OUTPUT/HEADING_METRICS.json sha256=2e0ac070fbe1d0d590847c03896649ed935be25a1cee3aa9782fde30ba16dd33"",""notes"":""""}",[],[],[],FULL_RECORD_READ,PRESENT_READ,,,First-delivery subset. Source values preserved; path aliases only. No payload-body read.
HX02-4b0aa300ad99e1d12f4c,HX02,CSV_ROW,EXT04_PAR,unknown,unknown,BY2,unknown,LIT,FILE_START,unknown,unknown,NONE,<CODE_ROOT>/docs/paper_rebuild/hext/HX02/EXTERNAL_FIVE_CATEGORY_TABLE.csv,CSV:data_row=62,"{""category"":""dual_antenna_ambiguity_heading"",""method_id"":""EXT04_PAR"",""config"":""LIT"",""sequence"":""BY2"",""start_mode"":""FILE_START"",""output_type"":""heading_only"",""metric"":""convention_median_deg"",""value"":""UNAVAILABLE"",""denominator_or_valid_epochs"":""compared=0"",""failure_flag"":""NONE"",""source"":""$HX02/RUNS/BY2__EXT04__LIT__C00__NA; OUTPUT_HASHES.json sha256=ffc392f39c10d2684a8ac023540e6f088ae3f9fec519aaf27e18c9dae641ef8f; RUNS/BY2__EXT04__LIT__C00__NA/eval/HEADING/OUTPUT/HEADING_METRICS.json sha256=2e0ac070fbe1d0d590847c03896649ed935be25a1cee3aa9782fde30ba16dd33"",""notes"":""method body yaw minus dual-fixed HPPOSECEF baseline body yaw; fractions=null; status=UNAVAILABLE_NO_METHOD_VALID_DUAL_FIXED_EPOCH""}",[],[],[],FULL_RECORD_READ,PRESENT_READ,,,First-delivery subset. Source values preserved; path aliases only. No payload-body read.
HX02-3ecacf06d08eb12cf458,HX02,CSV_ROW,RTKLIB_UNMODIFIED_MOVING_BASE,unknown,unknown,BY2,unknown,-,FILE_START,unknown,unknown,NONE,<CODE_ROOT>/docs/paper_rebuild/hext/HX02/EXTERNAL_FIVE_CATEGORY_TABLE.csv,CSV:data_row=63,"{""category"":""dual_antenna_ambiguity_heading"",""method_id"":""RTKLIB_UNMODIFIED_MOVING_BASE"",""config"":""-"",""sequence"":""BY2"",""start_mode"":""FILE_START"",""output_type"":""heading_only"",""metric"":""availability"",""value"":""0.11167883211678832"",""denominator_or_valid_epochs"":""153/1370"",""failure_flag"":""NONE"",""source"":""$HX02/RUNS/BY2__RTKLIB__NONE__C00__NA; OUTPUT_HASHES.json sha256=5424858a7db98a87d16676d044e6b0a91308b06f1693b1847c4bf364a9eaf215; RUNS/BY2__RTKLIB__NONE__C00__NA/eval/HEADING/OUTPUT/HEADING_METRICS.json sha256=d16dea154dec7dd788cd3375c004e3a90bedf3849203be0945ab1b555751ba48"",""notes"":""method-native valid epochs / native paired epochs in window""}",[],[],[],FULL_RECORD_READ,PRESENT_READ,,,First-delivery subset. Source values preserved; path aliases only. No payload-body read.
HX02-2a1629b4ca32b89abff2,HX02,CSV_ROW,RTKLIB_UNMODIFIED_MOVING_BASE,unknown,unknown,BY2,unknown,-,FILE_START,unknown,unknown,NONE,<CODE_ROOT>/docs/paper_rebuild/hext/HX02/EXTERNAL_FIVE_CATEGORY_TABLE.csv,CSV:data_row=64,"{""category"":""dual_antenna_ambiguity_heading"",""method_id"":""RTKLIB_UNMODIFIED_MOVING_BASE"",""config"":""-"",""sequence"":""BY2"",""start_mode"":""FILE_START"",""output_type"":""heading_only"",""metric"":""valid_rmse_deg"",""value"":""14.566166015767248"",""denominator_or_valid_epochs"":""scored=153/valid=153/denominator=1370"",""failure_flag"":""NONE"",""source"":""$HX02/RUNS/BY2__RTKLIB__NONE__C00__NA; OUTPUT_HASHES.json sha256=5424858a7db98a87d16676d044e6b0a91308b06f1693b1847c4bf364a9eaf215; RUNS/BY2__RTKLIB__NONE__C00__NA/eval/HEADING/OUTPUT/HEADING_METRICS.json sha256=d16dea154dec7dd788cd3375c004e3a90bedf3849203be0945ab1b555751ba48"",""notes"":""wrap-safe error on valid epochs""}",[],[],[],FULL_RECORD_READ,PRESENT_READ,,,First-delivery subset. Source values preserved; path aliases only. No payload-body read.
HX02-af12eda681965f59fbf2,HX02,CSV_ROW,RTKLIB_UNMODIFIED_MOVING_BASE,unknown,unknown,BY2,unknown,-,FILE_START,unknown,unknown,NONE,<CODE_ROOT>/docs/paper_rebuild/hext/HX02/EXTERNAL_FIVE_CATEGORY_TABLE.csv,CSV:data_row=65,"{""category"":""dual_antenna_ambiguity_heading"",""method_id"":""RTKLIB_UNMODIFIED_MOVING_BASE"",""config"":""-"",""sequence"":""BY2"",""start_mode"":""FILE_START"",""output_type"":""heading_only"",""metric"":""valid_max_abs_deg"",""value"":""124.72569695188295"",""denominator_or_valid_epochs"":""scored=153/valid=153/denominator=1370"",""failure_flag"":""NONE"",""source"":""$HX02/RUNS/BY2__RTKLIB__NONE__C00__NA; OUTPUT_HASHES.json sha256=5424858a7db98a87d16676d044e6b0a91308b06f1693b1847c4bf364a9eaf215; RUNS/BY2__RTKLIB__NONE__C00__NA/eval/HEADING/OUTPUT/HEADING_METRICS.json sha256=d16dea154dec7dd788cd3375c004e3a90bedf3849203be0945ab1b555751ba48"",""notes"":""""}",[],[],[],FULL_RECORD_READ,PRESENT_READ,,,First-delivery subset. Source values preserved; path aliases only. No payload-body read.
HX02-d75d89f4055f562bbcbc,HX02,CSV_ROW,RTKLIB_UNMODIFIED_MOVING_BASE,unknown,unknown,BY2,unknown,-,FILE_START,unknown,unknown,NONE,<CODE_ROOT>/docs/paper_rebuild/hext/HX02/EXTERNAL_FIVE_CATEGORY_TABLE.csv,CSV:data_row=66,"{""category"":""dual_antenna_ambiguity_heading"",""method_id"":""RTKLIB_UNMODIFIED_MOVING_BASE"",""config"":""-"",""sequence"":""BY2"",""start_mode"":""FILE_START"",""output_type"":""heading_only"",""metric"":""valid_p95_abs_deg"",""value"":""6.639594595066502"",""denominator_or_valid_epochs"":""scored=153/valid=153/denominator=1370"",""failure_flag"":""NONE"",""source"":""$HX02/RUNS/BY2__RTKLIB__NONE__C00__NA; OUTPUT_HASHES.json sha256=5424858a7db98a87d16676d044e6b0a91308b06f1693b1847c4bf364a9eaf215; RUNS/BY2__RTKLIB__NONE__C00__NA/eval/HEADING/OUTPUT/HEADING_METRICS.json sha256=d16dea154dec7dd788cd3375c004e3a90bedf3849203be0945ab1b555751ba48"",""notes"":""""}",[],[],[],FULL_RECORD_READ,PRESENT_READ,,,First-delivery subset. Source values preserved; path aliases only. No payload-body read.
HX02-3109c4a40d43172edf19,HX02,CSV_ROW,RTKLIB_UNMODIFIED_MOVING_BASE,unknown,unknown,BY2,unknown,-,FILE_START,unknown,unknown,NONE,<CODE_ROOT>/docs/paper_rebuild/hext/HX02/EXTERNAL_FIVE_CATEGORY_TABLE.csv,CSV:data_row=67,"{""category"":""dual_antenna_ambiguity_heading"",""method_id"":""RTKLIB_UNMODIFIED_MOVING_BASE"",""config"":""-"",""sequence"":""BY2"",""start_mode"":""FILE_START"",""output_type"":""heading_only"",""metric"":""valid_circular_bias_deg"",""value"":""-0.9811903344252642"",""denominator_or_valid_epochs"":""scored=153/valid=153/denominator=1370"",""failure_flag"":""NONE"",""source"":""$HX02/RUNS/BY2__RTKLIB__NONE__C00__NA; OUTPUT_HASHES.json sha256=5424858a7db98a87d16676d044e6b0a91308b06f1693b1847c4bf364a9eaf215; RUNS/BY2__RTKLIB__NONE__C00__NA/eval/HEADING/OUTPUT/HEADING_METRICS.json sha256=d16dea154dec7dd788cd3375c004e3a90bedf3849203be0945ab1b555751ba48"",""notes"":""circular mean of the wrap-safe error""}",[],[],[],FULL_RECORD_READ,PRESENT_READ,,,First-delivery subset. Source values preserved; path aliases only. No payload-body read.
HX02-57821fd898c8612419e0,HX02,CSV_ROW,RTKLIB_UNMODIFIED_MOVING_BASE,unknown,unknown,BY2,unknown,-,FILE_START,unknown,unknown,NONE,<CODE_ROOT>/docs/paper_rebuild/hext/HX02/EXTERNAL_FIVE_CATEGORY_TABLE.csv,CSV:data_row=68,"{""category"":""dual_antenna_ambiguity_heading"",""method_id"":""RTKLIB_UNMODIFIED_MOVING_BASE"",""config"":""-"",""sequence"":""BY2"",""start_mode"":""FILE_START"",""output_type"":""heading_only"",""metric"":""hold_rmse_deg"",""value"":""58.24105244214757"",""denominator_or_valid_epochs"":""scored=1370/held=1370/denominator=1370"",""failure_flag"":""NONE"",""source"":""$HX02/RUNS/BY2__RTKLIB__NONE__C00__NA; OUTPUT_HASHES.json sha256=5424858a7db98a87d16676d044e6b0a91308b06f1693b1847c4bf364a9eaf215; RUNS/BY2__RTKLIB__NONE__C00__NA/eval/HEADING/OUTPUT/HEADING_METRICS.json sha256=d16dea154dec7dd788cd3375c004e3a90bedf3849203be0945ab1b555751ba48"",""notes"":""hold last valid over the window; no_heading_epochs_before_first_valid=0 (not scored as zero)""}",[],[],[],FULL_RECORD_READ,PRESENT_READ,,,First-delivery subset. Source values preserved; path aliases only. No payload-body read.
HX02-f34e2bae61fd2360ff5f,HX02,CSV_ROW,RTKLIB_UNMODIFIED_MOVING_BASE,unknown,unknown,BY2,unknown,-,FILE_START,unknown,unknown,NONE,<CODE_ROOT>/docs/paper_rebuild/hext/HX02/EXTERNAL_FIVE_CATEGORY_TABLE.csv,CSV:data_row=69,"{""category"":""dual_antenna_ambiguity_heading"",""method_id"":""RTKLIB_UNMODIFIED_MOVING_BASE"",""config"":""-"",""sequence"":""BY2"",""start_mode"":""FILE_START"",""output_type"":""heading_only"",""metric"":""hold_max_abs_deg"",""value"":""177.83096464224673"",""denominator_or_valid_epochs"":""scored=1370/held=1370/denominator=1370"",""failure_flag"":""NONE"",""source"":""$HX02/RUNS/BY2__RTKLIB__NONE__C00__NA; OUTPUT_HASHES.json sha256=5424858a7db98a87d16676d044e6b0a91308b06f1693b1847c4bf364a9eaf215; RUNS/BY2__RTKLIB__NONE__C00__NA/eval/HEADING/OUTPUT/HEADING_METRICS.json sha256=d16dea154dec7dd788cd3375c004e3a90bedf3849203be0945ab1b555751ba48"",""notes"":""""}",[],[],[],FULL_RECORD_READ,PRESENT_READ,,,First-delivery subset. Source values preserved; path aliases only. No payload-body read.
HX02-b96e2eb6ec2a6ef8e94c,HX02,CSV_ROW,RTKLIB_UNMODIFIED_MOVING_BASE,unknown,unknown,BY2,unknown,-,FILE_START,unknown,unknown,NONE,<CODE_ROOT>/docs/paper_rebuild/hext/HX02/EXTERNAL_FIVE_CATEGORY_TABLE.csv,CSV:data_row=70,"{""category"":""dual_antenna_ambiguity_heading"",""method_id"":""RTKLIB_UNMODIFIED_MOVING_BASE"",""config"":""-"",""sequence"":""BY2"",""start_mode"":""FILE_START"",""output_type"":""heading_only"",""metric"":""hold_p95_abs_deg"",""value"":""126.5072475902668"",""denominator_or_valid_epochs"":""scored=1370/held=1370/denominator=1370"",""failure_flag"":""NONE"",""source"":""$HX02/RUNS/BY2__RTKLIB__NONE__C00__NA; OUTPUT_HASHES.json sha256=5424858a7db98a87d16676d044e6b0a91308b06f1693b1847c4bf364a9eaf215; RUNS/BY2__RTKLIB__NONE__C00__NA/eval/HEADING/OUTPUT/HEADING_METRICS.json sha256=d16dea154dec7dd788cd3375c004e3a90bedf3849203be0945ab1b555751ba48"",""notes"":""""}",[],[],[],FULL_RECORD_READ,PRESENT_READ,,,First-delivery subset. Source values preserved; path aliases only. No payload-body read.
HX02-a06fe1c7984e54c88cf2,HX02,CSV_ROW,RTKLIB_UNMODIFIED_MOVING_BASE,unknown,unknown,BY2,unknown,-,FILE_START,unknown,unknown,NONE,<CODE_ROOT>/docs/paper_rebuild/hext/HX02/EXTERNAL_FIVE_CATEGORY_TABLE.csv,CSV:data_row=71,"{""category"":""dual_antenna_ambiguity_heading"",""method_id"":""RTKLIB_UNMODIFIED_MOVING_BASE"",""config"":""-"",""sequence"":""BY2"",""start_mode"":""FILE_START"",""output_type"":""heading_only"",""metric"":""no_heading_epochs_before_first_valid"",""value"":""0"",""denominator_or_valid_epochs"":""of 1370"",""failure_flag"":""NONE"",""source"":""$HX02/RUNS/BY2__RTKLIB__NONE__C00__NA; OUTPUT_HASHES.json sha256=5424858a7db98a87d16676d044e6b0a91308b06f1693b1847c4bf364a9eaf215; RUNS/BY2__RTKLIB__NONE__C00__NA/eval/HEADING/OUTPUT/HEADING_METRICS.json sha256=d16dea154dec7dd788cd3375c004e3a90bedf3849203be0945ab1b555751ba48"",""notes"":""""}",[],[],[],FULL_RECORD_READ,PRESENT_READ,,,First-delivery subset. Source values preserved; path aliases only. No payload-body read.
HX02-b7ccbc27012bf9d48698,HX02,CSV_ROW,RTKLIB_UNMODIFIED_MOVING_BASE,unknown,unknown,BY2,unknown,-,FILE_START,unknown,unknown,NONE,<CODE_ROOT>/docs/paper_rebuild/hext/HX02/EXTERNAL_FIVE_CATEGORY_TABLE.csv,CSV:data_row=72,"{""category"":""dual_antenna_ambiguity_heading"",""method_id"":""RTKLIB_UNMODIFIED_MOVING_BASE"",""config"":""-"",""sequence"":""BY2"",""start_mode"":""FILE_START"",""output_type"":""heading_only"",""metric"":""valid_segment_count"",""value"":""36"",""denominator_or_valid_epochs"":""valid=153"",""failure_flag"":""NONE"",""source"":""$HX02/RUNS/BY2__RTKLIB__NONE__C00__NA; OUTPUT_HASHES.json sha256=5424858a7db98a87d16676d044e6b0a91308b06f1693b1847c4bf364a9eaf215; RUNS/BY2__RTKLIB__NONE__C00__NA/eval/HEADING/OUTPUT/HEADING_METRICS.json sha256=d16dea154dec7dd788cd3375c004e3a90bedf3849203be0945ab1b555751ba48"",""notes"":""segments split when accepted original epoch indices are nonconsecutive""}",[],[],[],FULL_RECORD_READ,PRESENT_READ,,,First-delivery subset. Source values preserved; path aliases only. No payload-body read.
HX02-294eb88e5b4d7359d7ac,HX02,CSV_ROW,RTKLIB_UNMODIFIED_MOVING_BASE,unknown,unknown,BY2,unknown,-,FILE_START,unknown,unknown,NONE,<CODE_ROOT>/docs/paper_rebuild/hext/HX02/EXTERNAL_FIVE_CATEGORY_TABLE.csv,CSV:data_row=73,"{""category"":""dual_antenna_ambiguity_heading"",""method_id"":""RTKLIB_UNMODIFIED_MOVING_BASE"",""config"":""-"",""sequence"":""BY2"",""start_mode"":""FILE_START"",""output_type"":""heading_only"",""metric"":""valid_max_gap_s"",""value"":""47.60000014305115"",""denominator_or_valid_epochs"":""valid=153"",""failure_flag"":""NONE"",""source"":""$HX02/RUNS/BY2__RTKLIB__NONE__C00__NA; OUTPUT_HASHES.json sha256=5424858a7db98a87d16676d044e6b0a91308b06f1693b1847c4bf364a9eaf215; RUNS/BY2__RTKLIB__NONE__C00__NA/eval/HEADING/OUTPUT/HEADING_METRICS.json sha256=d16dea154dec7dd788cd3375c004e3a90bedf3849203be0945ab1b555751ba48"",""notes"":""""}",[],[],[],FULL_RECORD_READ,PRESENT_READ,,,First-delivery subset. Source values preserved; path aliases only. No payload-body read.
HX02-3ef244c081832b455648,HX02,CSV_ROW,RTKLIB_UNMODIFIED_MOVING_BASE,unknown,unknown,BY2,unknown,-,FILE_START,unknown,unknown,NONE,<CODE_ROOT>/docs/paper_rebuild/hext/HX02/EXTERNAL_FIVE_CATEGORY_TABLE.csv,CSV:data_row=74,"{""category"":""dual_antenna_ambiguity_heading"",""method_id"":""RTKLIB_UNMODIFIED_MOVING_BASE"",""config"":""-"",""sequence"":""BY2"",""start_mode"":""FILE_START"",""output_type"":""heading_only"",""metric"":""q1_fixed_rate"",""value"":""0.11167883211678832"",""denominator_or_valid_epochs"":""153/1370"",""failure_flag"":""NONE"",""source"":""$HX02/RUNS/BY2__RTKLIB__NONE__C00__NA; OUTPUT_HASHES.json sha256=5424858a7db98a87d16676d044e6b0a91308b06f1693b1847c4bf364a9eaf215; RUNS/BY2__RTKLIB__NONE__C00__NA/eval/HEADING/OUTPUT/HEADING_METRICS.json sha256=d16dea154dec7dd788cd3375c004e3a90bedf3849203be0945ab1b555751ba48"",""notes"":""RTKLIB Q=1 (counted as valid)""}",[],[],[],FULL_RECORD_READ,PRESENT_READ,,,First-delivery subset. Source values preserved; path aliases only. No payload-body read.
HX02-94682af43be0f9201ee7,HX02,CSV_ROW,RTKLIB_UNMODIFIED_MOVING_BASE,unknown,unknown,BY2,unknown,-,FILE_START,unknown,unknown,NONE,<CODE_ROOT>/docs/paper_rebuild/hext/HX02/EXTERNAL_FIVE_CATEGORY_TABLE.csv,CSV:data_row=75,"{""category"":""dual_antenna_ambiguity_heading"",""method_id"":""RTKLIB_UNMODIFIED_MOVING_BASE"",""config"":""-"",""sequence"":""BY2"",""start_mode"":""FILE_START"",""output_type"":""heading_only"",""metric"":""q2_float_rate"",""value"":""0.30364963503649633"",""denominator_or_valid_epochs"":""416/1370"",""failure_flag"":""NONE"",""source"":""$HX02/RUNS/BY2__RTKLIB__NONE__C00__NA; OUTPUT_HASHES.json sha256=5424858a7db98a87d16676d044e6b0a91308b06f1693b1847c4bf364a9eaf215; RUNS/BY2__RTKLIB__NONE__C00__NA/eval/HEADING/OUTPUT/HEADING_METRICS.json sha256=d16dea154dec7dd788cd3375c004e3a90bedf3849203be0945ab1b555751ba48"",""notes"":""RTKLIB Q=2 reported separately, not valid""}",[],[],[],FULL_RECORD_READ,PRESENT_READ,,,First-delivery subset. Source values preserved; path aliases only. No payload-body read.
HX02-2f23c80bb97237a25f4b,HX02,CSV_ROW,RTKLIB_UNMODIFIED_MOVING_BASE,unknown,unknown,BY2,unknown,-,FILE_START,unknown,unknown,NONE,<CODE_ROOT>/docs/paper_rebuild/hext/HX02/EXTERNAL_FIVE_CATEGORY_TABLE.csv,CSV:data_row=76,"{""category"":""dual_antenna_ambiguity_heading"",""method_id"":""RTKLIB_UNMODIFIED_MOVING_BASE"",""config"":""-"",""sequence"":""BY2"",""start_mode"":""FILE_START"",""output_type"":""heading_only"",""metric"":""q2_float_rmse_deg"",""value"":""90.78504575299291"",""denominator_or_valid_epochs"":""scored=416"",""failure_flag"":""NONE"",""source"":""$HX02/RUNS/BY2__RTKLIB__NONE__C00__NA; OUTPUT_HASHES.json sha256=5424858a7db98a87d16676d044e6b0a91308b06f1693b1847c4bf364a9eaf215; RUNS/BY2__RTKLIB__NONE__C00__NA/eval/HEADING/OUTPUT/HEADING_METRICS.json sha256=d16dea154dec7dd788cd3375c004e3a90bedf3849203be0945ab1b555751ba48"",""notes"":""""}",[],[],[],FULL_RECORD_READ,PRESENT_READ,,,First-delivery subset. Source values preserved; path aliases only. No payload-body read.
HX02-d28490c8a8c136bfbe93,HX02,CSV_ROW,RTKLIB_UNMODIFIED_MOVING_BASE,unknown,unknown,BY2,unknown,-,FILE_START,unknown,unknown,NONE,<CODE_ROOT>/docs/paper_rebuild/hext/HX02/EXTERNAL_FIVE_CATEGORY_TABLE.csv,CSV:data_row=77,"{""category"":""dual_antenna_ambiguity_heading"",""method_id"":""RTKLIB_UNMODIFIED_MOVING_BASE"",""config"":""-"",""sequence"":""BY2"",""start_mode"":""FILE_START"",""output_type"":""heading_only"",""metric"":""convention_median_deg"",""value"":""0.24094291617024055"",""denominator_or_valid_epochs"":""compared=177"",""failure_flag"":""NONE"",""source"":""$HX02/RUNS/BY2__RTKLIB__NONE__C00__NA; OUTPUT_HASHES.json sha256=5424858a7db98a87d16676d044e6b0a91308b06f1693b1847c4bf364a9eaf215; RUNS/BY2__RTKLIB__NONE__C00__NA/eval/HEADING/OUTPUT/HEADING_METRICS.json sha256=d16dea154dec7dd788cd3375c004e3a90bedf3849203be0945ab1b555751ba48"",""notes"":""method body yaw minus dual-fixed HPPOSECEF baseline body yaw; fractions={\""within_20_of_0\"": 0.9887005649717514, \""within_20_of_180\"": 0.0, \""within_20_of_plus_minus_90\"": 0.0}; status=PASS""}",[],[],[],FULL_RECORD_READ,PRESENT_READ,,,First-delivery subset. Source values preserved; path aliases only. No payload-body read.
HX02-f1811f97be36d9ac93f2,HX02,CSV_ROW,EXT01,unknown,unknown,BY2H,unknown,LIT,CONTRACT_START,unknown,unknown,NONE,<CODE_ROOT>/docs/paper_rebuild/hext/HX02/EXTERNAL_FIVE_CATEGORY_TABLE.csv,CSV:data_row=78,"{""category"":""dual_antenna_ambiguity_heading"",""method_id"":""EXT01"",""config"":""LIT"",""sequence"":""BY2H"",""start_mode"":""CONTRACT_START"",""output_type"":""heading_only"",""metric"":""availability"",""value"":""0.7844444444444445"",""denominator_or_valid_epochs"":""1059/1350"",""failure_flag"":""NONE"",""source"":""$HX02/RUNS/BY2H__EXT01__LIT__CONTRACT_START__NA; OUTPUT_HASHES.json sha256=6bd3ec021b4032c3b45e1a8ee4e7b32e3a3675707f4fba17b299c1150e68c35b; RUNS/BY2H__EXT01__LIT__CONTRACT_START__NA/eval/HEADING/OUTPUT/HEADING_METRICS.json sha256=22cc9a96841cf58ebf7e36d55aa7d2bc1f4a6956f604f0be07c03ac017020f45"",""notes"":""method-native valid epochs / native paired epochs in window""}",[],[],[],FULL_RECORD_READ,PRESENT_READ,,,First-delivery subset. Source values preserved; path aliases only. No payload-body read.
HX02-107c15cfa6693955a3ea,HX02,CSV_ROW,EXT01,unknown,unknown,BY2H,unknown,LIT,CONTRACT_START,unknown,unknown,NONE,<CODE_ROOT>/docs/paper_rebuild/hext/HX02/EXTERNAL_FIVE_CATEGORY_TABLE.csv,CSV:data_row=79,"{""category"":""dual_antenna_ambiguity_heading"",""method_id"":""EXT01"",""config"":""LIT"",""sequence"":""BY2H"",""start_mode"":""CONTRACT_START"",""output_type"":""heading_only"",""metric"":""valid_rmse_deg"",""value"":""109.47799873325478"",""denominator_or_valid_epochs"":""scored=1059/valid=1059/denominator=1350"",""failure_flag"":""NONE"",""source"":""$HX02/RUNS/BY2H__EXT01__LIT__CONTRACT_START__NA; OUTPUT_HASHES.json sha256=6bd3ec021b4032c3b45e1a8ee4e7b32e3a3675707f4fba17b299c1150e68c35b; RUNS/BY2H__EXT01__LIT__CONTRACT_START__NA/eval/HEADING/OUTPUT/HEADING_METRICS.json sha256=22cc9a96841cf58ebf7e36d55aa7d2bc1f4a6956f604f0be07c03ac017020f45"",""notes"":""wrap-safe error on valid epochs""}",[],[],[],FULL_RECORD_READ,PRESENT_READ,,,First-delivery subset. Source values preserved; path aliases only. No payload-body read.
HX02-84023f5ec113972c22f6,HX02,CSV_ROW,EXT01,unknown,unknown,BY2H,unknown,LIT,CONTRACT_START,unknown,unknown,NONE,<CODE_ROOT>/docs/paper_rebuild/hext/HX02/EXTERNAL_FIVE_CATEGORY_TABLE.csv,CSV:data_row=80,"{""category"":""dual_antenna_ambiguity_heading"",""method_id"":""EXT01"",""config"":""LIT"",""sequence"":""BY2H"",""start_mode"":""CONTRACT_START"",""output_type"":""heading_only"",""metric"":""valid_max_abs_deg"",""value"":""179.88928653634855"",""denominator_or_valid_epochs"":""scored=1059/valid=1059/denominator=1350"",""failure_flag"":""NONE"",""source"":""$HX02/RUNS/BY2H__EXT01__LIT__CONTRACT_START__NA; OUTPUT_HASHES.json sha256=6bd3ec021b4032c3b45e1a8ee4e7b32e3a3675707f4fba17b299c1150e68c35b; RUNS/BY2H__EXT01__LIT__CONTRACT_START__NA/eval/HEADING/OUTPUT/HEADING_METRICS.json sha256=22cc9a96841cf58ebf7e36d55aa7d2bc1f4a6956f604f0be07c03ac017020f45"",""notes"":""""}",[],[],[],FULL_RECORD_READ,PRESENT_READ,,,First-delivery subset. Source values preserved; path aliases only. No payload-body read.
HX02-57bd749645204646c777,HX02,CSV_ROW,EXT01,unknown,unknown,BY2H,unknown,LIT,CONTRACT_START,unknown,unknown,NONE,<CODE_ROOT>/docs/paper_rebuild/hext/HX02/EXTERNAL_FIVE_CATEGORY_TABLE.csv,CSV:data_row=81,"{""category"":""dual_antenna_ambiguity_heading"",""method_id"":""EXT01"",""config"":""LIT"",""sequence"":""BY2H"",""start_mode"":""CONTRACT_START"",""output_type"":""heading_only"",""metric"":""valid_p95_abs_deg"",""value"":""173.19032282990557"",""denominator_or_valid_epochs"":""scored=1059/valid=1059/denominator=1350"",""failure_flag"":""NONE"",""source"":""$HX02/RUNS/BY2H__EXT01__LIT__CONTRACT_START__NA; OUTPUT_HASHES.json sha256=6bd3ec021b4032c3b45e1a8ee4e7b32e3a3675707f4fba17b299c1150e68c35b; RUNS/BY2H__EXT01__LIT__CONTRACT_START__NA/eval/HEADING/OUTPUT/HEADING_METRICS.json sha256=22cc9a96841cf58ebf7e36d55aa7d2bc1f4a6956f604f0be07c03ac017020f45"",""notes"":""""}",[],[],[],FULL_RECORD_READ,PRESENT_READ,,,First-delivery subset. Source values preserved; path aliases only. No payload-body read.
HX02-1f521959a9ad25a256fd,HX02,CSV_ROW,EXT01,unknown,unknown,BY2H,unknown,LIT,CONTRACT_START,unknown,unknown,NONE,<CODE_ROOT>/docs/paper_rebuild/hext/HX02/EXTERNAL_FIVE_CATEGORY_TABLE.csv,CSV:data_row=82,"{""category"":""dual_antenna_ambiguity_heading"",""method_id"":""EXT01"",""config"":""LIT"",""sequence"":""BY2H"",""start_mode"":""CONTRACT_START"",""output_type"":""heading_only"",""metric"":""valid_circular_bias_deg"",""value"":""-129.7851989984664"",""denominator_or_valid_epochs"":""scored=1059/valid=1059/denominator=1350"",""failure_flag"":""NONE"",""source"":""$HX02/RUNS/BY2H__EXT01__LIT__CONTRACT_START__NA; OUTPUT_HASHES.json sha256=6bd3ec021b4032c3b45e1a8ee4e7b32e3a3675707f4fba17b299c1150e68c35b; RUNS/BY2H__EXT01__LIT__CONTRACT_START__NA/eval/HEADING/OUTPUT/HEADING_METRICS.json sha256=22cc9a96841cf58ebf7e36d55aa7d2bc1f4a6956f604f0be07c03ac017020f45"",""notes"":""circular mean of the wrap-safe error""}",[],[],[],FULL_RECORD_READ,PRESENT_READ,,,First-delivery subset. Source values preserved; path aliases only. No payload-body read.
HX02-81a581be080118f178a0,HX02,CSV_ROW,EXT01,unknown,unknown,BY2H,unknown,LIT,CONTRACT_START,unknown,unknown,NONE,<CODE_ROOT>/docs/paper_rebuild/hext/HX02/EXTERNAL_FIVE_CATEGORY_TABLE.csv,CSV:data_row=83,"{""category"":""dual_antenna_ambiguity_heading"",""method_id"":""EXT01"",""config"":""LIT"",""sequence"":""BY2H"",""start_mode"":""CONTRACT_START"",""output_type"":""heading_only"",""metric"":""hold_rmse_deg"",""value"":""106.06937053749758"",""denominator_or_valid_epochs"":""scored=1350/held=1350/denominator=1350"",""failure_flag"":""NONE"",""source"":""$HX02/RUNS/BY2H__EXT01__LIT__CONTRACT_START__NA; OUTPUT_HASHES.json sha256=6bd3ec021b4032c3b45e1a8ee4e7b32e3a3675707f4fba17b299c1150e68c35b; RUNS/BY2H__EXT01__LIT__CONTRACT_START__NA/eval/HEADING/OUTPUT/HEADING_METRICS.json sha256=22cc9a96841cf58ebf7e36d55aa7d2bc1f4a6956f604f0be07c03ac017020f45"",""notes"":""hold last valid over the window; no_heading_epochs_before_first_valid=0 (not scored as zero)""}",[],[],[],FULL_RECORD_READ,PRESENT_READ,,,First-delivery subset. Source values preserved; path aliases only. No payload-body read.
HX02-86cda57671bbbeed70d3,HX02,CSV_ROW,EXT01,unknown,unknown,BY2H,unknown,LIT,CONTRACT_START,unknown,unknown,NONE,<CODE_ROOT>/docs/paper_rebuild/hext/HX02/EXTERNAL_FIVE_CATEGORY_TABLE.csv,CSV:data_row=84,"{""category"":""dual_antenna_ambiguity_heading"",""method_id"":""EXT01"",""config"":""LIT"",""sequence"":""BY2H"",""start_mode"":""CONTRACT_START"",""output_type"":""heading_only"",""metric"":""hold_max_abs_deg"",""value"":""179.88928653634855"",""denominator_or_valid_epochs"":""scored=1350/held=1350/denominator=1350"",""failure_flag"":""NONE"",""source"":""$HX02/RUNS/BY2H__EXT01__LIT__CONTRACT_START__NA; OUTPUT_HASHES.json sha256=6bd3ec021b4032c3b45e1a8ee4e7b32e3a3675707f4fba17b299c1150e68c35b; RUNS/BY2H__EXT01__LIT__CONTRACT_START__NA/eval/HEADING/OUTPUT/HEADING_METRICS.json sha256=22cc9a96841cf58ebf7e36d55aa7d2bc1f4a6956f604f0be07c03ac017020f45"",""notes"":""""}",[],[],[],FULL_RECORD_READ,PRESENT_READ,,,First-delivery subset. Source values preserved; path aliases only. No payload-body read.
HX02-83955d131bda954740d1,HX02,CSV_ROW,EXT01,unknown,unknown,BY2H,unknown,LIT,CONTRACT_START,unknown,unknown,NONE,<CODE_ROOT>/docs/paper_rebuild/hext/HX02/EXTERNAL_FIVE_CATEGORY_TABLE.csv,CSV:data_row=85,"{""category"":""dual_antenna_ambiguity_heading"",""method_id"":""EXT01"",""config"":""LIT"",""sequence"":""BY2H"",""start_mode"":""CONTRACT_START"",""output_type"":""heading_only"",""metric"":""hold_p95_abs_deg"",""value"":""171.24845645269858"",""denominator_or_valid_epochs"":""scored=1350/held=1350/denominator=1350"",""failure_flag"":""NONE"",""source"":""$HX02/RUNS/BY2H__EXT01__LIT__CONTRACT_START__NA; OUTPUT_HASHES.json sha256=6bd3ec021b4032c3b45e1a8ee4e7b32e3a3675707f4fba17b299c1150e68c35b; RUNS/BY2H__EXT01__LIT__CONTRACT_START__NA/eval/HEADING/OUTPUT/HEADING_METRICS.json sha256=22cc9a96841cf58ebf7e36d55aa7d2bc1f4a6956f604f0be07c03ac017020f45"",""notes"":""""}",[],[],[],FULL_RECORD_READ,PRESENT_READ,,,First-delivery subset. Source values preserved; path aliases only. No payload-body read.
HX02-7522c93966fe355fb94d,HX02,CSV_ROW,EXT01,unknown,unknown,BY2H,unknown,LIT,CONTRACT_START,unknown,unknown,NONE,<CODE_ROOT>/docs/paper_rebuild/hext/HX02/EXTERNAL_FIVE_CATEGORY_TABLE.csv,CSV:data_row=86,"{""category"":""dual_antenna_ambiguity_heading"",""method_id"":""EXT01"",""config"":""LIT"",""sequence"":""BY2H"",""start_mode"":""CONTRACT_START"",""output_type"":""heading_only"",""metric"":""no_heading_epochs_before_first_valid"",""value"":""0"",""denominator_or_valid_epochs"":""of 1350"",""failure_flag"":""NONE"",""source"":""$HX02/RUNS/BY2H__EXT01__LIT__CONTRACT_START__NA; OUTPUT_HASHES.json sha256=6bd3ec021b4032c3b45e1a8ee4e7b32e3a3675707f4fba17b299c1150e68c35b; RUNS/BY2H__EXT01__LIT__CONTRACT_START__NA/eval/HEADING/OUTPUT/HEADING_METRICS.json sha256=22cc9a96841cf58ebf7e36d55aa7d2bc1f4a6956f604f0be07c03ac017020f45"",""notes"":""""}",[],[],[],FULL_RECORD_READ,PRESENT_READ,,,First-delivery subset. Source values preserved; path aliases only. No payload-body read.
HX02-74e4340e6e848b5ea9aa,HX02,CSV_ROW,EXT01,unknown,unknown,BY2H,unknown,LIT,CONTRACT_START,unknown,unknown,NONE,<CODE_ROOT>/docs/paper_rebuild/hext/HX02/EXTERNAL_FIVE_CATEGORY_TABLE.csv,CSV:data_row=87,"{""category"":""dual_antenna_ambiguity_heading"",""method_id"":""EXT01"",""config"":""LIT"",""sequence"":""BY2H"",""start_mode"":""CONTRACT_START"",""output_type"":""heading_only"",""metric"":""valid_segment_count"",""value"":""11"",""denominator_or_valid_epochs"":""valid=1059"",""failure_flag"":""NONE"",""source"":""$HX02/RUNS/BY2H__EXT01__LIT__CONTRACT_START__NA; OUTPUT_HASHES.json sha256=6bd3ec021b4032c3b45e1a8ee4e7b32e3a3675707f4fba17b299c1150e68c35b; RUNS/BY2H__EXT01__LIT__CONTRACT_START__NA/eval/HEADING/OUTPUT/HEADING_METRICS.json sha256=22cc9a96841cf58ebf7e36d55aa7d2bc1f4a6956f604f0be07c03ac017020f45"",""notes"":""segments split when accepted original epoch indices are nonconsecutive""}",[],[],[],FULL_RECORD_READ,PRESENT_READ,,,First-delivery subset. Source values preserved; path aliases only. No payload-body read.
HX02-92bfc22bc5acfd341eeb,HX02,CSV_ROW,EXT01,unknown,unknown,BY2H,unknown,LIT,CONTRACT_START,unknown,unknown,NONE,<CODE_ROOT>/docs/paper_rebuild/hext/HX02/EXTERNAL_FIVE_CATEGORY_TABLE.csv,CSV:data_row=88,"{""category"":""dual_antenna_ambiguity_heading"",""method_id"":""EXT01"",""config"":""LIT"",""sequence"":""BY2H"",""start_mode"":""CONTRACT_START"",""output_type"":""heading_only"",""metric"":""valid_max_gap_s"",""value"":""18.0"",""denominator_or_valid_epochs"":""valid=1059"",""failure_flag"":""NONE"",""source"":""$HX02/RUNS/BY2H__EXT01__LIT__CONTRACT_START__NA; OUTPUT_HASHES.json sha256=6bd3ec021b4032c3b45e1a8ee4e7b32e3a3675707f4fba17b299c1150e68c35b; RUNS/BY2H__EXT01__LIT__CONTRACT_START__NA/eval/HEADING/OUTPUT/HEADING_METRICS.json sha256=22cc9a96841cf58ebf7e36d55aa7d2bc1f4a6956f604f0be07c03ac017020f45"",""notes"":""""}",[],[],[],FULL_RECORD_READ,PRESENT_READ,,,First-delivery subset. Source values preserved; path aliases only. No payload-body read.
HX02-5710d4fe7b61f8b3ecf7,HX02,CSV_ROW,EXT01,unknown,unknown,BY2H,unknown,LIT,CONTRACT_START,unknown,unknown,NONE,<CODE_ROOT>/docs/paper_rebuild/hext/HX02/EXTERNAL_FIVE_CATEGORY_TABLE.csv,CSV:data_row=89,"{""category"":""dual_antenna_ambiguity_heading"",""method_id"":""EXT01"",""config"":""LIT"",""sequence"":""BY2H"",""start_mode"":""CONTRACT_START"",""output_type"":""heading_only"",""metric"":""convention_median_deg"",""value"":""-9.724604083180424"",""denominator_or_valid_epochs"":""compared=1112"",""failure_flag"":""NONE"",""source"":""$HX02/RUNS/BY2H__EXT01__LIT__CONTRACT_START__NA; OUTPUT_HASHES.json sha256=6bd3ec021b4032c3b45e1a8ee4e7b32e3a3675707f4fba17b299c1150e68c35b; RUNS/BY2H__EXT01__LIT__CONTRACT_START__NA/eval/HEADING/OUTPUT/HEADING_METRICS.json sha256=22cc9a96841cf58ebf7e36d55aa7d2bc1f4a6956f604f0be07c03ac017020f45"",""notes"":""method body yaw minus dual-fixed HPPOSECEF baseline body yaw; fractions={\""within_20_of_0\"": 0.18255395683453238, \""within_20_of_180\"": 0.18794964028776978, \""within_20_of_plus_minus_90\"": 0.14928057553956833}; status=PASS""}",[],[],[],FULL_RECORD_READ,PRESENT_READ,,,First-delivery subset. Source values preserved; path aliases only. No payload-body read.
HX02-c9de36d6a21a09781eb6,HX02,CSV_ROW,EXT02,unknown,unknown,BY2H,unknown,LIT,CONTRACT_START,unknown,unknown,NONE,<CODE_ROOT>/docs/paper_rebuild/hext/HX02/EXTERNAL_FIVE_CATEGORY_TABLE.csv,CSV:data_row=90,"{""category"":""dual_antenna_ambiguity_heading"",""method_id"":""EXT02"",""config"":""LIT"",""sequence"":""BY2H"",""start_mode"":""CONTRACT_START"",""output_type"":""heading_only"",""metric"":""availability"",""value"":""0.7614814814814815"",""denominator_or_valid_epochs"":""1028/1350"",""failure_flag"":""NONE"",""source"":""$HX02/RUNS/BY2H__EXT02__LIT__CONTRACT_START__NA; OUTPUT_HASHES.json sha256=a93c2a7fdd29477bfbd88d3415a52edff56faee85825f923d950c42454581ce9; RUNS/BY2H__EXT02__LIT__CONTRACT_START__NA/eval/HEADING/OUTPUT/HEADING_METRICS.json sha256=2590437b04e33ea52b6f0ac8e24b719716df9120d439466e0593868a8b390770"",""notes"":""method-native valid epochs / native paired epochs in window""}",[],[],[],FULL_RECORD_READ,PRESENT_READ,,,First-delivery subset. Source values preserved; path aliases only. No payload-body read.
HX02-baaeddc7e47a1ee88063,HX02,CSV_ROW,EXT02,unknown,unknown,BY2H,unknown,LIT,CONTRACT_START,unknown,unknown,NONE,<CODE_ROOT>/docs/paper_rebuild/hext/HX02/EXTERNAL_FIVE_CATEGORY_TABLE.csv,CSV:data_row=91,"{""category"":""dual_antenna_ambiguity_heading"",""method_id"":""EXT02"",""config"":""LIT"",""sequence"":""BY2H"",""start_mode"":""CONTRACT_START"",""output_type"":""heading_only"",""metric"":""valid_rmse_deg"",""value"":""109.26902750701647"",""denominator_or_valid_epochs"":""scored=1028/valid=1028/denominator=1350"",""failure_flag"":""NONE"",""source"":""$HX02/RUNS/BY2H__EXT02__LIT__CONTRACT_START__NA; OUTPUT_HASHES.json sha256=a93c2a7fdd29477bfbd88d3415a52edff56faee85825f923d950c42454581ce9; RUNS/BY2H__EXT02__LIT__CONTRACT_START__NA/eval/HEADING/OUTPUT/HEADING_METRICS.json sha256=2590437b04e33ea52b6f0ac8e24b719716df9120d439466e0593868a8b390770"",""notes"":""wrap-safe error on valid epochs""}",[],[],[],FULL_RECORD_READ,PRESENT_READ,,,First-delivery subset. Source values preserved; path aliases only. No payload-body read.
HX02-469102a5c728cf759dd7,HX02,CSV_ROW,EXT02,unknown,unknown,BY2H,unknown,LIT,CONTRACT_START,unknown,unknown,NONE,<CODE_ROOT>/docs/paper_rebuild/hext/HX02/EXTERNAL_FIVE_CATEGORY_TABLE.csv,CSV:data_row=92,"{""category"":""dual_antenna_ambiguity_heading"",""method_id"":""EXT02"",""config"":""LIT"",""sequence"":""BY2H"",""start_mode"":""CONTRACT_START"",""output_type"":""heading_only"",""metric"":""valid_max_abs_deg"",""value"":""179.88928653631461"",""denominator_or_valid_epochs"":""scored=1028/valid=1028/denominator=1350"",""failure_flag"":""NONE"",""source"":""$HX02/RUNS/BY2H__EXT02__LIT__CONTRACT_START__NA; OUTPUT_HASHES.json sha256=a93c2a7fdd29477bfbd88d3415a52edff56faee85825f923d950c42454581ce9; RUNS/BY2H__EXT02__LIT__CONTRACT_START__NA/eval/HEADING/OUTPUT/HEADING_METRICS.json sha256=2590437b04e33ea52b6f0ac8e24b719716df9120d439466e0593868a8b390770"",""notes"":""""}",[],[],[],FULL_RECORD_READ,PRESENT_READ,,,First-delivery subset. Source values preserved; path aliases only. No payload-body read.
HX02-e44438bd01094f43d805,HX02,CSV_ROW,EXT02,unknown,unknown,BY2H,unknown,LIT,CONTRACT_START,unknown,unknown,NONE,<CODE_ROOT>/docs/paper_rebuild/hext/HX02/EXTERNAL_FIVE_CATEGORY_TABLE.csv,CSV:data_row=93,"{""category"":""dual_antenna_ambiguity_heading"",""method_id"":""EXT02"",""config"":""LIT"",""sequence"":""BY2H"",""start_mode"":""CONTRACT_START"",""output_type"":""heading_only"",""metric"":""valid_p95_abs_deg"",""value"":""173.2684846997746"",""denominator_or_valid_epochs"":""scored=1028/valid=1028/denominator=1350"",""failure_flag"":""NONE"",""source"":""$HX02/RUNS/BY2H__EXT02__LIT__CONTRACT_START__NA; OUTPUT_HASHES.json sha256=a93c2a7fdd29477bfbd88d3415a52edff56faee85825f923d950c42454581ce9; RUNS/BY2H__EXT02__LIT__CONTRACT_START__NA/eval/HEADING/OUTPUT/HEADING_METRICS.json sha256=2590437b04e33ea52b6f0ac8e24b719716df9120d439466e0593868a8b390770"",""notes"":""""}",[],[],[],FULL_RECORD_READ,PRESENT_READ,,,First-delivery subset. Source values preserved; path aliases only. No payload-body read.
HX02-f4d9e6d3501c564ff881,HX02,CSV_ROW,EXT02,unknown,unknown,BY2H,unknown,LIT,CONTRACT_START,unknown,unknown,NONE,<CODE_ROOT>/docs/paper_rebuild/hext/HX02/EXTERNAL_FIVE_CATEGORY_TABLE.csv,CSV:data_row=94,"{""category"":""dual_antenna_ambiguity_heading"",""method_id"":""EXT02"",""config"":""LIT"",""sequence"":""BY2H"",""start_mode"":""CONTRACT_START"",""output_type"":""heading_only"",""metric"":""valid_circular_bias_deg"",""value"":""-124.94815412697011"",""denominator_or_valid_epochs"":""scored=1028/valid=1028/denominator=1350"",""failure_flag"":""NONE"",""source"":""$HX02/RUNS/BY2H__EXT02__LIT__CONTRACT_START__NA; OUTPUT_HASHES.json sha256=a93c2a7fdd29477bfbd88d3415a52edff56faee85825f923d950c42454581ce9; RUNS/BY2H__EXT02__LIT__CONTRACT_START__NA/eval/HEADING/OUTPUT/HEADING_METRICS.json sha256=2590437b04e33ea52b6f0ac8e24b719716df9120d439466e0593868a8b390770"",""notes"":""circular mean of the wrap-safe error""}",[],[],[],FULL_RECORD_READ,PRESENT_READ,,,First-delivery subset. Source values preserved; path aliases only. No payload-body read.
HX02-943584597bbd38587fb8,HX02,CSV_ROW,EXT02,unknown,unknown,BY2H,unknown,LIT,CONTRACT_START,unknown,unknown,NONE,<CODE_ROOT>/docs/paper_rebuild/hext/HX02/EXTERNAL_FIVE_CATEGORY_TABLE.csv,CSV:data_row=95,"{""category"":""dual_antenna_ambiguity_heading"",""method_id"":""EXT02"",""config"":""LIT"",""sequence"":""BY2H"",""start_mode"":""CONTRACT_START"",""output_type"":""heading_only"",""metric"":""hold_rmse_deg"",""value"":""106.50008498670579"",""denominator_or_valid_epochs"":""scored=1350/held=1350/denominator=1350"",""failure_flag"":""NONE"",""source"":""$HX02/RUNS/BY2H__EXT02__LIT__CONTRACT_START__NA; OUTPUT_HASHES.json sha256=a93c2a7fdd29477bfbd88d3415a52edff56faee85825f923d950c42454581ce9; RUNS/BY2H__EXT02__LIT__CONTRACT_START__NA/eval/HEADING/OUTPUT/HEADING_METRICS.json sha256=2590437b04e33ea52b6f0ac8e24b719716df9120d439466e0593868a8b390770"",""notes"":""hold last valid over the window; no_heading_epochs_before_first_valid=0 (not scored as zero)""}",[],[],[],FULL_RECORD_READ,PRESENT_READ,,,First-delivery subset. Source values preserved; path aliases only. No payload-body read.
HX02-d9cb70846ced9c43ae96,HX02,CSV_ROW,EXT02,unknown,unknown,BY2H,unknown,LIT,CONTRACT_START,unknown,unknown,NONE,<CODE_ROOT>/docs/paper_rebuild/hext/HX02/EXTERNAL_FIVE_CATEGORY_TABLE.csv,CSV:data_row=96,"{""category"":""dual_antenna_ambiguity_heading"",""method_id"":""EXT02"",""config"":""LIT"",""sequence"":""BY2H"",""start_mode"":""CONTRACT_START"",""output_type"":""heading_only"",""metric"":""hold_max_abs_deg"",""value"":""179.88928653631461"",""denominator_or_valid_epochs"":""scored=1350/held=1350/denominator=1350"",""failure_flag"":""NONE"",""source"":""$HX02/RUNS/BY2H__EXT02__LIT__CONTRACT_START__NA; OUTPUT_HASHES.json sha256=a93c2a7fdd29477bfbd88d3415a52edff56faee85825f923d950c42454581ce9; RUNS/BY2H__EXT02__LIT__CONTRACT_START__NA/eval/HEADING/OUTPUT/HEADING_METRICS.json sha256=2590437b04e33ea52b6f0ac8e24b719716df9120d439466e0593868a8b390770"",""notes"":""""}",[],[],[],FULL_RECORD_READ,PRESENT_READ,,,First-delivery subset. Source values preserved; path aliases only. No payload-body read.
HX02-44cb15dc67ef6e2c2227,HX02,CSV_ROW,EXT02,unknown,unknown,BY2H,unknown,LIT,CONTRACT_START,unknown,unknown,NONE,<CODE_ROOT>/docs/paper_rebuild/hext/HX02/EXTERNAL_FIVE_CATEGORY_TABLE.csv,CSV:data_row=97,"{""category"":""dual_antenna_ambiguity_heading"",""method_id"":""EXT02"",""config"":""LIT"",""sequence"":""BY2H"",""start_mode"":""CONTRACT_START"",""output_type"":""heading_only"",""metric"":""hold_p95_abs_deg"",""value"":""171.24845645270426"",""denominator_or_valid_epochs"":""scored=1350/held=1350/denominator=1350"",""failure_flag"":""NONE"",""source"":""$HX02/RUNS/BY2H__EXT02__LIT__CONTRACT_START__NA; OUTPUT_HASHES.json sha256=a93c2a7fdd29477bfbd88d3415a52edff56faee85825f923d950c42454581ce9; RUNS/BY2H__EXT02__LIT__CONTRACT_START__NA/eval/HEADING/OUTPUT/HEADING_METRICS.json sha256=2590437b04e33ea52b6f0ac8e24b719716df9120d439466e0593868a8b390770"",""notes"":""""}",[],[],[],FULL_RECORD_READ,PRESENT_READ,,,First-delivery subset. Source values preserved; path aliases only. No payload-body read.
HX02-f1ec01356ef0492ac162,HX02,CSV_ROW,EXT02,unknown,unknown,BY2H,unknown,LIT,CONTRACT_START,unknown,unknown,NONE,<CODE_ROOT>/docs/paper_rebuild/hext/HX02/EXTERNAL_FIVE_CATEGORY_TABLE.csv,CSV:data_row=98,"{""category"":""dual_antenna_ambiguity_heading"",""method_id"":""EXT02"",""config"":""LIT"",""sequence"":""BY2H"",""start_mode"":""CONTRACT_START"",""output_type"":""heading_only"",""metric"":""no_heading_epochs_before_first_valid"",""value"":""0"",""denominator_or_valid_epochs"":""of 1350"",""failure_flag"":""NONE"",""source"":""$HX02/RUNS/BY2H__EXT02__LIT__CONTRACT_START__NA; OUTPUT_HASHES.json sha256=a93c2a7fdd29477bfbd88d3415a52edff56faee85825f923d950c42454581ce9; RUNS/BY2H__EXT02__LIT__CONTRACT_START__NA/eval/HEADING/OUTPUT/HEADING_METRICS.json sha256=2590437b04e33ea52b6f0ac8e24b719716df9120d439466e0593868a8b390770"",""notes"":""""}",[],[],[],FULL_RECORD_READ,PRESENT_READ,,,First-delivery subset. Source values preserved; path aliases only. No payload-body read.
HX02-4ca9aa762a81dfa268aa,HX02,CSV_ROW,EXT02,unknown,unknown,BY2H,unknown,LIT,CONTRACT_START,unknown,unknown,NONE,<CODE_ROOT>/docs/paper_rebuild/hext/HX02/EXTERNAL_FIVE_CATEGORY_TABLE.csv,CSV:data_row=99,"{""category"":""dual_antenna_ambiguity_heading"",""method_id"":""EXT02"",""config"":""LIT"",""sequence"":""BY2H"",""start_mode"":""CONTRACT_START"",""output_type"":""heading_only"",""metric"":""valid_segment_count"",""value"":""33"",""denominator_or_valid_epochs"":""valid=1028"",""failure_flag"":""NONE"",""source"":""$HX02/RUNS/BY2H__EXT02__LIT__CONTRACT_START__NA; OUTPUT_HASHES.json sha256=a93c2a7fdd29477bfbd88d3415a52edff56faee85825f923d950c42454581ce9; RUNS/BY2H__EXT02__LIT__CONTRACT_START__NA/eval/HEADING/OUTPUT/HEADING_METRICS.json sha256=2590437b04e33ea52b6f0ac8e24b719716df9120d439466e0593868a8b390770"",""notes"":""segments split when accepted original epoch indices are nonconsecutive""}",[],[],[],FULL_RECORD_READ,PRESENT_READ,,,First-delivery subset. Source values preserved; path aliases only. No payload-body read.
HX02-3d10a25b1a50d77f2552,HX02,CSV_ROW,EXT02,unknown,unknown,BY2H,unknown,LIT,CONTRACT_START,unknown,unknown,NONE,<CODE_ROOT>/docs/paper_rebuild/hext/HX02/EXTERNAL_FIVE_CATEGORY_TABLE.csv,CSV:data_row=100,"{""category"":""dual_antenna_ambiguity_heading"",""method_id"":""EXT02"",""config"":""LIT"",""sequence"":""BY2H"",""start_mode"":""CONTRACT_START"",""output_type"":""heading_only"",""metric"":""valid_max_gap_s"",""value"":""18.0"",""denominator_or_valid_epochs"":""valid=1028"",""failure_flag"":""NONE"",""source"":""$HX02/RUNS/BY2H__EXT02__LIT__CONTRACT_START__NA; OUTPUT_HASHES.json sha256=a93c2a7fdd29477bfbd88d3415a52edff56faee85825f923d950c42454581ce9; RUNS/BY2H__EXT02__LIT__CONTRACT_START__NA/eval/HEADING/OUTPUT/HEADING_METRICS.json sha256=2590437b04e33ea52b6f0ac8e24b719716df9120d439466e0593868a8b390770"",""notes"":""""}",[],[],[],FULL_RECORD_READ,PRESENT_READ,,,First-delivery subset. Source values preserved; path aliases only. No payload-body read.
HX02-90ff92b0e11b75e3f1e9,HX02,CSV_ROW,EXT02,unknown,unknown,BY2H,unknown,LIT,CONTRACT_START,unknown,unknown,NONE,<CODE_ROOT>/docs/paper_rebuild/hext/HX02/EXTERNAL_FIVE_CATEGORY_TABLE.csv,CSV:data_row=101,"{""category"":""dual_antenna_ambiguity_heading"",""method_id"":""EXT02"",""config"":""LIT"",""sequence"":""BY2H"",""start_mode"":""CONTRACT_START"",""output_type"":""heading_only"",""metric"":""convention_median_deg"",""value"":""-9.48000494697149"",""denominator_or_valid_epochs"":""compared=1081"",""failure_flag"":""NONE"",""source"":""$HX02/RUNS/BY2H__EXT02__LIT__CONTRACT_START__NA; OUTPUT_HASHES.json sha256=a93c2a7fdd29477bfbd88d3415a52edff56faee85825f923d950c42454581ce9; RUNS/BY2H__EXT02__LIT__CONTRACT_START__NA/eval/HEADING/OUTPUT/HEADING_METRICS.json sha256=2590437b04e33ea52b6f0ac8e24b719716df9120d439466e0593868a8b390770"",""notes"":""method body yaw minus dual-fixed HPPOSECEF baseline body yaw; fractions={\""within_20_of_0\"": 0.18316373728029603, \""within_20_of_180\"": 0.18593894542090658, \""within_20_of_plus_minus_90\"": 0.1498612395929695}; status=PASS""}",[],[],[],FULL_RECORD_READ,PRESENT_READ,,,First-delivery subset. Source values preserved; path aliases only. No payload-body read.
HX02-7db7f180e29151f5707a,HX02,CSV_ROW,EXT03,unknown,unknown,BY2H,unknown,LIT,CONTRACT_START,unknown,unknown,NONE,<CODE_ROOT>/docs/paper_rebuild/hext/HX02/EXTERNAL_FIVE_CATEGORY_TABLE.csv,CSV:data_row=102,"{""category"":""dual_antenna_ambiguity_heading"",""method_id"":""EXT03"",""config"":""LIT"",""sequence"":""BY2H"",""start_mode"":""CONTRACT_START"",""output_type"":""heading_only"",""metric"":""availability"",""value"":""0.3459259259259259"",""denominator_or_valid_epochs"":""467/1350"",""failure_flag"":""NONE"",""source"":""$HX02/RUNS/BY2H__EXT03__LIT__CONTRACT_START__NA; OUTPUT_HASHES.json sha256=c90392b8b8012b63e6ca8e4f5481f0da9a2f0a15f75846a6b2c8fb7cb2eaa577; RUNS/BY2H__EXT03__LIT__CONTRACT_START__NA/eval/HEADING/OUTPUT/HEADING_METRICS.json sha256=11c93b91005878cd65d77c06dc31ad8f4f5b60535b0af8fbff8be8db951a163a"",""notes"":""method-native valid epochs / native paired epochs in window""}",[],[],[],FULL_RECORD_READ,PRESENT_READ,,,First-delivery subset. Source values preserved; path aliases only. No payload-body read.
HX02-3fbe8251c973adf4232a,HX02,CSV_ROW,EXT03,unknown,unknown,BY2H,unknown,LIT,CONTRACT_START,unknown,unknown,NONE,<CODE_ROOT>/docs/paper_rebuild/hext/HX02/EXTERNAL_FIVE_CATEGORY_TABLE.csv,CSV:data_row=103,"{""category"":""dual_antenna_ambiguity_heading"",""method_id"":""EXT03"",""config"":""LIT"",""sequence"":""BY2H"",""start_mode"":""CONTRACT_START"",""output_type"":""heading_only"",""metric"":""valid_rmse_deg"",""value"":""76.92401097656273"",""denominator_or_valid_epochs"":""scored=467/valid=467/denominator=1350"",""failure_flag"":""NONE"",""source"":""$HX02/RUNS/BY2H__EXT03__LIT__CONTRACT_START__NA; OUTPUT_HASHES.json sha256=c90392b8b8012b63e6ca8e4f5481f0da9a2f0a15f75846a6b2c8fb7cb2eaa577; RUNS/BY2H__EXT03__LIT__CONTRACT_START__NA/eval/HEADING/OUTPUT/HEADING_METRICS.json sha256=11c93b91005878cd65d77c06dc31ad8f4f5b60535b0af8fbff8be8db951a163a"",""notes"":""wrap-safe error on valid epochs""}",[],[],[],FULL_RECORD_READ,PRESENT_READ,,,First-delivery subset. Source values preserved; path aliases only. No payload-body read.
HX02-46ff40f798d2843d1d95,HX02,CSV_ROW,EXT03,unknown,unknown,BY2H,unknown,LIT,CONTRACT_START,unknown,unknown,NONE,<CODE_ROOT>/docs/paper_rebuild/hext/HX02/EXTERNAL_FIVE_CATEGORY_TABLE.csv,CSV:data_row=104,"{""category"":""dual_antenna_ambiguity_heading"",""method_id"":""EXT03"",""config"":""LIT"",""sequence"":""BY2H"",""start_mode"":""CONTRACT_START"",""output_type"":""heading_only"",""metric"":""valid_max_abs_deg"",""value"":""179.18178643194022"",""denominator_or_valid_epochs"":""scored=467/valid=467/denominator=1350"",""failure_flag"":""NONE"",""source"":""$HX02/RUNS/BY2H__EXT03__LIT__CONTRACT_START__NA; OUTPUT_HASHES.json sha256=c90392b8b8012b63e6ca8e4f5481f0da9a2f0a15f75846a6b2c8fb7cb2eaa577; RUNS/BY2H__EXT03__LIT__CONTRACT_START__NA/eval/HEADING/OUTPUT/HEADING_METRICS.json sha256=11c93b91005878cd65d77c06dc31ad8f4f5b60535b0af8fbff8be8db951a163a"",""notes"":""""}",[],[],[],FULL_RECORD_READ,PRESENT_READ,,,First-delivery subset. Source values preserved; path aliases only. No payload-body read.
HX02-6dc79015a82c3e873fcf,HX02,CSV_ROW,EXT03,unknown,unknown,BY2H,unknown,LIT,CONTRACT_START,unknown,unknown,NONE,<CODE_ROOT>/docs/paper_rebuild/hext/HX02/EXTERNAL_FIVE_CATEGORY_TABLE.csv,CSV:data_row=105,"{""category"":""dual_antenna_ambiguity_heading"",""method_id"":""EXT03"",""config"":""LIT"",""sequence"":""BY2H"",""start_mode"":""CONTRACT_START"",""output_type"":""heading_only"",""metric"":""valid_p95_abs_deg"",""value"":""159.6100558774942"",""denominator_or_valid_epochs"":""scored=467/valid=467/denominator=1350"",""failure_flag"":""NONE"",""source"":""$HX02/RUNS/BY2H__EXT03__LIT__CONTRACT_START__NA; OUTPUT_HASHES.json sha256=c90392b8b8012b63e6ca8e4f5481f0da9a2f0a15f75846a6b2c8fb7cb2eaa577; RUNS/BY2H__EXT03__LIT__CONTRACT_START__NA/eval/HEADING/OUTPUT/HEADING_METRICS.json sha256=11c93b91005878cd65d77c06dc31ad8f4f5b60535b0af8fbff8be8db951a163a"",""notes"":""""}",[],[],[],FULL_RECORD_READ,PRESENT_READ,,,First-delivery subset. Source values preserved; path aliases only. No payload-body read.
HX02-7e1dff72fc4d90c91c37,HX02,CSV_ROW,EXT03,unknown,unknown,BY2H,unknown,LIT,CONTRACT_START,unknown,unknown,NONE,<CODE_ROOT>/docs/paper_rebuild/hext/HX02/EXTERNAL_FIVE_CATEGORY_TABLE.csv,CSV:data_row=106,"{""category"":""dual_antenna_ambiguity_heading"",""method_id"":""EXT03"",""config"":""LIT"",""sequence"":""BY2H"",""start_mode"":""CONTRACT_START"",""output_type"":""heading_only"",""metric"":""valid_circular_bias_deg"",""value"":""-16.518574750263497"",""denominator_or_valid_epochs"":""scored=467/valid=467/denominator=1350"",""failure_flag"":""NONE"",""source"":""$HX02/RUNS/BY2H__EXT03__LIT__CONTRACT_START__NA; OUTPUT_HASHES.json sha256=c90392b8b8012b63e6ca8e4f5481f0da9a2f0a15f75846a6b2c8fb7cb2eaa577; RUNS/BY2H__EXT03__LIT__CONTRACT_START__NA/eval/HEADING/OUTPUT/HEADING_METRICS.json sha256=11c93b91005878cd65d77c06dc31ad8f4f5b60535b0af8fbff8be8db951a163a"",""notes"":""circular mean of the wrap-safe error""}",[],[],[],FULL_RECORD_READ,PRESENT_READ,,,First-delivery subset. Source values preserved; path aliases only. No payload-body read.
HX02-bc271652065e7646e499,HX02,CSV_ROW,EXT03,unknown,unknown,BY2H,unknown,LIT,CONTRACT_START,unknown,unknown,NONE,<CODE_ROOT>/docs/paper_rebuild/hext/HX02/EXTERNAL_FIVE_CATEGORY_TABLE.csv,CSV:data_row=107,"{""category"":""dual_antenna_ambiguity_heading"",""method_id"":""EXT03"",""config"":""LIT"",""sequence"":""BY2H"",""start_mode"":""CONTRACT_START"",""output_type"":""heading_only"",""metric"":""hold_rmse_deg"",""value"":""80.64040858153307"",""denominator_or_valid_epochs"":""scored=1350/held=1350/denominator=1350"",""failure_flag"":""NONE"",""source"":""$HX02/RUNS/BY2H__EXT03__LIT__CONTRACT_START__NA; OUTPUT_HASHES.json sha256=c90392b8b8012b63e6ca8e4f5481f0da9a2f0a15f75846a6b2c8fb7cb2eaa577; RUNS/BY2H__EXT03__LIT__CONTRACT_START__NA/eval/HEADING/OUTPUT/HEADING_METRICS.json sha256=11c93b91005878cd65d77c06dc31ad8f4f5b60535b0af8fbff8be8db951a163a"",""notes"":""hold last valid over the window; no_heading_epochs_before_first_valid=0 (not scored as zero)""}",[],[],[],FULL_RECORD_READ,PRESENT_READ,,,First-delivery subset. Source values preserved; path aliases only. No payload-body read.
HX02-22d18fa23a24c955d882,HX02,CSV_ROW,EXT03,unknown,unknown,BY2H,unknown,LIT,CONTRACT_START,unknown,unknown,NONE,<CODE_ROOT>/docs/paper_rebuild/hext/HX02/EXTERNAL_FIVE_CATEGORY_TABLE.csv,CSV:data_row=108,"{""category"":""dual_antenna_ambiguity_heading"",""method_id"":""EXT03"",""config"":""LIT"",""sequence"":""BY2H"",""start_mode"":""CONTRACT_START"",""output_type"":""heading_only"",""metric"":""hold_max_abs_deg"",""value"":""179.18178643194022"",""denominator_or_valid_epochs"":""scored=1350/held=1350/denominator=1350"",""failure_flag"":""NONE"",""source"":""$HX02/RUNS/BY2H__EXT03__LIT__CONTRACT_START__NA; OUTPUT_HASHES.json sha256=c90392b8b8012b63e6ca8e4f5481f0da9a2f0a15f75846a6b2c8fb7cb2eaa577; RUNS/BY2H__EXT03__LIT__CONTRACT_START__NA/eval/HEADING/OUTPUT/HEADING_METRICS.json sha256=11c93b91005878cd65d77c06dc31ad8f4f5b60535b0af8fbff8be8db951a163a"",""notes"":""""}",[],[],[],FULL_RECORD_READ,PRESENT_READ,,,First-delivery subset. Source values preserved; path aliases only. No payload-body read.
HX02-21bff87a80399e71433b,HX02,CSV_ROW,EXT03,unknown,unknown,BY2H,unknown,LIT,CONTRACT_START,unknown,unknown,NONE,<CODE_ROOT>/docs/paper_rebuild/hext/HX02/EXTERNAL_FIVE_CATEGORY_TABLE.csv,CSV:data_row=109,"{""category"":""dual_antenna_ambiguity_heading"",""method_id"":""EXT03"",""config"":""LIT"",""sequence"":""BY2H"",""start_mode"":""CONTRACT_START"",""output_type"":""heading_only"",""metric"":""hold_p95_abs_deg"",""value"":""163.93867505144885"",""denominator_or_valid_epochs"":""scored=1350/held=1350/denominator=1350"",""failure_flag"":""NONE"",""source"":""$HX02/RUNS/BY2H__EXT03__LIT__CONTRACT_START__NA; OUTPUT_HASHES.json sha256=c90392b8b8012b63e6ca8e4f5481f0da9a2f0a15f75846a6b2c8fb7cb2eaa577; RUNS/BY2H__EXT03__LIT__CONTRACT_START__NA/eval/HEADING/OUTPUT/HEADING_METRICS.json sha256=11c93b91005878cd65d77c06dc31ad8f4f5b60535b0af8fbff8be8db951a163a"",""notes"":""""}",[],[],[],FULL_RECORD_READ,PRESENT_READ,,,First-delivery subset. Source values preserved; path aliases only. No payload-body read.
HX02-03d1d60b6a565726bbb3,HX02,CSV_ROW,EXT03,unknown,unknown,BY2H,unknown,LIT,CONTRACT_START,unknown,unknown,NONE,<CODE_ROOT>/docs/paper_rebuild/hext/HX02/EXTERNAL_FIVE_CATEGORY_TABLE.csv,CSV:data_row=110,"{""category"":""dual_antenna_ambiguity_heading"",""method_id"":""EXT03"",""config"":""LIT"",""sequence"":""BY2H"",""start_mode"":""CONTRACT_START"",""output_type"":""heading_only"",""metric"":""no_heading_epochs_before_first_valid"",""value"":""0"",""denominator_or_valid_epochs"":""of 1350"",""failure_flag"":""NONE"",""source"":""$HX02/RUNS/BY2H__EXT03__LIT__CONTRACT_START__NA; OUTPUT_HASHES.json sha256=c90392b8b8012b63e6ca8e4f5481f0da9a2f0a15f75846a6b2c8fb7cb2eaa577; RUNS/BY2H__EXT03__LIT__CONTRACT_START__NA/eval/HEADING/OUTPUT/HEADING_METRICS.json sha256=11c93b91005878cd65d77c06dc31ad8f4f5b60535b0af8fbff8be8db951a163a"",""notes"":""""}",[],[],[],FULL_RECORD_READ,PRESENT_READ,,,First-delivery subset. Source values preserved; path aliases only. No payload-body read.
HX02-944a8858f7e891a8a5a1,HX02,CSV_ROW,EXT03,unknown,unknown,BY2H,unknown,LIT,CONTRACT_START,unknown,unknown,NONE,<CODE_ROOT>/docs/paper_rebuild/hext/HX02/EXTERNAL_FIVE_CATEGORY_TABLE.csv,CSV:data_row=111,"{""category"":""dual_antenna_ambiguity_heading"",""method_id"":""EXT03"",""config"":""LIT"",""sequence"":""BY2H"",""start_mode"":""CONTRACT_START"",""output_type"":""heading_only"",""metric"":""valid_segment_count"",""value"":""39"",""denominator_or_valid_epochs"":""valid=467"",""failure_flag"":""NONE"",""source"":""$HX02/RUNS/BY2H__EXT03__LIT__CONTRACT_START__NA; OUTPUT_HASHES.json sha256=c90392b8b8012b63e6ca8e4f5481f0da9a2f0a15f75846a6b2c8fb7cb2eaa577; RUNS/BY2H__EXT03__LIT__CONTRACT_START__NA/eval/HEADING/OUTPUT/HEADING_METRICS.json sha256=11c93b91005878cd65d77c06dc31ad8f4f5b60535b0af8fbff8be8db951a163a"",""notes"":""segments split when accepted original epoch indices are nonconsecutive""}",[],[],[],FULL_RECORD_READ,PRESENT_READ,,,First-delivery subset. Source values preserved; path aliases only. No payload-body read.
HX02-e486ffab32dd4d27fb29,HX02,CSV_ROW,EXT03,unknown,unknown,BY2H,unknown,LIT,CONTRACT_START,unknown,unknown,NONE,<CODE_ROOT>/docs/paper_rebuild/hext/HX02/EXTERNAL_FIVE_CATEGORY_TABLE.csv,CSV:data_row=112,"{""category"":""dual_antenna_ambiguity_heading"",""method_id"":""EXT03"",""config"":""LIT"",""sequence"":""BY2H"",""start_mode"":""CONTRACT_START"",""output_type"":""heading_only"",""metric"":""valid_max_gap_s"",""value"":""77.79999995231628"",""denominator_or_valid_epochs"":""valid=467"",""failure_flag"":""NONE"",""source"":""$HX02/RUNS/BY2H__EXT03__LIT__CONTRACT_START__NA; OUTPUT_HASHES.json sha256=c90392b8b8012b63e6ca8e4f5481f0da9a2f0a15f75846a6b2c8fb7cb2eaa577; RUNS/BY2H__EXT03__LIT__CONTRACT_START__NA/eval/HEADING/OUTPUT/HEADING_METRICS.json sha256=11c93b91005878cd65d77c06dc31ad8f4f5b60535b0af8fbff8be8db951a163a"",""notes"":""""}",[],[],[],FULL_RECORD_READ,PRESENT_READ,,,First-delivery subset. Source values preserved; path aliases only. No payload-body read.
HX02-93b6b9f9b90e8f5f6e60,HX02,CSV_ROW,EXT03,unknown,unknown,BY2H,unknown,LIT,CONTRACT_START,unknown,unknown,NONE,<CODE_ROOT>/docs/paper_rebuild/hext/HX02/EXTERNAL_FIVE_CATEGORY_TABLE.csv,CSV:data_row=113,"{""category"":""dual_antenna_ambiguity_heading"",""method_id"":""EXT03"",""config"":""LIT"",""sequence"":""BY2H"",""start_mode"":""CONTRACT_START"",""output_type"":""heading_only"",""metric"":""ratio_fixed_rate"",""value"":""0.040740740740740744"",""denominator_or_valid_epochs"":""55/1350"",""failure_flag"":""NONE"",""source"":""$HX02/RUNS/BY2H__EXT03__LIT__CONTRACT_START__NA; OUTPUT_HASHES.json sha256=c90392b8b8012b63e6ca8e4f5481f0da9a2f0a15f75846a6b2c8fb7cb2eaa577; RUNS/BY2H__EXT03__LIT__CONTRACT_START__NA/eval/HEADING/OUTPUT/HEADING_METRICS.json sha256=11c93b91005878cd65d77c06dc31ad8f4f5b60535b0af8fbff8be8db951a163a"",""notes"":""paper ratio test passed""}",[],[],[],FULL_RECORD_READ,PRESENT_READ,,,First-delivery subset. Source values preserved; path aliases only. No payload-body read.
HX02-3f082b2071adcae1cb3b,HX02,CSV_ROW,EXT03,unknown,unknown,BY2H,unknown,LIT,CONTRACT_START,unknown,unknown,NONE,<CODE_ROOT>/docs/paper_rebuild/hext/HX02/EXTERNAL_FIVE_CATEGORY_TABLE.csv,CSV:data_row=114,"{""category"":""dual_antenna_ambiguity_heading"",""method_id"":""EXT03"",""config"":""LIT"",""sequence"":""BY2H"",""start_mode"":""CONTRACT_START"",""output_type"":""heading_only"",""metric"":""ratio_fixed_rmse_deg"",""value"":""45.049776085451114"",""denominator_or_valid_epochs"":""scored=55"",""failure_flag"":""NONE"",""source"":""$HX02/RUNS/BY2H__EXT03__LIT__CONTRACT_START__NA; OUTPUT_HASHES.json sha256=c90392b8b8012b63e6ca8e4f5481f0da9a2f0a15f75846a6b2c8fb7cb2eaa577; RUNS/BY2H__EXT03__LIT__CONTRACT_START__NA/eval/HEADING/OUTPUT/HEADING_METRICS.json sha256=11c93b91005878cd65d77c06dc31ad8f4f5b60535b0af8fbff8be8db951a163a"",""notes"":""""}",[],[],[],FULL_RECORD_READ,PRESENT_READ,,,First-delivery subset. Source values preserved; path aliases only. No payload-body read.
HX02-95ca99cd03dac46797e1,HX02,CSV_ROW,EXT03,unknown,unknown,BY2H,unknown,LIT,CONTRACT_START,unknown,unknown,NONE,<CODE_ROOT>/docs/paper_rebuild/hext/HX02/EXTERNAL_FIVE_CATEGORY_TABLE.csv,CSV:data_row=115,"{""category"":""dual_antenna_ambiguity_heading"",""method_id"":""EXT03"",""config"":""LIT"",""sequence"":""BY2H"",""start_mode"":""CONTRACT_START"",""output_type"":""heading_only"",""metric"":""convention_median_deg"",""value"":""-19.814650850963233"",""denominator_or_valid_epochs"":""compared=513"",""failure_flag"":""NONE"",""source"":""$HX02/RUNS/BY2H__EXT03__LIT__CONTRACT_START__NA; OUTPUT_HASHES.json sha256=c90392b8b8012b63e6ca8e4f5481f0da9a2f0a15f75846a6b2c8fb7cb2eaa577; RUNS/BY2H__EXT03__LIT__CONTRACT_START__NA/eval/HEADING/OUTPUT/HEADING_METRICS.json sha256=11c93b91005878cd65d77c06dc31ad8f4f5b60535b0af8fbff8be8db951a163a"",""notes"":""method body yaw minus dual-fixed HPPOSECEF baseline body yaw; fractions={\""within_20_of_0\"": 0.15789473684210525, \""within_20_of_180\"": 0.04483430799220273, \""within_20_of_plus_minus_90\"": 0.24366471734892786}; status=PASS""}",[],[],[],FULL_RECORD_READ,PRESENT_READ,,,First-delivery subset. Source values preserved; path aliases only. No payload-body read.
HX02-79f545d503a9d183bf5d,HX02,CSV_ROW,EXT04_FAR,unknown,unknown,BY2H,unknown,LIT,CONTRACT_START,unknown,unknown,NONE,<CODE_ROOT>/docs/paper_rebuild/hext/HX02/EXTERNAL_FIVE_CATEGORY_TABLE.csv,CSV:data_row=116,"{""category"":""dual_antenna_ambiguity_heading"",""method_id"":""EXT04_FAR"",""config"":""LIT"",""sequence"":""BY2H"",""start_mode"":""CONTRACT_START"",""output_type"":""heading_only"",""metric"":""availability"",""value"":""0.0"",""denominator_or_valid_epochs"":""0/1350"",""failure_flag"":""NONE"",""source"":""$HX02/RUNS/BY2H__EXT04__LIT__CONTRACT_START__NA; OUTPUT_HASHES.json sha256=83c708e7a0efa5a761feb145888e85de8d399e7fe37fc1b2a0d4b94fb8b8bdaa; RUNS/BY2H__EXT04__LIT__CONTRACT_START__NA/eval/HEADING/OUTPUT/HEADING_METRICS.json sha256=a70fb2e275c37e58ce40dadd9bc65ecb53fd2ca55a2a8ee049f9253a57788707"",""notes"":""method-native valid epochs / native paired epochs in window""}",[],[],[],FULL_RECORD_READ,PRESENT_READ,,,First-delivery subset. Source values preserved; path aliases only. No payload-body read.
HX02-bb5ee7ad4f801be17ebb,HX02,CSV_ROW,EXT04_FAR,unknown,unknown,BY2H,unknown,LIT,CONTRACT_START,unknown,unknown,NONE,<CODE_ROOT>/docs/paper_rebuild/hext/HX02/EXTERNAL_FIVE_CATEGORY_TABLE.csv,CSV:data_row=117,"{""category"":""dual_antenna_ambiguity_heading"",""method_id"":""EXT04_FAR"",""config"":""LIT"",""sequence"":""BY2H"",""start_mode"":""CONTRACT_START"",""output_type"":""heading_only"",""metric"":""valid_rmse_deg"",""value"":""UNAVAILABLE"",""denominator_or_valid_epochs"":""scored=0/valid=0/denominator=1350"",""failure_flag"":""NONE"",""source"":""$HX02/RUNS/BY2H__EXT04__LIT__CONTRACT_START__NA; OUTPUT_HASHES.json sha256=83c708e7a0efa5a761feb145888e85de8d399e7fe37fc1b2a0d4b94fb8b8bdaa; RUNS/BY2H__EXT04__LIT__CONTRACT_START__NA/eval/HEADING/OUTPUT/HEADING_METRICS.json sha256=a70fb2e275c37e58ce40dadd9bc65ecb53fd2ca55a2a8ee049f9253a57788707"",""notes"":""wrap-safe error on valid epochs""}",[],[],[],FULL_RECORD_READ,PRESENT_READ,,,First-delivery subset. Source values preserved; path aliases only. No payload-body read.
HX02-953be1532efe29ee9aca,HX02,CSV_ROW,EXT04_FAR,unknown,unknown,BY2H,unknown,LIT,CONTRACT_START,unknown,unknown,NONE,<CODE_ROOT>/docs/paper_rebuild/hext/HX02/EXTERNAL_FIVE_CATEGORY_TABLE.csv,CSV:data_row=118,"{""category"":""dual_antenna_ambiguity_heading"",""method_id"":""EXT04_FAR"",""config"":""LIT"",""sequence"":""BY2H"",""start_mode"":""CONTRACT_START"",""output_type"":""heading_only"",""metric"":""valid_max_abs_deg"",""value"":""UNAVAILABLE"",""denominator_or_valid_epochs"":""scored=0/valid=0/denominator=1350"",""failure_flag"":""NONE"",""source"":""$HX02/RUNS/BY2H__EXT04__LIT__CONTRACT_START__NA; OUTPUT_HASHES.json sha256=83c708e7a0efa5a761feb145888e85de8d399e7fe37fc1b2a0d4b94fb8b8bdaa; RUNS/BY2H__EXT04__LIT__CONTRACT_START__NA/eval/HEADING/OUTPUT/HEADING_METRICS.json sha256=a70fb2e275c37e58ce40dadd9bc65ecb53fd2ca55a2a8ee049f9253a57788707"",""notes"":""""}",[],[],[],FULL_RECORD_READ,PRESENT_READ,,,First-delivery subset. Source values preserved; path aliases only. No payload-body read.
HX02-d9da481a5d00cfd5a3a6,HX02,CSV_ROW,EXT04_FAR,unknown,unknown,BY2H,unknown,LIT,CONTRACT_START,unknown,unknown,NONE,<CODE_ROOT>/docs/paper_rebuild/hext/HX02/EXTERNAL_FIVE_CATEGORY_TABLE.csv,CSV:data_row=119,"{""category"":""dual_antenna_ambiguity_heading"",""method_id"":""EXT04_FAR"",""config"":""LIT"",""sequence"":""BY2H"",""start_mode"":""CONTRACT_START"",""output_type"":""heading_only"",""metric"":""valid_p95_abs_deg"",""value"":""UNAVAILABLE"",""denominator_or_valid_epochs"":""scored=0/valid=0/denominator=1350"",""failure_flag"":""NONE"",""source"":""$HX02/RUNS/BY2H__EXT04__LIT__CONTRACT_START__NA; OUTPUT_HASHES.json sha256=83c708e7a0efa5a761feb145888e85de8d399e7fe37fc1b2a0d4b94fb8b8bdaa; RUNS/BY2H__EXT04__LIT__CONTRACT_START__NA/eval/HEADING/OUTPUT/HEADING_METRICS.json sha256=a70fb2e275c37e58ce40dadd9bc65ecb53fd2ca55a2a8ee049f9253a57788707"",""notes"":""""}",[],[],[],FULL_RECORD_READ,PRESENT_READ,,,First-delivery subset. Source values preserved; path aliases only. No payload-body read.
HX02-765b179bc67beaeee052,HX02,CSV_ROW,EXT04_FAR,unknown,unknown,BY2H,unknown,LIT,CONTRACT_START,unknown,unknown,NONE,<CODE_ROOT>/docs/paper_rebuild/hext/HX02/EXTERNAL_FIVE_CATEGORY_TABLE.csv,CSV:data_row=120,"{""category"":""dual_antenna_ambiguity_heading"",""method_id"":""EXT04_FAR"",""config"":""LIT"",""sequence"":""BY2H"",""start_mode"":""CONTRACT_START"",""output_type"":""heading_only"",""metric"":""valid_circular_bias_deg"",""value"":""UNAVAILABLE"",""denominator_or_valid_epochs"":""scored=0/valid=0/denominator=1350"",""failure_flag"":""NONE"",""source"":""$HX02/RUNS/BY2H__EXT04__LIT__CONTRACT_START__NA; OUTPUT_HASHES.json sha256=83c708e7a0efa5a761feb145888e85de8d399e7fe37fc1b2a0d4b94fb8b8bdaa; RUNS/BY2H__EXT04__LIT__CONTRACT_START__NA/eval/HEADING/OUTPUT/HEADING_METRICS.json sha256=a70fb2e275c37e58ce40dadd9bc65ecb53fd2ca55a2a8ee049f9253a57788707"",""notes"":""circular mean of the wrap-safe error""}",[],[],[],FULL_RECORD_READ,PRESENT_READ,,,First-delivery subset. Source values preserved; path aliases only. No payload-body read.
HX02-c1d1863774def0c4b8fe,HX02,CSV_ROW,EXT04_FAR,unknown,unknown,BY2H,unknown,LIT,CONTRACT_START,unknown,unknown,NONE,<CODE_ROOT>/docs/paper_rebuild/hext/HX02/EXTERNAL_FIVE_CATEGORY_TABLE.csv,CSV:data_row=121,"{""category"":""dual_antenna_ambiguity_heading"",""method_id"":""EXT04_FAR"",""config"":""LIT"",""sequence"":""BY2H"",""start_mode"":""CONTRACT_START"",""output_type"":""heading_only"",""metric"":""hold_rmse_deg"",""value"":""UNAVAILABLE"",""denominator_or_valid_epochs"":""scored=0/held=0/denominator=1350"",""failure_flag"":""NONE"",""source"":""$HX02/RUNS/BY2H__EXT04__LIT__CONTRACT_START__NA; OUTPUT_HASHES.json sha256=83c708e7a0efa5a761feb145888e85de8d399e7fe37fc1b2a0d4b94fb8b8bdaa; RUNS/BY2H__EXT04__LIT__CONTRACT_START__NA/eval/HEADING/OUTPUT/HEADING_METRICS.json sha256=a70fb2e275c37e58ce40dadd9bc65ecb53fd2ca55a2a8ee049f9253a57788707"",""notes"":""hold last valid over the window; no_heading_epochs_before_first_valid=1350 (not scored as zero)""}",[],[],[],FULL_RECORD_READ,PRESENT_READ,,,First-delivery subset. Source values preserved; path aliases only. No payload-body read.
HX02-ef7ac086decef7c2be7b,HX02,CSV_ROW,EXT04_FAR,unknown,unknown,BY2H,unknown,LIT,CONTRACT_START,unknown,unknown,NONE,<CODE_ROOT>/docs/paper_rebuild/hext/HX02/EXTERNAL_FIVE_CATEGORY_TABLE.csv,CSV:data_row=122,"{""category"":""dual_antenna_ambiguity_heading"",""method_id"":""EXT04_FAR"",""config"":""LIT"",""sequence"":""BY2H"",""start_mode"":""CONTRACT_START"",""output_type"":""heading_only"",""metric"":""hold_max_abs_deg"",""value"":""UNAVAILABLE"",""denominator_or_valid_epochs"":""scored=0/held=0/denominator=1350"",""failure_flag"":""NONE"",""source"":""$HX02/RUNS/BY2H__EXT04__LIT__CONTRACT_START__NA; OUTPUT_HASHES.json sha256=83c708e7a0efa5a761feb145888e85de8d399e7fe37fc1b2a0d4b94fb8b8bdaa; RUNS/BY2H__EXT04__LIT__CONTRACT_START__NA/eval/HEADING/OUTPUT/HEADING_METRICS.json sha256=a70fb2e275c37e58ce40dadd9bc65ecb53fd2ca55a2a8ee049f9253a57788707"",""notes"":""""}",[],[],[],FULL_RECORD_READ,PRESENT_READ,,,First-delivery subset. Source values preserved; path aliases only. No payload-body read.
HX02-94f96882ea4e420a48e2,HX02,CSV_ROW,EXT04_FAR,unknown,unknown,BY2H,unknown,LIT,CONTRACT_START,unknown,unknown,NONE,<CODE_ROOT>/docs/paper_rebuild/hext/HX02/EXTERNAL_FIVE_CATEGORY_TABLE.csv,CSV:data_row=123,"{""category"":""dual_antenna_ambiguity_heading"",""method_id"":""EXT04_FAR"",""config"":""LIT"",""sequence"":""BY2H"",""start_mode"":""CONTRACT_START"",""output_type"":""heading_only"",""metric"":""hold_p95_abs_deg"",""value"":""UNAVAILABLE"",""denominator_or_valid_epochs"":""scored=0/held=0/denominator=1350"",""failure_flag"":""NONE"",""source"":""$HX02/RUNS/BY2H__EXT04__LIT__CONTRACT_START__NA; OUTPUT_HASHES.json sha256=83c708e7a0efa5a761feb145888e85de8d399e7fe37fc1b2a0d4b94fb8b8bdaa; RUNS/BY2H__EXT04__LIT__CONTRACT_START__NA/eval/HEADING/OUTPUT/HEADING_METRICS.json sha256=a70fb2e275c37e58ce40dadd9bc65ecb53fd2ca55a2a8ee049f9253a57788707"",""notes"":""""}",[],[],[],FULL_RECORD_READ,PRESENT_READ,,,First-delivery subset. Source values preserved; path aliases only. No payload-body read.
HX02-bde2094a84df33c6de07,HX02,CSV_ROW,EXT04_FAR,unknown,unknown,BY2H,unknown,LIT,CONTRACT_START,unknown,unknown,NONE,<CODE_ROOT>/docs/paper_rebuild/hext/HX02/EXTERNAL_FIVE_CATEGORY_TABLE.csv,CSV:data_row=124,"{""category"":""dual_antenna_ambiguity_heading"",""method_id"":""EXT04_FAR"",""config"":""LIT"",""sequence"":""BY2H"",""start_mode"":""CONTRACT_START"",""output_type"":""heading_only"",""metric"":""no_heading_epochs_before_first_valid"",""value"":""1350"",""denominator_or_valid_epochs"":""of 1350"",""failure_flag"":""NONE"",""source"":""$HX02/RUNS/BY2H__EXT04__LIT__CONTRACT_START__NA; OUTPUT_HASHES.json sha256=83c708e7a0efa5a761feb145888e85de8d399e7fe37fc1b2a0d4b94fb8b8bdaa; RUNS/BY2H__EXT04__LIT__CONTRACT_START__NA/eval/HEADING/OUTPUT/HEADING_METRICS.json sha256=a70fb2e275c37e58ce40dadd9bc65ecb53fd2ca55a2a8ee049f9253a57788707"",""notes"":""""}",[],[],[],FULL_RECORD_READ,PRESENT_READ,,,First-delivery subset. Source values preserved; path aliases only. No payload-body read.
HX02-b7b3d00411853e03650e,HX02,CSV_ROW,EXT04_FAR,unknown,unknown,BY2H,unknown,LIT,CONTRACT_START,unknown,unknown,NONE,<CODE_ROOT>/docs/paper_rebuild/hext/HX02/EXTERNAL_FIVE_CATEGORY_TABLE.csv,CSV:data_row=125,"{""category"":""dual_antenna_ambiguity_heading"",""method_id"":""EXT04_FAR"",""config"":""LIT"",""sequence"":""BY2H"",""start_mode"":""CONTRACT_START"",""output_type"":""heading_only"",""metric"":""valid_segment_count"",""value"":""0"",""denominator_or_valid_epochs"":""valid=0"",""failure_flag"":""NONE"",""source"":""$HX02/RUNS/BY2H__EXT04__LIT__CONTRACT_START__NA; OUTPUT_HASHES.json sha256=83c708e7a0efa5a761feb145888e85de8d399e7fe37fc1b2a0d4b94fb8b8bdaa; RUNS/BY2H__EXT04__LIT__CONTRACT_START__NA/eval/HEADING/OUTPUT/HEADING_METRICS.json sha256=a70fb2e275c37e58ce40dadd9bc65ecb53fd2ca55a2a8ee049f9253a57788707"",""notes"":""segments split when accepted original epoch indices are nonconsecutive""}",[],[],[],FULL_RECORD_READ,PRESENT_READ,,,First-delivery subset. Source values preserved; path aliases only. No payload-body read.
HX02-5b711cbf3d56bc32b39a,HX02,CSV_ROW,EXT04_FAR,unknown,unknown,BY2H,unknown,LIT,CONTRACT_START,unknown,unknown,NONE,<CODE_ROOT>/docs/paper_rebuild/hext/HX02/EXTERNAL_FIVE_CATEGORY_TABLE.csv,CSV:data_row=126,"{""category"":""dual_antenna_ambiguity_heading"",""method_id"":""EXT04_FAR"",""config"":""LIT"",""sequence"":""BY2H"",""start_mode"":""CONTRACT_START"",""output_type"":""heading_only"",""metric"":""valid_max_gap_s"",""value"":""UNAVAILABLE"",""denominator_or_valid_epochs"":""valid=0"",""failure_flag"":""NONE"",""source"":""$HX02/RUNS/BY2H__EXT04__LIT__CONTRACT_START__NA; OUTPUT_HASHES.json sha256=83c708e7a0efa5a761feb145888e85de8d399e7fe37fc1b2a0d4b94fb8b8bdaa; RUNS/BY2H__EXT04__LIT__CONTRACT_START__NA/eval/HEADING/OUTPUT/HEADING_METRICS.json sha256=a70fb2e275c37e58ce40dadd9bc65ecb53fd2ca55a2a8ee049f9253a57788707"",""notes"":""""}",[],[],[],FULL_RECORD_READ,PRESENT_READ,,,First-delivery subset. Source values preserved; path aliases only. No payload-body read.
HX02-abf4538b3c04d0456f9e,HX02,CSV_ROW,EXT04_FAR,unknown,unknown,BY2H,unknown,LIT,CONTRACT_START,unknown,unknown,NONE,<CODE_ROOT>/docs/paper_rebuild/hext/HX02/EXTERNAL_FIVE_CATEGORY_TABLE.csv,CSV:data_row=127,"{""category"":""dual_antenna_ambiguity_heading"",""method_id"":""EXT04_FAR"",""config"":""LIT"",""sequence"":""BY2H"",""start_mode"":""CONTRACT_START"",""output_type"":""heading_only"",""metric"":""convention_median_deg"",""value"":""UNAVAILABLE"",""denominator_or_valid_epochs"":""compared=0"",""failure_flag"":""NONE"",""source"":""$HX02/RUNS/BY2H__EXT04__LIT__CONTRACT_START__NA; OUTPUT_HASHES.json sha256=83c708e7a0efa5a761feb145888e85de8d399e7fe37fc1b2a0d4b94fb8b8bdaa; RUNS/BY2H__EXT04__LIT__CONTRACT_START__NA/eval/HEADING/OUTPUT/HEADING_METRICS.json sha256=a70fb2e275c37e58ce40dadd9bc65ecb53fd2ca55a2a8ee049f9253a57788707"",""notes"":""method body yaw minus dual-fixed HPPOSECEF baseline body yaw; fractions=null; status=UNAVAILABLE_NO_METHOD_VALID_DUAL_FIXED_EPOCH""}",[],[],[],FULL_RECORD_READ,PRESENT_READ,,,First-delivery subset. Source values preserved; path aliases only. No payload-body read.
HX02-8f83a5fa3abe26e9625c,HX02,CSV_ROW,EXT04_PAR,unknown,unknown,BY2H,unknown,LIT,CONTRACT_START,unknown,unknown,NONE,<CODE_ROOT>/docs/paper_rebuild/hext/HX02/EXTERNAL_FIVE_CATEGORY_TABLE.csv,CSV:data_row=128,"{""category"":""dual_antenna_ambiguity_heading"",""method_id"":""EXT04_PAR"",""config"":""LIT"",""sequence"":""BY2H"",""start_mode"":""CONTRACT_START"",""output_type"":""heading_only"",""metric"":""availability"",""value"":""0.0"",""denominator_or_valid_epochs"":""0/1350"",""failure_flag"":""NONE"",""source"":""$HX02/RUNS/BY2H__EXT04__LIT__CONTRACT_START__NA; OUTPUT_HASHES.json sha256=83c708e7a0efa5a761feb145888e85de8d399e7fe37fc1b2a0d4b94fb8b8bdaa; RUNS/BY2H__EXT04__LIT__CONTRACT_START__NA/eval/HEADING/OUTPUT/HEADING_METRICS.json sha256=a70fb2e275c37e58ce40dadd9bc65ecb53fd2ca55a2a8ee049f9253a57788707"",""notes"":""method-native valid epochs / native paired epochs in window""}",[],[],[],FULL_RECORD_READ,PRESENT_READ,,,First-delivery subset. Source values preserved; path aliases only. No payload-body read.
HX02-06f1622d746dc9dd1146,HX02,CSV_ROW,EXT04_PAR,unknown,unknown,BY2H,unknown,LIT,CONTRACT_START,unknown,unknown,NONE,<CODE_ROOT>/docs/paper_rebuild/hext/HX02/EXTERNAL_FIVE_CATEGORY_TABLE.csv,CSV:data_row=129,"{""category"":""dual_antenna_ambiguity_heading"",""method_id"":""EXT04_PAR"",""config"":""LIT"",""sequence"":""BY2H"",""start_mode"":""CONTRACT_START"",""output_type"":""heading_only"",""metric"":""valid_rmse_deg"",""value"":""UNAVAILABLE"",""denominator_or_valid_epochs"":""scored=0/valid=0/denominator=1350"",""failure_flag"":""NONE"",""source"":""$HX02/RUNS/BY2H__EXT04__LIT__CONTRACT_START__NA; OUTPUT_HASHES.json sha256=83c708e7a0efa5a761feb145888e85de8d399e7fe37fc1b2a0d4b94fb8b8bdaa; RUNS/BY2H__EXT04__LIT__CONTRACT_START__NA/eval/HEADING/OUTPUT/HEADING_METRICS.json sha256=a70fb2e275c37e58ce40dadd9bc65ecb53fd2ca55a2a8ee049f9253a57788707"",""notes"":""wrap-safe error on valid epochs""}",[],[],[],FULL_RECORD_READ,PRESENT_READ,,,First-delivery subset. Source values preserved; path aliases only. No payload-body read.
HX02-9194ae7d916c9f6bdda6,HX02,CSV_ROW,EXT04_PAR,unknown,unknown,BY2H,unknown,LIT,CONTRACT_START,unknown,unknown,NONE,<CODE_ROOT>/docs/paper_rebuild/hext/HX02/EXTERNAL_FIVE_CATEGORY_TABLE.csv,CSV:data_row=130,"{""category"":""dual_antenna_ambiguity_heading"",""method_id"":""EXT04_PAR"",""config"":""LIT"",""sequence"":""BY2H"",""start_mode"":""CONTRACT_START"",""output_type"":""heading_only"",""metric"":""valid_max_abs_deg"",""value"":""UNAVAILABLE"",""denominator_or_valid_epochs"":""scored=0/valid=0/denominator=1350"",""failure_flag"":""NONE"",""source"":""$HX02/RUNS/BY2H__EXT04__LIT__CONTRACT_START__NA; OUTPUT_HASHES.json sha256=83c708e7a0efa5a761feb145888e85de8d399e7fe37fc1b2a0d4b94fb8b8bdaa; RUNS/BY2H__EXT04__LIT__CONTRACT_START__NA/eval/HEADING/OUTPUT/HEADING_METRICS.json sha256=a70fb2e275c37e58ce40dadd9bc65ecb53fd2ca55a2a8ee049f9253a57788707"",""notes"":""""}",[],[],[],FULL_RECORD_READ,PRESENT_READ,,,First-delivery subset. Source values preserved; path aliases only. No payload-body read.
HX02-059284de517cef08b6cd,HX02,CSV_ROW,EXT04_PAR,unknown,unknown,BY2H,unknown,LIT,CONTRACT_START,unknown,unknown,NONE,<CODE_ROOT>/docs/paper_rebuild/hext/HX02/EXTERNAL_FIVE_CATEGORY_TABLE.csv,CSV:data_row=131,"{""category"":""dual_antenna_ambiguity_heading"",""method_id"":""EXT04_PAR"",""config"":""LIT"",""sequence"":""BY2H"",""start_mode"":""CONTRACT_START"",""output_type"":""heading_only"",""metric"":""valid_p95_abs_deg"",""value"":""UNAVAILABLE"",""denominator_or_valid_epochs"":""scored=0/valid=0/denominator=1350"",""failure_flag"":""NONE"",""source"":""$HX02/RUNS/BY2H__EXT04__LIT__CONTRACT_START__NA; OUTPUT_HASHES.json sha256=83c708e7a0efa5a761feb145888e85de8d399e7fe37fc1b2a0d4b94fb8b8bdaa; RUNS/BY2H__EXT04__LIT__CONTRACT_START__NA/eval/HEADING/OUTPUT/HEADING_METRICS.json sha256=a70fb2e275c37e58ce40dadd9bc65ecb53fd2ca55a2a8ee049f9253a57788707"",""notes"":""""}",[],[],[],FULL_RECORD_READ,PRESENT_READ,,,First-delivery subset. Source values preserved; path aliases only. No payload-body read.
HX02-1cb11f3217aaa33b194d,HX02,CSV_ROW,EXT04_PAR,unknown,unknown,BY2H,unknown,LIT,CONTRACT_START,unknown,unknown,NONE,<CODE_ROOT>/docs/paper_rebuild/hext/HX02/EXTERNAL_FIVE_CATEGORY_TABLE.csv,CSV:data_row=132,"{""category"":""dual_antenna_ambiguity_heading"",""method_id"":""EXT04_PAR"",""config"":""LIT"",""sequence"":""BY2H"",""start_mode"":""CONTRACT_START"",""output_type"":""heading_only"",""metric"":""valid_circular_bias_deg"",""value"":""UNAVAILABLE"",""denominator_or_valid_epochs"":""scored=0/valid=0/denominator=1350"",""failure_flag"":""NONE"",""source"":""$HX02/RUNS/BY2H__EXT04__LIT__CONTRACT_START__NA; OUTPUT_HASHES.json sha256=83c708e7a0efa5a761feb145888e85de8d399e7fe37fc1b2a0d4b94fb8b8bdaa; RUNS/BY2H__EXT04__LIT__CONTRACT_START__NA/eval/HEADING/OUTPUT/HEADING_METRICS.json sha256=a70fb2e275c37e58ce40dadd9bc65ecb53fd2ca55a2a8ee049f9253a57788707"",""notes"":""circular mean of the wrap-safe error""}",[],[],[],FULL_RECORD_READ,PRESENT_READ,,,First-delivery subset. Source values preserved; path aliases only. No payload-body read.
HX02-64ddbcb803b183e83b35,HX02,CSV_ROW,EXT04_PAR,unknown,unknown,BY2H,unknown,LIT,CONTRACT_START,unknown,unknown,NONE,<CODE_ROOT>/docs/paper_rebuild/hext/HX02/EXTERNAL_FIVE_CATEGORY_TABLE.csv,CSV:data_row=133,"{""category"":""dual_antenna_ambiguity_heading"",""method_id"":""EXT04_PAR"",""config"":""LIT"",""sequence"":""BY2H"",""start_mode"":""CONTRACT_START"",""output_type"":""heading_only"",""metric"":""hold_rmse_deg"",""value"":""UNAVAILABLE"",""denominator_or_valid_epochs"":""scored=0/held=0/denominator=1350"",""failure_flag"":""NONE"",""source"":""$HX02/RUNS/BY2H__EXT04__LIT__CONTRACT_START__NA; OUTPUT_HASHES.json sha256=83c708e7a0efa5a761feb145888e85de8d399e7fe37fc1b2a0d4b94fb8b8bdaa; RUNS/BY2H__EXT04__LIT__CONTRACT_START__NA/eval/HEADING/OUTPUT/HEADING_METRICS.json sha256=a70fb2e275c37e58ce40dadd9bc65ecb53fd2ca55a2a8ee049f9253a57788707"",""notes"":""hold last valid over the window; no_heading_epochs_before_first_valid=1350 (not scored as zero)""}",[],[],[],FULL_RECORD_READ,PRESENT_READ,,,First-delivery subset. Source values preserved; path aliases only. No payload-body read.
HX02-d69357fcd713ae061f28,HX02,CSV_ROW,EXT04_PAR,unknown,unknown,BY2H,unknown,LIT,CONTRACT_START,unknown,unknown,NONE,<CODE_ROOT>/docs/paper_rebuild/hext/HX02/EXTERNAL_FIVE_CATEGORY_TABLE.csv,CSV:data_row=134,"{""category"":""dual_antenna_ambiguity_heading"",""method_id"":""EXT04_PAR"",""config"":""LIT"",""sequence"":""BY2H"",""start_mode"":""CONTRACT_START"",""output_type"":""heading_only"",""metric"":""hold_max_abs_deg"",""value"":""UNAVAILABLE"",""denominator_or_valid_epochs"":""scored=0/held=0/denominator=1350"",""failure_flag"":""NONE"",""source"":""$HX02/RUNS/BY2H__EXT04__LIT__CONTRACT_START__NA; OUTPUT_HASHES.json sha256=83c708e7a0efa5a761feb145888e85de8d399e7fe37fc1b2a0d4b94fb8b8bdaa; RUNS/BY2H__EXT04__LIT__CONTRACT_START__NA/eval/HEADING/OUTPUT/HEADING_METRICS.json sha256=a70fb2e275c37e58ce40dadd9bc65ecb53fd2ca55a2a8ee049f9253a57788707"",""notes"":""""}",[],[],[],FULL_RECORD_READ,PRESENT_READ,,,First-delivery subset. Source values preserved; path aliases only. No payload-body read.
HX02-fde83a4b0c0fa15e2a81,HX02,CSV_ROW,EXT04_PAR,unknown,unknown,BY2H,unknown,LIT,CONTRACT_START,unknown,unknown,NONE,<CODE_ROOT>/docs/paper_rebuild/hext/HX02/EXTERNAL_FIVE_CATEGORY_TABLE.csv,CSV:data_row=135,"{""category"":""dual_antenna_ambiguity_heading"",""method_id"":""EXT04_PAR"",""config"":""LIT"",""sequence"":""BY2H"",""start_mode"":""CONTRACT_START"",""output_type"":""heading_only"",""metric"":""hold_p95_abs_deg"",""value"":""UNAVAILABLE"",""denominator_or_valid_epochs"":""scored=0/held=0/denominator=1350"",""failure_flag"":""NONE"",""source"":""$HX02/RUNS/BY2H__EXT04__LIT__CONTRACT_START__NA; OUTPUT_HASHES.json sha256=83c708e7a0efa5a761feb145888e85de8d399e7fe37fc1b2a0d4b94fb8b8bdaa; RUNS/BY2H__EXT04__LIT__CONTRACT_START__NA/eval/HEADING/OUTPUT/HEADING_METRICS.json sha256=a70fb2e275c37e58ce40dadd9bc65ecb53fd2ca55a2a8ee049f9253a57788707"",""notes"":""""}",[],[],[],FULL_RECORD_READ,PRESENT_READ,,,First-delivery subset. Source values preserved; path aliases only. No payload-body read.
HX02-72d02f314a9e12bc0320,HX02,CSV_ROW,EXT04_PAR,unknown,unknown,BY2H,unknown,LIT,CONTRACT_START,unknown,unknown,NONE,<CODE_ROOT>/docs/paper_rebuild/hext/HX02/EXTERNAL_FIVE_CATEGORY_TABLE.csv,CSV:data_row=136,"{""category"":""dual_antenna_ambiguity_heading"",""method_id"":""EXT04_PAR"",""config"":""LIT"",""sequence"":""BY2H"",""start_mode"":""CONTRACT_START"",""output_type"":""heading_only"",""metric"":""no_heading_epochs_before_first_valid"",""value"":""1350"",""denominator_or_valid_epochs"":""of 1350"",""failure_flag"":""NONE"",""source"":""$HX02/RUNS/BY2H__EXT04__LIT__CONTRACT_START__NA; OUTPUT_HASHES.json sha256=83c708e7a0efa5a761feb145888e85de8d399e7fe37fc1b2a0d4b94fb8b8bdaa; RUNS/BY2H__EXT04__LIT__CONTRACT_START__NA/eval/HEADING/OUTPUT/HEADING_METRICS.json sha256=a70fb2e275c37e58ce40dadd9bc65ecb53fd2ca55a2a8ee049f9253a57788707"",""notes"":""""}",[],[],[],FULL_RECORD_READ,PRESENT_READ,,,First-delivery subset. Source values preserved; path aliases only. No payload-body read.
HX02-4c57fe914c4f852ed2e4,HX02,CSV_ROW,EXT04_PAR,unknown,unknown,BY2H,unknown,LIT,CONTRACT_START,unknown,unknown,NONE,<CODE_ROOT>/docs/paper_rebuild/hext/HX02/EXTERNAL_FIVE_CATEGORY_TABLE.csv,CSV:data_row=137,"{""category"":""dual_antenna_ambiguity_heading"",""method_id"":""EXT04_PAR"",""config"":""LIT"",""sequence"":""BY2H"",""start_mode"":""CONTRACT_START"",""output_type"":""heading_only"",""metric"":""valid_segment_count"",""value"":""0"",""denominator_or_valid_epochs"":""valid=0"",""failure_flag"":""NONE"",""source"":""$HX02/RUNS/BY2H__EXT04__LIT__CONTRACT_START__NA; OUTPUT_HASHES.json sha256=83c708e7a0efa5a761feb145888e85de8d399e7fe37fc1b2a0d4b94fb8b8bdaa; RUNS/BY2H__EXT04__LIT__CONTRACT_START__NA/eval/HEADING/OUTPUT/HEADING_METRICS.json sha256=a70fb2e275c37e58ce40dadd9bc65ecb53fd2ca55a2a8ee049f9253a57788707"",""notes"":""segments split when accepted original epoch indices are nonconsecutive""}",[],[],[],FULL_RECORD_READ,PRESENT_READ,,,First-delivery subset. Source values preserved; path aliases only. No payload-body read.
HX02-c195c4658c72656580ff,HX02,CSV_ROW,EXT04_PAR,unknown,unknown,BY2H,unknown,LIT,CONTRACT_START,unknown,unknown,NONE,<CODE_ROOT>/docs/paper_rebuild/hext/HX02/EXTERNAL_FIVE_CATEGORY_TABLE.csv,CSV:data_row=138,"{""category"":""dual_antenna_ambiguity_heading"",""method_id"":""EXT04_PAR"",""config"":""LIT"",""sequence"":""BY2H"",""start_mode"":""CONTRACT_START"",""output_type"":""heading_only"",""metric"":""valid_max_gap_s"",""value"":""UNAVAILABLE"",""denominator_or_valid_epochs"":""valid=0"",""failure_flag"":""NONE"",""source"":""$HX02/RUNS/BY2H__EXT04__LIT__CONTRACT_START__NA; OUTPUT_HASHES.json sha256=83c708e7a0efa5a761feb145888e85de8d399e7fe37fc1b2a0d4b94fb8b8bdaa; RUNS/BY2H__EXT04__LIT__CONTRACT_START__NA/eval/HEADING/OUTPUT/HEADING_METRICS.json sha256=a70fb2e275c37e58ce40dadd9bc65ecb53fd2ca55a2a8ee049f9253a57788707"",""notes"":""""}",[],[],[],FULL_RECORD_READ,PRESENT_READ,,,First-delivery subset. Source values preserved; path aliases only. No payload-body read.
HX02-64bf148c917da0b2c335,HX02,CSV_ROW,EXT04_PAR,unknown,unknown,BY2H,unknown,LIT,CONTRACT_START,unknown,unknown,NONE,<CODE_ROOT>/docs/paper_rebuild/hext/HX02/EXTERNAL_FIVE_CATEGORY_TABLE.csv,CSV:data_row=139,"{""category"":""dual_antenna_ambiguity_heading"",""method_id"":""EXT04_PAR"",""config"":""LIT"",""sequence"":""BY2H"",""start_mode"":""CONTRACT_START"",""output_type"":""heading_only"",""metric"":""convention_median_deg"",""value"":""UNAVAILABLE"",""denominator_or_valid_epochs"":""compared=0"",""failure_flag"":""NONE"",""source"":""$HX02/RUNS/BY2H__EXT04__LIT__CONTRACT_START__NA; OUTPUT_HASHES.json sha256=83c708e7a0efa5a761feb145888e85de8d399e7fe37fc1b2a0d4b94fb8b8bdaa; RUNS/BY2H__EXT04__LIT__CONTRACT_START__NA/eval/HEADING/OUTPUT/HEADING_METRICS.json sha256=a70fb2e275c37e58ce40dadd9bc65ecb53fd2ca55a2a8ee049f9253a57788707"",""notes"":""method body yaw minus dual-fixed HPPOSECEF baseline body yaw; fractions=null; status=UNAVAILABLE_NO_METHOD_VALID_DUAL_FIXED_EPOCH""}",[],[],[],FULL_RECORD_READ,PRESENT_READ,,,First-delivery subset. Source values preserved; path aliases only. No payload-body read.
HX02-d11c1d37fc1cce19ce21,HX02,CSV_ROW,RTKLIB_UNMODIFIED_MOVING_BASE,unknown,unknown,BY2H,unknown,-,CONTRACT_START,unknown,unknown,NONE,<CODE_ROOT>/docs/paper_rebuild/hext/HX02/EXTERNAL_FIVE_CATEGORY_TABLE.csv,CSV:data_row=140,"{""category"":""dual_antenna_ambiguity_heading"",""method_id"":""RTKLIB_UNMODIFIED_MOVING_BASE"",""config"":""-"",""sequence"":""BY2H"",""start_mode"":""CONTRACT_START"",""output_type"":""heading_only"",""metric"":""availability"",""value"":""0.1325925925925926"",""denominator_or_valid_epochs"":""179/1350"",""failure_flag"":""NONE"",""source"":""$HX02/RUNS/BY2H__RTKLIB__NONE__CONTRACT_START__NA; OUTPUT_HASHES.json sha256=3c192e8519d68ce94d9ccbc0c4eac4d1e6b350d208f9ee9ea159df10c4c3dd8e; RUNS/BY2H__RTKLIB__NONE__CONTRACT_START__NA/eval/HEADING/OUTPUT/HEADING_METRICS.json sha256=80103506b82da5c48a96913b81f0b9e5802f39aec08c004dac1d9728572b3dee"",""notes"":""method-native valid epochs / native paired epochs in window""}",[],[],[],FULL_RECORD_READ,PRESENT_READ,,,First-delivery subset. Source values preserved; path aliases only. No payload-body read.
HX02-c64ebbe3185db7fbd9b6,HX02,CSV_ROW,RTKLIB_UNMODIFIED_MOVING_BASE,unknown,unknown,BY2H,unknown,-,CONTRACT_START,unknown,unknown,NONE,<CODE_ROOT>/docs/paper_rebuild/hext/HX02/EXTERNAL_FIVE_CATEGORY_TABLE.csv,CSV:data_row=141,"{""category"":""dual_antenna_ambiguity_heading"",""method_id"":""RTKLIB_UNMODIFIED_MOVING_BASE"",""config"":""-"",""sequence"":""BY2H"",""start_mode"":""CONTRACT_START"",""output_type"":""heading_only"",""metric"":""valid_rmse_deg"",""value"":""27.0111690896743"",""denominator_or_valid_epochs"":""scored=179/valid=179/denominator=1350"",""failure_flag"":""NONE"",""source"":""$HX02/RUNS/BY2H__RTKLIB__NONE__CONTRACT_START__NA; OUTPUT_HASHES.json sha256=3c192e8519d68ce94d9ccbc0c4eac4d1e6b350d208f9ee9ea159df10c4c3dd8e; RUNS/BY2H__RTKLIB__NONE__CONTRACT_START__NA/eval/HEADING/OUTPUT/HEADING_METRICS.json sha256=80103506b82da5c48a96913b81f0b9e5802f39aec08c004dac1d9728572b3dee"",""notes"":""wrap-safe error on valid epochs""}",[],[],[],FULL_RECORD_READ,PRESENT_READ,,,First-delivery subset. Source values preserved; path aliases only. No payload-body read.
HX02-ef33ffa4cecf1473002d,HX02,CSV_ROW,RTKLIB_UNMODIFIED_MOVING_BASE,unknown,unknown,BY2H,unknown,-,CONTRACT_START,unknown,unknown,NONE,<CODE_ROOT>/docs/paper_rebuild/hext/HX02/EXTERNAL_FIVE_CATEGORY_TABLE.csv,CSV:data_row=142,"{""category"":""dual_antenna_ambiguity_heading"",""method_id"":""RTKLIB_UNMODIFIED_MOVING_BASE"",""config"":""-"",""sequence"":""BY2H"",""start_mode"":""CONTRACT_START"",""output_type"":""heading_only"",""metric"":""valid_max_abs_deg"",""value"":""162.41469246861243"",""denominator_or_valid_epochs"":""scored=179/valid=179/denominator=1350"",""failure_flag"":""NONE"",""source"":""$HX02/RUNS/BY2H__RTKLIB__NONE__CONTRACT_START__NA; OUTPUT_HASHES.json sha256=3c192e8519d68ce94d9ccbc0c4eac4d1e6b350d208f9ee9ea159df10c4c3dd8e; RUNS/BY2H__RTKLIB__NONE__CONTRACT_START__NA/eval/HEADING/OUTPUT/HEADING_METRICS.json sha256=80103506b82da5c48a96913b81f0b9e5802f39aec08c004dac1d9728572b3dee"",""notes"":""""}",[],[],[],FULL_RECORD_READ,PRESENT_READ,,,First-delivery subset. Source values preserved; path aliases only. No payload-body read.
HX02-adf9f7d9c7512ba41e71,HX02,CSV_ROW,RTKLIB_UNMODIFIED_MOVING_BASE,unknown,unknown,BY2H,unknown,-,CONTRACT_START,unknown,unknown,NONE,<CODE_ROOT>/docs/paper_rebuild/hext/HX02/EXTERNAL_FIVE_CATEGORY_TABLE.csv,CSV:data_row=143,"{""category"":""dual_antenna_ambiguity_heading"",""method_id"":""RTKLIB_UNMODIFIED_MOVING_BASE"",""config"":""-"",""sequence"":""BY2H"",""start_mode"":""CONTRACT_START"",""output_type"":""heading_only"",""metric"":""valid_p95_abs_deg"",""value"":""68.70384508547215"",""denominator_or_valid_epochs"":""scored=179/valid=179/denominator=1350"",""failure_flag"":""NONE"",""source"":""$HX02/RUNS/BY2H__RTKLIB__NONE__CONTRACT_START__NA; OUTPUT_HASHES.json sha256=3c192e8519d68ce94d9ccbc0c4eac4d1e6b350d208f9ee9ea159df10c4c3dd8e; RUNS/BY2H__RTKLIB__NONE__CONTRACT_START__NA/eval/HEADING/OUTPUT/HEADING_METRICS.json sha256=80103506b82da5c48a96913b81f0b9e5802f39aec08c004dac1d9728572b3dee"",""notes"":""""}",[],[],[],FULL_RECORD_READ,PRESENT_READ,,,First-delivery subset. Source values preserved; path aliases only. No payload-body read.
HX02-ce441c990e2dd6cee7b5,HX02,CSV_ROW,RTKLIB_UNMODIFIED_MOVING_BASE,unknown,unknown,BY2H,unknown,-,CONTRACT_START,unknown,unknown,NONE,<CODE_ROOT>/docs/paper_rebuild/hext/HX02/EXTERNAL_FIVE_CATEGORY_TABLE.csv,CSV:data_row=144,"{""category"":""dual_antenna_ambiguity_heading"",""method_id"":""RTKLIB_UNMODIFIED_MOVING_BASE"",""config"":""-"",""sequence"":""BY2H"",""start_mode"":""CONTRACT_START"",""output_type"":""heading_only"",""metric"":""valid_circular_bias_deg"",""value"":""-2.9731861011523506"",""denominator_or_valid_epochs"":""scored=179/valid=179/denominator=1350"",""failure_flag"":""NONE"",""source"":""$HX02/RUNS/BY2H__RTKLIB__NONE__CONTRACT_START__NA; OUTPUT_HASHES.json sha256=3c192e8519d68ce94d9ccbc0c4eac4d1e6b350d208f9ee9ea159df10c4c3dd8e; RUNS/BY2H__RTKLIB__NONE__CONTRACT_START__NA/eval/HEADING/OUTPUT/HEADING_METRICS.json sha256=80103506b82da5c48a96913b81f0b9e5802f39aec08c004dac1d9728572b3dee"",""notes"":""circular mean of the wrap-safe error""}",[],[],[],FULL_RECORD_READ,PRESENT_READ,,,First-delivery subset. Source values preserved; path aliases only. No payload-body read.
HX02-68caf9b156d313358a9e,HX02,CSV_ROW,RTKLIB_UNMODIFIED_MOVING_BASE,unknown,unknown,BY2H,unknown,-,CONTRACT_START,unknown,unknown,NONE,<CODE_ROOT>/docs/paper_rebuild/hext/HX02/EXTERNAL_FIVE_CATEGORY_TABLE.csv,CSV:data_row=145,"{""category"":""dual_antenna_ambiguity_heading"",""method_id"":""RTKLIB_UNMODIFIED_MOVING_BASE"",""config"":""-"",""sequence"":""BY2H"",""start_mode"":""CONTRACT_START"",""output_type"":""heading_only"",""metric"":""hold_rmse_deg"",""value"":""55.117992602685284"",""denominator_or_valid_epochs"":""scored=1332/held=1332/denominator=1350"",""failure_flag"":""NONE"",""source"":""$HX02/RUNS/BY2H__RTKLIB__NONE__CONTRACT_START__NA; OUTPUT_HASHES.json sha256=3c192e8519d68ce94d9ccbc0c4eac4d1e6b350d208f9ee9ea159df10c4c3dd8e; RUNS/BY2H__RTKLIB__NONE__CONTRACT_START__NA/eval/HEADING/OUTPUT/HEADING_METRICS.json sha256=80103506b82da5c48a96913b81f0b9e5802f39aec08c004dac1d9728572b3dee"",""notes"":""hold last valid over the window; no_heading_epochs_before_first_valid=18 (not scored as zero)""}",[],[],[],FULL_RECORD_READ,PRESENT_READ,,,First-delivery subset. Source values preserved; path aliases only. No payload-body read.
HX02-abfb5f634d336b3b6c6b,HX02,CSV_ROW,RTKLIB_UNMODIFIED_MOVING_BASE,unknown,unknown,BY2H,unknown,-,CONTRACT_START,unknown,unknown,NONE,<CODE_ROOT>/docs/paper_rebuild/hext/HX02/EXTERNAL_FIVE_CATEGORY_TABLE.csv,CSV:data_row=146,"{""category"":""dual_antenna_ambiguity_heading"",""method_id"":""RTKLIB_UNMODIFIED_MOVING_BASE"",""config"":""-"",""sequence"":""BY2H"",""start_mode"":""CONTRACT_START"",""output_type"":""heading_only"",""metric"":""hold_max_abs_deg"",""value"":""166.1472549135375"",""denominator_or_valid_epochs"":""scored=1332/held=1332/denominator=1350"",""failure_flag"":""NONE"",""source"":""$HX02/RUNS/BY2H__RTKLIB__NONE__CONTRACT_START__NA; OUTPUT_HASHES.json sha256=3c192e8519d68ce94d9ccbc0c4eac4d1e6b350d208f9ee9ea159df10c4c3dd8e; RUNS/BY2H__RTKLIB__NONE__CONTRACT_START__NA/eval/HEADING/OUTPUT/HEADING_METRICS.json sha256=80103506b82da5c48a96913b81f0b9e5802f39aec08c004dac1d9728572b3dee"",""notes"":""""}",[],[],[],FULL_RECORD_READ,PRESENT_READ,,,First-delivery subset. Source values preserved; path aliases only. No payload-body read.
HX02-1a326b76b932632f1b0a,HX02,CSV_ROW,RTKLIB_UNMODIFIED_MOVING_BASE,unknown,unknown,BY2H,unknown,-,CONTRACT_START,unknown,unknown,NONE,<CODE_ROOT>/docs/paper_rebuild/hext/HX02/EXTERNAL_FIVE_CATEGORY_TABLE.csv,CSV:data_row=147,"{""category"":""dual_antenna_ambiguity_heading"",""method_id"":""RTKLIB_UNMODIFIED_MOVING_BASE"",""config"":""-"",""sequence"":""BY2H"",""start_mode"":""CONTRACT_START"",""output_type"":""heading_only"",""metric"":""hold_p95_abs_deg"",""value"":""102.81023871412411"",""denominator_or_valid_epochs"":""scored=1332/held=1332/denominator=1350"",""failure_flag"":""NONE"",""source"":""$HX02/RUNS/BY2H__RTKLIB__NONE__CONTRACT_START__NA; OUTPUT_HASHES.json sha256=3c192e8519d68ce94d9ccbc0c4eac4d1e6b350d208f9ee9ea159df10c4c3dd8e; RUNS/BY2H__RTKLIB__NONE__CONTRACT_START__NA/eval/HEADING/OUTPUT/HEADING_METRICS.json sha256=80103506b82da5c48a96913b81f0b9e5802f39aec08c004dac1d9728572b3dee"",""notes"":""""}",[],[],[],FULL_RECORD_READ,PRESENT_READ,,,First-delivery subset. Source values preserved; path aliases only. No payload-body read.
HX02-cf84e232adb4a1662fc9,HX02,CSV_ROW,RTKLIB_UNMODIFIED_MOVING_BASE,unknown,unknown,BY2H,unknown,-,CONTRACT_START,unknown,unknown,NONE,<CODE_ROOT>/docs/paper_rebuild/hext/HX02/EXTERNAL_FIVE_CATEGORY_TABLE.csv,CSV:data_row=148,"{""category"":""dual_antenna_ambiguity_heading"",""method_id"":""RTKLIB_UNMODIFIED_MOVING_BASE"",""config"":""-"",""sequence"":""BY2H"",""start_mode"":""CONTRACT_START"",""output_type"":""heading_only"",""metric"":""no_heading_epochs_before_first_valid"",""value"":""18"",""denominator_or_valid_epochs"":""of 1350"",""failure_flag"":""NONE"",""source"":""$HX02/RUNS/BY2H__RTKLIB__NONE__CONTRACT_START__NA; OUTPUT_HASHES.json sha256=3c192e8519d68ce94d9ccbc0c4eac4d1e6b350d208f9ee9ea159df10c4c3dd8e; RUNS/BY2H__RTKLIB__NONE__CONTRACT_START__NA/eval/HEADING/OUTPUT/HEADING_METRICS.json sha256=80103506b82da5c48a96913b81f0b9e5802f39aec08c004dac1d9728572b3dee"",""notes"":""""}",[],[],[],FULL_RECORD_READ,PRESENT_READ,,,First-delivery subset. Source values preserved; path aliases only. No payload-body read.
HX02-f7fcf3703efd2359c87c,HX02,CSV_ROW,RTKLIB_UNMODIFIED_MOVING_BASE,unknown,unknown,BY2H,unknown,-,CONTRACT_START,unknown,unknown,NONE,<CODE_ROOT>/docs/paper_rebuild/hext/HX02/EXTERNAL_FIVE_CATEGORY_TABLE.csv,CSV:data_row=149,"{""category"":""dual_antenna_ambiguity_heading"",""method_id"":""RTKLIB_UNMODIFIED_MOVING_BASE"",""config"":""-"",""sequence"":""BY2H"",""start_mode"":""CONTRACT_START"",""output_type"":""heading_only"",""metric"":""valid_segment_count"",""value"":""44"",""denominator_or_valid_epochs"":""valid=179"",""failure_flag"":""NONE"",""source"":""$HX02/RUNS/BY2H__RTKLIB__NONE__CONTRACT_START__NA; OUTPUT_HASHES.json sha256=3c192e8519d68ce94d9ccbc0c4eac4d1e6b350d208f9ee9ea159df10c4c3dd8e; RUNS/BY2H__RTKLIB__NONE__CONTRACT_START__NA/eval/HEADING/OUTPUT/HEADING_METRICS.json sha256=80103506b82da5c48a96913b81f0b9e5802f39aec08c004dac1d9728572b3dee"",""notes"":""segments split when accepted original epoch indices are nonconsecutive""}",[],[],[],FULL_RECORD_READ,PRESENT_READ,,,First-delivery subset. Source values preserved; path aliases only. No payload-body read.
HX02-f4df02a2f22352ef738f,HX02,CSV_ROW,RTKLIB_UNMODIFIED_MOVING_BASE,unknown,unknown,BY2H,unknown,-,CONTRACT_START,unknown,unknown,NONE,<CODE_ROOT>/docs/paper_rebuild/hext/HX02/EXTERNAL_FIVE_CATEGORY_TABLE.csv,CSV:data_row=150,"{""category"":""dual_antenna_ambiguity_heading"",""method_id"":""RTKLIB_UNMODIFIED_MOVING_BASE"",""config"":""-"",""sequence"":""BY2H"",""start_mode"":""CONTRACT_START"",""output_type"":""heading_only"",""metric"":""valid_max_gap_s"",""value"":""15.200000047683716"",""denominator_or_valid_epochs"":""valid=179"",""failure_flag"":""NONE"",""source"":""$HX02/RUNS/BY2H__RTKLIB__NONE__CONTRACT_START__NA; OUTPUT_HASHES.json sha256=3c192e8519d68ce94d9ccbc0c4eac4d1e6b350d208f9ee9ea159df10c4c3dd8e; RUNS/BY2H__RTKLIB__NONE__CONTRACT_START__NA/eval/HEADING/OUTPUT/HEADING_METRICS.json sha256=80103506b82da5c48a96913b81f0b9e5802f39aec08c004dac1d9728572b3dee"",""notes"":""""}",[],[],[],FULL_RECORD_READ,PRESENT_READ,,,First-delivery subset. Source values preserved; path aliases only. No payload-body read.
HX02-34fbe957711dc36a11e5,HX02,CSV_ROW,RTKLIB_UNMODIFIED_MOVING_BASE,unknown,unknown,BY2H,unknown,-,CONTRACT_START,unknown,unknown,NONE,<CODE_ROOT>/docs/paper_rebuild/hext/HX02/EXTERNAL_FIVE_CATEGORY_TABLE.csv,CSV:data_row=151,"{""category"":""dual_antenna_ambiguity_heading"",""method_id"":""RTKLIB_UNMODIFIED_MOVING_BASE"",""config"":""-"",""sequence"":""BY2H"",""start_mode"":""CONTRACT_START"",""output_type"":""heading_only"",""metric"":""q1_fixed_rate"",""value"":""0.1325925925925926"",""denominator_or_valid_epochs"":""179/1350"",""failure_flag"":""NONE"",""source"":""$HX02/RUNS/BY2H__RTKLIB__NONE__CONTRACT_START__NA; OUTPUT_HASHES.json sha256=3c192e8519d68ce94d9ccbc0c4eac4d1e6b350d208f9ee9ea159df10c4c3dd8e; RUNS/BY2H__RTKLIB__NONE__CONTRACT_START__NA/eval/HEADING/OUTPUT/HEADING_METRICS.json sha256=80103506b82da5c48a96913b81f0b9e5802f39aec08c004dac1d9728572b3dee"",""notes"":""RTKLIB Q=1 (counted as valid)""}",[],[],[],FULL_RECORD_READ,PRESENT_READ,,,First-delivery subset. Source values preserved; path aliases only. No payload-body read.
HX02-54ff0bced8b52076c125,HX02,CSV_ROW,RTKLIB_UNMODIFIED_MOVING_BASE,unknown,unknown,BY2H,unknown,-,CONTRACT_START,unknown,unknown,NONE,<CODE_ROOT>/docs/paper_rebuild/hext/HX02/EXTERNAL_FIVE_CATEGORY_TABLE.csv,CSV:data_row=152,"{""category"":""dual_antenna_ambiguity_heading"",""method_id"":""RTKLIB_UNMODIFIED_MOVING_BASE"",""config"":""-"",""sequence"":""BY2H"",""start_mode"":""CONTRACT_START"",""output_type"":""heading_only"",""metric"":""q2_float_rate"",""value"":""0.21185185185185185"",""denominator_or_valid_epochs"":""286/1350"",""failure_flag"":""NONE"",""source"":""$HX02/RUNS/BY2H__RTKLIB__NONE__CONTRACT_START__NA; OUTPUT_HASHES.json sha256=3c192e8519d68ce94d9ccbc0c4eac4d1e6b350d208f9ee9ea159df10c4c3dd8e; RUNS/BY2H__RTKLIB__NONE__CONTRACT_START__NA/eval/HEADING/OUTPUT/HEADING_METRICS.json sha256=80103506b82da5c48a96913b81f0b9e5802f39aec08c004dac1d9728572b3dee"",""notes"":""RTKLIB Q=2 reported separately, not valid""}",[],[],[],FULL_RECORD_READ,PRESENT_READ,,,First-delivery subset. Source values preserved; path aliases only. No payload-body read.
HX02-f9fea89862bf40970b85,HX02,CSV_ROW,RTKLIB_UNMODIFIED_MOVING_BASE,unknown,unknown,BY2H,unknown,-,CONTRACT_START,unknown,unknown,NONE,<CODE_ROOT>/docs/paper_rebuild/hext/HX02/EXTERNAL_FIVE_CATEGORY_TABLE.csv,CSV:data_row=153,"{""category"":""dual_antenna_ambiguity_heading"",""method_id"":""RTKLIB_UNMODIFIED_MOVING_BASE"",""config"":""-"",""sequence"":""BY2H"",""start_mode"":""CONTRACT_START"",""output_type"":""heading_only"",""metric"":""q2_float_rmse_deg"",""value"":""104.89156315431579"",""denominator_or_valid_epochs"":""scored=286"",""failure_flag"":""NONE"",""source"":""$HX02/RUNS/BY2H__RTKLIB__NONE__CONTRACT_START__NA; OUTPUT_HASHES.json sha256=3c192e8519d68ce94d9ccbc0c4eac4d1e6b350d208f9ee9ea159df10c4c3dd8e; RUNS/BY2H__RTKLIB__NONE__CONTRACT_START__NA/eval/HEADING/OUTPUT/HEADING_METRICS.json sha256=80103506b82da5c48a96913b81f0b9e5802f39aec08c004dac1d9728572b3dee"",""notes"":""""}",[],[],[],FULL_RECORD_READ,PRESENT_READ,,,First-delivery subset. Source values preserved; path aliases only. No payload-body read.
HX02-1e887cc97ff1bc587c71,HX02,CSV_ROW,RTKLIB_UNMODIFIED_MOVING_BASE,unknown,unknown,BY2H,unknown,-,CONTRACT_START,unknown,unknown,NONE,<CODE_ROOT>/docs/paper_rebuild/hext/HX02/EXTERNAL_FIVE_CATEGORY_TABLE.csv,CSV:data_row=154,"{""category"":""dual_antenna_ambiguity_heading"",""method_id"":""RTKLIB_UNMODIFIED_MOVING_BASE"",""config"":""-"",""sequence"":""BY2H"",""start_mode"":""CONTRACT_START"",""output_type"":""heading_only"",""metric"":""convention_median_deg"",""value"":""0.5392950582533445"",""denominator_or_valid_epochs"":""compared=180"",""failure_flag"":""NONE"",""source"":""$HX02/RUNS/BY2H__RTKLIB__NONE__CONTRACT_START__NA; OUTPUT_HASHES.json sha256=3c192e8519d68ce94d9ccbc0c4eac4d1e6b350d208f9ee9ea159df10c4c3dd8e; RUNS/BY2H__RTKLIB__NONE__CONTRACT_START__NA/eval/HEADING/OUTPUT/HEADING_METRICS.json sha256=80103506b82da5c48a96913b81f0b9e5802f39aec08c004dac1d9728572b3dee"",""notes"":""method body yaw minus dual-fixed HPPOSECEF baseline body yaw; fractions={\""within_20_of_0\"": 0.9333333333333333, \""within_20_of_180\"": 0.005555555555555556, \""within_20_of_plus_minus_90\"": 0.027777777777777776}; status=PASS""}",[],[],[],FULL_RECORD_READ,PRESENT_READ,,,First-delivery subset. Source values preserved; path aliases only. No payload-body read.
HX02-741663a3e1178f4579ae,HX02,CSV_ROW,EXT01,unknown,unknown,BY2O,unknown,LIT,FILE_START,unknown,unknown,NONE,<CODE_ROOT>/docs/paper_rebuild/hext/HX02/EXTERNAL_FIVE_CATEGORY_TABLE.csv,CSV:data_row=155,"{""category"":""dual_antenna_ambiguity_heading"",""method_id"":""EXT01"",""config"":""LIT"",""sequence"":""BY2O"",""start_mode"":""FILE_START"",""output_type"":""heading_only"",""metric"":""availability"",""value"":""0.6514588859416446"",""denominator_or_valid_epochs"":""1228/1885"",""failure_flag"":""NONE"",""source"":""$HX02/RUNS/BY2O__EXT01__LIT__FILE_START__NA; OUTPUT_HASHES.json sha256=0f568b5082f6864d956e1d5e1b59f9a1b10f2ce7d85893c5da2017cd3c64fa00; RUNS/BY2O__EXT01__LIT__FILE_START__NA/eval/HEADING/OUTPUT/HEADING_METRICS.json sha256=06cf737507929fd79be46458018a9eec791fc2b4101481de3206678600802b44"",""notes"":""method-native valid epochs / native paired epochs in window""}",[],[],[],FULL_RECORD_READ,PRESENT_READ,,,First-delivery subset. Source values preserved; path aliases only. No payload-body read.
HX02-6ae89ed030bd8296ff84,HX02,CSV_ROW,EXT01,unknown,unknown,BY2O,unknown,LIT,FILE_START,unknown,unknown,NONE,<CODE_ROOT>/docs/paper_rebuild/hext/HX02/EXTERNAL_FIVE_CATEGORY_TABLE.csv,CSV:data_row=156,"{""category"":""dual_antenna_ambiguity_heading"",""method_id"":""EXT01"",""config"":""LIT"",""sequence"":""BY2O"",""start_mode"":""FILE_START"",""output_type"":""heading_only"",""metric"":""valid_rmse_deg"",""value"":""102.03419456274673"",""denominator_or_valid_epochs"":""scored=1228/valid=1228/denominator=1885"",""failure_flag"":""NONE"",""source"":""$HX02/RUNS/BY2O__EXT01__LIT__FILE_START__NA; OUTPUT_HASHES.json sha256=0f568b5082f6864d956e1d5e1b59f9a1b10f2ce7d85893c5da2017cd3c64fa00; RUNS/BY2O__EXT01__LIT__FILE_START__NA/eval/HEADING/OUTPUT/HEADING_METRICS.json sha256=06cf737507929fd79be46458018a9eec791fc2b4101481de3206678600802b44"",""notes"":""wrap-safe error on valid epochs""}",[],[],[],FULL_RECORD_READ,PRESENT_READ,,,First-delivery subset. Source values preserved; path aliases only. No payload-body read.
HX02-63a3d93429010ebfeb13,HX02,CSV_ROW,EXT01,unknown,unknown,BY2O,unknown,LIT,FILE_START,unknown,unknown,NONE,<CODE_ROOT>/docs/paper_rebuild/hext/HX02/EXTERNAL_FIVE_CATEGORY_TABLE.csv,CSV:data_row=157,"{""category"":""dual_antenna_ambiguity_heading"",""method_id"":""EXT01"",""config"":""LIT"",""sequence"":""BY2O"",""start_mode"":""FILE_START"",""output_type"":""heading_only"",""metric"":""valid_max_abs_deg"",""value"":""179.87992460623184"",""denominator_or_valid_epochs"":""scored=1228/valid=1228/denominator=1885"",""failure_flag"":""NONE"",""source"":""$HX02/RUNS/BY2O__EXT01__LIT__FILE_START__NA; OUTPUT_HASHES.json sha256=0f568b5082f6864d956e1d5e1b59f9a1b10f2ce7d85893c5da2017cd3c64fa00; RUNS/BY2O__EXT01__LIT__FILE_START__NA/eval/HEADING/OUTPUT/HEADING_METRICS.json sha256=06cf737507929fd79be46458018a9eec791fc2b4101481de3206678600802b44"",""notes"":""""}",[],[],[],FULL_RECORD_READ,PRESENT_READ,,,First-delivery subset. Source values preserved; path aliases only. No payload-body read.
HX02-c9322879f2951aa89fea,HX02,CSV_ROW,EXT01,unknown,unknown,BY2O,unknown,LIT,FILE_START,unknown,unknown,NONE,<CODE_ROOT>/docs/paper_rebuild/hext/HX02/EXTERNAL_FIVE_CATEGORY_TABLE.csv,CSV:data_row=158,"{""category"":""dual_antenna_ambiguity_heading"",""method_id"":""EXT01"",""config"":""LIT"",""sequence"":""BY2O"",""start_mode"":""FILE_START"",""output_type"":""heading_only"",""metric"":""valid_p95_abs_deg"",""value"":""166.38000214275115"",""denominator_or_valid_epochs"":""scored=1228/valid=1228/denominator=1885"",""failure_flag"":""NONE"",""source"":""$HX02/RUNS/BY2O__EXT01__LIT__FILE_START__NA; OUTPUT_HASHES.json sha256=0f568b5082f6864d956e1d5e1b59f9a1b10f2ce7d85893c5da2017cd3c64fa00; RUNS/BY2O__EXT01__LIT__FILE_START__NA/eval/HEADING/OUTPUT/HEADING_METRICS.json sha256=06cf737507929fd79be46458018a9eec791fc2b4101481de3206678600802b44"",""notes"":""""}",[],[],[],FULL_RECORD_READ,PRESENT_READ,,,First-delivery subset. Source values preserved; path aliases only. No payload-body read.
HX02-866618121bb4ab57736a,HX02,CSV_ROW,EXT01,unknown,unknown,BY2O,unknown,LIT,FILE_START,unknown,unknown,NONE,<CODE_ROOT>/docs/paper_rebuild/hext/HX02/EXTERNAL_FIVE_CATEGORY_TABLE.csv,CSV:data_row=159,"{""category"":""dual_antenna_ambiguity_heading"",""method_id"":""EXT01"",""config"":""LIT"",""sequence"":""BY2O"",""start_mode"":""FILE_START"",""output_type"":""heading_only"",""metric"":""valid_circular_bias_deg"",""value"":""-7.466131151200557"",""denominator_or_valid_epochs"":""scored=1228/valid=1228/denominator=1885"",""failure_flag"":""NONE"",""source"":""$HX02/RUNS/BY2O__EXT01__LIT__FILE_START__NA; OUTPUT_HASHES.json sha256=0f568b5082f6864d956e1d5e1b59f9a1b10f2ce7d85893c5da2017cd3c64fa00; RUNS/BY2O__EXT01__LIT__FILE_START__NA/eval/HEADING/OUTPUT/HEADING_METRICS.json sha256=06cf737507929fd79be46458018a9eec791fc2b4101481de3206678600802b44"",""notes"":""circular mean of the wrap-safe error""}",[],[],[],FULL_RECORD_READ,PRESENT_READ,,,First-delivery subset. Source values preserved; path aliases only. No payload-body read.
HX02-32b7facee9ec86272b2f,HX02,CSV_ROW,EXT01,unknown,unknown,BY2O,unknown,LIT,FILE_START,unknown,unknown,NONE,<CODE_ROOT>/docs/paper_rebuild/hext/HX02/EXTERNAL_FIVE_CATEGORY_TABLE.csv,CSV:data_row=160,"{""category"":""dual_antenna_ambiguity_heading"",""method_id"":""EXT01"",""config"":""LIT"",""sequence"":""BY2O"",""start_mode"":""FILE_START"",""output_type"":""heading_only"",""metric"":""hold_rmse_deg"",""value"":""106.59759701046899"",""denominator_or_valid_epochs"":""scored=1885/held=1885/denominator=1885"",""failure_flag"":""NONE"",""source"":""$HX02/RUNS/BY2O__EXT01__LIT__FILE_START__NA; OUTPUT_HASHES.json sha256=0f568b5082f6864d956e1d5e1b59f9a1b10f2ce7d85893c5da2017cd3c64fa00; RUNS/BY2O__EXT01__LIT__FILE_START__NA/eval/HEADING/OUTPUT/HEADING_METRICS.json sha256=06cf737507929fd79be46458018a9eec791fc2b4101481de3206678600802b44"",""notes"":""hold last valid over the window; no_heading_epochs_before_first_valid=0 (not scored as zero)""}",[],[],[],FULL_RECORD_READ,PRESENT_READ,,,First-delivery subset. Source values preserved; path aliases only. No payload-body read.
HX02-677e6eb05d12ca269da3,HX02,CSV_ROW,EXT01,unknown,unknown,BY2O,unknown,LIT,FILE_START,unknown,unknown,NONE,<CODE_ROOT>/docs/paper_rebuild/hext/HX02/EXTERNAL_FIVE_CATEGORY_TABLE.csv,CSV:data_row=161,"{""category"":""dual_antenna_ambiguity_heading"",""method_id"":""EXT01"",""config"":""LIT"",""sequence"":""BY2O"",""start_mode"":""FILE_START"",""output_type"":""heading_only"",""metric"":""hold_max_abs_deg"",""value"":""179.87992460623184"",""denominator_or_valid_epochs"":""scored=1885/held=1885/denominator=1885"",""failure_flag"":""NONE"",""source"":""$HX02/RUNS/BY2O__EXT01__LIT__FILE_START__NA; OUTPUT_HASHES.json sha256=0f568b5082f6864d956e1d5e1b59f9a1b10f2ce7d85893c5da2017cd3c64fa00; RUNS/BY2O__EXT01__LIT__FILE_START__NA/eval/HEADING/OUTPUT/HEADING_METRICS.json sha256=06cf737507929fd79be46458018a9eec791fc2b4101481de3206678600802b44"",""notes"":""""}",[],[],[],FULL_RECORD_READ,PRESENT_READ,,,First-delivery subset. Source values preserved; path aliases only. No payload-body read.
HX02-1905e34a606157582853,HX02,CSV_ROW,EXT01,unknown,unknown,BY2O,unknown,LIT,FILE_START,unknown,unknown,NONE,<CODE_ROOT>/docs/paper_rebuild/hext/HX02/EXTERNAL_FIVE_CATEGORY_TABLE.csv,CSV:data_row=162,"{""category"":""dual_antenna_ambiguity_heading"",""method_id"":""EXT01"",""config"":""LIT"",""sequence"":""BY2O"",""start_mode"":""FILE_START"",""output_type"":""heading_only"",""metric"":""hold_p95_abs_deg"",""value"":""164.47794721637703"",""denominator_or_valid_epochs"":""scored=1885/held=1885/denominator=1885"",""failure_flag"":""NONE"",""source"":""$HX02/RUNS/BY2O__EXT01__LIT__FILE_START__NA; OUTPUT_HASHES.json sha256=0f568b5082f6864d956e1d5e1b59f9a1b10f2ce7d85893c5da2017cd3c64fa00; RUNS/BY2O__EXT01__LIT__FILE_START__NA/eval/HEADING/OUTPUT/HEADING_METRICS.json sha256=06cf737507929fd79be46458018a9eec791fc2b4101481de3206678600802b44"",""notes"":""""}",[],[],[],FULL_RECORD_READ,PRESENT_READ,,,First-delivery subset. Source values preserved; path aliases only. No payload-body read.
HX02-0d41ff8cf6aa45f3dd3a,HX02,CSV_ROW,EXT01,unknown,unknown,BY2O,unknown,LIT,FILE_START,unknown,unknown,NONE,<CODE_ROOT>/docs/paper_rebuild/hext/HX02/EXTERNAL_FIVE_CATEGORY_TABLE.csv,CSV:data_row=163,"{""category"":""dual_antenna_ambiguity_heading"",""method_id"":""EXT01"",""config"":""LIT"",""sequence"":""BY2O"",""start_mode"":""FILE_START"",""output_type"":""heading_only"",""metric"":""no_heading_epochs_before_first_valid"",""value"":""0"",""denominator_or_valid_epochs"":""of 1885"",""failure_flag"":""NONE"",""source"":""$HX02/RUNS/BY2O__EXT01__LIT__FILE_START__NA; OUTPUT_HASHES.json sha256=0f568b5082f6864d956e1d5e1b59f9a1b10f2ce7d85893c5da2017cd3c64fa00; RUNS/BY2O__EXT01__LIT__FILE_START__NA/eval/HEADING/OUTPUT/HEADING_METRICS.json sha256=06cf737507929fd79be46458018a9eec791fc2b4101481de3206678600802b44"",""notes"":""""}",[],[],[],FULL_RECORD_READ,PRESENT_READ,,,First-delivery subset. Source values preserved; path aliases only. No payload-body read.
HX02-0422310f660e902ca85f,HX02,CSV_ROW,EXT01,unknown,unknown,BY2O,unknown,LIT,FILE_START,unknown,unknown,NONE,<CODE_ROOT>/docs/paper_rebuild/hext/HX02/EXTERNAL_FIVE_CATEGORY_TABLE.csv,CSV:data_row=164,"{""category"":""dual_antenna_ambiguity_heading"",""method_id"":""EXT01"",""config"":""LIT"",""sequence"":""BY2O"",""start_mode"":""FILE_START"",""output_type"":""heading_only"",""metric"":""valid_segment_count"",""value"":""17"",""denominator_or_valid_epochs"":""valid=1228"",""failure_flag"":""NONE"",""source"":""$HX02/RUNS/BY2O__EXT01__LIT__FILE_START__NA; OUTPUT_HASHES.json sha256=0f568b5082f6864d956e1d5e1b59f9a1b10f2ce7d85893c5da2017cd3c64fa00; RUNS/BY2O__EXT01__LIT__FILE_START__NA/eval/HEADING/OUTPUT/HEADING_METRICS.json sha256=06cf737507929fd79be46458018a9eec791fc2b4101481de3206678600802b44"",""notes"":""segments split when accepted original epoch indices are nonconsecutive""}",[],[],[],FULL_RECORD_READ,PRESENT_READ,,,First-delivery subset. Source values preserved; path aliases only. No payload-body read.
HX02-8e877819eef6d2935111,HX02,CSV_ROW,EXT01,unknown,unknown,BY2O,unknown,LIT,FILE_START,unknown,unknown,NONE,<CODE_ROOT>/docs/paper_rebuild/hext/HX02/EXTERNAL_FIVE_CATEGORY_TABLE.csv,CSV:data_row=165,"{""category"":""dual_antenna_ambiguity_heading"",""method_id"":""EXT01"",""config"":""LIT"",""sequence"":""BY2O"",""start_mode"":""FILE_START"",""output_type"":""heading_only"",""metric"":""valid_max_gap_s"",""value"":""36.0"",""denominator_or_valid_epochs"":""valid=1228"",""failure_flag"":""NONE"",""source"":""$HX02/RUNS/BY2O__EXT01__LIT__FILE_START__NA; OUTPUT_HASHES.json sha256=0f568b5082f6864d956e1d5e1b59f9a1b10f2ce7d85893c5da2017cd3c64fa00; RUNS/BY2O__EXT01__LIT__FILE_START__NA/eval/HEADING/OUTPUT/HEADING_METRICS.json sha256=06cf737507929fd79be46458018a9eec791fc2b4101481de3206678600802b44"",""notes"":""""}",[],[],[],FULL_RECORD_READ,PRESENT_READ,,,First-delivery subset. Source values preserved; path aliases only. No payload-body read.
HX02-843e8635871275a7243b,HX02,CSV_ROW,EXT01,unknown,unknown,BY2O,unknown,LIT,FILE_START,unknown,unknown,NONE,<CODE_ROOT>/docs/paper_rebuild/hext/HX02/EXTERNAL_FIVE_CATEGORY_TABLE.csv,CSV:data_row=166,"{""category"":""dual_antenna_ambiguity_heading"",""method_id"":""EXT01"",""config"":""LIT"",""sequence"":""BY2O"",""start_mode"":""FILE_START"",""output_type"":""heading_only"",""metric"":""convention_median_deg"",""value"":""-13.418657570043706"",""denominator_or_valid_epochs"":""compared=1513"",""failure_flag"":""NONE"",""source"":""$HX02/RUNS/BY2O__EXT01__LIT__FILE_START__NA; OUTPUT_HASHES.json sha256=0f568b5082f6864d956e1d5e1b59f9a1b10f2ce7d85893c5da2017cd3c64fa00; RUNS/BY2O__EXT01__LIT__FILE_START__NA/eval/HEADING/OUTPUT/HEADING_METRICS.json sha256=06cf737507929fd79be46458018a9eec791fc2b4101481de3206678600802b44"",""notes"":""method body yaw minus dual-fixed HPPOSECEF baseline body yaw; fractions={\""within_20_of_0\"": 0.15598149372108394, \""within_20_of_180\"": 0.0991407799074686, \""within_20_of_plus_minus_90\"": 0.23331130204890946}; status=PASS""}",[],[],[],FULL_RECORD_READ,PRESENT_READ,,,First-delivery subset. Source values preserved; path aliases only. No payload-body read.
HX02-0e4364951363baec0d4c,HX02,CSV_ROW,EXT02,unknown,unknown,BY2O,unknown,LIT,FILE_START,unknown,unknown,NONE,<CODE_ROOT>/docs/paper_rebuild/hext/HX02/EXTERNAL_FIVE_CATEGORY_TABLE.csv,CSV:data_row=167,"{""category"":""dual_antenna_ambiguity_heading"",""method_id"":""EXT02"",""config"":""LIT"",""sequence"":""BY2O"",""start_mode"":""FILE_START"",""output_type"":""heading_only"",""metric"":""availability"",""value"":""0.6318302387267904"",""denominator_or_valid_epochs"":""1191/1885"",""failure_flag"":""NONE"",""source"":""$HX02/RUNS/BY2O__EXT02__LIT__FILE_START__NA; OUTPUT_HASHES.json sha256=5ec2a82917983dbf53d465779b3da85171992fdb18754376b9392d06dbde1eb6; RUNS/BY2O__EXT02__LIT__FILE_START__NA/eval/HEADING/OUTPUT/HEADING_METRICS.json sha256=49778dbe524595d49a45f579f1f901dbe01f6591fd9f09b6a63c7a171fd13ba2"",""notes"":""method-native valid epochs / native paired epochs in window""}",[],[],[],FULL_RECORD_READ,PRESENT_READ,,,First-delivery subset. Source values preserved; path aliases only. No payload-body read.
HX02-93ff55badff922fdfc0d,HX02,CSV_ROW,EXT02,unknown,unknown,BY2O,unknown,LIT,FILE_START,unknown,unknown,NONE,<CODE_ROOT>/docs/paper_rebuild/hext/HX02/EXTERNAL_FIVE_CATEGORY_TABLE.csv,CSV:data_row=168,"{""category"":""dual_antenna_ambiguity_heading"",""method_id"":""EXT02"",""config"":""LIT"",""sequence"":""BY2O"",""start_mode"":""FILE_START"",""output_type"":""heading_only"",""metric"":""valid_rmse_deg"",""value"":""100.81343990406083"",""denominator_or_valid_epochs"":""scored=1191/valid=1191/denominator=1885"",""failure_flag"":""NONE"",""source"":""$HX02/RUNS/BY2O__EXT02__LIT__FILE_START__NA; OUTPUT_HASHES.json sha256=5ec2a82917983dbf53d465779b3da85171992fdb18754376b9392d06dbde1eb6; RUNS/BY2O__EXT02__LIT__FILE_START__NA/eval/HEADING/OUTPUT/HEADING_METRICS.json sha256=49778dbe524595d49a45f579f1f901dbe01f6591fd9f09b6a63c7a171fd13ba2"",""notes"":""wrap-safe error on valid epochs""}",[],[],[],FULL_RECORD_READ,PRESENT_READ,,,First-delivery subset. Source values preserved; path aliases only. No payload-body read.
HX02-0867e951c7e2811b34fe,HX02,CSV_ROW,EXT02,unknown,unknown,BY2O,unknown,LIT,FILE_START,unknown,unknown,NONE,<CODE_ROOT>/docs/paper_rebuild/hext/HX02/EXTERNAL_FIVE_CATEGORY_TABLE.csv,CSV:data_row=169,"{""category"":""dual_antenna_ambiguity_heading"",""method_id"":""EXT02"",""config"":""LIT"",""sequence"":""BY2O"",""start_mode"":""FILE_START"",""output_type"":""heading_only"",""metric"":""valid_max_abs_deg"",""value"":""179.26209915383697"",""denominator_or_valid_epochs"":""scored=1191/valid=1191/denominator=1885"",""failure_flag"":""NONE"",""source"":""$HX02/RUNS/BY2O__EXT02__LIT__FILE_START__NA; OUTPUT_HASHES.json sha256=5ec2a82917983dbf53d465779b3da85171992fdb18754376b9392d06dbde1eb6; RUNS/BY2O__EXT02__LIT__FILE_START__NA/eval/HEADING/OUTPUT/HEADING_METRICS.json sha256=49778dbe524595d49a45f579f1f901dbe01f6591fd9f09b6a63c7a171fd13ba2"",""notes"":""""}",[],[],[],FULL_RECORD_READ,PRESENT_READ,,,First-delivery subset. Source values preserved; path aliases only. No payload-body read.
HX02-b497d9dc27e7096f7bd9,HX02,CSV_ROW,EXT02,unknown,unknown,BY2O,unknown,LIT,FILE_START,unknown,unknown,NONE,<CODE_ROOT>/docs/paper_rebuild/hext/HX02/EXTERNAL_FIVE_CATEGORY_TABLE.csv,CSV:data_row=170,"{""category"":""dual_antenna_ambiguity_heading"",""method_id"":""EXT02"",""config"":""LIT"",""sequence"":""BY2O"",""start_mode"":""FILE_START"",""output_type"":""heading_only"",""metric"":""valid_p95_abs_deg"",""value"":""165.4952160765959"",""denominator_or_valid_epochs"":""scored=1191/valid=1191/denominator=1885"",""failure_flag"":""NONE"",""source"":""$HX02/RUNS/BY2O__EXT02__LIT__FILE_START__NA; OUTPUT_HASHES.json sha256=5ec2a82917983dbf53d465779b3da85171992fdb18754376b9392d06dbde1eb6; RUNS/BY2O__EXT02__LIT__FILE_START__NA/eval/HEADING/OUTPUT/HEADING_METRICS.json sha256=49778dbe524595d49a45f579f1f901dbe01f6591fd9f09b6a63c7a171fd13ba2"",""notes"":""""}",[],[],[],FULL_RECORD_READ,PRESENT_READ,,,First-delivery subset. Source values preserved; path aliases only. No payload-body read.
HX02-275fa56e6d919934ba77,HX02,CSV_ROW,EXT02,unknown,unknown,BY2O,unknown,LIT,FILE_START,unknown,unknown,NONE,<CODE_ROOT>/docs/paper_rebuild/hext/HX02/EXTERNAL_FIVE_CATEGORY_TABLE.csv,CSV:data_row=171,"{""category"":""dual_antenna_ambiguity_heading"",""method_id"":""EXT02"",""config"":""LIT"",""sequence"":""BY2O"",""start_mode"":""FILE_START"",""output_type"":""heading_only"",""metric"":""valid_circular_bias_deg"",""value"":""-17.88975069537105"",""denominator_or_valid_epochs"":""scored=1191/valid=1191/denominator=1885"",""failure_flag"":""NONE"",""source"":""$HX02/RUNS/BY2O__EXT02__LIT__FILE_START__NA; OUTPUT_HASHES.json sha256=5ec2a82917983dbf53d465779b3da85171992fdb18754376b9392d06dbde1eb6; RUNS/BY2O__EXT02__LIT__FILE_START__NA/eval/HEADING/OUTPUT/HEADING_METRICS.json sha256=49778dbe524595d49a45f579f1f901dbe01f6591fd9f09b6a63c7a171fd13ba2"",""notes"":""circular mean of the wrap-safe error""}",[],[],[],FULL_RECORD_READ,PRESENT_READ,,,First-delivery subset. Source values preserved; path aliases only. No payload-body read.
HX02-c9af94f74627c299a059,HX02,CSV_ROW,EXT02,unknown,unknown,BY2O,unknown,LIT,FILE_START,unknown,unknown,NONE,<CODE_ROOT>/docs/paper_rebuild/hext/HX02/EXTERNAL_FIVE_CATEGORY_TABLE.csv,CSV:data_row=172,"{""category"":""dual_antenna_ambiguity_heading"",""method_id"":""EXT02"",""config"":""LIT"",""sequence"":""BY2O"",""start_mode"":""FILE_START"",""output_type"":""heading_only"",""metric"":""hold_rmse_deg"",""value"":""106.3509857592976"",""denominator_or_valid_epochs"":""scored=1885/held=1885/denominator=1885"",""failure_flag"":""NONE"",""source"":""$HX02/RUNS/BY2O__EXT02__LIT__FILE_START__NA; OUTPUT_HASHES.json sha256=5ec2a82917983dbf53d465779b3da85171992fdb18754376b9392d06dbde1eb6; RUNS/BY2O__EXT02__LIT__FILE_START__NA/eval/HEADING/OUTPUT/HEADING_METRICS.json sha256=49778dbe524595d49a45f579f1f901dbe01f6591fd9f09b6a63c7a171fd13ba2"",""notes"":""hold last valid over the window; no_heading_epochs_before_first_valid=0 (not scored as zero)""}",[],[],[],FULL_RECORD_READ,PRESENT_READ,,,First-delivery subset. Source values preserved; path aliases only. No payload-body read.
HX02-c2ebbccd32159e4eb74d,HX02,CSV_ROW,EXT02,unknown,unknown,BY2O,unknown,LIT,FILE_START,unknown,unknown,NONE,<CODE_ROOT>/docs/paper_rebuild/hext/HX02/EXTERNAL_FIVE_CATEGORY_TABLE.csv,CSV:data_row=173,"{""category"":""dual_antenna_ambiguity_heading"",""method_id"":""EXT02"",""config"":""LIT"",""sequence"":""BY2O"",""start_mode"":""FILE_START"",""output_type"":""heading_only"",""metric"":""hold_max_abs_deg"",""value"":""179.26209915383697"",""denominator_or_valid_epochs"":""scored=1885/held=1885/denominator=1885"",""failure_flag"":""NONE"",""source"":""$HX02/RUNS/BY2O__EXT02__LIT__FILE_START__NA; OUTPUT_HASHES.json sha256=5ec2a82917983dbf53d465779b3da85171992fdb18754376b9392d06dbde1eb6; RUNS/BY2O__EXT02__LIT__FILE_START__NA/eval/HEADING/OUTPUT/HEADING_METRICS.json sha256=49778dbe524595d49a45f579f1f901dbe01f6591fd9f09b6a63c7a171fd13ba2"",""notes"":""""}",[],[],[],FULL_RECORD_READ,PRESENT_READ,,,First-delivery subset. Source values preserved; path aliases only. No payload-body read.
HX02-017fe30ddd5c3f7fdbf6,HX02,CSV_ROW,EXT02,unknown,unknown,BY2O,unknown,LIT,FILE_START,unknown,unknown,NONE,<CODE_ROOT>/docs/paper_rebuild/hext/HX02/EXTERNAL_FIVE_CATEGORY_TABLE.csv,CSV:data_row=174,"{""category"":""dual_antenna_ambiguity_heading"",""method_id"":""EXT02"",""config"":""LIT"",""sequence"":""BY2O"",""start_mode"":""FILE_START"",""output_type"":""heading_only"",""metric"":""hold_p95_abs_deg"",""value"":""164.21505486722614"",""denominator_or_valid_epochs"":""scored=1885/held=1885/denominator=1885"",""failure_flag"":""NONE"",""source"":""$HX02/RUNS/BY2O__EXT02__LIT__FILE_START__NA; OUTPUT_HASHES.json sha256=5ec2a82917983dbf53d465779b3da85171992fdb18754376b9392d06dbde1eb6; RUNS/BY2O__EXT02__LIT__FILE_START__NA/eval/HEADING/OUTPUT/HEADING_METRICS.json sha256=49778dbe524595d49a45f579f1f901dbe01f6591fd9f09b6a63c7a171fd13ba2"",""notes"":""""}",[],[],[],FULL_RECORD_READ,PRESENT_READ,,,First-delivery subset. Source values preserved; path aliases only. No payload-body read.
HX02-286307cc42d15f02b974,HX02,CSV_ROW,EXT02,unknown,unknown,BY2O,unknown,LIT,FILE_START,unknown,unknown,NONE,<CODE_ROOT>/docs/paper_rebuild/hext/HX02/EXTERNAL_FIVE_CATEGORY_TABLE.csv,CSV:data_row=175,"{""category"":""dual_antenna_ambiguity_heading"",""method_id"":""EXT02"",""config"":""LIT"",""sequence"":""BY2O"",""start_mode"":""FILE_START"",""output_type"":""heading_only"",""metric"":""no_heading_epochs_before_first_valid"",""value"":""0"",""denominator_or_valid_epochs"":""of 1885"",""failure_flag"":""NONE"",""source"":""$HX02/RUNS/BY2O__EXT02__LIT__FILE_START__NA; OUTPUT_HASHES.json sha256=5ec2a82917983dbf53d465779b3da85171992fdb18754376b9392d06dbde1eb6; RUNS/BY2O__EXT02__LIT__FILE_START__NA/eval/HEADING/OUTPUT/HEADING_METRICS.json sha256=49778dbe524595d49a45f579f1f901dbe01f6591fd9f09b6a63c7a171fd13ba2"",""notes"":""""}",[],[],[],FULL_RECORD_READ,PRESENT_READ,,,First-delivery subset. Source values preserved; path aliases only. No payload-body read.
HX02-48dc7b3c5f0f68ec7b68,HX02,CSV_ROW,EXT02,unknown,unknown,BY2O,unknown,LIT,FILE_START,unknown,unknown,NONE,<CODE_ROOT>/docs/paper_rebuild/hext/HX02/EXTERNAL_FIVE_CATEGORY_TABLE.csv,CSV:data_row=176,"{""category"":""dual_antenna_ambiguity_heading"",""method_id"":""EXT02"",""config"":""LIT"",""sequence"":""BY2O"",""start_mode"":""FILE_START"",""output_type"":""heading_only"",""metric"":""valid_segment_count"",""value"":""45"",""denominator_or_valid_epochs"":""valid=1191"",""failure_flag"":""NONE"",""source"":""$HX02/RUNS/BY2O__EXT02__LIT__FILE_START__NA; OUTPUT_HASHES.json sha256=5ec2a82917983dbf53d465779b3da85171992fdb18754376b9392d06dbde1eb6; RUNS/BY2O__EXT02__LIT__FILE_START__NA/eval/HEADING/OUTPUT/HEADING_METRICS.json sha256=49778dbe524595d49a45f579f1f901dbe01f6591fd9f09b6a63c7a171fd13ba2"",""notes"":""segments split when accepted original epoch indices are nonconsecutive""}",[],[],[],FULL_RECORD_READ,PRESENT_READ,,,First-delivery subset. Source values preserved; path aliases only. No payload-body read.
HX02-a4874667a1afeb7c9eeb,HX02,CSV_ROW,EXT02,unknown,unknown,BY2O,unknown,LIT,FILE_START,unknown,unknown,NONE,<CODE_ROOT>/docs/paper_rebuild/hext/HX02/EXTERNAL_FIVE_CATEGORY_TABLE.csv,CSV:data_row=177,"{""category"":""dual_antenna_ambiguity_heading"",""method_id"":""EXT02"",""config"":""LIT"",""sequence"":""BY2O"",""start_mode"":""FILE_START"",""output_type"":""heading_only"",""metric"":""valid_max_gap_s"",""value"":""36.0"",""denominator_or_valid_epochs"":""valid=1191"",""failure_flag"":""NONE"",""source"":""$HX02/RUNS/BY2O__EXT02__LIT__FILE_START__NA; OUTPUT_HASHES.json sha256=5ec2a82917983dbf53d465779b3da85171992fdb18754376b9392d06dbde1eb6; RUNS/BY2O__EXT02__LIT__FILE_START__NA/eval/HEADING/OUTPUT/HEADING_METRICS.json sha256=49778dbe524595d49a45f579f1f901dbe01f6591fd9f09b6a63c7a171fd13ba2"",""notes"":""""}",[],[],[],FULL_RECORD_READ,PRESENT_READ,,,First-delivery subset. Source values preserved; path aliases only. No payload-body read.
HX02-b18d15ca5978cacf0d2d,HX02,CSV_ROW,EXT02,unknown,unknown,BY2O,unknown,LIT,FILE_START,unknown,unknown,NONE,<CODE_ROOT>/docs/paper_rebuild/hext/HX02/EXTERNAL_FIVE_CATEGORY_TABLE.csv,CSV:data_row=178,"{""category"":""dual_antenna_ambiguity_heading"",""method_id"":""EXT02"",""config"":""LIT"",""sequence"":""BY2O"",""start_mode"":""FILE_START"",""output_type"":""heading_only"",""metric"":""convention_median_deg"",""value"":""-13.917135276787747"",""denominator_or_valid_epochs"":""compared=1462"",""failure_flag"":""NONE"",""source"":""$HX02/RUNS/BY2O__EXT02__LIT__FILE_START__NA; OUTPUT_HASHES.json sha256=5ec2a82917983dbf53d465779b3da85171992fdb18754376b9392d06dbde1eb6; RUNS/BY2O__EXT02__LIT__FILE_START__NA/eval/HEADING/OUTPUT/HEADING_METRICS.json sha256=49778dbe524595d49a45f579f1f901dbe01f6591fd9f09b6a63c7a171fd13ba2"",""notes"":""method body yaw minus dual-fixed HPPOSECEF baseline body yaw; fractions={\""within_20_of_0\"": 0.15800273597811218, \""within_20_of_180\"": 0.09370725034199727, \""within_20_of_plus_minus_90\"": 0.23666210670314639}; status=PASS""}",[],[],[],FULL_RECORD_READ,PRESENT_READ,,,First-delivery subset. Source values preserved; path aliases only. No payload-body read.
HX02-e83bfd15dcc2c4329f96,HX02,CSV_ROW,EXT03,unknown,unknown,BY2O,unknown,LIT,FILE_START,unknown,unknown,NONE,<CODE_ROOT>/docs/paper_rebuild/hext/HX02/EXTERNAL_FIVE_CATEGORY_TABLE.csv,CSV:data_row=179,"{""category"":""dual_antenna_ambiguity_heading"",""method_id"":""EXT03"",""config"":""LIT"",""sequence"":""BY2O"",""start_mode"":""FILE_START"",""output_type"":""heading_only"",""metric"":""availability"",""value"":""0.1427055702917772"",""denominator_or_valid_epochs"":""269/1885"",""failure_flag"":""NONE"",""source"":""$HX02/RUNS/BY2O__EXT03__LIT__FILE_START__NA; OUTPUT_HASHES.json sha256=2c7dcb9b8a9c138c85dcd4bffa63fd5298950805b1b94f2757fda9bca9cd608a; RUNS/BY2O__EXT03__LIT__FILE_START__NA/eval/HEADING/OUTPUT/HEADING_METRICS.json sha256=66e53188360baadaee32563f6b5111f976b72389fd2053e4ca030a79cb7921d4"",""notes"":""method-native valid epochs / native paired epochs in window""}",[],[],[],FULL_RECORD_READ,PRESENT_READ,,,First-delivery subset. Source values preserved; path aliases only. No payload-body read.
HX02-c13617a52999eee212c5,HX02,CSV_ROW,EXT03,unknown,unknown,BY2O,unknown,LIT,FILE_START,unknown,unknown,NONE,<CODE_ROOT>/docs/paper_rebuild/hext/HX02/EXTERNAL_FIVE_CATEGORY_TABLE.csv,CSV:data_row=180,"{""category"":""dual_antenna_ambiguity_heading"",""method_id"":""EXT03"",""config"":""LIT"",""sequence"":""BY2O"",""start_mode"":""FILE_START"",""output_type"":""heading_only"",""metric"":""valid_rmse_deg"",""value"":""112.4324012480508"",""denominator_or_valid_epochs"":""scored=269/valid=269/denominator=1885"",""failure_flag"":""NONE"",""source"":""$HX02/RUNS/BY2O__EXT03__LIT__FILE_START__NA; OUTPUT_HASHES.json sha256=2c7dcb9b8a9c138c85dcd4bffa63fd5298950805b1b94f2757fda9bca9cd608a; RUNS/BY2O__EXT03__LIT__FILE_START__NA/eval/HEADING/OUTPUT/HEADING_METRICS.json sha256=66e53188360baadaee32563f6b5111f976b72389fd2053e4ca030a79cb7921d4"",""notes"":""wrap-safe error on valid epochs""}",[],[],[],FULL_RECORD_READ,PRESENT_READ,,,First-delivery subset. Source values preserved; path aliases only. No payload-body read.
HX02-639e7055f4d305be0f40,HX02,CSV_ROW,EXT03,unknown,unknown,BY2O,unknown,LIT,FILE_START,unknown,unknown,NONE,<CODE_ROOT>/docs/paper_rebuild/hext/HX02/EXTERNAL_FIVE_CATEGORY_TABLE.csv,CSV:data_row=181,"{""category"":""dual_antenna_ambiguity_heading"",""method_id"":""EXT03"",""config"":""LIT"",""sequence"":""BY2O"",""start_mode"":""FILE_START"",""output_type"":""heading_only"",""metric"":""valid_max_abs_deg"",""value"":""179.48608910874827"",""denominator_or_valid_epochs"":""scored=269/valid=269/denominator=1885"",""failure_flag"":""NONE"",""source"":""$HX02/RUNS/BY2O__EXT03__LIT__FILE_START__NA; OUTPUT_HASHES.json sha256=2c7dcb9b8a9c138c85dcd4bffa63fd5298950805b1b94f2757fda9bca9cd608a; RUNS/BY2O__EXT03__LIT__FILE_START__NA/eval/HEADING/OUTPUT/HEADING_METRICS.json sha256=66e53188360baadaee32563f6b5111f976b72389fd2053e4ca030a79cb7921d4"",""notes"":""""}",[],[],[],FULL_RECORD_READ,PRESENT_READ,,,First-delivery subset. Source values preserved; path aliases only. No payload-body read.
HX02-aa07e3f6a8be90f68802,HX02,CSV_ROW,EXT03,unknown,unknown,BY2O,unknown,LIT,FILE_START,unknown,unknown,NONE,<CODE_ROOT>/docs/paper_rebuild/hext/HX02/EXTERNAL_FIVE_CATEGORY_TABLE.csv,CSV:data_row=182,"{""category"":""dual_antenna_ambiguity_heading"",""method_id"":""EXT03"",""config"":""LIT"",""sequence"":""BY2O"",""start_mode"":""FILE_START"",""output_type"":""heading_only"",""metric"":""valid_p95_abs_deg"",""value"":""173.32087800633644"",""denominator_or_valid_epochs"":""scored=269/valid=269/denominator=1885"",""failure_flag"":""NONE"",""source"":""$HX02/RUNS/BY2O__EXT03__LIT__FILE_START__NA; OUTPUT_HASHES.json sha256=2c7dcb9b8a9c138c85dcd4bffa63fd5298950805b1b94f2757fda9bca9cd608a; RUNS/BY2O__EXT03__LIT__FILE_START__NA/eval/HEADING/OUTPUT/HEADING_METRICS.json sha256=66e53188360baadaee32563f6b5111f976b72389fd2053e4ca030a79cb7921d4"",""notes"":""""}",[],[],[],FULL_RECORD_READ,PRESENT_READ,,,First-delivery subset. Source values preserved; path aliases only. No payload-body read.
HX02-673bd3177f4512822b73,HX02,CSV_ROW,EXT03,unknown,unknown,BY2O,unknown,LIT,FILE_START,unknown,unknown,NONE,<CODE_ROOT>/docs/paper_rebuild/hext/HX02/EXTERNAL_FIVE_CATEGORY_TABLE.csv,CSV:data_row=183,"{""category"":""dual_antenna_ambiguity_heading"",""method_id"":""EXT03"",""config"":""LIT"",""sequence"":""BY2O"",""start_mode"":""FILE_START"",""output_type"":""heading_only"",""metric"":""valid_circular_bias_deg"",""value"":""102.75418219188504"",""denominator_or_valid_epochs"":""scored=269/valid=269/denominator=1885"",""failure_flag"":""NONE"",""source"":""$HX02/RUNS/BY2O__EXT03__LIT__FILE_START__NA; OUTPUT_HASHES.json sha256=2c7dcb9b8a9c138c85dcd4bffa63fd5298950805b1b94f2757fda9bca9cd608a; RUNS/BY2O__EXT03__LIT__FILE_START__NA/eval/HEADING/OUTPUT/HEADING_METRICS.json sha256=66e53188360baadaee32563f6b5111f976b72389fd2053e4ca030a79cb7921d4"",""notes"":""circular mean of the wrap-safe error""}",[],[],[],FULL_RECORD_READ,PRESENT_READ,,,First-delivery subset. Source values preserved; path aliases only. No payload-body read.
HX02-13c76f34708704f75a36,HX02,CSV_ROW,EXT03,unknown,unknown,BY2O,unknown,LIT,FILE_START,unknown,unknown,NONE,<CODE_ROOT>/docs/paper_rebuild/hext/HX02/EXTERNAL_FIVE_CATEGORY_TABLE.csv,CSV:data_row=184,"{""category"":""dual_antenna_ambiguity_heading"",""method_id"":""EXT03"",""config"":""LIT"",""sequence"":""BY2O"",""start_mode"":""FILE_START"",""output_type"":""heading_only"",""metric"":""hold_rmse_deg"",""value"":""109.11167030149767"",""denominator_or_valid_epochs"":""scored=1885/held=1885/denominator=1885"",""failure_flag"":""NONE"",""source"":""$HX02/RUNS/BY2O__EXT03__LIT__FILE_START__NA; OUTPUT_HASHES.json sha256=2c7dcb9b8a9c138c85dcd4bffa63fd5298950805b1b94f2757fda9bca9cd608a; RUNS/BY2O__EXT03__LIT__FILE_START__NA/eval/HEADING/OUTPUT/HEADING_METRICS.json sha256=66e53188360baadaee32563f6b5111f976b72389fd2053e4ca030a79cb7921d4"",""notes"":""hold last valid over the window; no_heading_epochs_before_first_valid=0 (not scored as zero)""}",[],[],[],FULL_RECORD_READ,PRESENT_READ,,,First-delivery subset. Source values preserved; path aliases only. No payload-body read.
HX02-12339f547f429f47cb2d,HX02,CSV_ROW,EXT03,unknown,unknown,BY2O,unknown,LIT,FILE_START,unknown,unknown,NONE,<CODE_ROOT>/docs/paper_rebuild/hext/HX02/EXTERNAL_FIVE_CATEGORY_TABLE.csv,CSV:data_row=185,"{""category"":""dual_antenna_ambiguity_heading"",""method_id"":""EXT03"",""config"":""LIT"",""sequence"":""BY2O"",""start_mode"":""FILE_START"",""output_type"":""heading_only"",""metric"":""hold_max_abs_deg"",""value"":""179.94749577976853"",""denominator_or_valid_epochs"":""scored=1885/held=1885/denominator=1885"",""failure_flag"":""NONE"",""source"":""$HX02/RUNS/BY2O__EXT03__LIT__FILE_START__NA; OUTPUT_HASHES.json sha256=2c7dcb9b8a9c138c85dcd4bffa63fd5298950805b1b94f2757fda9bca9cd608a; RUNS/BY2O__EXT03__LIT__FILE_START__NA/eval/HEADING/OUTPUT/HEADING_METRICS.json sha256=66e53188360baadaee32563f6b5111f976b72389fd2053e4ca030a79cb7921d4"",""notes"":""""}",[],[],[],FULL_RECORD_READ,PRESENT_READ,,,First-delivery subset. Source values preserved; path aliases only. No payload-body read.
HX02-e65df373d13e4499a6cd,HX02,CSV_ROW,EXT03,unknown,unknown,BY2O,unknown,LIT,FILE_START,unknown,unknown,NONE,<CODE_ROOT>/docs/paper_rebuild/hext/HX02/EXTERNAL_FIVE_CATEGORY_TABLE.csv,CSV:data_row=186,"{""category"":""dual_antenna_ambiguity_heading"",""method_id"":""EXT03"",""config"":""LIT"",""sequence"":""BY2O"",""start_mode"":""FILE_START"",""output_type"":""heading_only"",""metric"":""hold_p95_abs_deg"",""value"":""169.95860501532314"",""denominator_or_valid_epochs"":""scored=1885/held=1885/denominator=1885"",""failure_flag"":""NONE"",""source"":""$HX02/RUNS/BY2O__EXT03__LIT__FILE_START__NA; OUTPUT_HASHES.json sha256=2c7dcb9b8a9c138c85dcd4bffa63fd5298950805b1b94f2757fda9bca9cd608a; RUNS/BY2O__EXT03__LIT__FILE_START__NA/eval/HEADING/OUTPUT/HEADING_METRICS.json sha256=66e53188360baadaee32563f6b5111f976b72389fd2053e4ca030a79cb7921d4"",""notes"":""""}",[],[],[],FULL_RECORD_READ,PRESENT_READ,,,First-delivery subset. Source values preserved; path aliases only. No payload-body read.
HX02-18c1e08b6a875d53813a,HX02,CSV_ROW,EXT03,unknown,unknown,BY2O,unknown,LIT,FILE_START,unknown,unknown,NONE,<CODE_ROOT>/docs/paper_rebuild/hext/HX02/EXTERNAL_FIVE_CATEGORY_TABLE.csv,CSV:data_row=187,"{""category"":""dual_antenna_ambiguity_heading"",""method_id"":""EXT03"",""config"":""LIT"",""sequence"":""BY2O"",""start_mode"":""FILE_START"",""output_type"":""heading_only"",""metric"":""no_heading_epochs_before_first_valid"",""value"":""0"",""denominator_or_valid_epochs"":""of 1885"",""failure_flag"":""NONE"",""source"":""$HX02/RUNS/BY2O__EXT03__LIT__FILE_START__NA; OUTPUT_HASHES.json sha256=2c7dcb9b8a9c138c85dcd4bffa63fd5298950805b1b94f2757fda9bca9cd608a; RUNS/BY2O__EXT03__LIT__FILE_START__NA/eval/HEADING/OUTPUT/HEADING_METRICS.json sha256=66e53188360baadaee32563f6b5111f976b72389fd2053e4ca030a79cb7921d4"",""notes"":""""}",[],[],[],FULL_RECORD_READ,PRESENT_READ,,,First-delivery subset. Source values preserved; path aliases only. No payload-body read.
HX02-0f6c86be55f170e37430,HX02,CSV_ROW,EXT03,unknown,unknown,BY2O,unknown,LIT,FILE_START,unknown,unknown,NONE,<CODE_ROOT>/docs/paper_rebuild/hext/HX02/EXTERNAL_FIVE_CATEGORY_TABLE.csv,CSV:data_row=188,"{""category"":""dual_antenna_ambiguity_heading"",""method_id"":""EXT03"",""config"":""LIT"",""sequence"":""BY2O"",""start_mode"":""FILE_START"",""output_type"":""heading_only"",""metric"":""valid_segment_count"",""value"":""21"",""denominator_or_valid_epochs"":""valid=269"",""failure_flag"":""NONE"",""source"":""$HX02/RUNS/BY2O__EXT03__LIT__FILE_START__NA; OUTPUT_HASHES.json sha256=2c7dcb9b8a9c138c85dcd4bffa63fd5298950805b1b94f2757fda9bca9cd608a; RUNS/BY2O__EXT03__LIT__FILE_START__NA/eval/HEADING/OUTPUT/HEADING_METRICS.json sha256=66e53188360baadaee32563f6b5111f976b72389fd2053e4ca030a79cb7921d4"",""notes"":""segments split when accepted original epoch indices are nonconsecutive""}",[],[],[],FULL_RECORD_READ,PRESENT_READ,,,First-delivery subset. Source values preserved; path aliases only. No payload-body read.
HX02-c97013de27ef40a2f593,HX02,CSV_ROW,EXT03,unknown,unknown,BY2O,unknown,LIT,FILE_START,unknown,unknown,NONE,<CODE_ROOT>/docs/paper_rebuild/hext/HX02/EXTERNAL_FIVE_CATEGORY_TABLE.csv,CSV:data_row=189,"{""category"":""dual_antenna_ambiguity_heading"",""method_id"":""EXT03"",""config"":""LIT"",""sequence"":""BY2O"",""start_mode"":""FILE_START"",""output_type"":""heading_only"",""metric"":""valid_max_gap_s"",""value"":""92.20000004768372"",""denominator_or_valid_epochs"":""valid=269"",""failure_flag"":""NONE"",""source"":""$HX02/RUNS/BY2O__EXT03__LIT__FILE_START__NA; OUTPUT_HASHES.json sha256=2c7dcb9b8a9c138c85dcd4bffa63fd5298950805b1b94f2757fda9bca9cd608a; RUNS/BY2O__EXT03__LIT__FILE_START__NA/eval/HEADING/OUTPUT/HEADING_METRICS.json sha256=66e53188360baadaee32563f6b5111f976b72389fd2053e4ca030a79cb7921d4"",""notes"":""""}",[],[],[],FULL_RECORD_READ,PRESENT_READ,,,First-delivery subset. Source values preserved; path aliases only. No payload-body read.
HX02-c71ff5e06cae290366e6,HX02,CSV_ROW,EXT03,unknown,unknown,BY2O,unknown,LIT,FILE_START,unknown,unknown,NONE,<CODE_ROOT>/docs/paper_rebuild/hext/HX02/EXTERNAL_FIVE_CATEGORY_TABLE.csv,CSV:data_row=190,"{""category"":""dual_antenna_ambiguity_heading"",""method_id"":""EXT03"",""config"":""LIT"",""sequence"":""BY2O"",""start_mode"":""FILE_START"",""output_type"":""heading_only"",""metric"":""ratio_fixed_rate"",""value"":""0.002652519893899204"",""denominator_or_valid_epochs"":""5/1885"",""failure_flag"":""NONE"",""source"":""$HX02/RUNS/BY2O__EXT03__LIT__FILE_START__NA; OUTPUT_HASHES.json sha256=2c7dcb9b8a9c138c85dcd4bffa63fd5298950805b1b94f2757fda9bca9cd608a; RUNS/BY2O__EXT03__LIT__FILE_START__NA/eval/HEADING/OUTPUT/HEADING_METRICS.json sha256=66e53188360baadaee32563f6b5111f976b72389fd2053e4ca030a79cb7921d4"",""notes"":""paper ratio test passed""}",[],[],[],FULL_RECORD_READ,PRESENT_READ,,,First-delivery subset. Source values preserved; path aliases only. No payload-body read.
HX02-08af8abd2c8a9623336d,HX02,CSV_ROW,EXT03,unknown,unknown,BY2O,unknown,LIT,FILE_START,unknown,unknown,NONE,<CODE_ROOT>/docs/paper_rebuild/hext/HX02/EXTERNAL_FIVE_CATEGORY_TABLE.csv,CSV:data_row=191,"{""category"":""dual_antenna_ambiguity_heading"",""method_id"":""EXT03"",""config"":""LIT"",""sequence"":""BY2O"",""start_mode"":""FILE_START"",""output_type"":""heading_only"",""metric"":""ratio_fixed_rmse_deg"",""value"":""35.139951039067995"",""denominator_or_valid_epochs"":""scored=5"",""failure_flag"":""NONE"",""source"":""$HX02/RUNS/BY2O__EXT03__LIT__FILE_START__NA; OUTPUT_HASHES.json sha256=2c7dcb9b8a9c138c85dcd4bffa63fd5298950805b1b94f2757fda9bca9cd608a; RUNS/BY2O__EXT03__LIT__FILE_START__NA/eval/HEADING/OUTPUT/HEADING_METRICS.json sha256=66e53188360baadaee32563f6b5111f976b72389fd2053e4ca030a79cb7921d4"",""notes"":""""}",[],[],[],FULL_RECORD_READ,PRESENT_READ,,,First-delivery subset. Source values preserved; path aliases only. No payload-body read.
HX02-5bd4de4c9bca0159991b,HX02,CSV_ROW,EXT03,unknown,unknown,BY2O,unknown,LIT,FILE_START,unknown,unknown,NONE,<CODE_ROOT>/docs/paper_rebuild/hext/HX02/EXTERNAL_FIVE_CATEGORY_TABLE.csv,CSV:data_row=192,"{""category"":""dual_antenna_ambiguity_heading"",""method_id"":""EXT03"",""config"":""LIT"",""sequence"":""BY2O"",""start_mode"":""FILE_START"",""output_type"":""heading_only"",""metric"":""convention_median_deg"",""value"":""45.92095301976053"",""denominator_or_valid_epochs"":""compared=493"",""failure_flag"":""NONE"",""source"":""$HX02/RUNS/BY2O__EXT03__LIT__FILE_START__NA; OUTPUT_HASHES.json sha256=2c7dcb9b8a9c138c85dcd4bffa63fd5298950805b1b94f2757fda9bca9cd608a; RUNS/BY2O__EXT03__LIT__FILE_START__NA/eval/HEADING/OUTPUT/HEADING_METRICS.json sha256=66e53188360baadaee32563f6b5111f976b72389fd2053e4ca030a79cb7921d4"",""notes"":""method body yaw minus dual-fixed HPPOSECEF baseline body yaw; fractions={\""within_20_of_0\"": 0.05476673427991886, \""within_20_of_180\"": 0.05273833671399594, \""within_20_of_plus_minus_90\"": 0.02231237322515213}; status=PASS""}",[],[],[],FULL_RECORD_READ,PRESENT_READ,,,First-delivery subset. Source values preserved; path aliases only. No payload-body read.
HX02-441647774e0cd05a52ab,HX02,CSV_ROW,EXT04_FAR,unknown,unknown,BY2O,unknown,LIT,FILE_START,unknown,unknown,NONE,<CODE_ROOT>/docs/paper_rebuild/hext/HX02/EXTERNAL_FIVE_CATEGORY_TABLE.csv,CSV:data_row=193,"{""category"":""dual_antenna_ambiguity_heading"",""method_id"":""EXT04_FAR"",""config"":""LIT"",""sequence"":""BY2O"",""start_mode"":""FILE_START"",""output_type"":""heading_only"",""metric"":""availability"",""value"":""0.0"",""denominator_or_valid_epochs"":""0/1885"",""failure_flag"":""NONE"",""source"":""$HX02/RUNS/BY2O__EXT04__LIT__FILE_START__NA; OUTPUT_HASHES.json sha256=bb6f2f4d81a40d3d894b3af9ad242955ea9fb5b4e436cc54b6ecec631cb712d3; RUNS/BY2O__EXT04__LIT__FILE_START__NA/eval/HEADING/OUTPUT/HEADING_METRICS.json sha256=26c6bd0750b25fdbbefc65d028691f451ba95a80761638a2df3258ff63055a35"",""notes"":""method-native valid epochs / native paired epochs in window""}",[],[],[],FULL_RECORD_READ,PRESENT_READ,,,First-delivery subset. Source values preserved; path aliases only. No payload-body read.
HX02-f943f0194e7b4c50ec58,HX02,CSV_ROW,EXT04_FAR,unknown,unknown,BY2O,unknown,LIT,FILE_START,unknown,unknown,NONE,<CODE_ROOT>/docs/paper_rebuild/hext/HX02/EXTERNAL_FIVE_CATEGORY_TABLE.csv,CSV:data_row=194,"{""category"":""dual_antenna_ambiguity_heading"",""method_id"":""EXT04_FAR"",""config"":""LIT"",""sequence"":""BY2O"",""start_mode"":""FILE_START"",""output_type"":""heading_only"",""metric"":""valid_rmse_deg"",""value"":""UNAVAILABLE"",""denominator_or_valid_epochs"":""scored=0/valid=0/denominator=1885"",""failure_flag"":""NONE"",""source"":""$HX02/RUNS/BY2O__EXT04__LIT__FILE_START__NA; OUTPUT_HASHES.json sha256=bb6f2f4d81a40d3d894b3af9ad242955ea9fb5b4e436cc54b6ecec631cb712d3; RUNS/BY2O__EXT04__LIT__FILE_START__NA/eval/HEADING/OUTPUT/HEADING_METRICS.json sha256=26c6bd0750b25fdbbefc65d028691f451ba95a80761638a2df3258ff63055a35"",""notes"":""wrap-safe error on valid epochs""}",[],[],[],FULL_RECORD_READ,PRESENT_READ,,,First-delivery subset. Source values preserved; path aliases only. No payload-body read.
HX02-99313c04927aa9308a6c,HX02,CSV_ROW,EXT04_FAR,unknown,unknown,BY2O,unknown,LIT,FILE_START,unknown,unknown,NONE,<CODE_ROOT>/docs/paper_rebuild/hext/HX02/EXTERNAL_FIVE_CATEGORY_TABLE.csv,CSV:data_row=195,"{""category"":""dual_antenna_ambiguity_heading"",""method_id"":""EXT04_FAR"",""config"":""LIT"",""sequence"":""BY2O"",""start_mode"":""FILE_START"",""output_type"":""heading_only"",""metric"":""valid_max_abs_deg"",""value"":""UNAVAILABLE"",""denominator_or_valid_epochs"":""scored=0/valid=0/denominator=1885"",""failure_flag"":""NONE"",""source"":""$HX02/RUNS/BY2O__EXT04__LIT__FILE_START__NA; OUTPUT_HASHES.json sha256=bb6f2f4d81a40d3d894b3af9ad242955ea9fb5b4e436cc54b6ecec631cb712d3; RUNS/BY2O__EXT04__LIT__FILE_START__NA/eval/HEADING/OUTPUT/HEADING_METRICS.json sha256=26c6bd0750b25fdbbefc65d028691f451ba95a80761638a2df3258ff63055a35"",""notes"":""""}",[],[],[],FULL_RECORD_READ,PRESENT_READ,,,First-delivery subset. Source values preserved; path aliases only. No payload-body read.
HX02-7ad671ef44e926a43890,HX02,CSV_ROW,EXT04_FAR,unknown,unknown,BY2O,unknown,LIT,FILE_START,unknown,unknown,NONE,<CODE_ROOT>/docs/paper_rebuild/hext/HX02/EXTERNAL_FIVE_CATEGORY_TABLE.csv,CSV:data_row=196,"{""category"":""dual_antenna_ambiguity_heading"",""method_id"":""EXT04_FAR"",""config"":""LIT"",""sequence"":""BY2O"",""start_mode"":""FILE_START"",""output_type"":""heading_only"",""metric"":""valid_p95_abs_deg"",""value"":""UNAVAILABLE"",""denominator_or_valid_epochs"":""scored=0/valid=0/denominator=1885"",""failure_flag"":""NONE"",""source"":""$HX02/RUNS/BY2O__EXT04__LIT__FILE_START__NA; OUTPUT_HASHES.json sha256=bb6f2f4d81a40d3d894b3af9ad242955ea9fb5b4e436cc54b6ecec631cb712d3; RUNS/BY2O__EXT04__LIT__FILE_START__NA/eval/HEADING/OUTPUT/HEADING_METRICS.json sha256=26c6bd0750b25fdbbefc65d028691f451ba95a80761638a2df3258ff63055a35"",""notes"":""""}",[],[],[],FULL_RECORD_READ,PRESENT_READ,,,First-delivery subset. Source values preserved; path aliases only. No payload-body read.
HX02-11684a3ce599574e9a40,HX02,CSV_ROW,EXT04_FAR,unknown,unknown,BY2O,unknown,LIT,FILE_START,unknown,unknown,NONE,<CODE_ROOT>/docs/paper_rebuild/hext/HX02/EXTERNAL_FIVE_CATEGORY_TABLE.csv,CSV:data_row=197,"{""category"":""dual_antenna_ambiguity_heading"",""method_id"":""EXT04_FAR"",""config"":""LIT"",""sequence"":""BY2O"",""start_mode"":""FILE_START"",""output_type"":""heading_only"",""metric"":""valid_circular_bias_deg"",""value"":""UNAVAILABLE"",""denominator_or_valid_epochs"":""scored=0/valid=0/denominator=1885"",""failure_flag"":""NONE"",""source"":""$HX02/RUNS/BY2O__EXT04__LIT__FILE_START__NA; OUTPUT_HASHES.json sha256=bb6f2f4d81a40d3d894b3af9ad242955ea9fb5b4e436cc54b6ecec631cb712d3; RUNS/BY2O__EXT04__LIT__FILE_START__NA/eval/HEADING/OUTPUT/HEADING_METRICS.json sha256=26c6bd0750b25fdbbefc65d028691f451ba95a80761638a2df3258ff63055a35"",""notes"":""circular mean of the wrap-safe error""}",[],[],[],FULL_RECORD_READ,PRESENT_READ,,,First-delivery subset. Source values preserved; path aliases only. No payload-body read.
HX02-aaaa0a24983a7dd65f99,HX02,CSV_ROW,EXT04_FAR,unknown,unknown,BY2O,unknown,LIT,FILE_START,unknown,unknown,NONE,<CODE_ROOT>/docs/paper_rebuild/hext/HX02/EXTERNAL_FIVE_CATEGORY_TABLE.csv,CSV:data_row=198,"{""category"":""dual_antenna_ambiguity_heading"",""method_id"":""EXT04_FAR"",""config"":""LIT"",""sequence"":""BY2O"",""start_mode"":""FILE_START"",""output_type"":""heading_only"",""metric"":""hold_rmse_deg"",""value"":""UNAVAILABLE"",""denominator_or_valid_epochs"":""scored=0/held=0/denominator=1885"",""failure_flag"":""NONE"",""source"":""$HX02/RUNS/BY2O__EXT04__LIT__FILE_START__NA; OUTPUT_HASHES.json sha256=bb6f2f4d81a40d3d894b3af9ad242955ea9fb5b4e436cc54b6ecec631cb712d3; RUNS/BY2O__EXT04__LIT__FILE_START__NA/eval/HEADING/OUTPUT/HEADING_METRICS.json sha256=26c6bd0750b25fdbbefc65d028691f451ba95a80761638a2df3258ff63055a35"",""notes"":""hold last valid over the window; no_heading_epochs_before_first_valid=1885 (not scored as zero)""}",[],[],[],FULL_RECORD_READ,PRESENT_READ,,,First-delivery subset. Source values preserved; path aliases only. No payload-body read.
HX02-bc92ec3983ea4dbec963,HX02,CSV_ROW,EXT04_FAR,unknown,unknown,BY2O,unknown,LIT,FILE_START,unknown,unknown,NONE,<CODE_ROOT>/docs/paper_rebuild/hext/HX02/EXTERNAL_FIVE_CATEGORY_TABLE.csv,CSV:data_row=199,"{""category"":""dual_antenna_ambiguity_heading"",""method_id"":""EXT04_FAR"",""config"":""LIT"",""sequence"":""BY2O"",""start_mode"":""FILE_START"",""output_type"":""heading_only"",""metric"":""hold_max_abs_deg"",""value"":""UNAVAILABLE"",""denominator_or_valid_epochs"":""scored=0/held=0/denominator=1885"",""failure_flag"":""NONE"",""source"":""$HX02/RUNS/BY2O__EXT04__LIT__FILE_START__NA; OUTPUT_HASHES.json sha256=bb6f2f4d81a40d3d894b3af9ad242955ea9fb5b4e436cc54b6ecec631cb712d3; RUNS/BY2O__EXT04__LIT__FILE_START__NA/eval/HEADING/OUTPUT/HEADING_METRICS.json sha256=26c6bd0750b25fdbbefc65d028691f451ba95a80761638a2df3258ff63055a35"",""notes"":""""}",[],[],[],FULL_RECORD_READ,PRESENT_READ,,,First-delivery subset. Source values preserved; path aliases only. No payload-body read.
HX02-128dbf67a7f78cfcc0ce,HX02,CSV_ROW,EXT04_FAR,unknown,unknown,BY2O,unknown,LIT,FILE_START,unknown,unknown,NONE,<CODE_ROOT>/docs/paper_rebuild/hext/HX02/EXTERNAL_FIVE_CATEGORY_TABLE.csv,CSV:data_row=200,"{""category"":""dual_antenna_ambiguity_heading"",""method_id"":""EXT04_FAR"",""config"":""LIT"",""sequence"":""BY2O"",""start_mode"":""FILE_START"",""output_type"":""heading_only"",""metric"":""hold_p95_abs_deg"",""value"":""UNAVAILABLE"",""denominator_or_valid_epochs"":""scored=0/held=0/denominator=1885"",""failure_flag"":""NONE"",""source"":""$HX02/RUNS/BY2O__EXT04__LIT__FILE_START__NA; OUTPUT_HASHES.json sha256=bb6f2f4d81a40d3d894b3af9ad242955ea9fb5b4e436cc54b6ecec631cb712d3; RUNS/BY2O__EXT04__LIT__FILE_START__NA/eval/HEADING/OUTPUT/HEADING_METRICS.json sha256=26c6bd0750b25fdbbefc65d028691f451ba95a80761638a2df3258ff63055a35"",""notes"":""""}",[],[],[],FULL_RECORD_READ,PRESENT_READ,,,First-delivery subset. Source values preserved; path aliases only. No payload-body read.
HX02-71be277e546774231b4d,HX02,CSV_ROW,EXT04_FAR,unknown,unknown,BY2O,unknown,LIT,FILE_START,unknown,unknown,NONE,<CODE_ROOT>/docs/paper_rebuild/hext/HX02/EXTERNAL_FIVE_CATEGORY_TABLE.csv,CSV:data_row=201,"{""category"":""dual_antenna_ambiguity_heading"",""method_id"":""EXT04_FAR"",""config"":""LIT"",""sequence"":""BY2O"",""start_mode"":""FILE_START"",""output_type"":""heading_only"",""metric"":""no_heading_epochs_before_first_valid"",""value"":""1885"",""denominator_or_valid_epochs"":""of 1885"",""failure_flag"":""NONE"",""source"":""$HX02/RUNS/BY2O__EXT04__LIT__FILE_START__NA; OUTPUT_HASHES.json sha256=bb6f2f4d81a40d3d894b3af9ad242955ea9fb5b4e436cc54b6ecec631cb712d3; RUNS/BY2O__EXT04__LIT__FILE_START__NA/eval/HEADING/OUTPUT/HEADING_METRICS.json sha256=26c6bd0750b25fdbbefc65d028691f451ba95a80761638a2df3258ff63055a35"",""notes"":""""}",[],[],[],FULL_RECORD_READ,PRESENT_READ,,,First-delivery subset. Source values preserved; path aliases only. No payload-body read.
HX02-4fac1ccfc9bfe7172103,HX02,CSV_ROW,EXT04_FAR,unknown,unknown,BY2O,unknown,LIT,FILE_START,unknown,unknown,NONE,<CODE_ROOT>/docs/paper_rebuild/hext/HX02/EXTERNAL_FIVE_CATEGORY_TABLE.csv,CSV:data_row=202,"{""category"":""dual_antenna_ambiguity_heading"",""method_id"":""EXT04_FAR"",""config"":""LIT"",""sequence"":""BY2O"",""start_mode"":""FILE_START"",""output_type"":""heading_only"",""metric"":""valid_segment_count"",""value"":""0"",""denominator_or_valid_epochs"":""valid=0"",""failure_flag"":""NONE"",""source"":""$HX02/RUNS/BY2O__EXT04__LIT__FILE_START__NA; OUTPUT_HASHES.json sha256=bb6f2f4d81a40d3d894b3af9ad242955ea9fb5b4e436cc54b6ecec631cb712d3; RUNS/BY2O__EXT04__LIT__FILE_START__NA/eval/HEADING/OUTPUT/HEADING_METRICS.json sha256=26c6bd0750b25fdbbefc65d028691f451ba95a80761638a2df3258ff63055a35"",""notes"":""segments split when accepted original epoch indices are nonconsecutive""}",[],[],[],FULL_RECORD_READ,PRESENT_READ,,,First-delivery subset. Source values preserved; path aliases only. No payload-body read.
HX02-053ac5c768b5da595ea1,HX02,CSV_ROW,EXT04_FAR,unknown,unknown,BY2O,unknown,LIT,FILE_START,unknown,unknown,NONE,<CODE_ROOT>/docs/paper_rebuild/hext/HX02/EXTERNAL_FIVE_CATEGORY_TABLE.csv,CSV:data_row=203,"{""category"":""dual_antenna_ambiguity_heading"",""method_id"":""EXT04_FAR"",""config"":""LIT"",""sequence"":""BY2O"",""start_mode"":""FILE_START"",""output_type"":""heading_only"",""metric"":""valid_max_gap_s"",""value"":""UNAVAILABLE"",""denominator_or_valid_epochs"":""valid=0"",""failure_flag"":""NONE"",""source"":""$HX02/RUNS/BY2O__EXT04__LIT__FILE_START__NA; OUTPUT_HASHES.json sha256=bb6f2f4d81a40d3d894b3af9ad242955ea9fb5b4e436cc54b6ecec631cb712d3; RUNS/BY2O__EXT04__LIT__FILE_START__NA/eval/HEADING/OUTPUT/HEADING_METRICS.json sha256=26c6bd0750b25fdbbefc65d028691f451ba95a80761638a2df3258ff63055a35"",""notes"":""""}",[],[],[],FULL_RECORD_READ,PRESENT_READ,,,First-delivery subset. Source values preserved; path aliases only. No payload-body read.
HX02-c1a331d52613c2e1405a,HX02,CSV_ROW,EXT04_FAR,unknown,unknown,BY2O,unknown,LIT,FILE_START,unknown,unknown,NONE,<CODE_ROOT>/docs/paper_rebuild/hext/HX02/EXTERNAL_FIVE_CATEGORY_TABLE.csv,CSV:data_row=204,"{""category"":""dual_antenna_ambiguity_heading"",""method_id"":""EXT04_FAR"",""config"":""LIT"",""sequence"":""BY2O"",""start_mode"":""FILE_START"",""output_type"":""heading_only"",""metric"":""convention_median_deg"",""value"":""UNAVAILABLE"",""denominator_or_valid_epochs"":""compared=0"",""failure_flag"":""NONE"",""source"":""$HX02/RUNS/BY2O__EXT04__LIT__FILE_START__NA; OUTPUT_HASHES.json sha256=bb6f2f4d81a40d3d894b3af9ad242955ea9fb5b4e436cc54b6ecec631cb712d3; RUNS/BY2O__EXT04__LIT__FILE_START__NA/eval/HEADING/OUTPUT/HEADING_METRICS.json sha256=26c6bd0750b25fdbbefc65d028691f451ba95a80761638a2df3258ff63055a35"",""notes"":""method body yaw minus dual-fixed HPPOSECEF baseline body yaw; fractions=null; status=UNAVAILABLE_NO_METHOD_VALID_DUAL_FIXED_EPOCH""}",[],[],[],FULL_RECORD_READ,PRESENT_READ,,,First-delivery subset. Source values preserved; path aliases only. No payload-body read.
HX02-29a7efe22d998122b1af,HX02,CSV_ROW,EXT04_PAR,unknown,unknown,BY2O,unknown,LIT,FILE_START,unknown,unknown,NONE,<CODE_ROOT>/docs/paper_rebuild/hext/HX02/EXTERNAL_FIVE_CATEGORY_TABLE.csv,CSV:data_row=205,"{""category"":""dual_antenna_ambiguity_heading"",""method_id"":""EXT04_PAR"",""config"":""LIT"",""sequence"":""BY2O"",""start_mode"":""FILE_START"",""output_type"":""heading_only"",""metric"":""availability"",""value"":""0.0"",""denominator_or_valid_epochs"":""0/1885"",""failure_flag"":""NONE"",""source"":""$HX02/RUNS/BY2O__EXT04__LIT__FILE_START__NA; OUTPUT_HASHES.json sha256=bb6f2f4d81a40d3d894b3af9ad242955ea9fb5b4e436cc54b6ecec631cb712d3; RUNS/BY2O__EXT04__LIT__FILE_START__NA/eval/HEADING/OUTPUT/HEADING_METRICS.json sha256=26c6bd0750b25fdbbefc65d028691f451ba95a80761638a2df3258ff63055a35"",""notes"":""method-native valid epochs / native paired epochs in window""}",[],[],[],FULL_RECORD_READ,PRESENT_READ,,,First-delivery subset. Source values preserved; path aliases only. No payload-body read.
HX02-a44a46b286ff4110c934,HX02,CSV_ROW,EXT04_PAR,unknown,unknown,BY2O,unknown,LIT,FILE_START,unknown,unknown,NONE,<CODE_ROOT>/docs/paper_rebuild/hext/HX02/EXTERNAL_FIVE_CATEGORY_TABLE.csv,CSV:data_row=206,"{""category"":""dual_antenna_ambiguity_heading"",""method_id"":""EXT04_PAR"",""config"":""LIT"",""sequence"":""BY2O"",""start_mode"":""FILE_START"",""output_type"":""heading_only"",""metric"":""valid_rmse_deg"",""value"":""UNAVAILABLE"",""denominator_or_valid_epochs"":""scored=0/valid=0/denominator=1885"",""failure_flag"":""NONE"",""source"":""$HX02/RUNS/BY2O__EXT04__LIT__FILE_START__NA; OUTPUT_HASHES.json sha256=bb6f2f4d81a40d3d894b3af9ad242955ea9fb5b4e436cc54b6ecec631cb712d3; RUNS/BY2O__EXT04__LIT__FILE_START__NA/eval/HEADING/OUTPUT/HEADING_METRICS.json sha256=26c6bd0750b25fdbbefc65d028691f451ba95a80761638a2df3258ff63055a35"",""notes"":""wrap-safe error on valid epochs""}",[],[],[],FULL_RECORD_READ,PRESENT_READ,,,First-delivery subset. Source values preserved; path aliases only. No payload-body read.
HX02-4e8a430a6647218b1877,HX02,CSV_ROW,EXT04_PAR,unknown,unknown,BY2O,unknown,LIT,FILE_START,unknown,unknown,NONE,<CODE_ROOT>/docs/paper_rebuild/hext/HX02/EXTERNAL_FIVE_CATEGORY_TABLE.csv,CSV:data_row=207,"{""category"":""dual_antenna_ambiguity_heading"",""method_id"":""EXT04_PAR"",""config"":""LIT"",""sequence"":""BY2O"",""start_mode"":""FILE_START"",""output_type"":""heading_only"",""metric"":""valid_max_abs_deg"",""value"":""UNAVAILABLE"",""denominator_or_valid_epochs"":""scored=0/valid=0/denominator=1885"",""failure_flag"":""NONE"",""source"":""$HX02/RUNS/BY2O__EXT04__LIT__FILE_START__NA; OUTPUT_HASHES.json sha256=bb6f2f4d81a40d3d894b3af9ad242955ea9fb5b4e436cc54b6ecec631cb712d3; RUNS/BY2O__EXT04__LIT__FILE_START__NA/eval/HEADING/OUTPUT/HEADING_METRICS.json sha256=26c6bd0750b25fdbbefc65d028691f451ba95a80761638a2df3258ff63055a35"",""notes"":""""}",[],[],[],FULL_RECORD_READ,PRESENT_READ,,,First-delivery subset. Source values preserved; path aliases only. No payload-body read.
HX02-c4623cb0cc5e3a306565,HX02,CSV_ROW,EXT04_PAR,unknown,unknown,BY2O,unknown,LIT,FILE_START,unknown,unknown,NONE,<CODE_ROOT>/docs/paper_rebuild/hext/HX02/EXTERNAL_FIVE_CATEGORY_TABLE.csv,CSV:data_row=208,"{""category"":""dual_antenna_ambiguity_heading"",""method_id"":""EXT04_PAR"",""config"":""LIT"",""sequence"":""BY2O"",""start_mode"":""FILE_START"",""output_type"":""heading_only"",""metric"":""valid_p95_abs_deg"",""value"":""UNAVAILABLE"",""denominator_or_valid_epochs"":""scored=0/valid=0/denominator=1885"",""failure_flag"":""NONE"",""source"":""$HX02/RUNS/BY2O__EXT04__LIT__FILE_START__NA; OUTPUT_HASHES.json sha256=bb6f2f4d81a40d3d894b3af9ad242955ea9fb5b4e436cc54b6ecec631cb712d3; RUNS/BY2O__EXT04__LIT__FILE_START__NA/eval/HEADING/OUTPUT/HEADING_METRICS.json sha256=26c6bd0750b25fdbbefc65d028691f451ba95a80761638a2df3258ff63055a35"",""notes"":""""}",[],[],[],FULL_RECORD_READ,PRESENT_READ,,,First-delivery subset. Source values preserved; path aliases only. No payload-body read.
HX02-89b14f5db4318869dbae,HX02,CSV_ROW,EXT04_PAR,unknown,unknown,BY2O,unknown,LIT,FILE_START,unknown,unknown,NONE,<CODE_ROOT>/docs/paper_rebuild/hext/HX02/EXTERNAL_FIVE_CATEGORY_TABLE.csv,CSV:data_row=209,"{""category"":""dual_antenna_ambiguity_heading"",""method_id"":""EXT04_PAR"",""config"":""LIT"",""sequence"":""BY2O"",""start_mode"":""FILE_START"",""output_type"":""heading_only"",""metric"":""valid_circular_bias_deg"",""value"":""UNAVAILABLE"",""denominator_or_valid_epochs"":""scored=0/valid=0/denominator=1885"",""failure_flag"":""NONE"",""source"":""$HX02/RUNS/BY2O__EXT04__LIT__FILE_START__NA; OUTPUT_HASHES.json sha256=bb6f2f4d81a40d3d894b3af9ad242955ea9fb5b4e436cc54b6ecec631cb712d3; RUNS/BY2O__EXT04__LIT__FILE_START__NA/eval/HEADING/OUTPUT/HEADING_METRICS.json sha256=26c6bd0750b25fdbbefc65d028691f451ba95a80761638a2df3258ff63055a35"",""notes"":""circular mean of the wrap-safe error""}",[],[],[],FULL_RECORD_READ,PRESENT_READ,,,First-delivery subset. Source values preserved; path aliases only. No payload-body read.
HX02-e65f9e882dfc6ae76d4b,HX02,CSV_ROW,EXT04_PAR,unknown,unknown,BY2O,unknown,LIT,FILE_START,unknown,unknown,NONE,<CODE_ROOT>/docs/paper_rebuild/hext/HX02/EXTERNAL_FIVE_CATEGORY_TABLE.csv,CSV:data_row=210,"{""category"":""dual_antenna_ambiguity_heading"",""method_id"":""EXT04_PAR"",""config"":""LIT"",""sequence"":""BY2O"",""start_mode"":""FILE_START"",""output_type"":""heading_only"",""metric"":""hold_rmse_deg"",""value"":""UNAVAILABLE"",""denominator_or_valid_epochs"":""scored=0/held=0/denominator=1885"",""failure_flag"":""NONE"",""source"":""$HX02/RUNS/BY2O__EXT04__LIT__FILE_START__NA; OUTPUT_HASHES.json sha256=bb6f2f4d81a40d3d894b3af9ad242955ea9fb5b4e436cc54b6ecec631cb712d3; RUNS/BY2O__EXT04__LIT__FILE_START__NA/eval/HEADING/OUTPUT/HEADING_METRICS.json sha256=26c6bd0750b25fdbbefc65d028691f451ba95a80761638a2df3258ff63055a35"",""notes"":""hold last valid over the window; no_heading_epochs_before_first_valid=1885 (not scored as zero)""}",[],[],[],FULL_RECORD_READ,PRESENT_READ,,,First-delivery subset. Source values preserved; path aliases only. No payload-body read.
HX02-059384f0ecd291407b73,HX02,CSV_ROW,EXT04_PAR,unknown,unknown,BY2O,unknown,LIT,FILE_START,unknown,unknown,NONE,<CODE_ROOT>/docs/paper_rebuild/hext/HX02/EXTERNAL_FIVE_CATEGORY_TABLE.csv,CSV:data_row=211,"{""category"":""dual_antenna_ambiguity_heading"",""method_id"":""EXT04_PAR"",""config"":""LIT"",""sequence"":""BY2O"",""start_mode"":""FILE_START"",""output_type"":""heading_only"",""metric"":""hold_max_abs_deg"",""value"":""UNAVAILABLE"",""denominator_or_valid_epochs"":""scored=0/held=0/denominator=1885"",""failure_flag"":""NONE"",""source"":""$HX02/RUNS/BY2O__EXT04__LIT__FILE_START__NA; OUTPUT_HASHES.json sha256=bb6f2f4d81a40d3d894b3af9ad242955ea9fb5b4e436cc54b6ecec631cb712d3; RUNS/BY2O__EXT04__LIT__FILE_START__NA/eval/HEADING/OUTPUT/HEADING_METRICS.json sha256=26c6bd0750b25fdbbefc65d028691f451ba95a80761638a2df3258ff63055a35"",""notes"":""""}",[],[],[],FULL_RECORD_READ,PRESENT_READ,,,First-delivery subset. Source values preserved; path aliases only. No payload-body read.
HX02-666e430e89707ef31251,HX02,CSV_ROW,EXT04_PAR,unknown,unknown,BY2O,unknown,LIT,FILE_START,unknown,unknown,NONE,<CODE_ROOT>/docs/paper_rebuild/hext/HX02/EXTERNAL_FIVE_CATEGORY_TABLE.csv,CSV:data_row=212,"{""category"":""dual_antenna_ambiguity_heading"",""method_id"":""EXT04_PAR"",""config"":""LIT"",""sequence"":""BY2O"",""start_mode"":""FILE_START"",""output_type"":""heading_only"",""metric"":""hold_p95_abs_deg"",""value"":""UNAVAILABLE"",""denominator_or_valid_epochs"":""scored=0/held=0/denominator=1885"",""failure_flag"":""NONE"",""source"":""$HX02/RUNS/BY2O__EXT04__LIT__FILE_START__NA; OUTPUT_HASHES.json sha256=bb6f2f4d81a40d3d894b3af9ad242955ea9fb5b4e436cc54b6ecec631cb712d3; RUNS/BY2O__EXT04__LIT__FILE_START__NA/eval/HEADING/OUTPUT/HEADING_METRICS.json sha256=26c6bd0750b25fdbbefc65d028691f451ba95a80761638a2df3258ff63055a35"",""notes"":""""}",[],[],[],FULL_RECORD_READ,PRESENT_READ,,,First-delivery subset. Source values preserved; path aliases only. No payload-body read.
HX02-4de5d28fddf5f0342c20,HX02,CSV_ROW,EXT04_PAR,unknown,unknown,BY2O,unknown,LIT,FILE_START,unknown,unknown,NONE,<CODE_ROOT>/docs/paper_rebuild/hext/HX02/EXTERNAL_FIVE_CATEGORY_TABLE.csv,CSV:data_row=213,"{""category"":""dual_antenna_ambiguity_heading"",""method_id"":""EXT04_PAR"",""config"":""LIT"",""sequence"":""BY2O"",""start_mode"":""FILE_START"",""output_type"":""heading_only"",""metric"":""no_heading_epochs_before_first_valid"",""value"":""1885"",""denominator_or_valid_epochs"":""of 1885"",""failure_flag"":""NONE"",""source"":""$HX02/RUNS/BY2O__EXT04__LIT__FILE_START__NA; OUTPUT_HASHES.json sha256=bb6f2f4d81a40d3d894b3af9ad242955ea9fb5b4e436cc54b6ecec631cb712d3; RUNS/BY2O__EXT04__LIT__FILE_START__NA/eval/HEADING/OUTPUT/HEADING_METRICS.json sha256=26c6bd0750b25fdbbefc65d028691f451ba95a80761638a2df3258ff63055a35"",""notes"":""""}",[],[],[],FULL_RECORD_READ,PRESENT_READ,,,First-delivery subset. Source values preserved; path aliases only. No payload-body read.
HX02-206df4b15ca83f7ec5f5,HX02,CSV_ROW,EXT04_PAR,unknown,unknown,BY2O,unknown,LIT,FILE_START,unknown,unknown,NONE,<CODE_ROOT>/docs/paper_rebuild/hext/HX02/EXTERNAL_FIVE_CATEGORY_TABLE.csv,CSV:data_row=214,"{""category"":""dual_antenna_ambiguity_heading"",""method_id"":""EXT04_PAR"",""config"":""LIT"",""sequence"":""BY2O"",""start_mode"":""FILE_START"",""output_type"":""heading_only"",""metric"":""valid_segment_count"",""value"":""0"",""denominator_or_valid_epochs"":""valid=0"",""failure_flag"":""NONE"",""source"":""$HX02/RUNS/BY2O__EXT04__LIT__FILE_START__NA; OUTPUT_HASHES.json sha256=bb6f2f4d81a40d3d894b3af9ad242955ea9fb5b4e436cc54b6ecec631cb712d3; RUNS/BY2O__EXT04__LIT__FILE_START__NA/eval/HEADING/OUTPUT/HEADING_METRICS.json sha256=26c6bd0750b25fdbbefc65d028691f451ba95a80761638a2df3258ff63055a35"",""notes"":""segments split when accepted original epoch indices are nonconsecutive""}",[],[],[],FULL_RECORD_READ,PRESENT_READ,,,First-delivery subset. Source values preserved; path aliases only. No payload-body read.
HX02-cc349d95e02f8e7f9021,HX02,CSV_ROW,EXT04_PAR,unknown,unknown,BY2O,unknown,LIT,FILE_START,unknown,unknown,NONE,<CODE_ROOT>/docs/paper_rebuild/hext/HX02/EXTERNAL_FIVE_CATEGORY_TABLE.csv,CSV:data_row=215,"{""category"":""dual_antenna_ambiguity_heading"",""method_id"":""EXT04_PAR"",""config"":""LIT"",""sequence"":""BY2O"",""start_mode"":""FILE_START"",""output_type"":""heading_only"",""metric"":""valid_max_gap_s"",""value"":""UNAVAILABLE"",""denominator_or_valid_epochs"":""valid=0"",""failure_flag"":""NONE"",""source"":""$HX02/RUNS/BY2O__EXT04__LIT__FILE_START__NA; OUTPUT_HASHES.json sha256=bb6f2f4d81a40d3d894b3af9ad242955ea9fb5b4e436cc54b6ecec631cb712d3; RUNS/BY2O__EXT04__LIT__FILE_START__NA/eval/HEADING/OUTPUT/HEADING_METRICS.json sha256=26c6bd0750b25fdbbefc65d028691f451ba95a80761638a2df3258ff63055a35"",""notes"":""""}",[],[],[],FULL_RECORD_READ,PRESENT_READ,,,First-delivery subset. Source values preserved; path aliases only. No payload-body read.
HX02-2f145f8e253cf74f88f0,HX02,CSV_ROW,EXT04_PAR,unknown,unknown,BY2O,unknown,LIT,FILE_START,unknown,unknown,NONE,<CODE_ROOT>/docs/paper_rebuild/hext/HX02/EXTERNAL_FIVE_CATEGORY_TABLE.csv,CSV:data_row=216,"{""category"":""dual_antenna_ambiguity_heading"",""method_id"":""EXT04_PAR"",""config"":""LIT"",""sequence"":""BY2O"",""start_mode"":""FILE_START"",""output_type"":""heading_only"",""metric"":""convention_median_deg"",""value"":""UNAVAILABLE"",""denominator_or_valid_epochs"":""compared=0"",""failure_flag"":""NONE"",""source"":""$HX02/RUNS/BY2O__EXT04__LIT__FILE_START__NA; OUTPUT_HASHES.json sha256=bb6f2f4d81a40d3d894b3af9ad242955ea9fb5b4e436cc54b6ecec631cb712d3; RUNS/BY2O__EXT04__LIT__FILE_START__NA/eval/HEADING/OUTPUT/HEADING_METRICS.json sha256=26c6bd0750b25fdbbefc65d028691f451ba95a80761638a2df3258ff63055a35"",""notes"":""method body yaw minus dual-fixed HPPOSECEF baseline body yaw; fractions=null; status=UNAVAILABLE_NO_METHOD_VALID_DUAL_FIXED_EPOCH""}",[],[],[],FULL_RECORD_READ,PRESENT_READ,,,First-delivery subset. Source values preserved; path aliases only. No payload-body read.
HX02-f4cd10f1df8efa830d95,HX02,CSV_ROW,RTKLIB_UNMODIFIED_MOVING_BASE,unknown,unknown,BY2O,unknown,-,FILE_START,unknown,unknown,NONE,<CODE_ROOT>/docs/paper_rebuild/hext/HX02/EXTERNAL_FIVE_CATEGORY_TABLE.csv,CSV:data_row=217,"{""category"":""dual_antenna_ambiguity_heading"",""method_id"":""RTKLIB_UNMODIFIED_MOVING_BASE"",""config"":""-"",""sequence"":""BY2O"",""start_mode"":""FILE_START"",""output_type"":""heading_only"",""metric"":""availability"",""value"":""0.059416445623342175"",""denominator_or_valid_epochs"":""112/1885"",""failure_flag"":""NONE"",""source"":""$HX02/RUNS/BY2O__RTKLIB__NONE__FILE_START__NA; OUTPUT_HASHES.json sha256=5400abbc40ca00e47c65eef49b60dcbcd31b292f9fc8a70c174c39d1648442d5; RUNS/BY2O__RTKLIB__NONE__FILE_START__NA/eval/HEADING/OUTPUT/HEADING_METRICS.json sha256=036f8d3ffe999673a322102d18bf0a6647a50150e2d6f65de4feaacf9f1da0cf"",""notes"":""method-native valid epochs / native paired epochs in window""}",[],[],[],FULL_RECORD_READ,PRESENT_READ,,,First-delivery subset. Source values preserved; path aliases only. No payload-body read.
HX02-3fc598233d6eff338e5e,HX02,CSV_ROW,RTKLIB_UNMODIFIED_MOVING_BASE,unknown,unknown,BY2O,unknown,-,FILE_START,unknown,unknown,NONE,<CODE_ROOT>/docs/paper_rebuild/hext/HX02/EXTERNAL_FIVE_CATEGORY_TABLE.csv,CSV:data_row=218,"{""category"":""dual_antenna_ambiguity_heading"",""method_id"":""RTKLIB_UNMODIFIED_MOVING_BASE"",""config"":""-"",""sequence"":""BY2O"",""start_mode"":""FILE_START"",""output_type"":""heading_only"",""metric"":""valid_rmse_deg"",""value"":""23.138949511295703"",""denominator_or_valid_epochs"":""scored=112/valid=112/denominator=1885"",""failure_flag"":""NONE"",""source"":""$HX02/RUNS/BY2O__RTKLIB__NONE__FILE_START__NA; OUTPUT_HASHES.json sha256=5400abbc40ca00e47c65eef49b60dcbcd31b292f9fc8a70c174c39d1648442d5; RUNS/BY2O__RTKLIB__NONE__FILE_START__NA/eval/HEADING/OUTPUT/HEADING_METRICS.json sha256=036f8d3ffe999673a322102d18bf0a6647a50150e2d6f65de4feaacf9f1da0cf"",""notes"":""wrap-safe error on valid epochs""}",[],[],[],FULL_RECORD_READ,PRESENT_READ,,,First-delivery subset. Source values preserved; path aliases only. No payload-body read.
HX02-2ad8960adb01eb9dfcc7,HX02,CSV_ROW,RTKLIB_UNMODIFIED_MOVING_BASE,unknown,unknown,BY2O,unknown,-,FILE_START,unknown,unknown,NONE,<CODE_ROOT>/docs/paper_rebuild/hext/HX02/EXTERNAL_FIVE_CATEGORY_TABLE.csv,CSV:data_row=219,"{""category"":""dual_antenna_ambiguity_heading"",""method_id"":""RTKLIB_UNMODIFIED_MOVING_BASE"",""config"":""-"",""sequence"":""BY2O"",""start_mode"":""FILE_START"",""output_type"":""heading_only"",""metric"":""valid_max_abs_deg"",""value"":""173.4241486315569"",""denominator_or_valid_epochs"":""scored=112/valid=112/denominator=1885"",""failure_flag"":""NONE"",""source"":""$HX02/RUNS/BY2O__RTKLIB__NONE__FILE_START__NA; OUTPUT_HASHES.json sha256=5400abbc40ca00e47c65eef49b60dcbcd31b292f9fc8a70c174c39d1648442d5; RUNS/BY2O__RTKLIB__NONE__FILE_START__NA/eval/HEADING/OUTPUT/HEADING_METRICS.json sha256=036f8d3ffe999673a322102d18bf0a6647a50150e2d6f65de4feaacf9f1da0cf"",""notes"":""""}",[],[],[],FULL_RECORD_READ,PRESENT_READ,,,First-delivery subset. Source values preserved; path aliases only. No payload-body read.
HX02-a037d06bfc3538d6afad,HX02,CSV_ROW,RTKLIB_UNMODIFIED_MOVING_BASE,unknown,unknown,BY2O,unknown,-,FILE_START,unknown,unknown,NONE,<CODE_ROOT>/docs/paper_rebuild/hext/HX02/EXTERNAL_FIVE_CATEGORY_TABLE.csv,CSV:data_row=220,"{""category"":""dual_antenna_ambiguity_heading"",""method_id"":""RTKLIB_UNMODIFIED_MOVING_BASE"",""config"":""-"",""sequence"":""BY2O"",""start_mode"":""FILE_START"",""output_type"":""heading_only"",""metric"":""valid_p95_abs_deg"",""value"":""5.784200207411649"",""denominator_or_valid_epochs"":""scored=112/valid=112/denominator=1885"",""failure_flag"":""NONE"",""source"":""$HX02/RUNS/BY2O__RTKLIB__NONE__FILE_START__NA; OUTPUT_HASHES.json sha256=5400abbc40ca00e47c65eef49b60dcbcd31b292f9fc8a70c174c39d1648442d5; RUNS/BY2O__RTKLIB__NONE__FILE_START__NA/eval/HEADING/OUTPUT/HEADING_METRICS.json sha256=036f8d3ffe999673a322102d18bf0a6647a50150e2d6f65de4feaacf9f1da0cf"",""notes"":""""}",[],[],[],FULL_RECORD_READ,PRESENT_READ,,,First-delivery subset. Source values preserved; path aliases only. No payload-body read.
HX02-15fb2c1b424bc21d1ee3,HX02,CSV_ROW,RTKLIB_UNMODIFIED_MOVING_BASE,unknown,unknown,BY2O,unknown,-,FILE_START,unknown,unknown,NONE,<CODE_ROOT>/docs/paper_rebuild/hext/HX02/EXTERNAL_FIVE_CATEGORY_TABLE.csv,CSV:data_row=221,"{""category"":""dual_antenna_ambiguity_heading"",""method_id"":""RTKLIB_UNMODIFIED_MOVING_BASE"",""config"":""-"",""sequence"":""BY2O"",""start_mode"":""FILE_START"",""output_type"":""heading_only"",""metric"":""valid_circular_bias_deg"",""value"":""-0.3546419702804542"",""denominator_or_valid_epochs"":""scored=112/valid=112/denominator=1885"",""failure_flag"":""NONE"",""source"":""$HX02/RUNS/BY2O__RTKLIB__NONE__FILE_START__NA; OUTPUT_HASHES.json sha256=5400abbc40ca00e47c65eef49b60dcbcd31b292f9fc8a70c174c39d1648442d5; RUNS/BY2O__RTKLIB__NONE__FILE_START__NA/eval/HEADING/OUTPUT/HEADING_METRICS.json sha256=036f8d3ffe999673a322102d18bf0a6647a50150e2d6f65de4feaacf9f1da0cf"",""notes"":""circular mean of the wrap-safe error""}",[],[],[],FULL_RECORD_READ,PRESENT_READ,,,First-delivery subset. Source values preserved; path aliases only. No payload-body read.
HX02-abdf56c0b92f4fee32e9,HX02,CSV_ROW,RTKLIB_UNMODIFIED_MOVING_BASE,unknown,unknown,BY2O,unknown,-,FILE_START,unknown,unknown,NONE,<CODE_ROOT>/docs/paper_rebuild/hext/HX02/EXTERNAL_FIVE_CATEGORY_TABLE.csv,CSV:data_row=222,"{""category"":""dual_antenna_ambiguity_heading"",""method_id"":""RTKLIB_UNMODIFIED_MOVING_BASE"",""config"":""-"",""sequence"":""BY2O"",""start_mode"":""FILE_START"",""output_type"":""heading_only"",""metric"":""hold_rmse_deg"",""value"":""129.98822323173354"",""denominator_or_valid_epochs"":""scored=1885/held=1885/denominator=1885"",""failure_flag"":""NONE"",""source"":""$HX02/RUNS/BY2O__RTKLIB__NONE__FILE_START__NA; OUTPUT_HASHES.json sha256=5400abbc40ca00e47c65eef49b60dcbcd31b292f9fc8a70c174c39d1648442d5; RUNS/BY2O__RTKLIB__NONE__FILE_START__NA/eval/HEADING/OUTPUT/HEADING_METRICS.json sha256=036f8d3ffe999673a322102d18bf0a6647a50150e2d6f65de4feaacf9f1da0cf"",""notes"":""hold last valid over the window; no_heading_epochs_before_first_valid=0 (not scored as zero)""}",[],[],[],FULL_RECORD_READ,PRESENT_READ,,,First-delivery subset. Source values preserved; path aliases only. No payload-body read.
HX02-6db822057de068cd381e,HX02,CSV_ROW,RTKLIB_UNMODIFIED_MOVING_BASE,unknown,unknown,BY2O,unknown,-,FILE_START,unknown,unknown,NONE,<CODE_ROOT>/docs/paper_rebuild/hext/HX02/EXTERNAL_FIVE_CATEGORY_TABLE.csv,CSV:data_row=223,"{""category"":""dual_antenna_ambiguity_heading"",""method_id"":""RTKLIB_UNMODIFIED_MOVING_BASE"",""config"":""-"",""sequence"":""BY2O"",""start_mode"":""FILE_START"",""output_type"":""heading_only"",""metric"":""hold_max_abs_deg"",""value"":""179.83208223706532"",""denominator_or_valid_epochs"":""scored=1885/held=1885/denominator=1885"",""failure_flag"":""NONE"",""source"":""$HX02/RUNS/BY2O__RTKLIB__NONE__FILE_START__NA; OUTPUT_HASHES.json sha256=5400abbc40ca00e47c65eef49b60dcbcd31b292f9fc8a70c174c39d1648442d5; RUNS/BY2O__RTKLIB__NONE__FILE_START__NA/eval/HEADING/OUTPUT/HEADING_METRICS.json sha256=036f8d3ffe999673a322102d18bf0a6647a50150e2d6f65de4feaacf9f1da0cf"",""notes"":""""}",[],[],[],FULL_RECORD_READ,PRESENT_READ,,,First-delivery subset. Source values preserved; path aliases only. No payload-body read.
HX02-f5a2eb9994623205d0ab,HX02,CSV_ROW,RTKLIB_UNMODIFIED_MOVING_BASE,unknown,unknown,BY2O,unknown,-,FILE_START,unknown,unknown,NONE,<CODE_ROOT>/docs/paper_rebuild/hext/HX02/EXTERNAL_FIVE_CATEGORY_TABLE.csv,CSV:data_row=224,"{""category"":""dual_antenna_ambiguity_heading"",""method_id"":""RTKLIB_UNMODIFIED_MOVING_BASE"",""config"":""-"",""sequence"":""BY2O"",""start_mode"":""FILE_START"",""output_type"":""heading_only"",""metric"":""hold_p95_abs_deg"",""value"":""176.835979737591"",""denominator_or_valid_epochs"":""scored=1885/held=1885/denominator=1885"",""failure_flag"":""NONE"",""source"":""$HX02/RUNS/BY2O__RTKLIB__NONE__FILE_START__NA; OUTPUT_HASHES.json sha256=5400abbc40ca00e47c65eef49b60dcbcd31b292f9fc8a70c174c39d1648442d5; RUNS/BY2O__RTKLIB__NONE__FILE_START__NA/eval/HEADING/OUTPUT/HEADING_METRICS.json sha256=036f8d3ffe999673a322102d18bf0a6647a50150e2d6f65de4feaacf9f1da0cf"",""notes"":""""}",[],[],[],FULL_RECORD_READ,PRESENT_READ,,,First-delivery subset. Source values preserved; path aliases only. No payload-body read.
HX02-c055efa683485915b2ef,HX02,CSV_ROW,RTKLIB_UNMODIFIED_MOVING_BASE,unknown,unknown,BY2O,unknown,-,FILE_START,unknown,unknown,NONE,<CODE_ROOT>/docs/paper_rebuild/hext/HX02/EXTERNAL_FIVE_CATEGORY_TABLE.csv,CSV:data_row=225,"{""category"":""dual_antenna_ambiguity_heading"",""method_id"":""RTKLIB_UNMODIFIED_MOVING_BASE"",""config"":""-"",""sequence"":""BY2O"",""start_mode"":""FILE_START"",""output_type"":""heading_only"",""metric"":""no_heading_epochs_before_first_valid"",""value"":""0"",""denominator_or_valid_epochs"":""of 1885"",""failure_flag"":""NONE"",""source"":""$HX02/RUNS/BY2O__RTKLIB__NONE__FILE_START__NA; OUTPUT_HASHES.json sha256=5400abbc40ca00e47c65eef49b60dcbcd31b292f9fc8a70c174c39d1648442d5; RUNS/BY2O__RTKLIB__NONE__FILE_START__NA/eval/HEADING/OUTPUT/HEADING_METRICS.json sha256=036f8d3ffe999673a322102d18bf0a6647a50150e2d6f65de4feaacf9f1da0cf"",""notes"":""""}",[],[],[],FULL_RECORD_READ,PRESENT_READ,,,First-delivery subset. Source values preserved; path aliases only. No payload-body read.
HX02-e15c10bb162bfcecfe5c,HX02,CSV_ROW,RTKLIB_UNMODIFIED_MOVING_BASE,unknown,unknown,BY2O,unknown,-,FILE_START,unknown,unknown,NONE,<CODE_ROOT>/docs/paper_rebuild/hext/HX02/EXTERNAL_FIVE_CATEGORY_TABLE.csv,CSV:data_row=226,"{""category"":""dual_antenna_ambiguity_heading"",""method_id"":""RTKLIB_UNMODIFIED_MOVING_BASE"",""config"":""-"",""sequence"":""BY2O"",""start_mode"":""FILE_START"",""output_type"":""heading_only"",""metric"":""valid_segment_count"",""value"":""32"",""denominator_or_valid_epochs"":""valid=112"",""failure_flag"":""NONE"",""source"":""$HX02/RUNS/BY2O__RTKLIB__NONE__FILE_START__NA; OUTPUT_HASHES.json sha256=5400abbc40ca00e47c65eef49b60dcbcd31b292f9fc8a70c174c39d1648442d5; RUNS/BY2O__RTKLIB__NONE__FILE_START__NA/eval/HEADING/OUTPUT/HEADING_METRICS.json sha256=036f8d3ffe999673a322102d18bf0a6647a50150e2d6f65de4feaacf9f1da0cf"",""notes"":""segments split when accepted original epoch indices are nonconsecutive""}",[],[],[],FULL_RECORD_READ,PRESENT_READ,,,First-delivery subset. Source values preserved; path aliases only. No payload-body read.
HX02-79b1f452e5173259ad31,HX02,CSV_ROW,RTKLIB_UNMODIFIED_MOVING_BASE,unknown,unknown,BY2O,unknown,-,FILE_START,unknown,unknown,NONE,<CODE_ROOT>/docs/paper_rebuild/hext/HX02/EXTERNAL_FIVE_CATEGORY_TABLE.csv,CSV:data_row=227,"{""category"":""dual_antenna_ambiguity_heading"",""method_id"":""RTKLIB_UNMODIFIED_MOVING_BASE"",""config"":""-"",""sequence"":""BY2O"",""start_mode"":""FILE_START"",""output_type"":""heading_only"",""metric"":""valid_max_gap_s"",""value"":""15.200000047683716"",""denominator_or_valid_epochs"":""valid=112"",""failure_flag"":""NONE"",""source"":""$HX02/RUNS/BY2O__RTKLIB__NONE__FILE_START__NA; OUTPUT_HASHES.json sha256=5400abbc40ca00e47c65eef49b60dcbcd31b292f9fc8a70c174c39d1648442d5; RUNS/BY2O__RTKLIB__NONE__FILE_START__NA/eval/HEADING/OUTPUT/HEADING_METRICS.json sha256=036f8d3ffe999673a322102d18bf0a6647a50150e2d6f65de4feaacf9f1da0cf"",""notes"":""""}",[],[],[],FULL_RECORD_READ,PRESENT_READ,,,First-delivery subset. Source values preserved; path aliases only. No payload-body read.
HX02-a10d1764052d4fd7c87f,HX02,CSV_ROW,RTKLIB_UNMODIFIED_MOVING_BASE,unknown,unknown,BY2O,unknown,-,FILE_START,unknown,unknown,NONE,<CODE_ROOT>/docs/paper_rebuild/hext/HX02/EXTERNAL_FIVE_CATEGORY_TABLE.csv,CSV:data_row=228,"{""category"":""dual_antenna_ambiguity_heading"",""method_id"":""RTKLIB_UNMODIFIED_MOVING_BASE"",""config"":""-"",""sequence"":""BY2O"",""start_mode"":""FILE_START"",""output_type"":""heading_only"",""metric"":""q1_fixed_rate"",""value"":""0.059416445623342175"",""denominator_or_valid_epochs"":""112/1885"",""failure_flag"":""NONE"",""source"":""$HX02/RUNS/BY2O__RTKLIB__NONE__FILE_START__NA; OUTPUT_HASHES.json sha256=5400abbc40ca00e47c65eef49b60dcbcd31b292f9fc8a70c174c39d1648442d5; RUNS/BY2O__RTKLIB__NONE__FILE_START__NA/eval/HEADING/OUTPUT/HEADING_METRICS.json sha256=036f8d3ffe999673a322102d18bf0a6647a50150e2d6f65de4feaacf9f1da0cf"",""notes"":""RTKLIB Q=1 (counted as valid)""}",[],[],[],FULL_RECORD_READ,PRESENT_READ,,,First-delivery subset. Source values preserved; path aliases only. No payload-body read.
HX02-e337ef1099f44408db80,HX02,CSV_ROW,RTKLIB_UNMODIFIED_MOVING_BASE,unknown,unknown,BY2O,unknown,-,FILE_START,unknown,unknown,NONE,<CODE_ROOT>/docs/paper_rebuild/hext/HX02/EXTERNAL_FIVE_CATEGORY_TABLE.csv,CSV:data_row=229,"{""category"":""dual_antenna_ambiguity_heading"",""method_id"":""RTKLIB_UNMODIFIED_MOVING_BASE"",""config"":""-"",""sequence"":""BY2O"",""start_mode"":""FILE_START"",""output_type"":""heading_only"",""metric"":""q2_float_rate"",""value"":""0.08912466843501327"",""denominator_or_valid_epochs"":""168/1885"",""failure_flag"":""NONE"",""source"":""$HX02/RUNS/BY2O__RTKLIB__NONE__FILE_START__NA; OUTPUT_HASHES.json sha256=5400abbc40ca00e47c65eef49b60dcbcd31b292f9fc8a70c174c39d1648442d5; RUNS/BY2O__RTKLIB__NONE__FILE_START__NA/eval/HEADING/OUTPUT/HEADING_METRICS.json sha256=036f8d3ffe999673a322102d18bf0a6647a50150e2d6f65de4feaacf9f1da0cf"",""notes"":""RTKLIB Q=2 reported separately, not valid""}",[],[],[],FULL_RECORD_READ,PRESENT_READ,,,First-delivery subset. Source values preserved; path aliases only. No payload-body read.
HX02-e90d058153eab54964f1,HX02,CSV_ROW,RTKLIB_UNMODIFIED_MOVING_BASE,unknown,unknown,BY2O,unknown,-,FILE_START,unknown,unknown,NONE,<CODE_ROOT>/docs/paper_rebuild/hext/HX02/EXTERNAL_FIVE_CATEGORY_TABLE.csv,CSV:data_row=230,"{""category"":""dual_antenna_ambiguity_heading"",""method_id"":""RTKLIB_UNMODIFIED_MOVING_BASE"",""config"":""-"",""sequence"":""BY2O"",""start_mode"":""FILE_START"",""output_type"":""heading_only"",""metric"":""q2_float_rmse_deg"",""value"":""91.73547418365372"",""denominator_or_valid_epochs"":""scored=168"",""failure_flag"":""NONE"",""source"":""$HX02/RUNS/BY2O__RTKLIB__NONE__FILE_START__NA; OUTPUT_HASHES.json sha256=5400abbc40ca00e47c65eef49b60dcbcd31b292f9fc8a70c174c39d1648442d5; RUNS/BY2O__RTKLIB__NONE__FILE_START__NA/eval/HEADING/OUTPUT/HEADING_METRICS.json sha256=036f8d3ffe999673a322102d18bf0a6647a50150e2d6f65de4feaacf9f1da0cf"",""notes"":""""}",[],[],[],FULL_RECORD_READ,PRESENT_READ,,,First-delivery subset. Source values preserved; path aliases only. No payload-body read.
HX02-b4480ae7cc82ef8efaed,HX02,CSV_ROW,RTKLIB_UNMODIFIED_MOVING_BASE,unknown,unknown,BY2O,unknown,-,FILE_START,unknown,unknown,NONE,<CODE_ROOT>/docs/paper_rebuild/hext/HX02/EXTERNAL_FIVE_CATEGORY_TABLE.csv,CSV:data_row=231,"{""category"":""dual_antenna_ambiguity_heading"",""method_id"":""RTKLIB_UNMODIFIED_MOVING_BASE"",""config"":""-"",""sequence"":""BY2O"",""start_mode"":""FILE_START"",""output_type"":""heading_only"",""metric"":""convention_median_deg"",""value"":""1.1095636346372544"",""denominator_or_valid_epochs"":""compared=165"",""failure_flag"":""NONE"",""source"":""$HX02/RUNS/BY2O__RTKLIB__NONE__FILE_START__NA; OUTPUT_HASHES.json sha256=5400abbc40ca00e47c65eef49b60dcbcd31b292f9fc8a70c174c39d1648442d5; RUNS/BY2O__RTKLIB__NONE__FILE_START__NA/eval/HEADING/OUTPUT/HEADING_METRICS.json sha256=036f8d3ffe999673a322102d18bf0a6647a50150e2d6f65de4feaacf9f1da0cf"",""notes"":""method body yaw minus dual-fixed HPPOSECEF baseline body yaw; fractions={\""within_20_of_0\"": 0.9878787878787879, \""within_20_of_180\"": 0.012121212121212121, \""within_20_of_plus_minus_90\"": 0.0}; status=PASS""}",[],[],[],FULL_RECORD_READ,PRESENT_READ,,,First-delivery subset. Source values preserved; path aliases only. No payload-body read.
HX02-f091be1144d70b5e4119,HX02,CSV_ROW,LC02_GINAV,unknown,unknown,BY2,unknown,-,FILE_START,unknown,unknown,NONE,<CODE_ROOT>/docs/paper_rebuild/hext/HX02/EXTERNAL_FIVE_CATEGORY_TABLE.csv,CSV:data_row=232,"{""category"":""loosely_coupled_gnss_ins"",""method_id"":""LC02_GINAV"",""config"":""-"",""sequence"":""BY2"",""start_mode"":""FILE_START"",""output_type"":""imu_point_nav"",""metric"":""row_coverage"",""value"":""0.28"",""denominator_or_valid_epochs"":""77/275"",""failure_flag"":""NONE"",""source"":""$HX02/RUNS/BY2__GINAV__NONE__C00__NA; OUTPUT_HASHES.json sha256=23c9f071c716b1949224e49c7136590ef241db8ada6f5d0fb2e72ecf3eabf82f; RUNS/BY2__GINAV__NONE__C00__NA/eval/GINAV_EVALUATION.json sha256=ddfcef36cc801a58436286c60a10ea5a2ba38b9fbe739748131f7dc373d706e5"",""notes"":""native output rows inside the window / integer seconds of the closed window""}",[],[],[],FULL_RECORD_READ,PRESENT_READ,,,First-delivery subset. Source values preserved; path aliases only. No payload-body read.
HX02-bc70bb4ee77121c9fd0f,HX02,CSV_ROW,LC02_GINAV,unknown,unknown,BY2,unknown,-,FILE_START,unknown,unknown,NONE,<CODE_ROOT>/docs/paper_rebuild/hext/HX02/EXTERNAL_FIVE_CATEGORY_TABLE.csv,CSV:data_row=233,"{""category"":""loosely_coupled_gnss_ins"",""method_id"":""LC02_GINAV"",""config"":""-"",""sequence"":""BY2"",""start_mode"":""FILE_START"",""output_type"":""imu_point_nav"",""metric"":""temporal_coverage"",""value"":""0.6204270072992701"",""denominator_or_valid_epochs"":""span=169.997 s"",""failure_flag"":""NONE"",""source"":""$HX02/RUNS/BY2__GINAV__NONE__C00__NA; OUTPUT_HASHES.json sha256=23c9f071c716b1949224e49c7136590ef241db8ada6f5d0fb2e72ecf3eabf82f; RUNS/BY2__GINAV__NONE__C00__NA/eval/GINAV_EVALUATION.json sha256=ddfcef36cc801a58436286c60a10ea5a2ba38b9fbe739748131f7dc373d706e5"",""notes"":""(last - first valid row) / window length""}",[],[],[],FULL_RECORD_READ,PRESENT_READ,,,First-delivery subset. Source values preserved; path aliases only. No payload-body read.
HX02-77aa3d7ecfee95f6888f,HX02,CSV_ROW,LC02_GINAV,unknown,unknown,BY2,unknown,-,FILE_START,unknown,unknown,NONE,<CODE_ROOT>/docs/paper_rebuild/hext/HX02/EXTERNAL_FIVE_CATEGORY_TABLE.csv,CSV:data_row=234,"{""category"":""loosely_coupled_gnss_ins"",""method_id"":""LC02_GINAV"",""config"":""-"",""sequence"":""BY2"",""start_mode"":""FILE_START"",""output_type"":""imu_point_nav"",""metric"":""max_gap_s"",""value"":""11.0"",""denominator_or_valid_epochs"":""rows=77"",""failure_flag"":""NONE"",""source"":""$HX02/RUNS/BY2__GINAV__NONE__C00__NA; OUTPUT_HASHES.json sha256=23c9f071c716b1949224e49c7136590ef241db8ada6f5d0fb2e72ecf3eabf82f; RUNS/BY2__GINAV__NONE__C00__NA/eval/GINAV_EVALUATION.json sha256=ddfcef36cc801a58436286c60a10ea5a2ba38b9fbe739748131f7dc373d706e5"",""notes"":""""}",[],[],[],FULL_RECORD_READ,PRESENT_READ,,,First-delivery subset. Source values preserved; path aliases only. No payload-body read.
HX02-3c1533103bb40314bdd6,HX02,CSV_ROW,LC02_GINAV,unknown,unknown,BY2,unknown,-,FILE_START,unknown,unknown,NONE,<CODE_ROOT>/docs/paper_rebuild/hext/HX02/EXTERNAL_FIVE_CATEGORY_TABLE.csv,CSV:data_row=235,"{""category"":""loosely_coupled_gnss_ins"",""method_id"":""LC02_GINAV"",""config"":""-"",""sequence"":""BY2"",""start_mode"":""FILE_START"",""output_type"":""imu_point_nav"",""metric"":""segment_count"",""value"":""38"",""denominator_or_valid_epochs"":""split>1.5 s"",""failure_flag"":""NONE"",""source"":""$HX02/RUNS/BY2__GINAV__NONE__C00__NA; OUTPUT_HASHES.json sha256=23c9f071c716b1949224e49c7136590ef241db8ada6f5d0fb2e72ecf3eabf82f; RUNS/BY2__GINAV__NONE__C00__NA/eval/GINAV_EVALUATION.json sha256=ddfcef36cc801a58436286c60a10ea5a2ba38b9fbe739748131f7dc373d706e5"",""notes"":""""}",[],[],[],FULL_RECORD_READ,PRESENT_READ,,,First-delivery subset. Source values preserved; path aliases only. No payload-body read.
HX02-bc4176281c124ee0b51b,HX02,CSV_ROW,LC02_GINAV,unknown,unknown,BY2,unknown,-,FILE_START,unknown,unknown,NONE,<CODE_ROOT>/docs/paper_rebuild/hext/HX02/EXTERNAL_FIVE_CATEGORY_TABLE.csv,CSV:data_row=236,"{""category"":""loosely_coupled_gnss_ins"",""method_id"":""LC02_GINAV"",""config"":""-"",""sequence"":""BY2"",""start_mode"":""FILE_START"",""output_type"":""imu_point_nav"",""metric"":""first_valid_rel_s"",""value"":""169.002"",""denominator_or_valid_epochs"":""window_start=66.0"",""failure_flag"":""NONE"",""source"":""$HX02/RUNS/BY2__GINAV__NONE__C00__NA; OUTPUT_HASHES.json sha256=23c9f071c716b1949224e49c7136590ef241db8ada6f5d0fb2e72ecf3eabf82f; RUNS/BY2__GINAV__NONE__C00__NA/eval/GINAV_EVALUATION.json sha256=ddfcef36cc801a58436286c60a10ea5a2ba38b9fbe739748131f7dc373d706e5"",""notes"":""""}",[],[],[],FULL_RECORD_READ,PRESENT_READ,,,First-delivery subset. Source values preserved; path aliases only. No payload-body read.
HX02-d3ad93f36df61af00566,HX02,CSV_ROW,LC02_GINAV,unknown,unknown,BY2,unknown,-,FILE_START,unknown,unknown,ALGORITHM_FAILURE_DIVERGED,<CODE_ROOT>/docs/paper_rebuild/hext/HX02/EXTERNAL_FIVE_CATEGORY_TABLE.csv,CSV:data_row=237,"{""category"":""loosely_coupled_gnss_ins"",""method_id"":""LC02_GINAV"",""config"":""-"",""sequence"":""BY2"",""start_mode"":""FILE_START"",""output_type"":""imu_point_nav"",""metric"":""frozen_evaluation_status"",""value"":""NOT_RUN_ALGORITHM_FAILURE"",""denominator_or_valid_epochs"":""UNAVAILABLE"",""failure_flag"":""ALGORITHM_FAILURE_DIVERGED"",""source"":""$HX02/RUNS/BY2__GINAV__NONE__C00__NA; OUTPUT_HASHES.json sha256=23c9f071c716b1949224e49c7136590ef241db8ada6f5d0fb2e72ecf3eabf82f; RUNS/BY2__GINAV__NONE__C00__NA/eval/GINAV_EVALUATION.json sha256=ddfcef36cc801a58436286c60a10ea5a2ba38b9fbe739748131f7dc373d706e5"",""notes"":""{\""all_numeric_rows_finite\"": true, \""bounds\"": {\""height_displacement_m\"": 1000.0, \""position_displacement_m\"": 10000.0, \""speed_mps\"": 50.0}, \""failure_classification\"": \""ALGORITHM_FAILURE_DIVERGED\"", \""first_violation\"": {\""data_row_one_based\"": 32, \""file_line_one_based\"": 32, \""height_displacement_m\"": 233.50072600000001, \""position_displacement_m\"": 332.3657839943988, \""reasons\"": [\""speed_mps\""], \""speed_mps\"": 50.63868574088049, \""time_seconds\"": 244.999}, \""height_definition\"": \""absolute geodetic height minus first native geodetic height\"", \""maxima\"": {\""height_displacement_m\"": 235.87164900000002, \""position_displacement""}",[],[],[],FULL_RECORD_READ,PRESENT_READ,,,First-delivery subset. Source values preserved; path aliases only. No payload-body read.
HX02-160a8d7b109a396d0d0e,HX02,CSV_ROW,LC02_GINAV,unknown,unknown,BY2H,unknown,-,CONTRACT_START,unknown,unknown,NONE,<CODE_ROOT>/docs/paper_rebuild/hext/HX02/EXTERNAL_FIVE_CATEGORY_TABLE.csv,CSV:data_row=238,"{""category"":""loosely_coupled_gnss_ins"",""method_id"":""LC02_GINAV"",""config"":""-"",""sequence"":""BY2H"",""start_mode"":""CONTRACT_START"",""output_type"":""imu_point_nav"",""metric"":""row_coverage"",""value"":""0.007380073800738007"",""denominator_or_valid_epochs"":""2/271"",""failure_flag"":""NONE"",""source"":""$HX02/RUNS/BY2H__GINAV__NONE__CONTRACT_START__NA; OUTPUT_HASHES.json sha256=0e4d048f38075358e0d434132b4ddc67186a14661352f7065c4099c0fb878119; RUNS/BY2H__GINAV__NONE__CONTRACT_START__NA/eval/GINAV_EVALUATION.json sha256=5b488d60ded438e1270f864ae4e22c9cfd069c360fde6c551788a5d1af183991"",""notes"":""native output rows inside the window / integer seconds of the closed window""}",[],[],[],FULL_RECORD_READ,PRESENT_READ,,,First-delivery subset. Source values preserved; path aliases only. No payload-body read.
HX02-2de4797c63e2c7bb279d,HX02,CSV_ROW,LC02_GINAV,unknown,unknown,BY2H,unknown,-,CONTRACT_START,unknown,unknown,NONE,<CODE_ROOT>/docs/paper_rebuild/hext/HX02/EXTERNAL_FIVE_CATEGORY_TABLE.csv,CSV:data_row=239,"{""category"":""loosely_coupled_gnss_ins"",""method_id"":""LC02_GINAV"",""config"":""-"",""sequence"":""BY2H"",""start_mode"":""CONTRACT_START"",""output_type"":""imu_point_nav"",""metric"":""temporal_coverage"",""value"":""0.003703703703703704"",""denominator_or_valid_epochs"":""span=1.0 s"",""failure_flag"":""NONE"",""source"":""$HX02/RUNS/BY2H__GINAV__NONE__CONTRACT_START__NA; OUTPUT_HASHES.json sha256=0e4d048f38075358e0d434132b4ddc67186a14661352f7065c4099c0fb878119; RUNS/BY2H__GINAV__NONE__CONTRACT_START__NA/eval/GINAV_EVALUATION.json sha256=5b488d60ded438e1270f864ae4e22c9cfd069c360fde6c551788a5d1af183991"",""notes"":""(last - first valid row) / window length""}",[],[],[],FULL_RECORD_READ,PRESENT_READ,,,First-delivery subset. Source values preserved; path aliases only. No payload-body read.
HX02-5e1f9f31d2f9212b4376,HX02,CSV_ROW,LC02_GINAV,unknown,unknown,BY2H,unknown,-,CONTRACT_START,unknown,unknown,NONE,<CODE_ROOT>/docs/paper_rebuild/hext/HX02/EXTERNAL_FIVE_CATEGORY_TABLE.csv,CSV:data_row=240,"{""category"":""loosely_coupled_gnss_ins"",""method_id"":""LC02_GINAV"",""config"":""-"",""sequence"":""BY2H"",""start_mode"":""CONTRACT_START"",""output_type"":""imu_point_nav"",""metric"":""max_gap_s"",""value"":""1.0"",""denominator_or_valid_epochs"":""rows=2"",""failure_flag"":""NONE"",""source"":""$HX02/RUNS/BY2H__GINAV__NONE__CONTRACT_START__NA; OUTPUT_HASHES.json sha256=0e4d048f38075358e0d434132b4ddc67186a14661352f7065c4099c0fb878119; RUNS/BY2H__GINAV__NONE__CONTRACT_START__NA/eval/GINAV_EVALUATION.json sha256=5b488d60ded438e1270f864ae4e22c9cfd069c360fde6c551788a5d1af183991"",""notes"":""""}",[],[],[],FULL_RECORD_READ,PRESENT_READ,,,First-delivery subset. Source values preserved; path aliases only. No payload-body read.
HX02-7de5e1e82b783c3c8147,HX02,CSV_ROW,LC02_GINAV,unknown,unknown,BY2H,unknown,-,CONTRACT_START,unknown,unknown,NONE,<CODE_ROOT>/docs/paper_rebuild/hext/HX02/EXTERNAL_FIVE_CATEGORY_TABLE.csv,CSV:data_row=241,"{""category"":""loosely_coupled_gnss_ins"",""method_id"":""LC02_GINAV"",""config"":""-"",""sequence"":""BY2H"",""start_mode"":""CONTRACT_START"",""output_type"":""imu_point_nav"",""metric"":""segment_count"",""value"":""1"",""denominator_or_valid_epochs"":""split>1.5 s"",""failure_flag"":""NONE"",""source"":""$HX02/RUNS/BY2H__GINAV__NONE__CONTRACT_START__NA; OUTPUT_HASHES.json sha256=0e4d048f38075358e0d434132b4ddc67186a14661352f7065c4099c0fb878119; RUNS/BY2H__GINAV__NONE__CONTRACT_START__NA/eval/GINAV_EVALUATION.json sha256=5b488d60ded438e1270f864ae4e22c9cfd069c360fde6c551788a5d1af183991"",""notes"":""""}",[],[],[],FULL_RECORD_READ,PRESENT_READ,,,First-delivery subset. Source values preserved; path aliases only. No payload-body read.
HX02-e571521f112635398471,HX02,CSV_ROW,LC02_GINAV,unknown,unknown,BY2H,unknown,-,CONTRACT_START,unknown,unknown,NONE,<CODE_ROOT>/docs/paper_rebuild/hext/HX02/EXTERNAL_FIVE_CATEGORY_TABLE.csv,CSV:data_row=242,"{""category"":""loosely_coupled_gnss_ins"",""method_id"":""LC02_GINAV"",""config"":""-"",""sequence"":""BY2H"",""start_mode"":""CONTRACT_START"",""output_type"":""imu_point_nav"",""metric"":""first_valid_rel_s"",""value"":""676.002"",""denominator_or_valid_epochs"":""window_start=413.0"",""failure_flag"":""NONE"",""source"":""$HX02/RUNS/BY2H__GINAV__NONE__CONTRACT_START__NA; OUTPUT_HASHES.json sha256=0e4d048f38075358e0d434132b4ddc67186a14661352f7065c4099c0fb878119; RUNS/BY2H__GINAV__NONE__CONTRACT_START__NA/eval/GINAV_EVALUATION.json sha256=5b488d60ded438e1270f864ae4e22c9cfd069c360fde6c551788a5d1af183991"",""notes"":""""}",[],[],[],FULL_RECORD_READ,PRESENT_READ,,,First-delivery subset. Source values preserved; path aliases only. No payload-body read.
HX02-79af35feb88c27ecd023,HX02,CSV_ROW,LC02_GINAV,unknown,unknown,BY2H,unknown,-,CONTRACT_START,unknown,unknown,NONE,<CODE_ROOT>/docs/paper_rebuild/hext/HX02/EXTERNAL_FIVE_CATEGORY_TABLE.csv,CSV:data_row=243,"{""category"":""loosely_coupled_gnss_ins"",""method_id"":""LC02_GINAV"",""config"":""-"",""sequence"":""BY2H"",""start_mode"":""CONTRACT_START"",""output_type"":""imu_point_nav"",""metric"":""horizontal_rmse_m"",""value"":""2.894928083236164"",""denominator_or_valid_epochs"":""matched=2/output=2"",""failure_flag"":""NONE"",""source"":""$HX02/RUNS/BY2H__GINAV__NONE__CONTRACT_START__NA; OUTPUT_HASHES.json sha256=0e4d048f38075358e0d434132b4ddc67186a14661352f7065c4099c0fb878119; RUNS/BY2H__GINAV__NONE__CONTRACT_START__NA/eval/GINAV_EVALUATION.json sha256=5b488d60ded438e1270f864ae4e22c9cfd069c360fde6c551788a5d1af183991"",""notes"":""frozen evaluator aa049248, evaluator_contract_v3""}",[],[],[],FULL_RECORD_READ,PRESENT_READ,,,First-delivery subset. Source values preserved; path aliases only. No payload-body read.
HX02-5838fbb65064d06a5fa0,HX02,CSV_ROW,LC02_GINAV,unknown,unknown,BY2H,unknown,-,CONTRACT_START,unknown,unknown,NONE,<CODE_ROOT>/docs/paper_rebuild/hext/HX02/EXTERNAL_FIVE_CATEGORY_TABLE.csv,CSV:data_row=244,"{""category"":""loosely_coupled_gnss_ins"",""method_id"":""LC02_GINAV"",""config"":""-"",""sequence"":""BY2H"",""start_mode"":""CONTRACT_START"",""output_type"":""imu_point_nav"",""metric"":""up_rmse_m"",""value"":""0.34532057461247095"",""denominator_or_valid_epochs"":""matched=2/output=2"",""failure_flag"":""NONE"",""source"":""$HX02/RUNS/BY2H__GINAV__NONE__CONTRACT_START__NA; OUTPUT_HASHES.json sha256=0e4d048f38075358e0d434132b4ddc67186a14661352f7065c4099c0fb878119; RUNS/BY2H__GINAV__NONE__CONTRACT_START__NA/eval/GINAV_EVALUATION.json sha256=5b488d60ded438e1270f864ae4e22c9cfd069c360fde6c551788a5d1af183991"",""notes"":""frozen evaluator aa049248, evaluator_contract_v3""}",[],[],[],FULL_RECORD_READ,PRESENT_READ,,,First-delivery subset. Source values preserved; path aliases only. No payload-body read.
HX02-33e5941576f2f9ea76fd,HX02,CSV_ROW,LC02_GINAV,unknown,unknown,BY2H,unknown,-,CONTRACT_START,unknown,unknown,NONE,<CODE_ROOT>/docs/paper_rebuild/hext/HX02/EXTERNAL_FIVE_CATEGORY_TABLE.csv,CSV:data_row=245,"{""category"":""loosely_coupled_gnss_ins"",""method_id"":""LC02_GINAV"",""config"":""-"",""sequence"":""BY2H"",""start_mode"":""CONTRACT_START"",""output_type"":""imu_point_nav"",""metric"":""yaw_rmse_deg"",""value"":""11.662263303395555"",""denominator_or_valid_epochs"":""matched=2/output=2"",""failure_flag"":""NONE"",""source"":""$HX02/RUNS/BY2H__GINAV__NONE__CONTRACT_START__NA; OUTPUT_HASHES.json sha256=0e4d048f38075358e0d434132b4ddc67186a14661352f7065c4099c0fb878119; RUNS/BY2H__GINAV__NONE__CONTRACT_START__NA/eval/GINAV_EVALUATION.json sha256=5b488d60ded438e1270f864ae4e22c9cfd069c360fde6c551788a5d1af183991"",""notes"":""frozen evaluator aa049248, evaluator_contract_v3""}",[],[],[],FULL_RECORD_READ,PRESENT_READ,,,First-delivery subset. Source values preserved; path aliases only. No payload-body read.
HX02-f89604e378d12a791c51,HX02,CSV_ROW,LC02_GINAV,unknown,unknown,BY2H,unknown,-,CONTRACT_START,unknown,unknown,NONE,<CODE_ROOT>/docs/paper_rebuild/hext/HX02/EXTERNAL_FIVE_CATEGORY_TABLE.csv,CSV:data_row=246,"{""category"":""loosely_coupled_gnss_ins"",""method_id"":""LC02_GINAV"",""config"":""-"",""sequence"":""BY2H"",""start_mode"":""CONTRACT_START"",""output_type"":""imu_point_nav"",""metric"":""yaw_p95_absolute_deg"",""value"":""12.348543359530689"",""denominator_or_valid_epochs"":""matched=2/output=2"",""failure_flag"":""NONE"",""source"":""$HX02/RUNS/BY2H__GINAV__NONE__CONTRACT_START__NA; OUTPUT_HASHES.json sha256=0e4d048f38075358e0d434132b4ddc67186a14661352f7065c4099c0fb878119; RUNS/BY2H__GINAV__NONE__CONTRACT_START__NA/eval/GINAV_EVALUATION.json sha256=5b488d60ded438e1270f864ae4e22c9cfd069c360fde6c551788a5d1af183991"",""notes"":""frozen evaluator aa049248, evaluator_contract_v3""}",[],[],[],FULL_RECORD_READ,PRESENT_READ,,,First-delivery subset. Source values preserved; path aliases only. No payload-body read.
HX02-a37337c07419ff15b997,HX02,CSV_ROW,LC02_GINAV,unknown,unknown,BY2H,unknown,-,CONTRACT_START,unknown,unknown,NONE,<CODE_ROOT>/docs/paper_rebuild/hext/HX02/EXTERNAL_FIVE_CATEGORY_TABLE.csv,CSV:data_row=247,"{""category"":""loosely_coupled_gnss_ins"",""method_id"":""LC02_GINAV"",""config"":""-"",""sequence"":""BY2H"",""start_mode"":""CONTRACT_START"",""output_type"":""imu_point_nav"",""metric"":""roll_rmse_deg"",""value"":""1.0363224070040435"",""denominator_or_valid_epochs"":""matched=2/output=2"",""failure_flag"":""NONE"",""source"":""$HX02/RUNS/BY2H__GINAV__NONE__CONTRACT_START__NA; OUTPUT_HASHES.json sha256=0e4d048f38075358e0d434132b4ddc67186a14661352f7065c4099c0fb878119; RUNS/BY2H__GINAV__NONE__CONTRACT_START__NA/eval/GINAV_EVALUATION.json sha256=5b488d60ded438e1270f864ae4e22c9cfd069c360fde6c551788a5d1af183991"",""notes"":""frozen evaluator aa049248, evaluator_contract_v3""}",[],[],[],FULL_RECORD_READ,PRESENT_READ,,,First-delivery subset. Source values preserved; path aliases only. No payload-body read.
HX02-38d79bf679b889f743af,HX02,CSV_ROW,LC02_GINAV,unknown,unknown,BY2H,unknown,-,CONTRACT_START,unknown,unknown,NONE,<CODE_ROOT>/docs/paper_rebuild/hext/HX02/EXTERNAL_FIVE_CATEGORY_TABLE.csv,CSV:data_row=248,"{""category"":""loosely_coupled_gnss_ins"",""method_id"":""LC02_GINAV"",""config"":""-"",""sequence"":""BY2H"",""start_mode"":""CONTRACT_START"",""output_type"":""imu_point_nav"",""metric"":""pitch_rmse_deg"",""value"":""1.0446861765062918"",""denominator_or_valid_epochs"":""matched=2/output=2"",""failure_flag"":""NONE"",""source"":""$HX02/RUNS/BY2H__GINAV__NONE__CONTRACT_START__NA; OUTPUT_HASHES.json sha256=0e4d048f38075358e0d434132b4ddc67186a14661352f7065c4099c0fb878119; RUNS/BY2H__GINAV__NONE__CONTRACT_START__NA/eval/GINAV_EVALUATION.json sha256=5b488d60ded438e1270f864ae4e22c9cfd069c360fde6c551788a5d1af183991"",""notes"":""frozen evaluator aa049248, evaluator_contract_v3""}",[],[],[],FULL_RECORD_READ,PRESENT_READ,,,First-delivery subset. Source values preserved; path aliases only. No payload-body read.
HX02-1e8f964dea8aff8a777e,HX02,CSV_ROW,LC02_GINAV,unknown,unknown,BY2H,unknown,-,CONTRACT_START,unknown,unknown,NONE,<CODE_ROOT>/docs/paper_rebuild/hext/HX02/EXTERNAL_FIVE_CATEGORY_TABLE.csv,CSV:data_row=249,"{""category"":""loosely_coupled_gnss_ins"",""method_id"":""LC02_GINAV"",""config"":""-"",""sequence"":""BY2H"",""start_mode"":""CONTRACT_START"",""output_type"":""imu_point_nav"",""metric"":""coverage_ratio"",""value"":""1.0"",""denominator_or_valid_epochs"":""matched=2/output=2"",""failure_flag"":""NONE"",""source"":""$HX02/RUNS/BY2H__GINAV__NONE__CONTRACT_START__NA; OUTPUT_HASHES.json sha256=0e4d048f38075358e0d434132b4ddc67186a14661352f7065c4099c0fb878119; RUNS/BY2H__GINAV__NONE__CONTRACT_START__NA/eval/GINAV_EVALUATION.json sha256=5b488d60ded438e1270f864ae4e22c9cfd069c360fde6c551788a5d1af183991"",""notes"":""frozen evaluator aa049248, evaluator_contract_v3""}",[],[],[],FULL_RECORD_READ,PRESENT_READ,,,First-delivery subset. Source values preserved; path aliases only. No payload-body read.
HX02-2894543afc972f5efb7e,HX02,CSV_ROW,LC02_GINAV,unknown,unknown,BY2H,unknown,-,CONTRACT_START,unknown,unknown,NONE,<CODE_ROOT>/docs/paper_rebuild/hext/HX02/EXTERNAL_FIVE_CATEGORY_TABLE.csv,CSV:data_row=250,"{""category"":""loosely_coupled_gnss_ins"",""method_id"":""LC02_GINAV"",""config"":""-"",""sequence"":""BY2H"",""start_mode"":""CONTRACT_START"",""output_type"":""imu_point_nav"",""metric"":""v2_horizontal_rmse_m"",""value"":""2.8731736198916877"",""denominator_or_valid_epochs"":""matched=2/output=2"",""failure_flag"":""NONE"",""source"":""$HX02/RUNS/BY2H__GINAV__NONE__CONTRACT_START__NA; OUTPUT_HASHES.json sha256=0e4d048f38075358e0d434132b4ddc67186a14661352f7065c4099c0fb878119; RUNS/BY2H__GINAV__NONE__CONTRACT_START__NA/eval/GINAV_EVALUATION.json sha256=5b488d60ded438e1270f864ae4e22c9cfd069c360fde6c551788a5d1af183991"",""notes"":""frozen evaluator aa049248, evaluator_contract_v2 (IMU point, parallel)""}",[],[],[],FULL_RECORD_READ,PRESENT_READ,,,First-delivery subset. Source values preserved; path aliases only. No payload-body read.
HX02-9b57125d1009055f7b32,HX02,CSV_ROW,LC02_GINAV,unknown,unknown,BY2H,unknown,-,CONTRACT_START,unknown,unknown,NONE,<CODE_ROOT>/docs/paper_rebuild/hext/HX02/EXTERNAL_FIVE_CATEGORY_TABLE.csv,CSV:data_row=251,"{""category"":""loosely_coupled_gnss_ins"",""method_id"":""LC02_GINAV"",""config"":""-"",""sequence"":""BY2H"",""start_mode"":""CONTRACT_START"",""output_type"":""imu_point_nav"",""metric"":""v2_up_rmse_m"",""value"":""0.5057352751345866"",""denominator_or_valid_epochs"":""matched=2/output=2"",""failure_flag"":""NONE"",""source"":""$HX02/RUNS/BY2H__GINAV__NONE__CONTRACT_START__NA; OUTPUT_HASHES.json sha256=0e4d048f38075358e0d434132b4ddc67186a14661352f7065c4099c0fb878119; RUNS/BY2H__GINAV__NONE__CONTRACT_START__NA/eval/GINAV_EVALUATION.json sha256=5b488d60ded438e1270f864ae4e22c9cfd069c360fde6c551788a5d1af183991"",""notes"":""frozen evaluator aa049248, evaluator_contract_v2 (IMU point, parallel)""}",[],[],[],FULL_RECORD_READ,PRESENT_READ,,,First-delivery subset. Source values preserved; path aliases only. No payload-body read.
HX02-add8c2a5824ee3e03509,HX02,CSV_ROW,LC02_GINAV,unknown,unknown,BY2H,unknown,-,CONTRACT_START,unknown,unknown,NONE,<CODE_ROOT>/docs/paper_rebuild/hext/HX02/EXTERNAL_FIVE_CATEGORY_TABLE.csv,CSV:data_row=252,"{""category"":""loosely_coupled_gnss_ins"",""method_id"":""LC02_GINAV"",""config"":""-"",""sequence"":""BY2H"",""start_mode"":""CONTRACT_START"",""output_type"":""imu_point_nav"",""metric"":""v2_yaw_rmse_deg"",""value"":""11.662263303395555"",""denominator_or_valid_epochs"":""matched=2/output=2"",""failure_flag"":""NONE"",""source"":""$HX02/RUNS/BY2H__GINAV__NONE__CONTRACT_START__NA; OUTPUT_HASHES.json sha256=0e4d048f38075358e0d434132b4ddc67186a14661352f7065c4099c0fb878119; RUNS/BY2H__GINAV__NONE__CONTRACT_START__NA/eval/GINAV_EVALUATION.json sha256=5b488d60ded438e1270f864ae4e22c9cfd069c360fde6c551788a5d1af183991"",""notes"":""frozen evaluator aa049248, evaluator_contract_v2 (IMU point, parallel)""}",[],[],[],FULL_RECORD_READ,PRESENT_READ,,,First-delivery subset. Source values preserved; path aliases only. No payload-body read.
HX02-7f0196afc3790167a9fe,HX02,CSV_ROW,LC02_GINAV,unknown,unknown,BY2H,unknown,-,CONTRACT_START,unknown,unknown,NONE,<CODE_ROOT>/docs/paper_rebuild/hext/HX02/EXTERNAL_FIVE_CATEGORY_TABLE.csv,CSV:data_row=253,"{""category"":""loosely_coupled_gnss_ins"",""method_id"":""LC02_GINAV"",""config"":""-"",""sequence"":""BY2H"",""start_mode"":""CONTRACT_START"",""output_type"":""imu_point_nav"",""metric"":""v2_yaw_p95_absolute_deg"",""value"":""12.348543359530689"",""denominator_or_valid_epochs"":""matched=2/output=2"",""failure_flag"":""NONE"",""source"":""$HX02/RUNS/BY2H__GINAV__NONE__CONTRACT_START__NA; OUTPUT_HASHES.json sha256=0e4d048f38075358e0d434132b4ddc67186a14661352f7065c4099c0fb878119; RUNS/BY2H__GINAV__NONE__CONTRACT_START__NA/eval/GINAV_EVALUATION.json sha256=5b488d60ded438e1270f864ae4e22c9cfd069c360fde6c551788a5d1af183991"",""notes"":""frozen evaluator aa049248, evaluator_contract_v2 (IMU point, parallel)""}",[],[],[],FULL_RECORD_READ,PRESENT_READ,,,First-delivery subset. Source values preserved; path aliases only. No payload-body read.
HX02-a335eb66fa904d51ca0b,HX02,CSV_ROW,LC02_GINAV,unknown,unknown,BY2H,unknown,-,CONTRACT_START,unknown,unknown,NONE,<CODE_ROOT>/docs/paper_rebuild/hext/HX02/EXTERNAL_FIVE_CATEGORY_TABLE.csv,CSV:data_row=254,"{""category"":""loosely_coupled_gnss_ins"",""method_id"":""LC02_GINAV"",""config"":""-"",""sequence"":""BY2H"",""start_mode"":""CONTRACT_START"",""output_type"":""imu_point_nav"",""metric"":""v2_roll_rmse_deg"",""value"":""1.0363224070040435"",""denominator_or_valid_epochs"":""matched=2/output=2"",""failure_flag"":""NONE"",""source"":""$HX02/RUNS/BY2H__GINAV__NONE__CONTRACT_START__NA; OUTPUT_HASHES.json sha256=0e4d048f38075358e0d434132b4ddc67186a14661352f7065c4099c0fb878119; RUNS/BY2H__GINAV__NONE__CONTRACT_START__NA/eval/GINAV_EVALUATION.json sha256=5b488d60ded438e1270f864ae4e22c9cfd069c360fde6c551788a5d1af183991"",""notes"":""frozen evaluator aa049248, evaluator_contract_v2 (IMU point, parallel)""}",[],[],[],FULL_RECORD_READ,PRESENT_READ,,,First-delivery subset. Source values preserved; path aliases only. No payload-body read.
HX02-8bd5ca2d899d6e79c33e,HX02,CSV_ROW,LC02_GINAV,unknown,unknown,BY2H,unknown,-,CONTRACT_START,unknown,unknown,NONE,<CODE_ROOT>/docs/paper_rebuild/hext/HX02/EXTERNAL_FIVE_CATEGORY_TABLE.csv,CSV:data_row=255,"{""category"":""loosely_coupled_gnss_ins"",""method_id"":""LC02_GINAV"",""config"":""-"",""sequence"":""BY2H"",""start_mode"":""CONTRACT_START"",""output_type"":""imu_point_nav"",""metric"":""v2_pitch_rmse_deg"",""value"":""1.0446861765062918"",""denominator_or_valid_epochs"":""matched=2/output=2"",""failure_flag"":""NONE"",""source"":""$HX02/RUNS/BY2H__GINAV__NONE__CONTRACT_START__NA; OUTPUT_HASHES.json sha256=0e4d048f38075358e0d434132b4ddc67186a14661352f7065c4099c0fb878119; RUNS/BY2H__GINAV__NONE__CONTRACT_START__NA/eval/GINAV_EVALUATION.json sha256=5b488d60ded438e1270f864ae4e22c9cfd069c360fde6c551788a5d1af183991"",""notes"":""frozen evaluator aa049248, evaluator_contract_v2 (IMU point, parallel)""}",[],[],[],FULL_RECORD_READ,PRESENT_READ,,,First-delivery subset. Source values preserved; path aliases only. No payload-body read.
HX02-c2484a1d76f4988a6594,HX02,CSV_ROW,LC02_GINAV,unknown,unknown,BY2H,unknown,-,CONTRACT_START,unknown,unknown,NONE,<CODE_ROOT>/docs/paper_rebuild/hext/HX02/EXTERNAL_FIVE_CATEGORY_TABLE.csv,CSV:data_row=256,"{""category"":""loosely_coupled_gnss_ins"",""method_id"":""LC02_GINAV"",""config"":""-"",""sequence"":""BY2H"",""start_mode"":""CONTRACT_START"",""output_type"":""imu_point_nav"",""metric"":""v2_coverage_ratio"",""value"":""1.0"",""denominator_or_valid_epochs"":""matched=2/output=2"",""failure_flag"":""NONE"",""source"":""$HX02/RUNS/BY2H__GINAV__NONE__CONTRACT_START__NA; OUTPUT_HASHES.json sha256=0e4d048f38075358e0d434132b4ddc67186a14661352f7065c4099c0fb878119; RUNS/BY2H__GINAV__NONE__CONTRACT_START__NA/eval/GINAV_EVALUATION.json sha256=5b488d60ded438e1270f864ae4e22c9cfd069c360fde6c551788a5d1af183991"",""notes"":""frozen evaluator aa049248, evaluator_contract_v2 (IMU point, parallel)""}",[],[],[],FULL_RECORD_READ,PRESENT_READ,,,First-delivery subset. Source values preserved; path aliases only. No payload-body read.
HX02-3fe92fc9400bf713921a,HX02,CSV_ROW,LC02_GINAV,unknown,unknown,BY2O,unknown,-,FILE_START,unknown,unknown,NONE,<CODE_ROOT>/docs/paper_rebuild/hext/HX02/EXTERNAL_FIVE_CATEGORY_TABLE.csv,CSV:data_row=257,"{""category"":""loosely_coupled_gnss_ins"",""method_id"":""LC02_GINAV"",""config"":""-"",""sequence"":""BY2O"",""start_mode"":""FILE_START"",""output_type"":""imu_point_nav"",""metric"":""row_coverage"",""value"":""0.013227513227513227"",""denominator_or_valid_epochs"":""5/378"",""failure_flag"":""NONE"",""source"":""$HX02/RUNS/BY2O__GINAV__NONE__FILE_START__NA; OUTPUT_HASHES.json sha256=c0eaf82df80c45d494b19cdff1d78d41a0004edb4d934aa01b7116ddf8d70916; RUNS/BY2O__GINAV__NONE__FILE_START__NA/eval/GINAV_EVALUATION.json sha256=82256629c74394754b5f5d15264ee237910679c7bc6c8857730bd7928828390b"",""notes"":""native output rows inside the window / integer seconds of the closed window""}",[],[],[],FULL_RECORD_READ,PRESENT_READ,,,First-delivery subset. Source values preserved; path aliases only. No payload-body read.
HX02-3f1ca296427f9e4bde86,HX02,CSV_ROW,LC02_GINAV,unknown,unknown,BY2O,unknown,-,FILE_START,unknown,unknown,NONE,<CODE_ROOT>/docs/paper_rebuild/hext/HX02/EXTERNAL_FIVE_CATEGORY_TABLE.csv,CSV:data_row=258,"{""category"":""loosely_coupled_gnss_ins"",""method_id"":""LC02_GINAV"",""config"":""-"",""sequence"":""BY2O"",""start_mode"":""FILE_START"",""output_type"":""imu_point_nav"",""metric"":""temporal_coverage"",""value"":""0.034474801061007546"",""denominator_or_valid_epochs"":""span=12.996999999999844 s"",""failure_flag"":""NONE"",""source"":""$HX02/RUNS/BY2O__GINAV__NONE__FILE_START__NA; OUTPUT_HASHES.json sha256=c0eaf82df80c45d494b19cdff1d78d41a0004edb4d934aa01b7116ddf8d70916; RUNS/BY2O__GINAV__NONE__FILE_START__NA/eval/GINAV_EVALUATION.json sha256=82256629c74394754b5f5d15264ee237910679c7bc6c8857730bd7928828390b"",""notes"":""(last - first valid row) / window length""}",[],[],[],FULL_RECORD_READ,PRESENT_READ,,,First-delivery subset. Source values preserved; path aliases only. No payload-body read.
HX02-6de425d7888071f5f1c3,HX02,CSV_ROW,LC02_GINAV,unknown,unknown,BY2O,unknown,-,FILE_START,unknown,unknown,NONE,<CODE_ROOT>/docs/paper_rebuild/hext/HX02/EXTERNAL_FIVE_CATEGORY_TABLE.csv,CSV:data_row=259,"{""category"":""loosely_coupled_gnss_ins"",""method_id"":""LC02_GINAV"",""config"":""-"",""sequence"":""BY2O"",""start_mode"":""FILE_START"",""output_type"":""imu_point_nav"",""metric"":""max_gap_s"",""value"":""9.0"",""denominator_or_valid_epochs"":""rows=5"",""failure_flag"":""NONE"",""source"":""$HX02/RUNS/BY2O__GINAV__NONE__FILE_START__NA; OUTPUT_HASHES.json sha256=c0eaf82df80c45d494b19cdff1d78d41a0004edb4d934aa01b7116ddf8d70916; RUNS/BY2O__GINAV__NONE__FILE_START__NA/eval/GINAV_EVALUATION.json sha256=82256629c74394754b5f5d15264ee237910679c7bc6c8857730bd7928828390b"",""notes"":""""}",[],[],[],FULL_RECORD_READ,PRESENT_READ,,,First-delivery subset. Source values preserved; path aliases only. No payload-body read.
HX02-2cb5ba42e21f939a0904,HX02,CSV_ROW,LC02_GINAV,unknown,unknown,BY2O,unknown,-,FILE_START,unknown,unknown,NONE,<CODE_ROOT>/docs/paper_rebuild/hext/HX02/EXTERNAL_FIVE_CATEGORY_TABLE.csv,CSV:data_row=260,"{""category"":""loosely_coupled_gnss_ins"",""method_id"":""LC02_GINAV"",""config"":""-"",""sequence"":""BY2O"",""start_mode"":""FILE_START"",""output_type"":""imu_point_nav"",""metric"":""segment_count"",""value"":""3"",""denominator_or_valid_epochs"":""split>1.5 s"",""failure_flag"":""NONE"",""source"":""$HX02/RUNS/BY2O__GINAV__NONE__FILE_START__NA; OUTPUT_HASHES.json sha256=c0eaf82df80c45d494b19cdff1d78d41a0004edb4d934aa01b7116ddf8d70916; RUNS/BY2O__GINAV__NONE__FILE_START__NA/eval/GINAV_EVALUATION.json sha256=82256629c74394754b5f5d15264ee237910679c7bc6c8857730bd7928828390b"",""notes"":""""}",[],[],[],FULL_RECORD_READ,PRESENT_READ,,,First-delivery subset. Source values preserved; path aliases only. No payload-body read.
HX02-0f345cbfa1716282b122,HX02,CSV_ROW,LC02_GINAV,unknown,unknown,BY2O,unknown,-,FILE_START,unknown,unknown,NONE,<CODE_ROOT>/docs/paper_rebuild/hext/HX02/EXTERNAL_FIVE_CATEGORY_TABLE.csv,CSV:data_row=261,"{""category"":""loosely_coupled_gnss_ins"",""method_id"":""LC02_GINAV"",""config"":""-"",""sequence"":""BY2O"",""start_mode"":""FILE_START"",""output_type"":""imu_point_nav"",""metric"":""first_valid_rel_s"",""value"":""3549.002"",""denominator_or_valid_epochs"":""window_start=3186.0"",""failure_flag"":""NONE"",""source"":""$HX02/RUNS/BY2O__GINAV__NONE__FILE_START__NA; OUTPUT_HASHES.json sha256=c0eaf82df80c45d494b19cdff1d78d41a0004edb4d934aa01b7116ddf8d70916; RUNS/BY2O__GINAV__NONE__FILE_START__NA/eval/GINAV_EVALUATION.json sha256=82256629c74394754b5f5d15264ee237910679c7bc6c8857730bd7928828390b"",""notes"":""""}",[],[],[],FULL_RECORD_READ,PRESENT_READ,,,First-delivery subset. Source values preserved; path aliases only. No payload-body read.
HX02-2f133df1049d54e7ee58,HX02,CSV_ROW,LC02_GINAV,unknown,unknown,BY2O,unknown,-,FILE_START,unknown,unknown,ALGORITHM_FAILURE_DIVERGED,<CODE_ROOT>/docs/paper_rebuild/hext/HX02/EXTERNAL_FIVE_CATEGORY_TABLE.csv,CSV:data_row=262,"{""category"":""loosely_coupled_gnss_ins"",""method_id"":""LC02_GINAV"",""config"":""-"",""sequence"":""BY2O"",""start_mode"":""FILE_START"",""output_type"":""imu_point_nav"",""metric"":""frozen_evaluation_status"",""value"":""NOT_RUN_ALGORITHM_FAILURE"",""denominator_or_valid_epochs"":""UNAVAILABLE"",""failure_flag"":""ALGORITHM_FAILURE_DIVERGED"",""source"":""$HX02/RUNS/BY2O__GINAV__NONE__FILE_START__NA; OUTPUT_HASHES.json sha256=c0eaf82df80c45d494b19cdff1d78d41a0004edb4d934aa01b7116ddf8d70916; RUNS/BY2O__GINAV__NONE__FILE_START__NA/eval/GINAV_EVALUATION.json sha256=82256629c74394754b5f5d15264ee237910679c7bc6c8857730bd7928828390b"",""notes"":""{\""all_numeric_rows_finite\"": true, \""bounds\"": {\""height_displacement_m\"": 1000.0, \""position_displacement_m\"": 10000.0, \""speed_mps\"": 50.0}, \""failure_classification\"": \""ALGORITHM_FAILURE_DIVERGED\"", \""first_violation\"": {\""data_row_one_based\"": 5, \""file_line_one_based\"": 5, \""height_displacement_m\"": 199.743514, \""position_displacement_m\"": 202.86856871534454, \""reasons\"": [\""speed_mps\""], \""speed_mps\"": 68.77248078219081, \""time_seconds\"": 3561.999}, \""height_definition\"": \""absolute geodetic height minus first native geodetic height\"", \""maxima\"": {\""height_displacement_m\"": 199.743514, \""position_displacement_m\"": 202.8685687""}",[],[],[],FULL_RECORD_READ,PRESENT_READ,,,First-delivery subset. Source values preserved; path aliases only. No payload-body read.
HX02-f0be0cad96d6e0b00798,HX02,CSV_ROW,Hartley-S,unknown,unknown,BY2,unknown,S,FILE_START,unknown,unknown,NONE,<CODE_ROOT>/docs/paper_rebuild/hext/HX02/EXTERNAL_FIVE_CATEGORY_TABLE.csv,CSV:data_row=263,"{""category"":""legged_state_estimation"",""method_id"":""Hartley-S"",""config"":""S"",""sequence"":""BY2"",""start_mode"":""FILE_START"",""output_type"":""relative_pose"",""metric"":""position_drift_m_per_100m"",""value"":""34.07743045460158"",""denominator_or_valid_epochs"":""scored=2741/grid=2741"",""failure_flag"":""NONE"",""source"":""$HX02/RUNS/BY2__HARTLEY_S__S__C00__NA; OUTPUT_HASHES.json sha256=54fd8eb05eedd83b2351d747041a972359ef127466b0582ec513ead5d2d66b8f; RUNS/BY2__HARTLEY_S__S__C00__NA/eval/RELATIVE_POSE/OUTPUT/RELATIVE_POSE_METRICS.json sha256=70378fd3cba038f54ecf30f244c663f48679c166b88466c52fd5c68a938251c4"",""notes"":""OLS slope (with intercept) of horizontal error norm versus cumulative reference horizontal path, x100""}",[],[],[],FULL_RECORD_READ,PRESENT_READ,,,First-delivery subset. Source values preserved; path aliases only. No payload-body read.
HX02-1bd57eb380bcc854d2ff,HX02,CSV_ROW,Hartley-S,unknown,unknown,BY2,unknown,S,FILE_START,unknown,unknown,NONE,<CODE_ROOT>/docs/paper_rebuild/hext/HX02/EXTERNAL_FIVE_CATEGORY_TABLE.csv,CSV:data_row=264,"{""category"":""legged_state_estimation"",""method_id"":""Hartley-S"",""config"":""S"",""sequence"":""BY2"",""start_mode"":""FILE_START"",""output_type"":""relative_pose"",""metric"":""heading_drift_deg_per_min"",""value"":""-101.19336396722751"",""denominator_or_valid_epochs"":""scored=2741/grid=2741"",""failure_flag"":""NONE"",""source"":""$HX02/RUNS/BY2__HARTLEY_S__S__C00__NA; OUTPUT_HASHES.json sha256=54fd8eb05eedd83b2351d747041a972359ef127466b0582ec513ead5d2d66b8f; RUNS/BY2__HARTLEY_S__S__C00__NA/eval/RELATIVE_POSE/OUTPUT/RELATIVE_POSE_METRICS.json sha256=70378fd3cba038f54ecf30f244c663f48679c166b88466c52fd5c68a938251c4"",""notes"":""OLS slope (with intercept) of time-unwrapped wrap-safe NED yaw error versus time in minutes""}",[],[],[],FULL_RECORD_READ,PRESENT_READ,,,First-delivery subset. Source values preserved; path aliases only. No payload-body read.
HX02-af553081845e7540b623,HX02,CSV_ROW,Hartley-S,unknown,unknown,BY2,unknown,S,FILE_START,unknown,unknown,NONE,<CODE_ROOT>/docs/paper_rebuild/hext/HX02/EXTERNAL_FIVE_CATEGORY_TABLE.csv,CSV:data_row=265,"{""category"":""legged_state_estimation"",""method_id"":""Hartley-S"",""config"":""S"",""sequence"":""BY2"",""start_mode"":""FILE_START"",""output_type"":""relative_pose"",""metric"":""aligned_horizontal_rmse_m"",""value"":""84.1550245962943"",""denominator_or_valid_epochs"":""scored=2741/grid=2741"",""failure_flag"":""NONE"",""source"":""$HX02/RUNS/BY2__HARTLEY_S__S__C00__NA; OUTPUT_HASHES.json sha256=54fd8eb05eedd83b2351d747041a972359ef127466b0582ec513ead5d2d66b8f; RUNS/BY2__HARTLEY_S__S__C00__NA/eval/RELATIVE_POSE/OUTPUT/RELATIVE_POSE_METRICS.json sha256=70378fd3cba038f54ecf30f244c663f48679c166b88466c52fd5c68a938251c4"",""notes"":""one 4-DOF alignment from this branch's own output on [66.0, 76.0] s (101 epochs): yaw 87.462718 deg, translation [0.2174, 0.4083, -0.3231] m; applied unchanged""}",[],[],[],FULL_RECORD_READ,PRESENT_READ,,,First-delivery subset. Source values preserved; path aliases only. No payload-body read.
HX02-ac5de17c9d90dfb9dfb1,HX02,CSV_ROW,Hartley-S,unknown,unknown,BY2,unknown,S,FILE_START,unknown,unknown,NONE,<CODE_ROOT>/docs/paper_rebuild/hext/HX02/EXTERNAL_FIVE_CATEGORY_TABLE.csv,CSV:data_row=266,"{""category"":""legged_state_estimation"",""method_id"":""Hartley-S"",""config"":""S"",""sequence"":""BY2"",""start_mode"":""FILE_START"",""output_type"":""relative_pose"",""metric"":""aligned_up_rmse_m"",""value"":""4.34380454274841"",""denominator_or_valid_epochs"":""scored=2741/grid=2741"",""failure_flag"":""NONE"",""source"":""$HX02/RUNS/BY2__HARTLEY_S__S__C00__NA; OUTPUT_HASHES.json sha256=54fd8eb05eedd83b2351d747041a972359ef127466b0582ec513ead5d2d66b8f; RUNS/BY2__HARTLEY_S__S__C00__NA/eval/RELATIVE_POSE/OUTPUT/RELATIVE_POSE_METRICS.json sha256=70378fd3cba038f54ecf30f244c663f48679c166b88466c52fd5c68a938251c4"",""notes"":""""}",[],[],[],FULL_RECORD_READ,PRESENT_READ,,,First-delivery subset. Source values preserved; path aliases only. No payload-body read.
HX02-62f98a20c924da72ebba,HX02,CSV_ROW,Hartley-S,unknown,unknown,BY2,unknown,S,FILE_START,unknown,unknown,NONE,<CODE_ROOT>/docs/paper_rebuild/hext/HX02/EXTERNAL_FIVE_CATEGORY_TABLE.csv,CSV:data_row=267,"{""category"":""legged_state_estimation"",""method_id"":""Hartley-S"",""config"":""S"",""sequence"":""BY2"",""start_mode"":""FILE_START"",""output_type"":""relative_pose"",""metric"":""aligned_yaw_rmse_deg"",""value"":""78.68073841771553"",""denominator_or_valid_epochs"":""scored=2741/grid=2741"",""failure_flag"":""NONE"",""source"":""$HX02/RUNS/BY2__HARTLEY_S__S__C00__NA; OUTPUT_HASHES.json sha256=54fd8eb05eedd83b2351d747041a972359ef127466b0582ec513ead5d2d66b8f; RUNS/BY2__HARTLEY_S__S__C00__NA/eval/RELATIVE_POSE/OUTPUT/RELATIVE_POSE_METRICS.json sha256=70378fd3cba038f54ecf30f244c663f48679c166b88466c52fd5c68a938251c4"",""notes"":""""}",[],[],[],FULL_RECORD_READ,PRESENT_READ,,,First-delivery subset. Source values preserved; path aliases only. No payload-body read.
HX02-82d00a06233b0a96c03d,HX02,CSV_ROW,Hartley-S,unknown,unknown,BY2,unknown,S,FILE_START,unknown,unknown,NONE,<CODE_ROOT>/docs/paper_rebuild/hext/HX02/EXTERNAL_FIVE_CATEGORY_TABLE.csv,CSV:data_row=268,"{""category"":""legged_state_estimation"",""method_id"":""Hartley-S"",""config"":""S"",""sequence"":""BY2"",""start_mode"":""FILE_START"",""output_type"":""relative_pose"",""metric"":""aligned_horizontal_max_m"",""value"":""138.25723235355554"",""denominator_or_valid_epochs"":""scored=2741/grid=2741"",""failure_flag"":""NONE"",""source"":""$HX02/RUNS/BY2__HARTLEY_S__S__C00__NA; OUTPUT_HASHES.json sha256=54fd8eb05eedd83b2351d747041a972359ef127466b0582ec513ead5d2d66b8f; RUNS/BY2__HARTLEY_S__S__C00__NA/eval/RELATIVE_POSE/OUTPUT/RELATIVE_POSE_METRICS.json sha256=70378fd3cba038f54ecf30f244c663f48679c166b88466c52fd5c68a938251c4"",""notes"":""""}",[],[],[],FULL_RECORD_READ,PRESENT_READ,,,First-delivery subset. Source values preserved; path aliases only. No payload-body read.
HX02-47470304bcc059d880df,HX02,CSV_ROW,Hartley-S,unknown,unknown,BY2,unknown,S,FILE_START,unknown,unknown,NONE,<CODE_ROOT>/docs/paper_rebuild/hext/HX02/EXTERNAL_FIVE_CATEGORY_TABLE.csv,CSV:data_row=269,"{""category"":""legged_state_estimation"",""method_id"":""Hartley-S"",""config"":""S"",""sequence"":""BY2"",""start_mode"":""FILE_START"",""output_type"":""relative_pose"",""metric"":""reference_path_length_m"",""value"":""328.4713109046748"",""denominator_or_valid_epochs"":""scored=2741/grid=2741"",""failure_flag"":""NONE"",""source"":""$HX02/RUNS/BY2__HARTLEY_S__S__C00__NA; OUTPUT_HASHES.json sha256=54fd8eb05eedd83b2351d747041a972359ef127466b0582ec513ead5d2d66b8f; RUNS/BY2__HARTLEY_S__S__C00__NA/eval/RELATIVE_POSE/OUTPUT/RELATIVE_POSE_METRICS.json sha256=70378fd3cba038f54ecf30f244c663f48679c166b88466c52fd5c68a938251c4"",""notes"":""window reference horizontal path""}",[],[],[],FULL_RECORD_READ,PRESENT_READ,,,First-delivery subset. Source values preserved; path aliases only. No payload-body read.
HX02-55487d1f6adb294847dc,HX02,CSV_ROW,Hartley-S,unknown,unknown,BY2,unknown,S,FILE_START,unknown,unknown,NONE,<CODE_ROOT>/docs/paper_rebuild/hext/HX02/EXTERNAL_FIVE_CATEGORY_TABLE.csv,CSV:data_row=270,"{""category"":""legged_state_estimation"",""method_id"":""Hartley-S"",""config"":""S"",""sequence"":""BY2"",""start_mode"":""FILE_START"",""output_type"":""relative_pose"",""metric"":""rpe_10s_translation_rmse_m"",""value"":""66.38929386492886"",""denominator_or_valid_epochs"":""scored=2741/grid=2741"",""failure_flag"":""NONE"",""source"":""$HX02/RUNS/BY2__HARTLEY_S__S__C00__NA; OUTPUT_HASHES.json sha256=54fd8eb05eedd83b2351d747041a972359ef127466b0582ec513ead5d2d66b8f; RUNS/BY2__HARTLEY_S__S__C00__NA/eval/RELATIVE_POSE/OUTPUT/RELATIVE_POSE_METRICS.json sha256=70378fd3cba038f54ecf30f244c663f48679c166b88466c52fd5c68a938251c4"",""notes"":""pairs=2641""}",[],[],[],FULL_RECORD_READ,PRESENT_READ,,,First-delivery subset. Source values preserved; path aliases only. No payload-body read.
HX02-b88a0c519350644edb6f,HX02,CSV_ROW,Hartley-S,unknown,unknown,BY2,unknown,S,FILE_START,unknown,unknown,NONE,<CODE_ROOT>/docs/paper_rebuild/hext/HX02/EXTERNAL_FIVE_CATEGORY_TABLE.csv,CSV:data_row=271,"{""category"":""legged_state_estimation"",""method_id"":""Hartley-S"",""config"":""S"",""sequence"":""BY2"",""start_mode"":""FILE_START"",""output_type"":""relative_pose"",""metric"":""rpe_10s_yaw_rmse_deg"",""value"":""80.12418293501025"",""denominator_or_valid_epochs"":""scored=2741/grid=2741"",""failure_flag"":""NONE"",""source"":""$HX02/RUNS/BY2__HARTLEY_S__S__C00__NA; OUTPUT_HASHES.json sha256=54fd8eb05eedd83b2351d747041a972359ef127466b0582ec513ead5d2d66b8f; RUNS/BY2__HARTLEY_S__S__C00__NA/eval/RELATIVE_POSE/OUTPUT/RELATIVE_POSE_METRICS.json sha256=70378fd3cba038f54ecf30f244c663f48679c166b88466c52fd5c68a938251c4"",""notes"":""pairs=2641""}",[],[],[],FULL_RECORD_READ,PRESENT_READ,,,First-delivery subset. Source values preserved; path aliases only. No payload-body read.
HX02-878cd871a52dcfb0c271,HX02,CSV_ROW,Hartley-LIT,unknown,unknown,BY2,unknown,LIT,FILE_START,unknown,unknown,NONE,<CODE_ROOT>/docs/paper_rebuild/hext/HX02/EXTERNAL_FIVE_CATEGORY_TABLE.csv,CSV:data_row=272,"{""category"":""legged_state_estimation"",""method_id"":""Hartley-LIT"",""config"":""LIT"",""sequence"":""BY2"",""start_mode"":""FILE_START"",""output_type"":""relative_pose"",""metric"":""position_drift_m_per_100m"",""value"":""36.28141274476832"",""denominator_or_valid_epochs"":""scored=2741/grid=2741"",""failure_flag"":""NONE"",""source"":""$HX02/RUNS/BY2__HARTLEY_LIT__LIT__C00__NA; OUTPUT_HASHES.json sha256=daebca09f88c89678c7551dfda46e7762fb0ef500289e838baff5ad246080a85; RUNS/BY2__HARTLEY_LIT__LIT__C00__NA/eval/RELATIVE_POSE/OUTPUT/RELATIVE_POSE_METRICS.json sha256=93d6450df6d6973519eee726f302dd0956e433abfed2933b2ffdfb8a1dd24d41"",""notes"":""OLS slope (with intercept) of horizontal error norm versus cumulative reference horizontal path, x100""}",[],[],[],FULL_RECORD_READ,PRESENT_READ,,,First-delivery subset. Source values preserved; path aliases only. No payload-body read.
HX02-f48fef5e397676736a1c,HX02,CSV_ROW,Hartley-LIT,unknown,unknown,BY2,unknown,LIT,FILE_START,unknown,unknown,NONE,<CODE_ROOT>/docs/paper_rebuild/hext/HX02/EXTERNAL_FIVE_CATEGORY_TABLE.csv,CSV:data_row=273,"{""category"":""legged_state_estimation"",""method_id"":""Hartley-LIT"",""config"":""LIT"",""sequence"":""BY2"",""start_mode"":""FILE_START"",""output_type"":""relative_pose"",""metric"":""heading_drift_deg_per_min"",""value"":""31.940420283998627"",""denominator_or_valid_epochs"":""scored=2741/grid=2741"",""failure_flag"":""NONE"",""source"":""$HX02/RUNS/BY2__HARTLEY_LIT__LIT__C00__NA; OUTPUT_HASHES.json sha256=daebca09f88c89678c7551dfda46e7762fb0ef500289e838baff5ad246080a85; RUNS/BY2__HARTLEY_LIT__LIT__C00__NA/eval/RELATIVE_POSE/OUTPUT/RELATIVE_POSE_METRICS.json sha256=93d6450df6d6973519eee726f302dd0956e433abfed2933b2ffdfb8a1dd24d41"",""notes"":""OLS slope (with intercept) of time-unwrapped wrap-safe NED yaw error versus time in minutes""}",[],[],[],FULL_RECORD_READ,PRESENT_READ,,,First-delivery subset. Source values preserved; path aliases only. No payload-body read.
HX02-791fa565375839bc361e,HX02,CSV_ROW,Hartley-LIT,unknown,unknown,BY2,unknown,LIT,FILE_START,unknown,unknown,NONE,<CODE_ROOT>/docs/paper_rebuild/hext/HX02/EXTERNAL_FIVE_CATEGORY_TABLE.csv,CSV:data_row=274,"{""category"":""legged_state_estimation"",""method_id"":""Hartley-LIT"",""config"":""LIT"",""sequence"":""BY2"",""start_mode"":""FILE_START"",""output_type"":""relative_pose"",""metric"":""aligned_horizontal_rmse_m"",""value"":""53.399513950646686"",""denominator_or_valid_epochs"":""scored=2741/grid=2741"",""failure_flag"":""NONE"",""source"":""$HX02/RUNS/BY2__HARTLEY_LIT__LIT__C00__NA; OUTPUT_HASHES.json sha256=daebca09f88c89678c7551dfda46e7762fb0ef500289e838baff5ad246080a85; RUNS/BY2__HARTLEY_LIT__LIT__C00__NA/eval/RELATIVE_POSE/OUTPUT/RELATIVE_POSE_METRICS.json sha256=93d6450df6d6973519eee726f302dd0956e433abfed2933b2ffdfb8a1dd24d41"",""notes"":""one 4-DOF alignment from this branch's own output on [66.0, 76.0] s (101 epochs): yaw 88.032538 deg, translation [0.1976, 0.4188, -0.2157] m; applied unchanged""}",[],[],[],FULL_RECORD_READ,PRESENT_READ,,,First-delivery subset. Source values preserved; path aliases only. No payload-body read.
HX02-5261a6e0f8ff5cce30ed,HX02,CSV_ROW,Hartley-LIT,unknown,unknown,BY2,unknown,LIT,FILE_START,unknown,unknown,NONE,<CODE_ROOT>/docs/paper_rebuild/hext/HX02/EXTERNAL_FIVE_CATEGORY_TABLE.csv,CSV:data_row=275,"{""category"":""legged_state_estimation"",""method_id"":""Hartley-LIT"",""config"":""LIT"",""sequence"":""BY2"",""start_mode"":""FILE_START"",""output_type"":""relative_pose"",""metric"":""aligned_up_rmse_m"",""value"":""4.157753795820694"",""denominator_or_valid_epochs"":""scored=2741/grid=2741"",""failure_flag"":""NONE"",""source"":""$HX02/RUNS/BY2__HARTLEY_LIT__LIT__C00__NA; OUTPUT_HASHES.json sha256=daebca09f88c89678c7551dfda46e7762fb0ef500289e838baff5ad246080a85; RUNS/BY2__HARTLEY_LIT__LIT__C00__NA/eval/RELATIVE_POSE/OUTPUT/RELATIVE_POSE_METRICS.json sha256=93d6450df6d6973519eee726f302dd0956e433abfed2933b2ffdfb8a1dd24d41"",""notes"":""""}",[],[],[],FULL_RECORD_READ,PRESENT_READ,,,First-delivery subset. Source values preserved; path aliases only. No payload-body read.
HX02-c7eec7786a3bfc5b97b4,HX02,CSV_ROW,Hartley-LIT,unknown,unknown,BY2,unknown,LIT,FILE_START,unknown,unknown,NONE,<CODE_ROOT>/docs/paper_rebuild/hext/HX02/EXTERNAL_FIVE_CATEGORY_TABLE.csv,CSV:data_row=276,"{""category"":""legged_state_estimation"",""method_id"":""Hartley-LIT"",""config"":""LIT"",""sequence"":""BY2"",""start_mode"":""FILE_START"",""output_type"":""relative_pose"",""metric"":""aligned_yaw_rmse_deg"",""value"":""65.4987306952787"",""denominator_or_valid_epochs"":""scored=2741/grid=2741"",""failure_flag"":""NONE"",""source"":""$HX02/RUNS/BY2__HARTLEY_LIT__LIT__C00__NA; OUTPUT_HASHES.json sha256=daebca09f88c89678c7551dfda46e7762fb0ef500289e838baff5ad246080a85; RUNS/BY2__HARTLEY_LIT__LIT__C00__NA/eval/RELATIVE_POSE/OUTPUT/RELATIVE_POSE_METRICS.json sha256=93d6450df6d6973519eee726f302dd0956e433abfed2933b2ffdfb8a1dd24d41"",""notes"":""""}",[],[],[],FULL_RECORD_READ,PRESENT_READ,,,First-delivery subset. Source values preserved; path aliases only. No payload-body read.
HX02-a2c329ecd8c9a42f1ddc,HX02,CSV_ROW,Hartley-LIT,unknown,unknown,BY2,unknown,LIT,FILE_START,unknown,unknown,NONE,<CODE_ROOT>/docs/paper_rebuild/hext/HX02/EXTERNAL_FIVE_CATEGORY_TABLE.csv,CSV:data_row=277,"{""category"":""legged_state_estimation"",""method_id"":""Hartley-LIT"",""config"":""LIT"",""sequence"":""BY2"",""start_mode"":""FILE_START"",""output_type"":""relative_pose"",""metric"":""aligned_horizontal_max_m"",""value"":""125.61360741756796"",""denominator_or_valid_epochs"":""scored=2741/grid=2741"",""failure_flag"":""NONE"",""source"":""$HX02/RUNS/BY2__HARTLEY_LIT__LIT__C00__NA; OUTPUT_HASHES.json sha256=daebca09f88c89678c7551dfda46e7762fb0ef500289e838baff5ad246080a85; RUNS/BY2__HARTLEY_LIT__LIT__C00__NA/eval/RELATIVE_POSE/OUTPUT/RELATIVE_POSE_METRICS.json sha256=93d6450df6d6973519eee726f302dd0956e433abfed2933b2ffdfb8a1dd24d41"",""notes"":""""}",[],[],[],FULL_RECORD_READ,PRESENT_READ,,,First-delivery subset. Source values preserved; path aliases only. No payload-body read.
HX02-55e6cb094fe3515b2988,HX02,CSV_ROW,Hartley-LIT,unknown,unknown,BY2,unknown,LIT,FILE_START,unknown,unknown,NONE,<CODE_ROOT>/docs/paper_rebuild/hext/HX02/EXTERNAL_FIVE_CATEGORY_TABLE.csv,CSV:data_row=278,"{""category"":""legged_state_estimation"",""method_id"":""Hartley-LIT"",""config"":""LIT"",""sequence"":""BY2"",""start_mode"":""FILE_START"",""output_type"":""relative_pose"",""metric"":""reference_path_length_m"",""value"":""328.4713109046748"",""denominator_or_valid_epochs"":""scored=2741/grid=2741"",""failure_flag"":""NONE"",""source"":""$HX02/RUNS/BY2__HARTLEY_LIT__LIT__C00__NA; OUTPUT_HASHES.json sha256=daebca09f88c89678c7551dfda46e7762fb0ef500289e838baff5ad246080a85; RUNS/BY2__HARTLEY_LIT__LIT__C00__NA/eval/RELATIVE_POSE/OUTPUT/RELATIVE_POSE_METRICS.json sha256=93d6450df6d6973519eee726f302dd0956e433abfed2933b2ffdfb8a1dd24d41"",""notes"":""window reference horizontal path""}",[],[],[],FULL_RECORD_READ,PRESENT_READ,,,First-delivery subset. Source values preserved; path aliases only. No payload-body read.
HX02-d60508ddc8e90e07ad7c,HX02,CSV_ROW,Hartley-LIT,unknown,unknown,BY2,unknown,LIT,FILE_START,unknown,unknown,NONE,<CODE_ROOT>/docs/paper_rebuild/hext/HX02/EXTERNAL_FIVE_CATEGORY_TABLE.csv,CSV:data_row=279,"{""category"":""legged_state_estimation"",""method_id"":""Hartley-LIT"",""config"":""LIT"",""sequence"":""BY2"",""start_mode"":""FILE_START"",""output_type"":""relative_pose"",""metric"":""rpe_10s_translation_rmse_m"",""value"":""7.3178721582792905"",""denominator_or_valid_epochs"":""scored=2741/grid=2741"",""failure_flag"":""NONE"",""source"":""$HX02/RUNS/BY2__HARTLEY_LIT__LIT__C00__NA; OUTPUT_HASHES.json sha256=daebca09f88c89678c7551dfda46e7762fb0ef500289e838baff5ad246080a85; RUNS/BY2__HARTLEY_LIT__LIT__C00__NA/eval/RELATIVE_POSE/OUTPUT/RELATIVE_POSE_METRICS.json sha256=93d6450df6d6973519eee726f302dd0956e433abfed2933b2ffdfb8a1dd24d41"",""notes"":""pairs=2641""}",[],[],[],FULL_RECORD_READ,PRESENT_READ,,,First-delivery subset. Source values preserved; path aliases only. No payload-body read.
HX02-99d9a285e057b95e962f,HX02,CSV_ROW,Hartley-LIT,unknown,unknown,BY2,unknown,LIT,FILE_START,unknown,unknown,NONE,<CODE_ROOT>/docs/paper_rebuild/hext/HX02/EXTERNAL_FIVE_CATEGORY_TABLE.csv,CSV:data_row=280,"{""category"":""legged_state_estimation"",""method_id"":""Hartley-LIT"",""config"":""LIT"",""sequence"":""BY2"",""start_mode"":""FILE_START"",""output_type"":""relative_pose"",""metric"":""rpe_10s_yaw_rmse_deg"",""value"":""11.478969117608559"",""denominator_or_valid_epochs"":""scored=2741/grid=2741"",""failure_flag"":""NONE"",""source"":""$HX02/RUNS/BY2__HARTLEY_LIT__LIT__C00__NA; OUTPUT_HASHES.json sha256=daebca09f88c89678c7551dfda46e7762fb0ef500289e838baff5ad246080a85; RUNS/BY2__HARTLEY_LIT__LIT__C00__NA/eval/RELATIVE_POSE/OUTPUT/RELATIVE_POSE_METRICS.json sha256=93d6450df6d6973519eee726f302dd0956e433abfed2933b2ffdfb8a1dd24d41"",""notes"":""pairs=2641""}",[],[],[],FULL_RECORD_READ,PRESENT_READ,,,First-delivery subset. Source values preserved; path aliases only. No payload-body read.
HX02-b4fa92b1702b46ab2f4c,HX02,CSV_ROW,Hartley-S,unknown,unknown,BY2H,unknown,S,CONTRACT_START,unknown,unknown,ABNORMAL_EXIT,<CODE_ROOT>/docs/paper_rebuild/hext/HX02/EXTERNAL_FIVE_CATEGORY_TABLE.csv,CSV:data_row=281,"{""category"":""legged_state_estimation"",""method_id"":""Hartley-S"",""config"":""S"",""sequence"":""BY2H"",""start_mode"":""CONTRACT_START"",""output_type"":""relative_pose"",""metric"":""run_status"",""value"":""ABNORMAL_EXIT"",""denominator_or_valid_epochs"":""UNAVAILABLE"",""failure_flag"":""ABNORMAL_EXIT"",""source"":""$HX02/RUNS/BY2H__HARTLEY_S__S__CONTRACT_START__NA; OUTPUT_HASHES.json sha256=9e7d6a9090b03e789b0a4f0a7ef1780f66766b70a72a20dc0039b810a1723484"",""notes"":""no relative-pose metrics for this branch""}",[],[],[],FULL_RECORD_READ,PRESENT_READ,,,First-delivery subset. Source values preserved; path aliases only. No payload-body read.
HX02-307909505c403b1c3434,HX02,CSV_ROW,Hartley-LIT,unknown,unknown,BY2H,unknown,LIT,CONTRACT_START,unknown,unknown,ABNORMAL_EXIT,<CODE_ROOT>/docs/paper_rebuild/hext/HX02/EXTERNAL_FIVE_CATEGORY_TABLE.csv,CSV:data_row=282,"{""category"":""legged_state_estimation"",""method_id"":""Hartley-LIT"",""config"":""LIT"",""sequence"":""BY2H"",""start_mode"":""CONTRACT_START"",""output_type"":""relative_pose"",""metric"":""run_status"",""value"":""ABNORMAL_EXIT"",""denominator_or_valid_epochs"":""UNAVAILABLE"",""failure_flag"":""ABNORMAL_EXIT"",""source"":""$HX02/RUNS/BY2H__HARTLEY_LIT__LIT__CONTRACT_START__NA; OUTPUT_HASHES.json sha256=8d436d04e4c4f0365412469158f7813369c349353e4957b3fc272b58a3edf21c"",""notes"":""no relative-pose metrics for this branch""}",[],[],[],FULL_RECORD_READ,PRESENT_READ,,,First-delivery subset. Source values preserved; path aliases only. No payload-body read.
HX02-1e6433a52be6883483b5,HX02,CSV_ROW,Hartley-S,unknown,unknown,BY2O,unknown,S,FILE_START,unknown,unknown,NONE,<CODE_ROOT>/docs/paper_rebuild/hext/HX02/EXTERNAL_FIVE_CATEGORY_TABLE.csv,CSV:data_row=283,"{""category"":""legged_state_estimation"",""method_id"":""Hartley-S"",""config"":""S"",""sequence"":""BY2O"",""start_mode"":""FILE_START"",""output_type"":""relative_pose"",""metric"":""position_drift_m_per_100m"",""value"":""9.04766538285815"",""denominator_or_valid_epochs"":""scored=3771/grid=3771"",""failure_flag"":""NONE"",""source"":""$HX02/RUNS/BY2O__HARTLEY_S__S__FILE_START__NA; OUTPUT_HASHES.json sha256=cb258978b66f13ab9055833ebb38982808bd4e784802cf7d303946e21bac9221; RUNS/BY2O__HARTLEY_S__S__FILE_START__NA/eval/RELATIVE_POSE/OUTPUT/RELATIVE_POSE_METRICS.json sha256=8e24c8dd13cbf96d58b00cbd0a717f726f53415b533f1c635b46f3f84b1493a3"",""notes"":""OLS slope (with intercept) of horizontal error norm versus cumulative reference horizontal path, x100""}",[],[],[],FULL_RECORD_READ,PRESENT_READ,,,First-delivery subset. Source values preserved; path aliases only. No payload-body read.
HX02-d0dda3e0def7ae27fd07,HX02,CSV_ROW,Hartley-S,unknown,unknown,BY2O,unknown,S,FILE_START,unknown,unknown,NONE,<CODE_ROOT>/docs/paper_rebuild/hext/HX02/EXTERNAL_FIVE_CATEGORY_TABLE.csv,CSV:data_row=284,"{""category"":""legged_state_estimation"",""method_id"":""Hartley-S"",""config"":""S"",""sequence"":""BY2O"",""start_mode"":""FILE_START"",""output_type"":""relative_pose"",""metric"":""heading_drift_deg_per_min"",""value"":""495.07712000208835"",""denominator_or_valid_epochs"":""scored=3771/grid=3771"",""failure_flag"":""NONE"",""source"":""$HX02/RUNS/BY2O__HARTLEY_S__S__FILE_START__NA; OUTPUT_HASHES.json sha256=cb258978b66f13ab9055833ebb38982808bd4e784802cf7d303946e21bac9221; RUNS/BY2O__HARTLEY_S__S__FILE_START__NA/eval/RELATIVE_POSE/OUTPUT/RELATIVE_POSE_METRICS.json sha256=8e24c8dd13cbf96d58b00cbd0a717f726f53415b533f1c635b46f3f84b1493a3"",""notes"":""OLS slope (with intercept) of time-unwrapped wrap-safe NED yaw error versus time in minutes""}",[],[],[],FULL_RECORD_READ,PRESENT_READ,,,First-delivery subset. Source values preserved; path aliases only. No payload-body read.
HX02-aa7c09945e391b90c91d,HX02,CSV_ROW,Hartley-S,unknown,unknown,BY2O,unknown,S,FILE_START,unknown,unknown,NONE,<CODE_ROOT>/docs/paper_rebuild/hext/HX02/EXTERNAL_FIVE_CATEGORY_TABLE.csv,CSV:data_row=285,"{""category"":""legged_state_estimation"",""method_id"":""Hartley-S"",""config"":""S"",""sequence"":""BY2O"",""start_mode"":""FILE_START"",""output_type"":""relative_pose"",""metric"":""aligned_horizontal_rmse_m"",""value"":""89.67592802145968"",""denominator_or_valid_epochs"":""scored=3771/grid=3771"",""failure_flag"":""NONE"",""source"":""$HX02/RUNS/BY2O__HARTLEY_S__S__FILE_START__NA; OUTPUT_HASHES.json sha256=cb258978b66f13ab9055833ebb38982808bd4e784802cf7d303946e21bac9221; RUNS/BY2O__HARTLEY_S__S__FILE_START__NA/eval/RELATIVE_POSE/OUTPUT/RELATIVE_POSE_METRICS.json sha256=8e24c8dd13cbf96d58b00cbd0a717f726f53415b533f1c635b46f3f84b1493a3"",""notes"":""one 4-DOF alignment from this branch's own output on [3186.0, 3196.0] s (101 epochs): yaw 89.530556 deg, translation [0.2796, 0.4347, 0.1431] m; applied unchanged""}",[],[],[],FULL_RECORD_READ,PRESENT_READ,,,First-delivery subset. Source values preserved; path aliases only. No payload-body read.
HX02-91af8a7c14cb7c706cd4,HX02,CSV_ROW,Hartley-S,unknown,unknown,BY2O,unknown,S,FILE_START,unknown,unknown,NONE,<CODE_ROOT>/docs/paper_rebuild/hext/HX02/EXTERNAL_FIVE_CATEGORY_TABLE.csv,CSV:data_row=286,"{""category"":""legged_state_estimation"",""method_id"":""Hartley-S"",""config"":""S"",""sequence"":""BY2O"",""start_mode"":""FILE_START"",""output_type"":""relative_pose"",""metric"":""aligned_up_rmse_m"",""value"":""4.719309240914606"",""denominator_or_valid_epochs"":""scored=3771/grid=3771"",""failure_flag"":""NONE"",""source"":""$HX02/RUNS/BY2O__HARTLEY_S__S__FILE_START__NA; OUTPUT_HASHES.json sha256=cb258978b66f13ab9055833ebb38982808bd4e784802cf7d303946e21bac9221; RUNS/BY2O__HARTLEY_S__S__FILE_START__NA/eval/RELATIVE_POSE/OUTPUT/RELATIVE_POSE_METRICS.json sha256=8e24c8dd13cbf96d58b00cbd0a717f726f53415b533f1c635b46f3f84b1493a3"",""notes"":""""}",[],[],[],FULL_RECORD_READ,PRESENT_READ,,,First-delivery subset. Source values preserved; path aliases only. No payload-body read.
HX02-6803bb3511c0e8205c88,HX02,CSV_ROW,Hartley-S,unknown,unknown,BY2O,unknown,S,FILE_START,unknown,unknown,NONE,<CODE_ROOT>/docs/paper_rebuild/hext/HX02/EXTERNAL_FIVE_CATEGORY_TABLE.csv,CSV:data_row=287,"{""category"":""legged_state_estimation"",""method_id"":""Hartley-S"",""config"":""S"",""sequence"":""BY2O"",""start_mode"":""FILE_START"",""output_type"":""relative_pose"",""metric"":""aligned_yaw_rmse_deg"",""value"":""94.41347354224968"",""denominator_or_valid_epochs"":""scored=3771/grid=3771"",""failure_flag"":""NONE"",""source"":""$HX02/RUNS/BY2O__HARTLEY_S__S__FILE_START__NA; OUTPUT_HASHES.json sha256=cb258978b66f13ab9055833ebb38982808bd4e784802cf7d303946e21bac9221; RUNS/BY2O__HARTLEY_S__S__FILE_START__NA/eval/RELATIVE_POSE/OUTPUT/RELATIVE_POSE_METRICS.json sha256=8e24c8dd13cbf96d58b00cbd0a717f726f53415b533f1c635b46f3f84b1493a3"",""notes"":""""}",[],[],[],FULL_RECORD_READ,PRESENT_READ,,,First-delivery subset. Source values preserved; path aliases only. No payload-body read.
HX02-3c905baa767a49a8c272,HX02,CSV_ROW,Hartley-S,unknown,unknown,BY2O,unknown,S,FILE_START,unknown,unknown,NONE,<CODE_ROOT>/docs/paper_rebuild/hext/HX02/EXTERNAL_FIVE_CATEGORY_TABLE.csv,CSV:data_row=288,"{""category"":""legged_state_estimation"",""method_id"":""Hartley-S"",""config"":""S"",""sequence"":""BY2O"",""start_mode"":""FILE_START"",""output_type"":""relative_pose"",""metric"":""aligned_horizontal_max_m"",""value"":""201.46913157140696"",""denominator_or_valid_epochs"":""scored=3771/grid=3771"",""failure_flag"":""NONE"",""source"":""$HX02/RUNS/BY2O__HARTLEY_S__S__FILE_START__NA; OUTPUT_HASHES.json sha256=cb258978b66f13ab9055833ebb38982808bd4e784802cf7d303946e21bac9221; RUNS/BY2O__HARTLEY_S__S__FILE_START__NA/eval/RELATIVE_POSE/OUTPUT/RELATIVE_POSE_METRICS.json sha256=8e24c8dd13cbf96d58b00cbd0a717f726f53415b533f1c635b46f3f84b1493a3"",""notes"":""""}",[],[],[],FULL_RECORD_READ,PRESENT_READ,,,First-delivery subset. Source values preserved; path aliases only. No payload-body read.
HX02-9953e093c3a099dc26b6,HX02,CSV_ROW,Hartley-S,unknown,unknown,BY2O,unknown,S,FILE_START,unknown,unknown,NONE,<CODE_ROOT>/docs/paper_rebuild/hext/HX02/EXTERNAL_FIVE_CATEGORY_TABLE.csv,CSV:data_row=289,"{""category"":""legged_state_estimation"",""method_id"":""Hartley-S"",""config"":""S"",""sequence"":""BY2O"",""start_mode"":""FILE_START"",""output_type"":""relative_pose"",""metric"":""reference_path_length_m"",""value"":""337.4220465887643"",""denominator_or_valid_epochs"":""scored=3771/grid=3771"",""failure_flag"":""NONE"",""source"":""$HX02/RUNS/BY2O__HARTLEY_S__S__FILE_START__NA; OUTPUT_HASHES.json sha256=cb258978b66f13ab9055833ebb38982808bd4e784802cf7d303946e21bac9221; RUNS/BY2O__HARTLEY_S__S__FILE_START__NA/eval/RELATIVE_POSE/OUTPUT/RELATIVE_POSE_METRICS.json sha256=8e24c8dd13cbf96d58b00cbd0a717f726f53415b533f1c635b46f3f84b1493a3"",""notes"":""window reference horizontal path""}",[],[],[],FULL_RECORD_READ,PRESENT_READ,,,First-delivery subset. Source values preserved; path aliases only. No payload-body read.
HX02-76509bfbe1b07650192d,HX02,CSV_ROW,Hartley-S,unknown,unknown,BY2O,unknown,S,FILE_START,unknown,unknown,NONE,<CODE_ROOT>/docs/paper_rebuild/hext/HX02/EXTERNAL_FIVE_CATEGORY_TABLE.csv,CSV:data_row=290,"{""category"":""legged_state_estimation"",""method_id"":""Hartley-S"",""config"":""S"",""sequence"":""BY2O"",""start_mode"":""FILE_START"",""output_type"":""relative_pose"",""metric"":""rpe_10s_translation_rmse_m"",""value"":""71.99733577261483"",""denominator_or_valid_epochs"":""scored=3771/grid=3771"",""failure_flag"":""NONE"",""source"":""$HX02/RUNS/BY2O__HARTLEY_S__S__FILE_START__NA; OUTPUT_HASHES.json sha256=cb258978b66f13ab9055833ebb38982808bd4e784802cf7d303946e21bac9221; RUNS/BY2O__HARTLEY_S__S__FILE_START__NA/eval/RELATIVE_POSE/OUTPUT/RELATIVE_POSE_METRICS.json sha256=8e24c8dd13cbf96d58b00cbd0a717f726f53415b533f1c635b46f3f84b1493a3"",""notes"":""pairs=3671""}",[],[],[],FULL_RECORD_READ,PRESENT_READ,,,First-delivery subset. Source values preserved; path aliases only. No payload-body read.
HX02-75d52e1bb29c1871926d,HX02,CSV_ROW,Hartley-S,unknown,unknown,BY2O,unknown,S,FILE_START,unknown,unknown,NONE,<CODE_ROOT>/docs/paper_rebuild/hext/HX02/EXTERNAL_FIVE_CATEGORY_TABLE.csv,CSV:data_row=291,"{""category"":""legged_state_estimation"",""method_id"":""Hartley-S"",""config"":""S"",""sequence"":""BY2O"",""start_mode"":""FILE_START"",""output_type"":""relative_pose"",""metric"":""rpe_10s_yaw_rmse_deg"",""value"":""80.29586158670702"",""denominator_or_valid_epochs"":""scored=3771/grid=3771"",""failure_flag"":""NONE"",""source"":""$HX02/RUNS/BY2O__HARTLEY_S__S__FILE_START__NA; OUTPUT_HASHES.json sha256=cb258978b66f13ab9055833ebb38982808bd4e784802cf7d303946e21bac9221; RUNS/BY2O__HARTLEY_S__S__FILE_START__NA/eval/RELATIVE_POSE/OUTPUT/RELATIVE_POSE_METRICS.json sha256=8e24c8dd13cbf96d58b00cbd0a717f726f53415b533f1c635b46f3f84b1493a3"",""notes"":""pairs=3671""}",[],[],[],FULL_RECORD_READ,PRESENT_READ,,,First-delivery subset. Source values preserved; path aliases only. No payload-body read.
HX02-ace88fe70ac42f1107b8,HX02,CSV_ROW,Hartley-LIT,unknown,unknown,BY2O,unknown,LIT,FILE_START,unknown,unknown,NONE,<CODE_ROOT>/docs/paper_rebuild/hext/HX02/EXTERNAL_FIVE_CATEGORY_TABLE.csv,CSV:data_row=292,"{""category"":""legged_state_estimation"",""method_id"":""Hartley-LIT"",""config"":""LIT"",""sequence"":""BY2O"",""start_mode"":""FILE_START"",""output_type"":""relative_pose"",""metric"":""position_drift_m_per_100m"",""value"":""27.698785533651794"",""denominator_or_valid_epochs"":""scored=3771/grid=3771"",""failure_flag"":""NONE"",""source"":""$HX02/RUNS/BY2O__HARTLEY_LIT__LIT__FILE_START__NA; OUTPUT_HASHES.json sha256=6bef6693a86f4b5b7a1021df0ef4b3642843acdeef6a4daa74c145ad87abbd06; RUNS/BY2O__HARTLEY_LIT__LIT__FILE_START__NA/eval/RELATIVE_POSE/OUTPUT/RELATIVE_POSE_METRICS.json sha256=6755be826734b90bc2140721561bfe7b52a7b7f110f900e7d80868c9e7efff1d"",""notes"":""OLS slope (with intercept) of horizontal error norm versus cumulative reference horizontal path, x100""}",[],[],[],FULL_RECORD_READ,PRESENT_READ,,,First-delivery subset. Source values preserved; path aliases only. No payload-body read.
HX02-3403bb048a8555d380a0,HX02,CSV_ROW,Hartley-LIT,unknown,unknown,BY2O,unknown,LIT,FILE_START,unknown,unknown,NONE,<CODE_ROOT>/docs/paper_rebuild/hext/HX02/EXTERNAL_FIVE_CATEGORY_TABLE.csv,CSV:data_row=293,"{""category"":""legged_state_estimation"",""method_id"":""Hartley-LIT"",""config"":""LIT"",""sequence"":""BY2O"",""start_mode"":""FILE_START"",""output_type"":""relative_pose"",""metric"":""heading_drift_deg_per_min"",""value"":""13.39192769570303"",""denominator_or_valid_epochs"":""scored=3771/grid=3771"",""failure_flag"":""NONE"",""source"":""$HX02/RUNS/BY2O__HARTLEY_LIT__LIT__FILE_START__NA; OUTPUT_HASHES.json sha256=6bef6693a86f4b5b7a1021df0ef4b3642843acdeef6a4daa74c145ad87abbd06; RUNS/BY2O__HARTLEY_LIT__LIT__FILE_START__NA/eval/RELATIVE_POSE/OUTPUT/RELATIVE_POSE_METRICS.json sha256=6755be826734b90bc2140721561bfe7b52a7b7f110f900e7d80868c9e7efff1d"",""notes"":""OLS slope (with intercept) of time-unwrapped wrap-safe NED yaw error versus time in minutes""}",[],[],[],FULL_RECORD_READ,PRESENT_READ,,,First-delivery subset. Source values preserved; path aliases only. No payload-body read.
HX02-7b96f6d08223643612ce,HX02,CSV_ROW,Hartley-LIT,unknown,unknown,BY2O,unknown,LIT,FILE_START,unknown,unknown,NONE,<CODE_ROOT>/docs/paper_rebuild/hext/HX02/EXTERNAL_FIVE_CATEGORY_TABLE.csv,CSV:data_row=294,"{""category"":""legged_state_estimation"",""method_id"":""Hartley-LIT"",""config"":""LIT"",""sequence"":""BY2O"",""start_mode"":""FILE_START"",""output_type"":""relative_pose"",""metric"":""aligned_horizontal_rmse_m"",""value"":""77.55220891065909"",""denominator_or_valid_epochs"":""scored=3771/grid=3771"",""failure_flag"":""NONE"",""source"":""$HX02/RUNS/BY2O__HARTLEY_LIT__LIT__FILE_START__NA; OUTPUT_HASHES.json sha256=6bef6693a86f4b5b7a1021df0ef4b3642843acdeef6a4daa74c145ad87abbd06; RUNS/BY2O__HARTLEY_LIT__LIT__FILE_START__NA/eval/RELATIVE_POSE/OUTPUT/RELATIVE_POSE_METRICS.json sha256=6755be826734b90bc2140721561bfe7b52a7b7f110f900e7d80868c9e7efff1d"",""notes"":""one 4-DOF alignment from this branch's own output on [3186.0, 3196.0] s (101 epochs): yaw 95.150695 deg, translation [0.0144, 0.4654, -0.152] m; applied unchanged""}",[],[],[],FULL_RECORD_READ,PRESENT_READ,,,First-delivery subset. Source values preserved; path aliases only. No payload-body read.
HX02-64d484bab09f92fe1570,HX02,CSV_ROW,Hartley-LIT,unknown,unknown,BY2O,unknown,LIT,FILE_START,unknown,unknown,NONE,<CODE_ROOT>/docs/paper_rebuild/hext/HX02/EXTERNAL_FIVE_CATEGORY_TABLE.csv,CSV:data_row=295,"{""category"":""legged_state_estimation"",""method_id"":""Hartley-LIT"",""config"":""LIT"",""sequence"":""BY2O"",""start_mode"":""FILE_START"",""output_type"":""relative_pose"",""metric"":""aligned_up_rmse_m"",""value"":""1.9465523179492905"",""denominator_or_valid_epochs"":""scored=3771/grid=3771"",""failure_flag"":""NONE"",""source"":""$HX02/RUNS/BY2O__HARTLEY_LIT__LIT__FILE_START__NA; OUTPUT_HASHES.json sha256=6bef6693a86f4b5b7a1021df0ef4b3642843acdeef6a4daa74c145ad87abbd06; RUNS/BY2O__HARTLEY_LIT__LIT__FILE_START__NA/eval/RELATIVE_POSE/OUTPUT/RELATIVE_POSE_METRICS.json sha256=6755be826734b90bc2140721561bfe7b52a7b7f110f900e7d80868c9e7efff1d"",""notes"":""""}",[],[],[],FULL_RECORD_READ,PRESENT_READ,,,First-delivery subset. Source values preserved; path aliases only. No payload-body read.
HX02-268468cf667557e8a897,HX02,CSV_ROW,Hartley-LIT,unknown,unknown,BY2O,unknown,LIT,FILE_START,unknown,unknown,NONE,<CODE_ROOT>/docs/paper_rebuild/hext/HX02/EXTERNAL_FIVE_CATEGORY_TABLE.csv,CSV:data_row=296,"{""category"":""legged_state_estimation"",""method_id"":""Hartley-LIT"",""config"":""LIT"",""sequence"":""BY2O"",""start_mode"":""FILE_START"",""output_type"":""relative_pose"",""metric"":""aligned_yaw_rmse_deg"",""value"":""91.0449580846975"",""denominator_or_valid_epochs"":""scored=3771/grid=3771"",""failure_flag"":""NONE"",""source"":""$HX02/RUNS/BY2O__HARTLEY_LIT__LIT__FILE_START__NA; OUTPUT_HASHES.json sha256=6bef6693a86f4b5b7a1021df0ef4b3642843acdeef6a4daa74c145ad87abbd06; RUNS/BY2O__HARTLEY_LIT__LIT__FILE_START__NA/eval/RELATIVE_POSE/OUTPUT/RELATIVE_POSE_METRICS.json sha256=6755be826734b90bc2140721561bfe7b52a7b7f110f900e7d80868c9e7efff1d"",""notes"":""""}",[],[],[],FULL_RECORD_READ,PRESENT_READ,,,First-delivery subset. Source values preserved; path aliases only. No payload-body read.
HX02-9edd6b998c3dcd863d1f,HX02,CSV_ROW,Hartley-LIT,unknown,unknown,BY2O,unknown,LIT,FILE_START,unknown,unknown,NONE,<CODE_ROOT>/docs/paper_rebuild/hext/HX02/EXTERNAL_FIVE_CATEGORY_TABLE.csv,CSV:data_row=297,"{""category"":""legged_state_estimation"",""method_id"":""Hartley-LIT"",""config"":""LIT"",""sequence"":""BY2O"",""start_mode"":""FILE_START"",""output_type"":""relative_pose"",""metric"":""aligned_horizontal_max_m"",""value"":""135.0823519981271"",""denominator_or_valid_epochs"":""scored=3771/grid=3771"",""failure_flag"":""NONE"",""source"":""$HX02/RUNS/BY2O__HARTLEY_LIT__LIT__FILE_START__NA; OUTPUT_HASHES.json sha256=6bef6693a86f4b5b7a1021df0ef4b3642843acdeef6a4daa74c145ad87abbd06; RUNS/BY2O__HARTLEY_LIT__LIT__FILE_START__NA/eval/RELATIVE_POSE/OUTPUT/RELATIVE_POSE_METRICS.json sha256=6755be826734b90bc2140721561bfe7b52a7b7f110f900e7d80868c9e7efff1d"",""notes"":""""}",[],[],[],FULL_RECORD_READ,PRESENT_READ,,,First-delivery subset. Source values preserved; path aliases only. No payload-body read.
HX02-cd9a8e3e433c7e37aa7f,HX02,CSV_ROW,Hartley-LIT,unknown,unknown,BY2O,unknown,LIT,FILE_START,unknown,unknown,NONE,<CODE_ROOT>/docs/paper_rebuild/hext/HX02/EXTERNAL_FIVE_CATEGORY_TABLE.csv,CSV:data_row=298,"{""category"":""legged_state_estimation"",""method_id"":""Hartley-LIT"",""config"":""LIT"",""sequence"":""BY2O"",""start_mode"":""FILE_START"",""output_type"":""relative_pose"",""metric"":""reference_path_length_m"",""value"":""337.4220465887643"",""denominator_or_valid_epochs"":""scored=3771/grid=3771"",""failure_flag"":""NONE"",""source"":""$HX02/RUNS/BY2O__HARTLEY_LIT__LIT__FILE_START__NA; OUTPUT_HASHES.json sha256=6bef6693a86f4b5b7a1021df0ef4b3642843acdeef6a4daa74c145ad87abbd06; RUNS/BY2O__HARTLEY_LIT__LIT__FILE_START__NA/eval/RELATIVE_POSE/OUTPUT/RELATIVE_POSE_METRICS.json sha256=6755be826734b90bc2140721561bfe7b52a7b7f110f900e7d80868c9e7efff1d"",""notes"":""window reference horizontal path""}",[],[],[],FULL_RECORD_READ,PRESENT_READ,,,First-delivery subset. Source values preserved; path aliases only. No payload-body read.
HX02-f44ecc742a4a408d6856,HX02,CSV_ROW,Hartley-LIT,unknown,unknown,BY2O,unknown,LIT,FILE_START,unknown,unknown,NONE,<CODE_ROOT>/docs/paper_rebuild/hext/HX02/EXTERNAL_FIVE_CATEGORY_TABLE.csv,CSV:data_row=299,"{""category"":""legged_state_estimation"",""method_id"":""Hartley-LIT"",""config"":""LIT"",""sequence"":""BY2O"",""start_mode"":""FILE_START"",""output_type"":""relative_pose"",""metric"":""rpe_10s_translation_rmse_m"",""value"":""13.429520400949874"",""denominator_or_valid_epochs"":""scored=3771/grid=3771"",""failure_flag"":""NONE"",""source"":""$HX02/RUNS/BY2O__HARTLEY_LIT__LIT__FILE_START__NA; OUTPUT_HASHES.json sha256=6bef6693a86f4b5b7a1021df0ef4b3642843acdeef6a4daa74c145ad87abbd06; RUNS/BY2O__HARTLEY_LIT__LIT__FILE_START__NA/eval/RELATIVE_POSE/OUTPUT/RELATIVE_POSE_METRICS.json sha256=6755be826734b90bc2140721561bfe7b52a7b7f110f900e7d80868c9e7efff1d"",""notes"":""pairs=3671""}",[],[],[],FULL_RECORD_READ,PRESENT_READ,,,First-delivery subset. Source values preserved; path aliases only. No payload-body read.
HX02-866bd144486874c2e751,HX02,CSV_ROW,Hartley-LIT,unknown,unknown,BY2O,unknown,LIT,FILE_START,unknown,unknown,NONE,<CODE_ROOT>/docs/paper_rebuild/hext/HX02/EXTERNAL_FIVE_CATEGORY_TABLE.csv,CSV:data_row=300,"{""category"":""legged_state_estimation"",""method_id"":""Hartley-LIT"",""config"":""LIT"",""sequence"":""BY2O"",""start_mode"":""FILE_START"",""output_type"":""relative_pose"",""metric"":""rpe_10s_yaw_rmse_deg"",""value"":""14.390422880556647"",""denominator_or_valid_epochs"":""scored=3771/grid=3771"",""failure_flag"":""NONE"",""source"":""$HX02/RUNS/BY2O__HARTLEY_LIT__LIT__FILE_START__NA; OUTPUT_HASHES.json sha256=6bef6693a86f4b5b7a1021df0ef4b3642843acdeef6a4daa74c145ad87abbd06; RUNS/BY2O__HARTLEY_LIT__LIT__FILE_START__NA/eval/RELATIVE_POSE/OUTPUT/RELATIVE_POSE_METRICS.json sha256=6755be826734b90bc2140721561bfe7b52a7b7f110f900e7d80868c9e7efff1d"",""notes"":""pairs=3671""}",[],[],[],FULL_RECORD_READ,PRESENT_READ,,,First-delivery subset. Source values preserved; path aliases only. No payload-body read.
HX02-93dfa2b2156bd7fb3add,HX02,CSV_ROW,LC01,unknown,unknown,BY2,unknown,LIT,FILE_START,unknown,unknown,NONE,<CODE_ROOT>/docs/paper_rebuild/hext/HX02/EXTERNAL_FIVE_CATEGORY_TABLE.csv,CSV:data_row=301,"{""category"":""loosely_coupled_gnss_ins"",""method_id"":""LC01"",""config"":""LIT"",""sequence"":""BY2"",""start_mode"":""FILE_START"",""output_type"":""imu_point_nav"",""metric"":""horizontal_rmse_m"",""value"":""0.0975479714305497"",""denominator_or_valid_epochs"":""matched=58014/output=58014"",""failure_flag"":""NONE"",""source"":""<CLEAN_ROOT>/stages/CLEAN8_PROTOCOL_V3/07_AGGREGATE/MAIN_TABLE_V3.csv:17 sha256=cd734338cf89518679d78179f410a79ecad3060535d3b80e43a62545cee9b21c"",""notes"":""sealed v3 row; role=MANUSCRIPT; evaluation_status=COMPLETED; geometric_audit_status=FROZEN_PRIOR_AUDIT""}",[],[],[],FULL_RECORD_READ,PRESENT_READ,,,First-delivery subset. Source values preserved; path aliases only. No payload-body read.
HX02-d3615ddcec488c1504aa,HX02,CSV_ROW,LC01,unknown,unknown,BY2,unknown,LIT,FILE_START,unknown,unknown,NONE,<CODE_ROOT>/docs/paper_rebuild/hext/HX02/EXTERNAL_FIVE_CATEGORY_TABLE.csv,CSV:data_row=302,"{""category"":""loosely_coupled_gnss_ins"",""method_id"":""LC01"",""config"":""LIT"",""sequence"":""BY2"",""start_mode"":""FILE_START"",""output_type"":""imu_point_nav"",""metric"":""up_rmse_m"",""value"":""0.05066431825806066"",""denominator_or_valid_epochs"":""matched=58014/output=58014"",""failure_flag"":""NONE"",""source"":""<CLEAN_ROOT>/stages/CLEAN8_PROTOCOL_V3/07_AGGREGATE/MAIN_TABLE_V3.csv:17 sha256=cd734338cf89518679d78179f410a79ecad3060535d3b80e43a62545cee9b21c"",""notes"":""sealed v3 row; role=MANUSCRIPT; evaluation_status=COMPLETED; geometric_audit_status=FROZEN_PRIOR_AUDIT""}",[],[],[],FULL_RECORD_READ,PRESENT_READ,,,First-delivery subset. Source values preserved; path aliases only. No payload-body read.
HX02-9b24fa0bf0c44213b78c,HX02,CSV_ROW,LC01,unknown,unknown,BY2,unknown,LIT,FILE_START,unknown,unknown,NONE,<CODE_ROOT>/docs/paper_rebuild/hext/HX02/EXTERNAL_FIVE_CATEGORY_TABLE.csv,CSV:data_row=303,"{""category"":""loosely_coupled_gnss_ins"",""method_id"":""LC01"",""config"":""LIT"",""sequence"":""BY2"",""start_mode"":""FILE_START"",""output_type"":""imu_point_nav"",""metric"":""yaw_rmse_deg"",""value"":""2.9948274600591076"",""denominator_or_valid_epochs"":""matched=58014/output=58014"",""failure_flag"":""NONE"",""source"":""<CLEAN_ROOT>/stages/CLEAN8_PROTOCOL_V3/07_AGGREGATE/MAIN_TABLE_V3.csv:17 sha256=cd734338cf89518679d78179f410a79ecad3060535d3b80e43a62545cee9b21c"",""notes"":""sealed v3 row; role=MANUSCRIPT; evaluation_status=COMPLETED; geometric_audit_status=FROZEN_PRIOR_AUDIT""}",[],[],[],FULL_RECORD_READ,PRESENT_READ,,,First-delivery subset. Source values preserved; path aliases only. No payload-body read.
HX02-a370d382d2c32746cad3,HX02,CSV_ROW,LC01,unknown,unknown,BY2,unknown,LIT,FILE_START,unknown,unknown,NONE,<CODE_ROOT>/docs/paper_rebuild/hext/HX02/EXTERNAL_FIVE_CATEGORY_TABLE.csv,CSV:data_row=304,"{""category"":""loosely_coupled_gnss_ins"",""method_id"":""LC01"",""config"":""LIT"",""sequence"":""BY2"",""start_mode"":""FILE_START"",""output_type"":""imu_point_nav"",""metric"":""yaw_p95_absolute_deg"",""value"":""4.968141341576708"",""denominator_or_valid_epochs"":""matched=58014/output=58014"",""failure_flag"":""NONE"",""source"":""<CLEAN_ROOT>/stages/CLEAN8_PROTOCOL_V3/07_AGGREGATE/MAIN_TABLE_V3.csv:17 sha256=cd734338cf89518679d78179f410a79ecad3060535d3b80e43a62545cee9b21c"",""notes"":""sealed v3 row; role=MANUSCRIPT; evaluation_status=COMPLETED; geometric_audit_status=FROZEN_PRIOR_AUDIT""}",[],[],[],FULL_RECORD_READ,PRESENT_READ,,,First-delivery subset. Source values preserved; path aliases only. No payload-body read.
HX02-45798f6255fe4bf362bf,HX02,CSV_ROW,LC01,unknown,unknown,BY2,unknown,LIT,FILE_START,unknown,unknown,NONE,<CODE_ROOT>/docs/paper_rebuild/hext/HX02/EXTERNAL_FIVE_CATEGORY_TABLE.csv,CSV:data_row=305,"{""category"":""loosely_coupled_gnss_ins"",""method_id"":""LC01"",""config"":""LIT"",""sequence"":""BY2"",""start_mode"":""FILE_START"",""output_type"":""imu_point_nav"",""metric"":""roll_rmse_deg"",""value"":""1.2095627529559005"",""denominator_or_valid_epochs"":""matched=58014/output=58014"",""failure_flag"":""NONE"",""source"":""<CLEAN_ROOT>/stages/CLEAN8_PROTOCOL_V3/07_AGGREGATE/MAIN_TABLE_V3.csv:17 sha256=cd734338cf89518679d78179f410a79ecad3060535d3b80e43a62545cee9b21c"",""notes"":""sealed v3 row; role=MANUSCRIPT; evaluation_status=COMPLETED; geometric_audit_status=FROZEN_PRIOR_AUDIT""}",[],[],[],FULL_RECORD_READ,PRESENT_READ,,,First-delivery subset. Source values preserved; path aliases only. No payload-body read.
HX02-ca75280b01daac65db3c,HX02,CSV_ROW,LC01,unknown,unknown,BY2,unknown,LIT,FILE_START,unknown,unknown,NONE,<CODE_ROOT>/docs/paper_rebuild/hext/HX02/EXTERNAL_FIVE_CATEGORY_TABLE.csv,CSV:data_row=306,"{""category"":""loosely_coupled_gnss_ins"",""method_id"":""LC01"",""config"":""LIT"",""sequence"":""BY2"",""start_mode"":""FILE_START"",""output_type"":""imu_point_nav"",""metric"":""pitch_rmse_deg"",""value"":""1.5676244070222307"",""denominator_or_valid_epochs"":""matched=58014/output=58014"",""failure_flag"":""NONE"",""source"":""<CLEAN_ROOT>/stages/CLEAN8_PROTOCOL_V3/07_AGGREGATE/MAIN_TABLE_V3.csv:17 sha256=cd734338cf89518679d78179f410a79ecad3060535d3b80e43a62545cee9b21c"",""notes"":""sealed v3 row; role=MANUSCRIPT; evaluation_status=COMPLETED; geometric_audit_status=FROZEN_PRIOR_AUDIT""}",[],[],[],FULL_RECORD_READ,PRESENT_READ,,,First-delivery subset. Source values preserved; path aliases only. No payload-body read.
HX02-4bb89bb3325fdb078d2d,HX02,CSV_ROW,LC01,unknown,unknown,BY2,unknown,LIT,FILE_START,unknown,unknown,NONE,<CODE_ROOT>/docs/paper_rebuild/hext/HX02/EXTERNAL_FIVE_CATEGORY_TABLE.csv,CSV:data_row=307,"{""category"":""loosely_coupled_gnss_ins"",""method_id"":""LC01"",""config"":""LIT"",""sequence"":""BY2"",""start_mode"":""FILE_START"",""output_type"":""imu_point_nav"",""metric"":""coverage_ratio"",""value"":""1.0"",""denominator_or_valid_epochs"":""matched=58014/output=58014"",""failure_flag"":""NONE"",""source"":""<CLEAN_ROOT>/stages/CLEAN8_PROTOCOL_V3/07_AGGREGATE/MAIN_TABLE_V3.csv:17 sha256=cd734338cf89518679d78179f410a79ecad3060535d3b80e43a62545cee9b21c"",""notes"":""sealed v3 row; role=MANUSCRIPT; evaluation_status=COMPLETED; geometric_audit_status=FROZEN_PRIOR_AUDIT""}",[],[],[],FULL_RECORD_READ,PRESENT_READ,,,First-delivery subset. Source values preserved; path aliases only. No payload-body read.
HX02-1e9587c30be58a6ed3d9,HX02,CSV_ROW,EXT05C,unknown,unknown,BY2,unknown,LIT,FILE_START,unknown,unknown,NONE,<CODE_ROOT>/docs/paper_rebuild/hext/HX02/EXTERNAL_FIVE_CATEGORY_TABLE.csv,CSV:data_row=308,"{""category"":""single_antenna_gnss_ins"",""method_id"":""EXT05C"",""config"":""LIT"",""sequence"":""BY2"",""start_mode"":""FILE_START"",""output_type"":""imu_point_nav"",""metric"":""horizontal_rmse_m"",""value"":""0.0877508129138417"",""denominator_or_valid_epochs"":""matched=58014/output=58014"",""failure_flag"":""NONE"",""source"":""<CLEAN_ROOT>/stages/CLEAN8_PROTOCOL_V3/07_AGGREGATE/MAIN_TABLE_V3.csv:18 sha256=cd734338cf89518679d78179f410a79ecad3060535d3b80e43a62545cee9b21c"",""notes"":""sealed v3 row; role=MANUSCRIPT; evaluation_status=COMPLETED; geometric_audit_status=NOT_APPLICABLE_SINGLE_RECEIVER""}",[],[],[],FULL_RECORD_READ,PRESENT_READ,,,First-delivery subset. Source values preserved; path aliases only. No payload-body read.
HX02-740bd694118d48b132d0,HX02,CSV_ROW,EXT05C,unknown,unknown,BY2,unknown,LIT,FILE_START,unknown,unknown,NONE,<CODE_ROOT>/docs/paper_rebuild/hext/HX02/EXTERNAL_FIVE_CATEGORY_TABLE.csv,CSV:data_row=309,"{""category"":""single_antenna_gnss_ins"",""method_id"":""EXT05C"",""config"":""LIT"",""sequence"":""BY2"",""start_mode"":""FILE_START"",""output_type"":""imu_point_nav"",""metric"":""up_rmse_m"",""value"":""0.05646995229568549"",""denominator_or_valid_epochs"":""matched=58014/output=58014"",""failure_flag"":""NONE"",""source"":""<CLEAN_ROOT>/stages/CLEAN8_PROTOCOL_V3/07_AGGREGATE/MAIN_TABLE_V3.csv:18 sha256=cd734338cf89518679d78179f410a79ecad3060535d3b80e43a62545cee9b21c"",""notes"":""sealed v3 row; role=MANUSCRIPT; evaluation_status=COMPLETED; geometric_audit_status=NOT_APPLICABLE_SINGLE_RECEIVER""}",[],[],[],FULL_RECORD_READ,PRESENT_READ,,,First-delivery subset. Source values preserved; path aliases only. No payload-body read.
HX02-392b89a956dab5570d07,HX02,CSV_ROW,EXT05C,unknown,unknown,BY2,unknown,LIT,FILE_START,unknown,unknown,NONE,<CODE_ROOT>/docs/paper_rebuild/hext/HX02/EXTERNAL_FIVE_CATEGORY_TABLE.csv,CSV:data_row=310,"{""category"":""single_antenna_gnss_ins"",""method_id"":""EXT05C"",""config"":""LIT"",""sequence"":""BY2"",""start_mode"":""FILE_START"",""output_type"":""imu_point_nav"",""metric"":""yaw_rmse_deg"",""value"":""12.048641737808111"",""denominator_or_valid_epochs"":""matched=58014/output=58014"",""failure_flag"":""NONE"",""source"":""<CLEAN_ROOT>/stages/CLEAN8_PROTOCOL_V3/07_AGGREGATE/MAIN_TABLE_V3.csv:18 sha256=cd734338cf89518679d78179f410a79ecad3060535d3b80e43a62545cee9b21c"",""notes"":""sealed v3 row; role=MANUSCRIPT; evaluation_status=COMPLETED; geometric_audit_status=NOT_APPLICABLE_SINGLE_RECEIVER""}",[],[],[],FULL_RECORD_READ,PRESENT_READ,,,First-delivery subset. Source values preserved; path aliases only. No payload-body read.
HX02-20bf92450facb8edf312,HX02,CSV_ROW,EXT05C,unknown,unknown,BY2,unknown,LIT,FILE_START,unknown,unknown,NONE,<CODE_ROOT>/docs/paper_rebuild/hext/HX02/EXTERNAL_FIVE_CATEGORY_TABLE.csv,CSV:data_row=311,"{""category"":""single_antenna_gnss_ins"",""method_id"":""EXT05C"",""config"":""LIT"",""sequence"":""BY2"",""start_mode"":""FILE_START"",""output_type"":""imu_point_nav"",""metric"":""yaw_p95_absolute_deg"",""value"":""16.868495836757056"",""denominator_or_valid_epochs"":""matched=58014/output=58014"",""failure_flag"":""NONE"",""source"":""<CLEAN_ROOT>/stages/CLEAN8_PROTOCOL_V3/07_AGGREGATE/MAIN_TABLE_V3.csv:18 sha256=cd734338cf89518679d78179f410a79ecad3060535d3b80e43a62545cee9b21c"",""notes"":""sealed v3 row; role=MANUSCRIPT; evaluation_status=COMPLETED; geometric_audit_status=NOT_APPLICABLE_SINGLE_RECEIVER""}",[],[],[],FULL_RECORD_READ,PRESENT_READ,,,First-delivery subset. Source values preserved; path aliases only. No payload-body read.
HX02-43c51600dceade89b77d,HX02,CSV_ROW,EXT05C,unknown,unknown,BY2,unknown,LIT,FILE_START,unknown,unknown,NONE,<CODE_ROOT>/docs/paper_rebuild/hext/HX02/EXTERNAL_FIVE_CATEGORY_TABLE.csv,CSV:data_row=312,"{""category"":""single_antenna_gnss_ins"",""method_id"":""EXT05C"",""config"":""LIT"",""sequence"":""BY2"",""start_mode"":""FILE_START"",""output_type"":""imu_point_nav"",""metric"":""roll_rmse_deg"",""value"":""0.8788931818645456"",""denominator_or_valid_epochs"":""matched=58014/output=58014"",""failure_flag"":""NONE"",""source"":""<CLEAN_ROOT>/stages/CLEAN8_PROTOCOL_V3/07_AGGREGATE/MAIN_TABLE_V3.csv:18 sha256=cd734338cf89518679d78179f410a79ecad3060535d3b80e43a62545cee9b21c"",""notes"":""sealed v3 row; role=MANUSCRIPT; evaluation_status=COMPLETED; geometric_audit_status=NOT_APPLICABLE_SINGLE_RECEIVER""}",[],[],[],FULL_RECORD_READ,PRESENT_READ,,,First-delivery subset. Source values preserved; path aliases only. No payload-body read.
HX02-9ad406cad30013228f0d,HX02,CSV_ROW,EXT05C,unknown,unknown,BY2,unknown,LIT,FILE_START,unknown,unknown,NONE,<CODE_ROOT>/docs/paper_rebuild/hext/HX02/EXTERNAL_FIVE_CATEGORY_TABLE.csv,CSV:data_row=313,"{""category"":""single_antenna_gnss_ins"",""method_id"":""EXT05C"",""config"":""LIT"",""sequence"":""BY2"",""start_mode"":""FILE_START"",""output_type"":""imu_point_nav"",""metric"":""pitch_rmse_deg"",""value"":""1.5693319197843218"",""denominator_or_valid_epochs"":""matched=58014/output=58014"",""failure_flag"":""NONE"",""source"":""<CLEAN_ROOT>/stages/CLEAN8_PROTOCOL_V3/07_AGGREGATE/MAIN_TABLE_V3.csv:18 sha256=cd734338cf89518679d78179f410a79ecad3060535d3b80e43a62545cee9b21c"",""notes"":""sealed v3 row; role=MANUSCRIPT; evaluation_status=COMPLETED; geometric_audit_status=NOT_APPLICABLE_SINGLE_RECEIVER""}",[],[],[],FULL_RECORD_READ,PRESENT_READ,,,First-delivery subset. Source values preserved; path aliases only. No payload-body read.
HX02-988189ce42d361ee966b,HX02,CSV_ROW,EXT05C,unknown,unknown,BY2,unknown,LIT,FILE_START,unknown,unknown,NONE,<CODE_ROOT>/docs/paper_rebuild/hext/HX02/EXTERNAL_FIVE_CATEGORY_TABLE.csv,CSV:data_row=314,"{""category"":""single_antenna_gnss_ins"",""method_id"":""EXT05C"",""config"":""LIT"",""sequence"":""BY2"",""start_mode"":""FILE_START"",""output_type"":""imu_point_nav"",""metric"":""coverage_ratio"",""value"":""1.0"",""denominator_or_valid_epochs"":""matched=58014/output=58014"",""failure_flag"":""NONE"",""source"":""<CLEAN_ROOT>/stages/CLEAN8_PROTOCOL_V3/07_AGGREGATE/MAIN_TABLE_V3.csv:18 sha256=cd734338cf89518679d78179f410a79ecad3060535d3b80e43a62545cee9b21c"",""notes"":""sealed v3 row; role=MANUSCRIPT; evaluation_status=COMPLETED; geometric_audit_status=NOT_APPLICABLE_SINGLE_RECEIVER""}",[],[],[],FULL_RECORD_READ,PRESENT_READ,,,First-delivery subset. Source values preserved; path aliases only. No payload-body read.
HX02-85420329abf6ba8d85ef,HX02,CSV_ROW,LC01-S,unknown,unknown,BY2,unknown,S,FILE_START,unknown,unknown,NONE,<CODE_ROOT>/docs/paper_rebuild/hext/HX02/EXTERNAL_FIVE_CATEGORY_TABLE.csv,CSV:data_row=315,"{""category"":""loosely_coupled_gnss_ins"",""method_id"":""LC01-S"",""config"":""S"",""sequence"":""BY2"",""start_mode"":""FILE_START"",""output_type"":""imu_point_nav"",""metric"":""horizontal_rmse_m"",""value"":""0.10352490362681992"",""denominator_or_valid_epochs"":""matched=58014/output=58014"",""failure_flag"":""NONE"",""source"":""<CLEAN_ROOT>/stages/CLEAN8_PROTOCOL_V3/07_AGGREGATE/MAIN_TABLE_V3.csv:40 sha256=cd734338cf89518679d78179f410a79ecad3060535d3b80e43a62545cee9b21c"",""notes"":""sealed v3 row; role=MANUSCRIPT; evaluation_status=COMPLETED; geometric_audit_status=PASS""}",[],[],[],FULL_RECORD_READ,PRESENT_READ,,,First-delivery subset. Source values preserved; path aliases only. No payload-body read.
HX02-d01cc75a1d99710e03e0,HX02,CSV_ROW,LC01-S,unknown,unknown,BY2,unknown,S,FILE_START,unknown,unknown,NONE,<CODE_ROOT>/docs/paper_rebuild/hext/HX02/EXTERNAL_FIVE_CATEGORY_TABLE.csv,CSV:data_row=316,"{""category"":""loosely_coupled_gnss_ins"",""method_id"":""LC01-S"",""config"":""S"",""sequence"":""BY2"",""start_mode"":""FILE_START"",""output_type"":""imu_point_nav"",""metric"":""up_rmse_m"",""value"":""0.045250085330977255"",""denominator_or_valid_epochs"":""matched=58014/output=58014"",""failure_flag"":""NONE"",""source"":""<CLEAN_ROOT>/stages/CLEAN8_PROTOCOL_V3/07_AGGREGATE/MAIN_TABLE_V3.csv:40 sha256=cd734338cf89518679d78179f410a79ecad3060535d3b80e43a62545cee9b21c"",""notes"":""sealed v3 row; role=MANUSCRIPT; evaluation_status=COMPLETED; geometric_audit_status=PASS""}",[],[],[],FULL_RECORD_READ,PRESENT_READ,,,First-delivery subset. Source values preserved; path aliases only. No payload-body read.
HX02-80c1743dc4a41647bee6,HX02,CSV_ROW,LC01-S,unknown,unknown,BY2,unknown,S,FILE_START,unknown,unknown,NONE,<CODE_ROOT>/docs/paper_rebuild/hext/HX02/EXTERNAL_FIVE_CATEGORY_TABLE.csv,CSV:data_row=317,"{""category"":""loosely_coupled_gnss_ins"",""method_id"":""LC01-S"",""config"":""S"",""sequence"":""BY2"",""start_mode"":""FILE_START"",""output_type"":""imu_point_nav"",""metric"":""yaw_rmse_deg"",""value"":""1.5392385536245534"",""denominator_or_valid_epochs"":""matched=58014/output=58014"",""failure_flag"":""NONE"",""source"":""<CLEAN_ROOT>/stages/CLEAN8_PROTOCOL_V3/07_AGGREGATE/MAIN_TABLE_V3.csv:40 sha256=cd734338cf89518679d78179f410a79ecad3060535d3b80e43a62545cee9b21c"",""notes"":""sealed v3 row; role=MANUSCRIPT; evaluation_status=COMPLETED; geometric_audit_status=PASS""}",[],[],[],FULL_RECORD_READ,PRESENT_READ,,,First-delivery subset. Source values preserved; path aliases only. No payload-body read.
HX02-f121a692e41e6926a257,HX02,CSV_ROW,LC01-S,unknown,unknown,BY2,unknown,S,FILE_START,unknown,unknown,NONE,<CODE_ROOT>/docs/paper_rebuild/hext/HX02/EXTERNAL_FIVE_CATEGORY_TABLE.csv,CSV:data_row=318,"{""category"":""loosely_coupled_gnss_ins"",""method_id"":""LC01-S"",""config"":""S"",""sequence"":""BY2"",""start_mode"":""FILE_START"",""output_type"":""imu_point_nav"",""metric"":""yaw_p95_absolute_deg"",""value"":""2.842700226978146"",""denominator_or_valid_epochs"":""matched=58014/output=58014"",""failure_flag"":""NONE"",""source"":""<CLEAN_ROOT>/stages/CLEAN8_PROTOCOL_V3/07_AGGREGATE/MAIN_TABLE_V3.csv:40 sha256=cd734338cf89518679d78179f410a79ecad3060535d3b80e43a62545cee9b21c"",""notes"":""sealed v3 row; role=MANUSCRIPT; evaluation_status=COMPLETED; geometric_audit_status=PASS""}",[],[],[],FULL_RECORD_READ,PRESENT_READ,,,First-delivery subset. Source values preserved; path aliases only. No payload-body read.
HX02-cc7539c9f66348ba5038,HX02,CSV_ROW,LC01-S,unknown,unknown,BY2,unknown,S,FILE_START,unknown,unknown,NONE,<CODE_ROOT>/docs/paper_rebuild/hext/HX02/EXTERNAL_FIVE_CATEGORY_TABLE.csv,CSV:data_row=319,"{""category"":""loosely_coupled_gnss_ins"",""method_id"":""LC01-S"",""config"":""S"",""sequence"":""BY2"",""start_mode"":""FILE_START"",""output_type"":""imu_point_nav"",""metric"":""roll_rmse_deg"",""value"":""4.243477935993363"",""denominator_or_valid_epochs"":""matched=58014/output=58014"",""failure_flag"":""NONE"",""source"":""<CLEAN_ROOT>/stages/CLEAN8_PROTOCOL_V3/07_AGGREGATE/MAIN_TABLE_V3.csv:40 sha256=cd734338cf89518679d78179f410a79ecad3060535d3b80e43a62545cee9b21c"",""notes"":""sealed v3 row; role=MANUSCRIPT; evaluation_status=COMPLETED; geometric_audit_status=PASS""}",[],[],[],FULL_RECORD_READ,PRESENT_READ,,,First-delivery subset. Source values preserved; path aliases only. No payload-body read.
HX02-d39bb947540579221c56,HX02,CSV_ROW,LC01-S,unknown,unknown,BY2,unknown,S,FILE_START,unknown,unknown,NONE,<CODE_ROOT>/docs/paper_rebuild/hext/HX02/EXTERNAL_FIVE_CATEGORY_TABLE.csv,CSV:data_row=320,"{""category"":""loosely_coupled_gnss_ins"",""method_id"":""LC01-S"",""config"":""S"",""sequence"":""BY2"",""start_mode"":""FILE_START"",""output_type"":""imu_point_nav"",""metric"":""pitch_rmse_deg"",""value"":""2.990040090051533"",""denominator_or_valid_epochs"":""matched=58014/output=58014"",""failure_flag"":""NONE"",""source"":""<CLEAN_ROOT>/stages/CLEAN8_PROTOCOL_V3/07_AGGREGATE/MAIN_TABLE_V3.csv:40 sha256=cd734338cf89518679d78179f410a79ecad3060535d3b80e43a62545cee9b21c"",""notes"":""sealed v3 row; role=MANUSCRIPT; evaluation_status=COMPLETED; geometric_audit_status=PASS""}",[],[],[],FULL_RECORD_READ,PRESENT_READ,,,First-delivery subset. Source values preserved; path aliases only. No payload-body read.
HX02-c369542abee1c8594daf,HX02,CSV_ROW,LC01-S,unknown,unknown,BY2,unknown,S,FILE_START,unknown,unknown,NONE,<CODE_ROOT>/docs/paper_rebuild/hext/HX02/EXTERNAL_FIVE_CATEGORY_TABLE.csv,CSV:data_row=321,"{""category"":""loosely_coupled_gnss_ins"",""method_id"":""LC01-S"",""config"":""S"",""sequence"":""BY2"",""start_mode"":""FILE_START"",""output_type"":""imu_point_nav"",""metric"":""coverage_ratio"",""value"":""1.0"",""denominator_or_valid_epochs"":""matched=58014/output=58014"",""failure_flag"":""NONE"",""source"":""<CLEAN_ROOT>/stages/CLEAN8_PROTOCOL_V3/07_AGGREGATE/MAIN_TABLE_V3.csv:40 sha256=cd734338cf89518679d78179f410a79ecad3060535d3b80e43a62545cee9b21c"",""notes"":""sealed v3 row; role=MANUSCRIPT; evaluation_status=COMPLETED; geometric_audit_status=PASS""}",[],[],[],FULL_RECORD_READ,PRESENT_READ,,,First-delivery subset. Source values preserved; path aliases only. No payload-body read.
HX02-bcd87b016b87079b94c3,HX02,CSV_ROW,EXT05C-S,unknown,unknown,BY2,unknown,S,FILE_START,unknown,unknown,NONE,<CODE_ROOT>/docs/paper_rebuild/hext/HX02/EXTERNAL_FIVE_CATEGORY_TABLE.csv,CSV:data_row=322,"{""category"":""single_antenna_gnss_ins"",""method_id"":""EXT05C-S"",""config"":""S"",""sequence"":""BY2"",""start_mode"":""FILE_START"",""output_type"":""imu_point_nav"",""metric"":""horizontal_rmse_m"",""value"":""0.11422779709467196"",""denominator_or_valid_epochs"":""matched=58014/output=58014"",""failure_flag"":""NONE"",""source"":""<CLEAN_ROOT>/stages/CLEAN8_PROTOCOL_V3/07_AGGREGATE/MAIN_TABLE_V3.csv:41 sha256=cd734338cf89518679d78179f410a79ecad3060535d3b80e43a62545cee9b21c"",""notes"":""sealed v3 row; role=MANUSCRIPT; evaluation_status=COMPLETED; geometric_audit_status=NOT_APPLICABLE_SINGLE_RECEIVER""}",[],[],[],FULL_RECORD_READ,PRESENT_READ,,,First-delivery subset. Source values preserved; path aliases only. No payload-body read.
HX02-f65678b5139304fe4856,HX02,CSV_ROW,EXT05C-S,unknown,unknown,BY2,unknown,S,FILE_START,unknown,unknown,NONE,<CODE_ROOT>/docs/paper_rebuild/hext/HX02/EXTERNAL_FIVE_CATEGORY_TABLE.csv,CSV:data_row=323,"{""category"":""single_antenna_gnss_ins"",""method_id"":""EXT05C-S"",""config"":""S"",""sequence"":""BY2"",""start_mode"":""FILE_START"",""output_type"":""imu_point_nav"",""metric"":""up_rmse_m"",""value"":""0.04699794989782003"",""denominator_or_valid_epochs"":""matched=58014/output=58014"",""failure_flag"":""NONE"",""source"":""<CLEAN_ROOT>/stages/CLEAN8_PROTOCOL_V3/07_AGGREGATE/MAIN_TABLE_V3.csv:41 sha256=cd734338cf89518679d78179f410a79ecad3060535d3b80e43a62545cee9b21c"",""notes"":""sealed v3 row; role=MANUSCRIPT; evaluation_status=COMPLETED; geometric_audit_status=NOT_APPLICABLE_SINGLE_RECEIVER""}",[],[],[],FULL_RECORD_READ,PRESENT_READ,,,First-delivery subset. Source values preserved; path aliases only. No payload-body read.
HX02-da3500166b27c061fc82,HX02,CSV_ROW,EXT05C-S,unknown,unknown,BY2,unknown,S,FILE_START,unknown,unknown,NONE,<CODE_ROOT>/docs/paper_rebuild/hext/HX02/EXTERNAL_FIVE_CATEGORY_TABLE.csv,CSV:data_row=324,"{""category"":""single_antenna_gnss_ins"",""method_id"":""EXT05C-S"",""config"":""S"",""sequence"":""BY2"",""start_mode"":""FILE_START"",""output_type"":""imu_point_nav"",""metric"":""yaw_rmse_deg"",""value"":""9.7220981511841"",""denominator_or_valid_epochs"":""matched=58014/output=58014"",""failure_flag"":""NONE"",""source"":""<CLEAN_ROOT>/stages/CLEAN8_PROTOCOL_V3/07_AGGREGATE/MAIN_TABLE_V3.csv:41 sha256=cd734338cf89518679d78179f410a79ecad3060535d3b80e43a62545cee9b21c"",""notes"":""sealed v3 row; role=MANUSCRIPT; evaluation_status=COMPLETED; geometric_audit_status=NOT_APPLICABLE_SINGLE_RECEIVER""}",[],[],[],FULL_RECORD_READ,PRESENT_READ,,,First-delivery subset. Source values preserved; path aliases only. No payload-body read.
HX02-4add7c8049c0a16061fc,HX02,CSV_ROW,EXT05C-S,unknown,unknown,BY2,unknown,S,FILE_START,unknown,unknown,NONE,<CODE_ROOT>/docs/paper_rebuild/hext/HX02/EXTERNAL_FIVE_CATEGORY_TABLE.csv,CSV:data_row=325,"{""category"":""single_antenna_gnss_ins"",""method_id"":""EXT05C-S"",""config"":""S"",""sequence"":""BY2"",""start_mode"":""FILE_START"",""output_type"":""imu_point_nav"",""metric"":""yaw_p95_absolute_deg"",""value"":""12.493120088559007"",""denominator_or_valid_epochs"":""matched=58014/output=58014"",""failure_flag"":""NONE"",""source"":""<CLEAN_ROOT>/stages/CLEAN8_PROTOCOL_V3/07_AGGREGATE/MAIN_TABLE_V3.csv:41 sha256=cd734338cf89518679d78179f410a79ecad3060535d3b80e43a62545cee9b21c"",""notes"":""sealed v3 row; role=MANUSCRIPT; evaluation_status=COMPLETED; geometric_audit_status=NOT_APPLICABLE_SINGLE_RECEIVER""}",[],[],[],FULL_RECORD_READ,PRESENT_READ,,,First-delivery subset. Source values preserved; path aliases only. No payload-body read.
HX02-baa2f8dc80949f0d42fb,HX02,CSV_ROW,EXT05C-S,unknown,unknown,BY2,unknown,S,FILE_START,unknown,unknown,NONE,<CODE_ROOT>/docs/paper_rebuild/hext/HX02/EXTERNAL_FIVE_CATEGORY_TABLE.csv,CSV:data_row=326,"{""category"":""single_antenna_gnss_ins"",""method_id"":""EXT05C-S"",""config"":""S"",""sequence"":""BY2"",""start_mode"":""FILE_START"",""output_type"":""imu_point_nav"",""metric"":""roll_rmse_deg"",""value"":""4.423635167602625"",""denominator_or_valid_epochs"":""matched=58014/output=58014"",""failure_flag"":""NONE"",""source"":""<CLEAN_ROOT>/stages/CLEAN8_PROTOCOL_V3/07_AGGREGATE/MAIN_TABLE_V3.csv:41 sha256=cd734338cf89518679d78179f410a79ecad3060535d3b80e43a62545cee9b21c"",""notes"":""sealed v3 row; role=MANUSCRIPT; evaluation_status=COMPLETED; geometric_audit_status=NOT_APPLICABLE_SINGLE_RECEIVER""}",[],[],[],FULL_RECORD_READ,PRESENT_READ,,,First-delivery subset. Source values preserved; path aliases only. No payload-body read.
HX02-6f3a10a7a4e3522ff268,HX02,CSV_ROW,EXT05C-S,unknown,unknown,BY2,unknown,S,FILE_START,unknown,unknown,NONE,<CODE_ROOT>/docs/paper_rebuild/hext/HX02/EXTERNAL_FIVE_CATEGORY_TABLE.csv,CSV:data_row=327,"{""category"":""single_antenna_gnss_ins"",""method_id"":""EXT05C-S"",""config"":""S"",""sequence"":""BY2"",""start_mode"":""FILE_START"",""output_type"":""imu_point_nav"",""metric"":""pitch_rmse_deg"",""value"":""3.0909377751965645"",""denominator_or_valid_epochs"":""matched=58014/output=58014"",""failure_flag"":""NONE"",""source"":""<CLEAN_ROOT>/stages/CLEAN8_PROTOCOL_V3/07_AGGREGATE/MAIN_TABLE_V3.csv:41 sha256=cd734338cf89518679d78179f410a79ecad3060535d3b80e43a62545cee9b21c"",""notes"":""sealed v3 row; role=MANUSCRIPT; evaluation_status=COMPLETED; geometric_audit_status=NOT_APPLICABLE_SINGLE_RECEIVER""}",[],[],[],FULL_RECORD_READ,PRESENT_READ,,,First-delivery subset. Source values preserved; path aliases only. No payload-body read.
HX02-9c1092d876626858abc2,HX02,CSV_ROW,EXT05C-S,unknown,unknown,BY2,unknown,S,FILE_START,unknown,unknown,NONE,<CODE_ROOT>/docs/paper_rebuild/hext/HX02/EXTERNAL_FIVE_CATEGORY_TABLE.csv,CSV:data_row=328,"{""category"":""single_antenna_gnss_ins"",""method_id"":""EXT05C-S"",""config"":""S"",""sequence"":""BY2"",""start_mode"":""FILE_START"",""output_type"":""imu_point_nav"",""metric"":""coverage_ratio"",""value"":""1.0"",""denominator_or_valid_epochs"":""matched=58014/output=58014"",""failure_flag"":""NONE"",""source"":""<CLEAN_ROOT>/stages/CLEAN8_PROTOCOL_V3/07_AGGREGATE/MAIN_TABLE_V3.csv:41 sha256=cd734338cf89518679d78179f410a79ecad3060535d3b80e43a62545cee9b21c"",""notes"":""sealed v3 row; role=MANUSCRIPT; evaluation_status=COMPLETED; geometric_audit_status=NOT_APPLICABLE_SINGLE_RECEIVER""}",[],[],[],FULL_RECORD_READ,PRESENT_READ,,,First-delivery subset. Source values preserved; path aliases only. No payload-body read.
HX02-827bc70b059dc9ddfc84,HX02,CSV_ROW,LC01,unknown,unknown,BY2H,unknown,LIT,FILE_START,unknown,unknown,NONE,<CODE_ROOT>/docs/paper_rebuild/hext/HX02/EXTERNAL_FIVE_CATEGORY_TABLE.csv,CSV:data_row=329,"{""category"":""loosely_coupled_gnss_ins"",""method_id"":""LC01"",""config"":""LIT"",""sequence"":""BY2H"",""start_mode"":""FILE_START"",""output_type"":""imu_point_nav"",""metric"":""horizontal_rmse_m"",""value"":""0.09745269819180266"",""denominator_or_valid_epochs"":""matched=59934/output=59934"",""failure_flag"":""NONE"",""source"":""<CLEAN_ROOT>/stages/CLEAN8_PROTOCOL_V3/07_AGGREGATE/MAIN_TABLE_V3.csv:42 sha256=cd734338cf89518679d78179f410a79ecad3060535d3b80e43a62545cee9b21c"",""notes"":""sealed v3 row; role=SUPPLEMENT; evaluation_status=AVAILABLE_GEOMETRIC_AUDIT_FAIL; geometric_audit_status=FAIL""}",[],[],[],FULL_RECORD_READ,PRESENT_READ,,,First-delivery subset. Source values preserved; path aliases only. No payload-body read.
HX02-4169ed78361053677cf6,HX02,CSV_ROW,LC01,unknown,unknown,BY2H,unknown,LIT,FILE_START,unknown,unknown,NONE,<CODE_ROOT>/docs/paper_rebuild/hext/HX02/EXTERNAL_FIVE_CATEGORY_TABLE.csv,CSV:data_row=330,"{""category"":""loosely_coupled_gnss_ins"",""method_id"":""LC01"",""config"":""LIT"",""sequence"":""BY2H"",""start_mode"":""FILE_START"",""output_type"":""imu_point_nav"",""metric"":""up_rmse_m"",""value"":""0.055628473363064763"",""denominator_or_valid_epochs"":""matched=59934/output=59934"",""failure_flag"":""NONE"",""source"":""<CLEAN_ROOT>/stages/CLEAN8_PROTOCOL_V3/07_AGGREGATE/MAIN_TABLE_V3.csv:42 sha256=cd734338cf89518679d78179f410a79ecad3060535d3b80e43a62545cee9b21c"",""notes"":""sealed v3 row; role=SUPPLEMENT; evaluation_status=AVAILABLE_GEOMETRIC_AUDIT_FAIL; geometric_audit_status=FAIL""}",[],[],[],FULL_RECORD_READ,PRESENT_READ,,,First-delivery subset. Source values preserved; path aliases only. No payload-body read.
HX02-814c8d9132c4e7b3df28,HX02,CSV_ROW,LC01,unknown,unknown,BY2H,unknown,LIT,FILE_START,unknown,unknown,NONE,<CODE_ROOT>/docs/paper_rebuild/hext/HX02/EXTERNAL_FIVE_CATEGORY_TABLE.csv,CSV:data_row=331,"{""category"":""loosely_coupled_gnss_ins"",""method_id"":""LC01"",""config"":""LIT"",""sequence"":""BY2H"",""start_mode"":""FILE_START"",""output_type"":""imu_point_nav"",""metric"":""yaw_rmse_deg"",""value"":""2.1739364356142343"",""denominator_or_valid_epochs"":""matched=59934/output=59934"",""failure_flag"":""NONE"",""source"":""<CLEAN_ROOT>/stages/CLEAN8_PROTOCOL_V3/07_AGGREGATE/MAIN_TABLE_V3.csv:42 sha256=cd734338cf89518679d78179f410a79ecad3060535d3b80e43a62545cee9b21c"",""notes"":""sealed v3 row; role=SUPPLEMENT; evaluation_status=AVAILABLE_GEOMETRIC_AUDIT_FAIL; geometric_audit_status=FAIL""}",[],[],[],FULL_RECORD_READ,PRESENT_READ,,,First-delivery subset. Source values preserved; path aliases only. No payload-body read.
HX02-b6bf8753c7504224584a,HX02,CSV_ROW,LC01,unknown,unknown,BY2H,unknown,LIT,FILE_START,unknown,unknown,NONE,<CODE_ROOT>/docs/paper_rebuild/hext/HX02/EXTERNAL_FIVE_CATEGORY_TABLE.csv,CSV:data_row=332,"{""category"":""loosely_coupled_gnss_ins"",""method_id"":""LC01"",""config"":""LIT"",""sequence"":""BY2H"",""start_mode"":""FILE_START"",""output_type"":""imu_point_nav"",""metric"":""yaw_p95_absolute_deg"",""value"":""4.4507696796692295"",""denominator_or_valid_epochs"":""matched=59934/output=59934"",""failure_flag"":""NONE"",""source"":""<CLEAN_ROOT>/stages/CLEAN8_PROTOCOL_V3/07_AGGREGATE/MAIN_TABLE_V3.csv:42 sha256=cd734338cf89518679d78179f410a79ecad3060535d3b80e43a62545cee9b21c"",""notes"":""sealed v3 row; role=SUPPLEMENT; evaluation_status=AVAILABLE_GEOMETRIC_AUDIT_FAIL; geometric_audit_status=FAIL""}",[],[],[],FULL_RECORD_READ,PRESENT_READ,,,First-delivery subset. Source values preserved; path aliases only. No payload-body read.
HX02-b070ad634fc22b167ded,HX02,CSV_ROW,LC01,unknown,unknown,BY2H,unknown,LIT,FILE_START,unknown,unknown,NONE,<CODE_ROOT>/docs/paper_rebuild/hext/HX02/EXTERNAL_FIVE_CATEGORY_TABLE.csv,CSV:data_row=333,"{""category"":""loosely_coupled_gnss_ins"",""method_id"":""LC01"",""config"":""LIT"",""sequence"":""BY2H"",""start_mode"":""FILE_START"",""output_type"":""imu_point_nav"",""metric"":""roll_rmse_deg"",""value"":""1.1863989371032602"",""denominator_or_valid_epochs"":""matched=59934/output=59934"",""failure_flag"":""NONE"",""source"":""<CLEAN_ROOT>/stages/CLEAN8_PROTOCOL_V3/07_AGGREGATE/MAIN_TABLE_V3.csv:42 sha256=cd734338cf89518679d78179f410a79ecad3060535d3b80e43a62545cee9b21c"",""notes"":""sealed v3 row; role=SUPPLEMENT; evaluation_status=AVAILABLE_GEOMETRIC_AUDIT_FAIL; geometric_audit_status=FAIL""}",[],[],[],FULL_RECORD_READ,PRESENT_READ,,,First-delivery subset. Source values preserved; path aliases only. No payload-body read.
HX02-cb092e75e6c02d60d26e,HX02,CSV_ROW,LC01,unknown,unknown,BY2H,unknown,LIT,FILE_START,unknown,unknown,NONE,<CODE_ROOT>/docs/paper_rebuild/hext/HX02/EXTERNAL_FIVE_CATEGORY_TABLE.csv,CSV:data_row=334,"{""category"":""loosely_coupled_gnss_ins"",""method_id"":""LC01"",""config"":""LIT"",""sequence"":""BY2H"",""start_mode"":""FILE_START"",""output_type"":""imu_point_nav"",""metric"":""pitch_rmse_deg"",""value"":""2.5158239595587855"",""denominator_or_valid_epochs"":""matched=59934/output=59934"",""failure_flag"":""NONE"",""source"":""<CLEAN_ROOT>/stages/CLEAN8_PROTOCOL_V3/07_AGGREGATE/MAIN_TABLE_V3.csv:42 sha256=cd734338cf89518679d78179f410a79ecad3060535d3b80e43a62545cee9b21c"",""notes"":""sealed v3 row; role=SUPPLEMENT; evaluation_status=AVAILABLE_GEOMETRIC_AUDIT_FAIL; geometric_audit_status=FAIL""}",[],[],[],FULL_RECORD_READ,PRESENT_READ,,,First-delivery subset. Source values preserved; path aliases only. No payload-body read.
HX02-be2c46cca938facd0467,HX02,CSV_ROW,LC01,unknown,unknown,BY2H,unknown,LIT,FILE_START,unknown,unknown,NONE,<CODE_ROOT>/docs/paper_rebuild/hext/HX02/EXTERNAL_FIVE_CATEGORY_TABLE.csv,CSV:data_row=335,"{""category"":""loosely_coupled_gnss_ins"",""method_id"":""LC01"",""config"":""LIT"",""sequence"":""BY2H"",""start_mode"":""FILE_START"",""output_type"":""imu_point_nav"",""metric"":""coverage_ratio"",""value"":""1.0"",""denominator_or_valid_epochs"":""matched=59934/output=59934"",""failure_flag"":""NONE"",""source"":""<CLEAN_ROOT>/stages/CLEAN8_PROTOCOL_V3/07_AGGREGATE/MAIN_TABLE_V3.csv:42 sha256=cd734338cf89518679d78179f410a79ecad3060535d3b80e43a62545cee9b21c"",""notes"":""sealed v3 row; role=SUPPLEMENT; evaluation_status=AVAILABLE_GEOMETRIC_AUDIT_FAIL; geometric_audit_status=FAIL""}",[],[],[],FULL_RECORD_READ,PRESENT_READ,,,First-delivery subset. Source values preserved; path aliases only. No payload-body read.
HX02-eaf01db20e6e3ccef628,HX02,CSV_ROW,LC01,unknown,unknown,BY2H,unknown,LIT,CONTRACT_START,unknown,unknown,NONE,<CODE_ROOT>/docs/paper_rebuild/hext/HX02/EXTERNAL_FIVE_CATEGORY_TABLE.csv,CSV:data_row=336,"{""category"":""loosely_coupled_gnss_ins"",""method_id"":""LC01"",""config"":""LIT"",""sequence"":""BY2H"",""start_mode"":""CONTRACT_START"",""output_type"":""imu_point_nav"",""metric"":""horizontal_rmse_m"",""value"":""0.0746064486934978"",""denominator_or_valid_epochs"":""matched=59934/output=59934"",""failure_flag"":""NONE"",""source"":""<CLEAN_ROOT>/stages/CLEAN8_PROTOCOL_V3/07_AGGREGATE/MAIN_TABLE_V3.csv:43 sha256=cd734338cf89518679d78179f410a79ecad3060535d3b80e43a62545cee9b21c"",""notes"":""sealed v3 row; role=MANUSCRIPT; evaluation_status=AVAILABLE_GEOMETRIC_AUDIT_FAIL; geometric_audit_status=FAIL""}",[],[],[],FULL_RECORD_READ,PRESENT_READ,,,First-delivery subset. Source values preserved; path aliases only. No payload-body read.
HX02-199f7d4b7b6877cf95fa,HX02,CSV_ROW,LC01,unknown,unknown,BY2H,unknown,LIT,CONTRACT_START,unknown,unknown,NONE,<CODE_ROOT>/docs/paper_rebuild/hext/HX02/EXTERNAL_FIVE_CATEGORY_TABLE.csv,CSV:data_row=337,"{""category"":""loosely_coupled_gnss_ins"",""method_id"":""LC01"",""config"":""LIT"",""sequence"":""BY2H"",""start_mode"":""CONTRACT_START"",""output_type"":""imu_point_nav"",""metric"":""up_rmse_m"",""value"":""0.04480400773175869"",""denominator_or_valid_epochs"":""matched=59934/output=59934"",""failure_flag"":""NONE"",""source"":""<CLEAN_ROOT>/stages/CLEAN8_PROTOCOL_V3/07_AGGREGATE/MAIN_TABLE_V3.csv:43 sha256=cd734338cf89518679d78179f410a79ecad3060535d3b80e43a62545cee9b21c"",""notes"":""sealed v3 row; role=MANUSCRIPT; evaluation_status=AVAILABLE_GEOMETRIC_AUDIT_FAIL; geometric_audit_status=FAIL""}",[],[],[],FULL_RECORD_READ,PRESENT_READ,,,First-delivery subset. Source values preserved; path aliases only. No payload-body read.
HX02-bde83845042ef8b18dcc,HX02,CSV_ROW,LC01,unknown,unknown,BY2H,unknown,LIT,CONTRACT_START,unknown,unknown,NONE,<CODE_ROOT>/docs/paper_rebuild/hext/HX02/EXTERNAL_FIVE_CATEGORY_TABLE.csv,CSV:data_row=338,"{""category"":""loosely_coupled_gnss_ins"",""method_id"":""LC01"",""config"":""LIT"",""sequence"":""BY2H"",""start_mode"":""CONTRACT_START"",""output_type"":""imu_point_nav"",""metric"":""yaw_rmse_deg"",""value"":""2.208612313835051"",""denominator_or_valid_epochs"":""matched=59934/output=59934"",""failure_flag"":""NONE"",""source"":""<CLEAN_ROOT>/stages/CLEAN8_PROTOCOL_V3/07_AGGREGATE/MAIN_TABLE_V3.csv:43 sha256=cd734338cf89518679d78179f410a79ecad3060535d3b80e43a62545cee9b21c"",""notes"":""sealed v3 row; role=MANUSCRIPT; evaluation_status=AVAILABLE_GEOMETRIC_AUDIT_FAIL; geometric_audit_status=FAIL""}",[],[],[],FULL_RECORD_READ,PRESENT_READ,,,First-delivery subset. Source values preserved; path aliases only. No payload-body read.
HX02-a2c2c68628179a19a2e4,HX02,CSV_ROW,LC01,unknown,unknown,BY2H,unknown,LIT,CONTRACT_START,unknown,unknown,NONE,<CODE_ROOT>/docs/paper_rebuild/hext/HX02/EXTERNAL_FIVE_CATEGORY_TABLE.csv,CSV:data_row=339,"{""category"":""loosely_coupled_gnss_ins"",""method_id"":""LC01"",""config"":""LIT"",""sequence"":""BY2H"",""start_mode"":""CONTRACT_START"",""output_type"":""imu_point_nav"",""metric"":""yaw_p95_absolute_deg"",""value"":""4.538322845863267"",""denominator_or_valid_epochs"":""matched=59934/output=59934"",""failure_flag"":""NONE"",""source"":""<CLEAN_ROOT>/stages/CLEAN8_PROTOCOL_V3/07_AGGREGATE/MAIN_TABLE_V3.csv:43 sha256=cd734338cf89518679d78179f410a79ecad3060535d3b80e43a62545cee9b21c"",""notes"":""sealed v3 row; role=MANUSCRIPT; evaluation_status=AVAILABLE_GEOMETRIC_AUDIT_FAIL; geometric_audit_status=FAIL""}",[],[],[],FULL_RECORD_READ,PRESENT_READ,,,First-delivery subset. Source values preserved; path aliases only. No payload-body read.
HX02-c401076b903669c19100,HX02,CSV_ROW,LC01,unknown,unknown,BY2H,unknown,LIT,CONTRACT_START,unknown,unknown,NONE,<CODE_ROOT>/docs/paper_rebuild/hext/HX02/EXTERNAL_FIVE_CATEGORY_TABLE.csv,CSV:data_row=340,"{""category"":""loosely_coupled_gnss_ins"",""method_id"":""LC01"",""config"":""LIT"",""sequence"":""BY2H"",""start_mode"":""CONTRACT_START"",""output_type"":""imu_point_nav"",""metric"":""roll_rmse_deg"",""value"":""1.1679878463679607"",""denominator_or_valid_epochs"":""matched=59934/output=59934"",""failure_flag"":""NONE"",""source"":""<CLEAN_ROOT>/stages/CLEAN8_PROTOCOL_V3/07_AGGREGATE/MAIN_TABLE_V3.csv:43 sha256=cd734338cf89518679d78179f410a79ecad3060535d3b80e43a62545cee9b21c"",""notes"":""sealed v3 row; role=MANUSCRIPT; evaluation_status=AVAILABLE_GEOMETRIC_AUDIT_FAIL; geometric_audit_status=FAIL""}",[],[],[],FULL_RECORD_READ,PRESENT_READ,,,First-delivery subset. Source values preserved; path aliases only. No payload-body read.
HX02-a768efc31496326eef79,HX02,CSV_ROW,LC01,unknown,unknown,BY2H,unknown,LIT,CONTRACT_START,unknown,unknown,NONE,<CODE_ROOT>/docs/paper_rebuild/hext/HX02/EXTERNAL_FIVE_CATEGORY_TABLE.csv,CSV:data_row=341,"{""category"":""loosely_coupled_gnss_ins"",""method_id"":""LC01"",""config"":""LIT"",""sequence"":""BY2H"",""start_mode"":""CONTRACT_START"",""output_type"":""imu_point_nav"",""metric"":""pitch_rmse_deg"",""value"":""1.8254202884875959"",""denominator_or_valid_epochs"":""matched=59934/output=59934"",""failure_flag"":""NONE"",""source"":""<CLEAN_ROOT>/stages/CLEAN8_PROTOCOL_V3/07_AGGREGATE/MAIN_TABLE_V3.csv:43 sha256=cd734338cf89518679d78179f410a79ecad3060535d3b80e43a62545cee9b21c"",""notes"":""sealed v3 row; role=MANUSCRIPT; evaluation_status=AVAILABLE_GEOMETRIC_AUDIT_FAIL; geometric_audit_status=FAIL""}",[],[],[],FULL_RECORD_READ,PRESENT_READ,,,First-delivery subset. Source values preserved; path aliases only. No payload-body read.
HX02-1c7303857b5088ed0cca,HX02,CSV_ROW,LC01,unknown,unknown,BY2H,unknown,LIT,CONTRACT_START,unknown,unknown,NONE,<CODE_ROOT>/docs/paper_rebuild/hext/HX02/EXTERNAL_FIVE_CATEGORY_TABLE.csv,CSV:data_row=342,"{""category"":""loosely_coupled_gnss_ins"",""method_id"":""LC01"",""config"":""LIT"",""sequence"":""BY2H"",""start_mode"":""CONTRACT_START"",""output_type"":""imu_point_nav"",""metric"":""coverage_ratio"",""value"":""1.0"",""denominator_or_valid_epochs"":""matched=59934/output=59934"",""failure_flag"":""NONE"",""source"":""<CLEAN_ROOT>/stages/CLEAN8_PROTOCOL_V3/07_AGGREGATE/MAIN_TABLE_V3.csv:43 sha256=cd734338cf89518679d78179f410a79ecad3060535d3b80e43a62545cee9b21c"",""notes"":""sealed v3 row; role=MANUSCRIPT; evaluation_status=AVAILABLE_GEOMETRIC_AUDIT_FAIL; geometric_audit_status=FAIL""}",[],[],[],FULL_RECORD_READ,PRESENT_READ,,,First-delivery subset. Source values preserved; path aliases only. No payload-body read.
HX02-aa80dea7a951cb4266e3,HX02,CSV_ROW,EXT05C,unknown,unknown,BY2H,unknown,LIT,FILE_START,unknown,unknown,NONE,<CODE_ROOT>/docs/paper_rebuild/hext/HX02/EXTERNAL_FIVE_CATEGORY_TABLE.csv,CSV:data_row=343,"{""category"":""single_antenna_gnss_ins"",""method_id"":""EXT05C"",""config"":""LIT"",""sequence"":""BY2H"",""start_mode"":""FILE_START"",""output_type"":""imu_point_nav"",""metric"":""horizontal_rmse_m"",""value"":""0.1972843996333379"",""denominator_or_valid_epochs"":""matched=59934/output=59934"",""failure_flag"":""NONE"",""source"":""<CLEAN_ROOT>/stages/CLEAN8_PROTOCOL_V3/07_AGGREGATE/MAIN_TABLE_V3.csv:44 sha256=cd734338cf89518679d78179f410a79ecad3060535d3b80e43a62545cee9b21c"",""notes"":""sealed v3 row; role=SUPPLEMENT; evaluation_status=COMPLETED; geometric_audit_status=NOT_APPLICABLE_SINGLE_RECEIVER""}",[],[],[],FULL_RECORD_READ,PRESENT_READ,,,First-delivery subset. Source values preserved; path aliases only. No payload-body read.
HX02-9d1178ba9890db39cc1c,HX02,CSV_ROW,EXT05C,unknown,unknown,BY2H,unknown,LIT,FILE_START,unknown,unknown,NONE,<CODE_ROOT>/docs/paper_rebuild/hext/HX02/EXTERNAL_FIVE_CATEGORY_TABLE.csv,CSV:data_row=344,"{""category"":""single_antenna_gnss_ins"",""method_id"":""EXT05C"",""config"":""LIT"",""sequence"":""BY2H"",""start_mode"":""FILE_START"",""output_type"":""imu_point_nav"",""metric"":""up_rmse_m"",""value"":""0.07873541819872971"",""denominator_or_valid_epochs"":""matched=59934/output=59934"",""failure_flag"":""NONE"",""source"":""<CLEAN_ROOT>/stages/CLEAN8_PROTOCOL_V3/07_AGGREGATE/MAIN_TABLE_V3.csv:44 sha256=cd734338cf89518679d78179f410a79ecad3060535d3b80e43a62545cee9b21c"",""notes"":""sealed v3 row; role=SUPPLEMENT; evaluation_status=COMPLETED; geometric_audit_status=NOT_APPLICABLE_SINGLE_RECEIVER""}",[],[],[],FULL_RECORD_READ,PRESENT_READ,,,First-delivery subset. Source values preserved; path aliases only. No payload-body read.
HX02-0801152c085eb5610275,HX02,CSV_ROW,EXT05C,unknown,unknown,BY2H,unknown,LIT,FILE_START,unknown,unknown,NONE,<CODE_ROOT>/docs/paper_rebuild/hext/HX02/EXTERNAL_FIVE_CATEGORY_TABLE.csv,CSV:data_row=345,"{""category"":""single_antenna_gnss_ins"",""method_id"":""EXT05C"",""config"":""LIT"",""sequence"":""BY2H"",""start_mode"":""FILE_START"",""output_type"":""imu_point_nav"",""metric"":""yaw_rmse_deg"",""value"":""55.609933584769315"",""denominator_or_valid_epochs"":""matched=59934/output=59934"",""failure_flag"":""NONE"",""source"":""<CLEAN_ROOT>/stages/CLEAN8_PROTOCOL_V3/07_AGGREGATE/MAIN_TABLE_V3.csv:44 sha256=cd734338cf89518679d78179f410a79ecad3060535d3b80e43a62545cee9b21c"",""notes"":""sealed v3 row; role=SUPPLEMENT; evaluation_status=COMPLETED; geometric_audit_status=NOT_APPLICABLE_SINGLE_RECEIVER""}",[],[],[],FULL_RECORD_READ,PRESENT_READ,,,First-delivery subset. Source values preserved; path aliases only. No payload-body read.
HX02-075a5bae6a993d43f784,HX02,CSV_ROW,EXT05C,unknown,unknown,BY2H,unknown,LIT,FILE_START,unknown,unknown,NONE,<CODE_ROOT>/docs/paper_rebuild/hext/HX02/EXTERNAL_FIVE_CATEGORY_TABLE.csv,CSV:data_row=346,"{""category"":""single_antenna_gnss_ins"",""method_id"":""EXT05C"",""config"":""LIT"",""sequence"":""BY2H"",""start_mode"":""FILE_START"",""output_type"":""imu_point_nav"",""metric"":""yaw_p95_absolute_deg"",""value"":""85.609982722273"",""denominator_or_valid_epochs"":""matched=59934/output=59934"",""failure_flag"":""NONE"",""source"":""<CLEAN_ROOT>/stages/CLEAN8_PROTOCOL_V3/07_AGGREGATE/MAIN_TABLE_V3.csv:44 sha256=cd734338cf89518679d78179f410a79ecad3060535d3b80e43a62545cee9b21c"",""notes"":""sealed v3 row; role=SUPPLEMENT; evaluation_status=COMPLETED; geometric_audit_status=NOT_APPLICABLE_SINGLE_RECEIVER""}",[],[],[],FULL_RECORD_READ,PRESENT_READ,,,First-delivery subset. Source values preserved; path aliases only. No payload-body read.
HX02-353261d256b06b558e92,HX02,CSV_ROW,EXT05C,unknown,unknown,BY2H,unknown,LIT,FILE_START,unknown,unknown,NONE,<CODE_ROOT>/docs/paper_rebuild/hext/HX02/EXTERNAL_FIVE_CATEGORY_TABLE.csv,CSV:data_row=347,"{""category"":""single_antenna_gnss_ins"",""method_id"":""EXT05C"",""config"":""LIT"",""sequence"":""BY2H"",""start_mode"":""FILE_START"",""output_type"":""imu_point_nav"",""metric"":""roll_rmse_deg"",""value"":""1.7691790236884142"",""denominator_or_valid_epochs"":""matched=59934/output=59934"",""failure_flag"":""NONE"",""source"":""<CLEAN_ROOT>/stages/CLEAN8_PROTOCOL_V3/07_AGGREGATE/MAIN_TABLE_V3.csv:44 sha256=cd734338cf89518679d78179f410a79ecad3060535d3b80e43a62545cee9b21c"",""notes"":""sealed v3 row; role=SUPPLEMENT; evaluation_status=COMPLETED; geometric_audit_status=NOT_APPLICABLE_SINGLE_RECEIVER""}",[],[],[],FULL_RECORD_READ,PRESENT_READ,,,First-delivery subset. Source values preserved; path aliases only. No payload-body read.
HX02-b07aa0ca973f3f4ba905,HX02,CSV_ROW,EXT05C,unknown,unknown,BY2H,unknown,LIT,FILE_START,unknown,unknown,NONE,<CODE_ROOT>/docs/paper_rebuild/hext/HX02/EXTERNAL_FIVE_CATEGORY_TABLE.csv,CSV:data_row=348,"{""category"":""single_antenna_gnss_ins"",""method_id"":""EXT05C"",""config"":""LIT"",""sequence"":""BY2H"",""start_mode"":""FILE_START"",""output_type"":""imu_point_nav"",""metric"":""pitch_rmse_deg"",""value"":""1.9955842167554845"",""denominator_or_valid_epochs"":""matched=59934/output=59934"",""failure_flag"":""NONE"",""source"":""<CLEAN_ROOT>/stages/CLEAN8_PROTOCOL_V3/07_AGGREGATE/MAIN_TABLE_V3.csv:44 sha256=cd734338cf89518679d78179f410a79ecad3060535d3b80e43a62545cee9b21c"",""notes"":""sealed v3 row; role=SUPPLEMENT; evaluation_status=COMPLETED; geometric_audit_status=NOT_APPLICABLE_SINGLE_RECEIVER""}",[],[],[],FULL_RECORD_READ,PRESENT_READ,,,First-delivery subset. Source values preserved; path aliases only. No payload-body read.
HX02-cca3eafd27713c4f6b85,HX02,CSV_ROW,EXT05C,unknown,unknown,BY2H,unknown,LIT,FILE_START,unknown,unknown,NONE,<CODE_ROOT>/docs/paper_rebuild/hext/HX02/EXTERNAL_FIVE_CATEGORY_TABLE.csv,CSV:data_row=349,"{""category"":""single_antenna_gnss_ins"",""method_id"":""EXT05C"",""config"":""LIT"",""sequence"":""BY2H"",""start_mode"":""FILE_START"",""output_type"":""imu_point_nav"",""metric"":""coverage_ratio"",""value"":""1.0"",""denominator_or_valid_epochs"":""matched=59934/output=59934"",""failure_flag"":""NONE"",""source"":""<CLEAN_ROOT>/stages/CLEAN8_PROTOCOL_V3/07_AGGREGATE/MAIN_TABLE_V3.csv:44 sha256=cd734338cf89518679d78179f410a79ecad3060535d3b80e43a62545cee9b21c"",""notes"":""sealed v3 row; role=SUPPLEMENT; evaluation_status=COMPLETED; geometric_audit_status=NOT_APPLICABLE_SINGLE_RECEIVER""}",[],[],[],FULL_RECORD_READ,PRESENT_READ,,,First-delivery subset. Source values preserved; path aliases only. No payload-body read.
HX02-d54a48ff7522ffa00c80,HX02,CSV_ROW,EXT05C,unknown,unknown,BY2H,unknown,LIT,CONTRACT_START,unknown,unknown,NONE,<CODE_ROOT>/docs/paper_rebuild/hext/HX02/EXTERNAL_FIVE_CATEGORY_TABLE.csv,CSV:data_row=350,"{""category"":""single_antenna_gnss_ins"",""method_id"":""EXT05C"",""config"":""LIT"",""sequence"":""BY2H"",""start_mode"":""CONTRACT_START"",""output_type"":""imu_point_nav"",""metric"":""horizontal_rmse_m"",""value"":""0.06918972281588827"",""denominator_or_valid_epochs"":""matched=59934/output=59934"",""failure_flag"":""NONE"",""source"":""<CLEAN_ROOT>/stages/CLEAN8_PROTOCOL_V3/07_AGGREGATE/MAIN_TABLE_V3.csv:45 sha256=cd734338cf89518679d78179f410a79ecad3060535d3b80e43a62545cee9b21c"",""notes"":""sealed v3 row; role=MANUSCRIPT; evaluation_status=COMPLETED; geometric_audit_status=NOT_APPLICABLE_SINGLE_RECEIVER""}",[],[],[],FULL_RECORD_READ,PRESENT_READ,,,First-delivery subset. Source values preserved; path aliases only. No payload-body read.
HX02-4845e071a4b892fd263b,HX02,CSV_ROW,EXT05C,unknown,unknown,BY2H,unknown,LIT,CONTRACT_START,unknown,unknown,NONE,<CODE_ROOT>/docs/paper_rebuild/hext/HX02/EXTERNAL_FIVE_CATEGORY_TABLE.csv,CSV:data_row=351,"{""category"":""single_antenna_gnss_ins"",""method_id"":""EXT05C"",""config"":""LIT"",""sequence"":""BY2H"",""start_mode"":""CONTRACT_START"",""output_type"":""imu_point_nav"",""metric"":""up_rmse_m"",""value"":""0.05064624712585625"",""denominator_or_valid_epochs"":""matched=59934/output=59934"",""failure_flag"":""NONE"",""source"":""<CLEAN_ROOT>/stages/CLEAN8_PROTOCOL_V3/07_AGGREGATE/MAIN_TABLE_V3.csv:45 sha256=cd734338cf89518679d78179f410a79ecad3060535d3b80e43a62545cee9b21c"",""notes"":""sealed v3 row; role=MANUSCRIPT; evaluation_status=COMPLETED; geometric_audit_status=NOT_APPLICABLE_SINGLE_RECEIVER""}",[],[],[],FULL_RECORD_READ,PRESENT_READ,,,First-delivery subset. Source values preserved; path aliases only. No payload-body read.
HX02-ec2c34a027c0984f2b55,HX02,CSV_ROW,EXT05C,unknown,unknown,BY2H,unknown,LIT,CONTRACT_START,unknown,unknown,NONE,<CODE_ROOT>/docs/paper_rebuild/hext/HX02/EXTERNAL_FIVE_CATEGORY_TABLE.csv,CSV:data_row=352,"{""category"":""single_antenna_gnss_ins"",""method_id"":""EXT05C"",""config"":""LIT"",""sequence"":""BY2H"",""start_mode"":""CONTRACT_START"",""output_type"":""imu_point_nav"",""metric"":""yaw_rmse_deg"",""value"":""20.108223061254332"",""denominator_or_valid_epochs"":""matched=59934/output=59934"",""failure_flag"":""NONE"",""source"":""<CLEAN_ROOT>/stages/CLEAN8_PROTOCOL_V3/07_AGGREGATE/MAIN_TABLE_V3.csv:45 sha256=cd734338cf89518679d78179f410a79ecad3060535d3b80e43a62545cee9b21c"",""notes"":""sealed v3 row; role=MANUSCRIPT; evaluation_status=COMPLETED; geometric_audit_status=NOT_APPLICABLE_SINGLE_RECEIVER""}",[],[],[],FULL_RECORD_READ,PRESENT_READ,,,First-delivery subset. Source values preserved; path aliases only. No payload-body read.
HX02-8aea9fd64418c6a4c067,HX02,CSV_ROW,EXT05C,unknown,unknown,BY2H,unknown,LIT,CONTRACT_START,unknown,unknown,NONE,<CODE_ROOT>/docs/paper_rebuild/hext/HX02/EXTERNAL_FIVE_CATEGORY_TABLE.csv,CSV:data_row=353,"{""category"":""single_antenna_gnss_ins"",""method_id"":""EXT05C"",""config"":""LIT"",""sequence"":""BY2H"",""start_mode"":""CONTRACT_START"",""output_type"":""imu_point_nav"",""metric"":""yaw_p95_absolute_deg"",""value"":""25.624327220815122"",""denominator_or_valid_epochs"":""matched=59934/output=59934"",""failure_flag"":""NONE"",""source"":""<CLEAN_ROOT>/stages/CLEAN8_PROTOCOL_V3/07_AGGREGATE/MAIN_TABLE_V3.csv:45 sha256=cd734338cf89518679d78179f410a79ecad3060535d3b80e43a62545cee9b21c"",""notes"":""sealed v3 row; role=MANUSCRIPT; evaluation_status=COMPLETED; geometric_audit_status=NOT_APPLICABLE_SINGLE_RECEIVER""}",[],[],[],FULL_RECORD_READ,PRESENT_READ,,,First-delivery subset. Source values preserved; path aliases only. No payload-body read.
HX02-f7f060284c3eee4076f8,HX02,CSV_ROW,EXT05C,unknown,unknown,BY2H,unknown,LIT,CONTRACT_START,unknown,unknown,NONE,<CODE_ROOT>/docs/paper_rebuild/hext/HX02/EXTERNAL_FIVE_CATEGORY_TABLE.csv,CSV:data_row=354,"{""category"":""single_antenna_gnss_ins"",""method_id"":""EXT05C"",""config"":""LIT"",""sequence"":""BY2H"",""start_mode"":""CONTRACT_START"",""output_type"":""imu_point_nav"",""metric"":""roll_rmse_deg"",""value"":""1.0394222311510497"",""denominator_or_valid_epochs"":""matched=59934/output=59934"",""failure_flag"":""NONE"",""source"":""<CLEAN_ROOT>/stages/CLEAN8_PROTOCOL_V3/07_AGGREGATE/MAIN_TABLE_V3.csv:45 sha256=cd734338cf89518679d78179f410a79ecad3060535d3b80e43a62545cee9b21c"",""notes"":""sealed v3 row; role=MANUSCRIPT; evaluation_status=COMPLETED; geometric_audit_status=NOT_APPLICABLE_SINGLE_RECEIVER""}",[],[],[],FULL_RECORD_READ,PRESENT_READ,,,First-delivery subset. Source values preserved; path aliases only. No payload-body read.
HX02-71789ff11359e43de1cc,HX02,CSV_ROW,EXT05C,unknown,unknown,BY2H,unknown,LIT,CONTRACT_START,unknown,unknown,NONE,<CODE_ROOT>/docs/paper_rebuild/hext/HX02/EXTERNAL_FIVE_CATEGORY_TABLE.csv,CSV:data_row=355,"{""category"":""single_antenna_gnss_ins"",""method_id"":""EXT05C"",""config"":""LIT"",""sequence"":""BY2H"",""start_mode"":""CONTRACT_START"",""output_type"":""imu_point_nav"",""metric"":""pitch_rmse_deg"",""value"":""1.8190075775467118"",""denominator_or_valid_epochs"":""matched=59934/output=59934"",""failure_flag"":""NONE"",""source"":""<CLEAN_ROOT>/stages/CLEAN8_PROTOCOL_V3/07_AGGREGATE/MAIN_TABLE_V3.csv:45 sha256=cd734338cf89518679d78179f410a79ecad3060535d3b80e43a62545cee9b21c"",""notes"":""sealed v3 row; role=MANUSCRIPT; evaluation_status=COMPLETED; geometric_audit_status=NOT_APPLICABLE_SINGLE_RECEIVER""}",[],[],[],FULL_RECORD_READ,PRESENT_READ,,,First-delivery subset. Source values preserved; path aliases only. No payload-body read.
HX02-459b1276c3a1bc285455,HX02,CSV_ROW,EXT05C,unknown,unknown,BY2H,unknown,LIT,CONTRACT_START,unknown,unknown,NONE,<CODE_ROOT>/docs/paper_rebuild/hext/HX02/EXTERNAL_FIVE_CATEGORY_TABLE.csv,CSV:data_row=356,"{""category"":""single_antenna_gnss_ins"",""method_id"":""EXT05C"",""config"":""LIT"",""sequence"":""BY2H"",""start_mode"":""CONTRACT_START"",""output_type"":""imu_point_nav"",""metric"":""coverage_ratio"",""value"":""1.0"",""denominator_or_valid_epochs"":""matched=59934/output=59934"",""failure_flag"":""NONE"",""source"":""<CLEAN_ROOT>/stages/CLEAN8_PROTOCOL_V3/07_AGGREGATE/MAIN_TABLE_V3.csv:45 sha256=cd734338cf89518679d78179f410a79ecad3060535d3b80e43a62545cee9b21c"",""notes"":""sealed v3 row; role=MANUSCRIPT; evaluation_status=COMPLETED; geometric_audit_status=NOT_APPLICABLE_SINGLE_RECEIVER""}",[],[],[],FULL_RECORD_READ,PRESENT_READ,,,First-delivery subset. Source values preserved; path aliases only. No payload-body read.
HX02-32ddfcbf4be1402c31ba,HX02,CSV_ROW,LC01-S,unknown,unknown,BY2H,unknown,S,FILE_START,unknown,unknown,NONE,<CODE_ROOT>/docs/paper_rebuild/hext/HX02/EXTERNAL_FIVE_CATEGORY_TABLE.csv,CSV:data_row=357,"{""category"":""loosely_coupled_gnss_ins"",""method_id"":""LC01-S"",""config"":""S"",""sequence"":""BY2H"",""start_mode"":""FILE_START"",""output_type"":""imu_point_nav"",""metric"":""horizontal_rmse_m"",""value"":""0.10670864118045774"",""denominator_or_valid_epochs"":""matched=59934/output=59934"",""failure_flag"":""NONE"",""source"":""<CLEAN_ROOT>/stages/CLEAN8_PROTOCOL_V3/07_AGGREGATE/MAIN_TABLE_V3.csv:46 sha256=cd734338cf89518679d78179f410a79ecad3060535d3b80e43a62545cee9b21c"",""notes"":""sealed v3 row; role=SUPPLEMENT; evaluation_status=AVAILABLE_GEOMETRIC_AUDIT_FAIL; geometric_audit_status=FAIL""}",[],[],[],FULL_RECORD_READ,PRESENT_READ,,,First-delivery subset. Source values preserved; path aliases only. No payload-body read.
HX02-d9b55558b77550661d7d,HX02,CSV_ROW,LC01-S,unknown,unknown,BY2H,unknown,S,FILE_START,unknown,unknown,NONE,<CODE_ROOT>/docs/paper_rebuild/hext/HX02/EXTERNAL_FIVE_CATEGORY_TABLE.csv,CSV:data_row=358,"{""category"":""loosely_coupled_gnss_ins"",""method_id"":""LC01-S"",""config"":""S"",""sequence"":""BY2H"",""start_mode"":""FILE_START"",""output_type"":""imu_point_nav"",""metric"":""up_rmse_m"",""value"":""0.040725576553664294"",""denominator_or_valid_epochs"":""matched=59934/output=59934"",""failure_flag"":""NONE"",""source"":""<CLEAN_ROOT>/stages/CLEAN8_PROTOCOL_V3/07_AGGREGATE/MAIN_TABLE_V3.csv:46 sha256=cd734338cf89518679d78179f410a79ecad3060535d3b80e43a62545cee9b21c"",""notes"":""sealed v3 row; role=SUPPLEMENT; evaluation_status=AVAILABLE_GEOMETRIC_AUDIT_FAIL; geometric_audit_status=FAIL""}",[],[],[],FULL_RECORD_READ,PRESENT_READ,,,First-delivery subset. Source values preserved; path aliases only. No payload-body read.
HX02-43a2de7b7ce17545ad5b,HX02,CSV_ROW,LC01-S,unknown,unknown,BY2H,unknown,S,FILE_START,unknown,unknown,NONE,<CODE_ROOT>/docs/paper_rebuild/hext/HX02/EXTERNAL_FIVE_CATEGORY_TABLE.csv,CSV:data_row=359,"{""category"":""loosely_coupled_gnss_ins"",""method_id"":""LC01-S"",""config"":""S"",""sequence"":""BY2H"",""start_mode"":""FILE_START"",""output_type"":""imu_point_nav"",""metric"":""yaw_rmse_deg"",""value"":""1.7940541340876093"",""denominator_or_valid_epochs"":""matched=59934/output=59934"",""failure_flag"":""NONE"",""source"":""<CLEAN_ROOT>/stages/CLEAN8_PROTOCOL_V3/07_AGGREGATE/MAIN_TABLE_V3.csv:46 sha256=cd734338cf89518679d78179f410a79ecad3060535d3b80e43a62545cee9b21c"",""notes"":""sealed v3 row; role=SUPPLEMENT; evaluation_status=AVAILABLE_GEOMETRIC_AUDIT_FAIL; geometric_audit_status=FAIL""}",[],[],[],FULL_RECORD_READ,PRESENT_READ,,,First-delivery subset. Source values preserved; path aliases only. No payload-body read.
HX02-de8eb0cae4c411c955bd,HX02,CSV_ROW,LC01-S,unknown,unknown,BY2H,unknown,S,FILE_START,unknown,unknown,NONE,<CODE_ROOT>/docs/paper_rebuild/hext/HX02/EXTERNAL_FIVE_CATEGORY_TABLE.csv,CSV:data_row=360,"{""category"":""loosely_coupled_gnss_ins"",""method_id"":""LC01-S"",""config"":""S"",""sequence"":""BY2H"",""start_mode"":""FILE_START"",""output_type"":""imu_point_nav"",""metric"":""yaw_p95_absolute_deg"",""value"":""3.4608532278847117"",""denominator_or_valid_epochs"":""matched=59934/output=59934"",""failure_flag"":""NONE"",""source"":""<CLEAN_ROOT>/stages/CLEAN8_PROTOCOL_V3/07_AGGREGATE/MAIN_TABLE_V3.csv:46 sha256=cd734338cf89518679d78179f410a79ecad3060535d3b80e43a62545cee9b21c"",""notes"":""sealed v3 row; role=SUPPLEMENT; evaluation_status=AVAILABLE_GEOMETRIC_AUDIT_FAIL; geometric_audit_status=FAIL""}",[],[],[],FULL_RECORD_READ,PRESENT_READ,,,First-delivery subset. Source values preserved; path aliases only. No payload-body read.
HX02-e3466ce621573d7c7a00,HX02,CSV_ROW,LC01-S,unknown,unknown,BY2H,unknown,S,FILE_START,unknown,unknown,NONE,<CODE_ROOT>/docs/paper_rebuild/hext/HX02/EXTERNAL_FIVE_CATEGORY_TABLE.csv,CSV:data_row=361,"{""category"":""loosely_coupled_gnss_ins"",""method_id"":""LC01-S"",""config"":""S"",""sequence"":""BY2H"",""start_mode"":""FILE_START"",""output_type"":""imu_point_nav"",""metric"":""roll_rmse_deg"",""value"":""4.487734181703292"",""denominator_or_valid_epochs"":""matched=59934/output=59934"",""failure_flag"":""NONE"",""source"":""<CLEAN_ROOT>/stages/CLEAN8_PROTOCOL_V3/07_AGGREGATE/MAIN_TABLE_V3.csv:46 sha256=cd734338cf89518679d78179f410a79ecad3060535d3b80e43a62545cee9b21c"",""notes"":""sealed v3 row; role=SUPPLEMENT; evaluation_status=AVAILABLE_GEOMETRIC_AUDIT_FAIL; geometric_audit_status=FAIL""}",[],[],[],FULL_RECORD_READ,PRESENT_READ,,,First-delivery subset. Source values preserved; path aliases only. No payload-body read.
HX02-25959049c14f69459948,HX02,CSV_ROW,LC01-S,unknown,unknown,BY2H,unknown,S,FILE_START,unknown,unknown,NONE,<CODE_ROOT>/docs/paper_rebuild/hext/HX02/EXTERNAL_FIVE_CATEGORY_TABLE.csv,CSV:data_row=362,"{""category"":""loosely_coupled_gnss_ins"",""method_id"":""LC01-S"",""config"":""S"",""sequence"":""BY2H"",""start_mode"":""FILE_START"",""output_type"":""imu_point_nav"",""metric"":""pitch_rmse_deg"",""value"":""2.585795057656884"",""denominator_or_valid_epochs"":""matched=59934/output=59934"",""failure_flag"":""NONE"",""source"":""<CLEAN_ROOT>/stages/CLEAN8_PROTOCOL_V3/07_AGGREGATE/MAIN_TABLE_V3.csv:46 sha256=cd734338cf89518679d78179f410a79ecad3060535d3b80e43a62545cee9b21c"",""notes"":""sealed v3 row; role=SUPPLEMENT; evaluation_status=AVAILABLE_GEOMETRIC_AUDIT_FAIL; geometric_audit_status=FAIL""}",[],[],[],FULL_RECORD_READ,PRESENT_READ,,,First-delivery subset. Source values preserved; path aliases only. No payload-body read.
HX02-e2e0c446caf6f2d94450,HX02,CSV_ROW,LC01-S,unknown,unknown,BY2H,unknown,S,FILE_START,unknown,unknown,NONE,<CODE_ROOT>/docs/paper_rebuild/hext/HX02/EXTERNAL_FIVE_CATEGORY_TABLE.csv,CSV:data_row=363,"{""category"":""loosely_coupled_gnss_ins"",""method_id"":""LC01-S"",""config"":""S"",""sequence"":""BY2H"",""start_mode"":""FILE_START"",""output_type"":""imu_point_nav"",""metric"":""coverage_ratio"",""value"":""1.0"",""denominator_or_valid_epochs"":""matched=59934/output=59934"",""failure_flag"":""NONE"",""source"":""<CLEAN_ROOT>/stages/CLEAN8_PROTOCOL_V3/07_AGGREGATE/MAIN_TABLE_V3.csv:46 sha256=cd734338cf89518679d78179f410a79ecad3060535d3b80e43a62545cee9b21c"",""notes"":""sealed v3 row; role=SUPPLEMENT; evaluation_status=AVAILABLE_GEOMETRIC_AUDIT_FAIL; geometric_audit_status=FAIL""}",[],[],[],FULL_RECORD_READ,PRESENT_READ,,,First-delivery subset. Source values preserved; path aliases only. No payload-body read.
HX02-69cec5dfbf8056b002b0,HX02,CSV_ROW,LC01-S,unknown,unknown,BY2H,unknown,S,CONTRACT_START,unknown,unknown,NONE,<CODE_ROOT>/docs/paper_rebuild/hext/HX02/EXTERNAL_FIVE_CATEGORY_TABLE.csv,CSV:data_row=364,"{""category"":""loosely_coupled_gnss_ins"",""method_id"":""LC01-S"",""config"":""S"",""sequence"":""BY2H"",""start_mode"":""CONTRACT_START"",""output_type"":""imu_point_nav"",""metric"":""horizontal_rmse_m"",""value"":""0.08373314985151889"",""denominator_or_valid_epochs"":""matched=59934/output=59934"",""failure_flag"":""NONE"",""source"":""<CLEAN_ROOT>/stages/CLEAN8_PROTOCOL_V3/07_AGGREGATE/MAIN_TABLE_V3.csv:47 sha256=cd734338cf89518679d78179f410a79ecad3060535d3b80e43a62545cee9b21c"",""notes"":""sealed v3 row; role=MANUSCRIPT; evaluation_status=AVAILABLE_GEOMETRIC_AUDIT_FAIL; geometric_audit_status=FAIL""}",[],[],[],FULL_RECORD_READ,PRESENT_READ,,,First-delivery subset. Source values preserved; path aliases only. No payload-body read.
HX02-323e73642dbe105aea67,HX02,CSV_ROW,LC01-S,unknown,unknown,BY2H,unknown,S,CONTRACT_START,unknown,unknown,NONE,<CODE_ROOT>/docs/paper_rebuild/hext/HX02/EXTERNAL_FIVE_CATEGORY_TABLE.csv,CSV:data_row=365,"{""category"":""loosely_coupled_gnss_ins"",""method_id"":""LC01-S"",""config"":""S"",""sequence"":""BY2H"",""start_mode"":""CONTRACT_START"",""output_type"":""imu_point_nav"",""metric"":""up_rmse_m"",""value"":""0.0403641769018664"",""denominator_or_valid_epochs"":""matched=59934/output=59934"",""failure_flag"":""NONE"",""source"":""<CLEAN_ROOT>/stages/CLEAN8_PROTOCOL_V3/07_AGGREGATE/MAIN_TABLE_V3.csv:47 sha256=cd734338cf89518679d78179f410a79ecad3060535d3b80e43a62545cee9b21c"",""notes"":""sealed v3 row; role=MANUSCRIPT; evaluation_status=AVAILABLE_GEOMETRIC_AUDIT_FAIL; geometric_audit_status=FAIL""}",[],[],[],FULL_RECORD_READ,PRESENT_READ,,,First-delivery subset. Source values preserved; path aliases only. No payload-body read.
HX02-d851814f7a8b4fd23e51,HX02,CSV_ROW,LC01-S,unknown,unknown,BY2H,unknown,S,CONTRACT_START,unknown,unknown,NONE,<CODE_ROOT>/docs/paper_rebuild/hext/HX02/EXTERNAL_FIVE_CATEGORY_TABLE.csv,CSV:data_row=366,"{""category"":""loosely_coupled_gnss_ins"",""method_id"":""LC01-S"",""config"":""S"",""sequence"":""BY2H"",""start_mode"":""CONTRACT_START"",""output_type"":""imu_point_nav"",""metric"":""yaw_rmse_deg"",""value"":""1.9430028350481119"",""denominator_or_valid_epochs"":""matched=59934/output=59934"",""failure_flag"":""NONE"",""source"":""<CLEAN_ROOT>/stages/CLEAN8_PROTOCOL_V3/07_AGGREGATE/MAIN_TABLE_V3.csv:47 sha256=cd734338cf89518679d78179f410a79ecad3060535d3b80e43a62545cee9b21c"",""notes"":""sealed v3 row; role=MANUSCRIPT; evaluation_status=AVAILABLE_GEOMETRIC_AUDIT_FAIL; geometric_audit_status=FAIL""}",[],[],[],FULL_RECORD_READ,PRESENT_READ,,,First-delivery subset. Source values preserved; path aliases only. No payload-body read.
HX02-5ee36a7e1a2c83a70971,HX02,CSV_ROW,LC01-S,unknown,unknown,BY2H,unknown,S,CONTRACT_START,unknown,unknown,NONE,<CODE_ROOT>/docs/paper_rebuild/hext/HX02/EXTERNAL_FIVE_CATEGORY_TABLE.csv,CSV:data_row=367,"{""category"":""loosely_coupled_gnss_ins"",""method_id"":""LC01-S"",""config"":""S"",""sequence"":""BY2H"",""start_mode"":""CONTRACT_START"",""output_type"":""imu_point_nav"",""metric"":""yaw_p95_absolute_deg"",""value"":""3.757132426132213"",""denominator_or_valid_epochs"":""matched=59934/output=59934"",""failure_flag"":""NONE"",""source"":""<CLEAN_ROOT>/stages/CLEAN8_PROTOCOL_V3/07_AGGREGATE/MAIN_TABLE_V3.csv:47 sha256=cd734338cf89518679d78179f410a79ecad3060535d3b80e43a62545cee9b21c"",""notes"":""sealed v3 row; role=MANUSCRIPT; evaluation_status=AVAILABLE_GEOMETRIC_AUDIT_FAIL; geometric_audit_status=FAIL""}",[],[],[],FULL_RECORD_READ,PRESENT_READ,,,First-delivery subset. Source values preserved; path aliases only. No payload-body read.
HX02-e3bcb10e069bfacc9232,HX02,CSV_ROW,LC01-S,unknown,unknown,BY2H,unknown,S,CONTRACT_START,unknown,unknown,NONE,<CODE_ROOT>/docs/paper_rebuild/hext/HX02/EXTERNAL_FIVE_CATEGORY_TABLE.csv,CSV:data_row=368,"{""category"":""loosely_coupled_gnss_ins"",""method_id"":""LC01-S"",""config"":""S"",""sequence"":""BY2H"",""start_mode"":""CONTRACT_START"",""output_type"":""imu_point_nav"",""metric"":""roll_rmse_deg"",""value"":""4.364596129834245"",""denominator_or_valid_epochs"":""matched=59934/output=59934"",""failure_flag"":""NONE"",""source"":""<CLEAN_ROOT>/stages/CLEAN8_PROTOCOL_V3/07_AGGREGATE/MAIN_TABLE_V3.csv:47 sha256=cd734338cf89518679d78179f410a79ecad3060535d3b80e43a62545cee9b21c"",""notes"":""sealed v3 row; role=MANUSCRIPT; evaluation_status=AVAILABLE_GEOMETRIC_AUDIT_FAIL; geometric_audit_status=FAIL""}",[],[],[],FULL_RECORD_READ,PRESENT_READ,,,First-delivery subset. Source values preserved; path aliases only. No payload-body read.
HX02-253dc8e33b6bdede077a,HX02,CSV_ROW,LC01-S,unknown,unknown,BY2H,unknown,S,CONTRACT_START,unknown,unknown,NONE,<CODE_ROOT>/docs/paper_rebuild/hext/HX02/EXTERNAL_FIVE_CATEGORY_TABLE.csv,CSV:data_row=369,"{""category"":""loosely_coupled_gnss_ins"",""method_id"":""LC01-S"",""config"":""S"",""sequence"":""BY2H"",""start_mode"":""CONTRACT_START"",""output_type"":""imu_point_nav"",""metric"":""pitch_rmse_deg"",""value"":""2.725063976847397"",""denominator_or_valid_epochs"":""matched=59934/output=59934"",""failure_flag"":""NONE"",""source"":""<CLEAN_ROOT>/stages/CLEAN8_PROTOCOL_V3/07_AGGREGATE/MAIN_TABLE_V3.csv:47 sha256=cd734338cf89518679d78179f410a79ecad3060535d3b80e43a62545cee9b21c"",""notes"":""sealed v3 row; role=MANUSCRIPT; evaluation_status=AVAILABLE_GEOMETRIC_AUDIT_FAIL; geometric_audit_status=FAIL""}",[],[],[],FULL_RECORD_READ,PRESENT_READ,,,First-delivery subset. Source values preserved; path aliases only. No payload-body read.
HX02-4076312678a0d2ec828a,HX02,CSV_ROW,LC01-S,unknown,unknown,BY2H,unknown,S,CONTRACT_START,unknown,unknown,NONE,<CODE_ROOT>/docs/paper_rebuild/hext/HX02/EXTERNAL_FIVE_CATEGORY_TABLE.csv,CSV:data_row=370,"{""category"":""loosely_coupled_gnss_ins"",""method_id"":""LC01-S"",""config"":""S"",""sequence"":""BY2H"",""start_mode"":""CONTRACT_START"",""output_type"":""imu_point_nav"",""metric"":""coverage_ratio"",""value"":""1.0"",""denominator_or_valid_epochs"":""matched=59934/output=59934"",""failure_flag"":""NONE"",""source"":""<CLEAN_ROOT>/stages/CLEAN8_PROTOCOL_V3/07_AGGREGATE/MAIN_TABLE_V3.csv:47 sha256=cd734338cf89518679d78179f410a79ecad3060535d3b80e43a62545cee9b21c"",""notes"":""sealed v3 row; role=MANUSCRIPT; evaluation_status=AVAILABLE_GEOMETRIC_AUDIT_FAIL; geometric_audit_status=FAIL""}",[],[],[],FULL_RECORD_READ,PRESENT_READ,,,First-delivery subset. Source values preserved; path aliases only. No payload-body read.
HX02-2f03b1e64420b18af45b,HX02,CSV_ROW,EXT05C-S,unknown,unknown,BY2H,unknown,S,FILE_START,unknown,unknown,ALGORITHM_FAILURE_DIVERGED,<CODE_ROOT>/docs/paper_rebuild/hext/HX02/EXTERNAL_FIVE_CATEGORY_TABLE.csv,CSV:data_row=371,"{""category"":""single_antenna_gnss_ins"",""method_id"":""EXT05C-S"",""config"":""S"",""sequence"":""BY2H"",""start_mode"":""FILE_START"",""output_type"":""imu_point_nav"",""metric"":""run_status"",""value"":""ALGORITHM_FAILURE_DIVERGED"",""denominator_or_valid_epochs"":""UNAVAILABLE"",""failure_flag"":""ALGORITHM_FAILURE_DIVERGED"",""source"":""<CLEAN_ROOT>/stages/CLEAN8_PROTOCOL_V3/07_AGGREGATE/MAIN_TABLE_V3.csv:48 sha256=cd734338cf89518679d78179f410a79ecad3060535d3b80e43a62545cee9b21c"",""notes"":""sealed v3 row; role=SUPPLEMENT; evaluation_status=NOT_RUN_ALGORITHM_FAILURE; geometric_audit_status=NOT_APPLICABLE_SINGLE_RECEIVER""}",[],[],[],FULL_RECORD_READ,PRESENT_READ,,,First-delivery subset. Source values preserved; path aliases only. No payload-body read.
HX02-37b0ac1311f729755ebc,HX02,CSV_ROW,EXT05C-S,unknown,unknown,BY2H,unknown,S,CONTRACT_START,unknown,unknown,NONE,<CODE_ROOT>/docs/paper_rebuild/hext/HX02/EXTERNAL_FIVE_CATEGORY_TABLE.csv,CSV:data_row=372,"{""category"":""single_antenna_gnss_ins"",""method_id"":""EXT05C-S"",""config"":""S"",""sequence"":""BY2H"",""start_mode"":""CONTRACT_START"",""output_type"":""imu_point_nav"",""metric"":""horizontal_rmse_m"",""value"":""0.08541883542514975"",""denominator_or_valid_epochs"":""matched=59934/output=59934"",""failure_flag"":""NONE"",""source"":""<CLEAN_ROOT>/stages/CLEAN8_PROTOCOL_V3/07_AGGREGATE/MAIN_TABLE_V3.csv:49 sha256=cd734338cf89518679d78179f410a79ecad3060535d3b80e43a62545cee9b21c"",""notes"":""sealed v3 row; role=MANUSCRIPT; evaluation_status=COMPLETED; geometric_audit_status=NOT_APPLICABLE_SINGLE_RECEIVER""}",[],[],[],FULL_RECORD_READ,PRESENT_READ,,,First-delivery subset. Source values preserved; path aliases only. No payload-body read.
HX02-fc127d5c648078d5db94,HX02,CSV_ROW,EXT05C-S,unknown,unknown,BY2H,unknown,S,CONTRACT_START,unknown,unknown,NONE,<CODE_ROOT>/docs/paper_rebuild/hext/HX02/EXTERNAL_FIVE_CATEGORY_TABLE.csv,CSV:data_row=373,"{""category"":""single_antenna_gnss_ins"",""method_id"":""EXT05C-S"",""config"":""S"",""sequence"":""BY2H"",""start_mode"":""CONTRACT_START"",""output_type"":""imu_point_nav"",""metric"":""up_rmse_m"",""value"":""0.043320959381852174"",""denominator_or_valid_epochs"":""matched=59934/output=59934"",""failure_flag"":""NONE"",""source"":""<CLEAN_ROOT>/stages/CLEAN8_PROTOCOL_V3/07_AGGREGATE/MAIN_TABLE_V3.csv:49 sha256=cd734338cf89518679d78179f410a79ecad3060535d3b80e43a62545cee9b21c"",""notes"":""sealed v3 row; role=MANUSCRIPT; evaluation_status=COMPLETED; geometric_audit_status=NOT_APPLICABLE_SINGLE_RECEIVER""}",[],[],[],FULL_RECORD_READ,PRESENT_READ,,,First-delivery subset. Source values preserved; path aliases only. No payload-body read.
HX02-79dfe1b2dcf41a5ef1af,HX02,CSV_ROW,EXT05C-S,unknown,unknown,BY2H,unknown,S,CONTRACT_START,unknown,unknown,NONE,<CODE_ROOT>/docs/paper_rebuild/hext/HX02/EXTERNAL_FIVE_CATEGORY_TABLE.csv,CSV:data_row=374,"{""category"":""single_antenna_gnss_ins"",""method_id"":""EXT05C-S"",""config"":""S"",""sequence"":""BY2H"",""start_mode"":""CONTRACT_START"",""output_type"":""imu_point_nav"",""metric"":""yaw_rmse_deg"",""value"":""8.114756205259614"",""denominator_or_valid_epochs"":""matched=59934/output=59934"",""failure_flag"":""NONE"",""source"":""<CLEAN_ROOT>/stages/CLEAN8_PROTOCOL_V3/07_AGGREGATE/MAIN_TABLE_V3.csv:49 sha256=cd734338cf89518679d78179f410a79ecad3060535d3b80e43a62545cee9b21c"",""notes"":""sealed v3 row; role=MANUSCRIPT; evaluation_status=COMPLETED; geometric_audit_status=NOT_APPLICABLE_SINGLE_RECEIVER""}",[],[],[],FULL_RECORD_READ,PRESENT_READ,,,First-delivery subset. Source values preserved; path aliases only. No payload-body read.
HX02-11f823f48b7dc4e03665,HX02,CSV_ROW,EXT05C-S,unknown,unknown,BY2H,unknown,S,CONTRACT_START,unknown,unknown,NONE,<CODE_ROOT>/docs/paper_rebuild/hext/HX02/EXTERNAL_FIVE_CATEGORY_TABLE.csv,CSV:data_row=375,"{""category"":""single_antenna_gnss_ins"",""method_id"":""EXT05C-S"",""config"":""S"",""sequence"":""BY2H"",""start_mode"":""CONTRACT_START"",""output_type"":""imu_point_nav"",""metric"":""yaw_p95_absolute_deg"",""value"":""12.849431208851543"",""denominator_or_valid_epochs"":""matched=59934/output=59934"",""failure_flag"":""NONE"",""source"":""<CLEAN_ROOT>/stages/CLEAN8_PROTOCOL_V3/07_AGGREGATE/MAIN_TABLE_V3.csv:49 sha256=cd734338cf89518679d78179f410a79ecad3060535d3b80e43a62545cee9b21c"",""notes"":""sealed v3 row; role=MANUSCRIPT; evaluation_status=COMPLETED; geometric_audit_status=NOT_APPLICABLE_SINGLE_RECEIVER""}",[],[],[],FULL_RECORD_READ,PRESENT_READ,,,First-delivery subset. Source values preserved; path aliases only. No payload-body read.
HX02-d728390ed7d911b063af,HX02,CSV_ROW,EXT05C-S,unknown,unknown,BY2H,unknown,S,CONTRACT_START,unknown,unknown,NONE,<CODE_ROOT>/docs/paper_rebuild/hext/HX02/EXTERNAL_FIVE_CATEGORY_TABLE.csv,CSV:data_row=376,"{""category"":""single_antenna_gnss_ins"",""method_id"":""EXT05C-S"",""config"":""S"",""sequence"":""BY2H"",""start_mode"":""CONTRACT_START"",""output_type"":""imu_point_nav"",""metric"":""roll_rmse_deg"",""value"":""4.580015067429183"",""denominator_or_valid_epochs"":""matched=59934/output=59934"",""failure_flag"":""NONE"",""source"":""<CLEAN_ROOT>/stages/CLEAN8_PROTOCOL_V3/07_AGGREGATE/MAIN_TABLE_V3.csv:49 sha256=cd734338cf89518679d78179f410a79ecad3060535d3b80e43a62545cee9b21c"",""notes"":""sealed v3 row; role=MANUSCRIPT; evaluation_status=COMPLETED; geometric_audit_status=NOT_APPLICABLE_SINGLE_RECEIVER""}",[],[],[],FULL_RECORD_READ,PRESENT_READ,,,First-delivery subset. Source values preserved; path aliases only. No payload-body read.
HX02-804e12e0135163b795d2,HX02,CSV_ROW,EXT05C-S,unknown,unknown,BY2H,unknown,S,CONTRACT_START,unknown,unknown,NONE,<CODE_ROOT>/docs/paper_rebuild/hext/HX02/EXTERNAL_FIVE_CATEGORY_TABLE.csv,CSV:data_row=377,"{""category"":""single_antenna_gnss_ins"",""method_id"":""EXT05C-S"",""config"":""S"",""sequence"":""BY2H"",""start_mode"":""CONTRACT_START"",""output_type"":""imu_point_nav"",""metric"":""pitch_rmse_deg"",""value"":""2.838587259836902"",""denominator_or_valid_epochs"":""matched=59934/output=59934"",""failure_flag"":""NONE"",""source"":""<CLEAN_ROOT>/stages/CLEAN8_PROTOCOL_V3/07_AGGREGATE/MAIN_TABLE_V3.csv:49 sha256=cd734338cf89518679d78179f410a79ecad3060535d3b80e43a62545cee9b21c"",""notes"":""sealed v3 row; role=MANUSCRIPT; evaluation_status=COMPLETED; geometric_audit_status=NOT_APPLICABLE_SINGLE_RECEIVER""}",[],[],[],FULL_RECORD_READ,PRESENT_READ,,,First-delivery subset. Source values preserved; path aliases only. No payload-body read.
HX02-485d54d0d6405b73f06d,HX02,CSV_ROW,EXT05C-S,unknown,unknown,BY2H,unknown,S,CONTRACT_START,unknown,unknown,NONE,<CODE_ROOT>/docs/paper_rebuild/hext/HX02/EXTERNAL_FIVE_CATEGORY_TABLE.csv,CSV:data_row=378,"{""category"":""single_antenna_gnss_ins"",""method_id"":""EXT05C-S"",""config"":""S"",""sequence"":""BY2H"",""start_mode"":""CONTRACT_START"",""output_type"":""imu_point_nav"",""metric"":""coverage_ratio"",""value"":""1.0"",""denominator_or_valid_epochs"":""matched=59934/output=59934"",""failure_flag"":""NONE"",""source"":""<CLEAN_ROOT>/stages/CLEAN8_PROTOCOL_V3/07_AGGREGATE/MAIN_TABLE_V3.csv:49 sha256=cd734338cf89518679d78179f410a79ecad3060535d3b80e43a62545cee9b21c"",""notes"":""sealed v3 row; role=MANUSCRIPT; evaluation_status=COMPLETED; geometric_audit_status=NOT_APPLICABLE_SINGLE_RECEIVER""}",[],[],[],FULL_RECORD_READ,PRESENT_READ,,,First-delivery subset. Source values preserved; path aliases only. No payload-body read.
HX02-f2bdc8ad66ea14fb855e,HX02,CSV_ROW,LC01,unknown,unknown,BY2O,unknown,LIT,FILE_START,unknown,unknown,NONE,<CODE_ROOT>/docs/paper_rebuild/hext/HX02/EXTERNAL_FIVE_CATEGORY_TABLE.csv,CSV:data_row=379,"{""category"":""loosely_coupled_gnss_ins"",""method_id"":""LC01"",""config"":""LIT"",""sequence"":""BY2O"",""start_mode"":""FILE_START"",""output_type"":""imu_point_nav"",""metric"":""horizontal_rmse_m"",""value"":""0.05430420090026619"",""denominator_or_valid_epochs"":""matched=78441/output=78441"",""failure_flag"":""NONE"",""source"":""<CLEAN_ROOT>/stages/CLEAN8_PROTOCOL_V3/07_AGGREGATE/MAIN_TABLE_V3.csv:50 sha256=cd734338cf89518679d78179f410a79ecad3060535d3b80e43a62545cee9b21c"",""notes"":""sealed v3 row; role=MANUSCRIPT; evaluation_status=COMPLETED; geometric_audit_status=PASS""}",[],[],[],FULL_RECORD_READ,PRESENT_READ,,,First-delivery subset. Source values preserved; path aliases only. No payload-body read.
HX02-67c9cc402d6537fda20e,HX02,CSV_ROW,LC01,unknown,unknown,BY2O,unknown,LIT,FILE_START,unknown,unknown,NONE,<CODE_ROOT>/docs/paper_rebuild/hext/HX02/EXTERNAL_FIVE_CATEGORY_TABLE.csv,CSV:data_row=380,"{""category"":""loosely_coupled_gnss_ins"",""method_id"":""LC01"",""config"":""LIT"",""sequence"":""BY2O"",""start_mode"":""FILE_START"",""output_type"":""imu_point_nav"",""metric"":""up_rmse_m"",""value"":""0.04475161716620303"",""denominator_or_valid_epochs"":""matched=78441/output=78441"",""failure_flag"":""NONE"",""source"":""<CLEAN_ROOT>/stages/CLEAN8_PROTOCOL_V3/07_AGGREGATE/MAIN_TABLE_V3.csv:50 sha256=cd734338cf89518679d78179f410a79ecad3060535d3b80e43a62545cee9b21c"",""notes"":""sealed v3 row; role=MANUSCRIPT; evaluation_status=COMPLETED; geometric_audit_status=PASS""}",[],[],[],FULL_RECORD_READ,PRESENT_READ,,,First-delivery subset. Source values preserved; path aliases only. No payload-body read.
HX02-d5773475514810541f85,HX02,CSV_ROW,LC01,unknown,unknown,BY2O,unknown,LIT,FILE_START,unknown,unknown,NONE,<CODE_ROOT>/docs/paper_rebuild/hext/HX02/EXTERNAL_FIVE_CATEGORY_TABLE.csv,CSV:data_row=381,"{""category"":""loosely_coupled_gnss_ins"",""method_id"":""LC01"",""config"":""LIT"",""sequence"":""BY2O"",""start_mode"":""FILE_START"",""output_type"":""imu_point_nav"",""metric"":""yaw_rmse_deg"",""value"":""2.4536970334279924"",""denominator_or_valid_epochs"":""matched=78441/output=78441"",""failure_flag"":""NONE"",""source"":""<CLEAN_ROOT>/stages/CLEAN8_PROTOCOL_V3/07_AGGREGATE/MAIN_TABLE_V3.csv:50 sha256=cd734338cf89518679d78179f410a79ecad3060535d3b80e43a62545cee9b21c"",""notes"":""sealed v3 row; role=MANUSCRIPT; evaluation_status=COMPLETED; geometric_audit_status=PASS""}",[],[],[],FULL_RECORD_READ,PRESENT_READ,,,First-delivery subset. Source values preserved; path aliases only. No payload-body read.
HX02-68fec3ecd1ecda1b4dff,HX02,CSV_ROW,LC01,unknown,unknown,BY2O,unknown,LIT,FILE_START,unknown,unknown,NONE,<CODE_ROOT>/docs/paper_rebuild/hext/HX02/EXTERNAL_FIVE_CATEGORY_TABLE.csv,CSV:data_row=382,"{""category"":""loosely_coupled_gnss_ins"",""method_id"":""LC01"",""config"":""LIT"",""sequence"":""BY2O"",""start_mode"":""FILE_START"",""output_type"":""imu_point_nav"",""metric"":""yaw_p95_absolute_deg"",""value"":""5.084107946490803"",""denominator_or_valid_epochs"":""matched=78441/output=78441"",""failure_flag"":""NONE"",""source"":""<CLEAN_ROOT>/stages/CLEAN8_PROTOCOL_V3/07_AGGREGATE/MAIN_TABLE_V3.csv:50 sha256=cd734338cf89518679d78179f410a79ecad3060535d3b80e43a62545cee9b21c"",""notes"":""sealed v3 row; role=MANUSCRIPT; evaluation_status=COMPLETED; geometric_audit_status=PASS""}",[],[],[],FULL_RECORD_READ,PRESENT_READ,,,First-delivery subset. Source values preserved; path aliases only. No payload-body read.
HX02-5d54f43347f6b2c8e3ef,HX02,CSV_ROW,LC01,unknown,unknown,BY2O,unknown,LIT,FILE_START,unknown,unknown,NONE,<CODE_ROOT>/docs/paper_rebuild/hext/HX02/EXTERNAL_FIVE_CATEGORY_TABLE.csv,CSV:data_row=383,"{""category"":""loosely_coupled_gnss_ins"",""method_id"":""LC01"",""config"":""LIT"",""sequence"":""BY2O"",""start_mode"":""FILE_START"",""output_type"":""imu_point_nav"",""metric"":""roll_rmse_deg"",""value"":""1.3651213087955518"",""denominator_or_valid_epochs"":""matched=78441/output=78441"",""failure_flag"":""NONE"",""source"":""<CLEAN_ROOT>/stages/CLEAN8_PROTOCOL_V3/07_AGGREGATE/MAIN_TABLE_V3.csv:50 sha256=cd734338cf89518679d78179f410a79ecad3060535d3b80e43a62545cee9b21c"",""notes"":""sealed v3 row; role=MANUSCRIPT; evaluation_status=COMPLETED; geometric_audit_status=PASS""}",[],[],[],FULL_RECORD_READ,PRESENT_READ,,,First-delivery subset. Source values preserved; path aliases only. No payload-body read.
HX02-1bf1f8a80f42f052c896,HX02,CSV_ROW,LC01,unknown,unknown,BY2O,unknown,LIT,FILE_START,unknown,unknown,NONE,<CODE_ROOT>/docs/paper_rebuild/hext/HX02/EXTERNAL_FIVE_CATEGORY_TABLE.csv,CSV:data_row=384,"{""category"":""loosely_coupled_gnss_ins"",""method_id"":""LC01"",""config"":""LIT"",""sequence"":""BY2O"",""start_mode"":""FILE_START"",""output_type"":""imu_point_nav"",""metric"":""pitch_rmse_deg"",""value"":""1.4638875207183732"",""denominator_or_valid_epochs"":""matched=78441/output=78441"",""failure_flag"":""NONE"",""source"":""<CLEAN_ROOT>/stages/CLEAN8_PROTOCOL_V3/07_AGGREGATE/MAIN_TABLE_V3.csv:50 sha256=cd734338cf89518679d78179f410a79ecad3060535d3b80e43a62545cee9b21c"",""notes"":""sealed v3 row; role=MANUSCRIPT; evaluation_status=COMPLETED; geometric_audit_status=PASS""}",[],[],[],FULL_RECORD_READ,PRESENT_READ,,,First-delivery subset. Source values preserved; path aliases only. No payload-body read.
HX02-4d517985bf6caa744c83,HX02,CSV_ROW,LC01,unknown,unknown,BY2O,unknown,LIT,FILE_START,unknown,unknown,NONE,<CODE_ROOT>/docs/paper_rebuild/hext/HX02/EXTERNAL_FIVE_CATEGORY_TABLE.csv,CSV:data_row=385,"{""category"":""loosely_coupled_gnss_ins"",""method_id"":""LC01"",""config"":""LIT"",""sequence"":""BY2O"",""start_mode"":""FILE_START"",""output_type"":""imu_point_nav"",""metric"":""coverage_ratio"",""value"":""1.0"",""denominator_or_valid_epochs"":""matched=78441/output=78441"",""failure_flag"":""NONE"",""source"":""<CLEAN_ROOT>/stages/CLEAN8_PROTOCOL_V3/07_AGGREGATE/MAIN_TABLE_V3.csv:50 sha256=cd734338cf89518679d78179f410a79ecad3060535d3b80e43a62545cee9b21c"",""notes"":""sealed v3 row; role=MANUSCRIPT; evaluation_status=COMPLETED; geometric_audit_status=PASS""}",[],[],[],FULL_RECORD_READ,PRESENT_READ,,,First-delivery subset. Source values preserved; path aliases only. No payload-body read.
HX02-1e52057d3cfbb6cc2092,HX02,CSV_ROW,EXT05C,unknown,unknown,BY2O,unknown,LIT,FILE_START,unknown,unknown,NONE,<CODE_ROOT>/docs/paper_rebuild/hext/HX02/EXTERNAL_FIVE_CATEGORY_TABLE.csv,CSV:data_row=386,"{""category"":""single_antenna_gnss_ins"",""method_id"":""EXT05C"",""config"":""LIT"",""sequence"":""BY2O"",""start_mode"":""FILE_START"",""output_type"":""imu_point_nav"",""metric"":""horizontal_rmse_m"",""value"":""0.05195371361637804"",""denominator_or_valid_epochs"":""matched=78441/output=78441"",""failure_flag"":""NONE"",""source"":""<CLEAN_ROOT>/stages/CLEAN8_PROTOCOL_V3/07_AGGREGATE/MAIN_TABLE_V3.csv:51 sha256=cd734338cf89518679d78179f410a79ecad3060535d3b80e43a62545cee9b21c"",""notes"":""sealed v3 row; role=MANUSCRIPT; evaluation_status=COMPLETED; geometric_audit_status=NOT_APPLICABLE_SINGLE_RECEIVER""}",[],[],[],FULL_RECORD_READ,PRESENT_READ,,,First-delivery subset. Source values preserved; path aliases only. No payload-body read.
HX02-8a90db6db40887e0a5ea,HX02,CSV_ROW,EXT05C,unknown,unknown,BY2O,unknown,LIT,FILE_START,unknown,unknown,NONE,<CODE_ROOT>/docs/paper_rebuild/hext/HX02/EXTERNAL_FIVE_CATEGORY_TABLE.csv,CSV:data_row=387,"{""category"":""single_antenna_gnss_ins"",""method_id"":""EXT05C"",""config"":""LIT"",""sequence"":""BY2O"",""start_mode"":""FILE_START"",""output_type"":""imu_point_nav"",""metric"":""up_rmse_m"",""value"":""0.0489029709338383"",""denominator_or_valid_epochs"":""matched=78441/output=78441"",""failure_flag"":""NONE"",""source"":""<CLEAN_ROOT>/stages/CLEAN8_PROTOCOL_V3/07_AGGREGATE/MAIN_TABLE_V3.csv:51 sha256=cd734338cf89518679d78179f410a79ecad3060535d3b80e43a62545cee9b21c"",""notes"":""sealed v3 row; role=MANUSCRIPT; evaluation_status=COMPLETED; geometric_audit_status=NOT_APPLICABLE_SINGLE_RECEIVER""}",[],[],[],FULL_RECORD_READ,PRESENT_READ,,,First-delivery subset. Source values preserved; path aliases only. No payload-body read.
HX02-8c407a5a21986d340946,HX02,CSV_ROW,EXT05C,unknown,unknown,BY2O,unknown,LIT,FILE_START,unknown,unknown,NONE,<CODE_ROOT>/docs/paper_rebuild/hext/HX02/EXTERNAL_FIVE_CATEGORY_TABLE.csv,CSV:data_row=388,"{""category"":""single_antenna_gnss_ins"",""method_id"":""EXT05C"",""config"":""LIT"",""sequence"":""BY2O"",""start_mode"":""FILE_START"",""output_type"":""imu_point_nav"",""metric"":""yaw_rmse_deg"",""value"":""5.845502312798482"",""denominator_or_valid_epochs"":""matched=78441/output=78441"",""failure_flag"":""NONE"",""source"":""<CLEAN_ROOT>/stages/CLEAN8_PROTOCOL_V3/07_AGGREGATE/MAIN_TABLE_V3.csv:51 sha256=cd734338cf89518679d78179f410a79ecad3060535d3b80e43a62545cee9b21c"",""notes"":""sealed v3 row; role=MANUSCRIPT; evaluation_status=COMPLETED; geometric_audit_status=NOT_APPLICABLE_SINGLE_RECEIVER""}",[],[],[],FULL_RECORD_READ,PRESENT_READ,,,First-delivery subset. Source values preserved; path aliases only. No payload-body read.
HX02-91578821cbc87867b206,HX02,CSV_ROW,EXT05C,unknown,unknown,BY2O,unknown,LIT,FILE_START,unknown,unknown,NONE,<CODE_ROOT>/docs/paper_rebuild/hext/HX02/EXTERNAL_FIVE_CATEGORY_TABLE.csv,CSV:data_row=389,"{""category"":""single_antenna_gnss_ins"",""method_id"":""EXT05C"",""config"":""LIT"",""sequence"":""BY2O"",""start_mode"":""FILE_START"",""output_type"":""imu_point_nav"",""metric"":""yaw_p95_absolute_deg"",""value"":""10.99639970620575"",""denominator_or_valid_epochs"":""matched=78441/output=78441"",""failure_flag"":""NONE"",""source"":""<CLEAN_ROOT>/stages/CLEAN8_PROTOCOL_V3/07_AGGREGATE/MAIN_TABLE_V3.csv:51 sha256=cd734338cf89518679d78179f410a79ecad3060535d3b80e43a62545cee9b21c"",""notes"":""sealed v3 row; role=MANUSCRIPT; evaluation_status=COMPLETED; geometric_audit_status=NOT_APPLICABLE_SINGLE_RECEIVER""}",[],[],[],FULL_RECORD_READ,PRESENT_READ,,,First-delivery subset. Source values preserved; path aliases only. No payload-body read.
HX02-f1c98c61dd42000e040e,HX02,CSV_ROW,EXT05C,unknown,unknown,BY2O,unknown,LIT,FILE_START,unknown,unknown,NONE,<CODE_ROOT>/docs/paper_rebuild/hext/HX02/EXTERNAL_FIVE_CATEGORY_TABLE.csv,CSV:data_row=390,"{""category"":""single_antenna_gnss_ins"",""method_id"":""EXT05C"",""config"":""LIT"",""sequence"":""BY2O"",""start_mode"":""FILE_START"",""output_type"":""imu_point_nav"",""metric"":""roll_rmse_deg"",""value"":""0.8088236694848384"",""denominator_or_valid_epochs"":""matched=78441/output=78441"",""failure_flag"":""NONE"",""source"":""<CLEAN_ROOT>/stages/CLEAN8_PROTOCOL_V3/07_AGGREGATE/MAIN_TABLE_V3.csv:51 sha256=cd734338cf89518679d78179f410a79ecad3060535d3b80e43a62545cee9b21c"",""notes"":""sealed v3 row; role=MANUSCRIPT; evaluation_status=COMPLETED; geometric_audit_status=NOT_APPLICABLE_SINGLE_RECEIVER""}",[],[],[],FULL_RECORD_READ,PRESENT_READ,,,First-delivery subset. Source values preserved; path aliases only. No payload-body read.
HX02-b2fa64440917c3eab555,HX02,CSV_ROW,EXT05C,unknown,unknown,BY2O,unknown,LIT,FILE_START,unknown,unknown,NONE,<CODE_ROOT>/docs/paper_rebuild/hext/HX02/EXTERNAL_FIVE_CATEGORY_TABLE.csv,CSV:data_row=391,"{""category"":""single_antenna_gnss_ins"",""method_id"":""EXT05C"",""config"":""LIT"",""sequence"":""BY2O"",""start_mode"":""FILE_START"",""output_type"":""imu_point_nav"",""metric"":""pitch_rmse_deg"",""value"":""1.4538836646873523"",""denominator_or_valid_epochs"":""matched=78441/output=78441"",""failure_flag"":""NONE"",""source"":""<CLEAN_ROOT>/stages/CLEAN8_PROTOCOL_V3/07_AGGREGATE/MAIN_TABLE_V3.csv:51 sha256=cd734338cf89518679d78179f410a79ecad3060535d3b80e43a62545cee9b21c"",""notes"":""sealed v3 row; role=MANUSCRIPT; evaluation_status=COMPLETED; geometric_audit_status=NOT_APPLICABLE_SINGLE_RECEIVER""}",[],[],[],FULL_RECORD_READ,PRESENT_READ,,,First-delivery subset. Source values preserved; path aliases only. No payload-body read.
HX02-757dc758518910bd0af9,HX02,CSV_ROW,EXT05C,unknown,unknown,BY2O,unknown,LIT,FILE_START,unknown,unknown,NONE,<CODE_ROOT>/docs/paper_rebuild/hext/HX02/EXTERNAL_FIVE_CATEGORY_TABLE.csv,CSV:data_row=392,"{""category"":""single_antenna_gnss_ins"",""method_id"":""EXT05C"",""config"":""LIT"",""sequence"":""BY2O"",""start_mode"":""FILE_START"",""output_type"":""imu_point_nav"",""metric"":""coverage_ratio"",""value"":""1.0"",""denominator_or_valid_epochs"":""matched=78441/output=78441"",""failure_flag"":""NONE"",""source"":""<CLEAN_ROOT>/stages/CLEAN8_PROTOCOL_V3/07_AGGREGATE/MAIN_TABLE_V3.csv:51 sha256=cd734338cf89518679d78179f410a79ecad3060535d3b80e43a62545cee9b21c"",""notes"":""sealed v3 row; role=MANUSCRIPT; evaluation_status=COMPLETED; geometric_audit_status=NOT_APPLICABLE_SINGLE_RECEIVER""}",[],[],[],FULL_RECORD_READ,PRESENT_READ,,,First-delivery subset. Source values preserved; path aliases only. No payload-body read.
HX02-03387027ed566520716b,HX02,CSV_ROW,LC01-S,unknown,unknown,BY2O,unknown,S,FILE_START,unknown,unknown,NONE,<CODE_ROOT>/docs/paper_rebuild/hext/HX02/EXTERNAL_FIVE_CATEGORY_TABLE.csv,CSV:data_row=393,"{""category"":""loosely_coupled_gnss_ins"",""method_id"":""LC01-S"",""config"":""S"",""sequence"":""BY2O"",""start_mode"":""FILE_START"",""output_type"":""imu_point_nav"",""metric"":""horizontal_rmse_m"",""value"":""0.06046245535470896"",""denominator_or_valid_epochs"":""matched=78441/output=78441"",""failure_flag"":""NONE"",""source"":""<CLEAN_ROOT>/stages/CLEAN8_PROTOCOL_V3/07_AGGREGATE/MAIN_TABLE_V3.csv:52 sha256=cd734338cf89518679d78179f410a79ecad3060535d3b80e43a62545cee9b21c"",""notes"":""sealed v3 row; role=MANUSCRIPT; evaluation_status=COMPLETED; geometric_audit_status=PASS""}",[],[],[],FULL_RECORD_READ,PRESENT_READ,,,First-delivery subset. Source values preserved; path aliases only. No payload-body read.
HX02-42e86869f488da5d073f,HX02,CSV_ROW,LC01-S,unknown,unknown,BY2O,unknown,S,FILE_START,unknown,unknown,NONE,<CODE_ROOT>/docs/paper_rebuild/hext/HX02/EXTERNAL_FIVE_CATEGORY_TABLE.csv,CSV:data_row=394,"{""category"":""loosely_coupled_gnss_ins"",""method_id"":""LC01-S"",""config"":""S"",""sequence"":""BY2O"",""start_mode"":""FILE_START"",""output_type"":""imu_point_nav"",""metric"":""up_rmse_m"",""value"":""0.03993000337367851"",""denominator_or_valid_epochs"":""matched=78441/output=78441"",""failure_flag"":""NONE"",""source"":""<CLEAN_ROOT>/stages/CLEAN8_PROTOCOL_V3/07_AGGREGATE/MAIN_TABLE_V3.csv:52 sha256=cd734338cf89518679d78179f410a79ecad3060535d3b80e43a62545cee9b21c"",""notes"":""sealed v3 row; role=MANUSCRIPT; evaluation_status=COMPLETED; geometric_audit_status=PASS""}",[],[],[],FULL_RECORD_READ,PRESENT_READ,,,First-delivery subset. Source values preserved; path aliases only. No payload-body read.
HX02-8f4aef1261ece2ad79aa,HX02,CSV_ROW,LC01-S,unknown,unknown,BY2O,unknown,S,FILE_START,unknown,unknown,NONE,<CODE_ROOT>/docs/paper_rebuild/hext/HX02/EXTERNAL_FIVE_CATEGORY_TABLE.csv,CSV:data_row=395,"{""category"":""loosely_coupled_gnss_ins"",""method_id"":""LC01-S"",""config"":""S"",""sequence"":""BY2O"",""start_mode"":""FILE_START"",""output_type"":""imu_point_nav"",""metric"":""yaw_rmse_deg"",""value"":""4.015602467888004"",""denominator_or_valid_epochs"":""matched=78441/output=78441"",""failure_flag"":""NONE"",""source"":""<CLEAN_ROOT>/stages/CLEAN8_PROTOCOL_V3/07_AGGREGATE/MAIN_TABLE_V3.csv:52 sha256=cd734338cf89518679d78179f410a79ecad3060535d3b80e43a62545cee9b21c"",""notes"":""sealed v3 row; role=MANUSCRIPT; evaluation_status=COMPLETED; geometric_audit_status=PASS""}",[],[],[],FULL_RECORD_READ,PRESENT_READ,,,First-delivery subset. Source values preserved; path aliases only. No payload-body read.
HX02-602f4b070eb371d4c441,HX02,CSV_ROW,LC01-S,unknown,unknown,BY2O,unknown,S,FILE_START,unknown,unknown,NONE,<CODE_ROOT>/docs/paper_rebuild/hext/HX02/EXTERNAL_FIVE_CATEGORY_TABLE.csv,CSV:data_row=396,"{""category"":""loosely_coupled_gnss_ins"",""method_id"":""LC01-S"",""config"":""S"",""sequence"":""BY2O"",""start_mode"":""FILE_START"",""output_type"":""imu_point_nav"",""metric"":""yaw_p95_absolute_deg"",""value"":""6.909677894819197"",""denominator_or_valid_epochs"":""matched=78441/output=78441"",""failure_flag"":""NONE"",""source"":""<CLEAN_ROOT>/stages/CLEAN8_PROTOCOL_V3/07_AGGREGATE/MAIN_TABLE_V3.csv:52 sha256=cd734338cf89518679d78179f410a79ecad3060535d3b80e43a62545cee9b21c"",""notes"":""sealed v3 row; role=MANUSCRIPT; evaluation_status=COMPLETED; geometric_audit_status=PASS""}",[],[],[],FULL_RECORD_READ,PRESENT_READ,,,First-delivery subset. Source values preserved; path aliases only. No payload-body read.
HX02-8caa73f58949d264523f,HX02,CSV_ROW,LC01-S,unknown,unknown,BY2O,unknown,S,FILE_START,unknown,unknown,NONE,<CODE_ROOT>/docs/paper_rebuild/hext/HX02/EXTERNAL_FIVE_CATEGORY_TABLE.csv,CSV:data_row=397,"{""category"":""loosely_coupled_gnss_ins"",""method_id"":""LC01-S"",""config"":""S"",""sequence"":""BY2O"",""start_mode"":""FILE_START"",""output_type"":""imu_point_nav"",""metric"":""roll_rmse_deg"",""value"":""4.074428765017513"",""denominator_or_valid_epochs"":""matched=78441/output=78441"",""failure_flag"":""NONE"",""source"":""<CLEAN_ROOT>/stages/CLEAN8_PROTOCOL_V3/07_AGGREGATE/MAIN_TABLE_V3.csv:52 sha256=cd734338cf89518679d78179f410a79ecad3060535d3b80e43a62545cee9b21c"",""notes"":""sealed v3 row; role=MANUSCRIPT; evaluation_status=COMPLETED; geometric_audit_status=PASS""}",[],[],[],FULL_RECORD_READ,PRESENT_READ,,,First-delivery subset. Source values preserved; path aliases only. No payload-body read.
HX02-8627da4522e08bf698ff,HX02,CSV_ROW,LC01-S,unknown,unknown,BY2O,unknown,S,FILE_START,unknown,unknown,NONE,<CODE_ROOT>/docs/paper_rebuild/hext/HX02/EXTERNAL_FIVE_CATEGORY_TABLE.csv,CSV:data_row=398,"{""category"":""loosely_coupled_gnss_ins"",""method_id"":""LC01-S"",""config"":""S"",""sequence"":""BY2O"",""start_mode"":""FILE_START"",""output_type"":""imu_point_nav"",""metric"":""pitch_rmse_deg"",""value"":""3.3006897967468083"",""denominator_or_valid_epochs"":""matched=78441/output=78441"",""failure_flag"":""NONE"",""source"":""<CLEAN_ROOT>/stages/CLEAN8_PROTOCOL_V3/07_AGGREGATE/MAIN_TABLE_V3.csv:52 sha256=cd734338cf89518679d78179f410a79ecad3060535d3b80e43a62545cee9b21c"",""notes"":""sealed v3 row; role=MANUSCRIPT; evaluation_status=COMPLETED; geometric_audit_status=PASS""}",[],[],[],FULL_RECORD_READ,PRESENT_READ,,,First-delivery subset. Source values preserved; path aliases only. No payload-body read.
HX02-5db0fab3482e46a32080,HX02,CSV_ROW,LC01-S,unknown,unknown,BY2O,unknown,S,FILE_START,unknown,unknown,NONE,<CODE_ROOT>/docs/paper_rebuild/hext/HX02/EXTERNAL_FIVE_CATEGORY_TABLE.csv,CSV:data_row=399,"{""category"":""loosely_coupled_gnss_ins"",""method_id"":""LC01-S"",""config"":""S"",""sequence"":""BY2O"",""start_mode"":""FILE_START"",""output_type"":""imu_point_nav"",""metric"":""coverage_ratio"",""value"":""1.0"",""denominator_or_valid_epochs"":""matched=78441/output=78441"",""failure_flag"":""NONE"",""source"":""<CLEAN_ROOT>/stages/CLEAN8_PROTOCOL_V3/07_AGGREGATE/MAIN_TABLE_V3.csv:52 sha256=cd734338cf89518679d78179f410a79ecad3060535d3b80e43a62545cee9b21c"",""notes"":""sealed v3 row; role=MANUSCRIPT; evaluation_status=COMPLETED; geometric_audit_status=PASS""}",[],[],[],FULL_RECORD_READ,PRESENT_READ,,,First-delivery subset. Source values preserved; path aliases only. No payload-body read.
HX02-0ce91141f06b804bb433,HX02,CSV_ROW,EXT05C-S,unknown,unknown,BY2O,unknown,S,FILE_START,unknown,unknown,NONE,<CODE_ROOT>/docs/paper_rebuild/hext/HX02/EXTERNAL_FIVE_CATEGORY_TABLE.csv,CSV:data_row=400,"{""category"":""single_antenna_gnss_ins"",""method_id"":""EXT05C-S"",""config"":""S"",""sequence"":""BY2O"",""start_mode"":""FILE_START"",""output_type"":""imu_point_nav"",""metric"":""horizontal_rmse_m"",""value"":""0.07507995368164405"",""denominator_or_valid_epochs"":""matched=78441/output=78441"",""failure_flag"":""NONE"",""source"":""<CLEAN_ROOT>/stages/CLEAN8_PROTOCOL_V3/07_AGGREGATE/MAIN_TABLE_V3.csv:53 sha256=cd734338cf89518679d78179f410a79ecad3060535d3b80e43a62545cee9b21c"",""notes"":""sealed v3 row; role=MANUSCRIPT; evaluation_status=COMPLETED; geometric_audit_status=NOT_APPLICABLE_SINGLE_RECEIVER""}",[],[],[],FULL_RECORD_READ,PRESENT_READ,,,First-delivery subset. Source values preserved; path aliases only. No payload-body read.
HX02-95616a0f687935f3d56e,HX02,CSV_ROW,EXT05C-S,unknown,unknown,BY2O,unknown,S,FILE_START,unknown,unknown,NONE,<CODE_ROOT>/docs/paper_rebuild/hext/HX02/EXTERNAL_FIVE_CATEGORY_TABLE.csv,CSV:data_row=401,"{""category"":""single_antenna_gnss_ins"",""method_id"":""EXT05C-S"",""config"":""S"",""sequence"":""BY2O"",""start_mode"":""FILE_START"",""output_type"":""imu_point_nav"",""metric"":""up_rmse_m"",""value"":""0.0397668290891221"",""denominator_or_valid_epochs"":""matched=78441/output=78441"",""failure_flag"":""NONE"",""source"":""<CLEAN_ROOT>/stages/CLEAN8_PROTOCOL_V3/07_AGGREGATE/MAIN_TABLE_V3.csv:53 sha256=cd734338cf89518679d78179f410a79ecad3060535d3b80e43a62545cee9b21c"",""notes"":""sealed v3 row; role=MANUSCRIPT; evaluation_status=COMPLETED; geometric_audit_status=NOT_APPLICABLE_SINGLE_RECEIVER""}",[],[],[],FULL_RECORD_READ,PRESENT_READ,,,First-delivery subset. Source values preserved; path aliases only. No payload-body read.
HX02-3f352d39faba0b96afaa,HX02,CSV_ROW,EXT05C-S,unknown,unknown,BY2O,unknown,S,FILE_START,unknown,unknown,NONE,<CODE_ROOT>/docs/paper_rebuild/hext/HX02/EXTERNAL_FIVE_CATEGORY_TABLE.csv,CSV:data_row=402,"{""category"":""single_antenna_gnss_ins"",""method_id"":""EXT05C-S"",""config"":""S"",""sequence"":""BY2O"",""start_mode"":""FILE_START"",""output_type"":""imu_point_nav"",""metric"":""yaw_rmse_deg"",""value"":""8.266805432879499"",""denominator_or_valid_epochs"":""matched=78441/output=78441"",""failure_flag"":""NONE"",""source"":""<CLEAN_ROOT>/stages/CLEAN8_PROTOCOL_V3/07_AGGREGATE/MAIN_TABLE_V3.csv:53 sha256=cd734338cf89518679d78179f410a79ecad3060535d3b80e43a62545cee9b21c"",""notes"":""sealed v3 row; role=MANUSCRIPT; evaluation_status=COMPLETED; geometric_audit_status=NOT_APPLICABLE_SINGLE_RECEIVER""}",[],[],[],FULL_RECORD_READ,PRESENT_READ,,,First-delivery subset. Source values preserved; path aliases only. No payload-body read.
HX02-25f9effbffc51c83272e,HX02,CSV_ROW,EXT05C-S,unknown,unknown,BY2O,unknown,S,FILE_START,unknown,unknown,NONE,<CODE_ROOT>/docs/paper_rebuild/hext/HX02/EXTERNAL_FIVE_CATEGORY_TABLE.csv,CSV:data_row=403,"{""category"":""single_antenna_gnss_ins"",""method_id"":""EXT05C-S"",""config"":""S"",""sequence"":""BY2O"",""start_mode"":""FILE_START"",""output_type"":""imu_point_nav"",""metric"":""yaw_p95_absolute_deg"",""value"":""13.9851246690952"",""denominator_or_valid_epochs"":""matched=78441/output=78441"",""failure_flag"":""NONE"",""source"":""<CLEAN_ROOT>/stages/CLEAN8_PROTOCOL_V3/07_AGGREGATE/MAIN_TABLE_V3.csv:53 sha256=cd734338cf89518679d78179f410a79ecad3060535d3b80e43a62545cee9b21c"",""notes"":""sealed v3 row; role=MANUSCRIPT; evaluation_status=COMPLETED; geometric_audit_status=NOT_APPLICABLE_SINGLE_RECEIVER""}",[],[],[],FULL_RECORD_READ,PRESENT_READ,,,First-delivery subset. Source values preserved; path aliases only. No payload-body read.
HX02-056d3d37eac8731ef216,HX02,CSV_ROW,EXT05C-S,unknown,unknown,BY2O,unknown,S,FILE_START,unknown,unknown,NONE,<CODE_ROOT>/docs/paper_rebuild/hext/HX02/EXTERNAL_FIVE_CATEGORY_TABLE.csv,CSV:data_row=404,"{""category"":""single_antenna_gnss_ins"",""method_id"":""EXT05C-S"",""config"":""S"",""sequence"":""BY2O"",""start_mode"":""FILE_START"",""output_type"":""imu_point_nav"",""metric"":""roll_rmse_deg"",""value"":""4.172252027907854"",""denominator_or_valid_epochs"":""matched=78441/output=78441"",""failure_flag"":""NONE"",""source"":""<CLEAN_ROOT>/stages/CLEAN8_PROTOCOL_V3/07_AGGREGATE/MAIN_TABLE_V3.csv:53 sha256=cd734338cf89518679d78179f410a79ecad3060535d3b80e43a62545cee9b21c"",""notes"":""sealed v3 row; role=MANUSCRIPT; evaluation_status=COMPLETED; geometric_audit_status=NOT_APPLICABLE_SINGLE_RECEIVER""}",[],[],[],FULL_RECORD_READ,PRESENT_READ,,,First-delivery subset. Source values preserved; path aliases only. No payload-body read.
HX02-6571d2a63fa51eac86c7,HX02,CSV_ROW,EXT05C-S,unknown,unknown,BY2O,unknown,S,FILE_START,unknown,unknown,NONE,<CODE_ROOT>/docs/paper_rebuild/hext/HX02/EXTERNAL_FIVE_CATEGORY_TABLE.csv,CSV:data_row=405,"{""category"":""single_antenna_gnss_ins"",""method_id"":""EXT05C-S"",""config"":""S"",""sequence"":""BY2O"",""start_mode"":""FILE_START"",""output_type"":""imu_point_nav"",""metric"":""pitch_rmse_deg"",""value"":""3.3477144114767143"",""denominator_or_valid_epochs"":""matched=78441/output=78441"",""failure_flag"":""NONE"",""source"":""<CLEAN_ROOT>/stages/CLEAN8_PROTOCOL_V3/07_AGGREGATE/MAIN_TABLE_V3.csv:53 sha256=cd734338cf89518679d78179f410a79ecad3060535d3b80e43a62545cee9b21c"",""notes"":""sealed v3 row; role=MANUSCRIPT; evaluation_status=COMPLETED; geometric_audit_status=NOT_APPLICABLE_SINGLE_RECEIVER""}",[],[],[],FULL_RECORD_READ,PRESENT_READ,,,First-delivery subset. Source values preserved; path aliases only. No payload-body read.
HX02-d480bb46f72ff9f076b5,HX02,CSV_ROW,EXT05C-S,unknown,unknown,BY2O,unknown,S,FILE_START,unknown,unknown,NONE,<CODE_ROOT>/docs/paper_rebuild/hext/HX02/EXTERNAL_FIVE_CATEGORY_TABLE.csv,CSV:data_row=406,"{""category"":""single_antenna_gnss_ins"",""method_id"":""EXT05C-S"",""config"":""S"",""sequence"":""BY2O"",""start_mode"":""FILE_START"",""output_type"":""imu_point_nav"",""metric"":""coverage_ratio"",""value"":""1.0"",""denominator_or_valid_epochs"":""matched=78441/output=78441"",""failure_flag"":""NONE"",""source"":""<CLEAN_ROOT>/stages/CLEAN8_PROTOCOL_V3/07_AGGREGATE/MAIN_TABLE_V3.csv:53 sha256=cd734338cf89518679d78179f410a79ecad3060535d3b80e43a62545cee9b21c"",""notes"":""sealed v3 row; role=MANUSCRIPT; evaluation_status=COMPLETED; geometric_audit_status=NOT_APPLICABLE_SINGLE_RECEIVER""}",[],[],[],FULL_RECORD_READ,PRESENT_READ,,,First-delivery subset. Source values preserved; path aliases only. No payload-body read.
HX02-1f0a9f13cb6fb77e7a46,HX02,CSV_ROW,LegSA_F01,unknown,unknown,BY2H,unknown,-,V3_PROTOCOL,unknown,unknown,NONE,<CODE_ROOT>/docs/paper_rebuild/hext/HX02/EXTERNAL_FIVE_CATEGORY_TABLE.csv,CSV:data_row=407,"{""category"":""legsa_reference_v3_sealed"",""method_id"":""LegSA_F01"",""config"":""-"",""sequence"":""BY2H"",""start_mode"":""V3_PROTOCOL"",""output_type"":""imu_point_nav"",""metric"":""horizontal_rmse_m"",""value"":""0.06292589316025435"",""denominator_or_valid_epochs"":""matched=58580/output=58580"",""failure_flag"":""NONE"",""source"":""<CLEAN_ROOT>/stages/CLEAN8_PROTOCOL_V3/07C_FAILURE_FAMILY_CONFIG/FULL_ABLATION_TABLE_V3.csv:9 sha256=44aeaa0302afab54c8179bbb977c9fdac11ebf4f013ac9becdc731840342f4b1"",""notes"":""sealed v3 LegSA row run_id=SEQUENCE_BY2H_F01; read only, never solved or evaluated""}",[],[],[],FULL_RECORD_READ,PRESENT_READ,,,First-delivery subset. Source values preserved; path aliases only. No payload-body read.
HX02-e6f6a819c3143d9fa3f7,HX02,CSV_ROW,LegSA_F01,unknown,unknown,BY2H,unknown,-,V3_PROTOCOL,unknown,unknown,NONE,<CODE_ROOT>/docs/paper_rebuild/hext/HX02/EXTERNAL_FIVE_CATEGORY_TABLE.csv,CSV:data_row=408,"{""category"":""legsa_reference_v3_sealed"",""method_id"":""LegSA_F01"",""config"":""-"",""sequence"":""BY2H"",""start_mode"":""V3_PROTOCOL"",""output_type"":""imu_point_nav"",""metric"":""up_rmse_m"",""value"":""0.04490416746278954"",""denominator_or_valid_epochs"":""matched=58580/output=58580"",""failure_flag"":""NONE"",""source"":""<CLEAN_ROOT>/stages/CLEAN8_PROTOCOL_V3/07C_FAILURE_FAMILY_CONFIG/FULL_ABLATION_TABLE_V3.csv:9 sha256=44aeaa0302afab54c8179bbb977c9fdac11ebf4f013ac9becdc731840342f4b1"",""notes"":""sealed v3 LegSA row run_id=SEQUENCE_BY2H_F01; read only, never solved or evaluated""}",[],[],[],FULL_RECORD_READ,PRESENT_READ,,,First-delivery subset. Source values preserved; path aliases only. No payload-body read.
HX02-cdfd4bab8b329c9c8f73,HX02,CSV_ROW,LegSA_F01,unknown,unknown,BY2H,unknown,-,V3_PROTOCOL,unknown,unknown,NONE,<CODE_ROOT>/docs/paper_rebuild/hext/HX02/EXTERNAL_FIVE_CATEGORY_TABLE.csv,CSV:data_row=409,"{""category"":""legsa_reference_v3_sealed"",""method_id"":""LegSA_F01"",""config"":""-"",""sequence"":""BY2H"",""start_mode"":""V3_PROTOCOL"",""output_type"":""imu_point_nav"",""metric"":""yaw_rmse_deg"",""value"":""7.137487572272005"",""denominator_or_valid_epochs"":""matched=58580/output=58580"",""failure_flag"":""NONE"",""source"":""<CLEAN_ROOT>/stages/CLEAN8_PROTOCOL_V3/07C_FAILURE_FAMILY_CONFIG/FULL_ABLATION_TABLE_V3.csv:9 sha256=44aeaa0302afab54c8179bbb977c9fdac11ebf4f013ac9becdc731840342f4b1"",""notes"":""sealed v3 LegSA row run_id=SEQUENCE_BY2H_F01; read only, never solved or evaluated""}",[],[],[],FULL_RECORD_READ,PRESENT_READ,,,First-delivery subset. Source values preserved; path aliases only. No payload-body read.
HX02-07d96a640fc419884bfb,HX02,CSV_ROW,LegSA_F01,unknown,unknown,BY2H,unknown,-,V3_PROTOCOL,unknown,unknown,NONE,<CODE_ROOT>/docs/paper_rebuild/hext/HX02/EXTERNAL_FIVE_CATEGORY_TABLE.csv,CSV:data_row=410,"{""category"":""legsa_reference_v3_sealed"",""method_id"":""LegSA_F01"",""config"":""-"",""sequence"":""BY2H"",""start_mode"":""V3_PROTOCOL"",""output_type"":""imu_point_nav"",""metric"":""yaw_p95_absolute_deg"",""value"":""10.586524300554121"",""denominator_or_valid_epochs"":""matched=58580/output=58580"",""failure_flag"":""NONE"",""source"":""<CLEAN_ROOT>/stages/CLEAN8_PROTOCOL_V3/07C_FAILURE_FAMILY_CONFIG/FULL_ABLATION_TABLE_V3.csv:9 sha256=44aeaa0302afab54c8179bbb977c9fdac11ebf4f013ac9becdc731840342f4b1"",""notes"":""sealed v3 LegSA row run_id=SEQUENCE_BY2H_F01; read only, never solved or evaluated""}",[],[],[],FULL_RECORD_READ,PRESENT_READ,,,First-delivery subset. Source values preserved; path aliases only. No payload-body read.
HX02-f58590a47816f1dd9f9d,HX02,CSV_ROW,LegSA_F01,unknown,unknown,BY2H,unknown,-,V3_PROTOCOL,unknown,unknown,NONE,<CODE_ROOT>/docs/paper_rebuild/hext/HX02/EXTERNAL_FIVE_CATEGORY_TABLE.csv,CSV:data_row=411,"{""category"":""legsa_reference_v3_sealed"",""method_id"":""LegSA_F01"",""config"":""-"",""sequence"":""BY2H"",""start_mode"":""V3_PROTOCOL"",""output_type"":""imu_point_nav"",""metric"":""roll_rmse_deg"",""value"":""2.7849178101091736"",""denominator_or_valid_epochs"":""matched=58580/output=58580"",""failure_flag"":""NONE"",""source"":""<CLEAN_ROOT>/stages/CLEAN8_PROTOCOL_V3/07C_FAILURE_FAMILY_CONFIG/FULL_ABLATION_TABLE_V3.csv:9 sha256=44aeaa0302afab54c8179bbb977c9fdac11ebf4f013ac9becdc731840342f4b1"",""notes"":""sealed v3 LegSA row run_id=SEQUENCE_BY2H_F01; read only, never solved or evaluated""}",[],[],[],FULL_RECORD_READ,PRESENT_READ,,,First-delivery subset. Source values preserved; path aliases only. No payload-body read.
HX02-0bf5ceca4db22f7c9e05,HX02,CSV_ROW,LegSA_F01,unknown,unknown,BY2H,unknown,-,V3_PROTOCOL,unknown,unknown,NONE,<CODE_ROOT>/docs/paper_rebuild/hext/HX02/EXTERNAL_FIVE_CATEGORY_TABLE.csv,CSV:data_row=412,"{""category"":""legsa_reference_v3_sealed"",""method_id"":""LegSA_F01"",""config"":""-"",""sequence"":""BY2H"",""start_mode"":""V3_PROTOCOL"",""output_type"":""imu_point_nav"",""metric"":""pitch_rmse_deg"",""value"":""1.8837935867303504"",""denominator_or_valid_epochs"":""matched=58580/output=58580"",""failure_flag"":""NONE"",""source"":""<CLEAN_ROOT>/stages/CLEAN8_PROTOCOL_V3/07C_FAILURE_FAMILY_CONFIG/FULL_ABLATION_TABLE_V3.csv:9 sha256=44aeaa0302afab54c8179bbb977c9fdac11ebf4f013ac9becdc731840342f4b1"",""notes"":""sealed v3 LegSA row run_id=SEQUENCE_BY2H_F01; read only, never solved or evaluated""}",[],[],[],FULL_RECORD_READ,PRESENT_READ,,,First-delivery subset. Source values preserved; path aliases only. No payload-body read.
HX02-2a2c53ff401d4cb8de72,HX02,CSV_ROW,LegSA_F01,unknown,unknown,BY2H,unknown,-,V3_PROTOCOL,unknown,unknown,NONE,<CODE_ROOT>/docs/paper_rebuild/hext/HX02/EXTERNAL_FIVE_CATEGORY_TABLE.csv,CSV:data_row=413,"{""category"":""legsa_reference_v3_sealed"",""method_id"":""LegSA_F01"",""config"":""-"",""sequence"":""BY2H"",""start_mode"":""V3_PROTOCOL"",""output_type"":""imu_point_nav"",""metric"":""coverage_ratio"",""value"":""1.0"",""denominator_or_valid_epochs"":""matched=58580/output=58580"",""failure_flag"":""NONE"",""source"":""<CLEAN_ROOT>/stages/CLEAN8_PROTOCOL_V3/07C_FAILURE_FAMILY_CONFIG/FULL_ABLATION_TABLE_V3.csv:9 sha256=44aeaa0302afab54c8179bbb977c9fdac11ebf4f013ac9becdc731840342f4b1"",""notes"":""sealed v3 LegSA row run_id=SEQUENCE_BY2H_F01; read only, never solved or evaluated""}",[],[],[],FULL_RECORD_READ,PRESENT_READ,,,First-delivery subset. Source values preserved; path aliases only. No payload-body read.
HX02-66f373994ec4c2f7d514,HX02,CSV_ROW,LegSA_F02,unknown,unknown,BY2H,unknown,-,V3_PROTOCOL,unknown,unknown,NONE,<CODE_ROOT>/docs/paper_rebuild/hext/HX02/EXTERNAL_FIVE_CATEGORY_TABLE.csv,CSV:data_row=414,"{""category"":""legsa_reference_v3_sealed"",""method_id"":""LegSA_F02"",""config"":""-"",""sequence"":""BY2H"",""start_mode"":""V3_PROTOCOL"",""output_type"":""imu_point_nav"",""metric"":""horizontal_rmse_m"",""value"":""0.07150053377515339"",""denominator_or_valid_epochs"":""matched=58580/output=58580"",""failure_flag"":""NONE"",""source"":""<CLEAN_ROOT>/stages/CLEAN8_PROTOCOL_V3/07C_FAILURE_FAMILY_CONFIG/FULL_ABLATION_TABLE_V3.csv:10 sha256=44aeaa0302afab54c8179bbb977c9fdac11ebf4f013ac9becdc731840342f4b1"",""notes"":""sealed v3 LegSA row run_id=SEQUENCE_BY2H_F02; read only, never solved or evaluated""}",[],[],[],FULL_RECORD_READ,PRESENT_READ,,,First-delivery subset. Source values preserved; path aliases only. No payload-body read.
HX02-9a4c25d20a942458505d,HX02,CSV_ROW,LegSA_F02,unknown,unknown,BY2H,unknown,-,V3_PROTOCOL,unknown,unknown,NONE,<CODE_ROOT>/docs/paper_rebuild/hext/HX02/EXTERNAL_FIVE_CATEGORY_TABLE.csv,CSV:data_row=415,"{""category"":""legsa_reference_v3_sealed"",""method_id"":""LegSA_F02"",""config"":""-"",""sequence"":""BY2H"",""start_mode"":""V3_PROTOCOL"",""output_type"":""imu_point_nav"",""metric"":""up_rmse_m"",""value"":""0.045410027457013925"",""denominator_or_valid_epochs"":""matched=58580/output=58580"",""failure_flag"":""NONE"",""source"":""<CLEAN_ROOT>/stages/CLEAN8_PROTOCOL_V3/07C_FAILURE_FAMILY_CONFIG/FULL_ABLATION_TABLE_V3.csv:10 sha256=44aeaa0302afab54c8179bbb977c9fdac11ebf4f013ac9becdc731840342f4b1"",""notes"":""sealed v3 LegSA row run_id=SEQUENCE_BY2H_F02; read only, never solved or evaluated""}",[],[],[],FULL_RECORD_READ,PRESENT_READ,,,First-delivery subset. Source values preserved; path aliases only. No payload-body read.
HX02-b7a6e3a589ded6ff1d8c,HX02,CSV_ROW,LegSA_F02,unknown,unknown,BY2H,unknown,-,V3_PROTOCOL,unknown,unknown,NONE,<CODE_ROOT>/docs/paper_rebuild/hext/HX02/EXTERNAL_FIVE_CATEGORY_TABLE.csv,CSV:data_row=416,"{""category"":""legsa_reference_v3_sealed"",""method_id"":""LegSA_F02"",""config"":""-"",""sequence"":""BY2H"",""start_mode"":""V3_PROTOCOL"",""output_type"":""imu_point_nav"",""metric"":""yaw_rmse_deg"",""value"":""2.2832413876665534"",""denominator_or_valid_epochs"":""matched=58580/output=58580"",""failure_flag"":""NONE"",""source"":""<CLEAN_ROOT>/stages/CLEAN8_PROTOCOL_V3/07C_FAILURE_FAMILY_CONFIG/FULL_ABLATION_TABLE_V3.csv:10 sha256=44aeaa0302afab54c8179bbb977c9fdac11ebf4f013ac9becdc731840342f4b1"",""notes"":""sealed v3 LegSA row run_id=SEQUENCE_BY2H_F02; read only, never solved or evaluated""}",[],[],[],FULL_RECORD_READ,PRESENT_READ,,,First-delivery subset. Source values preserved; path aliases only. No payload-body read.
HX02-fdf68666d7f2bf570ff3,HX02,CSV_ROW,LegSA_F02,unknown,unknown,BY2H,unknown,-,V3_PROTOCOL,unknown,unknown,NONE,<CODE_ROOT>/docs/paper_rebuild/hext/HX02/EXTERNAL_FIVE_CATEGORY_TABLE.csv,CSV:data_row=417,"{""category"":""legsa_reference_v3_sealed"",""method_id"":""LegSA_F02"",""config"":""-"",""sequence"":""BY2H"",""start_mode"":""V3_PROTOCOL"",""output_type"":""imu_point_nav"",""metric"":""yaw_p95_absolute_deg"",""value"":""4.696620354371984"",""denominator_or_valid_epochs"":""matched=58580/output=58580"",""failure_flag"":""NONE"",""source"":""<CLEAN_ROOT>/stages/CLEAN8_PROTOCOL_V3/07C_FAILURE_FAMILY_CONFIG/FULL_ABLATION_TABLE_V3.csv:10 sha256=44aeaa0302afab54c8179bbb977c9fdac11ebf4f013ac9becdc731840342f4b1"",""notes"":""sealed v3 LegSA row run_id=SEQUENCE_BY2H_F02; read only, never solved or evaluated""}",[],[],[],FULL_RECORD_READ,PRESENT_READ,,,First-delivery subset. Source values preserved; path aliases only. No payload-body read.
HX02-97bf2ec70b5b0b29dc5e,HX02,CSV_ROW,LegSA_F02,unknown,unknown,BY2H,unknown,-,V3_PROTOCOL,unknown,unknown,NONE,<CODE_ROOT>/docs/paper_rebuild/hext/HX02/EXTERNAL_FIVE_CATEGORY_TABLE.csv,CSV:data_row=418,"{""category"":""legsa_reference_v3_sealed"",""method_id"":""LegSA_F02"",""config"":""-"",""sequence"":""BY2H"",""start_mode"":""V3_PROTOCOL"",""output_type"":""imu_point_nav"",""metric"":""roll_rmse_deg"",""value"":""2.7823340778479824"",""denominator_or_valid_epochs"":""matched=58580/output=58580"",""failure_flag"":""NONE"",""source"":""<CLEAN_ROOT>/stages/CLEAN8_PROTOCOL_V3/07C_FAILURE_FAMILY_CONFIG/FULL_ABLATION_TABLE_V3.csv:10 sha256=44aeaa0302afab54c8179bbb977c9fdac11ebf4f013ac9becdc731840342f4b1"",""notes"":""sealed v3 LegSA row run_id=SEQUENCE_BY2H_F02; read only, never solved or evaluated""}",[],[],[],FULL_RECORD_READ,PRESENT_READ,,,First-delivery subset. Source values preserved; path aliases only. No payload-body read.
HX02-ab413de1a0068fc8e2bf,HX02,CSV_ROW,LegSA_F02,unknown,unknown,BY2H,unknown,-,V3_PROTOCOL,unknown,unknown,NONE,<CODE_ROOT>/docs/paper_rebuild/hext/HX02/EXTERNAL_FIVE_CATEGORY_TABLE.csv,CSV:data_row=419,"{""category"":""legsa_reference_v3_sealed"",""method_id"":""LegSA_F02"",""config"":""-"",""sequence"":""BY2H"",""start_mode"":""V3_PROTOCOL"",""output_type"":""imu_point_nav"",""metric"":""pitch_rmse_deg"",""value"":""1.882583919732426"",""denominator_or_valid_epochs"":""matched=58580/output=58580"",""failure_flag"":""NONE"",""source"":""<CLEAN_ROOT>/stages/CLEAN8_PROTOCOL_V3/07C_FAILURE_FAMILY_CONFIG/FULL_ABLATION_TABLE_V3.csv:10 sha256=44aeaa0302afab54c8179bbb977c9fdac11ebf4f013ac9becdc731840342f4b1"",""notes"":""sealed v3 LegSA row run_id=SEQUENCE_BY2H_F02; read only, never solved or evaluated""}",[],[],[],FULL_RECORD_READ,PRESENT_READ,,,First-delivery subset. Source values preserved; path aliases only. No payload-body read.
HX02-a77ea01c9497bdea81bc,HX02,CSV_ROW,LegSA_F02,unknown,unknown,BY2H,unknown,-,V3_PROTOCOL,unknown,unknown,NONE,<CODE_ROOT>/docs/paper_rebuild/hext/HX02/EXTERNAL_FIVE_CATEGORY_TABLE.csv,CSV:data_row=420,"{""category"":""legsa_reference_v3_sealed"",""method_id"":""LegSA_F02"",""config"":""-"",""sequence"":""BY2H"",""start_mode"":""V3_PROTOCOL"",""output_type"":""imu_point_nav"",""metric"":""coverage_ratio"",""value"":""1.0"",""denominator_or_valid_epochs"":""matched=58580/output=58580"",""failure_flag"":""NONE"",""source"":""<CLEAN_ROOT>/stages/CLEAN8_PROTOCOL_V3/07C_FAILURE_FAMILY_CONFIG/FULL_ABLATION_TABLE_V3.csv:10 sha256=44aeaa0302afab54c8179bbb977c9fdac11ebf4f013ac9becdc731840342f4b1"",""notes"":""sealed v3 LegSA row run_id=SEQUENCE_BY2H_F02; read only, never solved or evaluated""}",[],[],[],FULL_RECORD_READ,PRESENT_READ,,,First-delivery subset. Source values preserved; path aliases only. No payload-body read.
HX02-4a4c177f0ac23827c683,HX02,CSV_ROW,LegSA_F04,unknown,unknown,BY2H,unknown,-,V3_PROTOCOL,unknown,unknown,NONE,<CODE_ROOT>/docs/paper_rebuild/hext/HX02/EXTERNAL_FIVE_CATEGORY_TABLE.csv,CSV:data_row=421,"{""category"":""legsa_reference_v3_sealed"",""method_id"":""LegSA_F04"",""config"":""-"",""sequence"":""BY2H"",""start_mode"":""V3_PROTOCOL"",""output_type"":""imu_point_nav"",""metric"":""horizontal_rmse_m"",""value"":""0.06836245149191253"",""denominator_or_valid_epochs"":""matched=58580/output=58580"",""failure_flag"":""NONE"",""source"":""<CLEAN_ROOT>/stages/CLEAN8_PROTOCOL_V3/07C_FAILURE_FAMILY_CONFIG/FULL_ABLATION_TABLE_V3.csv:12 sha256=44aeaa0302afab54c8179bbb977c9fdac11ebf4f013ac9becdc731840342f4b1"",""notes"":""sealed v3 LegSA row run_id=SEQUENCE_BY2H_F04; read only, never solved or evaluated""}",[],[],[],FULL_RECORD_READ,PRESENT_READ,,,First-delivery subset. Source values preserved; path aliases only. No payload-body read.
HX02-58c88494a58482b10ce0,HX02,CSV_ROW,LegSA_F04,unknown,unknown,BY2H,unknown,-,V3_PROTOCOL,unknown,unknown,NONE,<CODE_ROOT>/docs/paper_rebuild/hext/HX02/EXTERNAL_FIVE_CATEGORY_TABLE.csv,CSV:data_row=422,"{""category"":""legsa_reference_v3_sealed"",""method_id"":""LegSA_F04"",""config"":""-"",""sequence"":""BY2H"",""start_mode"":""V3_PROTOCOL"",""output_type"":""imu_point_nav"",""metric"":""up_rmse_m"",""value"":""0.04535210822197352"",""denominator_or_valid_epochs"":""matched=58580/output=58580"",""failure_flag"":""NONE"",""source"":""<CLEAN_ROOT>/stages/CLEAN8_PROTOCOL_V3/07C_FAILURE_FAMILY_CONFIG/FULL_ABLATION_TABLE_V3.csv:12 sha256=44aeaa0302afab54c8179bbb977c9fdac11ebf4f013ac9becdc731840342f4b1"",""notes"":""sealed v3 LegSA row run_id=SEQUENCE_BY2H_F04; read only, never solved or evaluated""}",[],[],[],FULL_RECORD_READ,PRESENT_READ,,,First-delivery subset. Source values preserved; path aliases only. No payload-body read.
HX02-c2ae5fc0670dd482d189,HX02,CSV_ROW,LegSA_F04,unknown,unknown,BY2H,unknown,-,V3_PROTOCOL,unknown,unknown,NONE,<CODE_ROOT>/docs/paper_rebuild/hext/HX02/EXTERNAL_FIVE_CATEGORY_TABLE.csv,CSV:data_row=423,"{""category"":""legsa_reference_v3_sealed"",""method_id"":""LegSA_F04"",""config"":""-"",""sequence"":""BY2H"",""start_mode"":""V3_PROTOCOL"",""output_type"":""imu_point_nav"",""metric"":""yaw_rmse_deg"",""value"":""1.93377013508875"",""denominator_or_valid_epochs"":""matched=58580/output=58580"",""failure_flag"":""NONE"",""source"":""<CLEAN_ROOT>/stages/CLEAN8_PROTOCOL_V3/07C_FAILURE_FAMILY_CONFIG/FULL_ABLATION_TABLE_V3.csv:12 sha256=44aeaa0302afab54c8179bbb977c9fdac11ebf4f013ac9becdc731840342f4b1"",""notes"":""sealed v3 LegSA row run_id=SEQUENCE_BY2H_F04; read only, never solved or evaluated""}",[],[],[],FULL_RECORD_READ,PRESENT_READ,,,First-delivery subset. Source values preserved; path aliases only. No payload-body read.
HX02-8d2df7d249b5af9b2c3a,HX02,CSV_ROW,LegSA_F04,unknown,unknown,BY2H,unknown,-,V3_PROTOCOL,unknown,unknown,NONE,<CODE_ROOT>/docs/paper_rebuild/hext/HX02/EXTERNAL_FIVE_CATEGORY_TABLE.csv,CSV:data_row=424,"{""category"":""legsa_reference_v3_sealed"",""method_id"":""LegSA_F04"",""config"":""-"",""sequence"":""BY2H"",""start_mode"":""V3_PROTOCOL"",""output_type"":""imu_point_nav"",""metric"":""yaw_p95_absolute_deg"",""value"":""3.6481369134119714"",""denominator_or_valid_epochs"":""matched=58580/output=58580"",""failure_flag"":""NONE"",""source"":""<CLEAN_ROOT>/stages/CLEAN8_PROTOCOL_V3/07C_FAILURE_FAMILY_CONFIG/FULL_ABLATION_TABLE_V3.csv:12 sha256=44aeaa0302afab54c8179bbb977c9fdac11ebf4f013ac9becdc731840342f4b1"",""notes"":""sealed v3 LegSA row run_id=SEQUENCE_BY2H_F04; read only, never solved or evaluated""}",[],[],[],FULL_RECORD_READ,PRESENT_READ,,,First-delivery subset. Source values preserved; path aliases only. No payload-body read.
HX02-db91ce6b1324113e5c10,HX02,CSV_ROW,LegSA_F04,unknown,unknown,BY2H,unknown,-,V3_PROTOCOL,unknown,unknown,NONE,<CODE_ROOT>/docs/paper_rebuild/hext/HX02/EXTERNAL_FIVE_CATEGORY_TABLE.csv,CSV:data_row=425,"{""category"":""legsa_reference_v3_sealed"",""method_id"":""LegSA_F04"",""config"":""-"",""sequence"":""BY2H"",""start_mode"":""V3_PROTOCOL"",""output_type"":""imu_point_nav"",""metric"":""roll_rmse_deg"",""value"":""1.9662527055856234"",""denominator_or_valid_epochs"":""matched=58580/output=58580"",""failure_flag"":""NONE"",""source"":""<CLEAN_ROOT>/stages/CLEAN8_PROTOCOL_V3/07C_FAILURE_FAMILY_CONFIG/FULL_ABLATION_TABLE_V3.csv:12 sha256=44aeaa0302afab54c8179bbb977c9fdac11ebf4f013ac9becdc731840342f4b1"",""notes"":""sealed v3 LegSA row run_id=SEQUENCE_BY2H_F04; read only, never solved or evaluated""}",[],[],[],FULL_RECORD_READ,PRESENT_READ,,,First-delivery subset. Source values preserved; path aliases only. No payload-body read.
HX02-77e4fe8cef93faf3697c,HX02,CSV_ROW,LegSA_F04,unknown,unknown,BY2H,unknown,-,V3_PROTOCOL,unknown,unknown,NONE,<CODE_ROOT>/docs/paper_rebuild/hext/HX02/EXTERNAL_FIVE_CATEGORY_TABLE.csv,CSV:data_row=426,"{""category"":""legsa_reference_v3_sealed"",""method_id"":""LegSA_F04"",""config"":""-"",""sequence"":""BY2H"",""start_mode"":""V3_PROTOCOL"",""output_type"":""imu_point_nav"",""metric"":""pitch_rmse_deg"",""value"":""1.6982952989112554"",""denominator_or_valid_epochs"":""matched=58580/output=58580"",""failure_flag"":""NONE"",""source"":""<CLEAN_ROOT>/stages/CLEAN8_PROTOCOL_V3/07C_FAILURE_FAMILY_CONFIG/FULL_ABLATION_TABLE_V3.csv:12 sha256=44aeaa0302afab54c8179bbb977c9fdac11ebf4f013ac9becdc731840342f4b1"",""notes"":""sealed v3 LegSA row run_id=SEQUENCE_BY2H_F04; read only, never solved or evaluated""}",[],[],[],FULL_RECORD_READ,PRESENT_READ,,,First-delivery subset. Source values preserved; path aliases only. No payload-body read.
HX02-757734a5e17de88ee31f,HX02,CSV_ROW,LegSA_F04,unknown,unknown,BY2H,unknown,-,V3_PROTOCOL,unknown,unknown,NONE,<CODE_ROOT>/docs/paper_rebuild/hext/HX02/EXTERNAL_FIVE_CATEGORY_TABLE.csv,CSV:data_row=427,"{""category"":""legsa_reference_v3_sealed"",""method_id"":""LegSA_F04"",""config"":""-"",""sequence"":""BY2H"",""start_mode"":""V3_PROTOCOL"",""output_type"":""imu_point_nav"",""metric"":""coverage_ratio"",""value"":""1.0"",""denominator_or_valid_epochs"":""matched=58580/output=58580"",""failure_flag"":""NONE"",""source"":""<CLEAN_ROOT>/stages/CLEAN8_PROTOCOL_V3/07C_FAILURE_FAMILY_CONFIG/FULL_ABLATION_TABLE_V3.csv:12 sha256=44aeaa0302afab54c8179bbb977c9fdac11ebf4f013ac9becdc731840342f4b1"",""notes"":""sealed v3 LegSA row run_id=SEQUENCE_BY2H_F04; read only, never solved or evaluated""}",[],[],[],FULL_RECORD_READ,PRESENT_READ,,,First-delivery subset. Source values preserved; path aliases only. No payload-body read.
HX02-524bf170d1deefec6e07,HX02,CSV_ROW,LegSA_F01,unknown,unknown,BY2O,unknown,-,V3_PROTOCOL,unknown,unknown,NONE,<CODE_ROOT>/docs/paper_rebuild/hext/HX02/EXTERNAL_FIVE_CATEGORY_TABLE.csv,CSV:data_row=428,"{""category"":""legsa_reference_v3_sealed"",""method_id"":""LegSA_F01"",""config"":""-"",""sequence"":""BY2O"",""start_mode"":""V3_PROTOCOL"",""output_type"":""imu_point_nav"",""metric"":""horizontal_rmse_m"",""value"":""0.06284210260933396"",""denominator_or_valid_epochs"":""matched=76548/output=76548"",""failure_flag"":""NONE"",""source"":""<CLEAN_ROOT>/stages/CLEAN8_PROTOCOL_V3/07C_FAILURE_FAMILY_CONFIG/FULL_ABLATION_TABLE_V3.csv:20 sha256=44aeaa0302afab54c8179bbb977c9fdac11ebf4f013ac9becdc731840342f4b1"",""notes"":""sealed v3 LegSA row run_id=SEQUENCE_BY2O_F01; read only, never solved or evaluated""}",[],[],[],FULL_RECORD_READ,PRESENT_READ,,,First-delivery subset. Source values preserved; path aliases only. No payload-body read.
HX02-f1487bacc8b77c9253bd,HX02,CSV_ROW,LegSA_F01,unknown,unknown,BY2O,unknown,-,V3_PROTOCOL,unknown,unknown,NONE,<CODE_ROOT>/docs/paper_rebuild/hext/HX02/EXTERNAL_FIVE_CATEGORY_TABLE.csv,CSV:data_row=429,"{""category"":""legsa_reference_v3_sealed"",""method_id"":""LegSA_F01"",""config"":""-"",""sequence"":""BY2O"",""start_mode"":""V3_PROTOCOL"",""output_type"":""imu_point_nav"",""metric"":""up_rmse_m"",""value"":""0.043746385631304584"",""denominator_or_valid_epochs"":""matched=76548/output=76548"",""failure_flag"":""NONE"",""source"":""<CLEAN_ROOT>/stages/CLEAN8_PROTOCOL_V3/07C_FAILURE_FAMILY_CONFIG/FULL_ABLATION_TABLE_V3.csv:20 sha256=44aeaa0302afab54c8179bbb977c9fdac11ebf4f013ac9becdc731840342f4b1"",""notes"":""sealed v3 LegSA row run_id=SEQUENCE_BY2O_F01; read only, never solved or evaluated""}",[],[],[],FULL_RECORD_READ,PRESENT_READ,,,First-delivery subset. Source values preserved; path aliases only. No payload-body read.
HX02-227fd979e8f97ab1e580,HX02,CSV_ROW,LegSA_F01,unknown,unknown,BY2O,unknown,-,V3_PROTOCOL,unknown,unknown,NONE,<CODE_ROOT>/docs/paper_rebuild/hext/HX02/EXTERNAL_FIVE_CATEGORY_TABLE.csv,CSV:data_row=430,"{""category"":""legsa_reference_v3_sealed"",""method_id"":""LegSA_F01"",""config"":""-"",""sequence"":""BY2O"",""start_mode"":""V3_PROTOCOL"",""output_type"":""imu_point_nav"",""metric"":""yaw_rmse_deg"",""value"":""5.739037942642961"",""denominator_or_valid_epochs"":""matched=76548/output=76548"",""failure_flag"":""NONE"",""source"":""<CLEAN_ROOT>/stages/CLEAN8_PROTOCOL_V3/07C_FAILURE_FAMILY_CONFIG/FULL_ABLATION_TABLE_V3.csv:20 sha256=44aeaa0302afab54c8179bbb977c9fdac11ebf4f013ac9becdc731840342f4b1"",""notes"":""sealed v3 LegSA row run_id=SEQUENCE_BY2O_F01; read only, never solved or evaluated""}",[],[],[],FULL_RECORD_READ,PRESENT_READ,,,First-delivery subset. Source values preserved; path aliases only. No payload-body read.
HX02-c0e086fcb0a959cc795a,HX02,CSV_ROW,LegSA_F01,unknown,unknown,BY2O,unknown,-,V3_PROTOCOL,unknown,unknown,NONE,<CODE_ROOT>/docs/paper_rebuild/hext/HX02/EXTERNAL_FIVE_CATEGORY_TABLE.csv,CSV:data_row=431,"{""category"":""legsa_reference_v3_sealed"",""method_id"":""LegSA_F01"",""config"":""-"",""sequence"":""BY2O"",""start_mode"":""V3_PROTOCOL"",""output_type"":""imu_point_nav"",""metric"":""yaw_p95_absolute_deg"",""value"":""8.322338952797526"",""denominator_or_valid_epochs"":""matched=76548/output=76548"",""failure_flag"":""NONE"",""source"":""<CLEAN_ROOT>/stages/CLEAN8_PROTOCOL_V3/07C_FAILURE_FAMILY_CONFIG/FULL_ABLATION_TABLE_V3.csv:20 sha256=44aeaa0302afab54c8179bbb977c9fdac11ebf4f013ac9becdc731840342f4b1"",""notes"":""sealed v3 LegSA row run_id=SEQUENCE_BY2O_F01; read only, never solved or evaluated""}",[],[],[],FULL_RECORD_READ,PRESENT_READ,,,First-delivery subset. Source values preserved; path aliases only. No payload-body read.
HX02-4cd383dbac65ea6232a6,HX02,CSV_ROW,LegSA_F01,unknown,unknown,BY2O,unknown,-,V3_PROTOCOL,unknown,unknown,NONE,<CODE_ROOT>/docs/paper_rebuild/hext/HX02/EXTERNAL_FIVE_CATEGORY_TABLE.csv,CSV:data_row=432,"{""category"":""legsa_reference_v3_sealed"",""method_id"":""LegSA_F01"",""config"":""-"",""sequence"":""BY2O"",""start_mode"":""V3_PROTOCOL"",""output_type"":""imu_point_nav"",""metric"":""roll_rmse_deg"",""value"":""1.8638937566682607"",""denominator_or_valid_epochs"":""matched=76548/output=76548"",""failure_flag"":""NONE"",""source"":""<CLEAN_ROOT>/stages/CLEAN8_PROTOCOL_V3/07C_FAILURE_FAMILY_CONFIG/FULL_ABLATION_TABLE_V3.csv:20 sha256=44aeaa0302afab54c8179bbb977c9fdac11ebf4f013ac9becdc731840342f4b1"",""notes"":""sealed v3 LegSA row run_id=SEQUENCE_BY2O_F01; read only, never solved or evaluated""}",[],[],[],FULL_RECORD_READ,PRESENT_READ,,,First-delivery subset. Source values preserved; path aliases only. No payload-body read.
HX02-a6fc83ce673a9bd2bc1f,HX02,CSV_ROW,LegSA_F01,unknown,unknown,BY2O,unknown,-,V3_PROTOCOL,unknown,unknown,NONE,<CODE_ROOT>/docs/paper_rebuild/hext/HX02/EXTERNAL_FIVE_CATEGORY_TABLE.csv,CSV:data_row=433,"{""category"":""legsa_reference_v3_sealed"",""method_id"":""LegSA_F01"",""config"":""-"",""sequence"":""BY2O"",""start_mode"":""V3_PROTOCOL"",""output_type"":""imu_point_nav"",""metric"":""pitch_rmse_deg"",""value"":""1.7427301533457709"",""denominator_or_valid_epochs"":""matched=76548/output=76548"",""failure_flag"":""NONE"",""source"":""<CLEAN_ROOT>/stages/CLEAN8_PROTOCOL_V3/07C_FAILURE_FAMILY_CONFIG/FULL_ABLATION_TABLE_V3.csv:20 sha256=44aeaa0302afab54c8179bbb977c9fdac11ebf4f013ac9becdc731840342f4b1"",""notes"":""sealed v3 LegSA row run_id=SEQUENCE_BY2O_F01; read only, never solved or evaluated""}",[],[],[],FULL_RECORD_READ,PRESENT_READ,,,First-delivery subset. Source values preserved; path aliases only. No payload-body read.
HX02-8c69eda95c8d3b7ab8aa,HX02,CSV_ROW,LegSA_F01,unknown,unknown,BY2O,unknown,-,V3_PROTOCOL,unknown,unknown,NONE,<CODE_ROOT>/docs/paper_rebuild/hext/HX02/EXTERNAL_FIVE_CATEGORY_TABLE.csv,CSV:data_row=434,"{""category"":""legsa_reference_v3_sealed"",""method_id"":""LegSA_F01"",""config"":""-"",""sequence"":""BY2O"",""start_mode"":""V3_PROTOCOL"",""output_type"":""imu_point_nav"",""metric"":""coverage_ratio"",""value"":""1.0"",""denominator_or_valid_epochs"":""matched=76548/output=76548"",""failure_flag"":""NONE"",""source"":""<CLEAN_ROOT>/stages/CLEAN8_PROTOCOL_V3/07C_FAILURE_FAMILY_CONFIG/FULL_ABLATION_TABLE_V3.csv:20 sha256=44aeaa0302afab54c8179bbb977c9fdac11ebf4f013ac9becdc731840342f4b1"",""notes"":""sealed v3 LegSA row run_id=SEQUENCE_BY2O_F01; read only, never solved or evaluated""}",[],[],[],FULL_RECORD_READ,PRESENT_READ,,,First-delivery subset. Source values preserved; path aliases only. No payload-body read.
HX02-523bc6e53da7dd384024,HX02,CSV_ROW,LegSA_F02,unknown,unknown,BY2O,unknown,-,V3_PROTOCOL,unknown,unknown,NONE,<CODE_ROOT>/docs/paper_rebuild/hext/HX02/EXTERNAL_FIVE_CATEGORY_TABLE.csv,CSV:data_row=435,"{""category"":""legsa_reference_v3_sealed"",""method_id"":""LegSA_F02"",""config"":""-"",""sequence"":""BY2O"",""start_mode"":""V3_PROTOCOL"",""output_type"":""imu_point_nav"",""metric"":""horizontal_rmse_m"",""value"":""0.054724671058797664"",""denominator_or_valid_epochs"":""matched=76548/output=76548"",""failure_flag"":""NONE"",""source"":""<CLEAN_ROOT>/stages/CLEAN8_PROTOCOL_V3/07C_FAILURE_FAMILY_CONFIG/FULL_ABLATION_TABLE_V3.csv:21 sha256=44aeaa0302afab54c8179bbb977c9fdac11ebf4f013ac9becdc731840342f4b1"",""notes"":""sealed v3 LegSA row run_id=SEQUENCE_BY2O_F02; read only, never solved or evaluated""}",[],[],[],FULL_RECORD_READ,PRESENT_READ,,,First-delivery subset. Source values preserved; path aliases only. No payload-body read.
HX02-14c8a03e9a2d0ff13c8c,HX02,CSV_ROW,LegSA_F02,unknown,unknown,BY2O,unknown,-,V3_PROTOCOL,unknown,unknown,NONE,<CODE_ROOT>/docs/paper_rebuild/hext/HX02/EXTERNAL_FIVE_CATEGORY_TABLE.csv,CSV:data_row=436,"{""category"":""legsa_reference_v3_sealed"",""method_id"":""LegSA_F02"",""config"":""-"",""sequence"":""BY2O"",""start_mode"":""V3_PROTOCOL"",""output_type"":""imu_point_nav"",""metric"":""up_rmse_m"",""value"":""0.04617448708387419"",""denominator_or_valid_epochs"":""matched=76548/output=76548"",""failure_flag"":""NONE"",""source"":""<CLEAN_ROOT>/stages/CLEAN8_PROTOCOL_V3/07C_FAILURE_FAMILY_CONFIG/FULL_ABLATION_TABLE_V3.csv:21 sha256=44aeaa0302afab54c8179bbb977c9fdac11ebf4f013ac9becdc731840342f4b1"",""notes"":""sealed v3 LegSA row run_id=SEQUENCE_BY2O_F02; read only, never solved or evaluated""}",[],[],[],FULL_RECORD_READ,PRESENT_READ,,,First-delivery subset. Source values preserved; path aliases only. No payload-body read.
HX02-3f81fc3d8e17c1b1f965,HX02,CSV_ROW,LegSA_F02,unknown,unknown,BY2O,unknown,-,V3_PROTOCOL,unknown,unknown,NONE,<CODE_ROOT>/docs/paper_rebuild/hext/HX02/EXTERNAL_FIVE_CATEGORY_TABLE.csv,CSV:data_row=437,"{""category"":""legsa_reference_v3_sealed"",""method_id"":""LegSA_F02"",""config"":""-"",""sequence"":""BY2O"",""start_mode"":""V3_PROTOCOL"",""output_type"":""imu_point_nav"",""metric"":""yaw_rmse_deg"",""value"":""2.309490986722553"",""denominator_or_valid_epochs"":""matched=76548/output=76548"",""failure_flag"":""NONE"",""source"":""<CLEAN_ROOT>/stages/CLEAN8_PROTOCOL_V3/07C_FAILURE_FAMILY_CONFIG/FULL_ABLATION_TABLE_V3.csv:21 sha256=44aeaa0302afab54c8179bbb977c9fdac11ebf4f013ac9becdc731840342f4b1"",""notes"":""sealed v3 LegSA row run_id=SEQUENCE_BY2O_F02; read only, never solved or evaluated""}",[],[],[],FULL_RECORD_READ,PRESENT_READ,,,First-delivery subset. Source values preserved; path aliases only. No payload-body read.
HX02-f39da565097c2268941e,HX02,CSV_ROW,LegSA_F02,unknown,unknown,BY2O,unknown,-,V3_PROTOCOL,unknown,unknown,NONE,<CODE_ROOT>/docs/paper_rebuild/hext/HX02/EXTERNAL_FIVE_CATEGORY_TABLE.csv,CSV:data_row=438,"{""category"":""legsa_reference_v3_sealed"",""method_id"":""LegSA_F02"",""config"":""-"",""sequence"":""BY2O"",""start_mode"":""V3_PROTOCOL"",""output_type"":""imu_point_nav"",""metric"":""yaw_p95_absolute_deg"",""value"":""3.5627391812785363"",""denominator_or_valid_epochs"":""matched=76548/output=76548"",""failure_flag"":""NONE"",""source"":""<CLEAN_ROOT>/stages/CLEAN8_PROTOCOL_V3/07C_FAILURE_FAMILY_CONFIG/FULL_ABLATION_TABLE_V3.csv:21 sha256=44aeaa0302afab54c8179bbb977c9fdac11ebf4f013ac9becdc731840342f4b1"",""notes"":""sealed v3 LegSA row run_id=SEQUENCE_BY2O_F02; read only, never solved or evaluated""}",[],[],[],FULL_RECORD_READ,PRESENT_READ,,,First-delivery subset. Source values preserved; path aliases only. No payload-body read.
HX02-076b632ef57454e056cd,HX02,CSV_ROW,LegSA_F02,unknown,unknown,BY2O,unknown,-,V3_PROTOCOL,unknown,unknown,NONE,<CODE_ROOT>/docs/paper_rebuild/hext/HX02/EXTERNAL_FIVE_CATEGORY_TABLE.csv,CSV:data_row=439,"{""category"":""legsa_reference_v3_sealed"",""method_id"":""LegSA_F02"",""config"":""-"",""sequence"":""BY2O"",""start_mode"":""V3_PROTOCOL"",""output_type"":""imu_point_nav"",""metric"":""roll_rmse_deg"",""value"":""1.8794633592686152"",""denominator_or_valid_epochs"":""matched=76548/output=76548"",""failure_flag"":""NONE"",""source"":""<CLEAN_ROOT>/stages/CLEAN8_PROTOCOL_V3/07C_FAILURE_FAMILY_CONFIG/FULL_ABLATION_TABLE_V3.csv:21 sha256=44aeaa0302afab54c8179bbb977c9fdac11ebf4f013ac9becdc731840342f4b1"",""notes"":""sealed v3 LegSA row run_id=SEQUENCE_BY2O_F02; read only, never solved or evaluated""}",[],[],[],FULL_RECORD_READ,PRESENT_READ,,,First-delivery subset. Source values preserved; path aliases only. No payload-body read.
HX02-3922df4f206aded8569e,HX02,CSV_ROW,LegSA_F02,unknown,unknown,BY2O,unknown,-,V3_PROTOCOL,unknown,unknown,NONE,<CODE_ROOT>/docs/paper_rebuild/hext/HX02/EXTERNAL_FIVE_CATEGORY_TABLE.csv,CSV:data_row=440,"{""category"":""legsa_reference_v3_sealed"",""method_id"":""LegSA_F02"",""config"":""-"",""sequence"":""BY2O"",""start_mode"":""V3_PROTOCOL"",""output_type"":""imu_point_nav"",""metric"":""pitch_rmse_deg"",""value"":""1.731210391662891"",""denominator_or_valid_epochs"":""matched=76548/output=76548"",""failure_flag"":""NONE"",""source"":""<CLEAN_ROOT>/stages/CLEAN8_PROTOCOL_V3/07C_FAILURE_FAMILY_CONFIG/FULL_ABLATION_TABLE_V3.csv:21 sha256=44aeaa0302afab54c8179bbb977c9fdac11ebf4f013ac9becdc731840342f4b1"",""notes"":""sealed v3 LegSA row run_id=SEQUENCE_BY2O_F02; read only, never solved or evaluated""}",[],[],[],FULL_RECORD_READ,PRESENT_READ,,,First-delivery subset. Source values preserved; path aliases only. No payload-body read.
HX02-e964d8ea2c743b36d46c,HX02,CSV_ROW,LegSA_F02,unknown,unknown,BY2O,unknown,-,V3_PROTOCOL,unknown,unknown,NONE,<CODE_ROOT>/docs/paper_rebuild/hext/HX02/EXTERNAL_FIVE_CATEGORY_TABLE.csv,CSV:data_row=441,"{""category"":""legsa_reference_v3_sealed"",""method_id"":""LegSA_F02"",""config"":""-"",""sequence"":""BY2O"",""start_mode"":""V3_PROTOCOL"",""output_type"":""imu_point_nav"",""metric"":""coverage_ratio"",""value"":""1.0"",""denominator_or_valid_epochs"":""matched=76548/output=76548"",""failure_flag"":""NONE"",""source"":""<CLEAN_ROOT>/stages/CLEAN8_PROTOCOL_V3/07C_FAILURE_FAMILY_CONFIG/FULL_ABLATION_TABLE_V3.csv:21 sha256=44aeaa0302afab54c8179bbb977c9fdac11ebf4f013ac9becdc731840342f4b1"",""notes"":""sealed v3 LegSA row run_id=SEQUENCE_BY2O_F02; read only, never solved or evaluated""}",[],[],[],FULL_RECORD_READ,PRESENT_READ,,,First-delivery subset. Source values preserved; path aliases only. No payload-body read.
HX02-0a658e87a02699f341d1,HX02,CSV_ROW,LegSA_F04,unknown,unknown,BY2O,unknown,-,V3_PROTOCOL,unknown,unknown,NONE,<CODE_ROOT>/docs/paper_rebuild/hext/HX02/EXTERNAL_FIVE_CATEGORY_TABLE.csv,CSV:data_row=442,"{""category"":""legsa_reference_v3_sealed"",""method_id"":""LegSA_F04"",""config"":""-"",""sequence"":""BY2O"",""start_mode"":""V3_PROTOCOL"",""output_type"":""imu_point_nav"",""metric"":""horizontal_rmse_m"",""value"":""0.054543210912875166"",""denominator_or_valid_epochs"":""matched=76548/output=76548"",""failure_flag"":""NONE"",""source"":""<CLEAN_ROOT>/stages/CLEAN8_PROTOCOL_V3/07C_FAILURE_FAMILY_CONFIG/FULL_ABLATION_TABLE_V3.csv:23 sha256=44aeaa0302afab54c8179bbb977c9fdac11ebf4f013ac9becdc731840342f4b1"",""notes"":""sealed v3 LegSA row run_id=SEQUENCE_BY2O_F04; read only, never solved or evaluated""}",[],[],[],FULL_RECORD_READ,PRESENT_READ,,,First-delivery subset. Source values preserved; path aliases only. No payload-body read.
HX02-2040b61f41fbb542ff28,HX02,CSV_ROW,LegSA_F04,unknown,unknown,BY2O,unknown,-,V3_PROTOCOL,unknown,unknown,NONE,<CODE_ROOT>/docs/paper_rebuild/hext/HX02/EXTERNAL_FIVE_CATEGORY_TABLE.csv,CSV:data_row=443,"{""category"":""legsa_reference_v3_sealed"",""method_id"":""LegSA_F04"",""config"":""-"",""sequence"":""BY2O"",""start_mode"":""V3_PROTOCOL"",""output_type"":""imu_point_nav"",""metric"":""up_rmse_m"",""value"":""0.04585890723786377"",""denominator_or_valid_epochs"":""matched=76548/output=76548"",""failure_flag"":""NONE"",""source"":""<CLEAN_ROOT>/stages/CLEAN8_PROTOCOL_V3/07C_FAILURE_FAMILY_CONFIG/FULL_ABLATION_TABLE_V3.csv:23 sha256=44aeaa0302afab54c8179bbb977c9fdac11ebf4f013ac9becdc731840342f4b1"",""notes"":""sealed v3 LegSA row run_id=SEQUENCE_BY2O_F04; read only, never solved or evaluated""}",[],[],[],FULL_RECORD_READ,PRESENT_READ,,,First-delivery subset. Source values preserved; path aliases only. No payload-body read.
HX02-a515b978698b3583541b,HX02,CSV_ROW,LegSA_F04,unknown,unknown,BY2O,unknown,-,V3_PROTOCOL,unknown,unknown,NONE,<CODE_ROOT>/docs/paper_rebuild/hext/HX02/EXTERNAL_FIVE_CATEGORY_TABLE.csv,CSV:data_row=444,"{""category"":""legsa_reference_v3_sealed"",""method_id"":""LegSA_F04"",""config"":""-"",""sequence"":""BY2O"",""start_mode"":""V3_PROTOCOL"",""output_type"":""imu_point_nav"",""metric"":""yaw_rmse_deg"",""value"":""2.433814932823714"",""denominator_or_valid_epochs"":""matched=76548/output=76548"",""failure_flag"":""NONE"",""source"":""<CLEAN_ROOT>/stages/CLEAN8_PROTOCOL_V3/07C_FAILURE_FAMILY_CONFIG/FULL_ABLATION_TABLE_V3.csv:23 sha256=44aeaa0302afab54c8179bbb977c9fdac11ebf4f013ac9becdc731840342f4b1"",""notes"":""sealed v3 LegSA row run_id=SEQUENCE_BY2O_F04; read only, never solved or evaluated""}",[],[],[],FULL_RECORD_READ,PRESENT_READ,,,First-delivery subset. Source values preserved; path aliases only. No payload-body read.
HX02-b63d8e740b887d078843,HX02,CSV_ROW,LegSA_F04,unknown,unknown,BY2O,unknown,-,V3_PROTOCOL,unknown,unknown,NONE,<CODE_ROOT>/docs/paper_rebuild/hext/HX02/EXTERNAL_FIVE_CATEGORY_TABLE.csv,CSV:data_row=445,"{""category"":""legsa_reference_v3_sealed"",""method_id"":""LegSA_F04"",""config"":""-"",""sequence"":""BY2O"",""start_mode"":""V3_PROTOCOL"",""output_type"":""imu_point_nav"",""metric"":""yaw_p95_absolute_deg"",""value"":""3.709243297643519"",""denominator_or_valid_epochs"":""matched=76548/output=76548"",""failure_flag"":""NONE"",""source"":""<CLEAN_ROOT>/stages/CLEAN8_PROTOCOL_V3/07C_FAILURE_FAMILY_CONFIG/FULL_ABLATION_TABLE_V3.csv:23 sha256=44aeaa0302afab54c8179bbb977c9fdac11ebf4f013ac9becdc731840342f4b1"",""notes"":""sealed v3 LegSA row run_id=SEQUENCE_BY2O_F04; read only, never solved or evaluated""}",[],[],[],FULL_RECORD_READ,PRESENT_READ,,,First-delivery subset. Source values preserved; path aliases only. No payload-body read.
HX02-450c3b81e435def9f4a3,HX02,CSV_ROW,LegSA_F04,unknown,unknown,BY2O,unknown,-,V3_PROTOCOL,unknown,unknown,NONE,<CODE_ROOT>/docs/paper_rebuild/hext/HX02/EXTERNAL_FIVE_CATEGORY_TABLE.csv,CSV:data_row=446,"{""category"":""legsa_reference_v3_sealed"",""method_id"":""LegSA_F04"",""config"":""-"",""sequence"":""BY2O"",""start_mode"":""V3_PROTOCOL"",""output_type"":""imu_point_nav"",""metric"":""roll_rmse_deg"",""value"":""1.5071123881620372"",""denominator_or_valid_epochs"":""matched=76548/output=76548"",""failure_flag"":""NONE"",""source"":""<CLEAN_ROOT>/stages/CLEAN8_PROTOCOL_V3/07C_FAILURE_FAMILY_CONFIG/FULL_ABLATION_TABLE_V3.csv:23 sha256=44aeaa0302afab54c8179bbb977c9fdac11ebf4f013ac9becdc731840342f4b1"",""notes"":""sealed v3 LegSA row run_id=SEQUENCE_BY2O_F04; read only, never solved or evaluated""}",[],[],[],FULL_RECORD_READ,PRESENT_READ,,,First-delivery subset. Source values preserved; path aliases only. No payload-body read.
HX02-7f1e6a27565fc1c951c1,HX02,CSV_ROW,LegSA_F04,unknown,unknown,BY2O,unknown,-,V3_PROTOCOL,unknown,unknown,NONE,<CODE_ROOT>/docs/paper_rebuild/hext/HX02/EXTERNAL_FIVE_CATEGORY_TABLE.csv,CSV:data_row=447,"{""category"":""legsa_reference_v3_sealed"",""method_id"":""LegSA_F04"",""config"":""-"",""sequence"":""BY2O"",""start_mode"":""V3_PROTOCOL"",""output_type"":""imu_point_nav"",""metric"":""pitch_rmse_deg"",""value"":""1.6950312543923702"",""denominator_or_valid_epochs"":""matched=76548/output=76548"",""failure_flag"":""NONE"",""source"":""<CLEAN_ROOT>/stages/CLEAN8_PROTOCOL_V3/07C_FAILURE_FAMILY_CONFIG/FULL_ABLATION_TABLE_V3.csv:23 sha256=44aeaa0302afab54c8179bbb977c9fdac11ebf4f013ac9becdc731840342f4b1"",""notes"":""sealed v3 LegSA row run_id=SEQUENCE_BY2O_F04; read only, never solved or evaluated""}",[],[],[],FULL_RECORD_READ,PRESENT_READ,,,First-delivery subset. Source values preserved; path aliases only. No payload-body read.
HX02-cef3a1209e743a9afdf4,HX02,CSV_ROW,LegSA_F04,unknown,unknown,BY2O,unknown,-,V3_PROTOCOL,unknown,unknown,NONE,<CODE_ROOT>/docs/paper_rebuild/hext/HX02/EXTERNAL_FIVE_CATEGORY_TABLE.csv,CSV:data_row=448,"{""category"":""legsa_reference_v3_sealed"",""method_id"":""LegSA_F04"",""config"":""-"",""sequence"":""BY2O"",""start_mode"":""V3_PROTOCOL"",""output_type"":""imu_point_nav"",""metric"":""coverage_ratio"",""value"":""1.0"",""denominator_or_valid_epochs"":""matched=76548/output=76548"",""failure_flag"":""NONE"",""source"":""<CLEAN_ROOT>/stages/CLEAN8_PROTOCOL_V3/07C_FAILURE_FAMILY_CONFIG/FULL_ABLATION_TABLE_V3.csv:23 sha256=44aeaa0302afab54c8179bbb977c9fdac11ebf4f013ac9becdc731840342f4b1"",""notes"":""sealed v3 LegSA row run_id=SEQUENCE_BY2O_F04; read only, never solved or evaluated""}",[],[],[],FULL_RECORD_READ,PRESENT_READ,,,First-delivery subset. Source values preserved; path aliases only. No payload-body read.
HX02-81d23e25e475cc36598b,HX02,CSV_ROW,LegSA_F01,unknown,unknown,BY2,unknown,-,V3_PROTOCOL,unknown,unknown,NONE,<CODE_ROOT>/docs/paper_rebuild/hext/HX02/EXTERNAL_FIVE_CATEGORY_TABLE.csv,CSV:data_row=449,"{""category"":""legsa_reference_v3_sealed"",""method_id"":""LegSA_F01"",""config"":""-"",""sequence"":""BY2"",""start_mode"":""V3_PROTOCOL"",""output_type"":""imu_point_nav"",""metric"":""horizontal_rmse_m"",""value"":""0.09177145533263088"",""denominator_or_valid_epochs"":""matched=56642/output=56642"",""failure_flag"":""NONE"",""source"":""<CLEAN_ROOT>/stages/CLEAN8_PROTOCOL_V3/07C_FAILURE_FAMILY_CONFIG/FULL_ABLATION_TABLE_V3.csv:24 sha256=44aeaa0302afab54c8179bbb977c9fdac11ebf4f013ac9becdc731840342f4b1"",""notes"":""sealed v3 LegSA row run_id=RUN_00001; read only, never solved or evaluated""}",[],[],[],FULL_RECORD_READ,PRESENT_READ,,,First-delivery subset. Source values preserved; path aliases only. No payload-body read.
HX02-35c3c11a3cdf121d9b82,HX02,CSV_ROW,LegSA_F01,unknown,unknown,BY2,unknown,-,V3_PROTOCOL,unknown,unknown,NONE,<CODE_ROOT>/docs/paper_rebuild/hext/HX02/EXTERNAL_FIVE_CATEGORY_TABLE.csv,CSV:data_row=450,"{""category"":""legsa_reference_v3_sealed"",""method_id"":""LegSA_F01"",""config"":""-"",""sequence"":""BY2"",""start_mode"":""V3_PROTOCOL"",""output_type"":""imu_point_nav"",""metric"":""up_rmse_m"",""value"":""0.04788054380877193"",""denominator_or_valid_epochs"":""matched=56642/output=56642"",""failure_flag"":""NONE"",""source"":""<CLEAN_ROOT>/stages/CLEAN8_PROTOCOL_V3/07C_FAILURE_FAMILY_CONFIG/FULL_ABLATION_TABLE_V3.csv:24 sha256=44aeaa0302afab54c8179bbb977c9fdac11ebf4f013ac9becdc731840342f4b1"",""notes"":""sealed v3 LegSA row run_id=RUN_00001; read only, never solved or evaluated""}",[],[],[],FULL_RECORD_READ,PRESENT_READ,,,First-delivery subset. Source values preserved; path aliases only. No payload-body read.
HX02-7ff4a8f8980d66a2c3f5,HX02,CSV_ROW,LegSA_F01,unknown,unknown,BY2,unknown,-,V3_PROTOCOL,unknown,unknown,NONE,<CODE_ROOT>/docs/paper_rebuild/hext/HX02/EXTERNAL_FIVE_CATEGORY_TABLE.csv,CSV:data_row=451,"{""category"":""legsa_reference_v3_sealed"",""method_id"":""LegSA_F01"",""config"":""-"",""sequence"":""BY2"",""start_mode"":""V3_PROTOCOL"",""output_type"":""imu_point_nav"",""metric"":""yaw_rmse_deg"",""value"":""8.089647422454789"",""denominator_or_valid_epochs"":""matched=56642/output=56642"",""failure_flag"":""NONE"",""source"":""<CLEAN_ROOT>/stages/CLEAN8_PROTOCOL_V3/07C_FAILURE_FAMILY_CONFIG/FULL_ABLATION_TABLE_V3.csv:24 sha256=44aeaa0302afab54c8179bbb977c9fdac11ebf4f013ac9becdc731840342f4b1"",""notes"":""sealed v3 LegSA row run_id=RUN_00001; read only, never solved or evaluated""}",[],[],[],FULL_RECORD_READ,PRESENT_READ,,,First-delivery subset. Source values preserved; path aliases only. No payload-body read.
HX02-d24fc241adac7e8b6796,HX02,CSV_ROW,LegSA_F01,unknown,unknown,BY2,unknown,-,V3_PROTOCOL,unknown,unknown,NONE,<CODE_ROOT>/docs/paper_rebuild/hext/HX02/EXTERNAL_FIVE_CATEGORY_TABLE.csv,CSV:data_row=452,"{""category"":""legsa_reference_v3_sealed"",""method_id"":""LegSA_F01"",""config"":""-"",""sequence"":""BY2"",""start_mode"":""V3_PROTOCOL"",""output_type"":""imu_point_nav"",""metric"":""yaw_p95_absolute_deg"",""value"":""12.27610934742262"",""denominator_or_valid_epochs"":""matched=56642/output=56642"",""failure_flag"":""NONE"",""source"":""<CLEAN_ROOT>/stages/CLEAN8_PROTOCOL_V3/07C_FAILURE_FAMILY_CONFIG/FULL_ABLATION_TABLE_V3.csv:24 sha256=44aeaa0302afab54c8179bbb977c9fdac11ebf4f013ac9becdc731840342f4b1"",""notes"":""sealed v3 LegSA row run_id=RUN_00001; read only, never solved or evaluated""}",[],[],[],FULL_RECORD_READ,PRESENT_READ,,,First-delivery subset. Source values preserved; path aliases only. No payload-body read.
HX02-a57c35c1d2359996c49e,HX02,CSV_ROW,LegSA_F01,unknown,unknown,BY2,unknown,-,V3_PROTOCOL,unknown,unknown,NONE,<CODE_ROOT>/docs/paper_rebuild/hext/HX02/EXTERNAL_FIVE_CATEGORY_TABLE.csv,CSV:data_row=453,"{""category"":""legsa_reference_v3_sealed"",""method_id"":""LegSA_F01"",""config"":""-"",""sequence"":""BY2"",""start_mode"":""V3_PROTOCOL"",""output_type"":""imu_point_nav"",""metric"":""roll_rmse_deg"",""value"":""3.3312964026882526"",""denominator_or_valid_epochs"":""matched=56642/output=56642"",""failure_flag"":""NONE"",""source"":""<CLEAN_ROOT>/stages/CLEAN8_PROTOCOL_V3/07C_FAILURE_FAMILY_CONFIG/FULL_ABLATION_TABLE_V3.csv:24 sha256=44aeaa0302afab54c8179bbb977c9fdac11ebf4f013ac9becdc731840342f4b1"",""notes"":""sealed v3 LegSA row run_id=RUN_00001; read only, never solved or evaluated""}",[],[],[],FULL_RECORD_READ,PRESENT_READ,,,First-delivery subset. Source values preserved; path aliases only. No payload-body read.
HX02-17463a4548e988ea7444,HX02,CSV_ROW,LegSA_F01,unknown,unknown,BY2,unknown,-,V3_PROTOCOL,unknown,unknown,NONE,<CODE_ROOT>/docs/paper_rebuild/hext/HX02/EXTERNAL_FIVE_CATEGORY_TABLE.csv,CSV:data_row=454,"{""category"":""legsa_reference_v3_sealed"",""method_id"":""LegSA_F01"",""config"":""-"",""sequence"":""BY2"",""start_mode"":""V3_PROTOCOL"",""output_type"":""imu_point_nav"",""metric"":""pitch_rmse_deg"",""value"":""2.933247658474164"",""denominator_or_valid_epochs"":""matched=56642/output=56642"",""failure_flag"":""NONE"",""source"":""<CLEAN_ROOT>/stages/CLEAN8_PROTOCOL_V3/07C_FAILURE_FAMILY_CONFIG/FULL_ABLATION_TABLE_V3.csv:24 sha256=44aeaa0302afab54c8179bbb977c9fdac11ebf4f013ac9becdc731840342f4b1"",""notes"":""sealed v3 LegSA row run_id=RUN_00001; read only, never solved or evaluated""}",[],[],[],FULL_RECORD_READ,PRESENT_READ,,,First-delivery subset. Source values preserved; path aliases only. No payload-body read.
HX02-dca5fd7c6b8142d33081,HX02,CSV_ROW,LegSA_F01,unknown,unknown,BY2,unknown,-,V3_PROTOCOL,unknown,unknown,NONE,<CODE_ROOT>/docs/paper_rebuild/hext/HX02/EXTERNAL_FIVE_CATEGORY_TABLE.csv,CSV:data_row=455,"{""category"":""legsa_reference_v3_sealed"",""method_id"":""LegSA_F01"",""config"":""-"",""sequence"":""BY2"",""start_mode"":""V3_PROTOCOL"",""output_type"":""imu_point_nav"",""metric"":""coverage_ratio"",""value"":""1.0"",""denominator_or_valid_epochs"":""matched=56642/output=56642"",""failure_flag"":""NONE"",""source"":""<CLEAN_ROOT>/stages/CLEAN8_PROTOCOL_V3/07C_FAILURE_FAMILY_CONFIG/FULL_ABLATION_TABLE_V3.csv:24 sha256=44aeaa0302afab54c8179bbb977c9fdac11ebf4f013ac9becdc731840342f4b1"",""notes"":""sealed v3 LegSA row run_id=RUN_00001; read only, never solved or evaluated""}",[],[],[],FULL_RECORD_READ,PRESENT_READ,,,First-delivery subset. Source values preserved; path aliases only. No payload-body read.
HX02-64e58bc92d542a61a8ad,HX02,CSV_ROW,LegSA_F02,unknown,unknown,BY2,unknown,-,V3_PROTOCOL,unknown,unknown,NONE,<CODE_ROOT>/docs/paper_rebuild/hext/HX02/EXTERNAL_FIVE_CATEGORY_TABLE.csv,CSV:data_row=456,"{""category"":""legsa_reference_v3_sealed"",""method_id"":""LegSA_F02"",""config"":""-"",""sequence"":""BY2"",""start_mode"":""V3_PROTOCOL"",""output_type"":""imu_point_nav"",""metric"":""horizontal_rmse_m"",""value"":""0.10192187334932777"",""denominator_or_valid_epochs"":""matched=56642/output=56642"",""failure_flag"":""NONE"",""source"":""<CLEAN_ROOT>/stages/CLEAN8_PROTOCOL_V3/07C_FAILURE_FAMILY_CONFIG/FULL_ABLATION_TABLE_V3.csv:25 sha256=44aeaa0302afab54c8179bbb977c9fdac11ebf4f013ac9becdc731840342f4b1"",""notes"":""sealed v3 LegSA row run_id=RUN_00002; read only, never solved or evaluated""}",[],[],[],FULL_RECORD_READ,PRESENT_READ,,,First-delivery subset. Source values preserved; path aliases only. No payload-body read.
HX02-95ea638e758cfae7290b,HX02,CSV_ROW,LegSA_F02,unknown,unknown,BY2,unknown,-,V3_PROTOCOL,unknown,unknown,NONE,<CODE_ROOT>/docs/paper_rebuild/hext/HX02/EXTERNAL_FIVE_CATEGORY_TABLE.csv,CSV:data_row=457,"{""category"":""legsa_reference_v3_sealed"",""method_id"":""LegSA_F02"",""config"":""-"",""sequence"":""BY2"",""start_mode"":""V3_PROTOCOL"",""output_type"":""imu_point_nav"",""metric"":""up_rmse_m"",""value"":""0.04806842213318387"",""denominator_or_valid_epochs"":""matched=56642/output=56642"",""failure_flag"":""NONE"",""source"":""<CLEAN_ROOT>/stages/CLEAN8_PROTOCOL_V3/07C_FAILURE_FAMILY_CONFIG/FULL_ABLATION_TABLE_V3.csv:25 sha256=44aeaa0302afab54c8179bbb977c9fdac11ebf4f013ac9becdc731840342f4b1"",""notes"":""sealed v3 LegSA row run_id=RUN_00002; read only, never solved or evaluated""}",[],[],[],FULL_RECORD_READ,PRESENT_READ,,,First-delivery subset. Source values preserved; path aliases only. No payload-body read.
HX02-8b203b89c06ba2707793,HX02,CSV_ROW,LegSA_F02,unknown,unknown,BY2,unknown,-,V3_PROTOCOL,unknown,unknown,NONE,<CODE_ROOT>/docs/paper_rebuild/hext/HX02/EXTERNAL_FIVE_CATEGORY_TABLE.csv,CSV:data_row=458,"{""category"":""legsa_reference_v3_sealed"",""method_id"":""LegSA_F02"",""config"":""-"",""sequence"":""BY2"",""start_mode"":""V3_PROTOCOL"",""output_type"":""imu_point_nav"",""metric"":""yaw_rmse_deg"",""value"":""2.231952255808013"",""denominator_or_valid_epochs"":""matched=56642/output=56642"",""failure_flag"":""NONE"",""source"":""<CLEAN_ROOT>/stages/CLEAN8_PROTOCOL_V3/07C_FAILURE_FAMILY_CONFIG/FULL_ABLATION_TABLE_V3.csv:25 sha256=44aeaa0302afab54c8179bbb977c9fdac11ebf4f013ac9becdc731840342f4b1"",""notes"":""sealed v3 LegSA row run_id=RUN_00002; read only, never solved or evaluated""}",[],[],[],FULL_RECORD_READ,PRESENT_READ,,,First-delivery subset. Source values preserved; path aliases only. No payload-body read.
HX02-bff5782b5576935eabb3,HX02,CSV_ROW,LegSA_F02,unknown,unknown,BY2,unknown,-,V3_PROTOCOL,unknown,unknown,NONE,<CODE_ROOT>/docs/paper_rebuild/hext/HX02/EXTERNAL_FIVE_CATEGORY_TABLE.csv,CSV:data_row=459,"{""category"":""legsa_reference_v3_sealed"",""method_id"":""LegSA_F02"",""config"":""-"",""sequence"":""BY2"",""start_mode"":""V3_PROTOCOL"",""output_type"":""imu_point_nav"",""metric"":""yaw_p95_absolute_deg"",""value"":""4.321521988649086"",""denominator_or_valid_epochs"":""matched=56642/output=56642"",""failure_flag"":""NONE"",""source"":""<CLEAN_ROOT>/stages/CLEAN8_PROTOCOL_V3/07C_FAILURE_FAMILY_CONFIG/FULL_ABLATION_TABLE_V3.csv:25 sha256=44aeaa0302afab54c8179bbb977c9fdac11ebf4f013ac9becdc731840342f4b1"",""notes"":""sealed v3 LegSA row run_id=RUN_00002; read only, never solved or evaluated""}",[],[],[],FULL_RECORD_READ,PRESENT_READ,,,First-delivery subset. Source values preserved; path aliases only. No payload-body read.
HX02-bb326598756bd7a57221,HX02,CSV_ROW,LegSA_F02,unknown,unknown,BY2,unknown,-,V3_PROTOCOL,unknown,unknown,NONE,<CODE_ROOT>/docs/paper_rebuild/hext/HX02/EXTERNAL_FIVE_CATEGORY_TABLE.csv,CSV:data_row=460,"{""category"":""legsa_reference_v3_sealed"",""method_id"":""LegSA_F02"",""config"":""-"",""sequence"":""BY2"",""start_mode"":""V3_PROTOCOL"",""output_type"":""imu_point_nav"",""metric"":""roll_rmse_deg"",""value"":""3.3352522481511127"",""denominator_or_valid_epochs"":""matched=56642/output=56642"",""failure_flag"":""NONE"",""source"":""<CLEAN_ROOT>/stages/CLEAN8_PROTOCOL_V3/07C_FAILURE_FAMILY_CONFIG/FULL_ABLATION_TABLE_V3.csv:25 sha256=44aeaa0302afab54c8179bbb977c9fdac11ebf4f013ac9becdc731840342f4b1"",""notes"":""sealed v3 LegSA row run_id=RUN_00002; read only, never solved or evaluated""}",[],[],[],FULL_RECORD_READ,PRESENT_READ,,,First-delivery subset. Source values preserved; path aliases only. No payload-body read.
HX02-e85961c215277807af08,HX02,CSV_ROW,LegSA_F02,unknown,unknown,BY2,unknown,-,V3_PROTOCOL,unknown,unknown,NONE,<CODE_ROOT>/docs/paper_rebuild/hext/HX02/EXTERNAL_FIVE_CATEGORY_TABLE.csv,CSV:data_row=461,"{""category"":""legsa_reference_v3_sealed"",""method_id"":""LegSA_F02"",""config"":""-"",""sequence"":""BY2"",""start_mode"":""V3_PROTOCOL"",""output_type"":""imu_point_nav"",""metric"":""pitch_rmse_deg"",""value"":""2.9227955239249788"",""denominator_or_valid_epochs"":""matched=56642/output=56642"",""failure_flag"":""NONE"",""source"":""<CLEAN_ROOT>/stages/CLEAN8_PROTOCOL_V3/07C_FAILURE_FAMILY_CONFIG/FULL_ABLATION_TABLE_V3.csv:25 sha256=44aeaa0302afab54c8179bbb977c9fdac11ebf4f013ac9becdc731840342f4b1"",""notes"":""sealed v3 LegSA row run_id=RUN_00002; read only, never solved or evaluated""}",[],[],[],FULL_RECORD_READ,PRESENT_READ,,,First-delivery subset. Source values preserved; path aliases only. No payload-body read.
HX02-e20ebdb053266c306577,HX02,CSV_ROW,LegSA_F02,unknown,unknown,BY2,unknown,-,V3_PROTOCOL,unknown,unknown,NONE,<CODE_ROOT>/docs/paper_rebuild/hext/HX02/EXTERNAL_FIVE_CATEGORY_TABLE.csv,CSV:data_row=462,"{""category"":""legsa_reference_v3_sealed"",""method_id"":""LegSA_F02"",""config"":""-"",""sequence"":""BY2"",""start_mode"":""V3_PROTOCOL"",""output_type"":""imu_point_nav"",""metric"":""coverage_ratio"",""value"":""1.0"",""denominator_or_valid_epochs"":""matched=56642/output=56642"",""failure_flag"":""NONE"",""source"":""<CLEAN_ROOT>/stages/CLEAN8_PROTOCOL_V3/07C_FAILURE_FAMILY_CONFIG/FULL_ABLATION_TABLE_V3.csv:25 sha256=44aeaa0302afab54c8179bbb977c9fdac11ebf4f013ac9becdc731840342f4b1"",""notes"":""sealed v3 LegSA row run_id=RUN_00002; read only, never solved or evaluated""}",[],[],[],FULL_RECORD_READ,PRESENT_READ,,,First-delivery subset. Source values preserved; path aliases only. No payload-body read.
HX02-d7f655e0996a28a102ca,HX02,CSV_ROW,LegSA_F04,unknown,unknown,BY2,unknown,-,V3_PROTOCOL,unknown,unknown,NONE,<CODE_ROOT>/docs/paper_rebuild/hext/HX02/EXTERNAL_FIVE_CATEGORY_TABLE.csv,CSV:data_row=463,"{""category"":""legsa_reference_v3_sealed"",""method_id"":""LegSA_F04"",""config"":""-"",""sequence"":""BY2"",""start_mode"":""V3_PROTOCOL"",""output_type"":""imu_point_nav"",""metric"":""horizontal_rmse_m"",""value"":""0.09790607774950152"",""denominator_or_valid_epochs"":""matched=56642/output=56642"",""failure_flag"":""NONE"",""source"":""<CLEAN_ROOT>/stages/CLEAN8_PROTOCOL_V3/07C_FAILURE_FAMILY_CONFIG/FULL_ABLATION_TABLE_V3.csv:27 sha256=44aeaa0302afab54c8179bbb977c9fdac11ebf4f013ac9becdc731840342f4b1"",""notes"":""sealed v3 LegSA row run_id=RUN_00004; read only, never solved or evaluated""}",[],[],[],FULL_RECORD_READ,PRESENT_READ,,,First-delivery subset. Source values preserved; path aliases only. No payload-body read.
HX02-bac0c5743de44e15159a,HX02,CSV_ROW,LegSA_F04,unknown,unknown,BY2,unknown,-,V3_PROTOCOL,unknown,unknown,NONE,<CODE_ROOT>/docs/paper_rebuild/hext/HX02/EXTERNAL_FIVE_CATEGORY_TABLE.csv,CSV:data_row=464,"{""category"":""legsa_reference_v3_sealed"",""method_id"":""LegSA_F04"",""config"":""-"",""sequence"":""BY2"",""start_mode"":""V3_PROTOCOL"",""output_type"":""imu_point_nav"",""metric"":""up_rmse_m"",""value"":""0.04899590433188947"",""denominator_or_valid_epochs"":""matched=56642/output=56642"",""failure_flag"":""NONE"",""source"":""<CLEAN_ROOT>/stages/CLEAN8_PROTOCOL_V3/07C_FAILURE_FAMILY_CONFIG/FULL_ABLATION_TABLE_V3.csv:27 sha256=44aeaa0302afab54c8179bbb977c9fdac11ebf4f013ac9becdc731840342f4b1"",""notes"":""sealed v3 LegSA row run_id=RUN_00004; read only, never solved or evaluated""}",[],[],[],FULL_RECORD_READ,PRESENT_READ,,,First-delivery subset. Source values preserved; path aliases only. No payload-body read.
HX02-b94d95fa00bf31c3d494,HX02,CSV_ROW,LegSA_F04,unknown,unknown,BY2,unknown,-,V3_PROTOCOL,unknown,unknown,NONE,<CODE_ROOT>/docs/paper_rebuild/hext/HX02/EXTERNAL_FIVE_CATEGORY_TABLE.csv,CSV:data_row=465,"{""category"":""legsa_reference_v3_sealed"",""method_id"":""LegSA_F04"",""config"":""-"",""sequence"":""BY2"",""start_mode"":""V3_PROTOCOL"",""output_type"":""imu_point_nav"",""metric"":""yaw_rmse_deg"",""value"":""1.8862718548526467"",""denominator_or_valid_epochs"":""matched=56642/output=56642"",""failure_flag"":""NONE"",""source"":""<CLEAN_ROOT>/stages/CLEAN8_PROTOCOL_V3/07C_FAILURE_FAMILY_CONFIG/FULL_ABLATION_TABLE_V3.csv:27 sha256=44aeaa0302afab54c8179bbb977c9fdac11ebf4f013ac9becdc731840342f4b1"",""notes"":""sealed v3 LegSA row run_id=RUN_00004; read only, never solved or evaluated""}",[],[],[],FULL_RECORD_READ,PRESENT_READ,,,First-delivery subset. Source values preserved; path aliases only. No payload-body read.
HX02-1e44781e760e78f2ff69,HX02,CSV_ROW,LegSA_F04,unknown,unknown,BY2,unknown,-,V3_PROTOCOL,unknown,unknown,NONE,<CODE_ROOT>/docs/paper_rebuild/hext/HX02/EXTERNAL_FIVE_CATEGORY_TABLE.csv,CSV:data_row=466,"{""category"":""legsa_reference_v3_sealed"",""method_id"":""LegSA_F04"",""config"":""-"",""sequence"":""BY2"",""start_mode"":""V3_PROTOCOL"",""output_type"":""imu_point_nav"",""metric"":""yaw_p95_absolute_deg"",""value"":""3.518066976630167"",""denominator_or_valid_epochs"":""matched=56642/output=56642"",""failure_flag"":""NONE"",""source"":""<CLEAN_ROOT>/stages/CLEAN8_PROTOCOL_V3/07C_FAILURE_FAMILY_CONFIG/FULL_ABLATION_TABLE_V3.csv:27 sha256=44aeaa0302afab54c8179bbb977c9fdac11ebf4f013ac9becdc731840342f4b1"",""notes"":""sealed v3 LegSA row run_id=RUN_00004; read only, never solved or evaluated""}",[],[],[],FULL_RECORD_READ,PRESENT_READ,,,First-delivery subset. Source values preserved; path aliases only. No payload-body read.
HX02-80b0fd114c1e61a9aab1,HX02,CSV_ROW,LegSA_F04,unknown,unknown,BY2,unknown,-,V3_PROTOCOL,unknown,unknown,NONE,<CODE_ROOT>/docs/paper_rebuild/hext/HX02/EXTERNAL_FIVE_CATEGORY_TABLE.csv,CSV:data_row=467,"{""category"":""legsa_reference_v3_sealed"",""method_id"":""LegSA_F04"",""config"":""-"",""sequence"":""BY2"",""start_mode"":""V3_PROTOCOL"",""output_type"":""imu_point_nav"",""metric"":""roll_rmse_deg"",""value"":""2.254340402339318"",""denominator_or_valid_epochs"":""matched=56642/output=56642"",""failure_flag"":""NONE"",""source"":""<CLEAN_ROOT>/stages/CLEAN8_PROTOCOL_V3/07C_FAILURE_FAMILY_CONFIG/FULL_ABLATION_TABLE_V3.csv:27 sha256=44aeaa0302afab54c8179bbb977c9fdac11ebf4f013ac9becdc731840342f4b1"",""notes"":""sealed v3 LegSA row run_id=RUN_00004; read only, never solved or evaluated""}",[],[],[],FULL_RECORD_READ,PRESENT_READ,,,First-delivery subset. Source values preserved; path aliases only. No payload-body read.
HX02-41cfca33d63eb2bce891,HX02,CSV_ROW,LegSA_F04,unknown,unknown,BY2,unknown,-,V3_PROTOCOL,unknown,unknown,NONE,<CODE_ROOT>/docs/paper_rebuild/hext/HX02/EXTERNAL_FIVE_CATEGORY_TABLE.csv,CSV:data_row=468,"{""category"":""legsa_reference_v3_sealed"",""method_id"":""LegSA_F04"",""config"":""-"",""sequence"":""BY2"",""start_mode"":""V3_PROTOCOL"",""output_type"":""imu_point_nav"",""metric"":""pitch_rmse_deg"",""value"":""2.265490744005314"",""denominator_or_valid_epochs"":""matched=56642/output=56642"",""failure_flag"":""NONE"",""source"":""<CLEAN_ROOT>/stages/CLEAN8_PROTOCOL_V3/07C_FAILURE_FAMILY_CONFIG/FULL_ABLATION_TABLE_V3.csv:27 sha256=44aeaa0302afab54c8179bbb977c9fdac11ebf4f013ac9becdc731840342f4b1"",""notes"":""sealed v3 LegSA row run_id=RUN_00004; read only, never solved or evaluated""}",[],[],[],FULL_RECORD_READ,PRESENT_READ,,,First-delivery subset. Source values preserved; path aliases only. No payload-body read.
HX02-2cb4f21930116f095bb3,HX02,CSV_ROW,LegSA_F04,unknown,unknown,BY2,unknown,-,V3_PROTOCOL,unknown,unknown,NONE,<CODE_ROOT>/docs/paper_rebuild/hext/HX02/EXTERNAL_FIVE_CATEGORY_TABLE.csv,CSV:data_row=469,"{""category"":""legsa_reference_v3_sealed"",""method_id"":""LegSA_F04"",""config"":""-"",""sequence"":""BY2"",""start_mode"":""V3_PROTOCOL"",""output_type"":""imu_point_nav"",""metric"":""coverage_ratio"",""value"":""1.0"",""denominator_or_valid_epochs"":""matched=56642/output=56642"",""failure_flag"":""NONE"",""source"":""<CLEAN_ROOT>/stages/CLEAN8_PROTOCOL_V3/07C_FAILURE_FAMILY_CONFIG/FULL_ABLATION_TABLE_V3.csv:27 sha256=44aeaa0302afab54c8179bbb977c9fdac11ebf4f013ac9becdc731840342f4b1"",""notes"":""sealed v3 LegSA row run_id=RUN_00004; read only, never solved or evaluated""}",[],[],[],FULL_RECORD_READ,PRESENT_READ,,,First-delivery subset. Source values preserved; path aliases only. No payload-body read.
HX02-a3e3c454f4d21a7b7e4f,HX02,CSV_ROW,EXT05B,unknown,unknown,-,unknown,-,-,unknown,unknown,NO_IMPLEMENTATION,<CODE_ROOT>/docs/paper_rebuild/hext/HX02/EXTERNAL_FIVE_CATEGORY_TABLE.csv,CSV:data_row=470,"{""category"":""loosely_coupled_gnss_ins"",""method_id"":""EXT05B"",""config"":""-"",""sequence"":""-"",""start_mode"":""-"",""output_type"":""other"",""metric"":""status"",""value"":""NO_IMPLEMENTATION"",""denominator_or_valid_epochs"":""-"",""failure_flag"":""NO_IMPLEMENTATION"",""source"":""docs/paper_rebuild/hext/HX_INVENTORY.csv method_id=EXT05B"",""notes"":""无实现：PHASE5_EXT05_PAVLASEK_CONTRACT_V1.yaml:20-28 \""status: NOT_IMPLEMENTED_DUE_TO_INTERNAL_APPENDIX_INCONSISTENCY\""、\""human_waiver: true\""，defects \""EQ45_LEFT_NAVIGATION_ERROR_CONFLICTS_WITH_EQ46_RIGHT_BODY_JACOBIAN\""、\""EQ47_RELATIVE_NOISE_PLUS_CONFLICTS_WITH_EQ21_DIFFERENCE\""、\""EQ48_INNOVATION_AND_EQ50_ATTITUDE_SIGN_CONFLICT\""、\""NO_CORRECTION_INJECTION_RESET_EQUATION\""、\""STACKED_ABSOLUTE_RELATIVE_MEASUREMENT_CROSS_COVARIANCE_OMITTED\""；$CLEAN4/11_REPORT/EXT05A_C00_VALIDITY_REPORT.md:12 \""MEKF appendix baseline: `NOT_IMPLEMENTED_DUE_TO_INTERNAL_APPENDIX_INCONSISTENCY` (human-waived; no synthetic or repaired MEKF result).\""；MAIN_TABLE_V3.csv:25/32/39 failure_classification \""UNAVAILABLE_NOT_IMPLEMENTED\""，notes availability \""UNAVAILABLE_NOT_IMPLEMENTED\""、scope \""BY2_FROZEN_REGISTRY_REASON; NO_NEW_H_OR_O_EXECUTION\""、source_line 13""}",[],[],[],FULL_RECORD_READ,PRESENT_READ,,,First-delivery subset. Source values preserved; path aliases only. No payload-body read.
HX02-3f4c6fe3d07e5f881bcd,HX02,CSV_ROW,LC01-M,unknown,unknown,-,unknown,-,-,unknown,unknown,NO_IMPLEMENTATION,<CODE_ROOT>/docs/paper_rebuild/hext/HX02/EXTERNAL_FIVE_CATEGORY_TABLE.csv,CSV:data_row=471,"{""category"":""loosely_coupled_gnss_ins"",""method_id"":""LC01-M"",""config"":""-"",""sequence"":""-"",""start_mode"":""-"",""output_type"":""imu_point_nav"",""metric"":""status"",""value"":""NO_IMPLEMENTATION"",""denominator_or_valid_epochs"":""-"",""failure_flag"":""NO_IMPLEMENTATION"",""source"":""docs/paper_rebuild/hext/HX_INVENTORY.csv method_id=LC01-M"",""notes"":""无实现：docs/paper_rebuild/hext/H_EXT_04L_RECORD.md:61 \""H-EXT-04 LC01-M/LC01-2D/S5 执行部分取消。仅 heading_provider.py、matched.py 中 D4 变换/调度/2D 投影及纯库测试纳入，NOT_AUTHORIZED_FOR_EXECUTION；删除的是拟提交库文件中的执行包装部分，其完整原稿已复制到 `<HEXT_SCRATCH>/H_EXT_04L/DRAFT_PRESERVATION`，未物理删除草案。\""；AGENTS.md:896 \""H-EXT-04 执行部分取消；仅库代码 NOT_AUTHORIZED_FOR_EXECUTION，T5 待[…]；额外身份验证预算问题作废。\""（原文此处一词按本文用词规则以 […] 代替）""}",[],[],[],FULL_RECORD_READ,PRESENT_READ,,,First-delivery subset. Source values preserved; path aliases only. No payload-body read.
HX02-76613e57004c87ab40eb,HX02,CSV_ROW,LC01-S-M,unknown,unknown,-,unknown,-,-,unknown,unknown,NO_IMPLEMENTATION,<CODE_ROOT>/docs/paper_rebuild/hext/HX02/EXTERNAL_FIVE_CATEGORY_TABLE.csv,CSV:data_row=472,"{""category"":""loosely_coupled_gnss_ins"",""method_id"":""LC01-S-M"",""config"":""-"",""sequence"":""-"",""start_mode"":""-"",""output_type"":""imu_point_nav"",""metric"":""status"",""value"":""NO_IMPLEMENTATION"",""denominator_or_valid_epochs"":""-"",""failure_flag"":""NO_IMPLEMENTATION"",""source"":""docs/paper_rebuild/hext/HX_INVENTORY.csv method_id=LC01-S-M"",""notes"":""无实现：docs/paper_rebuild/hext/H_EXT_04L_RECORD.md:61 \""H-EXT-04 LC01-M/LC01-2D/S5 执行部分取消。仅 heading_provider.py、matched.py 中 D4 变换/调度/2D 投影及纯库测试纳入，NOT_AUTHORIZED_FOR_EXECUTION；删除的是拟提交库文件中的执行包装部分，其完整原稿已复制到 `<HEXT_SCRATCH>/H_EXT_04L/DRAFT_PRESERVATION`，未物理删除草案。\""；AGENTS.md:896 \""H-EXT-04 执行部分取消；仅库代码 NOT_AUTHORIZED_FOR_EXECUTION，T5 待[…]；额外身份验证预算问题作废。\""（原文此处一词按本文用词规则以 […] 代替）""}",[],[],[],FULL_RECORD_READ,PRESENT_READ,,,First-delivery subset. Source values preserved; path aliases only. No payload-body read.
HX02-745af8b026b0b8c70f2f,HX02,CSV_ROW,LC01-2D,unknown,unknown,-,unknown,-,-,unknown,unknown,NO_IMPLEMENTATION,<CODE_ROOT>/docs/paper_rebuild/hext/HX02/EXTERNAL_FIVE_CATEGORY_TABLE.csv,CSV:data_row=473,"{""category"":""loosely_coupled_gnss_ins"",""method_id"":""LC01-2D"",""config"":""-"",""sequence"":""-"",""start_mode"":""-"",""output_type"":""imu_point_nav"",""metric"":""status"",""value"":""NO_IMPLEMENTATION"",""denominator_or_valid_epochs"":""-"",""failure_flag"":""NO_IMPLEMENTATION"",""source"":""docs/paper_rebuild/hext/HX_INVENTORY.csv method_id=LC01-2D"",""notes"":""无实现：docs/paper_rebuild/hext/H_EXT_04L_RECORD.md:61 \""H-EXT-04 LC01-M/LC01-2D/S5 执行部分取消。仅 heading_provider.py、matched.py 中 D4 变换/调度/2D 投影及纯库测试纳入，NOT_AUTHORIZED_FOR_EXECUTION；删除的是拟提交库文件中的执行包装部分，其完整原稿已复制到 `<HEXT_SCRATCH>/H_EXT_04L/DRAFT_PRESERVATION`，未物理删除草案。\""；AGENTS.md:896 \""H-EXT-04 执行部分取消；仅库代码 NOT_AUTHORIZED_FOR_EXECUTION，T5 待[…]；额外身份验证预算问题作废。\""（原文此处一词按本文用词规则以 […] 代替）""}",[],[],[],FULL_RECORD_READ,PRESENT_READ,,,First-delivery subset. Source values preserved; path aliases only. No payload-body read.
HX02-0350c233962b45348690,HX02,CSV_ROW,LC02_YIN2023_RAEKF,unknown,unknown,-,unknown,-,-,unknown,unknown,NO_IMPLEMENTATION,<CODE_ROOT>/docs/paper_rebuild/hext/HX02/EXTERNAL_FIVE_CATEGORY_TABLE.csv,CSV:data_row=474,"{""category"":""loosely_coupled_gnss_ins"",""method_id"":""LC02_YIN2023_RAEKF"",""config"":""-"",""sequence"":""-"",""start_mode"":""-"",""output_type"":""other"",""metric"":""status"",""value"":""NO_IMPLEMENTATION"",""denominator_or_valid_epochs"":""-"",""failure_flag"":""NO_IMPLEMENTATION"",""source"":""docs/paper_rebuild/hext/HX_INVENTORY.csv method_id=LC02_YIN2023_RAEKF"",""notes"":""无实现：\""Terminal: `NO_GO_LC02_YIN2023_RAEKF_AS_FORMAL_PRIMARY`.\"" 与 \""Formal RAEKF admission fails because the full online mapping is not unique:\""（docs/paper_rebuild/horizontal_literature/lc02_yin2023/y4a/stage_payload/07_Y4A_REPRODUCIBILITY_CLOSURE/06_ADMISSION_DECISION/LC02_YIN2023_NO_GO_REASON.md:3、:7）；\""The formal-primary rubric requires all ten hard gates plus `FAITHFUL_ALGORITHM_REPRODUCTION` for RKF and RAEKF. Only four gates pass, and the required branch levels are not met.\""（.../11_REPORT/LC02_FORMAL_ADMISSION_DECISION.md:9）""}",[],[],[],FULL_RECORD_READ,PRESENT_READ,,,First-delivery subset. Source values preserved; path aliases only. No payload-body read.
HX02-f4d839b7d8850a668adb,HX02,CSV_ROW,LC02_CHANG2021_FSTCKF,unknown,unknown,-,unknown,-,-,unknown,unknown,NO_IMPLEMENTATION,<CODE_ROOT>/docs/paper_rebuild/hext/HX02/EXTERNAL_FIVE_CATEGORY_TABLE.csv,CSV:data_row=475,"{""category"":""loosely_coupled_gnss_ins"",""method_id"":""LC02_CHANG2021_FSTCKF"",""config"":""-"",""sequence"":""-"",""start_mode"":""-"",""output_type"":""other"",""metric"":""status"",""value"":""NO_IMPLEMENTATION"",""denominator_or_valid_epochs"":""-"",""failure_flag"":""NO_IMPLEMENTATION"",""source"":""docs/paper_rebuild/hext/HX_INVENTORY.csv method_id=LC02_CHANG2021_FSTCKF"",""notes"":""无实现：\""Decision: `NO_GO_LC02_CHANG2021_FSTCKF_AS_FORMAL_PRIMARY`.\""（docs/.../lc02_chang2021/11_REPORT/LC02_CHANG_FORMAL_ADMISSION_DECISION.md:3）；\""No implementation or synthetic-validation directory exists.\""（同文件 :7）；\""The formal primary is rejected for source semantics, not for observed performance.\""（05_NON_DUPLICATION_AUDIT/LC02_CHANG2021_NO_GO_REASON.md:3）""}",[],[],[],FULL_RECORD_READ,PRESENT_READ,,,First-delivery subset. Source values preserved; path aliases only. No payload-body read.
HX02-3493320a82c03184ec2c,HX02,CSV_ROW,LC02A_JIANG2021_ADAPTIVE_FADING_CKF,unknown,unknown,-,unknown,-,-,unknown,unknown,NO_IMPLEMENTATION,<CODE_ROOT>/docs/paper_rebuild/hext/HX02/EXTERNAL_FIVE_CATEGORY_TABLE.csv,CSV:data_row=476,"{""category"":""loosely_coupled_gnss_ins"",""method_id"":""LC02A_JIANG2021_ADAPTIVE_FADING_CKF"",""config"":""-"",""sequence"":""-"",""start_mode"":""-"",""output_type"":""other"",""metric"":""status"",""value"":""NO_IMPLEMENTATION"",""denominator_or_valid_epochs"":""-"",""failure_flag"":""NO_IMPLEMENTATION"",""source"":""docs/paper_rebuild/hext/HX_INVENTORY.csv method_id=LC02A_JIANG2021_ADAPTIVE_FADING_CKF"",""notes"":""无实现：\""LC02A,LC02A_JIANG2021_ADAPTIVE_FADING_CKF,Jiang et al. GPS Solutions 2021 DOI 10.1007/s10291-021-01165-4,NO_GO_SOURCE_UNAVAILABLE,NOT_EVALUATED_SOURCE_UNAVAILABLE,false,false,MANDATORY_GATES_NOT_ALL_PASS\""（$CLEAN4/10_LC02_FINAL_CANDIDATE_TRIAGE/00_REGISTRY/LC02_FINAL_CANDIDATE_REGISTRY.csv:6）；\""The mandatory-gate result is `NO_GO`; Jiang 2021 is neither an exact nor faithful reproduction candidate in the current source pack.\""（docs/.../lc02_final_candidate_triage/stage_payload/02_JIANG2021/JIANG2021_SOURCE_CLOSURE_AND_DECISION.md:9）；decision_reason \""MANDATORY_FORMAL_REPRODUCTION_GATES_NOT_ALL_PASS\""""}",[],[],[],FULL_RECORD_READ,PRESENT_READ,,,First-delivery subset. Source values preserved; path aliases only. No payload-body read.
HX02-bedc3843a7205093ac55,HX02,CSV_ROW,LC02B_TAGHIZADEH2023_AHINF_CKF,unknown,unknown,-,unknown,-,-,unknown,unknown,NO_IMPLEMENTATION,<CODE_ROOT>/docs/paper_rebuild/hext/HX02/EXTERNAL_FIVE_CATEGORY_TABLE.csv,CSV:data_row=477,"{""category"":""loosely_coupled_gnss_ins"",""method_id"":""LC02B_TAGHIZADEH2023_AHINF_CKF"",""config"":""-"",""sequence"":""-"",""start_mode"":""-"",""output_type"":""other"",""metric"":""status"",""value"":""NO_IMPLEMENTATION"",""denominator_or_valid_epochs"":""-"",""failure_flag"":""NO_IMPLEMENTATION"",""source"":""docs/paper_rebuild/hext/HX_INVENTORY.csv method_id=LC02B_TAGHIZADEH2023_AHINF_CKF"",""notes"":""无实现：\""LC02B,LC02B_TAGHIZADEH2023_AHINF_CKF,Taghizadeh-Safabakhsh Journal of Navigation 2023 DOI 10.1017/S0373463322000583,NO_GO_SOURCE_UNAVAILABLE,NOT_EVALUATED_SOURCE_UNAVAILABLE,false,false,MANDATORY_GATES_NOT_ALL_PASS\""（$CLEAN4/10_LC02_FINAL_CANDIDATE_TRIAGE/00_REGISTRY/LC02_FINAL_CANDIDATE_REGISTRY.csv:7）；\""The mandatory-gate result is `NO_GO`; Taghizadeh 2023 is neither an exact nor faithful reproduction candidate in the current source pack.\""（docs/.../03_TAGHIZADEH2023/TAGHIZADEH2023_SOURCE_CLOSURE_AND_DECISION.md:9）；decision_reason \""MANDATORY_FORMAL_REPRODUCTION_GATES_NOT_ALL_PASS\""""}",[],[],[],FULL_RECORD_READ,PRESENT_READ,,,First-delivery subset. Source values preserved; path aliases only. No payload-body read.
HX02-52a194a67b073ed4fce7,HX02,CSV_ROW,EXT06_HAO2018_TWO_ANTENNA_LC_EKF,unknown,unknown,-,unknown,-,-,unknown,unknown,NO_IMPLEMENTATION,<CODE_ROOT>/docs/paper_rebuild/hext/HX02/EXTERNAL_FIVE_CATEGORY_TABLE.csv,CSV:data_row=478,"{""category"":""loosely_coupled_gnss_ins"",""method_id"":""EXT06_HAO2018_TWO_ANTENNA_LC_EKF"",""config"":""-"",""sequence"":""-"",""start_mode"":""-"",""output_type"":""other"",""metric"":""status"",""value"":""NO_IMPLEMENTATION"",""denominator_or_valid_epochs"":""-"",""failure_flag"":""NO_IMPLEMENTATION"",""source"":""docs/paper_rebuild/hext/HX_INVENTORY.csv method_id=EXT06_HAO2018_TWO_ANTENNA_LC_EKF"",""notes"":""无实现：\""The abandoned `EXT06_HAO2018_TWO_ANTENNA_LC_EKF` identity is forbidden and obsolete.\""（$CLEAN4/08_LC02_YIN2023_RAEKF/00_ACTIVE_METHOD_REGISTRY/ACTIVE_EXTERNAL_METHOD_BOUNDARY.md:12；仓库副本 docs/paper_rebuild/horizontal_literature/lc02_yin2023/stage_payload/00_ACTIVE_METHOD_REGISTRY/ACTIVE_EXTERNAL_METHOD_BOUNDARY.md:12）""}",[],[],[],FULL_RECORD_READ,PRESENT_READ,,,First-delivery subset. Source values preserved; path aliases only. No payload-body read.
HX02-7d647b2d2cdd21f4c9f5,HX02,CSV_ROW,EXT06,unknown,unknown,-,unknown,-,-,unknown,unknown,NO_IMPLEMENTATION,<CODE_ROOT>/docs/paper_rebuild/hext/HX02/EXTERNAL_FIVE_CATEGORY_TABLE.csv,CSV:data_row=479,"{""category"":""single_antenna_gnss_ins"",""method_id"":""EXT06"",""config"":""-"",""sequence"":""-"",""start_mode"":""-"",""output_type"":""other"",""metric"":""status"",""value"":""NO_IMPLEMENTATION"",""denominator_or_valid_epochs"":""-"",""failure_flag"":""NO_IMPLEMENTATION"",""source"":""docs/paper_rebuild/hext/HX_INVENTORY.csv method_id=EXT06"",""notes"":""无实现：\""pending; no execution or admission claimed\""（docs/paper_rebuild/CONVERSATION_HANDOFF.md:84）；\""此处不宣称已执行或已准入，不修改或重跑冻结主链。\""（:199）；\""EXT06 只新增对比行。\""（AGENTS.md:1419）""}",[],[],[],FULL_RECORD_READ,PRESENT_READ,,,First-delivery subset. Source values preserved; path aliases only. No payload-body read.
HX02-dbc14cc1580e8f2c054c,HX02,CSV_ROW,-,unknown,unknown,-,unknown,-,-,unknown,unknown,NO_IMPLEMENTATION,<CODE_ROOT>/docs/paper_rebuild/hext/HX02/EXTERNAL_FIVE_CATEGORY_TABLE.csv,CSV:data_row=480,"{""category"":""other"",""method_id"":""-"",""config"":""-"",""sequence"":""-"",""start_mode"":""-"",""output_type"":""-"",""metric"":""status"",""value"":""NO_METHOD_IN_CATEGORY"",""denominator_or_valid_epochs"":""-"",""failure_flag"":""NO_IMPLEMENTATION"",""source"":""docs/paper_rebuild/hext/HX_INVENTORY.md §2"",""notes"":""该类无实现：盘点中没有归入 other 的外部方法（HX_INVENTORY.md §2 与 §3.24）""}",[],[],[],FULL_RECORD_READ,PRESENT_READ,,,First-delivery subset. Source values preserved; path aliases only. No payload-body read.
HX02-918b36e24c4ef92edc2e,HX02,EVALUATION_RECORD,EXT01,unknown,unknown,BY2H,NATURAL_C00,LIT,CONTRACT_START,unknown,unknown,unknown,<CLEAN_ROOT>/stages/CLEAN9_EXTERNAL_COMPARISON/HX02_FIVE_CATEGORY/RUNS/BY2H__EXT01__LIT__CONTRACT_START__NA/eval/HEADING/EVALUATOR_STRACE_AUDIT.json,#,"{""argv"":[""/usr/bin/python3"",""-m"",""legsa_gins.paper_rebuild.hext.hx02_heading_evaluation"",""--spec"",""<HX02_SCRATCH>/RUNS/BY2H__EXT01__LIT__CONTRACT_START__NA/eval/HEADING/SPEC.json""],""environment"":{""GIT_OPTIONAL_LOCKS"":""0"",""MKL_NUM_THREADS"":""1"",""MPLBACKEND"":""Agg"",""MPLCONFIGDIR"":""<HX02_SCRATCH>/RUNS/BY2H__EXT01__LIT__CONTRACT_START__NA/eval/HEADING/OUTPUT/.matplotlib"",""NUMEXPR_NUM_THREADS"":""1"",""OMP_NUM_THREADS"":""1"",""OPENBLAS_NUM_THREADS"":""1"",""PYTHONDONTWRITEBYTECODE"":""1"",""PYTHONPATH"":""<AUDIT_SOURCE_WORKTREE>/src"",""XDG_CACHE_HOME"":""<HX02_SCRATCH>/RUNS/BY2H__EXT01__LIT__CONTRACT_START__NA/eval/HEADING/OUTPUT/.cache""},""execve_programs"":[""/usr/bin/python3""],""exit_code"":""0"",""failures"":[],""kind"":""HEADING"",""module"":""legsa_gins.paper_rebuild.hext.hx02_heading_evaluation"",""passed"":true,""raw_open_count"":""1"",""runtime_seconds"":""0.40925839000010455"",""spec_sha256"":""029048e0da405c4596f9d3e2055d0d6ecb770bb6a6646f721a8fc26b2d67237b"",""strace_sha256"":""e0ca4d61fb2fddee407b1361dc0482e32218022f1ea5063fa7dbea5dc0614d28"",""trace_open_count"":""1"",""trace_open_records"":[{""anonymous_pipe"":false,""flags"":""O_RDONLY|O_CLOEXEC"",""lexical_path"":""<RAW_ROOT>/BY2_BY3/2026-03-06/fixption数据/2026.3.6/by3/vrtk2_a87c6e_2026-03-06-08-06-39_minimal/trace_vrtk2_a87c6e_2026-03-06-08-06-39_minimal.csv"",""path"":""<RAW_ROOT>/BY2_BY3/2026-03-06/fixption数据/2026.3.6/by3/vrtk2_a87c6e_2026-03-06-08-06-39_minimal/trace_vrtk2_a87c6e_2026-03-06-08-06-39_minimal.csv"",""pid"":""30495"",""return_code"":""3""}],""trace_read_role"":""registered_evaluator_child_only"",""write_scope"":{""allowed_anonymous_pipe_write_count"":""0"",""allowed_anonymous_pipe_write_records"":[],""allowed_device_write_count"":""0"",""allowed_device_write_records"":[],""clean_root_outside_run_write_count"":""0"",""outside_run_write_open_count"":""0"",""outside_run_write_open_records"":[],""pass"":true,""raw_write_open_count"":""0"",""write_open_count"":""2"",""write_open_records"":[{""anonymous_pipe"":false,""flags"":""O_WRONLY|O_CREAT|O_EXCL|O_CLOEXEC"",""lexical_path"":""<HX02_SCRATCH>/RUNS/BY2H__EXT01__LIT__CONTRACT_START__NA/eval/HEADING/OUTPUT/HEADING_ERROR_SERIES_EXT01.csv"",""path"":""<HX02_SCRATCH>/RUNS/BY2H__EXT01__LIT__CONTRACT_START__NA/eval/HEADING/OUTPUT/HEADING_ERROR_SERIES_EXT01.csv"",""pid"":""30495"",""return_code"":""3""},{""anonymous_pipe"":false,""flags"":""O_WRONLY|O_CREAT|O_EXCL|O_CLOEXEC"",""lexical_path"":""<HX02_SCRATCH>/RUNS/BY2H__EXT01__LIT__CONTRACT_START__NA/eval/HEADING/OUTPUT/HEADING_METRICS.json"",""path"":""<HX02_SCRATCH>/RUNS/BY2H__EXT01__LIT__CONTRACT_START__NA/eval/HEADING/OUTPUT/HEADING_METRICS.json"",""pid"":""30495"",""return_code"":""3""}],""write_outside_run_count"":""0"",""write_scope_exceptions"":[""/dev/null"",""/dev/pts/*"",""kernel-identified anonymous pipe""]}}",[],[],[],FULL_RECORD_READ,PRESENT_READ,,,First-delivery subset. Source values preserved; path aliases only. No payload-body read.
HX02-705bff349fcee455ad11,HX02,EVALUATION_RECORD,EXT01,unknown,unknown,BY2H,NATURAL_C00,LIT,CONTRACT_START,unknown,unknown,unknown,<CLEAN_ROOT>/stages/CLEAN9_EXTERNAL_COMPARISON/HX02_FIVE_CATEGORY/RUNS/BY2H__EXT01__LIT__CONTRACT_START__NA/eval/HEADING/OUTPUT/HEADING_METRICS.json,#,"{""method_id"":""EXT01"",""schema"":""hx02.heading_evaluation.v1"",""sequence_id"":""BY2H"",""trace_open_count_in_child"":""1"",""trace_sha256_observed"":""8d11fe360753bfcdbc54f7bf793fcb25850c0997b7aaad4ec1c9f10859c0f84f"",""variants"":{""EXT01"":{""availability"":""0.7844444444444445"",""base_time"":""1772784000.0"",""denominator_native_paired_epochs_in_window"":""1350"",""error_convention"":""wrap180(method_body_yaw_ned - reference_body_yaw_ned)"",""heading_table_sha256"":""c139e62fd308830b80f35488d73529816c1117311023add8bf93fde34e717c1f"",""hold_last_valid"":{""circular_bias_deg"":""-89.4386923440976"",""count"":""1350"",""held_epochs_in_window"":""1350"",""held_epochs_without_reference_support"":""0"",""hold_source"":""CAUSAL_LAST_METHOD_NATIVE_VALID_EPOCH_FROM_NATIVE_START"",""mae_deg"":""88.68547614098384"",""max_absolute_deg"":""179.88928653634855"",""no_heading_epochs_before_first_valid"":""0"",""p95_absolute_deg"":""171.24845645269858"",""rmse_deg"":""106.06937053749758""},""method_id"":""EXT01"",""reference_semantics"":""wrap360(90-interp(unwrap(yaw_ENU))) inside trace support; no extrapolation"",""schema"":""hx02.heading_evaluation.v1"",""valid"":{""circular_bias_deg"":""-129.7851989984664"",""count"":""1059"",""mae_deg"":""91.46638953035095"",""max_absolute_deg"":""179.88928653634855"",""p95_absolute_deg"":""173.19032282990557"",""rmse_deg"":""109.47799873325478"",""wrapsafe"":{""circular_wrapsafe_bias_deg"":""-129.7851989984664"",""continuity_definition"":""segments split when accepted original epoch indices are nonconsecutive"",""longest_segment_epochs"":""596"",""mae_deg"":""91.46638953035095"",""matched_count"":""1059"",""max_absolute_deg"":""179.88928653634855"",""maximum_gap_seconds"":""18.0"",""median_absolute_deg"":""101.56861619262878"",""p90_absolute_deg"":""167.8339900350273"",""p95_absolute_deg"":""173.19032282990557"",""p99_absolute_deg"":""178.99060174124145"",""rmse_deg"":""109.47799873325478"",""segment_count"":""11"",""valid_count"":""1059"",""valid_coverage"":""0.7844444444444445"",""valid_denominator"":""1350"",""wrapsafe_bias_deg"":""-24.537475211735416""}},""valid_epochs_in_window"":""1059"",""valid_epochs_without_reference_support"":""0"",""valid_segments"":{""definition"":""segments split when accepted original epoch indices are nonconsecutive"",""longest_segment_epochs"":""596"",""maximum_gap_seconds"":""18.0"",""segment_count"":""11""},""window_seconds"":[""413.0"",""683.0""]}}}",[],[],[],FULL_RECORD_READ,PRESENT_READ,,,First-delivery subset. Source values preserved; path aliases only. No payload-body read.
HX02-99c3f30a50e0fa36ea0e,HX02,RUN_IDENTITY,EXT01,unknown,88594ef27e20a8e660e2246218a6870a290f35ae,BY2H,NATURAL_C00,LIT,CONTRACT_START,unknown,COMPLETED,EVALUATION_RECORDS_PRESENT,<CLEAN_ROOT>/stages/CLEAN9_EXTERNAL_COMPARISON/HX02_FIVE_CATEGORY/RUNS/BY2H__EXT01__LIT__CONTRACT_START__NA,run_id=BY2H__EXT01__LIT__CONTRACT_START__NA,"{""COMMAND.json"":{""argv"":[""/usr/bin/python3"",""<AUDIT_SOURCE_WORKTREE>/scripts/paper_rebuild/run_horizontal_literature_phase1r.py"",""--paths-config"",""<AUDIT_SOURCE_WORKTREE>/configs/paper_rebuild/DATA_PATHS.CLEAN3R4.local.yaml"",""--sequence-spec"",""<HX02_SCRATCH>/RUNS/BY2H__EXT01__LIT__CONTRACT_START__NA/native/SEQUENCE_SPEC.json"",""--trace-mode"",""disabled"",""--workers"",""16""],""case"":""CONTRACT_START"",""code_commit"":""88594ef27e20a8e660e2246218a6870a290f35ae"",""config"":""LIT"",""cwd"":""<AUDIT_SOURCE_WORKTREE>"",""end_utc"":""2026-09-24T12:49:09.377695+00:00"",""env_whitelist"":{""MKL_NUM_THREADS"":""1"",""NUMEXPR_NUM_THREADS"":""1"",""OMP_NUM_THREADS"":""1"",""OPENBLAS_NUM_THREADS"":""1"",""PYTHONDONTWRITEBYTECODE"":""1"",""PYTHONPATH"":""<AUDIT_SOURCE_WORKTREE>/src""},""method"":""EXT01"",""native_classification"":""COMPLETED"",""provenance"":{""LegSA_output_solver_input"":false,""code_commit"":""88594ef27e20a8e660e2246218a6870a290f35ae"",""config_hash"":""85b13d489d2941382ea3f416dade24253fe07ee66c2c7e83d18554487bba5b98"",""config_hash_source"":""configs/paper_rebuild/hext/HX02_CONTRACT_V1.yaml"",""data_mode"":""real_by2h_raw"",""epoch_deleted_for_metric"":false,""final_v23_output_solver_input"":false,""old_runtime_input_count"":""0"",""output_only_correction"":false,""per_case_tuning"":false,""raw_hash_lock"":{""path"":""<CLEAN_ROOT>/01_RAW_HASH_LOCK/RAW_FILE_HASH_LOCK_CLEAN5.csv"",""sha256"":""faa31580c7fff73b52fcf6d27c97cfdd9187e67a55968a2ab42e6737b0eabb67""},""receiver_imu_as_body_imu"":false,""semisynthetic_data_used"":false,""synthetic_data_used"":false,""trace_used_online"":false},""quiet_machine"":{""cap_s"":""600.0"",""load1"":""0.48974609375"",""load5"":""1.2021484375"",""quiet"":true,""timed_out"":false,""waited_s"":""4.212000021652784e-05""},""returncode"":""0"",""run_id"":""BY2H__EXT01__LIT__CONTRACT_START__NA"",""runner_terminal_status"":""UNSUPPORTED_EXT01_ON_BY2_WITHOUT_PHASE_BIAS_CALIBRATION"",""runtime_seconds"":""222.10802848899948"",""sequence"":""BY2H"",""start_utc"":""2026-09-24T12:45:13.704485+00:00"",""strace_command_prefix"":[""strace"",""--seccomp-bpf"",""-f"",""-qq"",""-yy"",""-s"",""4096"",""-e"",""trace=openat,execve"",""-o"",""<HX02_SCRATCH>/RUNS/BY2H__EXT01__LIT__CONTRACT_START__NA/native/NATIVE_OPENAT.strace""],""tracked_tree_clean"":true},""DONE.json"":{""convention_diagnostic"":{""EXT01"":{""compared_epochs"":""1112"",""definition"":""wrap180(method body yaw - (GNSS2-GNSS1 HPPOSECEF baseline heading + 90 deg)) on method-valid epochs where both receivers report carrSoln == 2"",""fractions"":{""within_20_of_0"":""0.18255395683453238"",""within_20_of_180"":""0.18794964028776978"",""within_20_of_plus_minus_90"":""0.14928057553956833""},""hard_stop"":false,""mean_circular_deg"":""-117.52696281406452"",""median_deg"":""-9.724604083180424"",""median_near_180"":false,""median_near_plus_minus_90"":false,""status"":""PASS""}},""evaluation"":""HEADING"",""heading_tables"":{""EXT01"":{""path"":""<HX02_SCRATCH>/RUNS/BY2H__EXT01__LIT__CONTRACT_START__NA/native/HX02_HEADING_TABLES/HX02_HEADING_TABLE_EXT01.csv"",""rows"":""1423"",""sha256"":""c139e62fd308830b80f35488d73529816c1117311023add8bf93fde34e717c1f"",""valid"":""1112""}},""native_classification"":""COMPLETED"",""provenance"":{""LegSA_output_solver_input"":false,""code_commit"":""88594ef27e20a8e660e2246218a6870a290f35ae"",""config_hash"":""85b13d489d2941382ea3f416dade24253fe07ee66c2c7e83d18554487bba5b98"",""config_hash_source"":""configs/paper_rebuild/hext/HX02_CONTRACT_V1.yaml"",""data_mode"":""real_by2h_raw"",""epoch_deleted_for_metric"":false,""final_v23_output_solver_input"":false,""old_runtime_input_count"":""0"",""output_only_correction"":false,""per_case_tuning"":false,""raw_hash_lock"":{""path"":""<CLEAN_ROOT>/01_RAW_HASH_LOCK/RAW_FILE_HASH_LOCK_CLEAN5.csv"",""sha256"":""faa31580c7fff73b52fcf6d27c97cfdd9187e67a55968a2ab42e6737b0eabb67""},""receiver_imu_as_body_imu"":false,""semisynthetic_data_used"":false,""synthetic_data_used"":false,""trace_used_online"":false},""run_id"":""BY2H__EXT01__LIT__CONTRACT_START__NA"",""runner_exit_code"":""0"",""runner_terminal_status"":""UNSUPPORTED_EXT01_ON_BY2_WITHOUT_PHASE_BIAS_CALIBRATION"",""status"":""COMPLETED"",""utc"":""2026-09-24T12:49:16.178623+00:00""}}","[""<CLEAN_ROOT>/stages/CLEAN9_EXTERNAL_COMPARISON/HX02_FIVE_CATEGORY/RUNS/BY2H__EXT01__LIT__CONTRACT_START__NA/native/HX02_HEADING_TABLES/HX02_HEADING_TABLE_EXT01.csv""]","[""<CLEAN_ROOT>/stages/CLEAN9_EXTERNAL_COMPARISON/HX02_FIVE_CATEGORY/RUNS/BY2H__EXT01__LIT__CONTRACT_START__NA/eval/HEADING/EVALUATOR_STRACE_AUDIT.json"", ""<CLEAN_ROOT>/stages/CLEAN9_EXTERNAL_COMPARISON/HX02_FIVE_CATEGORY/RUNS/BY2H__EXT01__LIT__CONTRACT_START__NA/eval/HEADING/OUTPUT/HEADING_METRICS.json""]",[],FULL_RECORD_READ,ARCHIVED_DIRECTORY_PRESENT,,,"Directory token 4 is original start_mode, not case_id; NATURAL_C00 labels this natural full-window run. native_classification=COMPLETED; runner_terminal_status=UNSUPPORTED_EXT01_ON_BY2_WITHOUT_PHASE_BIAS_CALIBRATION. Original metadata values preserved in source_values_json."
HX02-f9ad44df16af1f363ef4,HX02,EVALUATION_RECORD,EXT02,unknown,unknown,BY2H,NATURAL_C00,LIT,CONTRACT_START,unknown,unknown,unknown,<CLEAN_ROOT>/stages/CLEAN9_EXTERNAL_COMPARISON/HX02_FIVE_CATEGORY/RUNS/BY2H__EXT02__LIT__CONTRACT_START__NA/eval/HEADING/EVALUATOR_STRACE_AUDIT.json,#,"{""argv"":[""/usr/bin/python3"",""-m"",""legsa_gins.paper_rebuild.hext.hx02_heading_evaluation"",""--spec"",""<HX02_SCRATCH>/RUNS/BY2H__EXT02__LIT__CONTRACT_START__NA/eval/HEADING/SPEC.json""],""environment"":{""GIT_OPTIONAL_LOCKS"":""0"",""MKL_NUM_THREADS"":""1"",""MPLBACKEND"":""Agg"",""MPLCONFIGDIR"":""<HX02_SCRATCH>/RUNS/BY2H__EXT02__LIT__CONTRACT_START__NA/eval/HEADING/OUTPUT/.matplotlib"",""NUMEXPR_NUM_THREADS"":""1"",""OMP_NUM_THREADS"":""1"",""OPENBLAS_NUM_THREADS"":""1"",""PYTHONDONTWRITEBYTECODE"":""1"",""PYTHONPATH"":""<AUDIT_SOURCE_WORKTREE>/src"",""XDG_CACHE_HOME"":""<HX02_SCRATCH>/RUNS/BY2H__EXT02__LIT__CONTRACT_START__NA/eval/HEADING/OUTPUT/.cache""},""execve_programs"":[""/usr/bin/python3""],""exit_code"":""0"",""failures"":[],""kind"":""HEADING"",""module"":""legsa_gins.paper_rebuild.hext.hx02_heading_evaluation"",""passed"":true,""raw_open_count"":""1"",""runtime_seconds"":""0.31003203299951565"",""spec_sha256"":""534fb700abdc19d6aa66b37fcc42a09b4c3112c77b410185a8783e77a716ca95"",""strace_sha256"":""2ff7d8951c8423d10934a82b7f815eb4d726b79e31c425a5cd677b5551ccdec4"",""trace_open_count"":""1"",""trace_open_records"":[{""anonymous_pipe"":false,""flags"":""O_RDONLY|O_CLOEXEC"",""lexical_path"":""<RAW_ROOT>/BY2_BY3/2026-03-06/fixption数据/2026.3.6/by3/vrtk2_a87c6e_2026-03-06-08-06-39_minimal/trace_vrtk2_a87c6e_2026-03-06-08-06-39_minimal.csv"",""path"":""<RAW_ROOT>/BY2_BY3/2026-03-06/fixption数据/2026.3.6/by3/vrtk2_a87c6e_2026-03-06-08-06-39_minimal/trace_vrtk2_a87c6e_2026-03-06-08-06-39_minimal.csv"",""pid"":""30571"",""return_code"":""3""}],""trace_read_role"":""registered_evaluator_child_only"",""write_scope"":{""allowed_anonymous_pipe_write_count"":""0"",""allowed_anonymous_pipe_write_records"":[],""allowed_device_write_count"":""0"",""allowed_device_write_records"":[],""clean_root_outside_run_write_count"":""0"",""outside_run_write_open_count"":""0"",""outside_run_write_open_records"":[],""pass"":true,""raw_write_open_count"":""0"",""write_open_count"":""2"",""write_open_records"":[{""anonymous_pipe"":false,""flags"":""O_WRONLY|O_CREAT|O_EXCL|O_CLOEXEC"",""lexical_path"":""<HX02_SCRATCH>/RUNS/BY2H__EXT02__LIT__CONTRACT_START__NA/eval/HEADING/OUTPUT/HEADING_ERROR_SERIES_EXT02.csv"",""path"":""<HX02_SCRATCH>/RUNS/BY2H__EXT02__LIT__CONTRACT_START__NA/eval/HEADING/OUTPUT/HEADING_ERROR_SERIES_EXT02.csv"",""pid"":""30571"",""return_code"":""3""},{""anonymous_pipe"":false,""flags"":""O_WRONLY|O_CREAT|O_EXCL|O_CLOEXEC"",""lexical_path"":""<HX02_SCRATCH>/RUNS/BY2H__EXT02__LIT__CONTRACT_START__NA/eval/HEADING/OUTPUT/HEADING_METRICS.json"",""path"":""<HX02_SCRATCH>/RUNS/BY2H__EXT02__LIT__CONTRACT_START__NA/eval/HEADING/OUTPUT/HEADING_METRICS.json"",""pid"":""30571"",""return_code"":""3""}],""write_outside_run_count"":""0"",""write_scope_exceptions"":[""/dev/null"",""/dev/pts/*"",""kernel-identified anonymous pipe""]}}",[],[],[],FULL_RECORD_READ,PRESENT_READ,,,First-delivery subset. Source values preserved; path aliases only. No payload-body read.
HX02-d95d449bdf19d55e30e2,HX02,EVALUATION_RECORD,EXT02,unknown,unknown,BY2H,NATURAL_C00,LIT,CONTRACT_START,unknown,unknown,unknown,<CLEAN_ROOT>/stages/CLEAN9_EXTERNAL_COMPARISON/HX02_FIVE_CATEGORY/RUNS/BY2H__EXT02__LIT__CONTRACT_START__NA/eval/HEADING/OUTPUT/HEADING_METRICS.json,#,"{""method_id"":""EXT02"",""schema"":""hx02.heading_evaluation.v1"",""sequence_id"":""BY2H"",""trace_open_count_in_child"":""1"",""trace_sha256_observed"":""8d11fe360753bfcdbc54f7bf793fcb25850c0997b7aaad4ec1c9f10859c0f84f"",""variants"":{""EXT02"":{""availability"":""0.7614814814814815"",""base_time"":""1772784000.0"",""denominator_native_paired_epochs_in_window"":""1350"",""error_convention"":""wrap180(method_body_yaw_ned - reference_body_yaw_ned)"",""heading_table_sha256"":""e3332ef128f4001a1af180bec63e2b09233ff2edfad44d3ed85ba4e4d8c1ab13"",""hold_last_valid"":{""circular_bias_deg"":""-92.77562200587715"",""count"":""1350"",""held_epochs_in_window"":""1350"",""held_epochs_without_reference_support"":""0"",""hold_source"":""CAUSAL_LAST_METHOD_NATIVE_VALID_EPOCH_FROM_NATIVE_START"",""mae_deg"":""89.14572199124491"",""max_absolute_deg"":""179.88928653631461"",""no_heading_epochs_before_first_valid"":""0"",""p95_absolute_deg"":""171.24845645270426"",""rmse_deg"":""106.50008498670579""},""method_id"":""EXT02"",""reference_semantics"":""wrap360(90-interp(unwrap(yaw_ENU))) inside trace support; no extrapolation"",""schema"":""hx02.heading_evaluation.v1"",""valid"":{""circular_bias_deg"":""-124.94815412697011"",""count"":""1028"",""mae_deg"":""91.23628277425516"",""max_absolute_deg"":""179.88928653631461"",""p95_absolute_deg"":""173.2684846997746"",""rmse_deg"":""109.26902750701647"",""wrapsafe"":{""circular_wrapsafe_bias_deg"":""-124.94815412697011"",""continuity_definition"":""segments split when accepted original epoch indices are nonconsecutive"",""longest_segment_epochs"":""278"",""mae_deg"":""91.23628277425516"",""matched_count"":""1028"",""max_absolute_deg"":""179.88928653631461"",""maximum_gap_seconds"":""18.0"",""median_absolute_deg"":""101.05677128968725"",""p90_absolute_deg"":""167.8394116134144"",""p95_absolute_deg"":""173.2684846997746"",""p99_absolute_deg"":""179.0831613944008"",""rmse_deg"":""109.26902750701647"",""segment_count"":""33"",""valid_count"":""1028"",""valid_coverage"":""0.7614814814814815"",""valid_denominator"":""1350"",""wrapsafe_bias_deg"":""-24.19414097343015""}},""valid_epochs_in_window"":""1028"",""valid_epochs_without_reference_support"":""0"",""valid_segments"":{""definition"":""segments split when accepted original epoch indices are nonconsecutive"",""longest_segment_epochs"":""278"",""maximum_gap_seconds"":""18.0"",""segment_count"":""33""},""window_seconds"":[""413.0"",""683.0""]}}}",[],[],[],FULL_RECORD_READ,PRESENT_READ,,,First-delivery subset. Source values preserved; path aliases only. No payload-body read.
HX02-702de7d3028c834f28ed,HX02,RUN_IDENTITY,EXT02,unknown,88594ef27e20a8e660e2246218a6870a290f35ae,BY2H,NATURAL_C00,LIT,CONTRACT_START,unknown,COMPLETED,EVALUATION_RECORDS_PRESENT,<CLEAN_ROOT>/stages/CLEAN9_EXTERNAL_COMPARISON/HX02_FIVE_CATEGORY/RUNS/BY2H__EXT02__LIT__CONTRACT_START__NA,run_id=BY2H__EXT02__LIT__CONTRACT_START__NA,"{""COMMAND.json"":{""argv"":[""/usr/bin/python3"",""<AUDIT_SOURCE_WORKTREE>/scripts/paper_rebuild/run_horizontal_literature_phase2.py"",""--paths-config"",""<AUDIT_SOURCE_WORKTREE>/configs/paper_rebuild/DATA_PATHS.CLEAN3R4.local.yaml"",""--sequence-spec"",""<HX02_SCRATCH>/RUNS/BY2H__EXT02__LIT__CONTRACT_START__NA/native/SEQUENCE_SPEC.json"",""--mode"",""native-only"",""--trace-mode"",""disabled"",""--workers"",""16""],""case"":""CONTRACT_START"",""code_commit"":""88594ef27e20a8e660e2246218a6870a290f35ae"",""config"":""LIT"",""cwd"":""<AUDIT_SOURCE_WORKTREE>"",""end_utc"":""2026-09-24T12:50:01.326770+00:00"",""env_whitelist"":{""MKL_NUM_THREADS"":""1"",""NUMEXPR_NUM_THREADS"":""1"",""OMP_NUM_THREADS"":""1"",""OPENBLAS_NUM_THREADS"":""1"",""PYTHONDONTWRITEBYTECODE"":""1"",""PYTHONPATH"":""<AUDIT_SOURCE_WORKTREE>/src""},""method"":""EXT02"",""native_classification"":""COMPLETED"",""provenance"":{""LegSA_output_solver_input"":false,""code_commit"":""88594ef27e20a8e660e2246218a6870a290f35ae"",""config_hash"":""85b13d489d2941382ea3f416dade24253fe07ee66c2c7e83d18554487bba5b98"",""config_hash_source"":""configs/paper_rebuild/hext/HX02_CONTRACT_V1.yaml"",""data_mode"":""real_by2h_raw"",""epoch_deleted_for_metric"":false,""final_v23_output_solver_input"":false,""old_runtime_input_count"":""0"",""output_only_correction"":false,""per_case_tuning"":false,""raw_hash_lock"":{""path"":""<CLEAN_ROOT>/01_RAW_HASH_LOCK/RAW_FILE_HASH_LOCK_CLEAN5.csv"",""sha256"":""faa31580c7fff73b52fcf6d27c97cfdd9187e67a55968a2ab42e6737b0eabb67""},""receiver_imu_as_body_imu"":false,""semisynthetic_data_used"":false,""synthetic_data_used"":false,""trace_used_online"":false},""quiet_machine"":{""cap_s"":""600.0"",""load1"":""7.47119140625"",""load5"":""7.14013671875"",""quiet"":true,""timed_out"":false,""waited_s"":""30.025050548000763""},""returncode"":""0"",""run_id"":""BY2H__EXT02__LIT__CONTRACT_START__NA"",""runner_terminal_status"":""PASS_PHASE2_EXT02_CWLS_C00_READY_FOR_NATIVE_COMPARISON"",""runtime_seconds"":""14.81988916299997"",""sequence"":""BY2H"",""start_utc"":""2026-09-24T12:49:46.506897+00:00"",""strace_command_prefix"":[""strace"",""--seccomp-bpf"",""-f"",""-qq"",""-yy"",""-s"",""4096"",""-e"",""trace=openat,execve"",""-o"",""<HX02_SCRATCH>/RUNS/BY2H__EXT02__LIT__CONTRACT_START__NA/native/NATIVE_OPENAT.strace""],""tracked_tree_clean"":true},""DONE.json"":{""convention_diagnostic"":{""EXT02"":{""compared_epochs"":""1081"",""definition"":""wrap180(method body yaw - (GNSS2-GNSS1 HPPOSECEF baseline heading + 90 deg)) on method-valid epochs where both receivers report carrSoln == 2"",""fractions"":{""within_20_of_0"":""0.18316373728029603"",""within_20_of_180"":""0.18593894542090658"",""within_20_of_plus_minus_90"":""0.1498612395929695""},""hard_stop"":false,""mean_circular_deg"":""-113.19310655793899"",""median_deg"":""-9.48000494697149"",""median_near_180"":false,""median_near_plus_minus_90"":false,""status"":""PASS""}},""evaluation"":""HEADING"",""heading_tables"":{""EXT02"":{""path"":""<HX02_SCRATCH>/RUNS/BY2H__EXT02__LIT__CONTRACT_START__NA/native/HX02_HEADING_TABLES/HX02_HEADING_TABLE_EXT02.csv"",""rows"":""1423"",""sha256"":""e3332ef128f4001a1af180bec63e2b09233ff2edfad44d3ed85ba4e4d8c1ab13"",""valid"":""1081""}},""native_classification"":""COMPLETED"",""provenance"":{""LegSA_output_solver_input"":false,""code_commit"":""88594ef27e20a8e660e2246218a6870a290f35ae"",""config_hash"":""85b13d489d2941382ea3f416dade24253fe07ee66c2c7e83d18554487bba5b98"",""config_hash_source"":""configs/paper_rebuild/hext/HX02_CONTRACT_V1.yaml"",""data_mode"":""real_by2h_raw"",""epoch_deleted_for_metric"":false,""final_v23_output_solver_input"":false,""old_runtime_input_count"":""0"",""output_only_correction"":false,""per_case_tuning"":false,""raw_hash_lock"":{""path"":""<CLEAN_ROOT>/01_RAW_HASH_LOCK/RAW_FILE_HASH_LOCK_CLEAN5.csv"",""sha256"":""faa31580c7fff73b52fcf6d27c97cfdd9187e67a55968a2ab42e6737b0eabb67""},""receiver_imu_as_body_imu"":false,""semisynthetic_data_used"":false,""synthetic_data_used"":false,""trace_used_online"":false},""run_id"":""BY2H__EXT02__LIT__CONTRACT_START__NA"",""runner_exit_code"":""0"",""runner_terminal_status"":""PASS_PHASE2_EXT02_CWLS_C00_READY_FOR_NATIVE_COMPARISON"",""status"":""COMPLETED"",""utc"":""2026-09-24T12:50:02.093325+00:00""}}","[""<CLEAN_ROOT>/stages/CLEAN9_EXTERNAL_COMPARISON/HX02_FIVE_CATEGORY/RUNS/BY2H__EXT02__LIT__CONTRACT_START__NA/native/HX02_HEADING_TABLES/HX02_HEADING_TABLE_EXT02.csv""]","[""<CLEAN_ROOT>/stages/CLEAN9_EXTERNAL_COMPARISON/HX02_FIVE_CATEGORY/RUNS/BY2H__EXT02__LIT__CONTRACT_START__NA/eval/HEADING/EVALUATOR_STRACE_AUDIT.json"", ""<CLEAN_ROOT>/stages/CLEAN9_EXTERNAL_COMPARISON/HX02_FIVE_CATEGORY/RUNS/BY2H__EXT02__LIT__CONTRACT_START__NA/eval/HEADING/OUTPUT/HEADING_METRICS.json""]",[],FULL_RECORD_READ,ARCHIVED_DIRECTORY_PRESENT,,,"Directory token 4 is original start_mode, not case_id; NATURAL_C00 labels this natural full-window run. native_classification=COMPLETED; runner_terminal_status=PASS_PHASE2_EXT02_CWLS_C00_READY_FOR_NATIVE_COMPARISON. Original metadata values preserved in source_values_json."
HX02-80a9964d2d6418aa684c,HX02,EVALUATION_RECORD,EXT03,unknown,unknown,BY2H,NATURAL_C00,LIT,CONTRACT_START,unknown,unknown,unknown,<CLEAN_ROOT>/stages/CLEAN9_EXTERNAL_COMPARISON/HX02_FIVE_CATEGORY/RUNS/BY2H__EXT03__LIT__CONTRACT_START__NA/eval/HEADING/EVALUATOR_STRACE_AUDIT.json,#,"{""argv"":[""/usr/bin/python3"",""-m"",""legsa_gins.paper_rebuild.hext.hx02_heading_evaluation"",""--spec"",""<HX02_SCRATCH>/RUNS/BY2H__EXT03__LIT__CONTRACT_START__NA/eval/HEADING/SPEC.json""],""environment"":{""GIT_OPTIONAL_LOCKS"":""0"",""MKL_NUM_THREADS"":""1"",""MPLBACKEND"":""Agg"",""MPLCONFIGDIR"":""<HX02_SCRATCH>/RUNS/BY2H__EXT03__LIT__CONTRACT_START__NA/eval/HEADING/OUTPUT/.matplotlib"",""NUMEXPR_NUM_THREADS"":""1"",""OMP_NUM_THREADS"":""1"",""OPENBLAS_NUM_THREADS"":""1"",""PYTHONDONTWRITEBYTECODE"":""1"",""PYTHONPATH"":""<AUDIT_SOURCE_WORKTREE>/src"",""XDG_CACHE_HOME"":""<HX02_SCRATCH>/RUNS/BY2H__EXT03__LIT__CONTRACT_START__NA/eval/HEADING/OUTPUT/.cache""},""execve_programs"":[""/usr/bin/python3""],""exit_code"":""0"",""failures"":[],""kind"":""HEADING"",""module"":""legsa_gins.paper_rebuild.hext.hx02_heading_evaluation"",""passed"":true,""raw_open_count"":""1"",""runtime_seconds"":""0.3117058160005399"",""spec_sha256"":""0c37628a737a0a067ead7f40b63ee9f1fbaafc2592ab0d533dec18b2bbd632e1"",""strace_sha256"":""1404f61031147cc264051f1a1bdf4bd7eef45197c45f702505c2c081db50ba93"",""trace_open_count"":""1"",""trace_open_records"":[{""anonymous_pipe"":false,""flags"":""O_RDONLY|O_CLOEXEC"",""lexical_path"":""<RAW_ROOT>/BY2_BY3/2026-03-06/fixption数据/2026.3.6/by3/vrtk2_a87c6e_2026-03-06-08-06-39_minimal/trace_vrtk2_a87c6e_2026-03-06-08-06-39_minimal.csv"",""path"":""<RAW_ROOT>/BY2_BY3/2026-03-06/fixption数据/2026.3.6/by3/vrtk2_a87c6e_2026-03-06-08-06-39_minimal/trace_vrtk2_a87c6e_2026-03-06-08-06-39_minimal.csv"",""pid"":""30660"",""return_code"":""3""}],""trace_read_role"":""registered_evaluator_child_only"",""write_scope"":{""allowed_anonymous_pipe_write_count"":""0"",""allowed_anonymous_pipe_write_records"":[],""allowed_device_write_count"":""0"",""allowed_device_write_records"":[],""clean_root_outside_run_write_count"":""0"",""outside_run_write_open_count"":""0"",""outside_run_write_open_records"":[],""pass"":true,""raw_write_open_count"":""0"",""write_open_count"":""2"",""write_open_records"":[{""anonymous_pipe"":false,""flags"":""O_WRONLY|O_CREAT|O_EXCL|O_CLOEXEC"",""lexical_path"":""<HX02_SCRATCH>/RUNS/BY2H__EXT03__LIT__CONTRACT_START__NA/eval/HEADING/OUTPUT/HEADING_ERROR_SERIES_EXT03.csv"",""path"":""<HX02_SCRATCH>/RUNS/BY2H__EXT03__LIT__CONTRACT_START__NA/eval/HEADING/OUTPUT/HEADING_ERROR_SERIES_EXT03.csv"",""pid"":""30660"",""return_code"":""3""},{""anonymous_pipe"":false,""flags"":""O_WRONLY|O_CREAT|O_EXCL|O_CLOEXEC"",""lexical_path"":""<HX02_SCRATCH>/RUNS/BY2H__EXT03__LIT__CONTRACT_START__NA/eval/HEADING/OUTPUT/HEADING_METRICS.json"",""path"":""<HX02_SCRATCH>/RUNS/BY2H__EXT03__LIT__CONTRACT_START__NA/eval/HEADING/OUTPUT/HEADING_METRICS.json"",""pid"":""30660"",""return_code"":""3""}],""write_outside_run_count"":""0"",""write_scope_exceptions"":[""/dev/null"",""/dev/pts/*"",""kernel-identified anonymous pipe""]}}",[],[],[],FULL_RECORD_READ,PRESENT_READ,,,First-delivery subset. Source values preserved; path aliases only. No payload-body read.
HX02-c0f90284cdb3eec21ab0,HX02,EVALUATION_RECORD,EXT03,unknown,unknown,BY2H,NATURAL_C00,LIT,CONTRACT_START,unknown,unknown,unknown,<CLEAN_ROOT>/stages/CLEAN9_EXTERNAL_COMPARISON/HX02_FIVE_CATEGORY/RUNS/BY2H__EXT03__LIT__CONTRACT_START__NA/eval/HEADING/OUTPUT/HEADING_METRICS.json,#,"{""method_id"":""EXT03"",""schema"":""hx02.heading_evaluation.v1"",""sequence_id"":""BY2H"",""trace_open_count_in_child"":""1"",""trace_sha256_observed"":""8d11fe360753bfcdbc54f7bf793fcb25850c0997b7aaad4ec1c9f10859c0f84f"",""variants"":{""EXT03"":{""availability"":""0.3459259259259259"",""base_time"":""1772784000.0"",""denominator_native_paired_epochs_in_window"":""1350"",""error_convention"":""wrap180(method_body_yaw_ned - reference_body_yaw_ned)"",""heading_table_sha256"":""c50fff7ab696dcb92193d0c20def74ecc7ff0d3c1cf6123612641fc9b33ea470"",""hold_last_valid"":{""circular_bias_deg"":""11.870756493959135"",""count"":""1350"",""held_epochs_in_window"":""1350"",""held_epochs_without_reference_support"":""0"",""hold_source"":""CAUSAL_LAST_METHOD_NATIVE_VALID_EPOCH_FROM_NATIVE_START"",""mae_deg"":""66.32916126362578"",""max_absolute_deg"":""179.18178643194022"",""no_heading_epochs_before_first_valid"":""0"",""p95_absolute_deg"":""163.93867505144885"",""rmse_deg"":""80.64040858153307""},""method_id"":""EXT03"",""ratio_fixed"":{""count"":""55"",""errors"":{""circular_bias_deg"":""13.26274052846503"",""count"":""55"",""mae_deg"":""28.182858370046667"",""max_absolute_deg"":""151.6595541807625"",""p95_absolute_deg"":""110.80240265773386"",""rmse_deg"":""45.049776085451114""},""rate"":""0.040740740740740744""},""reference_semantics"":""wrap360(90-interp(unwrap(yaw_ENU))) inside trace support; no extrapolation"",""schema"":""hx02.heading_evaluation.v1"",""valid"":{""circular_bias_deg"":""-16.518574750263497"",""count"":""467"",""mae_deg"":""63.46874104387308"",""max_absolute_deg"":""179.18178643194022"",""p95_absolute_deg"":""159.6100558774942"",""rmse_deg"":""76.92401097656273"",""wrapsafe"":{""circular_wrapsafe_bias_deg"":""-16.518574750263497"",""continuity_definition"":""segments split when accepted original epoch indices are nonconsecutive"",""longest_segment_epochs"":""119"",""mae_deg"":""63.46874104387308"",""matched_count"":""467"",""max_absolute_deg"":""179.18178643194022"",""maximum_gap_seconds"":""77.79999995231628"",""median_absolute_deg"":""60.216584828144846"",""p90_absolute_deg"":""126.50195669565895"",""p95_absolute_deg"":""159.6100558774942"",""p99_absolute_deg"":""174.14037257010034"",""rmse_deg"":""76.92401097656273"",""segment_count"":""39"",""valid_count"":""467"",""valid_coverage"":""0.3459259259259259"",""valid_denominator"":""1350"",""wrapsafe_bias_deg"":""-1.2702632617472391""}},""valid_epochs_in_window"":""467"",""valid_epochs_without_reference_support"":""0"",""valid_segments"":{""definition"":""segments split when accepted original epoch indices are nonconsecutive"",""longest_segment_epochs"":""119"",""maximum_gap_seconds"":""77.79999995231628"",""segment_count"":""39""},""window_seconds"":[""413.0"",""683.0""]}}}",[],[],[],FULL_RECORD_READ,PRESENT_READ,,,First-delivery subset. Source values preserved; path aliases only. No payload-body read.
HX02-a64caaaef233d6b3af73,HX02,RUN_IDENTITY,EXT03,unknown,88594ef27e20a8e660e2246218a6870a290f35ae,BY2H,NATURAL_C00,LIT,CONTRACT_START,unknown,COMPLETED,EVALUATION_RECORDS_PRESENT,<CLEAN_ROOT>/stages/CLEAN9_EXTERNAL_COMPARISON/HX02_FIVE_CATEGORY/RUNS/BY2H__EXT03__LIT__CONTRACT_START__NA,run_id=BY2H__EXT03__LIT__CONTRACT_START__NA,"{""COMMAND.json"":{""argv"":[""/usr/bin/python3"",""<AUDIT_SOURCE_WORKTREE>/scripts/paper_rebuild/run_horizontal_literature_phase3.py"",""--paths-config"",""<AUDIT_SOURCE_WORKTREE>/configs/paper_rebuild/DATA_PATHS.CLEAN3R4.local.yaml"",""--sequence-spec"",""<HX02_SCRATCH>/RUNS/BY2H__EXT03__LIT__CONTRACT_START__NA/native/SEQUENCE_SPEC.json"",""--mode"",""native-only"",""--trace-mode"",""disabled"",""--workers"",""16""],""case"":""CONTRACT_START"",""code_commit"":""88594ef27e20a8e660e2246218a6870a290f35ae"",""config"":""LIT"",""cwd"":""<AUDIT_SOURCE_WORKTREE>"",""end_utc"":""2026-09-24T12:50:18.106226+00:00"",""env_whitelist"":{""MKL_NUM_THREADS"":""1"",""NUMEXPR_NUM_THREADS"":""1"",""OMP_NUM_THREADS"":""1"",""OPENBLAS_NUM_THREADS"":""1"",""PYTHONDONTWRITEBYTECODE"":""1"",""PYTHONPATH"":""<AUDIT_SOURCE_WORKTREE>/src""},""method"":""EXT03"",""native_classification"":""COMPLETED"",""provenance"":{""LegSA_output_solver_input"":false,""code_commit"":""88594ef27e20a8e660e2246218a6870a290f35ae"",""config_hash"":""85b13d489d2941382ea3f416dade24253fe07ee66c2c7e83d18554487bba5b98"",""config_hash_source"":""configs/paper_rebuild/hext/HX02_CONTRACT_V1.yaml"",""data_mode"":""real_by2h_raw"",""epoch_deleted_for_metric"":false,""final_v23_output_solver_input"":false,""old_runtime_input_count"":""0"",""output_only_correction"":false,""per_case_tuning"":false,""raw_hash_lock"":{""path"":""<CLEAN_ROOT>/01_RAW_HASH_LOCK/RAW_FILE_HASH_LOCK_CLEAN5.csv"",""sha256"":""faa31580c7fff73b52fcf6d27c97cfdd9187e67a55968a2ab42e6737b0eabb67""},""receiver_imu_as_body_imu"":false,""semisynthetic_data_used"":false,""synthetic_data_used"":false,""trace_used_online"":false},""quiet_machine"":{""cap_s"":""600.0"",""load1"":""6.18408203125"",""load5"":""6.87109375"",""quiet"":true,""timed_out"":false,""waited_s"":""4.077900030097226e-05""},""returncode"":""0"",""run_id"":""BY2H__EXT03__LIT__CONTRACT_START__NA"",""runner_terminal_status"":""PASS_PHASE3_EXT03_YANG2024_C00_READY_FOR_NATIVE_COMPARISON"",""runtime_seconds"":""12.929708807999305"",""sequence"":""BY2H"",""start_utc"":""2026-09-24T12:50:02.370499+00:00"",""strace_command_prefix"":[""strace"",""--seccomp-bpf"",""-f"",""-qq"",""-yy"",""-s"",""4096"",""-e"",""trace=openat,execve"",""-o"",""<HX02_SCRATCH>/RUNS/BY2H__EXT03__LIT__CONTRACT_START__NA/native/NATIVE_OPENAT.strace""],""tracked_tree_clean"":true},""DONE.json"":{""convention_diagnostic"":{""EXT03"":{""compared_epochs"":""513"",""definition"":""wrap180(method body yaw - (GNSS2-GNSS1 HPPOSECEF baseline heading + 90 deg)) on method-valid epochs where both receivers report carrSoln == 2"",""fractions"":{""within_20_of_0"":""0.15789473684210525"",""within_20_of_180"":""0.04483430799220273"",""within_20_of_plus_minus_90"":""0.24366471734892786""},""hard_stop"":false,""mean_circular_deg"":""-23.366674260827097"",""median_deg"":""-19.814650850963233"",""median_near_180"":false,""median_near_plus_minus_90"":false,""status"":""PASS""}},""evaluation"":""HEADING"",""heading_tables"":{""EXT03"":{""path"":""<HX02_SCRATCH>/RUNS/BY2H__EXT03__LIT__CONTRACT_START__NA/native/HX02_HEADING_TABLES/HX02_HEADING_TABLE_EXT03.csv"",""rows"":""1423"",""sha256"":""c50fff7ab696dcb92193d0c20def74ecc7ff0d3c1cf6123612641fc9b33ea470"",""valid"":""513""}},""native_classification"":""COMPLETED"",""provenance"":{""LegSA_output_solver_input"":false,""code_commit"":""88594ef27e20a8e660e2246218a6870a290f35ae"",""config_hash"":""85b13d489d2941382ea3f416dade24253fe07ee66c2c7e83d18554487bba5b98"",""config_hash_source"":""configs/paper_rebuild/hext/HX02_CONTRACT_V1.yaml"",""data_mode"":""real_by2h_raw"",""epoch_deleted_for_metric"":false,""final_v23_output_solver_input"":false,""old_runtime_input_count"":""0"",""output_only_correction"":false,""per_case_tuning"":false,""raw_hash_lock"":{""path"":""<CLEAN_ROOT>/01_RAW_HASH_LOCK/RAW_FILE_HASH_LOCK_CLEAN5.csv"",""sha256"":""faa31580c7fff73b52fcf6d27c97cfdd9187e67a55968a2ab42e6737b0eabb67""},""receiver_imu_as_body_imu"":false,""semisynthetic_data_used"":false,""synthetic_data_used"":false,""trace_used_online"":false},""run_id"":""BY2H__EXT03__LIT__CONTRACT_START__NA"",""runner_exit_code"":""0"",""runner_terminal_status"":""PASS_PHASE3_EXT03_YANG2024_C00_READY_FOR_NATIVE_COMPARISON"",""status"":""COMPLETED"",""utc"":""2026-09-24T12:50:18.840530+00:00""}}","[""<CLEAN_ROOT>/stages/CLEAN9_EXTERNAL_COMPARISON/HX02_FIVE_CATEGORY/RUNS/BY2H__EXT03__LIT__CONTRACT_START__NA/native/HX02_HEADING_TABLES/HX02_HEADING_TABLE_EXT03.csv""]","[""<CLEAN_ROOT>/stages/CLEAN9_EXTERNAL_COMPARISON/HX02_FIVE_CATEGORY/RUNS/BY2H__EXT03__LIT__CONTRACT_START__NA/eval/HEADING/EVALUATOR_STRACE_AUDIT.json"", ""<CLEAN_ROOT>/stages/CLEAN9_EXTERNAL_COMPARISON/HX02_FIVE_CATEGORY/RUNS/BY2H__EXT03__LIT__CONTRACT_START__NA/eval/HEADING/OUTPUT/HEADING_METRICS.json""]",[],FULL_RECORD_READ,ARCHIVED_DIRECTORY_PRESENT,,,"Directory token 4 is original start_mode, not case_id; NATURAL_C00 labels this natural full-window run. native_classification=COMPLETED; runner_terminal_status=PASS_PHASE3_EXT03_YANG2024_C00_READY_FOR_NATIVE_COMPARISON. Original metadata values preserved in source_values_json."
HX02-3e4e35fe89be730e6f66,HX02,EVALUATION_RECORD,EXT04,unknown,unknown,BY2H,NATURAL_C00,LIT,CONTRACT_START,unknown,unknown,unknown,<CLEAN_ROOT>/stages/CLEAN9_EXTERNAL_COMPARISON/HX02_FIVE_CATEGORY/RUNS/BY2H__EXT04__LIT__CONTRACT_START__NA/eval/HEADING/EVALUATOR_STRACE_AUDIT.json,#,"{""argv"":[""/usr/bin/python3"",""-m"",""legsa_gins.paper_rebuild.hext.hx02_heading_evaluation"",""--spec"",""<HX02_SCRATCH>/RUNS/BY2H__EXT04__LIT__CONTRACT_START__NA/eval/HEADING/SPEC.json""],""environment"":{""GIT_OPTIONAL_LOCKS"":""0"",""MKL_NUM_THREADS"":""1"",""MPLBACKEND"":""Agg"",""MPLCONFIGDIR"":""<HX02_SCRATCH>/RUNS/BY2H__EXT04__LIT__CONTRACT_START__NA/eval/HEADING/OUTPUT/.matplotlib"",""NUMEXPR_NUM_THREADS"":""1"",""OMP_NUM_THREADS"":""1"",""OPENBLAS_NUM_THREADS"":""1"",""PYTHONDONTWRITEBYTECODE"":""1"",""PYTHONPATH"":""<AUDIT_SOURCE_WORKTREE>/src"",""XDG_CACHE_HOME"":""<HX02_SCRATCH>/RUNS/BY2H__EXT04__LIT__CONTRACT_START__NA/eval/HEADING/OUTPUT/.cache""},""execve_programs"":[""/usr/bin/python3""],""exit_code"":""0"",""failures"":[],""kind"":""HEADING"",""module"":""legsa_gins.paper_rebuild.hext.hx02_heading_evaluation"",""passed"":true,""raw_open_count"":""1"",""runtime_seconds"":""0.36968762099968444"",""spec_sha256"":""2e2009e895770a4d06ed98b4a368a45c3cf698ff2f76560a96bb74d5d029bd49"",""strace_sha256"":""f98b1a73bed540bebded7149346ff2aaf1b02fd708e41ed8ee205f61c5fd2260"",""trace_open_count"":""1"",""trace_open_records"":[{""anonymous_pipe"":false,""flags"":""O_RDONLY|O_CLOEXEC"",""lexical_path"":""<RAW_ROOT>/BY2_BY3/2026-03-06/fixption数据/2026.3.6/by3/vrtk2_a87c6e_2026-03-06-08-06-39_minimal/trace_vrtk2_a87c6e_2026-03-06-08-06-39_minimal.csv"",""path"":""<RAW_ROOT>/BY2_BY3/2026-03-06/fixption数据/2026.3.6/by3/vrtk2_a87c6e_2026-03-06-08-06-39_minimal/trace_vrtk2_a87c6e_2026-03-06-08-06-39_minimal.csv"",""pid"":""30847"",""return_code"":""3""}],""trace_read_role"":""registered_evaluator_child_only"",""write_scope"":{""allowed_anonymous_pipe_write_count"":""0"",""allowed_anonymous_pipe_write_records"":[],""allowed_device_write_count"":""0"",""allowed_device_write_records"":[],""clean_root_outside_run_write_count"":""0"",""outside_run_write_open_count"":""0"",""outside_run_write_open_records"":[],""pass"":true,""raw_write_open_count"":""0"",""write_open_count"":""3"",""write_open_records"":[{""anonymous_pipe"":false,""flags"":""O_WRONLY|O_CREAT|O_EXCL|O_CLOEXEC"",""lexical_path"":""<HX02_SCRATCH>/RUNS/BY2H__EXT04__LIT__CONTRACT_START__NA/eval/HEADING/OUTPUT/HEADING_ERROR_SERIES_EXT04_FAR.csv"",""path"":""<HX02_SCRATCH>/RUNS/BY2H__EXT04__LIT__CONTRACT_START__NA/eval/HEADING/OUTPUT/HEADING_ERROR_SERIES_EXT04_FAR.csv"",""pid"":""30847"",""return_code"":""3""},{""anonymous_pipe"":false,""flags"":""O_WRONLY|O_CREAT|O_EXCL|O_CLOEXEC"",""lexical_path"":""<HX02_SCRATCH>/RUNS/BY2H__EXT04__LIT__CONTRACT_START__NA/eval/HEADING/OUTPUT/HEADING_ERROR_SERIES_EXT04_PAR.csv"",""path"":""<HX02_SCRATCH>/RUNS/BY2H__EXT04__LIT__CONTRACT_START__NA/eval/HEADING/OUTPUT/HEADING_ERROR_SERIES_EXT04_PAR.csv"",""pid"":""30847"",""return_code"":""3""},{""anonymous_pipe"":false,""flags"":""O_WRONLY|O_CREAT|O_EXCL|O_CLOEXEC"",""lexical_path"":""<HX02_SCRATCH>/RUNS/BY2H__EXT04__LIT__CONTRACT_START__NA/eval/HEADING/OUTPUT/HEADING_METRICS.json"",""path"":""<HX02_SCRATCH>/RUNS/BY2H__EXT04__LIT__CONTRACT_START__NA/eval/HEADING/OUTPUT/HEADING_METRICS.json"",""pid"":""30847"",""return_code"":""3""}],""write_outside_run_count"":""0"",""write_scope_exceptions"":[""/dev/null"",""/dev/pts/*"",""kernel-identified anonymous pipe""]}}",[],[],[],FULL_RECORD_READ,PRESENT_READ,,,First-delivery subset. Source values preserved; path aliases only. No payload-body read.
HX02-2c31e872d765e1087454,HX02,EVALUATION_RECORD,EXT04,unknown,unknown,BY2H,NATURAL_C00,LIT,CONTRACT_START,unknown,unknown,unknown,<CLEAN_ROOT>/stages/CLEAN9_EXTERNAL_COMPARISON/HX02_FIVE_CATEGORY/RUNS/BY2H__EXT04__LIT__CONTRACT_START__NA/eval/HEADING/OUTPUT/HEADING_METRICS.json,#,"{""method_id"":""EXT04"",""schema"":""hx02.heading_evaluation.v1"",""sequence_id"":""BY2H"",""trace_open_count_in_child"":""1"",""trace_sha256_observed"":""8d11fe360753bfcdbc54f7bf793fcb25850c0997b7aaad4ec1c9f10859c0f84f"",""variants"":{""EXT04_FAR"":{""availability"":""0.0"",""base_time"":""1772784000.0"",""denominator_native_paired_epochs_in_window"":""1350"",""error_convention"":""wrap180(method_body_yaw_ned - reference_body_yaw_ned)"",""heading_table_sha256"":""a055a3795f0ec667ad26150785bbdfb237c71a79a08165ff8123157ff9faf14c"",""hold_last_valid"":{""circular_bias_deg"":null,""count"":""0"",""held_epochs_in_window"":""0"",""held_epochs_without_reference_support"":""0"",""hold_source"":""CAUSAL_LAST_METHOD_NATIVE_VALID_EPOCH_FROM_NATIVE_START"",""mae_deg"":null,""max_absolute_deg"":null,""no_heading_epochs_before_first_valid"":""1350"",""p95_absolute_deg"":null,""rmse_deg"":null},""method_id"":""EXT04_FAR"",""reference_semantics"":""wrap360(90-interp(unwrap(yaw_ENU))) inside trace support; no extrapolation"",""schema"":""hx02.heading_evaluation.v1"",""valid"":{""circular_bias_deg"":null,""count"":""0"",""mae_deg"":null,""max_absolute_deg"":null,""p95_absolute_deg"":null,""rmse_deg"":null,""wrapsafe"":{""circular_wrapsafe_bias_deg"":null,""continuity_definition"":""segments split when accepted original epoch indices are nonconsecutive"",""longest_segment_epochs"":""0"",""mae_deg"":null,""matched_count"":""0"",""max_absolute_deg"":null,""maximum_gap_seconds"":null,""median_absolute_deg"":null,""p90_absolute_deg"":null,""p95_absolute_deg"":null,""p99_absolute_deg"":null,""rmse_deg"":null,""segment_count"":""0"",""valid_count"":""0"",""valid_coverage"":""0.0"",""valid_denominator"":""1350"",""wrapsafe_bias_deg"":null}},""valid_epochs_in_window"":""0"",""valid_epochs_without_reference_support"":""0"",""valid_segments"":{""definition"":""segments split when accepted original epoch indices are nonconsecutive"",""longest_segment_epochs"":""0"",""maximum_gap_seconds"":null,""segment_count"":""0""},""window_seconds"":[""413.0"",""683.0""]},""EXT04_PAR"":{""availability"":""0.0"",""base_time"":""1772784000.0"",""denominator_native_paired_epochs_in_window"":""1350"",""error_convention"":""wrap180(method_body_yaw_ned - reference_body_yaw_ned)"",""heading_table_sha256"":""a055a3795f0ec667ad26150785bbdfb237c71a79a08165ff8123157ff9faf14c"",""hold_last_valid"":{""circular_bias_deg"":null,""count"":""0"",""held_epochs_in_window"":""0"",""held_epochs_without_reference_support"":""0"",""hold_source"":""CAUSAL_LAST_METHOD_NATIVE_VALID_EPOCH_FROM_NATIVE_START"",""mae_deg"":null,""max_absolute_deg"":null,""no_heading_epochs_before_first_valid"":""1350"",""p95_absolute_deg"":null,""rmse_deg"":null},""method_id"":""EXT04_PAR"",""reference_semantics"":""wrap360(90-interp(unwrap(yaw_ENU))) inside trace support; no extrapolation"",""schema"":""hx02.heading_evaluation.v1"",""valid"":{""circular_bias_deg"":null,""count"":""0"",""mae_deg"":null,""max_absolute_deg"":null,""p95_absolute_deg"":null,""rmse_deg"":null,""wrapsafe"":{""circular_wrapsafe_bias_deg"":null,""continuity_definition"":""segments split when accepted original epoch indices are nonconsecutive"",""longest_segment_epochs"":""0"",""mae_deg"":null,""matched_count"":""0"",""max_absolute_deg"":null,""maximum_gap_seconds"":null,""median_absolute_deg"":null,""p90_absolute_deg"":null,""p95_absolute_deg"":null,""p99_absolute_deg"":null,""rmse_deg"":null,""segment_count"":""0"",""valid_count"":""0"",""valid_coverage"":""0.0"",""valid_denominator"":""1350"",""wrapsafe_bias_deg"":null}},""valid_epochs_in_window"":""0"",""valid_epochs_without_reference_support"":""0"",""valid_segments"":{""definition"":""segments split when accepted original epoch indices are nonconsecutive"",""longest_segment_epochs"":""0"",""maximum_gap_seconds"":null,""segment_count"":""0""},""window_seconds"":[""413.0"",""683.0""]}}}",[],[],[],FULL_RECORD_READ,PRESENT_READ,,,First-delivery subset. Source values preserved; path aliases only. No payload-body read.
HX02-a95625839b5e7e290b85,HX02,RUN_IDENTITY,EXT04,unknown,88594ef27e20a8e660e2246218a6870a290f35ae,BY2H,NATURAL_C00,LIT,CONTRACT_START,unknown,COMPLETED,EVALUATION_RECORDS_PRESENT,<CLEAN_ROOT>/stages/CLEAN9_EXTERNAL_COMPARISON/HX02_FIVE_CATEGORY/RUNS/BY2H__EXT04__LIT__CONTRACT_START__NA,run_id=BY2H__EXT04__LIT__CONTRACT_START__NA,"{""COMMAND.json"":{""argv"":[""/usr/bin/python3"",""<AUDIT_SOURCE_WORKTREE>/scripts/paper_rebuild/run_horizontal_literature_phase4.py"",""--paths-config"",""<AUDIT_SOURCE_WORKTREE>/configs/paper_rebuild/DATA_PATHS.CLEAN3R4.local.yaml"",""--sequence-spec"",""<HX02_SCRATCH>/RUNS/BY2H__EXT04__LIT__CONTRACT_START__NA/native/SEQUENCE_SPEC.json"",""--mode"",""native-only"",""--trace-mode"",""disabled"",""--workers"",""16""],""case"":""CONTRACT_START"",""code_commit"":""88594ef27e20a8e660e2246218a6870a290f35ae"",""config"":""LIT"",""cwd"":""<AUDIT_SOURCE_WORKTREE>"",""end_utc"":""2026-09-24T12:52:43.843465+00:00"",""env_whitelist"":{""MKL_NUM_THREADS"":""1"",""NUMEXPR_NUM_THREADS"":""1"",""OMP_NUM_THREADS"":""1"",""OPENBLAS_NUM_THREADS"":""1"",""PYTHONDONTWRITEBYTECODE"":""1"",""PYTHONPATH"":""<AUDIT_SOURCE_WORKTREE>/src""},""method"":""EXT04"",""native_classification"":""COMPLETED"",""provenance"":{""LegSA_output_solver_input"":false,""code_commit"":""88594ef27e20a8e660e2246218a6870a290f35ae"",""config_hash"":""85b13d489d2941382ea3f416dade24253fe07ee66c2c7e83d18554487bba5b98"",""config_hash_source"":""configs/paper_rebuild/hext/HX02_CONTRACT_V1.yaml"",""data_mode"":""real_by2h_raw"",""epoch_deleted_for_metric"":false,""final_v23_output_solver_input"":false,""old_runtime_input_count"":""0"",""output_only_correction"":false,""per_case_tuning"":false,""raw_hash_lock"":{""path"":""<CLEAN_ROOT>/01_RAW_HASH_LOCK/RAW_FILE_HASH_LOCK_CLEAN5.csv"",""sha256"":""faa31580c7fff73b52fcf6d27c97cfdd9187e67a55968a2ab42e6737b0eabb67""},""receiver_imu_as_body_imu"":false,""semisynthetic_data_used"":false,""synthetic_data_used"":false,""trace_used_online"":false},""quiet_machine"":{""cap_s"":""600.0"",""load1"":""5.11474609375"",""load5"":""6.59912109375"",""quiet"":true,""timed_out"":false,""waited_s"":""6.80739995004842e-05""},""returncode"":""0"",""run_id"":""BY2H__EXT04__LIT__CONTRACT_START__NA"",""runner_terminal_status"":""PASS_PHASE4_EXT04_NATIVE_FROZEN_READY_FOR_POST_NATIVE"",""runtime_seconds"":""144.71673885699965"",""sequence"":""BY2H"",""start_utc"":""2026-09-24T12:50:19.126745+00:00"",""strace_command_prefix"":[""strace"",""--seccomp-bpf"",""-f"",""-qq"",""-yy"",""-s"",""4096"",""-e"",""trace=openat,execve"",""-o"",""<HX02_SCRATCH>/RUNS/BY2H__EXT04__LIT__CONTRACT_START__NA/native/NATIVE_OPENAT.strace""],""tracked_tree_clean"":true},""DONE.json"":{""convention_diagnostic"":{""EXT04_FAR"":{""compared_epochs"":""0"",""hard_stop"":false,""median_deg"":null,""status"":""UNAVAILABLE_NO_METHOD_VALID_DUAL_FIXED_EPOCH""},""EXT04_PAR"":{""compared_epochs"":""0"",""hard_stop"":false,""median_deg"":null,""status"":""UNAVAILABLE_NO_METHOD_VALID_DUAL_FIXED_EPOCH""}},""evaluation"":""HEADING"",""heading_tables"":{""EXT04_FAR"":{""path"":""<HX02_SCRATCH>/RUNS/BY2H__EXT04__LIT__CONTRACT_START__NA/native/HX02_HEADING_TABLES/HX02_HEADING_TABLE_EXT04_FAR.csv"",""rows"":""1423"",""sha256"":""a055a3795f0ec667ad26150785bbdfb237c71a79a08165ff8123157ff9faf14c"",""valid"":""0""},""EXT04_PAR"":{""path"":""<HX02_SCRATCH>/RUNS/BY2H__EXT04__LIT__CONTRACT_START__NA/native/HX02_HEADING_TABLES/HX02_HEADING_TABLE_EXT04_PAR.csv"",""rows"":""1423"",""sha256"":""a055a3795f0ec667ad26150785bbdfb237c71a79a08165ff8123157ff9faf14c"",""valid"":""0""}},""native_classification"":""COMPLETED"",""provenance"":{""LegSA_output_solver_input"":false,""code_commit"":""88594ef27e20a8e660e2246218a6870a290f35ae"",""config_hash"":""85b13d489d2941382ea3f416dade24253fe07ee66c2c7e83d18554487bba5b98"",""config_hash_source"":""configs/paper_rebuild/hext/HX02_CONTRACT_V1.yaml"",""data_mode"":""real_by2h_raw"",""epoch_deleted_for_metric"":false,""final_v23_output_solver_input"":false,""old_runtime_input_count"":""0"",""output_only_correction"":false,""per_case_tuning"":false,""raw_hash_lock"":{""path"":""<CLEAN_ROOT>/01_RAW_HASH_LOCK/RAW_FILE_HASH_LOCK_CLEAN5.csv"",""sha256"":""faa31580c7fff73b52fcf6d27c97cfdd9187e67a55968a2ab42e6737b0eabb67""},""receiver_imu_as_body_imu"":false,""semisynthetic_data_used"":false,""synthetic_data_used"":false,""trace_used_online"":false},""run_id"":""BY2H__EXT04__LIT__CONTRACT_START__NA"",""runner_exit_code"":""0"",""runner_terminal_status"":""PASS_PHASE4_EXT04_NATIVE_FROZEN_READY_FOR_POST_NATIVE"",""status"":""COMPLETED"",""utc"":""2026-09-24T12:52:45.817061+00:00""}}","[""<CLEAN_ROOT>/stages/CLEAN9_EXTERNAL_COMPARISON/HX02_FIVE_CATEGORY/RUNS/BY2H__EXT04__LIT__CONTRACT_START__NA/native/HX02_HEADING_TABLES/HX02_HEADING_TABLE_EXT04_FAR.csv"", ""<CLEAN_ROOT>/stages/CLEAN9_EXTERNAL_COMPARISON/HX02_FIVE_CATEGORY/RUNS/BY2H__EXT04__LIT__CONTRACT_START__NA/native/HX02_HEADING_TABLES/HX02_HEADING_TABLE_EXT04_PAR.csv""]","[""<CLEAN_ROOT>/stages/CLEAN9_EXTERNAL_COMPARISON/HX02_FIVE_CATEGORY/RUNS/BY2H__EXT04__LIT__CONTRACT_START__NA/eval/HEADING/EVALUATOR_STRACE_AUDIT.json"", ""<CLEAN_ROOT>/stages/CLEAN9_EXTERNAL_COMPARISON/HX02_FIVE_CATEGORY/RUNS/BY2H__EXT04__LIT__CONTRACT_START__NA/eval/HEADING/OUTPUT/HEADING_METRICS.json""]",[],FULL_RECORD_READ,ARCHIVED_DIRECTORY_PRESENT,,,"Directory token 4 is original start_mode, not case_id; NATURAL_C00 labels this natural full-window run. native_classification=COMPLETED; runner_terminal_status=PASS_PHASE4_EXT04_NATIVE_FROZEN_READY_FOR_POST_NATIVE. Original metadata values preserved in source_values_json."
HX02-81c2c8efb5ae63c13912,HX02,EVALUATION_RECORD,GINAV,unknown,unknown,BY2H,NATURAL_C00,NONE,CONTRACT_START,unknown,unknown,unknown,<CLEAN_ROOT>/stages/CLEAN9_EXTERNAL_COMPARISON/HX02_FIVE_CATEGORY/RUNS/BY2H__GINAV__NONE__CONTRACT_START__NA/eval/COVERAGE/EVALUATOR_STRACE_AUDIT.json,#,"{""argv"":[""/usr/bin/python3"",""-m"",""legsa_gins.paper_rebuild.hext.hx02_coverage_evaluation"",""--spec"",""<HX02_SCRATCH>/RUNS/BY2H__GINAV__NONE__CONTRACT_START__NA/eval/COVERAGE/SPEC.json""],""environment"":{""GIT_OPTIONAL_LOCKS"":""0"",""MKL_NUM_THREADS"":""1"",""MPLBACKEND"":""Agg"",""MPLCONFIGDIR"":""<HX02_SCRATCH>/RUNS/BY2H__GINAV__NONE__CONTRACT_START__NA/eval/COVERAGE/OUTPUT/.matplotlib"",""NUMEXPR_NUM_THREADS"":""1"",""OMP_NUM_THREADS"":""1"",""OPENBLAS_NUM_THREADS"":""1"",""PYTHONDONTWRITEBYTECODE"":""1"",""PYTHONPATH"":""<AUDIT_SOURCE_WORKTREE>/src"",""XDG_CACHE_HOME"":""<HX02_SCRATCH>/RUNS/BY2H__GINAV__NONE__CONTRACT_START__NA/eval/COVERAGE/OUTPUT/.cache""},""execve_programs"":[""/usr/bin/python3""],""exit_code"":""0"",""failures"":[],""kind"":""COVERAGE"",""module"":""legsa_gins.paper_rebuild.hext.hx02_coverage_evaluation"",""passed"":true,""raw_open_count"":""0"",""runtime_seconds"":""0.30932484200002364"",""spec_sha256"":""c4940928d24c3ce1b60712cd0bd35834509f847a834c4d481b6ffd2e4d1500db"",""strace_sha256"":""904059582c0cfe8e640cfcd630307a1d268d84ecb597bc8c241e0a106df52cc0"",""trace_open_count"":""0"",""trace_open_records"":[],""trace_read_role"":""reference_free_child"",""write_scope"":{""allowed_anonymous_pipe_write_count"":""0"",""allowed_anonymous_pipe_write_records"":[],""allowed_device_write_count"":""0"",""allowed_device_write_records"":[],""clean_root_outside_run_write_count"":""0"",""outside_run_write_open_count"":""0"",""outside_run_write_open_records"":[],""pass"":true,""raw_write_open_count"":""0"",""write_open_count"":""1"",""write_open_records"":[{""anonymous_pipe"":false,""flags"":""O_WRONLY|O_CREAT|O_EXCL|O_CLOEXEC"",""lexical_path"":""<HX02_SCRATCH>/RUNS/BY2H__GINAV__NONE__CONTRACT_START__NA/eval/COVERAGE/OUTPUT/COVERAGE_METRICS.json"",""path"":""<HX02_SCRATCH>/RUNS/BY2H__GINAV__NONE__CONTRACT_START__NA/eval/COVERAGE/OUTPUT/COVERAGE_METRICS.json"",""pid"":""32289"",""return_code"":""3""}],""write_outside_run_count"":""0"",""write_scope_exceptions"":[""/dev/null"",""/dev/pts/*"",""kernel-identified anonymous pipe""]}}",[],[],[],FULL_RECORD_READ,PRESENT_READ,,,First-delivery subset. Source values preserved; path aliases only. No payload-body read.
HX02-86978ddbb6ad867cefb7,HX02,EVALUATION_RECORD,GINAV,unknown,unknown,BY2H,NATURAL_C00,NONE,CONTRACT_START,unknown,unknown,unknown,<CLEAN_ROOT>/stages/CLEAN9_EXTERNAL_COMPARISON/HX02_FIVE_CATEGORY/RUNS/BY2H__GINAV__NONE__CONTRACT_START__NA/eval/COVERAGE/OUTPUT/COVERAGE_METRICS.json,#,"{""definitions"":""the CLEAN4 coverage-aware GINav record with\nthe v3 window convention (closed window, per-sequence base_time):\n  * expected epochs = integer seconds k with w0 <= k <= w1;\n  * row coverage = valid NAV rows inside the window / expected epochs;\n  * temporal coverage = (last - first valid output time) / (w1 - w0);\n  * maximum gap = largest spacing between adjacent valid rows;\n  * a new segment starts when the adjacent spacing exceeds 1.5 s.\nMissing leading output stays in the denominators; nothing is filled."",""expected_integer_epochs"":""271"",""first_valid_rel_s"":""676.002"",""last_valid_rel_s"":""677.002"",""leading_missing_s"":""263.00199999999995"",""max_gap_s"":""1.0"",""nav_rows"":""5"",""nav_sha256"":""8e27590378bab82e92d32008548d1694b7cd44d1ab93b271ceb3dd10c2d06b99"",""output_span_s"":""1.0"",""reference_opened"":false,""row_coverage_fraction"":""0.007380073800738007"",""schema"":""hx02.coverage_evaluation.v1"",""segment_count"":""1"",""segment_split_s"":""1.5"",""sequence_id"":""BY2H"",""temporal_coverage_fraction"":""0.003703703703703704"",""valid_rows_in_window"":""2"",""window_duration_s"":""270.0"",""window_seconds"":[""413.0"",""683.0""]}",[],[],[],FULL_RECORD_READ,PRESENT_READ,,,First-delivery subset. Source values preserved; path aliases only. No payload-body read.
HX02-e86bd0c3cdd741a2f3e0,HX02,EVALUATION_RECORD,GINAV,unknown,unknown,BY2H,NATURAL_C00,NONE,CONTRACT_START,unknown,unknown,unknown,<CLEAN_ROOT>/stages/CLEAN9_EXTERNAL_COMPARISON/HX02_FIVE_CATEGORY/RUNS/BY2H__GINAV__NONE__CONTRACT_START__NA/eval/D8_BOUNDED_GATE.json,#,"{""all_numeric_rows_finite"":true,""bounds"":{""height_displacement_m"":""1000.0"",""position_displacement_m"":""10000.0"",""speed_mps"":""50.0""},""failure_classification"":""NONE"",""first_violation"":null,""height_definition"":""absolute geodetic height minus first native geodetic height"",""maxima"":{""height_displacement_m"":""0.6705630000000014"",""position_displacement_m"":""1.0922503751860513"",""speed_mps"":""1.7717540334674384""},""metric_epoch_deletion"":false,""passed"":true,""position_definition"":""WGS84 LLA -> ECEF -> NED fixed at first native output epoch; Euclidean displacement"",""row_count"":""2"",""sealed_evaluator_nav_sha256"":""b4f76b9dd65e8d8eff83a5d824673baea2480b282c0c8182b00e3b3141a651e8"",""source_nav_sha256"":""b4f76b9dd65e8d8eff83a5d824673baea2480b282c0c8182b00e3b3141a651e8""}",[],[],[],FULL_RECORD_READ,PRESENT_READ,,,First-delivery subset. Source values preserved; path aliases only. No payload-body read.
HX02-f900b3a58df80fd0083a,HX02,EVALUATION_RECORD,GINAV,unknown,unknown,BY2H,NATURAL_C00,NONE,CONTRACT_START,unknown,unknown,unknown,<CLEAN_ROOT>/stages/CLEAN9_EXTERNAL_COMPARISON/HX02_FIVE_CATEGORY/RUNS/BY2H__GINAV__NONE__CONTRACT_START__NA/eval/GINAV_EVALUATION.json,#,"{""bounded_gate"":{""all_numeric_rows_finite"":true,""bounds"":{""height_displacement_m"":""1000.0"",""position_displacement_m"":""10000.0"",""speed_mps"":""50.0""},""failure_classification"":""NONE"",""first_violation"":null,""height_definition"":""absolute geodetic height minus first native geodetic height"",""maxima"":{""height_displacement_m"":""0.6705630000000014"",""position_displacement_m"":""1.0922503751860513"",""speed_mps"":""1.7717540334674384""},""metric_epoch_deletion"":false,""passed"":true,""position_definition"":""WGS84 LLA -> ECEF -> NED fixed at first native output epoch; Euclidean displacement"",""row_count"":""2"",""sealed_evaluator_nav_sha256"":""b4f76b9dd65e8d8eff83a5d824673baea2480b282c0c8182b00e3b3141a651e8"",""source_nav_sha256"":""b4f76b9dd65e8d8eff83a5d824673baea2480b282c0c8182b00e3b3141a651e8""},""conversion"":{""finite_rows"":""5"",""first_rel_s"":""676.002"",""last_rel_s"":""688.002"",""native_rows"":""5"",""nonfinite_rows"":""0"",""window_rows"":""2""},""coverage"":{""definitions"":""the CLEAN4 coverage-aware GINav record with\nthe v3 window convention (closed window, per-sequence base_time):\n  * expected epochs = integer seconds k with w0 <= k <= w1;\n  * row coverage = valid NAV rows inside the window / expected epochs;\n  * temporal coverage = (last - first valid output time) / (w1 - w0);\n  * maximum gap = largest spacing between adjacent valid rows;\n  * a new segment starts when the adjacent spacing exceeds 1.5 s.\nMissing leading output stays in the denominators; nothing is filled."",""expected_integer_epochs"":""271"",""first_valid_rel_s"":""676.002"",""last_valid_rel_s"":""677.002"",""leading_missing_s"":""263.00199999999995"",""max_gap_s"":""1.0"",""nav_rows"":""5"",""nav_sha256"":""8e27590378bab82e92d32008548d1694b7cd44d1ab93b271ceb3dd10c2d06b99"",""output_span_s"":""1.0"",""reference_opened"":false,""row_coverage_fraction"":""0.007380073800738007"",""schema"":""hx02.coverage_evaluation.v1"",""segment_count"":""1"",""segment_split_s"":""1.5"",""sequence_id"":""BY2H"",""temporal_coverage_fraction"":""0.003703703703703704"",""valid_rows_in_window"":""2"",""window_duration_s"":""270.0"",""window_seconds"":[""413.0"",""683.0""]},""evaluation_status"":""EVALUATED"",""v2"":{""STD"":""OMITTED_AS_FROZEN_EXTERNAL_CONTRACT"",""base_time"":""1772784000.0"",""coverage_ratio"":""1.0"",""dataset_id"":""BY2H"",""east_bias_m"":""0.1038963909675288"",""east_final_absolute_error_m"":""0.2339732391438445"",""east_final_signed_error_m"":""0.2339732391438445"",""east_iae_m"":""0.1300768481763157"",""east_ise_m"":""0.027714446487561883"",""east_mae_m"":""0.1300768481763157"",""east_max_absolute_m"":""0.2339732391438445"",""east_median_absolute_error_m"":""0.1300768481763157"",""east_p50_absolute_m"":""0.1300768481763157"",""east_p75_absolute_m"":""0.1820250436600801"",""east_p90_absolute_m"":""0.21319396095033874"",""east_p95_absolute_m"":""0.2235836000470916"",""east_p99_absolute_m"":""0.23189531132449392"",""east_rmse_m"":""0.16647656437938008"",""east_signed_mean_m"":""0.1038963909675288"",""east_signed_median_m"":""0.1038963909675288"",""east_standard_deviation_m"":""0.1300768481763157"",""error_series_source"":""<HX02_SCRATCH>/RUNS/BY2H__GINAV__NONE__CONTRACT_START__NA/eval/v2/EXACT_EVALUATOR_OUTPUT"",""evaluation_invoked"":true,""evaluation_runtime_seconds"":""0.9795688340000197"",""evaluation_status"":""COMPLETED"",""evaluator_contract"":""evaluator_contract_v2"",""evaluator_nav_sha256"":""b4f76b9dd65e8d8eff83a5d824673baea2480b282c0c8182b00e3b3141a651e8"",""evaluator_sha256"":""aa0492482b6467cdd701bc8882aca11c4170bbe2e7c6bb5f932679dc204978da"",""finite_output"":true,""finite_ratio"":""1.0"",""horizontal_final_m"":""2.740793404563511"",""horizontal_iae_m"":""2.8702554300944927"",""horizontal_ise_m"":""8.255126650041506"",""horizontal_mae_m"":""2.8702554300944927"",""horizontal_max_m"":""2.999717455625474"",""horizontal_mean_m"":""2.8702554300944927"",""horizontal_median_m"":""2.8702554300944927"",""horizontal_p50_m"":""2.8702554300944927"",""horizontal_p75_m"":""2.9349864428599837"",""horizontal_p90_m"":""2.973825050519278"",""horizontal_p95_m"":""2.986771253072376"",""horizontal_p99_m"":""2.9971282151148544"",""horizontal_rmse_m"":""2.8731736198916877"",""matched_epoch_count"":""2"",""method_id"":""LC02_GINAV"",""north_bias_m"":""2.8651957780756403"",""north_final_absolute_error_m"":""2.730788349518025"",""north_final_signed_error_m"":""2.730788349518025"",""north_iae_m"":""2.8651957780756403"",""north_ise_m"":""8.227412203553946"",""north_mae_m"":""2.8651957780756403"",""north_max_absolute_m"":""2.999603206633256"",""north_median_absolute_error_m"":""2.8651957780756403"",""north_p50_absolute_m"":""2.8651957780756403"",""north_p75_absolute_m"":""2.932399492354448"",""north_p90_absolute_m"":""2.972721720921733"",""north_p95_absolute_m"":""2.9861624637774944"",""north_p99_absolute_m"":""2.9969150580621036"",""north_rmse_m"":""2.8683465975286087"",""north_signed_mean_m"":""2.8651957780756403"",""north_signed_median_m"":""2.8651957780756403"",""north_standard_deviation_m"":""0.13440742855761534"",""output_epoch_count"":""2"",""pitch_bias_deg"":""-1.032850114718002"",""pitch_final_absolute_error_deg"":""1.1896616191121154"",""pitch_final_signed_error_deg"":""-1.1896616191121154"",""pitch_iae_deg"":""1.032850114718002"",""pitch_ise_deg"":""1.091369207383335"",""pitch_mae_deg"":""1.032850114718002"",""pitch_max_absolute_deg"":""1.1896616191121154"",""pitch_median_absolute_error_deg"":""1.032850114718002"",""pitch_p50_absolute_deg"":""1.032850114718002"",""pitch_p75_absolute_deg"":""1.1112558669150587"",""pitch_p90_absolute_deg"":""1.1582993182332928"",""pitch_p95_absolute_deg"":""1.173980468672704"",""pitch_p99_absolute_deg"":""1.186525389024233"",""pitch_rmse_deg"":""1.0446861765062918"",""pitch_signed_mean_deg"":""-1.032850114718002"",""pitch_signed_median_deg"":""-1.032850114718002"",""pitch_standard_deviation_deg"":""0.1568115043941134"",""position_3d_final_m"":""2.832377081454096"",""position_3d_iae_m"":""2.9161410154381224"",""position_3d_ise_m"":""8.510894818556965"",""position_3d_mae_m"":""2.9161410154381224"",""position_3d_max_m"":""2.999904949422149"",""position_3d_mean_m"":""2.9161410154381224"",""position_3d_median_m"":""2.9161410154381224"",""position_3d_p50_m"":""2.9161410154381224"",""position_3d_p75_m"":""2.9580229824301356"",""position_3d_p90_m"":""2.9831521626253434"",""position_3d_p95_m"":""2.9915285560237463"",""position_3d_p99_m"":""2.9982296707424685"",""position_3d_rmse_m"":""2.917343795056895"",""reference_epoch_count"":""5400"",""reference_is_independent_ground_truth"":false,""reference_velocity_supported"":false,""roll_bias_deg"":""-1.0342874340390154"",""roll_final_absolute_error_deg"":""0.9693749156188858"",""roll_final_signed_error_deg"":""-0.9693749156188858"",""roll_iae_deg"":""1.0342874340390154"",""roll_ise_deg"":""1.0739641312586543"",""roll_mae_deg"":""1.0342874340390154"",""roll_max_absolute_deg"":""1.099199952459145"",""roll_median_absolute_error_deg"":""1.0342874340390154"",""roll_p50_absolute_deg"":""1.0342874340390154"",""roll_p75_absolute_deg"":""1.0667436932490801"",""roll_p90_absolute_deg"":""1.086217448775119"",""roll_p95_absolute_deg"":""1.0927087006171319"",""roll_p99_absolute_deg"":""1.0979017020907422"",""roll_rmse_deg"":""1.0363224070040435"",""roll_signed_mean_deg"":""-1.0342874340390154"",""roll_signed_median_deg"":""-1.0342874340390154"",""roll_standard_deviation_deg"":""0.06491251842012957"",""run_id"":""BY2H__GINAV__NONE__CONTRACT_START__NA"",""sequence_window_end_s"":""683.0"",""sequence_window_start_s"":""413.0"",""source_nav_sha256"":""b4f76b9dd65e8d8eff83a5d824673baea2480b282c0c8182b00e3b3141a651e8"",""time_end"":""677.002"",""time_start"":""676.002"",""trace_sha256"":""8d11fe360753bfcdbc54f7bf793fcb25850c0997b7aaad4ec1c9f10859c0f84f"",""uncertainty_status"":""UNAVAILABLE_NO_EXTERNAL_STD"",""unmatched_epoch_count"":""0"",""up_bias_m"":""-0.373985131668384"",""up_final_absolute_error_m"":""0.7144308539302998"",""up_final_signed_error_m"":""-0.7144308539302998"",""up_iae_m"":""0.373985131668384"",""up_ise_m"":""0.25576816851545603"",""up_mae_m"":""0.373985131668384"",""up_max_absolute_m"":""0.7144308539302998"",""up_median_absolute_error_m"":""0.373985131668384"",""up_p50_absolute_m"":""0.373985131668384"",""up_p75_absolute_m"":""0.544207992799342"",""up_p90_absolute_m"":""0.6463417094779167"",""up_p95_absolute_m"":""0.6803862817041082"",""up_p99_absolute_m"":""0.7076219394850615"",""up_rmse_m"":""0.5057352751345866"",""up_signed_mean_m"":""-0.373985131668384"",""up_signed_median_m"":""-0.373985131668384"",""up_standard_deviation_m"":""0.34044572226191583"",""yaw_bias_deg"":""11.635306262914327"",""yaw_final_absolute_error_deg"":""10.842820600007258"",""yaw_final_signed_error_deg"":""10.842820600007258"",""yaw_iae_deg"":""11.635306262914327"",""yaw_ise_deg"":""136.0083853577266"",""yaw_mae_deg"":""11.635306262914327"",""yaw_max_absolute_deg"":""12.427791925821396"",""yaw_median_absolute_error_deg"":""11.635306262914327"",""yaw_p50_absolute_deg"":""11.635306262914327"",""yaw_p75_absolute_deg"":""12.031549094367861"",""yaw_p90_absolute_deg"":""12.269294793239983"",""yaw_p95_absolute_deg"":""12.348543359530689"",""yaw_p99_absolute_deg"":""12.411942212563254"",""yaw_rmse_deg"":""11.662263303395555"",""yaw_signed_mean_deg"":""11.635306262914327"",""yaw_signed_median_deg"":""11.635306262914327"",""yaw_standard_deviation_deg"":""0.7924856629070689""},""v2_audit"":{""consistency_passed"":true,""failures"":[],""passed"":true,""technical_passed"":true,""trace_open_count"":""1""},""v3"":{""STD"":""OMITTED_AS_FROZEN_EXTERNAL_CONTRACT"",""base_time"":""1772784000.0"",""coverage_ratio"":""1.0"",""dataset_id"":""BY2H"",""east_bias_m"":""-0.0389208157936737"",""east_final_absolute_error_m"":""0.0968763575607096"",""east_final_signed_error_m"":""0.0968763575607096"",""east_iae_m"":""0.1357971733543833"",""east_ise_m"":""0.01995570219308551"",""east_mae_m"":""0.1357971733543833"",""east_max_absolute_m"":""0.174717989148057"",""east_median_absolute_error_m"":""0.1357971733543833"",""east_p50_absolute_m"":""0.1357971733543833"",""east_p75_absolute_m"":""0.15525758125122016"",""east_p90_absolute_m"":""0.16693382598932227"",""east_p95_absolute_m"":""0.17082590756868962"",""east_p99_absolute_m"":""0.17393957283218353"",""east_rmse_m"":""0.14126465302079466"",""east_signed_mean_m"":""-0.0389208157936737"",""east_signed_median_m"":""-0.0389208157936737"",""east_standard_deviation_m"":""0.1357971733543833"",""error_series_source"":""<HX02_SCRATCH>/RUNS/BY2H__GINAV__NONE__CONTRACT_START__NA/eval/v3/EXACT_EVALUATOR_OUTPUT"",""evaluation_invoked"":true,""evaluation_runtime_seconds"":""0.9576994260005449"",""evaluation_status"":""COMPLETED"",""evaluator_contract"":""evaluator_contract_v3"",""evaluator_nav_sha256"":""756494d47a609a7157daa1b934755767d9af5b96e4c9c1e01f09300f126de4c7"",""evaluator_sha256"":""aa0492482b6467cdd701bc8882aca11c4170bbe2e7c6bb5f932679dc204978da"",""finite_output"":true,""finite_ratio"":""1.0"",""horizontal_final_m"":""2.757189474502675"",""horizontal_iae_m"":""2.8917969226772047"",""horizontal_ise_m"":""8.38060860710941"",""horizontal_mae_m"":""2.8917969226772047"",""horizontal_max_m"":""3.0264043708517345"",""horizontal_mean_m"":""2.8917969226772047"",""horizontal_median_m"":""2.8917969226772047"",""horizontal_p50_m"":""2.8917969226772047"",""horizontal_p75_m"":""2.95910064676447"",""horizontal_p90_m"":""2.9994828812168284"",""horizontal_p95_m"":""3.0129436260342817"",""horizontal_p99_m"":""3.023712221888244"",""horizontal_rmse_m"":""2.894928083236164"",""matched_epoch_count"":""2"",""method_id"":""LC02_GINAV"",""north_bias_m"":""2.8884219252730143"",""north_final_absolute_error_m"":""2.755487029483918"",""north_final_signed_error_m"":""2.755487029483918"",""north_iae_m"":""2.8884219252730143"",""north_ise_m"":""8.360652904916325"",""north_mae_m"":""2.8884219252730143"",""north_max_absolute_m"":""3.0213568210621107"",""north_median_absolute_error_m"":""2.8884219252730143"",""north_p50_absolute_m"":""2.8884219252730143"",""north_p75_absolute_m"":""2.9548893731675623"",""north_p90_absolute_m"":""2.9947698419042914"",""north_p95_absolute_m"":""3.008063331483201"",""north_p99_absolute_m"":""3.018698123146329"",""north_rmse_m"":""2.8914793626993647"",""north_signed_mean_m"":""2.8884219252730143"",""north_signed_median_m"":""2.8884219252730143"",""north_standard_deviation_m"":""0.13293489578909634"",""output_epoch_count"":""2"",""pitch_bias_deg"":""-1.032850114718002"",""pitch_final_absolute_error_deg"":""1.1896616191121154"",""pitch_final_signed_error_deg"":""-1.1896616191121154"",""pitch_iae_deg"":""1.032850114718002"",""pitch_ise_deg"":""1.091369207383335"",""pitch_mae_deg"":""1.032850114718002"",""pitch_max_absolute_deg"":""1.1896616191121154"",""pitch_median_absolute_error_deg"":""1.032850114718002"",""pitch_p50_absolute_deg"":""1.032850114718002"",""pitch_p75_absolute_deg"":""1.1112558669150587"",""pitch_p90_absolute_deg"":""1.1582993182332928"",""pitch_p95_absolute_deg"":""1.173980468672704"",""pitch_p99_absolute_deg"":""1.186525389024233"",""pitch_rmse_deg"":""1.0446861765062918"",""pitch_signed_mean_deg"":""-1.032850114718002"",""pitch_signed_median_deg"":""-1.032850114718002"",""pitch_standard_deviation_deg"":""0.1568115043941134"",""position_3d_final_m"":""2.787397560108893"",""position_3d_iae_m"":""2.912754790758066"",""position_3d_ise_m"":""8.499854906360095"",""position_3d_mae_m"":""2.912754790758066"",""position_3d_max_m"":""3.0381120214072395"",""position_3d_mean_m"":""2.912754790758066"",""position_3d_median_m"":""2.912754790758066"",""position_3d_p50_m"":""2.912754790758066"",""position_3d_p75_m"":""2.9754334060826526"",""position_3d_p90_m"":""3.013040575277405"",""position_3d_p95_m"":""3.025576298342322"",""position_3d_p99_m"":""3.035604876794256"",""position_3d_rmse_m"":""2.9154510639625038"",""reference_epoch_count"":""5400"",""reference_is_independent_ground_truth"":false,""reference_velocity_supported"":false,""roll_bias_deg"":""-1.0342874340390154"",""roll_final_absolute_error_deg"":""0.9693749156188858"",""roll_final_signed_error_deg"":""-0.9693749156188858"",""roll_iae_deg"":""1.0342874340390154"",""roll_ise_deg"":""1.0739641312586543"",""roll_mae_deg"":""1.0342874340390154"",""roll_max_absolute_deg"":""1.099199952459145"",""roll_median_absolute_error_deg"":""1.0342874340390154"",""roll_p50_absolute_deg"":""1.0342874340390154"",""roll_p75_absolute_deg"":""1.0667436932490801"",""roll_p90_absolute_deg"":""1.086217448775119"",""roll_p95_absolute_deg"":""1.0927087006171319"",""roll_p99_absolute_deg"":""1.0979017020907422"",""roll_rmse_deg"":""1.0363224070040435"",""roll_signed_mean_deg"":""-1.0342874340390154"",""roll_signed_median_deg"":""-1.0342874340390154"",""roll_standard_deviation_deg"":""0.06491251842012957"",""run_id"":""BY2H__GINAV__NONE__CONTRACT_START__NA"",""sequence_window_end_s"":""683.0"",""sequence_window_start_s"":""413.0"",""source_nav_sha256"":""b4f76b9dd65e8d8eff83a5d824673baea2480b282c0c8182b00e3b3141a651e8"",""time_end"":""677.002"",""time_start"":""676.002"",""trace_sha256"":""8d11fe360753bfcdbc54f7bf793fcb25850c0997b7aaad4ec1c9f10859c0f84f"",""uncertainty_status"":""UNAVAILABLE_FULL_COVARIANCE_NOT_TRANSPORTED"",""unmatched_epoch_count"":""0"",""up_bias_m"":""-0.07139825324470467"",""up_final_absolute_error_m"":""0.4092570827642129"",""up_final_signed_error_m"":""-0.4092570827642129"",""up_iae_m"":""0.33785882951950824"",""up_ise_m"":""0.11924629925068711"",""up_mae_m"":""0.33785882951950824"",""up_max_absolute_m"":""0.4092570827642129"",""up_median_absolute_error_m"":""0.33785882951950824"",""up_p50_absolute_m"":""0.33785882951950824"",""up_p75_absolute_m"":""0.3735579561418606"",""up_p90_absolute_m"":""0.394977432115272"",""up_p95_absolute_m"":""0.4021172574397424"",""up_p99_absolute_m"":""0.4078291176993188"",""up_rmse_m"":""0.34532057461247095"",""up_signed_mean_m"":""-0.07139825324470467"",""up_signed_median_m"":""-0.07139825324470467"",""up_standard_deviation_m"":""0.33785882951950824"",""yaw_bias_deg"":""11.635306262914327"",""yaw_final_absolute_error_deg"":""10.842820600007258"",""yaw_final_signed_error_deg"":""10.842820600007258"",""yaw_iae_deg"":""11.635306262914327"",""yaw_ise_deg"":""136.0083853577266"",""yaw_mae_deg"":""11.635306262914327"",""yaw_max_absolute_deg"":""12.427791925821396"",""yaw_median_absolute_error_deg"":""11.635306262914327"",""yaw_p50_absolute_deg"":""11.635306262914327"",""yaw_p75_absolute_deg"":""12.031549094367861"",""yaw_p90_absolute_deg"":""12.269294793239983"",""yaw_p95_absolute_deg"":""12.348543359530689"",""yaw_p99_absolute_deg"":""12.411942212563254"",""yaw_rmse_deg"":""11.662263303395555"",""yaw_signed_mean_deg"":""11.635306262914327"",""yaw_signed_median_deg"":""11.635306262914327"",""yaw_standard_deviation_deg"":""0.7924856629070689""},""v3_audit"":{""consistency_passed"":true,""failures"":[],""passed"":true,""technical_passed"":true,""trace_open_count"":""1""}}",[],[],[],FULL_RECORD_READ,PRESENT_READ,,,First-delivery subset. Source values preserved; path aliases only. No payload-body read.
HX02-c4f9748f2d82de0affdd,HX02,EVALUATION_RECORD,GINAV,unknown,unknown,BY2H,NATURAL_C00,NONE,CONTRACT_START,unknown,unknown,unknown,<CLEAN_ROOT>/stages/CLEAN9_EXTERNAL_COMPARISON/HX02_FIVE_CATEGORY/RUNS/BY2H__GINAV__NONE__CONTRACT_START__NA/eval/v2/EVALUATION_RESULT.json,#,"{""row"":{""method_id"":""LC02_GINAV"",""run_id"":""BY2H__GINAV__NONE__CONTRACT_START__NA"",""dataset_id"":""BY2H"",""evaluator_contract"":""evaluator_contract_v2"",""evaluator_sha256"":""aa0492482b6467cdd701bc8882aca11c4170bbe2e7c6bb5f932679dc204978da"",""source_nav_sha256"":""b4f76b9dd65e8d8eff83a5d824673baea2480b282c0c8182b00e3b3141a651e8"",""evaluator_nav_sha256"":""b4f76b9dd65e8d8eff83a5d824673baea2480b282c0c8182b00e3b3141a651e8"",""trace_sha256"":""8d11fe360753bfcdbc54f7bf793fcb25850c0997b7aaad4ec1c9f10859c0f84f"",""base_time"":""1772784000.0"",""evaluation_invoked"":true,""STD"":""OMITTED_AS_FROZEN_EXTERNAL_CONTRACT"",""north_signed_mean_m"":""2.8651957780756403"",""north_bias_m"":""2.8651957780756403"",""north_signed_median_m"":""2.8651957780756403"",""north_standard_deviation_m"":""0.13440742855761534"",""north_rmse_m"":""2.8683465975286087"",""north_mae_m"":""2.8651957780756403"",""north_median_absolute_error_m"":""2.8651957780756403"",""north_p50_absolute_m"":""2.8651957780756403"",""north_p75_absolute_m"":""2.932399492354448"",""north_p90_absolute_m"":""2.972721720921733"",""north_p95_absolute_m"":""2.9861624637774944"",""north_p99_absolute_m"":""2.9969150580621036"",""north_max_absolute_m"":""2.999603206633256"",""north_final_signed_error_m"":""2.730788349518025"",""north_final_absolute_error_m"":""2.730788349518025"",""north_iae_m"":""2.8651957780756403"",""north_ise_m"":""8.227412203553946"",""east_signed_mean_m"":""0.1038963909675288"",""east_bias_m"":""0.1038963909675288"",""east_signed_median_m"":""0.1038963909675288"",""east_standard_deviation_m"":""0.1300768481763157"",""east_rmse_m"":""0.16647656437938008"",""east_mae_m"":""0.1300768481763157"",""east_median_absolute_error_m"":""0.1300768481763157"",""east_p50_absolute_m"":""0.1300768481763157"",""east_p75_absolute_m"":""0.1820250436600801"",""east_p90_absolute_m"":""0.21319396095033874"",""east_p95_absolute_m"":""0.2235836000470916"",""east_p99_absolute_m"":""0.23189531132449392"",""east_max_absolute_m"":""0.2339732391438445"",""east_final_signed_error_m"":""0.2339732391438445"",""east_final_absolute_error_m"":""0.2339732391438445"",""east_iae_m"":""0.1300768481763157"",""east_ise_m"":""0.027714446487561883"",""up_signed_mean_m"":""-0.373985131668384"",""up_bias_m"":""-0.373985131668384"",""up_signed_median_m"":""-0.373985131668384"",""up_standard_deviation_m"":""0.34044572226191583"",""up_rmse_m"":""0.5057352751345866"",""up_mae_m"":""0.373985131668384"",""up_median_absolute_error_m"":""0.373985131668384"",""up_p50_absolute_m"":""0.373985131668384"",""up_p75_absolute_m"":""0.544207992799342"",""up_p90_absolute_m"":""0.6463417094779167"",""up_p95_absolute_m"":""0.6803862817041082"",""up_p99_absolute_m"":""0.7076219394850615"",""up_max_absolute_m"":""0.7144308539302998"",""up_final_signed_error_m"":""-0.7144308539302998"",""up_final_absolute_error_m"":""0.7144308539302998"",""up_iae_m"":""0.373985131668384"",""up_ise_m"":""0.25576816851545603"",""roll_signed_mean_deg"":""-1.0342874340390154"",""roll_bias_deg"":""-1.0342874340390154"",""roll_signed_median_deg"":""-1.0342874340390154"",""roll_standard_deviation_deg"":""0.06491251842012957"",""roll_rmse_deg"":""1.0363224070040435"",""roll_mae_deg"":""1.0342874340390154"",""roll_median_absolute_error_deg"":""1.0342874340390154"",""roll_p50_absolute_deg"":""1.0342874340390154"",""roll_p75_absolute_deg"":""1.0667436932490801"",""roll_p90_absolute_deg"":""1.086217448775119"",""roll_p95_absolute_deg"":""1.0927087006171319"",""roll_p99_absolute_deg"":""1.0979017020907422"",""roll_max_absolute_deg"":""1.099199952459145"",""roll_final_signed_error_deg"":""-0.9693749156188858"",""roll_final_absolute_error_deg"":""0.9693749156188858"",""roll_iae_deg"":""1.0342874340390154"",""roll_ise_deg"":""1.0739641312586543"",""pitch_signed_mean_deg"":""-1.032850114718002"",""pitch_bias_deg"":""-1.032850114718002"",""pitch_signed_median_deg"":""-1.032850114718002"",""pitch_standard_deviation_deg"":""0.1568115043941134"",""pitch_rmse_deg"":""1.0446861765062918"",""pitch_mae_deg"":""1.032850114718002"",""pitch_median_absolute_error_deg"":""1.032850114718002"",""pitch_p50_absolute_deg"":""1.032850114718002"",""pitch_p75_absolute_deg"":""1.1112558669150587"",""pitch_p90_absolute_deg"":""1.1582993182332928"",""pitch_p95_absolute_deg"":""1.173980468672704"",""pitch_p99_absolute_deg"":""1.186525389024233"",""pitch_max_absolute_deg"":""1.1896616191121154"",""pitch_final_signed_error_deg"":""-1.1896616191121154"",""pitch_final_absolute_error_deg"":""1.1896616191121154"",""pitch_iae_deg"":""1.032850114718002"",""pitch_ise_deg"":""1.091369207383335"",""yaw_signed_mean_deg"":""11.635306262914327"",""yaw_bias_deg"":""11.635306262914327"",""yaw_signed_median_deg"":""11.635306262914327"",""yaw_standard_deviation_deg"":""0.7924856629070689"",""yaw_rmse_deg"":""11.662263303395555"",""yaw_mae_deg"":""11.635306262914327"",""yaw_median_absolute_error_deg"":""11.635306262914327"",""yaw_p50_absolute_deg"":""11.635306262914327"",""yaw_p75_absolute_deg"":""12.031549094367861"",""yaw_p90_absolute_deg"":""12.269294793239983"",""yaw_p95_absolute_deg"":""12.348543359530689"",""yaw_p99_absolute_deg"":""12.411942212563254"",""yaw_max_absolute_deg"":""12.427791925821396"",""yaw_final_signed_error_deg"":""10.842820600007258"",""yaw_final_absolute_error_deg"":""10.842820600007258"",""yaw_iae_deg"":""11.635306262914327"",""yaw_ise_deg"":""136.0083853577266"",""horizontal_rmse_m"":""2.8731736198916877"",""horizontal_mean_m"":""2.8702554300944927"",""horizontal_median_m"":""2.8702554300944927"",""horizontal_mae_m"":""2.8702554300944927"",""horizontal_p50_m"":""2.8702554300944927"",""horizontal_p75_m"":""2.9349864428599837"",""horizontal_p90_m"":""2.973825050519278"",""horizontal_p95_m"":""2.986771253072376"",""horizontal_p99_m"":""2.9971282151148544"",""horizontal_max_m"":""2.999717455625474"",""horizontal_final_m"":""2.740793404563511"",""horizontal_iae_m"":""2.8702554300944927"",""horizontal_ise_m"":""8.255126650041506"",""position_3d_rmse_m"":""2.917343795056895"",""position_3d_mean_m"":""2.9161410154381224"",""position_3d_median_m"":""2.9161410154381224"",""position_3d_mae_m"":""2.9161410154381224"",""position_3d_p50_m"":""2.9161410154381224"",""position_3d_p75_m"":""2.9580229824301356"",""position_3d_p90_m"":""2.9831521626253434"",""position_3d_p95_m"":""2.9915285560237463"",""position_3d_p99_m"":""2.9982296707424685"",""position_3d_max_m"":""2.999904949422149"",""position_3d_final_m"":""2.832377081454096"",""position_3d_iae_m"":""2.9161410154381224"",""position_3d_ise_m"":""8.510894818556965"",""evaluation_status"":""COMPLETED"",""matched_epoch_count"":""2"",""output_epoch_count"":""2"",""unmatched_epoch_count"":""0"",""coverage_ratio"":""1.0"",""reference_epoch_count"":""5400"",""time_start"":""676.002"",""time_end"":""677.002"",""sequence_window_start_s"":""413.0"",""sequence_window_end_s"":""683.0"",""reference_velocity_supported"":false,""reference_is_independent_ground_truth"":false,""finite_output"":true,""finite_ratio"":""1.0"",""uncertainty_status"":""UNAVAILABLE_NO_EXTERNAL_STD"",""evaluation_runtime_seconds"":""0.9795688340000197"",""error_series_source"":""<HX02_SCRATCH>/RUNS/BY2H__GINAV__NONE__CONTRACT_START__NA/eval/v2/EXACT_EVALUATOR_OUTPUT""},""body_frame_bias"":{""method_id"":""LC02_GINAV"",""run_id"":""BY2H__GINAV__NONE__CONTRACT_START__NA"",""dataset_id"":""BY2H"",""evaluator_contract"":""evaluator_contract_v2"",""evaluator_sha256"":""aa0492482b6467cdd701bc8882aca11c4170bbe2e7c6bb5f932679dc204978da"",""source_nav_sha256"":""b4f76b9dd65e8d8eff83a5d824673baea2480b282c0c8182b00e3b3141a651e8"",""evaluator_nav_sha256"":""b4f76b9dd65e8d8eff83a5d824673baea2480b282c0c8182b00e3b3141a651e8"",""trace_sha256"":""8d11fe360753bfcdbc54f7bf793fcb25850c0997b7aaad4ec1c9f10859c0f84f"",""base_time"":""1772784000.0"",""evaluation_invoked"":true,""STD"":""OMITTED_AS_FROZEN_EXTERNAL_CONTRACT"",""count"":""2"",""time_start"":""676.002"",""time_end"":""677.002"",""std_ddof"":""0"",""rotation"":""NAV yaw; forward=cos(yaw)*N+sin(yaw)*E; right=-sin(yaw)*N+cos(yaw)*E"",""fit_used"":false,""further_correction_used"":false,""forward_signed_mean_m"":""2.8579547170214656"",""forward_standard_deviation_m"":""0.13844352807761884"",""right_signed_mean_m"":""0.24098389815015464"",""right_standard_deviation_m"":""0.0999081371162428"",""up_signed_mean_m"":""-0.373985131668384"",""up_standard_deviation_m"":""0.34044572226191583"",""status"":""AVAILABLE""},""audit"":{""passed"":true,""failures"":[],""trace_open_count"":""1"",""technical_passed"":true,""technical_failures"":[],""consistency_passed"":true,""trace_open_records"":[{""path"":""<RAW_ROOT>/BY2_BY3/2026-03-06/fixption数据/2026.3.6/by3/vrtk2_a87c6e_2026-03-06-08-06-39_minimal/trace_vrtk2_a87c6e_2026-03-06-08-06-39_minimal.csv"",""flags"":""O_RDONLY|O_CLOEXEC"",""return_code"":""3"",""lexical_path"":""<RAW_ROOT>/BY2_BY3/2026-03-06/fixption数据/2026.3.6/by3/vrtk2_a87c6e_2026-03-06-08-06-39_minimal/trace_vrtk2_a87c6e_2026-03-06-08-06-39_minimal.csv"",""anonymous_pipe"":false,""pid"":""32298""}],""raw_open_count"":""1"",""write_scope"":{""pass"":true,""write_open_count"":""3"",""write_outside_run_count"":""0"",""outside_run_write_open_count"":""0"",""outside_run_write_open_records"":[],""write_open_records"":[{""path"":""<HX02_SCRATCH>/RUNS/BY2H__GINAV__NONE__CONTRACT_START__NA/eval/v2/EXACT_EVALUATOR_OUTPUT/error_series.csv"",""flags"":""O_WRONLY|O_CREAT|O_TRUNC|O_CLOEXEC"",""return_code"":""3"",""lexical_path"":""<HX02_SCRATCH>/RUNS/BY2H__GINAV__NONE__CONTRACT_START__NA/eval/v2/EXACT_EVALUATOR_OUTPUT/error_series.csv"",""anonymous_pipe"":false,""pid"":""32298""},{""path"":""<HX02_SCRATCH>/RUNS/BY2H__GINAV__NONE__CONTRACT_START__NA/eval/v2/EXACT_EVALUATOR_OUTPUT/summary.json"",""flags"":""O_WRONLY|O_CREAT|O_TRUNC|O_CLOEXEC"",""return_code"":""3"",""lexical_path"":""<HX02_SCRATCH>/RUNS/BY2H__GINAV__NONE__CONTRACT_START__NA/eval/v2/EXACT_EVALUATOR_OUTPUT/summary.json"",""anonymous_pipe"":false,""pid"":""32298""},{""path"":""<HX02_SCRATCH>/RUNS/BY2H__GINAV__NONE__CONTRACT_START__NA/eval/v2/EXACT_EVALUATOR_OUTPUT/EVALUATOR_CAPTURE.json"",""flags"":""O_WRONLY|O_CREAT|O_EXCL|O_CLOEXEC"",""return_code"":""3"",""lexical_path"":""<HX02_SCRATCH>/RUNS/BY2H__GINAV__NONE__CONTRACT_START__NA/eval/v2/EXACT_EVALUATOR_OUTPUT/EVALUATOR_CAPTURE.json"",""anonymous_pipe"":false,""pid"":""32298""}],""allowed_device_write_count"":""0"",""allowed_device_write_records"":[],""allowed_anonymous_pipe_write_count"":""0"",""allowed_anonymous_pipe_write_records"":[],""raw_write_open_count"":""0"",""clean_root_outside_run_write_count"":""0"",""write_scope_exceptions"":[""/dev/null"",""/dev/pts/*"",""kernel-identified anonymous pipe""]},""strace_sha256"":""aa3c6dabdb7b049af53e2bea247b782d72f1964fee76e80c28b102220f795b6c"",""exit_code"":""0"",""runtime_seconds"":""0.9795688340000197"",""evaluator_argv"":[""/usr/bin/python3"",""<CLEAN_ROOT>/16_FINAL_V23_ARCHIVE_RECOVERY/ARCHIVE_45953164c53e/selected/MAIN/KF-GINS/bin/evaluate_nav_trace_kfgins_v2.py"",""--trace"",""<RAW_ROOT>/BY2_BY3/2026-03-06/fixption数据/2026.3.6/by3/vrtk2_a87c6e_2026-03-06-08-06-39_minimal/trace_vrtk2_a87c6e_2026-03-06-08-06-39_minimal.csv"",""--nav"",""<HX02_SCRATCH>/RUNS/BY2H__GINAV__NONE__CONTRACT_START__NA/native/NAV/GINAV_WINDOW_NAV11.nav"",""--outdir"",""<HX02_SCRATCH>/RUNS/BY2H__GINAV__NONE__CONTRACT_START__NA/eval/v2/EXACT_EVALUATOR_OUTPUT"",""--base_time"",""1772784000.0"",""--yaw_truth_mode"",""enu""],""environment"":{""PYTHONDONTWRITEBYTECODE"":""1"",""GIT_OPTIONAL_LOCKS"":""0"",""OMP_NUM_THREADS"":""1"",""MKL_NUM_THREADS"":""1"",""OPENBLAS_NUM_THREADS"":""1"",""NUMEXPR_NUM_THREADS"":""1"",""MPLCONFIGDIR"":""<HX02_SCRATCH>/RUNS/BY2H__GINAV__NONE__CONTRACT_START__NA/eval/v2/EXACT_EVALUATOR_OUTPUT/.matplotlib"",""XDG_CACHE_HOME"":""<HX02_SCRATCH>/RUNS/BY2H__GINAV__NONE__CONTRACT_START__NA/eval/v2/EXACT_EVALUATOR_OUTPUT/.cache"",""MPLBACKEND"":""Agg"",""PYTHONPATH"":""<AUDIT_SOURCE_WORKTREE>/scripts/paper_rebuild/clean5_evaluator_observer:<AUDIT_SOURCE_WORKTREE>/src"",""CLEAN5_EVALUATOR_CAPTURE_CONFIG"":""<HX02_SCRATCH>/RUNS/BY2H__GINAV__NONE__CONTRACT_START__NA/eval/v2/EXACT_EVALUATOR_OUTPUT/CAPTURE_CONFIG.json""},""STD"":""OMITTED_AS_FROZEN_EXTERNAL_CONTRACT"",""trace_read_role"":""archived_evaluator_child_only""},""transform"":{""evaluator_contract"":""evaluator_contract_v2"",""STD"":""OMITTED_AS_FROZEN_EXTERNAL_CONTRACT""}}",[],[],[],FULL_RECORD_READ,PRESENT_READ,,,First-delivery subset. Source values preserved; path aliases only. No payload-body read.
HX02-2204057cec49eb696149,HX02,EVALUATION_RECORD,GINAV,unknown,unknown,BY2H,NATURAL_C00,NONE,CONTRACT_START,unknown,unknown,unknown,<CLEAN_ROOT>/stages/CLEAN9_EXTERNAL_COMPARISON/HX02_FIVE_CATEGORY/RUNS/BY2H__GINAV__NONE__CONTRACT_START__NA/eval/v2/EXACT_EVALUATOR_OUTPUT/EVALUATOR_STRACE_AUDIT.json,#,"{""passed"":true,""failures"":[],""trace_open_count"":""1"",""technical_passed"":true,""technical_failures"":[],""consistency_passed"":true,""trace_open_records"":[{""path"":""<RAW_ROOT>/BY2_BY3/2026-03-06/fixption数据/2026.3.6/by3/vrtk2_a87c6e_2026-03-06-08-06-39_minimal/trace_vrtk2_a87c6e_2026-03-06-08-06-39_minimal.csv"",""flags"":""O_RDONLY|O_CLOEXEC"",""return_code"":""3"",""lexical_path"":""<RAW_ROOT>/BY2_BY3/2026-03-06/fixption数据/2026.3.6/by3/vrtk2_a87c6e_2026-03-06-08-06-39_minimal/trace_vrtk2_a87c6e_2026-03-06-08-06-39_minimal.csv"",""anonymous_pipe"":false,""pid"":""32298""}],""raw_open_count"":""1"",""write_scope"":{""pass"":true,""write_open_count"":""3"",""write_outside_run_count"":""0"",""outside_run_write_open_count"":""0"",""outside_run_write_open_records"":[],""write_open_records"":[{""path"":""<HX02_SCRATCH>/RUNS/BY2H__GINAV__NONE__CONTRACT_START__NA/eval/v2/EXACT_EVALUATOR_OUTPUT/error_series.csv"",""flags"":""O_WRONLY|O_CREAT|O_TRUNC|O_CLOEXEC"",""return_code"":""3"",""lexical_path"":""<HX02_SCRATCH>/RUNS/BY2H__GINAV__NONE__CONTRACT_START__NA/eval/v2/EXACT_EVALUATOR_OUTPUT/error_series.csv"",""anonymous_pipe"":false,""pid"":""32298""},{""path"":""<HX02_SCRATCH>/RUNS/BY2H__GINAV__NONE__CONTRACT_START__NA/eval/v2/EXACT_EVALUATOR_OUTPUT/summary.json"",""flags"":""O_WRONLY|O_CREAT|O_TRUNC|O_CLOEXEC"",""return_code"":""3"",""lexical_path"":""<HX02_SCRATCH>/RUNS/BY2H__GINAV__NONE__CONTRACT_START__NA/eval/v2/EXACT_EVALUATOR_OUTPUT/summary.json"",""anonymous_pipe"":false,""pid"":""32298""},{""path"":""<HX02_SCRATCH>/RUNS/BY2H__GINAV__NONE__CONTRACT_START__NA/eval/v2/EXACT_EVALUATOR_OUTPUT/EVALUATOR_CAPTURE.json"",""flags"":""O_WRONLY|O_CREAT|O_EXCL|O_CLOEXEC"",""return_code"":""3"",""lexical_path"":""<HX02_SCRATCH>/RUNS/BY2H__GINAV__NONE__CONTRACT_START__NA/eval/v2/EXACT_EVALUATOR_OUTPUT/EVALUATOR_CAPTURE.json"",""anonymous_pipe"":false,""pid"":""32298""}],""allowed_device_write_count"":""0"",""allowed_device_write_records"":[],""allowed_anonymous_pipe_write_count"":""0"",""allowed_anonymous_pipe_write_records"":[],""raw_write_open_count"":""0"",""clean_root_outside_run_write_count"":""0"",""write_scope_exceptions"":[""/dev/null"",""/dev/pts/*"",""kernel-identified anonymous pipe""]},""strace_sha256"":""aa3c6dabdb7b049af53e2bea247b782d72f1964fee76e80c28b102220f795b6c"",""exit_code"":""0"",""runtime_seconds"":""0.9795688340000197"",""evaluator_argv"":[""/usr/bin/python3"",""<CLEAN_ROOT>/16_FINAL_V23_ARCHIVE_RECOVERY/ARCHIVE_45953164c53e/selected/MAIN/KF-GINS/bin/evaluate_nav_trace_kfgins_v2.py"",""--trace"",""<RAW_ROOT>/BY2_BY3/2026-03-06/fixption数据/2026.3.6/by3/vrtk2_a87c6e_2026-03-06-08-06-39_minimal/trace_vrtk2_a87c6e_2026-03-06-08-06-39_minimal.csv"",""--nav"",""<HX02_SCRATCH>/RUNS/BY2H__GINAV__NONE__CONTRACT_START__NA/native/NAV/GINAV_WINDOW_NAV11.nav"",""--outdir"",""<HX02_SCRATCH>/RUNS/BY2H__GINAV__NONE__CONTRACT_START__NA/eval/v2/EXACT_EVALUATOR_OUTPUT"",""--base_time"",""1772784000.0"",""--yaw_truth_mode"",""enu""],""environment"":{""PYTHONDONTWRITEBYTECODE"":""1"",""GIT_OPTIONAL_LOCKS"":""0"",""OMP_NUM_THREADS"":""1"",""MKL_NUM_THREADS"":""1"",""OPENBLAS_NUM_THREADS"":""1"",""NUMEXPR_NUM_THREADS"":""1"",""MPLCONFIGDIR"":""<HX02_SCRATCH>/RUNS/BY2H__GINAV__NONE__CONTRACT_START__NA/eval/v2/EXACT_EVALUATOR_OUTPUT/.matplotlib"",""XDG_CACHE_HOME"":""<HX02_SCRATCH>/RUNS/BY2H__GINAV__NONE__CONTRACT_START__NA/eval/v2/EXACT_EVALUATOR_OUTPUT/.cache"",""MPLBACKEND"":""Agg"",""PYTHONPATH"":""<AUDIT_SOURCE_WORKTREE>/scripts/paper_rebuild/clean5_evaluator_observer:<AUDIT_SOURCE_WORKTREE>/src"",""CLEAN5_EVALUATOR_CAPTURE_CONFIG"":""<HX02_SCRATCH>/RUNS/BY2H__GINAV__NONE__CONTRACT_START__NA/eval/v2/EXACT_EVALUATOR_OUTPUT/CAPTURE_CONFIG.json""},""STD"":""OMITTED_AS_FROZEN_EXTERNAL_CONTRACT"",""trace_read_role"":""archived_evaluator_child_only""}",[],[],[],FULL_RECORD_READ,PRESENT_READ,,,First-delivery subset. Source values preserved; path aliases only. No payload-body read.
HX02-e5f1a1db8e82e583c6a3,HX02,EVALUATION_RECORD,GINAV,unknown,unknown,BY2H,NATURAL_C00,NONE,CONTRACT_START,unknown,unknown,unknown,<CLEAN_ROOT>/stages/CLEAN9_EXTERNAL_COMPARISON/HX02_FIVE_CATEGORY/RUNS/BY2H__GINAV__NONE__CONTRACT_START__NA/eval/v3/EVALUATION_RESULT.json,#,"{""row"":{""method_id"":""LC02_GINAV"",""run_id"":""BY2H__GINAV__NONE__CONTRACT_START__NA"",""dataset_id"":""BY2H"",""evaluator_contract"":""evaluator_contract_v3"",""evaluator_sha256"":""aa0492482b6467cdd701bc8882aca11c4170bbe2e7c6bb5f932679dc204978da"",""source_nav_sha256"":""b4f76b9dd65e8d8eff83a5d824673baea2480b282c0c8182b00e3b3141a651e8"",""evaluator_nav_sha256"":""756494d47a609a7157daa1b934755767d9af5b96e4c9c1e01f09300f126de4c7"",""trace_sha256"":""8d11fe360753bfcdbc54f7bf793fcb25850c0997b7aaad4ec1c9f10859c0f84f"",""base_time"":""1772784000.0"",""evaluation_invoked"":true,""STD"":""OMITTED_AS_FROZEN_EXTERNAL_CONTRACT"",""north_signed_mean_m"":""2.8884219252730143"",""north_bias_m"":""2.8884219252730143"",""north_signed_median_m"":""2.8884219252730143"",""north_standard_deviation_m"":""0.13293489578909634"",""north_rmse_m"":""2.8914793626993647"",""north_mae_m"":""2.8884219252730143"",""north_median_absolute_error_m"":""2.8884219252730143"",""north_p50_absolute_m"":""2.8884219252730143"",""north_p75_absolute_m"":""2.9548893731675623"",""north_p90_absolute_m"":""2.9947698419042914"",""north_p95_absolute_m"":""3.008063331483201"",""north_p99_absolute_m"":""3.018698123146329"",""north_max_absolute_m"":""3.0213568210621107"",""north_final_signed_error_m"":""2.755487029483918"",""north_final_absolute_error_m"":""2.755487029483918"",""north_iae_m"":""2.8884219252730143"",""north_ise_m"":""8.360652904916325"",""east_signed_mean_m"":""-0.0389208157936737"",""east_bias_m"":""-0.0389208157936737"",""east_signed_median_m"":""-0.0389208157936737"",""east_standard_deviation_m"":""0.1357971733543833"",""east_rmse_m"":""0.14126465302079466"",""east_mae_m"":""0.1357971733543833"",""east_median_absolute_error_m"":""0.1357971733543833"",""east_p50_absolute_m"":""0.1357971733543833"",""east_p75_absolute_m"":""0.15525758125122016"",""east_p90_absolute_m"":""0.16693382598932227"",""east_p95_absolute_m"":""0.17082590756868962"",""east_p99_absolute_m"":""0.17393957283218353"",""east_max_absolute_m"":""0.174717989148057"",""east_final_signed_error_m"":""0.0968763575607096"",""east_final_absolute_error_m"":""0.0968763575607096"",""east_iae_m"":""0.1357971733543833"",""east_ise_m"":""0.01995570219308551"",""up_signed_mean_m"":""-0.07139825324470467"",""up_bias_m"":""-0.07139825324470467"",""up_signed_median_m"":""-0.07139825324470467"",""up_standard_deviation_m"":""0.33785882951950824"",""up_rmse_m"":""0.34532057461247095"",""up_mae_m"":""0.33785882951950824"",""up_median_absolute_error_m"":""0.33785882951950824"",""up_p50_absolute_m"":""0.33785882951950824"",""up_p75_absolute_m"":""0.3735579561418606"",""up_p90_absolute_m"":""0.394977432115272"",""up_p95_absolute_m"":""0.4021172574397424"",""up_p99_absolute_m"":""0.4078291176993188"",""up_max_absolute_m"":""0.4092570827642129"",""up_final_signed_error_m"":""-0.4092570827642129"",""up_final_absolute_error_m"":""0.4092570827642129"",""up_iae_m"":""0.33785882951950824"",""up_ise_m"":""0.11924629925068711"",""roll_signed_mean_deg"":""-1.0342874340390154"",""roll_bias_deg"":""-1.0342874340390154"",""roll_signed_median_deg"":""-1.0342874340390154"",""roll_standard_deviation_deg"":""0.06491251842012957"",""roll_rmse_deg"":""1.0363224070040435"",""roll_mae_deg"":""1.0342874340390154"",""roll_median_absolute_error_deg"":""1.0342874340390154"",""roll_p50_absolute_deg"":""1.0342874340390154"",""roll_p75_absolute_deg"":""1.0667436932490801"",""roll_p90_absolute_deg"":""1.086217448775119"",""roll_p95_absolute_deg"":""1.0927087006171319"",""roll_p99_absolute_deg"":""1.0979017020907422"",""roll_max_absolute_deg"":""1.099199952459145"",""roll_final_signed_error_deg"":""-0.9693749156188858"",""roll_final_absolute_error_deg"":""0.9693749156188858"",""roll_iae_deg"":""1.0342874340390154"",""roll_ise_deg"":""1.0739641312586543"",""pitch_signed_mean_deg"":""-1.032850114718002"",""pitch_bias_deg"":""-1.032850114718002"",""pitch_signed_median_deg"":""-1.032850114718002"",""pitch_standard_deviation_deg"":""0.1568115043941134"",""pitch_rmse_deg"":""1.0446861765062918"",""pitch_mae_deg"":""1.032850114718002"",""pitch_median_absolute_error_deg"":""1.032850114718002"",""pitch_p50_absolute_deg"":""1.032850114718002"",""pitch_p75_absolute_deg"":""1.1112558669150587"",""pitch_p90_absolute_deg"":""1.1582993182332928"",""pitch_p95_absolute_deg"":""1.173980468672704"",""pitch_p99_absolute_deg"":""1.186525389024233"",""pitch_max_absolute_deg"":""1.1896616191121154"",""pitch_final_signed_error_deg"":""-1.1896616191121154"",""pitch_final_absolute_error_deg"":""1.1896616191121154"",""pitch_iae_deg"":""1.032850114718002"",""pitch_ise_deg"":""1.091369207383335"",""yaw_signed_mean_deg"":""11.635306262914327"",""yaw_bias_deg"":""11.635306262914327"",""yaw_signed_median_deg"":""11.635306262914327"",""yaw_standard_deviation_deg"":""0.7924856629070689"",""yaw_rmse_deg"":""11.662263303395555"",""yaw_mae_deg"":""11.635306262914327"",""yaw_median_absolute_error_deg"":""11.635306262914327"",""yaw_p50_absolute_deg"":""11.635306262914327"",""yaw_p75_absolute_deg"":""12.031549094367861"",""yaw_p90_absolute_deg"":""12.269294793239983"",""yaw_p95_absolute_deg"":""12.348543359530689"",""yaw_p99_absolute_deg"":""12.411942212563254"",""yaw_max_absolute_deg"":""12.427791925821396"",""yaw_final_signed_error_deg"":""10.842820600007258"",""yaw_final_absolute_error_deg"":""10.842820600007258"",""yaw_iae_deg"":""11.635306262914327"",""yaw_ise_deg"":""136.0083853577266"",""horizontal_rmse_m"":""2.894928083236164"",""horizontal_mean_m"":""2.8917969226772047"",""horizontal_median_m"":""2.8917969226772047"",""horizontal_mae_m"":""2.8917969226772047"",""horizontal_p50_m"":""2.8917969226772047"",""horizontal_p75_m"":""2.95910064676447"",""horizontal_p90_m"":""2.9994828812168284"",""horizontal_p95_m"":""3.0129436260342817"",""horizontal_p99_m"":""3.023712221888244"",""horizontal_max_m"":""3.0264043708517345"",""horizontal_final_m"":""2.757189474502675"",""horizontal_iae_m"":""2.8917969226772047"",""horizontal_ise_m"":""8.38060860710941"",""position_3d_rmse_m"":""2.9154510639625038"",""position_3d_mean_m"":""2.912754790758066"",""position_3d_median_m"":""2.912754790758066"",""position_3d_mae_m"":""2.912754790758066"",""position_3d_p50_m"":""2.912754790758066"",""position_3d_p75_m"":""2.9754334060826526"",""position_3d_p90_m"":""3.013040575277405"",""position_3d_p95_m"":""3.025576298342322"",""position_3d_p99_m"":""3.035604876794256"",""position_3d_max_m"":""3.0381120214072395"",""position_3d_final_m"":""2.787397560108893"",""position_3d_iae_m"":""2.912754790758066"",""position_3d_ise_m"":""8.499854906360095"",""evaluation_status"":""COMPLETED"",""matched_epoch_count"":""2"",""output_epoch_count"":""2"",""unmatched_epoch_count"":""0"",""coverage_ratio"":""1.0"",""reference_epoch_count"":""5400"",""time_start"":""676.002"",""time_end"":""677.002"",""sequence_window_start_s"":""413.0"",""sequence_window_end_s"":""683.0"",""reference_velocity_supported"":false,""reference_is_independent_ground_truth"":false,""finite_output"":true,""finite_ratio"":""1.0"",""uncertainty_status"":""UNAVAILABLE_FULL_COVARIANCE_NOT_TRANSPORTED"",""evaluation_runtime_seconds"":""0.9576994260005449"",""error_series_source"":""<HX02_SCRATCH>/RUNS/BY2H__GINAV__NONE__CONTRACT_START__NA/eval/v3/EXACT_EVALUATOR_OUTPUT""},""body_frame_bias"":{""method_id"":""LC02_GINAV"",""run_id"":""BY2H__GINAV__NONE__CONTRACT_START__NA"",""dataset_id"":""BY2H"",""evaluator_contract"":""evaluator_contract_v3"",""evaluator_sha256"":""aa0492482b6467cdd701bc8882aca11c4170bbe2e7c6bb5f932679dc204978da"",""source_nav_sha256"":""b4f76b9dd65e8d8eff83a5d824673baea2480b282c0c8182b00e3b3141a651e8"",""evaluator_nav_sha256"":""756494d47a609a7157daa1b934755767d9af5b96e4c9c1e01f09300f126de4c7"",""trace_sha256"":""8d11fe360753bfcdbc54f7bf793fcb25850c0997b7aaad4ec1c9f10859c0f84f"",""base_time"":""1772784000.0"",""evaluation_invoked"":true,""STD"":""OMITTED_AS_FROZEN_EXTERNAL_CONTRACT"",""count"":""2"",""time_start"":""676.002"",""time_end"":""677.002"",""std_ddof"":""0"",""rotation"":""NAV yaw; forward=cos(yaw)*N+sin(yaw)*E; right=-sin(yaw)*N+cos(yaw)*E"",""fit_used"":false,""further_correction_used"":false,""forward_signed_mean_m"":""2.8879830287061248"",""forward_standard_deviation_m"":""0.13841535851118558"",""right_signed_mean_m"":""0.09942558458695132"",""right_standard_deviation_m"":""0.10544370380716579"",""up_signed_mean_m"":""-0.07139825324470467"",""up_standard_deviation_m"":""0.33785882951950824"",""status"":""AVAILABLE""},""audit"":{""passed"":true,""failures"":[],""trace_open_count"":""1"",""technical_passed"":true,""technical_failures"":[],""consistency_passed"":true,""trace_open_records"":[{""path"":""<RAW_ROOT>/BY2_BY3/2026-03-06/fixption数据/2026.3.6/by3/vrtk2_a87c6e_2026-03-06-08-06-39_minimal/trace_vrtk2_a87c6e_2026-03-06-08-06-39_minimal.csv"",""flags"":""O_RDONLY|O_CLOEXEC"",""return_code"":""3"",""lexical_path"":""<RAW_ROOT>/BY2_BY3/2026-03-06/fixption数据/2026.3.6/by3/vrtk2_a87c6e_2026-03-06-08-06-39_minimal/trace_vrtk2_a87c6e_2026-03-06-08-06-39_minimal.csv"",""anonymous_pipe"":false,""pid"":""32293""}],""raw_open_count"":""1"",""write_scope"":{""pass"":true,""write_open_count"":""3"",""write_outside_run_count"":""0"",""outside_run_write_open_count"":""0"",""outside_run_write_open_records"":[],""write_open_records"":[{""path"":""<HX02_SCRATCH>/RUNS/BY2H__GINAV__NONE__CONTRACT_START__NA/eval/v3/EXACT_EVALUATOR_OUTPUT/error_series.csv"",""flags"":""O_WRONLY|O_CREAT|O_TRUNC|O_CLOEXEC"",""return_code"":""3"",""lexical_path"":""<HX02_SCRATCH>/RUNS/BY2H__GINAV__NONE__CONTRACT_START__NA/eval/v3/EXACT_EVALUATOR_OUTPUT/error_series.csv"",""anonymous_pipe"":false,""pid"":""32293""},{""path"":""<HX02_SCRATCH>/RUNS/BY2H__GINAV__NONE__CONTRACT_START__NA/eval/v3/EXACT_EVALUATOR_OUTPUT/summary.json"",""flags"":""O_WRONLY|O_CREAT|O_TRUNC|O_CLOEXEC"",""return_code"":""3"",""lexical_path"":""<HX02_SCRATCH>/RUNS/BY2H__GINAV__NONE__CONTRACT_START__NA/eval/v3/EXACT_EVALUATOR_OUTPUT/summary.json"",""anonymous_pipe"":false,""pid"":""32293""},{""path"":""<HX02_SCRATCH>/RUNS/BY2H__GINAV__NONE__CONTRACT_START__NA/eval/v3/EXACT_EVALUATOR_OUTPUT/EVALUATOR_CAPTURE.json"",""flags"":""O_WRONLY|O_CREAT|O_EXCL|O_CLOEXEC"",""return_code"":""3"",""lexical_path"":""<HX02_SCRATCH>/RUNS/BY2H__GINAV__NONE__CONTRACT_START__NA/eval/v3/EXACT_EVALUATOR_OUTPUT/EVALUATOR_CAPTURE.json"",""anonymous_pipe"":false,""pid"":""32293""}],""allowed_device_write_count"":""0"",""allowed_device_write_records"":[],""allowed_anonymous_pipe_write_count"":""0"",""allowed_anonymous_pipe_write_records"":[],""raw_write_open_count"":""0"",""clean_root_outside_run_write_count"":""0"",""write_scope_exceptions"":[""/dev/null"",""/dev/pts/*"",""kernel-identified anonymous pipe""]},""strace_sha256"":""ef2c1a86585bbcd2fa6a5abb28dbbfdb7f6767f1c159b3367e77240b25143074"",""exit_code"":""0"",""runtime_seconds"":""0.9576994260005449"",""evaluator_argv"":[""/usr/bin/python3"",""<CLEAN_ROOT>/16_FINAL_V23_ARCHIVE_RECOVERY/ARCHIVE_45953164c53e/selected/MAIN/KF-GINS/bin/evaluate_nav_trace_kfgins_v2.py"",""--trace"",""<RAW_ROOT>/BY2_BY3/2026-03-06/fixption数据/2026.3.6/by3/vrtk2_a87c6e_2026-03-06-08-06-39_minimal/trace_vrtk2_a87c6e_2026-03-06-08-06-39_minimal.csv"",""--nav"",""<HX02_SCRATCH>/RUNS/BY2H__GINAV__NONE__CONTRACT_START__NA/eval/v3_NAV_INPUT/EVALUATOR_INPUT.nav"",""--outdir"",""<HX02_SCRATCH>/RUNS/BY2H__GINAV__NONE__CONTRACT_START__NA/eval/v3/EXACT_EVALUATOR_OUTPUT"",""--base_time"",""1772784000.0"",""--yaw_truth_mode"",""enu""],""environment"":{""PYTHONDONTWRITEBYTECODE"":""1"",""GIT_OPTIONAL_LOCKS"":""0"",""OMP_NUM_THREADS"":""1"",""MKL_NUM_THREADS"":""1"",""OPENBLAS_NUM_THREADS"":""1"",""NUMEXPR_NUM_THREADS"":""1"",""MPLCONFIGDIR"":""<HX02_SCRATCH>/RUNS/BY2H__GINAV__NONE__CONTRACT_START__NA/eval/v3/EXACT_EVALUATOR_OUTPUT/.matplotlib"",""XDG_CACHE_HOME"":""<HX02_SCRATCH>/RUNS/BY2H__GINAV__NONE__CONTRACT_START__NA/eval/v3/EXACT_EVALUATOR_OUTPUT/.cache"",""MPLBACKEND"":""Agg"",""PYTHONPATH"":""<AUDIT_SOURCE_WORKTREE>/scripts/paper_rebuild/clean5_evaluator_observer:<AUDIT_SOURCE_WORKTREE>/src"",""CLEAN5_EVALUATOR_CAPTURE_CONFIG"":""<HX02_SCRATCH>/RUNS/BY2H__GINAV__NONE__CONTRACT_START__NA/eval/v3/EXACT_EVALUATOR_OUTPUT/CAPTURE_CONFIG.json""},""STD"":""OMITTED_AS_FROZEN_EXTERNAL_CONTRACT"",""trace_read_role"":""archived_evaluator_child_only""},""transform"":{""evaluator_contract"":""evaluator_contract_v3"",""input_sha256"":""b4f76b9dd65e8d8eff83a5d824673baea2480b282c0c8182b00e3b3141a651e8"",""output_sha256"":""756494d47a609a7157daa1b934755767d9af5b96e4c9c1e01f09300f126de4c7"",""baseline_median_m"":""0.35418777593777223"",""lever_frd_m"":[""0.03"",""-0.14709388796888612"",""-0.3""],""attitude_columns_zero_based"":[""8"",""9"",""10""],""fit_used"":false,""further_correction_used"":false,""STD"":""OMITTED_AS_FROZEN_EXTERNAL_CONTRACT"",""uncertainty_status"":""UNAVAILABLE_FULL_COVARIANCE_NOT_TRANSPORTED""}}",[],[],[],FULL_RECORD_READ,PRESENT_READ,,,First-delivery subset. Source values preserved; path aliases only. No payload-body read.
HX02-9be8a3d1ef7ac27d3c81,HX02,EVALUATION_RECORD,GINAV,unknown,unknown,BY2H,NATURAL_C00,NONE,CONTRACT_START,unknown,unknown,unknown,<CLEAN_ROOT>/stages/CLEAN9_EXTERNAL_COMPARISON/HX02_FIVE_CATEGORY/RUNS/BY2H__GINAV__NONE__CONTRACT_START__NA/eval/v3/EXACT_EVALUATOR_OUTPUT/EVALUATOR_STRACE_AUDIT.json,#,"{""passed"":true,""failures"":[],""trace_open_count"":""1"",""technical_passed"":true,""technical_failures"":[],""consistency_passed"":true,""trace_open_records"":[{""path"":""<RAW_ROOT>/BY2_BY3/2026-03-06/fixption数据/2026.3.6/by3/vrtk2_a87c6e_2026-03-06-08-06-39_minimal/trace_vrtk2_a87c6e_2026-03-06-08-06-39_minimal.csv"",""flags"":""O_RDONLY|O_CLOEXEC"",""return_code"":""3"",""lexical_path"":""<RAW_ROOT>/BY2_BY3/2026-03-06/fixption数据/2026.3.6/by3/vrtk2_a87c6e_2026-03-06-08-06-39_minimal/trace_vrtk2_a87c6e_2026-03-06-08-06-39_minimal.csv"",""anonymous_pipe"":false,""pid"":""32293""}],""raw_open_count"":""1"",""write_scope"":{""pass"":true,""write_open_count"":""3"",""write_outside_run_count"":""0"",""outside_run_write_open_count"":""0"",""outside_run_write_open_records"":[],""write_open_records"":[{""path"":""<HX02_SCRATCH>/RUNS/BY2H__GINAV__NONE__CONTRACT_START__NA/eval/v3/EXACT_EVALUATOR_OUTPUT/error_series.csv"",""flags"":""O_WRONLY|O_CREAT|O_TRUNC|O_CLOEXEC"",""return_code"":""3"",""lexical_path"":""<HX02_SCRATCH>/RUNS/BY2H__GINAV__NONE__CONTRACT_START__NA/eval/v3/EXACT_EVALUATOR_OUTPUT/error_series.csv"",""anonymous_pipe"":false,""pid"":""32293""},{""path"":""<HX02_SCRATCH>/RUNS/BY2H__GINAV__NONE__CONTRACT_START__NA/eval/v3/EXACT_EVALUATOR_OUTPUT/summary.json"",""flags"":""O_WRONLY|O_CREAT|O_TRUNC|O_CLOEXEC"",""return_code"":""3"",""lexical_path"":""<HX02_SCRATCH>/RUNS/BY2H__GINAV__NONE__CONTRACT_START__NA/eval/v3/EXACT_EVALUATOR_OUTPUT/summary.json"",""anonymous_pipe"":false,""pid"":""32293""},{""path"":""<HX02_SCRATCH>/RUNS/BY2H__GINAV__NONE__CONTRACT_START__NA/eval/v3/EXACT_EVALUATOR_OUTPUT/EVALUATOR_CAPTURE.json"",""flags"":""O_WRONLY|O_CREAT|O_EXCL|O_CLOEXEC"",""return_code"":""3"",""lexical_path"":""<HX02_SCRATCH>/RUNS/BY2H__GINAV__NONE__CONTRACT_START__NA/eval/v3/EXACT_EVALUATOR_OUTPUT/EVALUATOR_CAPTURE.json"",""anonymous_pipe"":false,""pid"":""32293""}],""allowed_device_write_count"":""0"",""allowed_device_write_records"":[],""allowed_anonymous_pipe_write_count"":""0"",""allowed_anonymous_pipe_write_records"":[],""raw_write_open_count"":""0"",""clean_root_outside_run_write_count"":""0"",""write_scope_exceptions"":[""/dev/null"",""/dev/pts/*"",""kernel-identified anonymous pipe""]},""strace_sha256"":""ef2c1a86585bbcd2fa6a5abb28dbbfdb7f6767f1c159b3367e77240b25143074"",""exit_code"":""0"",""runtime_seconds"":""0.9576994260005449"",""evaluator_argv"":[""/usr/bin/python3"",""<CLEAN_ROOT>/16_FINAL_V23_ARCHIVE_RECOVERY/ARCHIVE_45953164c53e/selected/MAIN/KF-GINS/bin/evaluate_nav_trace_kfgins_v2.py"",""--trace"",""<RAW_ROOT>/BY2_BY3/2026-03-06/fixption数据/2026.3.6/by3/vrtk2_a87c6e_2026-03-06-08-06-39_minimal/trace_vrtk2_a87c6e_2026-03-06-08-06-39_minimal.csv"",""--nav"",""<HX02_SCRATCH>/RUNS/BY2H__GINAV__NONE__CONTRACT_START__NA/eval/v3_NAV_INPUT/EVALUATOR_INPUT.nav"",""--outdir"",""<HX02_SCRATCH>/RUNS/BY2H__GINAV__NONE__CONTRACT_START__NA/eval/v3/EXACT_EVALUATOR_OUTPUT"",""--base_time"",""1772784000.0"",""--yaw_truth_mode"",""enu""],""environment"":{""PYTHONDONTWRITEBYTECODE"":""1"",""GIT_OPTIONAL_LOCKS"":""0"",""OMP_NUM_THREADS"":""1"",""MKL_NUM_THREADS"":""1"",""OPENBLAS_NUM_THREADS"":""1"",""NUMEXPR_NUM_THREADS"":""1"",""MPLCONFIGDIR"":""<HX02_SCRATCH>/RUNS/BY2H__GINAV__NONE__CONTRACT_START__NA/eval/v3/EXACT_EVALUATOR_OUTPUT/.matplotlib"",""XDG_CACHE_HOME"":""<HX02_SCRATCH>/RUNS/BY2H__GINAV__NONE__CONTRACT_START__NA/eval/v3/EXACT_EVALUATOR_OUTPUT/.cache"",""MPLBACKEND"":""Agg"",""PYTHONPATH"":""<AUDIT_SOURCE_WORKTREE>/scripts/paper_rebuild/clean5_evaluator_observer:<AUDIT_SOURCE_WORKTREE>/src"",""CLEAN5_EVALUATOR_CAPTURE_CONFIG"":""<HX02_SCRATCH>/RUNS/BY2H__GINAV__NONE__CONTRACT_START__NA/eval/v3/EXACT_EVALUATOR_OUTPUT/CAPTURE_CONFIG.json""},""STD"":""OMITTED_AS_FROZEN_EXTERNAL_CONTRACT"",""trace_read_role"":""archived_evaluator_child_only""}",[],[],[],FULL_RECORD_READ,PRESENT_READ,,,First-delivery subset. Source values preserved; path aliases only. No payload-body read.
HX02-eda2057da24d55cf114d,HX02,RUN_IDENTITY,GINAV,unknown,88594ef27e20a8e660e2246218a6870a290f35ae,BY2H,NATURAL_C00,NONE,CONTRACT_START,unknown,COMPLETED,EVALUATION_RECORDS_PRESENT,<CLEAN_ROOT>/stages/CLEAN9_EXTERNAL_COMPARISON/HX02_FIVE_CATEGORY/RUNS/BY2H__GINAV__NONE__CONTRACT_START__NA,run_id=BY2H__GINAV__NONE__CONTRACT_START__NA,"{""COMMAND.json"":{""argv"":[""/usr/bin/python3"",""-m"",""legsa_gins.paper_rebuild.hext.hx02_native_cli"",""ginav"",""--sequence"",""BY2H"",""--run-dir"",""<HX02_SCRATCH>/RUNS/BY2H__GINAV__NONE__CONTRACT_START__NA"",""--prepared"",""<CLEAN_ROOT>/stages/CLEAN9_EXTERNAL_COMPARISON/HX02_FIVE_CATEGORY/01_INPUT_PINS/GINAV/BY2H/GINAV_INPUT_PREPARATION.json"",""--pinned-listing"",""<CLEAN_ROOT>/stages/CLEAN9_EXTERNAL_COMPARISON/HX02_FIVE_CATEGORY/00_CONTROL/METHOD_BODY_SHA256_BEFORE.json"",""--external-root"",""<HX02_EXTERNAL_ROOT>""],""case"":""CONTRACT_START"",""code_commit"":""88594ef27e20a8e660e2246218a6870a290f35ae"",""config"":""NONE"",""cwd"":""<AUDIT_SOURCE_WORKTREE>"",""end_utc"":""2026-09-24T12:55:33.942543+00:00"",""env_whitelist"":{""MKL_NUM_THREADS"":""1"",""NUMEXPR_NUM_THREADS"":""1"",""OMP_NUM_THREADS"":""1"",""OPENBLAS_NUM_THREADS"":""1"",""PYTHONDONTWRITEBYTECODE"":""1"",""PYTHONPATH"":""<AUDIT_SOURCE_WORKTREE>/src""},""method"":""GINAV"",""native_classification"":""COMPLETED"",""provenance"":{""LegSA_output_solver_input"":false,""code_commit"":""88594ef27e20a8e660e2246218a6870a290f35ae"",""config_hash"":""85b13d489d2941382ea3f416dade24253fe07ee66c2c7e83d18554487bba5b98"",""config_hash_source"":""configs/paper_rebuild/hext/HX02_CONTRACT_V1.yaml"",""data_mode"":""real_by2h_raw"",""epoch_deleted_for_metric"":false,""final_v23_output_solver_input"":false,""old_runtime_input_count"":""0"",""output_only_correction"":false,""per_case_tuning"":false,""raw_hash_lock"":{""path"":""<CLEAN_ROOT>/01_RAW_HASH_LOCK/RAW_FILE_HASH_LOCK_CLEAN5.csv"",""sha256"":""faa31580c7fff73b52fcf6d27c97cfdd9187e67a55968a2ab42e6737b0eabb67""},""receiver_imu_as_body_imu"":false,""semisynthetic_data_used"":false,""synthetic_data_used"":false,""trace_used_online"":false},""quiet_machine"":{""cap_s"":""600.0"",""load1"":""6.720703125"",""load5"":""7.7744140625"",""quiet"":true,""timed_out"":false,""waited_s"":""4.1338999835716095e-05""},""returncode"":""0"",""run_id"":""BY2H__GINAV__NONE__CONTRACT_START__NA"",""runner_terminal_status"":null,""runtime_seconds"":""117.16614716500044"",""sequence"":""BY2H"",""start_utc"":""2026-09-24T12:53:27.390497+00:00"",""strace_command_prefix"":[""strace"",""--seccomp-bpf"",""-f"",""-qq"",""-yy"",""-s"",""4096"",""-e"",""trace=openat,execve"",""-o"",""<HX02_SCRATCH>/RUNS/BY2H__GINAV__NONE__CONTRACT_START__NA/native/NATIVE_OPENAT.strace""],""tracked_tree_clean"":true},""DONE.json"":{""evaluation"":""EVALUATED"",""native_classification"":""COMPLETED"",""provenance"":{""LegSA_output_solver_input"":false,""code_commit"":""88594ef27e20a8e660e2246218a6870a290f35ae"",""config_hash"":""85b13d489d2941382ea3f416dade24253fe07ee66c2c7e83d18554487bba5b98"",""config_hash_source"":""configs/paper_rebuild/hext/HX02_CONTRACT_V1.yaml"",""data_mode"":""real_by2h_raw"",""epoch_deleted_for_metric"":false,""final_v23_output_solver_input"":false,""old_runtime_input_count"":""0"",""output_only_correction"":false,""per_case_tuning"":false,""raw_hash_lock"":{""path"":""<CLEAN_ROOT>/01_RAW_HASH_LOCK/RAW_FILE_HASH_LOCK_CLEAN5.csv"",""sha256"":""faa31580c7fff73b52fcf6d27c97cfdd9187e67a55968a2ab42e6737b0eabb67""},""receiver_imu_as_body_imu"":false,""semisynthetic_data_used"":false,""synthetic_data_used"":false,""trace_used_online"":false},""run_id"":""BY2H__GINAV__NONE__CONTRACT_START__NA"",""runner_exit_code"":""0"",""runner_terminal_status"":null,""status"":""COMPLETED"",""utc"":""2026-09-24T12:55:38.399416+00:00""}}",[],"[""<CLEAN_ROOT>/stages/CLEAN9_EXTERNAL_COMPARISON/HX02_FIVE_CATEGORY/RUNS/BY2H__GINAV__NONE__CONTRACT_START__NA/eval/COVERAGE/EVALUATOR_STRACE_AUDIT.json"", ""<CLEAN_ROOT>/stages/CLEAN9_EXTERNAL_COMPARISON/HX02_FIVE_CATEGORY/RUNS/BY2H__GINAV__NONE__CONTRACT_START__NA/eval/COVERAGE/OUTPUT/COVERAGE_METRICS.json"", ""<CLEAN_ROOT>/stages/CLEAN9_EXTERNAL_COMPARISON/HX02_FIVE_CATEGORY/RUNS/BY2H__GINAV__NONE__CONTRACT_START__NA/eval/D8_BOUNDED_GATE.json"", ""<CLEAN_ROOT>/stages/CLEAN9_EXTERNAL_COMPARISON/HX02_FIVE_CATEGORY/RUNS/BY2H__GINAV__NONE__CONTRACT_START__NA/eval/GINAV_EVALUATION.json"", ""<CLEAN_ROOT>/stages/CLEAN9_EXTERNAL_COMPARISON/HX02_FIVE_CATEGORY/RUNS/BY2H__GINAV__NONE__CONTRACT_START__NA/eval/v2/EVALUATION_RESULT.json"", ""<CLEAN_ROOT>/stages/CLEAN9_EXTERNAL_COMPARISON/HX02_FIVE_CATEGORY/RUNS/BY2H__GINAV__NONE__CONTRACT_START__NA/eval/v2/EXACT_EVALUATOR_OUTPUT/EVALUATOR_STRACE_AUDIT.json"", ""<CLEAN_ROOT>/stages/CLEAN9_EXTERNAL_COMPARISON/HX02_FIVE_CATEGORY/RUNS/BY2H__GINAV__NONE__CONTRACT_START__NA/eval/v3/EVALUATION_RESULT.json"", ""<CLEAN_ROOT>/stages/CLEAN9_EXTERNAL_COMPARISON/HX02_FIVE_CATEGORY/RUNS/BY2H__GINAV__NONE__CONTRACT_START__NA/eval/v3/EXACT_EVALUATOR_OUTPUT/EVALUATOR_STRACE_AUDIT.json""]",[],FULL_RECORD_READ,ARCHIVED_DIRECTORY_PRESENT,,,"Directory token 4 is original start_mode, not case_id; NATURAL_C00 labels this natural full-window run. native_classification=COMPLETED; runner_terminal_status=None. Original metadata values preserved in source_values_json."
HX02-958fb1b8eb3f13d04405,HX02,RUN_IDENTITY,HARTLEY_LIT,unknown,88594ef27e20a8e660e2246218a6870a290f35ae,BY2H,NATURAL_C00,LIT,CONTRACT_START,unknown,ABNORMAL_EXIT,NO_EVALUATION_RECORD_PRESENT,<CLEAN_ROOT>/stages/CLEAN9_EXTERNAL_COMPARISON/HX02_FIVE_CATEGORY/RUNS/BY2H__HARTLEY_LIT__LIT__CONTRACT_START__NA,run_id=BY2H__HARTLEY_LIT__LIT__CONTRACT_START__NA,"{""COMMAND.json"":{""argv"":[""<HX02_SCRATCH>/BUILD/hartley_h5_runner/hartley_h5_runner"",""<HX02_SCRATCH>/RUNS/BY2H__HARTLEY_LIT__LIT__CONTRACT_START__NA/native/provider/H5_INPUT_CACHE.bin"",""<HX02_SCRATCH>/RUNS/BY2H__HARTLEY_LIT__LIT__CONTRACT_START__NA/native/run/NATIVE_CONFIG.cfg"",""<HX02_SCRATCH>/RUNS/BY2H__HARTLEY_LIT__LIT__CONTRACT_START__NA/native/run""],""case"":""CONTRACT_START"",""code_commit"":""88594ef27e20a8e660e2246218a6870a290f35ae"",""config"":""LIT"",""cwd"":""<AUDIT_SOURCE_WORKTREE>"",""end_utc"":""2026-09-24T12:53:27.244549+00:00"",""env_whitelist"":{""MKL_NUM_THREADS"":""1"",""NUMEXPR_NUM_THREADS"":""1"",""OMP_NUM_THREADS"":""1"",""OPENBLAS_NUM_THREADS"":""1"",""PYTHONDONTWRITEBYTECODE"":""1"",""PYTHONPATH"":""<AUDIT_SOURCE_WORKTREE>/src""},""method"":""HARTLEY_LIT"",""native_classification"":""ABNORMAL_EXIT"",""provenance"":{""LegSA_output_solver_input"":false,""code_commit"":""88594ef27e20a8e660e2246218a6870a290f35ae"",""config_hash"":""85b13d489d2941382ea3f416dade24253fe07ee66c2c7e83d18554487bba5b98"",""config_hash_source"":""configs/paper_rebuild/hext/HX02_CONTRACT_V1.yaml"",""data_mode"":""real_by2h_raw"",""epoch_deleted_for_metric"":false,""final_v23_output_solver_input"":false,""old_runtime_input_count"":""0"",""output_only_correction"":false,""per_case_tuning"":false,""raw_hash_lock"":{""path"":""<CLEAN_ROOT>/01_RAW_HASH_LOCK/RAW_FILE_HASH_LOCK_CLEAN5.csv"",""sha256"":""faa31580c7fff73b52fcf6d27c97cfdd9187e67a55968a2ab42e6737b0eabb67""},""receiver_imu_as_body_imu"":false,""semisynthetic_data_used"":false,""synthetic_data_used"":false,""trace_used_online"":false},""quiet_machine"":{""cap_s"":""600.0"",""load1"":""6.720703125"",""load5"":""7.7744140625"",""quiet"":true,""timed_out"":false,""waited_s"":""7.425100011460017e-05""},""returncode"":""1"",""run_id"":""BY2H__HARTLEY_LIT__LIT__CONTRACT_START__NA"",""runner_terminal_status"":null,""runtime_seconds"":""0.016149648999999044"",""sequence"":""BY2H"",""start_utc"":""2026-09-24T12:53:27.228415+00:00"",""strace_command_prefix"":[""strace"",""--seccomp-bpf"",""-f"",""-qq"",""-yy"",""-s"",""4096"",""-e"",""trace=openat,execve"",""-o"",""<HX02_SCRATCH>/RUNS/BY2H__HARTLEY_LIT__LIT__CONTRACT_START__NA/native/NATIVE_OPENAT.strace""],""tracked_tree_clean"":true},""DONE.json"":{""evaluation"":""NOT_RUN_NATIVE_FAILURE"",""native_classification"":""ABNORMAL_EXIT"",""provenance"":{""LegSA_output_solver_input"":false,""code_commit"":""88594ef27e20a8e660e2246218a6870a290f35ae"",""config_hash"":""85b13d489d2941382ea3f416dade24253fe07ee66c2c7e83d18554487bba5b98"",""config_hash_source"":""configs/paper_rebuild/hext/HX02_CONTRACT_V1.yaml"",""data_mode"":""real_by2h_raw"",""epoch_deleted_for_metric"":false,""final_v23_output_solver_input"":false,""old_runtime_input_count"":""0"",""output_only_correction"":false,""per_case_tuning"":false,""raw_hash_lock"":{""path"":""<CLEAN_ROOT>/01_RAW_HASH_LOCK/RAW_FILE_HASH_LOCK_CLEAN5.csv"",""sha256"":""faa31580c7fff73b52fcf6d27c97cfdd9187e67a55968a2ab42e6737b0eabb67""},""receiver_imu_as_body_imu"":false,""semisynthetic_data_used"":false,""synthetic_data_used"":false,""trace_used_online"":false},""run_id"":""BY2H__HARTLEY_LIT__LIT__CONTRACT_START__NA"",""runner_exit_code"":""1"",""runner_terminal_status"":null,""status"":""ABNORMAL_EXIT"",""utc"":""2026-09-24T12:53:27.300176+00:00""},""FAILURE.json"":{""failure_classification"":""ABNORMAL_EXIT"",""provenance"":{""LegSA_output_solver_input"":false,""code_commit"":""88594ef27e20a8e660e2246218a6870a290f35ae"",""config_hash"":""85b13d489d2941382ea3f416dade24253fe07ee66c2c7e83d18554487bba5b98"",""config_hash_source"":""configs/paper_rebuild/hext/HX02_CONTRACT_V1.yaml"",""data_mode"":""real_by2h_raw"",""epoch_deleted_for_metric"":false,""final_v23_output_solver_input"":false,""old_runtime_input_count"":""0"",""output_only_correction"":false,""per_case_tuning"":false,""raw_hash_lock"":{""path"":""<CLEAN_ROOT>/01_RAW_HASH_LOCK/RAW_FILE_HASH_LOCK_CLEAN5.csv"",""sha256"":""faa31580c7fff73b52fcf6d27c97cfdd9187e67a55968a2ab42e6737b0eabb67""},""receiver_imu_as_body_imu"":false,""semisynthetic_data_used"":false,""synthetic_data_used"":false,""trace_used_online"":false},""returncode"":""1"",""stderr_full_path"":""<HX02_SCRATCH>/RUNS/BY2H__HARTLEY_LIT__LIT__CONTRACT_START__NA/native/NATIVE_stderr.log"",""stderr_tail"":""FAIL_HARTLEY_H5_NATIVE error=static gyro gate failed\n"",""utc"":""2026-09-24T12:53:27.274309+00:00""}}",[],[],[],FULL_RECORD_READ,ARCHIVED_DIRECTORY_PRESENT,,,"Directory token 4 is original start_mode, not case_id; NATURAL_C00 labels this natural full-window run. native_classification=ABNORMAL_EXIT; runner_terminal_status=None. Original metadata values preserved in source_values_json."
HX02-18b3f5f06c91171bed89,HX02,RUN_IDENTITY,HARTLEY_S,unknown,88594ef27e20a8e660e2246218a6870a290f35ae,BY2H,NATURAL_C00,S,CONTRACT_START,unknown,ABNORMAL_EXIT,NO_EVALUATION_RECORD_PRESENT,<CLEAN_ROOT>/stages/CLEAN9_EXTERNAL_COMPARISON/HX02_FIVE_CATEGORY/RUNS/BY2H__HARTLEY_S__S__CONTRACT_START__NA,run_id=BY2H__HARTLEY_S__S__CONTRACT_START__NA,"{""COMMAND.json"":{""argv"":[""<HX02_SCRATCH>/BUILD/hartley_h5_runner/hartley_h5_runner"",""<HX02_SCRATCH>/RUNS/BY2H__HARTLEY_S__S__CONTRACT_START__NA/native/provider/H5_INPUT_CACHE.bin"",""<HX02_SCRATCH>/RUNS/BY2H__HARTLEY_S__S__CONTRACT_START__NA/native/run/NATIVE_CONFIG.cfg"",""<HX02_SCRATCH>/RUNS/BY2H__HARTLEY_S__S__CONTRACT_START__NA/native/run""],""case"":""CONTRACT_START"",""code_commit"":""88594ef27e20a8e660e2246218a6870a290f35ae"",""config"":""S"",""cwd"":""<AUDIT_SOURCE_WORKTREE>"",""end_utc"":""2026-09-24T12:53:26.977689+00:00"",""env_whitelist"":{""MKL_NUM_THREADS"":""1"",""NUMEXPR_NUM_THREADS"":""1"",""OMP_NUM_THREADS"":""1"",""OPENBLAS_NUM_THREADS"":""1"",""PYTHONDONTWRITEBYTECODE"":""1"",""PYTHONPATH"":""<AUDIT_SOURCE_WORKTREE>/src""},""method"":""HARTLEY_S"",""native_classification"":""ABNORMAL_EXIT"",""provenance"":{""LegSA_output_solver_input"":false,""code_commit"":""88594ef27e20a8e660e2246218a6870a290f35ae"",""config_hash"":""85b13d489d2941382ea3f416dade24253fe07ee66c2c7e83d18554487bba5b98"",""config_hash_source"":""configs/paper_rebuild/hext/HX02_CONTRACT_V1.yaml"",""data_mode"":""real_by2h_raw"",""epoch_deleted_for_metric"":false,""final_v23_output_solver_input"":false,""old_runtime_input_count"":""0"",""output_only_correction"":false,""per_case_tuning"":false,""raw_hash_lock"":{""path"":""<CLEAN_ROOT>/01_RAW_HASH_LOCK/RAW_FILE_HASH_LOCK_CLEAN5.csv"",""sha256"":""faa31580c7fff73b52fcf6d27c97cfdd9187e67a55968a2ab42e6737b0eabb67""},""receiver_imu_as_body_imu"":false,""semisynthetic_data_used"":false,""synthetic_data_used"":false,""trace_used_online"":false},""quiet_machine"":{""cap_s"":""600.0"",""load1"":""6.720703125"",""load5"":""7.7744140625"",""quiet"":true,""timed_out"":false,""waited_s"":""7.796799945936073e-05""},""returncode"":""1"",""run_id"":""BY2H__HARTLEY_S__S__CONTRACT_START__NA"",""runner_terminal_status"":null,""runtime_seconds"":""0.018865930999709235"",""sequence"":""BY2H"",""start_utc"":""2026-09-24T12:53:26.958842+00:00"",""strace_command_prefix"":[""strace"",""--seccomp-bpf"",""-f"",""-qq"",""-yy"",""-s"",""4096"",""-e"",""trace=openat,execve"",""-o"",""<HX02_SCRATCH>/RUNS/BY2H__HARTLEY_S__S__CONTRACT_START__NA/native/NATIVE_OPENAT.strace""],""tracked_tree_clean"":true},""DONE.json"":{""evaluation"":""NOT_RUN_NATIVE_FAILURE"",""native_classification"":""ABNORMAL_EXIT"",""provenance"":{""LegSA_output_solver_input"":false,""code_commit"":""88594ef27e20a8e660e2246218a6870a290f35ae"",""config_hash"":""85b13d489d2941382ea3f416dade24253fe07ee66c2c7e83d18554487bba5b98"",""config_hash_source"":""configs/paper_rebuild/hext/HX02_CONTRACT_V1.yaml"",""data_mode"":""real_by2h_raw"",""epoch_deleted_for_metric"":false,""final_v23_output_solver_input"":false,""old_runtime_input_count"":""0"",""output_only_correction"":false,""per_case_tuning"":false,""raw_hash_lock"":{""path"":""<CLEAN_ROOT>/01_RAW_HASH_LOCK/RAW_FILE_HASH_LOCK_CLEAN5.csv"",""sha256"":""faa31580c7fff73b52fcf6d27c97cfdd9187e67a55968a2ab42e6737b0eabb67""},""receiver_imu_as_body_imu"":false,""semisynthetic_data_used"":false,""synthetic_data_used"":false,""trace_used_online"":false},""run_id"":""BY2H__HARTLEY_S__S__CONTRACT_START__NA"",""runner_exit_code"":""1"",""runner_terminal_status"":null,""status"":""ABNORMAL_EXIT"",""utc"":""2026-09-24T12:53:27.034316+00:00""},""FAILURE.json"":{""failure_classification"":""ABNORMAL_EXIT"",""provenance"":{""LegSA_output_solver_input"":false,""code_commit"":""88594ef27e20a8e660e2246218a6870a290f35ae"",""config_hash"":""85b13d489d2941382ea3f416dade24253fe07ee66c2c7e83d18554487bba5b98"",""config_hash_source"":""configs/paper_rebuild/hext/HX02_CONTRACT_V1.yaml"",""data_mode"":""real_by2h_raw"",""epoch_deleted_for_metric"":false,""final_v23_output_solver_input"":false,""old_runtime_input_count"":""0"",""output_only_correction"":false,""per_case_tuning"":false,""raw_hash_lock"":{""path"":""<CLEAN_ROOT>/01_RAW_HASH_LOCK/RAW_FILE_HASH_LOCK_CLEAN5.csv"",""sha256"":""faa31580c7fff73b52fcf6d27c97cfdd9187e67a55968a2ab42e6737b0eabb67""},""receiver_imu_as_body_imu"":false,""semisynthetic_data_used"":false,""synthetic_data_used"":false,""trace_used_online"":false},""returncode"":""1"",""stderr_full_path"":""<HX02_SCRATCH>/RUNS/BY2H__HARTLEY_S__S__CONTRACT_START__NA/native/NATIVE_stderr.log"",""stderr_tail"":""FAIL_HARTLEY_H5_NATIVE error=static gyro gate failed\n"",""utc"":""2026-09-24T12:53:27.008846+00:00""}}",[],[],[],FULL_RECORD_READ,ARCHIVED_DIRECTORY_PRESENT,,,"Directory token 4 is original start_mode, not case_id; NATURAL_C00 labels this natural full-window run. native_classification=ABNORMAL_EXIT; runner_terminal_status=None. Original metadata values preserved in source_values_json."
HX02-ad77c636ed7180cece3f,HX02,EVALUATION_RECORD,RTKLIB,unknown,unknown,BY2H,NATURAL_C00,NONE,CONTRACT_START,unknown,unknown,unknown,<CLEAN_ROOT>/stages/CLEAN9_EXTERNAL_COMPARISON/HX02_FIVE_CATEGORY/RUNS/BY2H__RTKLIB__NONE__CONTRACT_START__NA/eval/HEADING/EVALUATOR_STRACE_AUDIT.json,#,"{""argv"":[""/usr/bin/python3"",""-m"",""legsa_gins.paper_rebuild.hext.hx02_heading_evaluation"",""--spec"",""<HX02_SCRATCH>/RUNS/BY2H__RTKLIB__NONE__CONTRACT_START__NA/eval/HEADING/SPEC.json""],""environment"":{""GIT_OPTIONAL_LOCKS"":""0"",""MKL_NUM_THREADS"":""1"",""MPLBACKEND"":""Agg"",""MPLCONFIGDIR"":""<HX02_SCRATCH>/RUNS/BY2H__RTKLIB__NONE__CONTRACT_START__NA/eval/HEADING/OUTPUT/.matplotlib"",""NUMEXPR_NUM_THREADS"":""1"",""OMP_NUM_THREADS"":""1"",""OPENBLAS_NUM_THREADS"":""1"",""PYTHONDONTWRITEBYTECODE"":""1"",""PYTHONPATH"":""<AUDIT_SOURCE_WORKTREE>/src"",""XDG_CACHE_HOME"":""<HX02_SCRATCH>/RUNS/BY2H__RTKLIB__NONE__CONTRACT_START__NA/eval/HEADING/OUTPUT/.cache""},""execve_programs"":[""/usr/bin/python3""],""exit_code"":""0"",""failures"":[],""kind"":""HEADING"",""module"":""legsa_gins.paper_rebuild.hext.hx02_heading_evaluation"",""passed"":true,""raw_open_count"":""1"",""runtime_seconds"":""0.31212988900006167"",""spec_sha256"":""0959faeb5ab1967351d62fe26d5d297f49133e28f927ea034779bb9b4fa8cda3"",""strace_sha256"":""54b6620c3f7885734c9f5ac134a4e0608df99eefd4ccbc276f9fe7dffc86fe02"",""trace_open_count"":""1"",""trace_open_records"":[{""anonymous_pipe"":false,""flags"":""O_RDONLY|O_CLOEXEC"",""lexical_path"":""<RAW_ROOT>/BY2_BY3/2026-03-06/fixption数据/2026.3.6/by3/vrtk2_a87c6e_2026-03-06-08-06-39_minimal/trace_vrtk2_a87c6e_2026-03-06-08-06-39_minimal.csv"",""path"":""<RAW_ROOT>/BY2_BY3/2026-03-06/fixption数据/2026.3.6/by3/vrtk2_a87c6e_2026-03-06-08-06-39_minimal/trace_vrtk2_a87c6e_2026-03-06-08-06-39_minimal.csv"",""pid"":""30874"",""return_code"":""3""}],""trace_read_role"":""registered_evaluator_child_only"",""write_scope"":{""allowed_anonymous_pipe_write_count"":""0"",""allowed_anonymous_pipe_write_records"":[],""allowed_device_write_count"":""0"",""allowed_device_write_records"":[],""clean_root_outside_run_write_count"":""0"",""outside_run_write_open_count"":""0"",""outside_run_write_open_records"":[],""pass"":true,""raw_write_open_count"":""0"",""write_open_count"":""2"",""write_open_records"":[{""anonymous_pipe"":false,""flags"":""O_WRONLY|O_CREAT|O_EXCL|O_CLOEXEC"",""lexical_path"":""<HX02_SCRATCH>/RUNS/BY2H__RTKLIB__NONE__CONTRACT_START__NA/eval/HEADING/OUTPUT/HEADING_ERROR_SERIES_RTKLIB.csv"",""path"":""<HX02_SCRATCH>/RUNS/BY2H__RTKLIB__NONE__CONTRACT_START__NA/eval/HEADING/OUTPUT/HEADING_ERROR_SERIES_RTKLIB.csv"",""pid"":""30874"",""return_code"":""3""},{""anonymous_pipe"":false,""flags"":""O_WRONLY|O_CREAT|O_EXCL|O_CLOEXEC"",""lexical_path"":""<HX02_SCRATCH>/RUNS/BY2H__RTKLIB__NONE__CONTRACT_START__NA/eval/HEADING/OUTPUT/HEADING_METRICS.json"",""path"":""<HX02_SCRATCH>/RUNS/BY2H__RTKLIB__NONE__CONTRACT_START__NA/eval/HEADING/OUTPUT/HEADING_METRICS.json"",""pid"":""30874"",""return_code"":""3""}],""write_outside_run_count"":""0"",""write_scope_exceptions"":[""/dev/null"",""/dev/pts/*"",""kernel-identified anonymous pipe""]}}",[],[],[],FULL_RECORD_READ,PRESENT_READ,,,First-delivery subset. Source values preserved; path aliases only. No payload-body read.
HX02-15b87fcb84e7183163ec,HX02,EVALUATION_RECORD,RTKLIB,unknown,unknown,BY2H,NATURAL_C00,NONE,CONTRACT_START,unknown,unknown,unknown,<CLEAN_ROOT>/stages/CLEAN9_EXTERNAL_COMPARISON/HX02_FIVE_CATEGORY/RUNS/BY2H__RTKLIB__NONE__CONTRACT_START__NA/eval/HEADING/OUTPUT/HEADING_METRICS.json,#,"{""method_id"":""RTKLIB"",""schema"":""hx02.heading_evaluation.v1"",""sequence_id"":""BY2H"",""trace_open_count_in_child"":""1"",""trace_sha256_observed"":""8d11fe360753bfcdbc54f7bf793fcb25850c0997b7aaad4ec1c9f10859c0f84f"",""variants"":{""RTKLIB"":{""availability"":""0.1325925925925926"",""base_time"":""1772784000.0"",""denominator_native_paired_epochs_in_window"":""1350"",""error_convention"":""wrap180(method_body_yaw_ned - reference_body_yaw_ned)"",""heading_table_sha256"":""993886f8497bb30367cd7bf73719230120d07d3ebea37c43d2a9ad625bfbe741"",""hold_last_valid"":{""circular_bias_deg"":""-0.20190992314314826"",""count"":""1332"",""held_epochs_in_window"":""1332"",""held_epochs_without_reference_support"":""0"",""hold_source"":""CAUSAL_LAST_METHOD_NATIVE_VALID_EPOCH_FROM_NATIVE_START"",""mae_deg"":""36.59031938469897"",""max_absolute_deg"":""166.1472549135375"",""no_heading_epochs_before_first_valid"":""18"",""p95_absolute_deg"":""102.81023871412411"",""rmse_deg"":""55.117992602685284""},""method_id"":""RTKLIB"",""q1_fixed"":{""count"":""179"",""errors"":{""circular_bias_deg"":""-2.9731861011523506"",""count"":""179"",""mae_deg"":""8.138703759747326"",""max_absolute_deg"":""162.41469246861243"",""p95_absolute_deg"":""68.70384508547215"",""rmse_deg"":""27.0111690896743""},""rate"":""0.1325925925925926""},""q2_float"":{""count"":""286"",""errors"":{""circular_bias_deg"":""-104.33150170094825"",""count"":""286"",""mae_deg"":""98.02104182008603"",""max_absolute_deg"":""177.747593454009"",""p95_absolute_deg"":""159.86671544579792"",""rmse_deg"":""104.89156315431579""},""rate"":""0.21185185185185185""},""reference_semantics"":""wrap360(90-interp(unwrap(yaw_ENU))) inside trace support; no extrapolation"",""schema"":""hx02.heading_evaluation.v1"",""valid"":{""circular_bias_deg"":""-2.9731861011523506"",""count"":""179"",""mae_deg"":""8.138703759747326"",""max_absolute_deg"":""162.41469246861243"",""p95_absolute_deg"":""68.70384508547215"",""rmse_deg"":""27.0111690896743"",""wrapsafe"":{""circular_wrapsafe_bias_deg"":""-2.9731861011523506"",""continuity_definition"":""segments split when accepted original epoch indices are nonconsecutive"",""longest_segment_epochs"":""22"",""mae_deg"":""8.138703759747326"",""matched_count"":""179"",""max_absolute_deg"":""162.41469246861243"",""maximum_gap_seconds"":""15.200000047683716"",""median_absolute_deg"":""1.4451620529900424"",""p90_absolute_deg"":""7.404555279075987"",""p95_absolute_deg"":""68.70384508547215"",""p99_absolute_deg"":""125.17815269648041"",""rmse_deg"":""27.0111690896743"",""segment_count"":""44"",""valid_count"":""179"",""valid_coverage"":""0.1325925925925926"",""valid_denominator"":""1350"",""wrapsafe_bias_deg"":""-5.916018246848394""}},""valid_epochs_in_window"":""179"",""valid_epochs_without_reference_support"":""0"",""valid_segments"":{""definition"":""segments split when accepted original epoch indices are nonconsecutive"",""longest_segment_epochs"":""22"",""maximum_gap_seconds"":""15.200000047683716"",""segment_count"":""44""},""window_seconds"":[""413.0"",""683.0""]}}}",[],[],[],FULL_RECORD_READ,PRESENT_READ,,,First-delivery subset. Source values preserved; path aliases only. No payload-body read.
HX02-1c5d5b8cb08164c71704,HX02,RUN_IDENTITY,RTKLIB,unknown,88594ef27e20a8e660e2246218a6870a290f35ae,BY2H,NATURAL_C00,NONE,CONTRACT_START,unknown,COMPLETED,EVALUATION_RECORDS_PRESENT,<CLEAN_ROOT>/stages/CLEAN9_EXTERNAL_COMPARISON/HX02_FIVE_CATEGORY/RUNS/BY2H__RTKLIB__NONE__CONTRACT_START__NA,run_id=BY2H__RTKLIB__NONE__CONTRACT_START__NA,"{""COMMAND.json"":{""argv"":[""/usr/bin/python3"",""-m"",""legsa_gins.paper_rebuild.hext.hx02_native_cli"",""rtklib"",""--sequence"",""BY2H"",""--run-dir"",""<HX02_SCRATCH>/RUNS/BY2H__RTKLIB__NONE__CONTRACT_START__NA"",""--conf"",""<CLEAN_ROOT>/stages/CLEAN9_EXTERNAL_COMPARISON/HX02_FIVE_CATEGORY/01_INPUT_PINS/RTKLIB_UNMODIFIED_MOVING_BASE.conf""],""case"":""CONTRACT_START"",""code_commit"":""88594ef27e20a8e660e2246218a6870a290f35ae"",""config"":""NONE"",""cwd"":""<AUDIT_SOURCE_WORKTREE>"",""end_utc"":""2026-09-24T12:53:25.764721+00:00"",""env_whitelist"":{""MKL_NUM_THREADS"":""1"",""NUMEXPR_NUM_THREADS"":""1"",""OMP_NUM_THREADS"":""1"",""OPENBLAS_NUM_THREADS"":""1"",""PYTHONDONTWRITEBYTECODE"":""1"",""PYTHONPATH"":""<AUDIT_SOURCE_WORKTREE>/src""},""method"":""RTKLIB"",""native_classification"":""COMPLETED"",""provenance"":{""LegSA_output_solver_input"":false,""code_commit"":""88594ef27e20a8e660e2246218a6870a290f35ae"",""config_hash"":""85b13d489d2941382ea3f416dade24253fe07ee66c2c7e83d18554487bba5b98"",""config_hash_source"":""configs/paper_rebuild/hext/HX02_CONTRACT_V1.yaml"",""data_mode"":""real_by2h_raw"",""epoch_deleted_for_metric"":false,""final_v23_output_solver_input"":false,""old_runtime_input_count"":""0"",""output_only_correction"":false,""per_case_tuning"":false,""raw_hash_lock"":{""path"":""<CLEAN_ROOT>/01_RAW_HASH_LOCK/RAW_FILE_HASH_LOCK_CLEAN5.csv"",""sha256"":""faa31580c7fff73b52fcf6d27c97cfdd9187e67a55968a2ab42e6737b0eabb67""},""receiver_imu_as_body_imu"":false,""semisynthetic_data_used"":false,""synthetic_data_used"":false,""trace_used_online"":false},""quiet_machine"":{""cap_s"":""600.0"",""load1"":""7.76025390625"",""load5"":""8.005859375"",""quiet"":true,""timed_out"":false,""waited_s"":""30.025104571000156""},""returncode"":""0"",""run_id"":""BY2H__RTKLIB__NONE__CONTRACT_START__NA"",""runner_terminal_status"":null,""runtime_seconds"":""4.717423800999313"",""sequence"":""BY2H"",""start_utc"":""2026-09-24T12:53:21.047312+00:00"",""strace_command_prefix"":[""strace"",""--seccomp-bpf"",""-f"",""-qq"",""-yy"",""-s"",""4096"",""-e"",""trace=openat,execve"",""-o"",""<HX02_SCRATCH>/RUNS/BY2H__RTKLIB__NONE__CONTRACT_START__NA/native/NATIVE_OPENAT.strace""],""tracked_tree_clean"":true},""DONE.json"":{""convention_diagnostic"":{""RTKLIB"":{""compared_epochs"":""180"",""definition"":""wrap180(method body yaw - (GNSS2-GNSS1 HPPOSECEF baseline heading + 90 deg)) on method-valid epochs where both receivers report carrSoln == 2"",""fractions"":{""within_20_of_0"":""0.9333333333333333"",""within_20_of_180"":""0.005555555555555556"",""within_20_of_plus_minus_90"":""0.027777777777777776""},""hard_stop"":false,""mean_circular_deg"":""-2.5304340024150593"",""median_deg"":""0.5392950582533445"",""median_near_180"":false,""median_near_plus_minus_90"":false,""status"":""PASS""}},""evaluation"":""HEADING"",""heading_tables"":{""RTKLIB"":{""path"":""<HX02_SCRATCH>/RUNS/BY2H__RTKLIB__NONE__CONTRACT_START__NA/native/HX02_HEADING_TABLES/HX02_HEADING_TABLE_RTKLIB.csv"",""rows"":""1423"",""sha256"":""993886f8497bb30367cd7bf73719230120d07d3ebea37c43d2a9ad625bfbe741"",""valid"":""180""}},""native_classification"":""COMPLETED"",""provenance"":{""LegSA_output_solver_input"":false,""code_commit"":""88594ef27e20a8e660e2246218a6870a290f35ae"",""config_hash"":""85b13d489d2941382ea3f416dade24253fe07ee66c2c7e83d18554487bba5b98"",""config_hash_source"":""configs/paper_rebuild/hext/HX02_CONTRACT_V1.yaml"",""data_mode"":""real_by2h_raw"",""epoch_deleted_for_metric"":false,""final_v23_output_solver_input"":false,""old_runtime_input_count"":""0"",""output_only_correction"":false,""per_case_tuning"":false,""raw_hash_lock"":{""path"":""<CLEAN_ROOT>/01_RAW_HASH_LOCK/RAW_FILE_HASH_LOCK_CLEAN5.csv"",""sha256"":""faa31580c7fff73b52fcf6d27c97cfdd9187e67a55968a2ab42e6737b0eabb67""},""receiver_imu_as_body_imu"":false,""semisynthetic_data_used"":false,""synthetic_data_used"":false,""trace_used_online"":false},""run_id"":""BY2H__RTKLIB__NONE__CONTRACT_START__NA"",""runner_exit_code"":""0"",""runner_terminal_status"":null,""status"":""COMPLETED"",""utc"":""2026-09-24T12:53:26.528948+00:00""}}","[""<CLEAN_ROOT>/stages/CLEAN9_EXTERNAL_COMPARISON/HX02_FIVE_CATEGORY/RUNS/BY2H__RTKLIB__NONE__CONTRACT_START__NA/native/HX02_HEADING_TABLES/HX02_HEADING_TABLE_RTKLIB.csv""]","[""<CLEAN_ROOT>/stages/CLEAN9_EXTERNAL_COMPARISON/HX02_FIVE_CATEGORY/RUNS/BY2H__RTKLIB__NONE__CONTRACT_START__NA/eval/HEADING/EVALUATOR_STRACE_AUDIT.json"", ""<CLEAN_ROOT>/stages/CLEAN9_EXTERNAL_COMPARISON/HX02_FIVE_CATEGORY/RUNS/BY2H__RTKLIB__NONE__CONTRACT_START__NA/eval/HEADING/OUTPUT/HEADING_METRICS.json""]",[],FULL_RECORD_READ,ARCHIVED_DIRECTORY_PRESENT,,,"Directory token 4 is original start_mode, not case_id; NATURAL_C00 labels this natural full-window run. native_classification=COMPLETED; runner_terminal_status=None. Original metadata values preserved in source_values_json."
HX02-fca4a173cfea9c350d0d,HX02,EVALUATION_RECORD,EXT01,unknown,unknown,BY2O,NATURAL_C00,LIT,FILE_START,unknown,unknown,unknown,<CLEAN_ROOT>/stages/CLEAN9_EXTERNAL_COMPARISON/HX02_FIVE_CATEGORY/RUNS/BY2O__EXT01__LIT__FILE_START__NA/eval/HEADING/EVALUATOR_STRACE_AUDIT.json,#,"{""argv"":[""/usr/bin/python3"",""-m"",""legsa_gins.paper_rebuild.hext.hx02_heading_evaluation"",""--spec"",""<HX02_SCRATCH>/RUNS/BY2O__EXT01__LIT__FILE_START__NA/eval/HEADING/SPEC.json""],""environment"":{""GIT_OPTIONAL_LOCKS"":""0"",""MKL_NUM_THREADS"":""1"",""MPLBACKEND"":""Agg"",""MPLCONFIGDIR"":""<HX02_SCRATCH>/RUNS/BY2O__EXT01__LIT__FILE_START__NA/eval/HEADING/OUTPUT/.matplotlib"",""NUMEXPR_NUM_THREADS"":""1"",""OMP_NUM_THREADS"":""1"",""OPENBLAS_NUM_THREADS"":""1"",""PYTHONDONTWRITEBYTECODE"":""1"",""PYTHONPATH"":""<AUDIT_SOURCE_WORKTREE>/src"",""XDG_CACHE_HOME"":""<HX02_SCRATCH>/RUNS/BY2O__EXT01__LIT__FILE_START__NA/eval/HEADING/OUTPUT/.cache""},""execve_programs"":[""/usr/bin/python3""],""exit_code"":""0"",""failures"":[],""kind"":""HEADING"",""module"":""legsa_gins.paper_rebuild.hext.hx02_heading_evaluation"",""passed"":true,""raw_open_count"":""1"",""runtime_seconds"":""0.3591768990008859"",""spec_sha256"":""cb3f8e3d07373697d617188f153033a429cc54a6bec1661cf763eae879054137"",""strace_sha256"":""e3d3cd44ab57d6b9053f93bddeb3384600c471a12ed0709dd1488d0c18d46dc5"",""trace_open_count"":""1"",""trace_open_records"":[{""anonymous_pipe"":false,""flags"":""O_RDONLY|O_CLOEXEC"",""lexical_path"":""<RAW_ROOT>/BY2_BY3/2026-03-06/fixption数据/2026.3.6/by1/vrtk2_a87c6e_2026-03-06-07-52-22_minimal/trace_vrtk2_a87c6e_2026-03-06-07-52-22_minimal.csv"",""path"":""<RAW_ROOT>/BY2_BY3/2026-03-06/fixption数据/2026.3.6/by1/vrtk2_a87c6e_2026-03-06-07-52-22_minimal/trace_vrtk2_a87c6e_2026-03-06-07-52-22_minimal.csv"",""pid"":""33163"",""return_code"":""3""}],""trace_read_role"":""registered_evaluator_child_only"",""write_scope"":{""allowed_anonymous_pipe_write_count"":""0"",""allowed_anonymous_pipe_write_records"":[],""allowed_device_write_count"":""0"",""allowed_device_write_records"":[],""clean_root_outside_run_write_count"":""0"",""outside_run_write_open_count"":""0"",""outside_run_write_open_records"":[],""pass"":true,""raw_write_open_count"":""0"",""write_open_count"":""2"",""write_open_records"":[{""anonymous_pipe"":false,""flags"":""O_WRONLY|O_CREAT|O_EXCL|O_CLOEXEC"",""lexical_path"":""<HX02_SCRATCH>/RUNS/BY2O__EXT01__LIT__FILE_START__NA/eval/HEADING/OUTPUT/HEADING_ERROR_SERIES_EXT01.csv"",""path"":""<HX02_SCRATCH>/RUNS/BY2O__EXT01__LIT__FILE_START__NA/eval/HEADING/OUTPUT/HEADING_ERROR_SERIES_EXT01.csv"",""pid"":""33163"",""return_code"":""3""},{""anonymous_pipe"":false,""flags"":""O_WRONLY|O_CREAT|O_EXCL|O_CLOEXEC"",""lexical_path"":""<HX02_SCRATCH>/RUNS/BY2O__EXT01__LIT__FILE_START__NA/eval/HEADING/OUTPUT/HEADING_METRICS.json"",""path"":""<HX02_SCRATCH>/RUNS/BY2O__EXT01__LIT__FILE_START__NA/eval/HEADING/OUTPUT/HEADING_METRICS.json"",""pid"":""33163"",""return_code"":""3""}],""write_outside_run_count"":""0"",""write_scope_exceptions"":[""/dev/null"",""/dev/pts/*"",""kernel-identified anonymous pipe""]}}",[],[],[],FULL_RECORD_READ,PRESENT_READ,,,First-delivery subset. Source values preserved; path aliases only. No payload-body read.
HX02-086fde78bbbff5fa9604,HX02,EVALUATION_RECORD,EXT01,unknown,unknown,BY2O,NATURAL_C00,LIT,FILE_START,unknown,unknown,unknown,<CLEAN_ROOT>/stages/CLEAN9_EXTERNAL_COMPARISON/HX02_FIVE_CATEGORY/RUNS/BY2O__EXT01__LIT__FILE_START__NA/eval/HEADING/OUTPUT/HEADING_METRICS.json,#,"{""method_id"":""EXT01"",""schema"":""hx02.heading_evaluation.v1"",""sequence_id"":""BY2O"",""trace_open_count_in_child"":""1"",""trace_sha256_observed"":""4f7b3007c6a0b43ce1b0fb4908f23c042891154b4adbc7af4c3d8a47ca363cd9"",""variants"":{""EXT01"":{""availability"":""0.6514588859416446"",""base_time"":""1772780400.0"",""denominator_native_paired_epochs_in_window"":""1885"",""error_convention"":""wrap180(method_body_yaw_ned - reference_body_yaw_ned)"",""heading_table_sha256"":""be843708ef431209eeaab0cefad7782f1e08b963075be71833f844a643885ac6"",""hold_last_valid"":{""circular_bias_deg"":""-129.90191471661228"",""count"":""1885"",""held_epochs_in_window"":""1885"",""held_epochs_without_reference_support"":""0"",""hold_source"":""CAUSAL_LAST_METHOD_NATIVE_VALID_EPOCH_FROM_NATIVE_START"",""mae_deg"":""94.47237063318607"",""max_absolute_deg"":""179.87992460623184"",""no_heading_epochs_before_first_valid"":""0"",""p95_absolute_deg"":""164.47794721637703"",""rmse_deg"":""106.59759701046899""},""method_id"":""EXT01"",""reference_semantics"":""wrap360(90-interp(unwrap(yaw_ENU))) inside trace support; no extrapolation"",""schema"":""hx02.heading_evaluation.v1"",""valid"":{""circular_bias_deg"":""-7.466131151200557"",""count"":""1228"",""mae_deg"":""88.71714006172442"",""max_absolute_deg"":""179.87992460623184"",""p95_absolute_deg"":""166.38000214275115"",""rmse_deg"":""102.03419456274673"",""wrapsafe"":{""circular_wrapsafe_bias_deg"":""-7.466131151200557"",""continuity_definition"":""segments split when accepted original epoch indices are nonconsecutive"",""longest_segment_epochs"":""585"",""mae_deg"":""88.71714006172442"",""matched_count"":""1228"",""max_absolute_deg"":""179.87992460623184"",""maximum_gap_seconds"":""36.0"",""median_absolute_deg"":""91.85260812368641"",""p90_absolute_deg"":""160.2012917887119"",""p95_absolute_deg"":""166.38000214275115"",""p99_absolute_deg"":""176.65370624556616"",""rmse_deg"":""102.03419456274673"",""segment_count"":""17"",""valid_count"":""1228"",""valid_coverage"":""0.6514588859416446"",""valid_denominator"":""1885"",""wrapsafe_bias_deg"":""14.017402348471455""}},""valid_epochs_in_window"":""1228"",""valid_epochs_without_reference_support"":""0"",""valid_segments"":{""definition"":""segments split when accepted original epoch indices are nonconsecutive"",""longest_segment_epochs"":""585"",""maximum_gap_seconds"":""36.0"",""segment_count"":""17""},""window_seconds"":[""3186.0"",""3563.0""]}}}",[],[],[],FULL_RECORD_READ,PRESENT_READ,,,First-delivery subset. Source values preserved; path aliases only. No payload-body read.
HX02-3c4ff2892bb1215e81a2,HX02,RUN_IDENTITY,EXT01,unknown,88594ef27e20a8e660e2246218a6870a290f35ae,BY2O,NATURAL_C00,LIT,FILE_START,unknown,COMPLETED,EVALUATION_RECORDS_PRESENT,<CLEAN_ROOT>/stages/CLEAN9_EXTERNAL_COMPARISON/HX02_FIVE_CATEGORY/RUNS/BY2O__EXT01__LIT__FILE_START__NA,run_id=BY2O__EXT01__LIT__FILE_START__NA,"{""COMMAND.json"":{""argv"":[""/usr/bin/python3"",""<AUDIT_SOURCE_WORKTREE>/scripts/paper_rebuild/run_horizontal_literature_phase1r.py"",""--paths-config"",""<AUDIT_SOURCE_WORKTREE>/configs/paper_rebuild/DATA_PATHS.CLEAN3R4.local.yaml"",""--sequence-spec"",""<HX02_SCRATCH>/RUNS/BY2O__EXT01__LIT__FILE_START__NA/native/SEQUENCE_SPEC.json"",""--trace-mode"",""disabled"",""--workers"",""16""],""case"":""FILE_START"",""code_commit"":""88594ef27e20a8e660e2246218a6870a290f35ae"",""config"":""LIT"",""cwd"":""<AUDIT_SOURCE_WORKTREE>"",""end_utc"":""2026-09-24T13:21:14.345725+00:00"",""env_whitelist"":{""MKL_NUM_THREADS"":""1"",""NUMEXPR_NUM_THREADS"":""1"",""OMP_NUM_THREADS"":""1"",""OPENBLAS_NUM_THREADS"":""1"",""PYTHONDONTWRITEBYTECODE"":""1"",""PYTHONPATH"":""<AUDIT_SOURCE_WORKTREE>/src""},""method"":""EXT01"",""native_classification"":""COMPLETED"",""provenance"":{""LegSA_output_solver_input"":false,""code_commit"":""88594ef27e20a8e660e2246218a6870a290f35ae"",""config_hash"":""85b13d489d2941382ea3f416dade24253fe07ee66c2c7e83d18554487bba5b98"",""config_hash_source"":""configs/paper_rebuild/hext/HX02_CONTRACT_V1.yaml"",""data_mode"":""real_by2o_raw"",""epoch_deleted_for_metric"":false,""final_v23_output_solver_input"":false,""old_runtime_input_count"":""0"",""output_only_correction"":false,""per_case_tuning"":false,""raw_hash_lock"":{""path"":""<CLEAN_ROOT>/01_RAW_HASH_LOCK/RAW_FILE_HASH_LOCK_CLEAN5.csv"",""sha256"":""faa31580c7fff73b52fcf6d27c97cfdd9187e67a55968a2ab42e6737b0eabb67""},""receiver_imu_as_body_imu"":false,""semisynthetic_data_used"":false,""synthetic_data_used"":false,""trace_used_online"":false},""quiet_machine"":{""cap_s"":""600.0"",""load1"":""1.00244140625"",""load5"":""3.744140625"",""quiet"":true,""timed_out"":false,""waited_s"":""6.62180000290391e-05""},""returncode"":""0"",""run_id"":""BY2O__EXT01__LIT__FILE_START__NA"",""runner_terminal_status"":""UNSUPPORTED_EXT01_ON_BY2_WITHOUT_PHASE_BIAS_CALIBRATION"",""runtime_seconds"":""1270.2493065340004"",""sequence"":""BY2O"",""start_utc"":""2026-09-24T12:57:58.488643+00:00"",""strace_command_prefix"":[""strace"",""--seccomp-bpf"",""-f"",""-qq"",""-yy"",""-s"",""4096"",""-e"",""trace=openat,execve"",""-o"",""<HX02_SCRATCH>/RUNS/BY2O__EXT01__LIT__FILE_START__NA/native/NATIVE_OPENAT.strace""],""tracked_tree_clean"":true},""DONE.json"":{""convention_diagnostic"":{""EXT01"":{""compared_epochs"":""1513"",""definition"":""wrap180(method body yaw - (GNSS2-GNSS1 HPPOSECEF baseline heading + 90 deg)) on method-valid epochs where both receivers report carrSoln == 2"",""fractions"":{""within_20_of_0"":""0.15598149372108394"",""within_20_of_180"":""0.0991407799074686"",""within_20_of_plus_minus_90"":""0.23331130204890946""},""hard_stop"":false,""mean_circular_deg"":""-33.09458624934323"",""median_deg"":""-13.418657570043706"",""median_near_180"":false,""median_near_plus_minus_90"":false,""status"":""PASS""}},""evaluation"":""HEADING"",""heading_tables"":{""EXT01"":{""path"":""<HX02_SCRATCH>/RUNS/BY2O__EXT01__LIT__FILE_START__NA/native/HX02_HEADING_TABLES/HX02_HEADING_TABLE_EXT01.csv"",""rows"":""2231"",""sha256"":""be843708ef431209eeaab0cefad7782f1e08b963075be71833f844a643885ac6"",""valid"":""1566""}},""native_classification"":""COMPLETED"",""provenance"":{""LegSA_output_solver_input"":false,""code_commit"":""88594ef27e20a8e660e2246218a6870a290f35ae"",""config_hash"":""85b13d489d2941382ea3f416dade24253fe07ee66c2c7e83d18554487bba5b98"",""config_hash_source"":""configs/paper_rebuild/hext/HX02_CONTRACT_V1.yaml"",""data_mode"":""real_by2o_raw"",""epoch_deleted_for_metric"":false,""final_v23_output_solver_input"":false,""old_runtime_input_count"":""0"",""output_only_correction"":false,""per_case_tuning"":false,""raw_hash_lock"":{""path"":""<CLEAN_ROOT>/01_RAW_HASH_LOCK/RAW_FILE_HASH_LOCK_CLEAN5.csv"",""sha256"":""faa31580c7fff73b52fcf6d27c97cfdd9187e67a55968a2ab42e6737b0eabb67""},""receiver_imu_as_body_imu"":false,""semisynthetic_data_used"":false,""synthetic_data_used"":false,""trace_used_online"":false},""run_id"":""BY2O__EXT01__LIT__FILE_START__NA"",""runner_exit_code"":""0"",""runner_terminal_status"":""UNSUPPORTED_EXT01_ON_BY2_WITHOUT_PHASE_BIAS_CALIBRATION"",""status"":""COMPLETED"",""utc"":""2026-09-24T13:21:23.210600+00:00""}}","[""<CLEAN_ROOT>/stages/CLEAN9_EXTERNAL_COMPARISON/HX02_FIVE_CATEGORY/RUNS/BY2O__EXT01__LIT__FILE_START__NA/native/HX02_HEADING_TABLES/HX02_HEADING_TABLE_EXT01.csv""]","[""<CLEAN_ROOT>/stages/CLEAN9_EXTERNAL_COMPARISON/HX02_FIVE_CATEGORY/RUNS/BY2O__EXT01__LIT__FILE_START__NA/eval/HEADING/EVALUATOR_STRACE_AUDIT.json"", ""<CLEAN_ROOT>/stages/CLEAN9_EXTERNAL_COMPARISON/HX02_FIVE_CATEGORY/RUNS/BY2O__EXT01__LIT__FILE_START__NA/eval/HEADING/OUTPUT/HEADING_METRICS.json""]",[],FULL_RECORD_READ,ARCHIVED_DIRECTORY_PRESENT,,,"Directory token 4 is original start_mode, not case_id; NATURAL_C00 labels this natural full-window run. native_classification=COMPLETED; runner_terminal_status=UNSUPPORTED_EXT01_ON_BY2_WITHOUT_PHASE_BIAS_CALIBRATION. Original metadata values preserved in source_values_json."
HX02-f2cdbfe4ee357f0f2b7c,HX02,EVALUATION_RECORD,EXT02,unknown,unknown,BY2O,NATURAL_C00,LIT,FILE_START,unknown,unknown,unknown,<CLEAN_ROOT>/stages/CLEAN9_EXTERNAL_COMPARISON/HX02_FIVE_CATEGORY/RUNS/BY2O__EXT02__LIT__FILE_START__NA/eval/HEADING/EVALUATOR_STRACE_AUDIT.json,#,"{""argv"":[""/usr/bin/python3"",""-m"",""legsa_gins.paper_rebuild.hext.hx02_heading_evaluation"",""--spec"",""<HX02_SCRATCH>/RUNS/BY2O__EXT02__LIT__FILE_START__NA/eval/HEADING/SPEC.json""],""environment"":{""GIT_OPTIONAL_LOCKS"":""0"",""MKL_NUM_THREADS"":""1"",""MPLBACKEND"":""Agg"",""MPLCONFIGDIR"":""<HX02_SCRATCH>/RUNS/BY2O__EXT02__LIT__FILE_START__NA/eval/HEADING/OUTPUT/.matplotlib"",""NUMEXPR_NUM_THREADS"":""1"",""OMP_NUM_THREADS"":""1"",""OPENBLAS_NUM_THREADS"":""1"",""PYTHONDONTWRITEBYTECODE"":""1"",""PYTHONPATH"":""<AUDIT_SOURCE_WORKTREE>/src"",""XDG_CACHE_HOME"":""<HX02_SCRATCH>/RUNS/BY2O__EXT02__LIT__FILE_START__NA/eval/HEADING/OUTPUT/.cache""},""execve_programs"":[""/usr/bin/python3""],""exit_code"":""0"",""failures"":[],""kind"":""HEADING"",""module"":""legsa_gins.paper_rebuild.hext.hx02_heading_evaluation"",""passed"":true,""raw_open_count"":""1"",""runtime_seconds"":""0.37226094600009674"",""spec_sha256"":""d86a1cdaa45e315dedc850b6ef4f5bcdc8defdda19dc720b7d98b7cdbd192981"",""strace_sha256"":""d8e58871357be345c04b6f7af43670f84c3412995c1d5a725bd63af8fc62f825"",""trace_open_count"":""1"",""trace_open_records"":[{""anonymous_pipe"":false,""flags"":""O_RDONLY|O_CLOEXEC"",""lexical_path"":""<RAW_ROOT>/BY2_BY3/2026-03-06/fixption数据/2026.3.6/by1/vrtk2_a87c6e_2026-03-06-07-52-22_minimal/trace_vrtk2_a87c6e_2026-03-06-07-52-22_minimal.csv"",""path"":""<RAW_ROOT>/BY2_BY3/2026-03-06/fixption数据/2026.3.6/by1/vrtk2_a87c6e_2026-03-06-07-52-22_minimal/trace_vrtk2_a87c6e_2026-03-06-07-52-22_minimal.csv"",""pid"":""33251"",""return_code"":""3""}],""trace_read_role"":""registered_evaluator_child_only"",""write_scope"":{""allowed_anonymous_pipe_write_count"":""0"",""allowed_anonymous_pipe_write_records"":[],""allowed_device_write_count"":""0"",""allowed_device_write_records"":[],""clean_root_outside_run_write_count"":""0"",""outside_run_write_open_count"":""0"",""outside_run_write_open_records"":[],""pass"":true,""raw_write_open_count"":""0"",""write_open_count"":""2"",""write_open_records"":[{""anonymous_pipe"":false,""flags"":""O_WRONLY|O_CREAT|O_EXCL|O_CLOEXEC"",""lexical_path"":""<HX02_SCRATCH>/RUNS/BY2O__EXT02__LIT__FILE_START__NA/eval/HEADING/OUTPUT/HEADING_ERROR_SERIES_EXT02.csv"",""path"":""<HX02_SCRATCH>/RUNS/BY2O__EXT02__LIT__FILE_START__NA/eval/HEADING/OUTPUT/HEADING_ERROR_SERIES_EXT02.csv"",""pid"":""33251"",""return_code"":""3""},{""anonymous_pipe"":false,""flags"":""O_WRONLY|O_CREAT|O_EXCL|O_CLOEXEC"",""lexical_path"":""<HX02_SCRATCH>/RUNS/BY2O__EXT02__LIT__FILE_START__NA/eval/HEADING/OUTPUT/HEADING_METRICS.json"",""path"":""<HX02_SCRATCH>/RUNS/BY2O__EXT02__LIT__FILE_START__NA/eval/HEADING/OUTPUT/HEADING_METRICS.json"",""pid"":""33251"",""return_code"":""3""}],""write_outside_run_count"":""0"",""write_scope_exceptions"":[""/dev/null"",""/dev/pts/*"",""kernel-identified anonymous pipe""]}}",[],[],[],FULL_RECORD_READ,PRESENT_READ,,,First-delivery subset. Source values preserved; path aliases only. No payload-body read.
HX02-8688afa6b576e39fd32e,HX02,EVALUATION_RECORD,EXT02,unknown,unknown,BY2O,NATURAL_C00,LIT,FILE_START,unknown,unknown,unknown,<CLEAN_ROOT>/stages/CLEAN9_EXTERNAL_COMPARISON/HX02_FIVE_CATEGORY/RUNS/BY2O__EXT02__LIT__FILE_START__NA/eval/HEADING/OUTPUT/HEADING_METRICS.json,#,"{""method_id"":""EXT02"",""schema"":""hx02.heading_evaluation.v1"",""sequence_id"":""BY2O"",""trace_open_count_in_child"":""1"",""trace_sha256_observed"":""4f7b3007c6a0b43ce1b0fb4908f23c042891154b4adbc7af4c3d8a47ca363cd9"",""variants"":{""EXT02"":{""availability"":""0.6318302387267904"",""base_time"":""1772780400.0"",""denominator_native_paired_epochs_in_window"":""1885"",""error_convention"":""wrap180(method_body_yaw_ned - reference_body_yaw_ned)"",""heading_table_sha256"":""3b7728518027a9f825006f7a1c88eb7b4b0b539d0c535f4ba62da6b111bff02a"",""hold_last_valid"":{""circular_bias_deg"":""-129.57052786859163"",""count"":""1885"",""held_epochs_in_window"":""1885"",""held_epochs_without_reference_support"":""0"",""hold_source"":""CAUSAL_LAST_METHOD_NATIVE_VALID_EPOCH_FROM_NATIVE_START"",""mae_deg"":""94.20822605572128"",""max_absolute_deg"":""179.26209915383697"",""no_heading_epochs_before_first_valid"":""0"",""p95_absolute_deg"":""164.21505486722614"",""rmse_deg"":""106.3509857592976""},""method_id"":""EXT02"",""reference_semantics"":""wrap360(90-interp(unwrap(yaw_ENU))) inside trace support; no extrapolation"",""schema"":""hx02.heading_evaluation.v1"",""valid"":{""circular_bias_deg"":""-17.88975069537105"",""count"":""1191"",""mae_deg"":""87.59024982382488"",""max_absolute_deg"":""179.26209915383697"",""p95_absolute_deg"":""165.4952160765959"",""rmse_deg"":""100.81343990406083"",""wrapsafe"":{""circular_wrapsafe_bias_deg"":""-17.88975069537105"",""continuity_definition"":""segments split when accepted original epoch indices are nonconsecutive"",""longest_segment_epochs"":""165"",""mae_deg"":""87.59024982382488"",""matched_count"":""1191"",""max_absolute_deg"":""179.26209915383697"",""maximum_gap_seconds"":""36.0"",""median_absolute_deg"":""90.83598825760635"",""p90_absolute_deg"":""158.82369528286193"",""p95_absolute_deg"":""165.4952160765959"",""p99_absolute_deg"":""174.58063617095294"",""rmse_deg"":""100.81343990406083"",""segment_count"":""45"",""valid_count"":""1191"",""valid_coverage"":""0.6318302387267904"",""valid_denominator"":""1885"",""wrapsafe_bias_deg"":""12.381103769992162""}},""valid_epochs_in_window"":""1191"",""valid_epochs_without_reference_support"":""0"",""valid_segments"":{""definition"":""segments split when accepted original epoch indices are nonconsecutive"",""longest_segment_epochs"":""165"",""maximum_gap_seconds"":""36.0"",""segment_count"":""45""},""window_seconds"":[""3186.0"",""3563.0""]}}}",[],[],[],FULL_RECORD_READ,PRESENT_READ,,,First-delivery subset. Source values preserved; path aliases only. No payload-body read.
HX02-42ecb1e82fe016d0f942,HX02,RUN_IDENTITY,EXT02,unknown,88594ef27e20a8e660e2246218a6870a290f35ae,BY2O,NATURAL_C00,LIT,FILE_START,unknown,COMPLETED,EVALUATION_RECORDS_PRESENT,<CLEAN_ROOT>/stages/CLEAN9_EXTERNAL_COMPARISON/HX02_FIVE_CATEGORY/RUNS/BY2O__EXT02__LIT__FILE_START__NA,run_id=BY2O__EXT02__LIT__FILE_START__NA,"{""COMMAND.json"":{""argv"":[""/usr/bin/python3"",""<AUDIT_SOURCE_WORKTREE>/scripts/paper_rebuild/run_horizontal_literature_phase2.py"",""--paths-config"",""<AUDIT_SOURCE_WORKTREE>/configs/paper_rebuild/DATA_PATHS.CLEAN3R4.local.yaml"",""--sequence-spec"",""<HX02_SCRATCH>/RUNS/BY2O__EXT02__LIT__FILE_START__NA/native/SEQUENCE_SPEC.json"",""--mode"",""native-only"",""--trace-mode"",""disabled"",""--workers"",""16""],""case"":""FILE_START"",""code_commit"":""88594ef27e20a8e660e2246218a6870a290f35ae"",""config"":""LIT"",""cwd"":""<AUDIT_SOURCE_WORKTREE>"",""end_utc"":""2026-09-24T13:23:33.103562+00:00"",""env_whitelist"":{""MKL_NUM_THREADS"":""1"",""NUMEXPR_NUM_THREADS"":""1"",""OMP_NUM_THREADS"":""1"",""OPENBLAS_NUM_THREADS"":""1"",""PYTHONDONTWRITEBYTECODE"":""1"",""PYTHONPATH"":""<AUDIT_SOURCE_WORKTREE>/src""},""method"":""EXT02"",""native_classification"":""COMPLETED"",""provenance"":{""LegSA_output_solver_input"":false,""code_commit"":""88594ef27e20a8e660e2246218a6870a290f35ae"",""config_hash"":""85b13d489d2941382ea3f416dade24253fe07ee66c2c7e83d18554487bba5b98"",""config_hash_source"":""configs/paper_rebuild/hext/HX02_CONTRACT_V1.yaml"",""data_mode"":""real_by2o_raw"",""epoch_deleted_for_metric"":false,""final_v23_output_solver_input"":false,""old_runtime_input_count"":""0"",""output_only_correction"":false,""per_case_tuning"":false,""raw_hash_lock"":{""path"":""<CLEAN_ROOT>/01_RAW_HASH_LOCK/RAW_FILE_HASH_LOCK_CLEAN5.csv"",""sha256"":""faa31580c7fff73b52fcf6d27c97cfdd9187e67a55968a2ab42e6737b0eabb67""},""receiver_imu_as_body_imu"":false,""semisynthetic_data_used"":false,""synthetic_data_used"":false,""trace_used_online"":false},""quiet_machine"":{""cap_s"":""600.0"",""load1"":""1.6298828125"",""load5"":""9.869140625"",""quiet"":true,""timed_out"":false,""waited_s"":""90.08042792699962""},""returncode"":""0"",""run_id"":""BY2O__EXT02__LIT__FILE_START__NA"",""runner_terminal_status"":""PASS_PHASE2_EXT02_CWLS_C00_READY_FOR_NATIVE_COMPARISON"",""runtime_seconds"":""30.85179831900132"",""sequence"":""BY2O"",""start_utc"":""2026-09-24T13:22:59.206270+00:00"",""strace_command_prefix"":[""strace"",""--seccomp-bpf"",""-f"",""-qq"",""-yy"",""-s"",""4096"",""-e"",""trace=openat,execve"",""-o"",""<HX02_SCRATCH>/RUNS/BY2O__EXT02__LIT__FILE_START__NA/native/NATIVE_OPENAT.strace""],""tracked_tree_clean"":true},""DONE.json"":{""convention_diagnostic"":{""EXT02"":{""compared_epochs"":""1462"",""definition"":""wrap180(method body yaw - (GNSS2-GNSS1 HPPOSECEF baseline heading + 90 deg)) on method-valid epochs where both receivers report carrSoln == 2"",""fractions"":{""within_20_of_0"":""0.15800273597811218"",""within_20_of_180"":""0.09370725034199727"",""within_20_of_plus_minus_90"":""0.23666210670314639""},""hard_stop"":false,""mean_circular_deg"":""-31.992146432408"",""median_deg"":""-13.917135276787747"",""median_near_180"":false,""median_near_plus_minus_90"":false,""status"":""PASS""}},""evaluation"":""HEADING"",""heading_tables"":{""EXT02"":{""path"":""<HX02_SCRATCH>/RUNS/BY2O__EXT02__LIT__FILE_START__NA/native/HX02_HEADING_TABLES/HX02_HEADING_TABLE_EXT02.csv"",""rows"":""2231"",""sha256"":""3b7728518027a9f825006f7a1c88eb7b4b0b539d0c535f4ba62da6b111bff02a"",""valid"":""1514""}},""native_classification"":""COMPLETED"",""provenance"":{""LegSA_output_solver_input"":false,""code_commit"":""88594ef27e20a8e660e2246218a6870a290f35ae"",""config_hash"":""85b13d489d2941382ea3f416dade24253fe07ee66c2c7e83d18554487bba5b98"",""config_hash_source"":""configs/paper_rebuild/hext/HX02_CONTRACT_V1.yaml"",""data_mode"":""real_by2o_raw"",""epoch_deleted_for_metric"":false,""final_v23_output_solver_input"":false,""old_runtime_input_count"":""0"",""output_only_correction"":false,""per_case_tuning"":false,""raw_hash_lock"":{""path"":""<CLEAN_ROOT>/01_RAW_HASH_LOCK/RAW_FILE_HASH_LOCK_CLEAN5.csv"",""sha256"":""faa31580c7fff73b52fcf6d27c97cfdd9187e67a55968a2ab42e6737b0eabb67""},""receiver_imu_as_body_imu"":false,""semisynthetic_data_used"":false,""synthetic_data_used"":false,""trace_used_online"":false},""run_id"":""BY2O__EXT02__LIT__FILE_START__NA"",""runner_exit_code"":""0"",""runner_terminal_status"":""PASS_PHASE2_EXT02_CWLS_C00_READY_FOR_NATIVE_COMPARISON"",""status"":""COMPLETED"",""utc"":""2026-09-24T13:23:34.081355+00:00""}}","[""<CLEAN_ROOT>/stages/CLEAN9_EXTERNAL_COMPARISON/HX02_FIVE_CATEGORY/RUNS/BY2O__EXT02__LIT__FILE_START__NA/native/HX02_HEADING_TABLES/HX02_HEADING_TABLE_EXT02.csv""]","[""<CLEAN_ROOT>/stages/CLEAN9_EXTERNAL_COMPARISON/HX02_FIVE_CATEGORY/RUNS/BY2O__EXT02__LIT__FILE_START__NA/eval/HEADING/EVALUATOR_STRACE_AUDIT.json"", ""<CLEAN_ROOT>/stages/CLEAN9_EXTERNAL_COMPARISON/HX02_FIVE_CATEGORY/RUNS/BY2O__EXT02__LIT__FILE_START__NA/eval/HEADING/OUTPUT/HEADING_METRICS.json""]",[],FULL_RECORD_READ,ARCHIVED_DIRECTORY_PRESENT,,,"Directory token 4 is original start_mode, not case_id; NATURAL_C00 labels this natural full-window run. native_classification=COMPLETED; runner_terminal_status=PASS_PHASE2_EXT02_CWLS_C00_READY_FOR_NATIVE_COMPARISON. Original metadata values preserved in source_values_json."
HX02-e3c61a25d1e70552131a,HX02,EVALUATION_RECORD,EXT03,unknown,unknown,BY2O,NATURAL_C00,LIT,FILE_START,unknown,unknown,unknown,<CLEAN_ROOT>/stages/CLEAN9_EXTERNAL_COMPARISON/HX02_FIVE_CATEGORY/RUNS/BY2O__EXT03__LIT__FILE_START__NA/eval/HEADING/EVALUATOR_STRACE_AUDIT.json,#,"{""argv"":[""/usr/bin/python3"",""-m"",""legsa_gins.paper_rebuild.hext.hx02_heading_evaluation"",""--spec"",""<HX02_SCRATCH>/RUNS/BY2O__EXT03__LIT__FILE_START__NA/eval/HEADING/SPEC.json""],""environment"":{""GIT_OPTIONAL_LOCKS"":""0"",""MKL_NUM_THREADS"":""1"",""MPLBACKEND"":""Agg"",""MPLCONFIGDIR"":""<HX02_SCRATCH>/RUNS/BY2O__EXT03__LIT__FILE_START__NA/eval/HEADING/OUTPUT/.matplotlib"",""NUMEXPR_NUM_THREADS"":""1"",""OMP_NUM_THREADS"":""1"",""OPENBLAS_NUM_THREADS"":""1"",""PYTHONDONTWRITEBYTECODE"":""1"",""PYTHONPATH"":""<AUDIT_SOURCE_WORKTREE>/src"",""XDG_CACHE_HOME"":""<HX02_SCRATCH>/RUNS/BY2O__EXT03__LIT__FILE_START__NA/eval/HEADING/OUTPUT/.cache""},""execve_programs"":[""/usr/bin/python3""],""exit_code"":""0"",""failures"":[],""kind"":""HEADING"",""module"":""legsa_gins.paper_rebuild.hext.hx02_heading_evaluation"",""passed"":true,""raw_open_count"":""1"",""runtime_seconds"":""0.4558993509999709"",""spec_sha256"":""3d424a49aed403e56b1efebacf08c2a45355f615da02386692f0496228c00346"",""strace_sha256"":""3ad0a364baeb11f5b9c2a6e06b70bf6699f2e59358421447387f5b16c434a659"",""trace_open_count"":""1"",""trace_open_records"":[{""anonymous_pipe"":false,""flags"":""O_RDONLY|O_CLOEXEC"",""lexical_path"":""<RAW_ROOT>/BY2_BY3/2026-03-06/fixption数据/2026.3.6/by1/vrtk2_a87c6e_2026-03-06-07-52-22_minimal/trace_vrtk2_a87c6e_2026-03-06-07-52-22_minimal.csv"",""path"":""<RAW_ROOT>/BY2_BY3/2026-03-06/fixption数据/2026.3.6/by1/vrtk2_a87c6e_2026-03-06-07-52-22_minimal/trace_vrtk2_a87c6e_2026-03-06-07-52-22_minimal.csv"",""pid"":""33346"",""return_code"":""3""}],""trace_read_role"":""registered_evaluator_child_only"",""write_scope"":{""allowed_anonymous_pipe_write_count"":""0"",""allowed_anonymous_pipe_write_records"":[],""allowed_device_write_count"":""0"",""allowed_device_write_records"":[],""clean_root_outside_run_write_count"":""0"",""outside_run_write_open_count"":""0"",""outside_run_write_open_records"":[],""pass"":true,""raw_write_open_count"":""0"",""write_open_count"":""2"",""write_open_records"":[{""anonymous_pipe"":false,""flags"":""O_WRONLY|O_CREAT|O_EXCL|O_CLOEXEC"",""lexical_path"":""<HX02_SCRATCH>/RUNS/BY2O__EXT03__LIT__FILE_START__NA/eval/HEADING/OUTPUT/HEADING_ERROR_SERIES_EXT03.csv"",""path"":""<HX02_SCRATCH>/RUNS/BY2O__EXT03__LIT__FILE_START__NA/eval/HEADING/OUTPUT/HEADING_ERROR_SERIES_EXT03.csv"",""pid"":""33346"",""return_code"":""3""},{""anonymous_pipe"":false,""flags"":""O_WRONLY|O_CREAT|O_EXCL|O_CLOEXEC"",""lexical_path"":""<HX02_SCRATCH>/RUNS/BY2O__EXT03__LIT__FILE_START__NA/eval/HEADING/OUTPUT/HEADING_METRICS.json"",""path"":""<HX02_SCRATCH>/RUNS/BY2O__EXT03__LIT__FILE_START__NA/eval/HEADING/OUTPUT/HEADING_METRICS.json"",""pid"":""33346"",""return_code"":""3""}],""write_outside_run_count"":""0"",""write_scope_exceptions"":[""/dev/null"",""/dev/pts/*"",""kernel-identified anonymous pipe""]}}",[],[],[],FULL_RECORD_READ,PRESENT_READ,,,First-delivery subset. Source values preserved; path aliases only. No payload-body read.
HX02-426a4309e6110f6355c1,HX02,EVALUATION_RECORD,EXT03,unknown,unknown,BY2O,NATURAL_C00,LIT,FILE_START,unknown,unknown,unknown,<CLEAN_ROOT>/stages/CLEAN9_EXTERNAL_COMPARISON/HX02_FIVE_CATEGORY/RUNS/BY2O__EXT03__LIT__FILE_START__NA/eval/HEADING/OUTPUT/HEADING_METRICS.json,#,"{""method_id"":""EXT03"",""schema"":""hx02.heading_evaluation.v1"",""sequence_id"":""BY2O"",""trace_open_count_in_child"":""1"",""trace_sha256_observed"":""4f7b3007c6a0b43ce1b0fb4908f23c042891154b4adbc7af4c3d8a47ca363cd9"",""variants"":{""EXT03"":{""availability"":""0.1427055702917772"",""base_time"":""1772780400.0"",""denominator_native_paired_epochs_in_window"":""1885"",""error_convention"":""wrap180(method_body_yaw_ned - reference_body_yaw_ned)"",""heading_table_sha256"":""0ba3baa22b0fe676754598eccfe3de460ed6be369928410df6a32769111f922c"",""hold_last_valid"":{""circular_bias_deg"":""126.95072580153015"",""count"":""1885"",""held_epochs_in_window"":""1885"",""held_epochs_without_reference_support"":""0"",""hold_source"":""CAUSAL_LAST_METHOD_NATIVE_VALID_EPOCH_FROM_NATIVE_START"",""mae_deg"":""95.87073288629134"",""max_absolute_deg"":""179.94749577976853"",""no_heading_epochs_before_first_valid"":""0"",""p95_absolute_deg"":""169.95860501532314"",""rmse_deg"":""109.11167030149767""},""method_id"":""EXT03"",""ratio_fixed"":{""count"":""5"",""errors"":{""circular_bias_deg"":""-26.01131561003058"",""count"":""5"",""mae_deg"":""28.8550859513673"",""max_absolute_deg"":""59.96241731324477"",""p95_absolute_deg"":""55.95881042733313"",""rmse_deg"":""35.139951039067995""},""rate"":""0.002652519893899204""},""reference_semantics"":""wrap360(90-interp(unwrap(yaw_ENU))) inside trace support; no extrapolation"",""schema"":""hx02.heading_evaluation.v1"",""valid"":{""circular_bias_deg"":""102.75418219188504"",""count"":""269"",""mae_deg"":""97.47588648156946"",""max_absolute_deg"":""179.48608910874827"",""p95_absolute_deg"":""173.32087800633644"",""rmse_deg"":""112.4324012480508"",""wrapsafe"":{""circular_wrapsafe_bias_deg"":""102.75418219188504"",""continuity_definition"":""segments split when accepted original epoch indices are nonconsecutive"",""longest_segment_epochs"":""86"",""mae_deg"":""97.47588648156946"",""matched_count"":""269"",""max_absolute_deg"":""179.48608910874827"",""maximum_gap_seconds"":""92.20000004768372"",""median_absolute_deg"":""122.603293790706"",""p90_absolute_deg"":""158.45646401598435"",""p95_absolute_deg"":""173.32087800633644"",""p99_absolute_deg"":""178.5591427041994"",""rmse_deg"":""112.4324012480508"",""segment_count"":""21"",""valid_count"":""269"",""valid_coverage"":""0.1427055702917772"",""valid_denominator"":""1885"",""wrapsafe_bias_deg"":""80.20210992523819""}},""valid_epochs_in_window"":""269"",""valid_epochs_without_reference_support"":""0"",""valid_segments"":{""definition"":""segments split when accepted original epoch indices are nonconsecutive"",""longest_segment_epochs"":""86"",""maximum_gap_seconds"":""92.20000004768372"",""segment_count"":""21""},""window_seconds"":[""3186.0"",""3563.0""]}}}",[],[],[],FULL_RECORD_READ,PRESENT_READ,,,First-delivery subset. Source values preserved; path aliases only. No payload-body read.
HX02-a42108dedb8a6737d4a9,HX02,RUN_IDENTITY,EXT03,unknown,88594ef27e20a8e660e2246218a6870a290f35ae,BY2O,NATURAL_C00,LIT,FILE_START,unknown,COMPLETED,EVALUATION_RECORDS_PRESENT,<CLEAN_ROOT>/stages/CLEAN9_EXTERNAL_COMPARISON/HX02_FIVE_CATEGORY/RUNS/BY2O__EXT03__LIT__FILE_START__NA,run_id=BY2O__EXT03__LIT__FILE_START__NA,"{""COMMAND.json"":{""argv"":[""/usr/bin/python3"",""<AUDIT_SOURCE_WORKTREE>/scripts/paper_rebuild/run_horizontal_literature_phase3.py"",""--paths-config"",""<AUDIT_SOURCE_WORKTREE>/configs/paper_rebuild/DATA_PATHS.CLEAN3R4.local.yaml"",""--sequence-spec"",""<HX02_SCRATCH>/RUNS/BY2O__EXT03__LIT__FILE_START__NA/native/SEQUENCE_SPEC.json"",""--mode"",""native-only"",""--trace-mode"",""disabled"",""--workers"",""16""],""case"":""FILE_START"",""code_commit"":""88594ef27e20a8e660e2246218a6870a290f35ae"",""config"":""LIT"",""cwd"":""<AUDIT_SOURCE_WORKTREE>"",""end_utc"":""2026-09-24T13:23:51.504011+00:00"",""env_whitelist"":{""MKL_NUM_THREADS"":""1"",""NUMEXPR_NUM_THREADS"":""1"",""OMP_NUM_THREADS"":""1"",""OPENBLAS_NUM_THREADS"":""1"",""PYTHONDONTWRITEBYTECODE"":""1"",""PYTHONPATH"":""<AUDIT_SOURCE_WORKTREE>/src""},""method"":""EXT03"",""native_classification"":""COMPLETED"",""provenance"":{""LegSA_output_solver_input"":false,""code_commit"":""88594ef27e20a8e660e2246218a6870a290f35ae"",""config_hash"":""85b13d489d2941382ea3f416dade24253fe07ee66c2c7e83d18554487bba5b98"",""config_hash_source"":""configs/paper_rebuild/hext/HX02_CONTRACT_V1.yaml"",""data_mode"":""real_by2o_raw"",""epoch_deleted_for_metric"":false,""final_v23_output_solver_input"":false,""old_runtime_input_count"":""0"",""output_only_correction"":false,""per_case_tuning"":false,""raw_hash_lock"":{""path"":""<CLEAN_ROOT>/01_RAW_HASH_LOCK/RAW_FILE_HASH_LOCK_CLEAN5.csv"",""sha256"":""faa31580c7fff73b52fcf6d27c97cfdd9187e67a55968a2ab42e6737b0eabb67""},""receiver_imu_as_body_imu"":false,""semisynthetic_data_used"":false,""synthetic_data_used"":false,""trace_used_online"":false},""quiet_machine"":{""cap_s"":""600.0"",""load1"":""1.5849609375"",""load5"":""8.94921875"",""quiet"":true,""timed_out"":false,""waited_s"":""4.83109997730935e-05""},""returncode"":""0"",""run_id"":""BY2O__EXT03__LIT__FILE_START__NA"",""runner_terminal_status"":""PASS_PHASE3_EXT03_YANG2024_C00_READY_FOR_NATIVE_COMPARISON"",""runtime_seconds"":""16.990535049000755"",""sequence"":""BY2O"",""start_utc"":""2026-09-24T13:23:34.513491+00:00"",""strace_command_prefix"":[""strace"",""--seccomp-bpf"",""-f"",""-qq"",""-yy"",""-s"",""4096"",""-e"",""trace=openat,execve"",""-o"",""<HX02_SCRATCH>/RUNS/BY2O__EXT03__LIT__FILE_START__NA/native/NATIVE_OPENAT.strace""],""tracked_tree_clean"":true},""DONE.json"":{""convention_diagnostic"":{""EXT03"":{""compared_epochs"":""493"",""definition"":""wrap180(method body yaw - (GNSS2-GNSS1 HPPOSECEF baseline heading + 90 deg)) on method-valid epochs where both receivers report carrSoln == 2"",""fractions"":{""within_20_of_0"":""0.05476673427991886"",""within_20_of_180"":""0.05273833671399594"",""within_20_of_plus_minus_90"":""0.02231237322515213""},""hard_stop"":false,""mean_circular_deg"":""55.52837637489506"",""median_deg"":""45.92095301976053"",""median_near_180"":false,""median_near_plus_minus_90"":false,""status"":""PASS""}},""evaluation"":""HEADING"",""heading_tables"":{""EXT03"":{""path"":""<HX02_SCRATCH>/RUNS/BY2O__EXT03__LIT__FILE_START__NA/native/HX02_HEADING_TABLES/HX02_HEADING_TABLE_EXT03.csv"",""rows"":""2231"",""sha256"":""0ba3baa22b0fe676754598eccfe3de460ed6be369928410df6a32769111f922c"",""valid"":""493""}},""native_classification"":""COMPLETED"",""provenance"":{""LegSA_output_solver_input"":false,""code_commit"":""88594ef27e20a8e660e2246218a6870a290f35ae"",""config_hash"":""85b13d489d2941382ea3f416dade24253fe07ee66c2c7e83d18554487bba5b98"",""config_hash_source"":""configs/paper_rebuild/hext/HX02_CONTRACT_V1.yaml"",""data_mode"":""real_by2o_raw"",""epoch_deleted_for_metric"":false,""final_v23_output_solver_input"":false,""old_runtime_input_count"":""0"",""output_only_correction"":false,""per_case_tuning"":false,""raw_hash_lock"":{""path"":""<CLEAN_ROOT>/01_RAW_HASH_LOCK/RAW_FILE_HASH_LOCK_CLEAN5.csv"",""sha256"":""faa31580c7fff73b52fcf6d27c97cfdd9187e67a55968a2ab42e6737b0eabb67""},""receiver_imu_as_body_imu"":false,""semisynthetic_data_used"":false,""synthetic_data_used"":false,""trace_used_online"":false},""run_id"":""BY2O__EXT03__LIT__FILE_START__NA"",""runner_exit_code"":""0"",""runner_terminal_status"":""PASS_PHASE3_EXT03_YANG2024_C00_READY_FOR_NATIVE_COMPARISON"",""status"":""COMPLETED"",""utc"":""2026-09-24T13:23:52.408066+00:00""}}","[""<CLEAN_ROOT>/stages/CLEAN9_EXTERNAL_COMPARISON/HX02_FIVE_CATEGORY/RUNS/BY2O__EXT03__LIT__FILE_START__NA/native/HX02_HEADING_TABLES/HX02_HEADING_TABLE_EXT03.csv""]","[""<CLEAN_ROOT>/stages/CLEAN9_EXTERNAL_COMPARISON/HX02_FIVE_CATEGORY/RUNS/BY2O__EXT03__LIT__FILE_START__NA/eval/HEADING/EVALUATOR_STRACE_AUDIT.json"", ""<CLEAN_ROOT>/stages/CLEAN9_EXTERNAL_COMPARISON/HX02_FIVE_CATEGORY/RUNS/BY2O__EXT03__LIT__FILE_START__NA/eval/HEADING/OUTPUT/HEADING_METRICS.json""]",[],FULL_RECORD_READ,ARCHIVED_DIRECTORY_PRESENT,,,"Directory token 4 is original start_mode, not case_id; NATURAL_C00 labels this natural full-window run. native_classification=COMPLETED; runner_terminal_status=PASS_PHASE3_EXT03_YANG2024_C00_READY_FOR_NATIVE_COMPARISON. Original metadata values preserved in source_values_json."
HX02-d51456e5114dee6cbdf1,HX02,EVALUATION_RECORD,EXT04,unknown,unknown,BY2O,NATURAL_C00,LIT,FILE_START,unknown,unknown,unknown,<CLEAN_ROOT>/stages/CLEAN9_EXTERNAL_COMPARISON/HX02_FIVE_CATEGORY/RUNS/BY2O__EXT04__LIT__FILE_START__NA/eval/HEADING/EVALUATOR_STRACE_AUDIT.json,#,"{""argv"":[""/usr/bin/python3"",""-m"",""legsa_gins.paper_rebuild.hext.hx02_heading_evaluation"",""--spec"",""<HX02_SCRATCH>/RUNS/BY2O__EXT04__LIT__FILE_START__NA/eval/HEADING/SPEC.json""],""environment"":{""GIT_OPTIONAL_LOCKS"":""0"",""MKL_NUM_THREADS"":""1"",""MPLBACKEND"":""Agg"",""MPLCONFIGDIR"":""<HX02_SCRATCH>/RUNS/BY2O__EXT04__LIT__FILE_START__NA/eval/HEADING/OUTPUT/.matplotlib"",""NUMEXPR_NUM_THREADS"":""1"",""OMP_NUM_THREADS"":""1"",""OPENBLAS_NUM_THREADS"":""1"",""PYTHONDONTWRITEBYTECODE"":""1"",""PYTHONPATH"":""<AUDIT_SOURCE_WORKTREE>/src"",""XDG_CACHE_HOME"":""<HX02_SCRATCH>/RUNS/BY2O__EXT04__LIT__FILE_START__NA/eval/HEADING/OUTPUT/.cache""},""execve_programs"":[""/usr/bin/python3""],""exit_code"":""0"",""failures"":[],""kind"":""HEADING"",""module"":""legsa_gins.paper_rebuild.hext.hx02_heading_evaluation"",""passed"":true,""raw_open_count"":""1"",""runtime_seconds"":""0.40399986599913973"",""spec_sha256"":""7a6d4144b2886086d35ff6e9b065b018a850468550e6b9474c024177839cf72d"",""strace_sha256"":""81887521a60e3395ca8e1fe0013a5320cc3a7d3f55f0c7863894411dd2eadebf"",""trace_open_count"":""1"",""trace_open_records"":[{""anonymous_pipe"":false,""flags"":""O_RDONLY|O_CLOEXEC"",""lexical_path"":""<RAW_ROOT>/BY2_BY3/2026-03-06/fixption数据/2026.3.6/by1/vrtk2_a87c6e_2026-03-06-07-52-22_minimal/trace_vrtk2_a87c6e_2026-03-06-07-52-22_minimal.csv"",""path"":""<RAW_ROOT>/BY2_BY3/2026-03-06/fixption数据/2026.3.6/by1/vrtk2_a87c6e_2026-03-06-07-52-22_minimal/trace_vrtk2_a87c6e_2026-03-06-07-52-22_minimal.csv"",""pid"":""33754"",""return_code"":""3""}],""trace_read_role"":""registered_evaluator_child_only"",""write_scope"":{""allowed_anonymous_pipe_write_count"":""0"",""allowed_anonymous_pipe_write_records"":[],""allowed_device_write_count"":""0"",""allowed_device_write_records"":[],""clean_root_outside_run_write_count"":""0"",""outside_run_write_open_count"":""0"",""outside_run_write_open_records"":[],""pass"":true,""raw_write_open_count"":""0"",""write_open_count"":""3"",""write_open_records"":[{""anonymous_pipe"":false,""flags"":""O_WRONLY|O_CREAT|O_EXCL|O_CLOEXEC"",""lexical_path"":""<HX02_SCRATCH>/RUNS/BY2O__EXT04__LIT__FILE_START__NA/eval/HEADING/OUTPUT/HEADING_ERROR_SERIES_EXT04_FAR.csv"",""path"":""<HX02_SCRATCH>/RUNS/BY2O__EXT04__LIT__FILE_START__NA/eval/HEADING/OUTPUT/HEADING_ERROR_SERIES_EXT04_FAR.csv"",""pid"":""33754"",""return_code"":""3""},{""anonymous_pipe"":false,""flags"":""O_WRONLY|O_CREAT|O_EXCL|O_CLOEXEC"",""lexical_path"":""<HX02_SCRATCH>/RUNS/BY2O__EXT04__LIT__FILE_START__NA/eval/HEADING/OUTPUT/HEADING_ERROR_SERIES_EXT04_PAR.csv"",""path"":""<HX02_SCRATCH>/RUNS/BY2O__EXT04__LIT__FILE_START__NA/eval/HEADING/OUTPUT/HEADING_ERROR_SERIES_EXT04_PAR.csv"",""pid"":""33754"",""return_code"":""3""},{""anonymous_pipe"":false,""flags"":""O_WRONLY|O_CREAT|O_EXCL|O_CLOEXEC"",""lexical_path"":""<HX02_SCRATCH>/RUNS/BY2O__EXT04__LIT__FILE_START__NA/eval/HEADING/OUTPUT/HEADING_METRICS.json"",""path"":""<HX02_SCRATCH>/RUNS/BY2O__EXT04__LIT__FILE_START__NA/eval/HEADING/OUTPUT/HEADING_METRICS.json"",""pid"":""33754"",""return_code"":""3""}],""write_outside_run_count"":""0"",""write_scope_exceptions"":[""/dev/null"",""/dev/pts/*"",""kernel-identified anonymous pipe""]}}",[],[],[],FULL_RECORD_READ,PRESENT_READ,,,First-delivery subset. Source values preserved; path aliases only. No payload-body read.
HX02-2bf2ae0a2c934dbca093,HX02,EVALUATION_RECORD,EXT04,unknown,unknown,BY2O,NATURAL_C00,LIT,FILE_START,unknown,unknown,unknown,<CLEAN_ROOT>/stages/CLEAN9_EXTERNAL_COMPARISON/HX02_FIVE_CATEGORY/RUNS/BY2O__EXT04__LIT__FILE_START__NA/eval/HEADING/OUTPUT/HEADING_METRICS.json,#,"{""method_id"":""EXT04"",""schema"":""hx02.heading_evaluation.v1"",""sequence_id"":""BY2O"",""trace_open_count_in_child"":""1"",""trace_sha256_observed"":""4f7b3007c6a0b43ce1b0fb4908f23c042891154b4adbc7af4c3d8a47ca363cd9"",""variants"":{""EXT04_FAR"":{""availability"":""0.0"",""base_time"":""1772780400.0"",""denominator_native_paired_epochs_in_window"":""1885"",""error_convention"":""wrap180(method_body_yaw_ned - reference_body_yaw_ned)"",""heading_table_sha256"":""5dcc41ee311a60c60c73f9732a918d24028ace74d7bbc31618c356dd7cad7d2c"",""hold_last_valid"":{""circular_bias_deg"":null,""count"":""0"",""held_epochs_in_window"":""0"",""held_epochs_without_reference_support"":""0"",""hold_source"":""CAUSAL_LAST_METHOD_NATIVE_VALID_EPOCH_FROM_NATIVE_START"",""mae_deg"":null,""max_absolute_deg"":null,""no_heading_epochs_before_first_valid"":""1885"",""p95_absolute_deg"":null,""rmse_deg"":null},""method_id"":""EXT04_FAR"",""reference_semantics"":""wrap360(90-interp(unwrap(yaw_ENU))) inside trace support; no extrapolation"",""schema"":""hx02.heading_evaluation.v1"",""valid"":{""circular_bias_deg"":null,""count"":""0"",""mae_deg"":null,""max_absolute_deg"":null,""p95_absolute_deg"":null,""rmse_deg"":null,""wrapsafe"":{""circular_wrapsafe_bias_deg"":null,""continuity_definition"":""segments split when accepted original epoch indices are nonconsecutive"",""longest_segment_epochs"":""0"",""mae_deg"":null,""matched_count"":""0"",""max_absolute_deg"":null,""maximum_gap_seconds"":null,""median_absolute_deg"":null,""p90_absolute_deg"":null,""p95_absolute_deg"":null,""p99_absolute_deg"":null,""rmse_deg"":null,""segment_count"":""0"",""valid_count"":""0"",""valid_coverage"":""0.0"",""valid_denominator"":""1885"",""wrapsafe_bias_deg"":null}},""valid_epochs_in_window"":""0"",""valid_epochs_without_reference_support"":""0"",""valid_segments"":{""definition"":""segments split when accepted original epoch indices are nonconsecutive"",""longest_segment_epochs"":""0"",""maximum_gap_seconds"":null,""segment_count"":""0""},""window_seconds"":[""3186.0"",""3563.0""]},""EXT04_PAR"":{""availability"":""0.0"",""base_time"":""1772780400.0"",""denominator_native_paired_epochs_in_window"":""1885"",""error_convention"":""wrap180(method_body_yaw_ned - reference_body_yaw_ned)"",""heading_table_sha256"":""5dcc41ee311a60c60c73f9732a918d24028ace74d7bbc31618c356dd7cad7d2c"",""hold_last_valid"":{""circular_bias_deg"":null,""count"":""0"",""held_epochs_in_window"":""0"",""held_epochs_without_reference_support"":""0"",""hold_source"":""CAUSAL_LAST_METHOD_NATIVE_VALID_EPOCH_FROM_NATIVE_START"",""mae_deg"":null,""max_absolute_deg"":null,""no_heading_epochs_before_first_valid"":""1885"",""p95_absolute_deg"":null,""rmse_deg"":null},""method_id"":""EXT04_PAR"",""reference_semantics"":""wrap360(90-interp(unwrap(yaw_ENU))) inside trace support; no extrapolation"",""schema"":""hx02.heading_evaluation.v1"",""valid"":{""circular_bias_deg"":null,""count"":""0"",""mae_deg"":null,""max_absolute_deg"":null,""p95_absolute_deg"":null,""rmse_deg"":null,""wrapsafe"":{""circular_wrapsafe_bias_deg"":null,""continuity_definition"":""segments split when accepted original epoch indices are nonconsecutive"",""longest_segment_epochs"":""0"",""mae_deg"":null,""matched_count"":""0"",""max_absolute_deg"":null,""maximum_gap_seconds"":null,""median_absolute_deg"":null,""p90_absolute_deg"":null,""p95_absolute_deg"":null,""p99_absolute_deg"":null,""rmse_deg"":null,""segment_count"":""0"",""valid_count"":""0"",""valid_coverage"":""0.0"",""valid_denominator"":""1885"",""wrapsafe_bias_deg"":null}},""valid_epochs_in_window"":""0"",""valid_epochs_without_reference_support"":""0"",""valid_segments"":{""definition"":""segments split when accepted original epoch indices are nonconsecutive"",""longest_segment_epochs"":""0"",""maximum_gap_seconds"":null,""segment_count"":""0""},""window_seconds"":[""3186.0"",""3563.0""]}}}",[],[],[],FULL_RECORD_READ,PRESENT_READ,,,First-delivery subset. Source values preserved; path aliases only. No payload-body read.
HX02-a139e398357f49a42f14,HX02,RUN_IDENTITY,EXT04,unknown,88594ef27e20a8e660e2246218a6870a290f35ae,BY2O,NATURAL_C00,LIT,FILE_START,unknown,COMPLETED,EVALUATION_RECORDS_PRESENT,<CLEAN_ROOT>/stages/CLEAN9_EXTERNAL_COMPARISON/HX02_FIVE_CATEGORY/RUNS/BY2O__EXT04__LIT__FILE_START__NA,run_id=BY2O__EXT04__LIT__FILE_START__NA,"{""COMMAND.json"":{""argv"":[""/usr/bin/python3"",""<AUDIT_SOURCE_WORKTREE>/scripts/paper_rebuild/run_horizontal_literature_phase4.py"",""--paths-config"",""<AUDIT_SOURCE_WORKTREE>/configs/paper_rebuild/DATA_PATHS.CLEAN3R4.local.yaml"",""--sequence-spec"",""<HX02_SCRATCH>/RUNS/BY2O__EXT04__LIT__FILE_START__NA/native/SEQUENCE_SPEC.json"",""--mode"",""native-only"",""--trace-mode"",""disabled"",""--workers"",""16""],""case"":""FILE_START"",""code_commit"":""88594ef27e20a8e660e2246218a6870a290f35ae"",""config"":""LIT"",""cwd"":""<AUDIT_SOURCE_WORKTREE>"",""end_utc"":""2026-09-24T13:27:00.341316+00:00"",""env_whitelist"":{""MKL_NUM_THREADS"":""1"",""NUMEXPR_NUM_THREADS"":""1"",""OMP_NUM_THREADS"":""1"",""OPENBLAS_NUM_THREADS"":""1"",""PYTHONDONTWRITEBYTECODE"":""1"",""PYTHONPATH"":""<AUDIT_SOURCE_WORKTREE>/src""},""method"":""EXT04"",""native_classification"":""COMPLETED"",""provenance"":{""LegSA_output_solver_input"":false,""code_commit"":""88594ef27e20a8e660e2246218a6870a290f35ae"",""config_hash"":""85b13d489d2941382ea3f416dade24253fe07ee66c2c7e83d18554487bba5b98"",""config_hash_source"":""configs/paper_rebuild/hext/HX02_CONTRACT_V1.yaml"",""data_mode"":""real_by2o_raw"",""epoch_deleted_for_metric"":false,""final_v23_output_solver_input"":false,""old_runtime_input_count"":""0"",""output_only_correction"":false,""per_case_tuning"":false,""raw_hash_lock"":{""path"":""<CLEAN_ROOT>/01_RAW_HASH_LOCK/RAW_FILE_HASH_LOCK_CLEAN5.csv"",""sha256"":""faa31580c7fff73b52fcf6d27c97cfdd9187e67a55968a2ab42e6737b0eabb67""},""receiver_imu_as_body_imu"":false,""semisynthetic_data_used"":false,""synthetic_data_used"":false,""trace_used_online"":false},""quiet_machine"":{""cap_s"":""600.0"",""load1"":""1.45458984375"",""load5"":""8.55908203125"",""quiet"":true,""timed_out"":false,""waited_s"":""7.20349999028258e-05""},""returncode"":""0"",""run_id"":""BY2O__EXT04__LIT__FILE_START__NA"",""runner_terminal_status"":""PASS_PHASE4_EXT04_NATIVE_FROZEN_READY_FOR_POST_NATIVE"",""runtime_seconds"":""172.8409211679991"",""sequence"":""BY2O"",""start_utc"":""2026-09-24T13:23:52.868523+00:00"",""strace_command_prefix"":[""strace"",""--seccomp-bpf"",""-f"",""-qq"",""-yy"",""-s"",""4096"",""-e"",""trace=openat,execve"",""-o"",""<HX02_SCRATCH>/RUNS/BY2O__EXT04__LIT__FILE_START__NA/native/NATIVE_OPENAT.strace""],""tracked_tree_clean"":true},""DONE.json"":{""convention_diagnostic"":{""EXT04_FAR"":{""compared_epochs"":""0"",""hard_stop"":false,""median_deg"":null,""status"":""UNAVAILABLE_NO_METHOD_VALID_DUAL_FIXED_EPOCH""},""EXT04_PAR"":{""compared_epochs"":""0"",""hard_stop"":false,""median_deg"":null,""status"":""UNAVAILABLE_NO_METHOD_VALID_DUAL_FIXED_EPOCH""}},""evaluation"":""HEADING"",""heading_tables"":{""EXT04_FAR"":{""path"":""<HX02_SCRATCH>/RUNS/BY2O__EXT04__LIT__FILE_START__NA/native/HX02_HEADING_TABLES/HX02_HEADING_TABLE_EXT04_FAR.csv"",""rows"":""2231"",""sha256"":""5dcc41ee311a60c60c73f9732a918d24028ace74d7bbc31618c356dd7cad7d2c"",""valid"":""0""},""EXT04_PAR"":{""path"":""<HX02_SCRATCH>/RUNS/BY2O__EXT04__LIT__FILE_START__NA/native/HX02_HEADING_TABLES/HX02_HEADING_TABLE_EXT04_PAR.csv"",""rows"":""2231"",""sha256"":""5dcc41ee311a60c60c73f9732a918d24028ace74d7bbc31618c356dd7cad7d2c"",""valid"":""0""}},""native_classification"":""COMPLETED"",""provenance"":{""LegSA_output_solver_input"":false,""code_commit"":""88594ef27e20a8e660e2246218a6870a290f35ae"",""config_hash"":""85b13d489d2941382ea3f416dade24253fe07ee66c2c7e83d18554487bba5b98"",""config_hash_source"":""configs/paper_rebuild/hext/HX02_CONTRACT_V1.yaml"",""data_mode"":""real_by2o_raw"",""epoch_deleted_for_metric"":false,""final_v23_output_solver_input"":false,""old_runtime_input_count"":""0"",""output_only_correction"":false,""per_case_tuning"":false,""raw_hash_lock"":{""path"":""<CLEAN_ROOT>/01_RAW_HASH_LOCK/RAW_FILE_HASH_LOCK_CLEAN5.csv"",""sha256"":""faa31580c7fff73b52fcf6d27c97cfdd9187e67a55968a2ab42e6737b0eabb67""},""receiver_imu_as_body_imu"":false,""semisynthetic_data_used"":false,""synthetic_data_used"":false,""trace_used_online"":false},""run_id"":""BY2O__EXT04__LIT__FILE_START__NA"",""runner_exit_code"":""0"",""runner_terminal_status"":""PASS_PHASE4_EXT04_NATIVE_FROZEN_READY_FOR_POST_NATIVE"",""status"":""COMPLETED"",""utc"":""2026-09-24T13:27:02.600667+00:00""}}","[""<CLEAN_ROOT>/stages/CLEAN9_EXTERNAL_COMPARISON/HX02_FIVE_CATEGORY/RUNS/BY2O__EXT04__LIT__FILE_START__NA/native/HX02_HEADING_TABLES/HX02_HEADING_TABLE_EXT04_FAR.csv"", ""<CLEAN_ROOT>/stages/CLEAN9_EXTERNAL_COMPARISON/HX02_FIVE_CATEGORY/RUNS/BY2O__EXT04__LIT__FILE_START__NA/native/HX02_HEADING_TABLES/HX02_HEADING_TABLE_EXT04_PAR.csv""]","[""<CLEAN_ROOT>/stages/CLEAN9_EXTERNAL_COMPARISON/HX02_FIVE_CATEGORY/RUNS/BY2O__EXT04__LIT__FILE_START__NA/eval/HEADING/EVALUATOR_STRACE_AUDIT.json"", ""<CLEAN_ROOT>/stages/CLEAN9_EXTERNAL_COMPARISON/HX02_FIVE_CATEGORY/RUNS/BY2O__EXT04__LIT__FILE_START__NA/eval/HEADING/OUTPUT/HEADING_METRICS.json""]",[],FULL_RECORD_READ,ARCHIVED_DIRECTORY_PRESENT,,,"Directory token 4 is original start_mode, not case_id; NATURAL_C00 labels this natural full-window run. native_classification=COMPLETED; runner_terminal_status=PASS_PHASE4_EXT04_NATIVE_FROZEN_READY_FOR_POST_NATIVE. Original metadata values preserved in source_values_json."
HX02-eb25b0507cfec95a03dc,HX02,EVALUATION_RECORD,GINAV,unknown,unknown,BY2O,NATURAL_C00,NONE,FILE_START,unknown,unknown,unknown,<CLEAN_ROOT>/stages/CLEAN9_EXTERNAL_COMPARISON/HX02_FIVE_CATEGORY/RUNS/BY2O__GINAV__NONE__FILE_START__NA/eval/COVERAGE/EVALUATOR_STRACE_AUDIT.json,#,"{""argv"":[""/usr/bin/python3"",""-m"",""legsa_gins.paper_rebuild.hext.hx02_coverage_evaluation"",""--spec"",""<HX02_SCRATCH>/RUNS/BY2O__GINAV__NONE__FILE_START__NA/eval/COVERAGE/SPEC.json""],""environment"":{""GIT_OPTIONAL_LOCKS"":""0"",""MKL_NUM_THREADS"":""1"",""MPLBACKEND"":""Agg"",""MPLCONFIGDIR"":""<HX02_SCRATCH>/RUNS/BY2O__GINAV__NONE__FILE_START__NA/eval/COVERAGE/OUTPUT/.matplotlib"",""NUMEXPR_NUM_THREADS"":""1"",""OMP_NUM_THREADS"":""1"",""OPENBLAS_NUM_THREADS"":""1"",""PYTHONDONTWRITEBYTECODE"":""1"",""PYTHONPATH"":""<AUDIT_SOURCE_WORKTREE>/src"",""XDG_CACHE_HOME"":""<HX02_SCRATCH>/RUNS/BY2O__GINAV__NONE__FILE_START__NA/eval/COVERAGE/OUTPUT/.cache""},""execve_programs"":[""/usr/bin/python3""],""exit_code"":""0"",""failures"":[],""kind"":""COVERAGE"",""module"":""legsa_gins.paper_rebuild.hext.hx02_coverage_evaluation"",""passed"":true,""raw_open_count"":""0"",""runtime_seconds"":""0.2751906659996166"",""spec_sha256"":""f40e6e3577d5e7f968271238a8569eb3f19e5a4be65592564eb7f355cf95c14a"",""strace_sha256"":""9d2cddcdc7198c5cb15bc39d61e94d541bbd60b8186a4ad0c73b1897740b4d64"",""trace_open_count"":""0"",""trace_open_records"":[],""trace_read_role"":""reference_free_child"",""write_scope"":{""allowed_anonymous_pipe_write_count"":""0"",""allowed_anonymous_pipe_write_records"":[],""allowed_device_write_count"":""0"",""allowed_device_write_records"":[],""clean_root_outside_run_write_count"":""0"",""outside_run_write_open_count"":""0"",""outside_run_write_open_records"":[],""pass"":true,""raw_write_open_count"":""0"",""write_open_count"":""1"",""write_open_records"":[{""anonymous_pipe"":false,""flags"":""O_WRONLY|O_CREAT|O_EXCL|O_CLOEXEC"",""lexical_path"":""<HX02_SCRATCH>/RUNS/BY2O__GINAV__NONE__FILE_START__NA/eval/COVERAGE/OUTPUT/COVERAGE_METRICS.json"",""path"":""<HX02_SCRATCH>/RUNS/BY2O__GINAV__NONE__FILE_START__NA/eval/COVERAGE/OUTPUT/COVERAGE_METRICS.json"",""pid"":""35124"",""return_code"":""3""}],""write_outside_run_count"":""0"",""write_scope_exceptions"":[""/dev/null"",""/dev/pts/*"",""kernel-identified anonymous pipe""]}}",[],[],[],FULL_RECORD_READ,PRESENT_READ,,,First-delivery subset. Source values preserved; path aliases only. No payload-body read.
HX02-f7b214b6c0525222c60b,HX02,EVALUATION_RECORD,GINAV,unknown,unknown,BY2O,NATURAL_C00,NONE,FILE_START,unknown,unknown,unknown,<CLEAN_ROOT>/stages/CLEAN9_EXTERNAL_COMPARISON/HX02_FIVE_CATEGORY/RUNS/BY2O__GINAV__NONE__FILE_START__NA/eval/COVERAGE/OUTPUT/COVERAGE_METRICS.json,#,"{""definitions"":""the CLEAN4 coverage-aware GINav record with\nthe v3 window convention (closed window, per-sequence base_time):\n  * expected epochs = integer seconds k with w0 <= k <= w1;\n  * row coverage = valid NAV rows inside the window / expected epochs;\n  * temporal coverage = (last - first valid output time) / (w1 - w0);\n  * maximum gap = largest spacing between adjacent valid rows;\n  * a new segment starts when the adjacent spacing exceeds 1.5 s.\nMissing leading output stays in the denominators; nothing is filled."",""expected_integer_epochs"":""378"",""first_valid_rel_s"":""3549.002"",""last_valid_rel_s"":""3561.999"",""leading_missing_s"":""363.00199999999995"",""max_gap_s"":""9.0"",""nav_rows"":""9"",""nav_sha256"":""4da4460f235cb4306780d22214e6925e5b3773e16ec594b24228254fae1ce046"",""output_span_s"":""12.996999999999844"",""reference_opened"":false,""row_coverage_fraction"":""0.013227513227513227"",""schema"":""hx02.coverage_evaluation.v1"",""segment_count"":""3"",""segment_split_s"":""1.5"",""sequence_id"":""BY2O"",""temporal_coverage_fraction"":""0.034474801061007546"",""valid_rows_in_window"":""5"",""window_duration_s"":""377.0"",""window_seconds"":[""3186.0"",""3563.0""]}",[],[],[],FULL_RECORD_READ,PRESENT_READ,,,First-delivery subset. Source values preserved; path aliases only. No payload-body read.
HX02-eb9eb7e6c313478dda67,HX02,EVALUATION_RECORD,GINAV,unknown,unknown,BY2O,NATURAL_C00,NONE,FILE_START,unknown,unknown,unknown,<CLEAN_ROOT>/stages/CLEAN9_EXTERNAL_COMPARISON/HX02_FIVE_CATEGORY/RUNS/BY2O__GINAV__NONE__FILE_START__NA/eval/D8_BOUNDED_GATE.json,#,"{""all_numeric_rows_finite"":true,""bounds"":{""height_displacement_m"":""1000.0"",""position_displacement_m"":""10000.0"",""speed_mps"":""50.0""},""failure_classification"":""ALGORITHM_FAILURE_DIVERGED"",""first_violation"":{""data_row_one_based"":""5"",""file_line_one_based"":""5"",""height_displacement_m"":""199.743514"",""position_displacement_m"":""202.86856871534454"",""reasons"":[""speed_mps""],""speed_mps"":""68.77248078219081"",""time_seconds"":""3561.999""},""height_definition"":""absolute geodetic height minus first native geodetic height"",""maxima"":{""height_displacement_m"":""199.743514"",""position_displacement_m"":""202.86856871534454"",""speed_mps"":""68.77248078219081""},""metric_epoch_deletion"":false,""passed"":false,""position_definition"":""WGS84 LLA -> ECEF -> NED fixed at first native output epoch; Euclidean displacement"",""row_count"":""5"",""sealed_evaluator_nav_sha256"":""07cb068baa406c645a4678268801505c88d24b98aa017bbf5e28c35ec1555779"",""source_nav_sha256"":""07cb068baa406c645a4678268801505c88d24b98aa017bbf5e28c35ec1555779""}",[],[],[],FULL_RECORD_READ,PRESENT_READ,,,First-delivery subset. Source values preserved; path aliases only. No payload-body read.
HX02-e89a61211474ca33a3df,HX02,EVALUATION_RECORD,GINAV,unknown,unknown,BY2O,NATURAL_C00,NONE,FILE_START,unknown,unknown,unknown,<CLEAN_ROOT>/stages/CLEAN9_EXTERNAL_COMPARISON/HX02_FIVE_CATEGORY/RUNS/BY2O__GINAV__NONE__FILE_START__NA/eval/GINAV_EVALUATION.json,#,"{""bounded_gate"":{""all_numeric_rows_finite"":true,""bounds"":{""height_displacement_m"":""1000.0"",""position_displacement_m"":""10000.0"",""speed_mps"":""50.0""},""failure_classification"":""ALGORITHM_FAILURE_DIVERGED"",""first_violation"":{""data_row_one_based"":""5"",""file_line_one_based"":""5"",""height_displacement_m"":""199.743514"",""position_displacement_m"":""202.86856871534454"",""reasons"":[""speed_mps""],""speed_mps"":""68.77248078219081"",""time_seconds"":""3561.999""},""height_definition"":""absolute geodetic height minus first native geodetic height"",""maxima"":{""height_displacement_m"":""199.743514"",""position_displacement_m"":""202.86856871534454"",""speed_mps"":""68.77248078219081""},""metric_epoch_deletion"":false,""passed"":false,""position_definition"":""WGS84 LLA -> ECEF -> NED fixed at first native output epoch; Euclidean displacement"",""row_count"":""5"",""sealed_evaluator_nav_sha256"":""07cb068baa406c645a4678268801505c88d24b98aa017bbf5e28c35ec1555779"",""source_nav_sha256"":""07cb068baa406c645a4678268801505c88d24b98aa017bbf5e28c35ec1555779""},""conversion"":{""finite_rows"":""9"",""first_rel_s"":""3549.002"",""last_rel_s"":""3570.999"",""native_rows"":""9"",""nonfinite_rows"":""0"",""window_rows"":""5""},""coverage"":{""definitions"":""the CLEAN4 coverage-aware GINav record with\nthe v3 window convention (closed window, per-sequence base_time):\n  * expected epochs = integer seconds k with w0 <= k <= w1;\n  * row coverage = valid NAV rows inside the window / expected epochs;\n  * temporal coverage = (last - first valid output time) / (w1 - w0);\n  * maximum gap = largest spacing between adjacent valid rows;\n  * a new segment starts when the adjacent spacing exceeds 1.5 s.\nMissing leading output stays in the denominators; nothing is filled."",""expected_integer_epochs"":""378"",""first_valid_rel_s"":""3549.002"",""last_valid_rel_s"":""3561.999"",""leading_missing_s"":""363.00199999999995"",""max_gap_s"":""9.0"",""nav_rows"":""9"",""nav_sha256"":""4da4460f235cb4306780d22214e6925e5b3773e16ec594b24228254fae1ce046"",""output_span_s"":""12.996999999999844"",""reference_opened"":false,""row_coverage_fraction"":""0.013227513227513227"",""schema"":""hx02.coverage_evaluation.v1"",""segment_count"":""3"",""segment_split_s"":""1.5"",""sequence_id"":""BY2O"",""temporal_coverage_fraction"":""0.034474801061007546"",""valid_rows_in_window"":""5"",""window_duration_s"":""377.0"",""window_seconds"":[""3186.0"",""3563.0""]},""evaluation_status"":""NOT_RUN_ALGORITHM_FAILURE""}",[],[],[],FULL_RECORD_READ,PRESENT_READ,,,First-delivery subset. Source values preserved; path aliases only. No payload-body read.
HX02-406bc965fbc73571e6fa,HX02,RUN_IDENTITY,GINAV,unknown,88594ef27e20a8e660e2246218a6870a290f35ae,BY2O,NATURAL_C00,NONE,FILE_START,unknown,COMPLETED,EVALUATION_RECORDS_PRESENT,<CLEAN_ROOT>/stages/CLEAN9_EXTERNAL_COMPARISON/HX02_FIVE_CATEGORY/RUNS/BY2O__GINAV__NONE__FILE_START__NA,run_id=BY2O__GINAV__NONE__FILE_START__NA,"{""COMMAND.json"":{""argv"":[""/usr/bin/python3"",""-m"",""legsa_gins.paper_rebuild.hext.hx02_native_cli"",""ginav"",""--sequence"",""BY2O"",""--run-dir"",""<HX02_SCRATCH>/RUNS/BY2O__GINAV__NONE__FILE_START__NA"",""--prepared"",""<CLEAN_ROOT>/stages/CLEAN9_EXTERNAL_COMPARISON/HX02_FIVE_CATEGORY/01_INPUT_PINS/GINAV/BY2O/GINAV_INPUT_PREPARATION.json"",""--pinned-listing"",""<CLEAN_ROOT>/stages/CLEAN9_EXTERNAL_COMPARISON/HX02_FIVE_CATEGORY/00_CONTROL/METHOD_BODY_SHA256_BEFORE.json"",""--external-root"",""<HX02_EXTERNAL_ROOT>""],""case"":""FILE_START"",""code_commit"":""88594ef27e20a8e660e2246218a6870a290f35ae"",""config"":""NONE"",""cwd"":""<AUDIT_SOURCE_WORKTREE>"",""end_utc"":""2026-09-24T13:30:02.563049+00:00"",""env_whitelist"":{""MKL_NUM_THREADS"":""1"",""NUMEXPR_NUM_THREADS"":""1"",""OMP_NUM_THREADS"":""1"",""OPENBLAS_NUM_THREADS"":""1"",""PYTHONDONTWRITEBYTECODE"":""1"",""PYTHONPATH"":""<AUDIT_SOURCE_WORKTREE>/src""},""method"":""GINAV"",""native_classification"":""COMPLETED"",""provenance"":{""LegSA_output_solver_input"":false,""code_commit"":""88594ef27e20a8e660e2246218a6870a290f35ae"",""config_hash"":""85b13d489d2941382ea3f416dade24253fe07ee66c2c7e83d18554487bba5b98"",""config_hash_source"":""configs/paper_rebuild/hext/HX02_CONTRACT_V1.yaml"",""data_mode"":""real_by2o_raw"",""epoch_deleted_for_metric"":false,""final_v23_output_solver_input"":false,""old_runtime_input_count"":""0"",""output_only_correction"":false,""per_case_tuning"":false,""raw_hash_lock"":{""path"":""<CLEAN_ROOT>/01_RAW_HASH_LOCK/RAW_FILE_HASH_LOCK_CLEAN5.csv"",""sha256"":""faa31580c7fff73b52fcf6d27c97cfdd9187e67a55968a2ab42e6737b0eabb67""},""receiver_imu_as_body_imu"":false,""semisynthetic_data_used"":false,""synthetic_data_used"":false,""trace_used_online"":false},""quiet_machine"":{""cap_s"":""600.0"",""load1"":""5.9609375"",""load5"":""9.0947265625"",""quiet"":true,""timed_out"":false,""waited_s"":""8.173299829650205e-05""},""returncode"":""0"",""run_id"":""BY2O__GINAV__NONE__FILE_START__NA"",""runner_terminal_status"":null,""runtime_seconds"":""125.67632580300051"",""sequence"":""BY2O"",""start_utc"":""2026-09-24T13:27:50.657147+00:00"",""strace_command_prefix"":[""strace"",""--seccomp-bpf"",""-f"",""-qq"",""-yy"",""-s"",""4096"",""-e"",""trace=openat,execve"",""-o"",""<HX02_SCRATCH>/RUNS/BY2O__GINAV__NONE__FILE_START__NA/native/NATIVE_OPENAT.strace""],""tracked_tree_clean"":true},""DONE.json"":{""evaluation"":""NOT_RUN_ALGORITHM_FAILURE"",""native_classification"":""COMPLETED"",""provenance"":{""LegSA_output_solver_input"":false,""code_commit"":""88594ef27e20a8e660e2246218a6870a290f35ae"",""config_hash"":""85b13d489d2941382ea3f416dade24253fe07ee66c2c7e83d18554487bba5b98"",""config_hash_source"":""configs/paper_rebuild/hext/HX02_CONTRACT_V1.yaml"",""data_mode"":""real_by2o_raw"",""epoch_deleted_for_metric"":false,""final_v23_output_solver_input"":false,""old_runtime_input_count"":""0"",""output_only_correction"":false,""per_case_tuning"":false,""raw_hash_lock"":{""path"":""<CLEAN_ROOT>/01_RAW_HASH_LOCK/RAW_FILE_HASH_LOCK_CLEAN5.csv"",""sha256"":""faa31580c7fff73b52fcf6d27c97cfdd9187e67a55968a2ab42e6737b0eabb67""},""receiver_imu_as_body_imu"":false,""semisynthetic_data_used"":false,""synthetic_data_used"":false,""trace_used_online"":false},""run_id"":""BY2O__GINAV__NONE__FILE_START__NA"",""runner_exit_code"":""0"",""runner_terminal_status"":null,""status"":""COMPLETED"",""utc"":""2026-09-24T13:30:03.335685+00:00""}}",[],"[""<CLEAN_ROOT>/stages/CLEAN9_EXTERNAL_COMPARISON/HX02_FIVE_CATEGORY/RUNS/BY2O__GINAV__NONE__FILE_START__NA/eval/COVERAGE/EVALUATOR_STRACE_AUDIT.json"", ""<CLEAN_ROOT>/stages/CLEAN9_EXTERNAL_COMPARISON/HX02_FIVE_CATEGORY/RUNS/BY2O__GINAV__NONE__FILE_START__NA/eval/COVERAGE/OUTPUT/COVERAGE_METRICS.json"", ""<CLEAN_ROOT>/stages/CLEAN9_EXTERNAL_COMPARISON/HX02_FIVE_CATEGORY/RUNS/BY2O__GINAV__NONE__FILE_START__NA/eval/D8_BOUNDED_GATE.json"", ""<CLEAN_ROOT>/stages/CLEAN9_EXTERNAL_COMPARISON/HX02_FIVE_CATEGORY/RUNS/BY2O__GINAV__NONE__FILE_START__NA/eval/GINAV_EVALUATION.json""]",[],FULL_RECORD_READ,ARCHIVED_DIRECTORY_PRESENT,,,"Directory token 4 is original start_mode, not case_id; NATURAL_C00 labels this natural full-window run. native_classification=COMPLETED; runner_terminal_status=None. Original metadata values preserved in source_values_json."
HX02-c38a324eb71640cb17aa,HX02,EVALUATION_RECORD,HARTLEY_LIT,unknown,unknown,BY2O,NATURAL_C00,LIT,FILE_START,unknown,unknown,unknown,<CLEAN_ROOT>/stages/CLEAN9_EXTERNAL_COMPARISON/HX02_FIVE_CATEGORY/RUNS/BY2O__HARTLEY_LIT__LIT__FILE_START__NA/eval/DIVERGENCE_GATE.json,#,"{""bounds"":{""height_displacement_m"":""1000.0"",""position_displacement_m"":""10000.0"",""speed_mps"":""50.0""},""classification"":""NONE"",""first_violation_row"":null,""first_violation_time_unix_s"":null,""maxima"":{""height_displacement_m"":""4.269441235323592"",""position_displacement_m"":""135.4637455579507"",""speed_mps"":""1.4227448825878493""},""passed"":true,""row_count"":""95859""}",[],[],[],FULL_RECORD_READ,PRESENT_READ,,,First-delivery subset. Source values preserved; path aliases only. No payload-body read.
HX02-faab909894cd1aed77b4,HX02,EVALUATION_RECORD,HARTLEY_LIT,unknown,unknown,BY2O,NATURAL_C00,LIT,FILE_START,unknown,unknown,unknown,<CLEAN_ROOT>/stages/CLEAN9_EXTERNAL_COMPARISON/HX02_FIVE_CATEGORY/RUNS/BY2O__HARTLEY_LIT__LIT__FILE_START__NA/eval/RELATIVE_POSE/EVALUATOR_STRACE_AUDIT.json,#,"{""argv"":[""/usr/bin/python3"",""-m"",""legsa_gins.paper_rebuild.hext.hx02_relative_pose_evaluation"",""--spec"",""<HX02_SCRATCH>/RUNS/BY2O__HARTLEY_LIT__LIT__FILE_START__NA/eval/RELATIVE_POSE/SPEC.json""],""environment"":{""GIT_OPTIONAL_LOCKS"":""0"",""MKL_NUM_THREADS"":""1"",""MPLBACKEND"":""Agg"",""MPLCONFIGDIR"":""<HX02_SCRATCH>/RUNS/BY2O__HARTLEY_LIT__LIT__FILE_START__NA/eval/RELATIVE_POSE/OUTPUT/.matplotlib"",""NUMEXPR_NUM_THREADS"":""1"",""OMP_NUM_THREADS"":""1"",""OPENBLAS_NUM_THREADS"":""1"",""PYTHONDONTWRITEBYTECODE"":""1"",""PYTHONPATH"":""<AUDIT_SOURCE_WORKTREE>/src"",""XDG_CACHE_HOME"":""<HX02_SCRATCH>/RUNS/BY2O__HARTLEY_LIT__LIT__FILE_START__NA/eval/RELATIVE_POSE/OUTPUT/.cache""},""execve_programs"":[""/usr/bin/python3""],""exit_code"":""0"",""failures"":[],""kind"":""RELATIVE_POSE"",""module"":""legsa_gins.paper_rebuild.hext.hx02_relative_pose_evaluation"",""passed"":true,""raw_open_count"":""1"",""runtime_seconds"":""2.747428200998911"",""spec_sha256"":""4b5045212b0412be7a5a738826224a0c85ee0bec5a854a00e9afbfa22914a9e6"",""strace_sha256"":""c6b55aaadfbe235410909f49001995d1ed60cec52359e4ee8d20f6c456217445"",""trace_open_count"":""1"",""trace_open_records"":[{""anonymous_pipe"":false,""flags"":""O_RDONLY|O_CLOEXEC"",""lexical_path"":""<RAW_ROOT>/BY2_BY3/2026-03-06/fixption数据/2026.3.6/by1/vrtk2_a87c6e_2026-03-06-07-52-22_minimal/trace_vrtk2_a87c6e_2026-03-06-07-52-22_minimal.csv"",""path"":""<RAW_ROOT>/BY2_BY3/2026-03-06/fixption数据/2026.3.6/by1/vrtk2_a87c6e_2026-03-06-07-52-22_minimal/trace_vrtk2_a87c6e_2026-03-06-07-52-22_minimal.csv"",""pid"":""35132"",""return_code"":""3""}],""trace_read_role"":""registered_evaluator_child_only"",""write_scope"":{""allowed_anonymous_pipe_write_count"":""0"",""allowed_anonymous_pipe_write_records"":[],""allowed_device_write_count"":""0"",""allowed_device_write_records"":[],""clean_root_outside_run_write_count"":""0"",""outside_run_write_open_count"":""0"",""outside_run_write_open_records"":[],""pass"":true,""raw_write_open_count"":""0"",""write_open_count"":""2"",""write_open_records"":[{""anonymous_pipe"":false,""flags"":""O_WRONLY|O_CREAT|O_EXCL|O_CLOEXEC"",""lexical_path"":""<HX02_SCRATCH>/RUNS/BY2O__HARTLEY_LIT__LIT__FILE_START__NA/eval/RELATIVE_POSE/OUTPUT/RELATIVE_POSE_ERROR_SERIES_HARTLEY_LIT.csv"",""path"":""<HX02_SCRATCH>/RUNS/BY2O__HARTLEY_LIT__LIT__FILE_START__NA/eval/RELATIVE_POSE/OUTPUT/RELATIVE_POSE_ERROR_SERIES_HARTLEY_LIT.csv"",""pid"":""35132"",""return_code"":""3""},{""anonymous_pipe"":false,""flags"":""O_WRONLY|O_CREAT|O_EXCL|O_CLOEXEC"",""lexical_path"":""<HX02_SCRATCH>/RUNS/BY2O__HARTLEY_LIT__LIT__FILE_START__NA/eval/RELATIVE_POSE/OUTPUT/RELATIVE_POSE_METRICS.json"",""path"":""<HX02_SCRATCH>/RUNS/BY2O__HARTLEY_LIT__LIT__FILE_START__NA/eval/RELATIVE_POSE/OUTPUT/RELATIVE_POSE_METRICS.json"",""pid"":""35132"",""return_code"":""3""}],""write_outside_run_count"":""0"",""write_scope_exceptions"":[""/dev/null"",""/dev/pts/*"",""kernel-identified anonymous pipe""]}}",[],[],[],FULL_RECORD_READ,PRESENT_READ,,,First-delivery subset. Source values preserved; path aliases only. No payload-body read.
HX02-da52b3246d906f3af9a7,HX02,EVALUATION_RECORD,HARTLEY_LIT,unknown,unknown,BY2O,NATURAL_C00,LIT,FILE_START,unknown,unknown,unknown,<CLEAN_ROOT>/stages/CLEAN9_EXTERNAL_COMPARISON/HX02_FIVE_CATEGORY/RUNS/BY2O__HARTLEY_LIT__LIT__FILE_START__NA/eval/RELATIVE_POSE/OUTPUT/RELATIVE_POSE_METRICS.json,#,"{""alignment_rule"":""per branch: one least-squares yaw-about-gravity + 3-D translation on the first 10 s of the window from the branch's own output (HX-02 amendment 1); never shared, never re-fitted"",""base_time"":""1772780400.0"",""branches"":{""HARTLEY_LIT"":{""alignment"":{""epochs"":""101"",""not_estimated"":[""roll"",""pitch"",""scale"",""time_offset""],""per_epoch_yaw_offset_circular_std_deg"":""1.723620802299267"",""rule"":""per branch: one least-squares yaw-about-gravity + 3-D translation on the first 10 s of the window from the branch's own output (HX-02 amendment 1); never shared, never re-fitted"",""translation_enu_m"":[""0.014368596519523172"",""0.46544593717947247"",""-0.15202842234584896""],""window_seconds"":[""3186.0"",""3196.0""],""yaw_offset_deg"":""95.15069514269234""},""drift_definitions"":{""heading"":""OLS slope (with intercept) of time-unwrapped wrap-safe NED yaw error versus time in minutes"",""position"":""OLS slope (with intercept) of horizontal error norm versus cumulative reference horizontal path, x100""},""evaluation_status"":""EVALUATED"",""heading_drift_deg_per_min"":""13.39192769570303"",""horizontal_max_m"":""135.0823519981271"",""horizontal_rmse_m"":""77.55220891065909"",""nav_first_rel_s"":""3101.5570685863495"",""nav_last_rel_s"":""3572.8351035118103"",""nav_rows"":""95859"",""position_drift_m_per_100m"":""27.698785533651794"",""reference_path_length_m"":""337.4220465887643"",""relative_pose_error_yaw_translation"":{""10s"":{""grid_step_ms"":""100"",""pair_count"":""3671"",""translation_rmse_m"":""13.429520400949874"",""yaw_rmse_deg"":""14.390422880556647""},""1s"":{""grid_step_ms"":""100"",""pair_count"":""3761"",""translation_rmse_m"":""2.526757498529059"",""yaw_rmse_deg"":""2.90156031389032""},""5s"":{""grid_step_ms"":""100"",""pair_count"":""3721"",""translation_rmse_m"":""8.126002373010975"",""yaw_rmse_deg"":""9.098394983132321""}},""scored_epochs"":""3771"",""unsupported_grid_epochs"":""0"",""up_rmse_m"":""1.9465523179492905"",""yaw_rmse_deg"":""91.0449580846975""}},""grid_epochs"":""3771"",""grid_step_s"":""0.1"",""lever_flu_m"":[""0.03"",""0.14506731932421837"",""0.3""],""nav_sha256"":{""HARTLEY_LIT"":""7be69e3ca4c510251c07d46e2dfcdc1c7908cb5a224c5f90d98f72908c6f3373""},""reference_origin"":""first supported grid epoch (local ENU)"",""reference_supported_grid_epochs"":""3771"",""schema"":""hx02.relative_pose_evaluation.v1"",""sequence_id"":""BY2O"",""trace_open_count_in_child"":""1"",""trace_sha256_observed"":""4f7b3007c6a0b43ce1b0fb4908f23c042891154b4adbc7af4c3d8a47ca363cd9"",""window_seconds"":[""3186.0"",""3563.0""]}",[],[],[],FULL_RECORD_READ,PRESENT_READ,,,First-delivery subset. Source values preserved; path aliases only. No payload-body read.
HX02-113e37f7c879a4a8d814,HX02,RUN_IDENTITY,HARTLEY_LIT,unknown,88594ef27e20a8e660e2246218a6870a290f35ae,BY2O,NATURAL_C00,LIT,FILE_START,unknown,COMPLETED,EVALUATION_RECORDS_PRESENT,<CLEAN_ROOT>/stages/CLEAN9_EXTERNAL_COMPARISON/HX02_FIVE_CATEGORY/RUNS/BY2O__HARTLEY_LIT__LIT__FILE_START__NA,run_id=BY2O__HARTLEY_LIT__LIT__FILE_START__NA,"{""COMMAND.json"":{""argv"":[""<HX02_SCRATCH>/BUILD/hartley_h5_runner/hartley_h5_runner"",""<HX02_SCRATCH>/RUNS/BY2O__HARTLEY_LIT__LIT__FILE_START__NA/native/provider/H5_INPUT_CACHE.bin"",""<HX02_SCRATCH>/RUNS/BY2O__HARTLEY_LIT__LIT__FILE_START__NA/native/run/NATIVE_CONFIG.cfg"",""<HX02_SCRATCH>/RUNS/BY2O__HARTLEY_LIT__LIT__FILE_START__NA/native/run""],""case"":""FILE_START"",""code_commit"":""88594ef27e20a8e660e2246218a6870a290f35ae"",""config"":""LIT"",""cwd"":""<AUDIT_SOURCE_WORKTREE>"",""end_utc"":""2026-09-24T13:27:50.010382+00:00"",""env_whitelist"":{""MKL_NUM_THREADS"":""1"",""NUMEXPR_NUM_THREADS"":""1"",""OMP_NUM_THREADS"":""1"",""OPENBLAS_NUM_THREADS"":""1"",""PYTHONDONTWRITEBYTECODE"":""1"",""PYTHONPATH"":""<AUDIT_SOURCE_WORKTREE>/src""},""method"":""HARTLEY_LIT"",""native_classification"":""COMPLETED"",""provenance"":{""LegSA_output_solver_input"":false,""code_commit"":""88594ef27e20a8e660e2246218a6870a290f35ae"",""config_hash"":""85b13d489d2941382ea3f416dade24253fe07ee66c2c7e83d18554487bba5b98"",""config_hash_source"":""configs/paper_rebuild/hext/HX02_CONTRACT_V1.yaml"",""data_mode"":""real_by2o_raw"",""epoch_deleted_for_metric"":false,""final_v23_output_solver_input"":false,""old_runtime_input_count"":""0"",""output_only_correction"":false,""per_case_tuning"":false,""raw_hash_lock"":{""path"":""<CLEAN_ROOT>/01_RAW_HASH_LOCK/RAW_FILE_HASH_LOCK_CLEAN5.csv"",""sha256"":""faa31580c7fff73b52fcf6d27c97cfdd9187e67a55968a2ab42e6737b0eabb67""},""receiver_imu_as_body_imu"":false,""semisynthetic_data_used"":false,""synthetic_data_used"":false,""trace_used_online"":false},""quiet_machine"":{""cap_s"":""600.0"",""load1"":""6.39306640625"",""load5"":""9.2314453125"",""quiet"":true,""timed_out"":false,""waited_s"":""4.742700002680067e-05""},""returncode"":""0"",""run_id"":""BY2O__HARTLEY_LIT__LIT__FILE_START__NA"",""runner_terminal_status"":null,""runtime_seconds"":""3.8395136180006375"",""sequence"":""BY2O"",""start_utc"":""2026-09-24T13:27:46.170888+00:00"",""strace_command_prefix"":[""strace"",""--seccomp-bpf"",""-f"",""-qq"",""-yy"",""-s"",""4096"",""-e"",""trace=openat,execve"",""-o"",""<HX02_SCRATCH>/RUNS/BY2O__HARTLEY_LIT__LIT__FILE_START__NA/native/NATIVE_OPENAT.strace""],""tracked_tree_clean"":true},""DONE.json"":{""evaluation"":""EVALUATED"",""native_classification"":""COMPLETED"",""provenance"":{""LegSA_output_solver_input"":false,""code_commit"":""88594ef27e20a8e660e2246218a6870a290f35ae"",""config_hash"":""85b13d489d2941382ea3f416dade24253fe07ee66c2c7e83d18554487bba5b98"",""config_hash_source"":""configs/paper_rebuild/hext/HX02_CONTRACT_V1.yaml"",""data_mode"":""real_by2o_raw"",""epoch_deleted_for_metric"":false,""final_v23_output_solver_input"":false,""old_runtime_input_count"":""0"",""output_only_correction"":false,""per_case_tuning"":false,""raw_hash_lock"":{""path"":""<CLEAN_ROOT>/01_RAW_HASH_LOCK/RAW_FILE_HASH_LOCK_CLEAN5.csv"",""sha256"":""faa31580c7fff73b52fcf6d27c97cfdd9187e67a55968a2ab42e6737b0eabb67""},""receiver_imu_as_body_imu"":false,""semisynthetic_data_used"":false,""synthetic_data_used"":false,""trace_used_online"":false},""run_id"":""BY2O__HARTLEY_LIT__LIT__FILE_START__NA"",""runner_exit_code"":""0"",""runner_terminal_status"":null,""status"":""COMPLETED"",""utc"":""2026-09-24T13:30:13.128841+00:00""}}",[],"[""<CLEAN_ROOT>/stages/CLEAN9_EXTERNAL_COMPARISON/HX02_FIVE_CATEGORY/RUNS/BY2O__HARTLEY_LIT__LIT__FILE_START__NA/eval/DIVERGENCE_GATE.json"", ""<CLEAN_ROOT>/stages/CLEAN9_EXTERNAL_COMPARISON/HX02_FIVE_CATEGORY/RUNS/BY2O__HARTLEY_LIT__LIT__FILE_START__NA/eval/RELATIVE_POSE/EVALUATOR_STRACE_AUDIT.json"", ""<CLEAN_ROOT>/stages/CLEAN9_EXTERNAL_COMPARISON/HX02_FIVE_CATEGORY/RUNS/BY2O__HARTLEY_LIT__LIT__FILE_START__NA/eval/RELATIVE_POSE/OUTPUT/RELATIVE_POSE_METRICS.json""]",[],FULL_RECORD_READ,ARCHIVED_DIRECTORY_PRESENT,,,"Directory token 4 is original start_mode, not case_id; NATURAL_C00 labels this natural full-window run. native_classification=COMPLETED; runner_terminal_status=None. Original metadata values preserved in source_values_json."
HX02-d02f8a30d685b93917a5,HX02,EVALUATION_RECORD,HARTLEY_S,unknown,unknown,BY2O,NATURAL_C00,S,FILE_START,unknown,unknown,unknown,<CLEAN_ROOT>/stages/CLEAN9_EXTERNAL_COMPARISON/HX02_FIVE_CATEGORY/RUNS/BY2O__HARTLEY_S__S__FILE_START__NA/eval/DIVERGENCE_GATE.json,#,"{""bounds"":{""height_displacement_m"":""1000.0"",""position_displacement_m"":""10000.0"",""speed_mps"":""50.0""},""classification"":""NONE"",""first_violation_row"":null,""first_violation_time_unix_s"":null,""maxima"":{""height_displacement_m"":""15.606794813644482"",""position_displacement_m"":""94.80541257349685"",""speed_mps"":""2.7186305768380157""},""passed"":true,""row_count"":""95859""}",[],[],[],FULL_RECORD_READ,PRESENT_READ,,,First-delivery subset. Source values preserved; path aliases only. No payload-body read.
HX02-5fb721483177d356ea05,HX02,EVALUATION_RECORD,HARTLEY_S,unknown,unknown,BY2O,NATURAL_C00,S,FILE_START,unknown,unknown,unknown,<CLEAN_ROOT>/stages/CLEAN9_EXTERNAL_COMPARISON/HX02_FIVE_CATEGORY/RUNS/BY2O__HARTLEY_S__S__FILE_START__NA/eval/RELATIVE_POSE/EVALUATOR_STRACE_AUDIT.json,#,"{""argv"":[""/usr/bin/python3"",""-m"",""legsa_gins.paper_rebuild.hext.hx02_relative_pose_evaluation"",""--spec"",""<HX02_SCRATCH>/RUNS/BY2O__HARTLEY_S__S__FILE_START__NA/eval/RELATIVE_POSE/SPEC.json""],""environment"":{""GIT_OPTIONAL_LOCKS"":""0"",""MKL_NUM_THREADS"":""1"",""MPLBACKEND"":""Agg"",""MPLCONFIGDIR"":""<HX02_SCRATCH>/RUNS/BY2O__HARTLEY_S__S__FILE_START__NA/eval/RELATIVE_POSE/OUTPUT/.matplotlib"",""NUMEXPR_NUM_THREADS"":""1"",""OMP_NUM_THREADS"":""1"",""OPENBLAS_NUM_THREADS"":""1"",""PYTHONDONTWRITEBYTECODE"":""1"",""PYTHONPATH"":""<AUDIT_SOURCE_WORKTREE>/src"",""XDG_CACHE_HOME"":""<HX02_SCRATCH>/RUNS/BY2O__HARTLEY_S__S__FILE_START__NA/eval/RELATIVE_POSE/OUTPUT/.cache""},""execve_programs"":[""/usr/bin/python3""],""exit_code"":""0"",""failures"":[],""kind"":""RELATIVE_POSE"",""module"":""legsa_gins.paper_rebuild.hext.hx02_relative_pose_evaluation"",""passed"":true,""raw_open_count"":""1"",""runtime_seconds"":""2.49831272099982"",""spec_sha256"":""2a3c4c754a3fd32c8f9417d6a8359cb96c34d744c7626d0967999b933ccb8726"",""strace_sha256"":""3e88d08959d40388c19cbd9070b429f6638c9f8b382cf30b93ac7d5d224c69e0"",""trace_open_count"":""1"",""trace_open_records"":[{""anonymous_pipe"":false,""flags"":""O_RDONLY|O_CLOEXEC"",""lexical_path"":""<RAW_ROOT>/BY2_BY3/2026-03-06/fixption数据/2026.3.6/by1/vrtk2_a87c6e_2026-03-06-07-52-22_minimal/trace_vrtk2_a87c6e_2026-03-06-07-52-22_minimal.csv"",""path"":""<RAW_ROOT>/BY2_BY3/2026-03-06/fixption数据/2026.3.6/by1/vrtk2_a87c6e_2026-03-06-07-52-22_minimal/trace_vrtk2_a87c6e_2026-03-06-07-52-22_minimal.csv"",""pid"":""35128"",""return_code"":""3""}],""trace_read_role"":""registered_evaluator_child_only"",""write_scope"":{""allowed_anonymous_pipe_write_count"":""0"",""allowed_anonymous_pipe_write_records"":[],""allowed_device_write_count"":""0"",""allowed_device_write_records"":[],""clean_root_outside_run_write_count"":""0"",""outside_run_write_open_count"":""0"",""outside_run_write_open_records"":[],""pass"":true,""raw_write_open_count"":""0"",""write_open_count"":""2"",""write_open_records"":[{""anonymous_pipe"":false,""flags"":""O_WRONLY|O_CREAT|O_EXCL|O_CLOEXEC"",""lexical_path"":""<HX02_SCRATCH>/RUNS/BY2O__HARTLEY_S__S__FILE_START__NA/eval/RELATIVE_POSE/OUTPUT/RELATIVE_POSE_ERROR_SERIES_HARTLEY_S.csv"",""path"":""<HX02_SCRATCH>/RUNS/BY2O__HARTLEY_S__S__FILE_START__NA/eval/RELATIVE_POSE/OUTPUT/RELATIVE_POSE_ERROR_SERIES_HARTLEY_S.csv"",""pid"":""35128"",""return_code"":""3""},{""anonymous_pipe"":false,""flags"":""O_WRONLY|O_CREAT|O_EXCL|O_CLOEXEC"",""lexical_path"":""<HX02_SCRATCH>/RUNS/BY2O__HARTLEY_S__S__FILE_START__NA/eval/RELATIVE_POSE/OUTPUT/RELATIVE_POSE_METRICS.json"",""path"":""<HX02_SCRATCH>/RUNS/BY2O__HARTLEY_S__S__FILE_START__NA/eval/RELATIVE_POSE/OUTPUT/RELATIVE_POSE_METRICS.json"",""pid"":""35128"",""return_code"":""3""}],""write_outside_run_count"":""0"",""write_scope_exceptions"":[""/dev/null"",""/dev/pts/*"",""kernel-identified anonymous pipe""]}}",[],[],[],FULL_RECORD_READ,PRESENT_READ,,,First-delivery subset. Source values preserved; path aliases only. No payload-body read.
HX02-1eaac8504d648512beb7,HX02,EVALUATION_RECORD,HARTLEY_S,unknown,unknown,BY2O,NATURAL_C00,S,FILE_START,unknown,unknown,unknown,<CLEAN_ROOT>/stages/CLEAN9_EXTERNAL_COMPARISON/HX02_FIVE_CATEGORY/RUNS/BY2O__HARTLEY_S__S__FILE_START__NA/eval/RELATIVE_POSE/OUTPUT/RELATIVE_POSE_METRICS.json,#,"{""alignment_rule"":""per branch: one least-squares yaw-about-gravity + 3-D translation on the first 10 s of the window from the branch's own output (HX-02 amendment 1); never shared, never re-fitted"",""base_time"":""1772780400.0"",""branches"":{""HARTLEY_S"":{""alignment"":{""epochs"":""101"",""not_estimated"":[""roll"",""pitch"",""scale"",""time_offset""],""per_epoch_yaw_offset_circular_std_deg"":""6.590682328675637"",""rule"":""per branch: one least-squares yaw-about-gravity + 3-D translation on the first 10 s of the window from the branch's own output (HX-02 amendment 1); never shared, never re-fitted"",""translation_enu_m"":[""0.27964487720925246"",""0.43472037938050295"",""0.14310007722536672""],""window_seconds"":[""3186.0"",""3196.0""],""yaw_offset_deg"":""89.53055573867738""},""drift_definitions"":{""heading"":""OLS slope (with intercept) of time-unwrapped wrap-safe NED yaw error versus time in minutes"",""position"":""OLS slope (with intercept) of horizontal error norm versus cumulative reference horizontal path, x100""},""evaluation_status"":""EVALUATED"",""heading_drift_deg_per_min"":""495.07712000208835"",""horizontal_max_m"":""201.46913157140696"",""horizontal_rmse_m"":""89.67592802145968"",""nav_first_rel_s"":""3101.5570685863495"",""nav_last_rel_s"":""3572.8351035118103"",""nav_rows"":""95859"",""position_drift_m_per_100m"":""9.04766538285815"",""reference_path_length_m"":""337.4220465887643"",""relative_pose_error_yaw_translation"":{""10s"":{""grid_step_ms"":""100"",""pair_count"":""3671"",""translation_rmse_m"":""71.99733577261483"",""yaw_rmse_deg"":""80.29586158670702""},""1s"":{""grid_step_ms"":""100"",""pair_count"":""3761"",""translation_rmse_m"":""14.285565539834733"",""yaw_rmse_deg"":""16.044148706681373""},""5s"":{""grid_step_ms"":""100"",""pair_count"":""3721"",""translation_rmse_m"":""56.10812162517009"",""yaw_rmse_deg"":""71.93433967265216""}},""scored_epochs"":""3771"",""unsupported_grid_epochs"":""0"",""up_rmse_m"":""4.719309240914606"",""yaw_rmse_deg"":""94.41347354224968""}},""grid_epochs"":""3771"",""grid_step_s"":""0.1"",""lever_flu_m"":[""0.03"",""0.14506731932421837"",""0.3""],""nav_sha256"":{""HARTLEY_S"":""7490b86eaedaaba0bce257d14377d0f64d0acd9b4beb2b56162339fee1d7edbb""},""reference_origin"":""first supported grid epoch (local ENU)"",""reference_supported_grid_epochs"":""3771"",""schema"":""hx02.relative_pose_evaluation.v1"",""sequence_id"":""BY2O"",""trace_open_count_in_child"":""1"",""trace_sha256_observed"":""4f7b3007c6a0b43ce1b0fb4908f23c042891154b4adbc7af4c3d8a47ca363cd9"",""window_seconds"":[""3186.0"",""3563.0""]}",[],[],[],FULL_RECORD_READ,PRESENT_READ,,,First-delivery subset. Source values preserved; path aliases only. No payload-body read.
HX02-9b9e7dacc883ca80f313,HX02,RUN_IDENTITY,HARTLEY_S,unknown,88594ef27e20a8e660e2246218a6870a290f35ae,BY2O,NATURAL_C00,S,FILE_START,unknown,COMPLETED,EVALUATION_RECORDS_PRESENT,<CLEAN_ROOT>/stages/CLEAN9_EXTERNAL_COMPARISON/HX02_FIVE_CATEGORY/RUNS/BY2O__HARTLEY_S__S__FILE_START__NA,run_id=BY2O__HARTLEY_S__S__FILE_START__NA,"{""COMMAND.json"":{""argv"":[""<HX02_SCRATCH>/BUILD/hartley_h5_runner/hartley_h5_runner"",""<HX02_SCRATCH>/RUNS/BY2O__HARTLEY_S__S__FILE_START__NA/native/provider/H5_INPUT_CACHE.bin"",""<HX02_SCRATCH>/RUNS/BY2O__HARTLEY_S__S__FILE_START__NA/native/run/NATIVE_CONFIG.cfg"",""<HX02_SCRATCH>/RUNS/BY2O__HARTLEY_S__S__FILE_START__NA/native/run""],""case"":""FILE_START"",""code_commit"":""88594ef27e20a8e660e2246218a6870a290f35ae"",""config"":""S"",""cwd"":""<AUDIT_SOURCE_WORKTREE>"",""end_utc"":""2026-09-24T13:27:45.403198+00:00"",""env_whitelist"":{""MKL_NUM_THREADS"":""1"",""NUMEXPR_NUM_THREADS"":""1"",""OMP_NUM_THREADS"":""1"",""OPENBLAS_NUM_THREADS"":""1"",""PYTHONDONTWRITEBYTECODE"":""1"",""PYTHONPATH"":""<AUDIT_SOURCE_WORKTREE>/src""},""method"":""HARTLEY_S"",""native_classification"":""COMPLETED"",""provenance"":{""LegSA_output_solver_input"":false,""code_commit"":""88594ef27e20a8e660e2246218a6870a290f35ae"",""config_hash"":""85b13d489d2941382ea3f416dade24253fe07ee66c2c7e83d18554487bba5b98"",""config_hash_source"":""configs/paper_rebuild/hext/HX02_CONTRACT_V1.yaml"",""data_mode"":""real_by2o_raw"",""epoch_deleted_for_metric"":false,""final_v23_output_solver_input"":false,""old_runtime_input_count"":""0"",""output_only_correction"":false,""per_case_tuning"":false,""raw_hash_lock"":{""path"":""<CLEAN_ROOT>/01_RAW_HASH_LOCK/RAW_FILE_HASH_LOCK_CLEAN5.csv"",""sha256"":""faa31580c7fff73b52fcf6d27c97cfdd9187e67a55968a2ab42e6737b0eabb67""},""receiver_imu_as_body_imu"":false,""semisynthetic_data_used"":false,""synthetic_data_used"":false,""trace_used_online"":false},""quiet_machine"":{""cap_s"":""600.0"",""load1"":""6.86279296875"",""load5"":""9.37060546875"",""quiet"":true,""timed_out"":false,""waited_s"":""4.626500049198512e-05""},""returncode"":""0"",""run_id"":""BY2O__HARTLEY_S__S__FILE_START__NA"",""runner_terminal_status"":null,""runtime_seconds"":""3.8187142300012056"",""sequence"":""BY2O"",""start_utc"":""2026-09-24T13:27:41.584505+00:00"",""strace_command_prefix"":[""strace"",""--seccomp-bpf"",""-f"",""-qq"",""-yy"",""-s"",""4096"",""-e"",""trace=openat,execve"",""-o"",""<HX02_SCRATCH>/RUNS/BY2O__HARTLEY_S__S__FILE_START__NA/native/NATIVE_OPENAT.strace""],""tracked_tree_clean"":true},""DONE.json"":{""evaluation"":""EVALUATED"",""native_classification"":""COMPLETED"",""provenance"":{""LegSA_output_solver_input"":false,""code_commit"":""88594ef27e20a8e660e2246218a6870a290f35ae"",""config_hash"":""85b13d489d2941382ea3f416dade24253fe07ee66c2c7e83d18554487bba5b98"",""config_hash_source"":""configs/paper_rebuild/hext/HX02_CONTRACT_V1.yaml"",""data_mode"":""real_by2o_raw"",""epoch_deleted_for_metric"":false,""final_v23_output_solver_input"":false,""old_runtime_input_count"":""0"",""output_only_correction"":false,""per_case_tuning"":false,""raw_hash_lock"":{""path"":""<CLEAN_ROOT>/01_RAW_HASH_LOCK/RAW_FILE_HASH_LOCK_CLEAN5.csv"",""sha256"":""faa31580c7fff73b52fcf6d27c97cfdd9187e67a55968a2ab42e6737b0eabb67""},""receiver_imu_as_body_imu"":false,""semisynthetic_data_used"":false,""synthetic_data_used"":false,""trace_used_online"":false},""run_id"":""BY2O__HARTLEY_S__S__FILE_START__NA"",""runner_exit_code"":""0"",""runner_terminal_status"":null,""status"":""COMPLETED"",""utc"":""2026-09-24T13:30:08.197234+00:00""}}",[],"[""<CLEAN_ROOT>/stages/CLEAN9_EXTERNAL_COMPARISON/HX02_FIVE_CATEGORY/RUNS/BY2O__HARTLEY_S__S__FILE_START__NA/eval/DIVERGENCE_GATE.json"", ""<CLEAN_ROOT>/stages/CLEAN9_EXTERNAL_COMPARISON/HX02_FIVE_CATEGORY/RUNS/BY2O__HARTLEY_S__S__FILE_START__NA/eval/RELATIVE_POSE/EVALUATOR_STRACE_AUDIT.json"", ""<CLEAN_ROOT>/stages/CLEAN9_EXTERNAL_COMPARISON/HX02_FIVE_CATEGORY/RUNS/BY2O__HARTLEY_S__S__FILE_START__NA/eval/RELATIVE_POSE/OUTPUT/RELATIVE_POSE_METRICS.json""]",[],FULL_RECORD_READ,ARCHIVED_DIRECTORY_PRESENT,,,"Directory token 4 is original start_mode, not case_id; NATURAL_C00 labels this natural full-window run. native_classification=COMPLETED; runner_terminal_status=None. Original metadata values preserved in source_values_json."
HX02-9ea15e6747563ba68d01,HX02,EVALUATION_RECORD,RTKLIB,unknown,unknown,BY2O,NATURAL_C00,NONE,FILE_START,unknown,unknown,unknown,<CLEAN_ROOT>/stages/CLEAN9_EXTERNAL_COMPARISON/HX02_FIVE_CATEGORY/RUNS/BY2O__RTKLIB__NONE__FILE_START__NA/eval/HEADING/EVALUATOR_STRACE_AUDIT.json,#,"{""argv"":[""/usr/bin/python3"",""-m"",""legsa_gins.paper_rebuild.hext.hx02_heading_evaluation"",""--spec"",""<HX02_SCRATCH>/RUNS/BY2O__RTKLIB__NONE__FILE_START__NA/eval/HEADING/SPEC.json""],""environment"":{""GIT_OPTIONAL_LOCKS"":""0"",""MKL_NUM_THREADS"":""1"",""MPLBACKEND"":""Agg"",""MPLCONFIGDIR"":""<HX02_SCRATCH>/RUNS/BY2O__RTKLIB__NONE__FILE_START__NA/eval/HEADING/OUTPUT/.matplotlib"",""NUMEXPR_NUM_THREADS"":""1"",""OMP_NUM_THREADS"":""1"",""OPENBLAS_NUM_THREADS"":""1"",""PYTHONDONTWRITEBYTECODE"":""1"",""PYTHONPATH"":""<AUDIT_SOURCE_WORKTREE>/src"",""XDG_CACHE_HOME"":""<HX02_SCRATCH>/RUNS/BY2O__RTKLIB__NONE__FILE_START__NA/eval/HEADING/OUTPUT/.cache""},""execve_programs"":[""/usr/bin/python3""],""exit_code"":""0"",""failures"":[],""kind"":""HEADING"",""module"":""legsa_gins.paper_rebuild.hext.hx02_heading_evaluation"",""passed"":true,""raw_open_count"":""1"",""runtime_seconds"":""0.4652967540005193"",""spec_sha256"":""45961ed55fa5e69448d7fd27ade3694a4b86f8380c3250965b7d192c8574e5cf"",""strace_sha256"":""73dd7fcc01ceb19462451505d9d812e59da0909092b0c6ad480bf03986564dab"",""trace_open_count"":""1"",""trace_open_records"":[{""anonymous_pipe"":false,""flags"":""O_RDONLY|O_CLOEXEC"",""lexical_path"":""<RAW_ROOT>/BY2_BY3/2026-03-06/fixption数据/2026.3.6/by1/vrtk2_a87c6e_2026-03-06-07-52-22_minimal/trace_vrtk2_a87c6e_2026-03-06-07-52-22_minimal.csv"",""path"":""<RAW_ROOT>/BY2_BY3/2026-03-06/fixption数据/2026.3.6/by1/vrtk2_a87c6e_2026-03-06-07-52-22_minimal/trace_vrtk2_a87c6e_2026-03-06-07-52-22_minimal.csv"",""pid"":""33782"",""return_code"":""3""}],""trace_read_role"":""registered_evaluator_child_only"",""write_scope"":{""allowed_anonymous_pipe_write_count"":""0"",""allowed_anonymous_pipe_write_records"":[],""allowed_device_write_count"":""0"",""allowed_device_write_records"":[],""clean_root_outside_run_write_count"":""0"",""outside_run_write_open_count"":""0"",""outside_run_write_open_records"":[],""pass"":true,""raw_write_open_count"":""0"",""write_open_count"":""2"",""write_open_records"":[{""anonymous_pipe"":false,""flags"":""O_WRONLY|O_CREAT|O_EXCL|O_CLOEXEC"",""lexical_path"":""<HX02_SCRATCH>/RUNS/BY2O__RTKLIB__NONE__FILE_START__NA/eval/HEADING/OUTPUT/HEADING_ERROR_SERIES_RTKLIB.csv"",""path"":""<HX02_SCRATCH>/RUNS/BY2O__RTKLIB__NONE__FILE_START__NA/eval/HEADING/OUTPUT/HEADING_ERROR_SERIES_RTKLIB.csv"",""pid"":""33782"",""return_code"":""3""},{""anonymous_pipe"":false,""flags"":""O_WRONLY|O_CREAT|O_EXCL|O_CLOEXEC"",""lexical_path"":""<HX02_SCRATCH>/RUNS/BY2O__RTKLIB__NONE__FILE_START__NA/eval/HEADING/OUTPUT/HEADING_METRICS.json"",""path"":""<HX02_SCRATCH>/RUNS/BY2O__RTKLIB__NONE__FILE_START__NA/eval/HEADING/OUTPUT/HEADING_METRICS.json"",""pid"":""33782"",""return_code"":""3""}],""write_outside_run_count"":""0"",""write_scope_exceptions"":[""/dev/null"",""/dev/pts/*"",""kernel-identified anonymous pipe""]}}",[],[],[],FULL_RECORD_READ,PRESENT_READ,,,First-delivery subset. Source values preserved; path aliases only. No payload-body read.
HX02-cf60f822fa4ba825f4c2,HX02,EVALUATION_RECORD,RTKLIB,unknown,unknown,BY2O,NATURAL_C00,NONE,FILE_START,unknown,unknown,unknown,<CLEAN_ROOT>/stages/CLEAN9_EXTERNAL_COMPARISON/HX02_FIVE_CATEGORY/RUNS/BY2O__RTKLIB__NONE__FILE_START__NA/eval/HEADING/OUTPUT/HEADING_METRICS.json,#,"{""method_id"":""RTKLIB"",""schema"":""hx02.heading_evaluation.v1"",""sequence_id"":""BY2O"",""trace_open_count_in_child"":""1"",""trace_sha256_observed"":""4f7b3007c6a0b43ce1b0fb4908f23c042891154b4adbc7af4c3d8a47ca363cd9"",""variants"":{""RTKLIB"":{""availability"":""0.059416445623342175"",""base_time"":""1772780400.0"",""denominator_native_paired_epochs_in_window"":""1885"",""error_convention"":""wrap180(method_body_yaw_ned - reference_body_yaw_ned)"",""heading_table_sha256"":""8a645a0b7a3be563d91120bbb062a3dd3304d97916df0a00966b28b67e073a56"",""hold_last_valid"":{""circular_bias_deg"":""-177.64595768681033"",""count"":""1885"",""held_epochs_in_window"":""1885"",""held_epochs_without_reference_support"":""0"",""hold_source"":""CAUSAL_LAST_METHOD_NATIVE_VALID_EPOCH_FROM_NATIVE_START"",""mae_deg"":""108.9862367557972"",""max_absolute_deg"":""179.83208223706532"",""no_heading_epochs_before_first_valid"":""0"",""p95_absolute_deg"":""176.835979737591"",""rmse_deg"":""129.98822323173354""},""method_id"":""RTKLIB"",""q1_fixed"":{""count"":""112"",""errors"":{""circular_bias_deg"":""-0.3546419702804542"",""count"":""112"",""mae_deg"":""5.297513086902064"",""max_absolute_deg"":""173.4241486315569"",""p95_absolute_deg"":""5.784200207411649"",""rmse_deg"":""23.138949511295703""},""rate"":""0.059416445623342175""},""q2_float"":{""count"":""168"",""errors"":{""circular_bias_deg"":""47.35248372177813"",""count"":""168"",""mae_deg"":""67.33960248525003"",""max_absolute_deg"":""173.8676776347379"",""p95_absolute_deg"":""161.04555469424136"",""rmse_deg"":""91.73547418365372""},""rate"":""0.08912466843501327""},""reference_semantics"":""wrap360(90-interp(unwrap(yaw_ENU))) inside trace support; no extrapolation"",""schema"":""hx02.heading_evaluation.v1"",""valid"":{""circular_bias_deg"":""-0.3546419702804542"",""count"":""112"",""mae_deg"":""5.297513086902064"",""max_absolute_deg"":""173.4241486315569"",""p95_absolute_deg"":""5.784200207411649"",""rmse_deg"":""23.138949511295703"",""wrapsafe"":{""circular_wrapsafe_bias_deg"":""-0.3546419702804542"",""continuity_definition"":""segments split when accepted original epoch indices are nonconsecutive"",""longest_segment_epochs"":""24"",""mae_deg"":""5.297513086902064"",""matched_count"":""112"",""max_absolute_deg"":""173.4241486315569"",""maximum_gap_seconds"":""15.200000047683716"",""median_absolute_deg"":""1.7825158161128911"",""p90_absolute_deg"":""4.8168670377453235"",""p95_absolute_deg"":""5.784200207411649"",""p99_absolute_deg"":""152.51741598933097"",""rmse_deg"":""23.138949511295703"",""segment_count"":""32"",""valid_count"":""112"",""valid_coverage"":""0.059416445623342175"",""valid_denominator"":""1885"",""wrapsafe_bias_deg"":""-3.2521460770723727""}},""valid_epochs_in_window"":""112"",""valid_epochs_without_reference_support"":""0"",""valid_segments"":{""definition"":""segments split when accepted original epoch indices are nonconsecutive"",""longest_segment_epochs"":""24"",""maximum_gap_seconds"":""15.200000047683716"",""segment_count"":""32""},""window_seconds"":[""3186.0"",""3563.0""]}}}",[],[],[],FULL_RECORD_READ,PRESENT_READ,,,First-delivery subset. Source values preserved; path aliases only. No payload-body read.
HX02-a7292dc172c866eb5dc7,HX02,RUN_IDENTITY,RTKLIB,unknown,88594ef27e20a8e660e2246218a6870a290f35ae,BY2O,NATURAL_C00,NONE,FILE_START,unknown,COMPLETED,EVALUATION_RECORDS_PRESENT,<CLEAN_ROOT>/stages/CLEAN9_EXTERNAL_COMPARISON/HX02_FIVE_CATEGORY/RUNS/BY2O__RTKLIB__NONE__FILE_START__NA,run_id=BY2O__RTKLIB__NONE__FILE_START__NA,"{""COMMAND.json"":{""argv"":[""/usr/bin/python3"",""-m"",""legsa_gins.paper_rebuild.hext.hx02_native_cli"",""rtklib"",""--sequence"",""BY2O"",""--run-dir"",""<HX02_SCRATCH>/RUNS/BY2O__RTKLIB__NONE__FILE_START__NA"",""--conf"",""<CLEAN_ROOT>/stages/CLEAN9_EXTERNAL_COMPARISON/HX02_FIVE_CATEGORY/01_INPUT_PINS/RTKLIB_UNMODIFIED_MOVING_BASE.conf""],""case"":""FILE_START"",""code_commit"":""88594ef27e20a8e660e2246218a6870a290f35ae"",""config"":""NONE"",""cwd"":""<AUDIT_SOURCE_WORKTREE>"",""end_utc"":""2026-09-24T13:27:39.846405+00:00"",""env_whitelist"":{""MKL_NUM_THREADS"":""1"",""NUMEXPR_NUM_THREADS"":""1"",""OMP_NUM_THREADS"":""1"",""OPENBLAS_NUM_THREADS"":""1"",""PYTHONDONTWRITEBYTECODE"":""1"",""PYTHONPATH"":""<AUDIT_SOURCE_WORKTREE>/src""},""method"":""RTKLIB"",""native_classification"":""COMPLETED"",""provenance"":{""LegSA_output_solver_input"":false,""code_commit"":""88594ef27e20a8e660e2246218a6870a290f35ae"",""config_hash"":""85b13d489d2941382ea3f416dade24253fe07ee66c2c7e83d18554487bba5b98"",""config_hash_source"":""configs/paper_rebuild/hext/HX02_CONTRACT_V1.yaml"",""data_mode"":""real_by2o_raw"",""epoch_deleted_for_metric"":false,""final_v23_output_solver_input"":false,""old_runtime_input_count"":""0"",""output_only_correction"":false,""per_case_tuning"":false,""raw_hash_lock"":{""path"":""<CLEAN_ROOT>/01_RAW_HASH_LOCK/RAW_FILE_HASH_LOCK_CLEAN5.csv"",""sha256"":""faa31580c7fff73b52fcf6d27c97cfdd9187e67a55968a2ab42e6737b0eabb67""},""receiver_imu_as_body_imu"":false,""semisynthetic_data_used"":false,""synthetic_data_used"":false,""trace_used_online"":false},""quiet_machine"":{""cap_s"":""600.0"",""load1"":""7.37353515625"",""load5"":""9.51220703125"",""quiet"":true,""timed_out"":false,""waited_s"":""30.030393569999433""},""returncode"":""0"",""run_id"":""BY2O__RTKLIB__NONE__FILE_START__NA"",""runner_terminal_status"":null,""runtime_seconds"":""6.721325075001005"",""sequence"":""BY2O"",""start_utc"":""2026-09-24T13:27:33.125096+00:00"",""strace_command_prefix"":[""strace"",""--seccomp-bpf"",""-f"",""-qq"",""-yy"",""-s"",""4096"",""-e"",""trace=openat,execve"",""-o"",""<HX02_SCRATCH>/RUNS/BY2O__RTKLIB__NONE__FILE_START__NA/native/NATIVE_OPENAT.strace""],""tracked_tree_clean"":true},""DONE.json"":{""convention_diagnostic"":{""RTKLIB"":{""compared_epochs"":""165"",""definition"":""wrap180(method body yaw - (GNSS2-GNSS1 HPPOSECEF baseline heading + 90 deg)) on method-valid epochs where both receivers report carrSoln == 2"",""fractions"":{""within_20_of_0"":""0.9878787878787879"",""within_20_of_180"":""0.012121212121212121"",""within_20_of_plus_minus_90"":""0.0""},""hard_stop"":false,""mean_circular_deg"":""0.9726895940699993"",""median_deg"":""1.1095636346372544"",""median_near_180"":false,""median_near_plus_minus_90"":false,""status"":""PASS""}},""evaluation"":""HEADING"",""heading_tables"":{""RTKLIB"":{""path"":""<HX02_SCRATCH>/RUNS/BY2O__RTKLIB__NONE__FILE_START__NA/native/HX02_HEADING_TABLES/HX02_HEADING_TABLE_RTKLIB.csv"",""rows"":""2231"",""sha256"":""8a645a0b7a3be563d91120bbb062a3dd3304d97916df0a00966b28b67e073a56"",""valid"":""165""}},""native_classification"":""COMPLETED"",""provenance"":{""LegSA_output_solver_input"":false,""code_commit"":""88594ef27e20a8e660e2246218a6870a290f35ae"",""config_hash"":""85b13d489d2941382ea3f416dade24253fe07ee66c2c7e83d18554487bba5b98"",""config_hash_source"":""configs/paper_rebuild/hext/HX02_CONTRACT_V1.yaml"",""data_mode"":""real_by2o_raw"",""epoch_deleted_for_metric"":false,""final_v23_output_solver_input"":false,""old_runtime_input_count"":""0"",""output_only_correction"":false,""per_case_tuning"":false,""raw_hash_lock"":{""path"":""<CLEAN_ROOT>/01_RAW_HASH_LOCK/RAW_FILE_HASH_LOCK_CLEAN5.csv"",""sha256"":""faa31580c7fff73b52fcf6d27c97cfdd9187e67a55968a2ab42e6737b0eabb67""},""receiver_imu_as_body_imu"":false,""semisynthetic_data_used"":false,""synthetic_data_used"":false,""trace_used_online"":false},""run_id"":""BY2O__RTKLIB__NONE__FILE_START__NA"",""runner_exit_code"":""0"",""runner_terminal_status"":null,""status"":""COMPLETED"",""utc"":""2026-09-24T13:27:40.901647+00:00""}}","[""<CLEAN_ROOT>/stages/CLEAN9_EXTERNAL_COMPARISON/HX02_FIVE_CATEGORY/RUNS/BY2O__RTKLIB__NONE__FILE_START__NA/native/HX02_HEADING_TABLES/HX02_HEADING_TABLE_RTKLIB.csv""]","[""<CLEAN_ROOT>/stages/CLEAN9_EXTERNAL_COMPARISON/HX02_FIVE_CATEGORY/RUNS/BY2O__RTKLIB__NONE__FILE_START__NA/eval/HEADING/EVALUATOR_STRACE_AUDIT.json"", ""<CLEAN_ROOT>/stages/CLEAN9_EXTERNAL_COMPARISON/HX02_FIVE_CATEGORY/RUNS/BY2O__RTKLIB__NONE__FILE_START__NA/eval/HEADING/OUTPUT/HEADING_METRICS.json""]",[],FULL_RECORD_READ,ARCHIVED_DIRECTORY_PRESENT,,,"Directory token 4 is original start_mode, not case_id; NATURAL_C00 labels this natural full-window run. native_classification=COMPLETED; runner_terminal_status=None. Original metadata values preserved in source_values_json."
HX02-c86b908517726bce6eff,HX02,EVALUATION_RECORD,EXT01,unknown,unknown,BY2,NATURAL_C00,LIT,C00,unknown,unknown,unknown,<CLEAN_ROOT>/stages/CLEAN9_EXTERNAL_COMPARISON/HX02_FIVE_CATEGORY/RUNS/BY2__EXT01__LIT__C00__NA/eval/HEADING/EVALUATOR_STRACE_AUDIT.json,#,"{""argv"":[""/usr/bin/python3"",""-m"",""legsa_gins.paper_rebuild.hext.hx02_heading_evaluation"",""--spec"",""<HX02_SCRATCH>/RUNS/BY2__EXT01__LIT__C00__NA/eval/HEADING/SPEC.json""],""environment"":{""GIT_OPTIONAL_LOCKS"":""0"",""MKL_NUM_THREADS"":""1"",""MPLBACKEND"":""Agg"",""MPLCONFIGDIR"":""<HX02_SCRATCH>/RUNS/BY2__EXT01__LIT__C00__NA/eval/HEADING/OUTPUT/.matplotlib"",""NUMEXPR_NUM_THREADS"":""1"",""OMP_NUM_THREADS"":""1"",""OPENBLAS_NUM_THREADS"":""1"",""PYTHONDONTWRITEBYTECODE"":""1"",""PYTHONPATH"":""<AUDIT_SOURCE_WORKTREE>/src"",""XDG_CACHE_HOME"":""<HX02_SCRATCH>/RUNS/BY2__EXT01__LIT__C00__NA/eval/HEADING/OUTPUT/.cache""},""execve_programs"":[""/usr/bin/python3""],""exit_code"":""0"",""failures"":[],""kind"":""HEADING"",""module"":""legsa_gins.paper_rebuild.hext.hx02_heading_evaluation"",""passed"":true,""raw_open_count"":""1"",""runtime_seconds"":""0.37590840099983325"",""spec_sha256"":""8fca45459df97905b71c88a87ad67581110a871f9c349583c38d10fdbbe870c7"",""strace_sha256"":""e632f383c0ea4087b2247876592845a81b2f5521036569b50577c5e7cb8ff10f"",""trace_open_count"":""1"",""trace_open_records"":[{""anonymous_pipe"":false,""flags"":""O_RDONLY|O_CLOEXEC"",""lexical_path"":""<RAW_ROOT>/BY2_BY3/2026-03-06/fixption数据/2026.3.6/by2/vrtk2_a87c6e_2026-03-06-08-00-54_minimal/trace_vrtk2_a87c6e_2026-03-06-08-00-54_minimal.csv"",""path"":""<RAW_ROOT>/BY2_BY3/2026-03-06/fixption数据/2026.3.6/by2/vrtk2_a87c6e_2026-03-06-08-00-54_minimal/trace_vrtk2_a87c6e_2026-03-06-08-00-54_minimal.csv"",""pid"":""26247"",""return_code"":""3""}],""trace_read_role"":""registered_evaluator_child_only"",""write_scope"":{""allowed_anonymous_pipe_write_count"":""0"",""allowed_anonymous_pipe_write_records"":[],""allowed_device_write_count"":""0"",""allowed_device_write_records"":[],""clean_root_outside_run_write_count"":""0"",""outside_run_write_open_count"":""0"",""outside_run_write_open_records"":[],""pass"":true,""raw_write_open_count"":""0"",""write_open_count"":""2"",""write_open_records"":[{""anonymous_pipe"":false,""flags"":""O_WRONLY|O_CREAT|O_EXCL|O_CLOEXEC"",""lexical_path"":""<HX02_SCRATCH>/RUNS/BY2__EXT01__LIT__C00__NA/eval/HEADING/OUTPUT/HEADING_ERROR_SERIES_EXT01.csv"",""path"":""<HX02_SCRATCH>/RUNS/BY2__EXT01__LIT__C00__NA/eval/HEADING/OUTPUT/HEADING_ERROR_SERIES_EXT01.csv"",""pid"":""26247"",""return_code"":""3""},{""anonymous_pipe"":false,""flags"":""O_WRONLY|O_CREAT|O_EXCL|O_CLOEXEC"",""lexical_path"":""<HX02_SCRATCH>/RUNS/BY2__EXT01__LIT__C00__NA/eval/HEADING/OUTPUT/HEADING_METRICS.json"",""path"":""<HX02_SCRATCH>/RUNS/BY2__EXT01__LIT__C00__NA/eval/HEADING/OUTPUT/HEADING_METRICS.json"",""pid"":""26247"",""return_code"":""3""}],""write_outside_run_count"":""0"",""write_scope_exceptions"":[""/dev/null"",""/dev/pts/*"",""kernel-identified anonymous pipe""]}}",[],[],[],FULL_RECORD_READ,PRESENT_READ,,,First-delivery subset. Source values preserved; path aliases only. No payload-body read.
HX02-7a946f20063732d21f3c,HX02,EVALUATION_RECORD,EXT01,unknown,unknown,BY2,NATURAL_C00,LIT,C00,unknown,unknown,unknown,<CLEAN_ROOT>/stages/CLEAN9_EXTERNAL_COMPARISON/HX02_FIVE_CATEGORY/RUNS/BY2__EXT01__LIT__C00__NA/eval/HEADING/OUTPUT/HEADING_METRICS.json,#,"{""method_id"":""EXT01"",""schema"":""hx02.heading_evaluation.v1"",""sequence_id"":""BY2"",""trace_open_count_in_child"":""1"",""trace_sha256_observed"":""ee3ee42dea3ada196dfdbcc78fd07524f91b4ce4fb94d9d6482a3e7d4b34aa4c"",""variants"":{""EXT01"":{""availability"":""0.7153284671532847"",""base_time"":""1772784000.0"",""denominator_native_paired_epochs_in_window"":""1370"",""error_convention"":""wrap180(method_body_yaw_ned - reference_body_yaw_ned)"",""heading_table_sha256"":""4077df65ab3e1b29474342e8cbacb947d8bd45b0e968f1f201e7078862352ed9"",""hold_last_valid"":{""circular_bias_deg"":""122.08217061600237"",""count"":""1370"",""held_epochs_in_window"":""1370"",""held_epochs_without_reference_support"":""0"",""hold_source"":""CAUSAL_LAST_METHOD_NATIVE_VALID_EPOCH_FROM_NATIVE_START"",""mae_deg"":""100.24164108464421"",""max_absolute_deg"":""179.96605423608287"",""no_heading_epochs_before_first_valid"":""0"",""p95_absolute_deg"":""177.82246305811339"",""rmse_deg"":""117.8666282180735""},""method_id"":""EXT01"",""reference_semantics"":""wrap360(90-interp(unwrap(yaw_ENU))) inside trace support; no extrapolation"",""schema"":""hx02.heading_evaluation.v1"",""valid"":{""circular_bias_deg"":""141.14029173810172"",""count"":""980"",""mae_deg"":""104.95741087836599"",""max_absolute_deg"":""179.96605423608287"",""p95_absolute_deg"":""178.25813978480625"",""rmse_deg"":""120.36002862722869"",""wrapsafe"":{""circular_wrapsafe_bias_deg"":""141.14029173810172"",""continuity_definition"":""segments split when accepted original epoch indices are nonconsecutive"",""longest_segment_epochs"":""657"",""mae_deg"":""104.95741087836599"",""matched_count"":""980"",""max_absolute_deg"":""179.96605423608287"",""maximum_gap_seconds"":""13.800000190734863"",""median_absolute_deg"":""115.73111057713727"",""p90_absolute_deg"":""176.14384031315083"",""p95_absolute_deg"":""178.25813978480625"",""p99_absolute_deg"":""179.4790061502942"",""rmse_deg"":""120.36002862722869"",""segment_count"":""12"",""valid_count"":""980"",""valid_coverage"":""0.7153284671532847"",""valid_denominator"":""1370"",""wrapsafe_bias_deg"":""14.796510633722756""}},""valid_epochs_in_window"":""980"",""valid_epochs_without_reference_support"":""0"",""valid_segments"":{""definition"":""segments split when accepted original epoch indices are nonconsecutive"",""longest_segment_epochs"":""657"",""maximum_gap_seconds"":""13.800000190734863"",""segment_count"":""12""},""window_seconds"":[""66.0"",""340.0""]}}}",[],[],[],FULL_RECORD_READ,PRESENT_READ,,,First-delivery subset. Source values preserved; path aliases only. No payload-body read.
HX02-8665a8f7677fd3150820,HX02,RUN_IDENTITY,EXT01,unknown,3e8a43be928247da09ac4cca8a54178c3db9dadb,BY2,NATURAL_C00,LIT,C00,unknown,COMPLETED,EVALUATION_RECORDS_PRESENT,<CLEAN_ROOT>/stages/CLEAN9_EXTERNAL_COMPARISON/HX02_FIVE_CATEGORY/RUNS/BY2__EXT01__LIT__C00__NA,run_id=BY2__EXT01__LIT__C00__NA,"{""COMMAND.json"":{""argv"":[""/usr/bin/python3"",""<AUDIT_SOURCE_WORKTREE>/scripts/paper_rebuild/run_horizontal_literature_phase1r.py"",""--paths-config"",""<AUDIT_SOURCE_WORKTREE>/configs/paper_rebuild/DATA_PATHS.CLEAN3R4.local.yaml"",""--sequence-spec"",""<HX02_SCRATCH>/RUNS/BY2__EXT01__LIT__C00__NA/native/SEQUENCE_SPEC.json"",""--trace-mode"",""disabled"",""--workers"",""16""],""case"":""C00"",""code_commit"":""3e8a43be928247da09ac4cca8a54178c3db9dadb"",""config"":""LIT"",""cwd"":""<AUDIT_SOURCE_WORKTREE>"",""end_utc"":""2026-09-24T12:29:20.969905+00:00"",""env_whitelist"":{""MKL_NUM_THREADS"":""1"",""NUMEXPR_NUM_THREADS"":""1"",""OMP_NUM_THREADS"":""1"",""OPENBLAS_NUM_THREADS"":""1"",""PYTHONDONTWRITEBYTECODE"":""1"",""PYTHONPATH"":""<AUDIT_SOURCE_WORKTREE>/src""},""method"":""EXT01"",""native_classification"":""COMPLETED"",""provenance"":{""LegSA_output_solver_input"":false,""code_commit"":""3e8a43be928247da09ac4cca8a54178c3db9dadb"",""config_hash"":""3d5638245b0a0f4fb6468f2ca5720cfa3951ccd53bfdd04d769f4560c50c7831"",""config_hash_source"":""configs/paper_rebuild/hext/HX02_CONTRACT_V1.yaml"",""data_mode"":""real_by2_raw"",""epoch_deleted_for_metric"":false,""final_v23_output_solver_input"":false,""old_runtime_input_count"":""0"",""output_only_correction"":false,""per_case_tuning"":false,""raw_hash_lock"":{""path"":""<CLEAN_ROOT>/01_RAW_HASH_LOCK/RAW_FILE_HASH_LOCK.csv"",""sha256"":""f6e5d7965d17857e5b4a846501883f4675f2331a1164fab3de9e5ba9470f1ad7""},""receiver_imu_as_body_imu"":false,""semisynthetic_data_used"":false,""synthetic_data_used"":false,""trace_used_online"":false},""quiet_machine"":{""load1"":""0.75439453125"",""load5"":""0.8564453125"",""quiet"":true,""waited_s"":""4.666600034397561e-05""},""returncode"":""0"",""run_id"":""BY2__EXT01__LIT__C00__NA"",""runner_terminal_status"":""UNSUPPORTED_EXT01_ON_BY2_WITHOUT_PHASE_BIAS_CALIBRATION"",""runtime_seconds"":""327.3558605160006"",""sequence"":""BY2"",""start_utc"":""2026-09-24T12:23:29.270787+00:00"",""strace_command_prefix"":[""strace"",""--seccomp-bpf"",""-f"",""-qq"",""-yy"",""-s"",""4096"",""-e"",""trace=openat,execve"",""-o"",""<HX02_SCRATCH>/RUNS/BY2__EXT01__LIT__C00__NA/native/NATIVE_OPENAT.strace""],""tracked_tree_clean"":true},""DONE.json"":{""convention_diagnostic"":{""EXT01"":{""compared_epochs"":""1077"",""definition"":""wrap180(method body yaw - (GNSS2-GNSS1 HPPOSECEF baseline heading + 90 deg)) on method-valid epochs where both receivers report carrSoln == 2"",""fractions"":{""within_20_of_0"":""0.12349117920148561"",""within_20_of_180"":""0.2776230269266481"",""within_20_of_plus_minus_90"":""0.12627669452181986""},""hard_stop"":false,""mean_circular_deg"":""143.83376830911067"",""median_deg"":""36.70815552525076"",""median_near_180"":false,""median_near_plus_minus_90"":false,""status"":""PASS""}},""evaluation"":""HEADING"",""heading_tables"":{""EXT01"":{""path"":""<HX02_SCRATCH>/RUNS/BY2__EXT01__LIT__C00__NA/native/HX02_HEADING_TABLES/HX02_HEADING_TABLE_EXT01.csv"",""rows"":""1509"",""sha256"":""4077df65ab3e1b29474342e8cbacb947d8bd45b0e968f1f201e7078862352ed9"",""valid"":""1077""}},""native_classification"":""COMPLETED"",""provenance"":{""LegSA_output_solver_input"":false,""code_commit"":""3e8a43be928247da09ac4cca8a54178c3db9dadb"",""config_hash"":""3d5638245b0a0f4fb6468f2ca5720cfa3951ccd53bfdd04d769f4560c50c7831"",""config_hash_source"":""configs/paper_rebuild/hext/HX02_CONTRACT_V1.yaml"",""data_mode"":""real_by2_raw"",""epoch_deleted_for_metric"":false,""final_v23_output_solver_input"":false,""old_runtime_input_count"":""0"",""output_only_correction"":false,""per_case_tuning"":false,""raw_hash_lock"":{""path"":""<CLEAN_ROOT>/01_RAW_HASH_LOCK/RAW_FILE_HASH_LOCK.csv"",""sha256"":""f6e5d7965d17857e5b4a846501883f4675f2331a1164fab3de9e5ba9470f1ad7""},""receiver_imu_as_body_imu"":false,""semisynthetic_data_used"":false,""synthetic_data_used"":false,""trace_used_online"":false},""run_id"":""BY2__EXT01__LIT__C00__NA"",""runner_exit_code"":""0"",""runner_terminal_status"":""UNSUPPORTED_EXT01_ON_BY2_WITHOUT_PHASE_BIAS_CALIBRATION"",""status"":""COMPLETED"",""utc"":""2026-09-24T12:29:30.441551+00:00""}}","[""<CLEAN_ROOT>/stages/CLEAN9_EXTERNAL_COMPARISON/HX02_FIVE_CATEGORY/RUNS/BY2__EXT01__LIT__C00__NA/native/HX02_HEADING_TABLES/HX02_HEADING_TABLE_EXT01.csv""]","[""<CLEAN_ROOT>/stages/CLEAN9_EXTERNAL_COMPARISON/HX02_FIVE_CATEGORY/RUNS/BY2__EXT01__LIT__C00__NA/eval/HEADING/EVALUATOR_STRACE_AUDIT.json"", ""<CLEAN_ROOT>/stages/CLEAN9_EXTERNAL_COMPARISON/HX02_FIVE_CATEGORY/RUNS/BY2__EXT01__LIT__C00__NA/eval/HEADING/OUTPUT/HEADING_METRICS.json""]",[],FULL_RECORD_READ,ARCHIVED_DIRECTORY_PRESENT,,,"Directory token 4 is original start_mode, not case_id; NATURAL_C00 labels this natural full-window run. native_classification=COMPLETED; runner_terminal_status=UNSUPPORTED_EXT01_ON_BY2_WITHOUT_PHASE_BIAS_CALIBRATION. Original metadata values preserved in source_values_json."
HX02-f5389687b95132b7de92,HX02,EVALUATION_RECORD,EXT02,unknown,unknown,BY2,NATURAL_C00,LIT,C00,unknown,unknown,unknown,<CLEAN_ROOT>/stages/CLEAN9_EXTERNAL_COMPARISON/HX02_FIVE_CATEGORY/RUNS/BY2__EXT02__LIT__C00__NA/eval/HEADING/EVALUATOR_STRACE_AUDIT.json,#,"{""argv"":[""/usr/bin/python3"",""-m"",""legsa_gins.paper_rebuild.hext.hx02_heading_evaluation"",""--spec"",""<HX02_SCRATCH>/RUNS/BY2__EXT02__LIT__C00__NA/eval/HEADING/SPEC.json""],""environment"":{""GIT_OPTIONAL_LOCKS"":""0"",""MKL_NUM_THREADS"":""1"",""MPLBACKEND"":""Agg"",""MPLCONFIGDIR"":""<HX02_SCRATCH>/RUNS/BY2__EXT02__LIT__C00__NA/eval/HEADING/OUTPUT/.matplotlib"",""NUMEXPR_NUM_THREADS"":""1"",""OMP_NUM_THREADS"":""1"",""OPENBLAS_NUM_THREADS"":""1"",""PYTHONDONTWRITEBYTECODE"":""1"",""PYTHONPATH"":""<AUDIT_SOURCE_WORKTREE>/src"",""XDG_CACHE_HOME"":""<HX02_SCRATCH>/RUNS/BY2__EXT02__LIT__C00__NA/eval/HEADING/OUTPUT/.cache""},""execve_programs"":[""/usr/bin/python3""],""exit_code"":""0"",""failures"":[],""kind"":""HEADING"",""module"":""legsa_gins.paper_rebuild.hext.hx02_heading_evaluation"",""passed"":true,""raw_open_count"":""1"",""runtime_seconds"":""0.3717898659997445"",""spec_sha256"":""591d47bec26c98497a08f4e18dac942ad3f2bafcdd9de340b4ea3e87202c992d"",""strace_sha256"":""e432a5e9a60c1f36b01729168dc62d0c86a3aa756db09ed90bb8599f19b596ae"",""trace_open_count"":""1"",""trace_open_records"":[{""anonymous_pipe"":false,""flags"":""O_RDONLY|O_CLOEXEC"",""lexical_path"":""<RAW_ROOT>/BY2_BY3/2026-03-06/fixption数据/2026.3.6/by2/vrtk2_a87c6e_2026-03-06-08-00-54_minimal/trace_vrtk2_a87c6e_2026-03-06-08-00-54_minimal.csv"",""path"":""<RAW_ROOT>/BY2_BY3/2026-03-06/fixption数据/2026.3.6/by2/vrtk2_a87c6e_2026-03-06-08-00-54_minimal/trace_vrtk2_a87c6e_2026-03-06-08-00-54_minimal.csv"",""pid"":""26416"",""return_code"":""3""}],""trace_read_role"":""registered_evaluator_child_only"",""write_scope"":{""allowed_anonymous_pipe_write_count"":""0"",""allowed_anonymous_pipe_write_records"":[],""allowed_device_write_count"":""0"",""allowed_device_write_records"":[],""clean_root_outside_run_write_count"":""0"",""outside_run_write_open_count"":""0"",""outside_run_write_open_records"":[],""pass"":true,""raw_write_open_count"":""0"",""write_open_count"":""2"",""write_open_records"":[{""anonymous_pipe"":false,""flags"":""O_WRONLY|O_CREAT|O_EXCL|O_CLOEXEC"",""lexical_path"":""<HX02_SCRATCH>/RUNS/BY2__EXT02__LIT__C00__NA/eval/HEADING/OUTPUT/HEADING_ERROR_SERIES_EXT02.csv"",""path"":""<HX02_SCRATCH>/RUNS/BY2__EXT02__LIT__C00__NA/eval/HEADING/OUTPUT/HEADING_ERROR_SERIES_EXT02.csv"",""pid"":""26416"",""return_code"":""3""},{""anonymous_pipe"":false,""flags"":""O_WRONLY|O_CREAT|O_EXCL|O_CLOEXEC"",""lexical_path"":""<HX02_SCRATCH>/RUNS/BY2__EXT02__LIT__C00__NA/eval/HEADING/OUTPUT/HEADING_METRICS.json"",""path"":""<HX02_SCRATCH>/RUNS/BY2__EXT02__LIT__C00__NA/eval/HEADING/OUTPUT/HEADING_METRICS.json"",""pid"":""26416"",""return_code"":""3""}],""write_outside_run_count"":""0"",""write_scope_exceptions"":[""/dev/null"",""/dev/pts/*"",""kernel-identified anonymous pipe""]}}",[],[],[],FULL_RECORD_READ,PRESENT_READ,,,First-delivery subset. Source values preserved; path aliases only. No payload-body read.
HX02-ddd832e57e143f2e9047,HX02,EVALUATION_RECORD,EXT02,unknown,unknown,BY2,NATURAL_C00,LIT,C00,unknown,unknown,unknown,<CLEAN_ROOT>/stages/CLEAN9_EXTERNAL_COMPARISON/HX02_FIVE_CATEGORY/RUNS/BY2__EXT02__LIT__C00__NA/eval/HEADING/OUTPUT/HEADING_METRICS.json,#,"{""method_id"":""EXT02"",""schema"":""hx02.heading_evaluation.v1"",""sequence_id"":""BY2"",""trace_open_count_in_child"":""1"",""trace_sha256_observed"":""ee3ee42dea3ada196dfdbcc78fd07524f91b4ce4fb94d9d6482a3e7d4b34aa4c"",""variants"":{""EXT02"":{""availability"":""0.7036496350364964"",""base_time"":""1772784000.0"",""denominator_native_paired_epochs_in_window"":""1370"",""error_convention"":""wrap180(method_body_yaw_ned - reference_body_yaw_ned)"",""heading_table_sha256"":""08fe64c3869d5391e7729b668f730ef2290e4cb5387c1668ed539e90089d199d"",""hold_last_valid"":{""circular_bias_deg"":""122.3271952084686"",""count"":""1370"",""held_epochs_in_window"":""1370"",""held_epochs_without_reference_support"":""0"",""hold_source"":""CAUSAL_LAST_METHOD_NATIVE_VALID_EPOCH_FROM_NATIVE_START"",""mae_deg"":""100.36082396669055"",""max_absolute_deg"":""179.96605423604268"",""no_heading_epochs_before_first_valid"":""0"",""p95_absolute_deg"":""177.8224630581174"",""rmse_deg"":""117.94583543554252""},""method_id"":""EXT02"",""reference_semantics"":""wrap360(90-interp(unwrap(yaw_ENU))) inside trace support; no extrapolation"",""schema"":""hx02.heading_evaluation.v1"",""valid"":{""circular_bias_deg"":""141.07743603205643"",""count"":""964"",""mae_deg"":""105.15307519592537"",""max_absolute_deg"":""179.96605423604268"",""p95_absolute_deg"":""178.30403175914398"",""rmse_deg"":""120.52876042302128"",""wrapsafe"":{""circular_wrapsafe_bias_deg"":""141.07743603205643"",""continuity_definition"":""segments split when accepted original epoch indices are nonconsecutive"",""longest_segment_epochs"":""285"",""mae_deg"":""105.15307519592537"",""matched_count"":""964"",""max_absolute_deg"":""179.96605423604268"",""maximum_gap_seconds"":""13.800000190734863"",""median_absolute_deg"":""115.82441764111354"",""p90_absolute_deg"":""176.277140202669"",""p95_absolute_deg"":""178.30403175914398"",""p99_absolute_deg"":""179.48903217966563"",""rmse_deg"":""120.52876042302128"",""segment_count"":""25"",""valid_count"":""964"",""valid_coverage"":""0.7036496350364964"",""valid_denominator"":""1370"",""wrapsafe_bias_deg"":""15.432854880527305""}},""valid_epochs_in_window"":""964"",""valid_epochs_without_reference_support"":""0"",""valid_segments"":{""definition"":""segments split when accepted original epoch indices are nonconsecutive"",""longest_segment_epochs"":""285"",""maximum_gap_seconds"":""13.800000190734863"",""segment_count"":""25""},""window_seconds"":[""66.0"",""340.0""]}}}",[],[],[],FULL_RECORD_READ,PRESENT_READ,,,First-delivery subset. Source values preserved; path aliases only. No payload-body read.
HX02-3b640a6bfcb2c2ef6f9d,HX02,RUN_IDENTITY,EXT02,unknown,3e8a43be928247da09ac4cca8a54178c3db9dadb,BY2,NATURAL_C00,LIT,C00,unknown,COMPLETED,EVALUATION_RECORDS_PRESENT,<CLEAN_ROOT>/stages/CLEAN9_EXTERNAL_COMPARISON/HX02_FIVE_CATEGORY/RUNS/BY2__EXT02__LIT__C00__NA,run_id=BY2__EXT02__LIT__C00__NA,"{""COMMAND.json"":{""argv"":[""/usr/bin/python3"",""<AUDIT_SOURCE_WORKTREE>/scripts/paper_rebuild/run_horizontal_literature_phase2.py"",""--paths-config"",""<AUDIT_SOURCE_WORKTREE>/configs/paper_rebuild/DATA_PATHS.CLEAN3R4.local.yaml"",""--sequence-spec"",""<HX02_SCRATCH>/RUNS/BY2__EXT02__LIT__C00__NA/native/SEQUENCE_SPEC.json"",""--mode"",""native-only"",""--trace-mode"",""disabled"",""--workers"",""16""],""case"":""C00"",""code_commit"":""3e8a43be928247da09ac4cca8a54178c3db9dadb"",""config"":""LIT"",""cwd"":""<AUDIT_SOURCE_WORKTREE>"",""end_utc"":""2026-09-24T12:30:29.649083+00:00"",""env_whitelist"":{""MKL_NUM_THREADS"":""1"",""NUMEXPR_NUM_THREADS"":""1"",""OMP_NUM_THREADS"":""1"",""OPENBLAS_NUM_THREADS"":""1"",""PYTHONDONTWRITEBYTECODE"":""1"",""PYTHONPATH"":""<AUDIT_SOURCE_WORKTREE>/src""},""method"":""EXT02"",""native_classification"":""COMPLETED"",""provenance"":{""LegSA_output_solver_input"":false,""code_commit"":""3e8a43be928247da09ac4cca8a54178c3db9dadb"",""config_hash"":""3d5638245b0a0f4fb6468f2ca5720cfa3951ccd53bfdd04d769f4560c50c7831"",""config_hash_source"":""configs/paper_rebuild/hext/HX02_CONTRACT_V1.yaml"",""data_mode"":""real_by2_raw"",""epoch_deleted_for_metric"":false,""final_v23_output_solver_input"":false,""old_runtime_input_count"":""0"",""output_only_correction"":false,""per_case_tuning"":false,""raw_hash_lock"":{""path"":""<CLEAN_ROOT>/01_RAW_HASH_LOCK/RAW_FILE_HASH_LOCK.csv"",""sha256"":""f6e5d7965d17857e5b4a846501883f4675f2331a1164fab3de9e5ba9470f1ad7""},""receiver_imu_as_body_imu"":false,""semisynthetic_data_used"":false,""synthetic_data_used"":false,""trace_used_online"":false},""quiet_machine"":{""load1"":""5.81103515625"",""load5"":""7.18408203125"",""quiet"":true,""waited_s"":""30.023490276000302""},""returncode"":""0"",""run_id"":""BY2__EXT02__LIT__C00__NA"",""runner_terminal_status"":""PASS_PHASE2_EXT02_CWLS_C00_READY_FOR_NATIVE_COMPARISON"",""runtime_seconds"":""24.556324004999624"",""sequence"":""BY2"",""start_utc"":""2026-09-24T12:30:00.730807+00:00"",""strace_command_prefix"":[""strace"",""--seccomp-bpf"",""-f"",""-qq"",""-yy"",""-s"",""4096"",""-e"",""trace=openat,execve"",""-o"",""<HX02_SCRATCH>/RUNS/BY2__EXT02__LIT__C00__NA/native/NATIVE_OPENAT.strace""],""tracked_tree_clean"":true},""DONE.json"":{""convention_diagnostic"":{""EXT02"":{""compared_epochs"":""1057"",""definition"":""wrap180(method body yaw - (GNSS2-GNSS1 HPPOSECEF baseline heading + 90 deg)) on method-valid epochs where both receivers report carrSoln == 2"",""fractions"":{""within_20_of_0"":""0.12204351939451277"",""within_20_of_180"":""0.2781456953642384"",""within_20_of_plus_minus_90"":""0.12677388836329234""},""hard_stop"":false,""mean_circular_deg"":""144.2728277969451"",""median_deg"":""36.97838559208924"",""median_near_180"":false,""median_near_plus_minus_90"":false,""status"":""PASS""}},""evaluation"":""HEADING"",""heading_tables"":{""EXT02"":{""path"":""<HX02_SCRATCH>/RUNS/BY2__EXT02__LIT__C00__NA/native/HX02_HEADING_TABLES/HX02_HEADING_TABLE_EXT02.csv"",""rows"":""1509"",""sha256"":""08fe64c3869d5391e7729b668f730ef2290e4cb5387c1668ed539e90089d199d"",""valid"":""1057""}},""native_classification"":""COMPLETED"",""provenance"":{""LegSA_output_solver_input"":false,""code_commit"":""3e8a43be928247da09ac4cca8a54178c3db9dadb"",""config_hash"":""3d5638245b0a0f4fb6468f2ca5720cfa3951ccd53bfdd04d769f4560c50c7831"",""config_hash_source"":""configs/paper_rebuild/hext/HX02_CONTRACT_V1.yaml"",""data_mode"":""real_by2_raw"",""epoch_deleted_for_metric"":false,""final_v23_output_solver_input"":false,""old_runtime_input_count"":""0"",""output_only_correction"":false,""per_case_tuning"":false,""raw_hash_lock"":{""path"":""<CLEAN_ROOT>/01_RAW_HASH_LOCK/RAW_FILE_HASH_LOCK.csv"",""sha256"":""f6e5d7965d17857e5b4a846501883f4675f2331a1164fab3de9e5ba9470f1ad7""},""receiver_imu_as_body_imu"":false,""semisynthetic_data_used"":false,""synthetic_data_used"":false,""trace_used_online"":false},""run_id"":""BY2__EXT02__LIT__C00__NA"",""runner_exit_code"":""0"",""runner_terminal_status"":""PASS_PHASE2_EXT02_CWLS_C00_READY_FOR_NATIVE_COMPARISON"",""status"":""COMPLETED"",""utc"":""2026-09-24T12:30:30.559941+00:00""}}","[""<CLEAN_ROOT>/stages/CLEAN9_EXTERNAL_COMPARISON/HX02_FIVE_CATEGORY/RUNS/BY2__EXT02__LIT__C00__NA/native/HX02_HEADING_TABLES/HX02_HEADING_TABLE_EXT02.csv""]","[""<CLEAN_ROOT>/stages/CLEAN9_EXTERNAL_COMPARISON/HX02_FIVE_CATEGORY/RUNS/BY2__EXT02__LIT__C00__NA/eval/HEADING/EVALUATOR_STRACE_AUDIT.json"", ""<CLEAN_ROOT>/stages/CLEAN9_EXTERNAL_COMPARISON/HX02_FIVE_CATEGORY/RUNS/BY2__EXT02__LIT__C00__NA/eval/HEADING/OUTPUT/HEADING_METRICS.json""]",[],FULL_RECORD_READ,ARCHIVED_DIRECTORY_PRESENT,,,"Directory token 4 is original start_mode, not case_id; NATURAL_C00 labels this natural full-window run. native_classification=COMPLETED; runner_terminal_status=PASS_PHASE2_EXT02_CWLS_C00_READY_FOR_NATIVE_COMPARISON. Original metadata values preserved in source_values_json."
HX02-652dc327b967379dc7b5,HX02,EVALUATION_RECORD,EXT03,unknown,unknown,BY2,NATURAL_C00,LIT,C00,unknown,unknown,unknown,<CLEAN_ROOT>/stages/CLEAN9_EXTERNAL_COMPARISON/HX02_FIVE_CATEGORY/RUNS/BY2__EXT03__LIT__C00__NA/eval/HEADING/EVALUATOR_STRACE_AUDIT.json,#,"{""argv"":[""/usr/bin/python3"",""-m"",""legsa_gins.paper_rebuild.hext.hx02_heading_evaluation"",""--spec"",""<HX02_SCRATCH>/RUNS/BY2__EXT03__LIT__C00__NA/eval/HEADING/SPEC.json""],""environment"":{""GIT_OPTIONAL_LOCKS"":""0"",""MKL_NUM_THREADS"":""1"",""MPLBACKEND"":""Agg"",""MPLCONFIGDIR"":""<HX02_SCRATCH>/RUNS/BY2__EXT03__LIT__C00__NA/eval/HEADING/OUTPUT/.matplotlib"",""NUMEXPR_NUM_THREADS"":""1"",""OMP_NUM_THREADS"":""1"",""OPENBLAS_NUM_THREADS"":""1"",""PYTHONDONTWRITEBYTECODE"":""1"",""PYTHONPATH"":""<AUDIT_SOURCE_WORKTREE>/src"",""XDG_CACHE_HOME"":""<HX02_SCRATCH>/RUNS/BY2__EXT03__LIT__C00__NA/eval/HEADING/OUTPUT/.cache""},""execve_programs"":[""/usr/bin/python3""],""exit_code"":""0"",""failures"":[],""kind"":""HEADING"",""module"":""legsa_gins.paper_rebuild.hext.hx02_heading_evaluation"",""passed"":true,""raw_open_count"":""1"",""runtime_seconds"":""0.42450105900024937"",""spec_sha256"":""7559ec775b24d824db5d86f777c64a993bbcf71ff457df22f97b20634b286408"",""strace_sha256"":""a05a1adbeaadba1a04a66ef6922af0efc25ef736542f52a504c0a7716d4b6399"",""trace_open_count"":""1"",""trace_open_records"":[{""anonymous_pipe"":false,""flags"":""O_RDONLY|O_CLOEXEC"",""lexical_path"":""<RAW_ROOT>/BY2_BY3/2026-03-06/fixption数据/2026.3.6/by2/vrtk2_a87c6e_2026-03-06-08-00-54_minimal/trace_vrtk2_a87c6e_2026-03-06-08-00-54_minimal.csv"",""path"":""<RAW_ROOT>/BY2_BY3/2026-03-06/fixption数据/2026.3.6/by2/vrtk2_a87c6e_2026-03-06-08-00-54_minimal/trace_vrtk2_a87c6e_2026-03-06-08-00-54_minimal.csv"",""pid"":""26503"",""return_code"":""3""}],""trace_read_role"":""registered_evaluator_child_only"",""write_scope"":{""allowed_anonymous_pipe_write_count"":""0"",""allowed_anonymous_pipe_write_records"":[],""allowed_device_write_count"":""0"",""allowed_device_write_records"":[],""clean_root_outside_run_write_count"":""0"",""outside_run_write_open_count"":""0"",""outside_run_write_open_records"":[],""pass"":true,""raw_write_open_count"":""0"",""write_open_count"":""2"",""write_open_records"":[{""anonymous_pipe"":false,""flags"":""O_WRONLY|O_CREAT|O_EXCL|O_CLOEXEC"",""lexical_path"":""<HX02_SCRATCH>/RUNS/BY2__EXT03__LIT__C00__NA/eval/HEADING/OUTPUT/HEADING_ERROR_SERIES_EXT03.csv"",""path"":""<HX02_SCRATCH>/RUNS/BY2__EXT03__LIT__C00__NA/eval/HEADING/OUTPUT/HEADING_ERROR_SERIES_EXT03.csv"",""pid"":""26503"",""return_code"":""3""},{""anonymous_pipe"":false,""flags"":""O_WRONLY|O_CREAT|O_EXCL|O_CLOEXEC"",""lexical_path"":""<HX02_SCRATCH>/RUNS/BY2__EXT03__LIT__C00__NA/eval/HEADING/OUTPUT/HEADING_METRICS.json"",""path"":""<HX02_SCRATCH>/RUNS/BY2__EXT03__LIT__C00__NA/eval/HEADING/OUTPUT/HEADING_METRICS.json"",""pid"":""26503"",""return_code"":""3""}],""write_outside_run_count"":""0"",""write_scope_exceptions"":[""/dev/null"",""/dev/pts/*"",""kernel-identified anonymous pipe""]}}",[],[],[],FULL_RECORD_READ,PRESENT_READ,,,First-delivery subset. Source values preserved; path aliases only. No payload-body read.
HX02-f6abb5d4039d0071da65,HX02,EVALUATION_RECORD,EXT03,unknown,unknown,BY2,NATURAL_C00,LIT,C00,unknown,unknown,unknown,<CLEAN_ROOT>/stages/CLEAN9_EXTERNAL_COMPARISON/HX02_FIVE_CATEGORY/RUNS/BY2__EXT03__LIT__C00__NA/eval/HEADING/OUTPUT/HEADING_METRICS.json,#,"{""method_id"":""EXT03"",""schema"":""hx02.heading_evaluation.v1"",""sequence_id"":""BY2"",""trace_open_count_in_child"":""1"",""trace_sha256_observed"":""ee3ee42dea3ada196dfdbcc78fd07524f91b4ce4fb94d9d6482a3e7d4b34aa4c"",""variants"":{""EXT03"":{""availability"":""0.3948905109489051"",""base_time"":""1772784000.0"",""denominator_native_paired_epochs_in_window"":""1370"",""error_convention"":""wrap180(method_body_yaw_ned - reference_body_yaw_ned)"",""heading_table_sha256"":""aaa3832b312ce104c5de1b464044704767ecf0f4ce5b89fbfa86d3df28b26296"",""hold_last_valid"":{""circular_bias_deg"":""-39.83463728154305"",""count"":""1370"",""held_epochs_in_window"":""1370"",""held_epochs_without_reference_support"":""0"",""hold_source"":""CAUSAL_LAST_METHOD_NATIVE_VALID_EPOCH_FROM_NATIVE_START"",""mae_deg"":""74.28428836433602"",""max_absolute_deg"":""179.605235525056"",""no_heading_epochs_before_first_valid"":""0"",""p95_absolute_deg"":""169.94018575191603"",""rmse_deg"":""92.49588894302687""},""method_id"":""EXT03"",""ratio_fixed"":{""count"":""105"",""errors"":{""circular_bias_deg"":""-7.496964603625202"",""count"":""105"",""mae_deg"":""28.63686466404921"",""max_absolute_deg"":""158.7882959406712"",""p95_absolute_deg"":""55.942180025927435"",""rmse_deg"":""40.63084624232342""},""rate"":""0.07664233576642336""},""reference_semantics"":""wrap360(90-interp(unwrap(yaw_ENU))) inside trace support; no extrapolation"",""schema"":""hx02.heading_evaluation.v1"",""valid"":{""circular_bias_deg"":""-16.511340309238676"",""count"":""541"",""mae_deg"":""62.11640777056695"",""max_absolute_deg"":""179.35445839421317"",""p95_absolute_deg"":""168.288190448887"",""rmse_deg"":""84.34382296702495"",""wrapsafe"":{""circular_wrapsafe_bias_deg"":""-16.511340309238676"",""continuity_definition"":""segments split when accepted original epoch indices are nonconsecutive"",""longest_segment_epochs"":""155"",""mae_deg"":""62.11640777056695"",""matched_count"":""541"",""max_absolute_deg"":""179.35445839421317"",""maximum_gap_seconds"":""38.39999985694885"",""median_absolute_deg"":""34.87498128530069"",""p90_absolute_deg"":""158.42810649982133"",""p95_absolute_deg"":""168.288190448887"",""p99_absolute_deg"":""176.18462149416735"",""rmse_deg"":""84.34382296702495"",""segment_count"":""31"",""valid_count"":""541"",""valid_coverage"":""0.3948905109489051"",""valid_denominator"":""1370"",""wrapsafe_bias_deg"":""-15.515225770306929""}},""valid_epochs_in_window"":""541"",""valid_epochs_without_reference_support"":""0"",""valid_segments"":{""definition"":""segments split when accepted original epoch indices are nonconsecutive"",""longest_segment_epochs"":""155"",""maximum_gap_seconds"":""38.39999985694885"",""segment_count"":""31""},""window_seconds"":[""66.0"",""340.0""]}}}",[],[],[],FULL_RECORD_READ,PRESENT_READ,,,First-delivery subset. Source values preserved; path aliases only. No payload-body read.
HX02-2ce6064ab8c2126cfa07,HX02,RUN_IDENTITY,EXT03,unknown,3e8a43be928247da09ac4cca8a54178c3db9dadb,BY2,NATURAL_C00,LIT,C00,unknown,COMPLETED,EVALUATION_RECORDS_PRESENT,<CLEAN_ROOT>/stages/CLEAN9_EXTERNAL_COMPARISON/HX02_FIVE_CATEGORY/RUNS/BY2__EXT03__LIT__C00__NA,run_id=BY2__EXT03__LIT__C00__NA,"{""COMMAND.json"":{""argv"":[""/usr/bin/python3"",""<AUDIT_SOURCE_WORKTREE>/scripts/paper_rebuild/run_horizontal_literature_phase3.py"",""--paths-config"",""<AUDIT_SOURCE_WORKTREE>/configs/paper_rebuild/DATA_PATHS.CLEAN3R4.local.yaml"",""--sequence-spec"",""<HX02_SCRATCH>/RUNS/BY2__EXT03__LIT__C00__NA/native/SEQUENCE_SPEC.json"",""--mode"",""native-only"",""--trace-mode"",""disabled"",""--workers"",""16""],""case"":""C00"",""code_commit"":""3e8a43be928247da09ac4cca8a54178c3db9dadb"",""config"":""LIT"",""cwd"":""<AUDIT_SOURCE_WORKTREE>"",""end_utc"":""2026-09-24T12:30:44.711800+00:00"",""env_whitelist"":{""MKL_NUM_THREADS"":""1"",""NUMEXPR_NUM_THREADS"":""1"",""OMP_NUM_THREADS"":""1"",""OPENBLAS_NUM_THREADS"":""1"",""PYTHONDONTWRITEBYTECODE"":""1"",""PYTHONPATH"":""<AUDIT_SOURCE_WORKTREE>/src""},""method"":""EXT03"",""native_classification"":""COMPLETED"",""provenance"":{""LegSA_output_solver_input"":false,""code_commit"":""3e8a43be928247da09ac4cca8a54178c3db9dadb"",""config_hash"":""3d5638245b0a0f4fb6468f2ca5720cfa3951ccd53bfdd04d769f4560c50c7831"",""config_hash_source"":""configs/paper_rebuild/hext/HX02_CONTRACT_V1.yaml"",""data_mode"":""real_by2_raw"",""epoch_deleted_for_metric"":false,""final_v23_output_solver_input"":false,""old_runtime_input_count"":""0"",""output_only_correction"":false,""per_case_tuning"":false,""raw_hash_lock"":{""path"":""<CLEAN_ROOT>/01_RAW_HASH_LOCK/RAW_FILE_HASH_LOCK.csv"",""sha256"":""f6e5d7965d17857e5b4a846501883f4675f2331a1164fab3de9e5ba9470f1ad7""},""receiver_imu_as_body_imu"":false,""semisynthetic_data_used"":false,""synthetic_data_used"":false,""trace_used_online"":false},""quiet_machine"":{""load1"":""4.23046875"",""load5"":""6.7021484375"",""quiet"":true,""waited_s"":""5.763700028182939e-05""},""returncode"":""0"",""run_id"":""BY2__EXT03__LIT__C00__NA"",""runner_terminal_status"":""PASS_PHASE3_EXT03_YANG2024_C00_READY_FOR_NATIVE_COMPARISON"",""runtime_seconds"":""13.86407872700056"",""sequence"":""BY2"",""start_utc"":""2026-09-24T12:30:30.847737+00:00"",""strace_command_prefix"":[""strace"",""--seccomp-bpf"",""-f"",""-qq"",""-yy"",""-s"",""4096"",""-e"",""trace=openat,execve"",""-o"",""<HX02_SCRATCH>/RUNS/BY2__EXT03__LIT__C00__NA/native/NATIVE_OPENAT.strace""],""tracked_tree_clean"":true},""DONE.json"":{""convention_diagnostic"":{""EXT03"":{""compared_epochs"":""609"",""definition"":""wrap180(method body yaw - (GNSS2-GNSS1 HPPOSECEF baseline heading + 90 deg)) on method-valid epochs where both receivers report carrSoln == 2"",""fractions"":{""within_20_of_0"":""0.2561576354679803"",""within_20_of_180"":""0.12807881773399016"",""within_20_of_plus_minus_90"":""0.029556650246305417""},""hard_stop"":false,""mean_circular_deg"":""-24.691485524864493"",""median_deg"":""-16.71663920575645"",""median_near_180"":false,""median_near_plus_minus_90"":false,""status"":""PASS""}},""evaluation"":""HEADING"",""heading_tables"":{""EXT03"":{""path"":""<HX02_SCRATCH>/RUNS/BY2__EXT03__LIT__C00__NA/native/HX02_HEADING_TABLES/HX02_HEADING_TABLE_EXT03.csv"",""rows"":""1509"",""sha256"":""aaa3832b312ce104c5de1b464044704767ecf0f4ce5b89fbfa86d3df28b26296"",""valid"":""609""}},""native_classification"":""COMPLETED"",""provenance"":{""LegSA_output_solver_input"":false,""code_commit"":""3e8a43be928247da09ac4cca8a54178c3db9dadb"",""config_hash"":""3d5638245b0a0f4fb6468f2ca5720cfa3951ccd53bfdd04d769f4560c50c7831"",""config_hash_source"":""configs/paper_rebuild/hext/HX02_CONTRACT_V1.yaml"",""data_mode"":""real_by2_raw"",""epoch_deleted_for_metric"":false,""final_v23_output_solver_input"":false,""old_runtime_input_count"":""0"",""output_only_correction"":false,""per_case_tuning"":false,""raw_hash_lock"":{""path"":""<CLEAN_ROOT>/01_RAW_HASH_LOCK/RAW_FILE_HASH_LOCK.csv"",""sha256"":""f6e5d7965d17857e5b4a846501883f4675f2331a1164fab3de9e5ba9470f1ad7""},""receiver_imu_as_body_imu"":false,""semisynthetic_data_used"":false,""synthetic_data_used"":false,""trace_used_online"":false},""run_id"":""BY2__EXT03__LIT__C00__NA"",""runner_exit_code"":""0"",""runner_terminal_status"":""PASS_PHASE3_EXT03_YANG2024_C00_READY_FOR_NATIVE_COMPARISON"",""status"":""COMPLETED"",""utc"":""2026-09-24T12:30:45.614328+00:00""}}","[""<CLEAN_ROOT>/stages/CLEAN9_EXTERNAL_COMPARISON/HX02_FIVE_CATEGORY/RUNS/BY2__EXT03__LIT__C00__NA/native/HX02_HEADING_TABLES/HX02_HEADING_TABLE_EXT03.csv""]","[""<CLEAN_ROOT>/stages/CLEAN9_EXTERNAL_COMPARISON/HX02_FIVE_CATEGORY/RUNS/BY2__EXT03__LIT__C00__NA/eval/HEADING/EVALUATOR_STRACE_AUDIT.json"", ""<CLEAN_ROOT>/stages/CLEAN9_EXTERNAL_COMPARISON/HX02_FIVE_CATEGORY/RUNS/BY2__EXT03__LIT__C00__NA/eval/HEADING/OUTPUT/HEADING_METRICS.json""]",[],FULL_RECORD_READ,ARCHIVED_DIRECTORY_PRESENT,,,"Directory token 4 is original start_mode, not case_id; NATURAL_C00 labels this natural full-window run. native_classification=COMPLETED; runner_terminal_status=PASS_PHASE3_EXT03_YANG2024_C00_READY_FOR_NATIVE_COMPARISON. Original metadata values preserved in source_values_json."
HX02-c82262f34363554cb523,HX02,EVALUATION_RECORD,EXT04,unknown,unknown,BY2,NATURAL_C00,LIT,C00,unknown,unknown,unknown,<CLEAN_ROOT>/stages/CLEAN9_EXTERNAL_COMPARISON/HX02_FIVE_CATEGORY/RUNS/BY2__EXT04__LIT__C00__NA/eval/HEADING/EVALUATOR_STRACE_AUDIT.json,#,"{""argv"":[""/usr/bin/python3"",""-m"",""legsa_gins.paper_rebuild.hext.hx02_heading_evaluation"",""--spec"",""<HX02_SCRATCH>/RUNS/BY2__EXT04__LIT__C00__NA/eval/HEADING/SPEC.json""],""environment"":{""GIT_OPTIONAL_LOCKS"":""0"",""MKL_NUM_THREADS"":""1"",""MPLBACKEND"":""Agg"",""MPLCONFIGDIR"":""<HX02_SCRATCH>/RUNS/BY2__EXT04__LIT__C00__NA/eval/HEADING/OUTPUT/.matplotlib"",""NUMEXPR_NUM_THREADS"":""1"",""OMP_NUM_THREADS"":""1"",""OPENBLAS_NUM_THREADS"":""1"",""PYTHONDONTWRITEBYTECODE"":""1"",""PYTHONPATH"":""<AUDIT_SOURCE_WORKTREE>/src"",""XDG_CACHE_HOME"":""<HX02_SCRATCH>/RUNS/BY2__EXT04__LIT__C00__NA/eval/HEADING/OUTPUT/.cache""},""execve_programs"":[""/usr/bin/python3""],""exit_code"":""0"",""failures"":[],""kind"":""HEADING"",""module"":""legsa_gins.paper_rebuild.hext.hx02_heading_evaluation"",""passed"":true,""raw_open_count"":""1"",""runtime_seconds"":""0.4112230279997675"",""spec_sha256"":""9c68f51a3b6e84b4dba34cc79dc96fbcb72527387e1fc1311d1547ab58cae3a9"",""strace_sha256"":""a2ec7a2d93ff3798bfb82425ed743cd311f29ddfdfaf3ec9bbcfd21847296ff7"",""trace_open_count"":""1"",""trace_open_records"":[{""anonymous_pipe"":false,""flags"":""O_RDONLY|O_CLOEXEC"",""lexical_path"":""<RAW_ROOT>/BY2_BY3/2026-03-06/fixption数据/2026.3.6/by2/vrtk2_a87c6e_2026-03-06-08-00-54_minimal/trace_vrtk2_a87c6e_2026-03-06-08-00-54_minimal.csv"",""path"":""<RAW_ROOT>/BY2_BY3/2026-03-06/fixption数据/2026.3.6/by2/vrtk2_a87c6e_2026-03-06-08-00-54_minimal/trace_vrtk2_a87c6e_2026-03-06-08-00-54_minimal.csv"",""pid"":""26633"",""return_code"":""3""}],""trace_read_role"":""registered_evaluator_child_only"",""write_scope"":{""allowed_anonymous_pipe_write_count"":""0"",""allowed_anonymous_pipe_write_records"":[],""allowed_device_write_count"":""0"",""allowed_device_write_records"":[],""clean_root_outside_run_write_count"":""0"",""outside_run_write_open_count"":""0"",""outside_run_write_open_records"":[],""pass"":true,""raw_write_open_count"":""0"",""write_open_count"":""3"",""write_open_records"":[{""anonymous_pipe"":false,""flags"":""O_WRONLY|O_CREAT|O_EXCL|O_CLOEXEC"",""lexical_path"":""<HX02_SCRATCH>/RUNS/BY2__EXT04__LIT__C00__NA/eval/HEADING/OUTPUT/HEADING_ERROR_SERIES_EXT04_FAR.csv"",""path"":""<HX02_SCRATCH>/RUNS/BY2__EXT04__LIT__C00__NA/eval/HEADING/OUTPUT/HEADING_ERROR_SERIES_EXT04_FAR.csv"",""pid"":""26633"",""return_code"":""3""},{""anonymous_pipe"":false,""flags"":""O_WRONLY|O_CREAT|O_EXCL|O_CLOEXEC"",""lexical_path"":""<HX02_SCRATCH>/RUNS/BY2__EXT04__LIT__C00__NA/eval/HEADING/OUTPUT/HEADING_ERROR_SERIES_EXT04_PAR.csv"",""path"":""<HX02_SCRATCH>/RUNS/BY2__EXT04__LIT__C00__NA/eval/HEADING/OUTPUT/HEADING_ERROR_SERIES_EXT04_PAR.csv"",""pid"":""26633"",""return_code"":""3""},{""anonymous_pipe"":false,""flags"":""O_WRONLY|O_CREAT|O_EXCL|O_CLOEXEC"",""lexical_path"":""<HX02_SCRATCH>/RUNS/BY2__EXT04__LIT__C00__NA/eval/HEADING/OUTPUT/HEADING_METRICS.json"",""path"":""<HX02_SCRATCH>/RUNS/BY2__EXT04__LIT__C00__NA/eval/HEADING/OUTPUT/HEADING_METRICS.json"",""pid"":""26633"",""return_code"":""3""}],""write_outside_run_count"":""0"",""write_scope_exceptions"":[""/dev/null"",""/dev/pts/*"",""kernel-identified anonymous pipe""]}}",[],[],[],FULL_RECORD_READ,PRESENT_READ,,,First-delivery subset. Source values preserved; path aliases only. No payload-body read.
HX02-5d7ea9917125840d0e85,HX02,EVALUATION_RECORD,EXT04,unknown,unknown,BY2,NATURAL_C00,LIT,C00,unknown,unknown,unknown,<CLEAN_ROOT>/stages/CLEAN9_EXTERNAL_COMPARISON/HX02_FIVE_CATEGORY/RUNS/BY2__EXT04__LIT__C00__NA/eval/HEADING/OUTPUT/HEADING_METRICS.json,#,"{""method_id"":""EXT04"",""schema"":""hx02.heading_evaluation.v1"",""sequence_id"":""BY2"",""trace_open_count_in_child"":""1"",""trace_sha256_observed"":""ee3ee42dea3ada196dfdbcc78fd07524f91b4ce4fb94d9d6482a3e7d4b34aa4c"",""variants"":{""EXT04_FAR"":{""availability"":""0.0"",""base_time"":""1772784000.0"",""denominator_native_paired_epochs_in_window"":""1370"",""error_convention"":""wrap180(method_body_yaw_ned - reference_body_yaw_ned)"",""heading_table_sha256"":""9d2cb8eb9a450c7881f4cfbff239a48a3f83f17b662b38f3d5d59bdf45dcbf4d"",""hold_last_valid"":{""circular_bias_deg"":null,""count"":""0"",""held_epochs_in_window"":""0"",""held_epochs_without_reference_support"":""0"",""hold_source"":""CAUSAL_LAST_METHOD_NATIVE_VALID_EPOCH_FROM_NATIVE_START"",""mae_deg"":null,""max_absolute_deg"":null,""no_heading_epochs_before_first_valid"":""1370"",""p95_absolute_deg"":null,""rmse_deg"":null},""method_id"":""EXT04_FAR"",""reference_semantics"":""wrap360(90-interp(unwrap(yaw_ENU))) inside trace support; no extrapolation"",""schema"":""hx02.heading_evaluation.v1"",""valid"":{""circular_bias_deg"":null,""count"":""0"",""mae_deg"":null,""max_absolute_deg"":null,""p95_absolute_deg"":null,""rmse_deg"":null,""wrapsafe"":{""circular_wrapsafe_bias_deg"":null,""continuity_definition"":""segments split when accepted original epoch indices are nonconsecutive"",""longest_segment_epochs"":""0"",""mae_deg"":null,""matched_count"":""0"",""max_absolute_deg"":null,""maximum_gap_seconds"":null,""median_absolute_deg"":null,""p90_absolute_deg"":null,""p95_absolute_deg"":null,""p99_absolute_deg"":null,""rmse_deg"":null,""segment_count"":""0"",""valid_count"":""0"",""valid_coverage"":""0.0"",""valid_denominator"":""1370"",""wrapsafe_bias_deg"":null}},""valid_epochs_in_window"":""0"",""valid_epochs_without_reference_support"":""0"",""valid_segments"":{""definition"":""segments split when accepted original epoch indices are nonconsecutive"",""longest_segment_epochs"":""0"",""maximum_gap_seconds"":null,""segment_count"":""0""},""window_seconds"":[""66.0"",""340.0""]},""EXT04_PAR"":{""availability"":""0.0"",""base_time"":""1772784000.0"",""denominator_native_paired_epochs_in_window"":""1370"",""error_convention"":""wrap180(method_body_yaw_ned - reference_body_yaw_ned)"",""heading_table_sha256"":""9d2cb8eb9a450c7881f4cfbff239a48a3f83f17b662b38f3d5d59bdf45dcbf4d"",""hold_last_valid"":{""circular_bias_deg"":null,""count"":""0"",""held_epochs_in_window"":""0"",""held_epochs_without_reference_support"":""0"",""hold_source"":""CAUSAL_LAST_METHOD_NATIVE_VALID_EPOCH_FROM_NATIVE_START"",""mae_deg"":null,""max_absolute_deg"":null,""no_heading_epochs_before_first_valid"":""1370"",""p95_absolute_deg"":null,""rmse_deg"":null},""method_id"":""EXT04_PAR"",""reference_semantics"":""wrap360(90-interp(unwrap(yaw_ENU))) inside trace support; no extrapolation"",""schema"":""hx02.heading_evaluation.v1"",""valid"":{""circular_bias_deg"":null,""count"":""0"",""mae_deg"":null,""max_absolute_deg"":null,""p95_absolute_deg"":null,""rmse_deg"":null,""wrapsafe"":{""circular_wrapsafe_bias_deg"":null,""continuity_definition"":""segments split when accepted original epoch indices are nonconsecutive"",""longest_segment_epochs"":""0"",""mae_deg"":null,""matched_count"":""0"",""max_absolute_deg"":null,""maximum_gap_seconds"":null,""median_absolute_deg"":null,""p90_absolute_deg"":null,""p95_absolute_deg"":null,""p99_absolute_deg"":null,""rmse_deg"":null,""segment_count"":""0"",""valid_count"":""0"",""valid_coverage"":""0.0"",""valid_denominator"":""1370"",""wrapsafe_bias_deg"":null}},""valid_epochs_in_window"":""0"",""valid_epochs_without_reference_support"":""0"",""valid_segments"":{""definition"":""segments split when accepted original epoch indices are nonconsecutive"",""longest_segment_epochs"":""0"",""maximum_gap_seconds"":null,""segment_count"":""0""},""window_seconds"":[""66.0"",""340.0""]}}}",[],[],[],FULL_RECORD_READ,PRESENT_READ,,,First-delivery subset. Source values preserved; path aliases only. No payload-body read.
HX02-4efa31fdf8eb0a6588cd,HX02,RUN_IDENTITY,EXT04,unknown,3e8a43be928247da09ac4cca8a54178c3db9dadb,BY2,NATURAL_C00,LIT,C00,unknown,COMPLETED,EVALUATION_RECORDS_PRESENT,<CLEAN_ROOT>/stages/CLEAN9_EXTERNAL_COMPARISON/HX02_FIVE_CATEGORY/RUNS/BY2__EXT04__LIT__C00__NA,run_id=BY2__EXT04__LIT__C00__NA,"{""COMMAND.json"":{""argv"":[""/usr/bin/python3"",""<AUDIT_SOURCE_WORKTREE>/scripts/paper_rebuild/run_horizontal_literature_phase4.py"",""--paths-config"",""<AUDIT_SOURCE_WORKTREE>/configs/paper_rebuild/DATA_PATHS.CLEAN3R4.local.yaml"",""--sequence-spec"",""<HX02_SCRATCH>/RUNS/BY2__EXT04__LIT__C00__NA/native/SEQUENCE_SPEC.json"",""--mode"",""native-only"",""--trace-mode"",""disabled"",""--workers"",""16""],""case"":""C00"",""code_commit"":""3e8a43be928247da09ac4cca8a54178c3db9dadb"",""config"":""LIT"",""cwd"":""<AUDIT_SOURCE_WORKTREE>"",""end_utc"":""2026-09-24T12:32:43.265334+00:00"",""env_whitelist"":{""MKL_NUM_THREADS"":""1"",""NUMEXPR_NUM_THREADS"":""1"",""OMP_NUM_THREADS"":""1"",""OPENBLAS_NUM_THREADS"":""1"",""PYTHONDONTWRITEBYTECODE"":""1"",""PYTHONPATH"":""<AUDIT_SOURCE_WORKTREE>/src""},""method"":""EXT04"",""native_classification"":""COMPLETED"",""provenance"":{""LegSA_output_solver_input"":false,""code_commit"":""3e8a43be928247da09ac4cca8a54178c3db9dadb"",""config_hash"":""3d5638245b0a0f4fb6468f2ca5720cfa3951ccd53bfdd04d769f4560c50c7831"",""config_hash_source"":""configs/paper_rebuild/hext/HX02_CONTRACT_V1.yaml"",""data_mode"":""real_by2_raw"",""epoch_deleted_for_metric"":false,""final_v23_output_solver_input"":false,""old_runtime_input_count"":""0"",""output_only_correction"":false,""per_case_tuning"":false,""raw_hash_lock"":{""path"":""<CLEAN_ROOT>/01_RAW_HASH_LOCK/RAW_FILE_HASH_LOCK.csv"",""sha256"":""f6e5d7965d17857e5b4a846501883f4675f2331a1164fab3de9e5ba9470f1ad7""},""receiver_imu_as_body_imu"":false,""semisynthetic_data_used"":false,""synthetic_data_used"":false,""trace_used_online"":false},""quiet_machine"":{""load1"":""3.51416015625"",""load5"":""6.42236328125"",""quiet"":true,""waited_s"":""7.331199958571233e-05""},""returncode"":""0"",""run_id"":""BY2__EXT04__LIT__C00__NA"",""runner_terminal_status"":""PASS_PHASE4_EXT04_NATIVE_FROZEN_READY_FOR_POST_NATIVE"",""runtime_seconds"":""107.17124584999965"",""sequence"":""BY2"",""start_utc"":""2026-09-24T12:30:45.883910+00:00"",""strace_command_prefix"":[""strace"",""--seccomp-bpf"",""-f"",""-qq"",""-yy"",""-s"",""4096"",""-e"",""trace=openat,execve"",""-o"",""<HX02_SCRATCH>/RUNS/BY2__EXT04__LIT__C00__NA/native/NATIVE_OPENAT.strace""],""tracked_tree_clean"":true},""DONE.json"":{""convention_diagnostic"":{""EXT04_FAR"":{""compared_epochs"":""0"",""hard_stop"":false,""median_deg"":null,""status"":""UNAVAILABLE_NO_METHOD_VALID_DUAL_FIXED_EPOCH""},""EXT04_PAR"":{""compared_epochs"":""0"",""hard_stop"":false,""median_deg"":null,""status"":""UNAVAILABLE_NO_METHOD_VALID_DUAL_FIXED_EPOCH""}},""evaluation"":""HEADING"",""heading_tables"":{""EXT04_FAR"":{""path"":""<HX02_SCRATCH>/RUNS/BY2__EXT04__LIT__C00__NA/native/HX02_HEADING_TABLES/HX02_HEADING_TABLE_EXT04_FAR.csv"",""rows"":""1509"",""sha256"":""9d2cb8eb9a450c7881f4cfbff239a48a3f83f17b662b38f3d5d59bdf45dcbf4d"",""valid"":""0""},""EXT04_PAR"":{""path"":""<HX02_SCRATCH>/RUNS/BY2__EXT04__LIT__C00__NA/native/HX02_HEADING_TABLES/HX02_HEADING_TABLE_EXT04_PAR.csv"",""rows"":""1509"",""sha256"":""9d2cb8eb9a450c7881f4cfbff239a48a3f83f17b662b38f3d5d59bdf45dcbf4d"",""valid"":""0""}},""native_classification"":""COMPLETED"",""provenance"":{""LegSA_output_solver_input"":false,""code_commit"":""3e8a43be928247da09ac4cca8a54178c3db9dadb"",""config_hash"":""3d5638245b0a0f4fb6468f2ca5720cfa3951ccd53bfdd04d769f4560c50c7831"",""config_hash_source"":""configs/paper_rebuild/hext/HX02_CONTRACT_V1.yaml"",""data_mode"":""real_by2_raw"",""epoch_deleted_for_metric"":false,""final_v23_output_solver_input"":false,""old_runtime_input_count"":""0"",""output_only_correction"":false,""per_case_tuning"":false,""raw_hash_lock"":{""path"":""<CLEAN_ROOT>/01_RAW_HASH_LOCK/RAW_FILE_HASH_LOCK.csv"",""sha256"":""f6e5d7965d17857e5b4a846501883f4675f2331a1164fab3de9e5ba9470f1ad7""},""receiver_imu_as_body_imu"":false,""semisynthetic_data_used"":false,""synthetic_data_used"":false,""trace_used_online"":false},""run_id"":""BY2__EXT04__LIT__C00__NA"",""runner_exit_code"":""0"",""runner_terminal_status"":""PASS_PHASE4_EXT04_NATIVE_FROZEN_READY_FOR_POST_NATIVE"",""status"":""COMPLETED"",""utc"":""2026-09-24T12:32:45.066455+00:00""}}","[""<CLEAN_ROOT>/stages/CLEAN9_EXTERNAL_COMPARISON/HX02_FIVE_CATEGORY/RUNS/BY2__EXT04__LIT__C00__NA/native/HX02_HEADING_TABLES/HX02_HEADING_TABLE_EXT04_FAR.csv"", ""<CLEAN_ROOT>/stages/CLEAN9_EXTERNAL_COMPARISON/HX02_FIVE_CATEGORY/RUNS/BY2__EXT04__LIT__C00__NA/native/HX02_HEADING_TABLES/HX02_HEADING_TABLE_EXT04_PAR.csv""]","[""<CLEAN_ROOT>/stages/CLEAN9_EXTERNAL_COMPARISON/HX02_FIVE_CATEGORY/RUNS/BY2__EXT04__LIT__C00__NA/eval/HEADING/EVALUATOR_STRACE_AUDIT.json"", ""<CLEAN_ROOT>/stages/CLEAN9_EXTERNAL_COMPARISON/HX02_FIVE_CATEGORY/RUNS/BY2__EXT04__LIT__C00__NA/eval/HEADING/OUTPUT/HEADING_METRICS.json""]",[],FULL_RECORD_READ,ARCHIVED_DIRECTORY_PRESENT,,,"Directory token 4 is original start_mode, not case_id; NATURAL_C00 labels this natural full-window run. native_classification=COMPLETED; runner_terminal_status=PASS_PHASE4_EXT04_NATIVE_FROZEN_READY_FOR_POST_NATIVE. Original metadata values preserved in source_values_json."
HX02-46e5f3e1b31e0e270f6f,HX02,EVALUATION_RECORD,GINAV,unknown,unknown,BY2,NATURAL_C00,NONE,C00,unknown,unknown,unknown,<CLEAN_ROOT>/stages/CLEAN9_EXTERNAL_COMPARISON/HX02_FIVE_CATEGORY/RUNS/BY2__GINAV__NONE__C00__NA/eval/COVERAGE/EVALUATOR_STRACE_AUDIT.json,#,"{""argv"":[""/usr/bin/python3"",""-m"",""legsa_gins.paper_rebuild.hext.hx02_coverage_evaluation"",""--spec"",""<HX02_SCRATCH>/RUNS/BY2__GINAV__NONE__C00__NA/eval/COVERAGE/SPEC.json""],""environment"":{""GIT_OPTIONAL_LOCKS"":""0"",""MKL_NUM_THREADS"":""1"",""MPLBACKEND"":""Agg"",""MPLCONFIGDIR"":""<HX02_SCRATCH>/RUNS/BY2__GINAV__NONE__C00__NA/eval/COVERAGE/OUTPUT/.matplotlib"",""NUMEXPR_NUM_THREADS"":""1"",""OMP_NUM_THREADS"":""1"",""OPENBLAS_NUM_THREADS"":""1"",""PYTHONDONTWRITEBYTECODE"":""1"",""PYTHONPATH"":""<AUDIT_SOURCE_WORKTREE>/src"",""XDG_CACHE_HOME"":""<HX02_SCRATCH>/RUNS/BY2__GINAV__NONE__C00__NA/eval/COVERAGE/OUTPUT/.cache""},""execve_programs"":[""/usr/bin/python3""],""exit_code"":""0"",""failures"":[],""kind"":""COVERAGE"",""module"":""legsa_gins.paper_rebuild.hext.hx02_coverage_evaluation"",""passed"":true,""raw_open_count"":""0"",""runtime_seconds"":""0.2544337560002532"",""spec_sha256"":""db7ef843aa2de3d8764cfcfced3b70d7b928983c1a8ab7d8fc808d0ecb413e9f"",""strace_sha256"":""65dbf9a3d7ec3735839fcdc1d6e2c0ecfc39c5d36b941a5f782e162c9b15d51b"",""trace_open_count"":""0"",""trace_open_records"":[],""trace_read_role"":""reference_free_child"",""write_scope"":{""allowed_anonymous_pipe_write_count"":""0"",""allowed_anonymous_pipe_write_records"":[],""allowed_device_write_count"":""0"",""allowed_device_write_records"":[],""clean_root_outside_run_write_count"":""0"",""outside_run_write_open_count"":""0"",""outside_run_write_open_records"":[],""pass"":true,""raw_write_open_count"":""0"",""write_open_count"":""1"",""write_open_records"":[{""anonymous_pipe"":false,""flags"":""O_WRONLY|O_CREAT|O_EXCL|O_CLOEXEC"",""lexical_path"":""<HX02_SCRATCH>/RUNS/BY2__GINAV__NONE__C00__NA/eval/COVERAGE/OUTPUT/COVERAGE_METRICS.json"",""path"":""<HX02_SCRATCH>/RUNS/BY2__GINAV__NONE__C00__NA/eval/COVERAGE/OUTPUT/COVERAGE_METRICS.json"",""pid"":""29132"",""return_code"":""3""}],""write_outside_run_count"":""0"",""write_scope_exceptions"":[""/dev/null"",""/dev/pts/*"",""kernel-identified anonymous pipe""]}}",[],[],[],FULL_RECORD_READ,PRESENT_READ,,,First-delivery subset. Source values preserved; path aliases only. No payload-body read.
HX02-5c1c52b5409f416bbe76,HX02,EVALUATION_RECORD,GINAV,unknown,unknown,BY2,NATURAL_C00,NONE,C00,unknown,unknown,unknown,<CLEAN_ROOT>/stages/CLEAN9_EXTERNAL_COMPARISON/HX02_FIVE_CATEGORY/RUNS/BY2__GINAV__NONE__C00__NA/eval/COVERAGE/OUTPUT/COVERAGE_METRICS.json,#,"{""definitions"":""the CLEAN4 coverage-aware GINav record with\nthe v3 window convention (closed window, per-sequence base_time):\n  * expected epochs = integer seconds k with w0 <= k <= w1;\n  * row coverage = valid NAV rows inside the window / expected epochs;\n  * temporal coverage = (last - first valid output time) / (w1 - w0);\n  * maximum gap = largest spacing between adjacent valid rows;\n  * a new segment starts when the adjacent spacing exceeds 1.5 s.\nMissing leading output stays in the denominators; nothing is filled."",""expected_integer_epochs"":""275"",""first_valid_rel_s"":""169.002"",""last_valid_rel_s"":""338.999"",""leading_missing_s"":""103.00200000000001"",""max_gap_s"":""11.0"",""nav_rows"":""80"",""nav_sha256"":""8eb9f3921182662645b4dda84c79f7174d6ba8f192adeb43817d58d8a3d90bc6"",""output_span_s"":""169.997"",""reference_opened"":false,""row_coverage_fraction"":""0.28"",""schema"":""hx02.coverage_evaluation.v1"",""segment_count"":""38"",""segment_split_s"":""1.5"",""sequence_id"":""BY2"",""temporal_coverage_fraction"":""0.6204270072992701"",""valid_rows_in_window"":""77"",""window_duration_s"":""274.0"",""window_seconds"":[""66.0"",""340.0""]}",[],[],[],FULL_RECORD_READ,PRESENT_READ,,,First-delivery subset. Source values preserved; path aliases only. No payload-body read.
HX02-90a871018288ee4c6881,HX02,EVALUATION_RECORD,GINAV,unknown,unknown,BY2,NATURAL_C00,NONE,C00,unknown,unknown,unknown,<CLEAN_ROOT>/stages/CLEAN9_EXTERNAL_COMPARISON/HX02_FIVE_CATEGORY/RUNS/BY2__GINAV__NONE__C00__NA/eval/D8_BOUNDED_GATE.json,#,"{""all_numeric_rows_finite"":true,""bounds"":{""height_displacement_m"":""1000.0"",""position_displacement_m"":""10000.0"",""speed_mps"":""50.0""},""failure_classification"":""ALGORITHM_FAILURE_DIVERGED"",""first_violation"":{""data_row_one_based"":""32"",""file_line_one_based"":""32"",""height_displacement_m"":""233.50072600000001"",""position_displacement_m"":""332.3657839943988"",""reasons"":[""speed_mps""],""speed_mps"":""50.63868574088049"",""time_seconds"":""244.999""},""height_definition"":""absolute geodetic height minus first native geodetic height"",""maxima"":{""height_displacement_m"":""235.87164900000002"",""position_displacement_m"":""336.77696715914965"",""speed_mps"":""50.682022183432736""},""metric_epoch_deletion"":false,""passed"":false,""position_definition"":""WGS84 LLA -> ECEF -> NED fixed at first native output epoch; Euclidean displacement"",""row_count"":""77"",""sealed_evaluator_nav_sha256"":""f0fa3e71270cce08ce6174376a694a00a92f725116f8cec86eed4d8062529012"",""source_nav_sha256"":""f0fa3e71270cce08ce6174376a694a00a92f725116f8cec86eed4d8062529012""}",[],[],[],FULL_RECORD_READ,PRESENT_READ,,,First-delivery subset. Source values preserved; path aliases only. No payload-body read.
HX02-c937bb5c466cf0955256,HX02,EVALUATION_RECORD,GINAV,unknown,unknown,BY2,NATURAL_C00,NONE,C00,unknown,unknown,unknown,<CLEAN_ROOT>/stages/CLEAN9_EXTERNAL_COMPARISON/HX02_FIVE_CATEGORY/RUNS/BY2__GINAV__NONE__C00__NA/eval/GINAV_EVALUATION.json,#,"{""bounded_gate"":{""all_numeric_rows_finite"":true,""bounds"":{""height_displacement_m"":""1000.0"",""position_displacement_m"":""10000.0"",""speed_mps"":""50.0""},""failure_classification"":""ALGORITHM_FAILURE_DIVERGED"",""first_violation"":{""data_row_one_based"":""32"",""file_line_one_based"":""32"",""height_displacement_m"":""233.50072600000001"",""position_displacement_m"":""332.3657839943988"",""reasons"":[""speed_mps""],""speed_mps"":""50.63868574088049"",""time_seconds"":""244.999""},""height_definition"":""absolute geodetic height minus first native geodetic height"",""maxima"":{""height_displacement_m"":""235.87164900000002"",""position_displacement_m"":""336.77696715914965"",""speed_mps"":""50.682022183432736""},""metric_epoch_deletion"":false,""passed"":false,""position_definition"":""WGS84 LLA -> ECEF -> NED fixed at first native output epoch; Euclidean displacement"",""row_count"":""77"",""sealed_evaluator_nav_sha256"":""f0fa3e71270cce08ce6174376a694a00a92f725116f8cec86eed4d8062529012"",""source_nav_sha256"":""f0fa3e71270cce08ce6174376a694a00a92f725116f8cec86eed4d8062529012""},""conversion"":{""finite_rows"":""80"",""first_rel_s"":""169.002"",""last_rel_s"":""349.999"",""native_rows"":""80"",""nonfinite_rows"":""0"",""window_rows"":""77""},""coverage"":{""definitions"":""the CLEAN4 coverage-aware GINav record with\nthe v3 window convention (closed window, per-sequence base_time):\n  * expected epochs = integer seconds k with w0 <= k <= w1;\n  * row coverage = valid NAV rows inside the window / expected epochs;\n  * temporal coverage = (last - first valid output time) / (w1 - w0);\n  * maximum gap = largest spacing between adjacent valid rows;\n  * a new segment starts when the adjacent spacing exceeds 1.5 s.\nMissing leading output stays in the denominators; nothing is filled."",""expected_integer_epochs"":""275"",""first_valid_rel_s"":""169.002"",""last_valid_rel_s"":""338.999"",""leading_missing_s"":""103.00200000000001"",""max_gap_s"":""11.0"",""nav_rows"":""80"",""nav_sha256"":""8eb9f3921182662645b4dda84c79f7174d6ba8f192adeb43817d58d8a3d90bc6"",""output_span_s"":""169.997"",""reference_opened"":false,""row_coverage_fraction"":""0.28"",""schema"":""hx02.coverage_evaluation.v1"",""segment_count"":""38"",""segment_split_s"":""1.5"",""sequence_id"":""BY2"",""temporal_coverage_fraction"":""0.6204270072992701"",""valid_rows_in_window"":""77"",""window_duration_s"":""274.0"",""window_seconds"":[""66.0"",""340.0""]},""evaluation_status"":""NOT_RUN_ALGORITHM_FAILURE""}",[],[],[],FULL_RECORD_READ,PRESENT_READ,,,First-delivery subset. Source values preserved; path aliases only. No payload-body read.
HX02-8b0d40cff35f0a9073c3,HX02,RUN_IDENTITY,GINAV,unknown,3e8a43be928247da09ac4cca8a54178c3db9dadb,BY2,NATURAL_C00,NONE,C00,unknown,COMPLETED,EVALUATION_RECORDS_PRESENT,<CLEAN_ROOT>/stages/CLEAN9_EXTERNAL_COMPARISON/HX02_FIVE_CATEGORY/RUNS/BY2__GINAV__NONE__C00__NA,run_id=BY2__GINAV__NONE__C00__NA,"{""COMMAND.json"":{""argv"":[""/usr/bin/python3"",""-m"",""legsa_gins.paper_rebuild.hext.hx02_native_cli"",""ginav"",""--sequence"",""BY2"",""--run-dir"",""<HX02_SCRATCH>/RUNS/BY2__GINAV__NONE__C00__NA"",""--prepared"",""<CLEAN_ROOT>/stages/CLEAN9_EXTERNAL_COMPARISON/HX02_FIVE_CATEGORY/01_INPUT_PINS/GINAV/BY2/GINAV_INPUT_PREPARATION.json"",""--pinned-listing"",""<CLEAN_ROOT>/stages/CLEAN9_EXTERNAL_COMPARISON/HX02_FIVE_CATEGORY/00_CONTROL/METHOD_BODY_SHA256_BEFORE.json"",""--external-root"",""<HX02_EXTERNAL_ROOT>""],""case"":""C00"",""code_commit"":""3e8a43be928247da09ac4cca8a54178c3db9dadb"",""config"":""NONE"",""cwd"":""<AUDIT_SOURCE_WORKTREE>"",""end_utc"":""2026-09-24T12:35:41.337746+00:00"",""env_whitelist"":{""MKL_NUM_THREADS"":""1"",""NUMEXPR_NUM_THREADS"":""1"",""OMP_NUM_THREADS"":""1"",""OPENBLAS_NUM_THREADS"":""1"",""PYTHONDONTWRITEBYTECODE"":""1"",""PYTHONPATH"":""<AUDIT_SOURCE_WORKTREE>/src""},""method"":""GINAV"",""native_classification"":""COMPLETED"",""provenance"":{""LegSA_output_solver_input"":false,""code_commit"":""3e8a43be928247da09ac4cca8a54178c3db9dadb"",""config_hash"":""3d5638245b0a0f4fb6468f2ca5720cfa3951ccd53bfdd04d769f4560c50c7831"",""config_hash_source"":""configs/paper_rebuild/hext/HX02_CONTRACT_V1.yaml"",""data_mode"":""real_by2_raw"",""epoch_deleted_for_metric"":false,""final_v23_output_solver_input"":false,""old_runtime_input_count"":""0"",""output_only_correction"":false,""per_case_tuning"":false,""raw_hash_lock"":{""path"":""<CLEAN_ROOT>/01_RAW_HASH_LOCK/RAW_FILE_HASH_LOCK.csv"",""sha256"":""f6e5d7965d17857e5b4a846501883f4675f2331a1164fab3de9e5ba9470f1ad7""},""receiver_imu_as_body_imu"":false,""semisynthetic_data_used"":false,""synthetic_data_used"":false,""trace_used_online"":false},""quiet_machine"":{""load1"":""6.10009765625"",""load5"":""7.5693359375"",""quiet"":true,""waited_s"":""4.21049999204115e-05""},""returncode"":""0"",""run_id"":""BY2__GINAV__NONE__C00__NA"",""runner_terminal_status"":null,""runtime_seconds"":""119.26931889199932"",""sequence"":""BY2"",""start_utc"":""2026-09-24T12:33:30.307282+00:00"",""strace_command_prefix"":[""strace"",""--seccomp-bpf"",""-f"",""-qq"",""-yy"",""-s"",""4096"",""-e"",""trace=openat,execve"",""-o"",""<HX02_SCRATCH>/RUNS/BY2__GINAV__NONE__C00__NA/native/NATIVE_OPENAT.strace""],""tracked_tree_clean"":true},""DONE.json"":{""evaluation"":""NOT_RUN_ALGORITHM_FAILURE"",""native_classification"":""COMPLETED"",""provenance"":{""LegSA_output_solver_input"":false,""code_commit"":""3e8a43be928247da09ac4cca8a54178c3db9dadb"",""config_hash"":""3d5638245b0a0f4fb6468f2ca5720cfa3951ccd53bfdd04d769f4560c50c7831"",""config_hash_source"":""configs/paper_rebuild/hext/HX02_CONTRACT_V1.yaml"",""data_mode"":""real_by2_raw"",""epoch_deleted_for_metric"":false,""final_v23_output_solver_input"":false,""old_runtime_input_count"":""0"",""output_only_correction"":false,""per_case_tuning"":false,""raw_hash_lock"":{""path"":""<CLEAN_ROOT>/01_RAW_HASH_LOCK/RAW_FILE_HASH_LOCK.csv"",""sha256"":""f6e5d7965d17857e5b4a846501883f4675f2331a1164fab3de9e5ba9470f1ad7""},""receiver_imu_as_body_imu"":false,""semisynthetic_data_used"":false,""synthetic_data_used"":false,""trace_used_online"":false},""run_id"":""BY2__GINAV__NONE__C00__NA"",""runner_exit_code"":""0"",""runner_terminal_status"":null,""status"":""COMPLETED"",""utc"":""2026-09-24T12:35:42.685544+00:00""}}",[],"[""<CLEAN_ROOT>/stages/CLEAN9_EXTERNAL_COMPARISON/HX02_FIVE_CATEGORY/RUNS/BY2__GINAV__NONE__C00__NA/eval/COVERAGE/EVALUATOR_STRACE_AUDIT.json"", ""<CLEAN_ROOT>/stages/CLEAN9_EXTERNAL_COMPARISON/HX02_FIVE_CATEGORY/RUNS/BY2__GINAV__NONE__C00__NA/eval/COVERAGE/OUTPUT/COVERAGE_METRICS.json"", ""<CLEAN_ROOT>/stages/CLEAN9_EXTERNAL_COMPARISON/HX02_FIVE_CATEGORY/RUNS/BY2__GINAV__NONE__C00__NA/eval/D8_BOUNDED_GATE.json"", ""<CLEAN_ROOT>/stages/CLEAN9_EXTERNAL_COMPARISON/HX02_FIVE_CATEGORY/RUNS/BY2__GINAV__NONE__C00__NA/eval/GINAV_EVALUATION.json""]",[],FULL_RECORD_READ,ARCHIVED_DIRECTORY_PRESENT,,,"Directory token 4 is original start_mode, not case_id; NATURAL_C00 labels this natural full-window run. native_classification=COMPLETED; runner_terminal_status=None. Original metadata values preserved in source_values_json."
HX02-fae426e1cf96181029b4,HX02,EVALUATION_RECORD,HARTLEY_LIT,unknown,unknown,BY2,NATURAL_C00,LIT,C00,unknown,unknown,unknown,<CLEAN_ROOT>/stages/CLEAN9_EXTERNAL_COMPARISON/HX02_FIVE_CATEGORY/RUNS/BY2__HARTLEY_LIT__LIT__C00__NA/eval/DIVERGENCE_GATE.json,#,"{""bounds"":{""height_displacement_m"":""1000.0"",""position_displacement_m"":""10000.0"",""speed_mps"":""50.0""},""classification"":""NONE"",""first_violation_row"":null,""first_violation_time_unix_s"":null,""maxima"":{""height_displacement_m"":""8.06070275185081"",""position_displacement_m"":""139.57004764924875"",""speed_mps"":""1.3955854427413752""},""passed"":true,""row_count"":""63277""}",[],[],[],FULL_RECORD_READ,PRESENT_READ,,,First-delivery subset. Source values preserved; path aliases only. No payload-body read.
HX02-a13386b4c7bba8050ae3,HX02,EVALUATION_RECORD,HARTLEY_LIT,unknown,unknown,BY2,NATURAL_C00,LIT,C00,unknown,unknown,unknown,<CLEAN_ROOT>/stages/CLEAN9_EXTERNAL_COMPARISON/HX02_FIVE_CATEGORY/RUNS/BY2__HARTLEY_LIT__LIT__C00__NA/eval/RELATIVE_POSE/EVALUATOR_STRACE_AUDIT.json,#,"{""argv"":[""/usr/bin/python3"",""-m"",""legsa_gins.paper_rebuild.hext.hx02_relative_pose_evaluation"",""--spec"",""<HX02_SCRATCH>/RUNS/BY2__HARTLEY_LIT__LIT__C00__NA/eval/RELATIVE_POSE/SPEC.json""],""environment"":{""GIT_OPTIONAL_LOCKS"":""0"",""MKL_NUM_THREADS"":""1"",""MPLBACKEND"":""Agg"",""MPLCONFIGDIR"":""<HX02_SCRATCH>/RUNS/BY2__HARTLEY_LIT__LIT__C00__NA/eval/RELATIVE_POSE/OUTPUT/.matplotlib"",""NUMEXPR_NUM_THREADS"":""1"",""OMP_NUM_THREADS"":""1"",""OPENBLAS_NUM_THREADS"":""1"",""PYTHONDONTWRITEBYTECODE"":""1"",""PYTHONPATH"":""<AUDIT_SOURCE_WORKTREE>/src"",""XDG_CACHE_HOME"":""<HX02_SCRATCH>/RUNS/BY2__HARTLEY_LIT__LIT__C00__NA/eval/RELATIVE_POSE/OUTPUT/.cache""},""execve_programs"":[""/usr/bin/python3""],""exit_code"":""0"",""failures"":[],""kind"":""RELATIVE_POSE"",""module"":""legsa_gins.paper_rebuild.hext.hx02_relative_pose_evaluation"",""passed"":true,""raw_open_count"":""1"",""runtime_seconds"":""1.850149228999726"",""spec_sha256"":""88837d0679dd7904deb3779952acf4bce700f9be086a4165156228deba1e1e85"",""strace_sha256"":""b57bde0f2ee2815ef96e08505fbcdbffb4c82f3091a57babe0df4a5fba54f728"",""trace_open_count"":""1"",""trace_open_records"":[{""anonymous_pipe"":false,""flags"":""O_RDONLY|O_CLOEXEC"",""lexical_path"":""<RAW_ROOT>/BY2_BY3/2026-03-06/fixption数据/2026.3.6/by2/vrtk2_a87c6e_2026-03-06-08-00-54_minimal/trace_vrtk2_a87c6e_2026-03-06-08-00-54_minimal.csv"",""path"":""<RAW_ROOT>/BY2_BY3/2026-03-06/fixption数据/2026.3.6/by2/vrtk2_a87c6e_2026-03-06-08-00-54_minimal/trace_vrtk2_a87c6e_2026-03-06-08-00-54_minimal.csv"",""pid"":""30248"",""return_code"":""3""}],""trace_read_role"":""registered_evaluator_child_only"",""write_scope"":{""allowed_anonymous_pipe_write_count"":""0"",""allowed_anonymous_pipe_write_records"":[],""allowed_device_write_count"":""0"",""allowed_device_write_records"":[],""clean_root_outside_run_write_count"":""0"",""outside_run_write_open_count"":""0"",""outside_run_write_open_records"":[],""pass"":true,""raw_write_open_count"":""0"",""write_open_count"":""2"",""write_open_records"":[{""anonymous_pipe"":false,""flags"":""O_WRONLY|O_CREAT|O_EXCL|O_CLOEXEC"",""lexical_path"":""<HX02_SCRATCH>/RUNS/BY2__HARTLEY_LIT__LIT__C00__NA/eval/RELATIVE_POSE/OUTPUT/RELATIVE_POSE_ERROR_SERIES_HARTLEY_LIT.csv"",""path"":""<HX02_SCRATCH>/RUNS/BY2__HARTLEY_LIT__LIT__C00__NA/eval/RELATIVE_POSE/OUTPUT/RELATIVE_POSE_ERROR_SERIES_HARTLEY_LIT.csv"",""pid"":""30248"",""return_code"":""3""},{""anonymous_pipe"":false,""flags"":""O_WRONLY|O_CREAT|O_EXCL|O_CLOEXEC"",""lexical_path"":""<HX02_SCRATCH>/RUNS/BY2__HARTLEY_LIT__LIT__C00__NA/eval/RELATIVE_POSE/OUTPUT/RELATIVE_POSE_METRICS.json"",""path"":""<HX02_SCRATCH>/RUNS/BY2__HARTLEY_LIT__LIT__C00__NA/eval/RELATIVE_POSE/OUTPUT/RELATIVE_POSE_METRICS.json"",""pid"":""30248"",""return_code"":""3""}],""write_outside_run_count"":""0"",""write_scope_exceptions"":[""/dev/null"",""/dev/pts/*"",""kernel-identified anonymous pipe""]}}",[],[],[],FULL_RECORD_READ,PRESENT_READ,,,First-delivery subset. Source values preserved; path aliases only. No payload-body read.
HX02-eee64e40278e1c929dc9,HX02,EVALUATION_RECORD,HARTLEY_LIT,unknown,unknown,BY2,NATURAL_C00,LIT,C00,unknown,unknown,unknown,<CLEAN_ROOT>/stages/CLEAN9_EXTERNAL_COMPARISON/HX02_FIVE_CATEGORY/RUNS/BY2__HARTLEY_LIT__LIT__C00__NA/eval/RELATIVE_POSE/OUTPUT/RELATIVE_POSE_METRICS.json,#,"{""alignment_rule"":""per branch: one least-squares yaw-about-gravity + 3-D translation on the first 10 s of the window from the branch's own output (HX-02 amendment 1); never shared, never re-fitted"",""base_time"":""1772784000.0"",""branches"":{""HARTLEY_LIT"":{""alignment"":{""epochs"":""101"",""not_estimated"":[""roll"",""pitch"",""scale"",""time_offset""],""per_epoch_yaw_offset_circular_std_deg"":""1.4709033145961374"",""rule"":""per branch: one least-squares yaw-about-gravity + 3-D translation on the first 10 s of the window from the branch's own output (HX-02 amendment 1); never shared, never re-fitted"",""translation_enu_m"":[""0.19756757830209695"",""0.41882487121724116"",""-0.21565463750594274""],""window_seconds"":[""66.0"",""76.0""],""yaw_offset_deg"":""88.03253843063193""},""drift_definitions"":{""heading"":""OLS slope (with intercept) of time-unwrapped wrap-safe NED yaw error versus time in minutes"",""position"":""OLS slope (with intercept) of horizontal error norm versus cumulative reference horizontal path, x100""},""evaluation_status"":""EVALUATED"",""heading_drift_deg_per_min"":""31.940420283998627"",""horizontal_max_m"":""125.61360741756796"",""horizontal_rmse_m"":""53.399513950646686"",""nav_first_rel_s"":""44.887078285217285"",""nav_last_rel_s"":""350.0850489139557"",""nav_rows"":""63277"",""position_drift_m_per_100m"":""36.28141274476832"",""reference_path_length_m"":""328.4713109046748"",""relative_pose_error_yaw_translation"":{""10s"":{""grid_step_ms"":""100"",""pair_count"":""2641"",""translation_rmse_m"":""7.3178721582792905"",""yaw_rmse_deg"":""11.478969117608559""},""1s"":{""grid_step_ms"":""100"",""pair_count"":""2731"",""translation_rmse_m"":""1.6460363480388944"",""yaw_rmse_deg"":""2.5544456199796257""},""5s"":{""grid_step_ms"":""100"",""pair_count"":""2691"",""translation_rmse_m"":""4.917687859661914"",""yaw_rmse_deg"":""7.535275666165606""}},""scored_epochs"":""2741"",""unsupported_grid_epochs"":""0"",""up_rmse_m"":""4.157753795820694"",""yaw_rmse_deg"":""65.4987306952787""}},""grid_epochs"":""2741"",""grid_step_s"":""0.1"",""lever_flu_m"":[""0.03"",""0.148095745932992"",""0.3""],""nav_sha256"":{""HARTLEY_LIT"":""b46ffe7cf930d96de53f165c54c06af6df6b48b626ccb0e103c1bb7d2e10430e""},""reference_origin"":""first supported grid epoch (local ENU)"",""reference_supported_grid_epochs"":""2741"",""schema"":""hx02.relative_pose_evaluation.v1"",""sequence_id"":""BY2"",""trace_open_count_in_child"":""1"",""trace_sha256_observed"":""ee3ee42dea3ada196dfdbcc78fd07524f91b4ce4fb94d9d6482a3e7d4b34aa4c"",""window_seconds"":[""66.0"",""340.0""]}",[],[],[],FULL_RECORD_READ,PRESENT_READ,,,First-delivery subset. Source values preserved; path aliases only. No payload-body read.
HX02-5243bffcd2eeec57067a,HX02,RUN_IDENTITY,HARTLEY_LIT,unknown,3e8a43be928247da09ac4cca8a54178c3db9dadb,BY2,NATURAL_C00,LIT,C00,unknown,COMPLETED,EVALUATION_RECORDS_PRESENT,<CLEAN_ROOT>/stages/CLEAN9_EXTERNAL_COMPARISON/HX02_FIVE_CATEGORY/RUNS/BY2__HARTLEY_LIT__LIT__C00__NA,run_id=BY2__HARTLEY_LIT__LIT__C00__NA,"{""COMMAND.json"":{""argv"":[""<HX02_SCRATCH>/BUILD/hartley_h5_runner/hartley_h5_runner"",""<HX02_SCRATCH>/RUNS/BY2__HARTLEY_LIT__LIT__C00__NA/native/provider/H5_INPUT_CACHE.bin"",""<HX02_SCRATCH>/RUNS/BY2__HARTLEY_LIT__LIT__C00__NA/native/run/NATIVE_CONFIG.cfg"",""<HX02_SCRATCH>/RUNS/BY2__HARTLEY_LIT__LIT__C00__NA/native/run""],""case"":""C00"",""code_commit"":""3e8a43be928247da09ac4cca8a54178c3db9dadb"",""config"":""LIT"",""cwd"":""<AUDIT_SOURCE_WORKTREE>"",""end_utc"":""2026-09-24T12:33:29.941095+00:00"",""env_whitelist"":{""MKL_NUM_THREADS"":""1"",""NUMEXPR_NUM_THREADS"":""1"",""OMP_NUM_THREADS"":""1"",""OPENBLAS_NUM_THREADS"":""1"",""PYTHONDONTWRITEBYTECODE"":""1"",""PYTHONPATH"":""<AUDIT_SOURCE_WORKTREE>/src""},""method"":""HARTLEY_LIT"",""native_classification"":""COMPLETED"",""provenance"":{""LegSA_output_solver_input"":false,""code_commit"":""3e8a43be928247da09ac4cca8a54178c3db9dadb"",""config_hash"":""3d5638245b0a0f4fb6468f2ca5720cfa3951ccd53bfdd04d769f4560c50c7831"",""config_hash_source"":""configs/paper_rebuild/hext/HX02_CONTRACT_V1.yaml"",""data_mode"":""real_by2_raw"",""epoch_deleted_for_metric"":false,""final_v23_output_solver_input"":false,""old_runtime_input_count"":""0"",""output_only_correction"":false,""per_case_tuning"":false,""raw_hash_lock"":{""path"":""<CLEAN_ROOT>/01_RAW_HASH_LOCK/RAW_FILE_HASH_LOCK.csv"",""sha256"":""f6e5d7965d17857e5b4a846501883f4675f2331a1164fab3de9e5ba9470f1ad7""},""receiver_imu_as_body_imu"":false,""semisynthetic_data_used"":false,""synthetic_data_used"":false,""trace_used_online"":false},""quiet_machine"":{""load1"":""6.54443359375"",""load5"":""7.6806640625"",""quiet"":true,""waited_s"":""4.330499996285653e-05""},""returncode"":""0"",""run_id"":""BY2__HARTLEY_LIT__LIT__C00__NA"",""runner_terminal_status"":null,""runtime_seconds"":""2.065198817000237"",""sequence"":""BY2"",""start_utc"":""2026-09-24T12:33:27.875913+00:00"",""strace_command_prefix"":[""strace"",""--seccomp-bpf"",""-f"",""-qq"",""-yy"",""-s"",""4096"",""-e"",""trace=openat,execve"",""-o"",""<HX02_SCRATCH>/RUNS/BY2__HARTLEY_LIT__LIT__C00__NA/native/NATIVE_OPENAT.strace""],""tracked_tree_clean"":true},""DONE.json"":{""evaluation"":""EVALUATED"",""native_classification"":""COMPLETED"",""provenance"":{""LegSA_output_solver_input"":false,""code_commit"":""3e8a43be928247da09ac4cca8a54178c3db9dadb"",""config_hash"":""3d5638245b0a0f4fb6468f2ca5720cfa3951ccd53bfdd04d769f4560c50c7831"",""config_hash_source"":""configs/paper_rebuild/hext/HX02_CONTRACT_V1.yaml"",""data_mode"":""real_by2_raw"",""epoch_deleted_for_metric"":false,""final_v23_output_solver_input"":false,""old_runtime_input_count"":""0"",""output_only_correction"":false,""per_case_tuning"":false,""raw_hash_lock"":{""path"":""<CLEAN_ROOT>/01_RAW_HASH_LOCK/RAW_FILE_HASH_LOCK.csv"",""sha256"":""f6e5d7965d17857e5b4a846501883f4675f2331a1164fab3de9e5ba9470f1ad7""},""receiver_imu_as_body_imu"":false,""semisynthetic_data_used"":false,""synthetic_data_used"":false,""trace_used_online"":false},""run_id"":""BY2__HARTLEY_LIT__LIT__C00__NA"",""runner_exit_code"":""0"",""runner_terminal_status"":null,""status"":""COMPLETED"",""utc"":""2026-09-24T12:45:08.211767+00:00""}}",[],"[""<CLEAN_ROOT>/stages/CLEAN9_EXTERNAL_COMPARISON/HX02_FIVE_CATEGORY/RUNS/BY2__HARTLEY_LIT__LIT__C00__NA/eval/DIVERGENCE_GATE.json"", ""<CLEAN_ROOT>/stages/CLEAN9_EXTERNAL_COMPARISON/HX02_FIVE_CATEGORY/RUNS/BY2__HARTLEY_LIT__LIT__C00__NA/eval/RELATIVE_POSE/EVALUATOR_STRACE_AUDIT.json"", ""<CLEAN_ROOT>/stages/CLEAN9_EXTERNAL_COMPARISON/HX02_FIVE_CATEGORY/RUNS/BY2__HARTLEY_LIT__LIT__C00__NA/eval/RELATIVE_POSE/OUTPUT/RELATIVE_POSE_METRICS.json""]",[],FULL_RECORD_READ,ARCHIVED_DIRECTORY_PRESENT,,,"Directory token 4 is original start_mode, not case_id; NATURAL_C00 labels this natural full-window run. native_classification=COMPLETED; runner_terminal_status=None. Original metadata values preserved in source_values_json."
HX02-32c9a88908a781ac9159,HX02,EVALUATION_RECORD,HARTLEY_S,unknown,unknown,BY2,NATURAL_C00,S,C00,unknown,unknown,unknown,<CLEAN_ROOT>/stages/CLEAN9_EXTERNAL_COMPARISON/HX02_FIVE_CATEGORY/RUNS/BY2__HARTLEY_S__S__C00__NA/eval/DIVERGENCE_GATE.json,#,"{""bounds"":{""height_displacement_m"":""1000.0"",""position_displacement_m"":""10000.0"",""speed_mps"":""50.0""},""classification"":""NONE"",""first_violation_row"":null,""first_violation_time_unix_s"":null,""maxima"":{""height_displacement_m"":""8.685953059241543"",""position_displacement_m"":""102.2184917209787"",""speed_mps"":""2.647569485990266""},""passed"":true,""row_count"":""63277""}",[],[],[],FULL_RECORD_READ,PRESENT_READ,,,First-delivery subset. Source values preserved; path aliases only. No payload-body read.
HX02-2882aaf60ff77fdfeb9e,HX02,EVALUATION_RECORD,HARTLEY_S,unknown,unknown,BY2,NATURAL_C00,S,C00,unknown,unknown,unknown,<CLEAN_ROOT>/stages/CLEAN9_EXTERNAL_COMPARISON/HX02_FIVE_CATEGORY/RUNS/BY2__HARTLEY_S__S__C00__NA/eval/RELATIVE_POSE/EVALUATOR_STRACE_AUDIT.json,#,"{""argv"":[""/usr/bin/python3"",""-m"",""legsa_gins.paper_rebuild.hext.hx02_relative_pose_evaluation"",""--spec"",""<HX02_SCRATCH>/RUNS/BY2__HARTLEY_S__S__C00__NA/eval/RELATIVE_POSE/SPEC.json""],""environment"":{""GIT_OPTIONAL_LOCKS"":""0"",""MKL_NUM_THREADS"":""1"",""MPLBACKEND"":""Agg"",""MPLCONFIGDIR"":""<HX02_SCRATCH>/RUNS/BY2__HARTLEY_S__S__C00__NA/eval/RELATIVE_POSE/OUTPUT/.matplotlib"",""NUMEXPR_NUM_THREADS"":""1"",""OMP_NUM_THREADS"":""1"",""OPENBLAS_NUM_THREADS"":""1"",""PYTHONDONTWRITEBYTECODE"":""1"",""PYTHONPATH"":""<AUDIT_SOURCE_WORKTREE>/src"",""XDG_CACHE_HOME"":""<HX02_SCRATCH>/RUNS/BY2__HARTLEY_S__S__C00__NA/eval/RELATIVE_POSE/OUTPUT/.cache""},""execve_programs"":[""/usr/bin/python3""],""exit_code"":""0"",""failures"":[],""kind"":""RELATIVE_POSE"",""module"":""legsa_gins.paper_rebuild.hext.hx02_relative_pose_evaluation"",""passed"":true,""raw_open_count"":""1"",""runtime_seconds"":""1.8688790410005822"",""spec_sha256"":""99aaa9915798a5f985359050b2c917d6c4afff9deaf0cfe14b9ea2eb382c0471"",""strace_sha256"":""a58edd766986377de0a499cd17242158c66f1e6c4ef479d6aff53e62a0be1716"",""trace_open_count"":""1"",""trace_open_records"":[{""anonymous_pipe"":false,""flags"":""O_RDONLY|O_CLOEXEC"",""lexical_path"":""<RAW_ROOT>/BY2_BY3/2026-03-06/fixption数据/2026.3.6/by2/vrtk2_a87c6e_2026-03-06-08-00-54_minimal/trace_vrtk2_a87c6e_2026-03-06-08-00-54_minimal.csv"",""path"":""<RAW_ROOT>/BY2_BY3/2026-03-06/fixption数据/2026.3.6/by2/vrtk2_a87c6e_2026-03-06-08-00-54_minimal/trace_vrtk2_a87c6e_2026-03-06-08-00-54_minimal.csv"",""pid"":""30233"",""return_code"":""3""}],""trace_read_role"":""registered_evaluator_child_only"",""write_scope"":{""allowed_anonymous_pipe_write_count"":""0"",""allowed_anonymous_pipe_write_records"":[],""allowed_device_write_count"":""0"",""allowed_device_write_records"":[],""clean_root_outside_run_write_count"":""0"",""outside_run_write_open_count"":""0"",""outside_run_write_open_records"":[],""pass"":true,""raw_write_open_count"":""0"",""write_open_count"":""2"",""write_open_records"":[{""anonymous_pipe"":false,""flags"":""O_WRONLY|O_CREAT|O_EXCL|O_CLOEXEC"",""lexical_path"":""<HX02_SCRATCH>/RUNS/BY2__HARTLEY_S__S__C00__NA/eval/RELATIVE_POSE/OUTPUT/RELATIVE_POSE_ERROR_SERIES_HARTLEY_S.csv"",""path"":""<HX02_SCRATCH>/RUNS/BY2__HARTLEY_S__S__C00__NA/eval/RELATIVE_POSE/OUTPUT/RELATIVE_POSE_ERROR_SERIES_HARTLEY_S.csv"",""pid"":""30233"",""return_code"":""3""},{""anonymous_pipe"":false,""flags"":""O_WRONLY|O_CREAT|O_EXCL|O_CLOEXEC"",""lexical_path"":""<HX02_SCRATCH>/RUNS/BY2__HARTLEY_S__S__C00__NA/eval/RELATIVE_POSE/OUTPUT/RELATIVE_POSE_METRICS.json"",""path"":""<HX02_SCRATCH>/RUNS/BY2__HARTLEY_S__S__C00__NA/eval/RELATIVE_POSE/OUTPUT/RELATIVE_POSE_METRICS.json"",""pid"":""30233"",""return_code"":""3""}],""write_outside_run_count"":""0"",""write_scope_exceptions"":[""/dev/null"",""/dev/pts/*"",""kernel-identified anonymous pipe""]}}",[],[],[],FULL_RECORD_READ,PRESENT_READ,,,First-delivery subset. Source values preserved; path aliases only. No payload-body read.
HX02-a6470fff6f10b0d9e9fb,HX02,EVALUATION_RECORD,HARTLEY_S,unknown,unknown,BY2,NATURAL_C00,S,C00,unknown,unknown,unknown,<CLEAN_ROOT>/stages/CLEAN9_EXTERNAL_COMPARISON/HX02_FIVE_CATEGORY/RUNS/BY2__HARTLEY_S__S__C00__NA/eval/RELATIVE_POSE/OUTPUT/RELATIVE_POSE_METRICS.json,#,"{""alignment_rule"":""per branch: one least-squares yaw-about-gravity + 3-D translation on the first 10 s of the window from the branch's own output (HX-02 amendment 1); never shared, never re-fitted"",""base_time"":""1772784000.0"",""branches"":{""HARTLEY_S"":{""alignment"":{""epochs"":""101"",""not_estimated"":[""roll"",""pitch"",""scale"",""time_offset""],""per_epoch_yaw_offset_circular_std_deg"":""3.8384157650812414"",""rule"":""per branch: one least-squares yaw-about-gravity + 3-D translation on the first 10 s of the window from the branch's own output (HX-02 amendment 1); never shared, never re-fitted"",""translation_enu_m"":[""0.2174026059017806"",""0.4082729844007242"",""-0.3230702342048703""],""window_seconds"":[""66.0"",""76.0""],""yaw_offset_deg"":""87.46271775104383""},""drift_definitions"":{""heading"":""OLS slope (with intercept) of time-unwrapped wrap-safe NED yaw error versus time in minutes"",""position"":""OLS slope (with intercept) of horizontal error norm versus cumulative reference horizontal path, x100""},""evaluation_status"":""EVALUATED"",""heading_drift_deg_per_min"":""-101.19336396722751"",""horizontal_max_m"":""138.25723235355554"",""horizontal_rmse_m"":""84.1550245962943"",""nav_first_rel_s"":""44.887078285217285"",""nav_last_rel_s"":""350.0850489139557"",""nav_rows"":""63277"",""position_drift_m_per_100m"":""34.07743045460158"",""reference_path_length_m"":""328.4713109046748"",""relative_pose_error_yaw_translation"":{""10s"":{""grid_step_ms"":""100"",""pair_count"":""2641"",""translation_rmse_m"":""66.38929386492886"",""yaw_rmse_deg"":""80.12418293501025""},""1s"":{""grid_step_ms"":""100"",""pair_count"":""2731"",""translation_rmse_m"":""14.864239932253312"",""yaw_rmse_deg"":""14.406941244407923""},""5s"":{""grid_step_ms"":""100"",""pair_count"":""2691"",""translation_rmse_m"":""50.158870216590735"",""yaw_rmse_deg"":""59.614796481930554""}},""scored_epochs"":""2741"",""unsupported_grid_epochs"":""0"",""up_rmse_m"":""4.34380454274841"",""yaw_rmse_deg"":""78.68073841771553""}},""grid_epochs"":""2741"",""grid_step_s"":""0.1"",""lever_flu_m"":[""0.03"",""0.148095745932992"",""0.3""],""nav_sha256"":{""HARTLEY_S"":""dc4d95a1e634ea7f7c3aecfcb3cdd50ded8ebf4378dfcd46917ed4875338a600""},""reference_origin"":""first supported grid epoch (local ENU)"",""reference_supported_grid_epochs"":""2741"",""schema"":""hx02.relative_pose_evaluation.v1"",""sequence_id"":""BY2"",""trace_open_count_in_child"":""1"",""trace_sha256_observed"":""ee3ee42dea3ada196dfdbcc78fd07524f91b4ce4fb94d9d6482a3e7d4b34aa4c"",""window_seconds"":[""66.0"",""340.0""]}",[],[],[],FULL_RECORD_READ,PRESENT_READ,,,First-delivery subset. Source values preserved; path aliases only. No payload-body read.
HX02-40a244bb82aaceb2e43a,HX02,RUN_IDENTITY,HARTLEY_S,unknown,3e8a43be928247da09ac4cca8a54178c3db9dadb,BY2,NATURAL_C00,S,C00,unknown,COMPLETED,EVALUATION_RECORDS_PRESENT,<CLEAN_ROOT>/stages/CLEAN9_EXTERNAL_COMPARISON/HX02_FIVE_CATEGORY/RUNS/BY2__HARTLEY_S__S__C00__NA,run_id=BY2__HARTLEY_S__S__C00__NA,"{""COMMAND.json"":{""argv"":[""<HX02_SCRATCH>/BUILD/hartley_h5_runner/hartley_h5_runner"",""<HX02_SCRATCH>/RUNS/BY2__HARTLEY_S__S__C00__NA/native/provider/H5_INPUT_CACHE.bin"",""<HX02_SCRATCH>/RUNS/BY2__HARTLEY_S__S__C00__NA/native/run/NATIVE_CONFIG.cfg"",""<HX02_SCRATCH>/RUNS/BY2__HARTLEY_S__S__C00__NA/native/run""],""case"":""C00"",""code_commit"":""3e8a43be928247da09ac4cca8a54178c3db9dadb"",""config"":""S"",""cwd"":""<AUDIT_SOURCE_WORKTREE>"",""end_utc"":""2026-09-24T12:33:27.401721+00:00"",""env_whitelist"":{""MKL_NUM_THREADS"":""1"",""NUMEXPR_NUM_THREADS"":""1"",""OMP_NUM_THREADS"":""1"",""OPENBLAS_NUM_THREADS"":""1"",""PYTHONDONTWRITEBYTECODE"":""1"",""PYTHONPATH"":""<AUDIT_SOURCE_WORKTREE>/src""},""method"":""HARTLEY_S"",""native_classification"":""COMPLETED"",""provenance"":{""LegSA_output_solver_input"":false,""code_commit"":""3e8a43be928247da09ac4cca8a54178c3db9dadb"",""config_hash"":""3d5638245b0a0f4fb6468f2ca5720cfa3951ccd53bfdd04d769f4560c50c7831"",""config_hash_source"":""configs/paper_rebuild/hext/HX02_CONTRACT_V1.yaml"",""data_mode"":""real_by2_raw"",""epoch_deleted_for_metric"":false,""final_v23_output_solver_input"":false,""old_runtime_input_count"":""0"",""output_only_correction"":false,""per_case_tuning"":false,""raw_hash_lock"":{""path"":""<CLEAN_ROOT>/01_RAW_HASH_LOCK/RAW_FILE_HASH_LOCK.csv"",""sha256"":""f6e5d7965d17857e5b4a846501883f4675f2331a1164fab3de9e5ba9470f1ad7""},""receiver_imu_as_body_imu"":false,""semisynthetic_data_used"":false,""synthetic_data_used"":false,""trace_used_online"":false},""quiet_machine"":{""load1"":""6.54443359375"",""load5"":""7.6806640625"",""quiet"":true,""waited_s"":""4.6690999624843244e-05""},""returncode"":""0"",""run_id"":""BY2__HARTLEY_S__S__C00__NA"",""runner_terminal_status"":null,""runtime_seconds"":""1.9783636709998973"",""sequence"":""BY2"",""start_utc"":""2026-09-24T12:33:25.423374+00:00"",""strace_command_prefix"":[""strace"",""--seccomp-bpf"",""-f"",""-qq"",""-yy"",""-s"",""4096"",""-e"",""trace=openat,execve"",""-o"",""<HX02_SCRATCH>/RUNS/BY2__HARTLEY_S__S__C00__NA/native/NATIVE_OPENAT.strace""],""tracked_tree_clean"":true},""DONE.json"":{""evaluation"":""EVALUATED"",""native_classification"":""COMPLETED"",""provenance"":{""LegSA_output_solver_input"":false,""code_commit"":""3e8a43be928247da09ac4cca8a54178c3db9dadb"",""config_hash"":""3d5638245b0a0f4fb6468f2ca5720cfa3951ccd53bfdd04d769f4560c50c7831"",""config_hash_source"":""configs/paper_rebuild/hext/HX02_CONTRACT_V1.yaml"",""data_mode"":""real_by2_raw"",""epoch_deleted_for_metric"":false,""final_v23_output_solver_input"":false,""old_runtime_input_count"":""0"",""output_only_correction"":false,""per_case_tuning"":false,""raw_hash_lock"":{""path"":""<CLEAN_ROOT>/01_RAW_HASH_LOCK/RAW_FILE_HASH_LOCK.csv"",""sha256"":""f6e5d7965d17857e5b4a846501883f4675f2331a1164fab3de9e5ba9470f1ad7""},""receiver_imu_as_body_imu"":false,""semisynthetic_data_used"":false,""synthetic_data_used"":false,""trace_used_online"":false},""run_id"":""BY2__HARTLEY_S__S__C00__NA"",""runner_exit_code"":""0"",""runner_terminal_status"":null,""status"":""COMPLETED"",""utc"":""2026-09-24T12:45:04.794997+00:00""}}",[],"[""<CLEAN_ROOT>/stages/CLEAN9_EXTERNAL_COMPARISON/HX02_FIVE_CATEGORY/RUNS/BY2__HARTLEY_S__S__C00__NA/eval/DIVERGENCE_GATE.json"", ""<CLEAN_ROOT>/stages/CLEAN9_EXTERNAL_COMPARISON/HX02_FIVE_CATEGORY/RUNS/BY2__HARTLEY_S__S__C00__NA/eval/RELATIVE_POSE/EVALUATOR_STRACE_AUDIT.json"", ""<CLEAN_ROOT>/stages/CLEAN9_EXTERNAL_COMPARISON/HX02_FIVE_CATEGORY/RUNS/BY2__HARTLEY_S__S__C00__NA/eval/RELATIVE_POSE/OUTPUT/RELATIVE_POSE_METRICS.json""]",[],FULL_RECORD_READ,ARCHIVED_DIRECTORY_PRESENT,,,"Directory token 4 is original start_mode, not case_id; NATURAL_C00 labels this natural full-window run. native_classification=COMPLETED; runner_terminal_status=None. Original metadata values preserved in source_values_json."
HX02-7b579a3c50c670fffae1,HX02,EVALUATION_RECORD,RTKLIB,unknown,unknown,BY2,NATURAL_C00,NONE,C00,unknown,unknown,unknown,<CLEAN_ROOT>/stages/CLEAN9_EXTERNAL_COMPARISON/HX02_FIVE_CATEGORY/RUNS/BY2__RTKLIB__NONE__C00__NA/eval/HEADING/EVALUATOR_STRACE_AUDIT.json,#,"{""argv"":[""/usr/bin/python3"",""-m"",""legsa_gins.paper_rebuild.hext.hx02_heading_evaluation"",""--spec"",""<HX02_SCRATCH>/RUNS/BY2__RTKLIB__NONE__C00__NA/eval/HEADING/SPEC.json""],""environment"":{""GIT_OPTIONAL_LOCKS"":""0"",""MKL_NUM_THREADS"":""1"",""MPLBACKEND"":""Agg"",""MPLCONFIGDIR"":""<HX02_SCRATCH>/RUNS/BY2__RTKLIB__NONE__C00__NA/eval/HEADING/OUTPUT/.matplotlib"",""NUMEXPR_NUM_THREADS"":""1"",""OMP_NUM_THREADS"":""1"",""OPENBLAS_NUM_THREADS"":""1"",""PYTHONDONTWRITEBYTECODE"":""1"",""PYTHONPATH"":""<AUDIT_SOURCE_WORKTREE>/src"",""XDG_CACHE_HOME"":""<HX02_SCRATCH>/RUNS/BY2__RTKLIB__NONE__C00__NA/eval/HEADING/OUTPUT/.cache""},""execve_programs"":[""/usr/bin/python3""],""exit_code"":""0"",""failures"":[],""kind"":""HEADING"",""module"":""legsa_gins.paper_rebuild.hext.hx02_heading_evaluation"",""passed"":true,""raw_open_count"":""1"",""runtime_seconds"":""0.30866279100064276"",""spec_sha256"":""806020080b2fab4b7356bbde982bb4e8c9b05fda035e5742f0b1d790fda8ea38"",""strace_sha256"":""53880f92ae7d8e14a2431917157cdf7007927222bcfd2d9492ac6d78dddbd504"",""trace_open_count"":""1"",""trace_open_records"":[{""anonymous_pipe"":false,""flags"":""O_RDONLY|O_CLOEXEC"",""lexical_path"":""<RAW_ROOT>/BY2_BY3/2026-03-06/fixption数据/2026.3.6/by2/vrtk2_a87c6e_2026-03-06-08-00-54_minimal/trace_vrtk2_a87c6e_2026-03-06-08-00-54_minimal.csv"",""path"":""<RAW_ROOT>/BY2_BY3/2026-03-06/fixption数据/2026.3.6/by2/vrtk2_a87c6e_2026-03-06-08-00-54_minimal/trace_vrtk2_a87c6e_2026-03-06-08-00-54_minimal.csv"",""pid"":""26665"",""return_code"":""3""}],""trace_read_role"":""registered_evaluator_child_only"",""write_scope"":{""allowed_anonymous_pipe_write_count"":""0"",""allowed_anonymous_pipe_write_records"":[],""allowed_device_write_count"":""0"",""allowed_device_write_records"":[],""clean_root_outside_run_write_count"":""0"",""outside_run_write_open_count"":""0"",""outside_run_write_open_records"":[],""pass"":true,""raw_write_open_count"":""0"",""write_open_count"":""2"",""write_open_records"":[{""anonymous_pipe"":false,""flags"":""O_WRONLY|O_CREAT|O_EXCL|O_CLOEXEC"",""lexical_path"":""<HX02_SCRATCH>/RUNS/BY2__RTKLIB__NONE__C00__NA/eval/HEADING/OUTPUT/HEADING_ERROR_SERIES_RTKLIB.csv"",""path"":""<HX02_SCRATCH>/RUNS/BY2__RTKLIB__NONE__C00__NA/eval/HEADING/OUTPUT/HEADING_ERROR_SERIES_RTKLIB.csv"",""pid"":""26665"",""return_code"":""3""},{""anonymous_pipe"":false,""flags"":""O_WRONLY|O_CREAT|O_EXCL|O_CLOEXEC"",""lexical_path"":""<HX02_SCRATCH>/RUNS/BY2__RTKLIB__NONE__C00__NA/eval/HEADING/OUTPUT/HEADING_METRICS.json"",""path"":""<HX02_SCRATCH>/RUNS/BY2__RTKLIB__NONE__C00__NA/eval/HEADING/OUTPUT/HEADING_METRICS.json"",""pid"":""26665"",""return_code"":""3""}],""write_outside_run_count"":""0"",""write_scope_exceptions"":[""/dev/null"",""/dev/pts/*"",""kernel-identified anonymous pipe""]}}",[],[],[],FULL_RECORD_READ,PRESENT_READ,,,First-delivery subset. Source values preserved; path aliases only. No payload-body read.
HX02-69cf256fe12c99ad7244,HX02,EVALUATION_RECORD,RTKLIB,unknown,unknown,BY2,NATURAL_C00,NONE,C00,unknown,unknown,unknown,<CLEAN_ROOT>/stages/CLEAN9_EXTERNAL_COMPARISON/HX02_FIVE_CATEGORY/RUNS/BY2__RTKLIB__NONE__C00__NA/eval/HEADING/OUTPUT/HEADING_METRICS.json,#,"{""method_id"":""RTKLIB"",""schema"":""hx02.heading_evaluation.v1"",""sequence_id"":""BY2"",""trace_open_count_in_child"":""1"",""trace_sha256_observed"":""ee3ee42dea3ada196dfdbcc78fd07524f91b4ce4fb94d9d6482a3e7d4b34aa4c"",""variants"":{""RTKLIB"":{""availability"":""0.11167883211678832"",""base_time"":""1772784000.0"",""denominator_native_paired_epochs_in_window"":""1370"",""error_convention"":""wrap180(method_body_yaw_ned - reference_body_yaw_ned)"",""heading_table_sha256"":""760ec228b430ce6ae39659c8bd5fe5b62e812410e3b83893ab2034612830e3c8"",""hold_last_valid"":{""circular_bias_deg"":""13.354965873744561"",""count"":""1370"",""held_epochs_in_window"":""1370"",""held_epochs_without_reference_support"":""0"",""hold_source"":""CAUSAL_LAST_METHOD_NATIVE_VALID_EPOCH_FROM_NATIVE_START"",""mae_deg"":""37.393128480586185"",""max_absolute_deg"":""177.83096464224673"",""no_heading_epochs_before_first_valid"":""0"",""p95_absolute_deg"":""126.5072475902668"",""rmse_deg"":""58.24105244214757""},""method_id"":""RTKLIB"",""q1_fixed"":{""count"":""153"",""errors"":{""circular_bias_deg"":""-0.9811903344252642"",""count"":""153"",""mae_deg"":""4.059895249940659"",""max_absolute_deg"":""124.72569695188295"",""p95_absolute_deg"":""6.639594595066502"",""rmse_deg"":""14.566166015767248""},""rate"":""0.11167883211678832""},""q2_float"":{""count"":""416"",""errors"":{""circular_bias_deg"":""-53.78697397769622"",""count"":""416"",""mae_deg"":""73.46355210276424"",""max_absolute_deg"":""179.99657426305347"",""p95_absolute_deg"":""169.61754926121094"",""rmse_deg"":""90.78504575299291""},""rate"":""0.30364963503649633""},""reference_semantics"":""wrap360(90-interp(unwrap(yaw_ENU))) inside trace support; no extrapolation"",""schema"":""hx02.heading_evaluation.v1"",""valid"":{""circular_bias_deg"":""-0.9811903344252642"",""count"":""153"",""mae_deg"":""4.059895249940659"",""max_absolute_deg"":""124.72569695188295"",""p95_absolute_deg"":""6.639594595066502"",""rmse_deg"":""14.566166015767248"",""wrapsafe"":{""circular_wrapsafe_bias_deg"":""-0.9811903344252642"",""continuity_definition"":""segments split when accepted original epoch indices are nonconsecutive"",""longest_segment_epochs"":""26"",""mae_deg"":""4.059895249940659"",""matched_count"":""153"",""max_absolute_deg"":""124.72569695188295"",""maximum_gap_seconds"":""47.60000014305115"",""median_absolute_deg"":""2.060343527421878"",""p90_absolute_deg"":""5.130416182525162"",""p95_absolute_deg"":""6.639594595066502"",""p99_absolute_deg"":""67.45520295548322"",""rmse_deg"":""14.566166015767248"",""segment_count"":""36"",""valid_count"":""153"",""valid_coverage"":""0.11167883211678832"",""valid_denominator"":""1370"",""wrapsafe_bias_deg"":""-1.9671032347604556""}},""valid_epochs_in_window"":""153"",""valid_epochs_without_reference_support"":""0"",""valid_segments"":{""definition"":""segments split when accepted original epoch indices are nonconsecutive"",""longest_segment_epochs"":""26"",""maximum_gap_seconds"":""47.60000014305115"",""segment_count"":""36""},""window_seconds"":[""66.0"",""340.0""]}}}",[],[],[],FULL_RECORD_READ,PRESENT_READ,,,First-delivery subset. Source values preserved; path aliases only. No payload-body read.
HX02-7c517a06cfe7f27ad578,HX02,RUN_IDENTITY,RTKLIB,unknown,3e8a43be928247da09ac4cca8a54178c3db9dadb,BY2,NATURAL_C00,NONE,C00,unknown,COMPLETED,EVALUATION_RECORDS_PRESENT,<CLEAN_ROOT>/stages/CLEAN9_EXTERNAL_COMPARISON/HX02_FIVE_CATEGORY/RUNS/BY2__RTKLIB__NONE__C00__NA,run_id=BY2__RTKLIB__NONE__C00__NA,"{""COMMAND.json"":{""argv"":[""/usr/bin/python3"",""-m"",""legsa_gins.paper_rebuild.hext.hx02_native_cli"",""rtklib"",""--sequence"",""BY2"",""--run-dir"",""<HX02_SCRATCH>/RUNS/BY2__RTKLIB__NONE__C00__NA"",""--conf"",""<CLEAN_ROOT>/stages/CLEAN9_EXTERNAL_COMPARISON/HX02_FIVE_CATEGORY/01_INPUT_PINS/RTKLIB_UNMODIFIED_MOVING_BASE.conf""],""case"":""C00"",""code_commit"":""3e8a43be928247da09ac4cca8a54178c3db9dadb"",""config"":""NONE"",""cwd"":""<AUDIT_SOURCE_WORKTREE>"",""end_utc"":""2026-09-24T12:33:24.244109+00:00"",""env_whitelist"":{""MKL_NUM_THREADS"":""1"",""NUMEXPR_NUM_THREADS"":""1"",""OMP_NUM_THREADS"":""1"",""OPENBLAS_NUM_THREADS"":""1"",""PYTHONDONTWRITEBYTECODE"":""1"",""PYTHONPATH"":""<AUDIT_SOURCE_WORKTREE>/src""},""method"":""RTKLIB"",""native_classification"":""COMPLETED"",""provenance"":{""LegSA_output_solver_input"":false,""code_commit"":""3e8a43be928247da09ac4cca8a54178c3db9dadb"",""config_hash"":""3d5638245b0a0f4fb6468f2ca5720cfa3951ccd53bfdd04d769f4560c50c7831"",""config_hash_source"":""configs/paper_rebuild/hext/HX02_CONTRACT_V1.yaml"",""data_mode"":""real_by2_raw"",""epoch_deleted_for_metric"":false,""final_v23_output_solver_input"":false,""old_runtime_input_count"":""0"",""output_only_correction"":false,""per_case_tuning"":false,""raw_hash_lock"":{""path"":""<CLEAN_ROOT>/01_RAW_HASH_LOCK/RAW_FILE_HASH_LOCK.csv"",""sha256"":""f6e5d7965d17857e5b4a846501883f4675f2331a1164fab3de9e5ba9470f1ad7""},""receiver_imu_as_body_imu"":false,""semisynthetic_data_used"":false,""synthetic_data_used"":false,""trace_used_online"":false},""quiet_machine"":{""load1"":""7.02734375"",""load5"":""7.79345703125"",""quiet"":true,""waited_s"":""30.028746693000357""},""returncode"":""0"",""run_id"":""BY2__RTKLIB__NONE__C00__NA"",""runner_terminal_status"":null,""runtime_seconds"":""4.549321294000038"",""sequence"":""BY2"",""start_utc"":""2026-09-24T12:33:19.694804+00:00"",""strace_command_prefix"":[""strace"",""--seccomp-bpf"",""-f"",""-qq"",""-yy"",""-s"",""4096"",""-e"",""trace=openat,execve"",""-o"",""<HX02_SCRATCH>/RUNS/BY2__RTKLIB__NONE__C00__NA/native/NATIVE_OPENAT.strace""],""tracked_tree_clean"":true},""DONE.json"":{""convention_diagnostic"":{""RTKLIB"":{""compared_epochs"":""177"",""definition"":""wrap180(method body yaw - (GNSS2-GNSS1 HPPOSECEF baseline heading + 90 deg)) on method-valid epochs where both receivers report carrSoln == 2"",""fractions"":{""within_20_of_0"":""0.9887005649717514"",""within_20_of_180"":""0.0"",""within_20_of_plus_minus_90"":""0.0""},""hard_stop"":false,""mean_circular_deg"":""-0.3813096905361226"",""median_deg"":""0.24094291617024055"",""median_near_180"":false,""median_near_plus_minus_90"":false,""status"":""PASS""}},""evaluation"":""HEADING"",""heading_tables"":{""RTKLIB"":{""path"":""<HX02_SCRATCH>/RUNS/BY2__RTKLIB__NONE__C00__NA/native/HX02_HEADING_TABLES/HX02_HEADING_TABLE_RTKLIB.csv"",""rows"":""1509"",""sha256"":""760ec228b430ce6ae39659c8bd5fe5b62e812410e3b83893ab2034612830e3c8"",""valid"":""177""}},""native_classification"":""COMPLETED"",""provenance"":{""LegSA_output_solver_input"":false,""code_commit"":""3e8a43be928247da09ac4cca8a54178c3db9dadb"",""config_hash"":""3d5638245b0a0f4fb6468f2ca5720cfa3951ccd53bfdd04d769f4560c50c7831"",""config_hash_source"":""configs/paper_rebuild/hext/HX02_CONTRACT_V1.yaml"",""data_mode"":""real_by2_raw"",""epoch_deleted_for_metric"":false,""final_v23_output_solver_input"":false,""old_runtime_input_count"":""0"",""output_only_correction"":false,""per_case_tuning"":false,""raw_hash_lock"":{""path"":""<CLEAN_ROOT>/01_RAW_HASH_LOCK/RAW_FILE_HASH_LOCK.csv"",""sha256"":""f6e5d7965d17857e5b4a846501883f4675f2331a1164fab3de9e5ba9470f1ad7""},""receiver_imu_as_body_imu"":false,""semisynthetic_data_used"":false,""synthetic_data_used"":false,""trace_used_online"":false},""run_id"":""BY2__RTKLIB__NONE__C00__NA"",""runner_exit_code"":""0"",""runner_terminal_status"":null,""status"":""COMPLETED"",""utc"":""2026-09-24T12:33:25.030491+00:00""}}","[""<CLEAN_ROOT>/stages/CLEAN9_EXTERNAL_COMPARISON/HX02_FIVE_CATEGORY/RUNS/BY2__RTKLIB__NONE__C00__NA/native/HX02_HEADING_TABLES/HX02_HEADING_TABLE_RTKLIB.csv""]","[""<CLEAN_ROOT>/stages/CLEAN9_EXTERNAL_COMPARISON/HX02_FIVE_CATEGORY/RUNS/BY2__RTKLIB__NONE__C00__NA/eval/HEADING/EVALUATOR_STRACE_AUDIT.json"", ""<CLEAN_ROOT>/stages/CLEAN9_EXTERNAL_COMPARISON/HX02_FIVE_CATEGORY/RUNS/BY2__RTKLIB__NONE__C00__NA/eval/HEADING/OUTPUT/HEADING_METRICS.json""]",[],FULL_RECORD_READ,ARCHIVED_DIRECTORY_PRESENT,,,"Directory token 4 is original start_mode, not case_id; NATURAL_C00 labels this natural full-window run. native_classification=COMPLETED; runner_terminal_status=None. Original metadata values preserved in source_values_json."
HX07R-12138d72b5db69a5091f,HX07R,CSV_ROW,RTKLIB,unknown,unknown,BY2,unknown,V0,unknown,unknown,unknown,METRICS_RECORDED,<CLEAN_ROOT>/stages/CLEAN9_EXTERNAL_COMPARISON/HX07R/SUMMARY.csv,CSV:data_row=1,"{""variant"":""V0"",""sequence"":""BY2"",""valid_count"":""153"",""paired_denominator"":""1370"",""availability"":""0.11167883211678832"",""valid_rmse_deg"":""14.566166015767248"",""hold_rmse_deg"":""58.24105244214757"",""hold_scored"":""1370"",""no_heading_before_first"":""0"",""q2_count"":""416"",""q2_rate"":""0.30364963503649633"",""q2_rmse_deg"":""90.78504575299291"",""source"":""<CLEAN_ROOT>/stages/CLEAN9_EXTERNAL_COMPARISON/HX07R/RUNS/BY2_V0/eval/OUTPUT/HEADING_METRICS.json""}",[],[],[],FULL_RECORD_READ,PRESENT_READ,,,First-delivery subset. Source values preserved; path aliases only. No payload-body read.
HX07R-20dd76ca67afb7858b83,HX07R,CSV_ROW,RTKLIB,unknown,unknown,BY2H,unknown,V0,unknown,unknown,unknown,METRICS_RECORDED,<CLEAN_ROOT>/stages/CLEAN9_EXTERNAL_COMPARISON/HX07R/SUMMARY.csv,CSV:data_row=2,"{""variant"":""V0"",""sequence"":""BY2H"",""valid_count"":""179"",""paired_denominator"":""1350"",""availability"":""0.1325925925925926"",""valid_rmse_deg"":""27.0111690896743"",""hold_rmse_deg"":""55.117992602685284"",""hold_scored"":""1332"",""no_heading_before_first"":""18"",""q2_count"":""286"",""q2_rate"":""0.21185185185185185"",""q2_rmse_deg"":""104.89156315431579"",""source"":""<CLEAN_ROOT>/stages/CLEAN9_EXTERNAL_COMPARISON/HX07R/RUNS/BY2H_V0/eval/OUTPUT/HEADING_METRICS.json""}",[],[],[],FULL_RECORD_READ,PRESENT_READ,,,First-delivery subset. Source values preserved; path aliases only. No payload-body read.
HX07R-0a25e12cbd7d0f37fa4b,HX07R,CSV_ROW,RTKLIB,unknown,unknown,BY2O,unknown,V0,unknown,unknown,unknown,METRICS_RECORDED,<CLEAN_ROOT>/stages/CLEAN9_EXTERNAL_COMPARISON/HX07R/SUMMARY.csv,CSV:data_row=3,"{""variant"":""V0"",""sequence"":""BY2O"",""valid_count"":""112"",""paired_denominator"":""1885"",""availability"":""0.059416445623342175"",""valid_rmse_deg"":""23.138949511295703"",""hold_rmse_deg"":""129.98822323173354"",""hold_scored"":""1885"",""no_heading_before_first"":""0"",""q2_count"":""168"",""q2_rate"":""0.08912466843501327"",""q2_rmse_deg"":""91.73547418365372"",""source"":""<CLEAN_ROOT>/stages/CLEAN9_EXTERNAL_COMPARISON/HX07R/RUNS/BY2O_V0/eval/OUTPUT/HEADING_METRICS.json""}",[],[],[],FULL_RECORD_READ,PRESENT_READ,,,First-delivery subset. Source values preserved; path aliases only. No payload-body read.
HX07R-95bf756b57309e9ac922,HX07R,CSV_ROW,RTKLIB,unknown,unknown,BY2,unknown,V0E,unknown,unknown,unknown,METRICS_RECORDED,<CLEAN_ROOT>/stages/CLEAN9_EXTERNAL_COMPARISON/HX07R/SUMMARY.csv,CSV:data_row=4,"{""variant"":""V0E"",""sequence"":""BY2"",""valid_count"":""194"",""paired_denominator"":""1370"",""availability"":""0.1416058394160584"",""valid_rmse_deg"":""20.646991249762408"",""hold_rmse_deg"":""53.423210579873135"",""hold_scored"":""1370"",""no_heading_before_first"":""0"",""q2_count"":""643"",""q2_rate"":""0.46934306569343065"",""q2_rmse_deg"":""70.39077037997286"",""source"":""<CLEAN_ROOT>/stages/CLEAN9_EXTERNAL_COMPARISON/HX07R/RUNS/BY2_V0E/eval/OUTPUT/HEADING_METRICS.json""}",[],[],[],FULL_RECORD_READ,PRESENT_READ,,,First-delivery subset. Source values preserved; path aliases only. No payload-body read.
HX07R-574c8bc174c9e96403f0,HX07R,CSV_ROW,RTKLIB,unknown,unknown,BY2H,unknown,V0E,unknown,unknown,unknown,METRICS_RECORDED,<CLEAN_ROOT>/stages/CLEAN9_EXTERNAL_COMPARISON/HX07R/SUMMARY.csv,CSV:data_row=5,"{""variant"":""V0E"",""sequence"":""BY2H"",""valid_count"":""217"",""paired_denominator"":""1350"",""availability"":""0.16074074074074074"",""valid_rmse_deg"":""31.263814132161954"",""hold_rmse_deg"":""65.42618640965112"",""hold_scored"":""1294"",""no_heading_before_first"":""56"",""q2_count"":""584"",""q2_rate"":""0.4325925925925926"",""q2_rmse_deg"":""78.46571800578174"",""source"":""<CLEAN_ROOT>/stages/CLEAN9_EXTERNAL_COMPARISON/HX07R/RUNS/BY2H_V0E/eval/OUTPUT/HEADING_METRICS.json""}",[],[],[],FULL_RECORD_READ,PRESENT_READ,,,First-delivery subset. Source values preserved; path aliases only. No payload-body read.
HX07R-c571d3f98fd64a28fd55,HX07R,CSV_ROW,RTKLIB,unknown,unknown,BY2O,unknown,V0E,unknown,unknown,unknown,METRICS_RECORDED,<CLEAN_ROOT>/stages/CLEAN9_EXTERNAL_COMPARISON/HX07R/SUMMARY.csv,CSV:data_row=6,"{""variant"":""V0E"",""sequence"":""BY2O"",""valid_count"":""231"",""paired_denominator"":""1885"",""availability"":""0.12254641909814323"",""valid_rmse_deg"":""20.40291146083135"",""hold_rmse_deg"":""34.735075882390845"",""hold_scored"":""1885"",""no_heading_before_first"":""0"",""q2_count"":""813"",""q2_rate"":""0.4312997347480106"",""q2_rmse_deg"":""72.56647090723916"",""source"":""<CLEAN_ROOT>/stages/CLEAN9_EXTERNAL_COMPARISON/HX07R/RUNS/BY2O_V0E/eval/OUTPUT/HEADING_METRICS.json""}",[],[],[],FULL_RECORD_READ,PRESENT_READ,,,First-delivery subset. Source values preserved; path aliases only. No payload-body read.
HX07R-b6c0762de6632fc69868,HX07R,CSV_ROW,RTKLIB,unknown,unknown,BY2,unknown,V1,unknown,unknown,unknown,METRICS_RECORDED,<CLEAN_ROOT>/stages/CLEAN9_EXTERNAL_COMPARISON/HX07R/SUMMARY.csv,CSV:data_row=7,"{""variant"":""V1"",""sequence"":""BY2"",""valid_count"":""154"",""paired_denominator"":""1370"",""availability"":""0.11240875912408758"",""valid_rmse_deg"":""14.611254467126965"",""hold_rmse_deg"":""57.336597334463875"",""hold_scored"":""1370"",""no_heading_before_first"":""0"",""q2_count"":""681"",""q2_rate"":""0.49708029197080295"",""q2_rmse_deg"":""68.61605428793297"",""source"":""<CLEAN_ROOT>/stages/CLEAN9_EXTERNAL_COMPARISON/HX07R/RUNS/BY2_V1/eval/OUTPUT/HEADING_METRICS.json""}",[],[],[],FULL_RECORD_READ,PRESENT_READ,,,First-delivery subset. Source values preserved; path aliases only. No payload-body read.
HX07R-0cbbc6e439935640a4a3,HX07R,CSV_ROW,RTKLIB,unknown,unknown,BY2H,unknown,V1,unknown,unknown,unknown,METRICS_RECORDED,<CLEAN_ROOT>/stages/CLEAN9_EXTERNAL_COMPARISON/HX07R/SUMMARY.csv,CSV:data_row=8,"{""variant"":""V1"",""sequence"":""BY2H"",""valid_count"":""186"",""paired_denominator"":""1350"",""availability"":""0.13777777777777778"",""valid_rmse_deg"":""12.732971393509587"",""hold_rmse_deg"":""42.43822741854859"",""hold_scored"":""1339"",""no_heading_before_first"":""11"",""q2_count"":""599"",""q2_rate"":""0.4437037037037037"",""q2_rmse_deg"":""75.68414208728001"",""source"":""<CLEAN_ROOT>/stages/CLEAN9_EXTERNAL_COMPARISON/HX07R/RUNS/BY2H_V1/eval/OUTPUT/HEADING_METRICS.json""}",[],[],[],FULL_RECORD_READ,PRESENT_READ,,,First-delivery subset. Source values preserved; path aliases only. No payload-body read.
HX07R-fe01d980d6c63ea0a036,HX07R,CSV_ROW,RTKLIB,unknown,unknown,BY2O,unknown,V1,unknown,unknown,unknown,METRICS_RECORDED,<CLEAN_ROOT>/stages/CLEAN9_EXTERNAL_COMPARISON/HX07R/SUMMARY.csv,CSV:data_row=9,"{""variant"":""V1"",""sequence"":""BY2O"",""valid_count"":""117"",""paired_denominator"":""1885"",""availability"":""0.06206896551724138"",""valid_rmse_deg"":""21.78190065953815"",""hold_rmse_deg"":""85.86595587186044"",""hold_scored"":""1885"",""no_heading_before_first"":""0"",""q2_count"":""844"",""q2_rate"":""0.4477453580901857"",""q2_rmse_deg"":""66.0249352470167"",""source"":""<CLEAN_ROOT>/stages/CLEAN9_EXTERNAL_COMPARISON/HX07R/RUNS/BY2O_V1/eval/OUTPUT/HEADING_METRICS.json""}",[],[],[],FULL_RECORD_READ,PRESENT_READ,,,First-delivery subset. Source values preserved; path aliases only. No payload-body read.
HX07R-e955b23c56736468ecfb,HX07R,CSV_ROW,RTKLIB,unknown,unknown,BY2,unknown,V2,unknown,unknown,unknown,METRICS_RECORDED,<CLEAN_ROOT>/stages/CLEAN9_EXTERNAL_COMPARISON/HX07R/SUMMARY.csv,CSV:data_row=10,"{""variant"":""V2"",""sequence"":""BY2"",""valid_count"":""60"",""paired_denominator"":""1370"",""availability"":""0.043795620437956206"",""valid_rmse_deg"":""4.511760777149032"",""hold_rmse_deg"":""32.368884900817754"",""hold_scored"":""1370"",""no_heading_before_first"":""0"",""q2_count"":""775"",""q2_rate"":""0.5656934306569343"",""q2_rmse_deg"":""43.46584485071192"",""source"":""<CLEAN_ROOT>/stages/CLEAN9_EXTERNAL_COMPARISON/HX07R/RUNS/BY2_V2/eval/OUTPUT/HEADING_METRICS.json""}",[],[],[],FULL_RECORD_READ,PRESENT_READ,,,First-delivery subset. Source values preserved; path aliases only. No payload-body read.
HX07R-d3f254c02ab86712ceff,HX07R,CSV_ROW,RTKLIB,unknown,unknown,BY2H,unknown,V2,unknown,unknown,unknown,METRICS_RECORDED,<CLEAN_ROOT>/stages/CLEAN9_EXTERNAL_COMPARISON/HX07R/SUMMARY.csv,CSV:data_row=11,"{""variant"":""V2"",""sequence"":""BY2H"",""valid_count"":""149"",""paired_denominator"":""1350"",""availability"":""0.11037037037037037"",""valid_rmse_deg"":""10.62299168537043"",""hold_rmse_deg"":""39.641752392726964"",""hold_scored"":""1339"",""no_heading_before_first"":""11"",""q2_count"":""636"",""q2_rate"":""0.4711111111111111"",""q2_rmse_deg"":""75.69892899092176"",""source"":""<CLEAN_ROOT>/stages/CLEAN9_EXTERNAL_COMPARISON/HX07R/RUNS/BY2H_V2/eval/OUTPUT/HEADING_METRICS.json""}",[],[],[],FULL_RECORD_READ,PRESENT_READ,,,First-delivery subset. Source values preserved; path aliases only. No payload-body read.
HX07R-6bf783f32c8b49ef118a,HX07R,CSV_ROW,RTKLIB,unknown,unknown,BY2O,unknown,V2,unknown,unknown,unknown,METRICS_RECORDED,<CLEAN_ROOT>/stages/CLEAN9_EXTERNAL_COMPARISON/HX07R/SUMMARY.csv,CSV:data_row=12,"{""variant"":""V2"",""sequence"":""BY2O"",""valid_count"":""93"",""paired_denominator"":""1885"",""availability"":""0.0493368700265252"",""valid_rmse_deg"":""19.205502081410785"",""hold_rmse_deg"":""96.11424444748205"",""hold_scored"":""1885"",""no_heading_before_first"":""0"",""q2_count"":""868"",""q2_rate"":""0.46047745358090186"",""q2_rmse_deg"":""51.2563562392071"",""source"":""<CLEAN_ROOT>/stages/CLEAN9_EXTERNAL_COMPARISON/HX07R/RUNS/BY2O_V2/eval/OUTPUT/HEADING_METRICS.json""}",[],[],[],FULL_RECORD_READ,PRESENT_READ,,,First-delivery subset. Source values preserved; path aliases only. No payload-body read.
HX07R-2ea8a27ae031459f4ad7,HX07R,CSV_ROW,RTKLIB,unknown,unknown,BY2,unknown,V0-convbin,unknown,unknown,unknown,METRICS_RECORDED,<CLEAN_ROOT>/stages/CLEAN9_EXTERNAL_COMPARISON/HX07R/SUMMARY.csv,CSV:data_row=13,"{""variant"":""V0-convbin"",""sequence"":""BY2"",""valid_count"":""157"",""paired_denominator"":""1370"",""availability"":""0.1145985401459854"",""valid_rmse_deg"":""14.361272071540819"",""hold_rmse_deg"":""58.96811193411137"",""hold_scored"":""1365"",""no_heading_before_first"":""5"",""q2_count"":""411"",""q2_rate"":""0.3"",""q2_rmse_deg"":""91.01709031912986"",""source"":""<CLEAN_ROOT>/stages/CLEAN9_EXTERNAL_COMPARISON/HX07R/RUNS/BY2_V0convbin/eval/OUTPUT/HEADING_METRICS.json""}",[],[],[],FULL_RECORD_READ,PRESENT_READ,,,First-delivery subset. Source values preserved; path aliases only. No payload-body read.
HX07R-e5e01afa4199155dde2d,HX07R,CSV_ROW,RTKLIB,unknown,unknown,BY2,unknown,V0,unknown,unknown,unknown,METRICS_RECORDED,<CLEAN_ROOT>/stages/CLEAN9_EXTERNAL_COMPARISON/HX07R/VALID_DIAGNOSTICS.csv,CSV:data_row=1,"{""variant"":""V0"",""sequence"":""BY2"",""n_valid_scored"":""153"",""abs_p50_deg"":""2.060343527421878"",""abs_p95_deg"":""6.639594595066502"",""abs_max_deg"":""124.72569695188295"",""abs_gt10_count"":""3"",""abs_gt10_fraction"":""0.0196078431372549"",""source"":""<CLEAN_ROOT>/stages/CLEAN9_EXTERNAL_COMPARISON/HX07R/RUNS/BY2_V0/eval/OUTPUT/HEADING_ERROR_SERIES_RTKLIB.csv""}",[],[],[],FULL_RECORD_READ,PRESENT_READ,,,First-delivery subset. Source values preserved; path aliases only. No payload-body read.
HX07R-8ec43dce5ec29fbdc22c,HX07R,CSV_ROW,RTKLIB,unknown,unknown,BY2H,unknown,V0,unknown,unknown,unknown,METRICS_RECORDED,<CLEAN_ROOT>/stages/CLEAN9_EXTERNAL_COMPARISON/HX07R/VALID_DIAGNOSTICS.csv,CSV:data_row=2,"{""variant"":""V0"",""sequence"":""BY2H"",""n_valid_scored"":""179"",""abs_p50_deg"":""1.4451620529900424"",""abs_p95_deg"":""68.70384508547215"",""abs_max_deg"":""162.41469246861243"",""abs_gt10_count"":""13"",""abs_gt10_fraction"":""0.07262569832402235"",""source"":""<CLEAN_ROOT>/stages/CLEAN9_EXTERNAL_COMPARISON/HX07R/RUNS/BY2H_V0/eval/OUTPUT/HEADING_ERROR_SERIES_RTKLIB.csv""}",[],[],[],FULL_RECORD_READ,PRESENT_READ,,,First-delivery subset. Source values preserved; path aliases only. No payload-body read.
HX07R-1697fc12ad16edb39ff7,HX07R,CSV_ROW,RTKLIB,unknown,unknown,BY2O,unknown,V0,unknown,unknown,unknown,METRICS_RECORDED,<CLEAN_ROOT>/stages/CLEAN9_EXTERNAL_COMPARISON/HX07R/VALID_DIAGNOSTICS.csv,CSV:data_row=3,"{""variant"":""V0"",""sequence"":""BY2O"",""n_valid_scored"":""112"",""abs_p50_deg"":""1.7825158161128911"",""abs_p95_deg"":""5.784200207411649"",""abs_max_deg"":""173.4241486315569"",""abs_gt10_count"":""4"",""abs_gt10_fraction"":""0.03571428571428571"",""source"":""<CLEAN_ROOT>/stages/CLEAN9_EXTERNAL_COMPARISON/HX07R/RUNS/BY2O_V0/eval/OUTPUT/HEADING_ERROR_SERIES_RTKLIB.csv""}",[],[],[],FULL_RECORD_READ,PRESENT_READ,,,First-delivery subset. Source values preserved; path aliases only. No payload-body read.
HX07R-f153e1a92320eef1009d,HX07R,CSV_ROW,RTKLIB,unknown,unknown,BY2,unknown,V0E,unknown,unknown,unknown,METRICS_RECORDED,<CLEAN_ROOT>/stages/CLEAN9_EXTERNAL_COMPARISON/HX07R/VALID_DIAGNOSTICS.csv,CSV:data_row=4,"{""variant"":""V0E"",""sequence"":""BY2"",""n_valid_scored"":""194"",""abs_p50_deg"":""2.2632549186010635"",""abs_p95_deg"":""9.150117166255336"",""abs_max_deg"":""177.84588190820648"",""abs_gt10_count"":""9"",""abs_gt10_fraction"":""0.04639175257731959"",""source"":""<CLEAN_ROOT>/stages/CLEAN9_EXTERNAL_COMPARISON/HX07R/RUNS/BY2_V0E/eval/OUTPUT/HEADING_ERROR_SERIES_RTKLIB.csv""}",[],[],[],FULL_RECORD_READ,PRESENT_READ,,,First-delivery subset. Source values preserved; path aliases only. No payload-body read.
HX07R-313044896502f8525666,HX07R,CSV_ROW,RTKLIB,unknown,unknown,BY2H,unknown,V0E,unknown,unknown,unknown,METRICS_RECORDED,<CLEAN_ROOT>/stages/CLEAN9_EXTERNAL_COMPARISON/HX07R/VALID_DIAGNOSTICS.csv,CSV:data_row=5,"{""variant"":""V0E"",""sequence"":""BY2H"",""n_valid_scored"":""217"",""abs_p50_deg"":""1.7845961129626176"",""abs_p95_deg"":""115.5268573404526"",""abs_max_deg"":""127.51029758781212"",""abs_gt10_count"":""19"",""abs_gt10_fraction"":""0.08755760368663594"",""source"":""<CLEAN_ROOT>/stages/CLEAN9_EXTERNAL_COMPARISON/HX07R/RUNS/BY2H_V0E/eval/OUTPUT/HEADING_ERROR_SERIES_RTKLIB.csv""}",[],[],[],FULL_RECORD_READ,PRESENT_READ,,,First-delivery subset. Source values preserved; path aliases only. No payload-body read.
HX07R-f384e9540ea1a9783df8,HX07R,CSV_ROW,RTKLIB,unknown,unknown,BY2O,unknown,V0E,unknown,unknown,unknown,METRICS_RECORDED,<CLEAN_ROOT>/stages/CLEAN9_EXTERNAL_COMPARISON/HX07R/VALID_DIAGNOSTICS.csv,CSV:data_row=6,"{""variant"":""V0E"",""sequence"":""BY2O"",""n_valid_scored"":""231"",""abs_p50_deg"":""2.0714177996060243"",""abs_p95_deg"":""18.47018942908562"",""abs_max_deg"":""173.4241375705721"",""abs_gt10_count"":""25"",""abs_gt10_fraction"":""0.10822510822510822"",""source"":""<CLEAN_ROOT>/stages/CLEAN9_EXTERNAL_COMPARISON/HX07R/RUNS/BY2O_V0E/eval/OUTPUT/HEADING_ERROR_SERIES_RTKLIB.csv""}",[],[],[],FULL_RECORD_READ,PRESENT_READ,,,First-delivery subset. Source values preserved; path aliases only. No payload-body read.
HX07R-f4d759daf582d033294f,HX07R,CSV_ROW,RTKLIB,unknown,unknown,BY2,unknown,V1,unknown,unknown,unknown,METRICS_RECORDED,<CLEAN_ROOT>/stages/CLEAN9_EXTERNAL_COMPARISON/HX07R/VALID_DIAGNOSTICS.csv,CSV:data_row=7,"{""variant"":""V1"",""sequence"":""BY2"",""n_valid_scored"":""154"",""abs_p50_deg"":""1.969065992660461"",""abs_p95_deg"":""6.191313076988857"",""abs_max_deg"":""177.8263274988572"",""abs_gt10_count"":""1"",""abs_gt10_fraction"":""0.006493506493506494"",""source"":""<CLEAN_ROOT>/stages/CLEAN9_EXTERNAL_COMPARISON/HX07R/RUNS/BY2_V1/eval/OUTPUT/HEADING_ERROR_SERIES_RTKLIB.csv""}",[],[],[],FULL_RECORD_READ,PRESENT_READ,,,First-delivery subset. Source values preserved; path aliases only. No payload-body read.
HX07R-4a9df099d381c59e2aab,HX07R,CSV_ROW,RTKLIB,unknown,unknown,BY2H,unknown,V1,unknown,unknown,unknown,METRICS_RECORDED,<CLEAN_ROOT>/stages/CLEAN9_EXTERNAL_COMPARISON/HX07R/VALID_DIAGNOSTICS.csv,CSV:data_row=8,"{""variant"":""V1"",""sequence"":""BY2H"",""n_valid_scored"":""186"",""abs_p50_deg"":""1.2769928768377667"",""abs_p95_deg"":""4.803493156087995"",""abs_max_deg"":""131.02090934366828"",""abs_gt10_count"":""2"",""abs_gt10_fraction"":""0.010752688172043012"",""source"":""<CLEAN_ROOT>/stages/CLEAN9_EXTERNAL_COMPARISON/HX07R/RUNS/BY2H_V1/eval/OUTPUT/HEADING_ERROR_SERIES_RTKLIB.csv""}",[],[],[],FULL_RECORD_READ,PRESENT_READ,,,First-delivery subset. Source values preserved; path aliases only. No payload-body read.
HX07R-7529444fa84859bbf8a1,HX07R,CSV_ROW,RTKLIB,unknown,unknown,BY2O,unknown,V1,unknown,unknown,unknown,METRICS_RECORDED,<CLEAN_ROOT>/stages/CLEAN9_EXTERNAL_COMPARISON/HX07R/VALID_DIAGNOSTICS.csv,CSV:data_row=9,"{""variant"":""V1"",""sequence"":""BY2O"",""n_valid_scored"":""117"",""abs_p50_deg"":""1.2789655481823843"",""abs_p95_deg"":""6.747149328772583"",""abs_max_deg"":""173.4245025560815"",""abs_gt10_count"":""6"",""abs_gt10_fraction"":""0.05128205128205128"",""source"":""<CLEAN_ROOT>/stages/CLEAN9_EXTERNAL_COMPARISON/HX07R/RUNS/BY2O_V1/eval/OUTPUT/HEADING_ERROR_SERIES_RTKLIB.csv""}",[],[],[],FULL_RECORD_READ,PRESENT_READ,,,First-delivery subset. Source values preserved; path aliases only. No payload-body read.
HX07R-a4d581bbc99a9bebb405,HX07R,CSV_ROW,RTKLIB,unknown,unknown,BY2,unknown,V2,unknown,unknown,unknown,METRICS_RECORDED,<CLEAN_ROOT>/stages/CLEAN9_EXTERNAL_COMPARISON/HX07R/VALID_DIAGNOSTICS.csv,CSV:data_row=10,"{""variant"":""V2"",""sequence"":""BY2"",""n_valid_scored"":""60"",""abs_p50_deg"":""1.0980417421114907"",""abs_p95_deg"":""12.074530991797781"",""abs_max_deg"":""21.03182156016237"",""abs_gt10_count"":""4"",""abs_gt10_fraction"":""0.06666666666666667"",""source"":""<CLEAN_ROOT>/stages/CLEAN9_EXTERNAL_COMPARISON/HX07R/RUNS/BY2_V2/eval/OUTPUT/HEADING_ERROR_SERIES_RTKLIB.csv""}",[],[],[],FULL_RECORD_READ,PRESENT_READ,,,First-delivery subset. Source values preserved; path aliases only. No payload-body read.
HX07R-cc2050438185275c3067,HX07R,CSV_ROW,RTKLIB,unknown,unknown,BY2H,unknown,V2,unknown,unknown,unknown,METRICS_RECORDED,<CLEAN_ROOT>/stages/CLEAN9_EXTERNAL_COMPARISON/HX07R/VALID_DIAGNOSTICS.csv,CSV:data_row=11,"{""variant"":""V2"",""sequence"":""BY2H"",""n_valid_scored"":""149"",""abs_p50_deg"":""1.2367938297068122"",""abs_p95_deg"":""5.497416248546277"",""abs_max_deg"":""109.77780863409356"",""abs_gt10_count"":""3"",""abs_gt10_fraction"":""0.020134228187919462"",""source"":""<CLEAN_ROOT>/stages/CLEAN9_EXTERNAL_COMPARISON/HX07R/RUNS/BY2H_V2/eval/OUTPUT/HEADING_ERROR_SERIES_RTKLIB.csv""}",[],[],[],FULL_RECORD_READ,PRESENT_READ,,,First-delivery subset. Source values preserved; path aliases only. No payload-body read.
HX07R-fa3d98448b5c426361e1,HX07R,CSV_ROW,RTKLIB,unknown,unknown,BY2O,unknown,V2,unknown,unknown,unknown,METRICS_RECORDED,<CLEAN_ROOT>/stages/CLEAN9_EXTERNAL_COMPARISON/HX07R/VALID_DIAGNOSTICS.csv,CSV:data_row=12,"{""variant"":""V2"",""sequence"":""BY2O"",""n_valid_scored"":""93"",""abs_p50_deg"":""1.277217077813475"",""abs_p95_deg"":""5.383187014875574"",""abs_max_deg"":""173.4226770717258"",""abs_gt10_count"":""4"",""abs_gt10_fraction"":""0.043010752688172046"",""source"":""<CLEAN_ROOT>/stages/CLEAN9_EXTERNAL_COMPARISON/HX07R/RUNS/BY2O_V2/eval/OUTPUT/HEADING_ERROR_SERIES_RTKLIB.csv""}",[],[],[],FULL_RECORD_READ,PRESENT_READ,,,First-delivery subset. Source values preserved; path aliases only. No payload-body read.
HX07R-373c82ed81ce968be9b0,HX07R,CSV_ROW,RTKLIB,unknown,unknown,BY2,unknown,V0-convbin,unknown,unknown,unknown,METRICS_RECORDED,<CLEAN_ROOT>/stages/CLEAN9_EXTERNAL_COMPARISON/HX07R/VALID_DIAGNOSTICS.csv,CSV:data_row=13,"{""variant"":""V0-convbin"",""sequence"":""BY2"",""n_valid_scored"":""157"",""abs_p50_deg"":""2.007752728372566"",""abs_p95_deg"":""6.629350509344783"",""abs_max_deg"":""124.72569695188295"",""abs_gt10_count"":""3"",""abs_gt10_fraction"":""0.01910828025477707"",""source"":""<CLEAN_ROOT>/stages/CLEAN9_EXTERNAL_COMPARISON/HX07R/RUNS/BY2_V0convbin/eval/OUTPUT/HEADING_ERROR_SERIES_RTKLIB.csv""}",[],[],[],FULL_RECORD_READ,PRESENT_READ,,,First-delivery subset. Source values preserved; path aliases only. No payload-body read.
HX07R-797b21168a3dc00a38a0,HX07R,EVALUATION_RECORD,RTKLIB,unknown,unknown,BY2H,NATURAL,V0,unknown,unknown,unknown,unknown,<CLEAN_ROOT>/stages/CLEAN9_EXTERNAL_COMPARISON/HX07R/RUNS/BY2H_V0/eval/EVALUATOR_STRACE_AUDIT.json,#,"{""argv"":[""/usr/bin/python3"",""-m"",""legsa_gins.paper_rebuild.hext.hx02_heading_evaluation"",""--spec"",""<CLEAN_ROOT>/stages/CLEAN9_EXTERNAL_COMPARISON/HX07R/RUNS/BY2H_V0/eval/SPEC.json""],""environment"":{""GIT_OPTIONAL_LOCKS"":""0"",""MKL_NUM_THREADS"":""1"",""MPLBACKEND"":""Agg"",""MPLCONFIGDIR"":""<CLEAN_ROOT>/stages/CLEAN9_EXTERNAL_COMPARISON/HX07R/RUNS/BY2H_V0/eval/OUTPUT/.matplotlib"",""NUMEXPR_NUM_THREADS"":""1"",""OMP_NUM_THREADS"":""1"",""OPENBLAS_NUM_THREADS"":""1"",""PYTHONDONTWRITEBYTECODE"":""1"",""PYTHONPATH"":""<AUDIT_SOURCE_WORKTREE>/src"",""XDG_CACHE_HOME"":""<CLEAN_ROOT>/stages/CLEAN9_EXTERNAL_COMPARISON/HX07R/RUNS/BY2H_V0/eval/OUTPUT/.cache""},""execve_programs"":[""/usr/bin/python3""],""exit_code"":""0"",""failures"":[],""kind"":""HEADING"",""module"":""legsa_gins.paper_rebuild.hext.hx02_heading_evaluation"",""passed"":true,""raw_open_count"":""1"",""runtime_seconds"":""0.45912329199927626"",""spec_sha256"":""336a818aa2bf47d5ad48884ca371fe8585ff4a1cb8a37bf4350e73d36a7ab69e"",""strace_sha256"":""0c06c589942fbfdce85df8f6dc29aecb4589fc387b68423d45dd3a6a87d7129b"",""trace_open_count"":""1"",""trace_open_records"":[{""anonymous_pipe"":false,""flags"":""O_RDONLY|O_CLOEXEC"",""lexical_path"":""<RAW_ROOT>/BY2_BY3/2026-03-06/fixption数据/2026.3.6/by3/vrtk2_a87c6e_2026-03-06-08-06-39_minimal/trace_vrtk2_a87c6e_2026-03-06-08-06-39_minimal.csv"",""path"":""<RAW_ROOT>/BY2_BY3/2026-03-06/fixption数据/2026.3.6/by3/vrtk2_a87c6e_2026-03-06-08-06-39_minimal/trace_vrtk2_a87c6e_2026-03-06-08-06-39_minimal.csv"",""pid"":""10522"",""return_code"":""3""}],""trace_read_role"":""registered_evaluator_child_only"",""write_scope"":{""allowed_anonymous_pipe_write_count"":""0"",""allowed_anonymous_pipe_write_records"":[],""allowed_device_write_count"":""0"",""allowed_device_write_records"":[],""clean_root_outside_run_write_count"":""0"",""outside_run_write_open_count"":""0"",""outside_run_write_open_records"":[],""pass"":true,""raw_write_open_count"":""0"",""write_open_count"":""2"",""write_open_records"":[{""anonymous_pipe"":false,""flags"":""O_WRONLY|O_CREAT|O_EXCL|O_CLOEXEC"",""lexical_path"":""<CLEAN_ROOT>/stages/CLEAN9_EXTERNAL_COMPARISON/HX07R/RUNS/BY2H_V0/eval/OUTPUT/HEADING_ERROR_SERIES_RTKLIB.csv"",""path"":""<CLEAN_ROOT>/stages/CLEAN9_EXTERNAL_COMPARISON/HX07R/RUNS/BY2H_V0/eval/OUTPUT/HEADING_ERROR_SERIES_RTKLIB.csv"",""pid"":""10522"",""return_code"":""3""},{""anonymous_pipe"":false,""flags"":""O_WRONLY|O_CREAT|O_EXCL|O_CLOEXEC"",""lexical_path"":""<CLEAN_ROOT>/stages/CLEAN9_EXTERNAL_COMPARISON/HX07R/RUNS/BY2H_V0/eval/OUTPUT/HEADING_METRICS.json"",""path"":""<CLEAN_ROOT>/stages/CLEAN9_EXTERNAL_COMPARISON/HX07R/RUNS/BY2H_V0/eval/OUTPUT/HEADING_METRICS.json"",""pid"":""10522"",""return_code"":""3""}],""write_outside_run_count"":""0"",""write_scope_exceptions"":[""/dev/null"",""/dev/pts/*"",""kernel-identified anonymous pipe""]}}",[],[],[],FULL_RECORD_READ,PRESENT_READ,,,First-delivery subset. Source values preserved; path aliases only. No payload-body read.
HX07R-fd5486fc33668166b48e,HX07R,EVALUATION_RECORD,RTKLIB,unknown,unknown,BY2H,NATURAL,V0,unknown,unknown,unknown,unknown,<CLEAN_ROOT>/stages/CLEAN9_EXTERNAL_COMPARISON/HX07R/RUNS/BY2H_V0/eval/OUTPUT/HEADING_METRICS.json,#,"{""method_id"":""RTKLIB"",""schema"":""hx02.heading_evaluation.v1"",""sequence_id"":""BY2H"",""trace_open_count_in_child"":""1"",""trace_sha256_observed"":""8d11fe360753bfcdbc54f7bf793fcb25850c0997b7aaad4ec1c9f10859c0f84f"",""variants"":{""RTKLIB"":{""availability"":""0.1325925925925926"",""base_time"":""1772784000.0"",""denominator_native_paired_epochs_in_window"":""1350"",""error_convention"":""wrap180(method_body_yaw_ned - reference_body_yaw_ned)"",""heading_table_sha256"":""993886f8497bb30367cd7bf73719230120d07d3ebea37c43d2a9ad625bfbe741"",""hold_last_valid"":{""circular_bias_deg"":""-0.20190992314314826"",""count"":""1332"",""held_epochs_in_window"":""1332"",""held_epochs_without_reference_support"":""0"",""hold_source"":""CAUSAL_LAST_METHOD_NATIVE_VALID_EPOCH_FROM_NATIVE_START"",""mae_deg"":""36.59031938469897"",""max_absolute_deg"":""166.1472549135375"",""no_heading_epochs_before_first_valid"":""18"",""p95_absolute_deg"":""102.81023871412411"",""rmse_deg"":""55.117992602685284""},""method_id"":""RTKLIB"",""q1_fixed"":{""count"":""179"",""errors"":{""circular_bias_deg"":""-2.9731861011523506"",""count"":""179"",""mae_deg"":""8.138703759747326"",""max_absolute_deg"":""162.41469246861243"",""p95_absolute_deg"":""68.70384508547215"",""rmse_deg"":""27.0111690896743""},""rate"":""0.1325925925925926""},""q2_float"":{""count"":""286"",""errors"":{""circular_bias_deg"":""-104.33150170094825"",""count"":""286"",""mae_deg"":""98.02104182008603"",""max_absolute_deg"":""177.747593454009"",""p95_absolute_deg"":""159.86671544579792"",""rmse_deg"":""104.89156315431579""},""rate"":""0.21185185185185185""},""reference_semantics"":""wrap360(90-interp(unwrap(yaw_ENU))) inside trace support; no extrapolation"",""schema"":""hx02.heading_evaluation.v1"",""valid"":{""circular_bias_deg"":""-2.9731861011523506"",""count"":""179"",""mae_deg"":""8.138703759747326"",""max_absolute_deg"":""162.41469246861243"",""p95_absolute_deg"":""68.70384508547215"",""rmse_deg"":""27.0111690896743"",""wrapsafe"":{""circular_wrapsafe_bias_deg"":""-2.9731861011523506"",""continuity_definition"":""segments split when accepted original epoch indices are nonconsecutive"",""longest_segment_epochs"":""22"",""mae_deg"":""8.138703759747326"",""matched_count"":""179"",""max_absolute_deg"":""162.41469246861243"",""maximum_gap_seconds"":""15.200000047683716"",""median_absolute_deg"":""1.4451620529900424"",""p90_absolute_deg"":""7.404555279075987"",""p95_absolute_deg"":""68.70384508547215"",""p99_absolute_deg"":""125.17815269648041"",""rmse_deg"":""27.0111690896743"",""segment_count"":""44"",""valid_count"":""179"",""valid_coverage"":""0.1325925925925926"",""valid_denominator"":""1350"",""wrapsafe_bias_deg"":""-5.916018246848394""}},""valid_epochs_in_window"":""179"",""valid_epochs_without_reference_support"":""0"",""valid_segments"":{""definition"":""segments split when accepted original epoch indices are nonconsecutive"",""longest_segment_epochs"":""22"",""maximum_gap_seconds"":""15.200000047683716"",""segment_count"":""44""},""window_seconds"":[""413.0"",""683.0""]}}}",[],[],[],FULL_RECORD_READ,PRESENT_READ,,,First-delivery subset. Source values preserved; path aliases only. No payload-body read.
HX07R-e55dd269886429052a0e,HX07R,RUN_IDENTITY,RTKLIB,unknown,unknown,BY2H,NATURAL,V0,unknown,unknown,FINISHED,EVALUATION_RECORDS_PRESENT,<CLEAN_ROOT>/stages/CLEAN9_EXTERNAL_COMPARISON/HX07R/RUNS/BY2H_V0,run_id=BY2H_V0,"{""COMMAND.json"":{""argv"":[""<HX02_EXTERNAL_ROOT>/RTKLIB/app/consapp/rnx2rtkp/gcc/rnx2rtkp"",""-k"",""<CLEAN_ROOT>/stages/CLEAN9_EXTERNAL_COMPARISON/HX07/CONFIGS/V0.conf"",""-o"",""<CLEAN_ROOT>/stages/CLEAN9_EXTERNAL_COMPARISON/HX07R/RUNS/BY2H_V0/solution.pos"",""-y"",""2"",""-ts"",""2026/03/06"",""08:07:11.198"",""<CLEAN_ROOT>/stages/CLEAN9_EXTERNAL_COMPARISON/HX02_FIVE_CATEGORY/RUNS/BY2H__RTKLIB__NONE__CONTRACT_START__NA/native/SOURCE_BACKEND/gnss2.obs"",""<CLEAN_ROOT>/stages/CLEAN9_EXTERNAL_COMPARISON/HX02_FIVE_CATEGORY/RUNS/BY2H__RTKLIB__NONE__CONTRACT_START__NA/native/SOURCE_BACKEND/gnss1.obs"",""<CLEAN_ROOT>/stages/CLEAN9_EXTERNAL_COMPARISON/HX02_FIVE_CATEGORY/RUNS/BY2H__RTKLIB__NONE__CONTRACT_START__NA/native/SOURCE_BACKEND/gnss1.nav"",""<CLEAN_ROOT>/stages/CLEAN9_EXTERNAL_COMPARISON/HX02_FIVE_CATEGORY/RUNS/BY2H__RTKLIB__NONE__CONTRACT_START__NA/native/SOURCE_BACKEND/gnss2.nav""],""data_mode"":""recorded_raw_gnss"",""end"":""2026-09-27T13:28:35.841860+00:00"",""input_sha256"":{""<CLEAN_ROOT>/stages/CLEAN9_EXTERNAL_COMPARISON/HX02_FIVE_CATEGORY/RUNS/BY2H__RTKLIB__NONE__CONTRACT_START__NA/native/SOURCE_BACKEND/gnss1.nav"":""fa12cb9485682b433e19f11f6058fc7dca37ee652dd65e374a87758f6ddb8dca"",""<CLEAN_ROOT>/stages/CLEAN9_EXTERNAL_COMPARISON/HX02_FIVE_CATEGORY/RUNS/BY2H__RTKLIB__NONE__CONTRACT_START__NA/native/SOURCE_BACKEND/gnss1.obs"":""8ac02d4d59a6ad205b2c34e301e34c717a901132b73c82978ef24e4e742867a3"",""<CLEAN_ROOT>/stages/CLEAN9_EXTERNAL_COMPARISON/HX02_FIVE_CATEGORY/RUNS/BY2H__RTKLIB__NONE__CONTRACT_START__NA/native/SOURCE_BACKEND/gnss2.nav"":""080d03a74c686a39a14d8f26ae13028a619e61b611ccbec72ddbccf42011c83b"",""<CLEAN_ROOT>/stages/CLEAN9_EXTERNAL_COMPARISON/HX02_FIVE_CATEGORY/RUNS/BY2H__RTKLIB__NONE__CONTRACT_START__NA/native/SOURCE_BACKEND/gnss2.obs"":""e283c27456ca7faa7f9efca863ffd5fd131567b60a25278e93d7348c248534da"",""<CLEAN_ROOT>/stages/CLEAN9_EXTERNAL_COMPARISON/HX07/CONFIGS/V0.conf"":""97f0fe4157ce31909538e696184a7faadad059c3099ab912cbe2e97b0fc9e14f"",""<RTKLIB>/app/consapp/rnx2rtkp/gcc/rnx2rtkp"":""3a0ad1c55435b45e1f83b2e713a0b0fb837a5f0a118d76ead3df1f9e3e531eda""},""original_argv"":[""<HX02_EXTERNAL_ROOT>/RTKLIB/app/consapp/rnx2rtkp/gcc/rnx2rtkp"",""-k"",""<HX02_SCRATCH>/RUNS/BY2H__RTKLIB__NONE__CONTRACT_START__NA/native/RTKLIB_UNMODIFIED_MOVING_BASE.conf"",""-o"",""<HX02_SCRATCH>/RUNS/BY2H__RTKLIB__NONE__CONTRACT_START__NA/native/RTKLIB_UNMODIFIED_MOVING_BASE.pos"",""-ts"",""2026/03/06"",""08:07:11.198"",""<HX02_SCRATCH>/RUNS/BY2H__RTKLIB__NONE__CONTRACT_START__NA/native/SOURCE_BACKEND/gnss2.obs"",""<HX02_SCRATCH>/RUNS/BY2H__RTKLIB__NONE__CONTRACT_START__NA/native/SOURCE_BACKEND/gnss1.obs"",""<HX02_SCRATCH>/RUNS/BY2H__RTKLIB__NONE__CONTRACT_START__NA/native/SOURCE_BACKEND/gnss1.nav"",""<HX02_SCRATCH>/RUNS/BY2H__RTKLIB__NONE__CONTRACT_START__NA/native/SOURCE_BACKEND/gnss2.nav""],""returncode"":""0"",""semisynthetic_data_used"":false,""sequence"":""BY2H"",""start"":""2026-09-27T13:28:31.999444+00:00"",""status"":""FINISHED"",""synthetic_data_used"":false,""thread_environment"":{""BLIS_NUM_THREADS"":""1"",""MKL_NUM_THREADS"":""1"",""NUMEXPR_NUM_THREADS"":""1"",""OMP_NUM_THREADS"":""1"",""OPENBLAS_NUM_THREADS"":""1"",""VECLIB_MAXIMUM_THREADS"":""1""},""variant"":""V0""},""ASSOCIATION_SUMMARY.json"":{""association_status_counts"":{""ASSOCIATED_UNIQUE_NEAREST_SAME_WEEK"":""512""},""heading_table_sha256"":""993886f8497bb30367cd7bf73719230120d07d3ebea37c43d2a9ad625bfbe741"",""pos_rows"":""512"",""q_counts"":{""1"":""180"",""2"":""332""},""selected_pairs"":""1423"",""valid_q1_rows"":""180"",""window_paired"":""1350"",""window_q1"":""179"",""window_q_counts"":{""-1"":""885"",""1"":""179"",""2"":""286"",""5"":""0""}}}","[""<CLEAN_ROOT>/stages/CLEAN9_EXTERNAL_COMPARISON/HX07R/RUNS/BY2H_V0/solution.pos"", ""<CLEAN_ROOT>/stages/CLEAN9_EXTERNAL_COMPARISON/HX07R/RUNS/BY2H_V0/HEADING_TABLE.csv""]","[""<CLEAN_ROOT>/stages/CLEAN9_EXTERNAL_COMPARISON/HX07R/RUNS/BY2H_V0/eval/EVALUATOR_STRACE_AUDIT.json"", ""<CLEAN_ROOT>/stages/CLEAN9_EXTERNAL_COMPARISON/HX07R/RUNS/BY2H_V0/eval/OUTPUT/HEADING_METRICS.json""]",[],FULL_RECORD_READ,ARCHIVED_DIRECTORY_PRESENT,,,"Directory token 4 is original start_mode, not case_id; NATURAL_C00 labels this natural full-window run. native_classification=unknown; runner_terminal_status=unknown. Original metadata values preserved in source_values_json."
HX07R-fcd88d920dcc9df53346,HX07R,EVALUATION_RECORD,RTKLIB,unknown,unknown,BY2H,NATURAL,V0E,unknown,unknown,unknown,unknown,<CLEAN_ROOT>/stages/CLEAN9_EXTERNAL_COMPARISON/HX07R/RUNS/BY2H_V0E/eval/EVALUATOR_STRACE_AUDIT.json,#,"{""argv"":[""/usr/bin/python3"",""-m"",""legsa_gins.paper_rebuild.hext.hx02_heading_evaluation"",""--spec"",""<CLEAN_ROOT>/stages/CLEAN9_EXTERNAL_COMPARISON/HX07R/RUNS/BY2H_V0E/eval/SPEC.json""],""environment"":{""GIT_OPTIONAL_LOCKS"":""0"",""MKL_NUM_THREADS"":""1"",""MPLBACKEND"":""Agg"",""MPLCONFIGDIR"":""<CLEAN_ROOT>/stages/CLEAN9_EXTERNAL_COMPARISON/HX07R/RUNS/BY2H_V0E/eval/OUTPUT/.matplotlib"",""NUMEXPR_NUM_THREADS"":""1"",""OMP_NUM_THREADS"":""1"",""OPENBLAS_NUM_THREADS"":""1"",""PYTHONDONTWRITEBYTECODE"":""1"",""PYTHONPATH"":""<AUDIT_SOURCE_WORKTREE>/src"",""XDG_CACHE_HOME"":""<CLEAN_ROOT>/stages/CLEAN9_EXTERNAL_COMPARISON/HX07R/RUNS/BY2H_V0E/eval/OUTPUT/.cache""},""execve_programs"":[""/usr/bin/python3""],""exit_code"":""0"",""failures"":[],""kind"":""HEADING"",""module"":""legsa_gins.paper_rebuild.hext.hx02_heading_evaluation"",""passed"":true,""raw_open_count"":""1"",""runtime_seconds"":""0.5341811590005818"",""spec_sha256"":""4139b2a83d6a1e08462672b5ff39d7444161af03ad292e0bf64beccb603a0c42"",""strace_sha256"":""a959e6f8eae08b8f4dcc80a8486c4a567c10e3c6da27c5989d9ac50b81f46349"",""trace_open_count"":""1"",""trace_open_records"":[{""anonymous_pipe"":false,""flags"":""O_RDONLY|O_CLOEXEC"",""lexical_path"":""<RAW_ROOT>/BY2_BY3/2026-03-06/fixption数据/2026.3.6/by3/vrtk2_a87c6e_2026-03-06-08-06-39_minimal/trace_vrtk2_a87c6e_2026-03-06-08-06-39_minimal.csv"",""path"":""<RAW_ROOT>/BY2_BY3/2026-03-06/fixption数据/2026.3.6/by3/vrtk2_a87c6e_2026-03-06-08-06-39_minimal/trace_vrtk2_a87c6e_2026-03-06-08-06-39_minimal.csv"",""pid"":""10543"",""return_code"":""3""}],""trace_read_role"":""registered_evaluator_child_only"",""write_scope"":{""allowed_anonymous_pipe_write_count"":""0"",""allowed_anonymous_pipe_write_records"":[],""allowed_device_write_count"":""0"",""allowed_device_write_records"":[],""clean_root_outside_run_write_count"":""0"",""outside_run_write_open_count"":""0"",""outside_run_write_open_records"":[],""pass"":true,""raw_write_open_count"":""0"",""write_open_count"":""2"",""write_open_records"":[{""anonymous_pipe"":false,""flags"":""O_WRONLY|O_CREAT|O_EXCL|O_CLOEXEC"",""lexical_path"":""<CLEAN_ROOT>/stages/CLEAN9_EXTERNAL_COMPARISON/HX07R/RUNS/BY2H_V0E/eval/OUTPUT/HEADING_ERROR_SERIES_RTKLIB.csv"",""path"":""<CLEAN_ROOT>/stages/CLEAN9_EXTERNAL_COMPARISON/HX07R/RUNS/BY2H_V0E/eval/OUTPUT/HEADING_ERROR_SERIES_RTKLIB.csv"",""pid"":""10543"",""return_code"":""3""},{""anonymous_pipe"":false,""flags"":""O_WRONLY|O_CREAT|O_EXCL|O_CLOEXEC"",""lexical_path"":""<CLEAN_ROOT>/stages/CLEAN9_EXTERNAL_COMPARISON/HX07R/RUNS/BY2H_V0E/eval/OUTPUT/HEADING_METRICS.json"",""path"":""<CLEAN_ROOT>/stages/CLEAN9_EXTERNAL_COMPARISON/HX07R/RUNS/BY2H_V0E/eval/OUTPUT/HEADING_METRICS.json"",""pid"":""10543"",""return_code"":""3""}],""write_outside_run_count"":""0"",""write_scope_exceptions"":[""/dev/null"",""/dev/pts/*"",""kernel-identified anonymous pipe""]}}",[],[],[],FULL_RECORD_READ,PRESENT_READ,,,First-delivery subset. Source values preserved; path aliases only. No payload-body read.
HX07R-604dc8a3ef4d65e417aa,HX07R,EVALUATION_RECORD,RTKLIB,unknown,unknown,BY2H,NATURAL,V0E,unknown,unknown,unknown,unknown,<CLEAN_ROOT>/stages/CLEAN9_EXTERNAL_COMPARISON/HX07R/RUNS/BY2H_V0E/eval/OUTPUT/HEADING_METRICS.json,#,"{""method_id"":""RTKLIB"",""schema"":""hx02.heading_evaluation.v1"",""sequence_id"":""BY2H"",""trace_open_count_in_child"":""1"",""trace_sha256_observed"":""8d11fe360753bfcdbc54f7bf793fcb25850c0997b7aaad4ec1c9f10859c0f84f"",""variants"":{""RTKLIB"":{""availability"":""0.16074074074074074"",""base_time"":""1772784000.0"",""denominator_native_paired_epochs_in_window"":""1350"",""error_convention"":""wrap180(method_body_yaw_ned - reference_body_yaw_ned)"",""heading_table_sha256"":""157f12a3dda6e7db7b7fae955fd13725eec6ee6f6d2835919dcde8013cb52595"",""hold_last_valid"":{""circular_bias_deg"":""-7.404472548081003"",""count"":""1294"",""held_epochs_in_window"":""1294"",""held_epochs_without_reference_support"":""0"",""hold_source"":""CAUSAL_LAST_METHOD_NATIVE_VALID_EPOCH_FROM_NATIVE_START"",""mae_deg"":""41.924884871193676"",""max_absolute_deg"":""142.33259577470534"",""no_heading_epochs_before_first_valid"":""56"",""p95_absolute_deg"":""125.031063503039"",""rmse_deg"":""65.42618640965112""},""method_id"":""RTKLIB"",""q1_fixed"":{""count"":""217"",""errors"":{""circular_bias_deg"":""-3.245654302326102"",""count"":""217"",""mae_deg"":""10.48112809917721"",""max_absolute_deg"":""127.51029758781212"",""p95_absolute_deg"":""115.5268573404526"",""rmse_deg"":""31.263814132161954""},""rate"":""0.16074074074074074""},""q2_float"":{""count"":""584"",""errors"":{""circular_bias_deg"":""30.280868724132006"",""count"":""584"",""mae_deg"":""67.27504859119479"",""max_absolute_deg"":""176.72118854883524"",""p95_absolute_deg"":""138.8650832696284"",""rmse_deg"":""78.46571800578174""},""rate"":""0.4325925925925926""},""reference_semantics"":""wrap360(90-interp(unwrap(yaw_ENU))) inside trace support; no extrapolation"",""schema"":""hx02.heading_evaluation.v1"",""valid"":{""circular_bias_deg"":""-3.245654302326102"",""count"":""217"",""mae_deg"":""10.48112809917721"",""max_absolute_deg"":""127.51029758781212"",""p95_absolute_deg"":""115.5268573404526"",""rmse_deg"":""31.263814132161954"",""wrapsafe"":{""circular_wrapsafe_bias_deg"":""-3.245654302326102"",""continuity_definition"":""segments split when accepted original epoch indices are nonconsecutive"",""longest_segment_epochs"":""22"",""mae_deg"":""10.48112809917721"",""matched_count"":""217"",""max_absolute_deg"":""127.51029758781212"",""maximum_gap_seconds"":""100.59999990463257"",""median_absolute_deg"":""1.7845961129626176"",""p90_absolute_deg"":""7.716900890533922"",""p95_absolute_deg"":""115.5268573404526"",""p99_absolute_deg"":""124.09365663109375"",""rmse_deg"":""31.263814132161954"",""segment_count"":""61"",""valid_count"":""217"",""valid_coverage"":""0.16074074074074074"",""valid_denominator"":""1350"",""wrapsafe_bias_deg"":""-6.385224343217462""}},""valid_epochs_in_window"":""217"",""valid_epochs_without_reference_support"":""0"",""valid_segments"":{""definition"":""segments split when accepted original epoch indices are nonconsecutive"",""longest_segment_epochs"":""22"",""maximum_gap_seconds"":""100.59999990463257"",""segment_count"":""61""},""window_seconds"":[""413.0"",""683.0""]}}}",[],[],[],FULL_RECORD_READ,PRESENT_READ,,,First-delivery subset. Source values preserved; path aliases only. No payload-body read.
HX07R-d93494a239777ea4fbad,HX07R,RUN_IDENTITY,RTKLIB,unknown,unknown,BY2H,NATURAL,V0E,unknown,unknown,FINISHED,EVALUATION_RECORDS_PRESENT,<CLEAN_ROOT>/stages/CLEAN9_EXTERNAL_COMPARISON/HX07R/RUNS/BY2H_V0E,run_id=BY2H_V0E,"{""COMMAND.json"":{""argv"":[""<HX02_EXTERNAL_ROOT>/RTKLIB/app/consapp/rnx2rtkp/gcc/rnx2rtkp"",""-k"",""<CLEAN_ROOT>/stages/CLEAN9_EXTERNAL_COMPARISON/HX07/CONFIGS/V0.conf"",""-o"",""<CLEAN_ROOT>/stages/CLEAN9_EXTERNAL_COMPARISON/HX07R/RUNS/BY2H_V0E/solution.pos"",""-y"",""2"",""-ts"",""2026/03/06"",""08:07:11.198"",""<CLEAN_ROOT>/stages/CLEAN9_EXTERNAL_COMPARISON/HX02_FIVE_CATEGORY/RUNS/BY2H__RTKLIB__NONE__CONTRACT_START__NA/native/SOURCE_BACKEND/gnss2.obs"",""<CLEAN_ROOT>/stages/CLEAN9_EXTERNAL_COMPARISON/HX02_FIVE_CATEGORY/RUNS/BY2H__RTKLIB__NONE__CONTRACT_START__NA/native/SOURCE_BACKEND/gnss1.obs"",""<CLEAN_ROOT>/stages/CLEAN9_EXTERNAL_COMPARISON/HX07/00_INPUTS/BRDC00WRD_R_20260650000_01D_MN.rnx""],""data_mode"":""recorded_raw_gnss"",""end"":""2026-09-27T13:29:01.600902+00:00"",""input_sha256"":{""<CLEAN_ROOT>/stages/CLEAN9_EXTERNAL_COMPARISON/HX02_FIVE_CATEGORY/RUNS/BY2H__RTKLIB__NONE__CONTRACT_START__NA/native/SOURCE_BACKEND/gnss1.obs"":""8ac02d4d59a6ad205b2c34e301e34c717a901132b73c82978ef24e4e742867a3"",""<CLEAN_ROOT>/stages/CLEAN9_EXTERNAL_COMPARISON/HX02_FIVE_CATEGORY/RUNS/BY2H__RTKLIB__NONE__CONTRACT_START__NA/native/SOURCE_BACKEND/gnss2.obs"":""e283c27456ca7faa7f9efca863ffd5fd131567b60a25278e93d7348c248534da"",""<CLEAN_ROOT>/stages/CLEAN9_EXTERNAL_COMPARISON/HX07/00_INPUTS/BRDC00WRD_R_20260650000_01D_MN.rnx"":""8d5222d82ea957d96a6d4bbe318a6f384532ed4a22016c92be84d78a3dac11cc"",""<CLEAN_ROOT>/stages/CLEAN9_EXTERNAL_COMPARISON/HX07/CONFIGS/V0.conf"":""97f0fe4157ce31909538e696184a7faadad059c3099ab912cbe2e97b0fc9e14f"",""<RTKLIB>/app/consapp/rnx2rtkp/gcc/rnx2rtkp"":""3a0ad1c55435b45e1f83b2e713a0b0fb837a5f0a118d76ead3df1f9e3e531eda""},""original_argv"":[""<HX02_EXTERNAL_ROOT>/RTKLIB/app/consapp/rnx2rtkp/gcc/rnx2rtkp"",""-k"",""<HX02_SCRATCH>/RUNS/BY2H__RTKLIB__NONE__CONTRACT_START__NA/native/RTKLIB_UNMODIFIED_MOVING_BASE.conf"",""-o"",""<HX02_SCRATCH>/RUNS/BY2H__RTKLIB__NONE__CONTRACT_START__NA/native/RTKLIB_UNMODIFIED_MOVING_BASE.pos"",""-ts"",""2026/03/06"",""08:07:11.198"",""<HX02_SCRATCH>/RUNS/BY2H__RTKLIB__NONE__CONTRACT_START__NA/native/SOURCE_BACKEND/gnss2.obs"",""<HX02_SCRATCH>/RUNS/BY2H__RTKLIB__NONE__CONTRACT_START__NA/native/SOURCE_BACKEND/gnss1.obs"",""<HX02_SCRATCH>/RUNS/BY2H__RTKLIB__NONE__CONTRACT_START__NA/native/SOURCE_BACKEND/gnss1.nav"",""<HX02_SCRATCH>/RUNS/BY2H__RTKLIB__NONE__CONTRACT_START__NA/native/SOURCE_BACKEND/gnss2.nav""],""returncode"":""0"",""semisynthetic_data_used"":false,""sequence"":""BY2H"",""start"":""2026-09-27T13:28:53.437080+00:00"",""status"":""FINISHED"",""synthetic_data_used"":false,""thread_environment"":{""BLIS_NUM_THREADS"":""1"",""MKL_NUM_THREADS"":""1"",""NUMEXPR_NUM_THREADS"":""1"",""OMP_NUM_THREADS"":""1"",""OPENBLAS_NUM_THREADS"":""1"",""VECLIB_MAXIMUM_THREADS"":""1""},""variant"":""V0E""},""ASSOCIATION_SUMMARY.json"":{""association_status_counts"":{""ASSOCIATED_UNIQUE_NEAREST_SAME_WEEK"":""874""},""heading_table_sha256"":""157f12a3dda6e7db7b7fae955fd13725eec6ee6f6d2835919dcde8013cb52595"",""pos_rows"":""874"",""q_counts"":{""1"":""217"",""2"":""657""},""selected_pairs"":""1423"",""valid_q1_rows"":""217"",""window_paired"":""1350"",""window_q1"":""217"",""window_q_counts"":{""-1"":""549"",""1"":""217"",""2"":""584"",""5"":""0""}}}","[""<CLEAN_ROOT>/stages/CLEAN9_EXTERNAL_COMPARISON/HX07R/RUNS/BY2H_V0E/solution.pos"", ""<CLEAN_ROOT>/stages/CLEAN9_EXTERNAL_COMPARISON/HX07R/RUNS/BY2H_V0E/HEADING_TABLE.csv""]","[""<CLEAN_ROOT>/stages/CLEAN9_EXTERNAL_COMPARISON/HX07R/RUNS/BY2H_V0E/eval/EVALUATOR_STRACE_AUDIT.json"", ""<CLEAN_ROOT>/stages/CLEAN9_EXTERNAL_COMPARISON/HX07R/RUNS/BY2H_V0E/eval/OUTPUT/HEADING_METRICS.json""]",[],FULL_RECORD_READ,ARCHIVED_DIRECTORY_PRESENT,,,"Directory token 4 is original start_mode, not case_id; NATURAL_C00 labels this natural full-window run. native_classification=unknown; runner_terminal_status=unknown. Original metadata values preserved in source_values_json."
HX07R-4d0964f1877c193f713c,HX07R,EVALUATION_RECORD,RTKLIB,unknown,unknown,BY2H,NATURAL,V1,unknown,unknown,unknown,unknown,<CLEAN_ROOT>/stages/CLEAN9_EXTERNAL_COMPARISON/HX07R/RUNS/BY2H_V1/eval/EVALUATOR_STRACE_AUDIT.json,#,"{""argv"":[""/usr/bin/python3"",""-m"",""legsa_gins.paper_rebuild.hext.hx02_heading_evaluation"",""--spec"",""<CLEAN_ROOT>/stages/CLEAN9_EXTERNAL_COMPARISON/HX07R/RUNS/BY2H_V1/eval/SPEC.json""],""environment"":{""GIT_OPTIONAL_LOCKS"":""0"",""MKL_NUM_THREADS"":""1"",""MPLBACKEND"":""Agg"",""MPLCONFIGDIR"":""<CLEAN_ROOT>/stages/CLEAN9_EXTERNAL_COMPARISON/HX07R/RUNS/BY2H_V1/eval/OUTPUT/.matplotlib"",""NUMEXPR_NUM_THREADS"":""1"",""OMP_NUM_THREADS"":""1"",""OPENBLAS_NUM_THREADS"":""1"",""PYTHONDONTWRITEBYTECODE"":""1"",""PYTHONPATH"":""<AUDIT_SOURCE_WORKTREE>/src"",""XDG_CACHE_HOME"":""<CLEAN_ROOT>/stages/CLEAN9_EXTERNAL_COMPARISON/HX07R/RUNS/BY2H_V1/eval/OUTPUT/.cache""},""execve_programs"":[""/usr/bin/python3""],""exit_code"":""0"",""failures"":[],""kind"":""HEADING"",""module"":""legsa_gins.paper_rebuild.hext.hx02_heading_evaluation"",""passed"":true,""raw_open_count"":""1"",""runtime_seconds"":""0.5109253660011746"",""spec_sha256"":""c250e28906a184a60a119b91a8dc11bef79363c6729f2036682af5628837fc6b"",""strace_sha256"":""235ebf196fb1429177d714a03c7a061da57e2b09ac83ba9409e0c4453b775773"",""trace_open_count"":""1"",""trace_open_records"":[{""anonymous_pipe"":false,""flags"":""O_RDONLY|O_CLOEXEC"",""lexical_path"":""<RAW_ROOT>/BY2_BY3/2026-03-06/fixption数据/2026.3.6/by3/vrtk2_a87c6e_2026-03-06-08-06-39_minimal/trace_vrtk2_a87c6e_2026-03-06-08-06-39_minimal.csv"",""path"":""<RAW_ROOT>/BY2_BY3/2026-03-06/fixption数据/2026.3.6/by3/vrtk2_a87c6e_2026-03-06-08-06-39_minimal/trace_vrtk2_a87c6e_2026-03-06-08-06-39_minimal.csv"",""pid"":""10567"",""return_code"":""3""}],""trace_read_role"":""registered_evaluator_child_only"",""write_scope"":{""allowed_anonymous_pipe_write_count"":""0"",""allowed_anonymous_pipe_write_records"":[],""allowed_device_write_count"":""0"",""allowed_device_write_records"":[],""clean_root_outside_run_write_count"":""0"",""outside_run_write_open_count"":""0"",""outside_run_write_open_records"":[],""pass"":true,""raw_write_open_count"":""0"",""write_open_count"":""2"",""write_open_records"":[{""anonymous_pipe"":false,""flags"":""O_WRONLY|O_CREAT|O_EXCL|O_CLOEXEC"",""lexical_path"":""<CLEAN_ROOT>/stages/CLEAN9_EXTERNAL_COMPARISON/HX07R/RUNS/BY2H_V1/eval/OUTPUT/HEADING_ERROR_SERIES_RTKLIB.csv"",""path"":""<CLEAN_ROOT>/stages/CLEAN9_EXTERNAL_COMPARISON/HX07R/RUNS/BY2H_V1/eval/OUTPUT/HEADING_ERROR_SERIES_RTKLIB.csv"",""pid"":""10567"",""return_code"":""3""},{""anonymous_pipe"":false,""flags"":""O_WRONLY|O_CREAT|O_EXCL|O_CLOEXEC"",""lexical_path"":""<CLEAN_ROOT>/stages/CLEAN9_EXTERNAL_COMPARISON/HX07R/RUNS/BY2H_V1/eval/OUTPUT/HEADING_METRICS.json"",""path"":""<CLEAN_ROOT>/stages/CLEAN9_EXTERNAL_COMPARISON/HX07R/RUNS/BY2H_V1/eval/OUTPUT/HEADING_METRICS.json"",""pid"":""10567"",""return_code"":""3""}],""write_outside_run_count"":""0"",""write_scope_exceptions"":[""/dev/null"",""/dev/pts/*"",""kernel-identified anonymous pipe""]}}",[],[],[],FULL_RECORD_READ,PRESENT_READ,,,First-delivery subset. Source values preserved; path aliases only. No payload-body read.
HX07R-7f38b2f7103376b187da,HX07R,EVALUATION_RECORD,RTKLIB,unknown,unknown,BY2H,NATURAL,V1,unknown,unknown,unknown,unknown,<CLEAN_ROOT>/stages/CLEAN9_EXTERNAL_COMPARISON/HX07R/RUNS/BY2H_V1/eval/OUTPUT/HEADING_METRICS.json,#,"{""method_id"":""RTKLIB"",""schema"":""hx02.heading_evaluation.v1"",""sequence_id"":""BY2H"",""trace_open_count_in_child"":""1"",""trace_sha256_observed"":""8d11fe360753bfcdbc54f7bf793fcb25850c0997b7aaad4ec1c9f10859c0f84f"",""variants"":{""RTKLIB"":{""availability"":""0.13777777777777778"",""base_time"":""1772784000.0"",""denominator_native_paired_epochs_in_window"":""1350"",""error_convention"":""wrap180(method_body_yaw_ned - reference_body_yaw_ned)"",""heading_table_sha256"":""fdd6d2aecbfac0e21eac7c4810c6d1143f1537d5099e94fbef4c4e80d230726b"",""hold_last_valid"":{""circular_bias_deg"":""6.212651688573317"",""count"":""1339"",""held_epochs_in_window"":""1339"",""held_epochs_without_reference_support"":""0"",""hold_source"":""CAUSAL_LAST_METHOD_NATIVE_VALID_EPOCH_FROM_NATIVE_START"",""mae_deg"":""24.32816624478569"",""max_absolute_deg"":""131.02090934366828"",""no_heading_epochs_before_first_valid"":""11"",""p95_absolute_deg"":""94.9604062276837"",""rmse_deg"":""42.43822741854859""},""method_id"":""RTKLIB"",""q1_fixed"":{""count"":""186"",""errors"":{""circular_bias_deg"":""0.7118198413280652"",""count"":""186"",""mae_deg"":""2.990036534558511"",""max_absolute_deg"":""131.02090934366828"",""p95_absolute_deg"":""4.803493156087995"",""rmse_deg"":""12.732971393509587""},""rate"":""0.13777777777777778""},""q2_float"":{""count"":""599"",""errors"":{""circular_bias_deg"":""31.650674184238312"",""count"":""599"",""mae_deg"":""61.60537072247148"",""max_absolute_deg"":""179.57662397156344"",""p95_absolute_deg"":""135.58691695854185"",""rmse_deg"":""75.68414208728001""},""rate"":""0.4437037037037037""},""reference_semantics"":""wrap360(90-interp(unwrap(yaw_ENU))) inside trace support; no extrapolation"",""schema"":""hx02.heading_evaluation.v1"",""valid"":{""circular_bias_deg"":""0.7118198413280652"",""count"":""186"",""mae_deg"":""2.990036534558511"",""max_absolute_deg"":""131.02090934366828"",""p95_absolute_deg"":""4.803493156087995"",""rmse_deg"":""12.732971393509587"",""wrapsafe"":{""circular_wrapsafe_bias_deg"":""0.7118198413280652"",""continuity_definition"":""segments split when accepted original epoch indices are nonconsecutive"",""longest_segment_epochs"":""12"",""mae_deg"":""2.990036534558511"",""matched_count"":""186"",""max_absolute_deg"":""131.02090934366828"",""maximum_gap_seconds"":""13.0"",""median_absolute_deg"":""1.2769928768377667"",""p90_absolute_deg"":""3.8360588219156"",""p95_absolute_deg"":""4.803493156087995"",""p99_absolute_deg"":""23.306156186399786"",""rmse_deg"":""12.732971393509587"",""segment_count"":""68"",""valid_count"":""186"",""valid_coverage"":""0.13777777777777778"",""valid_denominator"":""1350"",""wrapsafe_bias_deg"":""1.4724230749293312""}},""valid_epochs_in_window"":""186"",""valid_epochs_without_reference_support"":""0"",""valid_segments"":{""definition"":""segments split when accepted original epoch indices are nonconsecutive"",""longest_segment_epochs"":""12"",""maximum_gap_seconds"":""13.0"",""segment_count"":""68""},""window_seconds"":[""413.0"",""683.0""]}}}",[],[],[],FULL_RECORD_READ,PRESENT_READ,,,First-delivery subset. Source values preserved; path aliases only. No payload-body read.
HX07R-5890fb9d2d86db4492d6,HX07R,RUN_IDENTITY,RTKLIB,unknown,unknown,BY2H,NATURAL,V1,unknown,unknown,FINISHED,EVALUATION_RECORDS_PRESENT,<CLEAN_ROOT>/stages/CLEAN9_EXTERNAL_COMPARISON/HX07R/RUNS/BY2H_V1,run_id=BY2H_V1,"{""COMMAND.json"":{""argv"":[""<HX02_EXTERNAL_ROOT>/RTKLIB/app/consapp/rnx2rtkp/gcc/rnx2rtkp"",""-k"",""<CLEAN_ROOT>/stages/CLEAN9_EXTERNAL_COMPARISON/HX07/CONFIGS/V1.conf"",""-o"",""<CLEAN_ROOT>/stages/CLEAN9_EXTERNAL_COMPARISON/HX07R/RUNS/BY2H_V1/solution.pos"",""-y"",""2"",""-ts"",""2026/03/06"",""08:07:11.198"",""<CLEAN_ROOT>/stages/CLEAN9_EXTERNAL_COMPARISON/HX02_FIVE_CATEGORY/RUNS/BY2H__RTKLIB__NONE__CONTRACT_START__NA/native/SOURCE_BACKEND/gnss2.obs"",""<CLEAN_ROOT>/stages/CLEAN9_EXTERNAL_COMPARISON/HX02_FIVE_CATEGORY/RUNS/BY2H__RTKLIB__NONE__CONTRACT_START__NA/native/SOURCE_BACKEND/gnss1.obs"",""<CLEAN_ROOT>/stages/CLEAN9_EXTERNAL_COMPARISON/HX07/00_INPUTS/BRDC00WRD_R_20260650000_01D_MN.rnx""],""data_mode"":""recorded_raw_gnss"",""end"":""2026-09-27T13:29:34.294191+00:00"",""input_sha256"":{""<CLEAN_ROOT>/stages/CLEAN9_EXTERNAL_COMPARISON/HX02_FIVE_CATEGORY/RUNS/BY2H__RTKLIB__NONE__CONTRACT_START__NA/native/SOURCE_BACKEND/gnss1.obs"":""8ac02d4d59a6ad205b2c34e301e34c717a901132b73c82978ef24e4e742867a3"",""<CLEAN_ROOT>/stages/CLEAN9_EXTERNAL_COMPARISON/HX02_FIVE_CATEGORY/RUNS/BY2H__RTKLIB__NONE__CONTRACT_START__NA/native/SOURCE_BACKEND/gnss2.obs"":""e283c27456ca7faa7f9efca863ffd5fd131567b60a25278e93d7348c248534da"",""<CLEAN_ROOT>/stages/CLEAN9_EXTERNAL_COMPARISON/HX07/00_INPUTS/BRDC00WRD_R_20260650000_01D_MN.rnx"":""8d5222d82ea957d96a6d4bbe318a6f384532ed4a22016c92be84d78a3dac11cc"",""<CLEAN_ROOT>/stages/CLEAN9_EXTERNAL_COMPARISON/HX07/CONFIGS/V1.conf"":""2f4fdf524f87b6f72906cac65a12c37cf4b26ff8f37a995a26eaf298f886100f"",""<RTKLIB>/app/consapp/rnx2rtkp/gcc/rnx2rtkp"":""3a0ad1c55435b45e1f83b2e713a0b0fb837a5f0a118d76ead3df1f9e3e531eda""},""original_argv"":[""<HX02_EXTERNAL_ROOT>/RTKLIB/app/consapp/rnx2rtkp/gcc/rnx2rtkp"",""-k"",""<HX02_SCRATCH>/RUNS/BY2H__RTKLIB__NONE__CONTRACT_START__NA/native/RTKLIB_UNMODIFIED_MOVING_BASE.conf"",""-o"",""<HX02_SCRATCH>/RUNS/BY2H__RTKLIB__NONE__CONTRACT_START__NA/native/RTKLIB_UNMODIFIED_MOVING_BASE.pos"",""-ts"",""2026/03/06"",""08:07:11.198"",""<HX02_SCRATCH>/RUNS/BY2H__RTKLIB__NONE__CONTRACT_START__NA/native/SOURCE_BACKEND/gnss2.obs"",""<HX02_SCRATCH>/RUNS/BY2H__RTKLIB__NONE__CONTRACT_START__NA/native/SOURCE_BACKEND/gnss1.obs"",""<HX02_SCRATCH>/RUNS/BY2H__RTKLIB__NONE__CONTRACT_START__NA/native/SOURCE_BACKEND/gnss1.nav"",""<HX02_SCRATCH>/RUNS/BY2H__RTKLIB__NONE__CONTRACT_START__NA/native/SOURCE_BACKEND/gnss2.nav""],""returncode"":""0"",""semisynthetic_data_used"":false,""sequence"":""BY2H"",""start"":""2026-09-27T13:29:25.071668+00:00"",""status"":""FINISHED"",""synthetic_data_used"":false,""thread_environment"":{""BLIS_NUM_THREADS"":""1"",""MKL_NUM_THREADS"":""1"",""NUMEXPR_NUM_THREADS"":""1"",""OMP_NUM_THREADS"":""1"",""OPENBLAS_NUM_THREADS"":""1"",""VECLIB_MAXIMUM_THREADS"":""1""},""variant"":""V1""},""ASSOCIATION_SUMMARY.json"":{""association_status_counts"":{""ASSOCIATED_UNIQUE_NEAREST_SAME_WEEK"":""858""},""heading_table_sha256"":""fdd6d2aecbfac0e21eac7c4810c6d1143f1537d5099e94fbef4c4e80d230726b"",""pos_rows"":""858"",""q_counts"":{""1"":""186"",""2"":""672""},""selected_pairs"":""1423"",""valid_q1_rows"":""186"",""window_paired"":""1350"",""window_q1"":""186"",""window_q_counts"":{""-1"":""565"",""1"":""186"",""2"":""599"",""5"":""0""}}}","[""<CLEAN_ROOT>/stages/CLEAN9_EXTERNAL_COMPARISON/HX07R/RUNS/BY2H_V1/solution.pos"", ""<CLEAN_ROOT>/stages/CLEAN9_EXTERNAL_COMPARISON/HX07R/RUNS/BY2H_V1/HEADING_TABLE.csv""]","[""<CLEAN_ROOT>/stages/CLEAN9_EXTERNAL_COMPARISON/HX07R/RUNS/BY2H_V1/eval/EVALUATOR_STRACE_AUDIT.json"", ""<CLEAN_ROOT>/stages/CLEAN9_EXTERNAL_COMPARISON/HX07R/RUNS/BY2H_V1/eval/OUTPUT/HEADING_METRICS.json""]",[],FULL_RECORD_READ,ARCHIVED_DIRECTORY_PRESENT,,,"Directory token 4 is original start_mode, not case_id; NATURAL_C00 labels this natural full-window run. native_classification=unknown; runner_terminal_status=unknown. Original metadata values preserved in source_values_json."
HX07R-0cab899cc29d0b8ab827,HX07R,EVALUATION_RECORD,RTKLIB,unknown,unknown,BY2H,NATURAL,V2,unknown,unknown,unknown,unknown,<CLEAN_ROOT>/stages/CLEAN9_EXTERNAL_COMPARISON/HX07R/RUNS/BY2H_V2/eval/EVALUATOR_STRACE_AUDIT.json,#,"{""argv"":[""/usr/bin/python3"",""-m"",""legsa_gins.paper_rebuild.hext.hx02_heading_evaluation"",""--spec"",""<CLEAN_ROOT>/stages/CLEAN9_EXTERNAL_COMPARISON/HX07R/RUNS/BY2H_V2/eval/SPEC.json""],""environment"":{""GIT_OPTIONAL_LOCKS"":""0"",""MKL_NUM_THREADS"":""1"",""MPLBACKEND"":""Agg"",""MPLCONFIGDIR"":""<CLEAN_ROOT>/stages/CLEAN9_EXTERNAL_COMPARISON/HX07R/RUNS/BY2H_V2/eval/OUTPUT/.matplotlib"",""NUMEXPR_NUM_THREADS"":""1"",""OMP_NUM_THREADS"":""1"",""OPENBLAS_NUM_THREADS"":""1"",""PYTHONDONTWRITEBYTECODE"":""1"",""PYTHONPATH"":""<AUDIT_SOURCE_WORKTREE>/src"",""XDG_CACHE_HOME"":""<CLEAN_ROOT>/stages/CLEAN9_EXTERNAL_COMPARISON/HX07R/RUNS/BY2H_V2/eval/OUTPUT/.cache""},""execve_programs"":[""/usr/bin/python3""],""exit_code"":""0"",""failures"":[],""kind"":""HEADING"",""module"":""legsa_gins.paper_rebuild.hext.hx02_heading_evaluation"",""passed"":true,""raw_open_count"":""1"",""runtime_seconds"":""0.4823435549988062"",""spec_sha256"":""b0dd89f8160897479e4679f7494061209497f8ed51159df0ec70b296685df914"",""strace_sha256"":""83249d834cdc84927bac15964d6e4c44ed37cb4befcd5a345a68279c73f1ed70"",""trace_open_count"":""1"",""trace_open_records"":[{""anonymous_pipe"":false,""flags"":""O_RDONLY|O_CLOEXEC"",""lexical_path"":""<RAW_ROOT>/BY2_BY3/2026-03-06/fixption数据/2026.3.6/by3/vrtk2_a87c6e_2026-03-06-08-06-39_minimal/trace_vrtk2_a87c6e_2026-03-06-08-06-39_minimal.csv"",""path"":""<RAW_ROOT>/BY2_BY3/2026-03-06/fixption数据/2026.3.6/by3/vrtk2_a87c6e_2026-03-06-08-06-39_minimal/trace_vrtk2_a87c6e_2026-03-06-08-06-39_minimal.csv"",""pid"":""10592"",""return_code"":""3""}],""trace_read_role"":""registered_evaluator_child_only"",""write_scope"":{""allowed_anonymous_pipe_write_count"":""0"",""allowed_anonymous_pipe_write_records"":[],""allowed_device_write_count"":""0"",""allowed_device_write_records"":[],""clean_root_outside_run_write_count"":""0"",""outside_run_write_open_count"":""0"",""outside_run_write_open_records"":[],""pass"":true,""raw_write_open_count"":""0"",""write_open_count"":""2"",""write_open_records"":[{""anonymous_pipe"":false,""flags"":""O_WRONLY|O_CREAT|O_EXCL|O_CLOEXEC"",""lexical_path"":""<CLEAN_ROOT>/stages/CLEAN9_EXTERNAL_COMPARISON/HX07R/RUNS/BY2H_V2/eval/OUTPUT/HEADING_ERROR_SERIES_RTKLIB.csv"",""path"":""<CLEAN_ROOT>/stages/CLEAN9_EXTERNAL_COMPARISON/HX07R/RUNS/BY2H_V2/eval/OUTPUT/HEADING_ERROR_SERIES_RTKLIB.csv"",""pid"":""10592"",""return_code"":""3""},{""anonymous_pipe"":false,""flags"":""O_WRONLY|O_CREAT|O_EXCL|O_CLOEXEC"",""lexical_path"":""<CLEAN_ROOT>/stages/CLEAN9_EXTERNAL_COMPARISON/HX07R/RUNS/BY2H_V2/eval/OUTPUT/HEADING_METRICS.json"",""path"":""<CLEAN_ROOT>/stages/CLEAN9_EXTERNAL_COMPARISON/HX07R/RUNS/BY2H_V2/eval/OUTPUT/HEADING_METRICS.json"",""pid"":""10592"",""return_code"":""3""}],""write_outside_run_count"":""0"",""write_scope_exceptions"":[""/dev/null"",""/dev/pts/*"",""kernel-identified anonymous pipe""]}}",[],[],[],FULL_RECORD_READ,PRESENT_READ,,,First-delivery subset. Source values preserved; path aliases only. No payload-body read.
HX07R-fd90b4fc1df2f4f38f02,HX07R,EVALUATION_RECORD,RTKLIB,unknown,unknown,BY2H,NATURAL,V2,unknown,unknown,unknown,unknown,<CLEAN_ROOT>/stages/CLEAN9_EXTERNAL_COMPARISON/HX07R/RUNS/BY2H_V2/eval/OUTPUT/HEADING_METRICS.json,#,"{""method_id"":""RTKLIB"",""schema"":""hx02.heading_evaluation.v1"",""sequence_id"":""BY2H"",""trace_open_count_in_child"":""1"",""trace_sha256_observed"":""8d11fe360753bfcdbc54f7bf793fcb25850c0997b7aaad4ec1c9f10859c0f84f"",""variants"":{""RTKLIB"":{""availability"":""0.11037037037037037"",""base_time"":""1772784000.0"",""denominator_native_paired_epochs_in_window"":""1350"",""error_convention"":""wrap180(method_body_yaw_ned - reference_body_yaw_ned)"",""heading_table_sha256"":""e67692bbb97bf4f2979d81a6b30317b8099f96456e5eef359c34b15c0635c796"",""hold_last_valid"":{""circular_bias_deg"":""7.468111959012219"",""count"":""1339"",""held_epochs_in_window"":""1339"",""held_epochs_without_reference_support"":""0"",""hold_source"":""CAUSAL_LAST_METHOD_NATIVE_VALID_EPOCH_FROM_NATIVE_START"",""mae_deg"":""23.948313383690977"",""max_absolute_deg"":""109.96055879097287"",""no_heading_epochs_before_first_valid"":""11"",""p95_absolute_deg"":""88.61508706012972"",""rmse_deg"":""39.641752392726964""},""method_id"":""RTKLIB"",""q1_fixed"":{""count"":""149"",""errors"":{""circular_bias_deg"":""1.159981030566172"",""count"":""149"",""mae_deg"":""3.097960412970263"",""max_absolute_deg"":""109.77780863409356"",""p95_absolute_deg"":""5.497416248546277"",""rmse_deg"":""10.62299168537043""},""rate"":""0.11037037037037037""},""q2_float"":{""count"":""636"",""errors"":{""circular_bias_deg"":""11.2917960579002"",""count"":""636"",""mae_deg"":""59.4797536942636"",""max_absolute_deg"":""179.57662397156344"",""p95_absolute_deg"":""136.50159006850777"",""rmse_deg"":""75.69892899092176""},""rate"":""0.4711111111111111""},""reference_semantics"":""wrap360(90-interp(unwrap(yaw_ENU))) inside trace support; no extrapolation"",""schema"":""hx02.heading_evaluation.v1"",""valid"":{""circular_bias_deg"":""1.159981030566172"",""count"":""149"",""mae_deg"":""3.097960412970263"",""max_absolute_deg"":""109.77780863409356"",""p95_absolute_deg"":""5.497416248546277"",""rmse_deg"":""10.62299168537043"",""wrapsafe"":{""circular_wrapsafe_bias_deg"":""1.159981030566172"",""continuity_definition"":""segments split when accepted original epoch indices are nonconsecutive"",""longest_segment_epochs"":""12"",""mae_deg"":""3.097960412970263"",""matched_count"":""149"",""max_absolute_deg"":""109.77780863409356"",""maximum_gap_seconds"":""105.40000009536743"",""median_absolute_deg"":""1.2367938297068122"",""p90_absolute_deg"":""4.583297769378886"",""p95_absolute_deg"":""5.497416248546277"",""p99_absolute_deg"":""41.1293332217505"",""rmse_deg"":""10.62299168537043"",""segment_count"":""60"",""valid_count"":""149"",""valid_coverage"":""0.11037037037037037"",""valid_denominator"":""1350"",""wrapsafe_bias_deg"":""1.5862644666995995""}},""valid_epochs_in_window"":""149"",""valid_epochs_without_reference_support"":""0"",""valid_segments"":{""definition"":""segments split when accepted original epoch indices are nonconsecutive"",""longest_segment_epochs"":""12"",""maximum_gap_seconds"":""105.40000009536743"",""segment_count"":""60""},""window_seconds"":[""413.0"",""683.0""]}}}",[],[],[],FULL_RECORD_READ,PRESENT_READ,,,First-delivery subset. Source values preserved; path aliases only. No payload-body read.
HX07R-5d03f2ba6a542aa287ae,HX07R,RUN_IDENTITY,RTKLIB,unknown,unknown,BY2H,NATURAL,V2,unknown,unknown,FINISHED,EVALUATION_RECORDS_PRESENT,<CLEAN_ROOT>/stages/CLEAN9_EXTERNAL_COMPARISON/HX07R/RUNS/BY2H_V2,run_id=BY2H_V2,"{""COMMAND.json"":{""argv"":[""<HX02_EXTERNAL_ROOT>/RTKLIB/app/consapp/rnx2rtkp/gcc/rnx2rtkp"",""-k"",""<CLEAN_ROOT>/stages/CLEAN9_EXTERNAL_COMPARISON/HX07/CONFIGS/V2.conf"",""-o"",""<CLEAN_ROOT>/stages/CLEAN9_EXTERNAL_COMPARISON/HX07R/RUNS/BY2H_V2/solution.pos"",""-y"",""2"",""-ts"",""2026/03/06"",""08:07:11.198"",""<CLEAN_ROOT>/stages/CLEAN9_EXTERNAL_COMPARISON/HX02_FIVE_CATEGORY/RUNS/BY2H__RTKLIB__NONE__CONTRACT_START__NA/native/SOURCE_BACKEND/gnss2.obs"",""<CLEAN_ROOT>/stages/CLEAN9_EXTERNAL_COMPARISON/HX02_FIVE_CATEGORY/RUNS/BY2H__RTKLIB__NONE__CONTRACT_START__NA/native/SOURCE_BACKEND/gnss1.obs"",""<CLEAN_ROOT>/stages/CLEAN9_EXTERNAL_COMPARISON/HX07/00_INPUTS/BRDC00WRD_R_20260650000_01D_MN.rnx""],""data_mode"":""recorded_raw_gnss"",""end"":""2026-09-27T13:30:07.658351+00:00"",""input_sha256"":{""<CLEAN_ROOT>/stages/CLEAN9_EXTERNAL_COMPARISON/HX02_FIVE_CATEGORY/RUNS/BY2H__RTKLIB__NONE__CONTRACT_START__NA/native/SOURCE_BACKEND/gnss1.obs"":""8ac02d4d59a6ad205b2c34e301e34c717a901132b73c82978ef24e4e742867a3"",""<CLEAN_ROOT>/stages/CLEAN9_EXTERNAL_COMPARISON/HX02_FIVE_CATEGORY/RUNS/BY2H__RTKLIB__NONE__CONTRACT_START__NA/native/SOURCE_BACKEND/gnss2.obs"":""e283c27456ca7faa7f9efca863ffd5fd131567b60a25278e93d7348c248534da"",""<CLEAN_ROOT>/stages/CLEAN9_EXTERNAL_COMPARISON/HX07/00_INPUTS/BRDC00WRD_R_20260650000_01D_MN.rnx"":""8d5222d82ea957d96a6d4bbe318a6f384532ed4a22016c92be84d78a3dac11cc"",""<CLEAN_ROOT>/stages/CLEAN9_EXTERNAL_COMPARISON/HX07/CONFIGS/V2.conf"":""3f55e8ff20318a674a3acfa6d52c7b756072c5e6b057d90db2cfb384a864ed78"",""<RTKLIB>/app/consapp/rnx2rtkp/gcc/rnx2rtkp"":""3a0ad1c55435b45e1f83b2e713a0b0fb837a5f0a118d76ead3df1f9e3e531eda""},""original_argv"":[""<HX02_EXTERNAL_ROOT>/RTKLIB/app/consapp/rnx2rtkp/gcc/rnx2rtkp"",""-k"",""<HX02_SCRATCH>/RUNS/BY2H__RTKLIB__NONE__CONTRACT_START__NA/native/RTKLIB_UNMODIFIED_MOVING_BASE.conf"",""-o"",""<HX02_SCRATCH>/RUNS/BY2H__RTKLIB__NONE__CONTRACT_START__NA/native/RTKLIB_UNMODIFIED_MOVING_BASE.pos"",""-ts"",""2026/03/06"",""08:07:11.198"",""<HX02_SCRATCH>/RUNS/BY2H__RTKLIB__NONE__CONTRACT_START__NA/native/SOURCE_BACKEND/gnss2.obs"",""<HX02_SCRATCH>/RUNS/BY2H__RTKLIB__NONE__CONTRACT_START__NA/native/SOURCE_BACKEND/gnss1.obs"",""<HX02_SCRATCH>/RUNS/BY2H__RTKLIB__NONE__CONTRACT_START__NA/native/SOURCE_BACKEND/gnss1.nav"",""<HX02_SCRATCH>/RUNS/BY2H__RTKLIB__NONE__CONTRACT_START__NA/native/SOURCE_BACKEND/gnss2.nav""],""returncode"":""0"",""semisynthetic_data_used"":false,""sequence"":""BY2H"",""start"":""2026-09-27T13:29:58.937392+00:00"",""status"":""FINISHED"",""synthetic_data_used"":false,""thread_environment"":{""BLIS_NUM_THREADS"":""1"",""MKL_NUM_THREADS"":""1"",""NUMEXPR_NUM_THREADS"":""1"",""OMP_NUM_THREADS"":""1"",""OPENBLAS_NUM_THREADS"":""1"",""VECLIB_MAXIMUM_THREADS"":""1""},""variant"":""V2""},""ASSOCIATION_SUMMARY.json"":{""association_status_counts"":{""ASSOCIATED_UNIQUE_NEAREST_SAME_WEEK"":""858""},""heading_table_sha256"":""e67692bbb97bf4f2979d81a6b30317b8099f96456e5eef359c34b15c0635c796"",""pos_rows"":""858"",""q_counts"":{""1"":""149"",""2"":""709""},""selected_pairs"":""1423"",""valid_q1_rows"":""149"",""window_paired"":""1350"",""window_q1"":""149"",""window_q_counts"":{""-1"":""565"",""1"":""149"",""2"":""636"",""5"":""0""}}}","[""<CLEAN_ROOT>/stages/CLEAN9_EXTERNAL_COMPARISON/HX07R/RUNS/BY2H_V2/solution.pos"", ""<CLEAN_ROOT>/stages/CLEAN9_EXTERNAL_COMPARISON/HX07R/RUNS/BY2H_V2/HEADING_TABLE.csv""]","[""<CLEAN_ROOT>/stages/CLEAN9_EXTERNAL_COMPARISON/HX07R/RUNS/BY2H_V2/eval/EVALUATOR_STRACE_AUDIT.json"", ""<CLEAN_ROOT>/stages/CLEAN9_EXTERNAL_COMPARISON/HX07R/RUNS/BY2H_V2/eval/OUTPUT/HEADING_METRICS.json""]",[],FULL_RECORD_READ,ARCHIVED_DIRECTORY_PRESENT,,,"Directory token 4 is original start_mode, not case_id; NATURAL_C00 labels this natural full-window run. native_classification=unknown; runner_terminal_status=unknown. Original metadata values preserved in source_values_json."
HX07R-0c1f58a4ebd58191ee29,HX07R,EVALUATION_RECORD,RTKLIB,unknown,unknown,BY2O,NATURAL,V0,unknown,unknown,unknown,unknown,<CLEAN_ROOT>/stages/CLEAN9_EXTERNAL_COMPARISON/HX07R/RUNS/BY2O_V0/eval/EVALUATOR_STRACE_AUDIT.json,#,"{""argv"":[""/usr/bin/python3"",""-m"",""legsa_gins.paper_rebuild.hext.hx02_heading_evaluation"",""--spec"",""<CLEAN_ROOT>/stages/CLEAN9_EXTERNAL_COMPARISON/HX07R/RUNS/BY2O_V0/eval/SPEC.json""],""environment"":{""GIT_OPTIONAL_LOCKS"":""0"",""MKL_NUM_THREADS"":""1"",""MPLBACKEND"":""Agg"",""MPLCONFIGDIR"":""<CLEAN_ROOT>/stages/CLEAN9_EXTERNAL_COMPARISON/HX07R/RUNS/BY2O_V0/eval/OUTPUT/.matplotlib"",""NUMEXPR_NUM_THREADS"":""1"",""OMP_NUM_THREADS"":""1"",""OPENBLAS_NUM_THREADS"":""1"",""PYTHONDONTWRITEBYTECODE"":""1"",""PYTHONPATH"":""<AUDIT_SOURCE_WORKTREE>/src"",""XDG_CACHE_HOME"":""<CLEAN_ROOT>/stages/CLEAN9_EXTERNAL_COMPARISON/HX07R/RUNS/BY2O_V0/eval/OUTPUT/.cache""},""execve_programs"":[""/usr/bin/python3""],""exit_code"":""0"",""failures"":[],""kind"":""HEADING"",""module"":""legsa_gins.paper_rebuild.hext.hx02_heading_evaluation"",""passed"":true,""raw_open_count"":""1"",""runtime_seconds"":""0.47815877399989404"",""spec_sha256"":""d2459b88dedfc313e95a1176c4e2219a10025d8d676db597031c4fc623976a38"",""strace_sha256"":""03df801f309839188abe89ab3f0a987f7d19fe9744268ba69901b7c3ba40c4f9"",""trace_open_count"":""1"",""trace_open_records"":[{""anonymous_pipe"":false,""flags"":""O_RDONLY|O_CLOEXEC"",""lexical_path"":""<RAW_ROOT>/BY2_BY3/2026-03-06/fixption数据/2026.3.6/by1/vrtk2_a87c6e_2026-03-06-07-52-22_minimal/trace_vrtk2_a87c6e_2026-03-06-07-52-22_minimal.csv"",""path"":""<RAW_ROOT>/BY2_BY3/2026-03-06/fixption数据/2026.3.6/by1/vrtk2_a87c6e_2026-03-06-07-52-22_minimal/trace_vrtk2_a87c6e_2026-03-06-07-52-22_minimal.csv"",""pid"":""10526"",""return_code"":""3""}],""trace_read_role"":""registered_evaluator_child_only"",""write_scope"":{""allowed_anonymous_pipe_write_count"":""0"",""allowed_anonymous_pipe_write_records"":[],""allowed_device_write_count"":""0"",""allowed_device_write_records"":[],""clean_root_outside_run_write_count"":""0"",""outside_run_write_open_count"":""0"",""outside_run_write_open_records"":[],""pass"":true,""raw_write_open_count"":""0"",""write_open_count"":""2"",""write_open_records"":[{""anonymous_pipe"":false,""flags"":""O_WRONLY|O_CREAT|O_EXCL|O_CLOEXEC"",""lexical_path"":""<CLEAN_ROOT>/stages/CLEAN9_EXTERNAL_COMPARISON/HX07R/RUNS/BY2O_V0/eval/OUTPUT/HEADING_ERROR_SERIES_RTKLIB.csv"",""path"":""<CLEAN_ROOT>/stages/CLEAN9_EXTERNAL_COMPARISON/HX07R/RUNS/BY2O_V0/eval/OUTPUT/HEADING_ERROR_SERIES_RTKLIB.csv"",""pid"":""10526"",""return_code"":""3""},{""anonymous_pipe"":false,""flags"":""O_WRONLY|O_CREAT|O_EXCL|O_CLOEXEC"",""lexical_path"":""<CLEAN_ROOT>/stages/CLEAN9_EXTERNAL_COMPARISON/HX07R/RUNS/BY2O_V0/eval/OUTPUT/HEADING_METRICS.json"",""path"":""<CLEAN_ROOT>/stages/CLEAN9_EXTERNAL_COMPARISON/HX07R/RUNS/BY2O_V0/eval/OUTPUT/HEADING_METRICS.json"",""pid"":""10526"",""return_code"":""3""}],""write_outside_run_count"":""0"",""write_scope_exceptions"":[""/dev/null"",""/dev/pts/*"",""kernel-identified anonymous pipe""]}}",[],[],[],FULL_RECORD_READ,PRESENT_READ,,,First-delivery subset. Source values preserved; path aliases only. No payload-body read.
HX07R-f8b3b9daee6c7f3f2ff7,HX07R,EVALUATION_RECORD,RTKLIB,unknown,unknown,BY2O,NATURAL,V0,unknown,unknown,unknown,unknown,<CLEAN_ROOT>/stages/CLEAN9_EXTERNAL_COMPARISON/HX07R/RUNS/BY2O_V0/eval/OUTPUT/HEADING_METRICS.json,#,"{""method_id"":""RTKLIB"",""schema"":""hx02.heading_evaluation.v1"",""sequence_id"":""BY2O"",""trace_open_count_in_child"":""1"",""trace_sha256_observed"":""4f7b3007c6a0b43ce1b0fb4908f23c042891154b4adbc7af4c3d8a47ca363cd9"",""variants"":{""RTKLIB"":{""availability"":""0.059416445623342175"",""base_time"":""1772780400.0"",""denominator_native_paired_epochs_in_window"":""1885"",""error_convention"":""wrap180(method_body_yaw_ned - reference_body_yaw_ned)"",""heading_table_sha256"":""8a645a0b7a3be563d91120bbb062a3dd3304d97916df0a00966b28b67e073a56"",""hold_last_valid"":{""circular_bias_deg"":""-177.64595768681033"",""count"":""1885"",""held_epochs_in_window"":""1885"",""held_epochs_without_reference_support"":""0"",""hold_source"":""CAUSAL_LAST_METHOD_NATIVE_VALID_EPOCH_FROM_NATIVE_START"",""mae_deg"":""108.9862367557972"",""max_absolute_deg"":""179.83208223706532"",""no_heading_epochs_before_first_valid"":""0"",""p95_absolute_deg"":""176.835979737591"",""rmse_deg"":""129.98822323173354""},""method_id"":""RTKLIB"",""q1_fixed"":{""count"":""112"",""errors"":{""circular_bias_deg"":""-0.3546419702804542"",""count"":""112"",""mae_deg"":""5.297513086902064"",""max_absolute_deg"":""173.4241486315569"",""p95_absolute_deg"":""5.784200207411649"",""rmse_deg"":""23.138949511295703""},""rate"":""0.059416445623342175""},""q2_float"":{""count"":""168"",""errors"":{""circular_bias_deg"":""47.35248372177813"",""count"":""168"",""mae_deg"":""67.33960248525003"",""max_absolute_deg"":""173.8676776347379"",""p95_absolute_deg"":""161.04555469424136"",""rmse_deg"":""91.73547418365372""},""rate"":""0.08912466843501327""},""reference_semantics"":""wrap360(90-interp(unwrap(yaw_ENU))) inside trace support; no extrapolation"",""schema"":""hx02.heading_evaluation.v1"",""valid"":{""circular_bias_deg"":""-0.3546419702804542"",""count"":""112"",""mae_deg"":""5.297513086902064"",""max_absolute_deg"":""173.4241486315569"",""p95_absolute_deg"":""5.784200207411649"",""rmse_deg"":""23.138949511295703"",""wrapsafe"":{""circular_wrapsafe_bias_deg"":""-0.3546419702804542"",""continuity_definition"":""segments split when accepted original epoch indices are nonconsecutive"",""longest_segment_epochs"":""24"",""mae_deg"":""5.297513086902064"",""matched_count"":""112"",""max_absolute_deg"":""173.4241486315569"",""maximum_gap_seconds"":""15.200000047683716"",""median_absolute_deg"":""1.7825158161128911"",""p90_absolute_deg"":""4.8168670377453235"",""p95_absolute_deg"":""5.784200207411649"",""p99_absolute_deg"":""152.51741598933097"",""rmse_deg"":""23.138949511295703"",""segment_count"":""32"",""valid_count"":""112"",""valid_coverage"":""0.059416445623342175"",""valid_denominator"":""1885"",""wrapsafe_bias_deg"":""-3.2521460770723727""}},""valid_epochs_in_window"":""112"",""valid_epochs_without_reference_support"":""0"",""valid_segments"":{""definition"":""segments split when accepted original epoch indices are nonconsecutive"",""longest_segment_epochs"":""24"",""maximum_gap_seconds"":""15.200000047683716"",""segment_count"":""32""},""window_seconds"":[""3186.0"",""3563.0""]}}}",[],[],[],FULL_RECORD_READ,PRESENT_READ,,,First-delivery subset. Source values preserved; path aliases only. No payload-body read.
HX07R-7984f6d7ec55db02054b,HX07R,RUN_IDENTITY,RTKLIB,unknown,unknown,BY2O,NATURAL,V0,unknown,unknown,FINISHED,EVALUATION_RECORDS_PRESENT,<CLEAN_ROOT>/stages/CLEAN9_EXTERNAL_COMPARISON/HX07R/RUNS/BY2O_V0,run_id=BY2O_V0,"{""COMMAND.json"":{""argv"":[""<HX02_EXTERNAL_ROOT>/RTKLIB/app/consapp/rnx2rtkp/gcc/rnx2rtkp"",""-k"",""<CLEAN_ROOT>/stages/CLEAN9_EXTERNAL_COMPARISON/HX07/CONFIGS/V0.conf"",""-o"",""<CLEAN_ROOT>/stages/CLEAN9_EXTERNAL_COMPARISON/HX07R/RUNS/BY2O_V0/solution.pos"",""-y"",""2"",""<CLEAN_ROOT>/stages/CLEAN9_EXTERNAL_COMPARISON/HX02_FIVE_CATEGORY/RUNS/BY2O__RTKLIB__NONE__FILE_START__NA/native/SOURCE_BACKEND/gnss2.obs"",""<CLEAN_ROOT>/stages/CLEAN9_EXTERNAL_COMPARISON/HX02_FIVE_CATEGORY/RUNS/BY2O__RTKLIB__NONE__FILE_START__NA/native/SOURCE_BACKEND/gnss1.obs"",""<CLEAN_ROOT>/stages/CLEAN9_EXTERNAL_COMPARISON/HX02_FIVE_CATEGORY/RUNS/BY2O__RTKLIB__NONE__FILE_START__NA/native/SOURCE_BACKEND/gnss1.nav"",""<CLEAN_ROOT>/stages/CLEAN9_EXTERNAL_COMPARISON/HX02_FIVE_CATEGORY/RUNS/BY2O__RTKLIB__NONE__FILE_START__NA/native/SOURCE_BACKEND/gnss2.nav""],""data_mode"":""recorded_raw_gnss"",""end"":""2026-09-27T13:28:41.240894+00:00"",""input_sha256"":{""<CLEAN_ROOT>/stages/CLEAN9_EXTERNAL_COMPARISON/HX02_FIVE_CATEGORY/RUNS/BY2O__RTKLIB__NONE__FILE_START__NA/native/SOURCE_BACKEND/gnss1.nav"":""c8b68013684793b1578bb4ab22a2108ba5bcdfb3a08f68547d384d26a7de3e56"",""<CLEAN_ROOT>/stages/CLEAN9_EXTERNAL_COMPARISON/HX02_FIVE_CATEGORY/RUNS/BY2O__RTKLIB__NONE__FILE_START__NA/native/SOURCE_BACKEND/gnss1.obs"":""bb0c81ab5727e44c21739c875f7a99b3d2c16a201c4629ba7814dc230afa7b01"",""<CLEAN_ROOT>/stages/CLEAN9_EXTERNAL_COMPARISON/HX02_FIVE_CATEGORY/RUNS/BY2O__RTKLIB__NONE__FILE_START__NA/native/SOURCE_BACKEND/gnss2.nav"":""32a1e033290f1eae0b39301008df2e3eaa6f443399076e5fbeda6d9eb6db1755"",""<CLEAN_ROOT>/stages/CLEAN9_EXTERNAL_COMPARISON/HX02_FIVE_CATEGORY/RUNS/BY2O__RTKLIB__NONE__FILE_START__NA/native/SOURCE_BACKEND/gnss2.obs"":""7d07520747e48913a0f6baf1a80c98f8848fa01717a345a9794f9d10ccd9949e"",""<CLEAN_ROOT>/stages/CLEAN9_EXTERNAL_COMPARISON/HX07/CONFIGS/V0.conf"":""97f0fe4157ce31909538e696184a7faadad059c3099ab912cbe2e97b0fc9e14f"",""<RTKLIB>/app/consapp/rnx2rtkp/gcc/rnx2rtkp"":""3a0ad1c55435b45e1f83b2e713a0b0fb837a5f0a118d76ead3df1f9e3e531eda""},""original_argv"":[""<HX02_EXTERNAL_ROOT>/RTKLIB/app/consapp/rnx2rtkp/gcc/rnx2rtkp"",""-k"",""<HX02_SCRATCH>/RUNS/BY2O__RTKLIB__NONE__FILE_START__NA/native/RTKLIB_UNMODIFIED_MOVING_BASE.conf"",""-o"",""<HX02_SCRATCH>/RUNS/BY2O__RTKLIB__NONE__FILE_START__NA/native/RTKLIB_UNMODIFIED_MOVING_BASE.pos"",""<HX02_SCRATCH>/RUNS/BY2O__RTKLIB__NONE__FILE_START__NA/native/SOURCE_BACKEND/gnss2.obs"",""<HX02_SCRATCH>/RUNS/BY2O__RTKLIB__NONE__FILE_START__NA/native/SOURCE_BACKEND/gnss1.obs"",""<HX02_SCRATCH>/RUNS/BY2O__RTKLIB__NONE__FILE_START__NA/native/SOURCE_BACKEND/gnss1.nav"",""<HX02_SCRATCH>/RUNS/BY2O__RTKLIB__NONE__FILE_START__NA/native/SOURCE_BACKEND/gnss2.nav""],""returncode"":""0"",""semisynthetic_data_used"":false,""sequence"":""BY2O"",""start"":""2026-09-27T13:28:36.551429+00:00"",""status"":""FINISHED"",""synthetic_data_used"":false,""thread_environment"":{""BLIS_NUM_THREADS"":""1"",""MKL_NUM_THREADS"":""1"",""NUMEXPR_NUM_THREADS"":""1"",""OMP_NUM_THREADS"":""1"",""OPENBLAS_NUM_THREADS"":""1"",""VECLIB_MAXIMUM_THREADS"":""1""},""variant"":""V0""},""ASSOCIATION_SUMMARY.json"":{""association_status_counts"":{""ASSOCIATED_UNIQUE_NEAREST_SAME_WEEK"":""504""},""heading_table_sha256"":""8a645a0b7a3be563d91120bbb062a3dd3304d97916df0a00966b28b67e073a56"",""pos_rows"":""504"",""q_counts"":{""1"":""165"",""2"":""339""},""selected_pairs"":""2231"",""valid_q1_rows"":""165"",""window_paired"":""1885"",""window_q1"":""112"",""window_q_counts"":{""-1"":""1605"",""1"":""112"",""2"":""168"",""5"":""0""}}}","[""<CLEAN_ROOT>/stages/CLEAN9_EXTERNAL_COMPARISON/HX07R/RUNS/BY2O_V0/solution.pos"", ""<CLEAN_ROOT>/stages/CLEAN9_EXTERNAL_COMPARISON/HX07R/RUNS/BY2O_V0/HEADING_TABLE.csv""]","[""<CLEAN_ROOT>/stages/CLEAN9_EXTERNAL_COMPARISON/HX07R/RUNS/BY2O_V0/eval/EVALUATOR_STRACE_AUDIT.json"", ""<CLEAN_ROOT>/stages/CLEAN9_EXTERNAL_COMPARISON/HX07R/RUNS/BY2O_V0/eval/OUTPUT/HEADING_METRICS.json""]",[],FULL_RECORD_READ,ARCHIVED_DIRECTORY_PRESENT,,,"Directory token 4 is original start_mode, not case_id; NATURAL_C00 labels this natural full-window run. native_classification=unknown; runner_terminal_status=unknown. Original metadata values preserved in source_values_json."
HX07R-be7904710e0d365d7e17,HX07R,EVALUATION_RECORD,RTKLIB,unknown,unknown,BY2O,NATURAL,V0E,unknown,unknown,unknown,unknown,<CLEAN_ROOT>/stages/CLEAN9_EXTERNAL_COMPARISON/HX07R/RUNS/BY2O_V0E/eval/EVALUATOR_STRACE_AUDIT.json,#,"{""argv"":[""/usr/bin/python3"",""-m"",""legsa_gins.paper_rebuild.hext.hx02_heading_evaluation"",""--spec"",""<CLEAN_ROOT>/stages/CLEAN9_EXTERNAL_COMPARISON/HX07R/RUNS/BY2O_V0E/eval/SPEC.json""],""environment"":{""GIT_OPTIONAL_LOCKS"":""0"",""MKL_NUM_THREADS"":""1"",""MPLBACKEND"":""Agg"",""MPLCONFIGDIR"":""<CLEAN_ROOT>/stages/CLEAN9_EXTERNAL_COMPARISON/HX07R/RUNS/BY2O_V0E/eval/OUTPUT/.matplotlib"",""NUMEXPR_NUM_THREADS"":""1"",""OMP_NUM_THREADS"":""1"",""OPENBLAS_NUM_THREADS"":""1"",""PYTHONDONTWRITEBYTECODE"":""1"",""PYTHONPATH"":""<AUDIT_SOURCE_WORKTREE>/src"",""XDG_CACHE_HOME"":""<CLEAN_ROOT>/stages/CLEAN9_EXTERNAL_COMPARISON/HX07R/RUNS/BY2O_V0E/eval/OUTPUT/.cache""},""execve_programs"":[""/usr/bin/python3""],""exit_code"":""0"",""failures"":[],""kind"":""HEADING"",""module"":""legsa_gins.paper_rebuild.hext.hx02_heading_evaluation"",""passed"":true,""raw_open_count"":""1"",""runtime_seconds"":""0.47627228800047305"",""spec_sha256"":""79ae6a13a22e64946191bd2e5038b4c36d497ed6334ece53cf25029b9fbf1f44"",""strace_sha256"":""b232f8d92eba1824b6a9decd2bedff50723028357f584278aa7d8b9a093fd11e"",""trace_open_count"":""1"",""trace_open_records"":[{""anonymous_pipe"":false,""flags"":""O_RDONLY|O_CLOEXEC"",""lexical_path"":""<RAW_ROOT>/BY2_BY3/2026-03-06/fixption数据/2026.3.6/by1/vrtk2_a87c6e_2026-03-06-07-52-22_minimal/trace_vrtk2_a87c6e_2026-03-06-07-52-22_minimal.csv"",""path"":""<RAW_ROOT>/BY2_BY3/2026-03-06/fixption数据/2026.3.6/by1/vrtk2_a87c6e_2026-03-06-07-52-22_minimal/trace_vrtk2_a87c6e_2026-03-06-07-52-22_minimal.csv"",""pid"":""10551"",""return_code"":""3""}],""trace_read_role"":""registered_evaluator_child_only"",""write_scope"":{""allowed_anonymous_pipe_write_count"":""0"",""allowed_anonymous_pipe_write_records"":[],""allowed_device_write_count"":""0"",""allowed_device_write_records"":[],""clean_root_outside_run_write_count"":""0"",""outside_run_write_open_count"":""0"",""outside_run_write_open_records"":[],""pass"":true,""raw_write_open_count"":""0"",""write_open_count"":""2"",""write_open_records"":[{""anonymous_pipe"":false,""flags"":""O_WRONLY|O_CREAT|O_EXCL|O_CLOEXEC"",""lexical_path"":""<CLEAN_ROOT>/stages/CLEAN9_EXTERNAL_COMPARISON/HX07R/RUNS/BY2O_V0E/eval/OUTPUT/HEADING_ERROR_SERIES_RTKLIB.csv"",""path"":""<CLEAN_ROOT>/stages/CLEAN9_EXTERNAL_COMPARISON/HX07R/RUNS/BY2O_V0E/eval/OUTPUT/HEADING_ERROR_SERIES_RTKLIB.csv"",""pid"":""10551"",""return_code"":""3""},{""anonymous_pipe"":false,""flags"":""O_WRONLY|O_CREAT|O_EXCL|O_CLOEXEC"",""lexical_path"":""<CLEAN_ROOT>/stages/CLEAN9_EXTERNAL_COMPARISON/HX07R/RUNS/BY2O_V0E/eval/OUTPUT/HEADING_METRICS.json"",""path"":""<CLEAN_ROOT>/stages/CLEAN9_EXTERNAL_COMPARISON/HX07R/RUNS/BY2O_V0E/eval/OUTPUT/HEADING_METRICS.json"",""pid"":""10551"",""return_code"":""3""}],""write_outside_run_count"":""0"",""write_scope_exceptions"":[""/dev/null"",""/dev/pts/*"",""kernel-identified anonymous pipe""]}}",[],[],[],FULL_RECORD_READ,PRESENT_READ,,,First-delivery subset. Source values preserved; path aliases only. No payload-body read.
HX07R-9422fe6d55867137af8f,HX07R,EVALUATION_RECORD,RTKLIB,unknown,unknown,BY2O,NATURAL,V0E,unknown,unknown,unknown,unknown,<CLEAN_ROOT>/stages/CLEAN9_EXTERNAL_COMPARISON/HX07R/RUNS/BY2O_V0E/eval/OUTPUT/HEADING_METRICS.json,#,"{""method_id"":""RTKLIB"",""schema"":""hx02.heading_evaluation.v1"",""sequence_id"":""BY2O"",""trace_open_count_in_child"":""1"",""trace_sha256_observed"":""4f7b3007c6a0b43ce1b0fb4908f23c042891154b4adbc7af4c3d8a47ca363cd9"",""variants"":{""RTKLIB"":{""availability"":""0.12254641909814323"",""base_time"":""1772780400.0"",""denominator_native_paired_epochs_in_window"":""1885"",""error_convention"":""wrap180(method_body_yaw_ned - reference_body_yaw_ned)"",""heading_table_sha256"":""051b4e81ec46a06315e2b6d5bd35f4045364e1a9751fcd64f2e5a128865079d2"",""hold_last_valid"":{""circular_bias_deg"":""6.158214790578683"",""count"":""1885"",""held_epochs_in_window"":""1885"",""held_epochs_without_reference_support"":""0"",""hold_source"":""CAUSAL_LAST_METHOD_NATIVE_VALID_EPOCH_FROM_NATIVE_START"",""mae_deg"":""24.416368438813972"",""max_absolute_deg"":""173.4241375705721"",""no_heading_epochs_before_first_valid"":""0"",""p95_absolute_deg"":""77.92915263648628"",""rmse_deg"":""34.735075882390845""},""method_id"":""RTKLIB"",""q1_fixed"":{""count"":""231"",""errors"":{""circular_bias_deg"":""-2.3611049769178862"",""count"":""231"",""mae_deg"":""6.640099318274559"",""max_absolute_deg"":""173.4241375705721"",""p95_absolute_deg"":""18.47018942908562"",""rmse_deg"":""20.40291146083135""},""rate"":""0.12254641909814323""},""q2_float"":{""count"":""813"",""errors"":{""circular_bias_deg"":""-21.47885651642241"",""count"":""813"",""mae_deg"":""53.14163385309885"",""max_absolute_deg"":""179.51216200066426"",""p95_absolute_deg"":""163.09835367156393"",""rmse_deg"":""72.56647090723916""},""rate"":""0.4312997347480106""},""reference_semantics"":""wrap360(90-interp(unwrap(yaw_ENU))) inside trace support; no extrapolation"",""schema"":""hx02.heading_evaluation.v1"",""valid"":{""circular_bias_deg"":""-2.3611049769178862"",""count"":""231"",""mae_deg"":""6.640099318274559"",""max_absolute_deg"":""173.4241375705721"",""p95_absolute_deg"":""18.47018942908562"",""rmse_deg"":""20.40291146083135"",""wrapsafe"":{""circular_wrapsafe_bias_deg"":""-2.3611049769178862"",""continuity_definition"":""segments split when accepted original epoch indices are nonconsecutive"",""longest_segment_epochs"":""24"",""mae_deg"":""6.640099318274559"",""matched_count"":""231"",""max_absolute_deg"":""173.4241375705721"",""maximum_gap_seconds"":""81.60000014305115"",""median_absolute_deg"":""2.0714177996060243"",""p90_absolute_deg"":""10.343203372392793"",""p95_absolute_deg"":""18.47018942908562"",""p99_absolute_deg"":""82.27764749065126"",""rmse_deg"":""20.40291146083135"",""segment_count"":""79"",""valid_count"":""231"",""valid_coverage"":""0.12254641909814323"",""valid_denominator"":""1885"",""wrapsafe_bias_deg"":""-4.15430175526927""}},""valid_epochs_in_window"":""231"",""valid_epochs_without_reference_support"":""0"",""valid_segments"":{""definition"":""segments split when accepted original epoch indices are nonconsecutive"",""longest_segment_epochs"":""24"",""maximum_gap_seconds"":""81.60000014305115"",""segment_count"":""79""},""window_seconds"":[""3186.0"",""3563.0""]}}}",[],[],[],FULL_RECORD_READ,PRESENT_READ,,,First-delivery subset. Source values preserved; path aliases only. No payload-body read.
HX07R-d059a4fdf6a229a4b43c,HX07R,RUN_IDENTITY,RTKLIB,unknown,unknown,BY2O,NATURAL,V0E,unknown,unknown,FINISHED,EVALUATION_RECORDS_PRESENT,<CLEAN_ROOT>/stages/CLEAN9_EXTERNAL_COMPARISON/HX07R/RUNS/BY2O_V0E,run_id=BY2O_V0E,"{""COMMAND.json"":{""argv"":[""<HX02_EXTERNAL_ROOT>/RTKLIB/app/consapp/rnx2rtkp/gcc/rnx2rtkp"",""-k"",""<CLEAN_ROOT>/stages/CLEAN9_EXTERNAL_COMPARISON/HX07/CONFIGS/V0.conf"",""-o"",""<CLEAN_ROOT>/stages/CLEAN9_EXTERNAL_COMPARISON/HX07R/RUNS/BY2O_V0E/solution.pos"",""-y"",""2"",""<CLEAN_ROOT>/stages/CLEAN9_EXTERNAL_COMPARISON/HX02_FIVE_CATEGORY/RUNS/BY2O__RTKLIB__NONE__FILE_START__NA/native/SOURCE_BACKEND/gnss2.obs"",""<CLEAN_ROOT>/stages/CLEAN9_EXTERNAL_COMPARISON/HX02_FIVE_CATEGORY/RUNS/BY2O__RTKLIB__NONE__FILE_START__NA/native/SOURCE_BACKEND/gnss1.obs"",""<CLEAN_ROOT>/stages/CLEAN9_EXTERNAL_COMPARISON/HX07/00_INPUTS/BRDC00WRD_R_20260650000_01D_MN.rnx""],""data_mode"":""recorded_raw_gnss"",""end"":""2026-09-27T13:29:13.176845+00:00"",""input_sha256"":{""<CLEAN_ROOT>/stages/CLEAN9_EXTERNAL_COMPARISON/HX02_FIVE_CATEGORY/RUNS/BY2O__RTKLIB__NONE__FILE_START__NA/native/SOURCE_BACKEND/gnss1.obs"":""bb0c81ab5727e44c21739c875f7a99b3d2c16a201c4629ba7814dc230afa7b01"",""<CLEAN_ROOT>/stages/CLEAN9_EXTERNAL_COMPARISON/HX02_FIVE_CATEGORY/RUNS/BY2O__RTKLIB__NONE__FILE_START__NA/native/SOURCE_BACKEND/gnss2.obs"":""7d07520747e48913a0f6baf1a80c98f8848fa01717a345a9794f9d10ccd9949e"",""<CLEAN_ROOT>/stages/CLEAN9_EXTERNAL_COMPARISON/HX07/00_INPUTS/BRDC00WRD_R_20260650000_01D_MN.rnx"":""8d5222d82ea957d96a6d4bbe318a6f384532ed4a22016c92be84d78a3dac11cc"",""<CLEAN_ROOT>/stages/CLEAN9_EXTERNAL_COMPARISON/HX07/CONFIGS/V0.conf"":""97f0fe4157ce31909538e696184a7faadad059c3099ab912cbe2e97b0fc9e14f"",""<RTKLIB>/app/consapp/rnx2rtkp/gcc/rnx2rtkp"":""3a0ad1c55435b45e1f83b2e713a0b0fb837a5f0a118d76ead3df1f9e3e531eda""},""original_argv"":[""<HX02_EXTERNAL_ROOT>/RTKLIB/app/consapp/rnx2rtkp/gcc/rnx2rtkp"",""-k"",""<HX02_SCRATCH>/RUNS/BY2O__RTKLIB__NONE__FILE_START__NA/native/RTKLIB_UNMODIFIED_MOVING_BASE.conf"",""-o"",""<HX02_SCRATCH>/RUNS/BY2O__RTKLIB__NONE__FILE_START__NA/native/RTKLIB_UNMODIFIED_MOVING_BASE.pos"",""<HX02_SCRATCH>/RUNS/BY2O__RTKLIB__NONE__FILE_START__NA/native/SOURCE_BACKEND/gnss2.obs"",""<HX02_SCRATCH>/RUNS/BY2O__RTKLIB__NONE__FILE_START__NA/native/SOURCE_BACKEND/gnss1.obs"",""<HX02_SCRATCH>/RUNS/BY2O__RTKLIB__NONE__FILE_START__NA/native/SOURCE_BACKEND/gnss1.nav"",""<HX02_SCRATCH>/RUNS/BY2O__RTKLIB__NONE__FILE_START__NA/native/SOURCE_BACKEND/gnss2.nav""],""returncode"":""0"",""semisynthetic_data_used"":false,""sequence"":""BY2O"",""start"":""2026-09-27T13:29:02.950541+00:00"",""status"":""FINISHED"",""synthetic_data_used"":false,""thread_environment"":{""BLIS_NUM_THREADS"":""1"",""MKL_NUM_THREADS"":""1"",""NUMEXPR_NUM_THREADS"":""1"",""OMP_NUM_THREADS"":""1"",""OPENBLAS_NUM_THREADS"":""1"",""VECLIB_MAXIMUM_THREADS"":""1""},""variant"":""V0E""},""ASSOCIATION_SUMMARY.json"":{""association_status_counts"":{""ASSOCIATED_UNIQUE_NEAREST_SAME_WEEK"":""1390""},""heading_table_sha256"":""051b4e81ec46a06315e2b6d5bd35f4045364e1a9751fcd64f2e5a128865079d2"",""pos_rows"":""1390"",""q_counts"":{""1"":""283"",""2"":""1107""},""selected_pairs"":""2231"",""valid_q1_rows"":""283"",""window_paired"":""1885"",""window_q1"":""231"",""window_q_counts"":{""-1"":""841"",""1"":""231"",""2"":""813"",""5"":""0""}}}","[""<CLEAN_ROOT>/stages/CLEAN9_EXTERNAL_COMPARISON/HX07R/RUNS/BY2O_V0E/solution.pos"", ""<CLEAN_ROOT>/stages/CLEAN9_EXTERNAL_COMPARISON/HX07R/RUNS/BY2O_V0E/HEADING_TABLE.csv""]","[""<CLEAN_ROOT>/stages/CLEAN9_EXTERNAL_COMPARISON/HX07R/RUNS/BY2O_V0E/eval/EVALUATOR_STRACE_AUDIT.json"", ""<CLEAN_ROOT>/stages/CLEAN9_EXTERNAL_COMPARISON/HX07R/RUNS/BY2O_V0E/eval/OUTPUT/HEADING_METRICS.json""]",[],FULL_RECORD_READ,ARCHIVED_DIRECTORY_PRESENT,,,"Directory token 4 is original start_mode, not case_id; NATURAL_C00 labels this natural full-window run. native_classification=unknown; runner_terminal_status=unknown. Original metadata values preserved in source_values_json."
HX07R-436806361e13dfc38a9f,HX07R,EVALUATION_RECORD,RTKLIB,unknown,unknown,BY2O,NATURAL,V1,unknown,unknown,unknown,unknown,<CLEAN_ROOT>/stages/CLEAN9_EXTERNAL_COMPARISON/HX07R/RUNS/BY2O_V1/eval/EVALUATOR_STRACE_AUDIT.json,#,"{""argv"":[""/usr/bin/python3"",""-m"",""legsa_gins.paper_rebuild.hext.hx02_heading_evaluation"",""--spec"",""<CLEAN_ROOT>/stages/CLEAN9_EXTERNAL_COMPARISON/HX07R/RUNS/BY2O_V1/eval/SPEC.json""],""environment"":{""GIT_OPTIONAL_LOCKS"":""0"",""MKL_NUM_THREADS"":""1"",""MPLBACKEND"":""Agg"",""MPLCONFIGDIR"":""<CLEAN_ROOT>/stages/CLEAN9_EXTERNAL_COMPARISON/HX07R/RUNS/BY2O_V1/eval/OUTPUT/.matplotlib"",""NUMEXPR_NUM_THREADS"":""1"",""OMP_NUM_THREADS"":""1"",""OPENBLAS_NUM_THREADS"":""1"",""PYTHONDONTWRITEBYTECODE"":""1"",""PYTHONPATH"":""<AUDIT_SOURCE_WORKTREE>/src"",""XDG_CACHE_HOME"":""<CLEAN_ROOT>/stages/CLEAN9_EXTERNAL_COMPARISON/HX07R/RUNS/BY2O_V1/eval/OUTPUT/.cache""},""execve_programs"":[""/usr/bin/python3""],""exit_code"":""0"",""failures"":[],""kind"":""HEADING"",""module"":""legsa_gins.paper_rebuild.hext.hx02_heading_evaluation"",""passed"":true,""raw_open_count"":""1"",""runtime_seconds"":""0.5396050880008261"",""spec_sha256"":""c736e22c026b9000244782e358def5f45fd1aae31c9ae8fd3dbce8d0f6ce6263"",""strace_sha256"":""3dd0a65479fdfa839c821d11444ddb12934347b67f4eb17d8fcc59189a06cf7d"",""trace_open_count"":""1"",""trace_open_records"":[{""anonymous_pipe"":false,""flags"":""O_RDONLY|O_CLOEXEC"",""lexical_path"":""<RAW_ROOT>/BY2_BY3/2026-03-06/fixption数据/2026.3.6/by1/vrtk2_a87c6e_2026-03-06-07-52-22_minimal/trace_vrtk2_a87c6e_2026-03-06-07-52-22_minimal.csv"",""path"":""<RAW_ROOT>/BY2_BY3/2026-03-06/fixption数据/2026.3.6/by1/vrtk2_a87c6e_2026-03-06-07-52-22_minimal/trace_vrtk2_a87c6e_2026-03-06-07-52-22_minimal.csv"",""pid"":""10576"",""return_code"":""3""}],""trace_read_role"":""registered_evaluator_child_only"",""write_scope"":{""allowed_anonymous_pipe_write_count"":""0"",""allowed_anonymous_pipe_write_records"":[],""allowed_device_write_count"":""0"",""allowed_device_write_records"":[],""clean_root_outside_run_write_count"":""0"",""outside_run_write_open_count"":""0"",""outside_run_write_open_records"":[],""pass"":true,""raw_write_open_count"":""0"",""write_open_count"":""2"",""write_open_records"":[{""anonymous_pipe"":false,""flags"":""O_WRONLY|O_CREAT|O_EXCL|O_CLOEXEC"",""lexical_path"":""<CLEAN_ROOT>/stages/CLEAN9_EXTERNAL_COMPARISON/HX07R/RUNS/BY2O_V1/eval/OUTPUT/HEADING_ERROR_SERIES_RTKLIB.csv"",""path"":""<CLEAN_ROOT>/stages/CLEAN9_EXTERNAL_COMPARISON/HX07R/RUNS/BY2O_V1/eval/OUTPUT/HEADING_ERROR_SERIES_RTKLIB.csv"",""pid"":""10576"",""return_code"":""3""},{""anonymous_pipe"":false,""flags"":""O_WRONLY|O_CREAT|O_EXCL|O_CLOEXEC"",""lexical_path"":""<CLEAN_ROOT>/stages/CLEAN9_EXTERNAL_COMPARISON/HX07R/RUNS/BY2O_V1/eval/OUTPUT/HEADING_METRICS.json"",""path"":""<CLEAN_ROOT>/stages/CLEAN9_EXTERNAL_COMPARISON/HX07R/RUNS/BY2O_V1/eval/OUTPUT/HEADING_METRICS.json"",""pid"":""10576"",""return_code"":""3""}],""write_outside_run_count"":""0"",""write_scope_exceptions"":[""/dev/null"",""/dev/pts/*"",""kernel-identified anonymous pipe""]}}",[],[],[],FULL_RECORD_READ,PRESENT_READ,,,First-delivery subset. Source values preserved; path aliases only. No payload-body read.
HX07R-b76401688061eae62d69,HX07R,EVALUATION_RECORD,RTKLIB,unknown,unknown,BY2O,NATURAL,V1,unknown,unknown,unknown,unknown,<CLEAN_ROOT>/stages/CLEAN9_EXTERNAL_COMPARISON/HX07R/RUNS/BY2O_V1/eval/OUTPUT/HEADING_METRICS.json,#,"{""method_id"":""RTKLIB"",""schema"":""hx02.heading_evaluation.v1"",""sequence_id"":""BY2O"",""trace_open_count_in_child"":""1"",""trace_sha256_observed"":""4f7b3007c6a0b43ce1b0fb4908f23c042891154b4adbc7af4c3d8a47ca363cd9"",""variants"":{""RTKLIB"":{""availability"":""0.06206896551724138"",""base_time"":""1772780400.0"",""denominator_native_paired_epochs_in_window"":""1885"",""error_convention"":""wrap180(method_body_yaw_ned - reference_body_yaw_ned)"",""heading_table_sha256"":""66e0330d59a351a7e12b7dff34543d33e32a905524d529bb81fbe30067ac9ad7"",""hold_last_valid"":{""circular_bias_deg"":""-52.2861143445009"",""count"":""1885"",""held_epochs_in_window"":""1885"",""held_epochs_without_reference_support"":""0"",""hold_source"":""CAUSAL_LAST_METHOD_NATIVE_VALID_EPOCH_FROM_NATIVE_START"",""mae_deg"":""67.35642554090198"",""max_absolute_deg"":""177.6665672893921"",""no_heading_epochs_before_first_valid"":""0"",""p95_absolute_deg"":""161.32972013849854"",""rmse_deg"":""85.86595587186044""},""method_id"":""RTKLIB"",""q1_fixed"":{""count"":""117"",""errors"":{""circular_bias_deg"":""-0.9819722410593386"",""count"":""117"",""mae_deg"":""5.520027220980844"",""max_absolute_deg"":""173.4245025560815"",""p95_absolute_deg"":""6.747149328772583"",""rmse_deg"":""21.78190065953815""},""rate"":""0.06206896551724138""},""q2_float"":{""count"":""844"",""errors"":{""circular_bias_deg"":""-18.077999256591283"",""count"":""844"",""mae_deg"":""51.511005817717205"",""max_absolute_deg"":""179.04056906867356"",""p95_absolute_deg"":""138.6542912208263"",""rmse_deg"":""66.0249352470167""},""rate"":""0.4477453580901857""},""reference_semantics"":""wrap360(90-interp(unwrap(yaw_ENU))) inside trace support; no extrapolation"",""schema"":""hx02.heading_evaluation.v1"",""valid"":{""circular_bias_deg"":""-0.9819722410593386"",""count"":""117"",""mae_deg"":""5.520027220980844"",""max_absolute_deg"":""173.4245025560815"",""p95_absolute_deg"":""6.747149328772583"",""rmse_deg"":""21.78190065953815"",""wrapsafe"":{""circular_wrapsafe_bias_deg"":""-0.9819722410593386"",""continuity_definition"":""segments split when accepted original epoch indices are nonconsecutive"",""longest_segment_epochs"":""14"",""mae_deg"":""5.520027220980844"",""matched_count"":""117"",""max_absolute_deg"":""173.4245025560815"",""maximum_gap_seconds"":""142.20000004768372"",""median_absolute_deg"":""1.2789655481823843"",""p90_absolute_deg"":""4.588827612176033"",""p95_absolute_deg"":""6.747149328772583"",""p99_absolute_deg"":""115.00363865041881"",""rmse_deg"":""21.78190065953815"",""segment_count"":""45"",""valid_count"":""117"",""valid_coverage"":""0.06206896551724138"",""valid_denominator"":""1885"",""wrapsafe_bias_deg"":""-2.975837071197913""}},""valid_epochs_in_window"":""117"",""valid_epochs_without_reference_support"":""0"",""valid_segments"":{""definition"":""segments split when accepted original epoch indices are nonconsecutive"",""longest_segment_epochs"":""14"",""maximum_gap_seconds"":""142.20000004768372"",""segment_count"":""45""},""window_seconds"":[""3186.0"",""3563.0""]}}}",[],[],[],FULL_RECORD_READ,PRESENT_READ,,,First-delivery subset. Source values preserved; path aliases only. No payload-body read.
HX07R-04481c72cf9641be7a08,HX07R,RUN_IDENTITY,RTKLIB,unknown,unknown,BY2O,NATURAL,V1,unknown,unknown,FINISHED,EVALUATION_RECORDS_PRESENT,<CLEAN_ROOT>/stages/CLEAN9_EXTERNAL_COMPARISON/HX07R/RUNS/BY2O_V1,run_id=BY2O_V1,"{""COMMAND.json"":{""argv"":[""<HX02_EXTERNAL_ROOT>/RTKLIB/app/consapp/rnx2rtkp/gcc/rnx2rtkp"",""-k"",""<CLEAN_ROOT>/stages/CLEAN9_EXTERNAL_COMPARISON/HX07/CONFIGS/V1.conf"",""-o"",""<CLEAN_ROOT>/stages/CLEAN9_EXTERNAL_COMPARISON/HX07R/RUNS/BY2O_V1/solution.pos"",""-y"",""2"",""<CLEAN_ROOT>/stages/CLEAN9_EXTERNAL_COMPARISON/HX02_FIVE_CATEGORY/RUNS/BY2O__RTKLIB__NONE__FILE_START__NA/native/SOURCE_BACKEND/gnss2.obs"",""<CLEAN_ROOT>/stages/CLEAN9_EXTERNAL_COMPARISON/HX02_FIVE_CATEGORY/RUNS/BY2O__RTKLIB__NONE__FILE_START__NA/native/SOURCE_BACKEND/gnss1.obs"",""<CLEAN_ROOT>/stages/CLEAN9_EXTERNAL_COMPARISON/HX07/00_INPUTS/BRDC00WRD_R_20260650000_01D_MN.rnx""],""data_mode"":""recorded_raw_gnss"",""end"":""2026-09-27T13:29:47.191960+00:00"",""input_sha256"":{""<CLEAN_ROOT>/stages/CLEAN9_EXTERNAL_COMPARISON/HX02_FIVE_CATEGORY/RUNS/BY2O__RTKLIB__NONE__FILE_START__NA/native/SOURCE_BACKEND/gnss1.obs"":""bb0c81ab5727e44c21739c875f7a99b3d2c16a201c4629ba7814dc230afa7b01"",""<CLEAN_ROOT>/stages/CLEAN9_EXTERNAL_COMPARISON/HX02_FIVE_CATEGORY/RUNS/BY2O__RTKLIB__NONE__FILE_START__NA/native/SOURCE_BACKEND/gnss2.obs"":""7d07520747e48913a0f6baf1a80c98f8848fa01717a345a9794f9d10ccd9949e"",""<CLEAN_ROOT>/stages/CLEAN9_EXTERNAL_COMPARISON/HX07/00_INPUTS/BRDC00WRD_R_20260650000_01D_MN.rnx"":""8d5222d82ea957d96a6d4bbe318a6f384532ed4a22016c92be84d78a3dac11cc"",""<CLEAN_ROOT>/stages/CLEAN9_EXTERNAL_COMPARISON/HX07/CONFIGS/V1.conf"":""2f4fdf524f87b6f72906cac65a12c37cf4b26ff8f37a995a26eaf298f886100f"",""<RTKLIB>/app/consapp/rnx2rtkp/gcc/rnx2rtkp"":""3a0ad1c55435b45e1f83b2e713a0b0fb837a5f0a118d76ead3df1f9e3e531eda""},""original_argv"":[""<HX02_EXTERNAL_ROOT>/RTKLIB/app/consapp/rnx2rtkp/gcc/rnx2rtkp"",""-k"",""<HX02_SCRATCH>/RUNS/BY2O__RTKLIB__NONE__FILE_START__NA/native/RTKLIB_UNMODIFIED_MOVING_BASE.conf"",""-o"",""<HX02_SCRATCH>/RUNS/BY2O__RTKLIB__NONE__FILE_START__NA/native/RTKLIB_UNMODIFIED_MOVING_BASE.pos"",""<HX02_SCRATCH>/RUNS/BY2O__RTKLIB__NONE__FILE_START__NA/native/SOURCE_BACKEND/gnss2.obs"",""<HX02_SCRATCH>/RUNS/BY2O__RTKLIB__NONE__FILE_START__NA/native/SOURCE_BACKEND/gnss1.obs"",""<HX02_SCRATCH>/RUNS/BY2O__RTKLIB__NONE__FILE_START__NA/native/SOURCE_BACKEND/gnss1.nav"",""<HX02_SCRATCH>/RUNS/BY2O__RTKLIB__NONE__FILE_START__NA/native/SOURCE_BACKEND/gnss2.nav""],""returncode"":""0"",""semisynthetic_data_used"":false,""sequence"":""BY2O"",""start"":""2026-09-27T13:29:35.593541+00:00"",""status"":""FINISHED"",""synthetic_data_used"":false,""thread_environment"":{""BLIS_NUM_THREADS"":""1"",""MKL_NUM_THREADS"":""1"",""NUMEXPR_NUM_THREADS"":""1"",""OMP_NUM_THREADS"":""1"",""OPENBLAS_NUM_THREADS"":""1"",""VECLIB_MAXIMUM_THREADS"":""1""},""variant"":""V1""},""ASSOCIATION_SUMMARY.json"":{""association_status_counts"":{""ASSOCIATED_UNIQUE_NEAREST_SAME_WEEK"":""1302""},""heading_table_sha256"":""66e0330d59a351a7e12b7dff34543d33e32a905524d529bb81fbe30067ac9ad7"",""pos_rows"":""1302"",""q_counts"":{""1"":""188"",""2"":""1114""},""selected_pairs"":""2231"",""valid_q1_rows"":""188"",""window_paired"":""1885"",""window_q1"":""117"",""window_q_counts"":{""-1"":""924"",""1"":""117"",""2"":""844"",""5"":""0""}}}","[""<CLEAN_ROOT>/stages/CLEAN9_EXTERNAL_COMPARISON/HX07R/RUNS/BY2O_V1/solution.pos"", ""<CLEAN_ROOT>/stages/CLEAN9_EXTERNAL_COMPARISON/HX07R/RUNS/BY2O_V1/HEADING_TABLE.csv""]","[""<CLEAN_ROOT>/stages/CLEAN9_EXTERNAL_COMPARISON/HX07R/RUNS/BY2O_V1/eval/EVALUATOR_STRACE_AUDIT.json"", ""<CLEAN_ROOT>/stages/CLEAN9_EXTERNAL_COMPARISON/HX07R/RUNS/BY2O_V1/eval/OUTPUT/HEADING_METRICS.json""]",[],FULL_RECORD_READ,ARCHIVED_DIRECTORY_PRESENT,,,"Directory token 4 is original start_mode, not case_id; NATURAL_C00 labels this natural full-window run. native_classification=unknown; runner_terminal_status=unknown. Original metadata values preserved in source_values_json."
HX07R-e803c5fb2585a91906db,HX07R,EVALUATION_RECORD,RTKLIB,unknown,unknown,BY2O,NATURAL,V2,unknown,unknown,unknown,unknown,<CLEAN_ROOT>/stages/CLEAN9_EXTERNAL_COMPARISON/HX07R/RUNS/BY2O_V2/eval/EVALUATOR_STRACE_AUDIT.json,#,"{""argv"":[""/usr/bin/python3"",""-m"",""legsa_gins.paper_rebuild.hext.hx02_heading_evaluation"",""--spec"",""<CLEAN_ROOT>/stages/CLEAN9_EXTERNAL_COMPARISON/HX07R/RUNS/BY2O_V2/eval/SPEC.json""],""environment"":{""GIT_OPTIONAL_LOCKS"":""0"",""MKL_NUM_THREADS"":""1"",""MPLBACKEND"":""Agg"",""MPLCONFIGDIR"":""<CLEAN_ROOT>/stages/CLEAN9_EXTERNAL_COMPARISON/HX07R/RUNS/BY2O_V2/eval/OUTPUT/.matplotlib"",""NUMEXPR_NUM_THREADS"":""1"",""OMP_NUM_THREADS"":""1"",""OPENBLAS_NUM_THREADS"":""1"",""PYTHONDONTWRITEBYTECODE"":""1"",""PYTHONPATH"":""<AUDIT_SOURCE_WORKTREE>/src"",""XDG_CACHE_HOME"":""<CLEAN_ROOT>/stages/CLEAN9_EXTERNAL_COMPARISON/HX07R/RUNS/BY2O_V2/eval/OUTPUT/.cache""},""execve_programs"":[""/usr/bin/python3""],""exit_code"":""0"",""failures"":[],""kind"":""HEADING"",""module"":""legsa_gins.paper_rebuild.hext.hx02_heading_evaluation"",""passed"":true,""raw_open_count"":""1"",""runtime_seconds"":""0.47886774799917475"",""spec_sha256"":""1890996c9ba5ef1c216aca2571476066b59571b65f63c8a19c7a23cc72a28462"",""strace_sha256"":""6d6be53109340fd07b1d9c5cf81bad72f460c2d38760ffac00078b5fd90e6a85"",""trace_open_count"":""1"",""trace_open_records"":[{""anonymous_pipe"":false,""flags"":""O_RDONLY|O_CLOEXEC"",""lexical_path"":""<RAW_ROOT>/BY2_BY3/2026-03-06/fixption数据/2026.3.6/by1/vrtk2_a87c6e_2026-03-06-07-52-22_minimal/trace_vrtk2_a87c6e_2026-03-06-07-52-22_minimal.csv"",""path"":""<RAW_ROOT>/BY2_BY3/2026-03-06/fixption数据/2026.3.6/by1/vrtk2_a87c6e_2026-03-06-07-52-22_minimal/trace_vrtk2_a87c6e_2026-03-06-07-52-22_minimal.csv"",""pid"":""10600"",""return_code"":""3""}],""trace_read_role"":""registered_evaluator_child_only"",""write_scope"":{""allowed_anonymous_pipe_write_count"":""0"",""allowed_anonymous_pipe_write_records"":[],""allowed_device_write_count"":""0"",""allowed_device_write_records"":[],""clean_root_outside_run_write_count"":""0"",""outside_run_write_open_count"":""0"",""outside_run_write_open_records"":[],""pass"":true,""raw_write_open_count"":""0"",""write_open_count"":""2"",""write_open_records"":[{""anonymous_pipe"":false,""flags"":""O_WRONLY|O_CREAT|O_EXCL|O_CLOEXEC"",""lexical_path"":""<CLEAN_ROOT>/stages/CLEAN9_EXTERNAL_COMPARISON/HX07R/RUNS/BY2O_V2/eval/OUTPUT/HEADING_ERROR_SERIES_RTKLIB.csv"",""path"":""<CLEAN_ROOT>/stages/CLEAN9_EXTERNAL_COMPARISON/HX07R/RUNS/BY2O_V2/eval/OUTPUT/HEADING_ERROR_SERIES_RTKLIB.csv"",""pid"":""10600"",""return_code"":""3""},{""anonymous_pipe"":false,""flags"":""O_WRONLY|O_CREAT|O_EXCL|O_CLOEXEC"",""lexical_path"":""<CLEAN_ROOT>/stages/CLEAN9_EXTERNAL_COMPARISON/HX07R/RUNS/BY2O_V2/eval/OUTPUT/HEADING_METRICS.json"",""path"":""<CLEAN_ROOT>/stages/CLEAN9_EXTERNAL_COMPARISON/HX07R/RUNS/BY2O_V2/eval/OUTPUT/HEADING_METRICS.json"",""pid"":""10600"",""return_code"":""3""}],""write_outside_run_count"":""0"",""write_scope_exceptions"":[""/dev/null"",""/dev/pts/*"",""kernel-identified anonymous pipe""]}}",[],[],[],FULL_RECORD_READ,PRESENT_READ,,,First-delivery subset. Source values preserved; path aliases only. No payload-body read.
HX07R-a008048a7a12fae10f04,HX07R,EVALUATION_RECORD,RTKLIB,unknown,unknown,BY2O,NATURAL,V2,unknown,unknown,unknown,unknown,<CLEAN_ROOT>/stages/CLEAN9_EXTERNAL_COMPARISON/HX07R/RUNS/BY2O_V2/eval/OUTPUT/HEADING_METRICS.json,#,"{""method_id"":""RTKLIB"",""schema"":""hx02.heading_evaluation.v1"",""sequence_id"":""BY2O"",""trace_open_count_in_child"":""1"",""trace_sha256_observed"":""4f7b3007c6a0b43ce1b0fb4908f23c042891154b4adbc7af4c3d8a47ca363cd9"",""variants"":{""RTKLIB"":{""availability"":""0.0493368700265252"",""base_time"":""1772780400.0"",""denominator_native_paired_epochs_in_window"":""1885"",""error_convention"":""wrap180(method_body_yaw_ned - reference_body_yaw_ned)"",""heading_table_sha256"":""4637c6a8f9b432fc24b97396b667f8f002d1c5efe65813cd46a2e228a6a94408"",""hold_last_valid"":{""circular_bias_deg"":""-23.58435241708287"",""count"":""1885"",""held_epochs_in_window"":""1885"",""held_epochs_without_reference_support"":""0"",""hold_source"":""CAUSAL_LAST_METHOD_NATIVE_VALID_EPOCH_FROM_NATIVE_START"",""mae_deg"":""69.5640956386154"",""max_absolute_deg"":""178.3173758510685"",""no_heading_epochs_before_first_valid"":""0"",""p95_absolute_deg"":""177.86565025034201"",""rmse_deg"":""96.11424444748205""},""method_id"":""RTKLIB"",""q1_fixed"":{""count"":""93"",""errors"":{""circular_bias_deg"":""-1.2314703600030725"",""count"":""93"",""mae_deg"":""4.434563347749117"",""max_absolute_deg"":""173.4226770717258"",""p95_absolute_deg"":""5.383187014875574"",""rmse_deg"":""19.205502081410785""},""rate"":""0.0493368700265252""},""q2_float"":{""count"":""868"",""errors"":{""circular_bias_deg"":""-2.1406492704952598"",""count"":""868"",""mae_deg"":""35.061435346783085"",""max_absolute_deg"":""176.64817624141477"",""p95_absolute_deg"":""130.5866906172769"",""rmse_deg"":""51.2563562392071""},""rate"":""0.46047745358090186""},""reference_semantics"":""wrap360(90-interp(unwrap(yaw_ENU))) inside trace support; no extrapolation"",""schema"":""hx02.heading_evaluation.v1"",""valid"":{""circular_bias_deg"":""-1.2314703600030725"",""count"":""93"",""mae_deg"":""4.434563347749117"",""max_absolute_deg"":""173.4226770717258"",""p95_absolute_deg"":""5.383187014875574"",""rmse_deg"":""19.205502081410785"",""wrapsafe"":{""circular_wrapsafe_bias_deg"":""-1.2314703600030725"",""continuity_definition"":""segments split when accepted original epoch indices are nonconsecutive"",""longest_segment_epochs"":""14"",""mae_deg"":""4.434563347749117"",""matched_count"":""93"",""max_absolute_deg"":""173.4226770717258"",""maximum_gap_seconds"":""123.79999995231628"",""median_absolute_deg"":""1.277217077813475"",""p90_absolute_deg"":""4.543879933958032"",""p95_absolute_deg"":""5.383187014875574"",""p99_absolute_deg"":""67.0718800688782"",""rmse_deg"":""19.205502081410785"",""segment_count"":""40"",""valid_count"":""93"",""valid_coverage"":""0.0493368700265252"",""valid_denominator"":""1885"",""wrapsafe_bias_deg"":""-3.09628576713348""}},""valid_epochs_in_window"":""93"",""valid_epochs_without_reference_support"":""0"",""valid_segments"":{""definition"":""segments split when accepted original epoch indices are nonconsecutive"",""longest_segment_epochs"":""14"",""maximum_gap_seconds"":""123.79999995231628"",""segment_count"":""40""},""window_seconds"":[""3186.0"",""3563.0""]}}}",[],[],[],FULL_RECORD_READ,PRESENT_READ,,,First-delivery subset. Source values preserved; path aliases only. No payload-body read.
HX07R-498c46e4de6d125e288e,HX07R,RUN_IDENTITY,RTKLIB,unknown,unknown,BY2O,NATURAL,V2,unknown,unknown,FINISHED,EVALUATION_RECORDS_PRESENT,<CLEAN_ROOT>/stages/CLEAN9_EXTERNAL_COMPARISON/HX07R/RUNS/BY2O_V2,run_id=BY2O_V2,"{""COMMAND.json"":{""argv"":[""<HX02_EXTERNAL_ROOT>/RTKLIB/app/consapp/rnx2rtkp/gcc/rnx2rtkp"",""-k"",""<CLEAN_ROOT>/stages/CLEAN9_EXTERNAL_COMPARISON/HX07/CONFIGS/V2.conf"",""-o"",""<CLEAN_ROOT>/stages/CLEAN9_EXTERNAL_COMPARISON/HX07R/RUNS/BY2O_V2/solution.pos"",""-y"",""2"",""<CLEAN_ROOT>/stages/CLEAN9_EXTERNAL_COMPARISON/HX02_FIVE_CATEGORY/RUNS/BY2O__RTKLIB__NONE__FILE_START__NA/native/SOURCE_BACKEND/gnss2.obs"",""<CLEAN_ROOT>/stages/CLEAN9_EXTERNAL_COMPARISON/HX02_FIVE_CATEGORY/RUNS/BY2O__RTKLIB__NONE__FILE_START__NA/native/SOURCE_BACKEND/gnss1.obs"",""<CLEAN_ROOT>/stages/CLEAN9_EXTERNAL_COMPARISON/HX07/00_INPUTS/BRDC00WRD_R_20260650000_01D_MN.rnx""],""data_mode"":""recorded_raw_gnss"",""end"":""2026-09-27T13:30:20.167429+00:00"",""input_sha256"":{""<CLEAN_ROOT>/stages/CLEAN9_EXTERNAL_COMPARISON/HX02_FIVE_CATEGORY/RUNS/BY2O__RTKLIB__NONE__FILE_START__NA/native/SOURCE_BACKEND/gnss1.obs"":""bb0c81ab5727e44c21739c875f7a99b3d2c16a201c4629ba7814dc230afa7b01"",""<CLEAN_ROOT>/stages/CLEAN9_EXTERNAL_COMPARISON/HX02_FIVE_CATEGORY/RUNS/BY2O__RTKLIB__NONE__FILE_START__NA/native/SOURCE_BACKEND/gnss2.obs"":""7d07520747e48913a0f6baf1a80c98f8848fa01717a345a9794f9d10ccd9949e"",""<CLEAN_ROOT>/stages/CLEAN9_EXTERNAL_COMPARISON/HX07/00_INPUTS/BRDC00WRD_R_20260650000_01D_MN.rnx"":""8d5222d82ea957d96a6d4bbe318a6f384532ed4a22016c92be84d78a3dac11cc"",""<CLEAN_ROOT>/stages/CLEAN9_EXTERNAL_COMPARISON/HX07/CONFIGS/V2.conf"":""3f55e8ff20318a674a3acfa6d52c7b756072c5e6b057d90db2cfb384a864ed78"",""<RTKLIB>/app/consapp/rnx2rtkp/gcc/rnx2rtkp"":""3a0ad1c55435b45e1f83b2e713a0b0fb837a5f0a118d76ead3df1f9e3e531eda""},""original_argv"":[""<HX02_EXTERNAL_ROOT>/RTKLIB/app/consapp/rnx2rtkp/gcc/rnx2rtkp"",""-k"",""<HX02_SCRATCH>/RUNS/BY2O__RTKLIB__NONE__FILE_START__NA/native/RTKLIB_UNMODIFIED_MOVING_BASE.conf"",""-o"",""<HX02_SCRATCH>/RUNS/BY2O__RTKLIB__NONE__FILE_START__NA/native/RTKLIB_UNMODIFIED_MOVING_BASE.pos"",""<HX02_SCRATCH>/RUNS/BY2O__RTKLIB__NONE__FILE_START__NA/native/SOURCE_BACKEND/gnss2.obs"",""<HX02_SCRATCH>/RUNS/BY2O__RTKLIB__NONE__FILE_START__NA/native/SOURCE_BACKEND/gnss1.obs"",""<HX02_SCRATCH>/RUNS/BY2O__RTKLIB__NONE__FILE_START__NA/native/SOURCE_BACKEND/gnss1.nav"",""<HX02_SCRATCH>/RUNS/BY2O__RTKLIB__NONE__FILE_START__NA/native/SOURCE_BACKEND/gnss2.nav""],""returncode"":""0"",""semisynthetic_data_used"":false,""sequence"":""BY2O"",""start"":""2026-09-27T13:30:08.924158+00:00"",""status"":""FINISHED"",""synthetic_data_used"":false,""thread_environment"":{""BLIS_NUM_THREADS"":""1"",""MKL_NUM_THREADS"":""1"",""NUMEXPR_NUM_THREADS"":""1"",""OMP_NUM_THREADS"":""1"",""OPENBLAS_NUM_THREADS"":""1"",""VECLIB_MAXIMUM_THREADS"":""1""},""variant"":""V2""},""ASSOCIATION_SUMMARY.json"":{""association_status_counts"":{""ASSOCIATED_UNIQUE_NEAREST_SAME_WEEK"":""1302""},""heading_table_sha256"":""4637c6a8f9b432fc24b97396b667f8f002d1c5efe65813cd46a2e228a6a94408"",""pos_rows"":""1302"",""q_counts"":{""1"":""141"",""2"":""1161""},""selected_pairs"":""2231"",""valid_q1_rows"":""141"",""window_paired"":""1885"",""window_q1"":""93"",""window_q_counts"":{""-1"":""924"",""1"":""93"",""2"":""868"",""5"":""0""}}}","[""<CLEAN_ROOT>/stages/CLEAN9_EXTERNAL_COMPARISON/HX07R/RUNS/BY2O_V2/solution.pos"", ""<CLEAN_ROOT>/stages/CLEAN9_EXTERNAL_COMPARISON/HX07R/RUNS/BY2O_V2/HEADING_TABLE.csv""]","[""<CLEAN_ROOT>/stages/CLEAN9_EXTERNAL_COMPARISON/HX07R/RUNS/BY2O_V2/eval/EVALUATOR_STRACE_AUDIT.json"", ""<CLEAN_ROOT>/stages/CLEAN9_EXTERNAL_COMPARISON/HX07R/RUNS/BY2O_V2/eval/OUTPUT/HEADING_METRICS.json""]",[],FULL_RECORD_READ,ARCHIVED_DIRECTORY_PRESENT,,,"Directory token 4 is original start_mode, not case_id; NATURAL_C00 labels this natural full-window run. native_classification=unknown; runner_terminal_status=unknown. Original metadata values preserved in source_values_json."
HX07R-06c0c41518ae92ef9298,HX07R,EVALUATION_RECORD,RTKLIB,unknown,unknown,BY2,NATURAL,V0,unknown,unknown,unknown,unknown,<CLEAN_ROOT>/stages/CLEAN9_EXTERNAL_COMPARISON/HX07R/RUNS/BY2_V0/eval/EVALUATOR_STRACE_AUDIT.json,#,"{""argv"":[""/usr/bin/python3"",""-m"",""legsa_gins.paper_rebuild.hext.hx02_heading_evaluation"",""--spec"",""<CLEAN_ROOT>/stages/CLEAN9_EXTERNAL_COMPARISON/HX07R/RUNS/BY2_V0/eval/SPEC.json""],""environment"":{""GIT_OPTIONAL_LOCKS"":""0"",""MKL_NUM_THREADS"":""1"",""MPLBACKEND"":""Agg"",""MPLCONFIGDIR"":""<CLEAN_ROOT>/stages/CLEAN9_EXTERNAL_COMPARISON/HX07R/RUNS/BY2_V0/eval/OUTPUT/.matplotlib"",""NUMEXPR_NUM_THREADS"":""1"",""OMP_NUM_THREADS"":""1"",""OPENBLAS_NUM_THREADS"":""1"",""PYTHONDONTWRITEBYTECODE"":""1"",""PYTHONPATH"":""<AUDIT_SOURCE_WORKTREE>/src"",""XDG_CACHE_HOME"":""<CLEAN_ROOT>/stages/CLEAN9_EXTERNAL_COMPARISON/HX07R/RUNS/BY2_V0/eval/OUTPUT/.cache""},""execve_programs"":[""/usr/bin/python3""],""exit_code"":""0"",""failures"":[],""kind"":""HEADING"",""module"":""legsa_gins.paper_rebuild.hext.hx02_heading_evaluation"",""passed"":true,""raw_open_count"":""1"",""runtime_seconds"":""0.45352918099888484"",""spec_sha256"":""13abdc6db6d54ac00214fc54400d9b13d7131acc8eac3075b89b5412327185c5"",""strace_sha256"":""ba218a9b76872c922c06ded9a71962fc010ecfe9316bdf917d7991fa1ea8dcc4"",""trace_open_count"":""1"",""trace_open_records"":[{""anonymous_pipe"":false,""flags"":""O_RDONLY|O_CLOEXEC"",""lexical_path"":""<RAW_ROOT>/BY2_BY3/2026-03-06/fixption数据/2026.3.6/by2/vrtk2_a87c6e_2026-03-06-08-00-54_minimal/trace_vrtk2_a87c6e_2026-03-06-08-00-54_minimal.csv"",""path"":""<RAW_ROOT>/BY2_BY3/2026-03-06/fixption数据/2026.3.6/by2/vrtk2_a87c6e_2026-03-06-08-00-54_minimal/trace_vrtk2_a87c6e_2026-03-06-08-00-54_minimal.csv"",""pid"":""10518"",""return_code"":""3""}],""trace_read_role"":""registered_evaluator_child_only"",""write_scope"":{""allowed_anonymous_pipe_write_count"":""0"",""allowed_anonymous_pipe_write_records"":[],""allowed_device_write_count"":""0"",""allowed_device_write_records"":[],""clean_root_outside_run_write_count"":""0"",""outside_run_write_open_count"":""0"",""outside_run_write_open_records"":[],""pass"":true,""raw_write_open_count"":""0"",""write_open_count"":""2"",""write_open_records"":[{""anonymous_pipe"":false,""flags"":""O_WRONLY|O_CREAT|O_EXCL|O_CLOEXEC"",""lexical_path"":""<CLEAN_ROOT>/stages/CLEAN9_EXTERNAL_COMPARISON/HX07R/RUNS/BY2_V0/eval/OUTPUT/HEADING_ERROR_SERIES_RTKLIB.csv"",""path"":""<CLEAN_ROOT>/stages/CLEAN9_EXTERNAL_COMPARISON/HX07R/RUNS/BY2_V0/eval/OUTPUT/HEADING_ERROR_SERIES_RTKLIB.csv"",""pid"":""10518"",""return_code"":""3""},{""anonymous_pipe"":false,""flags"":""O_WRONLY|O_CREAT|O_EXCL|O_CLOEXEC"",""lexical_path"":""<CLEAN_ROOT>/stages/CLEAN9_EXTERNAL_COMPARISON/HX07R/RUNS/BY2_V0/eval/OUTPUT/HEADING_METRICS.json"",""path"":""<CLEAN_ROOT>/stages/CLEAN9_EXTERNAL_COMPARISON/HX07R/RUNS/BY2_V0/eval/OUTPUT/HEADING_METRICS.json"",""pid"":""10518"",""return_code"":""3""}],""write_outside_run_count"":""0"",""write_scope_exceptions"":[""/dev/null"",""/dev/pts/*"",""kernel-identified anonymous pipe""]}}",[],[],[],FULL_RECORD_READ,PRESENT_READ,,,First-delivery subset. Source values preserved; path aliases only. No payload-body read.
HX07R-163390310cf26916a126,HX07R,EVALUATION_RECORD,RTKLIB,unknown,unknown,BY2,NATURAL,V0,unknown,unknown,unknown,unknown,<CLEAN_ROOT>/stages/CLEAN9_EXTERNAL_COMPARISON/HX07R/RUNS/BY2_V0/eval/OUTPUT/HEADING_METRICS.json,#,"{""method_id"":""RTKLIB"",""schema"":""hx02.heading_evaluation.v1"",""sequence_id"":""BY2"",""trace_open_count_in_child"":""1"",""trace_sha256_observed"":""ee3ee42dea3ada196dfdbcc78fd07524f91b4ce4fb94d9d6482a3e7d4b34aa4c"",""variants"":{""RTKLIB"":{""availability"":""0.11167883211678832"",""base_time"":""1772784000.0"",""denominator_native_paired_epochs_in_window"":""1370"",""error_convention"":""wrap180(method_body_yaw_ned - reference_body_yaw_ned)"",""heading_table_sha256"":""760ec228b430ce6ae39659c8bd5fe5b62e812410e3b83893ab2034612830e3c8"",""hold_last_valid"":{""circular_bias_deg"":""13.354965873744561"",""count"":""1370"",""held_epochs_in_window"":""1370"",""held_epochs_without_reference_support"":""0"",""hold_source"":""CAUSAL_LAST_METHOD_NATIVE_VALID_EPOCH_FROM_NATIVE_START"",""mae_deg"":""37.393128480586185"",""max_absolute_deg"":""177.83096464224673"",""no_heading_epochs_before_first_valid"":""0"",""p95_absolute_deg"":""126.5072475902668"",""rmse_deg"":""58.24105244214757""},""method_id"":""RTKLIB"",""q1_fixed"":{""count"":""153"",""errors"":{""circular_bias_deg"":""-0.9811903344252642"",""count"":""153"",""mae_deg"":""4.059895249940659"",""max_absolute_deg"":""124.72569695188295"",""p95_absolute_deg"":""6.639594595066502"",""rmse_deg"":""14.566166015767248""},""rate"":""0.11167883211678832""},""q2_float"":{""count"":""416"",""errors"":{""circular_bias_deg"":""-53.78697397769622"",""count"":""416"",""mae_deg"":""73.46355210276424"",""max_absolute_deg"":""179.99657426305347"",""p95_absolute_deg"":""169.61754926121094"",""rmse_deg"":""90.78504575299291""},""rate"":""0.30364963503649633""},""reference_semantics"":""wrap360(90-interp(unwrap(yaw_ENU))) inside trace support; no extrapolation"",""schema"":""hx02.heading_evaluation.v1"",""valid"":{""circular_bias_deg"":""-0.9811903344252642"",""count"":""153"",""mae_deg"":""4.059895249940659"",""max_absolute_deg"":""124.72569695188295"",""p95_absolute_deg"":""6.639594595066502"",""rmse_deg"":""14.566166015767248"",""wrapsafe"":{""circular_wrapsafe_bias_deg"":""-0.9811903344252642"",""continuity_definition"":""segments split when accepted original epoch indices are nonconsecutive"",""longest_segment_epochs"":""26"",""mae_deg"":""4.059895249940659"",""matched_count"":""153"",""max_absolute_deg"":""124.72569695188295"",""maximum_gap_seconds"":""47.60000014305115"",""median_absolute_deg"":""2.060343527421878"",""p90_absolute_deg"":""5.130416182525162"",""p95_absolute_deg"":""6.639594595066502"",""p99_absolute_deg"":""67.45520295548322"",""rmse_deg"":""14.566166015767248"",""segment_count"":""36"",""valid_count"":""153"",""valid_coverage"":""0.11167883211678832"",""valid_denominator"":""1370"",""wrapsafe_bias_deg"":""-1.9671032347604556""}},""valid_epochs_in_window"":""153"",""valid_epochs_without_reference_support"":""0"",""valid_segments"":{""definition"":""segments split when accepted original epoch indices are nonconsecutive"",""longest_segment_epochs"":""26"",""maximum_gap_seconds"":""47.60000014305115"",""segment_count"":""36""},""window_seconds"":[""66.0"",""340.0""]}}}",[],[],[],FULL_RECORD_READ,PRESENT_READ,,,First-delivery subset. Source values preserved; path aliases only. No payload-body read.
HX07R-63bde872a90b1697e666,HX07R,RUN_IDENTITY,RTKLIB,unknown,unknown,BY2,NATURAL,V0,unknown,unknown,FINISHED,EVALUATION_RECORDS_PRESENT,<CLEAN_ROOT>/stages/CLEAN9_EXTERNAL_COMPARISON/HX07R/RUNS/BY2_V0,run_id=BY2_V0,"{""COMMAND.json"":{""argv"":[""<HX02_EXTERNAL_ROOT>/RTKLIB/app/consapp/rnx2rtkp/gcc/rnx2rtkp"",""-k"",""<CLEAN_ROOT>/stages/CLEAN9_EXTERNAL_COMPARISON/HX07/CONFIGS/V0.conf"",""-o"",""<CLEAN_ROOT>/stages/CLEAN9_EXTERNAL_COMPARISON/HX07R/RUNS/BY2_V0/solution.pos"",""-y"",""2"",""<CLEAN_ROOT>/stages/CLEAN9_EXTERNAL_COMPARISON/HX02_FIVE_CATEGORY/RUNS/BY2__RTKLIB__NONE__C00__NA/native/SOURCE_BACKEND/gnss2.obs"",""<CLEAN_ROOT>/stages/CLEAN9_EXTERNAL_COMPARISON/HX02_FIVE_CATEGORY/RUNS/BY2__RTKLIB__NONE__C00__NA/native/SOURCE_BACKEND/gnss1.obs"",""<CLEAN_ROOT>/stages/CLEAN9_EXTERNAL_COMPARISON/HX02_FIVE_CATEGORY/RUNS/BY2__RTKLIB__NONE__C00__NA/native/SOURCE_BACKEND/gnss1.nav"",""<CLEAN_ROOT>/stages/CLEAN9_EXTERNAL_COMPARISON/HX02_FIVE_CATEGORY/RUNS/BY2__RTKLIB__NONE__C00__NA/native/SOURCE_BACKEND/gnss2.nav""],""data_mode"":""recorded_raw_gnss"",""end"":""2026-09-27T13:28:31.209402+00:00"",""input_sha256"":{""<CLEAN_ROOT>/stages/CLEAN9_EXTERNAL_COMPARISON/HX02_FIVE_CATEGORY/RUNS/BY2__RTKLIB__NONE__C00__NA/native/SOURCE_BACKEND/gnss1.nav"":""107409d66734988652ba4a38ea7b8bf31094ee2746232c1885fbaa1eec136205"",""<CLEAN_ROOT>/stages/CLEAN9_EXTERNAL_COMPARISON/HX02_FIVE_CATEGORY/RUNS/BY2__RTKLIB__NONE__C00__NA/native/SOURCE_BACKEND/gnss1.obs"":""f3bb057c79aeb967a82123e9840b5173a97d80842f336c30f17853b0bd10be5b"",""<CLEAN_ROOT>/stages/CLEAN9_EXTERNAL_COMPARISON/HX02_FIVE_CATEGORY/RUNS/BY2__RTKLIB__NONE__C00__NA/native/SOURCE_BACKEND/gnss2.nav"":""299d5e881d480e388194e981e402785b3b494d002838b435df5404345ad54974"",""<CLEAN_ROOT>/stages/CLEAN9_EXTERNAL_COMPARISON/HX02_FIVE_CATEGORY/RUNS/BY2__RTKLIB__NONE__C00__NA/native/SOURCE_BACKEND/gnss2.obs"":""11a77bb45cbf7461f02bfec3d48cdace38525f54cfd4b2af1306903c2b8dab2e"",""<CLEAN_ROOT>/stages/CLEAN9_EXTERNAL_COMPARISON/HX07/CONFIGS/V0.conf"":""97f0fe4157ce31909538e696184a7faadad059c3099ab912cbe2e97b0fc9e14f"",""<RTKLIB>/app/consapp/rnx2rtkp/gcc/rnx2rtkp"":""3a0ad1c55435b45e1f83b2e713a0b0fb837a5f0a118d76ead3df1f9e3e531eda""},""original_argv"":[""<HX02_EXTERNAL_ROOT>/RTKLIB/app/consapp/rnx2rtkp/gcc/rnx2rtkp"",""-k"",""<HX02_SCRATCH>/RUNS/BY2__RTKLIB__NONE__C00__NA/native/RTKLIB_UNMODIFIED_MOVING_BASE.conf"",""-o"",""<HX02_SCRATCH>/RUNS/BY2__RTKLIB__NONE__C00__NA/native/RTKLIB_UNMODIFIED_MOVING_BASE.pos"",""<HX02_SCRATCH>/RUNS/BY2__RTKLIB__NONE__C00__NA/native/SOURCE_BACKEND/gnss2.obs"",""<HX02_SCRATCH>/RUNS/BY2__RTKLIB__NONE__C00__NA/native/SOURCE_BACKEND/gnss1.obs"",""<HX02_SCRATCH>/RUNS/BY2__RTKLIB__NONE__C00__NA/native/SOURCE_BACKEND/gnss1.nav"",""<HX02_SCRATCH>/RUNS/BY2__RTKLIB__NONE__C00__NA/native/SOURCE_BACKEND/gnss2.nav""],""returncode"":""0"",""semisynthetic_data_used"":false,""sequence"":""BY2"",""start"":""2026-09-27T13:28:26.829279+00:00"",""status"":""FINISHED"",""synthetic_data_used"":false,""thread_environment"":{""BLIS_NUM_THREADS"":""1"",""MKL_NUM_THREADS"":""1"",""NUMEXPR_NUM_THREADS"":""1"",""OMP_NUM_THREADS"":""1"",""OPENBLAS_NUM_THREADS"":""1"",""VECLIB_MAXIMUM_THREADS"":""1""},""variant"":""V0""},""ASSOCIATION_SUMMARY.json"":{""association_status_counts"":{""ASSOCIATED_UNIQUE_NEAREST_SAME_WEEK"":""660""},""heading_table_sha256"":""760ec228b430ce6ae39659c8bd5fe5b62e812410e3b83893ab2034612830e3c8"",""pos_rows"":""660"",""q_counts"":{""1"":""177"",""2"":""483""},""selected_pairs"":""1509"",""valid_q1_rows"":""177"",""window_paired"":""1370"",""window_q1"":""153"",""window_q_counts"":{""-1"":""801"",""1"":""153"",""2"":""416"",""5"":""0""}}}","[""<CLEAN_ROOT>/stages/CLEAN9_EXTERNAL_COMPARISON/HX07R/RUNS/BY2_V0/solution.pos"", ""<CLEAN_ROOT>/stages/CLEAN9_EXTERNAL_COMPARISON/HX07R/RUNS/BY2_V0/HEADING_TABLE.csv""]","[""<CLEAN_ROOT>/stages/CLEAN9_EXTERNAL_COMPARISON/HX07R/RUNS/BY2_V0/eval/EVALUATOR_STRACE_AUDIT.json"", ""<CLEAN_ROOT>/stages/CLEAN9_EXTERNAL_COMPARISON/HX07R/RUNS/BY2_V0/eval/OUTPUT/HEADING_METRICS.json""]",[],FULL_RECORD_READ,ARCHIVED_DIRECTORY_PRESENT,,,"Directory token 4 is original start_mode, not case_id; NATURAL_C00 labels this natural full-window run. native_classification=unknown; runner_terminal_status=unknown. Original metadata values preserved in source_values_json."
HX07R-2ba55226d009f6b32ca3,HX07R,EVALUATION_RECORD,RTKLIB,unknown,unknown,BY2,NATURAL,V0E,unknown,unknown,unknown,unknown,<CLEAN_ROOT>/stages/CLEAN9_EXTERNAL_COMPARISON/HX07R/RUNS/BY2_V0E/eval/EVALUATOR_STRACE_AUDIT.json,#,"{""argv"":[""/usr/bin/python3"",""-m"",""legsa_gins.paper_rebuild.hext.hx02_heading_evaluation"",""--spec"",""<CLEAN_ROOT>/stages/CLEAN9_EXTERNAL_COMPARISON/HX07R/RUNS/BY2_V0E/eval/SPEC.json""],""environment"":{""GIT_OPTIONAL_LOCKS"":""0"",""MKL_NUM_THREADS"":""1"",""MPLBACKEND"":""Agg"",""MPLCONFIGDIR"":""<CLEAN_ROOT>/stages/CLEAN9_EXTERNAL_COMPARISON/HX07R/RUNS/BY2_V0E/eval/OUTPUT/.matplotlib"",""NUMEXPR_NUM_THREADS"":""1"",""OMP_NUM_THREADS"":""1"",""OPENBLAS_NUM_THREADS"":""1"",""PYTHONDONTWRITEBYTECODE"":""1"",""PYTHONPATH"":""<AUDIT_SOURCE_WORKTREE>/src"",""XDG_CACHE_HOME"":""<CLEAN_ROOT>/stages/CLEAN9_EXTERNAL_COMPARISON/HX07R/RUNS/BY2_V0E/eval/OUTPUT/.cache""},""execve_programs"":[""/usr/bin/python3""],""exit_code"":""0"",""failures"":[],""kind"":""HEADING"",""module"":""legsa_gins.paper_rebuild.hext.hx02_heading_evaluation"",""passed"":true,""raw_open_count"":""1"",""runtime_seconds"":""0.606736704998184"",""spec_sha256"":""37ab1d66d3d3fc48b18062d45dc4d6a398e247d6aae68f73c530fd7088bf51a6"",""strace_sha256"":""af26db4757d15a1bb020aed48f7d9813ef89c93090a2df758a37f7e955d8e37c"",""trace_open_count"":""1"",""trace_open_records"":[{""anonymous_pipe"":false,""flags"":""O_RDONLY|O_CLOEXEC"",""lexical_path"":""<RAW_ROOT>/BY2_BY3/2026-03-06/fixption数据/2026.3.6/by2/vrtk2_a87c6e_2026-03-06-08-00-54_minimal/trace_vrtk2_a87c6e_2026-03-06-08-00-54_minimal.csv"",""path"":""<RAW_ROOT>/BY2_BY3/2026-03-06/fixption数据/2026.3.6/by2/vrtk2_a87c6e_2026-03-06-08-00-54_minimal/trace_vrtk2_a87c6e_2026-03-06-08-00-54_minimal.csv"",""pid"":""10535"",""return_code"":""3""}],""trace_read_role"":""registered_evaluator_child_only"",""write_scope"":{""allowed_anonymous_pipe_write_count"":""0"",""allowed_anonymous_pipe_write_records"":[],""allowed_device_write_count"":""0"",""allowed_device_write_records"":[],""clean_root_outside_run_write_count"":""0"",""outside_run_write_open_count"":""0"",""outside_run_write_open_records"":[],""pass"":true,""raw_write_open_count"":""0"",""write_open_count"":""2"",""write_open_records"":[{""anonymous_pipe"":false,""flags"":""O_WRONLY|O_CREAT|O_EXCL|O_CLOEXEC"",""lexical_path"":""<CLEAN_ROOT>/stages/CLEAN9_EXTERNAL_COMPARISON/HX07R/RUNS/BY2_V0E/eval/OUTPUT/HEADING_ERROR_SERIES_RTKLIB.csv"",""path"":""<CLEAN_ROOT>/stages/CLEAN9_EXTERNAL_COMPARISON/HX07R/RUNS/BY2_V0E/eval/OUTPUT/HEADING_ERROR_SERIES_RTKLIB.csv"",""pid"":""10535"",""return_code"":""3""},{""anonymous_pipe"":false,""flags"":""O_WRONLY|O_CREAT|O_EXCL|O_CLOEXEC"",""lexical_path"":""<CLEAN_ROOT>/stages/CLEAN9_EXTERNAL_COMPARISON/HX07R/RUNS/BY2_V0E/eval/OUTPUT/HEADING_METRICS.json"",""path"":""<CLEAN_ROOT>/stages/CLEAN9_EXTERNAL_COMPARISON/HX07R/RUNS/BY2_V0E/eval/OUTPUT/HEADING_METRICS.json"",""pid"":""10535"",""return_code"":""3""}],""write_outside_run_count"":""0"",""write_scope_exceptions"":[""/dev/null"",""/dev/pts/*"",""kernel-identified anonymous pipe""]}}",[],[],[],FULL_RECORD_READ,PRESENT_READ,,,First-delivery subset. Source values preserved; path aliases only. No payload-body read.
HX07R-53157888d3c9c0e084db,HX07R,EVALUATION_RECORD,RTKLIB,unknown,unknown,BY2,NATURAL,V0E,unknown,unknown,unknown,unknown,<CLEAN_ROOT>/stages/CLEAN9_EXTERNAL_COMPARISON/HX07R/RUNS/BY2_V0E/eval/OUTPUT/HEADING_METRICS.json,#,"{""method_id"":""RTKLIB"",""schema"":""hx02.heading_evaluation.v1"",""sequence_id"":""BY2"",""trace_open_count_in_child"":""1"",""trace_sha256_observed"":""ee3ee42dea3ada196dfdbcc78fd07524f91b4ce4fb94d9d6482a3e7d4b34aa4c"",""variants"":{""RTKLIB"":{""availability"":""0.1416058394160584"",""base_time"":""1772784000.0"",""denominator_native_paired_epochs_in_window"":""1370"",""error_convention"":""wrap180(method_body_yaw_ned - reference_body_yaw_ned)"",""heading_table_sha256"":""05fb64a23c68c13e98d4832b41579b17d7938aafaf4ed767216eed37e3c38661"",""hold_last_valid"":{""circular_bias_deg"":""6.212615972776405"",""count"":""1370"",""held_epochs_in_window"":""1370"",""held_epochs_without_reference_support"":""0"",""hold_source"":""CAUSAL_LAST_METHOD_NATIVE_VALID_EPOCH_FROM_NATIVE_START"",""mae_deg"":""31.799131521054655"",""max_absolute_deg"":""177.84588190820648"",""no_heading_epochs_before_first_valid"":""0"",""p95_absolute_deg"":""127.8273624815113"",""rmse_deg"":""53.423210579873135""},""method_id"":""RTKLIB"",""q1_fixed"":{""count"":""194"",""errors"":{""circular_bias_deg"":""-1.5523279939818622"",""count"":""194"",""mae_deg"":""5.795361882080156"",""max_absolute_deg"":""177.84588190820648"",""p95_absolute_deg"":""9.150117166255336"",""rmse_deg"":""20.646991249762408""},""rate"":""0.1416058394160584""},""q2_float"":{""count"":""643"",""errors"":{""circular_bias_deg"":""-29.27899363979361"",""count"":""643"",""mae_deg"":""51.95372576280103"",""max_absolute_deg"":""179.9273425184055"",""p95_absolute_deg"":""154.32691829230833"",""rmse_deg"":""70.39077037997286""},""rate"":""0.46934306569343065""},""reference_semantics"":""wrap360(90-interp(unwrap(yaw_ENU))) inside trace support; no extrapolation"",""schema"":""hx02.heading_evaluation.v1"",""valid"":{""circular_bias_deg"":""-1.5523279939818622"",""count"":""194"",""mae_deg"":""5.795361882080156"",""max_absolute_deg"":""177.84588190820648"",""p95_absolute_deg"":""9.150117166255336"",""rmse_deg"":""20.646991249762408"",""wrapsafe"":{""circular_wrapsafe_bias_deg"":""-1.5523279939818622"",""continuity_definition"":""segments split when accepted original epoch indices are nonconsecutive"",""longest_segment_epochs"":""26"",""mae_deg"":""5.795361882080156"",""matched_count"":""194"",""max_absolute_deg"":""177.84588190820648"",""maximum_gap_seconds"":""78.20000004768372"",""median_absolute_deg"":""2.2632549186010635"",""p90_absolute_deg"":""6.264184880240851"",""p95_absolute_deg"":""9.150117166255336"",""p99_absolute_deg"":""124.51449895407124"",""rmse_deg"":""20.646991249762408"",""segment_count"":""49"",""valid_count"":""194"",""valid_coverage"":""0.1416058394160584"",""valid_denominator"":""1370"",""wrapsafe_bias_deg"":""-1.7955468715009058""}},""valid_epochs_in_window"":""194"",""valid_epochs_without_reference_support"":""0"",""valid_segments"":{""definition"":""segments split when accepted original epoch indices are nonconsecutive"",""longest_segment_epochs"":""26"",""maximum_gap_seconds"":""78.20000004768372"",""segment_count"":""49""},""window_seconds"":[""66.0"",""340.0""]}}}",[],[],[],FULL_RECORD_READ,PRESENT_READ,,,First-delivery subset. Source values preserved; path aliases only. No payload-body read.
HX07R-932807f3528186f171ae,HX07R,RUN_IDENTITY,RTKLIB,unknown,unknown,BY2,NATURAL,V0E,unknown,unknown,FINISHED,EVALUATION_RECORDS_PRESENT,<CLEAN_ROOT>/stages/CLEAN9_EXTERNAL_COMPARISON/HX07R/RUNS/BY2_V0E,run_id=BY2_V0E,"{""COMMAND.json"":{""argv"":[""<HX02_EXTERNAL_ROOT>/RTKLIB/app/consapp/rnx2rtkp/gcc/rnx2rtkp"",""-k"",""<CLEAN_ROOT>/stages/CLEAN9_EXTERNAL_COMPARISON/HX07/CONFIGS/V0.conf"",""-o"",""<CLEAN_ROOT>/stages/CLEAN9_EXTERNAL_COMPARISON/HX07R/RUNS/BY2_V0E/solution.pos"",""-y"",""2"",""<CLEAN_ROOT>/stages/CLEAN9_EXTERNAL_COMPARISON/HX02_FIVE_CATEGORY/RUNS/BY2__RTKLIB__NONE__C00__NA/native/SOURCE_BACKEND/gnss2.obs"",""<CLEAN_ROOT>/stages/CLEAN9_EXTERNAL_COMPARISON/HX02_FIVE_CATEGORY/RUNS/BY2__RTKLIB__NONE__C00__NA/native/SOURCE_BACKEND/gnss1.obs"",""<CLEAN_ROOT>/stages/CLEAN9_EXTERNAL_COMPARISON/HX07/00_INPUTS/BRDC00WRD_R_20260650000_01D_MN.rnx""],""data_mode"":""recorded_raw_gnss"",""end"":""2026-09-27T13:28:52.038769+00:00"",""input_sha256"":{""<CLEAN_ROOT>/stages/CLEAN9_EXTERNAL_COMPARISON/HX02_FIVE_CATEGORY/RUNS/BY2__RTKLIB__NONE__C00__NA/native/SOURCE_BACKEND/gnss1.obs"":""f3bb057c79aeb967a82123e9840b5173a97d80842f336c30f17853b0bd10be5b"",""<CLEAN_ROOT>/stages/CLEAN9_EXTERNAL_COMPARISON/HX02_FIVE_CATEGORY/RUNS/BY2__RTKLIB__NONE__C00__NA/native/SOURCE_BACKEND/gnss2.obs"":""11a77bb45cbf7461f02bfec3d48cdace38525f54cfd4b2af1306903c2b8dab2e"",""<CLEAN_ROOT>/stages/CLEAN9_EXTERNAL_COMPARISON/HX07/00_INPUTS/BRDC00WRD_R_20260650000_01D_MN.rnx"":""8d5222d82ea957d96a6d4bbe318a6f384532ed4a22016c92be84d78a3dac11cc"",""<CLEAN_ROOT>/stages/CLEAN9_EXTERNAL_COMPARISON/HX07/CONFIGS/V0.conf"":""97f0fe4157ce31909538e696184a7faadad059c3099ab912cbe2e97b0fc9e14f"",""<RTKLIB>/app/consapp/rnx2rtkp/gcc/rnx2rtkp"":""3a0ad1c55435b45e1f83b2e713a0b0fb837a5f0a118d76ead3df1f9e3e531eda""},""original_argv"":[""<HX02_EXTERNAL_ROOT>/RTKLIB/app/consapp/rnx2rtkp/gcc/rnx2rtkp"",""-k"",""<HX02_SCRATCH>/RUNS/BY2__RTKLIB__NONE__C00__NA/native/RTKLIB_UNMODIFIED_MOVING_BASE.conf"",""-o"",""<HX02_SCRATCH>/RUNS/BY2__RTKLIB__NONE__C00__NA/native/RTKLIB_UNMODIFIED_MOVING_BASE.pos"",""<HX02_SCRATCH>/RUNS/BY2__RTKLIB__NONE__C00__NA/native/SOURCE_BACKEND/gnss2.obs"",""<HX02_SCRATCH>/RUNS/BY2__RTKLIB__NONE__C00__NA/native/SOURCE_BACKEND/gnss1.obs"",""<HX02_SCRATCH>/RUNS/BY2__RTKLIB__NONE__C00__NA/native/SOURCE_BACKEND/gnss1.nav"",""<HX02_SCRATCH>/RUNS/BY2__RTKLIB__NONE__C00__NA/native/SOURCE_BACKEND/gnss2.nav""],""returncode"":""0"",""semisynthetic_data_used"":false,""sequence"":""BY2"",""start"":""2026-09-27T13:28:44.098367+00:00"",""status"":""FINISHED"",""synthetic_data_used"":false,""thread_environment"":{""BLIS_NUM_THREADS"":""1"",""MKL_NUM_THREADS"":""1"",""NUMEXPR_NUM_THREADS"":""1"",""OMP_NUM_THREADS"":""1"",""OPENBLAS_NUM_THREADS"":""1"",""VECLIB_MAXIMUM_THREADS"":""1""},""variant"":""V0E""},""ASSOCIATION_SUMMARY.json"":{""association_status_counts"":{""ASSOCIATED_UNIQUE_NEAREST_SAME_WEEK"":""959""},""heading_table_sha256"":""05fb64a23c68c13e98d4832b41579b17d7938aafaf4ed767216eed37e3c38661"",""pos_rows"":""959"",""q_counts"":{""1"":""244"",""2"":""715""},""selected_pairs"":""1509"",""valid_q1_rows"":""244"",""window_paired"":""1370"",""window_q1"":""194"",""window_q_counts"":{""-1"":""533"",""1"":""194"",""2"":""643"",""5"":""0""}}}","[""<CLEAN_ROOT>/stages/CLEAN9_EXTERNAL_COMPARISON/HX07R/RUNS/BY2_V0E/solution.pos"", ""<CLEAN_ROOT>/stages/CLEAN9_EXTERNAL_COMPARISON/HX07R/RUNS/BY2_V0E/HEADING_TABLE.csv""]","[""<CLEAN_ROOT>/stages/CLEAN9_EXTERNAL_COMPARISON/HX07R/RUNS/BY2_V0E/eval/EVALUATOR_STRACE_AUDIT.json"", ""<CLEAN_ROOT>/stages/CLEAN9_EXTERNAL_COMPARISON/HX07R/RUNS/BY2_V0E/eval/OUTPUT/HEADING_METRICS.json""]",[],FULL_RECORD_READ,ARCHIVED_DIRECTORY_PRESENT,,,"Directory token 4 is original start_mode, not case_id; NATURAL_C00 labels this natural full-window run. native_classification=unknown; runner_terminal_status=unknown. Original metadata values preserved in source_values_json."
HX07R-67690062f6a269974bbd,HX07R,EVALUATION_RECORD,RTKLIB,unknown,unknown,BY2,NATURAL,V0convbin,unknown,unknown,unknown,unknown,<CLEAN_ROOT>/stages/CLEAN9_EXTERNAL_COMPARISON/HX07R/RUNS/BY2_V0convbin/eval/EVALUATOR_STRACE_AUDIT.json,#,"{""argv"":[""/usr/bin/python3"",""-m"",""legsa_gins.paper_rebuild.hext.hx02_heading_evaluation"",""--spec"",""<CLEAN_ROOT>/stages/CLEAN9_EXTERNAL_COMPARISON/HX07R/RUNS/BY2_V0convbin/eval/SPEC.json""],""environment"":{""GIT_OPTIONAL_LOCKS"":""0"",""MKL_NUM_THREADS"":""1"",""MPLBACKEND"":""Agg"",""MPLCONFIGDIR"":""<CLEAN_ROOT>/stages/CLEAN9_EXTERNAL_COMPARISON/HX07R/RUNS/BY2_V0convbin/eval/OUTPUT/.matplotlib"",""NUMEXPR_NUM_THREADS"":""1"",""OMP_NUM_THREADS"":""1"",""OPENBLAS_NUM_THREADS"":""1"",""PYTHONDONTWRITEBYTECODE"":""1"",""PYTHONPATH"":""<AUDIT_SOURCE_WORKTREE>/src"",""XDG_CACHE_HOME"":""<CLEAN_ROOT>/stages/CLEAN9_EXTERNAL_COMPARISON/HX07R/RUNS/BY2_V0convbin/eval/OUTPUT/.cache""},""execve_programs"":[""/usr/bin/python3""],""exit_code"":""0"",""failures"":[],""kind"":""HEADING"",""module"":""legsa_gins.paper_rebuild.hext.hx02_heading_evaluation"",""passed"":true,""raw_open_count"":""1"",""runtime_seconds"":""0.48475886899905163"",""spec_sha256"":""d31f82acc2eb71b5832d04ae36190a1d4a4381e3eccb306b5eb9eaa0a97dd44f"",""strace_sha256"":""dbbd7c8ebdbfbddca5ef94cb6a07285f603e64e29469360dce833d9eed24c599"",""trace_open_count"":""1"",""trace_open_records"":[{""anonymous_pipe"":false,""flags"":""O_RDONLY|O_CLOEXEC"",""lexical_path"":""<RAW_ROOT>/BY2_BY3/2026-03-06/fixption数据/2026.3.6/by2/vrtk2_a87c6e_2026-03-06-08-00-54_minimal/trace_vrtk2_a87c6e_2026-03-06-08-00-54_minimal.csv"",""path"":""<RAW_ROOT>/BY2_BY3/2026-03-06/fixption数据/2026.3.6/by2/vrtk2_a87c6e_2026-03-06-08-00-54_minimal/trace_vrtk2_a87c6e_2026-03-06-08-00-54_minimal.csv"",""pid"":""10604"",""return_code"":""3""}],""trace_read_role"":""registered_evaluator_child_only"",""write_scope"":{""allowed_anonymous_pipe_write_count"":""0"",""allowed_anonymous_pipe_write_records"":[],""allowed_device_write_count"":""0"",""allowed_device_write_records"":[],""clean_root_outside_run_write_count"":""0"",""outside_run_write_open_count"":""0"",""outside_run_write_open_records"":[],""pass"":true,""raw_write_open_count"":""0"",""write_open_count"":""2"",""write_open_records"":[{""anonymous_pipe"":false,""flags"":""O_WRONLY|O_CREAT|O_EXCL|O_CLOEXEC"",""lexical_path"":""<CLEAN_ROOT>/stages/CLEAN9_EXTERNAL_COMPARISON/HX07R/RUNS/BY2_V0convbin/eval/OUTPUT/HEADING_ERROR_SERIES_RTKLIB.csv"",""path"":""<CLEAN_ROOT>/stages/CLEAN9_EXTERNAL_COMPARISON/HX07R/RUNS/BY2_V0convbin/eval/OUTPUT/HEADING_ERROR_SERIES_RTKLIB.csv"",""pid"":""10604"",""return_code"":""3""},{""anonymous_pipe"":false,""flags"":""O_WRONLY|O_CREAT|O_EXCL|O_CLOEXEC"",""lexical_path"":""<CLEAN_ROOT>/stages/CLEAN9_EXTERNAL_COMPARISON/HX07R/RUNS/BY2_V0convbin/eval/OUTPUT/HEADING_METRICS.json"",""path"":""<CLEAN_ROOT>/stages/CLEAN9_EXTERNAL_COMPARISON/HX07R/RUNS/BY2_V0convbin/eval/OUTPUT/HEADING_METRICS.json"",""pid"":""10604"",""return_code"":""3""}],""write_outside_run_count"":""0"",""write_scope_exceptions"":[""/dev/null"",""/dev/pts/*"",""kernel-identified anonymous pipe""]}}",[],[],[],FULL_RECORD_READ,PRESENT_READ,,,First-delivery subset. Source values preserved; path aliases only. No payload-body read.
HX07R-9ad11a3c2e103f3c23fa,HX07R,EVALUATION_RECORD,RTKLIB,unknown,unknown,BY2,NATURAL,V0convbin,unknown,unknown,unknown,unknown,<CLEAN_ROOT>/stages/CLEAN9_EXTERNAL_COMPARISON/HX07R/RUNS/BY2_V0convbin/eval/OUTPUT/HEADING_METRICS.json,#,"{""method_id"":""RTKLIB"",""schema"":""hx02.heading_evaluation.v1"",""sequence_id"":""BY2"",""trace_open_count_in_child"":""1"",""trace_sha256_observed"":""ee3ee42dea3ada196dfdbcc78fd07524f91b4ce4fb94d9d6482a3e7d4b34aa4c"",""variants"":{""RTKLIB"":{""availability"":""0.1145985401459854"",""base_time"":""1772784000.0"",""denominator_native_paired_epochs_in_window"":""1370"",""error_convention"":""wrap180(method_body_yaw_ned - reference_body_yaw_ned)"",""heading_table_sha256"":""b5f1e4a4d2c4096e21aecf030fbc09fceb103040f2f108c0f405b52a3abf2634"",""hold_last_valid"":{""circular_bias_deg"":""12.506108749534064"",""count"":""1365"",""held_epochs_in_window"":""1365"",""held_epochs_without_reference_support"":""0"",""hold_source"":""CAUSAL_LAST_METHOD_NATIVE_VALID_EPOCH_FROM_NATIVE_START"",""mae_deg"":""38.06963395030273"",""max_absolute_deg"":""179.91104171714738"",""no_heading_epochs_before_first_valid"":""5"",""p95_absolute_deg"":""126.59064121022475"",""rmse_deg"":""58.96811193411137""},""method_id"":""RTKLIB"",""q1_fixed"":{""count"":""157"",""errors"":{""circular_bias_deg"":""-0.9778135949418356"",""count"":""157"",""mae_deg"":""3.890410906440448"",""max_absolute_deg"":""124.72569695188295"",""p95_absolute_deg"":""6.629350509344783"",""rmse_deg"":""14.361272071540819""},""rate"":""0.1145985401459854""},""q2_float"":{""count"":""411"",""errors"":{""circular_bias_deg"":""-42.00818080643779"",""count"":""411"",""mae_deg"":""70.41493837451897"",""max_absolute_deg"":""179.69050709964563"",""p95_absolute_deg"":""173.1844363034318"",""rmse_deg"":""91.01709031912986""},""rate"":""0.3""},""reference_semantics"":""wrap360(90-interp(unwrap(yaw_ENU))) inside trace support; no extrapolation"",""schema"":""hx02.heading_evaluation.v1"",""valid"":{""circular_bias_deg"":""-0.9778135949418356"",""count"":""157"",""mae_deg"":""3.890410906440448"",""max_absolute_deg"":""124.72569695188295"",""p95_absolute_deg"":""6.629350509344783"",""rmse_deg"":""14.361272071540819"",""wrapsafe"":{""circular_wrapsafe_bias_deg"":""-0.9778135949418356"",""continuity_definition"":""segments split when accepted original epoch indices are nonconsecutive"",""longest_segment_epochs"":""26"",""mae_deg"":""3.890410906440448"",""matched_count"":""157"",""max_absolute_deg"":""124.72569695188295"",""maximum_gap_seconds"":""40.799999952316284"",""median_absolute_deg"":""2.007752728372566"",""p90_absolute_deg"":""4.466963128057844"",""p95_absolute_deg"":""6.629350509344783"",""p99_absolute_deg"":""63.11627624193059"",""rmse_deg"":""14.361272071540819"",""segment_count"":""40"",""valid_count"":""157"",""valid_coverage"":""0.1145985401459854"",""valid_denominator"":""1370"",""wrapsafe_bias_deg"":""-1.9387514866093454""}},""valid_epochs_in_window"":""157"",""valid_epochs_without_reference_support"":""0"",""valid_segments"":{""definition"":""segments split when accepted original epoch indices are nonconsecutive"",""longest_segment_epochs"":""26"",""maximum_gap_seconds"":""40.799999952316284"",""segment_count"":""40""},""window_seconds"":[""66.0"",""340.0""]}}}",[],[],[],FULL_RECORD_READ,PRESENT_READ,,,First-delivery subset. Source values preserved; path aliases only. No payload-body read.
HX07R-ee7b0e9cc830de71f25f,HX07R,RUN_IDENTITY,RTKLIB,unknown,unknown,BY2,NATURAL,V0convbin,unknown,unknown,NO_NEW_NATIVE_COMMAND_RECORDED,EVALUATION_RECORDS_PRESENT,<CLEAN_ROOT>/stages/CLEAN9_EXTERNAL_COMPARISON/HX07R/RUNS/BY2_V0convbin,run_id=BY2_V0convbin,{},[],"[""<CLEAN_ROOT>/stages/CLEAN9_EXTERNAL_COMPARISON/HX07R/RUNS/BY2_V0convbin/eval/EVALUATOR_STRACE_AUDIT.json"", ""<CLEAN_ROOT>/stages/CLEAN9_EXTERNAL_COMPARISON/HX07R/RUNS/BY2_V0convbin/eval/OUTPUT/HEADING_METRICS.json""]",[],FULL_RECORD_READ,ARCHIVED_DIRECTORY_PRESENT,,,"Directory token 4 is original start_mode, not case_id; NATURAL_C00 labels this natural full-window run. native_classification=unknown; runner_terminal_status=unknown. Original metadata values preserved in source_values_json."
HX07R-dbe8004ada12dcc3ede7,HX07R,EVALUATION_RECORD,RTKLIB,unknown,unknown,BY2,NATURAL,V1,unknown,unknown,unknown,unknown,<CLEAN_ROOT>/stages/CLEAN9_EXTERNAL_COMPARISON/HX07R/RUNS/BY2_V1/eval/EVALUATOR_STRACE_AUDIT.json,#,"{""argv"":[""/usr/bin/python3"",""-m"",""legsa_gins.paper_rebuild.hext.hx02_heading_evaluation"",""--spec"",""<CLEAN_ROOT>/stages/CLEAN9_EXTERNAL_COMPARISON/HX07R/RUNS/BY2_V1/eval/SPEC.json""],""environment"":{""GIT_OPTIONAL_LOCKS"":""0"",""MKL_NUM_THREADS"":""1"",""MPLBACKEND"":""Agg"",""MPLCONFIGDIR"":""<CLEAN_ROOT>/stages/CLEAN9_EXTERNAL_COMPARISON/HX07R/RUNS/BY2_V1/eval/OUTPUT/.matplotlib"",""NUMEXPR_NUM_THREADS"":""1"",""OMP_NUM_THREADS"":""1"",""OPENBLAS_NUM_THREADS"":""1"",""PYTHONDONTWRITEBYTECODE"":""1"",""PYTHONPATH"":""<AUDIT_SOURCE_WORKTREE>/src"",""XDG_CACHE_HOME"":""<CLEAN_ROOT>/stages/CLEAN9_EXTERNAL_COMPARISON/HX07R/RUNS/BY2_V1/eval/OUTPUT/.cache""},""execve_programs"":[""/usr/bin/python3""],""exit_code"":""0"",""failures"":[],""kind"":""HEADING"",""module"":""legsa_gins.paper_rebuild.hext.hx02_heading_evaluation"",""passed"":true,""raw_open_count"":""1"",""runtime_seconds"":""0.4634383960001287"",""spec_sha256"":""a52e0b87d336e2d40c837126397647f0f62802b54f07269cd418e58f015195d6"",""strace_sha256"":""1e6265cc5560622b342cdb0421451400bf485ab6393ff447df393a85f644da08"",""trace_open_count"":""1"",""trace_open_records"":[{""anonymous_pipe"":false,""flags"":""O_RDONLY|O_CLOEXEC"",""lexical_path"":""<RAW_ROOT>/BY2_BY3/2026-03-06/fixption数据/2026.3.6/by2/vrtk2_a87c6e_2026-03-06-08-00-54_minimal/trace_vrtk2_a87c6e_2026-03-06-08-00-54_minimal.csv"",""path"":""<RAW_ROOT>/BY2_BY3/2026-03-06/fixption数据/2026.3.6/by2/vrtk2_a87c6e_2026-03-06-08-00-54_minimal/trace_vrtk2_a87c6e_2026-03-06-08-00-54_minimal.csv"",""pid"":""10559"",""return_code"":""3""}],""trace_read_role"":""registered_evaluator_child_only"",""write_scope"":{""allowed_anonymous_pipe_write_count"":""0"",""allowed_anonymous_pipe_write_records"":[],""allowed_device_write_count"":""0"",""allowed_device_write_records"":[],""clean_root_outside_run_write_count"":""0"",""outside_run_write_open_count"":""0"",""outside_run_write_open_records"":[],""pass"":true,""raw_write_open_count"":""0"",""write_open_count"":""2"",""write_open_records"":[{""anonymous_pipe"":false,""flags"":""O_WRONLY|O_CREAT|O_EXCL|O_CLOEXEC"",""lexical_path"":""<CLEAN_ROOT>/stages/CLEAN9_EXTERNAL_COMPARISON/HX07R/RUNS/BY2_V1/eval/OUTPUT/HEADING_ERROR_SERIES_RTKLIB.csv"",""path"":""<CLEAN_ROOT>/stages/CLEAN9_EXTERNAL_COMPARISON/HX07R/RUNS/BY2_V1/eval/OUTPUT/HEADING_ERROR_SERIES_RTKLIB.csv"",""pid"":""10559"",""return_code"":""3""},{""anonymous_pipe"":false,""flags"":""O_WRONLY|O_CREAT|O_EXCL|O_CLOEXEC"",""lexical_path"":""<CLEAN_ROOT>/stages/CLEAN9_EXTERNAL_COMPARISON/HX07R/RUNS/BY2_V1/eval/OUTPUT/HEADING_METRICS.json"",""path"":""<CLEAN_ROOT>/stages/CLEAN9_EXTERNAL_COMPARISON/HX07R/RUNS/BY2_V1/eval/OUTPUT/HEADING_METRICS.json"",""pid"":""10559"",""return_code"":""3""}],""write_outside_run_count"":""0"",""write_scope_exceptions"":[""/dev/null"",""/dev/pts/*"",""kernel-identified anonymous pipe""]}}",[],[],[],FULL_RECORD_READ,PRESENT_READ,,,First-delivery subset. Source values preserved; path aliases only. No payload-body read.
HX07R-26a369be3dbbb2bd2419,HX07R,EVALUATION_RECORD,RTKLIB,unknown,unknown,BY2,NATURAL,V1,unknown,unknown,unknown,unknown,<CLEAN_ROOT>/stages/CLEAN9_EXTERNAL_COMPARISON/HX07R/RUNS/BY2_V1/eval/OUTPUT/HEADING_METRICS.json,#,"{""method_id"":""RTKLIB"",""schema"":""hx02.heading_evaluation.v1"",""sequence_id"":""BY2"",""trace_open_count_in_child"":""1"",""trace_sha256_observed"":""ee3ee42dea3ada196dfdbcc78fd07524f91b4ce4fb94d9d6482a3e7d4b34aa4c"",""variants"":{""RTKLIB"":{""availability"":""0.11240875912408758"",""base_time"":""1772784000.0"",""denominator_native_paired_epochs_in_window"":""1370"",""error_convention"":""wrap180(method_body_yaw_ned - reference_body_yaw_ned)"",""heading_table_sha256"":""7285002f3562e582b1a7c7306254dd3e074e4442ab1da063a0da394ac4844693"",""hold_last_valid"":{""circular_bias_deg"":""9.438762453380292"",""count"":""1370"",""held_epochs_in_window"":""1370"",""held_epochs_without_reference_support"":""0"",""hold_source"":""CAUSAL_LAST_METHOD_NATIVE_VALID_EPOCH_FROM_NATIVE_START"",""mae_deg"":""32.08713237287948"",""max_absolute_deg"":""179.8744619644164"",""no_heading_epochs_before_first_valid"":""0"",""p95_absolute_deg"":""159.93049868304757"",""rmse_deg"":""57.336597334463875""},""method_id"":""RTKLIB"",""q1_fixed"":{""count"":""154"",""errors"":{""circular_bias_deg"":""-0.35436227943932863"",""count"":""154"",""mae_deg"":""3.3913914403844645"",""max_absolute_deg"":""177.8263274988572"",""p95_absolute_deg"":""6.191313076988857"",""rmse_deg"":""14.611254467126965""},""rate"":""0.11240875912408758""},""q2_float"":{""count"":""681"",""errors"":{""circular_bias_deg"":""-4.614934512398463"",""count"":""681"",""mae_deg"":""48.26259264775558"",""max_absolute_deg"":""179.53918362682958"",""p95_absolute_deg"":""154.9844493255302"",""rmse_deg"":""68.61605428793297""},""rate"":""0.49708029197080295""},""reference_semantics"":""wrap360(90-interp(unwrap(yaw_ENU))) inside trace support; no extrapolation"",""schema"":""hx02.heading_evaluation.v1"",""valid"":{""circular_bias_deg"":""-0.35436227943932863"",""count"":""154"",""mae_deg"":""3.3913914403844645"",""max_absolute_deg"":""177.8263274988572"",""p95_absolute_deg"":""6.191313076988857"",""rmse_deg"":""14.611254467126965"",""wrapsafe"":{""circular_wrapsafe_bias_deg"":""-0.35436227943932863"",""continuity_definition"":""segments split when accepted original epoch indices are nonconsecutive"",""longest_segment_epochs"":""24"",""mae_deg"":""3.3913914403844645"",""matched_count"":""154"",""max_absolute_deg"":""177.8263274988572"",""maximum_gap_seconds"":""53.799999952316284"",""median_absolute_deg"":""1.969065992660461"",""p90_absolute_deg"":""4.745518692386201"",""p95_absolute_deg"":""6.191313076988857"",""p99_absolute_deg"":""7.89936322636473"",""rmse_deg"":""14.611254467126965"",""segment_count"":""50"",""valid_count"":""154"",""valid_coverage"":""0.11240875912408758"",""valid_denominator"":""1370"",""wrapsafe_bias_deg"":""0.7908633296370019""}},""valid_epochs_in_window"":""154"",""valid_epochs_without_reference_support"":""0"",""valid_segments"":{""definition"":""segments split when accepted original epoch indices are nonconsecutive"",""longest_segment_epochs"":""24"",""maximum_gap_seconds"":""53.799999952316284"",""segment_count"":""50""},""window_seconds"":[""66.0"",""340.0""]}}}",[],[],[],FULL_RECORD_READ,PRESENT_READ,,,First-delivery subset. Source values preserved; path aliases only. No payload-body read.
HX07R-93664d9a0ae96d5e2fc0,HX07R,RUN_IDENTITY,RTKLIB,unknown,unknown,BY2,NATURAL,V1,unknown,unknown,FINISHED,EVALUATION_RECORDS_PRESENT,<CLEAN_ROOT>/stages/CLEAN9_EXTERNAL_COMPARISON/HX07R/RUNS/BY2_V1,run_id=BY2_V1,"{""COMMAND.json"":{""argv"":[""<HX02_EXTERNAL_ROOT>/RTKLIB/app/consapp/rnx2rtkp/gcc/rnx2rtkp"",""-k"",""<CLEAN_ROOT>/stages/CLEAN9_EXTERNAL_COMPARISON/HX07/CONFIGS/V1.conf"",""-o"",""<CLEAN_ROOT>/stages/CLEAN9_EXTERNAL_COMPARISON/HX07R/RUNS/BY2_V1/solution.pos"",""-y"",""2"",""<CLEAN_ROOT>/stages/CLEAN9_EXTERNAL_COMPARISON/HX02_FIVE_CATEGORY/RUNS/BY2__RTKLIB__NONE__C00__NA/native/SOURCE_BACKEND/gnss2.obs"",""<CLEAN_ROOT>/stages/CLEAN9_EXTERNAL_COMPARISON/HX02_FIVE_CATEGORY/RUNS/BY2__RTKLIB__NONE__C00__NA/native/SOURCE_BACKEND/gnss1.obs"",""<CLEAN_ROOT>/stages/CLEAN9_EXTERNAL_COMPARISON/HX07/00_INPUTS/BRDC00WRD_R_20260650000_01D_MN.rnx""],""data_mode"":""recorded_raw_gnss"",""end"":""2026-09-27T13:29:23.806312+00:00"",""input_sha256"":{""<CLEAN_ROOT>/stages/CLEAN9_EXTERNAL_COMPARISON/HX02_FIVE_CATEGORY/RUNS/BY2__RTKLIB__NONE__C00__NA/native/SOURCE_BACKEND/gnss1.obs"":""f3bb057c79aeb967a82123e9840b5173a97d80842f336c30f17853b0bd10be5b"",""<CLEAN_ROOT>/stages/CLEAN9_EXTERNAL_COMPARISON/HX02_FIVE_CATEGORY/RUNS/BY2__RTKLIB__NONE__C00__NA/native/SOURCE_BACKEND/gnss2.obs"":""11a77bb45cbf7461f02bfec3d48cdace38525f54cfd4b2af1306903c2b8dab2e"",""<CLEAN_ROOT>/stages/CLEAN9_EXTERNAL_COMPARISON/HX07/00_INPUTS/BRDC00WRD_R_20260650000_01D_MN.rnx"":""8d5222d82ea957d96a6d4bbe318a6f384532ed4a22016c92be84d78a3dac11cc"",""<CLEAN_ROOT>/stages/CLEAN9_EXTERNAL_COMPARISON/HX07/CONFIGS/V1.conf"":""2f4fdf524f87b6f72906cac65a12c37cf4b26ff8f37a995a26eaf298f886100f"",""<RTKLIB>/app/consapp/rnx2rtkp/gcc/rnx2rtkp"":""3a0ad1c55435b45e1f83b2e713a0b0fb837a5f0a118d76ead3df1f9e3e531eda""},""original_argv"":[""<HX02_EXTERNAL_ROOT>/RTKLIB/app/consapp/rnx2rtkp/gcc/rnx2rtkp"",""-k"",""<HX02_SCRATCH>/RUNS/BY2__RTKLIB__NONE__C00__NA/native/RTKLIB_UNMODIFIED_MOVING_BASE.conf"",""-o"",""<HX02_SCRATCH>/RUNS/BY2__RTKLIB__NONE__C00__NA/native/RTKLIB_UNMODIFIED_MOVING_BASE.pos"",""<HX02_SCRATCH>/RUNS/BY2__RTKLIB__NONE__C00__NA/native/SOURCE_BACKEND/gnss2.obs"",""<HX02_SCRATCH>/RUNS/BY2__RTKLIB__NONE__C00__NA/native/SOURCE_BACKEND/gnss1.obs"",""<HX02_SCRATCH>/RUNS/BY2__RTKLIB__NONE__C00__NA/native/SOURCE_BACKEND/gnss1.nav"",""<HX02_SCRATCH>/RUNS/BY2__RTKLIB__NONE__C00__NA/native/SOURCE_BACKEND/gnss2.nav""],""returncode"":""0"",""semisynthetic_data_used"":false,""sequence"":""BY2"",""start"":""2026-09-27T13:29:14.565007+00:00"",""status"":""FINISHED"",""synthetic_data_used"":false,""thread_environment"":{""BLIS_NUM_THREADS"":""1"",""MKL_NUM_THREADS"":""1"",""NUMEXPR_NUM_THREADS"":""1"",""OMP_NUM_THREADS"":""1"",""OPENBLAS_NUM_THREADS"":""1"",""VECLIB_MAXIMUM_THREADS"":""1""},""variant"":""V1""},""ASSOCIATION_SUMMARY.json"":{""association_status_counts"":{""ASSOCIATED_UNIQUE_NEAREST_SAME_WEEK"":""957""},""heading_table_sha256"":""7285002f3562e582b1a7c7306254dd3e074e4442ab1da063a0da394ac4844693"",""pos_rows"":""957"",""q_counts"":{""1"":""186"",""2"":""771""},""selected_pairs"":""1509"",""valid_q1_rows"":""186"",""window_paired"":""1370"",""window_q1"":""154"",""window_q_counts"":{""-1"":""535"",""1"":""154"",""2"":""681"",""5"":""0""}}}","[""<CLEAN_ROOT>/stages/CLEAN9_EXTERNAL_COMPARISON/HX07R/RUNS/BY2_V1/solution.pos"", ""<CLEAN_ROOT>/stages/CLEAN9_EXTERNAL_COMPARISON/HX07R/RUNS/BY2_V1/HEADING_TABLE.csv""]","[""<CLEAN_ROOT>/stages/CLEAN9_EXTERNAL_COMPARISON/HX07R/RUNS/BY2_V1/eval/EVALUATOR_STRACE_AUDIT.json"", ""<CLEAN_ROOT>/stages/CLEAN9_EXTERNAL_COMPARISON/HX07R/RUNS/BY2_V1/eval/OUTPUT/HEADING_METRICS.json""]",[],FULL_RECORD_READ,ARCHIVED_DIRECTORY_PRESENT,,,"Directory token 4 is original start_mode, not case_id; NATURAL_C00 labels this natural full-window run. native_classification=unknown; runner_terminal_status=unknown. Original metadata values preserved in source_values_json."
HX07R-3d58b028fe0cd09f2cb8,HX07R,EVALUATION_RECORD,RTKLIB,unknown,unknown,BY2,NATURAL,V2,unknown,unknown,unknown,unknown,<CLEAN_ROOT>/stages/CLEAN9_EXTERNAL_COMPARISON/HX07R/RUNS/BY2_V2/eval/EVALUATOR_STRACE_AUDIT.json,#,"{""argv"":[""/usr/bin/python3"",""-m"",""legsa_gins.paper_rebuild.hext.hx02_heading_evaluation"",""--spec"",""<CLEAN_ROOT>/stages/CLEAN9_EXTERNAL_COMPARISON/HX07R/RUNS/BY2_V2/eval/SPEC.json""],""environment"":{""GIT_OPTIONAL_LOCKS"":""0"",""MKL_NUM_THREADS"":""1"",""MPLBACKEND"":""Agg"",""MPLCONFIGDIR"":""<CLEAN_ROOT>/stages/CLEAN9_EXTERNAL_COMPARISON/HX07R/RUNS/BY2_V2/eval/OUTPUT/.matplotlib"",""NUMEXPR_NUM_THREADS"":""1"",""OMP_NUM_THREADS"":""1"",""OPENBLAS_NUM_THREADS"":""1"",""PYTHONDONTWRITEBYTECODE"":""1"",""PYTHONPATH"":""<AUDIT_SOURCE_WORKTREE>/src"",""XDG_CACHE_HOME"":""<CLEAN_ROOT>/stages/CLEAN9_EXTERNAL_COMPARISON/HX07R/RUNS/BY2_V2/eval/OUTPUT/.cache""},""execve_programs"":[""/usr/bin/python3""],""exit_code"":""0"",""failures"":[],""kind"":""HEADING"",""module"":""legsa_gins.paper_rebuild.hext.hx02_heading_evaluation"",""passed"":true,""raw_open_count"":""1"",""runtime_seconds"":""0.47485424499973306"",""spec_sha256"":""b63963d3db7627ba52dc63c9a1c7654aefed278727e6a9dc5bb0d18cf6c26246"",""strace_sha256"":""1c2c87f2bc45494ef0a18a30a8d1c77155fa5bf4239dfee5ad0fc042f9038012"",""trace_open_count"":""1"",""trace_open_records"":[{""anonymous_pipe"":false,""flags"":""O_RDONLY|O_CLOEXEC"",""lexical_path"":""<RAW_ROOT>/BY2_BY3/2026-03-06/fixption数据/2026.3.6/by2/vrtk2_a87c6e_2026-03-06-08-00-54_minimal/trace_vrtk2_a87c6e_2026-03-06-08-00-54_minimal.csv"",""path"":""<RAW_ROOT>/BY2_BY3/2026-03-06/fixption数据/2026.3.6/by2/vrtk2_a87c6e_2026-03-06-08-00-54_minimal/trace_vrtk2_a87c6e_2026-03-06-08-00-54_minimal.csv"",""pid"":""10584"",""return_code"":""3""}],""trace_read_role"":""registered_evaluator_child_only"",""write_scope"":{""allowed_anonymous_pipe_write_count"":""0"",""allowed_anonymous_pipe_write_records"":[],""allowed_device_write_count"":""0"",""allowed_device_write_records"":[],""clean_root_outside_run_write_count"":""0"",""outside_run_write_open_count"":""0"",""outside_run_write_open_records"":[],""pass"":true,""raw_write_open_count"":""0"",""write_open_count"":""2"",""write_open_records"":[{""anonymous_pipe"":false,""flags"":""O_WRONLY|O_CREAT|O_EXCL|O_CLOEXEC"",""lexical_path"":""<CLEAN_ROOT>/stages/CLEAN9_EXTERNAL_COMPARISON/HX07R/RUNS/BY2_V2/eval/OUTPUT/HEADING_ERROR_SERIES_RTKLIB.csv"",""path"":""<CLEAN_ROOT>/stages/CLEAN9_EXTERNAL_COMPARISON/HX07R/RUNS/BY2_V2/eval/OUTPUT/HEADING_ERROR_SERIES_RTKLIB.csv"",""pid"":""10584"",""return_code"":""3""},{""anonymous_pipe"":false,""flags"":""O_WRONLY|O_CREAT|O_EXCL|O_CLOEXEC"",""lexical_path"":""<CLEAN_ROOT>/stages/CLEAN9_EXTERNAL_COMPARISON/HX07R/RUNS/BY2_V2/eval/OUTPUT/HEADING_METRICS.json"",""path"":""<CLEAN_ROOT>/stages/CLEAN9_EXTERNAL_COMPARISON/HX07R/RUNS/BY2_V2/eval/OUTPUT/HEADING_METRICS.json"",""pid"":""10584"",""return_code"":""3""}],""write_outside_run_count"":""0"",""write_scope_exceptions"":[""/dev/null"",""/dev/pts/*"",""kernel-identified anonymous pipe""]}}",[],[],[],FULL_RECORD_READ,PRESENT_READ,,,First-delivery subset. Source values preserved; path aliases only. No payload-body read.
HX07R-926270328ffd652f7f8d,HX07R,EVALUATION_RECORD,RTKLIB,unknown,unknown,BY2,NATURAL,V2,unknown,unknown,unknown,unknown,<CLEAN_ROOT>/stages/CLEAN9_EXTERNAL_COMPARISON/HX07R/RUNS/BY2_V2/eval/OUTPUT/HEADING_METRICS.json,#,"{""method_id"":""RTKLIB"",""schema"":""hx02.heading_evaluation.v1"",""sequence_id"":""BY2"",""trace_open_count_in_child"":""1"",""trace_sha256_observed"":""ee3ee42dea3ada196dfdbcc78fd07524f91b4ce4fb94d9d6482a3e7d4b34aa4c"",""variants"":{""RTKLIB"":{""availability"":""0.043795620437956206"",""base_time"":""1772784000.0"",""denominator_native_paired_epochs_in_window"":""1370"",""error_convention"":""wrap180(method_body_yaw_ned - reference_body_yaw_ned)"",""heading_table_sha256"":""396672736963d2ef8eb4f041b01154d8923136f85a974ecc82309719c3b707bc"",""hold_last_valid"":{""circular_bias_deg"":""-1.2629753721885209"",""count"":""1370"",""held_epochs_in_window"":""1370"",""held_epochs_without_reference_support"":""0"",""hold_source"":""CAUSAL_LAST_METHOD_NATIVE_VALID_EPOCH_FROM_NATIVE_START"",""mae_deg"":""18.632874685929956"",""max_absolute_deg"":""95.15367207434127"",""no_heading_epochs_before_first_valid"":""0"",""p95_absolute_deg"":""83.03474725104529"",""rmse_deg"":""32.368884900817754""},""method_id"":""RTKLIB"",""q1_fixed"":{""count"":""60"",""errors"":{""circular_bias_deg"":""-1.9221894285346934"",""count"":""60"",""mae_deg"":""2.352427435147374"",""max_absolute_deg"":""21.03182156016237"",""p95_absolute_deg"":""12.074530991797781"",""rmse_deg"":""4.511760777149032""},""rate"":""0.043795620437956206""},""q2_float"":{""count"":""775"",""errors"":{""circular_bias_deg"":""-13.918534783530504"",""count"":""775"",""mae_deg"":""31.00117299165092"",""max_absolute_deg"":""177.9663158813916"",""p95_absolute_deg"":""96.45033132012726"",""rmse_deg"":""43.46584485071192""},""rate"":""0.5656934306569343""},""reference_semantics"":""wrap360(90-interp(unwrap(yaw_ENU))) inside trace support; no extrapolation"",""schema"":""hx02.heading_evaluation.v1"",""valid"":{""circular_bias_deg"":""-1.9221894285346934"",""count"":""60"",""mae_deg"":""2.352427435147374"",""max_absolute_deg"":""21.03182156016237"",""p95_absolute_deg"":""12.074530991797781"",""rmse_deg"":""4.511760777149032"",""wrapsafe"":{""circular_wrapsafe_bias_deg"":""-1.9221894285346934"",""continuity_definition"":""segments split when accepted original epoch indices are nonconsecutive"",""longest_segment_epochs"":""12"",""mae_deg"":""2.352427435147374"",""matched_count"":""60"",""max_absolute_deg"":""21.03182156016237"",""maximum_gap_seconds"":""105.0"",""median_absolute_deg"":""1.0980417421114907"",""p90_absolute_deg"":""4.307849111881036"",""p95_absolute_deg"":""12.074530991797781"",""p99_absolute_deg"":""17.624544165725794"",""rmse_deg"":""4.511760777149032"",""segment_count"":""24"",""valid_count"":""60"",""valid_coverage"":""0.043795620437956206"",""valid_denominator"":""1370"",""wrapsafe_bias_deg"":""-1.9317659675310916""}},""valid_epochs_in_window"":""60"",""valid_epochs_without_reference_support"":""0"",""valid_segments"":{""definition"":""segments split when accepted original epoch indices are nonconsecutive"",""longest_segment_epochs"":""12"",""maximum_gap_seconds"":""105.0"",""segment_count"":""24""},""window_seconds"":[""66.0"",""340.0""]}}}",[],[],[],FULL_RECORD_READ,PRESENT_READ,,,First-delivery subset. Source values preserved; path aliases only. No payload-body read.
HX07R-4cae76538ce17a2a9d7d,HX07R,RUN_IDENTITY,RTKLIB,unknown,unknown,BY2,NATURAL,V2,unknown,unknown,FINISHED,EVALUATION_RECORDS_PRESENT,<CLEAN_ROOT>/stages/CLEAN9_EXTERNAL_COMPARISON/HX07R/RUNS/BY2_V2,run_id=BY2_V2,"{""COMMAND.json"":{""argv"":[""<HX02_EXTERNAL_ROOT>/RTKLIB/app/consapp/rnx2rtkp/gcc/rnx2rtkp"",""-k"",""<CLEAN_ROOT>/stages/CLEAN9_EXTERNAL_COMPARISON/HX07/CONFIGS/V2.conf"",""-o"",""<CLEAN_ROOT>/stages/CLEAN9_EXTERNAL_COMPARISON/HX07R/RUNS/BY2_V2/solution.pos"",""-y"",""2"",""<CLEAN_ROOT>/stages/CLEAN9_EXTERNAL_COMPARISON/HX02_FIVE_CATEGORY/RUNS/BY2__RTKLIB__NONE__C00__NA/native/SOURCE_BACKEND/gnss2.obs"",""<CLEAN_ROOT>/stages/CLEAN9_EXTERNAL_COMPARISON/HX02_FIVE_CATEGORY/RUNS/BY2__RTKLIB__NONE__C00__NA/native/SOURCE_BACKEND/gnss1.obs"",""<CLEAN_ROOT>/stages/CLEAN9_EXTERNAL_COMPARISON/HX07/00_INPUTS/BRDC00WRD_R_20260650000_01D_MN.rnx""],""data_mode"":""recorded_raw_gnss"",""end"":""2026-09-27T13:29:57.663619+00:00"",""input_sha256"":{""<CLEAN_ROOT>/stages/CLEAN9_EXTERNAL_COMPARISON/HX02_FIVE_CATEGORY/RUNS/BY2__RTKLIB__NONE__C00__NA/native/SOURCE_BACKEND/gnss1.obs"":""f3bb057c79aeb967a82123e9840b5173a97d80842f336c30f17853b0bd10be5b"",""<CLEAN_ROOT>/stages/CLEAN9_EXTERNAL_COMPARISON/HX02_FIVE_CATEGORY/RUNS/BY2__RTKLIB__NONE__C00__NA/native/SOURCE_BACKEND/gnss2.obs"":""11a77bb45cbf7461f02bfec3d48cdace38525f54cfd4b2af1306903c2b8dab2e"",""<CLEAN_ROOT>/stages/CLEAN9_EXTERNAL_COMPARISON/HX07/00_INPUTS/BRDC00WRD_R_20260650000_01D_MN.rnx"":""8d5222d82ea957d96a6d4bbe318a6f384532ed4a22016c92be84d78a3dac11cc"",""<CLEAN_ROOT>/stages/CLEAN9_EXTERNAL_COMPARISON/HX07/CONFIGS/V2.conf"":""3f55e8ff20318a674a3acfa6d52c7b756072c5e6b057d90db2cfb384a864ed78"",""<RTKLIB>/app/consapp/rnx2rtkp/gcc/rnx2rtkp"":""3a0ad1c55435b45e1f83b2e713a0b0fb837a5f0a118d76ead3df1f9e3e531eda""},""original_argv"":[""<HX02_EXTERNAL_ROOT>/RTKLIB/app/consapp/rnx2rtkp/gcc/rnx2rtkp"",""-k"",""<HX02_SCRATCH>/RUNS/BY2__RTKLIB__NONE__C00__NA/native/RTKLIB_UNMODIFIED_MOVING_BASE.conf"",""-o"",""<HX02_SCRATCH>/RUNS/BY2__RTKLIB__NONE__C00__NA/native/RTKLIB_UNMODIFIED_MOVING_BASE.pos"",""<HX02_SCRATCH>/RUNS/BY2__RTKLIB__NONE__C00__NA/native/SOURCE_BACKEND/gnss2.obs"",""<HX02_SCRATCH>/RUNS/BY2__RTKLIB__NONE__C00__NA/native/SOURCE_BACKEND/gnss1.obs"",""<HX02_SCRATCH>/RUNS/BY2__RTKLIB__NONE__C00__NA/native/SOURCE_BACKEND/gnss1.nav"",""<HX02_SCRATCH>/RUNS/BY2__RTKLIB__NONE__C00__NA/native/SOURCE_BACKEND/gnss2.nav""],""returncode"":""0"",""semisynthetic_data_used"":false,""sequence"":""BY2"",""start"":""2026-09-27T13:29:48.601287+00:00"",""status"":""FINISHED"",""synthetic_data_used"":false,""thread_environment"":{""BLIS_NUM_THREADS"":""1"",""MKL_NUM_THREADS"":""1"",""NUMEXPR_NUM_THREADS"":""1"",""OMP_NUM_THREADS"":""1"",""OPENBLAS_NUM_THREADS"":""1"",""VECLIB_MAXIMUM_THREADS"":""1""},""variant"":""V2""},""ASSOCIATION_SUMMARY.json"":{""association_status_counts"":{""ASSOCIATED_UNIQUE_NEAREST_SAME_WEEK"":""957""},""heading_table_sha256"":""396672736963d2ef8eb4f041b01154d8923136f85a974ecc82309719c3b707bc"",""pos_rows"":""957"",""q_counts"":{""1"":""83"",""2"":""874""},""selected_pairs"":""1509"",""valid_q1_rows"":""83"",""window_paired"":""1370"",""window_q1"":""60"",""window_q_counts"":{""-1"":""535"",""1"":""60"",""2"":""775"",""5"":""0""}}}","[""<CLEAN_ROOT>/stages/CLEAN9_EXTERNAL_COMPARISON/HX07R/RUNS/BY2_V2/solution.pos"", ""<CLEAN_ROOT>/stages/CLEAN9_EXTERNAL_COMPARISON/HX07R/RUNS/BY2_V2/HEADING_TABLE.csv""]","[""<CLEAN_ROOT>/stages/CLEAN9_EXTERNAL_COMPARISON/HX07R/RUNS/BY2_V2/eval/EVALUATOR_STRACE_AUDIT.json"", ""<CLEAN_ROOT>/stages/CLEAN9_EXTERNAL_COMPARISON/HX07R/RUNS/BY2_V2/eval/OUTPUT/HEADING_METRICS.json""]",[],FULL_RECORD_READ,ARCHIVED_DIRECTORY_PRESENT,,,"Directory token 4 is original start_mode, not case_id; NATURAL_C00 labels this natural full-window run. native_classification=unknown; runner_terminal_status=unknown. Original metadata values preserved in source_values_json."
HX02-765ee8c5225d9ceec7a0,HX02,RECORDED_COUNTERS,unknown,unknown,unknown,unknown,unknown,unknown,unknown,unknown,unknown,unknown,<CODE_ROOT>/docs/paper_rebuild/hext/HX02/COUNTERS.json,#,"{""commits"":{""code_freeze"":""3e8a43be928247da09ac4cca8a54178c3db9dadb"",""execution_heads"":[""3e8a43be928247da09ac4cca8a54178c3db9dadb"",""88594ef27e20a8e660e2246218a6870a290f35ae""]},""counters"":{""evaluator_calls"":""21"",""legsa_evaluator_calls"":""0"",""legsa_native_calls"":""0"",""native_calls"":""24"",""reference_free_evaluator_calls"":""3""},""identity_gate"":{""IDENTITY_GATE_BEFORE_RESULTS.json"":""PASS"",""IDENTITY_GATE_START.json"":""PASS""},""method_body_pins"":{""METHOD_BODY_SHA256_AFTER.json"":""PASS"",""METHOD_BODY_SHA256_BEFORE.json"":""PASS""}}",[],[],[],FULL_RECORD_READ,PRESENT_READ,,,First-delivery subset. Source values preserved; path aliases only. No payload-body read.
HX07R-da66e40eba95dda2067f,HX07R,RECORDED_COUNTERS,unknown,unknown,unknown,unknown,unknown,unknown,unknown,unknown,unknown,unknown,<CODE_ROOT>/docs/paper_rebuild/hext/HX07R/HX07R_EXECUTION_COUNTS.json,#,"{""actual"":{""LegSA_evaluator"":""0"",""LegSA_solver"":""0"",""heading_evaluations"":""13"",""other_external"":""0"",""reference_opens"":""13"",""rnx2rtkp"":""12""},""budget"":{""heading_evaluations"":""13"",""reference_opens"":""13"",""rnx2rtkp"":""12""},""time"":""2026-09-27T13:30:22.977688+00:00""}",[],[],[],FULL_RECORD_READ,PRESENT_READ,,,First-delivery subset. Source values preserved; path aliases only. No payload-body read.
