epoch_index,gps_week,gps_tow_seconds,time_unix_s,valid,body_yaw_deg,solution_state,failure_code,float_solved,search_attempted,search_complete,candidate_returned,acceptance_test_defined,ratio_fixed,baseline_n_m,baseline_e_m,baseline_d_m,baseline_length_m,elapsed_s,satellite_state_calls
0,2408,460873.998,1772784055.998,0,,invalid,GNSS2_PNTPOS_REJECTED,0,0,0,0,1,0,,,,,0.0009935619964380749,0
1,2408,460874.19800000003,1772784056.198,0,,invalid,GNSS2_PNTPOS_REJECTED,0,0,0,0,1,0,,,,,0.0007015579976723529,0
2,2408,460874.398,1772784056.398,0,,invalid,GNSS2_PNTPOS_REJECTED,0,0,0,0,1,0,,,,,0.0008041490000323392,0
3,2408,460874.598,1772784056.598,0,,invalid,GNSS2_PNTPOS_REJECTED,0,0,0,0,1,0,,,,,0.0007167710064095445,0
4,2408,460874.798,1772784056.798,0,,invalid,GNSS2_PNTPOS_REJECTED,0,0,0,0,1,0,,,,,0.0007140649977372959,0
5,2408,460874.998,1772784056.998,0,,invalid,GNSS2_PNTPOS_REJECTED,0,0,0,0,1,0,,,,,0.0006919160005054437,0
6,2408,460875.19800000003,1772784057.198,0,,invalid,GNSS2_PNTPOS_REJECTED,0,0,0,0,1,0,,,,,0.0006886660048621707,0
7,2408,460875.398,1772784057.398,0,,invalid,GNSS2_PNTPOS_REJECTED,0,0,0,0,1,0,,,,,0.0006873339953017421,0
8,2408,460875.598,1772784057.598,0,,invalid,GNSS2_PNTPOS_REJECTED,0,0,0,0,1,0,,,,,0.0006675260010524653,0
9,2408,460875.798,1772784057.798,0,,invalid,GNSS2_PNTPOS_REJECTED,0,0,0,0,1,0,,,,,0.0008364339955733158,0
10,2408,460875.998,1772784057.998,1,219.24702717360228,float,,1,1,1,1,1,0,-1.2843417156630204,1.572122222715325,-0.5195318860151272,2.0954749596055877,0.009153140003036242,36
11,2408,460876.19800000003,1772784058.198,1,216.34040351583536,float,,1,1,1,1,1,0,-1.126929536695117,1.5318634234355106,-0.4763015891408752,1.9604690593206404,0.009559591999277472,36
12,2408,460876.398,1772784058.398,1,217.73135134908568,float,,1,1,1,1,1,0,-1.1794985309946764,1.5243681544320822,-0.4958328002773256,1.9901671338598994,0.00840045199583983,36
13,2408,460876.598,1772784058.598,1,218.2486769750446,float,,1,1,1,1,1,0,-1.1887669166183754,1.5080152661743684,-0.49721307948688154,1.9835568233539818,0.007526182002038695,36
14,2408,460876.798,1772784058.798,1,217.94242314848924,float,,1,1,1,1,1,0,-1.1671310937175619,1.4969579528164076,-0.49762201457538496,1.9623215261044014,0.0077594059985131025,36
15,2408,460876.998,1772784058.998,1,213.30956557376447,float,,1,1,1,1,1,0,-0.9086640705616131,1.3828056894582157,-0.4422753357092257,1.712725734174716,0.00875268399977358,36
16,2408,460877.19800000003,1772784059.198,1,209.59361486213587,float,,1,1,1,1,1,0,-0.7251955533646457,1.276906348223656,-0.38560583415984473,1.518252374307986,0.008204851998016238,36
17,2408,460877.398,1772784059.398,1,204.5556332491826,float,,1,1,1,1,1,0,-0.5443432419895213,1.191385280863191,-0.3452357545477644,1.354583396759052,0.008522447998984717,36
18,2408,460877.598,1772784059.598,1,200.23853120300313,float,,1,1,1,1,1,0,-0.4156968208761639,1.1274905014402514,-0.33053100516794304,1.246310323756435,0.008693102005054243,36
19,2408,460877.798,1772784059.798,1,200.87352589142148,float,,1,1,1,1,1,0,-0.4157817217832274,1.09033614033411,-0.3383215400465234,1.214976873667627,0.007456981998984702,36
20,2408,460877.998,1772784059.998,1,202.1641393449258,float,,1,1,1,1,1,0,-0.44519214771932014,1.0928648103938492,-0.35004909654796734,1.230887449031053,0.007980415000929497,36
21,2408,460878.19800000003,1772784060.198,1,203.169057796866,float,,1,1,1,1,1,0,-0.4677855457827657,1.0930553422111027,-0.3494187177842894,1.2392282833753947,0.00785195799835492,36
22,2408,460878.398,1772784060.398,1,202.51707245639682,float,,1,1,1,1,1,0,-0.44386540031237054,1.070683398706999,-0.3370772304234483,1.2070627544296004,0.007781863001582678,36
23,2408,460878.598,1772784060.598,1,199.5709949514238,float,,1,1,1,1,1,0,-0.3710862821657466,1.0438031506626249,-0.32403239985814897,1.1542214009030718,0.007965189004607964,36
24,2408,460878.798,1772784060.798,1,196.43819233665562,float,,1,1,1,1,1,0,-0.2998249795175191,1.0162164509701268,-0.3139483906047774,1.1050585891835467,0.007989161000296008,36
25,2408,460878.998,1772784060.998,1,190.6746913346856,float,,1,1,1,1,1,0,-0.1849110452402335,0.9809890255074337,-0.29520530208077866,1.040998430927955,0.008343799003341701,36
26,2408,460879.19800000003,1772784061.198,1,185.79151209601832,float,,1,1,1,1,1,0,-0.09660819026502201,0.9524933683458829,-0.28430217010287867,0.9987013983640829,0.007436122003127821,36
27,2408,460879.398,1772784061.398,1,181.4994064261088,float,,1,1,1,1,1,0,-0.02500495787328222,0.9552790077657223,-0.28411555550332296,0.9969477817193182,0.0074366359986015595,36
28,2408,460879.598,1772784061.598,1,176.18613277605021,float,,1,1,1,1,1,0,0.0634986313439835,0.9525314724843347,-0.2732147465619888,0.9929725978065386,0.00796128799993312,36
29,2408,460879.798,1772784061.798,1,171.93421733531872,float,,1,1,1,1,1,0,0.13502013829409332,0.9527796119937677,-0.27481007961498616,1.0007697070924688,0.007860161000280641,36
30,2408,460879.998,1772784061.998,1,171.20024192375993,float,,1,1,1,1,1,0,0.14599262240374622,0.9430813068121731,-0.26109831860295524,0.9893879567854913,0.007767540002532769,36
31,2408,460880.19800000003,1772784062.198,1,171.70696428774016,float,,1,1,1,1,1,0,0.1363633028759036,0.9355325183036888,-0.2541527874773816,0.9789840052612659,0.0077289740002015606,36
32,2408,460880.398,1772784062.398,0,,invalid,GNSS2_PNTPOS_REJECTED,0,0,0,0,1,0,,,,,0.0011826269983430393,0
33,2408,460880.598,1772784062.598,0,,invalid,GNSS2_PNTPOS_REJECTED,0,0,0,0,1,0,,,,,0.0010537080015637912,0
34,2408,460880.798,1772784062.798,0,,invalid,GNSS2_PNTPOS_REJECTED,0,0,0,0,1,0,,,,,0.0009982470000977628,0
35,2408,460880.998,1772784062.998,0,,invalid,GNSS2_PNTPOS_REJECTED,0,0,0,0,1,0,,,,,0.0010842109986697324,0
36,2408,460881.19800000003,1772784063.198,0,,invalid,GNSS2_PNTPOS_REJECTED,0,0,0,0,1,0,,,,,0.0010379539962741546,0
37,2408,460881.398,1772784063.398,0,,invalid,GNSS2_PNTPOS_REJECTED,0,0,0,0,1,0,,,,,0.0010196430012001656,0
38,2408,460881.598,1772784063.598,0,,invalid,GNSS2_PNTPOS_REJECTED,0,0,0,0,1,0,,,,,0.0011115349989267997,0
39,2408,460881.798,1772784063.798,0,,invalid,GNSS2_PNTPOS_REJECTED,0,0,0,0,1,0,,,,,0.0012410639974405058,0
40,2408,460881.998,1772784063.998,0,,invalid,GNSS2_PNTPOS_REJECTED,0,0,0,0,1,0,,,,,0.0010806780046550557,0
41,2408,460882.19800000003,1772784064.198,0,,invalid,GNSS2_PNTPOS_REJECTED,0,0,0,0,1,0,,,,,0.0010737289994722232,0
42,2408,460882.398,1772784064.398,0,,invalid,GNSS2_PNTPOS_REJECTED,0,0,0,0,1,0,,,,,0.001105688999814447,0
43,2408,460882.598,1772784064.598,0,,invalid,GNSS2_PNTPOS_REJECTED,0,0,0,0,1,0,,,,,0.0011483989947009832,0
44,2408,460882.798,1772784064.798,0,,invalid,GNSS2_PNTPOS_REJECTED,0,0,0,0,1,0,,,,,0.0011927070008823648,0
45,2408,460882.998,1772784064.998,0,,invalid,GNSS2_PNTPOS_REJECTED,0,0,0,0,1,0,,,,,0.001105264003854245,0
46,2408,460883.19800000003,1772784065.198,0,,invalid,GNSS2_PNTPOS_REJECTED,0,0,0,0,1,0,,,,,0.0011283880012342706,0
47,2408,460883.398,1772784065.398,0,,invalid,GNSS2_PNTPOS_REJECTED,0,0,0,0,1,0,,,,,0.0012663800007430837,0
48,2408,460883.598,1772784065.598,1,167.9064874504195,float,,1,1,1,1,1,0,0.2062809733723563,0.9627466119988556,-0.35236374575796353,1.045750012295149,0.007084875003783964,28
49,2408,460883.798,1772784065.798,1,166.93710777700466,float,,1,1,1,1,1,0,0.21863204156772464,0.9422793020284892,-0.36099109605136465,1.0324750960966245,0.006091512004786637,20
50,2408,460883.998,1772784065.998,0,,invalid,GNSS2_PNTPOS_REJECTED,0,0,0,0,1,0,,,,,0.0013621550024254248,0
51,2408,460884.19800000003,1772784066.198,0,,invalid,GNSS2_PNTPOS_REJECTED,0,0,0,0,1,0,,,,,0.001728877003188245,0
52,2408,460884.398,1772784066.398,1,173.69877660970798,float,,1,1,1,1,1,0,0.1017662609537604,0.9216068432475736,-0.2557743243680619,0.9618399297155453,0.006301681998593267,24
53,2408,460884.598,1772784066.598,1,167.3495801403796,float,,1,1,1,1,1,0,0.20008050465669056,0.8914232437985635,-0.31031604628769294,0.9648645793642001,0.00670378500217339,24
54,2408,460884.798,1772784066.798,1,169.6725225739122,float,,1,1,1,1,1,0,0.15803052222690672,0.8672214867157474,-0.23921234664134036,0.9133834352354092,0.007361105002928525,28
55,2408,460884.998,1772784066.998,1,171.64086373223805,float,,1,1,1,1,1,0,0.1292268017453737,0.8794620031184899,-0.21756218404162758,0.9151427676289028,0.00866367600247031,32
56,2408,460885.19800000003,1772784067.198,1,173.124403477841,float,,1,1,1,1,1,0,0.106675211232719,0.8846756045339137,-0.209912434848227,0.9154746071043707,0.00750061399594415,32
57,2408,460885.398,1772784067.398,0,,invalid,GNSS2_PNTPOS_REJECTED,0,0,0,0,1,0,,,,,0.001429834999726154,0
58,2408,460885.598,1772784067.598,1,169.97973254040858,float,,1,1,1,1,1,0,0.14855774267826988,0.8407735786386819,-0.24248074678236303,0.8875621251533277,0.007075285000610165,32
59,2408,460885.798,1772784067.798,1,184.04482512007655,float,,1,1,1,1,1,0,-0.05729374566425549,0.8102290125972108,-0.1841058324056662,0.8328556799783952,0.007194387995696161,28
60,2408,460885.998,1772784067.998,1,164.07290452700786,float,,1,1,1,1,1,0,0.2466350680900251,0.864267687343993,-0.3365716232980407,0.9597228505189316,0.006643102002271917,28
61,2408,460886.19800000003,1772784068.198,1,166.32303286623875,float,,1,1,1,1,1,0,0.20508950150633154,0.842783198379233,-0.3282849284499572,0.927424507626275,0.007174694997956976,28
62,2408,460886.398,1772784068.398,1,169.2063315591869,float,,1,1,1,1,1,0,0.15999463323739604,0.8392250793155807,-0.30415592769973215,0.9068670491157435,0.007814632001100108,28
63,2408,460886.598,1772784068.598,1,168.85608359484615,float,,1,1,1,1,1,0,0.1662415560761822,0.8439158502076642,-0.3127363423438007,0.9152235994667829,0.007083983000484295,24
64,2408,460886.798,1772784068.798,1,173.59380447338967,float,,1,1,1,1,1,0,0.09302391395765053,0.8285181086129305,-0.32118924902868684,0.8934529862052955,0.0071665249997749925,24
65,2408,460886.998,1772784068.998,1,170.68094930292085,float,,1,1,1,1,1,0,0.13209163002485463,0.8049571692174151,-0.31026589993714004,0.8727365992445492,0.007329918000323232,28
66,2408,460887.19800000003,1772784069.198,1,170.67303881320177,float,,1,1,1,1,1,0,0.1299120328844646,0.7909914173110528,-0.29966733034079884,0.8557716210657513,0.007978052002727054,28
67,2408,460887.398,1772784069.398,1,171.41476062792478,float,,1,1,1,1,1,0,0.11983860664024303,0.7937788898792648,-0.3127505042384741,0.8615445987067952,0.008368119000806473,28
68,2408,460887.598,1772784069.598,1,173.0648860246674,float,,1,1,1,1,1,0,0.09283699062656268,0.7632413300471819,-0.35874599230781845,0.8484425270563168,0.007918704999610782,28
69,2408,460887.798,1772784069.798,1,152.5960033075379,float,,1,1,1,1,1,0,0.41111301976719655,0.7929820251641576,-0.5498297796766116,1.0488790177493224,0.009544280997943133,24
70,2408,460887.998,1772784069.998,1,182.73307501928747,float,,1,1,1,1,1,0,-0.032405456594021775,0.6788278503308703,-0.25295086569449554,0.7251492980466107,0.00722670899995137,24
71,2408,460888.19800000003,1772784070.198,1,154.72984691133692,float,,1,1,1,1,1,0,0.36259881171060115,0.7681190939944813,-0.5035296898957622,0.9874345494357413,0.00782261499989545,28
72,2408,460888.398,1772784070.398,1,164.5999178744171,float,,1,1,1,1,1,0,0.20063727254474834,0.7284049460351436,-0.3932226221401686,0.85173535273901,0.010703194006055128,28
73,2408,460888.598,1772784070.598,1,173.747677943469,float,,1,1,1,1,1,0,0.07442052654078957,0.67927459250852,-0.311959304843634,0.7511797352676306,0.007101349998265505,24
74,2408,460888.798,1772784070.798,1,184.15627302622372,float,,1,1,1,1,1,0,-0.04691429734267098,0.6455963546089813,-0.24719779837971584,0.6928941881004205,0.00853222599835135,28
75,2408,460888.998,1772784070.998,1,170.08272176864386,float,,1,1,1,1,1,0,0.1150532283741262,0.6580535458597624,-0.3332994376533669,0.7465656231825611,0.007179792002716567,28
76,2408,460889.19800000003,1772784071.198,1,177.15925883473346,float,,1,1,1,1,1,0,0.03476107880540347,0.7005322736713042,-0.4060886166912664,0.8104700880729829,0.0073943040042649955,28
77,2408,460889.398,1772784071.398,1,180.61890929306838,float,,1,1,1,1,1,0,-0.006990371462791578,0.6471113109117996,-0.35351968263976136,0.7374130999764604,0.007225692999782041,28
78,2408,460889.598,1772784071.598,1,185.80496185885616,float,,1,1,1,1,1,0,-0.06462099244292857,0.6356342988967777,-0.3044014353595462,0.7077196255914197,0.00754020300519187,28
79,2408,460889.798,1772784071.798,1,186.970890440566,float,,1,1,1,1,1,0,-0.07864495289940024,0.643213183565789,-0.278504914779313,0.7053178118306801,0.007976289998623542,28
80,2408,460889.998,1772784071.998,1,185.41370350864455,float,,1,1,1,1,1,0,-0.05902926060265756,0.6228742544707873,-0.2688850166293484,0.6809962868163089,0.008631398006400559,28
81,2408,460890.19800000003,1772784072.198,1,197.18924872641662,float,,1,1,1,1,1,0,-0.19137883154737123,0.6186560431295075,-0.18710086565277875,0.6740681647972372,0.008027028001379222,28
82,2408,460890.398,1772784072.398,1,197.9233433750751,float,,1,1,1,1,1,0,-0.19925040112343123,0.6160328772777606,-0.19905147304129495,0.6773615852370682,0.008348262999788858,28
83,2408,460890.598,1772784072.598,1,199.91249543126287,float,,1,1,1,1,1,0,-0.21002103658336888,0.5797816123364169,-0.18936693571370034,0.6450700660800845,0.008156132003932726,28
84,2408,460890.798,1772784072.798,1,175.29792906697622,float,,1,1,1,1,1,0,0.054716146418965494,0.6652309444231363,-0.4043324728093669,0.7803914496361278,0.008538494003005326,32
85,2408,460890.998,1772784072.998,1,220.75217973737375,float,,1,1,1,1,1,0,-0.3657853865518975,0.4244821806968885,-0.12130928808265368,0.573323655642454,0.008417856995947659,32
86,2408,460891.19800000003,1772784073.198,1,246.65131747621956,float,,1,1,1,1,1,0,-0.8699419396360398,0.3755327709537906,0.9902829951146769,1.370578071767983,0.008966722001787275,32
87,2408,460891.398,1772784073.398,1,249.11901198264363,float,,1,1,1,1,1,0,-0.9103214269287043,0.3472718829950546,1.0133704408516604,1.4057747015209556,0.008826516997942235,32
88,2408,460891.598,1772784073.598,1,251.3131855754112,float,,1,1,1,1,1,0,-1.0189310738599182,0.34462780750819916,1.2476171644349074,1.647281836231382,0.0078117989978636615,32
89,2408,460891.798,1772784073.798,1,180.62719607232268,float,,1,1,1,1,1,0,-0.006283038049007761,0.5739468076628385,-0.6261474877205844,0.8494204441690157,0.008291908998216968,32
90,2408,460891.998,1772784073.998,1,244.69717134492097,float,,1,1,1,1,1,0,-0.8401131916967876,0.39717043092407284,0.3941936399039964,1.0094172337562592,0.008400999002333265,32
91,2408,460892.19800000003,1772784074.198,1,249.76358985532198,float,,1,1,1,1,1,0,-1.0331117523966742,0.38085667989697264,0.44527756776988026,1.1877052731723188,0.007976434004376642,32
92,2408,460892.398,1772784074.398,1,240.63623181464624,float,,1,1,1,1,1,0,-0.7830761854903889,0.44058857415401165,0.1868188885006108,0.9177297538261722,0.008169050001015421,28
93,2408,460892.598,1772784074.598,1,241.58580093665444,float,,1,1,1,1,1,0,-0.7459091306623239,0.40355048808426675,0.26750909710803944,0.8892662957033918,0.007955815999594051,32
94,2408,460892.798,1772784074.798,1,228.0759283357642,float,,1,1,1,1,1,0,-0.5576285125174176,0.5007544903600275,0.0872940624470594,0.7545361959022442,0.00758780499745626,32
95,2408,460892.998,1772784074.998,1,182.6576286399192,float,,1,1,1,1,1,0,-0.028320750580624943,0.6101287316899221,-0.3030602746587596,0.6818391776828652,0.008809478997136466,28
96,2408,460893.19800000003,1772784075.198,1,232.90192402454824,float,,1,1,1,1,1,0,-0.639550986490685,0.48365485241022277,0.03767723689956268,0.8027247689971628,0.0073652130013215356,24
97,2408,460893.398,1772784075.398,1,200.53660443944818,float,,1,1,1,1,1,0,-0.20618118046962602,0.5503844357975549,-0.3264134690687784,0.6722941760401883,0.006965067994315177,24
98,2408,460893.598,1772784075.598,1,219.18243378251245,float,,1,1,1,1,1,0,-0.40044842907838857,0.49130574587170633,-0.1419904898834941,0.6495395134210524,0.007038782998279203,24
99,2408,460893.798,1772784075.798,1,215.5755648581518,float,,1,1,1,1,1,0,-0.367902836451069,0.5143445363165948,-0.12397888158097187,0.6444172267914193,0.007061245996737853,24
100,2408,460893.998,1772784075.998,1,204.66210458048056,float,,1,1,1,1,1,0,-0.23734533844380762,0.5169260886243212,-0.14010182709620994,0.5858104751002166,0.008338753003044985,24
101,2408,460894.19800000003,1772784076.198,1,204.88224837395705,float,,1,1,1,1,1,0,-0.24263848327428683,0.5231442186972104,-0.08403484291696864,0.5827651001441667,0.00704297600168502,24
102,2408,460894.398,1772784076.398,1,200.81284824697434,float,,1,1,1,1,1,0,-0.15428956290439805,0.40589593113602424,-0.14534145295494752,0.457909285864641,0.007884885002567898,24
103,2408,460894.598,1772784076.598,1,179.4599700806864,float,,1,1,1,1,1,0,0.005990513882767279,0.6355592282360413,0.14939197829030992,0.6529084024808262,0.007730108001851477,24
104,2408,460894.798,1772784076.798,1,183.50830918280138,float,,1,1,1,1,1,0,-0.039423280834521957,0.6430345285427286,0.14074757099511714,0.6594372439519566,0.00722461399709573,24
105,2408,460894.998,1772784076.998,1,155.09977803504222,float,,1,1,1,1,1,0,0.39977587935852604,0.8612346706508103,0.8083632163876957,1.2469951889468351,0.007465335002052598,24
106,2408,460895.19800000003,1772784077.198,1,151.4807125635574,float,,1,1,1,1,1,0,0.594867349576093,1.094730389444905,1.2150717555052772,1.7403163965763682,0.0075155619997531176,24
107,2408,460895.398,1772784077.398,1,162.00443707206924,float,,1,1,1,1,1,0,0.2516348186445315,0.7746564576976913,0.584454471538574,1.0024967524677748,0.007040691998554394,24
108,2408,460895.598,1772784077.598,1,295.8846369787118,float,,1,1,1,1,1,0,-3.2905118471164547,-1.5966965133340056,-4.613707920659419,5.887546921160134,0.008046668001043145,24
109,2408,460895.798,1772784077.798,1,154.8473348607714,float,,1,1,1,1,1,0,0.5313835597774668,1.131673378163794,1.2261307457776018,1.7511281301456967,0.008131975002470426,24
110,2408,460895.998,1772784077.998,1,160.15957958782766,float,,1,1,1,1,1,0,0.36690621714547755,1.016869809083833,1.023652918113459,1.4887947063206517,0.007902117999037728,24
111,2408,460896.19800000003,1772784078.198,1,149.1406902183066,float,,1,1,1,1,1,0,0.7942172206512654,1.3291815469097001,1.6674149932739737,2.275472992153308,0.008427954999206122,24
112,2408,460896.398,1772784078.398,1,266.67403462576226,float,,1,1,1,1,1,0,-0.9403959358561046,0.054650486384605734,-1.053378035127881,1.4131300282446155,0.00838263599871425,24
113,2408,460896.598,1772784078.598,1,224.67898471111894,float,,1,1,1,1,1,0,-0.4512606011024545,0.4563457674402993,-0.259196582538451,0.6921491587567208,0.007135589003155474,24
114,2408,460896.798,1772784078.798,1,217.85394795694012,float,,1,1,1,1,1,0,-0.37718300230622126,0.4853171432213296,-0.16590360945550087,0.6366504177047329,0.008192707995476667,28
115,2408,460896.998,1772784078.998,1,214.78462046974866,float,,1,1,1,1,1,0,-0.35998752105705517,0.5182509460796583,-0.1339261010996056,0.6450668639645091,0.008561800001189113,24
116,2408,460897.19800000003,1772784079.198,1,213.5633332396722,float,,1,1,1,1,1,0,-0.3512022751892516,0.5293365354621613,-0.15040890365571802,0.6528116452485402,0.008065840003837366,24
117,2408,460897.398,1772784079.398,1,218.80193500227816,float,,1,1,1,1,1,0,-0.3998862533822002,0.4973237976505474,-0.15517822722915814,0.6567497678412989,0.009787145005248021,28
118,2408,460897.598,1772784079.598,1,217.50313582598977,float,,1,1,1,1,1,0,-0.399785483041062,0.5209515472639945,-0.137178467692049,0.6708478807043097,0.007245398002851289,24
119,2408,460897.798,1772784079.798,1,214.25482114345562,float,,1,1,1,1,1,0,-0.33934513172900255,0.4983049443321642,-0.10079535888926401,0.6112467916870165,0.0072491179962526076,24
120,2408,460897.998,1772784079.998,1,216.02707826880123,float,,1,1,1,1,1,0,-0.35687328704599725,0.49070608317301073,-0.1639581847978926,0.6285167375911579,0.006979391000641044,24
121,2408,460898.19800000003,1772784080.198,1,219.42258080241822,float,,1,1,1,1,1,0,-0.3512698013825409,0.427299399579322,-0.1850611701121428,0.5832862821355002,0.0070917209959588945,20
122,2408,460898.398,1772784080.398,1,224.5458467166676,float,,1,1,1,1,1,0,-0.48398333579669583,0.49171736016678846,-0.21693399386815723,0.7232469767056632,0.0075989920005667955,24
123,2408,460898.598,1772784080.598,1,225.29491148429977,float,,1,1,1,1,1,0,-0.46166282532737973,0.4569346005772342,-0.24702578672957362,0.6949413880344875,0.008013097998627927,24
124,2408,460898.798,1772784080.798,1,224.7762237902999,float,,1,1,1,1,1,0,-0.416967660291687,0.4202374918548336,-0.24010136714134742,0.6388350693197026,0.007138004002626985,24
125,2408,460898.998,1772784080.998,1,223.54987438930922,float,,1,1,1,1,1,0,-0.4183342883590127,0.4400645449606925,-0.2377903792208098,0.652077177179419,0.007488921000913251,24
126,2408,460899.19800000003,1772784081.198,1,224.5576977228237,float,,1,1,1,1,1,0,-0.41374042804626615,0.42017809926258287,-0.24689470640911187,0.6392869253728454,0.0074751450010808185,24
127,2408,460899.398,1772784081.398,1,186.45743798027777,float,,1,1,1,1,1,0,-0.014625315586335064,0.12921809950237828,-0.4926143047395861,0.5094900100385407,0.007373423999524675,24
128,2408,460899.598,1772784081.598,1,116.13698606893578,float,,1,1,1,1,1,0,0.5615115407951199,0.2755312716239309,0.19664328892859706,0.6556533193460288,0.00794781900185626,24
129,2408,460899.798,1772784081.798,1,240.53878618203362,float,,1,1,1,1,1,0,-0.19734508214788316,0.11147618813171259,-0.5180038322140851,0.5654201907933689,0.007347225000557955,24
130,2408,460899.998,1772784081.998,1,244.46479824423753,float,,1,1,1,1,1,0,-0.3470602040699551,0.16580104242136556,-0.6124752821852526,0.7232335322736323,0.00767274900135817,24
131,2408,460900.19800000003,1772784082.198,1,212.8333867117947,float,,1,1,1,1,1,0,-0.28510378497313615,0.44182884889024443,-0.2942733986358095,0.6025725956781943,0.007767098999465816,24
132,2408,460900.398,1772784082.398,1,218.28002841803936,float,,1,1,1,1,1,0,-0.35854151874723106,0.45431780307091646,-0.2680612148916457,0.6378193331829477,0.007550367001385894,24
133,2408,460900.598,1772784082.598,1,216.69436421239533,float,,1,1,1,1,1,0,-0.4047558278739426,0.5431330890315853,-0.23190889117927818,0.715962685065999,0.007562587001302745,24
134,2408,460900.798,1772784082.798,1,227.52437174510752,float,,1,1,1,1,1,0,-0.5877878511662624,0.5381485479877939,-0.35633836860429957,0.8729693297130185,0.007443561997206416,24
135,2408,460900.998,1772784082.998,1,232.25541509850663,float,,1,1,1,1,1,0,-0.6921394784698952,0.5358070189000456,-0.4826933292690775,0.999569441949882,0.007272667993674986,24
136,2408,460901.19800000003,1772784083.198,1,226.49687388162758,float,,1,1,1,1,1,0,-0.533880636303382,0.506689170397218,-0.3539004772160269,0.8167055754623306,0.0073688119955477305,24
137,2408,460901.398,1772784083.398,1,226.23180394056382,float,,1,1,1,1,1,0,-0.3942219500978912,0.3776254197651808,-0.42652052053288003,0.6927709997015263,0.007931580999866128,24
138,2408,460901.598,1772784083.598,1,226.83011601358658,float,,1,1,1,1,1,0,-0.3822701162546204,0.35859760162878884,-0.41146552874294146,0.6663531818930175,0.007587852000142448,24
139,2408,460901.798,1772784083.798,1,45.50990018665681,float,,1,1,1,1,1,0,0.1715480244767783,-0.1685215170772374,-0.6255489306239918,0.6701788500279001,0.007590790999529418,24
140,2408,460901.998,1772784083.998,1,91.16229651145126,float,,1,1,1,1,1,0,0.45070206739566543,0.009144151885301498,-0.21698750222747246,0.5002994555177387,0.007688104000408202,24
141,2408,460902.19800000003,1772784084.198,1,90.43121367547617,float,,1,1,1,1,1,0,0.3242715210580112,0.0024405454606382486,-0.2148827454400417,0.3890148710772782,0.007776575999741908,24
142,2408,460902.398,1772784084.398,1,87.64254798274771,float,,1,1,1,1,1,0,0.2854158483502246,-0.011750152106831488,0.2511745879427063,0.3803800023558026,0.006296835003013257,16
143,2408,460902.598,1772784084.598,1,83.39303965713532,float,,1,1,1,1,1,0,0.31483347007468965,-0.03646623416419812,0.15274199838593475,0.3518238453890207,0.007245100001455285,20
144,2408,460902.798,1772784084.798,1,72.94324723323018,float,,1,1,1,1,1,0,0.5525523524462749,-0.16953086263264636,-1.6348603862119322,1.7340194053077693,0.006919608000316657,20
145,2408,460902.998,1772784084.998,1,328.43420622983774,float,,1,1,1,1,1,0,-0.3248229715498946,-0.528699192267291,-1.1924296553930662,1.3442177211342723,0.007130935999157373,20
146,2408,460903.19800000003,1772784085.198,1,111.38485518289679,float,,1,1,1,1,1,0,0.6564459541749963,0.2570582117001353,1.451232361433591,1.6134049652295328,0.00699087799875997,20
147,2408,460903.398,1772784085.398,1,108.61066041970005,float,,1,1,1,1,1,0,0.7005871743325125,0.2359187560711565,1.1267733924025025,1.347626923941348,0.007150162004109006,20
148,2408,460903.598,1772784085.598,1,115.21043337778633,float,,1,1,1,1,1,0,0.9893438493987728,0.4657699447203011,1.175338917784432,1.6053549344013036,0.007932956999866292,20
149,2408,460903.798,1772784085.798,1,116.70053684921662,float,,1,1,1,1,1,0,2.0465268447386076,1.0293197978504585,1.6654465601532107,2.8322223813127443,0.007432604004861787,20
150,2408,460903.998,1772784085.998,1,40.68966732515037,float,,1,1,1,1,1,0,0.296763196640288,-0.34514492824072845,-1.4453393331593916,1.5153214854769579,0.007379329996183515,20
151,2408,460904.19800000003,1772784086.198,1,359.61291129243364,float,,1,1,1,1,1,0,-0.0035389149813295218,-0.5238122517379629,-1.7125034088743085,1.7908265478253798,0.008745515006012283,20
152,2408,460904.398,1772784086.398,1,67.6216145744446,float,,1,1,1,1,1,0,0.27642481723979095,-0.11381211138808708,-0.26480161396202617,0.3993541924677392,0.00794077999307774,24
153,2408,460904.598,1772784086.598,1,87.23679387311171,float,,1,1,1,1,1,0,0.34991040726087913,-0.016888240085481065,-0.060483330378743566,0.35550068778606236,0.009452194004552439,24
154,2408,460904.798,1772784086.798,1,107.3051764521071,float,,1,1,1,1,1,0,0.720979184325661,0.22463146818288446,0.4031573080969708,0.8560409428297746,0.007828872003301512,24
155,2408,460904.998,1772784086.998,0,,invalid,GNSS1_PNTPOS_REJECTED,0,0,0,0,1,0,,,,,0.002364084997680038,0
156,2408,460905.19800000003,1772784087.198,0,,invalid,GNSS1_PNTPOS_REJECTED,0,0,0,0,1,0,,,,,0.00252064700180199,0
157,2408,460905.398,1772784087.398,0,,invalid,GNSS1_PNTPOS_REJECTED,0,0,0,0,1,0,,,,,0.002466234000166878,0
158,2408,460905.598,1772784087.598,0,,invalid,GNSS1_PNTPOS_REJECTED,0,0,0,0,1,0,,,,,0.002258033004181925,0
159,2408,460905.798,1772784087.798,0,,invalid,GNSS1_PNTPOS_REJECTED,0,0,0,0,1,0,,,,,0.002038958999037277,0
160,2408,460905.998,1772784087.998,0,,invalid,GNSS1_PNTPOS_REJECTED,0,0,0,0,1,0,,,,,0.001993953002966009,0
161,2408,460906.19800000003,1772784088.198,0,,invalid,GNSS1_PNTPOS_REJECTED,0,0,0,0,1,0,,,,,0.0024717519991099834,0
162,2408,460906.398,1772784088.398,0,,invalid,GNSS1_PNTPOS_REJECTED,0,0,0,0,1,0,,,,,0.002747877995716408,0
163,2408,460906.598,1772784088.598,0,,invalid,GNSS1_PNTPOS_REJECTED,0,0,0,0,1,0,,,,,0.0028468620002968237,0
164,2408,460906.798,1772784088.798,0,,invalid,GNSS1_PNTPOS_REJECTED,0,0,0,0,1,0,,,,,0.002026265996391885,0
165,2408,460906.998,1772784088.998,0,,invalid,GNSS1_PNTPOS_REJECTED,0,0,0,0,1,0,,,,,0.002121725003235042,0
166,2408,460907.19800000003,1772784089.198,0,,invalid,GNSS1_PNTPOS_REJECTED,0,0,0,0,1,0,,,,,0.0028057689996785484,0
167,2408,460907.398,1772784089.398,0,,invalid,GNSS1_PNTPOS_REJECTED,0,0,0,0,1,0,,,,,0.0032364559956477024,0
168,2408,460907.598,1772784089.598,0,,invalid,GNSS1_PNTPOS_REJECTED,0,0,0,0,1,0,,,,,0.002269226999487728,0
169,2408,460907.798,1772784089.798,0,,invalid,GNSS1_PNTPOS_REJECTED,0,0,0,0,1,0,,,,,0.001965433999430388,0
170,2408,460907.998,1772784089.998,0,,invalid,GNSS1_PNTPOS_REJECTED,0,0,0,0,1,0,,,,,0.0018984359994647093,0
171,2408,460908.19800000003,1772784090.198,0,,invalid,GNSS1_PNTPOS_REJECTED,0,0,0,0,1,0,,,,,0.002677281001524534,0
172,2408,460908.398,1772784090.398,0,,invalid,GNSS1_PNTPOS_REJECTED,0,0,0,0,1,0,,,,,0.002610181996715255,0
173,2408,460908.598,1772784090.598,0,,invalid,GNSS1_PNTPOS_REJECTED,0,0,0,0,1,0,,,,,0.0023083280029823072,0
174,2408,460908.798,1772784090.798,0,,invalid,GNSS1_PNTPOS_REJECTED,0,0,0,0,1,0,,,,,0.002588723997178022,0
175,2408,460908.998,1772784090.998,0,,invalid,GNSS1_PNTPOS_REJECTED,0,0,0,0,1,0,,,,,0.002103961000102572,0
176,2408,460909.19800000003,1772784091.198,0,,invalid,GNSS1_PNTPOS_REJECTED,0,0,0,0,1,0,,,,,0.0019372160022612661,0
177,2408,460909.398,1772784091.398,0,,invalid,GNSS1_PNTPOS_REJECTED,0,0,0,0,1,0,,,,,0.0020059020025655627,0
178,2408,460909.598,1772784091.598,0,,invalid,GNSS1_PNTPOS_REJECTED,0,0,0,0,1,0,,,,,0.0032272259995806962,0
179,2408,460909.798,1772784091.798,0,,invalid,GNSS1_PNTPOS_REJECTED,0,0,0,0,1,0,,,,,0.002899151004385203,0
180,2408,460909.998,1772784091.998,0,,invalid,GNSS1_PNTPOS_REJECTED,0,0,0,0,1,0,,,,,0.0020913949992973357,0
181,2408,460910.19800000003,1772784092.198,0,,invalid,GNSS1_PNTPOS_REJECTED,0,0,0,0,1,0,,,,,0.002128439002262894,0
182,2408,460910.398,1772784092.398,0,,invalid,GNSS1_PNTPOS_REJECTED,0,0,0,0,1,0,,,,,0.0027860560003318824,0
183,2408,460910.598,1772784092.598,0,,invalid,GNSS1_PNTPOS_REJECTED,0,0,0,0,1,0,,,,,0.002679049997823313,0
184,2408,460910.798,1772784092.798,0,,invalid,GNSS1_PNTPOS_REJECTED,0,0,0,0,1,0,,,,,0.0023095389988156967,0
185,2408,460910.998,1772784092.998,0,,invalid,GNSS1_PNTPOS_REJECTED,0,0,0,0,1,0,,,,,0.0023207269987324253,0
186,2408,460911.19800000003,1772784093.198,0,,invalid,GNSS1_PNTPOS_REJECTED,0,0,0,0,1,0,,,,,0.0026395880049676634,0
187,2408,460911.398,1772784093.398,0,,invalid,GNSS1_PNTPOS_REJECTED,0,0,0,0,1,0,,,,,0.002657740995346103,0
188,2408,460911.598,1772784093.598,0,,invalid,GNSS1_PNTPOS_REJECTED,0,0,0,0,1,0,,,,,0.003078124995226972,0
189,2408,460911.798,1772784093.798,0,,invalid,GNSS1_PNTPOS_REJECTED,0,0,0,0,1,0,,,,,0.0023122819984564558,0
190,2408,460911.998,1772784093.998,0,,invalid,GNSS1_PNTPOS_REJECTED,0,0,0,0,1,0,,,,,0.002233487000921741,0
191,2408,460912.19800000003,1772784094.198,0,,invalid,GNSS1_PNTPOS_REJECTED,0,0,0,0,1,0,,,,,0.003064568001718726,0
192,2408,460912.398,1772784094.398,0,,invalid,GNSS1_PNTPOS_REJECTED,0,0,0,0,1,0,,,,,0.0028658549999818206,0
193,2408,460912.598,1772784094.598,0,,invalid,GNSS1_PNTPOS_REJECTED,0,0,0,0,1,0,,,,,0.0022447160008596256,0
194,2408,460912.798,1772784094.798,0,,invalid,GNSS1_PNTPOS_REJECTED,0,0,0,0,1,0,,,,,0.0026024440012406558,0
195,2408,460912.998,1772784094.998,0,,invalid,GNSS1_PNTPOS_REJECTED,0,0,0,0,1,0,,,,,0.0024899710042518564,0
196,2408,460913.19800000003,1772784095.198,0,,invalid,GNSS1_PNTPOS_REJECTED,0,0,0,0,1,0,,,,,0.0027234130029683,0
197,2408,460913.398,1772784095.398,0,,invalid,GNSS1_PNTPOS_REJECTED,0,0,0,0,1,0,,,,,0.002208969999628607,0
198,2408,460913.598,1772784095.598,0,,invalid,GNSS1_PNTPOS_REJECTED,0,0,0,0,1,0,,,,,0.0021241630020085722,0
199,2408,460913.798,1772784095.798,0,,invalid,GNSS1_PNTPOS_REJECTED,0,0,0,0,1,0,,,,,0.0026060040036099963,0
200,2408,460913.998,1772784095.998,0,,invalid,GNSS1_PNTPOS_REJECTED,0,0,0,0,1,0,,,,,0.0023241520029841922,0
201,2408,460914.19800000003,1772784096.198,0,,invalid,GNSS1_PNTPOS_REJECTED,0,0,0,0,1,0,,,,,0.0021571429970208555,0
202,2408,460914.398,1772784096.398,0,,invalid,GNSS1_PNTPOS_REJECTED,0,0,0,0,1,0,,,,,0.002413198002614081,0
203,2408,460914.598,1772784096.598,0,,invalid,GNSS1_PNTPOS_REJECTED,0,0,0,0,1,0,,,,,0.002484233002178371,0
204,2408,460914.798,1772784096.798,1,37.37940275028609,float,,1,1,1,1,1,0,0.32072640383262485,-0.41980540971649194,-2.153207793140239,2.2170714486868706,0.008812339001451619,24
205,2408,460914.998,1772784096.998,1,70.96447493376729,float,,1,1,1,1,1,0,0.2914509890247049,-0.10055679983801621,-1.2748932091084897,1.3116432608099218,0.009945810998033267,24
206,2408,460915.19800000003,1772784097.198,1,56.23839601901102,float,,1,1,1,1,1,0,0.25950420382197514,-0.1734711971598605,-1.2036288549106846,1.2434456596164378,0.0100285279986565,24
207,2408,460915.398,1772784097.398,1,359.1079923259845,float,,1,1,1,1,1,0,-0.004935329012129189,-0.31698233637596784,-0.766886638083801,0.8298296660871435,0.008776111004408449,24
208,2408,460915.598,1772784097.598,0,,invalid,GNSS2_PNTPOS_REJECTED,0,0,0,0,1,0,,,,,0.0026691090024542063,0
209,2408,460915.798,1772784097.798,0,,invalid,GNSS1_PNTPOS_REJECTED,0,0,0,0,1,0,,,,,0.0020520299949566834,0
210,2408,460915.998,1772784097.998,0,,invalid,GNSS1_PNTPOS_REJECTED,0,0,0,0,1,0,,,,,0.0021149289968889207,0
211,2408,460916.19800000003,1772784098.198,0,,invalid,GNSS1_PNTPOS_REJECTED,0,0,0,0,1,0,,,,,0.002272572004585527,0
212,2408,460916.398,1772784098.398,0,,invalid,GNSS1_PNTPOS_REJECTED,0,0,0,0,1,0,,,,,0.0022325329991872422,0
213,2408,460916.598,1772784098.598,0,,invalid,GNSS1_PNTPOS_REJECTED,0,0,0,0,1,0,,,,,0.002333278003789019,0
214,2408,460916.798,1772784098.798,0,,invalid,GNSS1_PNTPOS_REJECTED,0,0,0,0,1,0,,,,,0.0020787889952771366,0
215,2408,460916.998,1772784098.998,0,,invalid,GNSS1_PNTPOS_REJECTED,0,0,0,0,1,0,,,,,0.002201981005782727,0
216,2408,460917.19800000003,1772784099.198,0,,invalid,GNSS1_PNTPOS_REJECTED,0,0,0,0,1,0,,,,,0.0021566450013779104,0
217,2408,460917.398,1772784099.398,0,,invalid,GNSS1_PNTPOS_REJECTED,0,0,0,0,1,0,,,,,0.0021516769993468188,0
218,2408,460917.598,1772784099.598,0,,invalid,GNSS1_PNTPOS_REJECTED,0,0,0,0,1,0,,,,,0.0021370770045905374,0
219,2408,460917.798,1772784099.798,0,,invalid,GNSS1_PNTPOS_REJECTED,0,0,0,0,1,0,,,,,0.002088531000481453,0
220,2408,460917.998,1772784099.998,0,,invalid,GNSS1_PNTPOS_REJECTED,0,0,0,0,1,0,,,,,0.0019886770023731515,0
221,2408,460918.19800000003,1772784100.198,0,,invalid,GNSS1_PNTPOS_REJECTED,0,0,0,0,1,0,,,,,0.002323212996998336,0
222,2408,460918.398,1772784100.398,0,,invalid,GNSS1_PNTPOS_REJECTED,0,0,0,0,1,0,,,,,0.0021493769963853993,0
223,2408,460918.598,1772784100.598,0,,invalid,GNSS1_PNTPOS_REJECTED,0,0,0,0,1,0,,,,,0.0025813270040089265,0
224,2408,460918.798,1772784100.798,0,,invalid,GNSS1_PNTPOS_REJECTED,0,0,0,0,1,0,,,,,0.0020892789980280213,0
225,2408,460918.998,1772784100.998,0,,invalid,GNSS1_PNTPOS_REJECTED,0,0,0,0,1,0,,,,,0.0021182330019655637,0
226,2408,460919.19800000003,1772784101.198,0,,invalid,GNSS1_PNTPOS_REJECTED,0,0,0,0,1,0,,,,,0.0023829839992686175,0
227,2408,460919.398,1772784101.398,0,,invalid,GNSS1_PNTPOS_REJECTED,0,0,0,0,1,0,,,,,0.0020518160017672926,0
228,2408,460919.598,1772784101.598,0,,invalid,GNSS1_PNTPOS_REJECTED,0,0,0,0,1,0,,,,,0.0020067130026291125,0
229,2408,460919.798,1772784101.798,0,,invalid,GNSS1_PNTPOS_REJECTED,0,0,0,0,1,0,,,,,0.002364357002079487,0
230,2408,460919.998,1772784101.998,0,,invalid,GNSS1_PNTPOS_REJECTED,0,0,0,0,1,0,,,,,0.002361040002142545,0
231,2408,460920.19800000003,1772784102.198,0,,invalid,GNSS1_PNTPOS_REJECTED,0,0,0,0,1,0,,,,,0.002424729995254893,0
232,2408,460920.398,1772784102.398,0,,invalid,GNSS1_PNTPOS_REJECTED,0,0,0,0,1,0,,,,,0.0020739819956361316,0
233,2408,460920.598,1772784102.598,0,,invalid,GNSS1_PNTPOS_REJECTED,0,0,0,0,1,0,,,,,0.0025011350007844158,0
234,2408,460920.798,1772784102.798,0,,invalid,GNSS1_PNTPOS_REJECTED,0,0,0,0,1,0,,,,,0.0024276869953610003,0
235,2408,460920.998,1772784102.998,0,,invalid,GNSS1_PNTPOS_REJECTED,0,0,0,0,1,0,,,,,0.002362630002608057,0
236,2408,460921.19800000003,1772784103.198,0,,invalid,GNSS1_PNTPOS_REJECTED,0,0,0,0,1,0,,,,,0.0019353329989826307,0
237,2408,460921.398,1772784103.398,0,,invalid,GNSS1_PNTPOS_REJECTED,0,0,0,0,1,0,,,,,0.0020993270009057596,0
238,2408,460921.598,1772784103.598,0,,invalid,GNSS1_PNTPOS_REJECTED,0,0,0,0,1,0,,,,,0.0023503389966208488,0
239,2408,460921.798,1772784103.798,0,,invalid,GNSS1_PNTPOS_REJECTED,0,0,0,0,1,0,,,,,0.0026480480009922758,0
240,2408,460921.998,1772784103.998,0,,invalid,GNSS1_PNTPOS_REJECTED,0,0,0,0,1,0,,,,,0.0022738150000805035,0
241,2408,460922.19800000003,1772784104.198,0,,invalid,GNSS1_PNTPOS_REJECTED,0,0,0,0,1,0,,,,,0.002249199002108071,0
242,2408,460922.398,1772784104.398,0,,invalid,GNSS1_PNTPOS_REJECTED,0,0,0,0,1,0,,,,,0.0021529049990931526,0
243,2408,460922.598,1772784104.598,0,,invalid,GNSS1_PNTPOS_REJECTED,0,0,0,0,1,0,,,,,0.0022597740025958046,0
244,2408,460922.798,1772784104.798,0,,invalid,GNSS1_PNTPOS_REJECTED,0,0,0,0,1,0,,,,,0.0024377739973715506,0
245,2408,460922.998,1772784104.998,0,,invalid,GNSS1_PNTPOS_REJECTED,0,0,0,0,1,0,,,,,0.002314685996680055,0
246,2408,460923.19800000003,1772784105.198,0,,invalid,GNSS1_PNTPOS_REJECTED,0,0,0,0,1,0,,,,,0.0020938589950674213,0
247,2408,460923.398,1772784105.398,0,,invalid,GNSS1_PNTPOS_REJECTED,0,0,0,0,1,0,,,,,0.0023960180042195134,0
248,2408,460923.598,1772784105.598,0,,invalid,GNSS1_PNTPOS_REJECTED,0,0,0,0,1,0,,,,,0.0030914730014046654,0
249,2408,460923.798,1772784105.798,0,,invalid,GNSS1_PNTPOS_REJECTED,0,0,0,0,1,0,,,,,0.002404310005658772,0
250,2408,460923.998,1772784105.998,0,,invalid,GNSS1_PNTPOS_REJECTED,0,0,0,0,1,0,,,,,0.002275632999953814,0
251,2408,460924.19800000003,1772784106.198,0,,invalid,GNSS2_PNTPOS_REJECTED,0,0,0,0,1,0,,,,,0.0023719970049569383,0
252,2408,460924.398,1772784106.398,0,,invalid,GNSS2_PNTPOS_REJECTED,0,0,0,0,1,0,,,,,0.0027266020042588934,0
253,2408,460924.598,1772784106.598,0,,invalid,GNSS2_PNTPOS_REJECTED,0,0,0,0,1,0,,,,,0.003039547002117615,0
254,2408,460924.798,1772784106.798,1,78.76625205850104,float,,1,1,1,1,1,0,0.5107516806833053,-0.10144422656960725,-1.8139826695141874,1.8872443762594566,0.009337479001260363,20
255,2408,460924.998,1772784106.998,1,330.73401263568053,float,,1,1,1,1,1,0,-0.17339905574394626,-0.3094237395684295,-0.39160907896008146,0.5283634675726235,0.00828300800640136,20
256,2408,460925.19800000003,1772784107.198,1,302.4175208259609,float,,1,1,1,1,1,0,-0.5958151271836194,-0.3783714037384692,0.6869761755420816,0.9849349474509863,0.010369276998972055,20
257,2408,460925.398,1772784107.398,1,308.64748351524423,float,,1,1,1,1,1,0,-0.35147069122628216,-0.28105258391366694,-0.6684823290239699,0.8058478925535143,0.007269914000062272,20
258,2408,460925.598,1772784107.598,1,89.27448665672449,float,,1,1,1,1,1,0,0.6607763210223916,-0.00836759122918146,-2.2600956788725886,2.3547245785155875,0.00780124500306556,20
259,2408,460925.798,1772784107.798,0,,invalid,GNSS1_PNTPOS_REJECTED,0,0,0,0,1,0,,,,,0.002217403001850471,0
260,2408,460925.998,1772784107.998,0,,invalid,GNSS1_PNTPOS_REJECTED,0,0,0,0,1,0,,,,,0.0020846859988523647,0
261,2408,460926.19800000003,1772784108.198,1,21.255445476491104,float,,1,1,1,1,1,0,0.08033158646027339,-0.20651422522505142,-0.7678617966505207,0.7991952375727055,0.008235105997300707,20
262,2408,460926.398,1772784108.398,1,101.32292995265107,float,,1,1,1,1,1,0,0.28624112721334694,0.057315759301268254,-1.1082728318570358,1.1460749316711636,0.007649223996850196,20
263,2408,460926.598,1772784108.598,1,300.45791491369914,float,,1,1,1,1,1,0,-0.06927991117136534,-0.04074047162078469,-0.5279260595728681,0.5340088168709686,0.008730973000638187,20
264,2408,460926.798,1772784108.798,1,284.38223558746347,paper_ratio_fixed,,1,1,1,1,1,1,-2.872209245321767,-0.7365088397379036,4.698349976598943,5.5557649088609935,0.007273905001056846,16
265,2408,460926.998,1772784108.998,1,284.9717299666264,float,,1,1,1,1,1,0,-0.6184212519262142,-0.1653784784937079,0.009825732348425542,0.6402276399836724,0.008227452999562956,20
266,2408,460927.19800000003,1772784109.198,1,285.54126048075875,float,,1,1,1,1,1,0,-0.5282191783314848,-0.14689786698023652,0.07142980492345019,0.552898454249905,0.007348484999965876,20
267,2408,460927.398,1772784109.398,1,285.3712521688401,float,,1,1,1,1,1,0,-0.6117129382221462,-0.1681636509137969,0.013599712309724588,0.6345523496544127,0.007943040996906348,20
268,2408,460927.598,1772784109.598,1,283.6356209020266,float,,1,1,1,1,1,0,-0.6110296994267906,-0.14822581413250618,0.0068118601677018276,0.6287881892941237,0.007792971002345439,20
269,2408,460927.798,1772784109.798,1,286.66358699869056,float,,1,1,1,1,1,0,-0.6094042594095817,-0.18240796774176532,0.009026258881731315,0.6361821212763069,0.008090839000942651,20
270,2408,460927.998,1772784109.998,1,286.6562789508398,float,,1,1,1,1,1,0,-0.5428240346036165,-0.16240361909786344,0.046430205772539535,0.5684968179748349,0.00892324800224742,20
271,2408,460928.19800000003,1772784110.198,1,286.6049326485471,float,,1,1,1,1,1,0,-0.5530379809764079,-0.1649196268356074,0.05911287926405545,0.5801239731410386,0.008067117996688467,20
272,2408,460928.398,1772784110.398,1,286.5582226388643,float,,1,1,1,1,1,0,-0.5265316506852482,-0.15654795163600324,0.07867465585965183,0.5549166980812483,0.00978783499886049,20
273,2408,460928.598,1772784110.598,1,288.36284335198445,float,,1,1,1,1,1,0,-0.49608800376785767,-0.16466927423280137,0.07028193159936352,0.5274076480940271,0.009145151001575869,20
274,2408,460928.798,1772784110.798,0,,invalid,GNSS1_PNTPOS_REJECTED,0,0,0,0,1,0,,,,,0.002273534999403637,0
275,2408,460928.998,1772784110.998,0,,invalid,GNSS1_PNTPOS_REJECTED,0,0,0,0,1,0,,,,,0.002994645001308527,0
276,2408,460929.19800000003,1772784111.198,0,,invalid,GNSS1_PNTPOS_REJECTED,0,0,0,0,1,0,,,,,0.0024041169963311404,0
277,2408,460929.398,1772784111.398,0,,invalid,GNSS1_PNTPOS_REJECTED,0,0,0,0,1,0,,,,,0.0024859019977157004,0
278,2408,460929.598,1772784111.598,0,,invalid,GNSS1_PNTPOS_REJECTED,0,0,0,0,1,0,,,,,0.002444701000058558,0
279,2408,460929.798,1772784111.798,0,,invalid,GNSS1_PNTPOS_REJECTED,0,0,0,0,1,0,,,,,0.002752510001300834,0
280,2408,460929.998,1772784111.998,0,,invalid,GNSS1_PNTPOS_REJECTED,0,0,0,0,1,0,,,,,0.003023926001333166,0
281,2408,460930.19800000003,1772784112.198,0,,invalid,GNSS1_PNTPOS_REJECTED,0,0,0,0,1,0,,,,,0.0023192700027721003,0
282,2408,460930.398,1772784112.398,0,,invalid,GNSS1_PNTPOS_REJECTED,0,0,0,0,1,0,,,,,0.0025717570024426095,0
283,2408,460930.598,1772784112.598,0,,invalid,GNSS1_PNTPOS_REJECTED,0,0,0,0,1,0,,,,,0.0033104129979619756,0
284,2408,460930.798,1772784112.798,0,,invalid,GNSS2_PNTPOS_REJECTED,0,0,0,0,1,0,,,,,0.0035671820005518384,0
285,2408,460930.998,1772784112.998,0,,invalid,GNSS2_PNTPOS_REJECTED,0,0,0,0,1,0,,,,,0.0027331490055075847,0
286,2408,460931.19800000003,1772784113.198,0,,invalid,GNSS2_PNTPOS_REJECTED,0,0,0,0,1,0,,,,,0.0030044570012250915,0
287,2408,460931.398,1772784113.398,0,,invalid,GNSS2_PNTPOS_REJECTED,0,0,0,0,1,0,,,,,0.003152631994453259,0
288,2408,460931.598,1772784113.598,0,,invalid,GNSS1_PNTPOS_REJECTED,0,0,0,0,1,0,,,,,0.002762543001153972,0
289,2408,460931.798,1772784113.798,0,,invalid,GNSS1_PNTPOS_REJECTED,0,0,0,0,1,0,,,,,0.002241080001113005,0
290,2408,460931.998,1772784113.998,0,,invalid,GNSS1_PNTPOS_REJECTED,0,0,0,0,1,0,,,,,0.0023954089992912486,0
291,2408,460932.19800000003,1772784114.198,1,284.438248426257,float,,1,1,1,1,1,0,-0.7225213880926645,-0.18602617403492155,-0.057108675069924786,0.7482675286591446,0.009848879999481142,20
292,2408,460932.398,1772784114.398,1,285.4907604015384,float,,1,1,1,1,1,0,-0.516551602832775,-0.1431627354081329,0.07566137634163855,0.5413370217051103,0.008447742002317682,20
293,2408,460932.598,1772784114.598,1,285.11098050028954,float,,1,1,1,1,1,0,-0.5464800395626471,-0.14756399227272615,0.047675414135882666,0.5680567846341469,0.008051098993746564,20
294,2408,460932.798,1772784114.798,1,285.889757301764,float,,1,1,1,1,1,0,-0.5064233833214543,-0.1441606216596954,0.08322931591139213,0.5330797754925024,0.009281400001782458,20
295,2408,460932.998,1772784114.998,1,283.74879270176723,float,,1,1,1,1,1,0,-0.5862865143305915,-0.14345030385952368,0.04125415301904581,0.6049890674257044,0.008515615001670085,20
296,2408,460933.19800000003,1772784115.198,1,288.6851377985388,float,,1,1,1,1,1,0,-0.40312473865602555,-0.13633365759056273,0.14773212113716672,0.45046775769659275,0.009565122003550641,20
297,2408,460933.398,1772784115.398,1,282.6172268228019,float,,1,1,1,1,1,0,-0.6347914283505913,-0.14209310436803974,-0.007855078898988815,0.6505477000811238,0.009573379000357818,20
298,2408,460933.598,1772784115.598,0,,invalid,GNSS2_PNTPOS_REJECTED,0,0,0,0,1,0,,,,,0.002740625001024455,0
299,2408,460933.798,1772784115.798,0,,invalid,GNSS1_PNTPOS_REJECTED,0,0,0,0,1,0,,,,,0.002593579003587365,0
300,2408,460933.998,1772784115.998,0,,invalid,GNSS1_PNTPOS_REJECTED,0,0,0,0,1,0,,,,,0.002382529004535172,0
301,2408,460934.19800000003,1772784116.198,1,268.2795802650361,paper_ratio_fixed,,1,1,1,1,1,1,-0.41607928659675364,0.012497364300493308,0.16147244112575404,0.4464879685864254,0.007491702999686822,16
302,2408,460934.398,1772784116.398,1,287.76658615736994,float,,1,1,1,1,1,0,-0.36569415940021494,-0.11717634365173962,0.0345449525407667,0.3855591620971602,0.008504964003805071,20
303,2408,460934.598,1772784116.598,1,265.9048342248459,paper_ratio_fixed,,1,1,1,1,1,1,-0.37818947778308715,0.027076886051810273,-0.008053995090134557,0.3792430694172523,0.009638859999540728,20
304,2408,460934.798,1772784116.798,1,292.3872653185768,float,,1,1,1,1,1,0,-0.3666913196009489,-0.15104391676656945,0.1309405923333255,0.417638871973711,0.007728206001047511,20
305,2408,460934.998,1772784116.998,1,266.8956652083384,paper_ratio_fixed,,1,1,1,1,1,1,-0.3467275082110278,0.018804399810195604,0.00044146491280133704,0.3472373328052721,0.008906734001357108,20
306,2408,460935.19800000003,1772784117.198,1,259.5593502496811,paper_ratio_fixed,,1,1,1,1,1,1,-0.3463767233095692,0.06382608046831406,0.027749226040442478,0.35329962148927524,0.008460398996248841,20
307,2408,460935.398,1772784117.398,1,266.2325386637434,paper_ratio_fixed,,1,1,1,1,1,1,-0.358911712418971,0.02363416971731397,-0.02818783237426664,0.3607918308161989,0.00870650699653197,20
308,2408,460935.598,1772784117.598,1,269.8498450389119,paper_ratio_fixed,,1,1,1,1,1,1,-0.34896213489086075,0.0009145266229005911,-0.056943930616257826,0.35357887264450694,0.00941682000120636,20
309,2408,460935.798,1772784117.798,0,,invalid,GNSS2_PNTPOS_REJECTED,0,0,0,0,1,0,,,,,0.007283708000613842,0
310,2408,460935.998,1772784117.998,0,,invalid,GNSS2_PNTPOS_REJECTED,0,0,0,0,1,0,,,,,0.0033103909954661503,0
311,2408,460936.19800000003,1772784118.198,1,304.9698239764724,float,,1,1,1,1,1,0,-0.3661478180133118,-0.2560921814069526,0.07940100144280757,0.45381929117634645,0.0083817109989468,20
312,2408,460936.398,1772784118.398,1,307.9955467240617,float,,1,1,1,1,1,0,-0.35803095680628344,-0.2796796291642065,0.020639002751136608,0.45478877452682615,0.008816517998639029,20
313,2408,460936.598,1772784118.598,0,,invalid,GNSS1_PNTPOS_REJECTED,0,0,0,0,1,0,,,,,0.0024608179955976084,0
314,2408,460936.798,1772784118.798,0,,invalid,GNSS1_PNTPOS_REJECTED,0,0,0,0,1,0,,,,,0.002397691998339724,0
315,2408,460936.998,1772784118.998,0,,invalid,GNSS1_PNTPOS_REJECTED,0,0,0,0,1,0,,,,,0.0030524239991791546,0
316,2408,460937.19800000003,1772784119.198,0,,invalid,GNSS1_PNTPOS_REJECTED,0,0,0,0,1,0,,,,,0.0022811680028098635,0
317,2408,460937.398,1772784119.398,0,,invalid,GNSS1_PNTPOS_REJECTED,0,0,0,0,1,0,,,,,0.002567503004684113,0
318,2408,460937.598,1772784119.598,0,,invalid,GNSS1_PNTPOS_REJECTED,0,0,0,0,1,0,,,,,0.002397844997176435,0
319,2408,460937.798,1772784119.798,1,306.35889990503483,float,,1,1,1,1,1,0,-0.3635789640837701,-0.2676511728785824,0.03304038119919578,0.4526792244595464,0.010121278995939065,20
320,2408,460937.998,1772784119.998,0,,invalid,GNSS2_PNTPOS_REJECTED,0,0,0,0,1,0,,,,,0.0026262910032528453,0
321,2408,460938.19800000003,1772784120.198,0,,invalid,GNSS2_PNTPOS_REJECTED,0,0,0,0,1,0,,,,,0.002619320002850145,0
322,2408,460938.398,1772784120.398,0,,invalid,GNSS2_PNTPOS_REJECTED,0,0,0,0,1,0,,,,,0.0029204180027591065,0
323,2408,460938.598,1772784120.598,0,,invalid,GNSS1_PNTPOS_REJECTED,0,0,0,0,1,0,,,,,0.002616776000650134,0
324,2408,460938.798,1772784120.798,0,,invalid,GNSS1_PNTPOS_REJECTED,0,0,0,0,1,0,,,,,0.0026412000006530434,0
325,2408,460938.998,1772784120.998,0,,invalid,GNSS1_PNTPOS_REJECTED,0,0,0,0,1,0,,,,,0.0035695340047823265,0
326,2408,460939.19800000003,1772784121.198,0,,invalid,GNSS1_PNTPOS_REJECTED,0,0,0,0,1,0,,,,,0.002868085997761227,0
327,2408,460939.398,1772784121.398,0,,invalid,GNSS1_PNTPOS_REJECTED,0,0,0,0,1,0,,,,,0.0028791709992219694,0
328,2408,460939.598,1772784121.598,0,,invalid,GNSS1_PNTPOS_REJECTED,0,0,0,0,1,0,,,,,0.002482711999618914,0
329,2408,460939.798,1772784121.798,0,,invalid,GNSS1_PNTPOS_REJECTED,0,0,0,0,1,0,,,,,0.0031172119997791015,0
330,2408,460939.998,1772784121.998,1,305.7509114005543,float,,1,1,1,1,1,0,-0.3825393392638619,-0.27539815706813525,0.16656662287831742,0.49992492522182264,0.00905779900494963,20
331,2408,460940.19800000003,1772784122.198,1,308.8250245412815,float,,1,1,1,1,1,0,-0.3426857173812602,-0.27577290401952526,-0.07767980828326991,0.4466747677039714,0.008844281001074705,20
332,2408,460940.398,1772784122.398,1,315.4271964165788,float,,1,1,1,1,1,0,-0.24221745360725894,-0.24585659333841808,-0.6933860563428369,0.774531459948935,0.009791172000404913,24
333,2408,460940.598,1772784122.598,1,310.267590256086,float,,1,1,1,1,1,0,-0.3040022447291003,-0.25751715724462826,-0.30943166958354185,0.5044605130403613,0.009104850003495812,24
334,2408,460940.798,1772784122.798,0,,invalid,GNSS2_PNTPOS_REJECTED,0,0,0,0,1,0,,,,,0.0032832639990374446,0
335,2408,460940.998,1772784122.998,0,,invalid,GNSS1_PNTPOS_REJECTED,0,0,0,0,1,0,,,,,0.002633855001477059,0
336,2408,460941.19800000003,1772784123.198,0,,invalid,GNSS1_PNTPOS_REJECTED,0,0,0,0,1,0,,,,,0.0029170409979997203,0
337,2408,460941.398,1772784123.398,0,,invalid,GNSS1_PNTPOS_REJECTED,0,0,0,0,1,0,,,,,0.002672062000783626,0
338,2408,460941.598,1772784123.598,0,,invalid,GNSS1_PNTPOS_REJECTED,0,0,0,0,1,0,,,,,0.0025760550051927567,0
339,2408,460941.798,1772784123.798,0,,invalid,GNSS2_PNTPOS_REJECTED,0,0,0,0,1,0,,,,,0.0033073250015149824,0
340,2408,460941.998,1772784123.998,0,,invalid,GNSS2_PNTPOS_REJECTED,0,0,0,0,1,0,,,,,0.003285101003712043,0
341,2408,460942.19800000003,1772784124.198,0,,invalid,GNSS2_PNTPOS_REJECTED,0,0,0,0,1,0,,,,,0.0031528249965049326,0
342,2408,460942.398,1772784124.398,0,,invalid,GNSS2_PNTPOS_REJECTED,0,0,0,0,1,0,,,,,0.0031899919995339587,0
343,2408,460942.598,1772784124.598,0,,invalid,GNSS2_PNTPOS_REJECTED,0,0,0,0,1,0,,,,,0.003201002000423614,0
344,2408,460942.798,1772784124.798,0,,invalid,GNSS2_PNTPOS_REJECTED,0,0,0,0,1,0,,,,,0.002876315003959462,0
345,2408,460942.998,1772784124.998,0,,invalid,GNSS2_PNTPOS_REJECTED,0,0,0,0,1,0,,,,,0.0030383580015040934,0
346,2408,460943.19800000003,1772784125.198,0,,invalid,GNSS2_PNTPOS_REJECTED,0,0,0,0,1,0,,,,,0.003040121002413798,0
347,2408,460943.398,1772784125.398,0,,invalid,GNSS2_PNTPOS_REJECTED,0,0,0,0,1,0,,,,,0.003059843002120033,0
348,2408,460943.598,1772784125.598,0,,invalid,GNSS2_PNTPOS_REJECTED,0,0,0,0,1,0,,,,,0.0033657789972494356,0
349,2408,460943.798,1772784125.798,0,,invalid,GNSS2_PNTPOS_REJECTED,0,0,0,0,1,0,,,,,0.0031384829999296926,0
350,2408,460943.998,1772784125.998,0,,invalid,GNSS2_PNTPOS_REJECTED,0,0,0,0,1,0,,,,,0.0030357349969563074,0
351,2408,460944.19800000003,1772784126.198,0,,invalid,GNSS2_PNTPOS_REJECTED,0,0,0,0,1,0,,,,,0.0029977509984746575,0
352,2408,460944.398,1772784126.398,0,,invalid,GNSS2_PNTPOS_REJECTED,0,0,0,0,1,0,,,,,0.00287091700010933,0
353,2408,460944.598,1772784126.598,0,,invalid,GNSS2_PNTPOS_REJECTED,0,0,0,0,1,0,,,,,0.0040600889988127165,0
354,2408,460944.798,1772784126.798,0,,invalid,GNSS2_PNTPOS_REJECTED,0,0,0,0,1,0,,,,,0.0035297640060889535,0
355,2408,460944.998,1772784126.998,0,,invalid,GNSS2_PNTPOS_REJECTED,0,0,0,0,1,0,,,,,0.0033301580042461865,0
356,2408,460945.19800000003,1772784127.198,0,,invalid,GNSS2_PNTPOS_REJECTED,0,0,0,0,1,0,,,,,0.0032836780010256916,0
357,2408,460945.398,1772784127.398,1,324.4478999509358,float,,1,1,1,1,1,0,-0.231848734394152,-0.32441554338401146,-0.7568611378009251,0.8554753429191425,0.009714615996927023,20
358,2408,460945.598,1772784127.598,1,306.771066776617,float,,1,1,1,1,1,0,-0.27886290298794414,-0.20839655798341128,-0.46707136446261677,0.5825369546588159,0.009537117002764717,20
359,2408,460945.798,1772784127.798,1,319.9493173268117,float,,1,1,1,1,1,0,-0.26123166955158794,-0.3107650915417617,-0.5765033714638328,0.7051050025399306,0.01088891200197395,20
360,2408,460945.998,1772784127.998,1,301.7892033925047,float,,1,1,1,1,1,0,-0.27339718163174487,-0.16944211966665623,-0.4994257039294707,0.594039295490423,0.012372242003038991,20
361,2408,460946.19800000003,1772784128.198,0,,invalid,INSUFFICIENT_GPS_DUAL_FREQUENCY_SATELLITE_STATES,0,0,0,0,1,0,,,,,0.004696226002124604,4
362,2408,460946.398,1772784128.398,1,303.8240203566682,float,,1,1,1,1,1,0,-0.2972459906489475,-0.199169360077598,-0.353227339905381,0.5027854081088926,0.010160847996303346,24
363,2408,460946.598,1772784128.598,1,295.4273127537871,float,,1,1,1,1,1,0,-0.28282080538687404,-0.1344584469569827,-0.4394976729523308,0.5396525608651159,0.012238581002748106,24
364,2408,460946.798,1772784128.798,1,294.89194214952397,float,,1,1,1,1,1,0,-0.31157759597541734,-0.1445762475970046,-0.26501834986579864,0.43384054149957174,0.009811919000640046,24
365,2408,460946.998,1772784128.998,1,290.3983084151253,float,,1,1,1,1,1,0,-0.323315789463861,-0.12022919870365484,-0.19298439432566272,0.39526084601286465,0.011323572005494498,24
366,2408,460947.19800000003,1772784129.198,1,285.46753599306885,float,,1,1,1,1,1,0,-0.3111814906488295,-0.08610841788938481,-0.26285334986546977,0.41634176260536193,0.010114349002833478,24
367,2408,460947.398,1772784129.398,1,279.0530842945468,float,,1,1,1,1,1,0,-0.3168269421793661,-0.050481404576956365,-0.21895912896869027,0.3884208846824759,0.009235650999471545,24
368,2408,460947.598,1772784129.598,1,268.3877169253217,paper_ratio_fixed,,1,1,1,1,1,1,-0.3455384078992569,0.009725896465577574,0.005394294297200342,0.34571734524981124,0.009796297003049403,24
369,2408,460947.798,1772784129.798,1,263.65107444852003,paper_ratio_fixed,,1,1,1,1,1,1,-0.3502408315881802,0.03896969648032348,-0.01103245012076104,0.35257480385163037,0.010642463996191509,24
370,2408,460947.998,1772784129.998,1,265.6847154869216,paper_ratio_fixed,,1,1,1,1,1,1,-0.3364184545154135,0.02538568454780564,0.03737349965927472,0.3394386365682049,0.010791300002892967,24
371,2408,460948.19800000003,1772784130.198,1,262.8048561188093,paper_ratio_fixed,,1,1,1,1,1,1,-0.34452211691974455,0.043493599139594746,0.03810439561497231,0.3493409898339446,0.009107503996347077,24
372,2408,460948.398,1772784130.398,1,262.22427596642274,float,,1,1,1,1,1,0,-0.3926664337971676,0.0536191276126322,-0.402600950089099,0.5649331501067806,0.009215434001816902,24
373,2408,460948.598,1772784130.598,1,265.10817807863805,paper_ratio_fixed,,1,1,1,1,1,1,-0.33940060147002415,0.02904809603118707,0.03131304621416342,0.34207757457112203,0.011305258005450014,24
374,2408,460948.798,1772784130.798,1,257.7359917413023,float,,1,1,1,1,1,0,-0.35641804380794806,0.07747719668647997,-0.11160302660747734,0.3814338389632325,0.0092172689983272,24
375,2408,460948.998,1772784130.998,1,268.3066208006197,paper_ratio_fixed,,1,1,1,1,1,1,-0.35089198030742186,0.010373648034083562,-0.013587804496481767,0.35130815938237725,0.009850209004071075,24
376,2408,460949.19800000003,1772784131.198,1,257.0948185586551,float,,1,1,1,1,1,0,-0.34726040665005276,0.07956630217985194,-0.025078559182415944,0.35714075740525814,0.011552631003723945,24
377,2408,460949.398,1772784131.398,1,257.83871392431513,float,,1,1,1,1,1,0,-0.34962315827060014,0.07534396027208203,-0.018680583736422618,0.358136886340019,0.011682090997055639,24
378,2408,460949.598,1772784131.598,1,260.16944977914795,float,,1,1,1,1,1,0,-0.3459764203488005,0.059950501336463506,0.08813277709699445,0.3620236628270198,0.011767231997509953,24
379,2408,460949.798,1772784131.798,1,262.189161667754,paper_ratio_fixed,,1,1,1,1,1,1,-0.3545870436305337,0.04864071874587743,0.047555986804636685,0.361053268800769,0.011742754999431781,24
380,2408,460949.998,1772784131.998,1,263.4127968993964,paper_ratio_fixed,,1,1,1,1,1,1,-0.3467193776020602,0.040038326952862635,7.334843911560585e-05,0.3490234946388822,0.010398701000667643,24
381,2408,460950.19800000003,1772784132.198,1,260.4438699067158,paper_ratio_fixed,,1,1,1,1,1,1,-0.3522472278339203,0.05930077264766251,0.02759090148820112,0.35826798489150985,0.010079215004225262,24
382,2408,460950.398,1772784132.398,1,266.2056470605091,paper_ratio_fixed,,1,1,1,1,1,1,-0.3447759518644987,0.02286586271971236,-0.017100029814030193,0.345956233766106,0.00882610500411829,24
383,2408,460950.598,1772784132.598,1,263.929617867298,float,,1,1,1,1,1,0,-0.3620129250636231,0.03849875910663639,0.2979499731650611,0.47043564796359966,0.009454762999666855,24
384,2408,460950.798,1772784132.798,1,262.17223872735804,paper_ratio_fixed,,1,1,1,1,1,1,-0.35005753628914615,0.04812472369266857,0.03347152479809937,0.35493183953490615,0.010190075998252723,20
385,2408,460950.998,1772784132.998,1,259.18451954875593,float,,1,1,1,1,1,0,-0.3271064695968507,0.06249049629234389,0.1996522481692788,0.38828433496347253,0.01043956499779597,24
386,2408,460951.19800000003,1772784133.198,1,265.01055198947404,paper_ratio_fixed,,1,1,1,1,1,1,-0.34443713632201334,0.030070426274460507,0.05451106077161516,0.35001803833586015,0.01041468299808912,20
387,2408,460951.398,1772784133.398,1,264.54004505628563,paper_ratio_fixed,,1,1,1,1,1,1,-0.34684393968042015,0.033152626173598626,-0.0004962779823365349,0.3484251159246088,0.011305785999866202,24
388,2408,460951.598,1772784133.598,1,264.62491697078906,paper_ratio_fixed,,1,1,1,1,1,1,-0.3648008364690383,0.03432377512482494,-0.04314721216099571,0.3689436999659915,0.009672477004642133,28
389,2408,460951.798,1772784133.798,1,262.26137741128684,paper_ratio_fixed,,1,1,1,1,1,1,-0.33971729397769057,0.046164788239435164,-0.07025207185533988,0.3499633996587134,0.011842911000712775,28
390,2408,460951.998,1772784133.998,1,266.3450997272106,paper_ratio_fixed,,1,1,1,1,1,1,-0.34007503285534935,0.0217228738531006,-0.046186130078530646,0.3438838028050109,0.01097920900065219,28
391,2408,460952.19800000003,1772784134.198,1,248.4244511161459,float,,1,1,1,1,1,0,-0.3334413122959934,0.13185417939837712,-0.08126036150353938,0.36765728569168804,0.011857933001010679,28
392,2408,460952.398,1772784134.398,1,306.46288142190787,float,,1,1,1,1,1,0,-0.25809306521562325,-0.190720191631747,-0.7946074328671595,0.856963939834217,0.011036834999686107,28
393,2408,460952.598,1772784134.598,1,321.4744475079289,float,,1,1,1,1,1,0,-0.309400984229526,-0.38861447793417636,-0.5095248639434933,0.711593822681793,0.011125573997560423,28
394,2408,460952.798,1772784134.798,1,329.78816491782953,float,,1,1,1,1,1,0,-0.3295438956934732,-0.565944174807721,-0.4454524829601274,0.7920352913620489,0.008172012996510603,24
395,2408,460952.998,1772784134.998,1,336.8409083330399,float,,1,1,1,1,1,0,-0.26169345394800914,-0.6117825588240509,-0.966349031787574,1.1732824955471397,0.009109350001381245,24
396,2408,460953.19800000003,1772784135.198,1,346.6737255358211,float,,1,1,1,1,1,0,-0.1594366243564327,-0.6730855433598781,-1.7481888774062653,1.8800607801220721,0.010210298001766205,24
397,2408,460953.398,1772784135.398,1,340.3704216537626,float,,1,1,1,1,1,0,-0.24817843172532927,-0.6958290962598539,-1.1055955366855066,1.3297037850267113,0.009942454998963512,24
398,2408,460953.598,1772784135.598,1,329.1322127201454,float,,1,1,1,1,1,0,-0.36404089387000516,-0.6090448155183763,-0.21342594162925832,0.7409534346231353,0.00828614300553454,20
399,2408,460953.798,1772784135.798,1,322.16496376790053,float,,1,1,1,1,1,0,-0.4407678953855237,-0.5675176224604803,0.3728218296218324,0.8095361054630923,0.007993455001269467,20
400,2408,460953.998,1772784135.998,1,319.3360388719407,float,,1,1,1,1,1,0,-0.4303269956873657,-0.5009382866547917,0.326987121621811,0.7369132024604182,0.00866504500299925,16
401,2408,460954.19800000003,1772784136.198,0,,invalid,INSUFFICIENT_GPS_DUAL_FREQUENCY_SATELLITE_STATES,0,0,0,0,1,0,,,,,0.004092724004294723,4
402,2408,460954.398,1772784136.398,1,306.33758379780465,float,,1,1,1,1,1,0,-0.6718189321291028,-0.49417887521911324,2.108307773368361,2.2672704085585758,0.00982206500339089,16
403,2408,460954.598,1772784136.598,1,297.21890942563465,float,,1,1,1,1,1,0,-0.6397898350191554,-0.3290742787642348,1.9501687531787586,2.0786483781084364,0.010571721999440342,20
404,2408,460954.798,1772784136.798,1,307.00217590008657,float,,1,1,1,1,1,0,-0.5828279996910738,-0.43922710307207796,1.4809438796344356,1.6510008176629356,0.01048462200560607,20
405,2408,460954.998,1772784136.998,1,342.91753286589676,float,,1,1,1,1,1,0,-0.18790943990895193,-0.6114749092048989,-1.5096238333553045,1.6395656865244526,0.010049987999082077,20
406,2408,460955.19800000003,1772784137.198,1,352.1783483011201,float,,1,1,1,1,1,0,-0.10274976108481293,-0.7479892501187719,-2.2006758713701933,2.326589719423515,0.010724466999818105,20
407,2408,460955.398,1772784137.398,1,337.8570125312819,float,,1,1,1,1,1,0,-0.20606116253048312,-0.5063772131727793,-1.3265044273333806,1.4347449531045944,0.009802615000808146,20
408,2408,460955.598,1772784137.598,1,341.33148908713474,float,,1,1,1,1,1,0,-0.1692726299163988,-0.5010009423668098,-1.5948605141890737,1.680248561139298,0.009744616996613331,20
409,2408,460955.798,1772784137.798,1,334.0626697592556,float,,1,1,1,1,1,0,-0.238738399528722,-0.4908481694435912,-1.0789648160468719,1.2091703863073724,0.009776826998859178,16
410,2408,460955.998,1772784137.998,1,323.24728853088163,float,,1,1,1,1,1,0,-0.3301668129076809,-0.44210334115784855,-0.3828364984109166,0.6715871299571489,0.009518961000139825,16
411,2408,460956.19800000003,1772784138.198,1,322.1549157931328,float,,1,1,1,1,1,0,-0.3033180472717918,-0.3904005672782057,-0.5559104812398312,0.743942809552064,0.0103808019994176,20
412,2408,460956.398,1772784138.398,1,264.1622673494535,paper_ratio_fixed,,1,1,1,1,1,1,-0.29592285651460504,0.030255654218883765,-0.4141674650814929,0.5099219849663337,0.009277299999666866,20
413,2408,460956.598,1772784138.598,1,315.74642946813304,float,,1,1,1,1,1,0,-0.27144140680354323,-0.27860765997017667,-0.2573674609201325,0.4664125592884696,0.01140603000385454,20
414,2408,460956.798,1772784138.798,1,310.37999796382064,float,,1,1,1,1,1,0,-0.3097192640860024,-0.26340537132918795,-0.22955432609429702,0.4669085572354068,0.010419448000902776,24
415,2408,460956.998,1772784138.998,1,310.8045358045304,float,,1,1,1,1,1,0,-0.253369560227632,-0.21873774264541085,-0.2689007422819276,0.42935992280058616,0.011745474999770522,24
416,2408,460957.19800000003,1772784139.198,1,312.4295858364343,float,,1,1,1,1,1,0,-0.23517715366404662,-0.21496905013792614,-0.2793460130578138,0.423738340410708,0.013598662000731565,24
417,2408,460957.398,1772784139.398,1,309.0523995486567,float,,1,1,1,1,1,0,-0.2582089676609047,-0.20948478398591236,-0.26435800960018874,0.42478336001061523,0.009514769000816159,24
418,2408,460957.598,1772784139.598,1,302.8471927257058,float,,1,1,1,1,1,0,-0.2677986895659209,-0.17289683258702246,-0.24972810368831794,0.40493651184304513,0.011221258995647077,24
419,2408,460957.798,1772784139.798,1,306.53883249717455,float,,1,1,1,1,1,0,-0.26879055097858806,-0.1991766087373979,-0.2540671429976485,0.420083080966719,0.013154077001672704,24
420,2408,460957.998,1772784139.998,1,307.3365266035864,float,,1,1,1,1,1,0,-0.2320141472486181,-0.17698127819560966,-0.2725177596242726,0.3992729225303014,0.01064623000274878,24
421,2408,460958.19800000003,1772784140.198,1,175.95796820036196,float,,1,1,1,1,1,0,0.04197454756313279,0.594001607261176,-0.4175079769502501,0.7272638330682206,0.009037582996825222,20
422,2408,460958.398,1772784140.398,1,321.4052727938822,float,,1,1,1,1,1,0,-0.22654598735385345,-0.28384282693762664,-0.28983710429999554,0.46464543667089026,0.012442422004824039,28
423,2408,460958.598,1772784140.598,1,281.735021934773,float,,1,1,1,1,1,0,-0.18202069332301107,-0.037810719488482025,-0.3036002847134194,0.35599763508216686,0.009429880999960005,24
424,2408,460958.798,1772784140.798,1,134.96677166632549,float,,1,1,1,1,1,0,0.03586185461884339,0.03582028300092299,-0.45390072019501626,0.45672204795096516,0.011220112006412819,20
425,2408,460958.998,1772784140.998,1,123.43404993532315,float,,1,1,1,1,1,0,0.32122717301142256,0.2120843015983201,-0.6451200292104519,0.7512299912502508,0.0102714740060037,20
426,2408,460959.19800000003,1772784141.198,1,274.0846455821867,paper_ratio_fixed,,1,1,1,1,1,1,-0.4251627590958159,-0.030361524982933763,-0.13124344640320168,0.4459933140138383,0.00925876999826869,24
427,2408,460959.398,1772784141.398,1,265.5850021268173,paper_ratio_fixed,,1,1,1,1,1,1,-0.36269018026792454,0.028002991053187487,-0.02263516604914903,0.36447316103216304,0.013129847997333854,24
428,2408,460959.598,1772784141.598,1,226.96948581153072,float,,1,1,1,1,1,0,-0.3184176920387562,0.2972465044810553,-0.15996604415601928,0.4640414273665873,0.011576748001971282,24
429,2408,460959.798,1772784141.798,1,220.07710141390575,float,,1,1,1,1,1,0,-0.31053086996614454,0.36906652996044775,-0.20288862103799576,0.523262187899791,0.013398097995377611,24
430,2408,460959.998,1772784141.998,1,216.0470961212003,float,,1,1,1,1,1,0,-0.30516262474969436,0.4192951066261283,-0.24001702473185987,0.5714374735225836,0.011036535004677717,24
431,2408,460960.19800000003,1772784142.198,1,218.07225540178095,float,,1,1,1,1,1,0,-0.30440319709911884,0.38860718159387064,-0.3527881324423946,0.6067423789242755,0.010665264002454933,24
432,2408,460960.398,1772784142.398,1,215.49057284347825,float,,1,1,1,1,1,0,-0.2962500663689316,0.41547185543163645,-0.3548483473057492,0.6215290130517035,0.011692656997183803,24
433,2408,460960.598,1772784142.598,1,215.8041361185053,float,,1,1,1,1,1,0,-0.28806670739525975,0.39935357278447725,-0.4592869164880557,0.6733573907386621,0.011298424004053231,24
434,2408,460960.798,1772784142.798,1,262.96159748451186,paper_ratio_fixed,,1,1,1,1,1,1,-0.3276184365642696,0.040449401117731654,-0.39285063990822056,0.5131292423005124,0.011316875999909826,24
435,2408,460960.998,1772784142.998,1,213.3672058665901,float,,1,1,1,1,1,0,-0.30507948895895637,0.4632540700118523,-0.1559277888614139,0.5761868649190242,0.011293905998172704,24
436,2408,460961.19800000003,1772784143.198,1,201.93006423655632,float,,1,1,1,1,1,0,-0.18282150909077532,0.454094138319952,-0.25811248091279476,0.5533960999552906,0.009749691998877097,24
437,2408,460961.398,1772784143.398,1,206.54703741784306,float,,1,1,1,1,1,0,-0.23861280284353137,0.47760094033075084,-0.2088343151555305,0.5732804715600758,0.011000164995493833,24
438,2408,460961.598,1772784143.598,1,246.1154014600763,float,,1,1,1,1,1,0,-0.6970568318287492,0.3086689285475551,0.1555831249421955,0.7780558097055813,0.015518815998802893,24
439,2408,460961.798,1772784143.798,1,185.09065740743176,float,,1,1,1,1,1,0,-0.04533717463531178,0.5089303095702282,-0.36646114200191865,0.6287760237163241,0.010827124999195803,24
440,2408,460961.998,1772784143.998,1,242.2325227793909,float,,1,1,1,1,1,0,-0.6240125960347708,0.3285519827660923,0.09689478180111236,0.711847402277953,0.00811480000265874,24
441,2408,460962.19800000003,1772784144.198,1,229.95844007555908,float,,1,1,1,1,1,0,-0.4344852920445765,0.36511383109453205,-0.057282121980689424,0.5704093443819078,0.010520862000703346,24
442,2408,460962.398,1772784144.398,1,170.3411207747987,float,,1,1,1,1,1,0,0.08499158282425534,0.4993789677527346,-0.4754298091751644,0.6947203941421989,0.01560969799902523,24
443,2408,460962.598,1772784144.598,1,252.66453352554515,float,,1,1,1,1,1,0,-0.7628490648144743,0.23811914295137884,0.20365985123707708,0.8246919163749125,0.011611312998866197,24
444,2408,460962.798,1772784144.798,1,157.35896867429622,paper_ratio_fixed,,1,1,1,1,1,1,0.07415477946659393,0.17778644807264143,-0.5006938284333988,0.5364711196954772,0.009328905995062087,16
445,2408,460962.998,1772784144.998,1,140.0802457642639,paper_ratio_fixed,,1,1,1,1,1,1,0.12554122010152446,0.15004046207028882,-0.3031395192653086,0.36078567923803123,0.008384139000554569,16
446,2408,460963.19800000003,1772784145.198,1,195.8811928502531,float,,1,1,1,1,1,0,-0.11776136072844912,0.41392009157560794,-0.2603583446780894,0.502975196142007,0.009540603998175357,24
447,2408,460963.398,1772784145.398,1,199.97582301959844,float,,1,1,1,1,1,0,-0.13447294931120732,0.3699470321541031,-0.2894762175250105,0.48861054144243626,0.00910603599913884,20
448,2408,460963.598,1772784145.598,1,204.3588490507384,float,,1,1,1,1,1,0,-0.1564937719205766,0.34564826939831755,-0.3142757766196672,0.4926786889625695,0.01013829599833116,20
449,2408,460963.798,1772784145.798,1,192.30411500834606,float,,1,1,1,1,1,0,-0.07866637568986373,0.36067212264121895,-0.26990450319257053,0.4572977362269898,0.009187768999254331,20
450,2408,460963.998,1772784145.998,1,205.4964850772629,float,,1,1,1,1,1,0,-0.14778673051984245,0.3098902472026148,-0.3270719737199129,0.4741824111268591,0.010894535000261385,20
451,2408,460964.19800000003,1772784146.198,1,196.8738503874356,float,,1,1,1,1,1,0,-0.09994264414253944,0.32949054305319003,-0.29145409961077495,0.45110757282450475,0.010444441002618987,20
452,2408,460964.398,1772784146.398,1,206.94057607391858,float,,1,1,1,1,1,0,-0.13909608124989709,0.2736927970342205,-0.33467580842547684,0.45416226583979813,0.011004189000232145,24
453,2408,460964.598,1772784146.598,1,198.46098093787143,float,,1,1,1,1,1,0,-0.08479448319968506,0.2539987135406304,-0.32100006915590074,0.418026907339097,0.009838231999310665,24
454,2408,460964.798,1772784146.798,1,195.63453802084553,float,,1,1,1,1,1,0,-0.07310041928514964,0.26120826910324063,-0.3140057531143896,0.41493739785238765,0.011682191994623281,24
455,2408,460964.998,1772784146.998,1,211.04150199886206,float,,1,1,1,1,1,0,-0.13128886870345838,0.21814329671573557,-0.36975138548205205,0.4489313444317966,0.010412946001451928,24
456,2408,460965.19800000003,1772784147.198,1,211.29050841082412,float,,1,1,1,1,1,0,-0.1275855729586523,0.20991973408090597,-0.36735977555913324,0.44192485547052296,0.010647465001966339,24
457,2408,460965.398,1772784147.398,1,218.98758208589783,float,,1,1,1,1,1,0,-0.15106507256765195,0.18663252042036052,-0.37691514557599254,0.4468975059148326,0.00993674199708039,24
458,2408,460965.598,1772784147.598,1,219.4072246646242,float,,1,1,1,1,1,0,-0.14973711821903357,0.18224609366553965,-0.385231958937654,0.4517062158259855,0.010110711002198514,20
459,2408,460965.798,1772784147.798,1,223.37493127467667,float,,1,1,1,1,1,0,-0.1747286130675,0.18493234098424177,-0.3916795206192108,0.4670577114649738,0.009135478998359758,20
460,2408,460965.998,1772784147.998,1,223.77563553062282,float,,1,1,1,1,1,0,-0.15441642117888196,0.1611610838984616,-0.4051740882224761,0.46258336314650966,0.010252289001073223,20
461,2408,460966.19800000003,1772784148.198,1,200.54880341396273,float,,1,1,1,1,1,0,-0.07193569292176974,0.19190228711392643,-0.3399398444986552,0.39693869752577776,0.009977433997846674,20
462,2408,460966.398,1772784148.398,1,212.62539077739194,float,,1,1,1,1,1,0,-0.09324073123153565,0.1456542187117833,-0.3856816916816601,0.4226811477787466,0.009235379002348054,20
463,2408,460966.598,1772784148.598,1,211.72130384371593,float,,1,1,1,1,1,0,-0.09506196136836179,0.15379049954707807,-0.38859867892039446,0.4285991454830674,0.009142454000539146,20
464,2408,460966.798,1772784148.798,1,226.88004179854013,float,,1,1,1,1,1,0,-0.14451618352242704,0.13533030618428932,-0.41052633052676424,0.45577525945096165,0.00917269600176951,20
465,2408,460966.998,1772784148.998,1,239.46647563735007,float,,1,1,1,1,1,0,-0.19018806859972184,0.11217927835529144,-0.44103916396242543,0.4932253400613979,0.009027581996633671,20
466,2408,460967.19800000003,1772784149.198,1,224.76228571154334,float,,1,1,1,1,1,0,-0.13156143019619412,0.132657654256254,-0.4041771198161981,0.4452702632457699,0.01037470399751328,20
467,2408,460967.398,1772784149.398,1,240.36827669169213,float,,1,1,1,1,1,0,-0.19896185736140934,0.1131718225007737,-0.44466333495066757,0.5001191493457314,0.008805017998383846,20
468,2408,460967.598,1772784149.598,1,218.37159863581968,float,,1,1,1,1,1,0,-0.11487538640114493,0.14508434785334298,-0.3927820140081246,0.43419296737869995,0.008867147997079883,20
469,2408,460967.798,1772784149.798,1,205.6884049011262,float,,1,1,1,1,1,0,-0.06736802743392425,0.140052947218319,-0.3747851033215981,0.405730394248023,0.008390069000597578,20
470,2408,460967.998,1772784149.998,1,217.52080128424362,float,,1,1,1,1,1,0,-0.10541318728338026,0.13727392055229803,-0.39817709275073765,0.43416709514709795,0.009794128993235063,20
471,2408,460968.19800000003,1772784150.198,1,222.20949651860104,float,,1,1,1,1,1,0,-0.13094314100280435,0.14436207291083533,-0.400843845345759,0.4457154951562357,0.010380836996773724,20
472,2408,460968.398,1772784150.398,1,229.536334658394,float,,1,1,1,1,1,0,-0.13012628118845693,0.11099570474653456,-0.4164985424545662,0.4502487439126236,0.010454773000674322,20
473,2408,460968.598,1772784150.598,1,230.1462609058093,float,,1,1,1,1,1,0,-0.16015160214728263,0.13368796486808482,-0.4138146139963595,0.4634258758182022,0.010446191001392435,20
474,2408,460968.798,1772784150.798,1,228.9541220827958,float,,1,1,1,1,1,0,-0.1505659757073493,0.13109681790154934,-0.41615643406175373,0.461565451821963,0.009711545004392974,20
475,2408,460968.998,1772784150.998,1,228.952499557129,float,,1,1,1,1,1,0,-0.1595824070017344,0.1389553114092535,-0.4070761219711594,0.45878763308570997,0.010575822998362128,20
476,2408,460969.19800000003,1772784151.198,1,214.44082708059807,float,,1,1,1,1,1,0,-0.09599262126889574,0.13997961264431308,-0.3801121644396962,0.41628611897246376,0.010856718996365089,20
477,2408,460969.398,1772784151.398,1,231.24918508073156,float,,1,1,1,1,1,0,-0.13595531004235317,0.10911885165175196,-0.41195763608727787,0.44732523296269294,0.011144980999233667,20
478,2408,460969.598,1772784151.598,1,223.52443252166037,float,,1,1,1,1,1,0,-0.14193710975454246,0.1494428255192779,-0.4048104247510477,0.45425849602597645,0.01181516900396673,20
479,2408,460969.798,1772784151.798,1,219.37306576833026,float,,1,1,1,1,1,0,-0.10061897262173222,0.12261301334706717,-0.3944764429307379,0.42517031025318397,0.011884109997481573,20
480,2408,460969.998,1772784151.998,1,210.37596946686585,float,,1,1,1,1,1,0,-0.07804004517066845,0.13314394822132578,-0.3815760161257798,0.41160395488943546,0.009027743995829951,20
481,2408,460970.19800000003,1772784152.198,1,235.18198231100047,paper_ratio_fixed,,1,1,1,1,1,1,-0.13363187926142006,0.09293891133013493,-0.4258988586190552,0.4559440296430949,0.009567804998368956,16
482,2408,460970.398,1772784152.398,1,145.54878001973935,paper_ratio_fixed,,1,1,1,1,1,1,0.0991209704030866,0.14448527744305217,-0.3737825304909282,0.4128127205787716,0.010285676995408721,20
483,2408,460970.598,1772784152.598,1,174.27787631562953,float,,1,1,1,1,1,0,0.015645852577309063,0.15614114927453782,-0.3221788620985918,0.35836304271337444,0.009799760999158025,24
484,2408,460970.798,1772784152.798,1,190.66291152148483,float,,1,1,1,1,1,0,-0.024546207170894025,0.13036964330913242,-0.3435013478252135,0.3682281034097821,0.012868480000179261,24
485,2408,460970.998,1772784152.998,1,186.8554285943109,float,,1,1,1,1,1,0,-0.020186197622136342,0.1679048056884745,-0.3330017636736896,0.3734831735935531,0.013265831999888178,24
486,2408,460971.19800000003,1772784153.198,1,206.07102102200994,float,,1,1,1,1,1,0,-0.07611803700933388,0.15557536341514203,-0.3347543575579965,0.3769059951287254,0.011066681996453553,24
487,2408,460971.398,1772784153.398,1,190.20447830006304,float,,1,1,1,1,1,0,-0.027512828966223205,0.15284132971191522,-0.32372945832139277,0.35905179293646955,0.011839406004582997,24
488,2408,460971.598,1772784153.598,1,196.70565190584313,float,,1,1,1,1,1,0,-0.04817403079160422,0.16051487784128332,-0.3444145643177199,0.38302370078792425,0.011108817998319864,24
489,2408,460971.798,1772784153.798,1,209.20805385227976,float,,1,1,1,1,1,0,-0.0704616409363629,0.1260346575592876,-0.3565069485412007,0.3846385083525701,0.009253655996872112,24
490,2408,460971.998,1772784153.998,1,185.4241425998527,float,,1,1,1,1,1,0,-0.014822899688257351,0.1561077863103942,-0.32162958767220823,0.3578197185288906,0.009819489001529291,24
491,2408,460972.19800000003,1772784154.198,1,211.56888159968548,float,,1,1,1,1,1,0,-0.07820990797552102,0.12728323730645852,-0.3565990419788778,0.3866273256574155,0.009505940004601143,24
492,2408,460972.398,1772784154.398,1,212.51071890837622,float,,1,1,1,1,1,0,-0.0866125796545005,0.13589840603753384,-0.3566878220808965,0.391403012429341,0.011704754004313145,24
493,2408,460972.598,1772784154.598,1,219.67703891301264,float,,1,1,1,1,1,0,-0.10319148645880856,0.124396146066234,-0.3729184514231713,0.40643702519033187,0.011088333994848654,24
494,2408,460972.798,1772784154.798,1,226.16153473764356,float,,1,1,1,1,1,0,-0.1174937196661231,0.11282394084008736,-0.3833677222638876,0.4165391053208214,0.010706713997933548,24
495,2408,460972.998,1772784154.998,1,195.4681511240788,paper_ratio_fixed,,1,1,1,1,1,1,-0.03659322451612318,0.1322362995287657,-0.3450675187454106,0.37134498177121383,0.011105696998129133,20
496,2408,460973.19800000003,1772784155.198,1,248.63846929006885,float,,1,1,1,1,1,0,-0.15027849171467988,0.05877713180943199,-0.3381560273520944,0.37468370011295243,0.010185246996115893,24
497,2408,460973.398,1772784155.398,1,243.1869150687424,float,,1,1,1,1,1,0,-0.15475588915463517,0.07821719027092153,-0.33074715004703653,0.3734447634472281,0.013029797999479342,24
498,2408,460973.598,1772784155.598,1,246.68702882346557,float,,1,1,1,1,1,0,-0.14570835510285288,0.0627910405803246,-0.3471772179070096,0.3817141078838851,0.012477727999794297,24
499,2408,460973.798,1772784155.798,1,242.9093670260874,float,,1,1,1,1,1,0,-0.1354352290960934,0.0692777707540545,-0.3386789321589755,0.3712755444266516,0.01210554499994032,24
500,2408,460973.998,1772784155.998,1,244.00667932835796,float,,1,1,1,1,1,0,-0.17847978200170753,0.08702465152298858,-0.3276638664971415,0.3831343523673272,0.01367906499945093,24
501,2408,460974.19800000003,1772784156.198,1,243.14071033036294,float,,1,1,1,1,1,0,-0.12788213879383717,0.06476410223804899,-0.33817229945467114,0.3672992437776676,0.011470429999462795,24
502,2408,460974.398,1772784156.398,1,234.23824947897535,float,,1,1,1,1,1,0,-0.1262832702965142,0.09095027276005714,-0.3321556011582181,0.36680616114330533,0.011430487997131422,24
503,2408,460974.598,1772784156.598,1,250.74386239976025,float,,1,1,1,1,1,0,-0.1856225787821233,0.06484461630097174,-0.33642810688138086,0.3896722175325509,0.009874713003227953,24
504,2408,460974.798,1772784156.798,1,249.62744716210048,float,,1,1,1,1,1,0,-0.13853600440975572,0.051445548189814304,-0.3411910788178526,0.37182014632246657,0.009025359999213833,24
505,2408,460974.998,1772784156.998,1,247.24501565506586,float,,1,1,1,1,1,0,-0.16541957162808865,0.06938310470485433,-0.33201048890550694,0.3773706594839865,0.011275960998318624,24
506,2408,460975.19800000003,1772784157.198,1,252.5369081995366,float,,1,1,1,1,1,0,-0.16563396460421803,0.0521069088351199,-0.3215032274259003,0.3653957654709931,0.01130635300069116,24
507,2408,460975.398,1772784157.398,1,232.38425884456674,float,,1,1,1,1,1,0,-0.10624859822277621,0.08186894725608848,-0.32912305117884405,0.35540578493659486,0.010838891001185402,24
508,2408,460975.598,1772784157.598,1,249.19073452065425,float,,1,1,1,1,1,0,-0.13967578388229446,0.05308370130747247,-0.34300226689425356,0.37413601676693886,0.011434498999733478,24
509,2408,460975.798,1772784157.798,1,239.45965870009448,float,,1,1,1,1,1,0,-0.12180999548807506,0.0718671419955429,-0.33685316614742283,0.3653390434144093,0.008611158998974133,24
510,2408,460975.998,1772784157.998,1,251.41248917346914,float,,1,1,1,1,1,0,-0.16258376896093124,0.05467603289459372,-0.3373595658961903,0.3784632441919534,0.010948596995149273,24
511,2408,460976.19800000003,1772784158.198,1,249.7294576053502,float,,1,1,1,1,1,0,-0.13775472677374875,0.05087652072587631,-0.3422613555267676,0.3724347199130354,0.009142343995335978,24
512,2408,460976.398,1772784158.398,1,247.98821346465027,float,,1,1,1,1,1,0,-0.16853245899540034,0.06813186549763257,-0.33702391264107007,0.38292330632010296,0.009369735002110247,24
513,2408,460976.598,1772784158.598,1,243.34765503984318,float,,1,1,1,1,1,0,-0.11872798363462868,0.05959027646383398,-0.3353663842549199,0.36071865329533404,0.008589974997448735,24
514,2408,460976.798,1772784158.798,1,240.13360443397954,float,,1,1,1,1,1,0,-0.14697813522317119,0.08440150737405126,-0.32193397849485894,0.36382368420736594,0.00877238500106614,24
515,2408,460976.998,1772784158.998,1,232.35558805253174,float,,1,1,1,1,1,0,-0.07805472834650339,0.06020667530814098,-0.3406906776239114,0.3546653664917767,0.008984387997770682,24
516,2408,460977.19800000003,1772784159.198,1,233.73749377969327,float,,1,1,1,1,1,0,-0.07985273099379166,0.058577249664874924,-0.34528915190576565,0.3592107337612155,0.009636779002903495,24
517,2408,460977.398,1772784159.398,1,234.19619507506482,float,,1,1,1,1,1,0,-0.07836538916479392,0.056526812685271904,-0.34896283132314493,0.362093181952341,0.011444223004218657,24
518,2408,460977.598,1772784159.598,1,248.3929211391604,float,,1,1,1,1,1,0,-0.11477513272306789,0.045459093868646605,-0.3465634506363094,0.36789412284501355,0.011247307993471622,24
519,2408,460977.798,1772784159.798,1,242.7606485666986,float,,1,1,1,1,1,0,-0.11917816721834482,0.061352767221888954,-0.33969313892312436,0.36518355140771624,0.009576046002621297,24
520,2408,460977.998,1772784159.998,1,249.4296218519429,float,,1,1,1,1,1,0,-0.11157017041565487,0.04187065177808942,-0.3620681998387214,0.3811750722979568,0.009828447000472806,24
521,2408,460978.19800000003,1772784160.198,1,248.7376465121018,float,,1,1,1,1,1,0,-0.14762185887178886,0.05744364628608992,-0.3601332536164804,0.39343099277483967,0.011990664999757428,24
522,2408,460978.398,1772784160.398,1,250.22904268793903,float,,1,1,1,1,1,0,-0.10907703671345231,0.03920770440347494,-0.36268095340754913,0.38075256793275464,0.010970914998324588,24
523,2408,460978.598,1772784160.598,1,235.96191276538235,float,,1,1,1,1,1,0,-0.12854729055188216,0.08683062675989353,-0.32561803324252653,0.360681392955718,0.00894929000060074,24
524,2408,460978.798,1772784160.798,1,171.84153292669674,paper_ratio_fixed,,1,1,1,1,1,1,0.03267985397964977,0.22795285061482223,-0.2917609210624287,0.37169195581657594,0.009581530997820664,20
525,2408,460978.998,1772784160.998,1,175.7198447474127,paper_ratio_fixed,,1,1,1,1,1,1,0.015565708953270474,0.20798073129637049,-0.2798614683100502,0.3490282471812965,0.010431184004119132,20
526,2408,460979.19800000003,1772784161.198,1,172.90119961056251,paper_ratio_fixed,,1,1,1,1,1,1,0.029362679627530586,0.23577792269618852,-0.25893942557840366,0.351429967283259,0.010698603000491858,20
527,2408,460979.398,1772784161.398,1,196.47225058833624,paper_ratio_fixed,,1,1,1,1,1,1,-0.06820657159062604,0.23067171616311738,-0.2731360344783378,0.36395723701602184,0.010179851000430062,20
528,2408,460979.598,1772784161.598,1,226.86159369257186,float,,1,1,1,1,1,0,-0.1678032266307205,0.1572385947338814,-0.29138358346112203,0.3711957586667868,0.009350232998258434,24
529,2408,460979.798,1772784161.798,1,225.8001158873045,float,,1,1,1,1,1,0,-0.16312263724804038,0.15862919134612538,-0.29074856022296625,0.36919769826152665,0.009758060004969593,24
530,2408,460979.998,1772784161.998,1,219.32851405004502,float,,1,1,1,1,1,0,-0.14118866969000182,0.17232380424018487,-0.27184667799811435,0.35146884683461277,0.010435809002956375,24
531,2408,460980.19800000003,1772784162.198,1,208.87613883639608,float,,1,1,1,1,1,0,-0.10870831409437512,0.19711875155545766,-0.2720912135285137,0.3531386813242678,0.009617126997909509,24
532,2408,460980.398,1772784162.398,1,214.21889869826003,float,,1,1,1,1,1,0,-0.11337216631790585,0.16670377168535686,-0.2982898492058403,0.36002809574945877,0.01136474299710244,24
533,2408,460980.598,1772784162.598,1,204.60666302696364,float,,1,1,1,1,1,0,-0.08787740928470777,0.19188195100693753,-0.29795293378451576,0.3651261055246815,0.010088962000736501,24
534,2408,460980.798,1772784162.798,1,211.75026190648734,float,,1,1,1,1,1,0,-0.12498403615299701,0.20196988857134446,-0.27988998951420935,0.36708480139182986,0.008869099998264574,24
535,2408,460980.998,1772784162.998,1,204.34966686014639,float,,1,1,1,1,1,0,-0.08110241525951162,0.17920758167661985,-0.2975205362534225,0.3566671117216062,0.010108647999004461,24
536,2408,460981.19800000003,1772784163.198,1,196.29568468340645,float,,1,1,1,1,1,0,-0.05345406372346076,0.18284976315364163,-0.3031541081519281,0.35804159828612875,0.012682880005741026,24
537,2408,460981.398,1772784163.398,1,215.91327070753601,float,,1,1,1,1,1,0,-0.11326856129810552,0.15639810316977973,-0.3150406481457143,0.36951419950756903,0.009460998997383285,24
538,2408,460981.598,1772784163.598,1,218.67206499408925,float,,1,1,1,1,1,0,-0.14110012976867262,0.17629783585922576,-0.3091952896247775,0.3828732174957303,0.009929219995683525,24
539,2408,460981.798,1772784163.798,1,199.36878271111755,float,,1,1,1,1,1,0,-0.06398509695678706,0.18201199636788767,-0.32101825085297314,0.3745332786750675,0.011048624000977725,24
540,2408,460981.998,1772784163.998,1,197.77029272588777,float,,1,1,1,1,1,0,-0.059620707925269446,0.18602809318965033,-0.3014401969113725,0.3592036644902924,0.011248470000282396,24
541,2408,460982.19800000003,1772784164.198,1,184.44455053787874,paper_ratio_fixed,,1,1,1,1,1,1,-0.02693067235953006,0.3464731972241289,-0.1645261666524137,0.3844968101581394,0.010833927000930998,20
542,2408,460982.398,1772784164.398,1,201.4672360553377,float,,1,1,1,1,1,0,-0.0865432714662786,0.22007186051491723,-0.3364937686265796,0.41127778684375993,0.00869387300190283,24
543,2408,460982.598,1772784164.598,1,196.47715076614702,float,,1,1,1,1,1,0,-0.06516691123704674,0.22032241523011112,-0.3540169416052787,0.4220387279818784,0.009946543999831192,24
544,2408,460982.798,1772784164.798,1,183.8276889616377,float,,1,1,1,1,1,0,-0.014310925114728772,0.21389810700843187,-0.37334481436187755,0.430515450559367,0.010268944002746139,24
545,2408,460982.998,1772784164.998,1,174.44903889991042,float,,1,1,1,1,1,0,0.022230410285107936,0.22873896261140556,-0.36173828672802005,0.42856772188641257,0.01082025800133124,24
546,2408,460983.19800000003,1772784165.198,1,161.37213481155806,float,,1,1,1,1,1,0,0.08434389971290616,0.2502202067859958,-0.30604150558960685,0.4042096590216031,0.011582355000427924,24
547,2408,460983.398,1772784165.398,1,166.10585582178936,float,,1,1,1,1,1,0,0.05674045718886223,0.22937807846514432,-0.3393927711443007,0.4135471381443362,0.01120728200476151,24
548,2408,460983.598,1772784165.598,1,199.38350044455143,paper_ratio_fixed,,1,1,1,1,1,1,-0.1190407005459298,0.3383453498616578,-0.04442752025744473,0.3614167521237761,0.010648545001458842,24
549,2408,460983.798,1772784165.798,1,138.27938736874626,float,,1,1,1,1,1,0,0.38110046675589654,0.4274280944102617,-0.5649548730364359,0.80442920771213,0.00964780800131848,24
550,2408,460983.998,1772784165.998,1,126.4885618473505,float,,1,1,1,1,1,0,0.7083244871203859,0.523913750669146,-0.7484136033279661,1.155998321296757,0.011302187995170243,24
551,2408,460984.19800000003,1772784166.198,1,127.80242951268805,float,,1,1,1,1,1,0,0.6820049792800885,0.5290636094181166,-0.6454946915406272,1.0778230334245453,0.00970174199756002,24
552,2408,460984.398,1772784166.398,1,135.43174741473877,float,,1,1,1,1,1,0,0.46546313375170273,0.4725314449466975,-0.5200292068439597,0.8428358507539455,0.010503599005460273,20
553,2408,460984.598,1772784166.598,1,131.57364038887022,float,,1,1,1,1,1,0,0.5383691656265484,0.47754377045949603,-0.6478679946634252,0.9683090156098443,0.00812333999783732,20
554,2408,460984.798,1772784166.798,1,133.2916886000817,float,,1,1,1,1,1,0,0.5049855761935134,0.4757360472434069,-0.579994627169539,0.9042836868791829,0.008723648999875877,20
555,2408,460984.998,1772784166.998,1,135.30618106588898,float,,1,1,1,1,1,0,0.4748439640161656,0.4799462853657803,-0.47114729385916865,0.8232891348182693,0.00909337299526669,20
556,2408,460985.19800000003,1772784167.198,1,163.8042229935066,paper_ratio_fixed,,1,1,1,1,1,1,0.11266572995792812,0.3879046995651863,-0.1949949451326014,0.4485383498419912,0.009449509001569822,16
557,2408,460985.398,1772784167.398,0,,invalid,GNSS1_PNTPOS_REJECTED,0,0,0,0,1,0,,,,,0.003621955998823978,0
558,2408,460985.598,1772784167.598,0,,invalid,GNSS1_PNTPOS_REJECTED,0,0,0,0,1,0,,,,,0.0028066089944331907,0
559,2408,460985.798,1772784167.798,0,,invalid,GNSS1_PNTPOS_REJECTED,0,0,0,0,1,0,,,,,0.002811243997712154,0
560,2408,460985.998,1772784167.998,0,,invalid,GNSS1_PNTPOS_REJECTED,0,0,0,0,1,0,,,,,0.0028104090015403926,0
561,2408,460986.19800000003,1772784168.198,0,,invalid,GNSS1_PNTPOS_REJECTED,0,0,0,0,1,0,,,,,0.00652921199798584,0
562,2408,460986.398,1772784168.398,0,,invalid,GNSS1_PNTPOS_REJECTED,0,0,0,0,1,0,,,,,0.0028499649997684173,0
563,2408,460986.598,1772784168.598,0,,invalid,GNSS1_PNTPOS_REJECTED,0,0,0,0,1,0,,,,,0.0027431970011093654,0
564,2408,460986.798,1772784168.798,0,,invalid,GNSS1_PNTPOS_REJECTED,0,0,0,0,1,0,,,,,0.0038127410007291473,0
565,2408,460986.998,1772784168.998,0,,invalid,GNSS1_PNTPOS_REJECTED,0,0,0,0,1,0,,,,,0.004055830002471339,0
566,2408,460987.19800000003,1772784169.198,0,,invalid,GNSS1_PNTPOS_REJECTED,0,0,0,0,1,0,,,,,0.0037028090009698644,0
567,2408,460987.398,1772784169.398,0,,invalid,GNSS1_PNTPOS_REJECTED,0,0,0,0,1,0,,,,,0.004060391001985408,0
568,2408,460987.598,1772784169.598,0,,invalid,GNSS1_PNTPOS_REJECTED,0,0,0,0,1,0,,,,,0.0029479740042006597,0
569,2408,460987.798,1772784169.798,0,,invalid,GNSS1_PNTPOS_REJECTED,0,0,0,0,1,0,,,,,0.0027979090009466745,0
570,2408,460987.998,1772784169.998,0,,invalid,GNSS1_PNTPOS_REJECTED,0,0,0,0,1,0,,,,,0.002864203997887671,0
571,2408,460988.19800000003,1772784170.198,0,,invalid,GNSS1_PNTPOS_REJECTED,0,0,0,0,1,0,,,,,0.0028676540023298003,0
572,2408,460988.398,1772784170.398,0,,invalid,GNSS1_PNTPOS_REJECTED,0,0,0,0,1,0,,,,,0.0028192249956191517,0
573,2408,460988.598,1772784170.598,0,,invalid,GNSS1_PNTPOS_REJECTED,0,0,0,0,1,0,,,,,0.002714000002015382,0
574,2408,460988.798,1772784170.798,0,,invalid,GNSS1_PNTPOS_REJECTED,0,0,0,0,1,0,,,,,0.002798280998831615,0
575,2408,460988.998,1772784170.998,0,,invalid,GNSS1_PNTPOS_REJECTED,0,0,0,0,1,0,,,,,0.0030698150003445335,0
576,2408,460989.19800000003,1772784171.198,0,,invalid,GNSS1_PNTPOS_REJECTED,0,0,0,0,1,0,,,,,0.003657618995930534,0
577,2408,460989.398,1772784171.398,0,,invalid,GNSS1_PNTPOS_REJECTED,0,0,0,0,1,0,,,,,0.003063085001485888,0
578,2408,460989.598,1772784171.598,0,,invalid,GNSS1_PNTPOS_REJECTED,0,0,0,0,1,0,,,,,0.002792139996017795,0
579,2408,460989.798,1772784171.798,0,,invalid,GNSS1_PNTPOS_REJECTED,0,0,0,0,1,0,,,,,0.00308992899954319,0
580,2408,460989.998,1772784171.998,0,,invalid,GNSS1_PNTPOS_REJECTED,0,0,0,0,1,0,,,,,0.0030879580008331686,0
581,2408,460990.19800000003,1772784172.198,0,,invalid,GNSS1_PNTPOS_REJECTED,0,0,0,0,1,0,,,,,0.003357950998179149,0
582,2408,460990.398,1772784172.398,0,,invalid,GNSS1_PNTPOS_REJECTED,0,0,0,0,1,0,,,,,0.0035763289997703396,0
583,2408,460990.598,1772784172.598,0,,invalid,GNSS1_PNTPOS_REJECTED,0,0,0,0,1,0,,,,,0.003736084996489808,0
584,2408,460990.798,1772784172.798,0,,invalid,GNSS1_PNTPOS_REJECTED,0,0,0,0,1,0,,,,,0.0036204589996486902,0
585,2408,460990.998,1772784172.998,0,,invalid,GNSS1_PNTPOS_REJECTED,0,0,0,0,1,0,,,,,0.0037741900014225394,0
586,2408,460991.19800000003,1772784173.198,0,,invalid,GNSS1_PNTPOS_REJECTED,0,0,0,0,1,0,,,,,0.0033894649968715385,0
587,2408,460991.398,1772784173.398,0,,invalid,GNSS1_PNTPOS_REJECTED,0,0,0,0,1,0,,,,,0.0038068700014264323,0
588,2408,460991.598,1772784173.598,0,,invalid,GNSS1_PNTPOS_REJECTED,0,0,0,0,1,0,,,,,0.0036198079978930764,0
589,2408,460991.798,1772784173.798,0,,invalid,GNSS1_PNTPOS_REJECTED,0,0,0,0,1,0,,,,,0.003570330998627469,0
590,2408,460991.998,1772784173.998,0,,invalid,GNSS1_PNTPOS_REJECTED,0,0,0,0,1,0,,,,,0.0036310180003056303,0
591,2408,460992.19800000003,1772784174.198,0,,invalid,GNSS1_PNTPOS_REJECTED,0,0,0,0,1,0,,,,,0.0035462809973978437,0
592,2408,460992.398,1772784174.398,0,,invalid,GNSS1_PNTPOS_REJECTED,0,0,0,0,1,0,,,,,0.0036387050058692694,0
593,2408,460992.598,1772784174.598,0,,invalid,GNSS1_PNTPOS_REJECTED,0,0,0,0,1,0,,,,,0.0034922990016639233,0
594,2408,460992.798,1772784174.798,0,,invalid,GNSS1_PNTPOS_REJECTED,0,0,0,0,1,0,,,,,0.0036635890064644627,0
595,2408,460992.998,1772784174.998,0,,invalid,GNSS1_PNTPOS_REJECTED,0,0,0,0,1,0,,,,,0.0034884019987657666,0
596,2408,460993.19800000003,1772784175.198,0,,invalid,GNSS1_PNTPOS_REJECTED,0,0,0,0,1,0,,,,,0.0035185160013497807,0
597,2408,460993.398,1772784175.398,0,,invalid,GNSS1_PNTPOS_REJECTED,0,0,0,0,1,0,,,,,0.002823709000949748,0
598,2408,460993.598,1772784175.598,0,,invalid,GNSS1_PNTPOS_REJECTED,0,0,0,0,1,0,,,,,0.0032625400053802878,0
599,2408,460993.798,1772784175.798,0,,invalid,GNSS1_PNTPOS_REJECTED,0,0,0,0,1,0,,,,,0.0028089369952795096,0
600,2408,460993.998,1772784175.998,0,,invalid,GNSS1_PNTPOS_REJECTED,0,0,0,0,1,0,,,,,0.0038772709958720952,0
601,2408,460994.19800000003,1772784176.198,0,,invalid,GNSS1_PNTPOS_REJECTED,0,0,0,0,1,0,,,,,0.0037853149988222867,0
602,2408,460994.398,1772784176.398,0,,invalid,GNSS1_PNTPOS_REJECTED,0,0,0,0,1,0,,,,,0.003608597005950287,0
603,2408,460994.598,1772784176.598,1,143.34061606535923,float,,1,1,1,1,1,0,0.27614947137668844,0.3710315623366398,0.0925745569787757,0.4716916359141944,0.01050899300025776,24
604,2408,460994.798,1772784176.798,1,153.58351523076468,float,,1,1,1,1,1,0,0.18133215485302306,0.36502751735443323,0.026815299140179827,0.4084672558205359,0.009263448999263346,24
605,2408,460994.998,1772784176.998,1,161.87585030193674,float,,1,1,1,1,1,0,0.11531191681715741,0.3522943469035681,-0.03637900010649692,0.3724668799625104,0.00881302200286882,24
606,2408,460995.19800000003,1772784177.198,1,167.025639114395,float,,1,1,1,1,1,0,0.0833779554302379,0.36188835358179494,-0.03631561267816924,0.3731405735564812,0.00881105999724241,24
607,2408,460995.398,1772784177.398,1,159.82645467860647,float,,1,1,1,1,1,0,0.12969194089623107,0.3529952361407761,-0.02867029392411785,0.3771572908286529,0.009228114999132231,20
608,2408,460995.598,1772784177.598,1,158.46303242561768,float,,1,1,1,1,1,0,0.1411199065328009,0.3575770088004772,-0.012038930794466975,0.3846050975964788,0.011301676000584848,20
609,2408,460995.798,1772784177.798,1,162.10863666931039,float,,1,1,1,1,1,0,0.11688862650814649,0.3620807537868638,-0.016640228986844974,0.38084422076560265,0.010151916001632344,24
610,2408,460995.998,1772784177.998,1,155.40461547849563,float,,1,1,1,1,1,0,0.1600346336984218,0.34962036303891886,-0.01843806961272426,0.38494862598208757,0.010624570000800304,24
611,2408,460996.19800000003,1772784178.198,1,167.552526344902,float,,1,1,1,1,1,0,0.07907130086351255,0.3582214055361929,-0.04461068361351983,0.3695469646703099,0.011378934999811463,24
612,2408,460996.398,1772784178.398,1,161.31769532306987,float,,1,1,1,1,1,0,0.12109714895567358,0.3581302849831615,-0.023286779298269444,0.37876654366165896,0.011230534000787884,24
613,2408,460996.598,1772784178.598,1,157.06045661925162,float,,1,1,1,1,1,0,0.15353940052117954,0.3627799750028598,0.0031392698038965605,0.3939460785315427,0.009008455999719445,24
614,2408,460996.798,1772784178.798,1,158.88886845963248,float,,1,1,1,1,1,0,0.13893334588148187,0.3598460092170403,-0.009404310622947012,0.38584979720811907,0.01198039900191361,24
615,2408,460996.998,1772784178.998,1,164.13454603227294,float,,1,1,1,1,1,0,0.10229946593688714,0.3599486294049638,-0.029968913759396025,0.3754015614424138,0.01010450600006152,20
616,2408,460997.19800000003,1772784179.198,1,161.09381887665052,float,,1,1,1,1,1,0,0.12180568285137006,0.3556400860048701,-0.02472618685226613,0.3767331674603301,0.01058246499451343,24
617,2408,460997.398,1772784179.398,1,158.16869254651374,float,,1,1,1,1,1,0,0.1386611304885112,0.3461289295694982,-0.03444685462369462,0.37445791590877675,0.010334290003811475,24
618,2408,460997.598,1772784179.598,1,169.40061694323578,float,,1,1,1,1,1,0,0.06772329612660255,0.3618977841125127,-0.046542329536884586,0.3711100098656978,0.01106822700239718,24
619,2408,460997.798,1772784179.798,1,166.6936456089664,float,,1,1,1,1,1,0,0.0844669504228504,0.3571434199058261,-0.04463349109234921,0.36970019829972545,0.01158337399829179,24
620,2408,460997.998,1772784179.998,1,161.94360864202403,float,,1,1,1,1,1,0,0.11513469016260797,0.35316504989498226,-0.036666644866195086,0.37326397119452703,0.011137487999803852,24
621,2408,460998.19800000003,1772784180.198,1,162.19598199278096,float,,1,1,1,1,1,0,0.11632768527269438,0.3622310399736132,-0.01667840032495685,0.38081705019427364,0.00978322599985404,24
622,2408,460998.398,1772784180.398,1,164.86393474185616,float,,1,1,1,1,1,0,0.09442775733252246,0.34909100357521333,-0.05464887957330972,0.3657425736370015,0.010122856998350471,24
623,2408,460998.598,1772784180.598,1,169.81331506895128,float,,1,1,1,1,1,0,0.06403072183665642,0.3563429155004737,-0.05921202129323566,0.36686001449044786,0.009906385006615892,24
624,2408,460998.798,1772784180.798,1,172.14515016412184,float,,1,1,1,1,1,0,0.05080647040508737,0.368273945376249,-0.043730827482836854,0.3743252349900352,0.01217653200001223,28
625,2408,460998.998,1772784180.998,1,162.51747474575103,float,,1,1,1,1,1,0,0.11304014512217425,0.3588991800308718,-0.02193507381477374,0.37691888159036807,0.011468381999293342,24
626,2408,460999.19800000003,1772784181.198,1,164.02103010375504,float,,1,1,1,1,1,0,0.10397703827730351,0.3631139884936858,0.00025141126831291355,0.37770763341020563,0.012003782001556829,24
627,2408,460999.398,1772784181.398,1,170.06570116617837,paper_ratio_fixed,,1,1,1,1,1,1,0.06491918414214104,0.37065993381066037,-0.031250661673137115,0.37759752496171534,0.010639009000442456,24
628,2408,460999.598,1772784181.598,1,177.66497650734922,float,,1,1,1,1,1,0,0.014528594310078191,0.3562988702342722,0.04132576743914779,0.3589815928947891,0.011281638995569665,28
629,2408,460999.798,1772784181.798,1,175.22273344742518,paper_ratio_fixed,,1,1,1,1,1,1,0.03055092677024688,0.3655606979502714,0.00988855112024295,0.3669683453046982,0.011186176001501735,28
630,2408,460999.998,1772784181.998,1,166.15308581672872,paper_ratio_fixed,,1,1,1,1,1,1,0.08699521355770845,0.3529332994761069,-0.010075546896609718,0.36363662866425933,0.010466760999406688,28
631,2408,461000.19800000003,1772784182.198,1,174.73727357709708,paper_ratio_fixed,,1,1,1,1,1,1,0.032946490200217164,0.3576821242282114,0.011706123209944276,0.3593869871455073,0.012521649994596373,28
632,2408,461000.398,1772784182.398,1,172.44158169887172,paper_ratio_fixed,,1,1,1,1,1,1,0.04846726103171814,0.36526714333070237,0.005916851517265377,0.3685161740287201,0.010630984004819766,28
633,2408,461000.598,1772784182.598,1,174.81794038005086,float,,1,1,1,1,1,0,0.03160456447602986,0.34848458997269277,0.03527041854156887,0.3516878735018493,0.013603335995867383,24
634,2408,461000.798,1772784182.798,1,168.71231438084905,float,,1,1,1,1,1,0,0.06943289227898855,0.3478667709485869,0.03455634100825786,0.35640757226004793,0.009932468994520605,24
635,2408,461000.998,1772784182.998,1,174.9911618113379,paper_ratio_fixed,,1,1,1,1,1,1,0.030488347656256326,0.34786536709047733,0.06882347978513767,0.35591645695800095,0.009214177000103518,20
636,2408,461001.19800000003,1772784183.198,1,188.3166438222267,paper_ratio_fixed,,1,1,1,1,1,1,-0.047177004545110396,0.322730275547948,0.17825636555814883,0.37169319656822375,0.009365199999592733,20
637,2408,461001.398,1772784183.398,1,198.2473014764809,paper_ratio_fixed,,1,1,1,1,1,1,-0.10245497956851557,0.310753712354402,0.1354129230525726,0.35412081597961637,0.009600675999536179,20
638,2408,461001.598,1772784183.598,1,198.1900596394878,paper_ratio_fixed,,1,1,1,1,1,1,-0.10942465823618064,0.3330116963639827,0.06828259375018342,0.3571177093824597,0.008872098005667794,16
639,2408,461001.798,1772784183.798,1,170.87785249874352,paper_ratio_fixed,,1,1,1,1,1,1,0.05871394818676037,0.3656582905547059,0.14128175147592592,0.3963758903656636,0.009475453000050038,16
640,2408,461001.998,1772784183.998,1,254.1684783634667,paper_ratio_fixed,,1,1,1,1,1,1,-0.6025344175563954,0.17085814133041227,0.7901265360416276,1.0082361686410826,0.009028601001773495,16
641,2408,461002.19800000003,1772784184.198,1,227.24005731204693,paper_ratio_fixed,,1,1,1,1,1,1,-0.275981703969005,0.25520369257073733,0.18097140473228768,0.41718757766519415,0.010534432993154041,16
642,2408,461002.398,1772784184.398,1,195.80833487839908,paper_ratio_fixed,,1,1,1,1,1,1,-0.08724856888321841,0.30815879407410063,0.23922729856595715,0.3997547442076695,0.00967940800182987,16
643,2408,461002.598,1772784184.598,1,172.4068210475011,paper_ratio_fixed,,1,1,1,1,1,1,0.04642018187781993,0.3482193012530003,0.15323226936851425,0.3832644562524975,0.010458755998115521,16
644,2408,461002.798,1772784184.798,1,222.50040096271502,paper_ratio_fixed,,1,1,1,1,1,1,-0.23199088650163557,0.25317006962286936,0.37036814465455936,0.5050617963650823,0.01050215600116644,16
645,2408,461002.998,1772784184.998,1,220.78937229523837,paper_ratio_fixed,,1,1,1,1,1,1,-0.22625576955985716,0.26221814788754744,0.15632143822880507,0.3799821343045236,0.00870353399659507,16
646,2408,461003.19800000003,1772784185.198,1,205.52407711129132,paper_ratio_fixed,,1,1,1,1,1,1,-0.14465621032246373,0.3029503584137747,0.13322093228482734,0.3611816103385248,0.009826542001974303,16
647,2408,461003.398,1772784185.398,1,175.56932321571156,paper_ratio_fixed,,1,1,1,1,1,1,0.025478426828313805,0.3288200421271014,0.2288147510624443,0.40140747457151676,0.009441631002118811,16
648,2408,461003.598,1772784185.598,1,185.9581935908614,paper_ratio_fixed,,1,1,1,1,1,1,-0.03360389735522379,0.3219795073656632,0.15503958157357584,0.3589391270611287,0.010280586997396313,16
649,2408,461003.798,1772784185.798,1,180.94007037728124,paper_ratio_fixed,,1,1,1,1,1,1,-0.005431572949935959,0.331015940477346,0.12168301878519916,0.3527149158959562,0.010085450005135499,16
650,2408,461003.998,1772784185.998,1,159.58459148487754,paper_ratio_fixed,,1,1,1,1,1,1,0.13421461162742582,0.36059536361331956,0.039578686191878765,0.3867932918684063,0.009359541996673215,16
651,2408,461004.19800000003,1772784186.198,1,175.3921507950296,paper_ratio_fixed,,1,1,1,1,1,1,0.028040848750057634,0.34791873466045686,0.1555495897789766,0.3821379463057351,0.0089853090030374,16
652,2408,461004.398,1772784186.398,1,153.21606919529182,paper_ratio_fixed,,1,1,1,1,1,1,0.197754534342516,0.3917604116022357,-0.052058922571720234,0.4419199105846067,0.009378495000419207,16
653,2408,461004.598,1772784186.598,1,172.98899246160292,paper_ratio_fixed,,1,1,1,1,1,1,0.04565065901047313,0.3712051962844326,-0.004241451184382128,0.3740257615790711,0.008904333000828046,16
654,2408,461004.798,1772784186.798,1,165.06781815782375,float,,1,1,1,1,1,0,0.09169881792943035,0.34385213461423725,0.21651703532722738,0.41656042811975574,0.009449475997826084,20
655,2408,461004.998,1772784186.998,1,166.19740991232138,float,,1,1,1,1,1,0,0.08488311299428355,0.3455147048426913,0.19307178249194193,0.40479904561244723,0.009033474001626018,20
656,2408,461005.19800000003,1772784187.198,1,174.9025873930759,float,,1,1,1,1,1,0,0.03158915174094248,0.3541301181098832,0.29815181340537616,0.4640048694756838,0.009826203000557143,20
657,2408,461005.398,1772784187.398,1,165.00166135773037,float,,1,1,1,1,1,0,0.09188355126840894,0.3429538587877315,0.2649321926940129,0.4430000033597598,0.013377285999013111,20
658,2408,461005.598,1772784187.598,1,176.77071397113548,float,,1,1,1,1,1,0,0.019513654323348534,0.34585536699296254,0.16419526419629996,0.38334945202436466,0.011111421001260169,20
659,2408,461005.798,1772784187.798,1,174.12402294110214,float,,1,1,1,1,1,0,0.036053226454455134,0.3503163096390811,0.1970678846107387,0.4035555761997004,0.008393670999794267,20
660,2408,461005.998,1772784187.998,1,165.99064084987015,float,,1,1,1,1,1,0,0.0855170483994129,0.3427516234242546,0.161143209988008,0.38827693087814114,0.011249094997765496,20
661,2408,461006.19800000003,1772784188.198,1,172.01293140653706,float,,1,1,1,1,1,0,0.048404932667716706,0.34498392948795975,0.11520690063951833,0.3669190361189831,0.010917091996816453,20
662,2408,461006.398,1772784188.398,1,165.77113584899936,float,,1,1,1,1,1,0,0.08848582663718882,0.3489532749504364,0.17540956755535903,0.4004580452485123,0.010207200000877492,24
663,2408,461006.598,1772784188.598,1,167.85150195061294,float,,1,1,1,1,1,0,0.07443979349657796,0.345802258980267,0.13482412064156882,0.3785472608254366,0.009662219999881927,24
664,2408,461006.798,1772784188.798,1,169.69804395505884,float,,1,1,1,1,1,0,0.06203525632876528,0.3412917343934934,0.16695588494455255,0.3849710229494074,0.01027464600338135,24
665,2408,461006.998,1772784188.998,1,161.7355144468596,float,,1,1,1,1,1,0,0.11434806100691798,0.3464768521933512,0.17778666511141458,0.4058691740614129,0.010673415003111586,24
666,2408,461007.19800000003,1772784189.198,1,167.8137984611085,float,,1,1,1,1,1,0,0.07580549901964591,0.35102357206239093,0.2057934528502845,0.413902122561724,0.01133801499963738,24
667,2408,461007.398,1772784189.398,1,172.66113408783207,float,,1,1,1,1,1,0,0.044884764113689815,0.34850452902355233,0.1941761614367284,0.4014653540092495,0.012091390999557916,24
668,2408,461007.598,1772784189.598,1,178.16652265208447,float,,1,1,1,1,1,0,0.011351195880758584,0.3546013830470725,0.2176769079936039,0.41623818515421657,0.009694549000414554,24
669,2408,461007.798,1772784189.798,1,166.89169109352576,float,,1,1,1,1,1,0,0.08104159853342695,0.34802688698412015,0.23461695368199734,0.42747581184405176,0.0097090749986819,24
670,2408,461007.998,1772784189.998,1,172.06607402562943,float,,1,1,1,1,1,0,0.04795818307600522,0.34411918448596807,0.2140509708074798,0.40808800344884427,0.011584305997530464,24
671,2408,461008.19800000003,1772784190.198,1,175.40710527366306,float,,1,1,1,1,1,0,0.02741011370701984,0.34120497141675776,0.2555463743312882,0.42717220916956794,0.012746307998895645,24
672,2408,461008.398,1772784190.398,1,168.5004804819791,float,,1,1,1,1,1,0,0.07051970637354232,0.34663030955979435,0.22366957468650306,0.41851365465534174,0.010511330998269841,20
673,2408,461008.598,1772784190.598,1,176.96051204038494,float,,1,1,1,1,1,0,0.01877408087853616,0.35356822155672507,0.22007658029577143,0.41688925939906435,0.011076827002398204,20
674,2408,461008.798,1772784190.798,1,174.1391822186195,float,,1,1,1,1,1,0,0.03591748564567526,0.34990641506670916,0.21905669380056195,0.4143795363899822,0.010867443001188803,20
675,2408,461008.998,1772784190.998,1,170.98795121990332,float,,1,1,1,1,1,0,0.05537474540835713,0.3491471666786581,0.1892272488283123,0.4009701461803697,0.009631850000005215,20
676,2408,461009.19800000003,1772784191.198,1,174.03020431844396,float,,1,1,1,1,1,0,0.03677143256587784,0.3516398941507785,0.23288347400985246,0.42336445986669125,0.010041432004072703,20
677,2408,461009.398,1772784191.398,1,170.18648557041365,float,,1,1,1,1,1,0,0.060265165444681135,0.34840811190454,0.21829865010887553,0.41554109694026475,0.010555218999797944,20
678,2408,461009.598,1772784191.598,1,182.29636552271938,float,,1,1,1,1,1,0,-0.014326229438574367,0.35725711637379115,0.21131065031037521,0.4153192494747106,0.008720386002096348,20
679,2408,461009.798,1772784191.798,1,175.1252897882709,float,,1,1,1,1,1,0,0.030044120606767755,0.35227649217685014,0.23926832263857278,0.42690831139922364,0.009570808993885294,20
680,2408,461009.998,1772784191.998,1,165.98413958860036,float,,1,1,1,1,1,0,0.08602254555827404,0.3446111685891275,0.21713453696842513,0.4162981419670063,0.010131217000889592,20
681,2408,461010.19800000003,1772784192.198,1,173.75394567206854,float,,1,1,1,1,1,0,0.038435547282174964,0.3511759438043082,0.22754326747757322,0.42021158167772743,0.012115062003431376,20
682,2408,461010.398,1772784192.398,1,162.38560431690203,float,,1,1,1,1,1,0,0.10816445202889152,0.34068054417676913,0.2289929214222428,0.4245003414895957,0.012201850004203152,20
683,2408,461010.598,1772784192.598,1,176.80887004624554,float,,1,1,1,1,1,0,0.01954725824019049,0.350602173895039,0.1686329708689231,0.3895395467840395,0.009415663000254426,20
684,2408,461010.798,1772784192.798,1,179.85768377798325,float,,1,1,1,1,1,0,0.0008823398219696549,0.35522474676802646,0.2096079161230067,0.4124571223065488,0.009790356998564675,24
685,2408,461010.998,1772784192.998,1,174.1971493836212,float,,1,1,1,1,1,0,0.0358414275836651,0.35267775334916857,0.2045494579977145,0.40927580725692897,0.010914193997450639,24
686,2408,461011.19800000003,1772784193.198,1,175.7923811947664,float,,1,1,1,1,1,0,0.025629903885160277,0.3483786461620875,0.2166278947385757,0.4110379761697926,0.009808902002987452,24
687,2408,461011.398,1772784193.398,1,174.53190779088226,float,,1,1,1,1,1,0,0.03361223382102408,0.3511258805005421,0.16810102631027993,0.39073919852798183,0.015187954995781183,24
688,2408,461011.598,1772784193.598,1,180.33853042391652,float,,1,1,1,1,1,0,-0.0020399663737787743,0.34525730981340075,0.17973719139131142,0.38924571855272816,0.009726208001666237,24
689,2408,461011.798,1772784193.798,1,172.47550728170853,float,,1,1,1,1,1,0,0.04667257643532569,0.3533461400658658,0.1506838718295747,0.3869592398691488,0.01087518499844009,24
690,2408,461011.998,1772784193.998,1,166.2908572690194,float,,1,1,1,1,1,0,0.08423683380189531,0.3453139002038439,0.16395892396073738,0.39143334373724636,0.012134046002756804,24
691,2408,461012.19800000003,1772784194.198,1,166.97588339491472,float,,1,1,1,1,1,0,0.07992822915058545,0.34554356531771024,0.1484045556990115,0.3844642889786309,0.010393181000836194,24
692,2408,461012.398,1772784194.398,1,142.85807879891942,float,,1,1,1,1,1,0,0.24628416745766124,0.3251512834769429,0.20685581486379,0.4573495123316293,0.010376238999015186,24
693,2408,461012.598,1772784194.598,1,146.8910852085099,float,,1,1,1,1,1,0,0.21240225649010638,0.32571361454844205,0.13316406393327487,0.41101915428301555,0.008659683000587393,24
694,2408,461012.798,1772784194.798,1,137.65285394787864,float,,1,1,1,1,1,0,0.2874636828461208,0.31539670710461637,0.08643708643578148,0.4354099467391587,0.009189850999973714,24
695,2408,461012.998,1772784194.998,1,126.98460623337344,float,,1,1,1,1,1,0,0.3957213269859303,0.29803075050247474,0.06137919989710007,0.4991844379150677,0.009868682995147537,24
696,2408,461013.19800000003,1772784195.198,1,115.68934473675134,float,,1,1,1,1,1,0,0.5763549106257455,0.2772488879983997,0.18630980501351935,0.6661555916923132,0.009807661001104861,24
697,2408,461013.398,1772784195.398,1,113.79927158293732,float,,1,1,1,1,1,0,0.6053260410182633,0.2669714024520339,0.06722892452508886,0.6649910329883029,0.008211071995901875,20
698,2408,461013.598,1772784195.598,1,115.21328061133381,float,,1,1,1,1,1,0,0.5844538386088028,0.2751885867021268,0.03568064117206424,0.6469838915074533,0.011690721999912057,20
699,2408,461013.798,1772784195.798,1,110.61612844959348,float,,1,1,1,1,1,0,0.6843090533077933,0.25743473072572165,-0.007383929866500966,0.7311675891634603,0.010703307001676876,20
700,2408,461013.998,1772784195.998,0,,invalid,GNSS1_PNTPOS_REJECTED,0,0,0,0,1,0,,,,,0.0030914329981897026,0
701,2408,461014.19800000003,1772784196.198,0,,invalid,GNSS1_PNTPOS_REJECTED,0,0,0,0,1,0,,,,,0.0026559040052234195,0
702,2408,461014.398,1772784196.398,0,,invalid,GNSS1_PNTPOS_REJECTED,0,0,0,0,1,0,,,,,0.0027037769978051074,0
703,2408,461014.598,1772784196.598,1,108.49525889133587,float,,1,1,1,1,1,0,0.7587981477568908,0.25382049214211055,0.11756413223113593,0.8087155225775078,0.00836467699991772,20
704,2408,461014.798,1772784196.798,1,108.28418077736997,paper_ratio_fixed,,1,1,1,1,1,1,0.761779195152568,0.25170107308597445,-0.6366400617534649,1.0241931168433915,0.008183992002159357,16
705,2408,461014.998,1772784196.998,1,107.82127346493162,paper_ratio_fixed,,1,1,1,1,1,1,0.4857968029274041,0.15617127953466645,0.07996810243974428,0.516510309378037,0.008331015000294428,16
706,2408,461015.19800000003,1772784197.198,1,109.86617612694003,paper_ratio_fixed,,1,1,1,1,1,1,0.3271653811712162,0.11821381426536337,0.04227985581419086,0.3504272802276412,0.00788521500362549,16
707,2408,461015.398,1772784197.398,1,106.4634704541605,paper_ratio_fixed,,1,1,1,1,1,1,0.35481712787893394,0.10485560156561133,-0.1378854508892886,0.39484463904539013,0.00804084399715066,16
708,2408,461015.598,1772784197.598,1,110.49298814791054,paper_ratio_fixed,,1,1,1,1,1,1,0.29999161973062627,0.11212042746567696,-0.14502572419666682,0.35156567358383906,0.00819070099532837,16
709,2408,461015.798,1772784197.798,1,105.13112047037859,paper_ratio_fixed,,1,1,1,1,1,1,0.4968115956566671,0.13433959001551188,0.28307804844446705,0.5873687670753251,0.009408261998032685,16
710,2408,461015.998,1772784197.998,1,107.20053318994341,paper_ratio_fixed,,1,1,1,1,1,1,0.4278979922391676,0.1324609185494063,-0.0876128683106352,0.45641932627670345,0.008597077001468278,16
711,2408,461016.19800000003,1772784198.198,1,102.99354677111606,paper_ratio_fixed,,1,1,1,1,1,1,0.38161741201522864,0.08805805026223915,0.17361479087783271,0.42840187322272694,0.0074505140000837855,16
712,2408,461016.398,1772784198.398,1,35.10379886305543,paper_ratio_fixed,,1,1,1,1,1,1,0.045768429710423844,-0.06511271112086658,0.7960629040871483,0.8000316003579683,0.00813291200029198,16
713,2408,461016.598,1772784198.598,1,88.24540424082687,paper_ratio_fixed,,1,1,1,1,1,1,0.30478078748970516,-0.009336364949670772,0.3334583603407096,0.45185503672575433,0.008649303003039677,16
714,2408,461016.798,1772784198.798,0,,invalid,GNSS2_PNTPOS_REJECTED,0,0,0,0,1,0,,,,,0.004011033001006581,0
715,2408,461016.998,1772784198.998,0,,invalid,GNSS2_PNTPOS_REJECTED,0,0,0,0,1,0,,,,,0.003785881999647245,0
716,2408,461017.19800000003,1772784199.198,0,,invalid,GNSS2_PNTPOS_REJECTED,0,0,0,0,1,0,,,,,0.003034873996512033,0
717,2408,461017.398,1772784199.398,1,42.692884382506236,paper_ratio_fixed,,1,1,1,1,1,1,0.11913175585980751,-0.12913402179224887,0.3617723608773078,0.4021780848495139,0.009217997001542244,16
718,2408,461017.598,1772784199.598,1,41.6597261611264,paper_ratio_fixed,,1,1,1,1,1,1,0.11168910470017757,-0.1255346486452629,0.30750364589037515,0.35041674668184747,0.01084701999934623,16
719,2408,461017.798,1772784199.798,1,40.02426160022628,float,,1,1,1,1,1,0,0.11301479258534286,-0.13457001987978057,0.3029066061305308,0.3501911558435894,0.010698868994950317,20
720,2408,461017.998,1772784199.998,1,25.786742034707117,float,,1,1,1,1,1,0,0.06314991584142768,-0.13070905345701028,0.3225256118509464,0.3536884770899871,0.010200188000453636,20
721,2408,461018.19800000003,1772784200.198,1,356.6288790014052,paper_ratio_fixed,,1,1,1,1,1,1,-0.009710574630031221,-0.1648510312248847,0.3350735645146061,0.3735564902288237,0.008099086997390259,16
722,2408,461018.398,1772784200.398,1,60.98413406114753,float,,1,1,1,1,1,0,0.17516211499070344,-0.09715736365667293,0.3474994069455235,0.4010949484451555,0.008182259000022896,20
723,2408,461018.598,1772784200.598,1,63.5431722746838,float,,1,1,1,1,1,0,0.2081040332813242,-0.10356113158666216,0.3453381175016106,0.41628189012137035,0.009844817002885975,20
724,2408,461018.798,1772784200.798,1,51.709624193677655,float,,1,1,1,1,1,0,0.13579470461298615,-0.10720716372939906,0.3413351787196711,0.38267908485756075,0.011341375997290015,20
725,2408,461018.998,1772784200.998,0,,invalid,GNSS2_PNTPOS_REJECTED,0,0,0,0,1,0,,,,,0.004530238998995628,0
726,2408,461019.19800000003,1772784201.198,0,,invalid,GNSS2_PNTPOS_REJECTED,0,0,0,0,1,0,,,,,0.004106698994291946,0
727,2408,461019.398,1772784201.398,0,,invalid,GNSS2_PNTPOS_REJECTED,0,0,0,0,1,0,,,,,0.0040162700024666265,0
728,2408,461019.598,1772784201.598,0,,invalid,GNSS1_PNTPOS_REJECTED,0,0,0,0,1,0,,,,,0.003668674995424226,0
729,2408,461019.798,1772784201.798,0,,invalid,GNSS1_PNTPOS_REJECTED,0,0,0,0,1,0,,,,,0.002962071004731115,0
730,2408,461019.998,1772784201.998,0,,invalid,GNSS1_PNTPOS_REJECTED,0,0,0,0,1,0,,,,,0.002954449999378994,0
731,2408,461020.19800000003,1772784202.198,0,,invalid,GNSS1_PNTPOS_REJECTED,0,0,0,0,1,0,,,,,0.003063037001993507,0
732,2408,461020.398,1772784202.398,1,59.55744259555166,float,,1,1,1,1,1,0,0.13933378151832843,-0.08188582071410977,0.3539491604160121,0.3891004991842345,0.008534489999874495,16
733,2408,461020.598,1772784202.598,1,52.59626145600146,float,,1,1,1,1,1,0,0.12991151592003014,-0.09933828627253716,0.3450898579357462,0.3818797024434767,0.009631155997340102,16
734,2408,461020.798,1772784202.798,1,55.79729059775161,float,,1,1,1,1,1,0,0.19280195347822593,-0.13104140075937953,0.3313149748169031,0.4051099289278472,0.010158524004509673,16
735,2408,461020.998,1772784202.998,1,51.68906390657537,float,,1,1,1,1,1,0,0.15568491754902292,-0.1230007961409545,0.3341951505168792,0.3886558735340999,0.008701630002178717,16
736,2408,461021.19800000003,1772784203.198,1,51.605270572102995,float,,1,1,1,1,1,0,0.15546560940654164,-0.12319724030555979,0.33409228459301943,0.3885418514801672,0.007705325995630119,16
737,2408,461021.398,1772784203.398,1,51.050875481679384,float,,1,1,1,1,1,0,0.13216060961695186,-0.10682738659755453,0.34147036587576673,0.38141909762480136,0.010170713998377323,16
738,2408,461021.598,1772784203.598,1,46.60460757522827,float,,1,1,1,1,1,0,0.1550291853331025,-0.14658019879636652,0.3225754767109148,0.3867489381491586,0.008843422998324968,16
739,2408,461021.798,1772784203.798,1,52.90635494317644,float,,1,1,1,1,1,0,0.14014375820153768,-0.10596545905870103,0.34212591187961916,0.38460251046480864,0.009602835001714993,16
740,2408,461021.998,1772784203.998,0,,invalid,INSUFFICIENT_GPS_DUAL_FREQUENCY_SATELLITE_STATES,0,0,0,0,1,0,,,,,0.0050663039946812205,4
741,2408,461022.19800000003,1772784204.198,0,,invalid,INSUFFICIENT_GPS_DUAL_FREQUENCY_SATELLITE_STATES,0,0,0,0,1,0,,,,,0.004932389005261939,4
742,2408,461022.398,1772784204.398,0,,invalid,INSUFFICIENT_GPS_DUAL_FREQUENCY_SATELLITE_STATES,0,0,0,0,1,0,,,,,0.00488011899869889,4
743,2408,461022.598,1772784204.598,0,,invalid,INSUFFICIENT_GPS_DUAL_FREQUENCY_SATELLITE_STATES,0,0,0,0,1,0,,,,,0.0049239569998462684,4
744,2408,461022.798,1772784204.798,1,324.2868304369258,float,,1,1,1,1,1,0,-0.1737635920200047,-0.2417003729953343,0.2662492502600706,0.3993764132767834,0.008979878999525681,16
745,2408,461022.998,1772784204.998,1,313.41811331702104,float,,1,1,1,1,1,0,-0.5514197265971801,-0.5217820277911062,0.11750863762621222,0.7681982031501219,0.009663259006629232,16
746,2408,461023.19800000003,1772784205.198,1,313.96234427612256,float,,1,1,1,1,1,0,-0.49161567802233885,-0.47412373339321046,0.14268891873334333,0.6977387884970784,0.008448794003925286,16
747,2408,461023.398,1772784205.398,1,316.32150030910896,float,,1,1,1,1,1,0,-0.3213333774220797,-0.33650889222770497,0.21532819014695148,0.5126983552399593,0.009132579994911794,16
748,2408,461023.598,1772784205.598,1,66.14231595277988,float,,1,1,1,1,1,0,0.193255947906118,-0.085468546190821,0.35374918445044834,0.4120573009769661,0.010428822999529075,16
749,2408,461023.798,1772784205.798,1,106.10688389579349,float,,1,1,1,1,1,0,0.479983735673005,0.13860266152428724,0.4722984783827249,0.6875034087005435,0.010122796003997792,16
750,2408,461023.998,1772784205.998,1,99.64721483153579,float,,1,1,1,1,1,0,0.4925905043122416,0.08373303946006705,0.4456687872509937,0.6695351333317626,0.00850859299680451,16
751,2408,461024.19800000003,1772784206.198,1,343.122556961772,float,,1,1,1,1,1,0,-0.0796670799801692,-0.26258685978875446,0.25888266209743405,0.3772518194799594,0.009693788000731729,20
752,2408,461024.398,1772784206.398,1,317.0199821017933,float,,1,1,1,1,1,0,-0.32837169799369337,-0.3523818430626874,0.2073593965055875,0.5244033320667206,0.008216446993174031,20
753,2408,461024.598,1772784206.598,1,301.4782212336704,float,,1,1,1,1,1,0,-4.09064131769013,-2.504609920003448,-0.9605801514991765,4.891741149000783,0.007357554997724947,16
754,2408,461024.798,1772784206.798,1,300.6617140159169,float,,1,1,1,1,1,0,-4.620013041912957,-2.7389891175986474,-1.0912319336475083,5.480635823221764,0.008130996000545565,16
755,2408,461024.998,1772784206.998,1,59.460667896901214,float,,1,1,1,1,1,0,0.15417361555874143,-0.09095781632947963,0.349916366884389,0.39304489807075765,0.00860042199929012,16
756,2408,461025.19800000003,1772784207.198,1,300.65929558240657,float,,1,1,1,1,1,0,-5.690967379006171,-3.373583096534907,-1.4344788001722883,6.769483144692964,0.01043687500350643,16
757,2408,461025.398,1772784207.398,0,,invalid,INSUFFICIENT_GPS_DUAL_FREQUENCY_SATELLITE_STATES,0,0,0,0,1,0,,,,,0.004158838004514109,4
758,2408,461025.598,1772784207.598,0,,invalid,INSUFFICIENT_GPS_DUAL_FREQUENCY_SATELLITE_STATES,0,0,0,0,1,0,,,,,0.004837692002183758,4
759,2408,461025.798,1772784207.798,0,,invalid,INSUFFICIENT_GPS_DUAL_FREQUENCY_SATELLITE_STATES,0,0,0,0,1,0,,,,,0.0040740399999776855,4
760,2408,461025.998,1772784207.998,0,,invalid,INSUFFICIENT_GPS_DUAL_FREQUENCY_SATELLITE_STATES,0,0,0,0,1,0,,,,,0.003908740000042599,4
761,2408,461026.19800000003,1772784208.198,0,,invalid,INSUFFICIENT_GPS_DUAL_FREQUENCY_SATELLITE_STATES,0,0,0,0,1,0,,,,,0.004064344997459557,4
762,2408,461026.398,1772784208.398,0,,invalid,INSUFFICIENT_GPS_DUAL_FREQUENCY_SATELLITE_STATES,0,0,0,0,1,0,,,,,0.0038713199974154122,4
763,2408,461026.598,1772784208.598,0,,invalid,INSUFFICIENT_GPS_DUAL_FREQUENCY_SATELLITE_STATES,0,0,0,0,1,0,,,,,0.004649310001695994,4
764,2408,461026.798,1772784208.798,0,,invalid,INSUFFICIENT_GPS_DUAL_FREQUENCY_SATELLITE_STATES,0,0,0,0,1,0,,,,,0.004825260999496095,4
765,2408,461026.998,1772784208.998,0,,invalid,INSUFFICIENT_GPS_DUAL_FREQUENCY_SATELLITE_STATES,0,0,0,0,1,0,,,,,0.004736990995297674,4
766,2408,461027.19800000003,1772784209.198,0,,invalid,INSUFFICIENT_GPS_DUAL_FREQUENCY_SATELLITE_STATES,0,0,0,0,1,0,,,,,0.004886533002718352,4
767,2408,461027.398,1772784209.398,0,,invalid,INSUFFICIENT_GPS_DUAL_FREQUENCY_SATELLITE_STATES,0,0,0,0,1,0,,,,,0.004729845997644588,4
768,2408,461027.598,1772784209.598,0,,invalid,INSUFFICIENT_GPS_DUAL_FREQUENCY_SATELLITE_STATES,0,0,0,0,1,0,,,,,0.004815076004888397,4
769,2408,461027.798,1772784209.798,0,,invalid,INSUFFICIENT_GPS_DUAL_FREQUENCY_SATELLITE_STATES,0,0,0,0,1,0,,,,,0.004717835996416397,4
770,2408,461027.998,1772784209.998,0,,invalid,INSUFFICIENT_GPS_DUAL_FREQUENCY_SATELLITE_STATES,0,0,0,0,1,0,,,,,0.004808657002286054,4
771,2408,461028.19800000003,1772784210.198,0,,invalid,INSUFFICIENT_GPS_DUAL_FREQUENCY_SATELLITE_STATES,0,0,0,0,1,0,,,,,0.0047766999996383674,4
772,2408,461028.398,1772784210.398,0,,invalid,INSUFFICIENT_GPS_DUAL_FREQUENCY_SATELLITE_STATES,0,0,0,0,1,0,,,,,0.004844618997594807,4
773,2408,461028.598,1772784210.598,0,,invalid,INSUFFICIENT_GPS_DUAL_FREQUENCY_SATELLITE_STATES,0,0,0,0,1,0,,,,,0.003749238996533677,4
774,2408,461028.798,1772784210.798,1,307.5775138856534,float,,1,1,1,1,1,0,-0.8813764995989137,-0.678200402767922,0.03102584438146927,1.1125389536458437,0.009332163994258735,20
775,2408,461028.998,1772784210.998,1,306.99622876091735,float,,1,1,1,1,1,0,-1.0297674834873856,-0.7758791949041947,-0.02136634492083067,1.2895216616359726,0.010110276998602785,16
776,2408,461029.19800000003,1772784211.198,1,306.2718190516184,float,,1,1,1,1,1,0,-1.150442324764219,-0.8442130425876996,-0.05848294760773448,1.4281573649444135,0.009654061999754049,16
777,2408,461029.398,1772784211.398,1,306.41665548979586,float,,1,1,1,1,1,0,-1.0693088772513644,-0.7888423998081432,-0.028890070898148545,1.3291081381513485,0.011060693999752402,16
778,2408,461029.598,1772784211.598,1,307.68718738599,float,,1,1,1,1,1,0,-0.9892797943179433,-0.7642490004551511,-0.014471352713931518,1.250184172908864,0.01088121999782743,16
779,2408,461029.798,1772784211.798,0,,invalid,INSUFFICIENT_GPS_DUAL_FREQUENCY_SATELLITE_STATES,0,0,0,0,1,0,,,,,0.003979136003181338,4
780,2408,461029.998,1772784211.998,0,,invalid,INSUFFICIENT_GPS_DUAL_FREQUENCY_SATELLITE_STATES,0,0,0,0,1,0,,,,,0.003874749003443867,4
781,2408,461030.19800000003,1772784212.198,1,306.7540889983801,float,,1,1,1,1,1,0,-1.2471548787609905,-0.9314333623292979,-0.10419685921793376,1.5600706347945543,0.009048428997630253,16
782,2408,461030.398,1772784212.398,1,303.64306506186125,float,,1,1,1,1,1,0,-1.8879048382253871,-1.2563673810448752,-0.282628724702245,2.2852839364891184,0.008763783996982966,16
783,2408,461030.598,1772784212.598,1,304.5322921074044,float,,1,1,1,1,1,0,-1.3366974701696357,-0.9197963731006464,-0.1010661462528728,1.6257305621305809,0.009378707996802405,16
784,2408,461030.798,1772784212.798,0,,invalid,INSUFFICIENT_GPS_DUAL_FREQUENCY_SATELLITE_STATES,0,0,0,0,1,0,,,,,0.00497868399543222,4
785,2408,461030.998,1772784212.998,0,,invalid,INSUFFICIENT_GPS_DUAL_FREQUENCY_SATELLITE_STATES,0,0,0,0,1,0,,,,,0.004815961001440883,4
786,2408,461031.19800000003,1772784213.198,0,,invalid,INSUFFICIENT_GPS_DUAL_FREQUENCY_SATELLITE_STATES,0,0,0,0,1,0,,,,,0.003909115002898034,4
787,2408,461031.398,1772784213.398,1,302.7115237852456,float,,1,1,1,1,1,0,-2.5398803723304684,-1.6312956963431673,-0.48598166081152905,3.0574983449386246,0.00756687400280498,16
788,2408,461031.598,1772784213.598,0,,invalid,GNSS1_PNTPOS_REJECTED,0,0,0,0,1,0,,,,,0.0030320739970193245,0
789,2408,461031.798,1772784213.798,0,,invalid,GNSS1_PNTPOS_REJECTED,0,0,0,0,1,0,,,,,0.002880493993870914,0
790,2408,461031.998,1772784213.998,0,,invalid,GNSS1_PNTPOS_REJECTED,0,0,0,0,1,0,,,,,0.003077332003158517,0
791,2408,461032.19800000003,1772784214.198,0,,invalid,GNSS1_PNTPOS_REJECTED,0,0,0,0,1,0,,,,,0.0033246370003325865,0
792,2408,461032.398,1772784214.398,1,303.711494197972,float,,1,1,1,1,1,0,-2.054710774365808,-1.3709173591753423,-0.3438189349590641,2.4938849676798682,0.010564323994913138,16
793,2408,461032.598,1772784214.598,1,303.08002620979215,float,,1,1,1,1,1,0,-1.969763347223157,-1.2830943058712934,-0.2981498240271374,2.369639626481319,0.0087431879946962,16
794,2408,461032.798,1772784214.798,0,,invalid,GNSS2_PNTPOS_REJECTED,0,0,0,0,1,0,,,,,0.0042098639969481155,0
795,2408,461032.998,1772784214.998,0,,invalid,GNSS1_PNTPOS_REJECTED,0,0,0,0,1,0,,,,,0.0038483600001200102,0
796,2408,461033.19800000003,1772784215.198,0,,invalid,GNSS2_PNTPOS_REJECTED,0,0,0,0,1,0,,,,,0.004147218998696189,0
797,2408,461033.398,1772784215.398,0,,invalid,GNSS1_PNTPOS_REJECTED,0,0,0,0,1,0,,,,,0.0037866179991397075,0
798,2408,461033.598,1772784215.598,0,,invalid,GNSS1_PNTPOS_REJECTED,0,0,0,0,1,0,,,,,0.0039256809977814555,0
799,2408,461033.798,1772784215.798,0,,invalid,GNSS1_PNTPOS_REJECTED,0,0,0,0,1,0,,,,,0.0038902969972696155,0
800,2408,461033.998,1772784215.998,0,,invalid,GNSS1_PNTPOS_REJECTED,0,0,0,0,1,0,,,,,0.00409385199600365,0
801,2408,461034.19800000003,1772784216.198,0,,invalid,GNSS1_PNTPOS_REJECTED,0,0,0,0,1,0,,,,,0.008033491001697257,0
802,2408,461034.398,1772784216.398,0,,invalid,GNSS1_PNTPOS_REJECTED,0,0,0,0,1,0,,,,,0.003998945001512766,0
803,2408,461034.598,1772784216.598,0,,invalid,GNSS1_PNTPOS_REJECTED,0,0,0,0,1,0,,,,,0.0038891489966772497,0
804,2408,461034.798,1772784216.798,0,,invalid,GNSS1_PNTPOS_REJECTED,0,0,0,0,1,0,,,,,0.0037758920007036068,0
805,2408,461034.998,1772784216.998,0,,invalid,GNSS1_PNTPOS_REJECTED,0,0,0,0,1,0,,,,,0.0037688359952881,0
806,2408,461035.19800000003,1772784217.198,0,,invalid,GNSS1_PNTPOS_REJECTED,0,0,0,0,1,0,,,,,0.003361558003234677,0
807,2408,461035.398,1772784217.398,0,,invalid,GNSS1_PNTPOS_REJECTED,0,0,0,0,1,0,,,,,0.003464437999355141,0
808,2408,461035.598,1772784217.598,0,,invalid,GNSS1_PNTPOS_REJECTED,0,0,0,0,1,0,,,,,0.0037910329992882907,0
809,2408,461035.798,1772784217.798,0,,invalid,GNSS1_PNTPOS_REJECTED,0,0,0,0,1,0,,,,,0.0038456359980045818,0
810,2408,461035.998,1772784217.998,1,322.9949429934774,float,,1,1,1,1,1,0,-0.1961459352285999,-0.26024665363783894,0.2564756420101282,0.4147062859192067,0.010713169998780359,16
811,2408,461036.19800000003,1772784218.198,0,,invalid,GNSS1_PNTPOS_REJECTED,0,0,0,0,1,0,,,,,0.004242959003022406,0
812,2408,461036.398,1772784218.398,0,,invalid,GNSS1_PNTPOS_REJECTED,0,0,0,0,1,0,,,,,0.0034669270025915466,0
813,2408,461036.598,1772784218.598,0,,invalid,GNSS1_PNTPOS_REJECTED,0,0,0,0,1,0,,,,,0.0030704729942954145,0
814,2408,461036.798,1772784218.798,0,,invalid,GNSS1_PNTPOS_REJECTED,0,0,0,0,1,0,,,,,0.003068459001951851,0
815,2408,461036.998,1772784218.998,0,,invalid,GNSS1_PNTPOS_REJECTED,0,0,0,0,1,0,,,,,0.0030553990000043996,0
816,2408,461037.19800000003,1772784219.198,0,,invalid,GNSS1_PNTPOS_REJECTED,0,0,0,0,1,0,,,,,0.0029878950008424,0
817,2408,461037.398,1772784219.398,0,,invalid,GNSS1_PNTPOS_REJECTED,0,0,0,0,1,0,,,,,0.0033836649963632226,0
818,2408,461037.598,1772784219.598,0,,invalid,GNSS1_PNTPOS_REJECTED,0,0,0,0,1,0,,,,,0.0032257749990094453,0
819,2408,461037.798,1772784219.798,0,,invalid,GNSS1_PNTPOS_REJECTED,0,0,0,0,1,0,,,,,0.0031339060005848296,0
820,2408,461037.998,1772784219.998,0,,invalid,GNSS1_PNTPOS_REJECTED,0,0,0,0,1,0,,,,,0.004037462000269443,0
821,2408,461038.19800000003,1772784220.198,0,,invalid,GNSS1_PNTPOS_REJECTED,0,0,0,0,1,0,,,,,0.003838500997517258,0
822,2408,461038.398,1772784220.398,0,,invalid,GNSS1_PNTPOS_REJECTED,0,0,0,0,1,0,,,,,0.003983500995673239,0
823,2408,461038.598,1772784220.598,0,,invalid,GNSS1_PNTPOS_REJECTED,0,0,0,0,1,0,,,,,0.003928468999220058,0
824,2408,461038.798,1772784220.798,0,,invalid,GNSS1_PNTPOS_REJECTED,0,0,0,0,1,0,,,,,0.0034760060007101856,0
825,2408,461038.998,1772784220.998,0,,invalid,GNSS1_PNTPOS_REJECTED,0,0,0,0,1,0,,,,,0.003587914994568564,0
826,2408,461039.19800000003,1772784221.198,0,,invalid,GNSS1_PNTPOS_REJECTED,0,0,0,0,1,0,,,,,0.0038358410020009615,0
827,2408,461039.398,1772784221.398,0,,invalid,GNSS1_PNTPOS_REJECTED,0,0,0,0,1,0,,,,,0.004022727996925823,0
828,2408,461039.598,1772784221.598,0,,invalid,GNSS1_PNTPOS_REJECTED,0,0,0,0,1,0,,,,,0.004141593002714217,0
829,2408,461039.798,1772784221.798,0,,invalid,GNSS1_PNTPOS_REJECTED,0,0,0,0,1,0,,,,,0.003908320999471471,0
830,2408,461039.998,1772784221.998,0,,invalid,GNSS1_PNTPOS_REJECTED,0,0,0,0,1,0,,,,,0.003935988999728579,0
831,2408,461040.19800000003,1772784222.198,0,,invalid,GNSS1_PNTPOS_REJECTED,0,0,0,0,1,0,,,,,0.004331449999881443,0
832,2408,461040.398,1772784222.398,0,,invalid,GNSS1_PNTPOS_REJECTED,0,0,0,0,1,0,,,,,0.0030887910033925436,0
833,2408,461040.598,1772784222.598,0,,invalid,GNSS1_PNTPOS_REJECTED,0,0,0,0,1,0,,,,,0.003217059995222371,0
834,2408,461040.798,1772784222.798,0,,invalid,GNSS1_PNTPOS_REJECTED,0,0,0,0,1,0,,,,,0.0032643860031384975,0
835,2408,461040.998,1772784222.998,0,,invalid,GNSS1_PNTPOS_REJECTED,0,0,0,0,1,0,,,,,0.0042805880002561025,0
836,2408,461041.19800000003,1772784223.198,0,,invalid,GNSS1_PNTPOS_REJECTED,0,0,0,0,1,0,,,,,0.0040241640017484315,0
837,2408,461041.398,1772784223.398,0,,invalid,GNSS1_PNTPOS_REJECTED,0,0,0,0,1,0,,,,,0.0034182579984189942,0
838,2408,461041.598,1772784223.598,0,,invalid,GNSS1_PNTPOS_REJECTED,0,0,0,0,1,0,,,,,0.0031822629971429706,0
839,2408,461041.798,1772784223.798,0,,invalid,GNSS1_PNTPOS_REJECTED,0,0,0,0,1,0,,,,,0.0031245019999914803,0
840,2408,461041.998,1772784223.998,0,,invalid,GNSS1_PNTPOS_REJECTED,0,0,0,0,1,0,,,,,0.0033822979967226274,0
841,2408,461042.19800000003,1772784224.198,0,,invalid,GNSS1_PNTPOS_REJECTED,0,0,0,0,1,0,,,,,0.003547077998518944,0
842,2408,461042.398,1772784224.398,0,,invalid,GNSS1_PNTPOS_REJECTED,0,0,0,0,1,0,,,,,0.0033395609934814274,0
843,2408,461042.598,1772784224.598,0,,invalid,GNSS1_PNTPOS_REJECTED,0,0,0,0,1,0,,,,,0.004047767004522029,0
844,2408,461042.798,1772784224.798,0,,invalid,GNSS1_PNTPOS_REJECTED,0,0,0,0,1,0,,,,,0.004143286001635715,0
845,2408,461042.998,1772784224.998,0,,invalid,GNSS1_PNTPOS_REJECTED,0,0,0,0,1,0,,,,,0.004046394999022596,0
846,2408,461043.19800000003,1772784225.198,0,,invalid,GNSS1_PNTPOS_REJECTED,0,0,0,0,1,0,,,,,0.0036556959967128932,0
847,2408,461043.398,1772784225.398,0,,invalid,GNSS1_PNTPOS_REJECTED,0,0,0,0,1,0,,,,,0.00308301600307459,0
848,2408,461043.598,1772784225.598,0,,invalid,GNSS1_PNTPOS_REJECTED,0,0,0,0,1,0,,,,,0.003962119997595437,0
849,2408,461043.798,1772784225.798,0,,invalid,GNSS1_PNTPOS_REJECTED,0,0,0,0,1,0,,,,,0.004290002994821407,0
850,2408,461043.998,1772784225.998,0,,invalid,GNSS1_PNTPOS_REJECTED,0,0,0,0,1,0,,,,,0.0033872350031742826,0
851,2408,461044.19800000003,1772784226.198,0,,invalid,GNSS1_PNTPOS_REJECTED,0,0,0,0,1,0,,,,,0.0036353309988044202,0
852,2408,461044.398,1772784226.398,0,,invalid,GNSS1_PNTPOS_REJECTED,0,0,0,0,1,0,,,,,0.0038792310006101616,0
853,2408,461044.598,1772784226.598,0,,invalid,GNSS2_PNTPOS_REJECTED,0,0,0,0,1,0,,,,,0.0039044680015649647,0
854,2408,461044.798,1772784226.798,0,,invalid,GNSS2_PNTPOS_REJECTED,0,0,0,0,1,0,,,,,0.004043966000608634,0
855,2408,461044.998,1772784226.998,0,,invalid,GNSS2_PNTPOS_REJECTED,0,0,0,0,1,0,,,,,0.003451974997005891,0
856,2408,461045.19800000003,1772784227.198,0,,invalid,GNSS2_PNTPOS_REJECTED,0,0,0,0,1,0,,,,,0.003926667006453499,0
857,2408,461045.398,1772784227.398,0,,invalid,GNSS2_PNTPOS_REJECTED,0,0,0,0,1,0,,,,,0.004565669005387463,0
858,2408,461045.598,1772784227.598,0,,invalid,GNSS2_PNTPOS_REJECTED,0,0,0,0,1,0,,,,,0.00457957499747863,0
859,2408,461045.798,1772784227.798,0,,invalid,GNSS2_PNTPOS_REJECTED,0,0,0,0,1,0,,,,,0.004228833997331094,0
860,2408,461045.998,1772784227.998,0,,invalid,GNSS2_PNTPOS_REJECTED,0,0,0,0,1,0,,,,,0.0037172150041442364,0
861,2408,461046.19800000003,1772784228.198,0,,invalid,GNSS2_PNTPOS_REJECTED,0,0,0,0,1,0,,,,,0.0037364250019891188,0
862,2408,461046.398,1772784228.398,0,,invalid,GNSS2_PNTPOS_REJECTED,0,0,0,0,1,0,,,,,0.0038557360021513887,0
863,2408,461046.598,1772784228.598,0,,invalid,GNSS2_PNTPOS_REJECTED,0,0,0,0,1,0,,,,,0.0054873110057087615,0
864,2408,461046.798,1772784228.798,0,,invalid,GNSS2_PNTPOS_REJECTED,0,0,0,0,1,0,,,,,0.0037728919996879995,0
865,2408,461046.998,1772784228.998,0,,invalid,GNSS2_PNTPOS_REJECTED,0,0,0,0,1,0,,,,,0.004603165005391929,0
866,2408,461047.19800000003,1772784229.198,0,,invalid,GNSS2_PNTPOS_REJECTED,0,0,0,0,1,0,,,,,0.00447023099695798,0
867,2408,461047.398,1772784229.398,0,,invalid,GNSS2_PNTPOS_REJECTED,0,0,0,0,1,0,,,,,0.004450207001355011,0
868,2408,461047.598,1772784229.598,0,,invalid,GNSS1_PNTPOS_REJECTED,0,0,0,0,1,0,,,,,0.005001633006031625,0
869,2408,461047.798,1772784229.798,0,,invalid,GNSS2_PNTPOS_REJECTED,0,0,0,0,1,0,,,,,0.0036891569980070926,0
870,2408,461047.998,1772784229.998,0,,invalid,GNSS1_PNTPOS_REJECTED,0,0,0,0,1,0,,,,,0.003133614001853857,0
871,2408,461048.19800000003,1772784230.198,0,,invalid,GNSS1_PNTPOS_REJECTED,0,0,0,0,1,0,,,,,0.0032531340038985945,0
872,2408,461048.398,1772784230.398,0,,invalid,GNSS2_PNTPOS_REJECTED,0,0,0,0,1,0,,,,,0.004450633001397364,0
873,2408,461048.598,1772784230.598,0,,invalid,GNSS2_PNTPOS_REJECTED,0,0,0,0,1,0,,,,,0.004310819000238553,0
874,2408,461048.798,1772784230.798,0,,invalid,GNSS2_PNTPOS_REJECTED,0,0,0,0,1,0,,,,,0.00405837799917208,0
875,2408,461048.998,1772784230.998,0,,invalid,GNSS2_PNTPOS_REJECTED,0,0,0,0,1,0,,,,,0.005055339002865367,0
876,2408,461049.19800000003,1772784231.198,0,,invalid,GNSS2_PNTPOS_REJECTED,0,0,0,0,1,0,,,,,0.004739623000205029,0
877,2408,461049.398,1772784231.398,0,,invalid,GNSS1_PNTPOS_REJECTED,0,0,0,0,1,0,,,,,0.004497718997299671,0
878,2408,461049.598,1772784231.598,0,,invalid,GNSS1_PNTPOS_REJECTED,0,0,0,0,1,0,,,,,0.0042992680027964525,0
879,2408,461049.798,1772784231.798,0,,invalid,GNSS1_PNTPOS_REJECTED,0,0,0,0,1,0,,,,,0.004046686997753568,0
880,2408,461049.998,1772784231.998,0,,invalid,GNSS1_PNTPOS_REJECTED,0,0,0,0,1,0,,,,,0.004141199002333451,0
881,2408,461050.19800000003,1772784232.198,0,,invalid,GNSS1_PNTPOS_REJECTED,0,0,0,0,1,0,,,,,0.004128379994654097,0
882,2408,461050.398,1772784232.398,0,,invalid,GNSS1_PNTPOS_REJECTED,0,0,0,0,1,0,,,,,0.0051678660020115785,0
883,2408,461050.598,1772784232.598,0,,invalid,GNSS1_PNTPOS_REJECTED,0,0,0,0,1,0,,,,,0.004257972999766935,0
884,2408,461050.798,1772784232.798,0,,invalid,GNSS1_PNTPOS_REJECTED,0,0,0,0,1,0,,,,,0.004518332003499381,0
885,2408,461050.998,1772784232.998,0,,invalid,GNSS1_PNTPOS_REJECTED,0,0,0,0,1,0,,,,,0.004277545995137189,0
886,2408,461051.19800000003,1772784233.198,0,,invalid,GNSS1_PNTPOS_REJECTED,0,0,0,0,1,0,,,,,0.00510257099813316,0
887,2408,461051.398,1772784233.398,0,,invalid,GNSS1_PNTPOS_REJECTED,0,0,0,0,1,0,,,,,0.004342150998127181,0
888,2408,461051.598,1772784233.598,0,,invalid,GNSS1_PNTPOS_REJECTED,0,0,0,0,1,0,,,,,0.0033661220004432835,0
889,2408,461051.798,1772784233.798,0,,invalid,GNSS1_PNTPOS_REJECTED,0,0,0,0,1,0,,,,,0.004431425004440825,0
890,2408,461051.998,1772784233.998,0,,invalid,GNSS1_PNTPOS_REJECTED,0,0,0,0,1,0,,,,,0.004212629995890893,0
891,2408,461052.19800000003,1772784234.198,0,,invalid,GNSS1_PNTPOS_REJECTED,0,0,0,0,1,0,,,,,0.004574498001602478,0
892,2408,461052.398,1772784234.398,0,,invalid,GNSS1_PNTPOS_REJECTED,0,0,0,0,1,0,,,,,0.004253280996636022,0
893,2408,461052.598,1772784234.598,0,,invalid,GNSS1_PNTPOS_REJECTED,0,0,0,0,1,0,,,,,0.0034721259944490157,0
894,2408,461052.798,1772784234.798,0,,invalid,GNSS1_PNTPOS_REJECTED,0,0,0,0,1,0,,,,,0.003541760001098737,0
895,2408,461052.998,1772784234.998,0,,invalid,GNSS1_PNTPOS_REJECTED,0,0,0,0,1,0,,,,,0.003357965004397556,0
896,2408,461053.19800000003,1772784235.198,0,,invalid,GNSS1_PNTPOS_REJECTED,0,0,0,0,1,0,,,,,0.003733743003976997,0
897,2408,461053.398,1772784235.398,0,,invalid,GNSS1_PNTPOS_REJECTED,0,0,0,0,1,0,,,,,0.0033212740017916076,0
898,2408,461053.598,1772784235.598,0,,invalid,GNSS1_PNTPOS_REJECTED,0,0,0,0,1,0,,,,,0.0036711200009449385,0
899,2408,461053.798,1772784235.798,0,,invalid,GNSS1_PNTPOS_REJECTED,0,0,0,0,1,0,,,,,0.004527909004536923,0
900,2408,461053.998,1772784235.998,0,,invalid,GNSS1_PNTPOS_REJECTED,0,0,0,0,1,0,,,,,0.004708845997811295,0
901,2408,461054.19800000003,1772784236.198,0,,invalid,GNSS1_PNTPOS_REJECTED,0,0,0,0,1,0,,,,,0.00454896199516952,0
902,2408,461054.398,1772784236.398,0,,invalid,GNSS1_PNTPOS_REJECTED,0,0,0,0,1,0,,,,,0.004095053001947235,0
903,2408,461054.598,1772784236.598,0,,invalid,GNSS1_PNTPOS_REJECTED,0,0,0,0,1,0,,,,,0.0044812620035372674,0
904,2408,461054.798,1772784236.798,0,,invalid,GNSS1_PNTPOS_REJECTED,0,0,0,0,1,0,,,,,0.004305657996155787,0
905,2408,461054.998,1772784236.998,0,,invalid,GNSS1_PNTPOS_REJECTED,0,0,0,0,1,0,,,,,0.003562357000191696,0
906,2408,461055.19800000003,1772784237.198,0,,invalid,GNSS1_PNTPOS_REJECTED,0,0,0,0,1,0,,,,,0.0033280610005022027,0
907,2408,461055.398,1772784237.398,0,,invalid,GNSS1_PNTPOS_REJECTED,0,0,0,0,1,0,,,,,0.0034832230012398213,0
908,2408,461055.598,1772784237.598,0,,invalid,GNSS1_PNTPOS_REJECTED,0,0,0,0,1,0,,,,,0.0034211040037916973,0
909,2408,461055.798,1772784237.798,0,,invalid,GNSS1_PNTPOS_REJECTED,0,0,0,0,1,0,,,,,0.003874427995469887,0
910,2408,461055.998,1772784237.998,0,,invalid,GNSS1_PNTPOS_REJECTED,0,0,0,0,1,0,,,,,0.0037226210042717867,0
911,2408,461056.19800000003,1772784238.198,0,,invalid,GNSS1_PNTPOS_REJECTED,0,0,0,0,1,0,,,,,0.003602897995733656,0
912,2408,461056.398,1772784238.398,0,,invalid,GNSS1_PNTPOS_REJECTED,0,0,0,0,1,0,,,,,0.003501152001263108,0
913,2408,461056.598,1772784238.598,0,,invalid,GNSS1_PNTPOS_REJECTED,0,0,0,0,1,0,,,,,0.004572272999212146,0
914,2408,461056.798,1772784238.798,0,,invalid,GNSS1_PNTPOS_REJECTED,0,0,0,0,1,0,,,,,0.004643630003556609,0
915,2408,461056.998,1772784238.998,0,,invalid,GNSS1_PNTPOS_REJECTED,0,0,0,0,1,0,,,,,0.00460456199652981,0
916,2408,461057.19800000003,1772784239.198,0,,invalid,GNSS1_PNTPOS_REJECTED,0,0,0,0,1,0,,,,,0.004471637999813538,0
917,2408,461057.398,1772784239.398,0,,invalid,GNSS1_PNTPOS_REJECTED,0,0,0,0,1,0,,,,,0.0037643940013367683,0
918,2408,461057.598,1772784239.598,0,,invalid,GNSS1_PNTPOS_REJECTED,0,0,0,0,1,0,,,,,0.0035306089994264767,0
919,2408,461057.798,1772784239.798,0,,invalid,GNSS1_PNTPOS_REJECTED,0,0,0,0,1,0,,,,,0.003474282995739486,0
920,2408,461057.998,1772784239.998,0,,invalid,GNSS1_PNTPOS_REJECTED,0,0,0,0,1,0,,,,,0.003944535994378384,0
921,2408,461058.19800000003,1772784240.198,0,,invalid,GNSS1_PNTPOS_REJECTED,0,0,0,0,1,0,,,,,0.004562934998830315,0
922,2408,461058.398,1772784240.398,0,,invalid,GNSS1_PNTPOS_REJECTED,0,0,0,0,1,0,,,,,0.0045059740004944615,0
923,2408,461058.598,1772784240.598,0,,invalid,GNSS1_PNTPOS_REJECTED,0,0,0,0,1,0,,,,,0.003558992000762373,0
924,2408,461058.798,1772784240.798,0,,invalid,GNSS1_PNTPOS_REJECTED,0,0,0,0,1,0,,,,,0.0036119770011282526,0
925,2408,461058.998,1772784240.998,0,,invalid,GNSS1_PNTPOS_REJECTED,0,0,0,0,1,0,,,,,0.0038952460017753765,0
926,2408,461059.19800000003,1772784241.198,0,,invalid,GNSS1_PNTPOS_REJECTED,0,0,0,0,1,0,,,,,0.003607396996812895,0
927,2408,461059.398,1772784241.398,0,,invalid,GNSS1_PNTPOS_REJECTED,0,0,0,0,1,0,,,,,0.004168760999164078,0
928,2408,461059.598,1772784241.598,0,,invalid,GNSS1_PNTPOS_REJECTED,0,0,0,0,1,0,,,,,0.0034754290027194656,0
929,2408,461059.798,1772784241.798,0,,invalid,GNSS1_PNTPOS_REJECTED,0,0,0,0,1,0,,,,,0.004383475999929942,0
930,2408,461059.998,1772784241.998,0,,invalid,GNSS1_PNTPOS_REJECTED,0,0,0,0,1,0,,,,,0.004492038999160286,0
931,2408,461060.19800000003,1772784242.198,0,,invalid,GNSS2_PNTPOS_REJECTED,0,0,0,0,1,0,,,,,0.004787262994796038,0
932,2408,461060.398,1772784242.398,0,,invalid,GNSS2_PNTPOS_REJECTED,0,0,0,0,1,0,,,,,0.004293254001822788,0
933,2408,461060.598,1772784242.598,0,,invalid,GNSS2_PNTPOS_REJECTED,0,0,0,0,1,0,,,,,0.009058698000444565,0
934,2408,461060.798,1772784242.798,0,,invalid,GNSS2_PNTPOS_REJECTED,0,0,0,0,1,0,,,,,0.004562630994769279,0
935,2408,461060.998,1772784242.998,0,,invalid,GNSS1_PNTPOS_REJECTED,0,0,0,0,1,0,,,,,0.004611167998518795,0
936,2408,461061.19800000003,1772784243.198,0,,invalid,GNSS1_PNTPOS_REJECTED,0,0,0,0,1,0,,,,,0.004346204004832543,0
937,2408,461061.398,1772784243.398,0,,invalid,GNSS1_PNTPOS_REJECTED,0,0,0,0,1,0,,,,,0.004410428002302069,0
938,2408,461061.598,1772784243.598,0,,invalid,GNSS1_PNTPOS_REJECTED,0,0,0,0,1,0,,,,,0.004672629002016038,0
939,2408,461061.798,1772784243.798,0,,invalid,GNSS1_PNTPOS_REJECTED,0,0,0,0,1,0,,,,,0.0043628359999274835,0
940,2408,461061.998,1772784243.998,0,,invalid,GNSS1_PNTPOS_REJECTED,0,0,0,0,1,0,,,,,0.0041949840015149675,0
941,2408,461062.19800000003,1772784244.198,0,,invalid,GNSS1_PNTPOS_REJECTED,0,0,0,0,1,0,,,,,0.004327509996073786,0
942,2408,461062.398,1772784244.398,0,,invalid,GNSS1_PNTPOS_REJECTED,0,0,0,0,1,0,,,,,0.004494385997531936,0
943,2408,461062.598,1772784244.598,0,,invalid,GNSS1_PNTPOS_REJECTED,0,0,0,0,1,0,,,,,0.004525133001152426,0
944,2408,461062.798,1772784244.798,0,,invalid,GNSS1_PNTPOS_REJECTED,0,0,0,0,1,0,,,,,0.004757563001476228,0
945,2408,461062.998,1772784244.998,0,,invalid,GNSS1_PNTPOS_REJECTED,0,0,0,0,1,0,,,,,0.003725018999830354,0
946,2408,461063.19800000003,1772784245.198,0,,invalid,GNSS1_PNTPOS_REJECTED,0,0,0,0,1,0,,,,,0.003681504000269342,0
947,2408,461063.398,1772784245.398,0,,invalid,GNSS1_PNTPOS_REJECTED,0,0,0,0,1,0,,,,,0.004173111999989487,0
948,2408,461063.598,1772784245.598,0,,invalid,GNSS1_PNTPOS_REJECTED,0,0,0,0,1,0,,,,,0.00439683000149671,0
949,2408,461063.798,1772784245.798,0,,invalid,GNSS1_PNTPOS_REJECTED,0,0,0,0,1,0,,,,,0.0046326439987751655,0
950,2408,461063.998,1772784245.998,0,,invalid,GNSS1_PNTPOS_REJECTED,0,0,0,0,1,0,,,,,0.004471031999855768,0
951,2408,461064.19800000003,1772784246.198,0,,invalid,GNSS1_PNTPOS_REJECTED,0,0,0,0,1,0,,,,,0.004545830001006834,0
952,2408,461064.398,1772784246.398,0,,invalid,GNSS1_PNTPOS_REJECTED,0,0,0,0,1,0,,,,,0.0042829659942071885,0
953,2408,461064.598,1772784246.598,0,,invalid,GNSS1_PNTPOS_REJECTED,0,0,0,0,1,0,,,,,0.004507601996010635,0
954,2408,461064.798,1772784246.798,0,,invalid,GNSS1_PNTPOS_REJECTED,0,0,0,0,1,0,,,,,0.004299562999221962,0
955,2408,461064.998,1772784246.998,0,,invalid,GNSS1_PNTPOS_REJECTED,0,0,0,0,1,0,,,,,0.004508017998887226,0
956,2408,461065.19800000003,1772784247.198,0,,invalid,GNSS2_PNTPOS_REJECTED,0,0,0,0,1,0,,,,,0.004589497002598364,0
957,2408,461065.398,1772784247.398,0,,invalid,GNSS1_PNTPOS_REJECTED,0,0,0,0,1,0,,,,,0.004321378000895493,0
958,2408,461065.598,1772784247.598,0,,invalid,GNSS1_PNTPOS_REJECTED,0,0,0,0,1,0,,,,,0.004061314997670706,0
959,2408,461065.798,1772784247.798,0,,invalid,GNSS1_PNTPOS_REJECTED,0,0,0,0,1,0,,,,,0.0036027800015290268,0
960,2408,461065.998,1772784247.998,0,,invalid,GNSS1_PNTPOS_REJECTED,0,0,0,0,1,0,,,,,0.004156572002102621,0
961,2408,461066.19800000003,1772784248.198,0,,invalid,GNSS1_PNTPOS_REJECTED,0,0,0,0,1,0,,,,,0.003477935999399051,0
962,2408,461066.398,1772784248.398,0,,invalid,GNSS1_PNTPOS_REJECTED,0,0,0,0,1,0,,,,,0.0038785879951319657,0
963,2408,461066.598,1772784248.598,0,,invalid,GNSS1_PNTPOS_REJECTED,0,0,0,0,1,0,,,,,0.004155000999162439,0
964,2408,461066.798,1772784248.798,0,,invalid,GNSS1_PNTPOS_REJECTED,0,0,0,0,1,0,,,,,0.003487614005280193,0
965,2408,461066.998,1772784248.998,0,,invalid,GNSS1_PNTPOS_REJECTED,0,0,0,0,1,0,,,,,0.004405968000355642,0
966,2408,461067.19800000003,1772784249.198,0,,invalid,GNSS1_PNTPOS_REJECTED,0,0,0,0,1,0,,,,,0.0037048930025775917,0
967,2408,461067.398,1772784249.398,0,,invalid,GNSS1_PNTPOS_REJECTED,0,0,0,0,1,0,,,,,0.0035784950014203787,0
968,2408,461067.598,1772784249.598,0,,invalid,GNSS1_PNTPOS_REJECTED,0,0,0,0,1,0,,,,,0.005056225003500003,0
969,2408,461067.798,1772784249.798,0,,invalid,GNSS1_PNTPOS_REJECTED,0,0,0,0,1,0,,,,,0.004993289003323298,0
970,2408,461067.998,1772784249.998,0,,invalid,GNSS1_PNTPOS_REJECTED,0,0,0,0,1,0,,,,,0.0044936890044482425,0
971,2408,461068.19800000003,1772784250.198,0,,invalid,GNSS1_PNTPOS_REJECTED,0,0,0,0,1,0,,,,,0.004404661995067727,0
972,2408,461068.398,1772784250.398,0,,invalid,GNSS1_PNTPOS_REJECTED,0,0,0,0,1,0,,,,,0.004355607998149935,0
973,2408,461068.598,1772784250.598,0,,invalid,GNSS1_PNTPOS_REJECTED,0,0,0,0,1,0,,,,,0.004490523999265861,0
974,2408,461068.798,1772784250.798,0,,invalid,GNSS1_PNTPOS_REJECTED,0,0,0,0,1,0,,,,,0.004602107997925486,0
975,2408,461068.998,1772784250.998,0,,invalid,GNSS1_PNTPOS_REJECTED,0,0,0,0,1,0,,,,,0.0039649870013818145,0
976,2408,461069.19800000003,1772784251.198,0,,invalid,GNSS1_PNTPOS_REJECTED,0,0,0,0,1,0,,,,,0.0034433960026944987,0
977,2408,461069.398,1772784251.398,0,,invalid,GNSS1_PNTPOS_REJECTED,0,0,0,0,1,0,,,,,0.0037937410015729256,0
978,2408,461069.598,1772784251.598,0,,invalid,GNSS1_PNTPOS_REJECTED,0,0,0,0,1,0,,,,,0.003553824994014576,0
979,2408,461069.798,1772784251.798,0,,invalid,GNSS1_PNTPOS_REJECTED,0,0,0,0,1,0,,,,,0.00356712999928277,0
980,2408,461069.998,1772784251.998,0,,invalid,GNSS1_PNTPOS_REJECTED,0,0,0,0,1,0,,,,,0.003367102995980531,0
981,2408,461070.19800000003,1772784252.198,0,,invalid,GNSS1_PNTPOS_REJECTED,0,0,0,0,1,0,,,,,0.003465630994469393,0
982,2408,461070.398,1772784252.398,0,,invalid,GNSS1_PNTPOS_REJECTED,0,0,0,0,1,0,,,,,0.0034477060034987517,0
983,2408,461070.598,1772784252.598,0,,invalid,GNSS1_PNTPOS_REJECTED,0,0,0,0,1,0,,,,,0.0034446369973011315,0
984,2408,461070.798,1772784252.798,0,,invalid,GNSS1_PNTPOS_REJECTED,0,0,0,0,1,0,,,,,0.0033919320048880763,0
985,2408,461070.998,1772784252.998,0,,invalid,GNSS1_PNTPOS_REJECTED,0,0,0,0,1,0,,,,,0.0036392420006450266,0
986,2408,461071.19800000003,1772784253.198,0,,invalid,GNSS1_PNTPOS_REJECTED,0,0,0,0,1,0,,,,,0.003712058001838159,0
987,2408,461071.398,1772784253.398,0,,invalid,GNSS1_PNTPOS_REJECTED,0,0,0,0,1,0,,,,,0.0037099690016475506,0
988,2408,461071.598,1772784253.598,0,,invalid,GNSS1_PNTPOS_REJECTED,0,0,0,0,1,0,,,,,0.003826667998509947,0
989,2408,461071.798,1772784253.798,0,,invalid,GNSS1_PNTPOS_REJECTED,0,0,0,0,1,0,,,,,0.004192284002783708,0
990,2408,461071.998,1772784253.998,0,,invalid,GNSS1_PNTPOS_REJECTED,0,0,0,0,1,0,,,,,0.0037028869992354885,0
991,2408,461072.19800000003,1772784254.198,0,,invalid,GNSS1_PNTPOS_REJECTED,0,0,0,0,1,0,,,,,0.0036255589948268607,0
992,2408,461072.398,1772784254.398,0,,invalid,GNSS1_PNTPOS_REJECTED,0,0,0,0,1,0,,,,,0.0038989110034890473,0
993,2408,461072.598,1772784254.598,0,,invalid,GNSS1_PNTPOS_REJECTED,0,0,0,0,1,0,,,,,0.0036627309964387678,0
994,2408,461072.798,1772784254.798,0,,invalid,GNSS1_PNTPOS_REJECTED,0,0,0,0,1,0,,,,,0.004523471994616557,0
995,2408,461072.998,1772784254.998,0,,invalid,GNSS1_PNTPOS_REJECTED,0,0,0,0,1,0,,,,,0.004612311997334473,0
996,2408,461073.19800000003,1772784255.198,0,,invalid,GNSS1_PNTPOS_REJECTED,0,0,0,0,1,0,,,,,0.004403956998430658,0
997,2408,461073.398,1772784255.398,0,,invalid,GNSS1_PNTPOS_REJECTED,0,0,0,0,1,0,,,,,0.0044840410046163015,0
998,2408,461073.598,1772784255.598,0,,invalid,GNSS1_PNTPOS_REJECTED,0,0,0,0,1,0,,,,,0.004565429000649601,0
999,2408,461073.798,1772784255.798,0,,invalid,GNSS1_PNTPOS_REJECTED,0,0,0,0,1,0,,,,,0.0046370550044230185,0
1000,2408,461073.998,1772784255.998,1,304.81441380383006,float,,1,1,1,1,1,0,-1.0176787963733507,-0.7076849397079547,0.012514297994996149,1.2396147442377696,0.011409061000449583,24
1001,2408,461074.19800000003,1772784256.198,0,,invalid,GNSS1_PNTPOS_REJECTED,0,0,0,0,1,0,,,,,0.0034752619976643473,0
1002,2408,461074.398,1772784256.398,0,,invalid,GNSS1_PNTPOS_REJECTED,0,0,0,0,1,0,,,,,0.0032147919991984963,0
1003,2408,461074.598,1772784256.598,0,,invalid,GNSS1_PNTPOS_REJECTED,0,0,0,0,1,0,,,,,0.003209642003639601,0
1004,2408,461074.798,1772784256.798,0,,invalid,GNSS1_PNTPOS_REJECTED,0,0,0,0,1,0,,,,,0.003387863005627878,0
1005,2408,461074.998,1772784256.998,0,,invalid,GNSS1_PNTPOS_REJECTED,0,0,0,0,1,0,,,,,0.002944765001302585,0
1006,2408,461075.19800000003,1772784257.198,0,,invalid,GNSS1_PNTPOS_REJECTED,0,0,0,0,1,0,,,,,0.0028933880021213554,0
1007,2408,461075.398,1772784257.398,0,,invalid,GNSS1_PNTPOS_REJECTED,0,0,0,0,1,0,,,,,0.003019586998561863,0
1008,2408,461075.598,1772784257.598,0,,invalid,GNSS1_PNTPOS_REJECTED,0,0,0,0,1,0,,,,,0.003828947003057692,0
1009,2408,461075.798,1772784257.798,0,,invalid,GNSS1_PNTPOS_REJECTED,0,0,0,0,1,0,,,,,0.00372758799494477,0
1010,2408,461075.998,1772784257.998,0,,invalid,GNSS1_PNTPOS_REJECTED,0,0,0,0,1,0,,,,,0.0037556460010819137,0
1011,2408,461076.19800000003,1772784258.198,0,,invalid,GNSS1_PNTPOS_REJECTED,0,0,0,0,1,0,,,,,0.0037489199967239983,0
1012,2408,461076.398,1772784258.398,0,,invalid,GNSS1_PNTPOS_REJECTED,0,0,0,0,1,0,,,,,0.0036828910015174188,0
1013,2408,461076.598,1772784258.598,0,,invalid,GNSS1_PNTPOS_REJECTED,0,0,0,0,1,0,,,,,0.0036803850016440265,0
1014,2408,461076.798,1772784258.798,0,,invalid,GNSS1_PNTPOS_REJECTED,0,0,0,0,1,0,,,,,0.003722314999322407,0
1015,2408,461076.998,1772784258.998,0,,invalid,GNSS1_PNTPOS_REJECTED,0,0,0,0,1,0,,,,,0.0030151869941619225,0
1016,2408,461077.19800000003,1772784259.198,0,,invalid,GNSS1_PNTPOS_REJECTED,0,0,0,0,1,0,,,,,0.0030776140047237277,0
1017,2408,461077.398,1772784259.398,0,,invalid,GNSS1_PNTPOS_REJECTED,0,0,0,0,1,0,,,,,0.0030852499985485338,0
1018,2408,461077.598,1772784259.598,0,,invalid,GNSS1_PNTPOS_REJECTED,0,0,0,0,1,0,,,,,0.0030388140003196895,0
1019,2408,461077.798,1772784259.798,0,,invalid,GNSS1_PNTPOS_REJECTED,0,0,0,0,1,0,,,,,0.0031910350007819943,0
1020,2408,461077.998,1772784259.998,0,,invalid,GNSS1_PNTPOS_REJECTED,0,0,0,0,1,0,,,,,0.0029242429955047555,0
1021,2408,461078.19800000003,1772784260.198,0,,invalid,GNSS1_PNTPOS_REJECTED,0,0,0,0,1,0,,,,,0.003219847996660974,0
1022,2408,461078.398,1772784260.398,0,,invalid,GNSS1_PNTPOS_REJECTED,0,0,0,0,1,0,,,,,0.003137536004942376,0
1023,2408,461078.598,1772784260.598,0,,invalid,GNSS1_PNTPOS_REJECTED,0,0,0,0,1,0,,,,,0.003106385003775358,0
1024,2408,461078.798,1772784260.798,0,,invalid,GNSS1_PNTPOS_REJECTED,0,0,0,0,1,0,,,,,0.003237069999158848,0
1025,2408,461078.998,1772784260.998,0,,invalid,GNSS1_PNTPOS_REJECTED,0,0,0,0,1,0,,,,,0.003817133001575712,0
1026,2408,461079.19800000003,1772784261.198,0,,invalid,GNSS1_PNTPOS_REJECTED,0,0,0,0,1,0,,,,,0.0029340649998630397,0
1027,2408,461079.398,1772784261.398,0,,invalid,GNSS1_PNTPOS_REJECTED,0,0,0,0,1,0,,,,,0.002892338001402095,0
1028,2408,461079.598,1772784261.598,0,,invalid,GNSS1_PNTPOS_REJECTED,0,0,0,0,1,0,,,,,0.0028768339980160818,0
1029,2408,461079.798,1772784261.798,1,316.1625244417752,float,,1,1,1,1,1,0,-0.34001264669626013,-0.3540980007815329,0.20567210870780583,0.5322546480503386,0.008830755999952089,24
1030,2408,461079.998,1772784261.998,1,322.47967717446,float,,1,1,1,1,1,0,-0.24014370512752536,-0.31273162906771645,0.2293245669301841,0.45613575603041706,0.009702851006295532,28
1031,2408,461080.19800000003,1772784262.198,0,,invalid,GNSS2_PNTPOS_REJECTED,0,0,0,0,1,0,,,,,0.003357248002430424,0
1032,2408,461080.398,1772784262.398,0,,invalid,GNSS2_PNTPOS_REJECTED,0,0,0,0,1,0,,,,,0.003322167001897469,0
1033,2408,461080.598,1772784262.598,0,,invalid,GNSS2_PNTPOS_REJECTED,0,0,0,0,1,0,,,,,0.003320720003102906,0
1034,2408,461080.798,1772784262.798,1,348.1766343752183,float,,1,1,1,1,1,0,-0.03685985064351405,-0.17607940361372604,0.3020438166493433,0.3515580636858295,0.009316240997577552,24
1035,2408,461080.998,1772784262.998,0,,invalid,GNSS1_PNTPOS_REJECTED,0,0,0,0,1,0,,,,,0.003017970004293602,0
1036,2408,461081.19800000003,1772784263.198,0,,invalid,GNSS1_PNTPOS_REJECTED,0,0,0,0,1,0,,,,,0.0029095229983795434,0
1037,2408,461081.398,1772784263.398,0,,invalid,GNSS1_PNTPOS_REJECTED,0,0,0,0,1,0,,,,,0.0028990290011279285,0
1038,2408,461081.598,1772784263.598,0,,invalid,GNSS1_PNTPOS_REJECTED,0,0,0,0,1,0,,,,,0.0028476799998315983,0
1039,2408,461081.798,1772784263.798,0,,invalid,GNSS1_PNTPOS_REJECTED,0,0,0,0,1,0,,,,,0.0032779769971966743,0
1040,2408,461081.998,1772784263.998,0,,invalid,GNSS1_PNTPOS_REJECTED,0,0,0,0,1,0,,,,,0.003194290002284106,0
1041,2408,461082.19800000003,1772784264.198,0,,invalid,GNSS1_PNTPOS_REJECTED,0,0,0,0,1,0,,,,,0.003235475000110455,0
1042,2408,461082.398,1772784264.398,0,,invalid,GNSS1_PNTPOS_REJECTED,0,0,0,0,1,0,,,,,0.0035511370006133802,0
1043,2408,461082.598,1772784264.598,0,,invalid,GNSS1_PNTPOS_REJECTED,0,0,0,0,1,0,,,,,0.003821474005235359,0
1044,2408,461082.798,1772784264.798,0,,invalid,GNSS1_PNTPOS_REJECTED,0,0,0,0,1,0,,,,,0.003317020004033111,0
1045,2408,461082.998,1772784264.998,0,,invalid,GNSS1_PNTPOS_REJECTED,0,0,0,0,1,0,,,,,0.004713318005087785,0
1046,2408,461083.19800000003,1772784265.198,0,,invalid,GNSS1_PNTPOS_REJECTED,0,0,0,0,1,0,,,,,0.003970724996179342,0
1047,2408,461083.398,1772784265.398,0,,invalid,GNSS1_PNTPOS_REJECTED,0,0,0,0,1,0,,,,,0.0035645829993882217,0
1048,2408,461083.598,1772784265.598,0,,invalid,GNSS1_PNTPOS_REJECTED,0,0,0,0,1,0,,,,,0.0036490549973677844,0
1049,2408,461083.798,1772784265.798,0,,invalid,GNSS1_PNTPOS_REJECTED,0,0,0,0,1,0,,,,,0.0038757150032324716,0
1050,2408,461083.998,1772784265.998,0,,invalid,GNSS1_PNTPOS_REJECTED,0,0,0,0,1,0,,,,,0.0030629800021415576,0
1051,2408,461084.19800000003,1772784266.198,0,,invalid,GNSS1_PNTPOS_REJECTED,0,0,0,0,1,0,,,,,0.003735307000169996,0
1052,2408,461084.398,1772784266.398,0,,invalid,GNSS1_PNTPOS_REJECTED,0,0,0,0,1,0,,,,,0.004212314001051709,0
1053,2408,461084.598,1772784266.598,0,,invalid,GNSS1_PNTPOS_REJECTED,0,0,0,0,1,0,,,,,0.003285485006927047,0
1054,2408,461084.798,1772784266.798,0,,invalid,GNSS1_PNTPOS_REJECTED,0,0,0,0,1,0,,,,,0.008502803997544106,0
1055,2408,461084.998,1772784266.998,0,,invalid,GNSS1_PNTPOS_REJECTED,0,0,0,0,1,0,,,,,0.003599919997213874,0
1056,2408,461085.19800000003,1772784267.198,0,,invalid,GNSS1_PNTPOS_REJECTED,0,0,0,0,1,0,,,,,0.0030549199946108274,0
1057,2408,461085.398,1772784267.398,0,,invalid,GNSS1_PNTPOS_REJECTED,0,0,0,0,1,0,,,,,0.0029806429956806824,0
1058,2408,461085.598,1772784267.598,0,,invalid,GNSS1_PNTPOS_REJECTED,0,0,0,0,1,0,,,,,0.003090840000368189,0
1059,2408,461085.798,1772784267.798,0,,invalid,GNSS1_PNTPOS_REJECTED,0,0,0,0,1,0,,,,,0.003017898001417052,0
1060,2408,461085.998,1772784267.998,0,,invalid,GNSS1_PNTPOS_REJECTED,0,0,0,0,1,0,,,,,0.003054581997275818,0
1061,2408,461086.19800000003,1772784268.198,0,,invalid,GNSS1_PNTPOS_REJECTED,0,0,0,0,1,0,,,,,0.0030474710001726635,0
1062,2408,461086.398,1772784268.398,0,,invalid,GNSS1_PNTPOS_REJECTED,0,0,0,0,1,0,,,,,0.0029971379990456626,0
1063,2408,461086.598,1772784268.598,0,,invalid,GNSS1_PNTPOS_REJECTED,0,0,0,0,1,0,,,,,0.0030978919967310503,0
1064,2408,461086.798,1772784268.798,0,,invalid,GNSS1_PNTPOS_REJECTED,0,0,0,0,1,0,,,,,0.003171873999235686,0
1065,2408,461086.998,1772784268.998,0,,invalid,GNSS1_PNTPOS_REJECTED,0,0,0,0,1,0,,,,,0.003037884998775553,0
1066,2408,461087.19800000003,1772784269.198,0,,invalid,GNSS1_PNTPOS_REJECTED,0,0,0,0,1,0,,,,,0.0033812530018622056,0
1067,2408,461087.398,1772784269.398,0,,invalid,GNSS1_PNTPOS_REJECTED,0,0,0,0,1,0,,,,,0.0029598999972222373,0
1068,2408,461087.598,1772784269.598,0,,invalid,GNSS1_PNTPOS_REJECTED,0,0,0,0,1,0,,,,,0.0034724109937087633,0
1069,2408,461087.798,1772784269.798,0,,invalid,GNSS1_PNTPOS_REJECTED,0,0,0,0,1,0,,,,,0.004123201004404109,0
1070,2408,461087.998,1772784269.998,0,,invalid,GNSS1_PNTPOS_REJECTED,0,0,0,0,1,0,,,,,0.004562637004710268,0
1071,2408,461088.19800000003,1772784270.198,0,,invalid,GNSS1_PNTPOS_REJECTED,0,0,0,0,1,0,,,,,0.003369726000528317,0
1072,2408,461088.398,1772784270.398,0,,invalid,GNSS1_PNTPOS_REJECTED,0,0,0,0,1,0,,,,,0.003283926998847164,0
1073,2408,461088.598,1772784270.598,0,,invalid,GNSS1_PNTPOS_REJECTED,0,0,0,0,1,0,,,,,0.004159453004831448,0
1074,2408,461088.798,1772784270.798,0,,invalid,GNSS1_PNTPOS_REJECTED,0,0,0,0,1,0,,,,,0.003728866002347786,0
1075,2408,461088.998,1772784270.998,0,,invalid,GNSS1_PNTPOS_REJECTED,0,0,0,0,1,0,,,,,0.003215520002413541,0
1076,2408,461089.19800000003,1772784271.198,0,,invalid,GNSS1_PNTPOS_REJECTED,0,0,0,0,1,0,,,,,0.003134701997623779,0
1077,2408,461089.398,1772784271.398,0,,invalid,GNSS1_PNTPOS_REJECTED,0,0,0,0,1,0,,,,,0.0036071539943804964,0
1078,2408,461089.598,1772784271.598,0,,invalid,GNSS1_PNTPOS_REJECTED,0,0,0,0,1,0,,,,,0.004504481999902055,0
1079,2408,461089.798,1772784271.798,0,,invalid,GNSS1_PNTPOS_REJECTED,0,0,0,0,1,0,,,,,0.00450064900360303,0
1080,2408,461089.998,1772784271.998,0,,invalid,GNSS1_PNTPOS_REJECTED,0,0,0,0,1,0,,,,,0.003183048997016158,0
1081,2408,461090.19800000003,1772784272.198,0,,invalid,GNSS1_PNTPOS_REJECTED,0,0,0,0,1,0,,,,,0.003168150993587915,0
1082,2408,461090.398,1772784272.398,0,,invalid,GNSS1_PNTPOS_REJECTED,0,0,0,0,1,0,,,,,0.0034145659956266172,0
1083,2408,461090.598,1772784272.598,0,,invalid,GNSS1_PNTPOS_REJECTED,0,0,0,0,1,0,,,,,0.003156277998641599,0
1084,2408,461090.798,1772784272.798,0,,invalid,GNSS1_PNTPOS_REJECTED,0,0,0,0,1,0,,,,,0.003306810001959093,0
1085,2408,461090.998,1772784272.998,0,,invalid,GNSS1_PNTPOS_REJECTED,0,0,0,0,1,0,,,,,0.003277684998465702,0
1086,2408,461091.19800000003,1772784273.198,0,,invalid,GNSS1_PNTPOS_REJECTED,0,0,0,0,1,0,,,,,0.0033934640014194883,0
1087,2408,461091.398,1772784273.398,0,,invalid,GNSS1_PNTPOS_REJECTED,0,0,0,0,1,0,,,,,0.003450445001362823,0
1088,2408,461091.598,1772784273.598,0,,invalid,GNSS1_PNTPOS_REJECTED,0,0,0,0,1,0,,,,,0.003398478002054617,0
1089,2408,461091.798,1772784273.798,0,,invalid,GNSS1_PNTPOS_REJECTED,0,0,0,0,1,0,,,,,0.003927139994630124,0
1090,2408,461091.998,1772784273.998,0,,invalid,GNSS1_PNTPOS_REJECTED,0,0,0,0,1,0,,,,,0.0033967549970839173,0
1091,2408,461092.19800000003,1772784274.198,0,,invalid,GNSS1_PNTPOS_REJECTED,0,0,0,0,1,0,,,,,0.004551404999801889,0
1092,2408,461092.398,1772784274.398,0,,invalid,GNSS1_PNTPOS_REJECTED,0,0,0,0,1,0,,,,,0.004364940003142692,0
1093,2408,461092.598,1772784274.598,0,,invalid,GNSS1_PNTPOS_REJECTED,0,0,0,0,1,0,,,,,0.004268563003279269,0
1094,2408,461092.798,1772784274.798,0,,invalid,GNSS1_PNTPOS_REJECTED,0,0,0,0,1,0,,,,,0.003388787998119369,0
1095,2408,461092.998,1772784274.998,0,,invalid,GNSS1_PNTPOS_REJECTED,0,0,0,0,1,0,,,,,0.0037003160032327287,0
1096,2408,461093.19800000003,1772784275.198,0,,invalid,GNSS1_PNTPOS_REJECTED,0,0,0,0,1,0,,,,,0.004740906006190926,0
1097,2408,461093.398,1772784275.398,0,,invalid,GNSS1_PNTPOS_REJECTED,0,0,0,0,1,0,,,,,0.004363599997304846,0
1098,2408,461093.598,1772784275.598,0,,invalid,GNSS1_PNTPOS_REJECTED,0,0,0,0,1,0,,,,,0.004617577003955375,0
1099,2408,461093.798,1772784275.798,0,,invalid,GNSS1_PNTPOS_REJECTED,0,0,0,0,1,0,,,,,0.004481521995330695,0
1100,2408,461093.998,1772784275.998,0,,invalid,GNSS1_PNTPOS_REJECTED,0,0,0,0,1,0,,,,,0.0033837109949672595,0
1101,2408,461094.19800000003,1772784276.198,0,,invalid,GNSS1_PNTPOS_REJECTED,0,0,0,0,1,0,,,,,0.00329086300189374,0
1102,2408,461094.398,1772784276.398,0,,invalid,GNSS1_PNTPOS_REJECTED,0,0,0,0,1,0,,,,,0.0034030009992420673,0
1103,2408,461094.598,1772784276.598,0,,invalid,GNSS1_PNTPOS_REJECTED,0,0,0,0,1,0,,,,,0.003975346000515856,0
1104,2408,461094.798,1772784276.798,0,,invalid,GNSS1_PNTPOS_REJECTED,0,0,0,0,1,0,,,,,0.003500234000966884,0
1105,2408,461094.998,1772784276.998,0,,invalid,GNSS1_PNTPOS_REJECTED,0,0,0,0,1,0,,,,,0.004279715001757722,0
1106,2408,461095.19800000003,1772784277.198,0,,invalid,GNSS1_PNTPOS_REJECTED,0,0,0,0,1,0,,,,,0.0045606050043716095,0
1107,2408,461095.398,1772784277.398,0,,invalid,GNSS1_PNTPOS_REJECTED,0,0,0,0,1,0,,,,,0.004618929997377563,0
1108,2408,461095.598,1772784277.598,0,,invalid,GNSS1_PNTPOS_REJECTED,0,0,0,0,1,0,,,,,0.004226026001560967,0
1109,2408,461095.798,1772784277.798,0,,invalid,GNSS1_PNTPOS_REJECTED,0,0,0,0,1,0,,,,,0.004422270001668949,0
1110,2408,461095.998,1772784277.998,0,,invalid,GNSS1_PNTPOS_REJECTED,0,0,0,0,1,0,,,,,0.004590914002619684,0
1111,2408,461096.19800000003,1772784278.198,0,,invalid,GNSS1_PNTPOS_REJECTED,0,0,0,0,1,0,,,,,0.003210139002476353,0
1112,2408,461096.398,1772784278.398,0,,invalid,GNSS1_PNTPOS_REJECTED,0,0,0,0,1,0,,,,,0.0034371969959465787,0
1113,2408,461096.598,1772784278.598,0,,invalid,GNSS1_PNTPOS_REJECTED,0,0,0,0,1,0,,,,,0.00336301900097169,0
1114,2408,461096.798,1772784278.798,0,,invalid,GNSS1_PNTPOS_REJECTED,0,0,0,0,1,0,,,,,0.0033157080033561215,0
1115,2408,461096.998,1772784278.998,0,,invalid,GNSS1_PNTPOS_REJECTED,0,0,0,0,1,0,,,,,0.0033130310039268807,0
1116,2408,461097.19800000003,1772784279.198,0,,invalid,GNSS1_PNTPOS_REJECTED,0,0,0,0,1,0,,,,,0.00336666899966076,0
1117,2408,461097.398,1772784279.398,0,,invalid,GNSS1_PNTPOS_REJECTED,0,0,0,0,1,0,,,,,0.004223007999826223,0
1118,2408,461097.598,1772784279.598,0,,invalid,GNSS1_PNTPOS_REJECTED,0,0,0,0,1,0,,,,,0.0038314140037982725,0
1119,2408,461097.798,1772784279.798,0,,invalid,GNSS1_PNTPOS_REJECTED,0,0,0,0,1,0,,,,,0.003430962002312299,0
1120,2408,461097.998,1772784279.998,0,,invalid,GNSS1_PNTPOS_REJECTED,0,0,0,0,1,0,,,,,0.0033354699990013614,0
1121,2408,461098.19800000003,1772784280.198,0,,invalid,GNSS1_PNTPOS_REJECTED,0,0,0,0,1,0,,,,,0.0036715030000777915,0
1122,2408,461098.398,1772784280.398,0,,invalid,GNSS1_PNTPOS_REJECTED,0,0,0,0,1,0,,,,,0.003739129999303259,0
1123,2408,461098.598,1772784280.598,0,,invalid,GNSS1_PNTPOS_REJECTED,0,0,0,0,1,0,,,,,0.004165798993199132,0
1124,2408,461098.798,1772784280.798,0,,invalid,GNSS1_PNTPOS_REJECTED,0,0,0,0,1,0,,,,,0.0044779899981222115,0
1125,2408,461098.998,1772784280.998,0,,invalid,GNSS1_PNTPOS_REJECTED,0,0,0,0,1,0,,,,,0.0035579209943534806,0
1126,2408,461099.19800000003,1772784281.198,0,,invalid,GNSS1_PNTPOS_REJECTED,0,0,0,0,1,0,,,,,0.0034220969973830506,0
1127,2408,461099.398,1772784281.398,0,,invalid,GNSS1_PNTPOS_REJECTED,0,0,0,0,1,0,,,,,0.0032817050014273264,0
1128,2408,461099.598,1772784281.598,0,,invalid,GNSS1_PNTPOS_REJECTED,0,0,0,0,1,0,,,,,0.00478481800382724,0
1129,2408,461099.798,1772784281.798,0,,invalid,GNSS1_PNTPOS_REJECTED,0,0,0,0,1,0,,,,,0.003954264000640251,0
1130,2408,461099.998,1772784281.998,0,,invalid,GNSS1_PNTPOS_REJECTED,0,0,0,0,1,0,,,,,0.004261578003934119,0
1131,2408,461100.19800000003,1772784282.198,0,,invalid,GNSS1_PNTPOS_REJECTED,0,0,0,0,1,0,,,,,0.004502559000684414,0
1132,2408,461100.398,1772784282.398,0,,invalid,GNSS1_PNTPOS_REJECTED,0,0,0,0,1,0,,,,,0.004407870001159608,0
1133,2408,461100.598,1772784282.598,0,,invalid,GNSS1_PNTPOS_REJECTED,0,0,0,0,1,0,,,,,0.003394011997443158,0
1134,2408,461100.798,1772784282.798,0,,invalid,GNSS1_PNTPOS_REJECTED,0,0,0,0,1,0,,,,,0.003846389001409989,0
1135,2408,461100.998,1772784282.998,0,,invalid,GNSS1_PNTPOS_REJECTED,0,0,0,0,1,0,,,,,0.0035622569994302467,0
1136,2408,461101.19800000003,1772784283.198,0,,invalid,GNSS1_PNTPOS_REJECTED,0,0,0,0,1,0,,,,,0.0034065949948853813,0
1137,2408,461101.398,1772784283.398,0,,invalid,GNSS1_PNTPOS_REJECTED,0,0,0,0,1,0,,,,,0.0033945620016311295,0
1138,2408,461101.598,1772784283.598,0,,invalid,GNSS1_PNTPOS_REJECTED,0,0,0,0,1,0,,,,,0.003466547997959424,0
1139,2408,461101.798,1772784283.798,0,,invalid,GNSS1_PNTPOS_REJECTED,0,0,0,0,1,0,,,,,0.0033392379991710186,0
1140,2408,461101.998,1772784283.998,0,,invalid,GNSS1_PNTPOS_REJECTED,0,0,0,0,1,0,,,,,0.0035105220013065264,0
1141,2408,461102.19800000003,1772784284.198,0,,invalid,GNSS1_PNTPOS_REJECTED,0,0,0,0,1,0,,,,,0.0034423420001985505,0
1142,2408,461102.398,1772784284.398,0,,invalid,GNSS1_PNTPOS_REJECTED,0,0,0,0,1,0,,,,,0.0033510900029796176,0
1143,2408,461102.598,1772784284.598,0,,invalid,GNSS1_PNTPOS_REJECTED,0,0,0,0,1,0,,,,,0.0033459340047556907,0
1144,2408,461102.798,1772784284.798,0,,invalid,GNSS1_PNTPOS_REJECTED,0,0,0,0,1,0,,,,,0.0035811310008284636,0
1145,2408,461102.998,1772784284.998,0,,invalid,GNSS1_PNTPOS_REJECTED,0,0,0,0,1,0,,,,,0.0032757180015323684,0
1146,2408,461103.19800000003,1772784285.198,0,,invalid,GNSS1_PNTPOS_REJECTED,0,0,0,0,1,0,,,,,0.0034301819978281856,0
1147,2408,461103.398,1772784285.398,0,,invalid,GNSS1_PNTPOS_REJECTED,0,0,0,0,1,0,,,,,0.0034160349969170056,0
1148,2408,461103.598,1772784285.598,0,,invalid,GNSS1_PNTPOS_REJECTED,0,0,0,0,1,0,,,,,0.004387884997413494,0
1149,2408,461103.798,1772784285.798,0,,invalid,GNSS1_PNTPOS_REJECTED,0,0,0,0,1,0,,,,,0.004395247997308616,0
1150,2408,461103.998,1772784285.998,0,,invalid,GNSS1_PNTPOS_REJECTED,0,0,0,0,1,0,,,,,0.003979888999310788,0
1151,2408,461104.19800000003,1772784286.198,0,,invalid,GNSS1_PNTPOS_REJECTED,0,0,0,0,1,0,,,,,0.0036400079989107326,0
1152,2408,461104.398,1772784286.398,0,,invalid,GNSS1_PNTPOS_REJECTED,0,0,0,0,1,0,,,,,0.0032461959999636747,0
1153,2408,461104.598,1772784286.598,0,,invalid,GNSS1_PNTPOS_REJECTED,0,0,0,0,1,0,,,,,0.003332387001137249,0
1154,2408,461104.798,1772784286.798,0,,invalid,GNSS1_PNTPOS_REJECTED,0,0,0,0,1,0,,,,,0.003375521002453752,0
1155,2408,461104.998,1772784286.998,0,,invalid,GNSS1_PNTPOS_REJECTED,0,0,0,0,1,0,,,,,0.0033925429961527698,0
1156,2408,461105.19800000003,1772784287.198,0,,invalid,GNSS1_PNTPOS_REJECTED,0,0,0,0,1,0,,,,,0.0038657309996779077,0
1157,2408,461105.398,1772784287.398,0,,invalid,GNSS1_PNTPOS_REJECTED,0,0,0,0,1,0,,,,,0.0034231239988002926,0
1158,2408,461105.598,1772784287.598,0,,invalid,GNSS1_PNTPOS_REJECTED,0,0,0,0,1,0,,,,,0.004061118001118302,0
1159,2408,461105.798,1772784287.798,0,,invalid,GNSS1_PNTPOS_REJECTED,0,0,0,0,1,0,,,,,0.004880453001533169,0
1160,2408,461105.998,1772784287.998,0,,invalid,GNSS1_PNTPOS_REJECTED,0,0,0,0,1,0,,,,,0.0044406649976735935,0
1161,2408,461106.19800000003,1772784288.198,0,,invalid,GNSS1_PNTPOS_REJECTED,0,0,0,0,1,0,,,,,0.004548308002995327,0
1162,2408,461106.398,1772784288.398,0,,invalid,GNSS1_PNTPOS_REJECTED,0,0,0,0,1,0,,,,,0.004515768996498082,0
1163,2408,461106.598,1772784288.598,0,,invalid,GNSS1_PNTPOS_REJECTED,0,0,0,0,1,0,,,,,0.003519759004120715,0
1164,2408,461106.798,1772784288.798,0,,invalid,GNSS1_PNTPOS_REJECTED,0,0,0,0,1,0,,,,,0.0045380879964795895,0
1165,2408,461106.998,1772784288.998,0,,invalid,GNSS1_PNTPOS_REJECTED,0,0,0,0,1,0,,,,,0.003827158005151432,0
1166,2408,461107.19800000003,1772784289.198,0,,invalid,GNSS1_PNTPOS_REJECTED,0,0,0,0,1,0,,,,,0.003703212001710199,0
1167,2408,461107.398,1772784289.398,0,,invalid,GNSS1_PNTPOS_REJECTED,0,0,0,0,1,0,,,,,0.0033116429985966533,0
1168,2408,461107.598,1772784289.598,0,,invalid,GNSS1_PNTPOS_REJECTED,0,0,0,0,1,0,,,,,0.003271513996878639,0
1169,2408,461107.798,1772784289.798,0,,invalid,GNSS1_PNTPOS_REJECTED,0,0,0,0,1,0,,,,,0.0034112720022676513,0
1170,2408,461107.998,1772784289.998,0,,invalid,GNSS1_PNTPOS_REJECTED,0,0,0,0,1,0,,,,,0.003388033997907769,0
1171,2408,461108.19800000003,1772784290.198,0,,invalid,GNSS1_PNTPOS_REJECTED,0,0,0,0,1,0,,,,,0.0035122400004183874,0
1172,2408,461108.398,1772784290.398,0,,invalid,GNSS1_PNTPOS_REJECTED,0,0,0,0,1,0,,,,,0.0034525590017437935,0
1173,2408,461108.598,1772784290.598,0,,invalid,GNSS1_PNTPOS_REJECTED,0,0,0,0,1,0,,,,,0.0033238180039916188,0
1174,2408,461108.798,1772784290.798,0,,invalid,GNSS1_PNTPOS_REJECTED,0,0,0,0,1,0,,,,,0.0035670270008267835,0
1175,2408,461108.998,1772784290.998,0,,invalid,GNSS1_PNTPOS_REJECTED,0,0,0,0,1,0,,,,,0.003528729001118336,0
1176,2408,461109.19800000003,1772784291.198,0,,invalid,GNSS1_PNTPOS_REJECTED,0,0,0,0,1,0,,,,,0.003573187001165934,0
1177,2408,461109.398,1772784291.398,0,,invalid,GNSS1_PNTPOS_REJECTED,0,0,0,0,1,0,,,,,0.0033074489983846433,0
1178,2408,461109.598,1772784291.598,0,,invalid,GNSS1_PNTPOS_REJECTED,0,0,0,0,1,0,,,,,0.0033624569987296127,0
1179,2408,461109.798,1772784291.798,0,,invalid,GNSS1_PNTPOS_REJECTED,0,0,0,0,1,0,,,,,0.0034722429991234094,0
1180,2408,461109.998,1772784291.998,0,,invalid,GNSS1_PNTPOS_REJECTED,0,0,0,0,1,0,,,,,0.0037599970019073226,0
1181,2408,461110.19800000003,1772784292.198,0,,invalid,GNSS1_PNTPOS_REJECTED,0,0,0,0,1,0,,,,,0.0036878110040561296,0
1182,2408,461110.398,1772784292.398,0,,invalid,GNSS1_PNTPOS_REJECTED,0,0,0,0,1,0,,,,,0.003387491997273173,0
1183,2408,461110.598,1772784292.598,0,,invalid,GNSS1_PNTPOS_REJECTED,0,0,0,0,1,0,,,,,0.003407085001526866,0
1184,2408,461110.798,1772784292.798,0,,invalid,GNSS1_PNTPOS_REJECTED,0,0,0,0,1,0,,,,,0.0034436009955243208,0
1185,2408,461110.998,1772784292.998,0,,invalid,GNSS1_PNTPOS_REJECTED,0,0,0,0,1,0,,,,,0.0033918179979082197,0
1186,2408,461111.19800000003,1772784293.198,0,,invalid,GNSS1_PNTPOS_REJECTED,0,0,0,0,1,0,,,,,0.003355079999892041,0
1187,2408,461111.398,1772784293.398,0,,invalid,GNSS1_PNTPOS_REJECTED,0,0,0,0,1,0,,,,,0.007068361999699846,0
1188,2408,461111.598,1772784293.598,0,,invalid,GNSS1_PNTPOS_REJECTED,0,0,0,0,1,0,,,,,0.0033969619980780408,0
1189,2408,461111.798,1772784293.798,0,,invalid,GNSS1_PNTPOS_REJECTED,0,0,0,0,1,0,,,,,0.003470507996098604,0
1190,2408,461111.998,1772784293.998,0,,invalid,GNSS1_PNTPOS_REJECTED,0,0,0,0,1,0,,,,,0.0035931829988840036,0
1191,2408,461112.19800000003,1772784294.198,0,,invalid,GNSS1_PNTPOS_REJECTED,0,0,0,0,1,0,,,,,0.0033622479968471453,0
1192,2408,461112.398,1772784294.398,0,,invalid,GNSS1_PNTPOS_REJECTED,0,0,0,0,1,0,,,,,0.0034976399983861484,0
1193,2408,461112.598,1772784294.598,0,,invalid,GNSS1_PNTPOS_REJECTED,0,0,0,0,1,0,,,,,0.004795299995748792,0
1194,2408,461112.798,1772784294.798,0,,invalid,GNSS1_PNTPOS_REJECTED,0,0,0,0,1,0,,,,,0.00451360199804185,0
1195,2408,461112.998,1772784294.998,0,,invalid,GNSS1_PNTPOS_REJECTED,0,0,0,0,1,0,,,,,0.004494686996622477,0
1196,2408,461113.19800000003,1772784295.198,0,,invalid,GNSS1_PNTPOS_REJECTED,0,0,0,0,1,0,,,,,0.004489593004109338,0
1197,2408,461113.398,1772784295.398,0,,invalid,GNSS1_PNTPOS_REJECTED,0,0,0,0,1,0,,,,,0.0045452050035237335,0
1198,2408,461113.598,1772784295.598,0,,invalid,GNSS1_PNTPOS_REJECTED,0,0,0,0,1,0,,,,,0.004135334995226003,0
1199,2408,461113.798,1772784295.798,0,,invalid,GNSS1_PNTPOS_REJECTED,0,0,0,0,1,0,,,,,0.0035777350058197044,0
1200,2408,461113.998,1772784295.998,0,,invalid,GNSS1_PNTPOS_REJECTED,0,0,0,0,1,0,,,,,0.0034862379980040714,0
1201,2408,461114.19800000003,1772784296.198,0,,invalid,GNSS1_PNTPOS_REJECTED,0,0,0,0,1,0,,,,,0.003885252997861244,0
1202,2408,461114.398,1772784296.398,0,,invalid,GNSS1_PNTPOS_REJECTED,0,0,0,0,1,0,,,,,0.0047248710034182295,0
1203,2408,461114.598,1772784296.598,0,,invalid,GNSS1_PNTPOS_REJECTED,0,0,0,0,1,0,,,,,0.004576993000227958,0
1204,2408,461114.798,1772784296.798,0,,invalid,GNSS1_PNTPOS_REJECTED,0,0,0,0,1,0,,,,,0.0044930119984201156,0
1205,2408,461114.998,1772784296.998,0,,invalid,GNSS1_PNTPOS_REJECTED,0,0,0,0,1,0,,,,,0.004453163004654925,0
1206,2408,461115.19800000003,1772784297.198,0,,invalid,GNSS1_PNTPOS_REJECTED,0,0,0,0,1,0,,,,,0.0043007299973396584,0
1207,2408,461115.398,1772784297.398,0,,invalid,GNSS1_PNTPOS_REJECTED,0,0,0,0,1,0,,,,,0.0035342369956197217,0
1208,2408,461115.598,1772784297.598,0,,invalid,GNSS1_PNTPOS_REJECTED,0,0,0,0,1,0,,,,,0.0042437679949216545,0
1209,2408,461115.798,1772784297.798,0,,invalid,GNSS1_PNTPOS_REJECTED,0,0,0,0,1,0,,,,,0.00395550000393996,0
1210,2408,461115.998,1772784297.998,0,,invalid,GNSS1_PNTPOS_REJECTED,0,0,0,0,1,0,,,,,0.003410002995224204,0
1211,2408,461116.19800000003,1772784298.198,0,,invalid,GNSS1_PNTPOS_REJECTED,0,0,0,0,1,0,,,,,0.0033801050012698397,0
1212,2408,461116.398,1772784298.398,0,,invalid,GNSS1_PNTPOS_REJECTED,0,0,0,0,1,0,,,,,0.0033506839972687885,0
1213,2408,461116.598,1772784298.598,0,,invalid,GNSS1_PNTPOS_REJECTED,0,0,0,0,1,0,,,,,0.00459027800388867,0
1214,2408,461116.798,1772784298.798,0,,invalid,GNSS1_PNTPOS_REJECTED,0,0,0,0,1,0,,,,,0.0043752910059993155,0
1215,2408,461116.998,1772784298.998,0,,invalid,GNSS2_PNTPOS_REJECTED,0,0,0,0,1,0,,,,,0.004700443001638632,0
1216,2408,461117.19800000003,1772784299.198,0,,invalid,GNSS2_PNTPOS_REJECTED,0,0,0,0,1,0,,,,,0.004797433000931051,0
1217,2408,461117.398,1772784299.398,0,,invalid,GNSS2_PNTPOS_REJECTED,0,0,0,0,1,0,,,,,0.00487084400083404,0
1218,2408,461117.598,1772784299.598,0,,invalid,GNSS1_PNTPOS_REJECTED,0,0,0,0,1,0,,,,,0.004553496000880841,0
1219,2408,461117.798,1772784299.798,0,,invalid,GNSS1_PNTPOS_REJECTED,0,0,0,0,1,0,,,,,0.004462409997358918,0
1220,2408,461117.998,1772784299.998,0,,invalid,GNSS1_PNTPOS_REJECTED,0,0,0,0,1,0,,,,,0.004382275001262315,0
1221,2408,461118.19800000003,1772784300.198,0,,invalid,GNSS1_PNTPOS_REJECTED,0,0,0,0,1,0,,,,,0.00446320299670333,0
1222,2408,461118.398,1772784300.398,0,,invalid,GNSS1_PNTPOS_REJECTED,0,0,0,0,1,0,,,,,0.004178676004812587,0
1223,2408,461118.598,1772784300.598,0,,invalid,GNSS1_PNTPOS_REJECTED,0,0,0,0,1,0,,,,,0.003630229999544099,0
1224,2408,461118.798,1772784300.798,0,,invalid,GNSS1_PNTPOS_REJECTED,0,0,0,0,1,0,,,,,0.003886878999765031,0
1225,2408,461118.998,1772784300.998,0,,invalid,GNSS1_PNTPOS_REJECTED,0,0,0,0,1,0,,,,,0.003833502996712923,0
1226,2408,461119.19800000003,1772784301.198,1,59.975746344920196,float,,1,1,1,1,1,0,2.1915955409708356,-1.2665555324445203,-0.16955851293983026,2.5369280678173434,0.01033635299972957,24
1227,2408,461119.398,1772784301.398,0,,invalid,GNSS1_PNTPOS_REJECTED,0,0,0,0,1,0,,,,,0.0028388950013322756,0
1228,2408,461119.598,1772784301.598,0,,invalid,GNSS1_PNTPOS_REJECTED,0,0,0,0,1,0,,,,,0.0034540460037533194,0
1229,2408,461119.798,1772784301.798,1,56.96343905443905,float,,1,1,1,1,1,0,1.7388949686975803,-1.130829808650945,-0.11570203531078581,2.0774789359390264,0.008189015003154054,20
1230,2408,461119.998,1772784301.998,0,,invalid,GNSS1_PNTPOS_REJECTED,0,0,0,0,1,0,,,,,0.0031749729969305918,0
1231,2408,461120.19800000003,1772784302.198,0,,invalid,GNSS1_PNTPOS_REJECTED,0,0,0,0,1,0,,,,,0.0032728509977459908,0
1232,2408,461120.398,1772784302.398,0,,invalid,GNSS1_PNTPOS_REJECTED,0,0,0,0,1,0,,,,,0.0034454240012564696,0
1233,2408,461120.598,1772784302.598,0,,invalid,GNSS1_PNTPOS_REJECTED,0,0,0,0,1,0,,,,,0.003545361993019469,0
1234,2408,461120.798,1772784302.798,0,,invalid,GNSS1_PNTPOS_REJECTED,0,0,0,0,1,0,,,,,0.0038072410025051795,0
1235,2408,461120.998,1772784302.998,0,,invalid,GNSS1_PNTPOS_REJECTED,0,0,0,0,1,0,,,,,0.003973665996454656,0
1236,2408,461121.19800000003,1772784303.198,0,,invalid,GNSS1_PNTPOS_REJECTED,0,0,0,0,1,0,,,,,0.0030830710020381957,0
1237,2408,461121.398,1772784303.398,0,,invalid,GNSS1_PNTPOS_REJECTED,0,0,0,0,1,0,,,,,0.0029257820060593076,0
1238,2408,461121.598,1772784303.598,0,,invalid,GNSS1_PNTPOS_REJECTED,0,0,0,0,1,0,,,,,0.003165616995829623,0
1239,2408,461121.798,1772784303.798,0,,invalid,GNSS1_PNTPOS_REJECTED,0,0,0,0,1,0,,,,,0.003991309997218195,0
1240,2408,461121.998,1772784303.998,0,,invalid,GNSS1_PNTPOS_REJECTED,0,0,0,0,1,0,,,,,0.004082330997334793,0
1241,2408,461122.19800000003,1772784304.198,0,,invalid,GNSS1_PNTPOS_REJECTED,0,0,0,0,1,0,,,,,0.004072038995218463,0
1242,2408,461122.398,1772784304.398,0,,invalid,GNSS1_PNTPOS_REJECTED,0,0,0,0,1,0,,,,,0.004211888001009356,0
1243,2408,461122.598,1772784304.598,0,,invalid,GNSS1_PNTPOS_REJECTED,0,0,0,0,1,0,,,,,0.0041397759996470995,0
1244,2408,461122.798,1772784304.798,0,,invalid,GNSS1_PNTPOS_REJECTED,0,0,0,0,1,0,,,,,0.004060892999405041,0
1245,2408,461122.998,1772784304.998,0,,invalid,GNSS1_PNTPOS_REJECTED,0,0,0,0,1,0,,,,,0.004079691003425978,0
1246,2408,461123.19800000003,1772784305.198,0,,invalid,GNSS1_PNTPOS_REJECTED,0,0,0,0,1,0,,,,,0.00414459100284148,0
1247,2408,461123.398,1772784305.398,0,,invalid,GNSS1_PNTPOS_REJECTED,0,0,0,0,1,0,,,,,0.004091375005373266,0
1248,2408,461123.598,1772784305.598,0,,invalid,GNSS1_PNTPOS_REJECTED,0,0,0,0,1,0,,,,,0.0041262779996031895,0
1249,2408,461123.798,1772784305.798,0,,invalid,GNSS1_PNTPOS_REJECTED,0,0,0,0,1,0,,,,,0.0041869479973684065,0
1250,2408,461123.998,1772784305.998,0,,invalid,GNSS1_PNTPOS_REJECTED,0,0,0,0,1,0,,,,,0.0031292349958675914,0
1251,2408,461124.19800000003,1772784306.198,0,,invalid,GNSS1_PNTPOS_REJECTED,0,0,0,0,1,0,,,,,0.0033467229950474575,0
1252,2408,461124.398,1772784306.398,0,,invalid,GNSS1_PNTPOS_REJECTED,0,0,0,0,1,0,,,,,0.0033569029983482324,0
1253,2408,461124.598,1772784306.598,0,,invalid,GNSS1_PNTPOS_REJECTED,0,0,0,0,1,0,,,,,0.004009427997516468,0
1254,2408,461124.798,1772784306.798,0,,invalid,GNSS1_PNTPOS_REJECTED,0,0,0,0,1,0,,,,,0.003527510001731571,0
1255,2408,461124.998,1772784306.998,0,,invalid,GNSS1_PNTPOS_REJECTED,0,0,0,0,1,0,,,,,0.004251458005455788,0
1256,2408,461125.19800000003,1772784307.198,0,,invalid,GNSS1_PNTPOS_REJECTED,0,0,0,0,1,0,,,,,0.0032086360006360337,0
1257,2408,461125.398,1772784307.398,0,,invalid,GNSS1_PNTPOS_REJECTED,0,0,0,0,1,0,,,,,0.003501273997244425,0
1258,2408,461125.598,1772784307.598,0,,invalid,GNSS1_PNTPOS_REJECTED,0,0,0,0,1,0,,,,,0.003315132998977788,0
1259,2408,461125.798,1772784307.798,0,,invalid,GNSS1_PNTPOS_REJECTED,0,0,0,0,1,0,,,,,0.0033195229989360087,0
1260,2408,461125.998,1772784307.998,0,,invalid,GNSS1_PNTPOS_REJECTED,0,0,0,0,1,0,,,,,0.0031745899977977388,0
1261,2408,461126.19800000003,1772784308.198,0,,invalid,GNSS1_PNTPOS_REJECTED,0,0,0,0,1,0,,,,,0.0032389339976361953,0
1262,2408,461126.398,1772784308.398,0,,invalid,GNSS1_PNTPOS_REJECTED,0,0,0,0,1,0,,,,,0.004239889996824786,0
1263,2408,461126.598,1772784308.598,0,,invalid,GNSS1_PNTPOS_REJECTED,0,0,0,0,1,0,,,,,0.004132713998842519,0
1264,2408,461126.798,1772784308.798,0,,invalid,GNSS1_PNTPOS_REJECTED,0,0,0,0,1,0,,,,,0.003426082002988551,0
1265,2408,461126.998,1772784308.998,0,,invalid,GNSS1_PNTPOS_REJECTED,0,0,0,0,1,0,,,,,0.0033930570061784238,0
1266,2408,461127.19800000003,1772784309.198,0,,invalid,GNSS1_PNTPOS_REJECTED,0,0,0,0,1,0,,,,,0.0038040029976400547,0
1267,2408,461127.398,1772784309.398,0,,invalid,GNSS1_PNTPOS_REJECTED,0,0,0,0,1,0,,,,,0.004091971000889316,0
1268,2408,461127.598,1772784309.598,0,,invalid,GNSS1_PNTPOS_REJECTED,0,0,0,0,1,0,,,,,0.00414488700334914,0
1269,2408,461127.798,1772784309.798,0,,invalid,GNSS1_PNTPOS_REJECTED,0,0,0,0,1,0,,,,,0.0036026169982505962,0
1270,2408,461127.998,1772784309.998,0,,invalid,GNSS1_PNTPOS_REJECTED,0,0,0,0,1,0,,,,,0.0038163970020832494,0
1271,2408,461128.19800000003,1772784310.198,0,,invalid,GNSS1_PNTPOS_REJECTED,0,0,0,0,1,0,,,,,0.0036522480004350655,0
1272,2408,461128.398,1772784310.398,0,,invalid,GNSS1_PNTPOS_REJECTED,0,0,0,0,1,0,,,,,0.0032934460032265633,0
1273,2408,461128.598,1772784310.598,0,,invalid,GNSS1_PNTPOS_REJECTED,0,0,0,0,1,0,,,,,0.003395605002879165,0
1274,2408,461128.798,1772784310.798,0,,invalid,GNSS1_PNTPOS_REJECTED,0,0,0,0,1,0,,,,,0.0038334489945555106,0
1275,2408,461128.998,1772784310.998,0,,invalid,GNSS1_PNTPOS_REJECTED,0,0,0,0,1,0,,,,,0.003746643997146748,0
1276,2408,461129.19800000003,1772784311.198,0,,invalid,GNSS1_PNTPOS_REJECTED,0,0,0,0,1,0,,,,,0.003241076999984216,0
1277,2408,461129.398,1772784311.398,0,,invalid,GNSS1_PNTPOS_REJECTED,0,0,0,0,1,0,,,,,0.00329786599468207,0
1278,2408,461129.598,1772784311.598,0,,invalid,GNSS1_PNTPOS_REJECTED,0,0,0,0,1,0,,,,,0.003300324999145232,0
1279,2408,461129.798,1772784311.798,0,,invalid,GNSS1_PNTPOS_REJECTED,0,0,0,0,1,0,,,,,0.00349094199918909,0
1280,2408,461129.998,1772784311.998,0,,invalid,GNSS1_PNTPOS_REJECTED,0,0,0,0,1,0,,,,,0.0034415760019328445,0
1281,2408,461130.19800000003,1772784312.198,0,,invalid,GNSS1_PNTPOS_REJECTED,0,0,0,0,1,0,,,,,0.0033765330008463934,0
1282,2408,461130.398,1772784312.398,0,,invalid,GNSS1_PNTPOS_REJECTED,0,0,0,0,1,0,,,,,0.0033570829982636496,0
1283,2408,461130.598,1772784312.598,0,,invalid,GNSS1_PNTPOS_REJECTED,0,0,0,0,1,0,,,,,0.00408445799985202,0
1284,2408,461130.798,1772784312.798,0,,invalid,GNSS1_PNTPOS_REJECTED,0,0,0,0,1,0,,,,,0.004297838997445069,0
1285,2408,461130.998,1772784312.998,0,,invalid,GNSS1_PNTPOS_REJECTED,0,0,0,0,1,0,,,,,0.003417157000512816,0
1286,2408,461131.19800000003,1772784313.198,0,,invalid,GNSS1_PNTPOS_REJECTED,0,0,0,0,1,0,,,,,0.004443399004230741,0
1287,2408,461131.398,1772784313.398,0,,invalid,GNSS1_PNTPOS_REJECTED,0,0,0,0,1,0,,,,,0.004402349004521966,0
1288,2408,461131.598,1772784313.598,0,,invalid,GNSS1_PNTPOS_REJECTED,0,0,0,0,1,0,,,,,0.004439492993697058,0
1289,2408,461131.798,1772784313.798,0,,invalid,GNSS1_PNTPOS_REJECTED,0,0,0,0,1,0,,,,,0.004943683998135384,0
1290,2408,461131.998,1772784313.998,0,,invalid,GNSS1_PNTPOS_REJECTED,0,0,0,0,1,0,,,,,0.0033801870013121516,0
1291,2408,461132.19800000003,1772784314.198,0,,invalid,GNSS1_PNTPOS_REJECTED,0,0,0,0,1,0,,,,,0.004146405000938103,0
1292,2408,461132.398,1772784314.398,0,,invalid,GNSS1_PNTPOS_REJECTED,0,0,0,0,1,0,,,,,0.003964668998378329,0
1293,2408,461132.598,1772784314.598,0,,invalid,GNSS1_PNTPOS_REJECTED,0,0,0,0,1,0,,,,,0.0035582589989644475,0
1294,2408,461132.798,1772784314.798,0,,invalid,GNSS1_PNTPOS_REJECTED,0,0,0,0,1,0,,,,,0.0036171259998809546,0
1295,2408,461132.998,1772784314.998,0,,invalid,GNSS1_PNTPOS_REJECTED,0,0,0,0,1,0,,,,,0.003661381000711117,0
1296,2408,461133.19800000003,1772784315.198,0,,invalid,GNSS1_PNTPOS_REJECTED,0,0,0,0,1,0,,,,,0.004459194999071769,0
1297,2408,461133.398,1772784315.398,0,,invalid,GNSS1_PNTPOS_REJECTED,0,0,0,0,1,0,,,,,0.004396967000502627,0
1298,2408,461133.598,1772784315.598,0,,invalid,GNSS1_PNTPOS_REJECTED,0,0,0,0,1,0,,,,,0.0045402810064842924,0
1299,2408,461133.798,1772784315.798,0,,invalid,GNSS1_PNTPOS_REJECTED,0,0,0,0,1,0,,,,,0.004548325996438507,0
1300,2408,461133.998,1772784315.998,0,,invalid,GNSS1_PNTPOS_REJECTED,0,0,0,0,1,0,,,,,0.004588200004945975,0
1301,2408,461134.19800000003,1772784316.198,0,,invalid,GNSS1_PNTPOS_REJECTED,0,0,0,0,1,0,,,,,0.0033831890032161027,0
1302,2408,461134.398,1772784316.398,0,,invalid,GNSS1_PNTPOS_REJECTED,0,0,0,0,1,0,,,,,0.0034586649999255314,0
1303,2408,461134.598,1772784316.598,0,,invalid,GNSS1_PNTPOS_REJECTED,0,0,0,0,1,0,,,,,0.004477348004002124,0
1304,2408,461134.798,1772784316.798,0,,invalid,GNSS1_PNTPOS_REJECTED,0,0,0,0,1,0,,,,,0.004583767004078254,0
1305,2408,461134.998,1772784316.998,0,,invalid,GNSS1_PNTPOS_REJECTED,0,0,0,0,1,0,,,,,0.004585220005537849,0
1306,2408,461135.19800000003,1772784317.198,0,,invalid,GNSS1_PNTPOS_REJECTED,0,0,0,0,1,0,,,,,0.003406479001569096,0
1307,2408,461135.398,1772784317.398,0,,invalid,GNSS1_PNTPOS_REJECTED,0,0,0,0,1,0,,,,,0.003367165001691319,0
1308,2408,461135.598,1772784317.598,0,,invalid,GNSS1_PNTPOS_REJECTED,0,0,0,0,1,0,,,,,0.0048794579997775145,0
1309,2408,461135.798,1772784317.798,0,,invalid,GNSS1_PNTPOS_REJECTED,0,0,0,0,1,0,,,,,0.004808064004464541,0
1310,2408,461135.998,1772784317.998,0,,invalid,GNSS1_PNTPOS_REJECTED,0,0,0,0,1,0,,,,,0.004655513999750838,0
1311,2408,461136.19800000003,1772784318.198,0,,invalid,GNSS1_PNTPOS_REJECTED,0,0,0,0,1,0,,,,,0.008331030003319029,0
1312,2408,461136.398,1772784318.398,0,,invalid,GNSS1_PNTPOS_REJECTED,0,0,0,0,1,0,,,,,0.0036040880004293285,0
1313,2408,461136.598,1772784318.598,0,,invalid,GNSS1_PNTPOS_REJECTED,0,0,0,0,1,0,,,,,0.00356659999670228,0
1314,2408,461136.798,1772784318.798,0,,invalid,GNSS1_PNTPOS_REJECTED,0,0,0,0,1,0,,,,,0.003472210002655629,0
1315,2408,461136.998,1772784318.998,0,,invalid,GNSS1_PNTPOS_REJECTED,0,0,0,0,1,0,,,,,0.0048392769967904314,0
1316,2408,461137.19800000003,1772784319.198,0,,invalid,GNSS1_PNTPOS_REJECTED,0,0,0,0,1,0,,,,,0.004239155998220667,0
1317,2408,461137.398,1772784319.398,0,,invalid,GNSS1_PNTPOS_REJECTED,0,0,0,0,1,0,,,,,0.0048884229981922545,0
1318,2408,461137.598,1772784319.598,0,,invalid,GNSS1_PNTPOS_REJECTED,0,0,0,0,1,0,,,,,0.003566156003216747,0
1319,2408,461137.798,1772784319.798,0,,invalid,GNSS1_PNTPOS_REJECTED,0,0,0,0,1,0,,,,,0.004213879001326859,0
1320,2408,461137.998,1772784319.998,0,,invalid,GNSS1_PNTPOS_REJECTED,0,0,0,0,1,0,,,,,0.003862208002828993,0
1321,2408,461138.19800000003,1772784320.198,0,,invalid,GNSS1_PNTPOS_REJECTED,0,0,0,0,1,0,,,,,0.0034982760043931194,0
1322,2408,461138.398,1772784320.398,0,,invalid,GNSS1_PNTPOS_REJECTED,0,0,0,0,1,0,,,,,0.0037591200016322546,0
1323,2408,461138.598,1772784320.598,0,,invalid,GNSS1_PNTPOS_REJECTED,0,0,0,0,1,0,,,,,0.004318400002375711,0
1324,2408,461138.798,1772784320.798,0,,invalid,GNSS1_PNTPOS_REJECTED,0,0,0,0,1,0,,,,,0.0035905549957533367,0
1325,2408,461138.998,1772784320.998,0,,invalid,GNSS1_PNTPOS_REJECTED,0,0,0,0,1,0,,,,,0.0035700869993888773,0
1326,2408,461139.19800000003,1772784321.198,0,,invalid,GNSS1_PNTPOS_REJECTED,0,0,0,0,1,0,,,,,0.003846314997645095,0
1327,2408,461139.398,1772784321.398,0,,invalid,GNSS1_PNTPOS_REJECTED,0,0,0,0,1,0,,,,,0.0035115189966745675,0
1328,2408,461139.598,1772784321.598,0,,invalid,GNSS1_PNTPOS_REJECTED,0,0,0,0,1,0,,,,,0.003453604003880173,0
1329,2408,461139.798,1772784321.798,0,,invalid,GNSS1_PNTPOS_REJECTED,0,0,0,0,1,0,,,,,0.003773406999243889,0
1330,2408,461139.998,1772784321.998,0,,invalid,GNSS1_PNTPOS_REJECTED,0,0,0,0,1,0,,,,,0.0036440940020838752,0
1331,2408,461140.19800000003,1772784322.198,0,,invalid,GNSS1_PNTPOS_REJECTED,0,0,0,0,1,0,,,,,0.003612426997278817,0
1332,2408,461140.398,1772784322.398,0,,invalid,GNSS1_PNTPOS_REJECTED,0,0,0,0,1,0,,,,,0.003651500002888497,0
1333,2408,461140.598,1772784322.598,0,,invalid,GNSS1_PNTPOS_REJECTED,0,0,0,0,1,0,,,,,0.003626024001277983,0
1334,2408,461140.798,1772784322.798,0,,invalid,GNSS1_PNTPOS_REJECTED,0,0,0,0,1,0,,,,,0.004281514004105702,0
1335,2408,461140.998,1772784322.998,0,,invalid,GNSS1_PNTPOS_REJECTED,0,0,0,0,1,0,,,,,0.0036259909975342453,0
1336,2408,461141.19800000003,1772784323.198,0,,invalid,GNSS1_PNTPOS_REJECTED,0,0,0,0,1,0,,,,,0.003675454994663596,0
1337,2408,461141.398,1772784323.398,0,,invalid,GNSS1_PNTPOS_REJECTED,0,0,0,0,1,0,,,,,0.004177934999461286,0
1338,2408,461141.598,1772784323.598,0,,invalid,GNSS1_PNTPOS_REJECTED,0,0,0,0,1,0,,,,,0.0035119540043524466,0
1339,2408,461141.798,1772784323.798,0,,invalid,GNSS1_PNTPOS_REJECTED,0,0,0,0,1,0,,,,,0.0038714149995939806,0
1340,2408,461141.998,1772784323.998,0,,invalid,GNSS1_PNTPOS_REJECTED,0,0,0,0,1,0,,,,,0.003943493000406306,0
1341,2408,461142.19800000003,1772784324.198,0,,invalid,GNSS1_PNTPOS_REJECTED,0,0,0,0,1,0,,,,,0.00390995699854102,0
1342,2408,461142.398,1772784324.398,0,,invalid,GNSS1_PNTPOS_REJECTED,0,0,0,0,1,0,,,,,0.00496470899815904,0
1343,2408,461142.598,1772784324.598,0,,invalid,GNSS1_PNTPOS_REJECTED,0,0,0,0,1,0,,,,,0.005164422997040674,0
1344,2408,461142.798,1772784324.798,0,,invalid,GNSS1_PNTPOS_REJECTED,0,0,0,0,1,0,,,,,0.0050947720010299236,0
1345,2408,461142.998,1772784324.998,0,,invalid,GNSS1_PNTPOS_REJECTED,0,0,0,0,1,0,,,,,0.004927221998514142,0
1346,2408,461143.19800000003,1772784325.198,0,,invalid,GNSS1_PNTPOS_REJECTED,0,0,0,0,1,0,,,,,0.004939976002788171,0
1347,2408,461143.398,1772784325.398,0,,invalid,GNSS2_PNTPOS_REJECTED,0,0,0,0,1,0,,,,,0.0052848100021947175,0
1348,2408,461143.598,1772784325.598,0,,invalid,GNSS2_PNTPOS_REJECTED,0,0,0,0,1,0,,,,,0.005330669999239035,0
1349,2408,461143.798,1772784325.798,0,,invalid,GNSS2_PNTPOS_REJECTED,0,0,0,0,1,0,,,,,0.004696677002357319,0
1350,2408,461143.998,1772784325.998,0,,invalid,GNSS2_PNTPOS_REJECTED,0,0,0,0,1,0,,,,,0.005330508000042755,0
1351,2408,461144.19800000003,1772784326.198,0,,invalid,GNSS2_PNTPOS_REJECTED,0,0,0,0,1,0,,,,,0.005307360996084753,0
1352,2408,461144.398,1772784326.398,0,,invalid,GNSS2_PNTPOS_REJECTED,0,0,0,0,1,0,,,,,0.0053626059961970896,0
1353,2408,461144.598,1772784326.598,0,,invalid,GNSS2_PNTPOS_REJECTED,0,0,0,0,1,0,,,,,0.0053998549992684275,0
1354,2408,461144.798,1772784326.798,0,,invalid,GNSS1_PNTPOS_REJECTED,0,0,0,0,1,0,,,,,0.005230363996815868,0
1355,2408,461144.998,1772784326.998,0,,invalid,GNSS1_PNTPOS_REJECTED,0,0,0,0,1,0,,,,,0.0051589110007626005,0
1356,2408,461145.19800000003,1772784327.198,0,,invalid,GNSS1_PNTPOS_REJECTED,0,0,0,0,1,0,,,,,0.003766345005715266,0
1357,2408,461145.398,1772784327.398,0,,invalid,GNSS1_PNTPOS_REJECTED,0,0,0,0,1,0,,,,,0.003785717002756428,0
1358,2408,461145.598,1772784327.598,0,,invalid,GNSS1_PNTPOS_REJECTED,0,0,0,0,1,0,,,,,0.004932631003612187,0
1359,2408,461145.798,1772784327.798,0,,invalid,GNSS2_PNTPOS_REJECTED,0,0,0,0,1,0,,,,,0.003931813000235707,0
1360,2408,461145.998,1772784327.998,0,,invalid,GNSS2_PNTPOS_REJECTED,0,0,0,0,1,0,,,,,0.004183834003924858,0
1361,2408,461146.19800000003,1772784328.198,0,,invalid,GNSS2_PNTPOS_REJECTED,0,0,0,0,1,0,,,,,0.003992907993961126,0
1362,2408,461146.398,1772784328.398,0,,invalid,GNSS2_PNTPOS_REJECTED,0,0,0,0,1,0,,,,,0.004039542000100482,0
1363,2408,461146.598,1772784328.598,0,,invalid,GNSS2_PNTPOS_REJECTED,0,0,0,0,1,0,,,,,0.0040235870037577115,0
1364,2408,461146.798,1772784328.798,0,,invalid,GNSS2_PNTPOS_REJECTED,0,0,0,0,1,0,,,,,0.005103493997012265,0
1365,2408,461146.998,1772784328.998,1,133.24198339472673,float,,1,1,1,1,1,0,1.5529276937560432,1.4604390003562036,1.153715218266521,2.4239482875374336,0.009480947002884932,16
1366,2408,461147.19800000003,1772784329.198,1,125.02376193259948,float,,1,1,1,1,1,0,2.0571379564664927,1.4416953067281286,1.1591059755853892,2.7665553657960302,0.007456453000486363,16
1367,2408,461147.398,1772784329.398,1,111.69007475592352,float,,1,1,1,1,1,0,2.920237853335149,1.16151784572521,1.0462757555382445,3.312341435090401,0.009505635003733914,16
1368,2408,461147.598,1772784329.598,1,152.5094698025278,float,,1,1,1,1,1,0,0.5354445875206468,1.028994684706778,0.9119639958090855,1.4755369521337074,0.007547766996140126,16
1369,2408,461147.798,1772784329.798,1,280.2280516148332,float,,1,1,1,1,1,0,-3.9147710298132363,-0.7063573539584079,-0.07077203481281558,3.9786155391376603,0.008551753002393525,16
1370,2408,461147.998,1772784329.998,1,115.99360848656721,paper_ratio_fixed,,1,1,1,1,1,1,4.041618221020883,1.9706708422008274,1.4768645341334272,4.732795185191271,0.009388304999447428,16
1371,2408,461148.19800000003,1772784330.198,1,129.40316691775794,float,,1,1,1,1,1,0,2.2002342464491296,1.8074964629753862,-7.311447783022116,7.846358574955335,0.00913805599702755,16
1372,2408,461148.398,1772784330.398,1,119.59317136207065,float,,1,1,1,1,1,0,3.8814727162316536,2.2043715421766854,-12.44193840195058,13.218430903126956,0.009014253999339417,16
1373,2408,461148.598,1772784330.598,1,119.24129599501089,float,,1,1,1,1,1,0,4.057245864966077,2.2713572708184153,-13.01234671504966,13.81815743480829,0.008619410000392236,16
1374,2408,461148.798,1772784330.798,1,120.02192254607854,float,,1,1,1,1,1,0,4.029042505084502,2.3282246887498586,-13.011045583427473,13.818144625206001,0.010152655995625537,16
1375,2408,461148.998,1772784330.998,1,120.78124493266614,float,,1,1,1,1,1,0,3.9224387157115066,2.336502867183473,-12.730357223694604,13.524302797916885,0.007852800001273863,16
1376,2408,461149.19800000003,1772784331.198,1,120.76655919094345,float,,1,1,1,1,1,0,4.011934768591491,2.3884205416031667,-13.044550575630813,13.854980079060937,0.009331124005257152,16
1377,2408,461149.398,1772784331.398,1,121.77448536632092,float,,1,1,1,1,1,0,3.893455608940208,2.4116450717879374,-12.75130870638576,13.548833981439742,0.007642172997293528,16
1378,2408,461149.598,1772784331.598,1,122.57170521237961,float,,1,1,1,1,1,0,3.7561380793260293,2.3995377697558418,-12.359367420810045,13.138505159340944,0.009441590998903848,16
1379,2408,461149.798,1772784331.798,1,123.21133293872956,float,,1,1,1,1,1,0,3.588574966958899,2.349311549243014,-11.833790273851978,12.58712545795919,0.009222373002558015,16
1380,2408,461149.998,1772784331.998,0,,invalid,GNSS2_PNTPOS_REJECTED,0,0,0,0,1,0,,,,,0.003523120998579543,0
1381,2408,461150.19800000003,1772784332.198,0,,invalid,GNSS2_PNTPOS_REJECTED,0,0,0,0,1,0,,,,,0.004115723000722937,0
1382,2408,461150.398,1772784332.398,1,137.6025585893354,float,,1,1,1,1,1,0,1.4102888398541502,1.5446018670805453,-4.798899614336047,5.234897042739287,0.008388168003875762,20
1383,2408,461150.598,1772784332.598,1,85.96804155685749,paper_ratio_fixed,,1,1,1,1,1,1,0.7743937982970275,-0.0545849599852668,-0.9245533378858957,1.20725479799976,0.01085713100474095,20
1384,2408,461150.798,1772784332.798,1,221.38430631299457,float,,1,1,1,1,1,0,-0.8036857098018029,0.9121060098312417,-1.1840147715703662,1.6969793966358941,0.010808056998939719,20
1385,2408,461150.998,1772784332.998,1,179.31382118275133,float,,1,1,1,1,1,0,0.014136762212718423,1.180360083985541,-0.5148647281693526,1.2878413971546006,0.010351393000746612,20
1386,2408,461151.19800000003,1772784333.198,1,184.98976038666046,float,,1,1,1,1,1,0,-0.09957906067212274,1.140541476539147,-0.6077585171142186,1.2961949175009575,0.009822961001191288,20
1387,2408,461151.398,1772784333.398,1,195.543495595257,float,,1,1,1,1,1,0,-0.28457630559565317,1.0231322761261743,-0.7557872069406404,1.3034560331414065,0.009246358997188509,20
1388,2408,461151.598,1772784333.598,1,174.18480509207564,float,,1,1,1,1,1,0,0.11816651387100308,1.160267024428591,-0.42653748863001617,1.2418200844661855,0.009640144002332818,20
1389,2408,461151.798,1772784333.798,1,173.7964744892086,float,,1,1,1,1,1,0,0.12363151742635026,1.1373956189584309,-0.42063006316833906,1.2189680866076744,0.009976629000448156,20
1390,2408,461151.998,1772784333.998,1,191.3488688226204,float,,1,1,1,1,1,0,-0.20656626703718395,1.029193925287734,-0.6905787266596848,1.2565065603655887,0.008378009995794855,20
1391,2408,461152.19800000003,1772784334.198,1,201.34015985945985,float,,1,1,1,1,1,0,-0.3800116713302056,0.9726645481412806,-0.8327380501781004,1.3356413642039102,0.009718447006889619,16
1392,2408,461152.398,1772784334.398,1,199.47463201679025,float,,1,1,1,1,1,0,-0.3393432156597341,0.95962574638071,-0.7979047711650543,1.2933241724250657,0.007802453998010606,16
1393,2408,461152.598,1772784334.598,1,199.40199476103987,float,,1,1,1,1,1,0,-0.3389888946509193,0.9625041832357547,-0.797777958421356,1.295290486487848,0.008989513000415172,16
1394,2408,461152.798,1772784334.798,1,193.14552114987094,float,,1,1,1,1,1,0,-0.2362485932270467,1.011576489045981,-0.7146212442764448,1.2608663346142472,0.009020060999318957,16
1395,2408,461152.998,1772784334.998,1,208.41196435990997,float,,1,1,1,1,1,0,-0.49848254712688717,0.9214642235112991,-0.9289447324599569,1.4001855166250263,0.008656269004859496,16
1396,2408,461153.19800000003,1772784335.198,1,203.57034386144153,float,,1,1,1,1,1,0,-0.4034733271389294,0.9248184573603623,-0.8495643358283238,1.3190297439778904,0.009836173994699493,16
1397,2408,461153.398,1772784335.398,1,208.63273121345526,float,,1,1,1,1,1,0,-0.5147111178412863,0.9427651244365961,-0.9437952386181783,1.4298542118417952,0.008416691001912113,16
1398,2408,461153.598,1772784335.598,1,213.62556132708536,float,,1,1,1,1,1,0,-0.5688147223648532,0.8553068971641922,-0.9839482485321931,1.4224114146424773,0.009797148006327916,16
1399,2408,461153.798,1772784335.798,1,207.0279312699097,float,,1,1,1,1,1,0,-0.4622401082466178,0.9061050304121484,-0.8976817525468145,1.3566594166059385,0.008857300003001,16
1400,2408,461153.998,1772784335.998,1,214.06860329476126,float,,1,1,1,1,1,0,-0.5895618791445163,0.8718079262677912,-1.0022998310896787,1.4533537838551762,0.00876080399757484,16
1401,2408,461154.19800000003,1772784336.198,0,,invalid,GNSS2_PNTPOS_REJECTED,0,0,0,0,1,0,,,,,0.0035526100036804564,0
1402,2408,461154.398,1772784336.398,0,,invalid,GNSS2_PNTPOS_REJECTED,0,0,0,0,1,0,,,,,0.003368287994817365,0
1403,2408,461154.598,1772784336.598,0,,invalid,GNSS2_PNTPOS_REJECTED,0,0,0,0,1,0,,,,,0.0033130919982795604,0
1404,2408,461154.798,1772784336.798,0,,invalid,GNSS2_PNTPOS_REJECTED,0,0,0,0,1,0,,,,,0.0035192020004615188,0
1405,2408,461154.998,1772784336.998,0,,invalid,GNSS2_PNTPOS_REJECTED,0,0,0,0,1,0,,,,,0.0039061060015228577,0
1406,2408,461155.19800000003,1772784337.198,0,,invalid,GNSS2_PNTPOS_REJECTED,0,0,0,0,1,0,,,,,0.0037987030009389855,0
1407,2408,461155.398,1772784337.398,0,,invalid,GNSS2_PNTPOS_REJECTED,0,0,0,0,1,0,,,,,0.004497056004765909,0
1408,2408,461155.598,1772784337.598,0,,invalid,GNSS2_PNTPOS_REJECTED,0,0,0,0,1,0,,,,,0.003496019999147393,0
1409,2408,461155.798,1772784337.798,0,,invalid,GNSS2_PNTPOS_REJECTED,0,0,0,0,1,0,,,,,0.0041255999967688695,0
1410,2408,461155.998,1772784337.998,0,,invalid,GNSS2_PNTPOS_REJECTED,0,0,0,0,1,0,,,,,0.004198549999273382,0
1411,2408,461156.19800000003,1772784338.198,0,,invalid,GNSS2_PNTPOS_REJECTED,0,0,0,0,1,0,,,,,0.0034077579985023476,0
1412,2408,461156.398,1772784338.398,1,197.3906104791856,float,,1,1,1,1,1,0,-0.3384424126623347,1.0805915951305987,-0.8042919988999847,1.3889229934197673,0.009139222995145246,20
1413,2408,461156.598,1772784338.598,1,192.27011825147716,float,,1,1,1,1,1,0,-0.25489880283179134,1.172007824205009,-0.7397146155393535,1.409167645145663,0.008219597999413963,16
1414,2408,461156.798,1772784338.798,1,282.4140745448546,float,,1,1,1,1,1,0,-3.2270841098132927,-0.7103515472967976,-3.118045026452589,4.543223080538984,0.009558997997373808,16
1415,2408,461156.998,1772784338.998,1,290.25115678952125,float,,1,1,1,1,1,0,-5.104453156458684,-1.883249274432513,-4.621257490203724,7.13849358386597,0.00802218900207663,16
1416,2408,461157.19800000003,1772784339.198,1,290.358447263034,float,,1,1,1,1,1,0,-5.2633297914296815,-1.9530709015258108,-4.750208150220205,7.354019575045781,0.00749894399632467,16
1417,2408,461157.398,1772784339.398,1,290.9325120196437,float,,1,1,1,1,1,0,-5.429916469979518,-2.077014692788985,-4.882421420252759,7.591839159911063,0.007596893003210425,16
1418,2408,461157.598,1772784339.598,1,290.82724162182683,float,,1,1,1,1,1,0,-5.221815760756372,-1.9864232399832051,-4.71346724268776,7.309583474830804,0.0074834890037891455,16
1419,2408,461157.798,1772784339.798,1,290.1195424366556,float,,1,1,1,1,1,0,-5.078588586949503,-1.8604639278982362,-4.6009385565308785,7.100846686380204,0.008992686001874972,16
1420,2408,461157.998,1772784339.998,0,,invalid,INSUFFICIENT_GPS_DUAL_FREQUENCY_SATELLITE_STATES,0,0,0,0,1,0,,,,,0.005639085000439081,4
1421,2408,461158.19800000003,1772784340.198,0,,invalid,INSUFFICIENT_GPS_DUAL_FREQUENCY_SATELLITE_STATES,0,0,0,0,1,0,,,,,0.005327277998731006,4
1422,2408,461158.398,1772784340.398,0,,invalid,INSUFFICIENT_GPS_DUAL_FREQUENCY_SATELLITE_STATES,0,0,0,0,1,0,,,,,0.00473496199992951,4
1423,2408,461158.598,1772784340.598,0,,invalid,INSUFFICIENT_GPS_DUAL_FREQUENCY_SATELLITE_STATES,0,0,0,0,1,0,,,,,0.004214319997117855,4
1424,2408,461158.798,1772784340.798,0,,invalid,INSUFFICIENT_GPS_DUAL_FREQUENCY_SATELLITE_STATES,0,0,0,0,1,0,,,,,0.004570479002723005,4
1425,2408,461158.998,1772784340.998,0,,invalid,INSUFFICIENT_GPS_DUAL_FREQUENCY_SATELLITE_STATES,0,0,0,0,1,0,,,,,0.005220692997681908,4
1426,2408,461159.19800000003,1772784341.198,0,,invalid,INSUFFICIENT_GPS_DUAL_FREQUENCY_SATELLITE_STATES,0,0,0,0,1,0,,,,,0.00427056300395634,4
1427,2408,461159.398,1772784341.398,0,,invalid,INSUFFICIENT_GPS_DUAL_FREQUENCY_SATELLITE_STATES,0,0,0,0,1,0,,,,,0.004157133000262547,4
1428,2408,461159.598,1772784341.598,0,,invalid,INSUFFICIENT_GPS_DUAL_FREQUENCY_SATELLITE_STATES,0,0,0,0,1,0,,,,,0.0055014200042933226,4
1429,2408,461159.798,1772784341.798,0,,invalid,INSUFFICIENT_GPS_DUAL_FREQUENCY_SATELLITE_STATES,0,0,0,0,1,0,,,,,0.005072642001323402,4
1430,2408,461159.998,1772784341.998,0,,invalid,INSUFFICIENT_GPS_DUAL_FREQUENCY_SATELLITE_STATES,0,0,0,0,1,0,,,,,0.004414830000314396,4
1431,2408,461160.19800000003,1772784342.198,0,,invalid,INSUFFICIENT_GPS_DUAL_FREQUENCY_SATELLITE_STATES,0,0,0,0,1,0,,,,,0.004292636003810912,4
1432,2408,461160.398,1772784342.398,0,,invalid,INSUFFICIENT_GPS_DUAL_FREQUENCY_SATELLITE_STATES,0,0,0,0,1,0,,,,,0.004766767997352872,4
1433,2408,461160.598,1772784342.598,0,,invalid,INSUFFICIENT_GPS_DUAL_FREQUENCY_SATELLITE_STATES,0,0,0,0,1,0,,,,,0.004722874997241888,4
1434,2408,461160.798,1772784342.798,1,216.2665003518726,float,,1,1,1,1,1,0,-0.7409608615990138,1.0099330563143967,-1.1372642544331755,1.6918503955933981,0.009747925003466662,16
1435,2408,461160.998,1772784342.998,1,215.28982414770968,float,,1,1,1,1,1,0,-0.6557533355584648,0.9265025120298551,-1.0609698493131172,1.5537298230532819,0.007555960997706279,16
1436,2408,461161.19800000003,1772784343.198,1,214.77243112867893,float,,1,1,1,1,1,0,-0.6523511483172773,0.9395746606123832,-1.0588919181277965,1.5587221233600648,0.007378014001005795,16
1437,2408,461161.398,1772784343.398,0,,invalid,INSUFFICIENT_GPS_DUAL_FREQUENCY_SATELLITE_STATES,0,0,0,0,1,0,,,,,0.005562333004490938,4
1438,2408,461161.598,1772784343.598,1,196.74163415108967,float,,1,1,1,1,1,0,-0.33809673024272846,1.123967095255038,-0.8065630801911139,1.4241332214874594,0.008976035001978744,16
1439,2408,461161.798,1772784343.798,1,253.02457164259167,float,,1,1,1,1,1,0,-1.4577151130969899,0.4449847409565005,-1.7042542487559946,2.286356777722662,0.011944908001169097,16
1440,2408,461161.998,1772784343.998,1,252.028969750651,float,,1,1,1,1,1,0,-1.4726222478946736,0.4776609171854006,-1.7186695397271192,2.3131366634046047,0.008894742000848055,16
1441,2408,461162.19800000003,1772784344.198,0,,invalid,INSUFFICIENT_GPS_DUAL_FREQUENCY_SATELLITE_STATES,0,0,0,0,1,0,,,,,0.00562777099548839,4
1442,2408,461162.398,1772784344.398,1,265.4699400237782,float,,1,1,1,1,1,0,-1.9476151336217802,0.15430881446489636,-2.0974269620894486,2.866394212287263,0.009848804002103861,16
1443,2408,461162.598,1772784344.598,0,,invalid,INSUFFICIENT_GPS_DUAL_FREQUENCY_SATELLITE_STATES,0,0,0,0,1,0,,,,,0.00412988100288203,4
1444,2408,461162.798,1772784344.798,0,,invalid,INSUFFICIENT_GPS_DUAL_FREQUENCY_SATELLITE_STATES,0,0,0,0,1,0,,,,,0.004154992995609064,4
1445,2408,461162.998,1772784344.998,1,262.2606335380483,float,,1,1,1,1,1,0,-1.677677637255386,0.22800478630173593,-1.8756815405919671,2.5268101786324926,0.007445607996487524,16
1446,2408,461163.19800000003,1772784345.198,1,273.7671941240063,float,,1,1,1,1,1,0,-2.4417455080694896,-0.16077637163976133,-2.492701478593332,3.4930689700085455,0.007387663994450122,16
1447,2408,461163.398,1772784345.398,1,257.6033425438116,float,,1,1,1,1,1,0,-1.6438851338964273,0.3613310512843234,-1.8552489480533616,2.5049684870914075,0.0075255569972796366,16
1448,2408,461163.598,1772784345.598,1,277.7997032613291,float,,1,1,1,1,1,0,-2.730819247514439,-0.37406129702315033,-2.7222337362592244,3.8739969193784636,0.008057320999796502,16
1449,2408,461163.798,1772784345.798,0,,invalid,INSUFFICIENT_GPS_DUAL_FREQUENCY_SATELLITE_STATES,0,0,0,0,1,0,,,,,0.004331256001023576,4
1450,2408,461163.998,1772784345.998,0,,invalid,INSUFFICIENT_GPS_DUAL_FREQUENCY_SATELLITE_STATES,0,0,0,0,1,0,,,,,0.004410182998981327,4
1451,2408,461164.19800000003,1772784346.198,0,,invalid,INSUFFICIENT_GPS_DUAL_FREQUENCY_SATELLITE_STATES,0,0,0,0,1,0,,,,,0.0046741029946133494,4
1452,2408,461164.398,1772784346.398,0,,invalid,INSUFFICIENT_GPS_DUAL_FREQUENCY_SATELLITE_STATES,0,0,0,0,1,0,,,,,0.004763249999086838,4
1453,2408,461164.598,1772784346.598,1,235.59204684044067,float,,1,1,1,1,1,0,-1.0091788074323258,0.6912049290257561,-1.3431028057645817,1.8166263419131419,0.008356875994650181,16
1454,2408,461164.798,1772784346.798,1,222.09682372611854,float,,1,1,1,1,1,0,-0.8370880336448703,0.9265269334504684,-1.212855108385801,1.7407429587443681,0.008868987002642825,16
1455,2408,461164.998,1772784346.998,0,,invalid,INSUFFICIENT_GPS_DUAL_FREQUENCY_SATELLITE_STATES,0,0,0,0,1,0,,,,,0.005722877998778131,4
1456,2408,461165.19800000003,1772784347.198,0,,invalid,INSUFFICIENT_GPS_DUAL_FREQUENCY_SATELLITE_STATES,0,0,0,0,1,0,,,,,0.0055243410024559125,4
1457,2408,461165.398,1772784347.398,1,241.20089525828024,float,,1,1,1,1,1,0,-1.1670105119556373,0.6415457124311634,-1.472368722107523,1.9852869036978782,0.008578615001169965,16
1458,2408,461165.598,1772784347.598,1,225.62151377370938,float,,1,1,1,1,1,0,-0.8592000163491134,0.840759052159832,-1.2263121516354885,1.7172483644283598,0.007680367998545989,16
1459,2408,461165.798,1772784347.798,1,178.80792332905932,float,,1,1,1,1,1,0,0.029171967450836472,1.4019143860100953,-0.5153536906039167,1.4939224798516464,0.010730284004239365,16
1460,2408,461165.998,1772784347.998,1,211.4824687313298,float,,1,1,1,1,1,0,-0.6358134595322462,1.038266229883655,-1.0508673056567879,1.6082840587214495,0.010428273999423254,16
1461,2408,461166.19800000003,1772784348.198,1,216.63932378979365,float,,1,1,1,1,1,0,-0.6914187914925757,0.9296625094783211,-1.0910297254178536,1.591439030721548,0.010932925004453864,16
1462,2408,461166.398,1772784348.398,1,228.85307101023866,float,,1,1,1,1,1,0,-0.9425969567951817,0.8236402877460037,-1.2951537730232763,1.801192838741673,0.009204279005643912,16
1463,2408,461166.598,1772784348.598,1,211.17801907083822,float,,1,1,1,1,1,0,-0.60243494208068,0.9956001179300146,-1.0203909348441225,1.547690251366233,0.007698175002587959,16
1464,2408,461166.798,1772784348.798,1,217.88394123419255,float,,1,1,1,1,1,0,-0.7254028899436565,0.932360037961673,-1.119653556968962,1.6276144140304698,0.007679078000364825,16
1465,2408,461166.998,1772784348.998,1,247.04122076126527,float,,1,1,1,1,1,0,-1.3327327133998152,0.5645802414327011,-1.606688708317837,2.1624929918541427,0.008148181004798971,20
1466,2408,461167.19800000003,1772784349.198,1,245.25569851424342,float,,1,1,1,1,1,0,-1.2766855534848636,0.588406146483657,-1.5611401091581503,2.100787051587814,0.007939643997815438,20
1467,2408,461167.398,1772784349.398,1,246.09415900211374,float,,1,1,1,1,1,0,-1.3319758917041382,0.5904129295945841,-1.6076734741575118,2.16964540951354,0.00847533799969824,24
1468,2408,461167.598,1772784349.598,1,243.92269407210387,float,,1,1,1,1,1,0,-1.2456112711973242,0.6096070071076926,-1.5311341757225307,2.0658025089814673,0.009743048998643644,24
1469,2408,461167.798,1772784349.798,1,239.967530604833,float,,1,1,1,1,1,0,-1.1542265509680223,0.6672654257162429,-1.4697845763702677,1.984376169039465,0.009833894000621513,24
1470,2408,461167.998,1772784349.998,1,241.79717205545816,float,,1,1,1,1,1,0,-1.1306133020538196,0.6063013829037185,-1.4396707916257447,1.9283515742603323,0.010411901996121742,24
1471,2408,461168.19800000003,1772784350.198,1,240.32453009260297,float,,1,1,1,1,1,0,-1.0135312826985965,0.5775330785140627,-1.340266571050469,1.7768243017422896,0.011343141995894257,24
1472,2408,461168.398,1772784350.398,1,229.3678002412323,float,,1,1,1,1,1,0,-0.7743686824069544,0.6644694867909242,-1.1450575795694375,1.5337285991003413,0.011501257999043446,24
1473,2408,461168.598,1772784350.598,1,220.18352495251312,float,,1,1,1,1,1,0,-0.6162611076075586,0.7296720235786733,-1.0163295570362285,1.394677304342674,0.011058525000407826,24
1474,2408,461168.798,1772784350.798,1,184.59919452402096,float,,1,1,1,1,1,0,-0.08732769484835956,1.0855720691420578,-0.5942663187900226,1.240663250538655,0.011880908998136874,24
1475,2408,461168.998,1772784350.998,1,238.23301208385183,float,,1,1,1,1,1,0,-0.8439100521375744,0.522573481370916,-1.1942682345731033,1.552914625998905,0.01144780300091952,28
1476,2408,461169.19800000003,1772784351.198,1,225.53553264754197,float,,1,1,1,1,1,0,-0.611166130977874,0.5998466970133286,-1.0038259587974652,1.3194721122963964,0.010665602996596135,28
1477,2408,461169.398,1772784351.398,1,211.8431191652839,float,,1,1,1,1,1,0,-0.4273399648308926,0.688072037987336,-0.8547380040876392,1.1775566358496035,0.008814789995085448,28
1478,2408,461169.598,1772784351.598,1,193.80766968156036,float,,1,1,1,1,1,0,-0.18408274408582648,0.7490178396142133,-0.6545305851682531,1.0115950116777006,0.009621967001294252,28
1479,2408,461169.798,1772784351.798,1,186.9532678531736,float,,1,1,1,1,1,0,-0.09287886945100815,0.7615723962622427,-0.5790246610328277,0.9611912178246808,0.008714546005649026,28
1480,2408,461169.998,1772784351.998,1,183.7254906502476,float,,1,1,1,1,1,0,-0.047087620261400905,0.7231580841767249,-0.53915821733641,0.9032532546375953,0.009231078998709563,28
1481,2408,461170.19800000003,1772784352.198,1,182.35311288860606,float,,1,1,1,1,1,0,-0.027607548020069962,0.6718362508293408,-0.5178684403807413,0.8487130529092191,0.011637725998298265,28
1482,2408,461170.398,1772784352.398,1,177.4924581019282,float,,1,1,1,1,1,0,0.02667876164589738,0.6092039349713751,-0.4661887249936332,0.7675761317411813,0.011445384996477515,28
1483,2408,461170.598,1772784352.598,1,175.9271111416337,float,,1,1,1,1,1,0,0.03971381154342427,0.5577367551447762,-0.4547094149099686,0.7206997480743951,0.009433797997189686,28
1484,2408,461170.798,1772784352.798,1,168.09842792132298,float,,1,1,1,1,1,0,0.11164928883342225,0.5297418078388928,-0.393527335649457,0.6692949354154623,0.009683456002676394,28
1485,2408,461170.998,1772784352.998,1,159.52486235792463,float,,1,1,1,1,1,0,0.1862182795551227,0.49872303601809953,-0.33738918117329986,0.6302645268999123,0.012450741996872239,28
1486,2408,461171.19800000003,1772784353.198,1,153.7181384569307,float,,1,1,1,1,1,0,0.2340366500987455,0.47391483017045577,-0.29023307539713383,0.6029955703812533,0.010601563997624908,28
1487,2408,461171.398,1772784353.398,1,145.55805871769223,float,,1,1,1,1,1,0,0.3090970779765419,0.45071678191201914,-0.22622481245580284,0.591493268669582,0.011842699997941963,28
1488,2408,461171.598,1772784353.598,0,,invalid,GNSS2_PNTPOS_REJECTED,0,0,0,0,1,0,,,,,0.003450218995567411,0
1489,2408,461171.798,1772784353.798,0,,invalid,GNSS2_PNTPOS_REJECTED,0,0,0,0,1,0,,,,,0.0075938179943477735,0
1490,2408,461171.998,1772784353.998,0,,invalid,GNSS2_PNTPOS_REJECTED,0,0,0,0,1,0,,,,,0.003395474996068515,0
1491,2408,461172.19800000003,1772784354.198,0,,invalid,GNSS2_PNTPOS_REJECTED,0,0,0,0,1,0,,,,,0.0030078929994488135,0
1492,2408,461172.398,1772784354.398,0,,invalid,GNSS2_PNTPOS_REJECTED,0,0,0,0,1,0,,,,,0.0035921810049330816,0
1493,2408,461172.598,1772784354.598,0,,invalid,GNSS2_PNTPOS_REJECTED,0,0,0,0,1,0,,,,,0.004033956000057515,0
1494,2408,461172.798,1772784354.798,0,,invalid,GNSS2_PNTPOS_REJECTED,0,0,0,0,1,0,,,,,0.003773172000364866,0
1495,2408,461172.998,1772784354.998,0,,invalid,GNSS2_PNTPOS_REJECTED,0,0,0,0,1,0,,,,,0.004025959002319723,0
1496,2408,461173.19800000003,1772784355.198,0,,invalid,GNSS2_PNTPOS_REJECTED,0,0,0,0,1,0,,,,,0.003919900002074428,0
1497,2408,461173.398,1772784355.398,0,,invalid,GNSS2_PNTPOS_REJECTED,0,0,0,0,1,0,,,,,0.00381150099565275,0
1498,2408,461173.598,1772784355.598,0,,invalid,GNSS2_PNTPOS_REJECTED,0,0,0,0,1,0,,,,,0.0032390039996244013,0
1499,2408,461173.798,1772784355.798,0,,invalid,GNSS2_PNTPOS_REJECTED,0,0,0,0,1,0,,,,,0.0030899770063115284,0
1500,2408,461173.998,1772784355.998,0,,invalid,GNSS2_PNTPOS_REJECTED,0,0,0,0,1,0,,,,,0.004127435000555124,0
1501,2408,461174.19800000003,1772784356.198,0,,invalid,GNSS2_PNTPOS_REJECTED,0,0,0,0,1,0,,,,,0.004024858004413545,0
1502,2408,461174.398,1772784356.398,0,,invalid,GNSS2_PNTPOS_REJECTED,0,0,0,0,1,0,,,,,0.0030633270071120933,0
1503,2408,461174.598,1772784356.598,0,,invalid,GNSS2_PNTPOS_REJECTED,0,0,0,0,1,0,,,,,0.003003026999067515,0
1504,2408,461174.798,1772784356.798,0,,invalid,GNSS2_PNTPOS_REJECTED,0,0,0,0,1,0,,,,,0.00301481899805367,0
1505,2408,461174.998,1772784356.998,0,,invalid,GNSS2_PNTPOS_REJECTED,0,0,0,0,1,0,,,,,0.0032380429984186776,0
1506,2408,461175.19800000003,1772784357.198,0,,invalid,GNSS2_PNTPOS_REJECTED,0,0,0,0,1,0,,,,,0.0030034279989195056,0
1507,2408,461175.398,1772784357.398,0,,invalid,GNSS2_PNTPOS_REJECTED,0,0,0,0,1,0,,,,,0.0029962389962747693,0
1508,2408,461175.598,1772784357.598,0,,invalid,GNSS2_PNTPOS_REJECTED,0,0,0,0,1,0,,,,,0.0030467440010397695,0
