observation_week_tow_ms_key,observation_time_gpst,observation_relative_s,output_key,output_present,output_relative_s,receiver1_clock_ns,q,baseline_length_m,ratio_output,relative_solver_entered,ar_attempted,ar_result,ar_dd_dimension,ratio_trace,successful_float_update_constbl_added_calls,successful_float_update_constbl_skipped_calls,float_postfit_constbl_added_calls,float_postfit_constbl_skipped_calls,fixed_postfit_constbl_added_calls,float_large_residual_count,fixed_large_residual_count,fixed_large_length_residual_count,execution_error_categories,trace_start_line
2408:460873998,2026/03/06 08:01:13.998,55.99800000002142,,False,,,,,,False,False,NOT_ATTEMPTED,,,0,0,0,0,0,0,0,0,point pos error,242468
2408:460874198,2026/03/06 08:01:14.198,56.197999999974854,,False,,,,,,False,False,NOT_ATTEMPTED,,,0,0,0,0,0,0,0,0,point pos error,243081
2408:460874398,2026/03/06 08:01:14.398,56.397999999986496,,False,,,,,,False,False,NOT_ATTEMPTED,,,0,0,0,0,0,0,0,0,point pos error,243575
2408:460874598,2026/03/06 08:01:14.598,56.59799999999814,,False,,,,,,False,False,NOT_ATTEMPTED,,,0,0,0,0,0,0,0,0,point pos error,244069
2408:460874798,2026/03/06 08:01:14.798,56.79800000000978,,False,,,,,,False,False,NOT_ATTEMPTED,,,0,0,0,0,0,0,0,0,point pos error,244563
2408:460874998,2026/03/06 08:01:14.998,56.99800000002142,,False,,,,,,False,False,NOT_ATTEMPTED,,,0,0,0,0,0,0,0,0,point pos error,245057
2408:460875198,2026/03/06 08:01:15.198,57.197999999974854,,False,,,,,,False,False,NOT_ATTEMPTED,,,0,0,0,0,0,0,0,0,point pos error,245551
2408:460875398,2026/03/06 08:01:15.398,57.397999999986496,,False,,,,,,False,False,NOT_ATTEMPTED,,,0,0,0,0,0,0,0,0,point pos error,246045
2408:460875598,2026/03/06 08:01:15.598,57.59799999999814,,False,,,,,,False,False,NOT_ATTEMPTED,,,0,0,0,0,0,0,0,0,point pos error,246539
2408:460875798,2026/03/06 08:01:15.798,57.79800000000978,,False,,,,,,False,False,NOT_ATTEMPTED,,,0,0,0,0,0,0,0,0,point pos error,247033
2408:460875998,2026/03/06 08:01:15.998,57.99800000002142,2408:460876000,True,58.0,-2298073.814,1,0.3521452115250185,5.6,True,True,RATIO_PASS_AND_FIXED_CONDITIONING_SUCCESS,16,5.65,1,2,0,1,1,0,0,0,,247527
2408:460876198,2026/03/06 08:01:16.198,58.197999999974854,2408:460876200,True,58.20000000001164,-2298068.46,1,0.3547938133620709,4.8,True,True,RATIO_PASS_AND_FIXED_CONDITIONING_SUCCESS,16,4.84,1,2,0,1,1,0,0,0,,249687
2408:460876398,2026/03/06 08:01:16.398,58.397999999986496,2408:460876400,True,58.40000000002328,-2298063.905,1,0.3534543534885375,4.7,True,True,RATIO_PASS_AND_FIXED_CONDITIONING_SUCCESS,15,4.65,1,2,0,1,1,0,0,0,,251847
2408:460876598,2026/03/06 08:01:16.598,58.59799999999814,2408:460876600,True,58.59999999997672,-2298057.874,1,0.3518504653968785,5.1,True,True,RATIO_PASS_AND_FIXED_CONDITIONING_SUCCESS,15,5.07,1,2,0,1,1,0,0,0,,253997
2408:460876798,2026/03/06 08:01:16.798,58.79800000000978,2408:460876800,True,58.79999999998836,-2298052.733,1,0.35218719454290215,4.7,True,True,RATIO_PASS_AND_FIXED_CONDITIONING_SUCCESS,15,4.66,1,2,0,1,1,0,0,0,,256147
2408:460876998,2026/03/06 08:01:16.998,58.99800000002142,2408:460877000,True,59.0,-2298046.739,1,0.3537845954814879,4.0,True,True,RATIO_PASS_AND_FIXED_CONDITIONING_SUCCESS,15,4.0,1,2,0,1,1,0,0,0,,258297
2408:460877198,2026/03/06 08:01:17.198,59.197999999974854,2408:460877200,True,59.20000000001164,-2298039.818,1,0.35186091001985426,5.3,True,True,RATIO_PASS_AND_FIXED_CONDITIONING_SUCCESS,16,5.28,1,2,0,1,1,0,0,0,,260447
2408:460877398,2026/03/06 08:01:17.398,59.397999999986496,2408:460877400,True,59.40000000002328,-2298034.153,1,0.3539368587756862,4.6,True,True,RATIO_PASS_AND_FIXED_CONDITIONING_SUCCESS,16,4.64,1,2,0,1,1,0,0,0,,262607
2408:460877598,2026/03/06 08:01:17.598,59.59799999999814,2408:460877600,True,59.59999999997672,-2298028.376,1,0.3540138556610462,4.8,True,True,RATIO_PASS_AND_FIXED_CONDITIONING_SUCCESS,16,4.83,1,2,0,1,1,0,0,0,,264767
2408:460877798,2026/03/06 08:01:17.798,59.79800000000978,2408:460877800,True,59.79999999998836,-2298023.755,1,0.35712912230732463,5.7,True,True,RATIO_PASS_AND_FIXED_CONDITIONING_SUCCESS,16,5.72,1,2,0,1,1,0,0,0,,266927
2408:460877998,2026/03/06 08:01:17.998,59.99800000002142,2408:460878000,True,60.0,-2298018.797,1,0.3513688944684774,5.9,True,True,RATIO_PASS_AND_FIXED_CONDITIONING_SUCCESS,16,5.9,1,2,0,1,1,0,0,0,,269087
2408:460878198,2026/03/06 08:01:18.198,60.197999999974854,2408:460878200,True,60.20000000001164,-2298013.438,1,0.357220646099858,5.6,True,True,RATIO_PASS_AND_FIXED_CONDITIONING_SUCCESS,16,5.58,1,2,0,1,1,0,0,0,,271248
2408:460878398,2026/03/06 08:01:18.398,60.397999999986496,2408:460878400,True,60.40000000002328,-2298008.341,1,0.35671194260915906,5.5,True,True,RATIO_PASS_AND_FIXED_CONDITIONING_SUCCESS,16,5.53,1,2,0,1,1,0,0,0,,273408
2408:460878598,2026/03/06 08:01:18.598,60.59799999999814,2408:460878600,True,60.59999999997672,-2298002.881,1,0.3570045798025566,5.8,True,True,RATIO_PASS_AND_FIXED_CONDITIONING_SUCCESS,16,5.8,1,2,0,1,1,0,0,0,,275568
2408:460878798,2026/03/06 08:01:18.798,60.79800000000978,2408:460878800,True,60.79999999998836,-2297997.445,1,0.3573382990948494,6.0,True,True,RATIO_PASS_AND_FIXED_CONDITIONING_SUCCESS,16,5.99,1,2,0,1,1,0,0,0,,277728
2408:460878998,2026/03/06 08:01:18.998,60.99800000002142,2408:460879000,True,61.0,-2297991.49,1,0.3600864479538212,6.3,True,True,RATIO_PASS_AND_FIXED_CONDITIONING_SUCCESS,16,6.33,1,2,0,1,1,0,0,0,,279888
2408:460879198,2026/03/06 08:01:19.198,61.197999999974854,2408:460879200,True,61.20000000001164,-2297985.847,1,0.35386147006985663,6.3,True,True,RATIO_PASS_AND_FIXED_CONDITIONING_SUCCESS,16,6.28,1,2,0,1,1,0,0,0,,282048
2408:460879398,2026/03/06 08:01:19.398,61.397999999986496,2408:460879400,True,61.40000000002328,-2297981.288,1,0.3570381632262859,6.1,True,True,RATIO_PASS_AND_FIXED_CONDITIONING_SUCCESS,16,6.11,1,2,0,1,1,0,0,0,,284209
2408:460879598,2026/03/06 08:01:19.598,61.59799999999814,2408:460879600,True,61.59999999997672,-2297975.823,1,0.3535869482885362,6.2,True,True,RATIO_PASS_AND_FIXED_CONDITIONING_SUCCESS,16,6.22,1,2,0,1,1,0,0,0,,286369
2408:460879798,2026/03/06 08:01:19.798,61.79800000000978,2408:460879800,True,61.79999999998836,-2297970.162,1,0.35593984042250737,6.3,True,True,RATIO_PASS_AND_FIXED_CONDITIONING_SUCCESS,16,6.31,1,2,0,1,1,0,0,0,,288529
2408:460879998,2026/03/06 08:01:19.998,61.99800000002142,2408:460880000,True,62.0,-2297963.723,1,0.35489273027212037,6.5,True,True,RATIO_PASS_AND_FIXED_CONDITIONING_SUCCESS,16,6.47,1,2,0,1,1,0,0,0,,290689
2408:460880198,2026/03/06 08:01:20.198,62.197999999974854,2408:460880200,True,62.20000000001164,-2297957.88,1,0.35917356528564287,7.2,True,True,RATIO_PASS_AND_FIXED_CONDITIONING_SUCCESS,16,7.24,1,2,0,1,1,0,0,0,,292849
2408:460880398,2026/03/06 08:01:20.398,62.397999999986496,,False,,,,,,False,False,NOT_ATTEMPTED,,,0,0,0,0,0,0,0,0,point pos error,295009
2408:460880598,2026/03/06 08:01:20.598,62.59799999999814,,False,,,,,,False,False,NOT_ATTEMPTED,,,0,0,0,0,0,0,0,0,point pos error,295503
2408:460880798,2026/03/06 08:01:20.798,62.79800000000978,,False,,,,,,False,False,NOT_ATTEMPTED,,,0,0,0,0,0,0,0,0,point pos error,295997
2408:460880998,2026/03/06 08:01:20.998,62.99800000002142,,False,,,,,,False,False,NOT_ATTEMPTED,,,0,0,0,0,0,0,0,0,point pos error,296491
2408:460881198,2026/03/06 08:01:21.198,63.197999999974854,,False,,,,,,False,False,NOT_ATTEMPTED,,,0,0,0,0,0,0,0,0,point pos error,296985
2408:460881398,2026/03/06 08:01:21.398,63.397999999986496,,False,,,,,,False,False,NOT_ATTEMPTED,,,0,0,0,0,0,0,0,0,point pos error,297479
2408:460881598,2026/03/06 08:01:21.598,63.59799999999814,,False,,,,,,False,False,NOT_ATTEMPTED,,,0,0,0,0,0,0,0,0,point pos error,297973
2408:460881798,2026/03/06 08:01:21.798,63.79800000000978,,False,,,,,,False,False,NOT_ATTEMPTED,,,0,0,0,0,0,0,0,0,point pos error,298467
2408:460881998,2026/03/06 08:01:21.998,63.99800000002142,,False,,,,,,False,False,NOT_ATTEMPTED,,,0,0,0,0,0,0,0,0,point pos error,298962
2408:460882198,2026/03/06 08:01:22.198,64.19799999997485,,False,,,,,,False,False,NOT_ATTEMPTED,,,0,0,0,0,0,0,0,0,point pos error,299457
2408:460882398,2026/03/06 08:01:22.398,64.3979999999865,,False,,,,,,False,False,NOT_ATTEMPTED,,,0,0,0,0,0,0,0,0,point pos error,299952
2408:460882598,2026/03/06 08:01:22.598,64.59799999999814,,False,,,,,,False,False,NOT_ATTEMPTED,,,0,0,0,0,0,0,0,0,point pos error,300447
2408:460882798,2026/03/06 08:01:22.798,64.79800000000978,,False,,,,,,False,False,NOT_ATTEMPTED,,,0,0,0,0,0,0,0,0,point pos error,300942
2408:460882998,2026/03/06 08:01:22.998,64.99800000002142,,False,,,,,,False,False,NOT_ATTEMPTED,,,0,0,0,0,0,0,0,0,point pos error,301437
2408:460883198,2026/03/06 08:01:23.198,65.19799999997485,,False,,,,,,False,False,NOT_ATTEMPTED,,,0,0,0,0,0,0,0,0,point pos error,301931
2408:460883398,2026/03/06 08:01:23.398,65.3979999999865,,False,,,,,,False,False,NOT_ATTEMPTED,,,0,0,0,0,0,0,0,0,point pos error,302425
2408:460883598,2026/03/06 08:01:23.598,65.59799999999814,2408:460883600,True,65.59999999997672,-2297875.226,1,0.35961536396544574,5.6,True,True,RATIO_PASS_AND_FIXED_CONDITIONING_SUCCESS,14,5.59,2,1,0,1,1,0,0,0,,302919
2408:460883798,2026/03/06 08:01:23.798,65.79800000000978,2408:460883800,True,65.79999999998836,-2297870.013,1,0.35238294510376067,6.2,True,True,RATIO_PASS_AND_FIXED_CONDITIONING_SUCCESS,13,6.18,1,2,0,1,1,0,0,0,,305060
2408:460883998,2026/03/06 08:01:23.998,65.99800000002142,,False,,,,,,False,False,NOT_ATTEMPTED,,,0,0,0,0,0,0,0,0,point pos error,307190
2408:460884198,2026/03/06 08:01:24.198,66.19799999997485,,False,,,,,,False,False,NOT_ATTEMPTED,,,0,0,0,0,0,0,0,0,point pos error,307684
2408:460884398,2026/03/06 08:01:24.398,66.3979999999865,2408:460884400,True,66.40000000002328,-2297852.892,1,0.36842254274134745,9.5,True,True,RATIO_PASS_AND_FIXED_CONDITIONING_SUCCESS,10,9.53,1,2,0,1,1,0,0,0,,308178
2408:460884598,2026/03/06 08:01:24.598,66.59799999999814,2408:460884600,True,66.59999999997672,-2297846.768,1,0.3626473217879873,4.8,True,True,RATIO_PASS_AND_FIXED_CONDITIONING_SUCCESS,11,4.85,1,2,0,1,1,0,0,0,,310278
2408:460884798,2026/03/06 08:01:24.798,66.79800000000978,2408:460884800,True,66.79999999998836,-2297839.593,1,0.36793397505530795,6.6,True,True,RATIO_PASS_AND_FIXED_CONDITIONING_SUCCESS,11,6.56,1,2,0,1,1,0,0,0,,312388
2408:460884998,2026/03/06 08:01:24.998,66.99800000002142,2408:460885000,True,67.0,-2297833.909,1,0.3427421917418397,4.3,True,True,RATIO_PASS_AND_FIXED_CONDITIONING_SUCCESS,9,4.27,1,2,0,1,1,0,0,0,,314544
2408:460885198,2026/03/06 08:01:25.198,67.19799999997485,2408:460885200,True,67.20000000001164,-2297828.906,1,0.35760785785550075,4.8,True,True,RATIO_PASS_AND_FIXED_CONDITIONING_SUCCESS,9,4.81,1,2,0,1,1,0,0,0,,316681
2408:460885398,2026/03/06 08:01:25.398,67.3979999999865,,False,,,,,,False,False,NOT_ATTEMPTED,,,0,0,0,0,0,0,0,0,point pos error,318819
2408:460885598,2026/03/06 08:01:25.598,67.59799999999814,2408:460885600,True,67.59999999997672,-2297822.644,1,0.35304455809430063,3.8,True,True,RATIO_PASS_AND_FIXED_CONDITIONING_SUCCESS,8,3.82,2,1,0,1,1,0,0,0,,319314
2408:460885798,2026/03/06 08:01:25.798,67.79800000000978,2408:460885800,True,67.79999999998836,-2297820.356,2,0.5904718536899113,1.9,True,True,RATIO_FAILED,6,1.86,1,2,0,1,0,0,0,0,,321442
2408:460885998,2026/03/06 08:01:25.998,67.99800000002142,2408:460886000,True,68.0,-2297817.032,1,0.36519323652006486,4.3,True,True,RATIO_PASS_AND_FIXED_CONDITIONING_SUCCESS,7,4.25,1,2,0,1,1,0,0,0,,323463
2408:460886198,2026/03/06 08:01:26.198,68.19799999997485,2408:460886200,True,68.20000000001164,-2297814.448,2,0.6546563526003547,1.6,True,True,RATIO_FAILED,6,1.6,1,2,0,1,0,0,0,0,,325579
2408:460886398,2026/03/06 08:01:26.398,68.3979999999865,2408:460886400,True,68.40000000002328,-2297809.322,2,0.6761975303119644,1.7,True,True,RATIO_FAILED,8,1.72,1,2,0,1,0,0,0,0,,327602
2408:460886598,2026/03/06 08:01:26.598,68.59799999999814,2408:460886600,True,68.59999999997672,-2297803.365,2,0.6898896868340619,2.1,True,True,RATIO_FAILED,8,2.07,1,2,0,1,0,0,0,0,,329639
2408:460886798,2026/03/06 08:01:26.798,68.79800000000978,2408:460886800,True,68.79999999998836,-2297798.65,2,0.7150193493885323,1.5,True,True,RATIO_FAILED,7,1.49,1,2,0,1,0,0,0,0,,331690
2408:460886998,2026/03/06 08:01:26.998,68.99800000002142,2408:460887000,True,69.0,-2297791.067,2,0.4296671967930528,2.1,True,True,RATIO_FAILED,10,2.05,2,1,0,1,0,0,0,0,,333727
2408:460887198,2026/03/06 08:01:27.198,69.19799999997485,2408:460887200,True,69.20000000001164,-2297786.873,2,0.5912677058659639,2.6,True,True,RATIO_FAILED,10,2.65,1,2,0,1,0,0,0,0,,335788
2408:460887398,2026/03/06 08:01:27.398,69.3979999999865,2408:460887400,True,69.40000000002328,-2297782.277,2,0.6191198510789329,2.6,True,True,RATIO_FAILED,10,2.58,1,2,0,1,0,0,0,0,,337850
2408:460887598,2026/03/06 08:01:27.598,69.59799999999814,2408:460887600,True,69.59999999997672,-2297779.058,2,0.4301417092075587,2.4,True,True,RATIO_FAILED,8,2.41,2,1,0,1,0,0,0,0,,339911
2408:460887798,2026/03/06 08:01:27.798,69.79800000000978,2408:460887800,True,69.79999999998836,-2297772.384,2,0.6003369470555681,1.3,True,True,RATIO_FAILED,8,1.34,1,2,0,1,0,0,0,0,,341956
2408:460887998,2026/03/06 08:01:27.998,69.99800000002142,2408:460888000,True,70.0,-2297766.293,2,0.6229264643599596,1.8,True,True,RATIO_FAILED,8,1.83,1,2,0,1,0,0,0,0,,343991
2408:460888198,2026/03/06 08:01:28.198,70.19799999997485,2408:460888200,True,70.20000000001164,-2297760.162,2,0.6449365937826756,2.0,True,True,RATIO_FAILED,8,2.05,1,2,0,1,0,0,0,0,,346024
2408:460888398,2026/03/06 08:01:28.398,70.3979999999865,2408:460888400,True,70.40000000002328,-2297752.305,2,0.6211942852280598,2.0,True,True,RATIO_FAILED,8,2.0,1,2,0,1,0,0,0,0,,348058
2408:460888598,2026/03/06 08:01:28.598,70.59799999999814,2408:460888600,True,70.59999999997672,-2297746.22,2,0.6167593452879332,2.0,True,True,RATIO_FAILED,8,1.97,1,2,0,1,0,0,0,0,,350091
2408:460888798,2026/03/06 08:01:28.798,70.79800000000978,2408:460888800,True,70.79999999998836,-2297740.821,2,0.5845188961872831,1.4,True,True,RATIO_FAILED,7,1.39,1,2,0,1,0,0,0,0,,352126
2408:460888998,2026/03/06 08:01:28.998,70.99800000002142,2408:460889000,True,71.0,-2297737.399,2,0.5504002634447044,1.6,True,True,RATIO_FAILED,7,1.62,1,2,0,1,0,0,0,0,,354164
2408:460889198,2026/03/06 08:01:29.198,71.19799999997485,2408:460889200,True,71.20000000001164,-2297735.079,2,0.607951404307943,1.8,True,True,RATIO_FAILED,7,1.82,1,2,0,1,0,0,0,0,,356203
2408:460889398,2026/03/06 08:01:29.398,71.3979999999865,2408:460889400,True,71.40000000002328,-2297729.753,2,0.5631868872763286,1.8,True,True,RATIO_FAILED,9,1.78,1,2,0,1,0,0,0,0,,358252
2408:460889598,2026/03/06 08:01:29.598,71.59799999999814,2408:460889600,True,71.59999999997672,-2297724.174,2,0.5780157610307871,1.2,True,True,RATIO_FAILED,6,1.24,1,2,0,1,0,0,0,0,,360293
2408:460889798,2026/03/06 08:01:29.798,71.79800000000978,2408:460889800,True,71.79999999998836,-2297718.922,2,0.5799774047322879,1.9,True,True,RATIO_FAILED,9,1.86,1,2,0,1,0,0,0,0,,362318
2408:460889998,2026/03/06 08:01:29.998,71.99800000002142,2408:460890000,True,72.0,-2297712.81,2,0.5874726972379226,2.0,True,True,RATIO_FAILED,9,1.98,1,2,0,1,0,0,0,0,,364379
2408:460890198,2026/03/06 08:01:30.198,72.19799999997485,2408:460890200,True,72.20000000001164,-2297707.087,2,0.6012802092202936,1.4,True,True,RATIO_FAILED,8,1.41,1,2,0,1,0,0,0,0,,366442
2408:460890398,2026/03/06 08:01:30.398,72.3979999999865,2408:460890400,True,72.40000000002328,-2297704.062,2,0.4590834455738957,1.7,True,True,RATIO_FAILED,8,1.7,2,1,0,1,0,0,0,0,,368495
2408:460890598,2026/03/06 08:01:30.598,72.59799999999814,2408:460890600,True,72.59999999997672,-2297699.843,2,0.5775448986875392,1.4,True,True,RATIO_FAILED,7,1.42,1,2,0,1,0,0,0,0,,370550
2408:460890798,2026/03/06 08:01:30.798,72.79800000000978,2408:460890800,True,72.79999999998836,-2297693.873,2,0.6334684522531489,1.2,True,True,RATIO_FAILED,8,1.23,1,2,0,1,0,0,0,0,,372597
2408:460890998,2026/03/06 08:01:30.998,72.99800000002142,2408:460891000,True,73.0,-2297687.997,2,0.4411531026752504,1.7,True,True,RATIO_FAILED,8,1.65,2,1,0,1,0,0,0,0,,374645
2408:460891198,2026/03/06 08:01:31.198,73.19799999997485,2408:460891200,True,73.20000000001164,-2297684.707,2,0.5423347305861943,1.8,True,True,RATIO_FAILED,10,1.77,1,2,0,1,0,0,0,0,,376690
2408:460891398,2026/03/06 08:01:31.398,73.3979999999865,2408:460891400,True,73.40000000002328,-2297680.035,2,0.5314185168019646,2.2,True,True,RATIO_FAILED,9,2.17,1,2,0,1,0,0,0,0,,378752
2408:460891598,2026/03/06 08:01:31.598,73.59799999999814,2408:460891600,True,73.59999999997672,-2297674.35,2,0.5547558021327943,1.7,True,True,RATIO_FAILED,8,1.7,1,2,0,1,0,0,0,0,,380805
2408:460891798,2026/03/06 08:01:31.798,73.79800000000978,2408:460891800,True,73.79999999998836,-2297668.249,2,0.5051245687946687,1.9,True,True,RATIO_FAILED,10,1.87,1,2,0,1,0,0,0,0,,382852
2408:460891998,2026/03/06 08:01:31.998,73.99800000002142,2408:460892000,True,74.0,-2297659.729,2,0.49131238535172306,2.7,True,True,RATIO_FAILED,9,2.72,1,2,0,1,0,0,0,0,,384923
2408:460892198,2026/03/06 08:01:32.198,74.19799999997485,2408:460892200,True,74.20000000001164,-2297652.64,1,0.3389893656149113,3.7,True,True,RATIO_PASS_AND_FIXED_CONDITIONING_SUCCESS,9,3.72,1,2,0,1,1,0,1,0,,386976
2408:460892398,2026/03/06 08:01:32.398,74.3979999999865,2408:460892400,True,74.40000000002328,-2297646.953,2,0.5282130914697212,2.4,True,True,RATIO_FAILED,11,2.44,1,2,0,1,0,0,0,0,,389123
2408:460892598,2026/03/06 08:01:32.598,74.59799999999814,2408:460892600,True,74.59999999997672,-2297640.094,1,0.35243444780554584,3.9,True,True,RATIO_PASS_AND_FIXED_CONDITIONING_SUCCESS,10,3.86,1,2,0,1,1,0,0,0,,391189
2408:460892798,2026/03/06 08:01:32.798,74.79800000000978,2408:460892800,True,74.79999999998836,-2297635.219,1,0.34946626446625717,4.8,True,True,RATIO_PASS_AND_FIXED_CONDITIONING_SUCCESS,10,4.77,1,2,0,1,1,0,0,0,,393323
2408:460892998,2026/03/06 08:01:32.998,74.99800000002142,2408:460893000,True,75.0,-2297628.871,1,0.3416161149594673,3.4,True,True,RATIO_PASS_AND_FIXED_CONDITIONING_SUCCESS,9,3.39,1,2,0,1,1,0,0,0,,395457
2408:460893198,2026/03/06 08:01:33.198,75.19799999997485,2408:460893200,True,75.20000000001164,-2297624.663,1,0.37378121943190246,6.2,True,True,RATIO_PASS_AND_FIXED_CONDITIONING_SUCCESS,8,6.24,1,2,0,1,1,0,0,0,,397583
2408:460893398,2026/03/06 08:01:33.398,75.3979999999865,2408:460893400,True,75.40000000002328,-2297618.511,2,0.5663055888828928,1.5,True,True,RATIO_FAILED,5,1.52,1,2,0,1,0,0,0,0,,399654
2408:460893598,2026/03/06 08:01:33.598,75.59799999999814,2408:460893600,True,75.59999999997672,-2297610.13,1,0.368524449663791,4.2,True,True,RATIO_PASS_AND_FIXED_CONDITIONING_SUCCESS,8,4.2,1,2,0,1,1,0,0,0,,401612
2408:460893798,2026/03/06 08:01:33.798,75.79800000000978,2408:460893800,True,75.79999999998836,-2297604.881,2,0.5904012533862034,1.2,True,True,RATIO_FAILED,7,1.17,1,2,0,1,0,0,0,0,,403731
2408:460893998,2026/03/06 08:01:33.998,75.99800000002142,2408:460894000,True,76.0,-2297603.853,2,0.565405394385303,1.1,True,True,RATIO_FAILED,5,1.11,1,2,0,1,0,0,0,0,,405751
2408:460894198,2026/03/06 08:01:34.198,76.19799999997485,2408:460894200,True,76.20000000001164,-2297598.783,2,0.42102391856045424,1.2,True,True,RATIO_FAILED,6,1.16,2,1,0,1,0,0,0,0,,407756
2408:460894398,2026/03/06 08:01:34.398,76.3979999999865,2408:460894400,True,76.40000000002328,-2297594.334,2,0.45603310186871304,1.1,True,True,RATIO_FAILED,4,1.08,1,2,0,1,0,0,0,0,,409780
2408:460894598,2026/03/06 08:01:34.598,76.59799999999814,2408:460894600,True,76.59999999997672,-2297591.061,1,0.3341897066038989,4.8,True,True,RATIO_PASS_AND_FIXED_CONDITIONING_SUCCESS,9,4.85,1,2,0,1,1,0,0,0,,411790
2408:460894798,2026/03/06 08:01:34.798,76.79800000000978,2408:460894800,True,76.79999999998836,-2297588.275,1,0.32770488247812235,3.9,True,True,RATIO_PASS_AND_FIXED_CONDITIONING_SUCCESS,9,3.94,1,2,0,1,1,0,0,0,,413920
2408:460894998,2026/03/06 08:01:34.998,76.99800000002142,2408:460895000,True,77.0,-2297583.295,1,0.34521445508553084,4.8,True,True,RATIO_PASS_AND_FIXED_CONDITIONING_SUCCESS,8,4.83,1,2,0,1,1,0,0,0,,416049
2408:460895198,2026/03/06 08:01:35.198,77.19799999997485,2408:460895200,True,77.20000000001164,-2297577.915,1,0.3754047548979634,4.9,True,True,RATIO_PASS_AND_FIXED_CONDITIONING_SUCCESS,8,4.9,1,2,0,1,1,0,0,0,,418168
2408:460895398,2026/03/06 08:01:35.398,77.3979999999865,2408:460895400,True,77.40000000002328,-2297574.646,1,0.3780207798521134,5.1,True,True,RATIO_PASS_AND_FIXED_CONDITIONING_SUCCESS,8,5.13,1,2,0,1,1,0,1,0,,420330
2408:460895598,2026/03/06 08:01:35.598,77.59799999999814,2408:460895600,True,77.59999999997672,-2297568.967,1,0.3277769668539875,4.5,True,True,RATIO_PASS_AND_FIXED_CONDITIONING_SUCCESS,6,4.48,1,2,0,1,1,0,1,0,,422505
2408:460895798,2026/03/06 08:01:35.798,77.79800000000978,2408:460895800,True,77.79999999998836,-2297561.231,1,0.36367561095019835,3.9,True,True,RATIO_PASS_AND_FIXED_CONDITIONING_SUCCESS,6,3.93,1,2,0,1,1,0,1,0,,424674
2408:460895998,2026/03/06 08:01:35.998,77.99800000002142,2408:460896000,True,78.0,-2297555.239,2,0.618097815883538,1.6,True,True,RATIO_FAILED,4,1.6,1,2,0,1,0,0,0,0,,426841
2408:460896198,2026/03/06 08:01:36.198,78.19799999997485,2408:460896200,True,78.20000000001164,-2297547.235,1,0.2637851587940459,4.2,True,True,RATIO_PASS_AND_FIXED_CONDITIONING_SUCCESS,6,4.17,1,2,0,1,1,0,2,1,,428899
2408:460896398,2026/03/06 08:01:36.398,78.3979999999865,2408:460896400,True,78.40000000002328,-2297540.614,1,0.2813821955987976,4.5,True,True,RATIO_PASS_AND_FIXED_CONDITIONING_SUCCESS,6,4.46,1,2,0,1,1,0,2,1,,431066
2408:460896598,2026/03/06 08:01:36.598,78.59799999999814,2408:460896600,True,78.59999999997672,-2297535.551,2,0.6999243530553856,1.3,True,True,RATIO_FAILED,5,1.33,1,2,0,1,0,0,0,0,,433232
2408:460896798,2026/03/06 08:01:36.798,78.79800000000978,2408:460896800,True,78.79999999998836,-2297527.353,2,0.6737024120485245,1.1,True,True,RATIO_FAILED,7,1.11,1,2,0,1,0,0,0,0,,435298
2408:460896998,2026/03/06 08:01:36.998,78.99800000002142,2408:460897000,True,79.0,-2297520.757,2,0.41984117234973517,2.1,True,True,RATIO_FAILED,6,2.14,2,1,0,1,0,0,0,0,,437375
2408:460897198,2026/03/06 08:01:37.198,79.19799999997485,2408:460897200,True,79.20000000001164,-2297513.851,2,0.5141737644026579,2.4,True,True,RATIO_FAILED,6,2.36,1,2,0,1,0,0,0,0,,439443
2408:460897398,2026/03/06 08:01:37.398,79.3979999999865,2408:460897400,True,79.40000000002328,-2297511.462,1,0.3810829568479809,4.2,True,True,RATIO_PASS_AND_FIXED_CONDITIONING_SUCCESS,6,4.18,1,2,0,1,1,0,0,0,,441511
2408:460897598,2026/03/06 08:01:37.598,79.59799999999814,2408:460897600,True,79.59999999997672,-2297505.961,1,0.44134007295961697,3.3,True,True,RATIO_PASS_AND_FIXED_CONDITIONING_SUCCESS,4,3.27,1,2,0,1,1,0,1,1,,443665
2408:460897798,2026/03/06 08:01:37.798,79.79800000000978,2408:460897800,True,79.79999999998836,-2297498.161,1,0.47447613217105034,5.6,True,True,RATIO_PASS_AND_FIXED_CONDITIONING_SUCCESS,5,5.64,1,2,0,1,1,0,1,1,,445788
2408:460897998,2026/03/06 08:01:37.998,79.99800000002142,2408:460898000,True,80.0,-2297490.995,1,0.36632955108754195,6.1,True,True,RATIO_PASS_AND_FIXED_CONDITIONING_SUCCESS,4,6.06,1,2,0,1,1,0,0,0,,447921
2408:460898198,2026/03/06 08:01:38.198,80.19799999997485,2408:460898200,True,80.20000000001164,-2297484.305,1,0.3065871164938279,3.5,True,True,RATIO_PASS_AND_FIXED_CONDITIONING_SUCCESS,5,3.49,1,2,0,1,1,0,1,1,,450055
2408:460898398,2026/03/06 08:01:38.398,80.3979999999865,2408:460898400,True,80.40000000002328,-2297477.989,2,0.6858157478506891,1.1,True,True,RATIO_FAILED,5,1.07,1,2,0,1,0,0,0,0,,452199
2408:460898598,2026/03/06 08:01:38.598,80.59799999999814,2408:460898600,True,80.59999999997672,-2297470.01,2,0.506641579422771,1.1,True,True,RATIO_FAILED,4,1.07,1,2,0,1,0,0,0,0,,454250
2408:460898798,2026/03/06 08:01:38.798,80.79800000000978,2408:460898800,True,80.79999999998836,-2297462.56,1,0.23777531410977046,5.0,True,True,RATIO_PASS_AND_FIXED_CONDITIONING_SUCCESS,4,5.03,1,2,0,1,1,0,1,1,,456301
2408:460898998,2026/03/06 08:01:38.998,80.99800000002142,2408:460899000,True,81.0,-2297456.415,2,0.4883282195409149,1.0,True,True,RATIO_FAILED,4,1.03,1,2,0,1,0,0,0,0,,458436
2408:460899198,2026/03/06 08:01:39.198,81.19799999997485,2408:460899200,True,81.20000000001164,-2297450.641,1,0.36942076281660186,4.6,True,True,RATIO_PASS_AND_FIXED_CONDITIONING_SUCCESS,4,4.64,1,2,0,1,1,0,0,0,,460482
2408:460899398,2026/03/06 08:01:39.398,81.3979999999865,2408:460899400,True,81.40000000002328,-2297444.462,1,0.3847481383970558,5.0,True,True,RATIO_PASS_AND_FIXED_CONDITIONING_SUCCESS,4,5.03,2,1,0,1,1,0,0,0,,462609
2408:460899598,2026/03/06 08:01:39.598,81.59799999999814,2408:460899600,True,81.59999999997672,-2297443.596,2,0.8098938757639793,1.2,True,True,RATIO_FAILED,3,1.24,2,1,0,1,0,0,0,0,,464645
2408:460899798,2026/03/06 08:01:39.798,81.79800000000978,2408:460899800,True,81.79999999998836,-2297437.356,1,0.3199832495615981,3.9,True,True,RATIO_PASS_AND_FIXED_CONDITIONING_SUCCESS,4,3.87,2,1,0,1,1,0,0,0,,466589
2408:460899998,2026/03/06 08:01:39.998,81.99800000002142,2408:460900000,True,82.0,-2297444.759,1,0.707747956549505,4.9,True,True,RATIO_PASS_AND_FIXED_CONDITIONING_SUCCESS,4,4.87,2,1,0,1,1,0,1,1,,468577
2408:460900198,2026/03/06 08:01:40.198,82.19799999997485,2408:460900200,True,82.20000000001164,-2297428.064,1,0.4529953752523308,3.1,True,True,RATIO_PASS_AND_FIXED_CONDITIONING_SUCCESS,4,3.14,1,2,0,1,1,0,1,1,,470517
2408:460900398,2026/03/06 08:01:40.398,82.3979999999865,2408:460900400,True,82.40000000002328,-2297422.457,1,0.27062176556958606,3.4,True,True,RATIO_PASS_AND_FIXED_CONDITIONING_SUCCESS,4,3.39,1,2,0,1,1,0,1,1,,472465
2408:460900598,2026/03/06 08:01:40.598,82.59799999999814,2408:460900600,True,82.59999999997672,-2297415.719,1,0.3462670790011664,4.0,True,True,RATIO_PASS_AND_FIXED_CONDITIONING_SUCCESS,6,4.02,1,2,0,1,1,0,0,0,,474412
2408:460900798,2026/03/06 08:01:40.798,82.79800000000978,2408:460900800,True,82.79999999998836,-2297414.138,1,0.40026145205352964,3.9,True,True,RATIO_PASS_AND_FIXED_CONDITIONING_SUCCESS,5,3.94,1,2,0,1,1,0,1,1,,476378
2408:460900998,2026/03/06 08:01:40.998,82.99800000002142,2408:460901000,True,83.0,-2297408.975,1,0.3576606352396081,3.2,True,True,RATIO_PASS_AND_FIXED_CONDITIONING_SUCCESS,5,3.18,1,2,0,1,1,0,0,0,,478324
2408:460901198,2026/03/06 08:01:41.198,83.19799999997485,2408:460901200,True,83.20000000001164,-2297400.325,2,0.6945859917965521,1.7,True,True,RATIO_FAILED,6,1.72,1,2,0,1,0,0,0,0,,480268
2408:460901398,2026/03/06 08:01:41.398,83.3979999999865,2408:460901400,True,83.40000000002328,-2297392.847,1,0.5628979037090118,12.7,True,True,RATIO_PASS_AND_FIXED_CONDITIONING_SUCCESS,4,12.67,1,2,0,1,1,0,1,1,,482140
2408:460901598,2026/03/06 08:01:41.598,83.59799999999814,2408:460901600,True,83.59999999997672,-2297386.077,1,0.6780708001381567,13.6,True,True,RATIO_PASS_AND_FIXED_CONDITIONING_SUCCESS,4,13.55,1,2,0,1,1,0,1,1,,484123
2408:460901798,2026/03/06 08:01:41.798,83.79800000000978,2408:460901800,True,83.79999999998836,-2297378.723,2,0.4768855418231926,1.7,True,True,RATIO_FAILED,5,1.7,2,1,0,1,0,0,0,0,,486108
2408:460901998,2026/03/06 08:01:41.998,83.99800000002142,2408:460902000,True,84.0,-2297376.051,2,0.40651122985718363,1.1,True,True,RATIO_FAILED,7,1.06,1,2,0,1,0,0,0,0,,487976
2408:460902198,2026/03/06 08:01:42.198,84.19799999997485,2408:460902200,True,84.20000000001164,-2297367.284,2,0.44618591416583286,1.2,True,True,RATIO_FAILED,5,1.22,1,2,0,1,0,0,0,0,,489860
2408:460902398,2026/03/06 08:01:42.398,84.3979999999865,2408:460902400,True,84.40000000002328,-2297360.781,2,0.4940530943127469,1.5,True,True,RATIO_FAILED,5,1.52,1,2,0,1,0,0,0,0,,491739
2408:460902598,2026/03/06 08:01:42.598,84.59799999999814,2408:460902600,True,84.59999999997672,-2297353.151,2,0.457637356429739,1.0,True,True,RATIO_FAILED,5,1.01,1,2,0,1,0,0,0,0,,493607
2408:460902798,2026/03/06 08:01:42.798,84.79800000000978,2408:460902800,True,84.79999999998836,-2297343.528,2,0.46833477342601837,1.2,True,True,RATIO_FAILED,5,1.16,1,2,0,1,0,0,0,0,,495474
2408:460902998,2026/03/06 08:01:42.998,84.99800000002142,2408:460903000,True,85.0,-2297338.467,2,0.9194775744954305,1.2,True,True,RATIO_FAILED,5,1.18,1,2,0,1,0,0,0,0,,497296
2408:460903198,2026/03/06 08:01:43.198,85.19799999997485,2408:460903200,True,85.20000000001164,-2297334.807,2,0.41726281885641336,2.7,True,True,RATIO_FAILED,4,2.68,1,2,0,1,0,0,0,0,,499118
2408:460903398,2026/03/06 08:01:43.398,85.3979999999865,2408:460903400,True,85.40000000002328,-2297332.281,2,0.4191590390293402,2.8,True,True,RATIO_FAILED,6,2.76,1,2,0,1,0,0,0,0,,500935
2408:460903598,2026/03/06 08:01:43.598,85.59799999999814,2408:460903600,True,85.59999999997672,-2297329.564,1,0.4617105803422746,6.5,True,True,RATIO_PASS_AND_FIXED_CONDITIONING_SUCCESS,5,6.54,1,2,0,1,1,0,1,1,,502766
2408:460903798,2026/03/06 08:01:43.798,85.79800000000978,2408:460903800,True,85.79999999998836,-2297325.433,1,0.32934000668002666,3.4,True,True,RATIO_PASS_AND_FIXED_CONDITIONING_SUCCESS,7,3.41,1,2,0,1,1,0,0,0,,504669
2408:460903998,2026/03/06 08:01:43.998,85.99800000002142,2408:460904000,True,86.0,-2297320.723,2,0.5860270642214402,2.3,True,True,RATIO_FAILED,5,2.31,1,2,0,1,0,0,0,0,,506591
2408:460904198,2026/03/06 08:01:44.198,86.19799999997485,2408:460904200,True,86.20000000001164,-2297314.347,1,0.5276551525380947,3.0,True,True,RATIO_PASS_AND_FIXED_CONDITIONING_SUCCESS,5,3.02,1,2,0,1,1,0,1,1,,508402
2408:460904398,2026/03/06 08:01:44.398,86.3979999999865,2408:460904400,True,86.40000000002328,-2297306.155,1,0.6018725778767463,3.9,True,True,RATIO_PASS_AND_FIXED_CONDITIONING_SUCCESS,5,3.94,1,2,0,1,1,0,1,1,,510294
2408:460904598,2026/03/06 08:01:44.598,86.59799999999814,,False,,,,,,True,False,NOT_ATTEMPTED,,,1,2,0,1,0,0,0,0,,512187
2408:460904798,2026/03/06 08:01:44.798,86.79800000000978,2408:460904800,True,86.79999999998836,-2297293.651,2,0.6698807879018475,1.8,True,True,RATIO_FAILED,4,1.8,1,2,0,1,0,0,0,0,,513940
2408:460904998,2026/03/06 08:01:44.998,86.99800000002142,,False,,,,,,False,False,NOT_ATTEMPTED,,,0,0,0,0,0,0,0,0,base station position error,515709
2408:460905198,2026/03/06 08:01:45.198,87.19799999997485,,False,,,,,,False,False,NOT_ATTEMPTED,,,0,0,0,0,0,0,0,0,base station position error,516624
2408:460905398,2026/03/06 08:01:45.398,87.3979999999865,,False,,,,,,False,False,NOT_ATTEMPTED,,,0,0,0,0,0,0,0,0,base station position error,517539
2408:460905598,2026/03/06 08:01:45.598,87.59799999999814,,False,,,,,,False,False,NOT_ATTEMPTED,,,0,0,0,0,0,0,0,0,base station position error,518444
2408:460905798,2026/03/06 08:01:45.798,87.79800000000978,,False,,,,,,False,False,NOT_ATTEMPTED,,,0,0,0,0,0,0,0,0,base station position error,519349
2408:460905998,2026/03/06 08:01:45.998,87.99800000002142,,False,,,,,,False,False,NOT_ATTEMPTED,,,0,0,0,0,0,0,0,0,base station position error,520254
2408:460906198,2026/03/06 08:01:46.198,88.19799999997485,,False,,,,,,False,False,NOT_ATTEMPTED,,,0,0,0,0,0,0,0,0,base station position error,521159
2408:460906398,2026/03/06 08:01:46.398,88.3979999999865,,False,,,,,,False,False,NOT_ATTEMPTED,,,0,0,0,0,0,0,0,0,point pos error,522064
2408:460906598,2026/03/06 08:01:46.598,88.59799999999814,,False,,,,,,False,False,NOT_ATTEMPTED,,,0,0,0,0,0,0,0,0,point pos error,522525
2408:460906798,2026/03/06 08:01:46.798,88.79800000000978,,False,,,,,,False,False,NOT_ATTEMPTED,,,0,0,0,0,0,0,0,0,base station position error,522986
2408:460906998,2026/03/06 08:01:46.998,88.99800000002142,,False,,,,,,False,False,NOT_ATTEMPTED,,,0,0,0,0,0,0,0,0,base station position error,523891
2408:460907198,2026/03/06 08:01:47.198,89.19799999997485,,False,,,,,,False,False,NOT_ATTEMPTED,,,0,0,0,0,0,0,0,0,point pos error,524796
2408:460907398,2026/03/06 08:01:47.398,89.3979999999865,,False,,,,,,False,False,NOT_ATTEMPTED,,,0,0,0,0,0,0,0,0,point pos error,525242
2408:460907598,2026/03/06 08:01:47.598,89.59799999999814,,False,,,,,,False,False,NOT_ATTEMPTED,,,0,0,0,0,0,0,0,0,point pos error,525688
2408:460907798,2026/03/06 08:01:47.798,89.79800000000978,,False,,,,,,False,False,NOT_ATTEMPTED,,,0,0,0,0,0,0,0,0,point pos error,526134
2408:460907998,2026/03/06 08:01:47.998,89.99800000002142,,False,,,,,,False,False,NOT_ATTEMPTED,,,0,0,0,0,0,0,0,0,point pos error,526580
2408:460908198,2026/03/06 08:01:48.198,90.19799999997485,,False,,,,,,False,False,NOT_ATTEMPTED,,,0,0,0,0,0,0,0,0,base station position error,527026
2408:460908398,2026/03/06 08:01:48.398,90.3979999999865,,False,,,,,,False,False,NOT_ATTEMPTED,,,0,0,0,0,0,0,0,0,base station position error,527931
2408:460908598,2026/03/06 08:01:48.598,90.59799999999814,,False,,,,,,False,False,NOT_ATTEMPTED,,,0,0,0,0,0,0,0,0,base station position error,528836
2408:460908798,2026/03/06 08:01:48.798,90.79800000000978,,False,,,,,,False,False,NOT_ATTEMPTED,,,0,0,0,0,0,0,0,0,base station position error,529741
2408:460908998,2026/03/06 08:01:48.998,90.99800000002142,,False,,,,,,False,False,NOT_ATTEMPTED,,,0,0,0,0,0,0,0,0,base station position error,530646
2408:460909198,2026/03/06 08:01:49.198,91.19799999997485,,False,,,,,,False,False,NOT_ATTEMPTED,,,0,0,0,0,0,0,0,0,base station position error,531551
2408:460909398,2026/03/06 08:01:49.398,91.3979999999865,,False,,,,,,False,False,NOT_ATTEMPTED,,,0,0,0,0,0,0,0,0,base station position error,532441
2408:460909598,2026/03/06 08:01:49.598,91.59799999999814,,False,,,,,,False,False,NOT_ATTEMPTED,,,0,0,0,0,0,0,0,0,point pos error,533331
2408:460909798,2026/03/06 08:01:49.798,91.79800000000978,,False,,,,,,False,False,NOT_ATTEMPTED,,,0,0,0,0,0,0,0,0,point pos error,533777
2408:460909998,2026/03/06 08:01:49.998,91.99800000002142,,False,,,,,,False,False,NOT_ATTEMPTED,,,0,0,0,0,0,0,0,0,point pos error,534245
2408:460910198,2026/03/06 08:01:50.198,92.19799999997485,,False,,,,,,False,False,NOT_ATTEMPTED,,,0,0,0,0,0,0,0,0,point pos error,534713
2408:460910398,2026/03/06 08:01:50.398,92.3979999999865,,False,,,,,,False,False,NOT_ATTEMPTED,,,0,0,0,0,0,0,0,0,point pos error,535181
2408:460910598,2026/03/06 08:01:50.598,92.59799999999814,,False,,,,,,False,False,NOT_ATTEMPTED,,,0,0,0,0,0,0,0,0,base station position error,535627
2408:460910798,2026/03/06 08:01:50.798,92.79800000000978,,False,,,,,,False,False,NOT_ATTEMPTED,,,0,0,0,0,0,0,0,0,base station position error,536517
2408:460910998,2026/03/06 08:01:50.998,92.99800000002142,,False,,,,,,False,False,NOT_ATTEMPTED,,,0,0,0,0,0,0,0,0,base station position error,537407
2408:460911198,2026/03/06 08:01:51.198,93.19799999997485,,False,,,,,,False,False,NOT_ATTEMPTED,,,0,0,0,0,0,0,0,0,base station position error,538297
2408:460911398,2026/03/06 08:01:51.398,93.3979999999865,,False,,,,,,False,False,NOT_ATTEMPTED,,,0,0,0,0,0,0,0,0,point pos error,539187
2408:460911598,2026/03/06 08:01:51.598,93.59799999999814,,False,,,,,,False,False,NOT_ATTEMPTED,,,0,0,0,0,0,0,0,0,point pos error,539611
2408:460911798,2026/03/06 08:01:51.798,93.79800000000978,,False,,,,,,False,False,NOT_ATTEMPTED,,,0,0,0,0,0,0,0,0,point pos error,540035
2408:460911998,2026/03/06 08:01:51.998,93.99800000002142,,False,,,,,,False,False,NOT_ATTEMPTED,,,0,0,0,0,0,0,0,0,point pos error,540452
2408:460912198,2026/03/06 08:01:52.198,94.19799999997485,,False,,,,,,False,False,NOT_ATTEMPTED,,,0,0,0,0,0,0,0,0,base station position error,540876
2408:460912398,2026/03/06 08:01:52.398,94.3979999999865,,False,,,,,,False,False,NOT_ATTEMPTED,,,0,0,0,0,0,0,0,0,base station position error,541743
2408:460912598,2026/03/06 08:01:52.598,94.59799999999814,,False,,,,,,False,False,NOT_ATTEMPTED,,,0,0,0,0,0,0,0,0,base station position error,542610
2408:460912798,2026/03/06 08:01:52.798,94.79800000000978,,False,,,,,,False,False,NOT_ATTEMPTED,,,0,0,0,0,0,0,0,0,point pos error,543471
2408:460912998,2026/03/06 08:01:52.998,94.99800000002142,,False,,,,,,False,False,NOT_ATTEMPTED,,,0,0,0,0,0,0,0,0,base station position error,543888
2408:460913198,2026/03/06 08:01:53.198,95.19799999997485,,False,,,,,,False,False,NOT_ATTEMPTED,,,0,0,0,0,0,0,0,0,base station position error,544749
2408:460913398,2026/03/06 08:01:53.398,95.3979999999865,,False,,,,,,False,False,NOT_ATTEMPTED,,,0,0,0,0,0,0,0,0,base station position error,545610
2408:460913598,2026/03/06 08:01:53.598,95.59799999999814,,False,,,,,,False,False,NOT_ATTEMPTED,,,0,0,0,0,0,0,0,0,point pos error,546471
2408:460913798,2026/03/06 08:01:53.798,95.79800000000978,,False,,,,,,False,False,NOT_ATTEMPTED,,,0,0,0,0,0,0,0,0,point pos error,546888
2408:460913998,2026/03/06 08:01:53.998,95.99800000002142,,False,,,,,,False,False,NOT_ATTEMPTED,,,0,0,0,0,0,0,0,0,point pos error,547305
2408:460914198,2026/03/06 08:01:54.198,96.19799999997485,,False,,,,,,False,False,NOT_ATTEMPTED,,,0,0,0,0,0,0,0,0,base station position error,547722
2408:460914398,2026/03/06 08:01:54.398,96.3979999999865,,False,,,,,,False,False,NOT_ATTEMPTED,,,0,0,0,0,0,0,0,0,base station position error,548583
2408:460914598,2026/03/06 08:01:54.598,96.59799999999814,,False,,,,,,False,False,NOT_ATTEMPTED,,,0,0,0,0,0,0,0,0,base station position error,549444
2408:460914798,2026/03/06 08:01:54.798,96.79800000000978,2408:460914800,True,96.79999999998836,-2297049.668,1,0.3240597630067639,5.5,True,True,RATIO_PASS_AND_FIXED_CONDITIONING_SUCCESS,6,5.5,1,2,0,1,1,0,0,0,,550333
2408:460914998,2026/03/06 08:01:54.998,96.99800000002142,2408:460915000,True,97.0,-2297042.863,2,0.34203552447077773,1.4,True,True,RATIO_FAILED,7,1.43,1,2,0,1,0,0,0,0,,552054
2408:460915198,2026/03/06 08:01:55.198,97.19799999997485,2408:460915200,True,97.20000000001164,-2297036.483,2,0.44580729020508403,2.8,True,True,RATIO_FAILED,8,2.84,1,2,0,1,0,0,0,0,,553708
2408:460915398,2026/03/06 08:01:55.398,97.3979999999865,2408:460915400,True,97.40000000002328,-2297031.121,2,0.619560941312475,2.8,True,True,RATIO_FAILED,8,2.79,1,2,0,1,0,0,0,0,,555368
2408:460915598,2026/03/06 08:01:55.598,97.59799999999814,,False,,,,,,False,False,NOT_ATTEMPTED,,,0,0,0,0,0,0,0,0,point pos error,557029
2408:460915798,2026/03/06 08:01:55.798,97.79800000000978,,False,,,,,,False,False,NOT_ATTEMPTED,,,0,0,0,0,0,0,0,0,point pos error,557452
2408:460915998,2026/03/06 08:01:55.998,97.99800000002142,,False,,,,,,False,False,NOT_ATTEMPTED,,,0,0,0,0,0,0,0,0,point pos error,557869
2408:460916198,2026/03/06 08:01:56.198,98.19799999997485,,False,,,,,,False,False,NOT_ATTEMPTED,,,0,0,0,0,0,0,0,0,base station position error,558286
2408:460916398,2026/03/06 08:01:56.398,98.3979999999865,,False,,,,,,False,False,NOT_ATTEMPTED,,,0,0,0,0,0,0,0,0,base station position error,559147
2408:460916598,2026/03/06 08:01:56.598,98.59799999999814,,False,,,,,,False,False,NOT_ATTEMPTED,,,0,0,0,0,0,0,0,0,base station position error,560008
2408:460916798,2026/03/06 08:01:56.798,98.79800000000978,,False,,,,,,False,False,NOT_ATTEMPTED,,,0,0,0,0,0,0,0,0,base station position error,560869
2408:460916998,2026/03/06 08:01:56.998,98.99800000002142,,False,,,,,,False,False,NOT_ATTEMPTED,,,0,0,0,0,0,0,0,0,base station position error,561730
2408:460917198,2026/03/06 08:01:57.198,99.19799999997485,,False,,,,,,False,False,NOT_ATTEMPTED,,,0,0,0,0,0,0,0,0,base station position error,562598
2408:460917398,2026/03/06 08:01:57.398,99.3979999999865,,False,,,,,,False,False,NOT_ATTEMPTED,,,0,0,0,0,0,0,0,0,base station position error,563466
2408:460917598,2026/03/06 08:01:57.598,99.59799999999814,,False,,,,,,False,False,NOT_ATTEMPTED,,,0,0,0,0,0,0,0,0,base station position error,564334
2408:460917798,2026/03/06 08:01:57.798,99.79800000000978,,False,,,,,,False,False,NOT_ATTEMPTED,,,0,0,0,0,0,0,0,0,point pos error,565202
2408:460917998,2026/03/06 08:01:57.998,99.99800000002142,,False,,,,,,False,False,NOT_ATTEMPTED,,,0,0,0,0,0,0,0,0,point pos error,565626
2408:460918198,2026/03/06 08:01:58.198,100.19799999997485,,False,,,,,,False,False,NOT_ATTEMPTED,,,0,0,0,0,0,0,0,0,base station position error,566050
2408:460918398,2026/03/06 08:01:58.398,100.3979999999865,,False,,,,,,False,False,NOT_ATTEMPTED,,,0,0,0,0,0,0,0,0,base station position error,566918
2408:460918598,2026/03/06 08:01:58.598,100.59799999999814,,False,,,,,,False,False,NOT_ATTEMPTED,,,0,0,0,0,0,0,0,0,base station position error,567786
2408:460918798,2026/03/06 08:01:58.798,100.79800000000978,,False,,,,,,False,False,NOT_ATTEMPTED,,,0,0,0,0,0,0,0,0,base station position error,568660
2408:460918998,2026/03/06 08:01:58.998,100.99800000002142,,False,,,,,,False,False,NOT_ATTEMPTED,,,0,0,0,0,0,0,0,0,base station position error,569528
2408:460919198,2026/03/06 08:01:59.198,101.19799999997485,,False,,,,,,False,False,NOT_ATTEMPTED,,,0,0,0,0,0,0,0,0,base station position error,570396
2408:460919398,2026/03/06 08:01:59.398,101.3979999999865,,False,,,,,,False,False,NOT_ATTEMPTED,,,0,0,0,0,0,0,0,0,base station position error,571257
2408:460919598,2026/03/06 08:01:59.598,101.59799999999814,,False,,,,,,False,False,NOT_ATTEMPTED,,,0,0,0,0,0,0,0,0,point pos error,572118
2408:460919798,2026/03/06 08:01:59.798,101.79800000000978,,False,,,,,,False,False,NOT_ATTEMPTED,,,0,0,0,0,0,0,0,0,point pos error,572535
2408:460919998,2026/03/06 08:01:59.998,101.99800000002142,,False,,,,,,False,False,NOT_ATTEMPTED,,,0,0,0,0,0,0,0,0,point pos error,572952
2408:460920198,2026/03/06 08:02:00.198,102.19799999997485,,False,,,,,,False,False,NOT_ATTEMPTED,,,0,0,0,0,0,0,0,0,base station position error,573369
2408:460920398,2026/03/06 08:02:00.398,102.3979999999865,,False,,,,,,False,False,NOT_ATTEMPTED,,,0,0,0,0,0,0,0,0,base station position error,574230
2408:460920598,2026/03/06 08:02:00.598,102.59799999999814,,False,,,,,,False,False,NOT_ATTEMPTED,,,0,0,0,0,0,0,0,0,base station position error,575098
2408:460920798,2026/03/06 08:02:00.798,102.79800000000978,,False,,,,,,False,False,NOT_ATTEMPTED,,,0,0,0,0,0,0,0,0,base station position error,575966
2408:460920998,2026/03/06 08:02:00.998,102.99800000002142,,False,,,,,,False,False,NOT_ATTEMPTED,,,0,0,0,0,0,0,0,0,base station position error,576840
2408:460921198,2026/03/06 08:02:01.198,103.19799999997485,,False,,,,,,False,False,NOT_ATTEMPTED,,,0,0,0,0,0,0,0,0,base station position error,577714
2408:460921398,2026/03/06 08:02:01.398,103.3979999999865,,False,,,,,,False,False,NOT_ATTEMPTED,,,0,0,0,0,0,0,0,0,base station position error,578588
2408:460921598,2026/03/06 08:02:01.598,103.59799999999814,,False,,,,,,False,False,NOT_ATTEMPTED,,,0,0,0,0,0,0,0,0,point pos error,579462
2408:460921798,2026/03/06 08:02:01.798,103.79800000000978,,False,,,,,,False,False,NOT_ATTEMPTED,,,0,0,0,0,0,0,0,0,point pos error,579887
2408:460921998,2026/03/06 08:02:01.998,103.99800000002142,,False,,,,,,False,False,NOT_ATTEMPTED,,,0,0,0,0,0,0,0,0,point pos error,580312
2408:460922198,2026/03/06 08:02:02.198,104.19799999997485,,False,,,,,,False,False,NOT_ATTEMPTED,,,0,0,0,0,0,0,0,0,base station position error,580737
2408:460922398,2026/03/06 08:02:02.398,104.3979999999865,,False,,,,,,False,False,NOT_ATTEMPTED,,,0,0,0,0,0,0,0,0,base station position error,581611
2408:460922598,2026/03/06 08:02:02.598,104.59799999999814,,False,,,,,,False,False,NOT_ATTEMPTED,,,0,0,0,0,0,0,0,0,base station position error,582485
2408:460922798,2026/03/06 08:02:02.798,104.79800000000978,,False,,,,,,False,False,NOT_ATTEMPTED,,,0,0,0,0,0,0,0,0,base station position error,583353
2408:460922998,2026/03/06 08:02:02.998,104.99800000002142,,False,,,,,,False,False,NOT_ATTEMPTED,,,0,0,0,0,0,0,0,0,base station position error,584221
2408:460923198,2026/03/06 08:02:03.198,105.19799999997485,,False,,,,,,False,False,NOT_ATTEMPTED,,,0,0,0,0,0,0,0,0,base station position error,585089
2408:460923398,2026/03/06 08:02:03.398,105.3979999999865,,False,,,,,,False,False,NOT_ATTEMPTED,,,0,0,0,0,0,0,0,0,base station position error,585957
2408:460923598,2026/03/06 08:02:03.598,105.59799999999814,,False,,,,,,False,False,NOT_ATTEMPTED,,,0,0,0,0,0,0,0,0,base station position error,586825
2408:460923798,2026/03/06 08:02:03.798,105.79800000000978,,False,,,,,,False,False,NOT_ATTEMPTED,,,0,0,0,0,0,0,0,0,base station position error,587693
2408:460923998,2026/03/06 08:02:03.998,105.99800000002142,,False,,,,,,False,False,NOT_ATTEMPTED,,,0,0,0,0,0,0,0,0,point pos error,588561
2408:460924198,2026/03/06 08:02:04.198,106.19799999997485,,False,,,,,,False,False,NOT_ATTEMPTED,,,0,0,0,0,0,0,0,0,point pos error,588985
2408:460924398,2026/03/06 08:02:04.398,106.3979999999865,,False,,,,,,False,False,NOT_ATTEMPTED,,,0,0,0,0,0,0,0,0,point pos error,589408
2408:460924598,2026/03/06 08:02:04.598,106.59799999999814,,False,,,,,,False,False,NOT_ATTEMPTED,,,0,0,0,0,0,0,0,0,point pos error,589831
2408:460924798,2026/03/06 08:02:04.798,106.79800000000978,2408:460924800,True,106.79999999998836,-2296773.652,2,1.3321952034142746,2.1,True,True,RATIO_FAILED,3,2.1,1,2,0,1,0,0,0,0,,590253
2408:460924998,2026/03/06 08:02:04.998,106.99800000002142,2408:460925000,True,107.0,-2296768.874,1,0.3064743708697352,5.0,True,True,RATIO_PASS_AND_FIXED_CONDITIONING_SUCCESS,5,5.02,1,2,0,1,1,0,1,1,,591868
2408:460925198,2026/03/06 08:02:05.198,107.19799999997485,2408:460925200,True,107.20000000001164,-2296763.691,1,0.3428359082709978,3.9,True,True,RATIO_PASS_AND_FIXED_CONDITIONING_SUCCESS,3,3.9,1,2,0,1,1,0,0,0,,593586
2408:460925398,2026/03/06 08:02:05.398,107.3979999999865,2408:460925400,True,107.40000000002328,-2296759.628,2,1.673754002235693,1.1,True,True,RATIO_FAILED,6,1.07,1,2,0,1,0,0,0,0,,595283
2408:460925598,2026/03/06 08:02:05.598,107.59799999999814,2408:460925600,True,107.59999999997672,-2296752.762,2,0.3770710940923475,1.1,True,True,RATIO_FAILED,5,1.1,1,2,0,1,0,0,0,0,,596934
2408:460925798,2026/03/06 08:02:05.798,107.79800000000978,,False,,,,,,False,False,NOT_ATTEMPTED,,,0,0,0,0,0,0,0,0,base station position error,598577
2408:460925998,2026/03/06 08:02:05.998,107.99800000002142,,False,,,,,,False,False,NOT_ATTEMPTED,,,0,0,0,0,0,0,0,0,base station position error,599451
2408:460926198,2026/03/06 08:02:06.198,108.19799999997485,2408:460926200,True,108.20000000001164,-2296732.706,2,0.4774163172745565,1.2,True,True,RATIO_FAILED,4,1.22,1,2,0,1,0,0,0,0,,600325
2408:460926398,2026/03/06 08:02:06.398,108.3979999999865,2408:460926400,True,108.40000000002328,-2296726.651,1,0.37023454728050437,4.8,True,True,RATIO_PASS_AND_FIXED_CONDITIONING_SUCCESS,5,4.78,1,2,0,1,1,0,0,0,,601973
2408:460926598,2026/03/06 08:02:06.598,108.59799999999814,2408:460926600,True,108.59999999997672,-2296720.174,1,0.3231819766014188,29.1,True,True,RATIO_PASS_AND_FIXED_CONDITIONING_SUCCESS,4,29.11,1,2,0,1,1,0,0,0,,603703
2408:460926798,2026/03/06 08:02:06.798,108.79800000000978,2408:460926800,True,108.79999999998836,-2296715.006,1,0.3187445528946338,13.0,True,True,RATIO_PASS_AND_FIXED_CONDITIONING_SUCCESS,5,13.01,1,2,0,1,1,0,0,0,,605424
2408:460926998,2026/03/06 08:02:06.998,108.99800000002142,2408:460927000,True,109.0,-2296710.06,1,0.3529756648835724,16.5,True,True,RATIO_PASS_AND_FIXED_CONDITIONING_SUCCESS,6,16.47,1,2,0,1,1,0,0,0,,607153
2408:460927198,2026/03/06 08:02:07.198,109.19799999997485,2408:460927200,True,109.20000000001164,-2296703.48,1,0.3511693181358531,18.2,True,True,RATIO_PASS_AND_FIXED_CONDITIONING_SUCCESS,6,18.19,1,2,0,1,1,0,0,0,,608892
2408:460927398,2026/03/06 08:02:07.398,109.3979999999865,2408:460927400,True,109.40000000002328,-2296698.9,2,0.44166822389662586,2.7,True,True,RATIO_FAILED,6,2.72,1,2,0,1,0,0,0,0,,610623
2408:460927598,2026/03/06 08:02:07.598,109.59799999999814,2408:460927600,True,109.59999999997672,-2296694.322,1,0.31617313295091976,15.4,True,True,RATIO_PASS_AND_FIXED_CONDITIONING_SUCCESS,3,15.4,1,2,0,1,1,0,0,0,,612274
2408:460927798,2026/03/06 08:02:07.798,109.79800000000978,2408:460927800,True,109.79999999998836,-2296687.363,1,0.2853297040267627,18.8,True,True,RATIO_PASS_AND_FIXED_CONDITIONING_SUCCESS,4,18.78,1,2,0,1,1,0,1,1,,613984
2408:460927998,2026/03/06 08:02:07.998,109.99800000002142,2408:460928000,True,110.0,-2296680.485,1,0.3337113123644447,28.8,True,True,RATIO_PASS_AND_FIXED_CONDITIONING_SUCCESS,5,28.76,1,2,0,1,1,0,0,0,,615704
2408:460928198,2026/03/06 08:02:08.198,110.19799999997485,2408:460928200,True,110.20000000001164,-2296675.522,1,0.3438139176938595,15.2,True,True,RATIO_PASS_AND_FIXED_CONDITIONING_SUCCESS,3,15.18,1,2,0,1,1,0,0,0,,617433
2408:460928398,2026/03/06 08:02:08.398,110.3979999999865,2408:460928400,True,110.40000000002328,-2296668.034,1,0.4028459507057257,11.2,True,True,RATIO_PASS_AND_FIXED_CONDITIONING_SUCCESS,3,11.25,1,2,0,1,1,0,1,1,,619142
2408:460928598,2026/03/06 08:02:08.598,110.59799999999814,2408:460928600,True,110.59999999997672,-2296660.523,1,0.3262211826353402,12.3,True,True,RATIO_PASS_AND_FIXED_CONDITIONING_SUCCESS,3,12.28,1,2,0,1,1,0,0,0,,620853
2408:460928798,2026/03/06 08:02:08.798,110.79800000000978,,False,,,,,,False,False,NOT_ATTEMPTED,,,0,0,0,0,0,0,0,0,point pos error,622566
2408:460928998,2026/03/06 08:02:08.998,110.99800000002142,,False,,,,,,False,False,NOT_ATTEMPTED,,,0,0,0,0,0,0,0,0,point pos error,622991
2408:460929198,2026/03/06 08:02:09.198,111.19799999997485,,False,,,,,,False,False,NOT_ATTEMPTED,,,0,0,0,0,0,0,0,0,base station position error,623416
2408:460929398,2026/03/06 08:02:09.398,111.3979999999865,,False,,,,,,False,False,NOT_ATTEMPTED,,,0,0,0,0,0,0,0,0,base station position error,624290
2408:460929598,2026/03/06 08:02:09.598,111.59799999999814,,False,,,,,,False,False,NOT_ATTEMPTED,,,0,0,0,0,0,0,0,0,base station position error,625158
2408:460929798,2026/03/06 08:02:09.798,111.79800000000978,,False,,,,,,False,False,NOT_ATTEMPTED,,,0,0,0,0,0,0,0,0,base station position error,626026
2408:460929998,2026/03/06 08:02:09.998,111.99800000002142,,False,,,,,,False,False,NOT_ATTEMPTED,,,0,0,0,0,0,0,0,0,base station position error,626894
2408:460930198,2026/03/06 08:02:10.198,112.19799999997485,,False,,,,,,False,False,NOT_ATTEMPTED,,,0,0,0,0,0,0,0,0,base station position error,627762
2408:460930398,2026/03/06 08:02:10.398,112.3979999999865,,False,,,,,,False,False,NOT_ATTEMPTED,,,0,0,0,0,0,0,0,0,base station position error,628633
2408:460930598,2026/03/06 08:02:10.598,112.59799999999814,,False,,,,,,False,False,NOT_ATTEMPTED,,,0,0,0,0,0,0,0,0,point pos error,629504
2408:460930798,2026/03/06 08:02:10.798,112.79800000000978,,False,,,,,,False,False,NOT_ATTEMPTED,,,0,0,0,0,0,0,0,0,point pos error,629929
2408:460930998,2026/03/06 08:02:10.998,112.99800000002142,,False,,,,,,False,False,NOT_ATTEMPTED,,,0,0,0,0,0,0,0,0,point pos error,630353
2408:460931198,2026/03/06 08:02:11.198,113.19799999997485,,False,,,,,,False,False,NOT_ATTEMPTED,,,0,0,0,0,0,0,0,0,point pos error,630777
2408:460931398,2026/03/06 08:02:11.398,113.3979999999865,,False,,,,,,False,False,NOT_ATTEMPTED,,,0,0,0,0,0,0,0,0,point pos error,631201
2408:460931598,2026/03/06 08:02:11.598,113.59799999999814,,False,,,,,,False,False,NOT_ATTEMPTED,,,0,0,0,0,0,0,0,0,point pos error,631625
2408:460931798,2026/03/06 08:02:11.798,113.79800000000978,,False,,,,,,False,False,NOT_ATTEMPTED,,,0,0,0,0,0,0,0,0,point pos error,632050
2408:460931998,2026/03/06 08:02:11.998,113.99800000002142,,False,,,,,,False,False,NOT_ATTEMPTED,,,0,0,0,0,0,0,0,0,point pos error,632475
2408:460932198,2026/03/06 08:02:12.198,114.19799999997485,2408:460932200,True,114.20000000001164,-2296562.761,1,0.38554592463155407,6.9,True,True,RATIO_PASS_AND_FIXED_CONDITIONING_SUCCESS,5,6.9,1,2,0,1,1,0,0,0,,632899
2408:460932398,2026/03/06 08:02:12.398,114.3979999999865,2408:460932400,True,114.40000000002328,-2296543.097,1,0.35040473741089745,4.1,True,True,RATIO_PASS_AND_FIXED_CONDITIONING_SUCCESS,3,4.05,1,2,0,1,1,0,0,0,,634617
2408:460932598,2026/03/06 08:02:12.598,114.59799999999814,2408:460932600,True,114.59999999997672,-2296542.722,1,0.45521568514276833,4.0,True,True,RATIO_PASS_AND_FIXED_CONDITIONING_SUCCESS,4,4.0,2,1,0,1,1,0,2,1,,636362
2408:460932798,2026/03/06 08:02:12.798,114.79800000000978,2408:460932800,True,114.79999999998836,-2296538.42,1,0.3432694859727558,3.7,True,True,RATIO_PASS_AND_FIXED_CONDITIONING_SUCCESS,4,3.69,1,2,0,1,1,0,2,0,,638142
2408:460932998,2026/03/06 08:02:12.998,114.99800000002142,2408:460933000,True,115.0,-2296534.01,2,0.5749392576611898,1.2,True,True,RATIO_FAILED,3,1.18,1,2,0,1,0,0,0,0,,639931
2408:460933198,2026/03/06 08:02:13.198,115.19799999997485,2408:460933200,True,115.20000000001164,-2296529.419,2,0.3900560216174082,1.7,True,True,RATIO_FAILED,3,1.68,1,2,0,1,0,0,0,0,,641632
2408:460933398,2026/03/06 08:02:13.398,115.3979999999865,2408:460933400,True,115.40000000002328,-2296523.148,2,0.6525765089244326,1.3,True,True,RATIO_FAILED,3,1.29,1,2,0,1,0,0,0,0,,643335
2408:460933598,2026/03/06 08:02:13.598,115.59799999999814,,False,,,,,,False,False,NOT_ATTEMPTED,,,0,0,0,0,0,0,0,0,point pos error,645035
2408:460933798,2026/03/06 08:02:13.798,115.79800000000978,,False,,,,,,False,False,NOT_ATTEMPTED,,,0,0,0,0,0,0,0,0,point pos error,645481
2408:460933998,2026/03/06 08:02:13.998,115.99800000002142,,False,,,,,,False,False,NOT_ATTEMPTED,,,0,0,0,0,0,0,0,0,point pos error,645927
2408:460934198,2026/03/06 08:02:14.198,116.19799999997485,2408:460934200,True,116.20000000001164,-2296509.688,2,0.6055336571983426,4.2,True,True,RATIO_PASS_AND_FIXED_CONDITIONING_SUCCESS,1,4.23,1,2,0,1,0,0,0,0,,646373
2408:460934398,2026/03/06 08:02:14.398,116.3979999999865,2408:460934400,True,116.40000000002328,-2296507.179,2,0.305747820924369,1.1,True,True,RATIO_FAILED,7,1.07,1,2,0,1,0,0,0,0,,648043
2408:460934598,2026/03/06 08:02:14.598,116.59799999999814,2408:460934600,True,116.59999999997672,-2296503.502,2,0.4601338283586635,1.0,True,True,RATIO_FAILED,6,1.03,1,2,0,1,0,0,0,0,,649753
2408:460934798,2026/03/06 08:02:14.798,116.79800000000978,2408:460934800,True,116.79999999998836,-2296497.92,2,0.3991138434081183,1.2,True,True,RATIO_FAILED,5,1.18,1,2,0,1,0,0,0,0,,651442
2408:460934998,2026/03/06 08:02:14.998,116.99800000002142,2408:460935000,True,117.0,-2296491.57,2,0.3471540868260087,1.6,True,True,RATIO_FAILED,8,1.64,1,2,0,1,0,0,0,0,,653124
2408:460935198,2026/03/06 08:02:15.198,117.19799999997485,2408:460935200,True,117.20000000001164,-2296488.329,2,0.3788864341725631,1.6,True,True,RATIO_FAILED,6,1.65,1,2,0,1,0,0,0,0,,654829
2408:460935398,2026/03/06 08:02:15.398,117.3979999999865,2408:460935400,True,117.40000000002328,-2296478.485,2,0.3601725558673231,2.1,True,True,RATIO_FAILED,7,2.1,1,2,0,1,0,0,0,0,,656520
2408:460935598,2026/03/06 08:02:15.598,117.59799999999814,2408:460935600,True,117.59999999997672,-2296472.247,2,0.3854485828226639,1.3,True,True,RATIO_FAILED,5,1.3,1,2,0,1,0,0,0,0,,658224
2408:460935798,2026/03/06 08:02:15.798,117.79800000000978,,False,,,,,,False,False,NOT_ATTEMPTED,,,0,0,0,0,0,0,0,0,point pos error,659948
2408:460935998,2026/03/06 08:02:15.998,117.99800000002142,,False,,,,,,False,False,NOT_ATTEMPTED,,,0,0,0,0,0,0,0,0,point pos error,660380
2408:460936198,2026/03/06 08:02:16.198,118.19799999997485,2408:460936200,True,118.20000000001164,-2296446.979,2,0.4323610181318385,2.2,True,True,RATIO_FAILED,3,2.17,2,1,0,1,0,0,0,0,,660812
2408:460936398,2026/03/06 08:02:16.398,118.3979999999865,2408:460936400,True,118.40000000002328,-2296448.379,2,0.4148771745950842,1.1,True,True,RATIO_FAILED,5,1.15,1,2,0,1,0,0,0,0,,662462
2408:460936598,2026/03/06 08:02:16.598,118.59799999999814,,False,,,,,,False,False,NOT_ATTEMPTED,,,0,0,0,0,0,0,0,0,point pos error,664129
2408:460936798,2026/03/06 08:02:16.798,118.79800000000978,,False,,,,,,False,False,NOT_ATTEMPTED,,,0,0,0,0,0,0,0,0,point pos error,664562
2408:460936998,2026/03/06 08:02:16.998,118.99800000002142,,False,,,,,,False,False,NOT_ATTEMPTED,,,0,0,0,0,0,0,0,0,point pos error,664995
2408:460937198,2026/03/06 08:02:17.198,119.19799999997485,,False,,,,,,False,False,NOT_ATTEMPTED,,,0,0,0,0,0,0,0,0,base station position error,665429
2408:460937398,2026/03/06 08:02:17.398,119.3979999999865,,False,,,,,,False,False,NOT_ATTEMPTED,,,0,0,0,0,0,0,0,0,base station position error,666331
2408:460937598,2026/03/06 08:02:17.598,119.59799999999814,,False,,,,,,False,False,NOT_ATTEMPTED,,,0,0,0,0,0,0,0,0,base station position error,667233
2408:460937798,2026/03/06 08:02:17.798,119.79800000000978,2408:460937800,True,119.79999999998836,-2296408.636,2,0.7100732427010611,1.9,True,True,RATIO_FAILED,4,1.87,1,2,0,1,0,0,0,0,,668120
2408:460937998,2026/03/06 08:02:17.998,119.99800000002142,,False,,,,,,False,False,NOT_ATTEMPTED,,,0,0,0,0,0,0,0,0,point pos error,669843
2408:460938198,2026/03/06 08:02:18.198,120.19799999997485,,False,,,,,,False,False,NOT_ATTEMPTED,,,0,0,0,0,0,0,0,0,point pos error,670289
2408:460938398,2026/03/06 08:02:18.398,120.3979999999865,,False,,,,,,False,False,NOT_ATTEMPTED,,,0,0,0,0,0,0,0,0,point pos error,670735
2408:460938598,2026/03/06 08:02:18.598,120.59799999999814,,False,,,,,,False,False,NOT_ATTEMPTED,,,0,0,0,0,0,0,0,0,point pos error,671181
2408:460938798,2026/03/06 08:02:18.798,120.79800000000978,,False,,,,,,False,False,NOT_ATTEMPTED,,,0,0,0,0,0,0,0,0,point pos error,671630
2408:460938998,2026/03/06 08:02:18.998,120.99800000002142,,False,,,,,,False,False,NOT_ATTEMPTED,,,0,0,0,0,0,0,0,0,point pos error,672024
2408:460939198,2026/03/06 08:02:19.198,121.19799999997485,,False,,,,,,False,False,NOT_ATTEMPTED,,,0,0,0,0,0,0,0,0,point pos error,672473
2408:460939398,2026/03/06 08:02:19.398,121.3979999999865,,False,,,,,,False,False,NOT_ATTEMPTED,,,0,0,0,0,0,0,0,0,point pos error,672921
2408:460939598,2026/03/06 08:02:19.598,121.59799999999814,,False,,,,,,False,False,NOT_ATTEMPTED,,,0,0,0,0,0,0,0,0,base station position error,673369
2408:460939798,2026/03/06 08:02:19.798,121.79800000000978,,False,,,,,,False,False,NOT_ATTEMPTED,,,0,0,0,0,0,0,0,0,base station position error,674326
2408:460939998,2026/03/06 08:02:19.998,121.99800000002142,2408:460940000,True,122.0,-2296337.54,1,0.41002718202577737,4.2,True,True,RATIO_PASS_AND_FIXED_CONDITIONING_SUCCESS,4,4.16,1,2,0,1,1,0,1,1,,675283
2408:460940198,2026/03/06 08:02:20.198,122.19799999997485,2408:460940200,True,122.20000000001164,-2296330.167,1,0.4042301943200186,4.8,True,True,RATIO_PASS_AND_FIXED_CONDITIONING_SUCCESS,5,4.84,1,2,0,1,1,0,1,1,,677165
2408:460940398,2026/03/06 08:02:20.398,122.3979999999865,2408:460940400,True,122.40000000002328,-2296328.406,1,0.3002881949061601,3.7,True,True,RATIO_PASS_AND_FIXED_CONDITIONING_SUCCESS,3,3.7,1,2,0,1,1,0,1,1,,679104
2408:460940598,2026/03/06 08:02:20.598,122.59799999999814,2408:460940600,True,122.59999999997672,-2296319.596,2,0.44857673813964094,1.2,True,True,RATIO_FAILED,7,1.22,1,2,0,1,0,0,0,0,,681025
2408:460940798,2026/03/06 08:02:20.798,122.79800000000978,,False,,,,,,False,False,NOT_ATTEMPTED,,,0,0,0,0,0,0,0,0,point pos error,682943
2408:460940998,2026/03/06 08:02:20.998,122.99800000002142,,False,,,,,,False,False,NOT_ATTEMPTED,,,0,0,0,0,0,0,0,0,point pos error,683435
2408:460941198,2026/03/06 08:02:21.198,123.19799999997485,,False,,,,,,False,False,NOT_ATTEMPTED,,,0,0,0,0,0,0,0,0,point pos error,683928
2408:460941398,2026/03/06 08:02:21.398,123.3979999999865,,False,,,,,,False,False,NOT_ATTEMPTED,,,0,0,0,0,0,0,0,0,point pos error,684422
2408:460941598,2026/03/06 08:02:21.598,123.59799999999814,,False,,,,,,False,False,NOT_ATTEMPTED,,,0,0,0,0,0,0,0,0,point pos error,684916
2408:460941798,2026/03/06 08:02:21.798,123.79800000000978,,False,,,,,,False,False,NOT_ATTEMPTED,,,0,0,0,0,0,0,0,0,point pos error,685432
2408:460941998,2026/03/06 08:02:21.998,123.99800000002142,,False,,,,,,False,False,NOT_ATTEMPTED,,,0,0,0,0,0,0,0,0,point pos error,685947
2408:460942198,2026/03/06 08:02:22.198,124.19799999997485,,False,,,,,,False,False,NOT_ATTEMPTED,,,0,0,0,0,0,0,0,0,point pos error,686462
2408:460942398,2026/03/06 08:02:22.398,124.3979999999865,,False,,,,,,False,False,NOT_ATTEMPTED,,,0,0,0,0,0,0,0,0,point pos error,686977
2408:460942598,2026/03/06 08:02:22.598,124.59799999999814,,False,,,,,,False,False,NOT_ATTEMPTED,,,0,0,0,0,0,0,0,0,point pos error,687493
2408:460942798,2026/03/06 08:02:22.798,124.79800000000978,,False,,,,,,False,False,NOT_ATTEMPTED,,,0,0,0,0,0,0,0,0,point pos error,688003
2408:460942998,2026/03/06 08:02:22.998,124.99800000002142,,False,,,,,,False,False,NOT_ATTEMPTED,,,0,0,0,0,0,0,0,0,point pos error,688491
2408:460943198,2026/03/06 08:02:23.198,125.19799999997485,,False,,,,,,False,False,NOT_ATTEMPTED,,,0,0,0,0,0,0,0,0,point pos error,688979
2408:460943398,2026/03/06 08:02:23.398,125.3979999999865,,False,,,,,,False,False,NOT_ATTEMPTED,,,0,0,0,0,0,0,0,0,point pos error,689467
2408:460943598,2026/03/06 08:02:23.598,125.59799999999814,,False,,,,,,False,False,NOT_ATTEMPTED,,,0,0,0,0,0,0,0,0,point pos error,689961
2408:460943798,2026/03/06 08:02:23.798,125.79800000000978,,False,,,,,,False,False,NOT_ATTEMPTED,,,0,0,0,0,0,0,0,0,point pos error,690455
2408:460943998,2026/03/06 08:02:23.998,125.99800000002142,,False,,,,,,False,False,NOT_ATTEMPTED,,,0,0,0,0,0,0,0,0,point pos error,690949
2408:460944198,2026/03/06 08:02:24.198,126.19799999997485,,False,,,,,,False,False,NOT_ATTEMPTED,,,0,0,0,0,0,0,0,0,point pos error,691443
2408:460944398,2026/03/06 08:02:24.398,126.3979999999865,,False,,,,,,False,False,NOT_ATTEMPTED,,,0,0,0,0,0,0,0,0,point pos error,691937
2408:460944598,2026/03/06 08:02:24.598,126.59799999999814,,False,,,,,,False,False,NOT_ATTEMPTED,,,0,0,0,0,0,0,0,0,point pos error,692431
2408:460944798,2026/03/06 08:02:24.798,126.79800000000978,,False,,,,,,False,False,NOT_ATTEMPTED,,,0,0,0,0,0,0,0,0,point pos error,692925
2408:460944998,2026/03/06 08:02:24.998,126.99800000002142,,False,,,,,,False,False,NOT_ATTEMPTED,,,0,0,0,0,0,0,0,0,point pos error,693419
2408:460945198,2026/03/06 08:02:25.198,127.19799999997485,,False,,,,,,False,False,NOT_ATTEMPTED,,,0,0,0,0,0,0,0,0,point pos error,693913
2408:460945398,2026/03/06 08:02:25.398,127.3979999999865,2408:460945400,True,127.40000000002328,-2296172.985,2,0.44633895191883044,1.1,True,True,RATIO_FAILED,7,1.13,1,2,0,1,0,0,0,0,,694407
2408:460945598,2026/03/06 08:02:25.598,127.59799999999814,2408:460945600,True,127.59999999997672,-2296173.67,2,0.5134844983054503,1.3,True,True,RATIO_FAILED,6,1.26,1,2,0,1,0,1,0,0,,696475
2408:460945798,2026/03/06 08:02:25.798,127.79800000000978,2408:460945800,True,127.79999999998836,-2296170.856,2,0.5642765988413838,1.1,True,True,RATIO_FAILED,5,1.06,1,2,0,1,0,1,0,0,,698530
2408:460945998,2026/03/06 08:02:25.998,127.99800000002142,2408:460946000,True,128.0,-2296165.574,2,0.5317819289896941,1.4,True,True,RATIO_FAILED,5,1.44,1,2,0,1,0,1,0,0,,700577
2408:460946198,2026/03/06 08:02:26.198,128.19799999997485,2408:460946200,True,128.20000000001164,-2296161.305,2,0.5821863705034669,1.0,True,True,RATIO_FAILED,5,1.01,1,2,0,1,0,1,0,0,,702678
2408:460946398,2026/03/06 08:02:26.398,128.3979999999865,2408:460946400,True,128.40000000002328,-2296156.16,2,0.525469818353062,1.9,True,True,RATIO_FAILED,4,1.94,1,2,0,1,0,0,0,0,,704778
2408:460946598,2026/03/06 08:02:26.598,128.59799999999814,2408:460946600,True,128.59999999997672,-2296154.433,2,0.43904379052663983,2.2,True,True,RATIO_FAILED,4,2.21,1,2,0,1,0,0,0,0,,706870
2408:460946798,2026/03/06 08:02:26.798,128.79800000000978,2408:460946800,True,128.79999999998836,-2296149.208,2,0.4594868768528651,1.5,True,True,RATIO_FAILED,5,1.51,1,2,0,1,0,0,0,0,,708951
2408:460946998,2026/03/06 08:02:26.998,128.99800000002142,2408:460947000,True,129.0,-2296143.772,2,0.4523228271931453,1.1,True,True,RATIO_FAILED,5,1.1,1,2,0,1,0,0,0,0,,711039
2408:460947198,2026/03/06 08:02:27.198,129.19799999997485,2408:460947200,True,129.20000000001164,-2296140.086,2,0.36846275252730776,1.9,True,True,RATIO_FAILED,7,1.88,1,2,0,1,0,0,0,0,,713119
2408:460947398,2026/03/06 08:02:27.398,129.3979999999865,2408:460947400,True,129.40000000002328,-2296136.485,2,0.35735737014926666,1.2,True,True,RATIO_FAILED,8,1.24,1,2,0,1,0,0,0,0,,715215
2408:460947598,2026/03/06 08:02:27.598,129.59799999999814,2408:460947600,True,129.59999999997672,-2296130.889,1,0.3460329175093029,3.0,True,True,RATIO_PASS_AND_FIXED_CONDITIONING_SUCCESS,8,3.01,1,2,0,1,1,0,0,0,,717314
2408:460947798,2026/03/06 08:02:27.798,129.79800000000978,2408:460947800,True,129.79999999998836,-2296126.874,2,0.3824607953764673,2.4,True,True,RATIO_FAILED,7,2.43,1,2,0,1,0,0,0,0,,719516
2408:460947998,2026/03/06 08:02:27.998,129.99800000002142,2408:460948000,True,130.0,-2296123.098,2,0.37483939227354424,2.4,True,True,RATIO_FAILED,6,2.35,1,2,0,1,0,0,0,0,,721624
2408:460948198,2026/03/06 08:02:28.198,130.19799999997485,2408:460948200,True,130.20000000001164,-2296117.611,2,0.3395047127802499,2.0,True,True,RATIO_FAILED,5,1.96,1,2,0,1,0,0,0,0,,723723
2408:460948398,2026/03/06 08:02:28.398,130.3979999999865,2408:460948400,True,130.40000000002328,-2296115.113,2,0.406282438704899,2.1,True,True,RATIO_FAILED,5,2.15,1,2,0,1,0,0,0,0,,725806
2408:460948598,2026/03/06 08:02:28.598,130.59799999999814,2408:460948600,True,130.59999999997672,-2296110.313,2,0.3487121448989123,1.7,True,True,RATIO_FAILED,5,1.67,1,2,0,1,0,0,0,0,,727890
2408:460948798,2026/03/06 08:02:28.798,130.79800000000978,2408:460948800,True,130.79999999998836,-2296103.064,2,0.35054019740965514,2.6,True,True,RATIO_FAILED,4,2.61,1,2,0,1,0,0,0,0,,729975
2408:460948998,2026/03/06 08:02:28.998,130.99800000002142,2408:460949000,True,131.0,-2296100.259,2,0.3942599142697619,1.2,True,True,RATIO_FAILED,5,1.21,1,2,0,1,0,0,0,0,,732052
2408:460949198,2026/03/06 08:02:29.198,131.19799999997485,2408:460949200,True,131.20000000001164,-2296093.012,2,0.36893107757411814,1.7,True,True,RATIO_FAILED,5,1.71,1,2,0,1,0,0,0,0,,734140
2408:460949398,2026/03/06 08:02:29.398,131.3979999999865,2408:460949400,True,131.40000000002328,-2296086.468,2,0.39784867726310214,1.5,True,True,RATIO_FAILED,5,1.48,1,2,0,1,0,0,0,0,,736226
2408:460949598,2026/03/06 08:02:29.598,131.59799999999814,2408:460949600,True,131.59999999997672,-2296077.11,2,0.3200884409034478,1.3,True,True,RATIO_FAILED,5,1.3,1,2,0,1,0,0,0,0,,738310
2408:460949798,2026/03/06 08:02:29.798,131.79800000000978,2408:460949800,True,131.79999999998836,-2296074.398,2,0.4124079776144007,1.4,True,True,RATIO_FAILED,5,1.45,2,1,0,1,0,0,0,0,,740394
2408:460949998,2026/03/06 08:02:29.998,131.99800000002142,2408:460950000,True,132.0,-2296068.386,2,0.40346764430372856,1.9,True,True,RATIO_FAILED,5,1.92,1,2,0,1,0,0,0,0,,742486
2408:460950198,2026/03/06 08:02:30.198,132.19799999997485,2408:460950200,True,132.20000000001164,-2296065.82,2,0.40341673242442483,1.8,True,True,RATIO_FAILED,7,1.83,1,2,0,1,0,0,0,0,,744579
2408:460950398,2026/03/06 08:02:30.398,132.3979999999865,2408:460950400,True,132.40000000002328,-2296059.047,2,0.3958589016303663,2.3,True,True,RATIO_FAILED,7,2.32,1,2,0,1,0,0,0,0,,746686
2408:460950598,2026/03/06 08:02:30.598,132.59799999999814,2408:460950600,True,132.59999999997672,-2296051.187,1,0.33014581626911466,3.4,True,True,RATIO_PASS_AND_FIXED_CONDITIONING_SUCCESS,6,3.35,1,2,0,1,1,0,0,0,,748793
2408:460950798,2026/03/06 08:02:30.798,132.79800000000978,2408:460950800,True,132.79999999998836,-2296043.488,1,0.3313813664043288,3.3,True,True,RATIO_PASS_AND_FIXED_CONDITIONING_SUCCESS,7,3.26,1,2,0,1,1,0,0,0,,750987
2408:460950998,2026/03/06 08:02:30.998,132.99800000002142,2408:460951000,True,133.0,-2296040.357,1,0.353891706599632,3.3,True,True,RATIO_PASS_AND_FIXED_CONDITIONING_SUCCESS,5,3.35,1,2,0,1,1,0,1,0,,753189
2408:460951198,2026/03/06 08:02:31.198,133.19799999997485,2408:460951200,True,133.20000000001164,-2296037.261,1,0.3347405413152103,7.3,True,True,RATIO_PASS_AND_FIXED_CONDITIONING_SUCCESS,4,7.31,1,2,0,1,1,0,1,0,,755372
2408:460951398,2026/03/06 08:02:31.398,133.3979999999865,2408:460951400,True,133.40000000002328,-2296028.727,2,0.3829423324731806,2.6,True,True,RATIO_FAILED,8,2.59,1,2,0,1,0,0,0,0,,757546
2408:460951598,2026/03/06 08:02:31.598,133.59799999999814,2408:460951600,True,133.59999999997672,-2296019.457,1,0.3360037797406452,15.8,True,True,RATIO_PASS_AND_FIXED_CONDITIONING_SUCCESS,7,15.79,2,1,0,1,1,0,0,0,,759657
2408:460951798,2026/03/06 08:02:31.798,133.79800000000978,2408:460951800,True,133.79999999998836,-2296014.851,1,0.4673422300627239,4.1,True,True,RATIO_PASS_AND_FIXED_CONDITIONING_SUCCESS,6,4.08,2,1,0,1,1,0,1,1,,761850
2408:460951998,2026/03/06 08:02:31.998,133.99800000002142,2408:460952000,True,134.0,-2296009.807,1,0.3402440447678695,5.3,True,True,RATIO_PASS_AND_FIXED_CONDITIONING_SUCCESS,4,5.34,1,2,0,1,1,0,0,0,,764034
2408:460952198,2026/03/06 08:02:32.198,134.19799999997485,2408:460952200,True,134.20000000001164,-2296002.157,1,0.33958308261749437,18.8,True,True,RATIO_PASS_AND_FIXED_CONDITIONING_SUCCESS,5,18.8,1,2,0,1,1,0,0,0,,766196
2408:460952398,2026/03/06 08:02:32.398,134.3979999999865,2408:460952400,True,134.40000000002328,-2295996.058,2,0.570044077243155,2.5,True,True,RATIO_FAILED,5,2.49,1,2,0,1,0,0,0,0,,768368
2408:460952598,2026/03/06 08:02:32.598,134.59799999999814,2408:460952600,True,134.59999999997672,-2295992.06,2,0.6720968754576977,2.4,True,True,RATIO_FAILED,5,2.36,1,2,0,1,0,0,0,0,,770452
2408:460952798,2026/03/06 08:02:32.798,134.79800000000978,2408:460952800,True,134.79999999998836,-2295986.936,1,0.38288647142462473,13.2,True,True,RATIO_PASS_AND_FIXED_CONDITIONING_SUCCESS,5,13.16,1,2,0,1,1,0,0,0,,772536
2408:460952998,2026/03/06 08:02:32.998,134.99800000002142,2408:460953000,True,135.0,-2295983.784,1,0.36049513172857134,8.8,True,True,RATIO_PASS_AND_FIXED_CONDITIONING_SUCCESS,5,8.8,1,2,0,1,1,0,0,0,,774708
2408:460953198,2026/03/06 08:02:33.198,135.19799999997485,2408:460953200,True,135.20000000001164,-2295975.653,2,0.42836679376440934,2.6,True,True,RATIO_FAILED,6,2.61,2,1,0,1,0,0,0,0,,776881
2408:460953398,2026/03/06 08:02:33.398,135.3979999999865,2408:460953400,True,135.40000000002328,-2295973.313,1,0.3332962346021929,6.3,True,True,RATIO_PASS_AND_FIXED_CONDITIONING_SUCCESS,5,6.32,2,1,0,1,1,0,0,0,,778973
2408:460953598,2026/03/06 08:02:33.598,135.59799999999814,2408:460953600,True,135.59999999997672,-2295971.424,1,0.5033951430039825,3.5,True,True,RATIO_PASS_AND_FIXED_CONDITIONING_SUCCESS,5,3.46,2,1,0,1,1,0,1,1,,781146
2408:460953798,2026/03/06 08:02:33.798,135.79800000000978,2408:460953800,True,135.79999999998836,-2295965.307,2,0.406697541177716,1.9,True,True,RATIO_FAILED,7,1.93,2,1,0,1,0,0,0,0,,783319
2408:460953998,2026/03/06 08:02:33.998,135.99800000002142,2408:460954000,True,136.0,-2295960.638,1,0.38385911478041007,18.9,True,True,RATIO_PASS_AND_FIXED_CONDITIONING_SUCCESS,6,18.85,2,1,0,1,1,0,0,0,,785418
2408:460954198,2026/03/06 08:02:34.198,136.19799999997485,2408:460954200,True,136.20000000001164,-2295956.08,1,0.4833017587387821,6.2,True,True,RATIO_PASS_AND_FIXED_CONDITIONING_SUCCESS,5,6.17,2,1,0,1,1,0,1,1,,787602
2408:460954398,2026/03/06 08:02:34.398,136.3979999999865,2408:460954400,True,136.40000000002328,-2295949.709,1,0.3495447610821824,12.0,True,True,RATIO_PASS_AND_FIXED_CONDITIONING_SUCCESS,5,12.03,1,2,0,1,1,0,0,0,,789775
2408:460954598,2026/03/06 08:02:34.598,136.59799999999814,2408:460954600,True,136.59999999997672,-2295942.951,1,0.4440629347288513,3.8,True,True,RATIO_PASS_AND_FIXED_CONDITIONING_SUCCESS,6,3.75,1,2,0,1,1,0,1,1,,791950
2408:460954798,2026/03/06 08:02:34.798,136.79800000000978,2408:460954800,True,136.79999999998836,-2295938.482,1,0.3536396753759397,4.8,True,True,RATIO_PASS_AND_FIXED_CONDITIONING_SUCCESS,4,4.81,1,2,0,1,1,0,0,0,,794134
2408:460954998,2026/03/06 08:02:34.998,136.99800000002142,2408:460955000,True,137.0,-2295933.064,1,0.3412271091223556,27.4,True,True,RATIO_PASS_AND_FIXED_CONDITIONING_SUCCESS,5,27.44,2,1,0,1,1,0,0,0,,796296
2408:460955198,2026/03/06 08:02:35.198,137.19799999997485,2408:460955200,True,137.20000000001164,-2295925.473,1,0.36187623574918537,13.9,True,True,RATIO_PASS_AND_FIXED_CONDITIONING_SUCCESS,6,13.86,1,2,0,1,1,0,0,0,,798469
2408:460955398,2026/03/06 08:02:35.398,137.3979999999865,2408:460955400,True,137.40000000002328,-2295916.51,1,0.4397177048971306,30.9,True,True,RATIO_PASS_AND_FIXED_CONDITIONING_SUCCESS,6,30.92,1,2,0,1,1,0,1,1,,800652
2408:460955598,2026/03/06 08:02:35.598,137.59799999999814,2408:460955600,True,137.59999999997672,-2295908.997,1,0.3422427501058277,39.9,True,True,RATIO_PASS_AND_FIXED_CONDITIONING_SUCCESS,6,39.89,1,2,0,1,1,0,0,0,,802835
2408:460955798,2026/03/06 08:02:35.798,137.79800000000978,2408:460955800,True,137.79999999998836,-2295905.32,1,0.34362914602809813,41.5,True,True,RATIO_PASS_AND_FIXED_CONDITIONING_SUCCESS,5,41.46,1,2,0,1,1,0,0,0,,805017
2408:460955998,2026/03/06 08:02:35.998,137.99800000002142,2408:460956000,True,138.0,-2295900.974,1,0.32618378255210667,38.6,True,True,RATIO_PASS_AND_FIXED_CONDITIONING_SUCCESS,5,38.64,1,2,0,1,1,0,0,0,,807190
2408:460956198,2026/03/06 08:02:36.198,138.19799999997485,2408:460956200,True,138.20000000001164,-2295889.967,1,0.33482199748523095,22.0,True,True,RATIO_PASS_AND_FIXED_CONDITIONING_SUCCESS,5,21.99,1,2,0,1,1,0,0,0,,809364
2408:460956398,2026/03/06 08:02:36.398,138.3979999999865,2408:460956400,True,138.40000000002328,-2295886.622,1,0.37694787438053023,22.7,True,True,RATIO_PASS_AND_FIXED_CONDITIONING_SUCCESS,8,22.74,1,2,0,1,1,0,0,0,,811536
2408:460956598,2026/03/06 08:02:36.598,138.59799999999814,2408:460956600,True,138.59999999997672,-2295880.707,2,0.5009767559478183,1.0,True,True,RATIO_FAILED,5,1.01,1,2,0,1,0,0,0,0,,813738
2408:460956798,2026/03/06 08:02:36.798,138.79800000000978,2408:460956800,True,138.79999999998836,-2295878.226,1,0.33812784564421783,4.1,True,True,RATIO_PASS_AND_FIXED_CONDITIONING_SUCCESS,6,4.1,1,2,0,1,1,0,0,0,,815821
2408:460956998,2026/03/06 08:02:36.998,138.99800000002142,2408:460957000,True,139.0,-2295874.074,1,0.3383761811948353,58.8,True,True,RATIO_PASS_AND_FIXED_CONDITIONING_SUCCESS,7,58.81,2,1,0,1,1,0,0,0,,818003
2408:460957198,2026/03/06 08:02:37.198,139.19799999997485,2408:460957200,True,139.20000000001164,-2295867.712,1,0.3556992831030167,5.6,True,True,RATIO_PASS_AND_FIXED_CONDITIONING_SUCCESS,8,5.63,1,2,0,1,1,0,0,0,,820195
2408:460957398,2026/03/06 08:02:37.398,139.3979999999865,2408:460957400,True,139.40000000002328,-2295861.924,1,0.3342040394728945,10.1,True,True,RATIO_PASS_AND_FIXED_CONDITIONING_SUCCESS,9,10.12,1,2,0,1,1,0,0,0,,822399
2408:460957598,2026/03/06 08:02:37.598,139.59799999999814,2408:460957600,True,139.59999999997672,-2295855.083,1,0.3406069582377906,12.0,True,True,RATIO_PASS_AND_FIXED_CONDITIONING_SUCCESS,6,11.97,1,2,0,1,1,0,0,0,,824612
2408:460957798,2026/03/06 08:02:37.798,139.79800000000978,2408:460957800,True,139.79999999998836,-2295846.954,1,0.36482020229148493,20.2,True,True,RATIO_PASS_AND_FIXED_CONDITIONING_SUCCESS,6,20.2,2,1,0,1,1,0,0,0,,826794
2408:460957998,2026/03/06 08:02:37.998,139.99800000002142,2408:460958000,True,140.0,-2295842.97,1,0.3573434482399251,29.5,True,True,RATIO_PASS_AND_FIXED_CONDITIONING_SUCCESS,7,29.5,2,1,0,1,1,0,0,0,,828976
2408:460958198,2026/03/06 08:02:38.198,140.19799999997485,2408:460958200,True,140.20000000001164,-2295836.873,1,0.3605160051925573,7.2,True,True,RATIO_PASS_AND_FIXED_CONDITIONING_SUCCESS,7,7.24,2,1,0,1,1,0,1,0,,831168
2408:460958398,2026/03/06 08:02:38.398,140.3979999999865,2408:460958400,True,140.40000000002328,-2295832.668,1,0.3767941347738842,37.2,True,True,RATIO_PASS_AND_FIXED_CONDITIONING_SUCCESS,6,37.22,2,1,0,1,1,0,0,0,,833362
2408:460958598,2026/03/06 08:02:38.598,140.59799999999814,2408:460958600,True,140.59999999997672,-2295827.422,1,0.401021059297389,12.8,True,True,RATIO_PASS_AND_FIXED_CONDITIONING_SUCCESS,7,12.85,2,1,0,1,1,0,1,1,,835545
2408:460958798,2026/03/06 08:02:38.798,140.79800000000978,2408:460958800,True,140.79999999998836,-2295819.642,1,0.32676575707989963,16.9,True,True,RATIO_PASS_AND_FIXED_CONDITIONING_SUCCESS,7,16.87,2,1,0,1,1,0,0,0,,837739
2408:460958998,2026/03/06 08:02:38.998,140.99800000002142,2408:460959000,True,141.0,-2295811.259,1,0.33461945550132016,13.5,True,True,RATIO_PASS_AND_FIXED_CONDITIONING_SUCCESS,7,13.5,1,2,0,1,1,0,0,0,,839932
2408:460959198,2026/03/06 08:02:39.198,141.19799999997485,2408:460959200,True,141.20000000001164,-2295801.493,1,0.34164156655770095,14.0,True,True,RATIO_PASS_AND_FIXED_CONDITIONING_SUCCESS,5,14.05,1,2,0,1,1,0,0,0,,842124
2408:460959398,2026/03/06 08:02:39.398,141.3979999999865,2408:460959400,True,141.40000000002328,-2295793.04,1,0.3612102434870861,13.2,True,True,RATIO_PASS_AND_FIXED_CONDITIONING_SUCCESS,6,13.21,1,2,0,1,1,0,0,0,,844298
2408:460959598,2026/03/06 08:02:39.598,141.59799999999814,2408:460959600,True,141.59999999997672,-2295788.08,1,0.36160336005076066,9.6,True,True,RATIO_PASS_AND_FIXED_CONDITIONING_SUCCESS,6,9.57,1,2,0,1,1,0,0,0,,846480
2408:460959798,2026/03/06 08:02:39.798,141.79800000000978,2408:460959800,True,141.79999999998836,-2295782.376,1,0.3924778847272799,9.7,True,True,RATIO_PASS_AND_FIXED_CONDITIONING_SUCCESS,6,9.71,2,1,0,1,1,0,1,1,,848663
2408:460959998,2026/03/06 08:02:39.998,141.99800000002142,2408:460960000,True,142.0,-2295777.341,1,0.34151325010898187,4.9,True,True,RATIO_PASS_AND_FIXED_CONDITIONING_SUCCESS,7,4.93,2,1,0,1,1,0,0,0,,850847
2408:460960198,2026/03/06 08:02:40.198,142.19799999997485,2408:460960200,True,142.20000000001164,-2295772.026,1,0.41063863675986456,6.2,True,True,RATIO_PASS_AND_FIXED_CONDITIONING_SUCCESS,7,6.16,1,2,0,1,1,0,1,1,,853040
2408:460960398,2026/03/06 08:02:40.398,142.3979999999865,2408:460960400,True,142.40000000002328,-2295768.107,1,0.3526194265777199,12.2,True,True,RATIO_PASS_AND_FIXED_CONDITIONING_SUCCESS,7,12.2,1,2,0,1,1,0,0,0,,855233
2408:460960598,2026/03/06 08:02:40.598,142.59799999999814,2408:460960600,True,142.59999999997672,-2295762.041,1,0.3574657605981306,10.3,True,True,RATIO_PASS_AND_FIXED_CONDITIONING_SUCCESS,9,10.29,2,1,0,1,1,0,0,0,,857425
2408:460960798,2026/03/06 08:02:40.798,142.79800000000978,2408:460960800,True,142.79999999998836,-2295757.009,1,0.38156678314549336,14.3,True,True,RATIO_PASS_AND_FIXED_CONDITIONING_SUCCESS,8,14.34,1,2,0,1,1,0,0,0,,859637
2408:460960998,2026/03/06 08:02:40.998,142.99800000002142,2408:460961000,True,143.0,-2295752.148,1,0.347914199192847,14.4,True,True,RATIO_PASS_AND_FIXED_CONDITIONING_SUCCESS,9,14.44,1,2,0,1,1,0,0,0,,861840
2408:460961198,2026/03/06 08:02:41.198,143.19799999997485,2408:460961200,True,143.20000000001164,-2295747.151,1,0.3653705653169122,163.2,True,True,RATIO_PASS_AND_FIXED_CONDITIONING_SUCCESS,8,163.16,1,2,0,1,1,0,0,0,,864052
2408:460961398,2026/03/06 08:02:41.398,143.3979999999865,2408:460961400,True,143.40000000002328,-2295743.395,1,0.3420709429343568,14.9,True,True,RATIO_PASS_AND_FIXED_CONDITIONING_SUCCESS,8,14.9,1,2,0,1,1,0,0,0,,866254
2408:460961598,2026/03/06 08:02:41.598,143.59799999999814,2408:460961600,True,143.59999999997672,-2295737.692,1,0.3371624830849364,5.6,True,True,RATIO_PASS_AND_FIXED_CONDITIONING_SUCCESS,7,5.64,1,2,0,1,1,0,0,0,,868456
2408:460961798,2026/03/06 08:02:41.798,143.79800000000978,2408:460961800,True,143.79999999998836,-2295732.494,1,0.37462255671542255,15.5,True,True,RATIO_PASS_AND_FIXED_CONDITIONING_SUCCESS,6,15.54,1,2,0,1,1,0,0,0,,870641
2408:460961998,2026/03/06 08:02:41.998,143.99800000002142,2408:460962000,True,144.0,-2295725.069,2,0.399063954774169,2.2,True,True,RATIO_FAILED,8,2.15,1,2,0,1,0,0,0,0,,872816
2408:460962198,2026/03/06 08:02:42.198,144.19799999997485,2408:460962200,True,144.20000000001164,-2295718.64,1,0.34902678980273133,15.6,True,True,RATIO_PASS_AND_FIXED_CONDITIONING_SUCCESS,8,15.6,1,2,0,1,1,0,0,0,,874917
2408:460962398,2026/03/06 08:02:42.398,144.3979999999865,2408:460962400,True,144.40000000002328,-2295715.084,1,0.3580862465943086,15.7,True,True,RATIO_PASS_AND_FIXED_CONDITIONING_SUCCESS,8,15.72,1,2,0,1,1,0,0,0,,877119
2408:460962598,2026/03/06 08:02:42.598,144.59799999999814,2408:460962600,True,144.59999999997672,-2295711.014,1,0.36852820787559804,14.0,True,True,RATIO_PASS_AND_FIXED_CONDITIONING_SUCCESS,8,13.96,1,2,0,1,1,0,0,0,,879321
2408:460962798,2026/03/06 08:02:42.798,144.79800000000978,2408:460962800,True,144.79999999998836,-2295707.757,1,0.3441633333171911,17.5,True,True,RATIO_PASS_AND_FIXED_CONDITIONING_SUCCESS,8,17.54,2,1,0,1,1,0,0,0,,881523
2408:460962998,2026/03/06 08:02:42.998,144.99800000002142,2408:460963000,True,145.0,-2295700.021,1,0.3502567201353887,26.6,True,True,RATIO_PASS_AND_FIXED_CONDITIONING_SUCCESS,7,26.61,2,1,0,1,1,0,0,0,,883726
2408:460963198,2026/03/06 08:02:43.198,145.19799999997485,2408:460963200,True,145.20000000001164,-2295696.019,1,0.34770844108246785,30.8,True,True,RATIO_PASS_AND_FIXED_CONDITIONING_SUCCESS,8,30.84,2,1,0,1,1,0,0,0,,885918
2408:460963398,2026/03/06 08:02:43.398,145.3979999999865,2408:460963400,True,145.40000000002328,-2295690.165,1,0.3515928326914529,26.0,True,True,RATIO_PASS_AND_FIXED_CONDITIONING_SUCCESS,7,26.0,2,1,0,1,1,0,0,0,,888121
2408:460963598,2026/03/06 08:02:43.598,145.59799999999814,2408:460963600,True,145.59999999997672,-2295685.438,1,0.37024685008788394,21.8,True,True,RATIO_PASS_AND_FIXED_CONDITIONING_SUCCESS,6,21.83,2,1,0,1,1,0,0,0,,890314
2408:460963798,2026/03/06 08:02:43.798,145.79800000000978,2408:460963800,True,145.79999999998836,-2295683.184,1,0.39172421421198866,14.8,True,True,RATIO_PASS_AND_FIXED_CONDITIONING_SUCCESS,7,14.81,2,1,0,1,1,0,1,1,,892498
2408:460963998,2026/03/06 08:02:43.998,145.99800000002142,2408:460964000,True,146.0,-2295677.215,1,0.3386180887076176,12.1,True,True,RATIO_PASS_AND_FIXED_CONDITIONING_SUCCESS,6,12.07,2,1,0,1,1,0,0,0,,894691
2408:460964198,2026/03/06 08:02:44.198,146.19799999997485,2408:460964200,True,146.20000000001164,-2295673.487,1,0.33936170968451934,20.2,True,True,RATIO_PASS_AND_FIXED_CONDITIONING_SUCCESS,7,20.23,2,1,0,1,1,0,0,0,,896873
2408:460964398,2026/03/06 08:02:44.398,146.3979999999865,2408:460964400,True,146.40000000002328,-2295667.724,1,0.3524570044700488,44.4,True,True,RATIO_PASS_AND_FIXED_CONDITIONING_SUCCESS,7,44.35,2,1,0,1,1,0,0,0,,899067
2408:460964598,2026/03/06 08:02:44.598,146.59799999999814,2408:460964600,True,146.59999999997672,-2295663.756,1,0.34967524933858274,7.7,True,True,RATIO_PASS_AND_FIXED_CONDITIONING_SUCCESS,8,7.72,2,1,0,1,1,0,0,0,,901261
2408:460964798,2026/03/06 08:02:44.798,146.79800000000978,2408:460964800,True,146.79999999998836,-2295653.882,1,0.3494085431125003,55.2,True,True,RATIO_PASS_AND_FIXED_CONDITIONING_SUCCESS,7,55.22,1,2,0,1,1,0,0,0,,903466
2408:460964998,2026/03/06 08:02:44.998,146.99800000002142,2408:460965000,True,147.0,-2295647.778,1,0.40465444517513954,52.6,True,True,RATIO_PASS_AND_FIXED_CONDITIONING_SUCCESS,7,52.63,1,2,0,1,1,0,1,1,,905658
2408:460965198,2026/03/06 08:02:45.198,147.19799999997485,2408:460965200,True,147.20000000001164,-2295640.479,1,0.3314589869048658,39.9,True,True,RATIO_PASS_AND_FIXED_CONDITIONING_SUCCESS,7,39.93,1,2,0,1,1,0,0,0,,907851
2408:460965398,2026/03/06 08:02:45.398,147.3979999999865,2408:460965400,True,147.40000000002328,-2295632.569,1,0.35331178865132706,36.9,True,True,RATIO_PASS_AND_FIXED_CONDITIONING_SUCCESS,7,36.9,1,2,0,1,1,0,0,0,,910043
2408:460965598,2026/03/06 08:02:45.598,147.59799999999814,2408:460965600,True,147.59999999997672,-2295626.341,1,0.3332506264060129,28.4,True,True,RATIO_PASS_AND_FIXED_CONDITIONING_SUCCESS,7,28.4,1,2,0,1,1,0,0,0,,912235
2408:460965798,2026/03/06 08:02:45.798,147.79800000000978,2408:460965800,True,147.79999999998836,-2295620.938,1,0.3470511345608886,31.1,True,True,RATIO_PASS_AND_FIXED_CONDITIONING_SUCCESS,7,31.05,1,2,0,1,1,0,0,0,,914427
2408:460965998,2026/03/06 08:02:45.998,147.99800000002142,2408:460966000,True,148.0,-2295615.242,1,0.3373011265916555,23.3,True,True,RATIO_PASS_AND_FIXED_CONDITIONING_SUCCESS,5,23.28,1,2,0,1,1,0,0,0,,916620
2408:460966198,2026/03/06 08:02:46.198,148.19799999997485,2408:460966200,True,148.20000000001164,-2295608.569,1,0.32668158809458486,22.0,True,True,RATIO_PASS_AND_FIXED_CONDITIONING_SUCCESS,4,21.99,1,2,0,1,1,0,0,0,,918792
2408:460966398,2026/03/06 08:02:46.398,148.3979999999865,2408:460966400,True,148.40000000002328,-2295604.143,2,0.4061566323476695,2.5,True,True,RATIO_FAILED,5,2.55,1,2,0,1,0,0,0,0,,920967
2408:460966598,2026/03/06 08:02:46.598,148.59799999999814,2408:460966600,True,148.59999999997672,-2295601.69,2,0.3972890635293149,2.5,True,True,RATIO_FAILED,7,2.48,2,1,0,1,0,0,0,0,,923063
2408:460966798,2026/03/06 08:02:46.798,148.79800000000978,2408:460966800,True,148.79999999998836,-2295594.992,2,0.34432558719909273,1.3,True,True,RATIO_FAILED,6,1.28,2,1,0,1,0,0,0,0,,925163
2408:460966998,2026/03/06 08:02:46.998,148.99800000002142,2408:460967000,True,149.0,-2295590.121,2,0.42725380045120726,1.5,True,True,RATIO_FAILED,8,1.49,1,2,0,1,0,0,0,0,,927254
2408:460967198,2026/03/06 08:02:47.198,149.19799999997485,2408:460967200,True,149.20000000001164,-2295583.383,1,0.35184124260808314,4.6,True,True,RATIO_PASS_AND_FIXED_CONDITIONING_SUCCESS,8,4.63,1,2,0,1,1,0,0,0,,929362
2408:460967398,2026/03/06 08:02:47.398,149.3979999999865,2408:460967400,True,149.40000000002328,-2295575.238,1,0.3287684443495148,5.8,True,True,RATIO_PASS_AND_FIXED_CONDITIONING_SUCCESS,8,5.76,2,1,0,1,1,0,0,0,,931564
2408:460967598,2026/03/06 08:02:47.598,149.59799999999814,2408:460967600,True,149.59999999997672,-2295569.94,2,0.40529114226688945,1.7,True,True,RATIO_FAILED,8,1.73,2,1,0,1,0,0,0,0,,933766
2408:460967798,2026/03/06 08:02:47.798,149.79800000000978,2408:460967800,True,149.79999999998836,-2295562.029,1,0.34044412169987603,3.7,True,True,RATIO_PASS_AND_FIXED_CONDITIONING_SUCCESS,8,3.7,2,1,0,1,1,0,0,0,,935873
2408:460967998,2026/03/06 08:02:47.998,149.99800000002142,2408:460968000,True,150.0,-2295556.285,1,0.37060215865534296,5.4,True,True,RATIO_PASS_AND_FIXED_CONDITIONING_SUCCESS,8,5.36,1,2,0,1,1,0,0,0,,938076
2408:460968198,2026/03/06 08:02:48.198,150.19799999997485,2408:460968200,True,150.20000000001164,-2295549.171,1,0.3720058332875978,3.1,True,True,RATIO_PASS_AND_FIXED_CONDITIONING_SUCCESS,9,3.12,2,1,0,1,1,0,0,0,,940278
2408:460968398,2026/03/06 08:02:48.398,150.3979999999865,2408:460968400,True,150.40000000002328,-2295542.834,1,0.3646040866474209,11.8,True,True,RATIO_PASS_AND_FIXED_CONDITIONING_SUCCESS,6,11.76,2,1,0,1,1,0,0,0,,942490
2408:460968598,2026/03/06 08:02:48.598,150.59799999999814,2408:460968600,True,150.59999999997672,-2295538.779,1,0.3386424810917851,13.2,True,True,RATIO_PASS_AND_FIXED_CONDITIONING_SUCCESS,7,13.23,1,2,0,1,1,0,0,0,,944672
2408:460968798,2026/03/06 08:02:48.798,150.79800000000978,2408:460968800,True,150.79999999998836,-2295531.7,1,0.34260823107450294,16.3,True,True,RATIO_PASS_AND_FIXED_CONDITIONING_SUCCESS,7,16.34,2,1,0,1,1,0,0,0,,946864
2408:460968998,2026/03/06 08:02:48.998,150.99800000002142,2408:460969000,True,151.0,-2295528.709,2,0.43456739408289713,1.5,True,True,RATIO_FAILED,8,1.51,1,2,0,1,0,0,0,0,,949056
2408:460969198,2026/03/06 08:02:49.198,151.19799999997485,2408:460969200,True,151.20000000001164,-2295521.892,2,0.447015547828037,2.1,True,True,RATIO_FAILED,8,2.14,1,2,0,1,0,0,0,0,,951165
2408:460969398,2026/03/06 08:02:49.398,151.3979999999865,2408:460969400,True,151.40000000002328,-2295516.184,2,0.3601502047757297,1.5,True,True,RATIO_FAILED,8,1.47,3,0,0,1,0,0,0,0,,953272
2408:460969598,2026/03/06 08:02:49.598,151.59799999999814,2408:460969600,True,151.59999999997672,-2295509.26,1,0.468462004862721,10.8,True,True,RATIO_PASS_AND_FIXED_CONDITIONING_SUCCESS,7,10.78,3,0,0,1,1,0,2,1,,955380
2408:460969798,2026/03/06 08:02:49.798,151.79800000000978,2408:460969800,True,151.79999999998836,-2295504.696,1,0.49101672069289043,7.0,True,True,RATIO_PASS_AND_FIXED_CONDITIONING_SUCCESS,7,6.98,3,0,0,1,1,0,2,1,,957574
2408:460969998,2026/03/06 08:02:49.998,151.99800000002142,2408:460970000,True,152.0,-2295498.674,2,0.36366001979871254,1.1,True,True,RATIO_FAILED,7,1.12,3,0,0,1,0,0,0,0,,959768
2408:460970198,2026/03/06 08:02:50.198,152.19799999997485,2408:460970200,True,152.20000000001164,-2295492.176,2,0.35969745620451643,1.2,True,True,RATIO_FAILED,7,1.25,3,0,0,1,0,0,0,0,,961859
2408:460970398,2026/03/06 08:02:50.398,152.3979999999865,2408:460970400,True,152.40000000002328,-2295486.291,2,0.3578748524274932,1.3,True,True,RATIO_FAILED,7,1.27,3,0,0,1,0,0,0,0,,963948
2408:460970598,2026/03/06 08:02:50.598,152.59799999999814,2408:460970600,True,152.59999999997672,-2295481.708,2,0.3555800472467487,2.3,True,True,RATIO_FAILED,8,2.33,3,0,1,0,0,0,0,0,,966037
2408:460970798,2026/03/06 08:02:50.798,152.79800000000978,2408:460970800,True,152.79999999998836,-2295476.026,1,0.3769048818999298,4.4,True,True,RATIO_PASS_AND_FIXED_CONDITIONING_SUCCESS,7,4.43,3,0,1,0,1,0,0,0,,968145
2408:460970998,2026/03/06 08:02:50.998,152.99800000002142,2408:460971000,True,153.0,-2295476.622,1,0.4668226001384252,4.3,True,True,RATIO_PASS_AND_FIXED_CONDITIONING_SUCCESS,7,4.34,3,0,1,0,1,0,1,1,,970328
2408:460971198,2026/03/06 08:02:51.198,153.19799999997485,2408:460971200,True,153.20000000001164,-2295468.244,2,0.3745055006271603,1.8,True,True,RATIO_FAILED,7,1.84,3,0,0,1,0,0,0,0,,972503
2408:460971398,2026/03/06 08:02:51.398,153.3979999999865,2408:460971400,True,153.40000000002328,-2295461.211,2,0.4980597353731779,1.7,True,True,RATIO_FAILED,7,1.65,1,2,0,1,0,0,0,0,,974584
2408:460971598,2026/03/06 08:02:51.598,153.59799999999814,2408:460971600,True,153.59999999997672,-2295446.65,2,0.41482922992479687,1.4,True,True,RATIO_FAILED,7,1.38,3,0,1,0,0,1,0,0,,976668
2408:460971798,2026/03/06 08:02:51.798,153.79800000000978,2408:460971800,True,153.79999999998836,-2295442.487,2,0.44657184192467847,1.2,True,True,RATIO_FAILED,7,1.15,3,0,0,1,0,0,0,0,,978768
2408:460971998,2026/03/06 08:02:51.998,153.99800000002142,2408:460972000,True,154.0,-2295437.451,2,0.37735093745742837,1.0,True,True,RATIO_FAILED,7,1.02,3,0,0,1,0,0,0,0,,980869
2408:460972198,2026/03/06 08:02:52.198,154.19799999997485,2408:460972200,True,154.20000000001164,-2295432.766,2,0.3661184917482317,1.1,True,True,RATIO_FAILED,7,1.06,3,0,0,1,0,0,0,0,,982968
2408:460972398,2026/03/06 08:02:52.398,154.3979999999865,2408:460972400,True,154.40000000002328,-2295426.442,2,0.36276226374858783,1.0,True,True,RATIO_FAILED,8,1.02,3,0,0,1,0,0,0,0,,985068
2408:460972598,2026/03/06 08:02:52.598,154.59799999999814,2408:460972600,True,154.59999999997672,-2295421.198,2,0.3605625743196318,1.0,True,True,RATIO_FAILED,9,1.04,3,0,1,0,0,0,0,0,,987175
2408:460972798,2026/03/06 08:02:52.798,154.79800000000978,2408:460972800,True,154.79999999998836,-2295414.722,2,0.36071940618713605,1.1,True,True,RATIO_FAILED,8,1.06,3,0,1,0,0,0,0,0,,989280
2408:460972998,2026/03/06 08:02:52.998,154.99800000002142,2408:460973000,True,155.0,-2295407.671,2,0.35966053439319695,1.0,True,True,RATIO_FAILED,6,1.0,3,0,1,0,0,0,0,0,,991376
2408:460973198,2026/03/06 08:02:53.198,155.19799999997485,2408:460973200,True,155.20000000001164,-2295402.715,2,0.37315524919261156,1.2,True,True,RATIO_FAILED,7,1.19,3,0,1,0,0,0,0,0,,993456
2408:460973398,2026/03/06 08:02:53.398,155.3979999999865,2408:460973400,True,155.40000000002328,-2295396.237,2,0.35976471477897887,1.2,True,True,RATIO_FAILED,5,1.16,3,0,1,0,0,0,0,0,,995544
2408:460973598,2026/03/06 08:02:53.598,155.59799999999814,2408:460973600,True,155.59999999997672,-2295390.745,2,0.362500220689588,1.2,True,True,RATIO_FAILED,5,1.17,3,0,1,0,0,0,0,0,,997616
2408:460973798,2026/03/06 08:02:53.798,155.79800000000978,2408:460973800,True,155.79999999998836,-2295385.257,2,0.3853005320525784,1.1,True,True,RATIO_FAILED,4,1.15,3,0,1,0,0,0,0,0,,999699
2408:460973998,2026/03/06 08:02:53.998,155.99800000002142,2408:460974000,True,156.0,-2295379.42,2,0.39843840176368545,1.0,True,True,RATIO_FAILED,5,1.02,1,2,0,1,0,0,0,0,,1001775
2408:460974198,2026/03/06 08:02:54.198,156.19799999997485,2408:460974200,True,156.20000000001164,-2295373.913,2,0.4050003950615357,1.0,True,True,RATIO_FAILED,7,1.0,3,0,0,1,0,0,0,0,,1003860
2408:460974398,2026/03/06 08:02:54.398,156.3979999999865,2408:460974400,True,156.40000000002328,-2295370.56,2,0.38688179073200124,1.0,True,True,RATIO_FAILED,9,1.0,3,0,0,1,0,0,0,0,,1005959
2408:460974598,2026/03/06 08:02:54.598,156.59799999999814,2408:460974600,True,156.59999999997672,-2295366.667,2,0.38058440588127096,1.0,True,True,RATIO_FAILED,9,1.02,3,0,1,0,0,0,0,0,,1008075
2408:460974798,2026/03/06 08:02:54.798,156.79800000000978,2408:460974800,True,156.79999999998836,-2295359.392,2,0.41219968461899625,1.0,True,True,RATIO_FAILED,7,1.0,3,0,1,0,0,1,0,0,,1010190
2408:460974998,2026/03/06 08:02:54.998,156.99800000002142,2408:460975000,True,157.0,-2295354.395,2,0.3753103648981733,1.0,True,True,RATIO_FAILED,7,1.02,3,0,1,0,0,0,0,0,,1012291
2408:460975198,2026/03/06 08:02:55.198,157.19799999997485,2408:460975200,True,157.20000000001164,-2295346.427,2,0.3817746586666014,1.0,True,True,RATIO_FAILED,8,1.02,3,0,0,1,0,0,0,0,,1014390
2408:460975398,2026/03/06 08:02:55.398,157.3979999999865,2408:460975400,True,157.40000000002328,-2295339.902,2,0.370676799921441,1.1,True,True,RATIO_FAILED,6,1.13,3,0,0,1,0,0,0,0,,1016497
2408:460975598,2026/03/06 08:02:55.598,157.59799999999814,2408:460975600,True,157.59999999997672,-2295334.59,2,0.4120275354876176,1.0,True,True,RATIO_FAILED,7,1.0,3,0,1,0,0,1,0,0,,1018590
2408:460975798,2026/03/06 08:02:55.798,157.79800000000978,2408:460975800,True,157.79999999998836,-2295325.662,2,0.3678432410688009,1.0,True,True,RATIO_FAILED,8,1.0,3,0,1,0,0,0,0,0,,1020690
2408:460975998,2026/03/06 08:02:55.998,157.99800000002142,2408:460976000,True,158.0,-2295317.791,2,0.37346105553323766,1.0,True,True,RATIO_FAILED,8,1.01,3,0,1,0,0,0,0,0,,1022800
2408:460976198,2026/03/06 08:02:56.198,158.19799999997485,2408:460976200,True,158.20000000001164,-2295315.422,2,0.37368924255322095,1.0,True,True,RATIO_FAILED,10,1.0,3,0,0,1,0,0,0,0,,1024907
2408:460976398,2026/03/06 08:02:56.398,158.3979999999865,2408:460976400,True,158.40000000002328,-2295310.576,2,0.35673017814589225,1.0,True,True,RATIO_FAILED,9,1.02,3,0,1,0,0,0,0,0,,1027031
2408:460976598,2026/03/06 08:02:56.598,158.59799999999814,2408:460976600,True,158.59999999997672,-2295303.541,2,0.3663833647970388,1.0,True,True,RATIO_FAILED,10,1.04,3,0,1,0,0,0,0,0,,1029100
2408:460976798,2026/03/06 08:02:56.798,158.79800000000978,2408:460976800,True,158.79999999998836,-2295300.009,2,0.35217303985398996,1.0,True,True,RATIO_FAILED,9,1.0,3,0,1,0,0,0,0,0,,1031179
2408:460976998,2026/03/06 08:02:56.998,158.99800000002142,2408:460977000,True,159.0,-2295293.795,2,0.3668580924553798,1.0,True,True,RATIO_FAILED,9,1.03,3,0,1,0,0,0,0,0,,1033249
2408:460977198,2026/03/06 08:02:57.198,159.19799999997485,2408:460977200,True,159.20000000001164,-2295288.667,2,0.35469338871763595,1.0,True,True,RATIO_FAILED,9,1.02,3,0,1,0,0,0,0,0,,1035318
2408:460977398,2026/03/06 08:02:57.398,159.3979999999865,2408:460977400,True,159.40000000002328,-2295282.206,2,0.36251688236549756,1.0,True,True,RATIO_FAILED,9,1.02,3,0,1,0,0,0,0,0,,1037388
2408:460977598,2026/03/06 08:02:57.598,159.59799999999814,2408:460977600,True,159.59999999997672,-2295279.713,2,0.3757613737466905,1.0,True,True,RATIO_FAILED,11,1.0,3,0,1,0,0,0,0,0,,1039458
2408:460977798,2026/03/06 08:02:57.798,159.79800000000978,2408:460977800,True,159.79999999998836,-2295274.32,2,0.3629041057910478,1.1,True,True,RATIO_FAILED,9,1.1,3,0,1,0,0,0,0,0,,1041589
2408:460977998,2026/03/06 08:02:57.998,159.99800000002142,2408:460978000,True,160.0,-2295268.343,2,0.39100959067521607,1.0,True,True,RATIO_FAILED,11,1.02,3,0,1,0,0,1,0,0,,1043705
2408:460978198,2026/03/06 08:02:58.198,160.19799999997485,2408:460978200,True,160.20000000001164,-2295265.026,2,0.3531556314148197,1.0,True,True,RATIO_FAILED,8,1.01,3,0,1,0,0,0,0,0,,1045837
2408:460978398,2026/03/06 08:02:58.398,160.3979999999865,2408:460978400,True,160.40000000002328,-2295268.018,2,0.37695486467215145,1.0,True,True,RATIO_FAILED,9,1.01,3,0,1,0,0,0,0,0,,1047944
2408:460978598,2026/03/06 08:02:58.598,160.59799999999814,2408:460978600,True,160.59999999997672,-2295260.906,2,0.3522654396900156,1.0,True,True,RATIO_FAILED,9,1.02,3,0,1,0,0,0,0,0,,1050015
2408:460978798,2026/03/06 08:02:58.798,160.79800000000978,2408:460978800,True,160.79999999998836,-2295251.679,2,0.362599365691668,1.0,True,True,RATIO_FAILED,10,1.03,3,0,1,0,0,0,0,0,,1052039
2408:460978998,2026/03/06 08:02:58.998,160.99800000002142,2408:460979000,True,161.0,-2295246.039,2,0.3444817701998177,1.0,True,True,RATIO_FAILED,9,1.0,3,0,1,0,0,0,0,0,,1054072
2408:460979198,2026/03/06 08:02:59.198,161.19799999997485,2408:460979200,True,161.20000000001164,-2295240.142,2,0.3502552926081203,1.0,True,True,RATIO_FAILED,9,1.04,3,0,1,0,0,0,0,0,,1056097
2408:460979398,2026/03/06 08:02:59.398,161.3979999999865,2408:460979400,True,161.40000000002328,-2295229.115,2,0.35161082179022873,1.0,True,True,RATIO_FAILED,8,1.0,3,0,1,0,0,0,0,0,,1058121
2408:460979598,2026/03/06 08:02:59.598,161.59799999999814,2408:460979600,True,161.59999999997672,-2295223.469,2,0.36284004740381126,1.0,True,True,RATIO_FAILED,8,1.01,3,0,0,1,0,0,0,0,,1060182
2408:460979798,2026/03/06 08:02:59.798,161.79800000000978,2408:460979800,True,161.79999999998836,-2295224.398,2,0.35445332555923353,1.0,True,True,RATIO_FAILED,8,1.02,3,0,1,0,0,0,0,0,,1062290
2408:460979998,2026/03/06 08:02:59.998,161.99800000002142,2408:460980000,True,162.0,-2295216.059,2,0.3547176482781763,1.0,True,True,RATIO_FAILED,9,1.03,3,0,1,0,0,0,0,0,,1064352
2408:460980198,2026/03/06 08:03:00.198,162.19799999997485,2408:460980200,True,162.20000000001164,-2295208.859,2,0.36476059271801825,1.1,True,True,RATIO_FAILED,9,1.06,3,0,1,0,0,0,0,0,,1066422
2408:460980398,2026/03/06 08:03:00.398,162.3979999999865,2408:460980400,True,162.40000000002328,-2295200.383,2,0.340253640685886,1.0,True,True,RATIO_FAILED,8,1.02,3,0,1,0,0,1,0,0,,1068493
2408:460980598,2026/03/06 08:03:00.598,162.59799999999814,2408:460980600,True,162.59999999997672,-2295192.077,2,0.3374786215451284,1.0,True,True,RATIO_FAILED,7,1.02,3,0,1,0,0,1,0,0,,1070556
2408:460980798,2026/03/06 08:03:00.798,162.79800000000978,2408:460980800,True,162.79999999998836,-2295187.725,2,0.3499076592474077,1.0,True,True,RATIO_FAILED,6,1.0,3,0,1,0,0,0,0,0,,1072612
2408:460980998,2026/03/06 08:03:00.998,162.99800000002142,2408:460981000,True,163.0,-2295182.281,2,0.3471569961847233,1.0,True,True,RATIO_FAILED,8,1.0,3,0,1,0,0,0,0,0,,1074658
2408:460981198,2026/03/06 08:03:01.198,163.19799999997485,2408:460981200,True,163.20000000001164,-2295177.163,2,0.35994519027207467,1.0,True,True,RATIO_FAILED,9,1.0,3,0,1,0,0,0,0,0,,1076722
2408:460981398,2026/03/06 08:03:01.398,163.3979999999865,2408:460981400,True,163.40000000002328,-2295173.008,2,0.3542524664698893,1.0,True,True,RATIO_FAILED,9,1.0,3,0,1,0,0,0,0,0,,1078792
2408:460981598,2026/03/06 08:03:01.598,163.59799999999814,2408:460981600,True,163.59999999997672,-2295162.538,2,0.34973592895211664,1.0,True,True,RATIO_FAILED,7,1.0,3,0,1,0,0,0,0,0,,1080863
2408:460981798,2026/03/06 08:03:01.798,163.79800000000978,2408:460981800,True,163.79999999998836,-2295157.102,2,0.35057639680959696,1.0,True,True,RATIO_FAILED,9,1.0,3,0,1,0,0,0,0,0,,1082962
2408:460981998,2026/03/06 08:03:01.998,163.99800000002142,2408:460982000,True,164.0,-2295148.728,2,0.34718307850469904,1.1,True,True,RATIO_FAILED,7,1.07,3,0,1,0,0,0,0,0,,1085077
2408:460982198,2026/03/06 08:03:02.198,164.19799999997485,2408:460982200,True,164.20000000001164,-2295144.75,2,0.35274526219355523,1.0,True,True,RATIO_FAILED,9,1.04,3,0,1,0,0,0,0,0,,1087176
2408:460982398,2026/03/06 08:03:02.398,164.3979999999865,2408:460982400,True,164.40000000002328,-2295139.7,2,0.40735931313767704,1.0,True,True,RATIO_FAILED,9,1.0,3,0,1,0,0,1,0,0,,1089292
2408:460982598,2026/03/06 08:03:02.598,164.59799999999814,2408:460982600,True,164.59999999997672,-2295132.529,2,0.3501956024852397,1.0,True,True,RATIO_FAILED,9,1.01,3,0,1,0,0,0,0,0,,1091408
2408:460982798,2026/03/06 08:03:02.798,164.79800000000978,2408:460982800,True,164.79999999998836,-2295124.209,2,0.35313443615711,1.0,True,True,RATIO_FAILED,9,1.01,3,0,1,0,0,0,0,0,,1093524
2408:460982998,2026/03/06 08:03:02.998,164.99800000002142,2408:460983000,True,165.0,-2295118.454,2,0.361102215445987,1.0,True,True,RATIO_FAILED,9,1.01,3,0,1,0,0,0,0,0,,1095639
2408:460983198,2026/03/06 08:03:03.198,165.19799999997485,2408:460983200,True,165.20000000001164,-2295113.773,2,0.36563042816483426,1.0,True,True,RATIO_FAILED,9,1.0,3,0,1,0,0,0,0,0,,1097768
2408:460983398,2026/03/06 08:03:03.398,165.3979999999865,2408:460983400,True,165.40000000002328,-2295107.713,2,0.3630980170697714,1.0,True,True,RATIO_FAILED,9,1.0,3,0,1,0,0,0,0,0,,1099895
2408:460983598,2026/03/06 08:03:03.598,165.59799999999814,2408:460983600,True,165.59999999997672,-2295102.732,2,0.39862918859511526,1.1,True,True,RATIO_FAILED,6,1.11,3,0,1,0,0,1,0,0,,1102024
2408:460983798,2026/03/06 08:03:03.798,165.79800000000978,2408:460983800,True,165.79999999998836,-2295097.271,2,0.3976091296738544,1.0,True,True,RATIO_FAILED,6,1.0,2,1,0,1,0,0,0,0,,1104128
2408:460983998,2026/03/06 08:03:03.998,165.99800000002142,2408:460984000,True,166.0,-2295090.351,2,0.3611095263213088,1.0,True,True,RATIO_FAILED,6,1.01,3,0,1,0,0,0,0,0,,1106231
2408:460984198,2026/03/06 08:03:04.198,166.19799999997485,2408:460984200,True,166.20000000001164,-2295085.303,2,0.36065078677302226,1.0,True,True,RATIO_FAILED,7,1.0,3,0,1,0,0,0,0,0,,1108334
2408:460984398,2026/03/06 08:03:04.398,166.3979999999865,2408:460984400,True,166.40000000002328,-2295081.741,2,0.3604881690152951,1.0,True,True,RATIO_FAILED,7,1.01,3,0,1,0,0,0,0,0,,1110445
2408:460984598,2026/03/06 08:03:04.598,166.59799999999814,2408:460984600,True,166.59999999997672,-2295075.243,2,0.43673686585860827,1.0,True,True,RATIO_FAILED,9,1.01,3,0,1,0,0,1,0,0,,1112556
2408:460984798,2026/03/06 08:03:04.798,166.79800000000978,2408:460984800,True,166.79999999998836,-2295066.322,2,0.36919018134289544,1.0,True,True,RATIO_FAILED,8,1.0,3,0,1,0,0,0,0,0,,1114687
2408:460984998,2026/03/06 08:03:04.998,166.99800000002142,2408:460985000,True,167.0,-2295057.432,2,0.3748001467449019,1.0,True,True,RATIO_FAILED,8,1.0,3,0,1,0,0,0,0,0,,1116816
2408:460985198,2026/03/06 08:03:05.198,167.19799999997485,2408:460985200,True,167.20000000001164,-2295051.333,2,0.36401304921664557,1.0,True,True,RATIO_FAILED,8,1.0,3,0,1,0,0,0,0,0,,1118943
2408:460985398,2026/03/06 08:03:05.398,167.3979999999865,,False,,,,,,False,False,NOT_ATTEMPTED,,,0,0,0,0,0,0,0,0,base station position error,1121070
2408:460985598,2026/03/06 08:03:05.598,167.59799999999814,,False,,,,,,False,False,NOT_ATTEMPTED,,,0,0,0,0,0,0,0,0,base station position error,1122155
2408:460985798,2026/03/06 08:03:05.798,167.79800000000978,,False,,,,,,False,False,NOT_ATTEMPTED,,,0,0,0,0,0,0,0,0,base station position error,1123240
2408:460985998,2026/03/06 08:03:05.998,167.99800000002142,,False,,,,,,False,False,NOT_ATTEMPTED,,,0,0,0,0,0,0,0,0,point pos error,1124325
2408:460986198,2026/03/06 08:03:06.198,168.19799999997485,,False,,,,,,False,False,NOT_ATTEMPTED,,,0,0,0,0,0,0,0,0,point pos error,1124842
2408:460986398,2026/03/06 08:03:06.398,168.3979999999865,,False,,,,,,False,False,NOT_ATTEMPTED,,,0,0,0,0,0,0,0,0,point pos error,1125359
2408:460986598,2026/03/06 08:03:06.598,168.59799999999814,,False,,,,,,False,False,NOT_ATTEMPTED,,,0,0,0,0,0,0,0,0,point pos error,1125876
2408:460986798,2026/03/06 08:03:06.798,168.79800000000978,,False,,,,,,False,False,NOT_ATTEMPTED,,,0,0,0,0,0,0,0,0,point pos error,1126393
2408:460986998,2026/03/06 08:03:06.998,168.99800000002142,,False,,,,,,False,False,NOT_ATTEMPTED,,,0,0,0,0,0,0,0,0,point pos error,1126910
2408:460987198,2026/03/06 08:03:07.198,169.19799999997485,,False,,,,,,False,False,NOT_ATTEMPTED,,,0,0,0,0,0,0,0,0,base station position error,1127427
2408:460987398,2026/03/06 08:03:07.398,169.3979999999865,,False,,,,,,False,False,NOT_ATTEMPTED,,,0,0,0,0,0,0,0,0,base station position error,1128512
2408:460987598,2026/03/06 08:03:07.598,169.59799999999814,,False,,,,,,False,False,NOT_ATTEMPTED,,,0,0,0,0,0,0,0,0,base station position error,1129597
2408:460987798,2026/03/06 08:03:07.798,169.79800000000978,,False,,,,,,False,False,NOT_ATTEMPTED,,,0,0,0,0,0,0,0,0,base station position error,1130682
2408:460987998,2026/03/06 08:03:07.998,169.99800000002142,,False,,,,,,False,False,NOT_ATTEMPTED,,,0,0,0,0,0,0,0,0,base station position error,1131767
2408:460988198,2026/03/06 08:03:08.198,170.19799999997485,,False,,,,,,False,False,NOT_ATTEMPTED,,,0,0,0,0,0,0,0,0,base station position error,1132830
2408:460988398,2026/03/06 08:03:08.398,170.3979999999865,,False,,,,,,False,False,NOT_ATTEMPTED,,,0,0,0,0,0,0,0,0,base station position error,1133893
2408:460988598,2026/03/06 08:03:08.598,170.59799999999814,,False,,,,,,False,False,NOT_ATTEMPTED,,,0,0,0,0,0,0,0,0,base station position error,1134956
2408:460988798,2026/03/06 08:03:08.798,170.79800000000978,,False,,,,,,False,False,NOT_ATTEMPTED,,,0,0,0,0,0,0,0,0,base station position error,1136019
2408:460988998,2026/03/06 08:03:08.998,170.99800000002142,,False,,,,,,False,False,NOT_ATTEMPTED,,,0,0,0,0,0,0,0,0,base station position error,1137082
2408:460989198,2026/03/06 08:03:09.198,171.19799999997485,,False,,,,,,False,False,NOT_ATTEMPTED,,,0,0,0,0,0,0,0,0,base station position error,1138145
2408:460989398,2026/03/06 08:03:09.398,171.3979999999865,,False,,,,,,False,False,NOT_ATTEMPTED,,,0,0,0,0,0,0,0,0,base station position error,1139208
2408:460989598,2026/03/06 08:03:09.598,171.59799999999814,,False,,,,,,False,False,NOT_ATTEMPTED,,,0,0,0,0,0,0,0,0,base station position error,1140271
2408:460989798,2026/03/06 08:03:09.798,171.79800000000978,,False,,,,,,False,False,NOT_ATTEMPTED,,,0,0,0,0,0,0,0,0,base station position error,1141334
2408:460989998,2026/03/06 08:03:09.998,171.99800000002142,,False,,,,,,False,False,NOT_ATTEMPTED,,,0,0,0,0,0,0,0,0,base station position error,1142397
2408:460990198,2026/03/06 08:03:10.198,172.19799999997485,,False,,,,,,False,False,NOT_ATTEMPTED,,,0,0,0,0,0,0,0,0,base station position error,1143460
2408:460990398,2026/03/06 08:03:10.398,172.3979999999865,,False,,,,,,False,False,NOT_ATTEMPTED,,,0,0,0,0,0,0,0,0,base station position error,1144523
2408:460990598,2026/03/06 08:03:10.598,172.59799999999814,,False,,,,,,False,False,NOT_ATTEMPTED,,,0,0,0,0,0,0,0,0,base station position error,1145586
2408:460990798,2026/03/06 08:03:10.798,172.79800000000978,,False,,,,,,False,False,NOT_ATTEMPTED,,,0,0,0,0,0,0,0,0,base station position error,1146643
2408:460990998,2026/03/06 08:03:10.998,172.99800000002142,,False,,,,,,False,False,NOT_ATTEMPTED,,,0,0,0,0,0,0,0,0,base station position error,1147700
2408:460991198,2026/03/06 08:03:11.198,173.19799999997485,,False,,,,,,False,False,NOT_ATTEMPTED,,,0,0,0,0,0,0,0,0,base station position error,1148763
2408:460991398,2026/03/06 08:03:11.398,173.3979999999865,,False,,,,,,False,False,NOT_ATTEMPTED,,,0,0,0,0,0,0,0,0,base station position error,1149826
2408:460991598,2026/03/06 08:03:11.598,173.59799999999814,,False,,,,,,False,False,NOT_ATTEMPTED,,,0,0,0,0,0,0,0,0,base station position error,1150889
2408:460991798,2026/03/06 08:03:11.798,173.79800000000978,,False,,,,,,False,False,NOT_ATTEMPTED,,,0,0,0,0,0,0,0,0,base station position error,1151952
2408:460991998,2026/03/06 08:03:11.998,173.99800000002142,,False,,,,,,False,False,NOT_ATTEMPTED,,,0,0,0,0,0,0,0,0,base station position error,1153015
2408:460992198,2026/03/06 08:03:12.198,174.19799999997485,,False,,,,,,False,False,NOT_ATTEMPTED,,,0,0,0,0,0,0,0,0,base station position error,1154078
2408:460992398,2026/03/06 08:03:12.398,174.3979999999865,,False,,,,,,False,False,NOT_ATTEMPTED,,,0,0,0,0,0,0,0,0,base station position error,1155152
2408:460992598,2026/03/06 08:03:12.598,174.59799999999814,,False,,,,,,False,False,NOT_ATTEMPTED,,,0,0,0,0,0,0,0,0,base station position error,1156204
2408:460992798,2026/03/06 08:03:12.798,174.79800000000978,,False,,,,,,False,False,NOT_ATTEMPTED,,,0,0,0,0,0,0,0,0,base station position error,1157256
2408:460992998,2026/03/06 08:03:12.998,174.99800000002142,,False,,,,,,False,False,NOT_ATTEMPTED,,,0,0,0,0,0,0,0,0,base station position error,1158308
2408:460993198,2026/03/06 08:03:13.198,175.19799999997485,,False,,,,,,False,False,NOT_ATTEMPTED,,,0,0,0,0,0,0,0,0,base station position error,1159360
2408:460993398,2026/03/06 08:03:13.398,175.3979999999865,,False,,,,,,False,False,NOT_ATTEMPTED,,,0,0,0,0,0,0,0,0,base station position error,1160416
2408:460993598,2026/03/06 08:03:13.598,175.59799999999814,,False,,,,,,False,False,NOT_ATTEMPTED,,,0,0,0,0,0,0,0,0,base station position error,1161472
2408:460993798,2026/03/06 08:03:13.798,175.79800000000978,,False,,,,,,False,False,NOT_ATTEMPTED,,,0,0,0,0,0,0,0,0,base station position error,1162528
2408:460993998,2026/03/06 08:03:13.998,175.99800000002142,,False,,,,,,False,False,NOT_ATTEMPTED,,,0,0,0,0,0,0,0,0,base station position error,1163584
2408:460994198,2026/03/06 08:03:14.198,176.19799999997485,,False,,,,,,False,False,NOT_ATTEMPTED,,,0,0,0,0,0,0,0,0,base station position error,1164640
2408:460994398,2026/03/06 08:03:14.398,176.3979999999865,,False,,,,,,False,False,NOT_ATTEMPTED,,,0,0,0,0,0,0,0,0,base station position error,1165703
2408:460994598,2026/03/06 08:03:14.598,176.59799999999814,2408:460994600,True,176.59999999997672,-2294777.329,2,0.41275151120256365,1.0,True,True,RATIO_FAILED,11,1.0,3,0,1,0,0,1,0,0,,1166766
2408:460994798,2026/03/06 08:03:14.798,176.79800000000978,2408:460994800,True,176.79999999998836,-2294771.856,2,0.41342357213879327,1.0,True,True,RATIO_FAILED,10,1.01,3,0,1,0,0,1,0,0,,1168868
2408:460994998,2026/03/06 08:03:14.998,176.99800000002142,2408:460995000,True,177.0,-2294763.358,2,0.4142131214725096,1.0,True,True,RATIO_FAILED,10,1.01,3,0,1,0,0,1,0,0,,1170959
2408:460995198,2026/03/06 08:03:15.198,177.19799999997485,2408:460995200,True,177.20000000001164,-2294759.035,2,0.391838142604826,1.0,True,True,RATIO_FAILED,9,1.02,3,0,1,0,0,1,0,0,,1173051
2408:460995398,2026/03/06 08:03:15.398,177.3979999999865,2408:460995400,True,177.40000000002328,-2294752.844,2,0.40239455761727194,1.0,True,True,RATIO_FAILED,11,1.02,3,0,1,0,0,1,0,0,,1175134
2408:460995598,2026/03/06 08:03:15.598,177.59799999999814,2408:460995600,True,177.59999999997672,-2294744.933,2,0.389354157548112,1.0,True,True,RATIO_FAILED,10,1.02,3,0,1,0,0,0,0,0,,1177233
2408:460995798,2026/03/06 08:03:15.798,177.79800000000978,2408:460995800,True,177.79999999998836,-2294738.71,2,0.38461090728163183,1.0,True,True,RATIO_FAILED,10,1.01,3,0,1,0,0,0,0,0,,1179325
2408:460995998,2026/03/06 08:03:15.998,177.99800000002142,2408:460996000,True,178.0,-2294733.846,2,0.4030818899429742,1.0,True,True,RATIO_FAILED,10,1.02,3,0,1,0,0,1,0,0,,1181415
2408:460996198,2026/03/06 08:03:16.198,178.19799999997485,2408:460996200,True,178.20000000001164,-2294727.495,2,0.3821669530453935,1.0,True,True,RATIO_FAILED,10,1.02,3,0,1,0,0,0,0,0,,1183507
2408:460996398,2026/03/06 08:03:16.398,178.3979999999865,2408:460996400,True,178.40000000002328,-2294721.849,2,0.387334300056166,1.0,True,True,RATIO_FAILED,10,1.03,3,0,1,0,0,0,0,0,,1185598
2408:460996598,2026/03/06 08:03:16.598,178.59799999999814,2408:460996600,True,178.59999999997672,-2294717.447,2,0.3834099242325373,1.0,True,True,RATIO_FAILED,10,1.02,3,0,1,0,0,0,0,0,,1187688
2408:460996798,2026/03/06 08:03:16.798,178.79800000000978,2408:460996800,True,178.79999999998836,-2294712.836,2,0.38196070478519123,1.0,True,True,RATIO_FAILED,8,1.0,3,0,1,0,0,0,0,0,,1189787
2408:460996998,2026/03/06 08:03:16.998,178.99800000002142,2408:460997000,True,179.0,-2294708.189,2,0.40650563341729967,1.0,True,True,RATIO_FAILED,10,1.01,3,0,1,0,0,1,0,0,,1191869
2408:460997198,2026/03/06 08:03:17.198,179.19799999997485,2408:460997200,True,179.20000000001164,-2294701.258,2,0.39408406463596063,1.0,True,True,RATIO_FAILED,10,1.0,3,0,1,0,0,1,0,0,,1193968
2408:460997398,2026/03/06 08:03:17.398,179.3979999999865,2408:460997400,True,179.40000000002328,-2294695.914,2,0.37364417565378966,1.0,True,True,RATIO_FAILED,7,1.02,3,0,1,0,0,0,0,0,,1196068
2408:460997598,2026/03/06 08:03:17.598,179.59799999999814,2408:460997600,True,179.59999999997672,-2294691.88,2,0.3994791233594066,1.0,True,True,RATIO_FAILED,10,1.0,3,0,1,0,0,1,0,0,,1198143
2408:460997798,2026/03/06 08:03:17.798,179.79800000000978,2408:460997800,True,179.79999999998836,-2294686.131,2,0.39221923716207496,1.0,True,True,RATIO_FAILED,9,1.01,3,0,1,0,0,1,0,0,,1200242
2408:460997998,2026/03/06 08:03:17.998,179.99800000002142,2408:460998000,True,180.0,-2294684.314,2,0.38762646968441156,1.0,True,True,RATIO_FAILED,10,1.02,3,0,1,0,0,0,0,0,,1202342
2408:460998198,2026/03/06 08:03:18.198,180.19799999997485,2408:460998200,True,180.20000000001164,-2294678.22,2,0.3747358936637909,1.0,True,True,RATIO_FAILED,11,1.0,3,0,1,0,0,0,0,0,,1204448
2408:460998398,2026/03/06 08:03:18.398,180.3979999999865,2408:460998400,True,180.40000000002328,-2294671.464,2,0.392915321666132,1.0,True,True,RATIO_FAILED,11,1.0,3,0,1,0,0,1,0,0,,1206554
2408:460998598,2026/03/06 08:03:18.598,180.59799999999814,2408:460998600,True,180.59999999997672,-2294665.184,2,0.3835602429866787,1.0,True,True,RATIO_FAILED,11,1.01,3,0,1,0,0,0,0,0,,1208661
2408:460998798,2026/03/06 08:03:18.798,180.79800000000978,2408:460998800,True,180.79999999998836,-2294659.569,2,0.390838841467938,1.0,True,True,RATIO_FAILED,11,1.02,3,0,1,0,0,1,0,0,,1210769
2408:460998998,2026/03/06 08:03:18.998,180.99800000002142,2408:460999000,True,181.0,-2294654.135,2,0.40347344398361584,1.0,True,True,RATIO_FAILED,11,1.02,3,0,1,0,0,1,0,0,,1212878
2408:460999198,2026/03/06 08:03:19.198,181.19799999997485,2408:460999200,True,181.20000000001164,-2294647.856,2,0.3844781658299988,1.0,True,True,RATIO_FAILED,11,1.02,3,0,1,0,0,0,0,0,,1214985
2408:460999398,2026/03/06 08:03:19.398,181.3979999999865,2408:460999400,True,181.40000000002328,-2294640.206,2,0.40404556673721836,1.0,True,True,RATIO_FAILED,11,1.04,3,0,1,0,0,1,0,0,,1217091
2408:460999598,2026/03/06 08:03:19.598,181.59799999999814,2408:460999600,True,181.59999999997672,-2294637.029,2,0.3828654593979457,1.0,True,True,RATIO_FAILED,10,1.03,3,0,1,0,0,0,0,0,,1219198
2408:460999798,2026/03/06 08:03:19.798,181.79800000000978,2408:460999800,True,181.79999999998836,-2294630.136,2,0.37773911632236346,1.1,True,True,RATIO_FAILED,9,1.08,3,0,1,0,0,0,0,0,,1221296
2408:460999998,2026/03/06 08:03:19.998,181.99800000002142,2408:461000000,True,182.0,-2294626.424,2,0.39444018557951216,1.1,True,True,RATIO_FAILED,10,1.06,3,0,1,0,0,1,0,0,,1223387
2408:461000198,2026/03/06 08:03:20.198,182.19799999997485,2408:461000200,True,182.20000000001164,-2294622.515,2,0.3705007692299707,1.1,True,True,RATIO_FAILED,9,1.07,3,0,1,0,0,0,0,0,,1225486
2408:461000398,2026/03/06 08:03:20.398,182.3979999999865,2408:461000400,True,182.40000000002328,-2294617.435,2,0.37157657353498486,1.0,True,True,RATIO_FAILED,10,1.01,3,0,1,0,0,0,0,0,,1227576
2408:461000598,2026/03/06 08:03:20.598,182.59799999999814,2408:461000600,True,182.59999999997672,-2294608.538,2,0.3632379936074969,1.0,True,True,RATIO_FAILED,12,1.02,3,0,1,0,0,0,0,0,,1229667
2408:461000798,2026/03/06 08:03:20.798,182.79800000000978,2408:461000800,True,182.79999999998836,-2294605.087,2,0.36830477868200406,1.0,True,True,RATIO_FAILED,10,1.02,3,0,1,0,0,0,0,0,,1231773
2408:461000998,2026/03/06 08:03:20.998,182.99800000002142,2408:461001000,True,183.0,-2294597.937,2,0.37393072887902645,1.0,True,True,RATIO_FAILED,11,1.02,3,0,1,0,0,0,0,0,,1233863
2408:461001198,2026/03/06 08:03:21.198,183.19799999997485,2408:461001200,True,183.20000000001164,-2294590.087,2,0.36880181669834544,1.0,True,True,RATIO_FAILED,12,1.02,3,0,1,0,0,0,0,0,,1235962
2408:461001398,2026/03/06 08:03:21.398,183.3979999999865,2408:461001400,True,183.40000000002328,-2294582.104,2,0.38862637584188753,1.0,True,True,RATIO_FAILED,11,1.04,3,0,1,0,0,0,0,0,,1238068
2408:461001598,2026/03/06 08:03:21.598,183.59799999999814,2408:461001600,True,183.59999999997672,-2294576.44,2,0.37350813913487885,1.0,True,True,RATIO_FAILED,10,1.04,3,0,1,0,0,0,0,0,,1240167
2408:461001798,2026/03/06 08:03:21.798,183.79800000000978,2408:461001800,True,183.79999999998836,-2294570.397,2,0.37138718340836696,1.0,True,True,RATIO_FAILED,10,1.04,3,0,1,0,0,0,0,0,,1242268
2408:461001998,2026/03/06 08:03:21.998,183.99800000002142,2408:461002000,True,184.0,-2294561.488,2,0.38239882321994667,1.0,True,True,RATIO_FAILED,10,1.04,3,0,1,0,0,0,0,0,,1244369
2408:461002198,2026/03/06 08:03:22.198,184.19799999997485,2408:461002200,True,184.20000000001164,-2294556.043,2,0.3636972504707727,1.0,True,True,RATIO_FAILED,12,1.01,3,0,1,0,0,0,0,0,,1246471
2408:461002398,2026/03/06 08:03:22.398,184.3979999999865,2408:461002400,True,184.40000000002328,-2294554.77,2,0.389879532676441,1.0,True,True,RATIO_FAILED,13,1.0,3,0,1,0,0,0,0,0,,1248590
2408:461002598,2026/03/06 08:03:22.598,184.59799999999814,2408:461002600,True,184.59999999997672,-2294549.132,2,0.37882415445691947,1.0,True,True,RATIO_FAILED,12,1.01,3,0,1,0,0,0,0,0,,1250743
2408:461002798,2026/03/06 08:03:22.798,184.79800000000978,2408:461002800,True,184.79999999998836,-2294542.976,2,0.38545013944737394,1.0,True,True,RATIO_FAILED,12,1.03,3,0,1,0,0,0,0,0,,1252883
2408:461002998,2026/03/06 08:03:22.998,184.99800000002142,2408:461003000,True,185.0,-2294535.651,2,0.39360966705608236,1.0,True,True,RATIO_FAILED,12,1.04,3,0,1,0,0,1,0,0,,1255023
2408:461003198,2026/03/06 08:03:23.198,185.19799999997485,2408:461003200,True,185.20000000001164,-2294529.497,2,0.3726391417980671,1.0,True,True,RATIO_FAILED,12,1.05,3,0,1,0,0,0,0,0,,1257164
2408:461003398,2026/03/06 08:03:23.398,185.3979999999865,2408:461003400,True,185.40000000002328,-2294523.394,2,0.39231103731605615,1.1,True,True,RATIO_FAILED,12,1.05,3,0,1,0,0,1,0,0,,1259304
2408:461003598,2026/03/06 08:03:23.598,185.59799999999814,2408:461003600,True,185.59999999997672,-2294518.871,2,0.3792653292880856,1.0,True,True,RATIO_FAILED,12,1.05,3,0,1,0,0,0,0,0,,1261445
2408:461003798,2026/03/06 08:03:23.798,185.79800000000978,2408:461003800,True,185.79999999998836,-2294513.897,2,0.37650054448831805,1.1,True,True,RATIO_FAILED,12,1.06,3,0,1,0,0,0,0,0,,1263587
2408:461003998,2026/03/06 08:03:23.998,185.99800000002142,2408:461004000,True,186.0,-2294505.133,2,0.3782561698108836,1.1,True,True,RATIO_FAILED,12,1.06,3,0,1,0,0,0,0,0,,1265727
2408:461004198,2026/03/06 08:03:24.198,186.19799999997485,2408:461004200,True,186.20000000001164,-2294499.689,2,0.36290221823516045,1.1,True,True,RATIO_FAILED,12,1.06,3,0,1,0,0,0,0,0,,1267867
2408:461004398,2026/03/06 08:03:24.398,186.3979999999865,2408:461004400,True,186.40000000002328,-2294497.322,2,0.3792749662184416,1.1,True,True,RATIO_FAILED,12,1.06,3,0,1,0,0,0,0,0,,1270014
2408:461004598,2026/03/06 08:03:24.598,186.59799999999814,2408:461004600,True,186.59999999997672,-2294493.128,2,0.3601149816378097,1.0,True,True,RATIO_FAILED,12,1.04,3,0,1,0,0,0,0,0,,1272153
2408:461004798,2026/03/06 08:03:24.798,186.79800000000978,2408:461004800,True,186.79999999998836,-2294487.434,2,0.37220976612657547,1.0,True,True,RATIO_FAILED,12,1.02,3,0,1,0,0,0,0,0,,1274272
2408:461004998,2026/03/06 08:03:24.998,186.99800000002142,2408:461005000,True,187.0,-2294482.626,2,0.38556047515273134,1.0,True,True,RATIO_FAILED,12,1.0,3,0,1,0,0,0,0,0,,1276392
2408:461005198,2026/03/06 08:03:25.198,187.19799999997485,2408:461005200,True,187.20000000001164,-2294476.722,2,0.37638408574221094,1.0,True,True,RATIO_FAILED,12,1.0,3,0,1,0,0,0,0,0,,1278511
2408:461005398,2026/03/06 08:03:25.398,187.3979999999865,2408:461005400,True,187.40000000002328,-2294471.065,2,0.3984998619824102,1.0,True,True,RATIO_FAILED,12,1.01,3,0,1,0,0,1,0,0,,1280630
2408:461005598,2026/03/06 08:03:25.598,187.59799999999814,2408:461005600,True,187.59999999997672,-2294464.58,2,0.38575064484716026,1.0,True,True,RATIO_FAILED,12,1.01,3,0,1,0,0,0,0,0,,1282742
2408:461005798,2026/03/06 08:03:25.798,187.79800000000978,2408:461005800,True,187.79999999998836,-2294458.127,2,0.39259758022687813,1.0,True,True,RATIO_FAILED,12,1.01,3,0,1,0,0,1,0,0,,1284881
2408:461005998,2026/03/06 08:03:25.998,187.99800000002142,2408:461006000,True,188.0,-2294451.449,2,0.4052824817334201,1.0,True,True,RATIO_FAILED,12,1.01,3,0,1,0,0,1,0,0,,1287005
2408:461006198,2026/03/06 08:03:26.198,188.19799999997485,2408:461006200,True,188.20000000001164,-2294447.817,2,0.3932021108793797,1.0,True,True,RATIO_FAILED,12,1.0,3,0,1,0,0,1,0,0,,1289102
2408:461006398,2026/03/06 08:03:26.398,188.3979999999865,2408:461006400,True,188.40000000002328,-2294439.738,2,0.40940702241168264,1.0,True,True,RATIO_FAILED,13,1.01,3,0,1,0,0,1,0,0,,1291198
2408:461006598,2026/03/06 08:03:26.598,188.59799999999814,2408:461006600,True,188.59999999997672,-2294434.909,2,0.39502641683816536,1.0,True,True,RATIO_FAILED,13,1.02,3,0,1,0,0,1,0,0,,1293320
2408:461006798,2026/03/06 08:03:26.798,188.79800000000978,2408:461006800,True,188.79999999998836,-2294428.013,2,0.40209542399783665,1.0,True,True,RATIO_FAILED,14,1.0,3,0,1,0,0,1,0,0,,1295433
2408:461006998,2026/03/06 08:03:26.998,188.99800000002142,2408:461007000,True,189.0,-2294421.377,2,0.40996083959324703,1.0,True,True,RATIO_FAILED,14,1.0,3,0,1,0,0,1,0,0,,1297564
2408:461007198,2026/03/06 08:03:27.198,189.19799999997485,2408:461007200,True,189.20000000001164,-2294417.06,2,0.4047063750424498,1.0,True,True,RATIO_FAILED,14,1.0,3,0,1,0,0,1,0,0,,1299713
2408:461007398,2026/03/06 08:03:27.398,189.3979999999865,2408:461007400,True,189.40000000002328,-2294409.042,2,0.4207617259209777,1.0,True,True,RATIO_FAILED,14,1.01,3,0,1,0,0,1,0,0,,1301863
2408:461007598,2026/03/06 08:03:27.598,189.59799999999814,2408:461007600,True,189.59999999997672,-2294403.044,2,0.39649798234038974,1.0,True,True,RATIO_FAILED,14,1.01,3,0,1,0,0,1,0,0,,1304013
2408:461007798,2026/03/06 08:03:27.798,189.79800000000978,2408:461007800,True,189.79999999998836,-2294399.392,2,0.4002251991067029,1.0,True,True,RATIO_FAILED,14,1.01,3,0,1,0,0,1,0,0,,1306134
2408:461007998,2026/03/06 08:03:27.998,189.99800000002142,2408:461008000,True,190.0,-2294393.58,2,0.40816399890240196,1.0,True,True,RATIO_FAILED,16,1.01,3,0,1,0,0,1,0,0,,1308215
2408:461008198,2026/03/06 08:03:28.198,190.19799999997485,2408:461008200,True,190.20000000001164,-2294388.764,2,0.39581845586076453,1.0,True,True,RATIO_FAILED,14,1.01,3,0,1,0,0,1,0,0,,1310300
2408:461008398,2026/03/06 08:03:28.398,190.3979999999865,2408:461008400,True,190.40000000002328,-2294383.12,2,0.41427341213261565,1.0,True,True,RATIO_FAILED,14,1.02,3,0,1,0,0,1,0,0,,1312369
2408:461008598,2026/03/06 08:03:28.598,190.59799999999814,2408:461008600,True,190.59999999997672,-2294376.588,2,0.3899727811014507,1.0,True,True,RATIO_FAILED,14,1.03,3,0,1,0,0,0,0,0,,1314438
2408:461008798,2026/03/06 08:03:28.798,190.79800000000978,2408:461008800,True,190.79999999998836,-2294370.566,2,0.3984584419986606,1.0,True,True,RATIO_FAILED,13,1.04,3,0,1,0,0,1,0,0,,1316506
2408:461008998,2026/03/06 08:03:28.998,190.99800000002142,2408:461009000,True,191.0,-2294362.705,2,0.3905439795976889,1.1,True,True,RATIO_FAILED,13,1.08,3,0,1,0,0,1,0,0,,1318567
2408:461009198,2026/03/06 08:03:29.198,191.19799999997485,2408:461009200,True,191.20000000001164,-2294357.53,2,0.3899425855174066,1.2,True,True,RATIO_FAILED,12,1.21,3,0,1,0,0,0,0,0,,1320628
2408:461009398,2026/03/06 08:03:29.398,191.3979999999865,2408:461009400,True,191.40000000002328,-2294354.74,2,0.40463828291450626,1.1,True,True,RATIO_FAILED,13,1.08,3,0,1,0,0,1,0,0,,1322682
2408:461009598,2026/03/06 08:03:29.598,191.59799999999814,2408:461009600,True,191.59999999997672,-2294348.273,2,0.39105018859476337,1.0,True,True,RATIO_FAILED,14,1.02,3,0,1,0,0,1,0,0,,1324756
2408:461009798,2026/03/06 08:03:29.798,191.79800000000978,2408:461009800,True,191.79999999998836,-2294342.101,2,0.39425216549817454,1.0,True,True,RATIO_FAILED,13,1.04,3,0,1,0,0,1,0,0,,1326848
2408:461009998,2026/03/06 08:03:29.998,191.99800000002142,2408:461010000,True,192.0,-2294336.034,2,0.4012765380632164,1.1,True,True,RATIO_FAILED,12,1.1,3,0,1,0,0,1,0,0,,1328924
2408:461010198,2026/03/06 08:03:30.198,192.19799999997485,2408:461010200,True,192.20000000001164,-2294329.638,2,0.39413575072555906,1.1,True,True,RATIO_FAILED,13,1.07,3,0,1,0,0,1,0,0,,1330993
2408:461010398,2026/03/06 08:03:30.398,192.3979999999865,2408:461010400,True,192.40000000002328,-2294322.954,2,0.4105158827621655,1.1,True,True,RATIO_FAILED,13,1.1,3,0,1,0,0,1,0,0,,1333069
2408:461010598,2026/03/06 08:03:30.598,192.59799999999814,2408:461010600,True,192.59999999997672,-2294317.091,2,0.3819238929420363,1.1,True,True,RATIO_FAILED,12,1.11,3,0,1,0,0,0,0,0,,1335145
2408:461010798,2026/03/06 08:03:30.798,192.79800000000978,2408:461010800,True,192.79999999998836,-2294310.81,2,0.40039927572362066,1.1,True,True,RATIO_FAILED,13,1.11,3,0,1,0,0,1,0,0,,1337212
2408:461010998,2026/03/06 08:03:30.998,192.99800000002142,2408:461011000,True,193.0,-2294305.556,2,0.41352732678748094,1.1,True,True,RATIO_FAILED,13,1.12,3,0,1,0,0,1,0,0,,1339292
2408:461011198,2026/03/06 08:03:31.198,193.19799999997485,2408:461011200,True,193.20000000001164,-2294298.898,2,0.3840708918936711,1.1,True,True,RATIO_FAILED,11,1.13,3,0,1,0,0,0,0,0,,1341393
2408:461011398,2026/03/06 08:03:31.398,193.3979999999865,2408:461011400,True,193.40000000002328,-2294294.295,2,0.38132335359901576,1.1,True,True,RATIO_FAILED,10,1.14,3,0,1,0,0,0,0,0,,1343477
2408:461011598,2026/03/06 08:03:31.598,193.59799999999814,2408:461011600,True,193.59999999997672,-2294287.674,2,0.36858368113631945,1.0,True,True,RATIO_FAILED,12,1.01,3,0,1,0,0,0,0,0,,1345553
2408:461011798,2026/03/06 08:03:31.798,193.79800000000978,2408:461011800,True,193.79999999998836,-2294281.695,2,0.39042337276346556,1.0,True,True,RATIO_FAILED,13,1.0,3,0,1,0,0,1,0,0,,1347620
2408:461011998,2026/03/06 08:03:31.998,193.99800000002142,2408:461012000,True,194.0,-2294276.088,2,0.37184535764212523,1.0,True,True,RATIO_FAILED,10,1.02,3,0,1,0,0,0,0,0,,1349698
2408:461012198,2026/03/06 08:03:32.198,194.19799999997485,2408:461012200,True,194.20000000001164,-2294269.178,2,0.3742385602794025,1.0,True,True,RATIO_FAILED,10,1.03,3,0,1,0,0,0,0,0,,1351749
2408:461012398,2026/03/06 08:03:32.398,194.3979999999865,2408:461012400,True,194.40000000002328,-2294262.257,2,0.3978419409765642,1.0,True,True,RATIO_FAILED,10,1.03,3,0,1,0,0,1,0,0,,1353786
2408:461012598,2026/03/06 08:03:32.598,194.59799999999814,2408:461012600,True,194.59999999997672,-2294254.995,2,0.3887361444476189,1.0,True,True,RATIO_FAILED,10,1.04,3,0,1,0,0,0,0,0,,1355825
2408:461012798,2026/03/06 08:03:32.798,194.79800000000978,2408:461012800,True,194.79999999998836,-2294250.381,2,0.4074867482507867,1.1,True,True,RATIO_FAILED,10,1.05,3,0,1,0,0,2,0,0,,1357861
2408:461012998,2026/03/06 08:03:32.998,194.99800000002142,2408:461013000,True,195.0,-2294241.907,2,0.43280236829296576,1.1,True,True,RATIO_FAILED,10,1.06,3,0,1,0,0,5,0,0,,1359899
2408:461013198,2026/03/06 08:03:33.198,195.19799999997485,2408:461013200,True,195.20000000001164,-2294236.155,2,0.45544188432773725,1.1,True,True,RATIO_FAILED,10,1.06,3,0,1,0,0,4,0,0,,1361953
2408:461013398,2026/03/06 08:03:33.398,195.3979999999865,2408:461013400,True,195.40000000002328,-2294227.927,2,0.45918547450893954,1.4,True,True,RATIO_FAILED,8,1.44,3,0,1,0,0,4,0,0,,1364001
2408:461013598,2026/03/06 08:03:33.598,195.59799999999814,2408:461013600,True,195.59999999997672,-2294220.093,2,0.4597202845209247,1.1,True,True,RATIO_FAILED,9,1.06,3,0,1,0,0,4,0,0,,1366033
2408:461013798,2026/03/06 08:03:33.798,195.79800000000978,2408:461013800,True,195.79999999998836,-2294212.67,2,0.44456979204619834,1.5,True,True,RATIO_FAILED,9,1.5,3,0,1,0,0,4,0,0,,1368074
2408:461013998,2026/03/06 08:03:33.998,195.99800000002142,,False,,,,,,False,False,NOT_ATTEMPTED,,,0,0,0,0,0,0,0,0,base station position error,1370114
2408:461014198,2026/03/06 08:03:34.198,196.19799999997485,,False,,,,,,False,False,NOT_ATTEMPTED,,,0,0,0,0,0,0,0,0,base station position error,1371156
2408:461014398,2026/03/06 08:03:34.398,196.3979999999865,,False,,,,,,False,False,NOT_ATTEMPTED,,,0,0,0,0,0,0,0,0,base station position error,1372198
2408:461014598,2026/03/06 08:03:34.598,196.59799999999814,2408:461014600,True,196.59999999997672,-2294187.577,2,0.4299086181969373,1.0,True,True,RATIO_FAILED,8,1.01,3,0,1,0,0,3,0,0,,1373240
2408:461014798,2026/03/06 08:03:34.798,196.79800000000978,2408:461014800,True,196.79999999998836,-2294183.794,2,0.4999229240592994,1.0,True,True,RATIO_FAILED,8,1.02,3,0,1,0,0,1,0,0,,1375225
2408:461014998,2026/03/06 08:03:34.998,196.99800000002142,2408:461015000,True,197.0,-2294178.76,2,0.4705262266866747,1.0,True,True,RATIO_FAILED,8,1.03,3,0,1,0,0,2,0,0,,1377200
2408:461015198,2026/03/06 08:03:35.198,197.19799999997485,2408:461015200,True,197.20000000001164,-2294171.308,2,0.40977851334592935,1.0,True,True,RATIO_FAILED,8,1.04,3,0,1,0,0,3,0,0,,1379176
2408:461015398,2026/03/06 08:03:35.398,197.3979999999865,2408:461015400,True,197.40000000002328,-2294164.526,2,0.4715755294753959,1.0,True,True,RATIO_FAILED,7,1.01,3,0,1,0,0,3,0,0,,1381153
2408:461015598,2026/03/06 08:03:35.598,197.59799999999814,2408:461015600,True,197.59999999997672,-2294160.659,2,0.4024152208850952,1.0,True,True,RATIO_FAILED,8,1.01,3,0,1,0,0,2,0,0,,1383169
2408:461015798,2026/03/06 08:03:35.798,197.79800000000978,2408:461015800,True,197.79999999998836,-2294156.447,2,0.4239576511870024,1.0,True,True,RATIO_FAILED,8,1.02,3,0,1,0,0,3,0,0,,1385204
2408:461015998,2026/03/06 08:03:35.998,197.99800000002142,2408:461016000,True,198.0,-2294152.175,2,0.40830984558298367,1.0,True,True,RATIO_FAILED,8,1.03,3,0,1,0,0,2,0,0,,1387228
2408:461016198,2026/03/06 08:03:36.198,198.19799999997485,2408:461016200,True,198.20000000001164,-2294145.351,2,0.4172869875756971,1.0,True,True,RATIO_FAILED,7,1.05,3,0,1,0,0,2,0,0,,1389218
2408:461016398,2026/03/06 08:03:36.398,198.3979999999865,2408:461016400,True,198.40000000002328,-2294138.213,2,0.42751057296866934,1.1,True,True,RATIO_FAILED,7,1.06,3,0,1,0,0,4,0,0,,1391201
2408:461016598,2026/03/06 08:03:36.598,198.59799999999814,2408:461016600,True,198.59999999997672,-2294131.395,2,0.4142566475024873,1.1,True,True,RATIO_FAILED,5,1.08,3,0,1,0,0,3,0,0,,1393186
2408:461016798,2026/03/06 08:03:36.798,198.79800000000978,,False,,,,,,False,False,NOT_ATTEMPTED,,,0,0,0,0,0,0,0,0,point pos error,1395164
2408:461016998,2026/03/06 08:03:36.998,198.99800000002142,,False,,,,,,False,False,NOT_ATTEMPTED,,,0,0,0,0,0,0,0,0,point pos error,1395644
2408:461017198,2026/03/06 08:03:37.198,199.19799999997485,,False,,,,,,False,False,NOT_ATTEMPTED,,,0,0,0,0,0,0,0,0,point pos error,1396124
2408:461017398,2026/03/06 08:03:37.398,199.3979999999865,2408:461017400,True,199.40000000002328,-2294128.582,2,0.6154673265088895,1.0,True,True,RATIO_FAILED,6,1.0,3,0,1,0,0,2,0,0,,1396604
2408:461017598,2026/03/06 08:03:37.598,199.59799999999814,2408:461017600,True,199.59999999997672,-2294122.079,2,0.4642653766974229,1.0,True,True,RATIO_FAILED,7,1.01,3,0,1,0,0,2,0,0,,1398457
2408:461017798,2026/03/06 08:03:37.798,199.79800000000978,2408:461017800,True,199.79999999998836,-2294112.291,2,0.4455669871074382,1.0,True,True,RATIO_FAILED,7,1.0,3,0,1,0,0,2,0,0,,1400317
2408:461017998,2026/03/06 08:03:37.998,199.99800000002142,2408:461018000,True,200.0,-2294105.018,2,0.4111691379469038,1.0,True,True,RATIO_FAILED,7,1.01,3,0,1,0,0,2,0,0,,1402137
2408:461018198,2026/03/06 08:03:38.198,200.19799999997485,2408:461018200,True,200.20000000001164,-2294098.262,2,0.40704457986810244,1.0,True,True,RATIO_FAILED,7,1.02,3,0,1,0,0,4,0,0,,1403955
2408:461018398,2026/03/06 08:03:38.398,200.3979999999865,2408:461018400,True,200.40000000002328,-2294093.774,2,0.4001915666277839,1.0,True,True,RATIO_FAILED,7,1.02,3,0,1,0,0,4,0,0,,1405775
2408:461018598,2026/03/06 08:03:38.598,200.59799999999814,2408:461018600,True,200.59999999997672,-2294083.741,1,0.36960017586575905,4.3,True,True,RATIO_PASS_AND_FIXED_CONDITIONING_SUCCESS,5,4.27,3,0,1,0,1,1,0,0,,1407599
2408:461018798,2026/03/06 08:03:38.798,200.79800000000978,2408:461018800,True,200.79999999998836,-2294073.422,2,0.5017306349028331,1.1,True,True,RATIO_FAILED,6,1.07,3,0,1,0,0,1,0,0,,1409420
2408:461018998,2026/03/06 08:03:38.998,200.99800000002142,,False,,,,,,False,False,NOT_ATTEMPTED,,,0,0,0,0,0,0,0,0,point pos error,1411225
2408:461019198,2026/03/06 08:03:39.198,201.19799999997485,,False,,,,,,False,False,NOT_ATTEMPTED,,,0,0,0,0,0,0,0,0,point pos error,1411682
2408:461019398,2026/03/06 08:03:39.398,201.3979999999865,,False,,,,,,False,False,NOT_ATTEMPTED,,,0,0,0,0,0,0,0,0,point pos error,1412139
2408:461019598,2026/03/06 08:03:39.598,201.59799999999814,,False,,,,,,False,False,NOT_ATTEMPTED,,,0,0,0,0,0,0,0,0,point pos error,1412594
2408:461019798,2026/03/06 08:03:39.798,201.79800000000978,,False,,,,,,False,False,NOT_ATTEMPTED,,,0,0,0,0,0,0,0,0,point pos error,1413028
2408:461019998,2026/03/06 08:03:39.998,201.99800000002142,,False,,,,,,False,False,NOT_ATTEMPTED,,,0,0,0,0,0,0,0,0,point pos error,1413462
2408:461020198,2026/03/06 08:03:40.198,202.19799999997485,,False,,,,,,False,False,NOT_ATTEMPTED,,,0,0,0,0,0,0,0,0,point pos error,1413896
2408:461020398,2026/03/06 08:03:40.398,202.3979999999865,2408:461020400,True,202.40000000002328,-2294013.93,1,0.3616021432458607,7.2,True,True,RATIO_PASS_AND_FIXED_CONDITIONING_SUCCESS,4,7.16,3,0,1,0,1,1,0,0,,1414331
2408:461020598,2026/03/06 08:03:40.598,202.59799999999814,2408:461020600,True,202.59999999997672,-2294010.308,1,0.35565601358616167,7.2,True,True,RATIO_PASS_AND_FIXED_CONDITIONING_SUCCESS,4,7.17,3,0,1,0,1,1,0,0,,1416154
2408:461020798,2026/03/06 08:03:40.798,202.79800000000978,2408:461020800,True,202.79999999998836,-2294005.945,2,0.3937845857826332,1.1,True,True,RATIO_FAILED,5,1.08,3,0,1,0,0,2,0,0,,1417976
2408:461020998,2026/03/06 08:03:40.998,202.99800000002142,2408:461021000,True,203.0,-2294000.103,2,0.3767862125927646,1.1,True,True,RATIO_FAILED,5,1.09,3,0,1,0,0,1,0,0,,1419785
2408:461021198,2026/03/06 08:03:41.198,203.19799999997485,2408:461021200,True,203.20000000001164,-2293995.876,2,0.39347833485466516,1.1,True,True,RATIO_FAILED,6,1.1,3,0,1,0,0,2,0,0,,1421595
2408:461021398,2026/03/06 08:03:41.398,203.3979999999865,2408:461021400,True,203.40000000002328,-2293982.126,2,0.38208612903375594,1.1,True,True,RATIO_FAILED,6,1.11,3,0,1,0,0,1,0,0,,1423412
2408:461021598,2026/03/06 08:03:41.598,203.59799999999814,2408:461021600,True,203.59999999997672,-2293977.894,2,0.5222907810788928,1.4,True,True,RATIO_FAILED,5,1.37,3,0,1,0,0,1,0,0,,1425278
2408:461021798,2026/03/06 08:03:41.798,203.79800000000978,2408:461021800,True,203.79999999998836,-2293972.886,2,0.38823344781200914,1.1,True,True,RATIO_FAILED,6,1.11,3,0,1,0,0,1,0,0,,1427137
2408:461021998,2026/03/06 08:03:41.998,203.99800000002142,2408:461022000,True,204.0,-2293966.931,2,0.3892762129902108,1.1,True,True,RATIO_FAILED,6,1.12,3,0,1,0,0,1,0,0,,1429002
2408:461022198,2026/03/06 08:03:42.198,204.19799999997485,2408:461022200,True,204.20000000001164,-2293960.502,2,0.3797235968438095,1.1,True,True,RATIO_FAILED,6,1.11,3,0,1,0,0,1,0,0,,1430867
2408:461022398,2026/03/06 08:03:42.398,204.3979999999865,2408:461022400,True,204.40000000002328,-2293953.59,2,0.37407135682914827,1.1,True,True,RATIO_FAILED,5,1.12,3,0,1,0,0,1,0,0,,1432732
2408:461022598,2026/03/06 08:03:42.598,204.59799999999814,2408:461022600,True,204.59999999997672,-2293947.673,2,0.3778704672238888,1.1,True,True,RATIO_FAILED,5,1.12,3,0,1,0,0,1,0,0,,1434589
2408:461022798,2026/03/06 08:03:42.798,204.79800000000978,2408:461022800,True,204.79999999998836,-2293942.683,2,0.38428642963289766,1.1,True,True,RATIO_FAILED,5,1.11,3,0,1,0,0,1,0,0,,1436446
2408:461022998,2026/03/06 08:03:42.998,204.99800000002142,2408:461023000,True,205.0,-2293934.418,2,0.37518856592385647,1.1,True,True,RATIO_FAILED,5,1.11,3,0,1,0,0,1,0,0,,1438304
2408:461023198,2026/03/06 08:03:43.198,205.19799999997485,2408:461023200,True,205.20000000001164,-2293927.661,2,0.3879555129135298,1.1,True,True,RATIO_FAILED,5,1.12,3,0,1,0,0,1,0,0,,1440161
2408:461023398,2026/03/06 08:03:43.398,205.3979999999865,2408:461023400,True,205.40000000002328,-2293923.112,2,0.3720117605667864,1.0,True,True,RATIO_FAILED,8,1.02,3,0,1,0,0,1,0,0,,1442018
2408:461023598,2026/03/06 08:03:43.598,205.59799999999814,2408:461023600,True,205.59999999997672,-2293918.325,2,0.3815030406169786,1.0,True,True,RATIO_FAILED,8,1.04,3,0,1,0,0,1,0,0,,1443902
2408:461023798,2026/03/06 08:03:43.798,205.79800000000978,2408:461023800,True,205.79999999998836,-2293909.478,2,0.36963763336543537,1.0,True,True,RATIO_FAILED,6,1.03,3,0,1,0,0,0,0,0,,1445783
2408:461023998,2026/03/06 08:03:43.998,205.99800000002142,2408:461024000,True,206.0,-2293901.337,2,0.3751973080926888,1.0,True,True,RATIO_FAILED,6,1.04,3,0,1,0,0,1,0,0,,1447605
2408:461024198,2026/03/06 08:03:44.198,206.19799999997485,2408:461024200,True,206.20000000001164,-2293895.754,2,0.37389100015913723,1.2,True,True,RATIO_FAILED,6,1.23,3,0,1,0,0,1,0,0,,1449422
2408:461024398,2026/03/06 08:03:44.398,206.3979999999865,2408:461024400,True,206.40000000002328,-2293889.416,2,0.36988016978475613,1.2,True,True,RATIO_FAILED,5,1.25,3,0,1,0,0,1,0,0,,1451238
2408:461024598,2026/03/06 08:03:44.598,206.59799999999814,2408:461024600,True,206.59999999997672,-2293881.987,2,0.370642266882772,1.3,True,True,RATIO_FAILED,5,1.25,3,0,1,0,0,1,0,0,,1453000
2408:461024798,2026/03/06 08:03:44.798,206.79800000000978,2408:461024800,True,206.79999999998836,-2293895.098,2,0.368890512211957,1.2,True,True,RATIO_FAILED,5,1.16,3,0,1,0,0,1,0,0,,1454762
2408:461024998,2026/03/06 08:03:44.998,206.99800000002142,2408:461025000,True,207.0,-2293889.362,2,0.3699895133649061,1.1,True,True,RATIO_FAILED,4,1.12,3,0,1,0,0,1,0,0,,1456431
2408:461025198,2026/03/06 08:03:45.198,207.19799999997485,2408:461025200,True,207.20000000001164,-2293882.548,2,0.3646487899335469,1.1,True,True,RATIO_FAILED,4,1.09,3,0,1,0,0,1,0,0,,1458091
2408:461025398,2026/03/06 08:03:45.398,207.3979999999865,2408:461025400,True,207.40000000002328,-2293877.943,1,0.3676652961594281,11.5,True,True,RATIO_PASS_AND_FIXED_CONDITIONING_SUCCESS,4,11.48,3,0,1,0,1,1,0,0,,1459752
2408:461025598,2026/03/06 08:03:45.598,207.59799999999814,2408:461025600,True,207.59999999997672,-2293870.653,2,0.3719043559841697,1.0,True,True,RATIO_FAILED,5,1.05,3,0,1,0,0,1,0,0,,1461485
2408:461025798,2026/03/06 08:03:45.798,207.79800000000978,2408:461025800,True,207.79999999998836,-2293862.038,2,0.35353714090601573,1.1,True,True,RATIO_FAILED,4,1.07,3,0,1,0,0,0,0,0,,1463153
2408:461025998,2026/03/06 08:03:45.998,207.99800000002142,2408:461026000,True,208.0,-2293854.014,2,0.37171973313236945,1.1,True,True,RATIO_FAILED,5,1.14,3,0,1,0,0,3,0,0,,1464812
2408:461026198,2026/03/06 08:03:46.198,208.19799999997485,2408:461026200,True,208.20000000001164,-2293844.526,2,0.45022236728088044,1.2,True,True,RATIO_FAILED,5,1.21,3,0,1,0,0,2,0,0,,1466482
2408:461026398,2026/03/06 08:03:46.398,208.3979999999865,2408:461026400,True,208.40000000002328,-2293828.283,2,0.3559532132176924,1.1,True,True,RATIO_FAILED,5,1.06,3,0,1,0,0,4,0,0,,1468158
2408:461026598,2026/03/06 08:03:46.598,208.59799999999814,2408:461026600,True,208.59999999997672,-2293820.241,2,0.4530413888377087,1.0,True,True,RATIO_FAILED,6,1.03,3,0,1,0,0,1,0,0,,1469885
2408:461026798,2026/03/06 08:03:46.798,208.79800000000978,2408:461026800,True,208.79999999998836,-2293825.068,2,0.406015282963585,1.0,True,True,RATIO_FAILED,6,1.03,3,0,1,0,0,3,0,0,,1471618
2408:461026998,2026/03/06 08:03:46.998,208.99800000002142,2408:461027000,True,209.0,-2293820.743,2,0.40597153841125366,1.6,True,True,RATIO_FAILED,5,1.64,3,0,1,0,0,3,0,0,,1473303
2408:461027198,2026/03/06 08:03:47.198,209.19799999997485,2408:461027200,True,209.20000000001164,-2293815.495,2,0.43653083510789936,1.5,True,True,RATIO_FAILED,5,1.54,3,0,1,0,0,1,0,0,,1474981
2408:461027398,2026/03/06 08:03:47.398,209.3979999999865,2408:461027400,True,209.40000000002328,-2293800.423,2,0.40135671166681636,1.0,True,True,RATIO_FAILED,6,1.02,3,0,1,0,0,1,0,0,,1476604
2408:461027598,2026/03/06 08:03:47.598,209.59799999999814,2408:461027600,True,209.59999999997672,-2293807.182,2,0.39804394229783224,1.0,True,True,RATIO_FAILED,6,1.0,3,0,1,0,0,3,0,0,,1478279
2408:461027798,2026/03/06 08:03:47.798,209.79800000000978,2408:461027800,True,209.79999999998836,-2293799.803,2,0.3759264954748468,1.1,True,True,RATIO_FAILED,6,1.09,3,0,1,0,0,2,0,0,,1479904
2408:461027998,2026/03/06 08:03:47.998,209.99800000002142,2408:461028000,True,210.0,-2293792.724,2,0.3749846130176544,1.6,True,True,RATIO_FAILED,5,1.64,3,0,1,0,0,0,0,0,,1481529
2408:461028198,2026/03/06 08:03:48.198,210.19799999997485,2408:461028200,True,210.20000000001164,-2293784.037,2,0.37164398286532235,1.5,True,True,RATIO_FAILED,5,1.5,3,0,1,0,0,0,0,0,,1483143
2408:461028398,2026/03/06 08:03:48.398,210.3979999999865,2408:461028400,True,210.40000000002328,-2293776.921,2,0.3717749184654608,1.4,True,True,RATIO_FAILED,5,1.38,3,0,1,0,0,0,0,0,,1484800
2408:461028598,2026/03/06 08:03:48.598,210.59799999999814,2408:461028600,True,210.59999999997672,-2293769.732,2,0.37014713290798296,1.3,True,True,RATIO_FAILED,5,1.27,3,0,1,0,0,1,0,0,,1486481
2408:461028798,2026/03/06 08:03:48.798,210.79800000000978,2408:461028800,True,210.79999999998836,-2293763.79,2,0.3674883535569529,1.3,True,True,RATIO_FAILED,5,1.31,3,0,1,0,0,1,0,0,,1488138
2408:461028998,2026/03/06 08:03:48.998,210.99800000002142,2408:461029000,True,211.0,-2293754.296,2,0.3685615416724865,1.3,True,True,RATIO_FAILED,5,1.35,3,0,1,0,0,1,0,0,,1489753
2408:461029198,2026/03/06 08:03:49.198,211.19799999997485,2408:461029200,True,211.20000000001164,-2293745.495,2,0.3605828753559991,1.4,True,True,RATIO_FAILED,5,1.38,3,0,1,0,0,0,0,0,,1491381
2408:461029398,2026/03/06 08:03:49.398,211.3979999999865,2408:461029400,True,211.40000000002328,-2293741.999,2,0.3575689304176189,1.4,True,True,RATIO_FAILED,4,1.4,3,0,1,0,0,0,0,0,,1492995
2408:461029598,2026/03/06 08:03:49.598,211.59799999999814,2408:461029600,True,211.59999999997672,-2293736.209,2,0.35453035131001126,1.4,True,True,RATIO_FAILED,5,1.39,3,0,1,0,0,0,0,0,,1494602
2408:461029798,2026/03/06 08:03:49.798,211.79800000000978,2408:461029800,True,211.79999999998836,-2293732.361,2,0.3724642935906743,1.5,True,True,RATIO_FAILED,5,1.51,3,0,1,0,0,3,0,0,,1496216
2408:461029998,2026/03/06 08:03:49.998,211.99800000002142,2408:461030000,True,212.0,-2293711.7,2,0.3532239657780881,1.0,True,True,RATIO_FAILED,6,1.02,3,0,1,0,0,0,0,0,,1497868
2408:461030198,2026/03/06 08:03:50.198,212.19799999997485,2408:461030200,True,212.20000000001164,-2293704.803,2,0.3576870419794376,1.0,True,True,RATIO_FAILED,6,1.04,3,0,1,0,0,0,0,0,,1499532
2408:461030398,2026/03/06 08:03:50.398,212.3979999999865,2408:461030400,True,212.40000000002328,-2293699.368,2,0.35949472875134064,1.6,True,True,RATIO_FAILED,4,1.58,3,0,1,0,0,0,0,0,,1501197
2408:461030598,2026/03/06 08:03:50.598,212.59799999999814,2408:461030600,True,212.59999999997672,-2293706.908,2,0.35444747142559785,1.2,True,True,RATIO_FAILED,6,1.16,3,0,1,0,0,3,0,0,,1502845
2408:461030798,2026/03/06 08:03:50.798,212.79800000000978,2408:461030800,True,212.79999999998836,-2293700.484,2,0.3557719072664395,1.7,True,True,RATIO_FAILED,4,1.74,3,0,1,0,0,2,0,0,,1504464
2408:461030998,2026/03/06 08:03:50.998,212.99800000002142,2408:461031000,True,213.0,-2293693.503,2,0.3474949639922858,1.7,True,True,RATIO_FAILED,4,1.74,3,0,1,0,0,2,0,0,,1506066
2408:461031198,2026/03/06 08:03:51.198,213.19799999997485,2408:461031200,True,213.20000000001164,-2293686.584,2,0.3458682263521759,1.7,True,True,RATIO_FAILED,4,1.74,3,0,1,0,0,2,0,0,,1507667
2408:461031398,2026/03/06 08:03:51.398,213.3979999999865,2408:461031400,True,213.40000000002328,-2293679.408,2,0.34664868382845476,1.7,True,True,RATIO_FAILED,4,1.75,3,0,1,0,0,3,0,0,,1509268
2408:461031598,2026/03/06 08:03:51.598,213.59799999999814,,False,,,,,,False,False,NOT_ATTEMPTED,,,0,0,0,0,0,0,0,0,base station position error,1510871
2408:461031798,2026/03/06 08:03:51.798,213.79800000000978,,False,,,,,,False,False,NOT_ATTEMPTED,,,0,0,0,0,0,0,0,0,base station position error,1511751
2408:461031998,2026/03/06 08:03:51.998,213.99800000002142,,False,,,,,,False,False,NOT_ATTEMPTED,,,0,0,0,0,0,0,0,0,point pos error,1512653
2408:461032198,2026/03/06 08:03:52.198,214.19799999997485,,False,,,,,,False,False,NOT_ATTEMPTED,,,0,0,0,0,0,0,0,0,base station position error,1513071
2408:461032398,2026/03/06 08:03:52.398,214.3979999999865,2408:461032400,True,214.40000000002328,-2293639.461,2,0.3616985761652926,1.0,True,True,RATIO_FAILED,7,1.02,3,0,1,0,0,0,0,0,,1513964
2408:461032598,2026/03/06 08:03:52.598,214.59799999999814,2408:461032600,True,214.59999999997672,-2293627.402,2,0.3717390213577262,1.0,True,True,RATIO_FAILED,7,1.0,3,0,1,0,0,0,0,0,,1515664
2408:461032798,2026/03/06 08:03:52.798,214.79800000000978,,False,,,,,,False,False,NOT_ATTEMPTED,,,0,0,0,0,0,0,0,0,point pos error,1517365
2408:461032998,2026/03/06 08:03:52.998,214.99800000002142,,False,,,,,,False,False,NOT_ATTEMPTED,,,0,0,0,0,0,0,0,0,base station position error,1517782
2408:461033198,2026/03/06 08:03:53.198,215.19799999997485,,False,,,,,,False,False,NOT_ATTEMPTED,,,0,0,0,0,0,0,0,0,point pos error,1518647
2408:461033398,2026/03/06 08:03:53.398,215.3979999999865,,False,,,,,,False,False,NOT_ATTEMPTED,,,0,0,0,0,0,0,0,0,point pos error,1519064
2408:461033598,2026/03/06 08:03:53.598,215.59799999999814,,False,,,,,,False,False,NOT_ATTEMPTED,,,0,0,0,0,0,0,0,0,base station position error,1519482
2408:461033798,2026/03/06 08:03:53.798,215.79800000000978,,False,,,,,,False,False,NOT_ATTEMPTED,,,0,0,0,0,0,0,0,0,base station position error,1520364
2408:461033998,2026/03/06 08:03:53.998,215.99800000002142,,False,,,,,,False,False,NOT_ATTEMPTED,,,0,0,0,0,0,0,0,0,base station position error,1521246
2408:461034198,2026/03/06 08:03:54.198,216.19799999997485,,False,,,,,,False,False,NOT_ATTEMPTED,,,0,0,0,0,0,0,0,0,base station position error,1522139
2408:461034398,2026/03/06 08:03:54.398,216.3979999999865,,False,,,,,,False,False,NOT_ATTEMPTED,,,0,0,0,0,0,0,0,0,base station position error,1523045
2408:461034598,2026/03/06 08:03:54.598,216.59799999999814,,False,,,,,,False,False,NOT_ATTEMPTED,,,0,0,0,0,0,0,0,0,base station position error,1523929
2408:461034798,2026/03/06 08:03:54.798,216.79800000000978,,False,,,,,,False,False,NOT_ATTEMPTED,,,0,0,0,0,0,0,0,0,base station position error,1524813
2408:461034998,2026/03/06 08:03:54.998,216.99800000002142,,False,,,,,,False,False,NOT_ATTEMPTED,,,0,0,0,0,0,0,0,0,base station position error,1525697
2408:461035198,2026/03/06 08:03:55.198,217.19799999997485,,False,,,,,,False,False,NOT_ATTEMPTED,,,0,0,0,0,0,0,0,0,base station position error,1526581
2408:461035398,2026/03/06 08:03:55.398,217.3979999999865,,False,,,,,,False,False,NOT_ATTEMPTED,,,0,0,0,0,0,0,0,0,base station position error,1527474
2408:461035598,2026/03/06 08:03:55.598,217.59799999999814,,False,,,,,,False,False,NOT_ATTEMPTED,,,0,0,0,0,0,0,0,0,base station position error,1528378
2408:461035798,2026/03/06 08:03:55.798,217.79800000000978,,False,,,,,,False,False,NOT_ATTEMPTED,,,0,0,0,0,0,0,0,0,base station position error,1529271
2408:461035998,2026/03/06 08:03:55.998,217.99800000002142,2408:461036000,True,218.0,-2293527.559,2,0.38169287391828527,1.0,True,True,RATIO_FAILED,6,1.01,3,0,1,0,0,0,0,0,,1530164
2408:461036198,2026/03/06 08:03:56.198,218.19799999997485,,False,,,,,,False,False,NOT_ATTEMPTED,,,0,0,0,0,0,0,0,0,base station position error,1531937
2408:461036398,2026/03/06 08:03:56.398,218.3979999999865,,False,,,,,,False,False,NOT_ATTEMPTED,,,0,0,0,0,0,0,0,0,point pos error,1532863
2408:461036598,2026/03/06 08:03:56.598,218.59799999999814,,False,,,,,,False,False,NOT_ATTEMPTED,,,0,0,0,0,0,0,0,0,point pos error,1533325
2408:461036798,2026/03/06 08:03:56.798,218.79800000000978,,False,,,,,,False,False,NOT_ATTEMPTED,,,0,0,0,0,0,0,0,0,point pos error,1533787
2408:461036998,2026/03/06 08:03:56.998,218.99800000002142,,False,,,,,,False,False,NOT_ATTEMPTED,,,0,0,0,0,0,0,0,0,base station position error,1534248
2408:461037198,2026/03/06 08:03:57.198,219.19799999997485,,False,,,,,,False,False,NOT_ATTEMPTED,,,0,0,0,0,0,0,0,0,base station position error,1535185
2408:461037398,2026/03/06 08:03:57.398,219.3979999999865,,False,,,,,,False,False,NOT_ATTEMPTED,,,0,0,0,0,0,0,0,0,point pos error,1536122
2408:461037598,2026/03/06 08:03:57.598,219.59799999999814,,False,,,,,,False,False,NOT_ATTEMPTED,,,0,0,0,0,0,0,0,0,point pos error,1536549
2408:461037798,2026/03/06 08:03:57.798,219.79800000000978,,False,,,,,,False,False,NOT_ATTEMPTED,,,0,0,0,0,0,0,0,0,point pos error,1536976
2408:461037998,2026/03/06 08:03:57.998,219.99800000002142,,False,,,,,,False,False,NOT_ATTEMPTED,,,0,0,0,0,0,0,0,0,point pos error,1537403
2408:461038198,2026/03/06 08:03:58.198,220.19799999997485,,False,,,,,,False,False,NOT_ATTEMPTED,,,0,0,0,0,0,0,0,0,point pos error,1537852
2408:461038398,2026/03/06 08:03:58.398,220.3979999999865,,False,,,,,,False,False,NOT_ATTEMPTED,,,0,0,0,0,0,0,0,0,point pos error,1538301
2408:461038598,2026/03/06 08:03:58.598,220.59799999999814,,False,,,,,,False,False,NOT_ATTEMPTED,,,0,0,0,0,0,0,0,0,point pos error,1538749
2408:461038798,2026/03/06 08:03:58.798,220.79800000000978,,False,,,,,,False,False,NOT_ATTEMPTED,,,0,0,0,0,0,0,0,0,point pos error,1539198
2408:461038998,2026/03/06 08:03:58.998,220.99800000002142,,False,,,,,,False,False,NOT_ATTEMPTED,,,0,0,0,0,0,0,0,0,point pos error,1539646
2408:461039198,2026/03/06 08:03:59.198,221.19799999997485,,False,,,,,,False,False,NOT_ATTEMPTED,,,0,0,0,0,0,0,0,0,point pos error,1540095
2408:461039398,2026/03/06 08:03:59.398,221.3979999999865,,False,,,,,,False,False,NOT_ATTEMPTED,,,0,0,0,0,0,0,0,0,point pos error,1540544
2408:461039598,2026/03/06 08:03:59.598,221.59799999999814,,False,,,,,,False,False,NOT_ATTEMPTED,,,0,0,0,0,0,0,0,0,point pos error,1541001
2408:461039798,2026/03/06 08:03:59.798,221.79800000000978,,False,,,,,,False,False,NOT_ATTEMPTED,,,0,0,0,0,0,0,0,0,point pos error,1541458
2408:461039998,2026/03/06 08:03:59.998,221.99800000002142,,False,,,,,,False,False,NOT_ATTEMPTED,,,0,0,0,0,0,0,0,0,point pos error,1541914
2408:461040198,2026/03/06 08:04:00.198,222.19799999997485,,False,,,,,,False,False,NOT_ATTEMPTED,,,0,0,0,0,0,0,0,0,point pos error,1542363
2408:461040398,2026/03/06 08:04:00.398,222.3979999999865,,False,,,,,,False,False,NOT_ATTEMPTED,,,0,0,0,0,0,0,0,0,point pos error,1542812
2408:461040598,2026/03/06 08:04:00.598,222.59799999999814,,False,,,,,,False,False,NOT_ATTEMPTED,,,0,0,0,0,0,0,0,0,point pos error,1543261
2408:461040798,2026/03/06 08:04:00.798,222.79800000000978,,False,,,,,,False,False,NOT_ATTEMPTED,,,0,0,0,0,0,0,0,0,point pos error,1543710
2408:461040998,2026/03/06 08:04:00.998,222.99800000002142,,False,,,,,,False,False,NOT_ATTEMPTED,,,0,0,0,0,0,0,0,0,point pos error,1544159
2408:461041198,2026/03/06 08:04:01.198,223.19799999997485,,False,,,,,,False,False,NOT_ATTEMPTED,,,0,0,0,0,0,0,0,0,point pos error,1544630
2408:461041398,2026/03/06 08:04:01.398,223.3979999999865,,False,,,,,,False,False,NOT_ATTEMPTED,,,0,0,0,0,0,0,0,0,point pos error,1545101
2408:461041598,2026/03/06 08:04:01.598,223.59799999999814,,False,,,,,,False,False,NOT_ATTEMPTED,,,0,0,0,0,0,0,0,0,point pos error,1545571
2408:461041798,2026/03/06 08:04:01.798,223.79800000000978,,False,,,,,,False,False,NOT_ATTEMPTED,,,0,0,0,0,0,0,0,0,point pos error,1546019
2408:461041998,2026/03/06 08:04:01.998,223.99800000002142,,False,,,,,,False,False,NOT_ATTEMPTED,,,0,0,0,0,0,0,0,0,point pos error,1546467
2408:461042198,2026/03/06 08:04:02.198,224.19799999997485,,False,,,,,,False,False,NOT_ATTEMPTED,,,0,0,0,0,0,0,0,0,point pos error,1546936
2408:461042398,2026/03/06 08:04:02.398,224.3979999999865,,False,,,,,,False,False,NOT_ATTEMPTED,,,0,0,0,0,0,0,0,0,point pos error,1547398
2408:461042598,2026/03/06 08:04:02.598,224.59799999999814,,False,,,,,,False,False,NOT_ATTEMPTED,,,0,0,0,0,0,0,0,0,point pos error,1547860
2408:461042798,2026/03/06 08:04:02.798,224.79800000000978,,False,,,,,,False,False,NOT_ATTEMPTED,,,0,0,0,0,0,0,0,0,point pos error,1548324
2408:461042998,2026/03/06 08:04:02.998,224.99800000002142,,False,,,,,,False,False,NOT_ATTEMPTED,,,0,0,0,0,0,0,0,0,point pos error,1548776
2408:461043198,2026/03/06 08:04:03.198,225.19799999997485,,False,,,,,,False,False,NOT_ATTEMPTED,,,0,0,0,0,0,0,0,0,point pos error,1549228
2408:461043398,2026/03/06 08:04:03.398,225.3979999999865,,False,,,,,,False,False,NOT_ATTEMPTED,,,0,0,0,0,0,0,0,0,point pos error,1549680
2408:461043598,2026/03/06 08:04:03.598,225.59799999999814,,False,,,,,,False,False,NOT_ATTEMPTED,,,0,0,0,0,0,0,0,0,point pos error,1550132
2408:461043798,2026/03/06 08:04:03.798,225.79800000000978,,False,,,,,,False,False,NOT_ATTEMPTED,,,0,0,0,0,0,0,0,0,point pos error,1550584
2408:461043998,2026/03/06 08:04:03.998,225.99800000002142,,False,,,,,,False,False,NOT_ATTEMPTED,,,0,0,0,0,0,0,0,0,point pos error,1551037
2408:461044198,2026/03/06 08:04:04.198,226.19799999997485,,False,,,,,,False,False,NOT_ATTEMPTED,,,0,0,0,0,0,0,0,0,point pos error,1551489
2408:461044398,2026/03/06 08:04:04.398,226.3979999999865,,False,,,,,,False,False,NOT_ATTEMPTED,,,0,0,0,0,0,0,0,0,point pos error,1551954
2408:461044598,2026/03/06 08:04:04.598,226.59799999999814,,False,,,,,,False,False,NOT_ATTEMPTED,,,0,0,0,0,0,0,0,0,point pos error,1552406
2408:461044798,2026/03/06 08:04:04.798,226.79800000000978,,False,,,,,,False,False,NOT_ATTEMPTED,,,0,0,0,0,0,0,0,0,point pos error,1552854
2408:461044998,2026/03/06 08:04:04.998,226.99800000002142,,False,,,,,,False,False,NOT_ATTEMPTED,,,0,0,0,0,0,0,0,0,point pos error,1553302
2408:461045198,2026/03/06 08:04:05.198,227.19799999997485,,False,,,,,,False,False,NOT_ATTEMPTED,,,0,0,0,0,0,0,0,0,point pos error,1553750
2408:461045398,2026/03/06 08:04:05.398,227.3979999999865,,False,,,,,,False,False,NOT_ATTEMPTED,,,0,0,0,0,0,0,0,0,point pos error,1554220
2408:461045598,2026/03/06 08:04:05.598,227.59799999999814,,False,,,,,,False,False,NOT_ATTEMPTED,,,0,0,0,0,0,0,0,0,point pos error,1554690
2408:461045798,2026/03/06 08:04:05.798,227.79800000000978,,False,,,,,,False,False,NOT_ATTEMPTED,,,0,0,0,0,0,0,0,0,point pos error,1555160
2408:461045998,2026/03/06 08:04:05.998,227.99800000002142,,False,,,,,,False,False,NOT_ATTEMPTED,,,0,0,0,0,0,0,0,0,point pos error,1555645
2408:461046198,2026/03/06 08:04:06.198,228.19799999997485,,False,,,,,,False,False,NOT_ATTEMPTED,,,0,0,0,0,0,0,0,0,point pos error,1556130
2408:461046398,2026/03/06 08:04:06.398,228.3979999999865,,False,,,,,,False,False,NOT_ATTEMPTED,,,0,0,0,0,0,0,0,0,point pos error,1556615
2408:461046598,2026/03/06 08:04:06.598,228.59799999999814,,False,,,,,,False,False,NOT_ATTEMPTED,,,0,0,0,0,0,0,0,0,point pos error,1557100
2408:461046798,2026/03/06 08:04:06.798,228.79800000000978,,False,,,,,,False,False,NOT_ATTEMPTED,,,0,0,0,0,0,0,0,0,point pos error,1557585
2408:461046998,2026/03/06 08:04:06.998,228.99800000002142,,False,,,,,,False,False,NOT_ATTEMPTED,,,0,0,0,0,0,0,0,0,point pos error,1558069
2408:461047198,2026/03/06 08:04:07.198,229.19799999997485,,False,,,,,,False,False,NOT_ATTEMPTED,,,0,0,0,0,0,0,0,0,point pos error,1558553
2408:461047398,2026/03/06 08:04:07.398,229.3979999999865,,False,,,,,,False,False,NOT_ATTEMPTED,,,0,0,0,0,0,0,0,0,point pos error,1559037
2408:461047598,2026/03/06 08:04:07.598,229.59799999999814,,False,,,,,,False,False,NOT_ATTEMPTED,,,0,0,0,0,0,0,0,0,point pos error,1559521
2408:461047798,2026/03/06 08:04:07.798,229.79800000000978,,False,,,,,,False,False,NOT_ATTEMPTED,,,0,0,0,0,0,0,0,0,point pos error,1560006
2408:461047998,2026/03/06 08:04:07.998,229.99800000002142,,False,,,,,,False,False,NOT_ATTEMPTED,,,0,0,0,0,0,0,0,0,point pos error,1560489
2408:461048198,2026/03/06 08:04:08.198,230.19799999997485,,False,,,,,,False,False,NOT_ATTEMPTED,,,0,0,0,0,0,0,0,0,point pos error,1560974
2408:461048398,2026/03/06 08:04:08.398,230.3979999999865,,False,,,,,,False,False,NOT_ATTEMPTED,,,0,0,0,0,0,0,0,0,point pos error,1561459
2408:461048598,2026/03/06 08:04:08.598,230.59799999999814,,False,,,,,,False,False,NOT_ATTEMPTED,,,0,0,0,0,0,0,0,0,point pos error,1561952
2408:461048798,2026/03/06 08:04:08.798,230.79800000000978,,False,,,,,,False,False,NOT_ATTEMPTED,,,0,0,0,0,0,0,0,0,point pos error,1562445
2408:461048998,2026/03/06 08:04:08.998,230.99800000002142,,False,,,,,,False,False,NOT_ATTEMPTED,,,0,0,0,0,0,0,0,0,point pos error,1562938
2408:461049198,2026/03/06 08:04:09.198,231.19799999997485,,False,,,,,,False,False,NOT_ATTEMPTED,,,0,0,0,0,0,0,0,0,point pos error,1563453
2408:461049398,2026/03/06 08:04:09.398,231.3979999999865,,False,,,,,,False,False,NOT_ATTEMPTED,,,0,0,0,0,0,0,0,0,point pos error,1563968
2408:461049598,2026/03/06 08:04:09.598,231.59799999999814,,False,,,,,,False,False,NOT_ATTEMPTED,,,0,0,0,0,0,0,0,0,point pos error,1564486
2408:461049798,2026/03/06 08:04:09.798,231.79800000000978,,False,,,,,,False,False,NOT_ATTEMPTED,,,0,0,0,0,0,0,0,0,point pos error,1565002
2408:461049998,2026/03/06 08:04:09.998,231.99800000002142,,False,,,,,,False,False,NOT_ATTEMPTED,,,0,0,0,0,0,0,0,0,point pos error,1565519
2408:461050198,2026/03/06 08:04:10.198,232.19799999997485,,False,,,,,,False,False,NOT_ATTEMPTED,,,0,0,0,0,0,0,0,0,point pos error,1566036
2408:461050398,2026/03/06 08:04:10.398,232.3979999999865,,False,,,,,,False,False,NOT_ATTEMPTED,,,0,0,0,0,0,0,0,0,point pos error,1566553
2408:461050598,2026/03/06 08:04:10.598,232.59799999999814,,False,,,,,,False,False,NOT_ATTEMPTED,,,0,0,0,0,0,0,0,0,point pos error,1567070
2408:461050798,2026/03/06 08:04:10.798,232.79800000000978,,False,,,,,,False,False,NOT_ATTEMPTED,,,0,0,0,0,0,0,0,0,point pos error,1567588
2408:461050998,2026/03/06 08:04:10.998,232.99800000002142,,False,,,,,,False,False,NOT_ATTEMPTED,,,0,0,0,0,0,0,0,0,point pos error,1568106
2408:461051198,2026/03/06 08:04:11.198,233.19799999997485,,False,,,,,,False,False,NOT_ATTEMPTED,,,0,0,0,0,0,0,0,0,point pos error,1568602
2408:461051398,2026/03/06 08:04:11.398,233.3979999999865,,False,,,,,,False,False,NOT_ATTEMPTED,,,0,0,0,0,0,0,0,0,point pos error,1569098
2408:461051598,2026/03/06 08:04:11.598,233.59799999999814,,False,,,,,,False,False,NOT_ATTEMPTED,,,0,0,0,0,0,0,0,0,point pos error,1569592
2408:461051798,2026/03/06 08:04:11.798,233.79800000000978,,False,,,,,,False,False,NOT_ATTEMPTED,,,0,0,0,0,0,0,0,0,point pos error,1570085
2408:461051998,2026/03/06 08:04:11.998,233.99800000002142,,False,,,,,,False,False,NOT_ATTEMPTED,,,0,0,0,0,0,0,0,0,point pos error,1570578
2408:461052198,2026/03/06 08:04:12.198,234.19799999997485,,False,,,,,,False,False,NOT_ATTEMPTED,,,0,0,0,0,0,0,0,0,point pos error,1571071
2408:461052398,2026/03/06 08:04:12.398,234.3979999999865,,False,,,,,,False,False,NOT_ATTEMPTED,,,0,0,0,0,0,0,0,0,point pos error,1571565
2408:461052598,2026/03/06 08:04:12.598,234.59799999999814,,False,,,,,,False,False,NOT_ATTEMPTED,,,0,0,0,0,0,0,0,0,point pos error,1572037
2408:461052798,2026/03/06 08:04:12.798,234.79800000000978,,False,,,,,,False,False,NOT_ATTEMPTED,,,0,0,0,0,0,0,0,0,point pos error,1572510
2408:461052998,2026/03/06 08:04:12.998,234.99800000002142,,False,,,,,,False,False,NOT_ATTEMPTED,,,0,0,0,0,0,0,0,0,point pos error,1572983
2408:461053198,2026/03/06 08:04:13.198,235.19799999997485,,False,,,,,,False,False,NOT_ATTEMPTED,,,0,0,0,0,0,0,0,0,point pos error,1573456
2408:461053398,2026/03/06 08:04:13.398,235.3979999999865,,False,,,,,,False,False,NOT_ATTEMPTED,,,0,0,0,0,0,0,0,0,point pos error,1573929
2408:461053598,2026/03/06 08:04:13.598,235.59799999999814,,False,,,,,,False,False,NOT_ATTEMPTED,,,0,0,0,0,0,0,0,0,point pos error,1574402
2408:461053798,2026/03/06 08:04:13.798,235.79800000000978,,False,,,,,,False,False,NOT_ATTEMPTED,,,0,0,0,0,0,0,0,0,point pos error,1574875
2408:461053998,2026/03/06 08:04:13.998,235.99800000002142,,False,,,,,,False,False,NOT_ATTEMPTED,,,0,0,0,0,0,0,0,0,point pos error,1575341
2408:461054198,2026/03/06 08:04:14.198,236.19799999997485,,False,,,,,,False,False,NOT_ATTEMPTED,,,0,0,0,0,0,0,0,0,point pos error,1575807
2408:461054398,2026/03/06 08:04:14.398,236.3979999999865,,False,,,,,,False,False,NOT_ATTEMPTED,,,0,0,0,0,0,0,0,0,point pos error,1576273
2408:461054598,2026/03/06 08:04:14.598,236.59799999999814,,False,,,,,,False,False,NOT_ATTEMPTED,,,0,0,0,0,0,0,0,0,point pos error,1576746
2408:461054798,2026/03/06 08:04:14.798,236.79800000000978,,False,,,,,,False,False,NOT_ATTEMPTED,,,0,0,0,0,0,0,0,0,point pos error,1577240
2408:461054998,2026/03/06 08:04:14.998,236.99800000002142,,False,,,,,,False,False,NOT_ATTEMPTED,,,0,0,0,0,0,0,0,0,point pos error,1577734
2408:461055198,2026/03/06 08:04:15.198,237.19799999997485,,False,,,,,,False,False,NOT_ATTEMPTED,,,0,0,0,0,0,0,0,0,point pos error,1578228
2408:461055398,2026/03/06 08:04:15.398,237.3979999999865,,False,,,,,,False,False,NOT_ATTEMPTED,,,0,0,0,0,0,0,0,0,point pos error,1578722
2408:461055598,2026/03/06 08:04:15.598,237.59799999999814,,False,,,,,,False,False,NOT_ATTEMPTED,,,0,0,0,0,0,0,0,0,point pos error,1579217
2408:461055798,2026/03/06 08:04:15.798,237.79800000000978,,False,,,,,,False,False,NOT_ATTEMPTED,,,0,0,0,0,0,0,0,0,point pos error,1579712
2408:461055998,2026/03/06 08:04:15.998,237.99800000002142,,False,,,,,,False,False,NOT_ATTEMPTED,,,0,0,0,0,0,0,0,0,point pos error,1580207
2408:461056198,2026/03/06 08:04:16.198,238.19799999997485,,False,,,,,,False,False,NOT_ATTEMPTED,,,0,0,0,0,0,0,0,0,point pos error,1580701
2408:461056398,2026/03/06 08:04:16.398,238.3979999999865,,False,,,,,,False,False,NOT_ATTEMPTED,,,0,0,0,0,0,0,0,0,point pos error,1581203
2408:461056598,2026/03/06 08:04:16.598,238.59799999999814,,False,,,,,,False,False,NOT_ATTEMPTED,,,0,0,0,0,0,0,0,0,point pos error,1581683
2408:461056798,2026/03/06 08:04:16.798,238.79800000000978,,False,,,,,,False,False,NOT_ATTEMPTED,,,0,0,0,0,0,0,0,0,point pos error,1582157
2408:461056998,2026/03/06 08:04:16.998,238.99800000002142,,False,,,,,,False,False,NOT_ATTEMPTED,,,0,0,0,0,0,0,0,0,point pos error,1582630
2408:461057198,2026/03/06 08:04:17.198,239.19799999997485,,False,,,,,,False,False,NOT_ATTEMPTED,,,0,0,0,0,0,0,0,0,point pos error,1583103
2408:461057398,2026/03/06 08:04:17.398,239.3979999999865,,False,,,,,,False,False,NOT_ATTEMPTED,,,0,0,0,0,0,0,0,0,point pos error,1583569
2408:461057598,2026/03/06 08:04:17.598,239.59799999999814,,False,,,,,,False,False,NOT_ATTEMPTED,,,0,0,0,0,0,0,0,0,point pos error,1584035
2408:461057798,2026/03/06 08:04:17.798,239.79800000000978,,False,,,,,,False,False,NOT_ATTEMPTED,,,0,0,0,0,0,0,0,0,point pos error,1584501
2408:461057998,2026/03/06 08:04:17.998,239.99800000002142,,False,,,,,,False,False,NOT_ATTEMPTED,,,0,0,0,0,0,0,0,0,point pos error,1584968
2408:461058198,2026/03/06 08:04:18.198,240.19799999997485,,False,,,,,,False,False,NOT_ATTEMPTED,,,0,0,0,0,0,0,0,0,point pos error,1585457
2408:461058398,2026/03/06 08:04:18.398,240.3979999999865,,False,,,,,,False,False,NOT_ATTEMPTED,,,0,0,0,0,0,0,0,0,point pos error,1585945
2408:461058598,2026/03/06 08:04:18.598,240.59799999999814,,False,,,,,,False,False,NOT_ATTEMPTED,,,0,0,0,0,0,0,0,0,point pos error,1586432
2408:461058798,2026/03/06 08:04:18.798,240.79800000000978,,False,,,,,,False,False,NOT_ATTEMPTED,,,0,0,0,0,0,0,0,0,point pos error,1586920
2408:461058998,2026/03/06 08:04:18.998,240.99800000002142,,False,,,,,,False,False,NOT_ATTEMPTED,,,0,0,0,0,0,0,0,0,point pos error,1587408
2408:461059198,2026/03/06 08:04:19.198,241.19799999997485,,False,,,,,,False,False,NOT_ATTEMPTED,,,0,0,0,0,0,0,0,0,point pos error,1587896
2408:461059398,2026/03/06 08:04:19.398,241.3979999999865,,False,,,,,,False,False,NOT_ATTEMPTED,,,0,0,0,0,0,0,0,0,point pos error,1588384
2408:461059598,2026/03/06 08:04:19.598,241.59799999999814,,False,,,,,,False,False,NOT_ATTEMPTED,,,0,0,0,0,0,0,0,0,point pos error,1588871
2408:461059798,2026/03/06 08:04:19.798,241.79800000000978,,False,,,,,,False,False,NOT_ATTEMPTED,,,0,0,0,0,0,0,0,0,point pos error,1589358
2408:461059998,2026/03/06 08:04:19.998,241.99800000002142,,False,,,,,,False,False,NOT_ATTEMPTED,,,0,0,0,0,0,0,0,0,point pos error,1589845
2408:461060198,2026/03/06 08:04:20.198,242.19799999997485,,False,,,,,,False,False,NOT_ATTEMPTED,,,0,0,0,0,0,0,0,0,point pos error,1590332
2408:461060398,2026/03/06 08:04:20.398,242.3979999999865,,False,,,,,,False,False,NOT_ATTEMPTED,,,0,0,0,0,0,0,0,0,point pos error,1590840
2408:461060598,2026/03/06 08:04:20.598,242.59799999999814,,False,,,,,,False,False,NOT_ATTEMPTED,,,0,0,0,0,0,0,0,0,point pos error,1591326
2408:461060798,2026/03/06 08:04:20.798,242.79800000000978,,False,,,,,,False,False,NOT_ATTEMPTED,,,0,0,0,0,0,0,0,0,point pos error,1591790
2408:461060998,2026/03/06 08:04:20.998,242.99800000002142,,False,,,,,,False,False,NOT_ATTEMPTED,,,0,0,0,0,0,0,0,0,point pos error,1592254
2408:461061198,2026/03/06 08:04:21.198,243.19799999997485,,False,,,,,,False,False,NOT_ATTEMPTED,,,0,0,0,0,0,0,0,0,point pos error,1592741
2408:461061398,2026/03/06 08:04:21.398,243.3979999999865,,False,,,,,,False,False,NOT_ATTEMPTED,,,0,0,0,0,0,0,0,0,point pos error,1593230
2408:461061598,2026/03/06 08:04:21.598,243.59799999999814,,False,,,,,,False,False,NOT_ATTEMPTED,,,0,0,0,0,0,0,0,0,point pos error,1593719
2408:461061798,2026/03/06 08:04:21.798,243.79800000000978,,False,,,,,,False,False,NOT_ATTEMPTED,,,0,0,0,0,0,0,0,0,point pos error,1594208
2408:461061998,2026/03/06 08:04:21.998,243.99800000002142,,False,,,,,,False,False,NOT_ATTEMPTED,,,0,0,0,0,0,0,0,0,point pos error,1594697
2408:461062198,2026/03/06 08:04:22.198,244.19799999997485,,False,,,,,,False,False,NOT_ATTEMPTED,,,0,0,0,0,0,0,0,0,point pos error,1595186
2408:461062398,2026/03/06 08:04:22.398,244.3979999999865,,False,,,,,,False,False,NOT_ATTEMPTED,,,0,0,0,0,0,0,0,0,point pos error,1595674
2408:461062598,2026/03/06 08:04:22.598,244.59799999999814,,False,,,,,,False,False,NOT_ATTEMPTED,,,0,0,0,0,0,0,0,0,point pos error,1596162
2408:461062798,2026/03/06 08:04:22.798,244.79800000000978,,False,,,,,,False,False,NOT_ATTEMPTED,,,0,0,0,0,0,0,0,0,point pos error,1596656
2408:461062998,2026/03/06 08:04:22.998,244.99800000002142,,False,,,,,,False,False,NOT_ATTEMPTED,,,0,0,0,0,0,0,0,0,point pos error,1597157
2408:461063198,2026/03/06 08:04:23.198,245.19799999997485,,False,,,,,,False,False,NOT_ATTEMPTED,,,0,0,0,0,0,0,0,0,point pos error,1597651
2408:461063398,2026/03/06 08:04:23.398,245.3979999999865,,False,,,,,,False,False,NOT_ATTEMPTED,,,0,0,0,0,0,0,0,0,point pos error,1598145
2408:461063598,2026/03/06 08:04:23.598,245.59799999999814,,False,,,,,,False,False,NOT_ATTEMPTED,,,0,0,0,0,0,0,0,0,point pos error,1598610
2408:461063798,2026/03/06 08:04:23.798,245.79800000000978,,False,,,,,,False,False,NOT_ATTEMPTED,,,0,0,0,0,0,0,0,0,point pos error,1599075
2408:461063998,2026/03/06 08:04:23.998,245.99800000002142,,False,,,,,,False,False,NOT_ATTEMPTED,,,0,0,0,0,0,0,0,0,point pos error,1599540
2408:461064198,2026/03/06 08:04:24.198,246.19799999997485,,False,,,,,,False,False,NOT_ATTEMPTED,,,0,0,0,0,0,0,0,0,point pos error,1600006
2408:461064398,2026/03/06 08:04:24.398,246.3979999999865,,False,,,,,,False,False,NOT_ATTEMPTED,,,0,0,0,0,0,0,0,0,point pos error,1600472
2408:461064598,2026/03/06 08:04:24.598,246.59799999999814,,False,,,,,,False,False,NOT_ATTEMPTED,,,0,0,0,0,0,0,0,0,point pos error,1600945
2408:461064798,2026/03/06 08:04:24.798,246.79800000000978,,False,,,,,,False,False,NOT_ATTEMPTED,,,0,0,0,0,0,0,0,0,point pos error,1601418
2408:461064998,2026/03/06 08:04:24.998,246.99800000002142,,False,,,,,,False,False,NOT_ATTEMPTED,,,0,0,0,0,0,0,0,0,point pos error,1601891
2408:461065198,2026/03/06 08:04:25.198,247.19799999997485,,False,,,,,,False,False,NOT_ATTEMPTED,,,0,0,0,0,0,0,0,0,point pos error,1602364
2408:461065398,2026/03/06 08:04:25.398,247.3979999999865,,False,,,,,,False,False,NOT_ATTEMPTED,,,0,0,0,0,0,0,0,0,point pos error,1602836
2408:461065598,2026/03/06 08:04:25.598,247.59799999999814,,False,,,,,,False,False,NOT_ATTEMPTED,,,0,0,0,0,0,0,0,0,point pos error,1603309
2408:461065798,2026/03/06 08:04:25.798,247.79800000000978,,False,,,,,,False,False,NOT_ATTEMPTED,,,0,0,0,0,0,0,0,0,point pos error,1603782
2408:461065998,2026/03/06 08:04:25.998,247.99800000002142,,False,,,,,,False,False,NOT_ATTEMPTED,,,0,0,0,0,0,0,0,0,point pos error,1604255
2408:461066198,2026/03/06 08:04:26.198,248.19799999997485,,False,,,,,,False,False,NOT_ATTEMPTED,,,0,0,0,0,0,0,0,0,point pos error,1604728
2408:461066398,2026/03/06 08:04:26.398,248.3979999999865,,False,,,,,,False,False,NOT_ATTEMPTED,,,0,0,0,0,0,0,0,0,point pos error,1605202
2408:461066598,2026/03/06 08:04:26.598,248.59799999999814,,False,,,,,,False,False,NOT_ATTEMPTED,,,0,0,0,0,0,0,0,0,point pos error,1605676
2408:461066798,2026/03/06 08:04:26.798,248.79800000000978,,False,,,,,,False,False,NOT_ATTEMPTED,,,0,0,0,0,0,0,0,0,point pos error,1606150
2408:461066998,2026/03/06 08:04:26.998,248.99800000002142,,False,,,,,,False,False,NOT_ATTEMPTED,,,0,0,0,0,0,0,0,0,point pos error,1606624
2408:461067198,2026/03/06 08:04:27.198,249.19799999997485,,False,,,,,,False,False,NOT_ATTEMPTED,,,0,0,0,0,0,0,0,0,point pos error,1607097
2408:461067398,2026/03/06 08:04:27.398,249.3979999999865,,False,,,,,,False,False,NOT_ATTEMPTED,,,0,0,0,0,0,0,0,0,point pos error,1607570
2408:461067598,2026/03/06 08:04:27.598,249.59799999999814,,False,,,,,,False,False,NOT_ATTEMPTED,,,0,0,0,0,0,0,0,0,point pos error,1608044
2408:461067798,2026/03/06 08:04:27.798,249.79800000000978,,False,,,,,,False,False,NOT_ATTEMPTED,,,0,0,0,0,0,0,0,0,point pos error,1608517
2408:461067998,2026/03/06 08:04:27.998,249.99800000002142,,False,,,,,,False,False,NOT_ATTEMPTED,,,0,0,0,0,0,0,0,0,point pos error,1608990
2408:461068198,2026/03/06 08:04:28.198,250.19799999997485,,False,,,,,,False,False,NOT_ATTEMPTED,,,0,0,0,0,0,0,0,0,point pos error,1609463
2408:461068398,2026/03/06 08:04:28.398,250.3979999999865,,False,,,,,,False,False,NOT_ATTEMPTED,,,0,0,0,0,0,0,0,0,point pos error,1609936
2408:461068598,2026/03/06 08:04:28.598,250.59799999999814,,False,,,,,,False,False,NOT_ATTEMPTED,,,0,0,0,0,0,0,0,0,point pos error,1610409
2408:461068798,2026/03/06 08:04:28.798,250.79800000000978,,False,,,,,,False,False,NOT_ATTEMPTED,,,0,0,0,0,0,0,0,0,point pos error,1610860
2408:461068998,2026/03/06 08:04:28.998,250.99800000002142,,False,,,,,,False,False,NOT_ATTEMPTED,,,0,0,0,0,0,0,0,0,point pos error,1611312
2408:461069198,2026/03/06 08:04:29.198,251.19799999997485,,False,,,,,,False,False,NOT_ATTEMPTED,,,0,0,0,0,0,0,0,0,point pos error,1611764
2408:461069398,2026/03/06 08:04:29.398,251.3979999999865,,False,,,,,,False,False,NOT_ATTEMPTED,,,0,0,0,0,0,0,0,0,point pos error,1612216
2408:461069598,2026/03/06 08:04:29.598,251.59799999999814,,False,,,,,,False,False,NOT_ATTEMPTED,,,0,0,0,0,0,0,0,0,point pos error,1612668
2408:461069798,2026/03/06 08:04:29.798,251.79800000000978,,False,,,,,,False,False,NOT_ATTEMPTED,,,0,0,0,0,0,0,0,0,base station position error,1613119
2408:461069998,2026/03/06 08:04:29.998,251.99800000002142,,False,,,,,,False,False,NOT_ATTEMPTED,,,0,0,0,0,0,0,0,0,base station position error,1614099
2408:461070198,2026/03/06 08:04:30.198,252.19799999997485,,False,,,,,,False,False,NOT_ATTEMPTED,,,0,0,0,0,0,0,0,0,base station position error,1615079
2408:461070398,2026/03/06 08:04:30.398,252.3979999999865,,False,,,,,,False,False,NOT_ATTEMPTED,,,0,0,0,0,0,0,0,0,point pos error,1616059
2408:461070598,2026/03/06 08:04:30.598,252.59799999999814,,False,,,,,,False,False,NOT_ATTEMPTED,,,0,0,0,0,0,0,0,0,point pos error,1616510
2408:461070798,2026/03/06 08:04:30.798,252.79800000000978,,False,,,,,,False,False,NOT_ATTEMPTED,,,0,0,0,0,0,0,0,0,point pos error,1616961
2408:461070998,2026/03/06 08:04:30.998,252.99800000002142,,False,,,,,,False,False,NOT_ATTEMPTED,,,0,0,0,0,0,0,0,0,point pos error,1617434
2408:461071198,2026/03/06 08:04:31.198,253.19799999997485,,False,,,,,,False,False,NOT_ATTEMPTED,,,0,0,0,0,0,0,0,0,point pos error,1617907
2408:461071398,2026/03/06 08:04:31.398,253.3979999999865,,False,,,,,,False,False,NOT_ATTEMPTED,,,0,0,0,0,0,0,0,0,point pos error,1618358
2408:461071598,2026/03/06 08:04:31.598,253.59799999999814,,False,,,,,,False,False,NOT_ATTEMPTED,,,0,0,0,0,0,0,0,0,point pos error,1618810
2408:461071798,2026/03/06 08:04:31.798,253.79800000000978,,False,,,,,,False,False,NOT_ATTEMPTED,,,0,0,0,0,0,0,0,0,point pos error,1619263
2408:461071998,2026/03/06 08:04:31.998,253.99800000002142,,False,,,,,,False,False,NOT_ATTEMPTED,,,0,0,0,0,0,0,0,0,base station position error,1619716
2408:461072198,2026/03/06 08:04:32.198,254.19799999997485,,False,,,,,,False,False,NOT_ATTEMPTED,,,0,0,0,0,0,0,0,0,base station position error,1620746
2408:461072398,2026/03/06 08:04:32.398,254.3979999999865,,False,,,,,,False,False,NOT_ATTEMPTED,,,0,0,0,0,0,0,0,0,base station position error,1621776
2408:461072598,2026/03/06 08:04:32.598,254.59799999999814,,False,,,,,,False,False,NOT_ATTEMPTED,,,0,0,0,0,0,0,0,0,base station position error,1622806
2408:461072798,2026/03/06 08:04:32.798,254.79800000000978,,False,,,,,,False,False,NOT_ATTEMPTED,,,0,0,0,0,0,0,0,0,base station position error,1623836
2408:461072998,2026/03/06 08:04:32.998,254.99800000002142,,False,,,,,,False,False,NOT_ATTEMPTED,,,0,0,0,0,0,0,0,0,base station position error,1624866
2408:461073198,2026/03/06 08:04:33.198,255.19799999997485,,False,,,,,,False,False,NOT_ATTEMPTED,,,0,0,0,0,0,0,0,0,base station position error,1625896
2408:461073398,2026/03/06 08:04:33.398,255.3979999999865,,False,,,,,,False,False,NOT_ATTEMPTED,,,0,0,0,0,0,0,0,0,base station position error,1626876
2408:461073598,2026/03/06 08:04:33.598,255.59799999999814,,False,,,,,,False,False,NOT_ATTEMPTED,,,0,0,0,0,0,0,0,0,base station position error,1627856
2408:461073798,2026/03/06 08:04:33.798,255.79800000000978,,False,,,,,,False,False,NOT_ATTEMPTED,,,0,0,0,0,0,0,0,0,base station position error,1628836
2408:461073998,2026/03/06 08:04:33.998,255.99800000002142,2408:461074000,True,256.0,-2292407.485,2,17.38554197285779,1.0,True,True,RATIO_FAILED,5,1.04,3,0,1,0,0,2,0,0,,1629816
2408:461074198,2026/03/06 08:04:34.198,256.19799999997485,,False,,,,,,False,False,NOT_ATTEMPTED,,,0,0,0,0,0,0,0,0,point pos error,1631663
2408:461074398,2026/03/06 08:04:34.398,256.3979999999865,,False,,,,,,False,False,NOT_ATTEMPTED,,,0,0,0,0,0,0,0,0,point pos error,1632114
2408:461074598,2026/03/06 08:04:34.598,256.59799999999814,,False,,,,,,False,False,NOT_ATTEMPTED,,,0,0,0,0,0,0,0,0,point pos error,1632566
2408:461074798,2026/03/06 08:04:34.798,256.7980000000098,,False,,,,,,False,False,NOT_ATTEMPTED,,,0,0,0,0,0,0,0,0,base station position error,1633018
2408:461074998,2026/03/06 08:04:34.998,256.9980000000214,,False,,,,,,False,False,NOT_ATTEMPTED,,,0,0,0,0,0,0,0,0,base station position error,1634020
2408:461075198,2026/03/06 08:04:35.198,257.19799999997485,,False,,,,,,False,False,NOT_ATTEMPTED,,,0,0,0,0,0,0,0,0,base station position error,1635007
2408:461075398,2026/03/06 08:04:35.398,257.3979999999865,,False,,,,,,False,False,NOT_ATTEMPTED,,,0,0,0,0,0,0,0,0,base station position error,1635994
2408:461075598,2026/03/06 08:04:35.598,257.59799999999814,,False,,,,,,False,False,NOT_ATTEMPTED,,,0,0,0,0,0,0,0,0,base station position error,1636981
2408:461075798,2026/03/06 08:04:35.798,257.7980000000098,,False,,,,,,False,False,NOT_ATTEMPTED,,,0,0,0,0,0,0,0,0,base station position error,1637968
2408:461075998,2026/03/06 08:04:35.998,257.9980000000214,,False,,,,,,False,False,NOT_ATTEMPTED,,,0,0,0,0,0,0,0,0,base station position error,1638955
2408:461076198,2026/03/06 08:04:36.198,258.19799999997485,,False,,,,,,False,False,NOT_ATTEMPTED,,,0,0,0,0,0,0,0,0,point pos error,1639970
2408:461076398,2026/03/06 08:04:36.398,258.3979999999865,,False,,,,,,False,False,NOT_ATTEMPTED,,,0,0,0,0,0,0,0,0,point pos error,1640407
2408:461076598,2026/03/06 08:04:36.598,258.59799999999814,,False,,,,,,False,False,NOT_ATTEMPTED,,,0,0,0,0,0,0,0,0,point pos error,1640843
2408:461076798,2026/03/06 08:04:36.798,258.7980000000098,,False,,,,,,False,False,NOT_ATTEMPTED,,,0,0,0,0,0,0,0,0,point pos error,1641301
2408:461076998,2026/03/06 08:04:36.998,258.9980000000214,,False,,,,,,False,False,NOT_ATTEMPTED,,,0,0,0,0,0,0,0,0,point pos error,1641759
2408:461077198,2026/03/06 08:04:37.198,259.19799999997485,,False,,,,,,False,False,NOT_ATTEMPTED,,,0,0,0,0,0,0,0,0,point pos error,1642218
2408:461077398,2026/03/06 08:04:37.398,259.3979999999865,,False,,,,,,False,False,NOT_ATTEMPTED,,,0,0,0,0,0,0,0,0,point pos error,1642655
2408:461077598,2026/03/06 08:04:37.598,259.59799999999814,,False,,,,,,False,False,NOT_ATTEMPTED,,,0,0,0,0,0,0,0,0,point pos error,1643069
2408:461077798,2026/03/06 08:04:37.798,259.7980000000098,,False,,,,,,False,False,NOT_ATTEMPTED,,,0,0,0,0,0,0,0,0,point pos error,1643483
2408:461077998,2026/03/06 08:04:37.998,259.9980000000214,,False,,,,,,False,False,NOT_ATTEMPTED,,,0,0,0,0,0,0,0,0,base station position error,1643874
2408:461078198,2026/03/06 08:04:38.198,260.19799999997485,,False,,,,,,False,False,NOT_ATTEMPTED,,,0,0,0,0,0,0,0,0,base station position error,1644761
2408:461078398,2026/03/06 08:04:38.398,260.3979999999865,,False,,,,,,False,False,NOT_ATTEMPTED,,,0,0,0,0,0,0,0,0,base station position error,1645648
2408:461078598,2026/03/06 08:04:38.598,260.59799999999814,,False,,,,,,False,False,NOT_ATTEMPTED,,,0,0,0,0,0,0,0,0,base station position error,1646535
2408:461078798,2026/03/06 08:04:38.798,260.7980000000098,,False,,,,,,False,False,NOT_ATTEMPTED,,,0,0,0,0,0,0,0,0,point pos error,1647422
2408:461078998,2026/03/06 08:04:38.998,260.9980000000214,,False,,,,,,False,False,NOT_ATTEMPTED,,,0,0,0,0,0,0,0,0,point pos error,1647836
2408:461079198,2026/03/06 08:04:39.198,261.19799999997485,,False,,,,,,False,False,NOT_ATTEMPTED,,,0,0,0,0,0,0,0,0,base station position error,1648249
2408:461079398,2026/03/06 08:04:39.398,261.3979999999865,,False,,,,,,False,False,NOT_ATTEMPTED,,,0,0,0,0,0,0,0,0,base station position error,1649158
2408:461079598,2026/03/06 08:04:39.598,261.59799999999814,,False,,,,,,False,False,NOT_ATTEMPTED,,,0,0,0,0,0,0,0,0,point pos error,1650067
2408:461079798,2026/03/06 08:04:39.798,261.7980000000098,2408:461079800,True,261.79999999998836,-2292224.53,2,20.26740506034258,1.0,True,True,RATIO_FAILED,10,1.01,3,0,1,0,0,13,0,0,,1650457
2408:461079998,2026/03/06 08:04:39.998,261.9980000000214,2408:461080000,True,262.0,-2292217.561,2,13.253450190044854,1.1,True,True,RATIO_FAILED,9,1.06,3,0,1,0,0,14,0,0,,1652150
2408:461080198,2026/03/06 08:04:40.198,262.19799999997485,,False,,,,,,False,False,NOT_ATTEMPTED,,,0,0,0,0,0,0,0,0,point pos error,1653825
2408:461080398,2026/03/06 08:04:40.398,262.3979999999865,,False,,,,,,False,False,NOT_ATTEMPTED,,,0,0,0,0,0,0,0,0,point pos error,1654214
2408:461080598,2026/03/06 08:04:40.598,262.59799999999814,,False,,,,,,False,False,NOT_ATTEMPTED,,,0,0,0,0,0,0,0,0,point pos error,1654603
2408:461080798,2026/03/06 08:04:40.798,262.7980000000098,2408:461080800,True,262.79999999998836,-2292191.458,2,12.358399393125309,1.0,True,True,RATIO_FAILED,8,1.01,3,0,1,0,0,13,0,0,,1655014
2408:461080998,2026/03/06 08:04:40.998,262.9980000000214,,False,,,,,,False,False,NOT_ATTEMPTED,,,0,0,0,0,0,0,0,0,point pos error,1656733
2408:461081198,2026/03/06 08:04:41.198,263.19799999997485,,False,,,,,,False,False,NOT_ATTEMPTED,,,0,0,0,0,0,0,0,0,base station position error,1657146
2408:461081398,2026/03/06 08:04:41.398,263.3979999999865,,False,,,,,,False,False,NOT_ATTEMPTED,,,0,0,0,0,0,0,0,0,base station position error,1658066
2408:461081598,2026/03/06 08:04:41.598,263.59799999999814,,False,,,,,,False,False,NOT_ATTEMPTED,,,0,0,0,0,0,0,0,0,base station position error,1658986
2408:461081798,2026/03/06 08:04:41.798,263.7980000000098,,False,,,,,,False,False,NOT_ATTEMPTED,,,0,0,0,0,0,0,0,0,base station position error,1659906
2408:461081998,2026/03/06 08:04:41.998,263.9980000000214,,False,,,,,,False,False,NOT_ATTEMPTED,,,0,0,0,0,0,0,0,0,point pos error,1660826
2408:461082198,2026/03/06 08:04:42.198,264.19799999997485,,False,,,,,,False,False,NOT_ATTEMPTED,,,0,0,0,0,0,0,0,0,point pos error,1661239
2408:461082398,2026/03/06 08:04:42.398,264.3979999999865,,False,,,,,,False,False,NOT_ATTEMPTED,,,0,0,0,0,0,0,0,0,point pos error,1661645
2408:461082598,2026/03/06 08:04:42.598,264.59799999999814,,False,,,,,,False,False,NOT_ATTEMPTED,,,0,0,0,0,0,0,0,0,point pos error,1662095
2408:461082798,2026/03/06 08:04:42.798,264.7980000000098,,False,,,,,,False,False,NOT_ATTEMPTED,,,0,0,0,0,0,0,0,0,point pos error,1662523
2408:461082998,2026/03/06 08:04:42.998,264.9980000000214,,False,,,,,,False,False,NOT_ATTEMPTED,,,0,0,0,0,0,0,0,0,point pos error,1662951
2408:461083198,2026/03/06 08:04:43.198,265.19799999997485,,False,,,,,,False,False,NOT_ATTEMPTED,,,0,0,0,0,0,0,0,0,point pos error,1663379
2408:461083398,2026/03/06 08:04:43.398,265.3979999999865,,False,,,,,,False,False,NOT_ATTEMPTED,,,0,0,0,0,0,0,0,0,point pos error,1663807
2408:461083598,2026/03/06 08:04:43.598,265.59799999999814,,False,,,,,,False,False,NOT_ATTEMPTED,,,0,0,0,0,0,0,0,0,point pos error,1664213
2408:461083798,2026/03/06 08:04:43.798,265.7980000000098,,False,,,,,,False,False,NOT_ATTEMPTED,,,0,0,0,0,0,0,0,0,point pos error,1664641
2408:461083998,2026/03/06 08:04:43.998,265.9980000000214,,False,,,,,,False,False,NOT_ATTEMPTED,,,0,0,0,0,0,0,0,0,point pos error,1665069
2408:461084198,2026/03/06 08:04:44.198,266.19799999997485,,False,,,,,,False,False,NOT_ATTEMPTED,,,0,0,0,0,0,0,0,0,point pos error,1665474
2408:461084398,2026/03/06 08:04:44.398,266.3979999999865,,False,,,,,,False,False,NOT_ATTEMPTED,,,0,0,0,0,0,0,0,0,point pos error,1665879
2408:461084598,2026/03/06 08:04:44.598,266.59799999999814,,False,,,,,,False,False,NOT_ATTEMPTED,,,0,0,0,0,0,0,0,0,point pos error,1666284
2408:461084798,2026/03/06 08:04:44.798,266.7980000000098,,False,,,,,,False,False,NOT_ATTEMPTED,,,0,0,0,0,0,0,0,0,point pos error,1666711
2408:461084998,2026/03/06 08:04:44.998,266.9980000000214,,False,,,,,,False,False,NOT_ATTEMPTED,,,0,0,0,0,0,0,0,0,point pos error,1667160
2408:461085198,2026/03/06 08:04:45.198,267.19799999997485,,False,,,,,,False,False,NOT_ATTEMPTED,,,0,0,0,0,0,0,0,0,point pos error,1667609
2408:461085398,2026/03/06 08:04:45.398,267.3979999999865,,False,,,,,,False,False,NOT_ATTEMPTED,,,0,0,0,0,0,0,0,0,point pos error,1668058
2408:461085598,2026/03/06 08:04:45.598,267.59799999999814,,False,,,,,,False,False,NOT_ATTEMPTED,,,0,0,0,0,0,0,0,0,point pos error,1668529
2408:461085798,2026/03/06 08:04:45.798,267.7980000000098,,False,,,,,,False,False,NOT_ATTEMPTED,,,0,0,0,0,0,0,0,0,point pos error,1669000
2408:461085998,2026/03/06 08:04:45.998,267.9980000000214,,False,,,,,,False,False,NOT_ATTEMPTED,,,0,0,0,0,0,0,0,0,point pos error,1669471
2408:461086198,2026/03/06 08:04:46.198,268.19799999997485,,False,,,,,,False,False,NOT_ATTEMPTED,,,0,0,0,0,0,0,0,0,point pos error,1669942
2408:461086398,2026/03/06 08:04:46.398,268.3979999999865,,False,,,,,,False,False,NOT_ATTEMPTED,,,0,0,0,0,0,0,0,0,point pos error,1670413
2408:461086598,2026/03/06 08:04:46.598,268.59799999999814,,False,,,,,,False,False,NOT_ATTEMPTED,,,0,0,0,0,0,0,0,0,point pos error,1670884
2408:461086798,2026/03/06 08:04:46.798,268.7980000000098,,False,,,,,,False,False,NOT_ATTEMPTED,,,0,0,0,0,0,0,0,0,point pos error,1671333
2408:461086998,2026/03/06 08:04:46.998,268.9980000000214,,False,,,,,,False,False,NOT_ATTEMPTED,,,0,0,0,0,0,0,0,0,point pos error,1671804
2408:461087198,2026/03/06 08:04:47.198,269.19799999997485,,False,,,,,,False,False,NOT_ATTEMPTED,,,0,0,0,0,0,0,0,0,point pos error,1672275
2408:461087398,2026/03/06 08:04:47.398,269.3979999999865,,False,,,,,,False,False,NOT_ATTEMPTED,,,0,0,0,0,0,0,0,0,point pos error,1672747
2408:461087598,2026/03/06 08:04:47.598,269.59799999999814,,False,,,,,,False,False,NOT_ATTEMPTED,,,0,0,0,0,0,0,0,0,point pos error,1673219
2408:461087798,2026/03/06 08:04:47.798,269.7980000000098,,False,,,,,,False,False,NOT_ATTEMPTED,,,0,0,0,0,0,0,0,0,point pos error,1673692
2408:461087998,2026/03/06 08:04:47.998,269.9980000000214,,False,,,,,,False,False,NOT_ATTEMPTED,,,0,0,0,0,0,0,0,0,point pos error,1674165
2408:461088198,2026/03/06 08:04:48.198,270.19799999997485,,False,,,,,,False,False,NOT_ATTEMPTED,,,0,0,0,0,0,0,0,0,point pos error,1674623
2408:461088398,2026/03/06 08:04:48.398,270.3979999999865,,False,,,,,,False,False,NOT_ATTEMPTED,,,0,0,0,0,0,0,0,0,point pos error,1675103
2408:461088598,2026/03/06 08:04:48.598,270.59799999999814,,False,,,,,,False,False,NOT_ATTEMPTED,,,0,0,0,0,0,0,0,0,point pos error,1675583
2408:461088798,2026/03/06 08:04:48.798,270.7980000000098,,False,,,,,,False,False,NOT_ATTEMPTED,,,0,0,0,0,0,0,0,0,point pos error,1676041
2408:461088998,2026/03/06 08:04:48.998,270.9980000000214,,False,,,,,,False,False,NOT_ATTEMPTED,,,0,0,0,0,0,0,0,0,point pos error,1676496
2408:461089198,2026/03/06 08:04:49.198,271.19799999997485,,False,,,,,,False,False,NOT_ATTEMPTED,,,0,0,0,0,0,0,0,0,point pos error,1676951
2408:461089398,2026/03/06 08:04:49.398,271.3979999999865,,False,,,,,,False,False,NOT_ATTEMPTED,,,0,0,0,0,0,0,0,0,point pos error,1677406
2408:461089598,2026/03/06 08:04:49.598,271.59799999999814,,False,,,,,,False,False,NOT_ATTEMPTED,,,0,0,0,0,0,0,0,0,point pos error,1677861
2408:461089798,2026/03/06 08:04:49.798,271.7980000000098,,False,,,,,,False,False,NOT_ATTEMPTED,,,0,0,0,0,0,0,0,0,point pos error,1678316
2408:461089998,2026/03/06 08:04:49.998,271.9980000000214,,False,,,,,,False,False,NOT_ATTEMPTED,,,0,0,0,0,0,0,0,0,point pos error,1678773
2408:461090198,2026/03/06 08:04:50.198,272.19799999997485,,False,,,,,,False,False,NOT_ATTEMPTED,,,0,0,0,0,0,0,0,0,point pos error,1679230
2408:461090398,2026/03/06 08:04:50.398,272.3979999999865,,False,,,,,,False,False,NOT_ATTEMPTED,,,0,0,0,0,0,0,0,0,point pos error,1679687
2408:461090598,2026/03/06 08:04:50.598,272.59799999999814,,False,,,,,,False,False,NOT_ATTEMPTED,,,0,0,0,0,0,0,0,0,point pos error,1680144
2408:461090798,2026/03/06 08:04:50.798,272.7980000000098,,False,,,,,,False,False,NOT_ATTEMPTED,,,0,0,0,0,0,0,0,0,point pos error,1680601
2408:461090998,2026/03/06 08:04:50.998,272.9980000000214,,False,,,,,,False,False,NOT_ATTEMPTED,,,0,0,0,0,0,0,0,0,point pos error,1681058
2408:461091198,2026/03/06 08:04:51.198,273.19799999997485,,False,,,,,,False,False,NOT_ATTEMPTED,,,0,0,0,0,0,0,0,0,point pos error,1681515
2408:461091398,2026/03/06 08:04:51.398,273.3979999999865,,False,,,,,,False,False,NOT_ATTEMPTED,,,0,0,0,0,0,0,0,0,point pos error,1681995
2408:461091598,2026/03/06 08:04:51.598,273.59799999999814,,False,,,,,,False,False,NOT_ATTEMPTED,,,0,0,0,0,0,0,0,0,point pos error,1682453
2408:461091798,2026/03/06 08:04:51.798,273.7980000000098,,False,,,,,,False,False,NOT_ATTEMPTED,,,0,0,0,0,0,0,0,0,point pos error,1682911
2408:461091998,2026/03/06 08:04:51.998,273.9980000000214,,False,,,,,,False,False,NOT_ATTEMPTED,,,0,0,0,0,0,0,0,0,point pos error,1683369
2408:461092198,2026/03/06 08:04:52.198,274.19799999997485,,False,,,,,,False,False,NOT_ATTEMPTED,,,0,0,0,0,0,0,0,0,point pos error,1683827
2408:461092398,2026/03/06 08:04:52.398,274.3979999999865,,False,,,,,,False,False,NOT_ATTEMPTED,,,0,0,0,0,0,0,0,0,point pos error,1684262
2408:461092598,2026/03/06 08:04:52.598,274.59799999999814,,False,,,,,,False,False,NOT_ATTEMPTED,,,0,0,0,0,0,0,0,0,point pos error,1684697
2408:461092798,2026/03/06 08:04:52.798,274.7980000000098,,False,,,,,,False,False,NOT_ATTEMPTED,,,0,0,0,0,0,0,0,0,point pos error,1685132
2408:461092998,2026/03/06 08:04:52.998,274.9980000000214,,False,,,,,,False,False,NOT_ATTEMPTED,,,0,0,0,0,0,0,0,0,point pos error,1685567
2408:461093198,2026/03/06 08:04:53.198,275.19799999997485,,False,,,,,,False,False,NOT_ATTEMPTED,,,0,0,0,0,0,0,0,0,point pos error,1686002
2408:461093398,2026/03/06 08:04:53.398,275.3979999999865,,False,,,,,,False,False,NOT_ATTEMPTED,,,0,0,0,0,0,0,0,0,point pos error,1686459
2408:461093598,2026/03/06 08:04:53.598,275.59799999999814,,False,,,,,,False,False,NOT_ATTEMPTED,,,0,0,0,0,0,0,0,0,point pos error,1686916
2408:461093798,2026/03/06 08:04:53.798,275.7980000000098,,False,,,,,,False,False,NOT_ATTEMPTED,,,0,0,0,0,0,0,0,0,point pos error,1687373
2408:461093998,2026/03/06 08:04:53.998,275.9980000000214,,False,,,,,,False,False,NOT_ATTEMPTED,,,0,0,0,0,0,0,0,0,point pos error,1687830
2408:461094198,2026/03/06 08:04:54.198,276.19799999997485,,False,,,,,,False,False,NOT_ATTEMPTED,,,0,0,0,0,0,0,0,0,point pos error,1688287
2408:461094398,2026/03/06 08:04:54.398,276.3979999999865,,False,,,,,,False,False,NOT_ATTEMPTED,,,0,0,0,0,0,0,0,0,point pos error,1688744
2408:461094598,2026/03/06 08:04:54.598,276.59799999999814,,False,,,,,,False,False,NOT_ATTEMPTED,,,0,0,0,0,0,0,0,0,point pos error,1689201
2408:461094798,2026/03/06 08:04:54.798,276.7980000000098,,False,,,,,,False,False,NOT_ATTEMPTED,,,0,0,0,0,0,0,0,0,point pos error,1689658
2408:461094998,2026/03/06 08:04:54.998,276.9980000000214,,False,,,,,,False,False,NOT_ATTEMPTED,,,0,0,0,0,0,0,0,0,point pos error,1690115
2408:461095198,2026/03/06 08:04:55.198,277.19799999997485,,False,,,,,,False,False,NOT_ATTEMPTED,,,0,0,0,0,0,0,0,0,point pos error,1690571
2408:461095398,2026/03/06 08:04:55.398,277.3979999999865,,False,,,,,,False,False,NOT_ATTEMPTED,,,0,0,0,0,0,0,0,0,point pos error,1691027
2408:461095598,2026/03/06 08:04:55.598,277.59799999999814,,False,,,,,,False,False,NOT_ATTEMPTED,,,0,0,0,0,0,0,0,0,point pos error,1691483
2408:461095798,2026/03/06 08:04:55.798,277.7980000000098,,False,,,,,,False,False,NOT_ATTEMPTED,,,0,0,0,0,0,0,0,0,point pos error,1691939
2408:461095998,2026/03/06 08:04:55.998,277.9980000000214,,False,,,,,,False,False,NOT_ATTEMPTED,,,0,0,0,0,0,0,0,0,point pos error,1692395
2408:461096198,2026/03/06 08:04:56.198,278.19799999997485,,False,,,,,,False,False,NOT_ATTEMPTED,,,0,0,0,0,0,0,0,0,point pos error,1692851
2408:461096398,2026/03/06 08:04:56.398,278.3979999999865,,False,,,,,,False,False,NOT_ATTEMPTED,,,0,0,0,0,0,0,0,0,point pos error,1693329
2408:461096598,2026/03/06 08:04:56.598,278.59799999999814,,False,,,,,,False,False,NOT_ATTEMPTED,,,0,0,0,0,0,0,0,0,point pos error,1693808
2408:461096798,2026/03/06 08:04:56.798,278.7980000000098,,False,,,,,,False,False,NOT_ATTEMPTED,,,0,0,0,0,0,0,0,0,point pos error,1694288
2408:461096998,2026/03/06 08:04:56.998,278.9980000000214,,False,,,,,,False,False,NOT_ATTEMPTED,,,0,0,0,0,0,0,0,0,point pos error,1694768
2408:461097198,2026/03/06 08:04:57.198,279.19799999997485,,False,,,,,,False,False,NOT_ATTEMPTED,,,0,0,0,0,0,0,0,0,point pos error,1695241
2408:461097398,2026/03/06 08:04:57.398,279.3979999999865,,False,,,,,,False,False,NOT_ATTEMPTED,,,0,0,0,0,0,0,0,0,point pos error,1695714
2408:461097598,2026/03/06 08:04:57.598,279.59799999999814,,False,,,,,,False,False,NOT_ATTEMPTED,,,0,0,0,0,0,0,0,0,point pos error,1696192
2408:461097798,2026/03/06 08:04:57.798,279.7980000000098,,False,,,,,,False,False,NOT_ATTEMPTED,,,0,0,0,0,0,0,0,0,point pos error,1696670
2408:461097998,2026/03/06 08:04:57.998,279.9980000000214,,False,,,,,,False,False,NOT_ATTEMPTED,,,0,0,0,0,0,0,0,0,point pos error,1697104
2408:461098198,2026/03/06 08:04:58.198,280.19799999997485,,False,,,,,,False,False,NOT_ATTEMPTED,,,0,0,0,0,0,0,0,0,point pos error,1697538
2408:461098398,2026/03/06 08:04:58.398,280.3979999999865,,False,,,,,,False,False,NOT_ATTEMPTED,,,0,0,0,0,0,0,0,0,point pos error,1697972
2408:461098598,2026/03/06 08:04:58.598,280.59799999999814,,False,,,,,,False,False,NOT_ATTEMPTED,,,0,0,0,0,0,0,0,0,point pos error,1698407
2408:461098798,2026/03/06 08:04:58.798,280.7980000000098,,False,,,,,,False,False,NOT_ATTEMPTED,,,0,0,0,0,0,0,0,0,point pos error,1698842
2408:461098998,2026/03/06 08:04:58.998,280.9980000000214,,False,,,,,,False,False,NOT_ATTEMPTED,,,0,0,0,0,0,0,0,0,point pos error,1699300
2408:461099198,2026/03/06 08:04:59.198,281.19799999997485,,False,,,,,,False,False,NOT_ATTEMPTED,,,0,0,0,0,0,0,0,0,point pos error,1699758
2408:461099398,2026/03/06 08:04:59.398,281.3979999999865,,False,,,,,,False,False,NOT_ATTEMPTED,,,0,0,0,0,0,0,0,0,point pos error,1700238
2408:461099598,2026/03/06 08:04:59.598,281.59799999999814,,False,,,,,,False,False,NOT_ATTEMPTED,,,0,0,0,0,0,0,0,0,point pos error,1700717
2408:461099798,2026/03/06 08:04:59.798,281.7980000000098,,False,,,,,,False,False,NOT_ATTEMPTED,,,0,0,0,0,0,0,0,0,point pos error,1701197
2408:461099998,2026/03/06 08:04:59.998,281.9980000000214,,False,,,,,,False,False,NOT_ATTEMPTED,,,0,0,0,0,0,0,0,0,point pos error,1701677
2408:461100198,2026/03/06 08:05:00.198,282.19799999997485,,False,,,,,,False,False,NOT_ATTEMPTED,,,0,0,0,0,0,0,0,0,point pos error,1702157
2408:461100398,2026/03/06 08:05:00.398,282.3979999999865,,False,,,,,,False,False,NOT_ATTEMPTED,,,0,0,0,0,0,0,0,0,point pos error,1702637
2408:461100598,2026/03/06 08:05:00.598,282.59799999999814,,False,,,,,,False,False,NOT_ATTEMPTED,,,0,0,0,0,0,0,0,0,point pos error,1703117
2408:461100798,2026/03/06 08:05:00.798,282.7980000000098,,False,,,,,,False,False,NOT_ATTEMPTED,,,0,0,0,0,0,0,0,0,point pos error,1703597
2408:461100998,2026/03/06 08:05:00.998,282.9980000000214,,False,,,,,,False,False,NOT_ATTEMPTED,,,0,0,0,0,0,0,0,0,point pos error,1704077
2408:461101198,2026/03/06 08:05:01.198,283.19799999997485,,False,,,,,,False,False,NOT_ATTEMPTED,,,0,0,0,0,0,0,0,0,point pos error,1704557
2408:461101398,2026/03/06 08:05:01.398,283.3979999999865,,False,,,,,,False,False,NOT_ATTEMPTED,,,0,0,0,0,0,0,0,0,point pos error,1705037
2408:461101598,2026/03/06 08:05:01.598,283.59799999999814,,False,,,,,,False,False,NOT_ATTEMPTED,,,0,0,0,0,0,0,0,0,point pos error,1705517
2408:461101798,2026/03/06 08:05:01.798,283.7980000000098,,False,,,,,,False,False,NOT_ATTEMPTED,,,0,0,0,0,0,0,0,0,point pos error,1705975
2408:461101998,2026/03/06 08:05:01.998,283.9980000000214,,False,,,,,,False,False,NOT_ATTEMPTED,,,0,0,0,0,0,0,0,0,point pos error,1706432
2408:461102198,2026/03/06 08:05:02.198,284.19799999997485,,False,,,,,,False,False,NOT_ATTEMPTED,,,0,0,0,0,0,0,0,0,point pos error,1706888
2408:461102398,2026/03/06 08:05:02.398,284.3979999999865,,False,,,,,,False,False,NOT_ATTEMPTED,,,0,0,0,0,0,0,0,0,point pos error,1707344
2408:461102598,2026/03/06 08:05:02.598,284.59799999999814,,False,,,,,,False,False,NOT_ATTEMPTED,,,0,0,0,0,0,0,0,0,point pos error,1707800
2408:461102798,2026/03/06 08:05:02.798,284.7980000000098,,False,,,,,,False,False,NOT_ATTEMPTED,,,0,0,0,0,0,0,0,0,point pos error,1708256
2408:461102998,2026/03/06 08:05:02.998,284.9980000000214,,False,,,,,,False,False,NOT_ATTEMPTED,,,0,0,0,0,0,0,0,0,point pos error,1708711
2408:461103198,2026/03/06 08:05:03.198,285.19799999997485,,False,,,,,,False,False,NOT_ATTEMPTED,,,0,0,0,0,0,0,0,0,point pos error,1709188
2408:461103398,2026/03/06 08:05:03.398,285.3979999999865,,False,,,,,,False,False,NOT_ATTEMPTED,,,0,0,0,0,0,0,0,0,point pos error,1709642
2408:461103598,2026/03/06 08:05:03.598,285.59799999999814,,False,,,,,,False,False,NOT_ATTEMPTED,,,0,0,0,0,0,0,0,0,point pos error,1710097
2408:461103798,2026/03/06 08:05:03.798,285.7980000000098,,False,,,,,,False,False,NOT_ATTEMPTED,,,0,0,0,0,0,0,0,0,point pos error,1710552
2408:461103998,2026/03/06 08:05:03.998,285.9980000000214,,False,,,,,,False,False,NOT_ATTEMPTED,,,0,0,0,0,0,0,0,0,point pos error,1711029
2408:461104198,2026/03/06 08:05:04.198,286.19799999997485,,False,,,,,,False,False,NOT_ATTEMPTED,,,0,0,0,0,0,0,0,0,point pos error,1711507
2408:461104398,2026/03/06 08:05:04.398,286.3979999999865,,False,,,,,,False,False,NOT_ATTEMPTED,,,0,0,0,0,0,0,0,0,point pos error,1711986
2408:461104598,2026/03/06 08:05:04.598,286.59799999999814,,False,,,,,,False,False,NOT_ATTEMPTED,,,0,0,0,0,0,0,0,0,point pos error,1712459
2408:461104798,2026/03/06 08:05:04.798,286.7980000000098,,False,,,,,,False,False,NOT_ATTEMPTED,,,0,0,0,0,0,0,0,0,point pos error,1712932
2408:461104998,2026/03/06 08:05:04.998,286.9980000000214,,False,,,,,,False,False,NOT_ATTEMPTED,,,0,0,0,0,0,0,0,0,point pos error,1713405
2408:461105198,2026/03/06 08:05:05.198,287.19799999997485,,False,,,,,,False,False,NOT_ATTEMPTED,,,0,0,0,0,0,0,0,0,point pos error,1713900
2408:461105398,2026/03/06 08:05:05.398,287.3979999999865,,False,,,,,,False,False,NOT_ATTEMPTED,,,0,0,0,0,0,0,0,0,point pos error,1714394
2408:461105598,2026/03/06 08:05:05.598,287.59799999999814,,False,,,,,,False,False,NOT_ATTEMPTED,,,0,0,0,0,0,0,0,0,point pos error,1714889
2408:461105798,2026/03/06 08:05:05.798,287.7980000000098,,False,,,,,,False,False,NOT_ATTEMPTED,,,0,0,0,0,0,0,0,0,point pos error,1715384
2408:461105998,2026/03/06 08:05:05.998,287.9980000000214,,False,,,,,,False,False,NOT_ATTEMPTED,,,0,0,0,0,0,0,0,0,point pos error,1715879
2408:461106198,2026/03/06 08:05:06.198,288.19799999997485,,False,,,,,,False,False,NOT_ATTEMPTED,,,0,0,0,0,0,0,0,0,point pos error,1716375
2408:461106398,2026/03/06 08:05:06.398,288.3979999999865,,False,,,,,,False,False,NOT_ATTEMPTED,,,0,0,0,0,0,0,0,0,point pos error,1716870
2408:461106598,2026/03/06 08:05:06.598,288.59799999999814,,False,,,,,,False,False,NOT_ATTEMPTED,,,0,0,0,0,0,0,0,0,point pos error,1717365
2408:461106798,2026/03/06 08:05:06.798,288.7980000000098,,False,,,,,,False,False,NOT_ATTEMPTED,,,0,0,0,0,0,0,0,0,point pos error,1717860
2408:461106998,2026/03/06 08:05:06.998,288.9980000000214,,False,,,,,,False,False,NOT_ATTEMPTED,,,0,0,0,0,0,0,0,0,point pos error,1718357
2408:461107198,2026/03/06 08:05:07.198,289.19799999997485,,False,,,,,,False,False,NOT_ATTEMPTED,,,0,0,0,0,0,0,0,0,point pos error,1718854
2408:461107398,2026/03/06 08:05:07.398,289.3979999999865,,False,,,,,,False,False,NOT_ATTEMPTED,,,0,0,0,0,0,0,0,0,point pos error,1719306
2408:461107598,2026/03/06 08:05:07.598,289.59799999999814,,False,,,,,,False,False,NOT_ATTEMPTED,,,0,0,0,0,0,0,0,0,point pos error,1719764
2408:461107798,2026/03/06 08:05:07.798,289.7980000000098,,False,,,,,,False,False,NOT_ATTEMPTED,,,0,0,0,0,0,0,0,0,point pos error,1720200
2408:461107998,2026/03/06 08:05:07.998,289.9980000000214,,False,,,,,,False,False,NOT_ATTEMPTED,,,0,0,0,0,0,0,0,0,point pos error,1720636
2408:461108198,2026/03/06 08:05:08.198,290.19799999997485,,False,,,,,,False,False,NOT_ATTEMPTED,,,0,0,0,0,0,0,0,0,point pos error,1721072
2408:461108398,2026/03/06 08:05:08.398,290.3979999999865,,False,,,,,,False,False,NOT_ATTEMPTED,,,0,0,0,0,0,0,0,0,point pos error,1721508
2408:461108598,2026/03/06 08:05:08.598,290.59799999999814,,False,,,,,,False,False,NOT_ATTEMPTED,,,0,0,0,0,0,0,0,0,point pos error,1721944
2408:461108798,2026/03/06 08:05:08.798,290.7980000000098,,False,,,,,,False,False,NOT_ATTEMPTED,,,0,0,0,0,0,0,0,0,point pos error,1722379
2408:461108998,2026/03/06 08:05:08.998,290.9980000000214,,False,,,,,,False,False,NOT_ATTEMPTED,,,0,0,0,0,0,0,0,0,point pos error,1722814
2408:461109198,2026/03/06 08:05:09.198,291.19799999997485,,False,,,,,,False,False,NOT_ATTEMPTED,,,0,0,0,0,0,0,0,0,point pos error,1723249
2408:461109398,2026/03/06 08:05:09.398,291.3979999999865,,False,,,,,,False,False,NOT_ATTEMPTED,,,0,0,0,0,0,0,0,0,point pos error,1723685
2408:461109598,2026/03/06 08:05:09.598,291.59799999999814,,False,,,,,,False,False,NOT_ATTEMPTED,,,0,0,0,0,0,0,0,0,point pos error,1724121
2408:461109798,2026/03/06 08:05:09.798,291.7980000000098,,False,,,,,,False,False,NOT_ATTEMPTED,,,0,0,0,0,0,0,0,0,point pos error,1724579
2408:461109998,2026/03/06 08:05:09.998,291.9980000000214,,False,,,,,,False,False,NOT_ATTEMPTED,,,0,0,0,0,0,0,0,0,point pos error,1725037
2408:461110198,2026/03/06 08:05:10.198,292.19799999997485,,False,,,,,,False,False,NOT_ATTEMPTED,,,0,0,0,0,0,0,0,0,point pos error,1725495
2408:461110398,2026/03/06 08:05:10.398,292.3979999999865,,False,,,,,,False,False,NOT_ATTEMPTED,,,0,0,0,0,0,0,0,0,point pos error,1725953
2408:461110598,2026/03/06 08:05:10.598,292.59799999999814,,False,,,,,,False,False,NOT_ATTEMPTED,,,0,0,0,0,0,0,0,0,point pos error,1726411
2408:461110798,2026/03/06 08:05:10.798,292.7980000000098,,False,,,,,,False,False,NOT_ATTEMPTED,,,0,0,0,0,0,0,0,0,point pos error,1726869
2408:461110998,2026/03/06 08:05:10.998,292.9980000000214,,False,,,,,,False,False,NOT_ATTEMPTED,,,0,0,0,0,0,0,0,0,point pos error,1727327
2408:461111198,2026/03/06 08:05:11.198,293.19799999997485,,False,,,,,,False,False,NOT_ATTEMPTED,,,0,0,0,0,0,0,0,0,point pos error,1727785
2408:461111398,2026/03/06 08:05:11.398,293.3979999999865,,False,,,,,,False,False,NOT_ATTEMPTED,,,0,0,0,0,0,0,0,0,point pos error,1728264
2408:461111598,2026/03/06 08:05:11.598,293.59799999999814,,False,,,,,,False,False,NOT_ATTEMPTED,,,0,0,0,0,0,0,0,0,point pos error,1728766
2408:461111798,2026/03/06 08:05:11.798,293.7980000000098,,False,,,,,,False,False,NOT_ATTEMPTED,,,0,0,0,0,0,0,0,0,point pos error,1729267
2408:461111998,2026/03/06 08:05:11.998,293.9980000000214,,False,,,,,,False,False,NOT_ATTEMPTED,,,0,0,0,0,0,0,0,0,point pos error,1729768
2408:461112198,2026/03/06 08:05:12.198,294.19799999997485,,False,,,,,,False,False,NOT_ATTEMPTED,,,0,0,0,0,0,0,0,0,point pos error,1730269
2408:461112398,2026/03/06 08:05:12.398,294.3979999999865,,False,,,,,,False,False,NOT_ATTEMPTED,,,0,0,0,0,0,0,0,0,point pos error,1730770
2408:461112598,2026/03/06 08:05:12.598,294.59799999999814,,False,,,,,,False,False,NOT_ATTEMPTED,,,0,0,0,0,0,0,0,0,point pos error,1731249
2408:461112798,2026/03/06 08:05:12.798,294.7980000000098,,False,,,,,,False,False,NOT_ATTEMPTED,,,0,0,0,0,0,0,0,0,point pos error,1731751
2408:461112998,2026/03/06 08:05:12.998,294.9980000000214,,False,,,,,,False,False,NOT_ATTEMPTED,,,0,0,0,0,0,0,0,0,point pos error,1732253
2408:461113198,2026/03/06 08:05:13.198,295.19799999997485,,False,,,,,,False,False,NOT_ATTEMPTED,,,0,0,0,0,0,0,0,0,point pos error,1732734
2408:461113398,2026/03/06 08:05:13.398,295.3979999999865,,False,,,,,,False,False,NOT_ATTEMPTED,,,0,0,0,0,0,0,0,0,point pos error,1733214
2408:461113598,2026/03/06 08:05:13.598,295.59799999999814,,False,,,,,,False,False,NOT_ATTEMPTED,,,0,0,0,0,0,0,0,0,point pos error,1733694
2408:461113798,2026/03/06 08:05:13.798,295.7980000000098,,False,,,,,,False,False,NOT_ATTEMPTED,,,0,0,0,0,0,0,0,0,point pos error,1734174
2408:461113998,2026/03/06 08:05:13.998,295.9980000000214,,False,,,,,,False,False,NOT_ATTEMPTED,,,0,0,0,0,0,0,0,0,point pos error,1734654
2408:461114198,2026/03/06 08:05:14.198,296.19799999997485,,False,,,,,,False,False,NOT_ATTEMPTED,,,0,0,0,0,0,0,0,0,point pos error,1735133
2408:461114398,2026/03/06 08:05:14.398,296.3979999999865,,False,,,,,,False,False,NOT_ATTEMPTED,,,0,0,0,0,0,0,0,0,point pos error,1735613
2408:461114598,2026/03/06 08:05:14.598,296.59799999999814,,False,,,,,,False,False,NOT_ATTEMPTED,,,0,0,0,0,0,0,0,0,point pos error,1736093
2408:461114798,2026/03/06 08:05:14.798,296.7980000000098,,False,,,,,,False,False,NOT_ATTEMPTED,,,0,0,0,0,0,0,0,0,point pos error,1736573
2408:461114998,2026/03/06 08:05:14.998,296.9980000000214,,False,,,,,,False,False,NOT_ATTEMPTED,,,0,0,0,0,0,0,0,0,point pos error,1737053
2408:461115198,2026/03/06 08:05:15.198,297.19799999997485,,False,,,,,,False,False,NOT_ATTEMPTED,,,0,0,0,0,0,0,0,0,point pos error,1737533
2408:461115398,2026/03/06 08:05:15.398,297.3979999999865,,False,,,,,,False,False,NOT_ATTEMPTED,,,0,0,0,0,0,0,0,0,point pos error,1738013
2408:461115598,2026/03/06 08:05:15.598,297.59799999999814,,False,,,,,,False,False,NOT_ATTEMPTED,,,0,0,0,0,0,0,0,0,point pos error,1738493
2408:461115798,2026/03/06 08:05:15.798,297.7980000000098,,False,,,,,,False,False,NOT_ATTEMPTED,,,0,0,0,0,0,0,0,0,point pos error,1738973
2408:461115998,2026/03/06 08:05:15.998,297.9980000000214,,False,,,,,,False,False,NOT_ATTEMPTED,,,0,0,0,0,0,0,0,0,point pos error,1739431
2408:461116198,2026/03/06 08:05:16.198,298.19799999997485,,False,,,,,,False,False,NOT_ATTEMPTED,,,0,0,0,0,0,0,0,0,point pos error,1739889
2408:461116398,2026/03/06 08:05:16.398,298.3979999999865,,False,,,,,,False,False,NOT_ATTEMPTED,,,0,0,0,0,0,0,0,0,point pos error,1740369
2408:461116598,2026/03/06 08:05:16.598,298.59799999999814,,False,,,,,,False,False,NOT_ATTEMPTED,,,0,0,0,0,0,0,0,0,point pos error,1740848
2408:461116798,2026/03/06 08:05:16.798,298.7980000000098,,False,,,,,,False,False,NOT_ATTEMPTED,,,0,0,0,0,0,0,0,0,point pos error,1741327
2408:461116998,2026/03/06 08:05:16.998,298.9980000000214,,False,,,,,,False,False,NOT_ATTEMPTED,,,0,0,0,0,0,0,0,0,point pos error,1741806
2408:461117198,2026/03/06 08:05:17.198,299.19799999997485,,False,,,,,,False,False,NOT_ATTEMPTED,,,0,0,0,0,0,0,0,0,point pos error,1742284
2408:461117398,2026/03/06 08:05:17.398,299.3979999999865,,False,,,,,,False,False,NOT_ATTEMPTED,,,0,0,0,0,0,0,0,0,point pos error,1742762
2408:461117598,2026/03/06 08:05:17.598,299.59799999999814,,False,,,,,,False,False,NOT_ATTEMPTED,,,0,0,0,0,0,0,0,0,point pos error,1743240
2408:461117798,2026/03/06 08:05:17.798,299.7980000000098,,False,,,,,,False,False,NOT_ATTEMPTED,,,0,0,0,0,0,0,0,0,point pos error,1743719
2408:461117998,2026/03/06 08:05:17.998,299.9980000000214,,False,,,,,,False,False,NOT_ATTEMPTED,,,0,0,0,0,0,0,0,0,point pos error,1744198
2408:461118198,2026/03/06 08:05:18.198,300.19799999997485,,False,,,,,,False,False,NOT_ATTEMPTED,,,0,0,0,0,0,0,0,0,point pos error,1744678
2408:461118398,2026/03/06 08:05:18.398,300.3979999999865,,False,,,,,,False,False,NOT_ATTEMPTED,,,0,0,0,0,0,0,0,0,point pos error,1745158
2408:461118598,2026/03/06 08:05:18.598,300.59799999999814,,False,,,,,,False,False,NOT_ATTEMPTED,,,0,0,0,0,0,0,0,0,point pos error,1745638
2408:461118798,2026/03/06 08:05:18.798,300.7980000000098,,False,,,,,,False,False,NOT_ATTEMPTED,,,0,0,0,0,0,0,0,0,point pos error,1746117
2408:461118998,2026/03/06 08:05:18.998,300.9980000000214,,False,,,,,,False,False,NOT_ATTEMPTED,,,0,0,0,0,0,0,0,0,point pos error,1746596
2408:461119198,2026/03/06 08:05:19.198,301.19799999997485,2408:461119200,True,301.20000000001164,-2291008.325,2,12.86346657165167,1.0,True,True,RATIO_FAILED,6,1.01,3,0,1,0,0,6,0,0,,1747075
2408:461119398,2026/03/06 08:05:19.398,301.3979999999865,,False,,,,,,False,False,NOT_ATTEMPTED,,,0,0,0,0,0,0,0,0,base station position error,1749008
2408:461119598,2026/03/06 08:05:19.598,301.59799999999814,,False,,,,,,False,False,NOT_ATTEMPTED,,,0,0,0,0,0,0,0,0,base station position error,1750000
2408:461119798,2026/03/06 08:05:19.798,301.7980000000098,2408:461119800,True,301.79999999998836,-2290989.637,2,13.448645434764053,1.0,True,True,RATIO_FAILED,6,1.02,3,0,1,0,0,12,0,0,,1750992
2408:461119998,2026/03/06 08:05:19.998,301.9980000000214,,False,,,,,,False,False,NOT_ATTEMPTED,,,0,0,0,0,0,0,0,0,point pos error,1752936
2408:461120198,2026/03/06 08:05:20.198,302.19799999997485,,False,,,,,,False,False,NOT_ATTEMPTED,,,0,0,0,0,0,0,0,0,point pos error,1753415
2408:461120398,2026/03/06 08:05:20.398,302.3979999999865,,False,,,,,,False,False,NOT_ATTEMPTED,,,0,0,0,0,0,0,0,0,point pos error,1753894
2408:461120598,2026/03/06 08:05:20.598,302.59799999999814,,False,,,,,,False,False,NOT_ATTEMPTED,,,0,0,0,0,0,0,0,0,point pos error,1754373
2408:461120798,2026/03/06 08:05:20.798,302.7980000000098,,False,,,,,,False,False,NOT_ATTEMPTED,,,0,0,0,0,0,0,0,0,point pos error,1754853
2408:461120998,2026/03/06 08:05:20.998,302.9980000000214,,False,,,,,,False,False,NOT_ATTEMPTED,,,0,0,0,0,0,0,0,0,point pos error,1755334
2408:461121198,2026/03/06 08:05:21.198,303.19799999997485,,False,,,,,,False,False,NOT_ATTEMPTED,,,0,0,0,0,0,0,0,0,point pos error,1755815
2408:461121398,2026/03/06 08:05:21.398,303.3979999999865,,False,,,,,,False,False,NOT_ATTEMPTED,,,0,0,0,0,0,0,0,0,point pos error,1756318
2408:461121598,2026/03/06 08:05:21.598,303.59799999999814,,False,,,,,,False,False,NOT_ATTEMPTED,,,0,0,0,0,0,0,0,0,point pos error,1756820
2408:461121798,2026/03/06 08:05:21.798,303.7980000000098,,False,,,,,,False,False,NOT_ATTEMPTED,,,0,0,0,0,0,0,0,0,point pos error,1757300
2408:461121998,2026/03/06 08:05:21.998,303.9980000000214,,False,,,,,,False,False,NOT_ATTEMPTED,,,0,0,0,0,0,0,0,0,point pos error,1757780
2408:461122198,2026/03/06 08:05:22.198,304.19799999997485,,False,,,,,,False,False,NOT_ATTEMPTED,,,0,0,0,0,0,0,0,0,point pos error,1758260
2408:461122398,2026/03/06 08:05:22.398,304.3979999999865,,False,,,,,,False,False,NOT_ATTEMPTED,,,0,0,0,0,0,0,0,0,point pos error,1758741
2408:461122598,2026/03/06 08:05:22.598,304.59799999999814,,False,,,,,,False,False,NOT_ATTEMPTED,,,0,0,0,0,0,0,0,0,point pos error,1759222
2408:461122798,2026/03/06 08:05:22.798,304.7980000000098,,False,,,,,,False,False,NOT_ATTEMPTED,,,0,0,0,0,0,0,0,0,point pos error,1759703
2408:461122998,2026/03/06 08:05:22.998,304.9980000000214,,False,,,,,,False,False,NOT_ATTEMPTED,,,0,0,0,0,0,0,0,0,point pos error,1760184
2408:461123198,2026/03/06 08:05:23.198,305.19799999997485,,False,,,,,,False,False,NOT_ATTEMPTED,,,0,0,0,0,0,0,0,0,point pos error,1760665
2408:461123398,2026/03/06 08:05:23.398,305.3979999999865,,False,,,,,,False,False,NOT_ATTEMPTED,,,0,0,0,0,0,0,0,0,point pos error,1761146
2408:461123598,2026/03/06 08:05:23.598,305.59799999999814,,False,,,,,,False,False,NOT_ATTEMPTED,,,0,0,0,0,0,0,0,0,point pos error,1761621
2408:461123798,2026/03/06 08:05:23.798,305.7980000000098,,False,,,,,,False,False,NOT_ATTEMPTED,,,0,0,0,0,0,0,0,0,point pos error,1762074
2408:461123998,2026/03/06 08:05:23.998,305.9980000000214,,False,,,,,,False,False,NOT_ATTEMPTED,,,0,0,0,0,0,0,0,0,point pos error,1762527
2408:461124198,2026/03/06 08:05:24.198,306.19799999997485,,False,,,,,,False,False,NOT_ATTEMPTED,,,0,0,0,0,0,0,0,0,point pos error,1762980
2408:461124398,2026/03/06 08:05:24.398,306.3979999999865,,False,,,,,,False,False,NOT_ATTEMPTED,,,0,0,0,0,0,0,0,0,point pos error,1763433
2408:461124598,2026/03/06 08:05:24.598,306.59799999999814,,False,,,,,,False,False,NOT_ATTEMPTED,,,0,0,0,0,0,0,0,0,point pos error,1763886
2408:461124798,2026/03/06 08:05:24.798,306.7980000000098,,False,,,,,,False,False,NOT_ATTEMPTED,,,0,0,0,0,0,0,0,0,point pos error,1764345
2408:461124998,2026/03/06 08:05:24.998,306.9980000000214,,False,,,,,,False,False,NOT_ATTEMPTED,,,0,0,0,0,0,0,0,0,point pos error,1764804
2408:461125198,2026/03/06 08:05:25.198,307.19799999997485,,False,,,,,,False,False,NOT_ATTEMPTED,,,0,0,0,0,0,0,0,0,point pos error,1765262
2408:461125398,2026/03/06 08:05:25.398,307.3979999999865,,False,,,,,,False,False,NOT_ATTEMPTED,,,0,0,0,0,0,0,0,0,point pos error,1765720
2408:461125598,2026/03/06 08:05:25.598,307.59799999999814,,False,,,,,,False,False,NOT_ATTEMPTED,,,0,0,0,0,0,0,0,0,point pos error,1766172
2408:461125798,2026/03/06 08:05:25.798,307.7980000000098,,False,,,,,,False,False,NOT_ATTEMPTED,,,0,0,0,0,0,0,0,0,point pos error,1766623
2408:461125998,2026/03/06 08:05:25.998,307.9980000000214,,False,,,,,,False,False,NOT_ATTEMPTED,,,0,0,0,0,0,0,0,0,point pos error,1767097
2408:461126198,2026/03/06 08:05:26.198,308.19799999997485,,False,,,,,,False,False,NOT_ATTEMPTED,,,0,0,0,0,0,0,0,0,point pos error,1767571
2408:461126398,2026/03/06 08:05:26.398,308.3979999999865,,False,,,,,,False,False,NOT_ATTEMPTED,,,0,0,0,0,0,0,0,0,point pos error,1768029
2408:461126598,2026/03/06 08:05:26.598,308.59799999999814,,False,,,,,,False,False,NOT_ATTEMPTED,,,0,0,0,0,0,0,0,0,point pos error,1768481
2408:461126798,2026/03/06 08:05:26.798,308.7980000000098,,False,,,,,,False,False,NOT_ATTEMPTED,,,0,0,0,0,0,0,0,0,point pos error,1768934
2408:461126998,2026/03/06 08:05:26.998,308.9980000000214,,False,,,,,,False,False,NOT_ATTEMPTED,,,0,0,0,0,0,0,0,0,point pos error,1769387
2408:461127198,2026/03/06 08:05:27.198,309.19799999997485,,False,,,,,,False,False,NOT_ATTEMPTED,,,0,0,0,0,0,0,0,0,point pos error,1769840
2408:461127398,2026/03/06 08:05:27.398,309.3979999999865,,False,,,,,,False,False,NOT_ATTEMPTED,,,0,0,0,0,0,0,0,0,point pos error,1770293
2408:461127598,2026/03/06 08:05:27.598,309.59799999999814,,False,,,,,,False,False,NOT_ATTEMPTED,,,0,0,0,0,0,0,0,0,point pos error,1770746
2408:461127798,2026/03/06 08:05:27.798,309.7980000000098,,False,,,,,,False,False,NOT_ATTEMPTED,,,0,0,0,0,0,0,0,0,point pos error,1771199
2408:461127998,2026/03/06 08:05:27.998,309.9980000000214,,False,,,,,,False,False,NOT_ATTEMPTED,,,0,0,0,0,0,0,0,0,point pos error,1771652
2408:461128198,2026/03/06 08:05:28.198,310.19799999997485,,False,,,,,,False,False,NOT_ATTEMPTED,,,0,0,0,0,0,0,0,0,point pos error,1772105
2408:461128398,2026/03/06 08:05:28.398,310.3979999999865,,False,,,,,,False,False,NOT_ATTEMPTED,,,0,0,0,0,0,0,0,0,point pos error,1772558
2408:461128598,2026/03/06 08:05:28.598,310.59799999999814,,False,,,,,,False,False,NOT_ATTEMPTED,,,0,0,0,0,0,0,0,0,point pos error,1773011
2408:461128798,2026/03/06 08:05:28.798,310.7980000000098,,False,,,,,,False,False,NOT_ATTEMPTED,,,0,0,0,0,0,0,0,0,point pos error,1773463
2408:461128998,2026/03/06 08:05:28.998,310.9980000000214,,False,,,,,,False,False,NOT_ATTEMPTED,,,0,0,0,0,0,0,0,0,point pos error,1773915
2408:461129198,2026/03/06 08:05:29.198,311.19799999997485,,False,,,,,,False,False,NOT_ATTEMPTED,,,0,0,0,0,0,0,0,0,point pos error,1774366
2408:461129398,2026/03/06 08:05:29.398,311.3979999999865,,False,,,,,,False,False,NOT_ATTEMPTED,,,0,0,0,0,0,0,0,0,point pos error,1774817
2408:461129598,2026/03/06 08:05:29.598,311.59799999999814,,False,,,,,,False,False,NOT_ATTEMPTED,,,0,0,0,0,0,0,0,0,point pos error,1775268
2408:461129798,2026/03/06 08:05:29.798,311.7980000000098,,False,,,,,,False,False,NOT_ATTEMPTED,,,0,0,0,0,0,0,0,0,point pos error,1775726
2408:461129998,2026/03/06 08:05:29.998,311.9980000000214,,False,,,,,,False,False,NOT_ATTEMPTED,,,0,0,0,0,0,0,0,0,point pos error,1776183
2408:461130198,2026/03/06 08:05:30.198,312.19799999997485,,False,,,,,,False,False,NOT_ATTEMPTED,,,0,0,0,0,0,0,0,0,point pos error,1776640
2408:461130398,2026/03/06 08:05:30.398,312.3979999999865,,False,,,,,,False,False,NOT_ATTEMPTED,,,0,0,0,0,0,0,0,0,point pos error,1777098
2408:461130598,2026/03/06 08:05:30.598,312.59799999999814,,False,,,,,,False,False,NOT_ATTEMPTED,,,0,0,0,0,0,0,0,0,point pos error,1777556
2408:461130798,2026/03/06 08:05:30.798,312.7980000000098,,False,,,,,,False,False,NOT_ATTEMPTED,,,0,0,0,0,0,0,0,0,point pos error,1778014
2408:461130998,2026/03/06 08:05:30.998,312.9980000000214,,False,,,,,,False,False,NOT_ATTEMPTED,,,0,0,0,0,0,0,0,0,point pos error,1778472
2408:461131198,2026/03/06 08:05:31.198,313.19799999997485,,False,,,,,,False,False,NOT_ATTEMPTED,,,0,0,0,0,0,0,0,0,point pos error,1778930
2408:461131398,2026/03/06 08:05:31.398,313.3979999999865,,False,,,,,,False,False,NOT_ATTEMPTED,,,0,0,0,0,0,0,0,0,point pos error,1779388
2408:461131598,2026/03/06 08:05:31.598,313.59799999999814,,False,,,,,,False,False,NOT_ATTEMPTED,,,0,0,0,0,0,0,0,0,point pos error,1779846
2408:461131798,2026/03/06 08:05:31.798,313.7980000000098,,False,,,,,,False,False,NOT_ATTEMPTED,,,0,0,0,0,0,0,0,0,point pos error,1780304
2408:461131998,2026/03/06 08:05:31.998,313.9980000000214,,False,,,,,,False,False,NOT_ATTEMPTED,,,0,0,0,0,0,0,0,0,point pos error,1780762
2408:461132198,2026/03/06 08:05:32.198,314.19799999997485,,False,,,,,,False,False,NOT_ATTEMPTED,,,0,0,0,0,0,0,0,0,point pos error,1781220
2408:461132398,2026/03/06 08:05:32.398,314.3979999999865,,False,,,,,,False,False,NOT_ATTEMPTED,,,0,0,0,0,0,0,0,0,point pos error,1781678
2408:461132598,2026/03/06 08:05:32.598,314.59799999999814,,False,,,,,,False,False,NOT_ATTEMPTED,,,0,0,0,0,0,0,0,0,point pos error,1782136
2408:461132798,2026/03/06 08:05:32.798,314.7980000000098,,False,,,,,,False,False,NOT_ATTEMPTED,,,0,0,0,0,0,0,0,0,point pos error,1782594
2408:461132998,2026/03/06 08:05:32.998,314.9980000000214,,False,,,,,,False,False,NOT_ATTEMPTED,,,0,0,0,0,0,0,0,0,point pos error,1783052
2408:461133198,2026/03/06 08:05:33.198,315.19799999997485,,False,,,,,,False,False,NOT_ATTEMPTED,,,0,0,0,0,0,0,0,0,point pos error,1783510
2408:461133398,2026/03/06 08:05:33.398,315.3979999999865,,False,,,,,,False,False,NOT_ATTEMPTED,,,0,0,0,0,0,0,0,0,point pos error,1783962
2408:461133598,2026/03/06 08:05:33.598,315.59799999999814,,False,,,,,,False,False,NOT_ATTEMPTED,,,0,0,0,0,0,0,0,0,point pos error,1784414
2408:461133798,2026/03/06 08:05:33.798,315.7980000000098,,False,,,,,,False,False,NOT_ATTEMPTED,,,0,0,0,0,0,0,0,0,point pos error,1784866
2408:461133998,2026/03/06 08:05:33.998,315.9980000000214,,False,,,,,,False,False,NOT_ATTEMPTED,,,0,0,0,0,0,0,0,0,point pos error,1785318
2408:461134198,2026/03/06 08:05:34.198,316.19799999997485,,False,,,,,,False,False,NOT_ATTEMPTED,,,0,0,0,0,0,0,0,0,point pos error,1785770
2408:461134398,2026/03/06 08:05:34.398,316.3979999999865,,False,,,,,,False,False,NOT_ATTEMPTED,,,0,0,0,0,0,0,0,0,point pos error,1786222
2408:461134598,2026/03/06 08:05:34.598,316.59799999999814,,False,,,,,,False,False,NOT_ATTEMPTED,,,0,0,0,0,0,0,0,0,point pos error,1786674
2408:461134798,2026/03/06 08:05:34.798,316.7980000000098,,False,,,,,,False,False,NOT_ATTEMPTED,,,0,0,0,0,0,0,0,0,point pos error,1787126
2408:461134998,2026/03/06 08:05:34.998,316.9980000000214,,False,,,,,,False,False,NOT_ATTEMPTED,,,0,0,0,0,0,0,0,0,point pos error,1787579
2408:461135198,2026/03/06 08:05:35.198,317.19799999997485,,False,,,,,,False,False,NOT_ATTEMPTED,,,0,0,0,0,0,0,0,0,point pos error,1788031
2408:461135398,2026/03/06 08:05:35.398,317.3979999999865,,False,,,,,,False,False,NOT_ATTEMPTED,,,0,0,0,0,0,0,0,0,point pos error,1788484
2408:461135598,2026/03/06 08:05:35.598,317.59799999999814,,False,,,,,,False,False,NOT_ATTEMPTED,,,0,0,0,0,0,0,0,0,point pos error,1788937
2408:461135798,2026/03/06 08:05:35.798,317.7980000000098,,False,,,,,,False,False,NOT_ATTEMPTED,,,0,0,0,0,0,0,0,0,point pos error,1789368
2408:461135998,2026/03/06 08:05:35.998,317.9980000000214,,False,,,,,,False,False,NOT_ATTEMPTED,,,0,0,0,0,0,0,0,0,point pos error,1789799
2408:461136198,2026/03/06 08:05:36.198,318.19799999997485,,False,,,,,,False,False,NOT_ATTEMPTED,,,0,0,0,0,0,0,0,0,point pos error,1790252
2408:461136398,2026/03/06 08:05:36.398,318.3979999999865,,False,,,,,,False,False,NOT_ATTEMPTED,,,0,0,0,0,0,0,0,0,point pos error,1790704
2408:461136598,2026/03/06 08:05:36.598,318.59799999999814,,False,,,,,,False,False,NOT_ATTEMPTED,,,0,0,0,0,0,0,0,0,point pos error,1791156
2408:461136798,2026/03/06 08:05:36.798,318.7980000000098,,False,,,,,,False,False,NOT_ATTEMPTED,,,0,0,0,0,0,0,0,0,point pos error,1791630
2408:461136998,2026/03/06 08:05:36.998,318.9980000000214,,False,,,,,,False,False,NOT_ATTEMPTED,,,0,0,0,0,0,0,0,0,point pos error,1792104
2408:461137198,2026/03/06 08:05:37.198,319.19799999997485,,False,,,,,,False,False,NOT_ATTEMPTED,,,0,0,0,0,0,0,0,0,point pos error,1792578
2408:461137398,2026/03/06 08:05:37.398,319.3979999999865,,False,,,,,,False,False,NOT_ATTEMPTED,,,0,0,0,0,0,0,0,0,point pos error,1793053
2408:461137598,2026/03/06 08:05:37.598,319.59799999999814,,False,,,,,,False,False,NOT_ATTEMPTED,,,0,0,0,0,0,0,0,0,point pos error,1793527
2408:461137798,2026/03/06 08:05:37.798,319.7980000000098,,False,,,,,,False,False,NOT_ATTEMPTED,,,0,0,0,0,0,0,0,0,point pos error,1794001
2408:461137998,2026/03/06 08:05:37.998,319.9980000000214,,False,,,,,,False,False,NOT_ATTEMPTED,,,0,0,0,0,0,0,0,0,point pos error,1794475
2408:461138198,2026/03/06 08:05:38.198,320.19799999997485,,False,,,,,,False,False,NOT_ATTEMPTED,,,0,0,0,0,0,0,0,0,point pos error,1794949
2408:461138398,2026/03/06 08:05:38.398,320.3979999999865,,False,,,,,,False,False,NOT_ATTEMPTED,,,0,0,0,0,0,0,0,0,point pos error,1795422
2408:461138598,2026/03/06 08:05:38.598,320.59799999999814,,False,,,,,,False,False,NOT_ATTEMPTED,,,0,0,0,0,0,0,0,0,point pos error,1795896
2408:461138798,2026/03/06 08:05:38.798,320.7980000000098,,False,,,,,,False,False,NOT_ATTEMPTED,,,0,0,0,0,0,0,0,0,point pos error,1796348
2408:461138998,2026/03/06 08:05:38.998,320.9980000000214,,False,,,,,,False,False,NOT_ATTEMPTED,,,0,0,0,0,0,0,0,0,point pos error,1796822
2408:461139198,2026/03/06 08:05:39.198,321.19799999997485,,False,,,,,,False,False,NOT_ATTEMPTED,,,0,0,0,0,0,0,0,0,point pos error,1797296
2408:461139398,2026/03/06 08:05:39.398,321.3979999999865,,False,,,,,,False,False,NOT_ATTEMPTED,,,0,0,0,0,0,0,0,0,point pos error,1797770
2408:461139598,2026/03/06 08:05:39.598,321.59799999999814,,False,,,,,,False,False,NOT_ATTEMPTED,,,0,0,0,0,0,0,0,0,point pos error,1798244
2408:461139798,2026/03/06 08:05:39.798,321.7980000000098,,False,,,,,,False,False,NOT_ATTEMPTED,,,0,0,0,0,0,0,0,0,point pos error,1798718
2408:461139998,2026/03/06 08:05:39.998,321.9980000000214,,False,,,,,,False,False,NOT_ATTEMPTED,,,0,0,0,0,0,0,0,0,point pos error,1799192
2408:461140198,2026/03/06 08:05:40.198,322.19799999997485,,False,,,,,,False,False,NOT_ATTEMPTED,,,0,0,0,0,0,0,0,0,point pos error,1799644
2408:461140398,2026/03/06 08:05:40.398,322.3979999999865,,False,,,,,,False,False,NOT_ATTEMPTED,,,0,0,0,0,0,0,0,0,point pos error,1800096
2408:461140598,2026/03/06 08:05:40.598,322.59799999999814,,False,,,,,,False,False,NOT_ATTEMPTED,,,0,0,0,0,0,0,0,0,point pos error,1800548
2408:461140798,2026/03/06 08:05:40.798,322.7980000000098,,False,,,,,,False,False,NOT_ATTEMPTED,,,0,0,0,0,0,0,0,0,point pos error,1801001
2408:461140998,2026/03/06 08:05:40.998,322.9980000000214,,False,,,,,,False,False,NOT_ATTEMPTED,,,0,0,0,0,0,0,0,0,point pos error,1801476
2408:461141198,2026/03/06 08:05:41.198,323.19799999997485,,False,,,,,,False,False,NOT_ATTEMPTED,,,0,0,0,0,0,0,0,0,point pos error,1801951
2408:461141398,2026/03/06 08:05:41.398,323.3979999999865,,False,,,,,,False,False,NOT_ATTEMPTED,,,0,0,0,0,0,0,0,0,point pos error,1802448
2408:461141598,2026/03/06 08:05:41.598,323.59799999999814,,False,,,,,,False,False,NOT_ATTEMPTED,,,0,0,0,0,0,0,0,0,point pos error,1802945
2408:461141798,2026/03/06 08:05:41.798,323.7980000000098,,False,,,,,,False,False,NOT_ATTEMPTED,,,0,0,0,0,0,0,0,0,point pos error,1803420
2408:461141998,2026/03/06 08:05:41.998,323.9980000000214,,False,,,,,,False,False,NOT_ATTEMPTED,,,0,0,0,0,0,0,0,0,point pos error,1803895
2408:461142198,2026/03/06 08:05:42.198,324.19799999997485,,False,,,,,,False,False,NOT_ATTEMPTED,,,0,0,0,0,0,0,0,0,point pos error,1804370
2408:461142398,2026/03/06 08:05:42.398,324.3979999999865,,False,,,,,,False,False,NOT_ATTEMPTED,,,0,0,0,0,0,0,0,0,point pos error,1804845
2408:461142598,2026/03/06 08:05:42.598,324.59799999999814,,False,,,,,,False,False,NOT_ATTEMPTED,,,0,0,0,0,0,0,0,0,point pos error,1805320
2408:461142798,2026/03/06 08:05:42.798,324.7980000000098,,False,,,,,,False,False,NOT_ATTEMPTED,,,0,0,0,0,0,0,0,0,point pos error,1805795
2408:461142998,2026/03/06 08:05:42.998,324.9980000000214,,False,,,,,,False,False,NOT_ATTEMPTED,,,0,0,0,0,0,0,0,0,point pos error,1806270
2408:461143198,2026/03/06 08:05:43.198,325.19799999997485,,False,,,,,,False,False,NOT_ATTEMPTED,,,0,0,0,0,0,0,0,0,point pos error,1806745
2408:461143398,2026/03/06 08:05:43.398,325.3979999999865,,False,,,,,,False,False,NOT_ATTEMPTED,,,0,0,0,0,0,0,0,0,point pos error,1807220
2408:461143598,2026/03/06 08:05:43.598,325.59799999999814,,False,,,,,,False,False,NOT_ATTEMPTED,,,0,0,0,0,0,0,0,0,point pos error,1807694
2408:461143798,2026/03/06 08:05:43.798,325.7980000000098,,False,,,,,,False,False,NOT_ATTEMPTED,,,0,0,0,0,0,0,0,0,point pos error,1808168
2408:461143998,2026/03/06 08:05:43.998,325.9980000000214,,False,,,,,,False,False,NOT_ATTEMPTED,,,0,0,0,0,0,0,0,0,point pos error,1808642
2408:461144198,2026/03/06 08:05:44.198,326.19799999997485,,False,,,,,,False,False,NOT_ATTEMPTED,,,0,0,0,0,0,0,0,0,point pos error,1809116
2408:461144398,2026/03/06 08:05:44.398,326.3979999999865,,False,,,,,,False,False,NOT_ATTEMPTED,,,0,0,0,0,0,0,0,0,point pos error,1809590
2408:461144598,2026/03/06 08:05:44.598,326.59799999999814,,False,,,,,,False,False,NOT_ATTEMPTED,,,0,0,0,0,0,0,0,0,point pos error,1810064
2408:461144798,2026/03/06 08:05:44.798,326.7980000000098,,False,,,,,,False,False,NOT_ATTEMPTED,,,0,0,0,0,0,0,0,0,point pos error,1810538
2408:461144998,2026/03/06 08:05:44.998,326.9980000000214,,False,,,,,,False,False,NOT_ATTEMPTED,,,0,0,0,0,0,0,0,0,point pos error,1811013
2408:461145198,2026/03/06 08:05:45.198,327.19799999997485,,False,,,,,,False,False,NOT_ATTEMPTED,,,0,0,0,0,0,0,0,0,point pos error,1811488
2408:461145398,2026/03/06 08:05:45.398,327.3979999999865,,False,,,,,,False,False,NOT_ATTEMPTED,,,0,0,0,0,0,0,0,0,point pos error,1811985
2408:461145598,2026/03/06 08:05:45.598,327.59799999999814,,False,,,,,,False,False,NOT_ATTEMPTED,,,0,0,0,0,0,0,0,0,point pos error,1812482
2408:461145798,2026/03/06 08:05:45.798,327.7980000000098,,False,,,,,,False,False,NOT_ATTEMPTED,,,0,0,0,0,0,0,0,0,point pos error,1812979
2408:461145998,2026/03/06 08:05:45.998,327.9980000000214,,False,,,,,,False,False,NOT_ATTEMPTED,,,0,0,0,0,0,0,0,0,point pos error,1813453
2408:461146198,2026/03/06 08:05:46.198,328.19799999997485,,False,,,,,,False,False,NOT_ATTEMPTED,,,0,0,0,0,0,0,0,0,point pos error,1813927
2408:461146398,2026/03/06 08:05:46.398,328.3979999999865,,False,,,,,,False,False,NOT_ATTEMPTED,,,0,0,0,0,0,0,0,0,point pos error,1814401
2408:461146598,2026/03/06 08:05:46.598,328.59799999999814,,False,,,,,,False,False,NOT_ATTEMPTED,,,0,0,0,0,0,0,0,0,point pos error,1814875
2408:461146798,2026/03/06 08:05:46.798,328.7980000000098,,False,,,,,,False,False,NOT_ATTEMPTED,,,0,0,0,0,0,0,0,0,point pos error,1815349
2408:461146998,2026/03/06 08:05:46.998,328.9980000000214,2408:461147000,True,329.0,-2290132.585,2,12.897820215059596,1.0,True,True,RATIO_FAILED,7,1.0,3,0,1,0,0,7,0,0,,1815824
2408:461147198,2026/03/06 08:05:47.198,329.19799999997485,2408:461147200,True,329.20000000001164,-2290128.499,2,16.371128010922153,1.0,True,True,RATIO_FAILED,8,1.02,3,0,1,0,0,8,0,0,,1817819
2408:461147398,2026/03/06 08:05:47.398,329.3979999999865,2408:461147400,True,329.4000000000233,-2290116.517,2,3.5619027232646316,1.0,True,True,RATIO_FAILED,8,1.0,3,0,1,0,0,9,0,0,,1819819
2408:461147598,2026/03/06 08:05:47.598,329.59799999999814,2408:461147600,True,329.5999999999767,-2290114.071,2,6.477967416558994,1.1,True,True,RATIO_FAILED,7,1.06,3,0,1,0,0,7,0,0,,1821870
2408:461147798,2026/03/06 08:05:47.798,329.7980000000098,2408:461147800,True,329.79999999998836,-2290106.821,2,7.475311677114205,1.4,True,True,RATIO_FAILED,8,1.42,3,0,1,0,0,10,0,0,,1823905
2408:461147998,2026/03/06 08:05:47.998,329.9980000000214,2408:461148000,True,330.0,-2290094.716,2,5.5484900180139105,2.0,True,True,RATIO_FAILED,8,2.04,3,0,1,0,0,9,0,0,,1825965
2408:461148198,2026/03/06 08:05:48.198,330.19799999997485,2408:461148200,True,330.20000000001164,-2290090.018,2,7.116796624184227,1.9,True,True,RATIO_FAILED,8,1.91,3,0,1,0,0,11,0,0,,1828032
2408:461148398,2026/03/06 08:05:48.398,330.3979999999865,2408:461148400,True,330.4000000000233,-2290083.616,2,5.578903108138732,1.1,True,True,RATIO_FAILED,8,1.07,3,0,1,0,0,10,0,0,,1830110
2408:461148598,2026/03/06 08:05:48.598,330.59799999999814,2408:461148600,True,330.5999999999767,-2290076.999,2,4.934173024935385,1.1,True,True,RATIO_FAILED,8,1.08,3,0,1,0,0,10,0,0,,1832176
2408:461148798,2026/03/06 08:05:48.798,330.7980000000098,2408:461148800,True,330.79999999998836,-2290072.483,2,4.363876393758192,1.0,True,True,RATIO_FAILED,8,1.02,3,0,1,0,0,10,0,0,,1834242
2408:461148998,2026/03/06 08:05:48.998,330.9980000000214,2408:461149000,True,331.0,-2290069.592,2,3.691267962367403,1.1,True,True,RATIO_FAILED,8,1.1,3,0,1,0,0,8,0,0,,1836312
2408:461149198,2026/03/06 08:05:49.198,331.19799999997485,2408:461149200,True,331.20000000001164,-2290068.051,2,3.319698947193857,1.1,True,True,RATIO_FAILED,8,1.06,3,0,1,0,0,9,0,0,,1838371
2408:461149398,2026/03/06 08:05:49.398,331.3979999999865,2408:461149400,True,331.4000000000233,-2290064.087,2,3.773737429922755,1.0,True,True,RATIO_FAILED,9,1.01,3,0,1,0,0,9,0,0,,1840441
2408:461149598,2026/03/06 08:05:49.598,331.59799999999814,2408:461149600,True,331.5999999999767,-2290062.072,2,3.3316512317468048,1.1,True,True,RATIO_FAILED,9,1.06,3,0,1,0,0,11,0,0,,1842508
2408:461149798,2026/03/06 08:05:49.798,331.7980000000098,2408:461149800,True,331.79999999998836,-2290056.22,2,2.6224719350261885,1.0,True,True,RATIO_FAILED,8,1.02,3,0,1,0,0,9,0,0,,1844587
2408:461149998,2026/03/06 08:05:49.998,331.9980000000214,,False,,,,,,False,False,NOT_ATTEMPTED,,,0,0,0,0,0,0,0,0,point pos error,1846663
2408:461150198,2026/03/06 08:05:50.198,332.19799999997485,,False,,,,,,False,False,NOT_ATTEMPTED,,,0,0,0,0,0,0,0,0,point pos error,1847160
2408:461150398,2026/03/06 08:05:50.398,332.3979999999865,2408:461150400,True,332.4000000000233,-2290039.593,2,3.4125548171421363,1.0,True,True,RATIO_FAILED,10,1.0,3,0,1,0,0,11,0,0,,1847657
2408:461150598,2026/03/06 08:05:50.598,332.59799999999814,2408:461150600,True,332.5999999999767,-2290034.648,2,2.4843454288806135,1.0,True,True,RATIO_FAILED,9,1.01,3,0,1,0,0,9,0,0,,1849752
2408:461150798,2026/03/06 08:05:50.798,332.7980000000098,2408:461150800,True,332.79999999998836,-2290029.374,2,2.035300373409291,1.0,True,True,RATIO_FAILED,9,1.05,3,0,1,0,0,11,0,0,,1851826
2408:461150998,2026/03/06 08:05:50.998,332.9980000000214,2408:461151000,True,333.0,-2290024.503,2,1.7505459177068163,1.1,True,True,RATIO_FAILED,10,1.13,3,0,1,0,0,12,0,0,,1853909
2408:461151198,2026/03/06 08:05:51.198,333.19799999997485,2408:461151200,True,333.20000000001164,-2290018.007,2,1.7955842642438142,1.0,True,True,RATIO_FAILED,10,1.02,3,0,1,0,0,11,0,0,,1856001
2408:461151398,2026/03/06 08:05:51.398,333.3979999999865,2408:461151400,True,333.4000000000233,-2290012.88,2,2.011323233595237,1.0,True,True,RATIO_FAILED,11,1.0,3,0,1,0,0,12,0,0,,1858097
2408:461151598,2026/03/06 08:05:51.598,333.59799999999814,2408:461151600,True,333.5999999999767,-2290005.786,2,1.6912147291222366,1.0,True,True,RATIO_FAILED,11,1.01,3,0,1,0,0,11,0,0,,1860199
2408:461151798,2026/03/06 08:05:51.798,333.7980000000098,2408:461151800,True,333.79999999998836,-2289992.2,2,1.3041319335097965,1.0,True,True,RATIO_FAILED,10,1.0,3,0,1,0,0,10,0,0,,1862299
2408:461151998,2026/03/06 08:05:51.998,333.9980000000214,2408:461152000,True,334.0,-2289988.197,2,1.7132913500044296,1.1,True,True,RATIO_FAILED,10,1.1,3,0,1,0,0,12,0,0,,1864389
2408:461152198,2026/03/06 08:05:52.198,334.19799999997485,2408:461152200,True,334.20000000001164,-2289982.896,2,1.569019770429933,1.1,True,True,RATIO_FAILED,11,1.06,3,0,1,0,0,11,0,0,,1866483
2408:461152398,2026/03/06 08:05:52.398,334.3979999999865,2408:461152400,True,334.4000000000233,-2289976.598,2,1.3489297164789573,1.0,True,True,RATIO_FAILED,11,1.02,3,0,1,0,0,11,0,0,,1868575
2408:461152598,2026/03/06 08:05:52.598,334.59799999999814,2408:461152600,True,334.5999999999767,-2289968.01,2,1.2125128700347885,1.0,True,True,RATIO_FAILED,11,1.0,3,0,1,0,0,10,0,0,,1870666
2408:461152798,2026/03/06 08:05:52.798,334.7980000000098,2408:461152800,True,334.79999999998836,-2289962.059,2,1.1665682191796587,1.1,True,True,RATIO_FAILED,11,1.07,3,0,1,0,0,8,0,0,,1872764
2408:461152998,2026/03/06 08:05:52.998,334.9980000000214,2408:461153000,True,335.0,-2289956.668,2,1.195073411970997,1.1,True,True,RATIO_FAILED,10,1.05,3,0,1,0,0,10,0,0,,1874852
2408:461153198,2026/03/06 08:05:53.198,335.19799999997485,2408:461153200,True,335.20000000001164,-2289949.488,2,1.2057319436757077,1.0,True,True,RATIO_FAILED,10,1.05,3,0,1,0,0,9,0,0,,1876944
2408:461153398,2026/03/06 08:05:53.398,335.3979999999865,2408:461153400,True,335.4000000000233,-2289943.104,2,1.1489918058889714,1.1,True,True,RATIO_FAILED,9,1.1,3,0,1,0,0,9,0,0,,1879036
2408:461153598,2026/03/06 08:05:53.598,335.59799999999814,2408:461153600,True,335.5999999999767,-2289935.462,2,1.1263285355525714,1.1,True,True,RATIO_FAILED,9,1.05,3,0,1,0,0,10,0,0,,1881109
2408:461153798,2026/03/06 08:05:53.798,335.7980000000098,2408:461153800,True,335.79999999998836,-2289931.334,2,1.076996128126745,1.1,True,True,RATIO_FAILED,9,1.1,3,0,1,0,0,9,0,0,,1883184
2408:461153998,2026/03/06 08:05:53.998,335.9980000000214,2408:461154000,True,336.0,-2289926.359,2,0.9914653952609743,1.0,True,True,RATIO_FAILED,10,1.0,3,0,1,0,0,9,0,0,,1885267
2408:461154198,2026/03/06 08:05:54.198,336.19799999997485,,False,,,,,,False,False,NOT_ATTEMPTED,,,0,0,0,0,0,0,0,0,point pos error,1887348
2408:461154398,2026/03/06 08:05:54.398,336.3979999999865,,False,,,,,,False,False,NOT_ATTEMPTED,,,0,0,0,0,0,0,0,0,point pos error,1887845
2408:461154598,2026/03/06 08:05:54.598,336.59799999999814,,False,,,,,,False,False,NOT_ATTEMPTED,,,0,0,0,0,0,0,0,0,point pos error,1888342
2408:461154798,2026/03/06 08:05:54.798,336.7980000000098,,False,,,,,,False,False,NOT_ATTEMPTED,,,0,0,0,0,0,0,0,0,point pos error,1888839
2408:461154998,2026/03/06 08:05:54.998,336.9980000000214,,False,,,,,,False,False,NOT_ATTEMPTED,,,0,0,0,0,0,0,0,0,point pos error,1889336
2408:461155198,2026/03/06 08:05:55.198,337.19799999997485,,False,,,,,,False,False,NOT_ATTEMPTED,,,0,0,0,0,0,0,0,0,point pos error,1889833
2408:461155398,2026/03/06 08:05:55.398,337.3979999999865,,False,,,,,,False,False,NOT_ATTEMPTED,,,0,0,0,0,0,0,0,0,point pos error,1890330
2408:461155598,2026/03/06 08:05:55.598,337.59799999999814,,False,,,,,,False,False,NOT_ATTEMPTED,,,0,0,0,0,0,0,0,0,point pos error,1890827
2408:461155798,2026/03/06 08:05:55.798,337.7980000000098,,False,,,,,,False,False,NOT_ATTEMPTED,,,0,0,0,0,0,0,0,0,point pos error,1891324
2408:461155998,2026/03/06 08:05:55.998,337.9980000000214,,False,,,,,,False,False,NOT_ATTEMPTED,,,0,0,0,0,0,0,0,0,point pos error,1891821
2408:461156198,2026/03/06 08:05:56.198,338.19799999997485,,False,,,,,,False,False,NOT_ATTEMPTED,,,0,0,0,0,0,0,0,0,point pos error,1892318
2408:461156398,2026/03/06 08:05:56.398,338.3979999999865,2408:461156400,True,338.4000000000233,-2289829.884,2,2.181456958090166,1.0,True,True,RATIO_FAILED,10,1.0,3,0,1,0,0,10,0,0,,1892815
2408:461156598,2026/03/06 08:05:56.598,338.59799999999814,2408:461156600,True,338.5999999999767,-2289829.402,2,1.4763887597783993,1.0,True,True,RATIO_FAILED,10,1.0,3,0,1,0,0,7,0,0,,1894943
2408:461156798,2026/03/06 08:05:56.798,338.7980000000098,2408:461156800,True,338.79999999998836,-2289827.215,2,1.3795613976913097,1.0,True,True,RATIO_FAILED,9,1.03,3,0,1,0,0,8,0,0,,1897061
2408:461156998,2026/03/06 08:05:56.998,338.9980000000214,2408:461157000,True,339.0,-2289823.18,2,1.2757305985199225,1.0,True,True,RATIO_FAILED,11,1.0,3,0,1,0,0,10,0,0,,1899163
2408:461157198,2026/03/06 08:05:57.198,339.19799999997485,2408:461157200,True,339.20000000001164,-2289820.208,2,1.1075358775227102,1.0,True,True,RATIO_FAILED,11,1.01,3,0,1,0,0,10,0,0,,1901287
2408:461157398,2026/03/06 08:05:57.398,339.3979999999865,2408:461157400,True,339.4000000000233,-2289814.948,2,0.8813061102704327,1.0,True,True,RATIO_FAILED,11,1.04,3,0,1,0,0,10,0,0,,1903410
2408:461157598,2026/03/06 08:05:57.598,339.59799999999814,2408:461157600,True,339.5999999999767,-2289810.009,2,1.0562722281684773,1.0,True,True,RATIO_FAILED,10,1.01,3,0,1,0,0,9,0,0,,1905530
2408:461157798,2026/03/06 08:05:57.798,339.7980000000098,2408:461157800,True,339.79999999998836,-2289804.953,2,1.5160908086259215,1.1,True,True,RATIO_FAILED,9,1.06,3,0,1,0,0,9,0,0,,1907642
2408:461157998,2026/03/06 08:05:57.998,339.9980000000214,2408:461158000,True,340.0,-2289799.527,2,1.5359238555345118,1.0,True,True,RATIO_FAILED,9,1.01,3,0,1,0,0,8,0,0,,1909754
2408:461158198,2026/03/06 08:05:58.198,340.19799999997485,2408:461158200,True,340.20000000001164,-2289792.783,2,1.5399354174769797,1.0,True,True,RATIO_FAILED,9,1.02,3,0,1,0,0,8,0,0,,1911863
2408:461158398,2026/03/06 08:05:58.398,340.3979999999865,2408:461158400,True,340.4000000000233,-2289785.285,2,1.1960359108321121,1.0,True,True,RATIO_FAILED,10,1.0,3,0,1,0,0,10,0,0,,1913972
2408:461158598,2026/03/06 08:05:58.598,340.59799999999814,2408:461158600,True,340.5999999999767,-2289776.996,2,1.3188100204350892,1.1,True,True,RATIO_FAILED,9,1.1,3,0,1,0,0,9,0,0,,1916085
2408:461158798,2026/03/06 08:05:58.798,340.7980000000098,2408:461158800,True,340.79999999998836,-2289768.303,2,0.9247021682682484,1.1,True,True,RATIO_FAILED,8,1.15,3,0,1,0,0,8,0,0,,1918224
2408:461158998,2026/03/06 08:05:58.998,340.9980000000214,2408:461159000,True,341.0,-2289761.878,2,0.9544141658630177,1.0,True,True,RATIO_FAILED,9,1.0,3,0,1,0,0,8,0,0,,1920354
2408:461159198,2026/03/06 08:05:59.198,341.19799999997485,2408:461159200,True,341.20000000001164,-2289758.153,2,0.8305740484749088,1.0,True,True,RATIO_FAILED,9,1.04,3,0,1,0,0,8,0,0,,1922492
2408:461159398,2026/03/06 08:05:59.398,341.3979999999865,2408:461159400,True,341.4000000000233,-2289752.927,2,1.2493729387176593,1.0,True,True,RATIO_FAILED,8,1.04,3,0,1,0,0,9,0,0,,1924629
2408:461159598,2026/03/06 08:05:59.598,341.59799999999814,2408:461159600,True,341.5999999999767,-2289745.163,2,0.8552337575189605,1.2,True,True,RATIO_FAILED,8,1.2,3,0,1,0,0,8,0,0,,1926759
2408:461159798,2026/03/06 08:05:59.798,341.7980000000098,2408:461159800,True,341.79999999998836,-2289738.114,2,0.7964544745307167,1.1,True,True,RATIO_FAILED,9,1.08,3,0,1,0,0,8,0,0,,1928899
2408:461159998,2026/03/06 08:05:59.998,341.9980000000214,2408:461160000,True,342.0,-2289731.473,2,1.1805307535172473,1.1,True,True,RATIO_FAILED,8,1.06,3,0,1,0,0,7,0,0,,1931044
2408:461160198,2026/03/06 08:06:00.198,342.19799999997485,2408:461160200,True,342.20000000001164,-2289724.963,2,1.9665103559351016,1.1,True,True,RATIO_FAILED,7,1.08,3,0,1,0,0,7,0,0,,1933179
2408:461160398,2026/03/06 08:06:00.398,342.3979999999865,2408:461160400,True,342.4000000000233,-2289720.342,2,2.065520624443145,1.1,True,True,RATIO_FAILED,7,1.09,3,0,1,0,0,8,0,0,,1935307
2408:461160598,2026/03/06 08:06:00.598,342.59799999999814,2408:461160600,True,342.5999999999767,-2289712.917,2,1.7069515693188253,1.0,True,True,RATIO_FAILED,7,1.0,3,0,1,0,0,7,0,0,,1937435
2408:461160798,2026/03/06 08:06:00.798,342.7980000000098,2408:461160800,True,342.79999999998836,-2289706.837,2,1.2923602903215496,1.0,True,True,RATIO_FAILED,8,1.01,3,0,1,0,0,7,0,0,,1939563
2408:461160998,2026/03/06 08:06:00.998,342.9980000000214,2408:461161000,True,343.0,-2289699.092,2,1.2901325125738052,1.0,True,True,RATIO_FAILED,7,1.02,3,0,1,0,0,7,0,0,,1941698
2408:461161198,2026/03/06 08:06:01.198,343.19799999997485,2408:461161200,True,343.20000000001164,-2289691.89,2,2.0698884486850977,1.0,True,True,RATIO_FAILED,6,1.03,3,0,1,0,0,6,0,0,,1943827
2408:461161398,2026/03/06 08:06:01.398,343.3979999999865,2408:461161400,True,343.4000000000233,-2289685.977,2,2.0700941258793044,1.1,True,True,RATIO_FAILED,7,1.09,3,0,1,0,0,8,0,0,,1945936
2408:461161598,2026/03/06 08:06:01.598,343.59799999999814,2408:461161600,True,343.5999999999767,-2289679.444,2,2.2320461666372404,1.1,True,True,RATIO_FAILED,7,1.06,3,0,1,0,0,7,0,0,,1948055
2408:461161798,2026/03/06 08:06:01.798,343.7980000000098,2408:461161800,True,343.79999999998836,-2289673.882,2,1.7154619377881866,1.2,True,True,RATIO_FAILED,6,1.22,3,0,1,0,0,6,0,0,,1950172
2408:461161998,2026/03/06 08:06:01.998,343.9980000000214,2408:461162000,True,344.0,-2289666.589,2,1.5091526529811357,1.5,True,True,RATIO_FAILED,6,1.48,3,0,1,0,0,7,0,0,,1952288
2408:461162198,2026/03/06 08:06:02.198,344.19799999997485,2408:461162200,True,344.20000000001164,-2289658.95,2,4.365388515355764,1.6,True,True,RATIO_FAILED,5,1.57,3,0,1,0,0,6,0,0,,1954405
2408:461162398,2026/03/06 08:06:02.398,344.3979999999865,2408:461162400,True,344.4000000000233,-2289652.262,2,1.6452400584717113,2.1,True,True,RATIO_FAILED,5,2.08,3,0,1,0,0,7,0,0,,1956535
2408:461162598,2026/03/06 08:06:02.598,344.59799999999814,2408:461162600,True,344.5999999999767,-2289645.971,2,1.6439505041210944,2.3,True,True,RATIO_FAILED,5,2.25,3,0,1,0,0,6,0,0,,1958666
2408:461162798,2026/03/06 08:06:02.798,344.7980000000098,2408:461162800,True,344.79999999998836,-2289640.453,2,1.440997654404753,2.0,True,True,RATIO_FAILED,5,2.03,3,0,1,0,0,8,0,0,,1960809
2408:461162998,2026/03/06 08:06:02.998,344.9980000000214,2408:461163000,True,345.0,-2289635.36,2,3.379521838958879,1.8,True,True,RATIO_FAILED,5,1.78,3,0,1,0,0,7,0,0,,1962949
2408:461163198,2026/03/06 08:06:03.198,345.19799999997485,2408:461163200,True,345.20000000001164,-2289627.567,2,0.7626838729119687,1.1,True,True,RATIO_FAILED,4,1.07,3,0,1,0,0,6,0,0,,1965088
2408:461163398,2026/03/06 08:06:03.398,345.3979999999865,2408:461163400,True,345.4000000000233,-2289621.969,2,1.9850126296827433,1.0,True,True,RATIO_FAILED,6,1.0,3,0,1,0,0,9,0,0,,1967220
2408:461163598,2026/03/06 08:06:03.598,345.59799999999814,2408:461163600,True,345.5999999999767,-2289615.645,2,1.2256213689390374,1.0,True,True,RATIO_FAILED,7,1.02,3,0,1,0,0,10,0,0,,1969377
2408:461163798,2026/03/06 08:06:03.798,345.7980000000098,2408:461163800,True,345.79999999998836,-2289609.182,2,0.9276348311701108,1.0,True,True,RATIO_FAILED,7,1.05,3,0,1,0,0,8,0,0,,1971543
2408:461163998,2026/03/06 08:06:03.998,345.9980000000214,2408:461164000,True,346.0,-2289602.433,2,0.9478871557311028,1.1,True,True,RATIO_FAILED,7,1.06,3,0,1,0,0,8,0,0,,1973700
2408:461164198,2026/03/06 08:06:04.198,346.19799999997485,2408:461164200,True,346.20000000001164,-2289595.806,2,2.4244418099843106,1.1,True,True,RATIO_FAILED,6,1.06,3,0,1,0,0,8,0,0,,1975849
2408:461164398,2026/03/06 08:06:04.398,346.3979999999865,2408:461164400,True,346.4000000000233,-2289590.601,2,0.9516691126646909,1.1,True,True,RATIO_FAILED,6,1.1,3,0,1,0,0,6,0,0,,1978000
2408:461164598,2026/03/06 08:06:04.598,346.59799999999814,2408:461164600,True,346.5999999999767,-2289584.936,2,2.1935724492252358,1.1,True,True,RATIO_FAILED,6,1.12,3,0,1,0,0,9,0,0,,1980155
2408:461164798,2026/03/06 08:06:04.798,346.7980000000098,2408:461164800,True,346.79999999998836,-2289579.378,2,0.917584688189597,1.1,True,True,RATIO_FAILED,7,1.05,3,0,1,0,0,9,0,0,,1982321
2408:461164998,2026/03/06 08:06:04.998,346.9980000000214,2408:461165000,True,347.0,-2289573.28,2,0.9296295337391126,1.0,True,True,RATIO_FAILED,7,1.03,3,0,1,0,0,10,0,0,,1984494
2408:461165198,2026/03/06 08:06:05.198,347.19799999997485,2408:461165200,True,347.20000000001164,-2289567.813,2,0.973551149144204,1.0,True,True,RATIO_FAILED,5,1.01,3,0,1,0,0,7,0,0,,1986669
2408:461165398,2026/03/06 08:06:05.398,347.3979999999865,2408:461165400,True,347.4000000000233,-2289560.608,2,0.9947207145726885,1.0,True,True,RATIO_FAILED,5,1.03,3,0,1,0,0,7,0,0,,1988816
2408:461165598,2026/03/06 08:06:05.598,347.59799999999814,2408:461165600,True,347.5999999999767,-2289554.153,2,0.9018170878842339,1.1,True,True,RATIO_FAILED,5,1.09,3,0,1,0,0,7,0,0,,1990964
2408:461165798,2026/03/06 08:06:05.798,347.7980000000098,2408:461165800,True,347.79999999998836,-2289547.422,2,0.7385827306402445,1.1,True,True,RATIO_FAILED,6,1.07,3,0,1,0,0,7,0,0,,1993111
2408:461165998,2026/03/06 08:06:05.998,347.9980000000214,2408:461166000,True,348.0,-2289541.49,2,0.6879059674112444,1.0,True,True,RATIO_FAILED,8,1.02,3,0,1,0,0,9,0,0,,1995266
2408:461166198,2026/03/06 08:06:06.198,348.19799999997485,2408:461166200,True,348.20000000001164,-2289531.755,2,0.6795937462925921,1.0,True,True,RATIO_FAILED,7,1.02,3,0,1,0,0,8,0,0,,1997438
2408:461166398,2026/03/06 08:06:06.398,348.3979999999865,2408:461166400,True,348.4000000000233,-2289524.505,2,0.6882920746311117,1.0,True,True,RATIO_FAILED,9,1.0,3,0,1,0,0,8,0,0,,1999602
2408:461166598,2026/03/06 08:06:06.598,348.59799999999814,2408:461166600,True,348.5999999999767,-2289517.609,2,0.6990145778165144,1.0,True,True,RATIO_FAILED,9,1.02,3,0,1,0,0,8,0,0,,2001783
2408:461166798,2026/03/06 08:06:06.798,348.7980000000098,2408:461166800,True,348.79999999998836,-2289511.358,2,0.8152599156097398,1.0,True,True,RATIO_FAILED,9,1.0,3,0,1,0,0,8,0,0,,2003964
2408:461166998,2026/03/06 08:06:06.998,348.9980000000214,2408:461167000,True,349.0,-2289504.354,2,0.7026111442327114,1.1,True,True,RATIO_FAILED,7,1.1,3,0,1,0,0,5,0,0,,2006129
2408:461167198,2026/03/06 08:06:07.198,349.19799999997485,2408:461167200,True,349.20000000001164,-2289498.939,2,0.6448725610537326,1.0,True,True,RATIO_FAILED,12,1.01,3,0,1,0,0,8,0,0,,2008273
2408:461167398,2026/03/06 08:06:07.398,349.3979999999865,2408:461167400,True,349.4000000000233,-2289490.697,2,0.6421100918066932,1.0,True,True,RATIO_FAILED,13,1.02,3,0,1,0,0,8,0,0,,2010461
2408:461167598,2026/03/06 08:06:07.598,349.59799999999814,2408:461167600,True,349.5999999999767,-2289485.724,2,0.6347842310580817,1.0,True,True,RATIO_FAILED,13,1.03,3,0,1,0,0,8,0,0,,2012659
2408:461167798,2026/03/06 08:06:07.798,349.7980000000098,2408:461167800,True,349.79999999998836,-2289480.197,2,0.6243715880787658,1.0,True,True,RATIO_FAILED,13,1.0,3,0,1,0,0,8,0,0,,2014855
2408:461167998,2026/03/06 08:06:07.998,349.9980000000214,2408:461168000,True,350.0,-2289472.346,2,0.6276591909627389,1.0,True,True,RATIO_FAILED,13,1.03,3,0,1,0,0,9,0,0,,2017054
2408:461168198,2026/03/06 08:06:08.198,350.19799999997485,2408:461168200,True,350.20000000001164,-2289463.829,2,0.617992799310801,1.0,True,True,RATIO_FAILED,14,1.01,3,0,1,0,0,10,0,0,,2019261
2408:461168398,2026/03/06 08:06:08.398,350.3979999999865,2408:461168400,True,350.4000000000233,-2289457.224,2,0.6133469002122697,1.0,True,True,RATIO_FAILED,16,1.01,3,0,1,0,0,10,0,0,,2021486
2408:461168598,2026/03/06 08:06:08.598,350.59799999999814,2408:461168600,True,350.5999999999767,-2289451.426,2,0.6048798227747393,1.0,True,True,RATIO_FAILED,16,1.02,3,0,1,0,0,11,0,0,,2023732
2408:461168798,2026/03/06 08:06:08.798,350.7980000000098,2408:461168800,True,350.79999999998836,-2289446.614,2,0.5989954006501218,1.0,True,True,RATIO_FAILED,16,1.01,3,0,1,0,0,11,0,0,,2025963
2408:461168998,2026/03/06 08:06:08.998,350.9980000000214,2408:461169000,True,351.0,-2289441.625,2,0.597230315707433,1.0,True,True,RATIO_FAILED,16,1.0,3,0,1,0,0,11,0,0,,2028193
2408:461169198,2026/03/06 08:06:09.198,351.19799999997485,2408:461169200,True,351.20000000001164,-2289435.856,2,0.5912577948746215,1.0,True,True,RATIO_FAILED,15,1.0,3,0,1,0,0,10,0,0,,2030415
2408:461169398,2026/03/06 08:06:09.398,351.3979999999865,2408:461169400,True,351.4000000000233,-2289430.321,2,0.5936712052980168,1.0,True,True,RATIO_FAILED,15,1.0,3,0,1,0,0,10,0,0,,2032620
2408:461169598,2026/03/06 08:06:09.598,351.59799999999814,2408:461169600,True,351.5999999999767,-2289424.521,2,0.5930101263890862,1.0,True,True,RATIO_FAILED,15,1.0,3,0,1,0,0,10,0,0,,2034825
2408:461169798,2026/03/06 08:06:09.798,351.7980000000098,2408:461169800,True,351.79999999998836,-2289418.503,2,0.5885539057724449,1.0,True,True,RATIO_FAILED,15,1.0,3,0,1,0,0,10,0,0,,2037033
2408:461169998,2026/03/06 08:06:09.998,351.9980000000214,2408:461170000,True,352.0,-2289411.89,2,0.5840042208751577,1.0,True,True,RATIO_FAILED,15,1.01,3,0,1,0,0,10,0,0,,2039241
2408:461170198,2026/03/06 08:06:10.198,352.19799999997485,2408:461170200,True,352.20000000001164,-2289405.168,2,0.5800935355612921,1.0,True,True,RATIO_FAILED,15,1.01,3,0,1,0,0,11,0,0,,2041447
2408:461170398,2026/03/06 08:06:10.398,352.3979999999865,2408:461170400,True,352.4000000000233,-2289399.945,2,0.5798332691386378,1.0,True,True,RATIO_FAILED,16,1.0,3,0,1,0,0,12,0,0,,2043663
2408:461170598,2026/03/06 08:06:10.598,352.59799999999814,2408:461170600,True,352.5999999999767,-2289393.909,2,0.5778234591983956,1.0,True,True,RATIO_FAILED,16,1.0,3,0,1,0,0,12,0,0,,2045886
2408:461170798,2026/03/06 08:06:10.798,352.7980000000098,2408:461170800,True,352.79999999998836,-2289385.887,2,0.5762141962846803,1.0,True,True,RATIO_FAILED,16,1.01,3,0,1,0,0,12,0,0,,2048109
2408:461170998,2026/03/06 08:06:10.998,352.9980000000214,2408:461171000,True,353.0,-2289378.311,2,0.5752115610799212,1.0,True,True,RATIO_FAILED,16,1.01,3,0,1,0,0,12,0,0,,2050333
2408:461171198,2026/03/06 08:06:11.198,353.19799999997485,2408:461171200,True,353.20000000001164,-2289373.2,2,0.5733283526915445,1.0,True,True,RATIO_FAILED,16,1.0,3,0,1,0,0,12,0,0,,2052556
2408:461171398,2026/03/06 08:06:11.398,353.3979999999865,2408:461171400,True,353.4000000000233,-2289366.074,2,0.5708876421853954,1.0,True,True,RATIO_FAILED,16,1.01,3,0,1,0,0,12,0,0,,2054779
2408:461171598,2026/03/06 08:06:11.598,353.59799999999814,,False,,,,,,False,False,NOT_ATTEMPTED,,,0,0,0,0,0,0,0,0,point pos error,2057002
2408:461171798,2026/03/06 08:06:11.798,353.7980000000098,,False,,,,,,False,False,NOT_ATTEMPTED,,,0,0,0,0,0,0,0,0,point pos error,2057500
2408:461171998,2026/03/06 08:06:11.998,353.9980000000214,,False,,,,,,False,False,NOT_ATTEMPTED,,,0,0,0,0,0,0,0,0,point pos error,2057998
2408:461172198,2026/03/06 08:06:12.198,354.19799999997485,,False,,,,,,False,False,NOT_ATTEMPTED,,,0,0,0,0,0,0,0,0,point pos error,2058496
2408:461172398,2026/03/06 08:06:12.398,354.3979999999865,,False,,,,,,False,False,NOT_ATTEMPTED,,,0,0,0,0,0,0,0,0,point pos error,2058994
2408:461172598,2026/03/06 08:06:12.598,354.59799999999814,,False,,,,,,False,False,NOT_ATTEMPTED,,,0,0,0,0,0,0,0,0,point pos error,2059492
2408:461172798,2026/03/06 08:06:12.798,354.7980000000098,,False,,,,,,False,False,NOT_ATTEMPTED,,,0,0,0,0,0,0,0,0,point pos error,2059990
2408:461172998,2026/03/06 08:06:12.998,354.9980000000214,,False,,,,,,False,False,NOT_ATTEMPTED,,,0,0,0,0,0,0,0,0,point pos error,2060488
2408:461173198,2026/03/06 08:06:13.198,355.19799999997485,,False,,,,,,False,False,NOT_ATTEMPTED,,,0,0,0,0,0,0,0,0,point pos error,2060986
2408:461173398,2026/03/06 08:06:13.398,355.3979999999865,,False,,,,,,False,False,NOT_ATTEMPTED,,,0,0,0,0,0,0,0,0,point pos error,2061484
2408:461173598,2026/03/06 08:06:13.598,355.59799999999814,,False,,,,,,False,False,NOT_ATTEMPTED,,,0,0,0,0,0,0,0,0,point pos error,2061982
2408:461173798,2026/03/06 08:06:13.798,355.7980000000098,,False,,,,,,False,False,NOT_ATTEMPTED,,,0,0,0,0,0,0,0,0,point pos error,2062480
2408:461173998,2026/03/06 08:06:13.998,355.9980000000214,,False,,,,,,False,False,NOT_ATTEMPTED,,,0,0,0,0,0,0,0,0,point pos error,2062978
2408:461174198,2026/03/06 08:06:14.198,356.19799999997485,,False,,,,,,False,False,NOT_ATTEMPTED,,,0,0,0,0,0,0,0,0,point pos error,2063476
2408:461174398,2026/03/06 08:06:14.398,356.3979999999865,,False,,,,,,False,False,NOT_ATTEMPTED,,,0,0,0,0,0,0,0,0,point pos error,2063974
2408:461174598,2026/03/06 08:06:14.598,356.59799999999814,,False,,,,,,False,False,NOT_ATTEMPTED,,,0,0,0,0,0,0,0,0,point pos error,2064472
2408:461174798,2026/03/06 08:06:14.798,356.7980000000098,,False,,,,,,False,False,NOT_ATTEMPTED,,,0,0,0,0,0,0,0,0,point pos error,2064970
2408:461174998,2026/03/06 08:06:14.998,356.9980000000214,,False,,,,,,False,False,NOT_ATTEMPTED,,,0,0,0,0,0,0,0,0,point pos error,2065468
2408:461175198,2026/03/06 08:06:15.198,357.19799999997485,,False,,,,,,False,False,NOT_ATTEMPTED,,,0,0,0,0,0,0,0,0,point pos error,2065966
2408:461175398,2026/03/06 08:06:15.398,357.3979999999865,,False,,,,,,False,False,NOT_ATTEMPTED,,,0,0,0,0,0,0,0,0,point pos error,2066464
2408:461175598,2026/03/06 08:06:15.598,357.59799999999814,,False,,,,,,False,False,NOT_ATTEMPTED,,,0,0,0,0,0,0,0,0,point pos error,2066962
