_source_path,_source_row_key,method_id,metric,case_id,value,ordered_rank,finite_denominator,registered_denominator,ecdf
<V3_ROOT>/07_AGGREGATE/CORE_541_DISTRIBUTION_V3.csv,data_row_1based:28834,A07,horizontal_rmse_m,D41_seed_00,0.09013410937274176,1,519,541,0.0019267822736030828
<V3_ROOT>/07_AGGREGATE/CORE_541_DISTRIBUTION_V3.csv,data_row_1based:28835,A07,horizontal_rmse_m,D41_seed_02,0.092211837898921,2,519,541,0.0038535645472061657
<V3_ROOT>/07_AGGREGATE/CORE_541_DISTRIBUTION_V3.csv,data_row_1based:28836,A07,horizontal_rmse_m,D41_seed_07,0.09295721023467235,3,519,541,0.005780346820809248
<V3_ROOT>/07_AGGREGATE/CORE_541_DISTRIBUTION_V3.csv,data_row_1based:28837,A07,horizontal_rmse_m,D41_seed_03,0.09696371665660923,4,519,541,0.007707129094412331
<V3_ROOT>/07_AGGREGATE/CORE_541_DISTRIBUTION_V3.csv,data_row_1based:28838,A07,horizontal_rmse_m,D38_seed_04,0.09771134320125409,5,519,541,0.009633911368015413
<V3_ROOT>/07_AGGREGATE/CORE_541_DISTRIBUTION_V3.csv,data_row_1based:28839,A07,horizontal_rmse_m,D38_seed_05,0.09838313818863129,6,519,541,0.011560693641618497
<V3_ROOT>/07_AGGREGATE/CORE_541_DISTRIBUTION_V3.csv,data_row_1based:28840,A07,horizontal_rmse_m,D38_seed_06,0.09850861493726785,7,519,541,0.01348747591522158
<V3_ROOT>/07_AGGREGATE/CORE_541_DISTRIBUTION_V3.csv,data_row_1based:28841,A07,horizontal_rmse_m,D33_seed_02,0.09865351684884845,8,519,541,0.015414258188824663
<V3_ROOT>/07_AGGREGATE/CORE_541_DISTRIBUTION_V3.csv,data_row_1based:28842,A07,horizontal_rmse_m,D38_seed_01,0.0987143509593315,9,519,541,0.017341040462427744
<V3_ROOT>/07_AGGREGATE/CORE_541_DISTRIBUTION_V3.csv,data_row_1based:28843,A07,horizontal_rmse_m,D38_seed_02,0.09871559518722312,10,519,541,0.019267822736030827
<V3_ROOT>/07_AGGREGATE/CORE_541_DISTRIBUTION_V3.csv,data_row_1based:28844,A07,horizontal_rmse_m,D33_seed_07,0.0987320799851674,11,519,541,0.02119460500963391
<V3_ROOT>/07_AGGREGATE/CORE_541_DISTRIBUTION_V3.csv,data_row_1based:28845,A07,horizontal_rmse_m,D41_seed_05,0.09880356983683866,12,519,541,0.023121387283236993
<V3_ROOT>/07_AGGREGATE/CORE_541_DISTRIBUTION_V3.csv,data_row_1based:28846,A07,horizontal_rmse_m,D33_seed_04,0.0990965952166682,13,519,541,0.025048169556840076
<V3_ROOT>/07_AGGREGATE/CORE_541_DISTRIBUTION_V3.csv,data_row_1based:28847,A07,horizontal_rmse_m,D33_seed_06,0.09914055345296899,14,519,541,0.02697495183044316
<V3_ROOT>/07_AGGREGATE/CORE_541_DISTRIBUTION_V3.csv,data_row_1based:28848,A07,horizontal_rmse_m,D33_seed_01,0.09918775439993456,15,519,541,0.028901734104046242
<V3_ROOT>/07_AGGREGATE/CORE_541_DISTRIBUTION_V3.csv,data_row_1based:28849,A07,horizontal_rmse_m,D38_seed_03,0.09926154113886973,16,519,541,0.030828516377649325
<V3_ROOT>/07_AGGREGATE/CORE_541_DISTRIBUTION_V3.csv,data_row_1based:28850,A07,horizontal_rmse_m,D31_seed_06,0.09942251845677166,17,519,541,0.03275529865125241
<V3_ROOT>/07_AGGREGATE/CORE_541_DISTRIBUTION_V3.csv,data_row_1based:28851,A07,horizontal_rmse_m,D33_seed_03,0.09943252986198176,18,519,541,0.03468208092485549
<V3_ROOT>/07_AGGREGATE/CORE_541_DISTRIBUTION_V3.csv,data_row_1based:28852,A07,horizontal_rmse_m,D50_seed_07,0.09946086610100302,19,519,541,0.036608863198458574
<V3_ROOT>/07_AGGREGATE/CORE_541_DISTRIBUTION_V3.csv,data_row_1based:28853,A07,horizontal_rmse_m,D50_seed_08,0.09951200986623213,20,519,541,0.038535645472061654
<V3_ROOT>/07_AGGREGATE/CORE_541_DISTRIBUTION_V3.csv,data_row_1based:28854,A07,horizontal_rmse_m,D33_seed_05,0.09951614723350806,21,519,541,0.04046242774566474
<V3_ROOT>/07_AGGREGATE/CORE_541_DISTRIBUTION_V3.csv,data_row_1based:28855,A07,horizontal_rmse_m,D50_seed_00,0.09952622450035276,22,519,541,0.04238921001926782
<V3_ROOT>/07_AGGREGATE/CORE_541_DISTRIBUTION_V3.csv,data_row_1based:28856,A07,horizontal_rmse_m,D31_seed_07,0.09953868738093205,23,519,541,0.04431599229287091
<V3_ROOT>/07_AGGREGATE/CORE_541_DISTRIBUTION_V3.csv,data_row_1based:28857,A07,horizontal_rmse_m,D26_seed_00,0.09956601542736487,24,519,541,0.046242774566473986
<V3_ROOT>/07_AGGREGATE/CORE_541_DISTRIBUTION_V3.csv,data_row_1based:28858,A07,horizontal_rmse_m,D26_seed_01,0.09956601542736487,25,519,541,0.04816955684007707
<V3_ROOT>/07_AGGREGATE/CORE_541_DISTRIBUTION_V3.csv,data_row_1based:28859,A07,horizontal_rmse_m,D26_seed_02,0.09956601542736487,26,519,541,0.05009633911368015
<V3_ROOT>/07_AGGREGATE/CORE_541_DISTRIBUTION_V3.csv,data_row_1based:28860,A07,horizontal_rmse_m,D26_seed_03,0.09956601542736487,27,519,541,0.05202312138728324
<V3_ROOT>/07_AGGREGATE/CORE_541_DISTRIBUTION_V3.csv,data_row_1based:28861,A07,horizontal_rmse_m,D26_seed_04,0.09956601542736487,28,519,541,0.05394990366088632
<V3_ROOT>/07_AGGREGATE/CORE_541_DISTRIBUTION_V3.csv,data_row_1based:28862,A07,horizontal_rmse_m,D26_seed_05,0.09956601542736487,29,519,541,0.055876685934489405
<V3_ROOT>/07_AGGREGATE/CORE_541_DISTRIBUTION_V3.csv,data_row_1based:28863,A07,horizontal_rmse_m,D26_seed_06,0.09956601542736487,30,519,541,0.057803468208092484
<V3_ROOT>/07_AGGREGATE/CORE_541_DISTRIBUTION_V3.csv,data_row_1based:28864,A07,horizontal_rmse_m,D26_seed_07,0.09956601542736487,31,519,541,0.05973025048169557
<V3_ROOT>/07_AGGREGATE/CORE_541_DISTRIBUTION_V3.csv,data_row_1based:28865,A07,horizontal_rmse_m,D26_seed_08,0.09956601542736487,32,519,541,0.06165703275529865
<V3_ROOT>/07_AGGREGATE/CORE_541_DISTRIBUTION_V3.csv,data_row_1based:28866,A07,horizontal_rmse_m,D34_seed_00,0.09962068579216324,33,519,541,0.06358381502890173
<V3_ROOT>/07_AGGREGATE/CORE_541_DISTRIBUTION_V3.csv,data_row_1based:28867,A07,horizontal_rmse_m,D38_seed_07,0.09964464255249529,34,519,541,0.06551059730250482
<V3_ROOT>/07_AGGREGATE/CORE_541_DISTRIBUTION_V3.csv,data_row_1based:28868,A07,horizontal_rmse_m,D32_seed_02,0.09964564809989897,35,519,541,0.0674373795761079
<V3_ROOT>/07_AGGREGATE/CORE_541_DISTRIBUTION_V3.csv,data_row_1based:28869,A07,horizontal_rmse_m,D35_seed_01,0.09964610909044637,36,519,541,0.06936416184971098
<V3_ROOT>/07_AGGREGATE/CORE_541_DISTRIBUTION_V3.csv,data_row_1based:28870,A07,horizontal_rmse_m,D31_seed_00,0.0996509925712415,37,519,541,0.07129094412331406
<V3_ROOT>/07_AGGREGATE/CORE_541_DISTRIBUTION_V3.csv,data_row_1based:28871,A07,horizontal_rmse_m,D34_seed_03,0.0996624154193589,38,519,541,0.07321772639691715
<V3_ROOT>/07_AGGREGATE/CORE_541_DISTRIBUTION_V3.csv,data_row_1based:28872,A07,horizontal_rmse_m,D02_seed_07,0.09967767986729624,39,519,541,0.07514450867052024
<V3_ROOT>/07_AGGREGATE/CORE_541_DISTRIBUTION_V3.csv,data_row_1based:28873,A07,horizontal_rmse_m,D35_seed_00,0.0996884427766471,40,519,541,0.07707129094412331
<V3_ROOT>/07_AGGREGATE/CORE_541_DISTRIBUTION_V3.csv,data_row_1based:28874,A07,horizontal_rmse_m,D34_seed_06,0.09968992874711928,41,519,541,0.0789980732177264
<V3_ROOT>/07_AGGREGATE/CORE_541_DISTRIBUTION_V3.csv,data_row_1based:28875,A07,horizontal_rmse_m,D32_seed_04,0.09970376617853693,42,519,541,0.08092485549132948
<V3_ROOT>/07_AGGREGATE/CORE_541_DISTRIBUTION_V3.csv,data_row_1based:28876,A07,horizontal_rmse_m,D32_seed_01,0.0997248394427182,43,519,541,0.08285163776493257
<V3_ROOT>/07_AGGREGATE/CORE_541_DISTRIBUTION_V3.csv,data_row_1based:28877,A07,horizontal_rmse_m,D30_seed_00,0.09973412011282448,44,519,541,0.08477842003853564
<V3_ROOT>/07_AGGREGATE/CORE_541_DISTRIBUTION_V3.csv,data_row_1based:28878,A07,horizontal_rmse_m,D32_seed_07,0.09974483767678798,45,519,541,0.08670520231213873
<V3_ROOT>/07_AGGREGATE/CORE_541_DISTRIBUTION_V3.csv,data_row_1based:28879,A07,horizontal_rmse_m,D35_seed_03,0.09976685633575447,46,519,541,0.08863198458574181
<V3_ROOT>/07_AGGREGATE/CORE_541_DISTRIBUTION_V3.csv,data_row_1based:28880,A07,horizontal_rmse_m,D39_seed_07,0.09977470348462289,47,519,541,0.0905587668593449
<V3_ROOT>/07_AGGREGATE/CORE_541_DISTRIBUTION_V3.csv,data_row_1based:28881,A07,horizontal_rmse_m,D30_seed_06,0.09979191612183316,48,519,541,0.09248554913294797
<V3_ROOT>/07_AGGREGATE/CORE_541_DISTRIBUTION_V3.csv,data_row_1based:28882,A07,horizontal_rmse_m,D31_seed_03,0.09979616911943436,49,519,541,0.09441233140655106
<V3_ROOT>/07_AGGREGATE/CORE_541_DISTRIBUTION_V3.csv,data_row_1based:28883,A07,horizontal_rmse_m,D32_seed_06,0.09979725545352854,50,519,541,0.09633911368015415
<V3_ROOT>/07_AGGREGATE/CORE_541_DISTRIBUTION_V3.csv,data_row_1based:28884,A07,horizontal_rmse_m,D42_seed_04,0.09980255354113972,51,519,541,0.09826589595375723
<V3_ROOT>/07_AGGREGATE/CORE_541_DISTRIBUTION_V3.csv,data_row_1based:28885,A07,horizontal_rmse_m,D34_seed_04,0.09980651369388516,52,519,541,0.1001926782273603
<V3_ROOT>/07_AGGREGATE/CORE_541_DISTRIBUTION_V3.csv,data_row_1based:28886,A07,horizontal_rmse_m,D31_seed_05,0.09982694068873356,53,519,541,0.10211946050096339
<V3_ROOT>/07_AGGREGATE/CORE_541_DISTRIBUTION_V3.csv,data_row_1based:28887,A07,horizontal_rmse_m,D44_seed_02,0.09982740123416703,54,519,541,0.10404624277456648
<V3_ROOT>/07_AGGREGATE/CORE_541_DISTRIBUTION_V3.csv,data_row_1based:28888,A07,horizontal_rmse_m,D31_seed_08,0.0998361801532276,55,519,541,0.10597302504816955
<V3_ROOT>/07_AGGREGATE/CORE_541_DISTRIBUTION_V3.csv,data_row_1based:28889,A07,horizontal_rmse_m,D33_seed_08,0.09983752262797056,56,519,541,0.10789980732177264
<V3_ROOT>/07_AGGREGATE/CORE_541_DISTRIBUTION_V3.csv,data_row_1based:28890,A07,horizontal_rmse_m,D01_seed_07,0.09983843245874435,57,519,541,0.10982658959537572
<V3_ROOT>/07_AGGREGATE/CORE_541_DISTRIBUTION_V3.csv,data_row_1based:28891,A07,horizontal_rmse_m,D47_seed_05,0.09984405738619857,58,519,541,0.11175337186897881
<V3_ROOT>/07_AGGREGATE/CORE_541_DISTRIBUTION_V3.csv,data_row_1based:28892,A07,horizontal_rmse_m,D46_seed_04,0.09984572829205593,59,519,541,0.11368015414258188
<V3_ROOT>/07_AGGREGATE/CORE_541_DISTRIBUTION_V3.csv,data_row_1based:28893,A07,horizontal_rmse_m,D42_seed_01,0.09984753214537256,60,519,541,0.11560693641618497
<V3_ROOT>/07_AGGREGATE/CORE_541_DISTRIBUTION_V3.csv,data_row_1based:28894,A07,horizontal_rmse_m,D46_seed_03,0.09984835853044213,61,519,541,0.11753371868978806
<V3_ROOT>/07_AGGREGATE/CORE_541_DISTRIBUTION_V3.csv,data_row_1based:28895,A07,horizontal_rmse_m,D34_seed_08,0.0998506737654417,62,519,541,0.11946050096339114
<V3_ROOT>/07_AGGREGATE/CORE_541_DISTRIBUTION_V3.csv,data_row_1based:28896,A07,horizontal_rmse_m,D48_seed_08,0.09985078149507916,63,519,541,0.12138728323699421
<V3_ROOT>/07_AGGREGATE/CORE_541_DISTRIBUTION_V3.csv,data_row_1based:28897,A07,horizontal_rmse_m,D46_seed_05,0.09985089235821078,64,519,541,0.1233140655105973
<V3_ROOT>/07_AGGREGATE/CORE_541_DISTRIBUTION_V3.csv,data_row_1based:28898,A07,horizontal_rmse_m,D44_seed_00,0.0998510180682923,65,519,541,0.1252408477842004
<V3_ROOT>/07_AGGREGATE/CORE_541_DISTRIBUTION_V3.csv,data_row_1based:28899,A07,horizontal_rmse_m,D44_seed_06,0.09985191729594434,66,519,541,0.12716763005780346
<V3_ROOT>/07_AGGREGATE/CORE_541_DISTRIBUTION_V3.csv,data_row_1based:28900,A07,horizontal_rmse_m,D46_seed_01,0.09985250527286321,67,519,541,0.12909441233140656
<V3_ROOT>/07_AGGREGATE/CORE_541_DISTRIBUTION_V3.csv,data_row_1based:28901,A07,horizontal_rmse_m,D48_seed_07,0.0998539035785915,68,519,541,0.13102119460500963
<V3_ROOT>/07_AGGREGATE/CORE_541_DISTRIBUTION_V3.csv,data_row_1based:28902,A07,horizontal_rmse_m,D32_seed_05,0.09985393820353143,69,519,541,0.1329479768786127
<V3_ROOT>/07_AGGREGATE/CORE_541_DISTRIBUTION_V3.csv,data_row_1based:28903,A07,horizontal_rmse_m,D30_seed_08,0.09985543787605147,70,519,541,0.1348747591522158
<V3_ROOT>/07_AGGREGATE/CORE_541_DISTRIBUTION_V3.csv,data_row_1based:28904,A07,horizontal_rmse_m,D39_seed_04,0.09985673145152478,71,519,541,0.13680154142581888
<V3_ROOT>/07_AGGREGATE/CORE_541_DISTRIBUTION_V3.csv,data_row_1based:28905,A07,horizontal_rmse_m,D48_seed_02,0.09985758349223112,72,519,541,0.13872832369942195
<V3_ROOT>/07_AGGREGATE/CORE_541_DISTRIBUTION_V3.csv,data_row_1based:28906,A07,horizontal_rmse_m,D35_seed_08,0.09985761267542255,73,519,541,0.14065510597302505
<V3_ROOT>/07_AGGREGATE/CORE_541_DISTRIBUTION_V3.csv,data_row_1based:28907,A07,horizontal_rmse_m,D33_seed_00,0.0998589672774482,74,519,541,0.14258188824662812
<V3_ROOT>/07_AGGREGATE/CORE_541_DISTRIBUTION_V3.csv,data_row_1based:28908,A07,horizontal_rmse_m,C00_clean_normal,0.0998590361372145,75,519,541,0.14450867052023122
<V3_ROOT>/07_AGGREGATE/CORE_541_DISTRIBUTION_V3.csv,data_row_1based:28909,A07,horizontal_rmse_m,D08_seed_00,0.0998590361372145,76,519,541,0.1464354527938343
<V3_ROOT>/07_AGGREGATE/CORE_541_DISTRIBUTION_V3.csv,data_row_1based:28910,A07,horizontal_rmse_m,D08_seed_01,0.0998590361372145,77,519,541,0.14836223506743737
<V3_ROOT>/07_AGGREGATE/CORE_541_DISTRIBUTION_V3.csv,data_row_1based:28911,A07,horizontal_rmse_m,D08_seed_02,0.0998590361372145,78,519,541,0.15028901734104047
<V3_ROOT>/07_AGGREGATE/CORE_541_DISTRIBUTION_V3.csv,data_row_1based:28912,A07,horizontal_rmse_m,D08_seed_03,0.0998590361372145,79,519,541,0.15221579961464354
<V3_ROOT>/07_AGGREGATE/CORE_541_DISTRIBUTION_V3.csv,data_row_1based:28913,A07,horizontal_rmse_m,D08_seed_04,0.0998590361372145,80,519,541,0.15414258188824662
<V3_ROOT>/07_AGGREGATE/CORE_541_DISTRIBUTION_V3.csv,data_row_1based:28914,A07,horizontal_rmse_m,D08_seed_05,0.0998590361372145,81,519,541,0.15606936416184972
<V3_ROOT>/07_AGGREGATE/CORE_541_DISTRIBUTION_V3.csv,data_row_1based:28915,A07,horizontal_rmse_m,D08_seed_06,0.0998590361372145,82,519,541,0.1579961464354528
<V3_ROOT>/07_AGGREGATE/CORE_541_DISTRIBUTION_V3.csv,data_row_1based:28916,A07,horizontal_rmse_m,D08_seed_07,0.0998590361372145,83,519,541,0.1599229287090559
<V3_ROOT>/07_AGGREGATE/CORE_541_DISTRIBUTION_V3.csv,data_row_1based:28917,A07,horizontal_rmse_m,D08_seed_08,0.0998590361372145,84,519,541,0.16184971098265896
<V3_ROOT>/07_AGGREGATE/CORE_541_DISTRIBUTION_V3.csv,data_row_1based:28918,A07,horizontal_rmse_m,D22_seed_00,0.0998590361372145,85,519,541,0.16377649325626203
<V3_ROOT>/07_AGGREGATE/CORE_541_DISTRIBUTION_V3.csv,data_row_1based:28919,A07,horizontal_rmse_m,D22_seed_06,0.0998590361372145,86,519,541,0.16570327552986513
<V3_ROOT>/07_AGGREGATE/CORE_541_DISTRIBUTION_V3.csv,data_row_1based:28920,A07,horizontal_rmse_m,D29_seed_00,0.0998590361372145,87,519,541,0.1676300578034682
<V3_ROOT>/07_AGGREGATE/CORE_541_DISTRIBUTION_V3.csv,data_row_1based:28921,A07,horizontal_rmse_m,D29_seed_01,0.0998590361372145,88,519,541,0.16955684007707128
<V3_ROOT>/07_AGGREGATE/CORE_541_DISTRIBUTION_V3.csv,data_row_1based:28922,A07,horizontal_rmse_m,D29_seed_02,0.0998590361372145,89,519,541,0.17148362235067438
<V3_ROOT>/07_AGGREGATE/CORE_541_DISTRIBUTION_V3.csv,data_row_1based:28923,A07,horizontal_rmse_m,D29_seed_03,0.0998590361372145,90,519,541,0.17341040462427745
<V3_ROOT>/07_AGGREGATE/CORE_541_DISTRIBUTION_V3.csv,data_row_1based:28924,A07,horizontal_rmse_m,D29_seed_04,0.0998590361372145,91,519,541,0.17533718689788053
<V3_ROOT>/07_AGGREGATE/CORE_541_DISTRIBUTION_V3.csv,data_row_1based:28925,A07,horizontal_rmse_m,D29_seed_05,0.0998590361372145,92,519,541,0.17726396917148363
<V3_ROOT>/07_AGGREGATE/CORE_541_DISTRIBUTION_V3.csv,data_row_1based:28926,A07,horizontal_rmse_m,D29_seed_06,0.0998590361372145,93,519,541,0.1791907514450867
<V3_ROOT>/07_AGGREGATE/CORE_541_DISTRIBUTION_V3.csv,data_row_1based:28927,A07,horizontal_rmse_m,D29_seed_07,0.0998590361372145,94,519,541,0.1811175337186898
<V3_ROOT>/07_AGGREGATE/CORE_541_DISTRIBUTION_V3.csv,data_row_1based:28928,A07,horizontal_rmse_m,D29_seed_08,0.0998590361372145,95,519,541,0.18304431599229287
<V3_ROOT>/07_AGGREGATE/CORE_541_DISTRIBUTION_V3.csv,data_row_1based:28929,A07,horizontal_rmse_m,D40_seed_00,0.0998590361372145,96,519,541,0.18497109826589594
<V3_ROOT>/07_AGGREGATE/CORE_541_DISTRIBUTION_V3.csv,data_row_1based:28930,A07,horizontal_rmse_m,D40_seed_01,0.0998590361372145,97,519,541,0.18689788053949905
<V3_ROOT>/07_AGGREGATE/CORE_541_DISTRIBUTION_V3.csv,data_row_1based:28931,A07,horizontal_rmse_m,D40_seed_02,0.0998590361372145,98,519,541,0.18882466281310212
<V3_ROOT>/07_AGGREGATE/CORE_541_DISTRIBUTION_V3.csv,data_row_1based:28932,A07,horizontal_rmse_m,D40_seed_03,0.0998590361372145,99,519,541,0.1907514450867052
<V3_ROOT>/07_AGGREGATE/CORE_541_DISTRIBUTION_V3.csv,data_row_1based:28933,A07,horizontal_rmse_m,D40_seed_04,0.0998590361372145,100,519,541,0.1926782273603083
<V3_ROOT>/07_AGGREGATE/CORE_541_DISTRIBUTION_V3.csv,data_row_1based:28934,A07,horizontal_rmse_m,D40_seed_05,0.0998590361372145,101,519,541,0.19460500963391136
<V3_ROOT>/07_AGGREGATE/CORE_541_DISTRIBUTION_V3.csv,data_row_1based:28935,A07,horizontal_rmse_m,D40_seed_06,0.0998590361372145,102,519,541,0.19653179190751446
<V3_ROOT>/07_AGGREGATE/CORE_541_DISTRIBUTION_V3.csv,data_row_1based:28936,A07,horizontal_rmse_m,D40_seed_07,0.0998590361372145,103,519,541,0.19845857418111754
<V3_ROOT>/07_AGGREGATE/CORE_541_DISTRIBUTION_V3.csv,data_row_1based:28937,A07,horizontal_rmse_m,D40_seed_08,0.0998590361372145,104,519,541,0.2003853564547206
<V3_ROOT>/07_AGGREGATE/CORE_541_DISTRIBUTION_V3.csv,data_row_1based:28938,A07,horizontal_rmse_m,D51_seed_00,0.0998590361372145,105,519,541,0.2023121387283237
<V3_ROOT>/07_AGGREGATE/CORE_541_DISTRIBUTION_V3.csv,data_row_1based:28939,A07,horizontal_rmse_m,D51_seed_01,0.0998590361372145,106,519,541,0.20423892100192678
<V3_ROOT>/07_AGGREGATE/CORE_541_DISTRIBUTION_V3.csv,data_row_1based:28940,A07,horizontal_rmse_m,D51_seed_02,0.0998590361372145,107,519,541,0.20616570327552985
<V3_ROOT>/07_AGGREGATE/CORE_541_DISTRIBUTION_V3.csv,data_row_1based:28941,A07,horizontal_rmse_m,D51_seed_03,0.0998590361372145,108,519,541,0.20809248554913296
<V3_ROOT>/07_AGGREGATE/CORE_541_DISTRIBUTION_V3.csv,data_row_1based:28942,A07,horizontal_rmse_m,D51_seed_04,0.0998590361372145,109,519,541,0.21001926782273603
<V3_ROOT>/07_AGGREGATE/CORE_541_DISTRIBUTION_V3.csv,data_row_1based:28943,A07,horizontal_rmse_m,D51_seed_05,0.0998590361372145,110,519,541,0.2119460500963391
<V3_ROOT>/07_AGGREGATE/CORE_541_DISTRIBUTION_V3.csv,data_row_1based:28944,A07,horizontal_rmse_m,D51_seed_06,0.0998590361372145,111,519,541,0.2138728323699422
<V3_ROOT>/07_AGGREGATE/CORE_541_DISTRIBUTION_V3.csv,data_row_1based:28945,A07,horizontal_rmse_m,D51_seed_07,0.0998590361372145,112,519,541,0.21579961464354527
<V3_ROOT>/07_AGGREGATE/CORE_541_DISTRIBUTION_V3.csv,data_row_1based:28946,A07,horizontal_rmse_m,D51_seed_08,0.0998590361372145,113,519,541,0.21772639691714837
<V3_ROOT>/07_AGGREGATE/CORE_541_DISTRIBUTION_V3.csv,data_row_1based:28947,A07,horizontal_rmse_m,D52_seed_00,0.0998590361372145,114,519,541,0.21965317919075145
<V3_ROOT>/07_AGGREGATE/CORE_541_DISTRIBUTION_V3.csv,data_row_1based:28948,A07,horizontal_rmse_m,D52_seed_01,0.0998590361372145,115,519,541,0.22157996146435452
<V3_ROOT>/07_AGGREGATE/CORE_541_DISTRIBUTION_V3.csv,data_row_1based:28949,A07,horizontal_rmse_m,D52_seed_02,0.0998590361372145,116,519,541,0.22350674373795762
<V3_ROOT>/07_AGGREGATE/CORE_541_DISTRIBUTION_V3.csv,data_row_1based:28950,A07,horizontal_rmse_m,D52_seed_03,0.0998590361372145,117,519,541,0.2254335260115607
<V3_ROOT>/07_AGGREGATE/CORE_541_DISTRIBUTION_V3.csv,data_row_1based:28951,A07,horizontal_rmse_m,D52_seed_04,0.0998590361372145,118,519,541,0.22736030828516376
<V3_ROOT>/07_AGGREGATE/CORE_541_DISTRIBUTION_V3.csv,data_row_1based:28952,A07,horizontal_rmse_m,D52_seed_05,0.0998590361372145,119,519,541,0.22928709055876687
<V3_ROOT>/07_AGGREGATE/CORE_541_DISTRIBUTION_V3.csv,data_row_1based:28953,A07,horizontal_rmse_m,D52_seed_06,0.0998590361372145,120,519,541,0.23121387283236994
<V3_ROOT>/07_AGGREGATE/CORE_541_DISTRIBUTION_V3.csv,data_row_1based:28954,A07,horizontal_rmse_m,D52_seed_07,0.0998590361372145,121,519,541,0.23314065510597304
<V3_ROOT>/07_AGGREGATE/CORE_541_DISTRIBUTION_V3.csv,data_row_1based:28955,A07,horizontal_rmse_m,D52_seed_08,0.0998590361372145,122,519,541,0.2350674373795761
<V3_ROOT>/07_AGGREGATE/CORE_541_DISTRIBUTION_V3.csv,data_row_1based:28956,A07,horizontal_rmse_m,D53_seed_00,0.0998590361372145,123,519,541,0.23699421965317918
<V3_ROOT>/07_AGGREGATE/CORE_541_DISTRIBUTION_V3.csv,data_row_1based:28957,A07,horizontal_rmse_m,D53_seed_01,0.0998590361372145,124,519,541,0.23892100192678228
<V3_ROOT>/07_AGGREGATE/CORE_541_DISTRIBUTION_V3.csv,data_row_1based:28958,A07,horizontal_rmse_m,D53_seed_02,0.0998590361372145,125,519,541,0.24084778420038536
<V3_ROOT>/07_AGGREGATE/CORE_541_DISTRIBUTION_V3.csv,data_row_1based:28959,A07,horizontal_rmse_m,D53_seed_03,0.0998590361372145,126,519,541,0.24277456647398843
<V3_ROOT>/07_AGGREGATE/CORE_541_DISTRIBUTION_V3.csv,data_row_1based:28960,A07,horizontal_rmse_m,D53_seed_04,0.0998590361372145,127,519,541,0.24470134874759153
<V3_ROOT>/07_AGGREGATE/CORE_541_DISTRIBUTION_V3.csv,data_row_1based:28961,A07,horizontal_rmse_m,D53_seed_05,0.0998590361372145,128,519,541,0.2466281310211946
<V3_ROOT>/07_AGGREGATE/CORE_541_DISTRIBUTION_V3.csv,data_row_1based:28962,A07,horizontal_rmse_m,D53_seed_06,0.0998590361372145,129,519,541,0.24855491329479767
<V3_ROOT>/07_AGGREGATE/CORE_541_DISTRIBUTION_V3.csv,data_row_1based:28963,A07,horizontal_rmse_m,D53_seed_07,0.0998590361372145,130,519,541,0.2504816955684008
<V3_ROOT>/07_AGGREGATE/CORE_541_DISTRIBUTION_V3.csv,data_row_1based:28964,A07,horizontal_rmse_m,D53_seed_08,0.0998590361372145,131,519,541,0.2524084778420039
<V3_ROOT>/07_AGGREGATE/CORE_541_DISTRIBUTION_V3.csv,data_row_1based:28965,A07,horizontal_rmse_m,D54_seed_00,0.0998590361372145,132,519,541,0.2543352601156069
<V3_ROOT>/07_AGGREGATE/CORE_541_DISTRIBUTION_V3.csv,data_row_1based:28966,A07,horizontal_rmse_m,D54_seed_01,0.0998590361372145,133,519,541,0.25626204238921
<V3_ROOT>/07_AGGREGATE/CORE_541_DISTRIBUTION_V3.csv,data_row_1based:28967,A07,horizontal_rmse_m,D54_seed_02,0.0998590361372145,134,519,541,0.2581888246628131
<V3_ROOT>/07_AGGREGATE/CORE_541_DISTRIBUTION_V3.csv,data_row_1based:28968,A07,horizontal_rmse_m,D54_seed_03,0.0998590361372145,135,519,541,0.26011560693641617
<V3_ROOT>/07_AGGREGATE/CORE_541_DISTRIBUTION_V3.csv,data_row_1based:28969,A07,horizontal_rmse_m,D54_seed_04,0.0998590361372145,136,519,541,0.26204238921001927
<V3_ROOT>/07_AGGREGATE/CORE_541_DISTRIBUTION_V3.csv,data_row_1based:28970,A07,horizontal_rmse_m,D54_seed_05,0.0998590361372145,137,519,541,0.26396917148362237
<V3_ROOT>/07_AGGREGATE/CORE_541_DISTRIBUTION_V3.csv,data_row_1based:28971,A07,horizontal_rmse_m,D54_seed_06,0.0998590361372145,138,519,541,0.2658959537572254
<V3_ROOT>/07_AGGREGATE/CORE_541_DISTRIBUTION_V3.csv,data_row_1based:28972,A07,horizontal_rmse_m,D54_seed_07,0.0998590361372145,139,519,541,0.2678227360308285
<V3_ROOT>/07_AGGREGATE/CORE_541_DISTRIBUTION_V3.csv,data_row_1based:28973,A07,horizontal_rmse_m,D54_seed_08,0.0998590361372145,140,519,541,0.2697495183044316
<V3_ROOT>/07_AGGREGATE/CORE_541_DISTRIBUTION_V3.csv,data_row_1based:28974,A07,horizontal_rmse_m,D55_seed_00,0.0998590361372145,141,519,541,0.27167630057803466
<V3_ROOT>/07_AGGREGATE/CORE_541_DISTRIBUTION_V3.csv,data_row_1based:28975,A07,horizontal_rmse_m,D55_seed_01,0.0998590361372145,142,519,541,0.27360308285163776
<V3_ROOT>/07_AGGREGATE/CORE_541_DISTRIBUTION_V3.csv,data_row_1based:28976,A07,horizontal_rmse_m,D55_seed_02,0.0998590361372145,143,519,541,0.27552986512524086
<V3_ROOT>/07_AGGREGATE/CORE_541_DISTRIBUTION_V3.csv,data_row_1based:28977,A07,horizontal_rmse_m,D55_seed_03,0.0998590361372145,144,519,541,0.2774566473988439
<V3_ROOT>/07_AGGREGATE/CORE_541_DISTRIBUTION_V3.csv,data_row_1based:28978,A07,horizontal_rmse_m,D55_seed_04,0.0998590361372145,145,519,541,0.279383429672447
<V3_ROOT>/07_AGGREGATE/CORE_541_DISTRIBUTION_V3.csv,data_row_1based:28979,A07,horizontal_rmse_m,D55_seed_05,0.0998590361372145,146,519,541,0.2813102119460501
<V3_ROOT>/07_AGGREGATE/CORE_541_DISTRIBUTION_V3.csv,data_row_1based:28980,A07,horizontal_rmse_m,D55_seed_06,0.0998590361372145,147,519,541,0.2832369942196532
<V3_ROOT>/07_AGGREGATE/CORE_541_DISTRIBUTION_V3.csv,data_row_1based:28981,A07,horizontal_rmse_m,D55_seed_07,0.0998590361372145,148,519,541,0.28516377649325625
<V3_ROOT>/07_AGGREGATE/CORE_541_DISTRIBUTION_V3.csv,data_row_1based:28982,A07,horizontal_rmse_m,D55_seed_08,0.0998590361372145,149,519,541,0.28709055876685935
<V3_ROOT>/07_AGGREGATE/CORE_541_DISTRIBUTION_V3.csv,data_row_1based:28983,A07,horizontal_rmse_m,D56_seed_00,0.0998590361372145,150,519,541,0.28901734104046245
<V3_ROOT>/07_AGGREGATE/CORE_541_DISTRIBUTION_V3.csv,data_row_1based:28984,A07,horizontal_rmse_m,D56_seed_01,0.0998590361372145,151,519,541,0.2909441233140655
<V3_ROOT>/07_AGGREGATE/CORE_541_DISTRIBUTION_V3.csv,data_row_1based:28985,A07,horizontal_rmse_m,D56_seed_02,0.0998590361372145,152,519,541,0.2928709055876686
<V3_ROOT>/07_AGGREGATE/CORE_541_DISTRIBUTION_V3.csv,data_row_1based:28986,A07,horizontal_rmse_m,D56_seed_03,0.0998590361372145,153,519,541,0.2947976878612717
<V3_ROOT>/07_AGGREGATE/CORE_541_DISTRIBUTION_V3.csv,data_row_1based:28987,A07,horizontal_rmse_m,D56_seed_04,0.0998590361372145,154,519,541,0.29672447013487474
<V3_ROOT>/07_AGGREGATE/CORE_541_DISTRIBUTION_V3.csv,data_row_1based:28988,A07,horizontal_rmse_m,D56_seed_05,0.0998590361372145,155,519,541,0.29865125240847784
<V3_ROOT>/07_AGGREGATE/CORE_541_DISTRIBUTION_V3.csv,data_row_1based:28989,A07,horizontal_rmse_m,D56_seed_06,0.0998590361372145,156,519,541,0.30057803468208094
<V3_ROOT>/07_AGGREGATE/CORE_541_DISTRIBUTION_V3.csv,data_row_1based:28990,A07,horizontal_rmse_m,D56_seed_07,0.0998590361372145,157,519,541,0.302504816955684
<V3_ROOT>/07_AGGREGATE/CORE_541_DISTRIBUTION_V3.csv,data_row_1based:28991,A07,horizontal_rmse_m,D56_seed_08,0.0998590361372145,158,519,541,0.3044315992292871
<V3_ROOT>/07_AGGREGATE/CORE_541_DISTRIBUTION_V3.csv,data_row_1based:28992,A07,horizontal_rmse_m,D48_seed_06,0.09985941533593051,159,519,541,0.3063583815028902
<V3_ROOT>/07_AGGREGATE/CORE_541_DISTRIBUTION_V3.csv,data_row_1based:28993,A07,horizontal_rmse_m,D46_seed_08,0.09985964003267847,160,519,541,0.30828516377649323
<V3_ROOT>/07_AGGREGATE/CORE_541_DISTRIBUTION_V3.csv,data_row_1based:28994,A07,horizontal_rmse_m,D39_seed_03,0.09986249699717263,161,519,541,0.31021194605009633
<V3_ROOT>/07_AGGREGATE/CORE_541_DISTRIBUTION_V3.csv,data_row_1based:28995,A07,horizontal_rmse_m,D48_seed_04,0.09986302609966195,162,519,541,0.31213872832369943
<V3_ROOT>/07_AGGREGATE/CORE_541_DISTRIBUTION_V3.csv,data_row_1based:28996,A07,horizontal_rmse_m,D31_seed_04,0.09986412187750147,163,519,541,0.3140655105973025
<V3_ROOT>/07_AGGREGATE/CORE_541_DISTRIBUTION_V3.csv,data_row_1based:28997,A07,horizontal_rmse_m,D30_seed_04,0.0998643759148825,164,519,541,0.3159922928709056
<V3_ROOT>/07_AGGREGATE/CORE_541_DISTRIBUTION_V3.csv,data_row_1based:28998,A07,horizontal_rmse_m,D30_seed_01,0.09986454912325646,165,519,541,0.3179190751445087
<V3_ROOT>/07_AGGREGATE/CORE_541_DISTRIBUTION_V3.csv,data_row_1based:28999,A07,horizontal_rmse_m,D39_seed_01,0.09986513249310486,166,519,541,0.3198458574181118
<V3_ROOT>/07_AGGREGATE/CORE_541_DISTRIBUTION_V3.csv,data_row_1based:29000,A07,horizontal_rmse_m,D48_seed_05,0.0998674582823784,167,519,541,0.3217726396917148
<V3_ROOT>/07_AGGREGATE/CORE_541_DISTRIBUTION_V3.csv,data_row_1based:29001,A07,horizontal_rmse_m,D46_seed_07,0.09987129421853311,168,519,541,0.3236994219653179
<V3_ROOT>/07_AGGREGATE/CORE_541_DISTRIBUTION_V3.csv,data_row_1based:29002,A07,horizontal_rmse_m,D48_seed_01,0.09987261352694288,169,519,541,0.325626204238921
<V3_ROOT>/07_AGGREGATE/CORE_541_DISTRIBUTION_V3.csv,data_row_1based:29003,A07,horizontal_rmse_m,D48_seed_00,0.09987453474185098,170,519,541,0.32755298651252407
<V3_ROOT>/07_AGGREGATE/CORE_541_DISTRIBUTION_V3.csv,data_row_1based:29004,A07,horizontal_rmse_m,D46_seed_00,0.09987766212831899,171,519,541,0.32947976878612717
<V3_ROOT>/07_AGGREGATE/CORE_541_DISTRIBUTION_V3.csv,data_row_1based:29005,A07,horizontal_rmse_m,D39_seed_06,0.09987794914777355,172,519,541,0.33140655105973027
<V3_ROOT>/07_AGGREGATE/CORE_541_DISTRIBUTION_V3.csv,data_row_1based:29006,A07,horizontal_rmse_m,D39_seed_00,0.09987866331459372,173,519,541,0.3333333333333333
<V3_ROOT>/07_AGGREGATE/CORE_541_DISTRIBUTION_V3.csv,data_row_1based:29007,A07,horizontal_rmse_m,D36_seed_00,0.09987951703304944,174,519,541,0.3352601156069364
<V3_ROOT>/07_AGGREGATE/CORE_541_DISTRIBUTION_V3.csv,data_row_1based:29008,A07,horizontal_rmse_m,D36_seed_01,0.09987951703304944,175,519,541,0.3371868978805395
<V3_ROOT>/07_AGGREGATE/CORE_541_DISTRIBUTION_V3.csv,data_row_1based:29009,A07,horizontal_rmse_m,D36_seed_02,0.09987951703304944,176,519,541,0.33911368015414256
<V3_ROOT>/07_AGGREGATE/CORE_541_DISTRIBUTION_V3.csv,data_row_1based:29010,A07,horizontal_rmse_m,D36_seed_03,0.09987951703304944,177,519,541,0.34104046242774566
<V3_ROOT>/07_AGGREGATE/CORE_541_DISTRIBUTION_V3.csv,data_row_1based:29011,A07,horizontal_rmse_m,D36_seed_04,0.09987951703304944,178,519,541,0.34296724470134876
<V3_ROOT>/07_AGGREGATE/CORE_541_DISTRIBUTION_V3.csv,data_row_1based:29012,A07,horizontal_rmse_m,D36_seed_05,0.09987951703304944,179,519,541,0.3448940269749518
<V3_ROOT>/07_AGGREGATE/CORE_541_DISTRIBUTION_V3.csv,data_row_1based:29013,A07,horizontal_rmse_m,D36_seed_06,0.09987951703304944,180,519,541,0.3468208092485549
<V3_ROOT>/07_AGGREGATE/CORE_541_DISTRIBUTION_V3.csv,data_row_1based:29014,A07,horizontal_rmse_m,D36_seed_07,0.09987951703304944,181,519,541,0.348747591522158
<V3_ROOT>/07_AGGREGATE/CORE_541_DISTRIBUTION_V3.csv,data_row_1based:29015,A07,horizontal_rmse_m,D36_seed_08,0.09987951703304944,182,519,541,0.35067437379576105
<V3_ROOT>/07_AGGREGATE/CORE_541_DISTRIBUTION_V3.csv,data_row_1based:29016,A07,horizontal_rmse_m,D48_seed_03,0.09987991421940914,183,519,541,0.35260115606936415
<V3_ROOT>/07_AGGREGATE/CORE_541_DISTRIBUTION_V3.csv,data_row_1based:29017,A07,horizontal_rmse_m,D31_seed_01,0.09988030585365318,184,519,541,0.35452793834296725
<V3_ROOT>/07_AGGREGATE/CORE_541_DISTRIBUTION_V3.csv,data_row_1based:29018,A07,horizontal_rmse_m,D35_seed_05,0.09988107665383061,185,519,541,0.35645472061657035
<V3_ROOT>/07_AGGREGATE/CORE_541_DISTRIBUTION_V3.csv,data_row_1based:29019,A07,horizontal_rmse_m,D34_seed_05,0.09988330885482025,186,519,541,0.3583815028901734
<V3_ROOT>/07_AGGREGATE/CORE_541_DISTRIBUTION_V3.csv,data_row_1based:29020,A07,horizontal_rmse_m,D35_seed_02,0.09988531391660942,187,519,541,0.3603082851637765
<V3_ROOT>/07_AGGREGATE/CORE_541_DISTRIBUTION_V3.csv,data_row_1based:29021,A07,horizontal_rmse_m,D46_seed_06,0.0998864117544265,188,519,541,0.3622350674373796
<V3_ROOT>/07_AGGREGATE/CORE_541_DISTRIBUTION_V3.csv,data_row_1based:29022,A07,horizontal_rmse_m,D35_seed_07,0.09989297809671058,189,519,541,0.36416184971098264
<V3_ROOT>/07_AGGREGATE/CORE_541_DISTRIBUTION_V3.csv,data_row_1based:29023,A07,horizontal_rmse_m,D34_seed_07,0.09989400575366372,190,519,541,0.36608863198458574
<V3_ROOT>/07_AGGREGATE/CORE_541_DISTRIBUTION_V3.csv,data_row_1based:29024,A07,horizontal_rmse_m,D39_seed_08,0.09989431756836814,191,519,541,0.36801541425818884
<V3_ROOT>/07_AGGREGATE/CORE_541_DISTRIBUTION_V3.csv,data_row_1based:29025,A07,horizontal_rmse_m,D47_seed_00,0.09989442229053744,192,519,541,0.3699421965317919
<V3_ROOT>/07_AGGREGATE/CORE_541_DISTRIBUTION_V3.csv,data_row_1based:29026,A07,horizontal_rmse_m,D39_seed_05,0.0998950707054952,193,519,541,0.371868978805395
<V3_ROOT>/07_AGGREGATE/CORE_541_DISTRIBUTION_V3.csv,data_row_1based:29027,A07,horizontal_rmse_m,D32_seed_00,0.09990075898350004,194,519,541,0.3737957610789981
<V3_ROOT>/07_AGGREGATE/CORE_541_DISTRIBUTION_V3.csv,data_row_1based:29028,A07,horizontal_rmse_m,D37_seed_00,0.09990152972394184,195,519,541,0.37572254335260113
<V3_ROOT>/07_AGGREGATE/CORE_541_DISTRIBUTION_V3.csv,data_row_1based:29029,A07,horizontal_rmse_m,D37_seed_01,0.09990152972394184,196,519,541,0.37764932562620424
<V3_ROOT>/07_AGGREGATE/CORE_541_DISTRIBUTION_V3.csv,data_row_1based:29030,A07,horizontal_rmse_m,D37_seed_02,0.09990152972394184,197,519,541,0.37957610789980734
<V3_ROOT>/07_AGGREGATE/CORE_541_DISTRIBUTION_V3.csv,data_row_1based:29031,A07,horizontal_rmse_m,D37_seed_03,0.09990152972394184,198,519,541,0.3815028901734104
<V3_ROOT>/07_AGGREGATE/CORE_541_DISTRIBUTION_V3.csv,data_row_1based:29032,A07,horizontal_rmse_m,D37_seed_04,0.09990152972394184,199,519,541,0.3834296724470135
<V3_ROOT>/07_AGGREGATE/CORE_541_DISTRIBUTION_V3.csv,data_row_1based:29033,A07,horizontal_rmse_m,D37_seed_05,0.09990152972394184,200,519,541,0.3853564547206166
<V3_ROOT>/07_AGGREGATE/CORE_541_DISTRIBUTION_V3.csv,data_row_1based:29034,A07,horizontal_rmse_m,D37_seed_06,0.09990152972394184,201,519,541,0.3872832369942196
<V3_ROOT>/07_AGGREGATE/CORE_541_DISTRIBUTION_V3.csv,data_row_1based:29035,A07,horizontal_rmse_m,D37_seed_07,0.09990152972394184,202,519,541,0.3892100192678227
<V3_ROOT>/07_AGGREGATE/CORE_541_DISTRIBUTION_V3.csv,data_row_1based:29036,A07,horizontal_rmse_m,D37_seed_08,0.09990152972394184,203,519,541,0.3911368015414258
<V3_ROOT>/07_AGGREGATE/CORE_541_DISTRIBUTION_V3.csv,data_row_1based:29037,A07,horizontal_rmse_m,D30_seed_02,0.09990279191770296,204,519,541,0.3930635838150289
<V3_ROOT>/07_AGGREGATE/CORE_541_DISTRIBUTION_V3.csv,data_row_1based:29038,A07,horizontal_rmse_m,D47_seed_08,0.09990324878724069,205,519,541,0.394990366088632
<V3_ROOT>/07_AGGREGATE/CORE_541_DISTRIBUTION_V3.csv,data_row_1based:29039,A07,horizontal_rmse_m,D32_seed_03,0.09990773901628287,206,519,541,0.3969171483622351
<V3_ROOT>/07_AGGREGATE/CORE_541_DISTRIBUTION_V3.csv,data_row_1based:29040,A07,horizontal_rmse_m,D47_seed_03,0.09990805336876703,207,519,541,0.3988439306358382
<V3_ROOT>/07_AGGREGATE/CORE_541_DISTRIBUTION_V3.csv,data_row_1based:29041,A07,horizontal_rmse_m,D30_seed_05,0.09991812321545741,208,519,541,0.4007707129094412
<V3_ROOT>/07_AGGREGATE/CORE_541_DISTRIBUTION_V3.csv,data_row_1based:29042,A07,horizontal_rmse_m,D01_seed_08,0.09991819556479599,209,519,541,0.4026974951830443
<V3_ROOT>/07_AGGREGATE/CORE_541_DISTRIBUTION_V3.csv,data_row_1based:29043,A07,horizontal_rmse_m,D46_seed_02,0.09991861391383022,210,519,541,0.4046242774566474
<V3_ROOT>/07_AGGREGATE/CORE_541_DISTRIBUTION_V3.csv,data_row_1based:29044,A07,horizontal_rmse_m,D32_seed_08,0.09992524973907321,211,519,541,0.40655105973025046
<V3_ROOT>/07_AGGREGATE/CORE_541_DISTRIBUTION_V3.csv,data_row_1based:29045,A07,horizontal_rmse_m,D34_seed_01,0.09992860810310315,212,519,541,0.40847784200385356
<V3_ROOT>/07_AGGREGATE/CORE_541_DISTRIBUTION_V3.csv,data_row_1based:29046,A07,horizontal_rmse_m,D39_seed_02,0.09993979129759646,213,519,541,0.41040462427745666
<V3_ROOT>/07_AGGREGATE/CORE_541_DISTRIBUTION_V3.csv,data_row_1based:29047,A07,horizontal_rmse_m,D30_seed_07,0.09994362834525444,214,519,541,0.4123314065510597
<V3_ROOT>/07_AGGREGATE/CORE_541_DISTRIBUTION_V3.csv,data_row_1based:29048,A07,horizontal_rmse_m,D47_seed_02,0.09994430175563321,215,519,541,0.4142581888246628
<V3_ROOT>/07_AGGREGATE/CORE_541_DISTRIBUTION_V3.csv,data_row_1based:29049,A07,horizontal_rmse_m,D30_seed_03,0.0999469267548023,216,519,541,0.4161849710982659
<V3_ROOT>/07_AGGREGATE/CORE_541_DISTRIBUTION_V3.csv,data_row_1based:29050,A07,horizontal_rmse_m,D38_seed_08,0.09994852285415537,217,519,541,0.41811175337186895
<V3_ROOT>/07_AGGREGATE/CORE_541_DISTRIBUTION_V3.csv,data_row_1based:29051,A07,horizontal_rmse_m,D50_seed_01,0.09995219969475348,218,519,541,0.42003853564547206
<V3_ROOT>/07_AGGREGATE/CORE_541_DISTRIBUTION_V3.csv,data_row_1based:29052,A07,horizontal_rmse_m,D42_seed_00,0.09995338503140208,219,519,541,0.42196531791907516
<V3_ROOT>/07_AGGREGATE/CORE_541_DISTRIBUTION_V3.csv,data_row_1based:29053,A07,horizontal_rmse_m,D34_seed_02,0.09995567294040406,220,519,541,0.4238921001926782
<V3_ROOT>/07_AGGREGATE/CORE_541_DISTRIBUTION_V3.csv,data_row_1based:29054,A07,horizontal_rmse_m,D47_seed_07,0.09995612116980823,221,519,541,0.4258188824662813
<V3_ROOT>/07_AGGREGATE/CORE_541_DISTRIBUTION_V3.csv,data_row_1based:29055,A07,horizontal_rmse_m,D44_seed_07,0.09995637032735152,222,519,541,0.4277456647398844
<V3_ROOT>/07_AGGREGATE/CORE_541_DISTRIBUTION_V3.csv,data_row_1based:29056,A07,horizontal_rmse_m,D47_seed_06,0.09995856321945075,223,519,541,0.4296724470134875
<V3_ROOT>/07_AGGREGATE/CORE_541_DISTRIBUTION_V3.csv,data_row_1based:29057,A07,horizontal_rmse_m,D35_seed_06,0.09996675794332485,224,519,541,0.43159922928709055
<V3_ROOT>/07_AGGREGATE/CORE_541_DISTRIBUTION_V3.csv,data_row_1based:29058,A07,horizontal_rmse_m,D42_seed_02,0.09997295150578597,225,519,541,0.43352601156069365
<V3_ROOT>/07_AGGREGATE/CORE_541_DISTRIBUTION_V3.csv,data_row_1based:29059,A07,horizontal_rmse_m,D44_seed_04,0.09997569795854824,226,519,541,0.43545279383429675
<V3_ROOT>/07_AGGREGATE/CORE_541_DISTRIBUTION_V3.csv,data_row_1based:29060,A07,horizontal_rmse_m,D44_seed_03,0.09998071911078193,227,519,541,0.4373795761078998
<V3_ROOT>/07_AGGREGATE/CORE_541_DISTRIBUTION_V3.csv,data_row_1based:29061,A07,horizontal_rmse_m,D02_seed_00,0.09998473667879137,228,519,541,0.4393063583815029
<V3_ROOT>/07_AGGREGATE/CORE_541_DISTRIBUTION_V3.csv,data_row_1based:29062,A07,horizontal_rmse_m,D42_seed_08,0.0999869773411482,229,519,541,0.441233140655106
<V3_ROOT>/07_AGGREGATE/CORE_541_DISTRIBUTION_V3.csv,data_row_1based:29063,A07,horizontal_rmse_m,D47_seed_04,0.09999046914556363,230,519,541,0.44315992292870904
<V3_ROOT>/07_AGGREGATE/CORE_541_DISTRIBUTION_V3.csv,data_row_1based:29064,A07,horizontal_rmse_m,D47_seed_01,0.10000583516841072,231,519,541,0.44508670520231214
<V3_ROOT>/07_AGGREGATE/CORE_541_DISTRIBUTION_V3.csv,data_row_1based:29065,A07,horizontal_rmse_m,D01_seed_00,0.1000149229938453,232,519,541,0.44701348747591524
<V3_ROOT>/07_AGGREGATE/CORE_541_DISTRIBUTION_V3.csv,data_row_1based:29066,A07,horizontal_rmse_m,D44_seed_08,0.10001767898934867,233,519,541,0.4489402697495183
<V3_ROOT>/07_AGGREGATE/CORE_541_DISTRIBUTION_V3.csv,data_row_1based:29067,A07,horizontal_rmse_m,D42_seed_05,0.10002376021943789,234,519,541,0.4508670520231214
<V3_ROOT>/07_AGGREGATE/CORE_541_DISTRIBUTION_V3.csv,data_row_1based:29068,A07,horizontal_rmse_m,D02_seed_08,0.10002857914280577,235,519,541,0.4527938342967245
<V3_ROOT>/07_AGGREGATE/CORE_541_DISTRIBUTION_V3.csv,data_row_1based:29069,A07,horizontal_rmse_m,D44_seed_01,0.10002960099872849,236,519,541,0.45472061657032753
<V3_ROOT>/07_AGGREGATE/CORE_541_DISTRIBUTION_V3.csv,data_row_1based:29070,A07,horizontal_rmse_m,D31_seed_02,0.10003945111035784,237,519,541,0.45664739884393063
<V3_ROOT>/07_AGGREGATE/CORE_541_DISTRIBUTION_V3.csv,data_row_1based:29071,A07,horizontal_rmse_m,D42_seed_03,0.1000409079884542,238,519,541,0.45857418111753373
<V3_ROOT>/07_AGGREGATE/CORE_541_DISTRIBUTION_V3.csv,data_row_1based:29072,A07,horizontal_rmse_m,D41_seed_01,0.10006015617241487,239,519,541,0.4605009633911368
<V3_ROOT>/07_AGGREGATE/CORE_541_DISTRIBUTION_V3.csv,data_row_1based:29073,A07,horizontal_rmse_m,D07_seed_08,0.10006119090688823,240,519,541,0.4624277456647399
<V3_ROOT>/07_AGGREGATE/CORE_541_DISTRIBUTION_V3.csv,data_row_1based:29074,A07,horizontal_rmse_m,D49_seed_03,0.10007090477528384,241,519,541,0.464354527938343
<V3_ROOT>/07_AGGREGATE/CORE_541_DISTRIBUTION_V3.csv,data_row_1based:29075,A07,horizontal_rmse_m,D44_seed_05,0.10009152554857668,242,519,541,0.4662813102119461
<V3_ROOT>/07_AGGREGATE/CORE_541_DISTRIBUTION_V3.csv,data_row_1based:29076,A07,horizontal_rmse_m,D01_seed_01,0.10016125882645455,243,519,541,0.4682080924855491
<V3_ROOT>/07_AGGREGATE/CORE_541_DISTRIBUTION_V3.csv,data_row_1based:29077,A07,horizontal_rmse_m,D35_seed_04,0.10017150877380525,244,519,541,0.4701348747591522
<V3_ROOT>/07_AGGREGATE/CORE_541_DISTRIBUTION_V3.csv,data_row_1based:29078,A07,horizontal_rmse_m,D49_seed_00,0.10017760073311624,245,519,541,0.4720616570327553
<V3_ROOT>/07_AGGREGATE/CORE_541_DISTRIBUTION_V3.csv,data_row_1based:29079,A07,horizontal_rmse_m,D23_seed_00,0.10018028974500814,246,519,541,0.47398843930635837
<V3_ROOT>/07_AGGREGATE/CORE_541_DISTRIBUTION_V3.csv,data_row_1based:29080,A07,horizontal_rmse_m,D23_seed_01,0.10018028974500814,247,519,541,0.47591522157996147
<V3_ROOT>/07_AGGREGATE/CORE_541_DISTRIBUTION_V3.csv,data_row_1based:29081,A07,horizontal_rmse_m,D23_seed_02,0.10018028974500814,248,519,541,0.47784200385356457
<V3_ROOT>/07_AGGREGATE/CORE_541_DISTRIBUTION_V3.csv,data_row_1based:29082,A07,horizontal_rmse_m,D23_seed_03,0.10018028974500814,249,519,541,0.4797687861271676
<V3_ROOT>/07_AGGREGATE/CORE_541_DISTRIBUTION_V3.csv,data_row_1based:29083,A07,horizontal_rmse_m,D23_seed_04,0.10018028974500814,250,519,541,0.4816955684007707
<V3_ROOT>/07_AGGREGATE/CORE_541_DISTRIBUTION_V3.csv,data_row_1based:29084,A07,horizontal_rmse_m,D23_seed_05,0.10018028974500814,251,519,541,0.4836223506743738
<V3_ROOT>/07_AGGREGATE/CORE_541_DISTRIBUTION_V3.csv,data_row_1based:29085,A07,horizontal_rmse_m,D23_seed_06,0.10018028974500814,252,519,541,0.48554913294797686
<V3_ROOT>/07_AGGREGATE/CORE_541_DISTRIBUTION_V3.csv,data_row_1based:29086,A07,horizontal_rmse_m,D23_seed_07,0.10018028974500814,253,519,541,0.48747591522157996
<V3_ROOT>/07_AGGREGATE/CORE_541_DISTRIBUTION_V3.csv,data_row_1based:29087,A07,horizontal_rmse_m,D23_seed_08,0.10018028974500814,254,519,541,0.48940269749518306
<V3_ROOT>/07_AGGREGATE/CORE_541_DISTRIBUTION_V3.csv,data_row_1based:29088,A07,horizontal_rmse_m,D49_seed_05,0.1001825270310889,255,519,541,0.4913294797687861
<V3_ROOT>/07_AGGREGATE/CORE_541_DISTRIBUTION_V3.csv,data_row_1based:29089,A07,horizontal_rmse_m,D42_seed_06,0.10020424605958111,256,519,541,0.4932562620423892
<V3_ROOT>/07_AGGREGATE/CORE_541_DISTRIBUTION_V3.csv,data_row_1based:29090,A07,horizontal_rmse_m,D01_seed_06,0.10022759236096802,257,519,541,0.4951830443159923
<V3_ROOT>/07_AGGREGATE/CORE_541_DISTRIBUTION_V3.csv,data_row_1based:29091,A07,horizontal_rmse_m,D42_seed_07,0.1002310161500322,258,519,541,0.49710982658959535
<V3_ROOT>/07_AGGREGATE/CORE_541_DISTRIBUTION_V3.csv,data_row_1based:29092,A07,horizontal_rmse_m,D01_seed_02,0.10025043547882201,259,519,541,0.49903660886319845
<V3_ROOT>/07_AGGREGATE/CORE_541_DISTRIBUTION_V3.csv,data_row_1based:29093,A07,horizontal_rmse_m,D49_seed_04,0.10027140523391447,260,519,541,0.5009633911368016
<V3_ROOT>/07_AGGREGATE/CORE_541_DISTRIBUTION_V3.csv,data_row_1based:29094,A07,horizontal_rmse_m,D49_seed_08,0.10027760074737185,261,519,541,0.5028901734104047
<V3_ROOT>/07_AGGREGATE/CORE_541_DISTRIBUTION_V3.csv,data_row_1based:29095,A07,horizontal_rmse_m,D49_seed_02,0.10030924748835506,262,519,541,0.5048169556840078
<V3_ROOT>/07_AGGREGATE/CORE_541_DISTRIBUTION_V3.csv,data_row_1based:29096,A07,horizontal_rmse_m,D01_seed_03,0.1003331307147783,263,519,541,0.5067437379576107
<V3_ROOT>/07_AGGREGATE/CORE_541_DISTRIBUTION_V3.csv,data_row_1based:29097,A07,horizontal_rmse_m,D07_seed_01,0.10034219469299085,264,519,541,0.5086705202312138
<V3_ROOT>/07_AGGREGATE/CORE_541_DISTRIBUTION_V3.csv,data_row_1based:29098,A07,horizontal_rmse_m,D49_seed_07,0.10035289123610723,265,519,541,0.5105973025048169
<V3_ROOT>/07_AGGREGATE/CORE_541_DISTRIBUTION_V3.csv,data_row_1based:29099,A07,horizontal_rmse_m,D49_seed_06,0.10035691910305537,266,519,541,0.51252408477842
<V3_ROOT>/07_AGGREGATE/CORE_541_DISTRIBUTION_V3.csv,data_row_1based:29100,A07,horizontal_rmse_m,D02_seed_02,0.10043002063641057,267,519,541,0.5144508670520231
<V3_ROOT>/07_AGGREGATE/CORE_541_DISTRIBUTION_V3.csv,data_row_1based:29101,A07,horizontal_rmse_m,D49_seed_01,0.10043304556755397,268,519,541,0.5163776493256262
<V3_ROOT>/07_AGGREGATE/CORE_541_DISTRIBUTION_V3.csv,data_row_1based:29102,A07,horizontal_rmse_m,D50_seed_03,0.10059967229510179,269,519,541,0.5183044315992292
<V3_ROOT>/07_AGGREGATE/CORE_541_DISTRIBUTION_V3.csv,data_row_1based:29103,A07,horizontal_rmse_m,D01_seed_04,0.10068934832112274,270,519,541,0.5202312138728323
<V3_ROOT>/07_AGGREGATE/CORE_541_DISTRIBUTION_V3.csv,data_row_1based:29104,A07,horizontal_rmse_m,D02_seed_01,0.10068960675994011,271,519,541,0.5221579961464354
<V3_ROOT>/07_AGGREGATE/CORE_541_DISTRIBUTION_V3.csv,data_row_1based:29105,A07,horizontal_rmse_m,D41_seed_04,0.1007030768378613,272,519,541,0.5240847784200385
<V3_ROOT>/07_AGGREGATE/CORE_541_DISTRIBUTION_V3.csv,data_row_1based:29106,A07,horizontal_rmse_m,D07_seed_07,0.10075042716967318,273,519,541,0.5260115606936416
<V3_ROOT>/07_AGGREGATE/CORE_541_DISTRIBUTION_V3.csv,data_row_1based:29107,A07,horizontal_rmse_m,D07_seed_00,0.10082971565525876,274,519,541,0.5279383429672447
<V3_ROOT>/07_AGGREGATE/CORE_541_DISTRIBUTION_V3.csv,data_row_1based:29108,A07,horizontal_rmse_m,D50_seed_06,0.1008521658645932,275,519,541,0.5298651252408478
<V3_ROOT>/07_AGGREGATE/CORE_541_DISTRIBUTION_V3.csv,data_row_1based:29109,A07,horizontal_rmse_m,D50_seed_04,0.10085261801526649,276,519,541,0.5317919075144508
<V3_ROOT>/07_AGGREGATE/CORE_541_DISTRIBUTION_V3.csv,data_row_1based:29110,A07,horizontal_rmse_m,D50_seed_05,0.10086565743281109,277,519,541,0.5337186897880539
<V3_ROOT>/07_AGGREGATE/CORE_541_DISTRIBUTION_V3.csv,data_row_1based:29111,A07,horizontal_rmse_m,D01_seed_05,0.10087248972088315,278,519,541,0.535645472061657
<V3_ROOT>/07_AGGREGATE/CORE_541_DISTRIBUTION_V3.csv,data_row_1based:29112,A07,horizontal_rmse_m,D50_seed_02,0.1009197986647916,279,519,541,0.5375722543352601
<V3_ROOT>/07_AGGREGATE/CORE_541_DISTRIBUTION_V3.csv,data_row_1based:29113,A07,horizontal_rmse_m,D38_seed_00,0.10094058312450242,280,519,541,0.5394990366088632
<V3_ROOT>/07_AGGREGATE/CORE_541_DISTRIBUTION_V3.csv,data_row_1based:29114,A07,horizontal_rmse_m,D07_seed_02,0.10094544761064234,281,519,541,0.5414258188824663
<V3_ROOT>/07_AGGREGATE/CORE_541_DISTRIBUTION_V3.csv,data_row_1based:29115,A07,horizontal_rmse_m,D24_seed_00,0.10101740430315656,282,519,541,0.5433526011560693
<V3_ROOT>/07_AGGREGATE/CORE_541_DISTRIBUTION_V3.csv,data_row_1based:29116,A07,horizontal_rmse_m,D24_seed_01,0.10101740430315656,283,519,541,0.5452793834296724
<V3_ROOT>/07_AGGREGATE/CORE_541_DISTRIBUTION_V3.csv,data_row_1based:29117,A07,horizontal_rmse_m,D24_seed_02,0.10101740430315656,284,519,541,0.5472061657032755
<V3_ROOT>/07_AGGREGATE/CORE_541_DISTRIBUTION_V3.csv,data_row_1based:29118,A07,horizontal_rmse_m,D24_seed_03,0.10101740430315656,285,519,541,0.5491329479768786
<V3_ROOT>/07_AGGREGATE/CORE_541_DISTRIBUTION_V3.csv,data_row_1based:29119,A07,horizontal_rmse_m,D24_seed_04,0.10101740430315656,286,519,541,0.5510597302504817
<V3_ROOT>/07_AGGREGATE/CORE_541_DISTRIBUTION_V3.csv,data_row_1based:29120,A07,horizontal_rmse_m,D24_seed_05,0.10101740430315656,287,519,541,0.5529865125240848
<V3_ROOT>/07_AGGREGATE/CORE_541_DISTRIBUTION_V3.csv,data_row_1based:29121,A07,horizontal_rmse_m,D24_seed_06,0.10101740430315656,288,519,541,0.5549132947976878
<V3_ROOT>/07_AGGREGATE/CORE_541_DISTRIBUTION_V3.csv,data_row_1based:29122,A07,horizontal_rmse_m,D24_seed_07,0.10101740430315656,289,519,541,0.5568400770712909
<V3_ROOT>/07_AGGREGATE/CORE_541_DISTRIBUTION_V3.csv,data_row_1based:29123,A07,horizontal_rmse_m,D24_seed_08,0.10101740430315656,290,519,541,0.558766859344894
<V3_ROOT>/07_AGGREGATE/CORE_541_DISTRIBUTION_V3.csv,data_row_1based:29124,A07,horizontal_rmse_m,D58_seed_00,0.10102216427482225,291,519,541,0.5606936416184971
<V3_ROOT>/07_AGGREGATE/CORE_541_DISTRIBUTION_V3.csv,data_row_1based:29125,A07,horizontal_rmse_m,D58_seed_08,0.10103694311494152,292,519,541,0.5626204238921002
<V3_ROOT>/07_AGGREGATE/CORE_541_DISTRIBUTION_V3.csv,data_row_1based:29126,A07,horizontal_rmse_m,D02_seed_06,0.10103761308946833,293,519,541,0.5645472061657033
<V3_ROOT>/07_AGGREGATE/CORE_541_DISTRIBUTION_V3.csv,data_row_1based:29127,A07,horizontal_rmse_m,D03_seed_08,0.10103852150645826,294,519,541,0.5664739884393064
<V3_ROOT>/07_AGGREGATE/CORE_541_DISTRIBUTION_V3.csv,data_row_1based:29128,A07,horizontal_rmse_m,D03_seed_00,0.1010616655557199,295,519,541,0.5684007707129094
<V3_ROOT>/07_AGGREGATE/CORE_541_DISTRIBUTION_V3.csv,data_row_1based:29129,A07,horizontal_rmse_m,D07_seed_05,0.10112998941462227,296,519,541,0.5703275529865125
<V3_ROOT>/07_AGGREGATE/CORE_541_DISTRIBUTION_V3.csv,data_row_1based:29130,A07,horizontal_rmse_m,D07_seed_06,0.10115097785027506,297,519,541,0.5722543352601156
<V3_ROOT>/07_AGGREGATE/CORE_541_DISTRIBUTION_V3.csv,data_row_1based:29131,A07,horizontal_rmse_m,D58_seed_04,0.10120207852980226,298,519,541,0.5741811175337187
<V3_ROOT>/07_AGGREGATE/CORE_541_DISTRIBUTION_V3.csv,data_row_1based:29132,A07,horizontal_rmse_m,D03_seed_04,0.1012111205416394,299,519,541,0.5761078998073218
<V3_ROOT>/07_AGGREGATE/CORE_541_DISTRIBUTION_V3.csv,data_row_1based:29133,A07,horizontal_rmse_m,D02_seed_05,0.10140255738280174,300,519,541,0.5780346820809249
<V3_ROOT>/07_AGGREGATE/CORE_541_DISTRIBUTION_V3.csv,data_row_1based:29134,A07,horizontal_rmse_m,D03_seed_01,0.10145423699809349,301,519,541,0.5799614643545279
<V3_ROOT>/07_AGGREGATE/CORE_541_DISTRIBUTION_V3.csv,data_row_1based:29135,A07,horizontal_rmse_m,D58_seed_01,0.10145978650451482,302,519,541,0.581888246628131
<V3_ROOT>/07_AGGREGATE/CORE_541_DISTRIBUTION_V3.csv,data_row_1based:29136,A07,horizontal_rmse_m,D07_seed_04,0.10153541867940834,303,519,541,0.5838150289017341
<V3_ROOT>/07_AGGREGATE/CORE_541_DISTRIBUTION_V3.csv,data_row_1based:29137,A07,horizontal_rmse_m,D02_seed_04,0.10158171526963047,304,519,541,0.5857418111753372
<V3_ROOT>/07_AGGREGATE/CORE_541_DISTRIBUTION_V3.csv,data_row_1based:29138,A07,horizontal_rmse_m,D07_seed_03,0.10172086230506182,305,519,541,0.5876685934489403
<V3_ROOT>/07_AGGREGATE/CORE_541_DISTRIBUTION_V3.csv,data_row_1based:29139,A07,horizontal_rmse_m,D02_seed_03,0.1022625122220784,306,519,541,0.5895953757225434
<V3_ROOT>/07_AGGREGATE/CORE_541_DISTRIBUTION_V3.csv,data_row_1based:29140,A07,horizontal_rmse_m,D25_seed_00,0.10235080273437928,307,519,541,0.5915221579961464
<V3_ROOT>/07_AGGREGATE/CORE_541_DISTRIBUTION_V3.csv,data_row_1based:29141,A07,horizontal_rmse_m,D25_seed_01,0.10235080273437928,308,519,541,0.5934489402697495
<V3_ROOT>/07_AGGREGATE/CORE_541_DISTRIBUTION_V3.csv,data_row_1based:29142,A07,horizontal_rmse_m,D25_seed_02,0.10235080273437928,309,519,541,0.5953757225433526
<V3_ROOT>/07_AGGREGATE/CORE_541_DISTRIBUTION_V3.csv,data_row_1based:29143,A07,horizontal_rmse_m,D25_seed_03,0.10235080273437928,310,519,541,0.5973025048169557
<V3_ROOT>/07_AGGREGATE/CORE_541_DISTRIBUTION_V3.csv,data_row_1based:29144,A07,horizontal_rmse_m,D25_seed_04,0.10235080273437928,311,519,541,0.5992292870905588
<V3_ROOT>/07_AGGREGATE/CORE_541_DISTRIBUTION_V3.csv,data_row_1based:29145,A07,horizontal_rmse_m,D25_seed_05,0.10235080273437928,312,519,541,0.6011560693641619
<V3_ROOT>/07_AGGREGATE/CORE_541_DISTRIBUTION_V3.csv,data_row_1based:29146,A07,horizontal_rmse_m,D25_seed_06,0.10235080273437928,313,519,541,0.603082851637765
<V3_ROOT>/07_AGGREGATE/CORE_541_DISTRIBUTION_V3.csv,data_row_1based:29147,A07,horizontal_rmse_m,D25_seed_07,0.10235080273437928,314,519,541,0.605009633911368
<V3_ROOT>/07_AGGREGATE/CORE_541_DISTRIBUTION_V3.csv,data_row_1based:29148,A07,horizontal_rmse_m,D25_seed_08,0.10235080273437928,315,519,541,0.6069364161849711
<V3_ROOT>/07_AGGREGATE/CORE_541_DISTRIBUTION_V3.csv,data_row_1based:29149,A07,horizontal_rmse_m,D28_seed_00,0.10235080273437928,316,519,541,0.6088631984585742
<V3_ROOT>/07_AGGREGATE/CORE_541_DISTRIBUTION_V3.csv,data_row_1based:29150,A07,horizontal_rmse_m,D28_seed_01,0.10235080273437928,317,519,541,0.6107899807321773
<V3_ROOT>/07_AGGREGATE/CORE_541_DISTRIBUTION_V3.csv,data_row_1based:29151,A07,horizontal_rmse_m,D28_seed_02,0.10235080273437928,318,519,541,0.6127167630057804
<V3_ROOT>/07_AGGREGATE/CORE_541_DISTRIBUTION_V3.csv,data_row_1based:29152,A07,horizontal_rmse_m,D28_seed_03,0.10235080273437928,319,519,541,0.6146435452793835
<V3_ROOT>/07_AGGREGATE/CORE_541_DISTRIBUTION_V3.csv,data_row_1based:29153,A07,horizontal_rmse_m,D28_seed_04,0.10235080273437928,320,519,541,0.6165703275529865
<V3_ROOT>/07_AGGREGATE/CORE_541_DISTRIBUTION_V3.csv,data_row_1based:29154,A07,horizontal_rmse_m,D28_seed_05,0.10235080273437928,321,519,541,0.6184971098265896
<V3_ROOT>/07_AGGREGATE/CORE_541_DISTRIBUTION_V3.csv,data_row_1based:29155,A07,horizontal_rmse_m,D28_seed_06,0.10235080273437928,322,519,541,0.6204238921001927
<V3_ROOT>/07_AGGREGATE/CORE_541_DISTRIBUTION_V3.csv,data_row_1based:29156,A07,horizontal_rmse_m,D28_seed_07,0.10235080273437928,323,519,541,0.6223506743737958
<V3_ROOT>/07_AGGREGATE/CORE_541_DISTRIBUTION_V3.csv,data_row_1based:29157,A07,horizontal_rmse_m,D28_seed_08,0.10235080273437928,324,519,541,0.6242774566473989
<V3_ROOT>/07_AGGREGATE/CORE_541_DISTRIBUTION_V3.csv,data_row_1based:29158,A07,horizontal_rmse_m,D03_seed_05,0.10280876697127823,325,519,541,0.626204238921002
<V3_ROOT>/07_AGGREGATE/CORE_541_DISTRIBUTION_V3.csv,data_row_1based:29159,A07,horizontal_rmse_m,D58_seed_05,0.10285405043478921,326,519,541,0.628131021194605
<V3_ROOT>/07_AGGREGATE/CORE_541_DISTRIBUTION_V3.csv,data_row_1based:29160,A07,horizontal_rmse_m,D41_seed_08,0.10306766111859977,327,519,541,0.630057803468208
<V3_ROOT>/07_AGGREGATE/CORE_541_DISTRIBUTION_V3.csv,data_row_1based:29161,A07,horizontal_rmse_m,D11_seed_07,0.10408128320771987,328,519,541,0.6319845857418112
<V3_ROOT>/07_AGGREGATE/CORE_541_DISTRIBUTION_V3.csv,data_row_1based:29162,A07,horizontal_rmse_m,D58_seed_03,0.1044794783636181,329,519,541,0.6339113680154143
<V3_ROOT>/07_AGGREGATE/CORE_541_DISTRIBUTION_V3.csv,data_row_1based:29163,A07,horizontal_rmse_m,D11_seed_04,0.10449919844173865,330,519,541,0.6358381502890174
<V3_ROOT>/07_AGGREGATE/CORE_541_DISTRIBUTION_V3.csv,data_row_1based:29164,A07,horizontal_rmse_m,D03_seed_03,0.10450832325754662,331,519,541,0.6377649325626205
<V3_ROOT>/07_AGGREGATE/CORE_541_DISTRIBUTION_V3.csv,data_row_1based:29165,A07,horizontal_rmse_m,D11_seed_05,0.10490216655478661,332,519,541,0.6396917148362236
<V3_ROOT>/07_AGGREGATE/CORE_541_DISTRIBUTION_V3.csv,data_row_1based:29166,A07,horizontal_rmse_m,D11_seed_03,0.10500111971731133,333,519,541,0.6416184971098265
<V3_ROOT>/07_AGGREGATE/CORE_541_DISTRIBUTION_V3.csv,data_row_1based:29167,A07,horizontal_rmse_m,D11_seed_02,0.10508172629620668,334,519,541,0.6435452793834296
<V3_ROOT>/07_AGGREGATE/CORE_541_DISTRIBUTION_V3.csv,data_row_1based:29168,A07,horizontal_rmse_m,D11_seed_08,0.10512792138488058,335,519,541,0.6454720616570327
<V3_ROOT>/07_AGGREGATE/CORE_541_DISTRIBUTION_V3.csv,data_row_1based:29169,A07,horizontal_rmse_m,D11_seed_06,0.10515803676655057,336,519,541,0.6473988439306358
<V3_ROOT>/07_AGGREGATE/CORE_541_DISTRIBUTION_V3.csv,data_row_1based:29170,A07,horizontal_rmse_m,D11_seed_01,0.10537379236417764,337,519,541,0.649325626204239
<V3_ROOT>/07_AGGREGATE/CORE_541_DISTRIBUTION_V3.csv,data_row_1based:29171,A07,horizontal_rmse_m,D43_seed_00,0.10561232967391117,338,519,541,0.651252408477842
<V3_ROOT>/07_AGGREGATE/CORE_541_DISTRIBUTION_V3.csv,data_row_1based:29172,A07,horizontal_rmse_m,D11_seed_00,0.10586150809713224,339,519,541,0.653179190751445
<V3_ROOT>/07_AGGREGATE/CORE_541_DISTRIBUTION_V3.csv,data_row_1based:29173,A07,horizontal_rmse_m,D43_seed_03,0.10651279659864177,340,519,541,0.6551059730250481
<V3_ROOT>/07_AGGREGATE/CORE_541_DISTRIBUTION_V3.csv,data_row_1based:29174,A07,horizontal_rmse_m,D04_seed_07,0.10692729925360604,341,519,541,0.6570327552986512
<V3_ROOT>/07_AGGREGATE/CORE_541_DISTRIBUTION_V3.csv,data_row_1based:29175,A07,horizontal_rmse_m,D03_seed_07,0.10698610393689495,342,519,541,0.6589595375722543
<V3_ROOT>/07_AGGREGATE/CORE_541_DISTRIBUTION_V3.csv,data_row_1based:29176,A07,horizontal_rmse_m,D58_seed_07,0.10699242898035084,343,519,541,0.6608863198458574
<V3_ROOT>/07_AGGREGATE/CORE_541_DISTRIBUTION_V3.csv,data_row_1based:29177,A07,horizontal_rmse_m,D43_seed_02,0.10745226486927317,344,519,541,0.6628131021194605
<V3_ROOT>/07_AGGREGATE/CORE_541_DISTRIBUTION_V3.csv,data_row_1based:29178,A07,horizontal_rmse_m,D43_seed_05,0.1075498601091022,345,519,541,0.6647398843930635
<V3_ROOT>/07_AGGREGATE/CORE_541_DISTRIBUTION_V3.csv,data_row_1based:29179,A07,horizontal_rmse_m,D43_seed_04,0.10770835832956335,346,519,541,0.6666666666666666
<V3_ROOT>/07_AGGREGATE/CORE_541_DISTRIBUTION_V3.csv,data_row_1based:29180,A07,horizontal_rmse_m,D43_seed_01,0.10777264142767333,347,519,541,0.6685934489402697
<V3_ROOT>/07_AGGREGATE/CORE_541_DISTRIBUTION_V3.csv,data_row_1based:29181,A07,horizontal_rmse_m,D43_seed_06,0.10822666610872102,348,519,541,0.6705202312138728
<V3_ROOT>/07_AGGREGATE/CORE_541_DISTRIBUTION_V3.csv,data_row_1based:29182,A07,horizontal_rmse_m,D04_seed_01,0.10855720417900175,349,519,541,0.6724470134874759
<V3_ROOT>/07_AGGREGATE/CORE_541_DISTRIBUTION_V3.csv,data_row_1based:29183,A07,horizontal_rmse_m,D43_seed_07,0.10860855548931347,350,519,541,0.674373795761079
<V3_ROOT>/07_AGGREGATE/CORE_541_DISTRIBUTION_V3.csv,data_row_1based:29184,A07,horizontal_rmse_m,D58_seed_02,0.10888428146931009,351,519,541,0.6763005780346821
<V3_ROOT>/07_AGGREGATE/CORE_541_DISTRIBUTION_V3.csv,data_row_1based:29185,A07,horizontal_rmse_m,D03_seed_02,0.1089126126717985,352,519,541,0.6782273603082851
<V3_ROOT>/07_AGGREGATE/CORE_541_DISTRIBUTION_V3.csv,data_row_1based:29186,A07,horizontal_rmse_m,D43_seed_08,0.10947245191724363,353,519,541,0.6801541425818882
<V3_ROOT>/07_AGGREGATE/CORE_541_DISTRIBUTION_V3.csv,data_row_1based:29187,A07,horizontal_rmse_m,D05_seed_03,0.11060402991676548,354,519,541,0.6820809248554913
<V3_ROOT>/07_AGGREGATE/CORE_541_DISTRIBUTION_V3.csv,data_row_1based:29188,A07,horizontal_rmse_m,D03_seed_06,0.1116848113259416,355,519,541,0.6840077071290944
<V3_ROOT>/07_AGGREGATE/CORE_541_DISTRIBUTION_V3.csv,data_row_1based:29189,A07,horizontal_rmse_m,D58_seed_06,0.11172607398368321,356,519,541,0.6859344894026975
<V3_ROOT>/07_AGGREGATE/CORE_541_DISTRIBUTION_V3.csv,data_row_1based:29190,A07,horizontal_rmse_m,D41_seed_06,0.11174598110420841,357,519,541,0.6878612716763006
<V3_ROOT>/07_AGGREGATE/CORE_541_DISTRIBUTION_V3.csv,data_row_1based:29191,A07,horizontal_rmse_m,D04_seed_04,0.11200254095033148,358,519,541,0.6897880539499036
<V3_ROOT>/07_AGGREGATE/CORE_541_DISTRIBUTION_V3.csv,data_row_1based:29192,A07,horizontal_rmse_m,D45_seed_00,0.11212575997814568,359,519,541,0.6917148362235067
<V3_ROOT>/07_AGGREGATE/CORE_541_DISTRIBUTION_V3.csv,data_row_1based:29193,A07,horizontal_rmse_m,D45_seed_03,0.11348159708583816,360,519,541,0.6936416184971098
<V3_ROOT>/07_AGGREGATE/CORE_541_DISTRIBUTION_V3.csv,data_row_1based:29194,A07,horizontal_rmse_m,D04_seed_05,0.11367602819922196,361,519,541,0.6955684007707129
<V3_ROOT>/07_AGGREGATE/CORE_541_DISTRIBUTION_V3.csv,data_row_1based:29195,A07,horizontal_rmse_m,D04_seed_08,0.11396223001393894,362,519,541,0.697495183044316
<V3_ROOT>/07_AGGREGATE/CORE_541_DISTRIBUTION_V3.csv,data_row_1based:29196,A07,horizontal_rmse_m,D04_seed_03,0.11436119523300685,363,519,541,0.6994219653179191
<V3_ROOT>/07_AGGREGATE/CORE_541_DISTRIBUTION_V3.csv,data_row_1based:29197,A07,horizontal_rmse_m,D45_seed_02,0.11483899784624965,364,519,541,0.7013487475915221
<V3_ROOT>/07_AGGREGATE/CORE_541_DISTRIBUTION_V3.csv,data_row_1based:29198,A07,horizontal_rmse_m,D45_seed_05,0.1149151900279209,365,519,541,0.7032755298651252
<V3_ROOT>/07_AGGREGATE/CORE_541_DISTRIBUTION_V3.csv,data_row_1based:29199,A07,horizontal_rmse_m,D45_seed_01,0.11506706687516843,366,519,541,0.7052023121387283
<V3_ROOT>/07_AGGREGATE/CORE_541_DISTRIBUTION_V3.csv,data_row_1based:29200,A07,horizontal_rmse_m,D45_seed_04,0.11542352630893023,367,519,541,0.7071290944123314
<V3_ROOT>/07_AGGREGATE/CORE_541_DISTRIBUTION_V3.csv,data_row_1based:29201,A07,horizontal_rmse_m,D45_seed_06,0.11596318407261111,368,519,541,0.7090558766859345
<V3_ROOT>/07_AGGREGATE/CORE_541_DISTRIBUTION_V3.csv,data_row_1based:29202,A07,horizontal_rmse_m,D45_seed_07,0.11683416432948028,369,519,541,0.7109826589595376
<V3_ROOT>/07_AGGREGATE/CORE_541_DISTRIBUTION_V3.csv,data_row_1based:29203,A07,horizontal_rmse_m,D45_seed_08,0.1179338771957819,370,519,541,0.7129094412331407
<V3_ROOT>/07_AGGREGATE/CORE_541_DISTRIBUTION_V3.csv,data_row_1based:29204,A07,horizontal_rmse_m,D05_seed_05,0.11908141907483571,371,519,541,0.7148362235067437
<V3_ROOT>/07_AGGREGATE/CORE_541_DISTRIBUTION_V3.csv,data_row_1based:29205,A07,horizontal_rmse_m,D04_seed_00,0.12057624857164699,372,519,541,0.7167630057803468
<V3_ROOT>/07_AGGREGATE/CORE_541_DISTRIBUTION_V3.csv,data_row_1based:29206,A07,horizontal_rmse_m,D09_seed_01,0.1208612837887247,373,519,541,0.7186897880539499
<V3_ROOT>/07_AGGREGATE/CORE_541_DISTRIBUTION_V3.csv,data_row_1based:29207,A07,horizontal_rmse_m,D09_seed_02,0.1208612837887247,374,519,541,0.720616570327553
<V3_ROOT>/07_AGGREGATE/CORE_541_DISTRIBUTION_V3.csv,data_row_1based:29208,A07,horizontal_rmse_m,D09_seed_03,0.1208612837887247,375,519,541,0.7225433526011561
<V3_ROOT>/07_AGGREGATE/CORE_541_DISTRIBUTION_V3.csv,data_row_1based:29209,A07,horizontal_rmse_m,D09_seed_04,0.1208612837887247,376,519,541,0.7244701348747592
<V3_ROOT>/07_AGGREGATE/CORE_541_DISTRIBUTION_V3.csv,data_row_1based:29210,A07,horizontal_rmse_m,D09_seed_05,0.1208612837887247,377,519,541,0.7263969171483622
<V3_ROOT>/07_AGGREGATE/CORE_541_DISTRIBUTION_V3.csv,data_row_1based:29211,A07,horizontal_rmse_m,D09_seed_06,0.1208612837887247,378,519,541,0.7283236994219653
<V3_ROOT>/07_AGGREGATE/CORE_541_DISTRIBUTION_V3.csv,data_row_1based:29212,A07,horizontal_rmse_m,D09_seed_07,0.1208612837887247,379,519,541,0.7302504816955684
<V3_ROOT>/07_AGGREGATE/CORE_541_DISTRIBUTION_V3.csv,data_row_1based:29213,A07,horizontal_rmse_m,D09_seed_08,0.1208612837887247,380,519,541,0.7321772639691715
<V3_ROOT>/07_AGGREGATE/CORE_541_DISTRIBUTION_V3.csv,data_row_1based:29214,A07,horizontal_rmse_m,D09_seed_00,0.12137298770151911,381,519,541,0.7341040462427746
<V3_ROOT>/07_AGGREGATE/CORE_541_DISTRIBUTION_V3.csv,data_row_1based:29215,A07,horizontal_rmse_m,D05_seed_08,0.122840858676672,382,519,541,0.7360308285163777
<V3_ROOT>/07_AGGREGATE/CORE_541_DISTRIBUTION_V3.csv,data_row_1based:29216,A07,horizontal_rmse_m,D12_seed_05,0.12748347974609683,383,519,541,0.7379576107899807
<V3_ROOT>/07_AGGREGATE/CORE_541_DISTRIBUTION_V3.csv,data_row_1based:29217,A07,horizontal_rmse_m,D12_seed_07,0.13113033340772173,384,519,541,0.7398843930635838
<V3_ROOT>/07_AGGREGATE/CORE_541_DISTRIBUTION_V3.csv,data_row_1based:29218,A07,horizontal_rmse_m,D12_seed_06,0.13178917829609874,385,519,541,0.7418111753371869
<V3_ROOT>/07_AGGREGATE/CORE_541_DISTRIBUTION_V3.csv,data_row_1based:29219,A07,horizontal_rmse_m,D12_seed_08,0.13216122269218436,386,519,541,0.74373795761079
<V3_ROOT>/07_AGGREGATE/CORE_541_DISTRIBUTION_V3.csv,data_row_1based:29220,A07,horizontal_rmse_m,D12_seed_04,0.1326543300106742,387,519,541,0.7456647398843931
<V3_ROOT>/07_AGGREGATE/CORE_541_DISTRIBUTION_V3.csv,data_row_1based:29221,A07,horizontal_rmse_m,D12_seed_00,0.13333713036510084,388,519,541,0.7475915221579962
<V3_ROOT>/07_AGGREGATE/CORE_541_DISTRIBUTION_V3.csv,data_row_1based:29222,A07,horizontal_rmse_m,D12_seed_03,0.133393828780919,389,519,541,0.7495183044315993
<V3_ROOT>/07_AGGREGATE/CORE_541_DISTRIBUTION_V3.csv,data_row_1based:29223,A07,horizontal_rmse_m,D04_seed_02,0.13571762786121686,390,519,541,0.7514450867052023
<V3_ROOT>/07_AGGREGATE/CORE_541_DISTRIBUTION_V3.csv,data_row_1based:29224,A07,horizontal_rmse_m,D12_seed_02,0.13728525433285324,391,519,541,0.7533718689788054
<V3_ROOT>/07_AGGREGATE/CORE_541_DISTRIBUTION_V3.csv,data_row_1based:29225,A07,horizontal_rmse_m,D04_seed_06,0.14099820558169587,392,519,541,0.7552986512524085
<V3_ROOT>/07_AGGREGATE/CORE_541_DISTRIBUTION_V3.csv,data_row_1based:29226,A07,horizontal_rmse_m,D12_seed_01,0.1420339266772806,393,519,541,0.7572254335260116
<V3_ROOT>/07_AGGREGATE/CORE_541_DISTRIBUTION_V3.csv,data_row_1based:29227,A07,horizontal_rmse_m,D05_seed_00,0.1435898593297816,394,519,541,0.7591522157996147
<V3_ROOT>/07_AGGREGATE/CORE_541_DISTRIBUTION_V3.csv,data_row_1based:29228,A07,horizontal_rmse_m,D05_seed_04,0.1457153412737446,395,519,541,0.7610789980732178
<V3_ROOT>/07_AGGREGATE/CORE_541_DISTRIBUTION_V3.csv,data_row_1based:29229,A07,horizontal_rmse_m,D10_seed_01,0.20414080590473324,396,519,541,0.7630057803468208
<V3_ROOT>/07_AGGREGATE/CORE_541_DISTRIBUTION_V3.csv,data_row_1based:29230,A07,horizontal_rmse_m,D10_seed_02,0.20414080590473324,397,519,541,0.7649325626204239
<V3_ROOT>/07_AGGREGATE/CORE_541_DISTRIBUTION_V3.csv,data_row_1based:29231,A07,horizontal_rmse_m,D10_seed_03,0.20414080590473324,398,519,541,0.766859344894027
<V3_ROOT>/07_AGGREGATE/CORE_541_DISTRIBUTION_V3.csv,data_row_1based:29232,A07,horizontal_rmse_m,D10_seed_04,0.20414080590473324,399,519,541,0.7687861271676301
<V3_ROOT>/07_AGGREGATE/CORE_541_DISTRIBUTION_V3.csv,data_row_1based:29233,A07,horizontal_rmse_m,D10_seed_05,0.20414080590473324,400,519,541,0.7707129094412332
<V3_ROOT>/07_AGGREGATE/CORE_541_DISTRIBUTION_V3.csv,data_row_1based:29234,A07,horizontal_rmse_m,D10_seed_06,0.20414080590473324,401,519,541,0.7726396917148363
<V3_ROOT>/07_AGGREGATE/CORE_541_DISTRIBUTION_V3.csv,data_row_1based:29235,A07,horizontal_rmse_m,D10_seed_07,0.20414080590473324,402,519,541,0.7745664739884393
<V3_ROOT>/07_AGGREGATE/CORE_541_DISTRIBUTION_V3.csv,data_row_1based:29236,A07,horizontal_rmse_m,D10_seed_08,0.20414080590473324,403,519,541,0.7764932562620424
<V3_ROOT>/07_AGGREGATE/CORE_541_DISTRIBUTION_V3.csv,data_row_1based:29237,A07,horizontal_rmse_m,D10_seed_00,0.2082514569564818,404,519,541,0.7784200385356455
<V3_ROOT>/07_AGGREGATE/CORE_541_DISTRIBUTION_V3.csv,data_row_1based:29238,A07,horizontal_rmse_m,D05_seed_01,0.23142811526518442,405,519,541,0.7803468208092486
<V3_ROOT>/07_AGGREGATE/CORE_541_DISTRIBUTION_V3.csv,data_row_1based:29239,A07,horizontal_rmse_m,D20_seed_05,0.2347322847130206,406,519,541,0.7822736030828517
<V3_ROOT>/07_AGGREGATE/CORE_541_DISTRIBUTION_V3.csv,data_row_1based:29240,A07,horizontal_rmse_m,D20_seed_07,0.23512302585761116,407,519,541,0.7842003853564548
<V3_ROOT>/07_AGGREGATE/CORE_541_DISTRIBUTION_V3.csv,data_row_1based:29241,A07,horizontal_rmse_m,D20_seed_02,0.23557292166552365,408,519,541,0.7861271676300579
<V3_ROOT>/07_AGGREGATE/CORE_541_DISTRIBUTION_V3.csv,data_row_1based:29242,A07,horizontal_rmse_m,D20_seed_00,0.23896494287276343,409,519,541,0.7880539499036608
<V3_ROOT>/07_AGGREGATE/CORE_541_DISTRIBUTION_V3.csv,data_row_1based:29243,A07,horizontal_rmse_m,D20_seed_03,0.2402278595938008,410,519,541,0.789980732177264
<V3_ROOT>/07_AGGREGATE/CORE_541_DISTRIBUTION_V3.csv,data_row_1based:29244,A07,horizontal_rmse_m,D20_seed_08,0.24424390209361246,411,519,541,0.791907514450867
<V3_ROOT>/07_AGGREGATE/CORE_541_DISTRIBUTION_V3.csv,data_row_1based:29245,A07,horizontal_rmse_m,D20_seed_06,0.24524459822880942,412,519,541,0.7938342967244701
<V3_ROOT>/07_AGGREGATE/CORE_541_DISTRIBUTION_V3.csv,data_row_1based:29246,A07,horizontal_rmse_m,D20_seed_04,0.2468344748258064,413,519,541,0.7957610789980732
<V3_ROOT>/07_AGGREGATE/CORE_541_DISTRIBUTION_V3.csv,data_row_1based:29247,A07,horizontal_rmse_m,D20_seed_01,0.2480213583785663,414,519,541,0.7976878612716763
<V3_ROOT>/07_AGGREGATE/CORE_541_DISTRIBUTION_V3.csv,data_row_1based:29248,A07,horizontal_rmse_m,D05_seed_02,0.25388016695317334,415,519,541,0.7996146435452793
<V3_ROOT>/07_AGGREGATE/CORE_541_DISTRIBUTION_V3.csv,data_row_1based:29249,A07,horizontal_rmse_m,D05_seed_07,0.35263119447993535,416,519,541,0.8015414258188824
<V3_ROOT>/07_AGGREGATE/CORE_541_DISTRIBUTION_V3.csv,data_row_1based:29250,A07,horizontal_rmse_m,D21_seed_02,0.6198777588908861,417,519,541,0.8034682080924855
<V3_ROOT>/07_AGGREGATE/CORE_541_DISTRIBUTION_V3.csv,data_row_1based:29251,A07,horizontal_rmse_m,D21_seed_05,0.6279091155377048,418,519,541,0.8053949903660886
<V3_ROOT>/07_AGGREGATE/CORE_541_DISTRIBUTION_V3.csv,data_row_1based:29252,A07,horizontal_rmse_m,D21_seed_04,0.6339274182697713,419,519,541,0.8073217726396917
<V3_ROOT>/07_AGGREGATE/CORE_541_DISTRIBUTION_V3.csv,data_row_1based:29253,A07,horizontal_rmse_m,D21_seed_00,0.6464729993655739,420,519,541,0.8092485549132948
<V3_ROOT>/07_AGGREGATE/CORE_541_DISTRIBUTION_V3.csv,data_row_1based:29254,A07,horizontal_rmse_m,D21_seed_08,0.6589675331238842,421,519,541,0.8111753371868978
<V3_ROOT>/07_AGGREGATE/CORE_541_DISTRIBUTION_V3.csv,data_row_1based:29255,A07,horizontal_rmse_m,D21_seed_07,0.6624943186774546,422,519,541,0.8131021194605009
<V3_ROOT>/07_AGGREGATE/CORE_541_DISTRIBUTION_V3.csv,data_row_1based:29256,A07,horizontal_rmse_m,D21_seed_01,0.6650664162850499,423,519,541,0.815028901734104
<V3_ROOT>/07_AGGREGATE/CORE_541_DISTRIBUTION_V3.csv,data_row_1based:29257,A07,horizontal_rmse_m,D21_seed_06,0.6701979848445918,424,519,541,0.8169556840077071
<V3_ROOT>/07_AGGREGATE/CORE_541_DISTRIBUTION_V3.csv,data_row_1based:29258,A07,horizontal_rmse_m,D13_seed_03,0.6737525268413836,425,519,541,0.8188824662813102
<V3_ROOT>/07_AGGREGATE/CORE_541_DISTRIBUTION_V3.csv,data_row_1based:29259,A07,horizontal_rmse_m,D13_seed_02,0.6748698413453734,426,519,541,0.8208092485549133
<V3_ROOT>/07_AGGREGATE/CORE_541_DISTRIBUTION_V3.csv,data_row_1based:29260,A07,horizontal_rmse_m,D13_seed_00,0.6751938430810965,427,519,541,0.8227360308285164
<V3_ROOT>/07_AGGREGATE/CORE_541_DISTRIBUTION_V3.csv,data_row_1based:29261,A07,horizontal_rmse_m,D13_seed_05,0.6810777449418698,428,519,541,0.8246628131021194
<V3_ROOT>/07_AGGREGATE/CORE_541_DISTRIBUTION_V3.csv,data_row_1based:29262,A07,horizontal_rmse_m,D13_seed_07,0.6812164898807868,429,519,541,0.8265895953757225
<V3_ROOT>/07_AGGREGATE/CORE_541_DISTRIBUTION_V3.csv,data_row_1based:29263,A07,horizontal_rmse_m,D13_seed_01,0.6814586263485722,430,519,541,0.8285163776493256
<V3_ROOT>/07_AGGREGATE/CORE_541_DISTRIBUTION_V3.csv,data_row_1based:29264,A07,horizontal_rmse_m,D21_seed_03,0.6814897473468682,431,519,541,0.8304431599229287
<V3_ROOT>/07_AGGREGATE/CORE_541_DISTRIBUTION_V3.csv,data_row_1based:29265,A07,horizontal_rmse_m,D13_seed_06,0.6819172964992372,432,519,541,0.8323699421965318
<V3_ROOT>/07_AGGREGATE/CORE_541_DISTRIBUTION_V3.csv,data_row_1based:29266,A07,horizontal_rmse_m,D13_seed_08,0.6915937663637882,433,519,541,0.8342967244701349
<V3_ROOT>/07_AGGREGATE/CORE_541_DISTRIBUTION_V3.csv,data_row_1based:29267,A07,horizontal_rmse_m,D13_seed_04,0.6970113907826632,434,519,541,0.8362235067437379
<V3_ROOT>/07_AGGREGATE/CORE_541_DISTRIBUTION_V3.csv,data_row_1based:29268,A07,horizontal_rmse_m,D22_seed_01,0.9034319449115379,435,519,541,0.838150289017341
<V3_ROOT>/07_AGGREGATE/CORE_541_DISTRIBUTION_V3.csv,data_row_1based:29269,A07,horizontal_rmse_m,D22_seed_08,0.9044763825919083,436,519,541,0.8400770712909441
<V3_ROOT>/07_AGGREGATE/CORE_541_DISTRIBUTION_V3.csv,data_row_1based:29270,A07,horizontal_rmse_m,D22_seed_07,1.033520186519104,437,519,541,0.8420038535645472
<V3_ROOT>/07_AGGREGATE/CORE_541_DISTRIBUTION_V3.csv,data_row_1based:29271,A07,horizontal_rmse_m,D22_seed_05,1.0433569767698754,438,519,541,0.8439306358381503
<V3_ROOT>/07_AGGREGATE/CORE_541_DISTRIBUTION_V3.csv,data_row_1based:29272,A07,horizontal_rmse_m,D22_seed_02,1.0439507571806723,439,519,541,0.8458574181117534
<V3_ROOT>/07_AGGREGATE/CORE_541_DISTRIBUTION_V3.csv,data_row_1based:29273,A07,horizontal_rmse_m,D22_seed_03,1.0461509560614697,440,519,541,0.8477842003853564
<V3_ROOT>/07_AGGREGATE/CORE_541_DISTRIBUTION_V3.csv,data_row_1based:29274,A07,horizontal_rmse_m,D05_seed_06,1.056129079820057,441,519,541,0.8497109826589595
<V3_ROOT>/07_AGGREGATE/CORE_541_DISTRIBUTION_V3.csv,data_row_1based:29275,A07,horizontal_rmse_m,D60_seed_05,1.0983508357616254,442,519,541,0.8516377649325626
<V3_ROOT>/07_AGGREGATE/CORE_541_DISTRIBUTION_V3.csv,data_row_1based:29276,A07,horizontal_rmse_m,D22_seed_04,1.140086927774481,443,519,541,0.8535645472061657
<V3_ROOT>/07_AGGREGATE/CORE_541_DISTRIBUTION_V3.csv,data_row_1based:29277,A07,horizontal_rmse_m,D60_seed_03,1.1789061475268936,444,519,541,0.8554913294797688
<V3_ROOT>/07_AGGREGATE/CORE_541_DISTRIBUTION_V3.csv,data_row_1based:29278,A07,horizontal_rmse_m,D60_seed_08,1.3034486063905726,445,519,541,0.8574181117533719
<V3_ROOT>/07_AGGREGATE/CORE_541_DISTRIBUTION_V3.csv,data_row_1based:29279,A07,horizontal_rmse_m,D60_seed_07,1.36476014382936,446,519,541,0.859344894026975
<V3_ROOT>/07_AGGREGATE/CORE_541_DISTRIBUTION_V3.csv,data_row_1based:29280,A07,horizontal_rmse_m,D60_seed_06,1.3959403649406226,447,519,541,0.861271676300578
<V3_ROOT>/07_AGGREGATE/CORE_541_DISTRIBUTION_V3.csv,data_row_1based:29281,A07,horizontal_rmse_m,D06_seed_08,1.4488319697073009,448,519,541,0.8631984585741811
<V3_ROOT>/07_AGGREGATE/CORE_541_DISTRIBUTION_V3.csv,data_row_1based:29282,A07,horizontal_rmse_m,D16_seed_01,1.4782129053050248,449,519,541,0.8651252408477842
<V3_ROOT>/07_AGGREGATE/CORE_541_DISTRIBUTION_V3.csv,data_row_1based:29283,A07,horizontal_rmse_m,D16_seed_00,1.483574113687926,450,519,541,0.8670520231213873
<V3_ROOT>/07_AGGREGATE/CORE_541_DISTRIBUTION_V3.csv,data_row_1based:29284,A07,horizontal_rmse_m,D16_seed_07,1.4901271993741603,451,519,541,0.8689788053949904
<V3_ROOT>/07_AGGREGATE/CORE_541_DISTRIBUTION_V3.csv,data_row_1based:29285,A07,horizontal_rmse_m,D16_seed_02,1.5026863840580402,452,519,541,0.8709055876685935
<V3_ROOT>/07_AGGREGATE/CORE_541_DISTRIBUTION_V3.csv,data_row_1based:29286,A07,horizontal_rmse_m,D16_seed_08,1.505251158738232,453,519,541,0.8728323699421965
<V3_ROOT>/07_AGGREGATE/CORE_541_DISTRIBUTION_V3.csv,data_row_1based:29287,A07,horizontal_rmse_m,D16_seed_05,1.5203542635321325,454,519,541,0.8747591522157996
<V3_ROOT>/07_AGGREGATE/CORE_541_DISTRIBUTION_V3.csv,data_row_1based:29288,A07,horizontal_rmse_m,D16_seed_04,1.5208467280373483,455,519,541,0.8766859344894027
<V3_ROOT>/07_AGGREGATE/CORE_541_DISTRIBUTION_V3.csv,data_row_1based:29289,A07,horizontal_rmse_m,D16_seed_06,1.5208630645397168,456,519,541,0.8786127167630058
<V3_ROOT>/07_AGGREGATE/CORE_541_DISTRIBUTION_V3.csv,data_row_1based:29290,A07,horizontal_rmse_m,D16_seed_03,1.5260189792795067,457,519,541,0.8805394990366089
<V3_ROOT>/07_AGGREGATE/CORE_541_DISTRIBUTION_V3.csv,data_row_1based:29291,A07,horizontal_rmse_m,D18_seed_01,1.6956097199186595,458,519,541,0.882466281310212
<V3_ROOT>/07_AGGREGATE/CORE_541_DISTRIBUTION_V3.csv,data_row_1based:29292,A07,horizontal_rmse_m,D18_seed_00,1.7112260952596914,459,519,541,0.884393063583815
<V3_ROOT>/07_AGGREGATE/CORE_541_DISTRIBUTION_V3.csv,data_row_1based:29293,A07,horizontal_rmse_m,D18_seed_07,1.7229235115853676,460,519,541,0.8863198458574181
<V3_ROOT>/07_AGGREGATE/CORE_541_DISTRIBUTION_V3.csv,data_row_1based:29294,A07,horizontal_rmse_m,D18_seed_02,1.722962346441403,461,519,541,0.8882466281310212
<V3_ROOT>/07_AGGREGATE/CORE_541_DISTRIBUTION_V3.csv,data_row_1based:29295,A07,horizontal_rmse_m,D18_seed_08,1.7460413312675525,462,519,541,0.8901734104046243
<V3_ROOT>/07_AGGREGATE/CORE_541_DISTRIBUTION_V3.csv,data_row_1based:29296,A07,horizontal_rmse_m,D18_seed_05,1.7515828291738924,463,519,541,0.8921001926782274
<V3_ROOT>/07_AGGREGATE/CORE_541_DISTRIBUTION_V3.csv,data_row_1based:29297,A07,horizontal_rmse_m,D18_seed_04,1.752503703638517,464,519,541,0.8940269749518305
<V3_ROOT>/07_AGGREGATE/CORE_541_DISTRIBUTION_V3.csv,data_row_1based:29298,A07,horizontal_rmse_m,D18_seed_06,1.752525698384941,465,519,541,0.8959537572254336
<V3_ROOT>/07_AGGREGATE/CORE_541_DISTRIBUTION_V3.csv,data_row_1based:29299,A07,horizontal_rmse_m,D18_seed_03,1.7634630271783733,466,519,541,0.8978805394990366
<V3_ROOT>/07_AGGREGATE/CORE_541_DISTRIBUTION_V3.csv,data_row_1based:29300,A07,horizontal_rmse_m,D14_seed_03,1.9574445309460995,467,519,541,0.8998073217726397
<V3_ROOT>/07_AGGREGATE/CORE_541_DISTRIBUTION_V3.csv,data_row_1based:29301,A07,horizontal_rmse_m,D14_seed_02,1.963510306951295,468,519,541,0.9017341040462428
<V3_ROOT>/07_AGGREGATE/CORE_541_DISTRIBUTION_V3.csv,data_row_1based:29302,A07,horizontal_rmse_m,D14_seed_00,1.9673688441695705,469,519,541,0.9036608863198459
<V3_ROOT>/07_AGGREGATE/CORE_541_DISTRIBUTION_V3.csv,data_row_1based:29303,A07,horizontal_rmse_m,D19_seed_05,1.9856054000275045,470,519,541,0.905587668593449
<V3_ROOT>/07_AGGREGATE/CORE_541_DISTRIBUTION_V3.csv,data_row_1based:29304,A07,horizontal_rmse_m,D14_seed_07,1.9863890688353152,471,519,541,0.9075144508670521
<V3_ROOT>/07_AGGREGATE/CORE_541_DISTRIBUTION_V3.csv,data_row_1based:29305,A07,horizontal_rmse_m,D14_seed_06,1.9875663402801145,472,519,541,0.9094412331406551
<V3_ROOT>/07_AGGREGATE/CORE_541_DISTRIBUTION_V3.csv,data_row_1based:29306,A07,horizontal_rmse_m,D19_seed_03,1.990236178260009,473,519,541,0.9113680154142582
<V3_ROOT>/07_AGGREGATE/CORE_541_DISTRIBUTION_V3.csv,data_row_1based:29307,A07,horizontal_rmse_m,D19_seed_01,1.9911809338448676,474,519,541,0.9132947976878613
<V3_ROOT>/07_AGGREGATE/CORE_541_DISTRIBUTION_V3.csv,data_row_1based:29308,A07,horizontal_rmse_m,D14_seed_05,1.9934546885812707,475,519,541,0.9152215799614644
<V3_ROOT>/07_AGGREGATE/CORE_541_DISTRIBUTION_V3.csv,data_row_1based:29309,A07,horizontal_rmse_m,D14_seed_01,1.9938130644868266,476,519,541,0.9171483622350675
<V3_ROOT>/07_AGGREGATE/CORE_541_DISTRIBUTION_V3.csv,data_row_1based:29310,A07,horizontal_rmse_m,D19_seed_06,1.9973742884121155,477,519,541,0.9190751445086706
<V3_ROOT>/07_AGGREGATE/CORE_541_DISTRIBUTION_V3.csv,data_row_1based:29311,A07,horizontal_rmse_m,D19_seed_08,2.0022850675230366,478,519,541,0.9210019267822736
<V3_ROOT>/07_AGGREGATE/CORE_541_DISTRIBUTION_V3.csv,data_row_1based:29312,A07,horizontal_rmse_m,D14_seed_08,2.0084070888975263,479,519,541,0.9229287090558767
<V3_ROOT>/07_AGGREGATE/CORE_541_DISTRIBUTION_V3.csv,data_row_1based:29313,A07,horizontal_rmse_m,D19_seed_04,2.0111325412660217,480,519,541,0.9248554913294798
<V3_ROOT>/07_AGGREGATE/CORE_541_DISTRIBUTION_V3.csv,data_row_1based:29314,A07,horizontal_rmse_m,D19_seed_00,2.013278213122215,481,519,541,0.9267822736030829
<V3_ROOT>/07_AGGREGATE/CORE_541_DISTRIBUTION_V3.csv,data_row_1based:29315,A07,horizontal_rmse_m,D19_seed_02,2.014558810830276,482,519,541,0.928709055876686
<V3_ROOT>/07_AGGREGATE/CORE_541_DISTRIBUTION_V3.csv,data_row_1based:29316,A07,horizontal_rmse_m,D19_seed_07,2.0178309112839616,483,519,541,0.930635838150289
<V3_ROOT>/07_AGGREGATE/CORE_541_DISTRIBUTION_V3.csv,data_row_1based:29317,A07,horizontal_rmse_m,D14_seed_04,2.032538398419376,484,519,541,0.9325626204238922
<V3_ROOT>/07_AGGREGATE/CORE_541_DISTRIBUTION_V3.csv,data_row_1based:29318,A07,horizontal_rmse_m,D17_seed_01,2.9760537783978056,485,519,541,0.9344894026974951
<V3_ROOT>/07_AGGREGATE/CORE_541_DISTRIBUTION_V3.csv,data_row_1based:29319,A07,horizontal_rmse_m,D17_seed_00,2.981388895012423,486,519,541,0.9364161849710982
<V3_ROOT>/07_AGGREGATE/CORE_541_DISTRIBUTION_V3.csv,data_row_1based:29320,A07,horizontal_rmse_m,D17_seed_07,2.987918253964289,487,519,541,0.9383429672447013
<V3_ROOT>/07_AGGREGATE/CORE_541_DISTRIBUTION_V3.csv,data_row_1based:29321,A07,horizontal_rmse_m,D17_seed_02,3.0004732817747684,488,519,541,0.9402697495183044
<V3_ROOT>/07_AGGREGATE/CORE_541_DISTRIBUTION_V3.csv,data_row_1based:29322,A07,horizontal_rmse_m,D17_seed_08,3.0030439945748846,489,519,541,0.9421965317919075
<V3_ROOT>/07_AGGREGATE/CORE_541_DISTRIBUTION_V3.csv,data_row_1based:29323,A07,horizontal_rmse_m,D17_seed_05,3.0182186008986718,490,519,541,0.9441233140655106
<V3_ROOT>/07_AGGREGATE/CORE_541_DISTRIBUTION_V3.csv,data_row_1based:29324,A07,horizontal_rmse_m,D17_seed_04,3.018714852113603,491,519,541,0.9460500963391136
<V3_ROOT>/07_AGGREGATE/CORE_541_DISTRIBUTION_V3.csv,data_row_1based:29325,A07,horizontal_rmse_m,D17_seed_06,3.0187316604046783,492,519,541,0.9479768786127167
<V3_ROOT>/07_AGGREGATE/CORE_541_DISTRIBUTION_V3.csv,data_row_1based:29326,A07,horizontal_rmse_m,D17_seed_03,3.0239332898872004,493,519,541,0.9499036608863198
<V3_ROOT>/07_AGGREGATE/CORE_541_DISTRIBUTION_V3.csv,data_row_1based:29327,A07,horizontal_rmse_m,D15_seed_02,3.661972305892517,494,519,541,0.9518304431599229
<V3_ROOT>/07_AGGREGATE/CORE_541_DISTRIBUTION_V3.csv,data_row_1based:29328,A07,horizontal_rmse_m,D59_seed_02,3.662293678034228,495,519,541,0.953757225433526
<V3_ROOT>/07_AGGREGATE/CORE_541_DISTRIBUTION_V3.csv,data_row_1based:29329,A07,horizontal_rmse_m,D59_seed_00,3.6681101300500454,496,519,541,0.9556840077071291
<V3_ROOT>/07_AGGREGATE/CORE_541_DISTRIBUTION_V3.csv,data_row_1based:29330,A07,horizontal_rmse_m,D15_seed_00,3.670444989457743,497,519,541,0.9576107899807321
<V3_ROOT>/07_AGGREGATE/CORE_541_DISTRIBUTION_V3.csv,data_row_1based:29331,A07,horizontal_rmse_m,D59_seed_03,3.6722239634903477,498,519,541,0.9595375722543352
<V3_ROOT>/07_AGGREGATE/CORE_541_DISTRIBUTION_V3.csv,data_row_1based:29332,A07,horizontal_rmse_m,D15_seed_03,3.6728378631415834,499,519,541,0.9614643545279383
<V3_ROOT>/07_AGGREGATE/CORE_541_DISTRIBUTION_V3.csv,data_row_1based:29333,A07,horizontal_rmse_m,D15_seed_05,3.7116030874813064,500,519,541,0.9633911368015414
<V3_ROOT>/07_AGGREGATE/CORE_541_DISTRIBUTION_V3.csv,data_row_1based:29334,A07,horizontal_rmse_m,D59_seed_06,3.7219875125347053,501,519,541,0.9653179190751445
<V3_ROOT>/07_AGGREGATE/CORE_541_DISTRIBUTION_V3.csv,data_row_1based:29335,A07,horizontal_rmse_m,D15_seed_06,3.722859751779538,502,519,541,0.9672447013487476
<V3_ROOT>/07_AGGREGATE/CORE_541_DISTRIBUTION_V3.csv,data_row_1based:29336,A07,horizontal_rmse_m,D59_seed_07,3.729503258051339,503,519,541,0.9691714836223507
<V3_ROOT>/07_AGGREGATE/CORE_541_DISTRIBUTION_V3.csv,data_row_1based:29337,A07,horizontal_rmse_m,D15_seed_07,3.7300681481098694,504,519,541,0.9710982658959537
<V3_ROOT>/07_AGGREGATE/CORE_541_DISTRIBUTION_V3.csv,data_row_1based:29338,A07,horizontal_rmse_m,D59_seed_05,3.7343572105564267,505,519,541,0.9730250481695568
<V3_ROOT>/07_AGGREGATE/CORE_541_DISTRIBUTION_V3.csv,data_row_1based:29339,A07,horizontal_rmse_m,D59_seed_08,3.7372690247344647,506,519,541,0.9749518304431599
<V3_ROOT>/07_AGGREGATE/CORE_541_DISTRIBUTION_V3.csv,data_row_1based:29340,A07,horizontal_rmse_m,D15_seed_08,3.7374604785304113,507,519,541,0.976878612716763
<V3_ROOT>/07_AGGREGATE/CORE_541_DISTRIBUTION_V3.csv,data_row_1based:29341,A07,horizontal_rmse_m,D15_seed_01,3.7764526357431456,508,519,541,0.9788053949903661
<V3_ROOT>/07_AGGREGATE/CORE_541_DISTRIBUTION_V3.csv,data_row_1based:29342,A07,horizontal_rmse_m,D59_seed_04,3.7854585739902027,509,519,541,0.9807321772639692
<V3_ROOT>/07_AGGREGATE/CORE_541_DISTRIBUTION_V3.csv,data_row_1based:29343,A07,horizontal_rmse_m,D15_seed_04,3.785600166812016,510,519,541,0.9826589595375722
<V3_ROOT>/07_AGGREGATE/CORE_541_DISTRIBUTION_V3.csv,data_row_1based:29344,A07,horizontal_rmse_m,D59_seed_01,3.791135958794215,511,519,541,0.9845857418111753
<V3_ROOT>/07_AGGREGATE/CORE_541_DISTRIBUTION_V3.csv,data_row_1based:29345,A07,horizontal_rmse_m,D06_seed_01,5.150591093535194,512,519,541,0.9865125240847784
<V3_ROOT>/07_AGGREGATE/CORE_541_DISTRIBUTION_V3.csv,data_row_1based:29346,A07,horizontal_rmse_m,D06_seed_05,9.275290352327847,513,519,541,0.9884393063583815
<V3_ROOT>/07_AGGREGATE/CORE_541_DISTRIBUTION_V3.csv,data_row_1based:29347,A07,horizontal_rmse_m,D06_seed_03,9.475183433213687,514,519,541,0.9903660886319846
<V3_ROOT>/07_AGGREGATE/CORE_541_DISTRIBUTION_V3.csv,data_row_1based:29348,A07,horizontal_rmse_m,D06_seed_02,9.72328307104943,515,519,541,0.9922928709055877
<V3_ROOT>/07_AGGREGATE/CORE_541_DISTRIBUTION_V3.csv,data_row_1based:29349,A07,horizontal_rmse_m,D06_seed_04,9.73569279733284,516,519,541,0.9942196531791907
<V3_ROOT>/07_AGGREGATE/CORE_541_DISTRIBUTION_V3.csv,data_row_1based:29350,A07,horizontal_rmse_m,D06_seed_00,15.773314393257195,517,519,541,0.9961464354527938
<V3_ROOT>/07_AGGREGATE/CORE_541_DISTRIBUTION_V3.csv,data_row_1based:29351,A07,horizontal_rmse_m,D06_seed_07,16.734309548382754,518,519,541,0.9980732177263969
<V3_ROOT>/07_AGGREGATE/CORE_541_DISTRIBUTION_V3.csv,data_row_1based:29352,A07,horizontal_rmse_m,D06_seed_06,19.29326799915273,519,519,541,1.0
<V3_ROOT>/07_AGGREGATE/CORE_541_DISTRIBUTION_V3.csv,data_row_1based:29353,A07,position_3d_rmse_m,D41_seed_00,0.10234658871171039,1,519,541,0.0019267822736030828
<V3_ROOT>/07_AGGREGATE/CORE_541_DISTRIBUTION_V3.csv,data_row_1based:29354,A07,position_3d_rmse_m,D41_seed_02,0.1041715239559443,2,519,541,0.0038535645472061657
<V3_ROOT>/07_AGGREGATE/CORE_541_DISTRIBUTION_V3.csv,data_row_1based:29355,A07,position_3d_rmse_m,D41_seed_07,0.10483287063954436,3,519,541,0.005780346820809248
<V3_ROOT>/07_AGGREGATE/CORE_541_DISTRIBUTION_V3.csv,data_row_1based:29356,A07,position_3d_rmse_m,D41_seed_03,0.10839829286650882,4,519,541,0.007707129094412331
<V3_ROOT>/07_AGGREGATE/CORE_541_DISTRIBUTION_V3.csv,data_row_1based:29357,A07,position_3d_rmse_m,D38_seed_04,0.10906946630957871,5,519,541,0.009633911368015413
<V3_ROOT>/07_AGGREGATE/CORE_541_DISTRIBUTION_V3.csv,data_row_1based:29358,A07,position_3d_rmse_m,D38_seed_05,0.10967787956946962,6,519,541,0.011560693641618497
<V3_ROOT>/07_AGGREGATE/CORE_541_DISTRIBUTION_V3.csv,data_row_1based:29359,A07,position_3d_rmse_m,D38_seed_06,0.10978449769524266,7,519,541,0.01348747591522158
<V3_ROOT>/07_AGGREGATE/CORE_541_DISTRIBUTION_V3.csv,data_row_1based:29360,A07,position_3d_rmse_m,D33_seed_02,0.1099175307966511,8,519,541,0.015414258188824663
<V3_ROOT>/07_AGGREGATE/CORE_541_DISTRIBUTION_V3.csv,data_row_1based:29361,A07,position_3d_rmse_m,D38_seed_01,0.10996836200440055,9,519,541,0.017341040462427744
<V3_ROOT>/07_AGGREGATE/CORE_541_DISTRIBUTION_V3.csv,data_row_1based:29362,A07,position_3d_rmse_m,D38_seed_02,0.10997322830119012,10,519,541,0.019267822736030827
<V3_ROOT>/07_AGGREGATE/CORE_541_DISTRIBUTION_V3.csv,data_row_1based:29363,A07,position_3d_rmse_m,D33_seed_07,0.1099868615374446,11,519,541,0.02119460500963391
<V3_ROOT>/07_AGGREGATE/CORE_541_DISTRIBUTION_V3.csv,data_row_1based:29364,A07,position_3d_rmse_m,D41_seed_05,0.11004755195731246,12,519,541,0.023121387283236993
<V3_ROOT>/07_AGGREGATE/CORE_541_DISTRIBUTION_V3.csv,data_row_1based:29365,A07,position_3d_rmse_m,D33_seed_04,0.11031100173706555,13,519,541,0.025048169556840076
<V3_ROOT>/07_AGGREGATE/CORE_541_DISTRIBUTION_V3.csv,data_row_1based:29366,A07,position_3d_rmse_m,D33_seed_06,0.11035287400066547,14,519,541,0.02697495183044316
<V3_ROOT>/07_AGGREGATE/CORE_541_DISTRIBUTION_V3.csv,data_row_1based:29367,A07,position_3d_rmse_m,D33_seed_01,0.11039797527197133,15,519,541,0.028901734104046242
<V3_ROOT>/07_AGGREGATE/CORE_541_DISTRIBUTION_V3.csv,data_row_1based:29368,A07,position_3d_rmse_m,D38_seed_03,0.11045570193857886,16,519,541,0.030828516377649325
<V3_ROOT>/07_AGGREGATE/CORE_541_DISTRIBUTION_V3.csv,data_row_1based:29369,A07,position_3d_rmse_m,D50_seed_07,0.11054881346258867,17,519,541,0.03275529865125241
<V3_ROOT>/07_AGGREGATE/CORE_541_DISTRIBUTION_V3.csv,data_row_1based:29370,A07,position_3d_rmse_m,D50_seed_08,0.11060419230835333,18,519,541,0.03468208092485549
<V3_ROOT>/07_AGGREGATE/CORE_541_DISTRIBUTION_V3.csv,data_row_1based:29371,A07,position_3d_rmse_m,D31_seed_06,0.11061016819601541,19,519,541,0.036608863198458574
<V3_ROOT>/07_AGGREGATE/CORE_541_DISTRIBUTION_V3.csv,data_row_1based:29372,A07,position_3d_rmse_m,D50_seed_00,0.11061027395679847,20,519,541,0.038535645472061654
<V3_ROOT>/07_AGGREGATE/CORE_541_DISTRIBUTION_V3.csv,data_row_1based:29373,A07,position_3d_rmse_m,D33_seed_03,0.1106156474418682,21,519,541,0.04046242774566474
<V3_ROOT>/07_AGGREGATE/CORE_541_DISTRIBUTION_V3.csv,data_row_1based:29374,A07,position_3d_rmse_m,D26_seed_00,0.11063041495926991,22,519,541,0.04238921001926782
<V3_ROOT>/07_AGGREGATE/CORE_541_DISTRIBUTION_V3.csv,data_row_1based:29375,A07,position_3d_rmse_m,D26_seed_01,0.11063041495926991,23,519,541,0.04431599229287091
<V3_ROOT>/07_AGGREGATE/CORE_541_DISTRIBUTION_V3.csv,data_row_1based:29376,A07,position_3d_rmse_m,D26_seed_02,0.11063041495926991,24,519,541,0.046242774566473986
<V3_ROOT>/07_AGGREGATE/CORE_541_DISTRIBUTION_V3.csv,data_row_1based:29377,A07,position_3d_rmse_m,D26_seed_03,0.11063041495926991,25,519,541,0.04816955684007707
<V3_ROOT>/07_AGGREGATE/CORE_541_DISTRIBUTION_V3.csv,data_row_1based:29378,A07,position_3d_rmse_m,D26_seed_04,0.11063041495926991,26,519,541,0.05009633911368015
<V3_ROOT>/07_AGGREGATE/CORE_541_DISTRIBUTION_V3.csv,data_row_1based:29379,A07,position_3d_rmse_m,D26_seed_05,0.11063041495926991,27,519,541,0.05202312138728324
<V3_ROOT>/07_AGGREGATE/CORE_541_DISTRIBUTION_V3.csv,data_row_1based:29380,A07,position_3d_rmse_m,D26_seed_06,0.11063041495926991,28,519,541,0.05394990366088632
<V3_ROOT>/07_AGGREGATE/CORE_541_DISTRIBUTION_V3.csv,data_row_1based:29381,A07,position_3d_rmse_m,D26_seed_07,0.11063041495926991,29,519,541,0.055876685934489405
<V3_ROOT>/07_AGGREGATE/CORE_541_DISTRIBUTION_V3.csv,data_row_1based:29382,A07,position_3d_rmse_m,D26_seed_08,0.11063041495926991,30,519,541,0.057803468208092484
<V3_ROOT>/07_AGGREGATE/CORE_541_DISTRIBUTION_V3.csv,data_row_1based:29383,A07,position_3d_rmse_m,D33_seed_05,0.11069488048672291,31,519,541,0.05973025048169557
<V3_ROOT>/07_AGGREGATE/CORE_541_DISTRIBUTION_V3.csv,data_row_1based:29384,A07,position_3d_rmse_m,D31_seed_07,0.11071407723437253,32,519,541,0.06165703275529865
<V3_ROOT>/07_AGGREGATE/CORE_541_DISTRIBUTION_V3.csv,data_row_1based:29385,A07,position_3d_rmse_m,D34_seed_00,0.11078750306634873,33,519,541,0.06358381502890173
<V3_ROOT>/07_AGGREGATE/CORE_541_DISTRIBUTION_V3.csv,data_row_1based:29386,A07,position_3d_rmse_m,D38_seed_07,0.1108096834272691,34,519,541,0.06551059730250482
<V3_ROOT>/07_AGGREGATE/CORE_541_DISTRIBUTION_V3.csv,data_row_1based:29387,A07,position_3d_rmse_m,D35_seed_01,0.11080974506343881,35,519,541,0.0674373795761079
<V3_ROOT>/07_AGGREGATE/CORE_541_DISTRIBUTION_V3.csv,data_row_1based:29388,A07,position_3d_rmse_m,D32_seed_02,0.11081033731443536,36,519,541,0.06936416184971098
<V3_ROOT>/07_AGGREGATE/CORE_541_DISTRIBUTION_V3.csv,data_row_1based:29389,A07,position_3d_rmse_m,D31_seed_00,0.11081491460624637,37,519,541,0.07129094412331406
<V3_ROOT>/07_AGGREGATE/CORE_541_DISTRIBUTION_V3.csv,data_row_1based:29390,A07,position_3d_rmse_m,D34_seed_03,0.11082435800132127,38,519,541,0.07321772639691715
<V3_ROOT>/07_AGGREGATE/CORE_541_DISTRIBUTION_V3.csv,data_row_1based:29391,A07,position_3d_rmse_m,D35_seed_00,0.1108489019555747,39,519,541,0.07514450867052024
<V3_ROOT>/07_AGGREGATE/CORE_541_DISTRIBUTION_V3.csv,data_row_1based:29392,A07,position_3d_rmse_m,D34_seed_06,0.11085032572601107,40,519,541,0.07707129094412331
<V3_ROOT>/07_AGGREGATE/CORE_541_DISTRIBUTION_V3.csv,data_row_1based:29393,A07,position_3d_rmse_m,D32_seed_04,0.11086121834657466,41,519,541,0.0789980732177264
<V3_ROOT>/07_AGGREGATE/CORE_541_DISTRIBUTION_V3.csv,data_row_1based:29394,A07,position_3d_rmse_m,D32_seed_01,0.11088144800843013,42,519,541,0.08092485549132948
<V3_ROOT>/07_AGGREGATE/CORE_541_DISTRIBUTION_V3.csv,data_row_1based:29395,A07,position_3d_rmse_m,D30_seed_00,0.11088980485576748,43,519,541,0.08285163776493257
<V3_ROOT>/07_AGGREGATE/CORE_541_DISTRIBUTION_V3.csv,data_row_1based:29396,A07,position_3d_rmse_m,D32_seed_07,0.11089946642210644,44,519,541,0.08477842003853564
<V3_ROOT>/07_AGGREGATE/CORE_541_DISTRIBUTION_V3.csv,data_row_1based:29397,A07,position_3d_rmse_m,D35_seed_03,0.11091791578175017,45,519,541,0.08670520231213873
<V3_ROOT>/07_AGGREGATE/CORE_541_DISTRIBUTION_V3.csv,data_row_1based:29398,A07,position_3d_rmse_m,D39_seed_07,0.11092647455921317,46,519,541,0.08863198458574181
<V3_ROOT>/07_AGGREGATE/CORE_541_DISTRIBUTION_V3.csv,data_row_1based:29399,A07,position_3d_rmse_m,D46_seed_03,0.11093140014385143,47,519,541,0.0905587668593449
<V3_ROOT>/07_AGGREGATE/CORE_541_DISTRIBUTION_V3.csv,data_row_1based:29400,A07,position_3d_rmse_m,D46_seed_05,0.11093954221530104,48,519,541,0.09248554913294797
<V3_ROOT>/07_AGGREGATE/CORE_541_DISTRIBUTION_V3.csv,data_row_1based:29401,A07,position_3d_rmse_m,D30_seed_06,0.11094209551062909,49,519,541,0.09441233140655106
<V3_ROOT>/07_AGGREGATE/CORE_541_DISTRIBUTION_V3.csv,data_row_1based:29402,A07,position_3d_rmse_m,D31_seed_03,0.11094546981461927,50,519,541,0.09633911368015415
<V3_ROOT>/07_AGGREGATE/CORE_541_DISTRIBUTION_V3.csv,data_row_1based:29403,A07,position_3d_rmse_m,D47_seed_05,0.11094630047359673,51,519,541,0.09826589595375723
<V3_ROOT>/07_AGGREGATE/CORE_541_DISTRIBUTION_V3.csv,data_row_1based:29404,A07,position_3d_rmse_m,D32_seed_06,0.11094643980158249,52,519,541,0.1001926782273603
<V3_ROOT>/07_AGGREGATE/CORE_541_DISTRIBUTION_V3.csv,data_row_1based:29405,A07,position_3d_rmse_m,D47_seed_00,0.11094883749509792,53,519,541,0.10211946050096339
<V3_ROOT>/07_AGGREGATE/CORE_541_DISTRIBUTION_V3.csv,data_row_1based:29406,A07,position_3d_rmse_m,D47_seed_08,0.11095018020529758,54,519,541,0.10404624277456648
<V3_ROOT>/07_AGGREGATE/CORE_541_DISTRIBUTION_V3.csv,data_row_1based:29407,A07,position_3d_rmse_m,D34_seed_04,0.11095368612291848,55,519,541,0.10597302504816955
<V3_ROOT>/07_AGGREGATE/CORE_541_DISTRIBUTION_V3.csv,data_row_1based:29408,A07,position_3d_rmse_m,D46_seed_07,0.11095654386617747,56,519,541,0.10789980732177264
<V3_ROOT>/07_AGGREGATE/CORE_541_DISTRIBUTION_V3.csv,data_row_1based:29409,A07,position_3d_rmse_m,D46_seed_04,0.11096930941200182,57,519,541,0.10982658959537572
<V3_ROOT>/07_AGGREGATE/CORE_541_DISTRIBUTION_V3.csv,data_row_1based:29410,A07,position_3d_rmse_m,D31_seed_05,0.11097327823625307,58,519,541,0.11175337186897881
<V3_ROOT>/07_AGGREGATE/CORE_541_DISTRIBUTION_V3.csv,data_row_1based:29411,A07,position_3d_rmse_m,D33_seed_08,0.11098188396308815,59,519,541,0.11368015414258188
<V3_ROOT>/07_AGGREGATE/CORE_541_DISTRIBUTION_V3.csv,data_row_1based:29412,A07,position_3d_rmse_m,D31_seed_08,0.11098192525298177,60,519,541,0.11560693641618497
<V3_ROOT>/07_AGGREGATE/CORE_541_DISTRIBUTION_V3.csv,data_row_1based:29413,A07,position_3d_rmse_m,D42_seed_04,0.11098681258667087,61,519,541,0.11753371868978806
<V3_ROOT>/07_AGGREGATE/CORE_541_DISTRIBUTION_V3.csv,data_row_1based:29414,A07,position_3d_rmse_m,D48_seed_02,0.11098952012871094,62,519,541,0.11946050096339114
<V3_ROOT>/07_AGGREGATE/CORE_541_DISTRIBUTION_V3.csv,data_row_1based:29415,A07,position_3d_rmse_m,D48_seed_07,0.1109933810872104,63,519,541,0.12138728323699421
<V3_ROOT>/07_AGGREGATE/CORE_541_DISTRIBUTION_V3.csv,data_row_1based:29416,A07,position_3d_rmse_m,D46_seed_01,0.11099414209210984,64,519,541,0.1233140655105973
<V3_ROOT>/07_AGGREGATE/CORE_541_DISTRIBUTION_V3.csv,data_row_1based:29417,A07,position_3d_rmse_m,D47_seed_03,0.11099418396631319,65,519,541,0.1252408477842004
<V3_ROOT>/07_AGGREGATE/CORE_541_DISTRIBUTION_V3.csv,data_row_1based:29418,A07,position_3d_rmse_m,D34_seed_08,0.11099453352266628,66,519,541,0.12716763005780346
<V3_ROOT>/07_AGGREGATE/CORE_541_DISTRIBUTION_V3.csv,data_row_1based:29419,A07,position_3d_rmse_m,D48_seed_08,0.11099504826771019,67,519,541,0.12909441233140656
<V3_ROOT>/07_AGGREGATE/CORE_541_DISTRIBUTION_V3.csv,data_row_1based:29420,A07,position_3d_rmse_m,D48_seed_04,0.11099832192817409,68,519,541,0.13102119460500963
<V3_ROOT>/07_AGGREGATE/CORE_541_DISTRIBUTION_V3.csv,data_row_1based:29421,A07,position_3d_rmse_m,D32_seed_05,0.11099836025868653,69,519,541,0.1329479768786127
<V3_ROOT>/07_AGGREGATE/CORE_541_DISTRIBUTION_V3.csv,data_row_1based:29422,A07,position_3d_rmse_m,D30_seed_08,0.11099924742331425,70,519,541,0.1348747591522158
<V3_ROOT>/07_AGGREGATE/CORE_541_DISTRIBUTION_V3.csv,data_row_1based:29423,A07,position_3d_rmse_m,D33_seed_00,0.11100011593205938,71,519,541,0.13680154142581888
<V3_ROOT>/07_AGGREGATE/CORE_541_DISTRIBUTION_V3.csv,data_row_1based:29424,A07,position_3d_rmse_m,D39_seed_04,0.1110005561730454,72,519,541,0.13872832369942195
<V3_ROOT>/07_AGGREGATE/CORE_541_DISTRIBUTION_V3.csv,data_row_1based:29425,A07,position_3d_rmse_m,D35_seed_08,0.11100129464575584,73,519,541,0.14065510597302505
<V3_ROOT>/07_AGGREGATE/CORE_541_DISTRIBUTION_V3.csv,data_row_1based:29426,A07,position_3d_rmse_m,C00_clean_normal,0.11100246776782001,74,519,541,0.14258188824662812
<V3_ROOT>/07_AGGREGATE/CORE_541_DISTRIBUTION_V3.csv,data_row_1based:29427,A07,position_3d_rmse_m,D08_seed_00,0.11100246776782001,75,519,541,0.14450867052023122
<V3_ROOT>/07_AGGREGATE/CORE_541_DISTRIBUTION_V3.csv,data_row_1based:29428,A07,position_3d_rmse_m,D08_seed_01,0.11100246776782001,76,519,541,0.1464354527938343
<V3_ROOT>/07_AGGREGATE/CORE_541_DISTRIBUTION_V3.csv,data_row_1based:29429,A07,position_3d_rmse_m,D08_seed_02,0.11100246776782001,77,519,541,0.14836223506743737
<V3_ROOT>/07_AGGREGATE/CORE_541_DISTRIBUTION_V3.csv,data_row_1based:29430,A07,position_3d_rmse_m,D08_seed_03,0.11100246776782001,78,519,541,0.15028901734104047
<V3_ROOT>/07_AGGREGATE/CORE_541_DISTRIBUTION_V3.csv,data_row_1based:29431,A07,position_3d_rmse_m,D08_seed_04,0.11100246776782001,79,519,541,0.15221579961464354
<V3_ROOT>/07_AGGREGATE/CORE_541_DISTRIBUTION_V3.csv,data_row_1based:29432,A07,position_3d_rmse_m,D08_seed_05,0.11100246776782001,80,519,541,0.15414258188824662
<V3_ROOT>/07_AGGREGATE/CORE_541_DISTRIBUTION_V3.csv,data_row_1based:29433,A07,position_3d_rmse_m,D08_seed_06,0.11100246776782001,81,519,541,0.15606936416184972
<V3_ROOT>/07_AGGREGATE/CORE_541_DISTRIBUTION_V3.csv,data_row_1based:29434,A07,position_3d_rmse_m,D08_seed_07,0.11100246776782001,82,519,541,0.1579961464354528
<V3_ROOT>/07_AGGREGATE/CORE_541_DISTRIBUTION_V3.csv,data_row_1based:29435,A07,position_3d_rmse_m,D08_seed_08,0.11100246776782001,83,519,541,0.1599229287090559
<V3_ROOT>/07_AGGREGATE/CORE_541_DISTRIBUTION_V3.csv,data_row_1based:29436,A07,position_3d_rmse_m,D22_seed_00,0.11100246776782001,84,519,541,0.16184971098265896
<V3_ROOT>/07_AGGREGATE/CORE_541_DISTRIBUTION_V3.csv,data_row_1based:29437,A07,position_3d_rmse_m,D22_seed_06,0.11100246776782001,85,519,541,0.16377649325626203
<V3_ROOT>/07_AGGREGATE/CORE_541_DISTRIBUTION_V3.csv,data_row_1based:29438,A07,position_3d_rmse_m,D29_seed_00,0.11100246776782001,86,519,541,0.16570327552986513
<V3_ROOT>/07_AGGREGATE/CORE_541_DISTRIBUTION_V3.csv,data_row_1based:29439,A07,position_3d_rmse_m,D29_seed_01,0.11100246776782001,87,519,541,0.1676300578034682
<V3_ROOT>/07_AGGREGATE/CORE_541_DISTRIBUTION_V3.csv,data_row_1based:29440,A07,position_3d_rmse_m,D29_seed_02,0.11100246776782001,88,519,541,0.16955684007707128
<V3_ROOT>/07_AGGREGATE/CORE_541_DISTRIBUTION_V3.csv,data_row_1based:29441,A07,position_3d_rmse_m,D29_seed_03,0.11100246776782001,89,519,541,0.17148362235067438
<V3_ROOT>/07_AGGREGATE/CORE_541_DISTRIBUTION_V3.csv,data_row_1based:29442,A07,position_3d_rmse_m,D29_seed_04,0.11100246776782001,90,519,541,0.17341040462427745
<V3_ROOT>/07_AGGREGATE/CORE_541_DISTRIBUTION_V3.csv,data_row_1based:29443,A07,position_3d_rmse_m,D29_seed_05,0.11100246776782001,91,519,541,0.17533718689788053
<V3_ROOT>/07_AGGREGATE/CORE_541_DISTRIBUTION_V3.csv,data_row_1based:29444,A07,position_3d_rmse_m,D29_seed_06,0.11100246776782001,92,519,541,0.17726396917148363
<V3_ROOT>/07_AGGREGATE/CORE_541_DISTRIBUTION_V3.csv,data_row_1based:29445,A07,position_3d_rmse_m,D29_seed_07,0.11100246776782001,93,519,541,0.1791907514450867
<V3_ROOT>/07_AGGREGATE/CORE_541_DISTRIBUTION_V3.csv,data_row_1based:29446,A07,position_3d_rmse_m,D29_seed_08,0.11100246776782001,94,519,541,0.1811175337186898
<V3_ROOT>/07_AGGREGATE/CORE_541_DISTRIBUTION_V3.csv,data_row_1based:29447,A07,position_3d_rmse_m,D40_seed_00,0.11100246776782001,95,519,541,0.18304431599229287
<V3_ROOT>/07_AGGREGATE/CORE_541_DISTRIBUTION_V3.csv,data_row_1based:29448,A07,position_3d_rmse_m,D40_seed_01,0.11100246776782001,96,519,541,0.18497109826589594
<V3_ROOT>/07_AGGREGATE/CORE_541_DISTRIBUTION_V3.csv,data_row_1based:29449,A07,position_3d_rmse_m,D40_seed_02,0.11100246776782001,97,519,541,0.18689788053949905
<V3_ROOT>/07_AGGREGATE/CORE_541_DISTRIBUTION_V3.csv,data_row_1based:29450,A07,position_3d_rmse_m,D40_seed_03,0.11100246776782001,98,519,541,0.18882466281310212
<V3_ROOT>/07_AGGREGATE/CORE_541_DISTRIBUTION_V3.csv,data_row_1based:29451,A07,position_3d_rmse_m,D40_seed_04,0.11100246776782001,99,519,541,0.1907514450867052
<V3_ROOT>/07_AGGREGATE/CORE_541_DISTRIBUTION_V3.csv,data_row_1based:29452,A07,position_3d_rmse_m,D40_seed_05,0.11100246776782001,100,519,541,0.1926782273603083
<V3_ROOT>/07_AGGREGATE/CORE_541_DISTRIBUTION_V3.csv,data_row_1based:29453,A07,position_3d_rmse_m,D40_seed_06,0.11100246776782001,101,519,541,0.19460500963391136
<V3_ROOT>/07_AGGREGATE/CORE_541_DISTRIBUTION_V3.csv,data_row_1based:29454,A07,position_3d_rmse_m,D40_seed_07,0.11100246776782001,102,519,541,0.19653179190751446
<V3_ROOT>/07_AGGREGATE/CORE_541_DISTRIBUTION_V3.csv,data_row_1based:29455,A07,position_3d_rmse_m,D40_seed_08,0.11100246776782001,103,519,541,0.19845857418111754
<V3_ROOT>/07_AGGREGATE/CORE_541_DISTRIBUTION_V3.csv,data_row_1based:29456,A07,position_3d_rmse_m,D51_seed_00,0.11100246776782001,104,519,541,0.2003853564547206
<V3_ROOT>/07_AGGREGATE/CORE_541_DISTRIBUTION_V3.csv,data_row_1based:29457,A07,position_3d_rmse_m,D51_seed_01,0.11100246776782001,105,519,541,0.2023121387283237
<V3_ROOT>/07_AGGREGATE/CORE_541_DISTRIBUTION_V3.csv,data_row_1based:29458,A07,position_3d_rmse_m,D51_seed_02,0.11100246776782001,106,519,541,0.20423892100192678
<V3_ROOT>/07_AGGREGATE/CORE_541_DISTRIBUTION_V3.csv,data_row_1based:29459,A07,position_3d_rmse_m,D51_seed_03,0.11100246776782001,107,519,541,0.20616570327552985
<V3_ROOT>/07_AGGREGATE/CORE_541_DISTRIBUTION_V3.csv,data_row_1based:29460,A07,position_3d_rmse_m,D51_seed_04,0.11100246776782001,108,519,541,0.20809248554913296
<V3_ROOT>/07_AGGREGATE/CORE_541_DISTRIBUTION_V3.csv,data_row_1based:29461,A07,position_3d_rmse_m,D51_seed_05,0.11100246776782001,109,519,541,0.21001926782273603
<V3_ROOT>/07_AGGREGATE/CORE_541_DISTRIBUTION_V3.csv,data_row_1based:29462,A07,position_3d_rmse_m,D51_seed_06,0.11100246776782001,110,519,541,0.2119460500963391
<V3_ROOT>/07_AGGREGATE/CORE_541_DISTRIBUTION_V3.csv,data_row_1based:29463,A07,position_3d_rmse_m,D51_seed_07,0.11100246776782001,111,519,541,0.2138728323699422
<V3_ROOT>/07_AGGREGATE/CORE_541_DISTRIBUTION_V3.csv,data_row_1based:29464,A07,position_3d_rmse_m,D51_seed_08,0.11100246776782001,112,519,541,0.21579961464354527
<V3_ROOT>/07_AGGREGATE/CORE_541_DISTRIBUTION_V3.csv,data_row_1based:29465,A07,position_3d_rmse_m,D52_seed_00,0.11100246776782001,113,519,541,0.21772639691714837
<V3_ROOT>/07_AGGREGATE/CORE_541_DISTRIBUTION_V3.csv,data_row_1based:29466,A07,position_3d_rmse_m,D52_seed_01,0.11100246776782001,114,519,541,0.21965317919075145
<V3_ROOT>/07_AGGREGATE/CORE_541_DISTRIBUTION_V3.csv,data_row_1based:29467,A07,position_3d_rmse_m,D52_seed_02,0.11100246776782001,115,519,541,0.22157996146435452
<V3_ROOT>/07_AGGREGATE/CORE_541_DISTRIBUTION_V3.csv,data_row_1based:29468,A07,position_3d_rmse_m,D52_seed_03,0.11100246776782001,116,519,541,0.22350674373795762
<V3_ROOT>/07_AGGREGATE/CORE_541_DISTRIBUTION_V3.csv,data_row_1based:29469,A07,position_3d_rmse_m,D52_seed_04,0.11100246776782001,117,519,541,0.2254335260115607
<V3_ROOT>/07_AGGREGATE/CORE_541_DISTRIBUTION_V3.csv,data_row_1based:29470,A07,position_3d_rmse_m,D52_seed_05,0.11100246776782001,118,519,541,0.22736030828516376
<V3_ROOT>/07_AGGREGATE/CORE_541_DISTRIBUTION_V3.csv,data_row_1based:29471,A07,position_3d_rmse_m,D52_seed_06,0.11100246776782001,119,519,541,0.22928709055876687
<V3_ROOT>/07_AGGREGATE/CORE_541_DISTRIBUTION_V3.csv,data_row_1based:29472,A07,position_3d_rmse_m,D52_seed_07,0.11100246776782001,120,519,541,0.23121387283236994
<V3_ROOT>/07_AGGREGATE/CORE_541_DISTRIBUTION_V3.csv,data_row_1based:29473,A07,position_3d_rmse_m,D52_seed_08,0.11100246776782001,121,519,541,0.23314065510597304
<V3_ROOT>/07_AGGREGATE/CORE_541_DISTRIBUTION_V3.csv,data_row_1based:29474,A07,position_3d_rmse_m,D53_seed_00,0.11100246776782001,122,519,541,0.2350674373795761
<V3_ROOT>/07_AGGREGATE/CORE_541_DISTRIBUTION_V3.csv,data_row_1based:29475,A07,position_3d_rmse_m,D53_seed_01,0.11100246776782001,123,519,541,0.23699421965317918
<V3_ROOT>/07_AGGREGATE/CORE_541_DISTRIBUTION_V3.csv,data_row_1based:29476,A07,position_3d_rmse_m,D53_seed_02,0.11100246776782001,124,519,541,0.23892100192678228
<V3_ROOT>/07_AGGREGATE/CORE_541_DISTRIBUTION_V3.csv,data_row_1based:29477,A07,position_3d_rmse_m,D53_seed_03,0.11100246776782001,125,519,541,0.24084778420038536
<V3_ROOT>/07_AGGREGATE/CORE_541_DISTRIBUTION_V3.csv,data_row_1based:29478,A07,position_3d_rmse_m,D53_seed_04,0.11100246776782001,126,519,541,0.24277456647398843
<V3_ROOT>/07_AGGREGATE/CORE_541_DISTRIBUTION_V3.csv,data_row_1based:29479,A07,position_3d_rmse_m,D53_seed_05,0.11100246776782001,127,519,541,0.24470134874759153
<V3_ROOT>/07_AGGREGATE/CORE_541_DISTRIBUTION_V3.csv,data_row_1based:29480,A07,position_3d_rmse_m,D53_seed_06,0.11100246776782001,128,519,541,0.2466281310211946
<V3_ROOT>/07_AGGREGATE/CORE_541_DISTRIBUTION_V3.csv,data_row_1based:29481,A07,position_3d_rmse_m,D53_seed_07,0.11100246776782001,129,519,541,0.24855491329479767
<V3_ROOT>/07_AGGREGATE/CORE_541_DISTRIBUTION_V3.csv,data_row_1based:29482,A07,position_3d_rmse_m,D53_seed_08,0.11100246776782001,130,519,541,0.2504816955684008
<V3_ROOT>/07_AGGREGATE/CORE_541_DISTRIBUTION_V3.csv,data_row_1based:29483,A07,position_3d_rmse_m,D54_seed_00,0.11100246776782001,131,519,541,0.2524084778420039
<V3_ROOT>/07_AGGREGATE/CORE_541_DISTRIBUTION_V3.csv,data_row_1based:29484,A07,position_3d_rmse_m,D54_seed_01,0.11100246776782001,132,519,541,0.2543352601156069
<V3_ROOT>/07_AGGREGATE/CORE_541_DISTRIBUTION_V3.csv,data_row_1based:29485,A07,position_3d_rmse_m,D54_seed_02,0.11100246776782001,133,519,541,0.25626204238921
<V3_ROOT>/07_AGGREGATE/CORE_541_DISTRIBUTION_V3.csv,data_row_1based:29486,A07,position_3d_rmse_m,D54_seed_03,0.11100246776782001,134,519,541,0.2581888246628131
<V3_ROOT>/07_AGGREGATE/CORE_541_DISTRIBUTION_V3.csv,data_row_1based:29487,A07,position_3d_rmse_m,D54_seed_04,0.11100246776782001,135,519,541,0.26011560693641617
<V3_ROOT>/07_AGGREGATE/CORE_541_DISTRIBUTION_V3.csv,data_row_1based:29488,A07,position_3d_rmse_m,D54_seed_05,0.11100246776782001,136,519,541,0.26204238921001927
<V3_ROOT>/07_AGGREGATE/CORE_541_DISTRIBUTION_V3.csv,data_row_1based:29489,A07,position_3d_rmse_m,D54_seed_06,0.11100246776782001,137,519,541,0.26396917148362237
<V3_ROOT>/07_AGGREGATE/CORE_541_DISTRIBUTION_V3.csv,data_row_1based:29490,A07,position_3d_rmse_m,D54_seed_07,0.11100246776782001,138,519,541,0.2658959537572254
<V3_ROOT>/07_AGGREGATE/CORE_541_DISTRIBUTION_V3.csv,data_row_1based:29491,A07,position_3d_rmse_m,D54_seed_08,0.11100246776782001,139,519,541,0.2678227360308285
<V3_ROOT>/07_AGGREGATE/CORE_541_DISTRIBUTION_V3.csv,data_row_1based:29492,A07,position_3d_rmse_m,D55_seed_00,0.11100246776782001,140,519,541,0.2697495183044316
<V3_ROOT>/07_AGGREGATE/CORE_541_DISTRIBUTION_V3.csv,data_row_1based:29493,A07,position_3d_rmse_m,D55_seed_01,0.11100246776782001,141,519,541,0.27167630057803466
<V3_ROOT>/07_AGGREGATE/CORE_541_DISTRIBUTION_V3.csv,data_row_1based:29494,A07,position_3d_rmse_m,D55_seed_02,0.11100246776782001,142,519,541,0.27360308285163776
<V3_ROOT>/07_AGGREGATE/CORE_541_DISTRIBUTION_V3.csv,data_row_1based:29495,A07,position_3d_rmse_m,D55_seed_03,0.11100246776782001,143,519,541,0.27552986512524086
<V3_ROOT>/07_AGGREGATE/CORE_541_DISTRIBUTION_V3.csv,data_row_1based:29496,A07,position_3d_rmse_m,D55_seed_04,0.11100246776782001,144,519,541,0.2774566473988439
<V3_ROOT>/07_AGGREGATE/CORE_541_DISTRIBUTION_V3.csv,data_row_1based:29497,A07,position_3d_rmse_m,D55_seed_05,0.11100246776782001,145,519,541,0.279383429672447
<V3_ROOT>/07_AGGREGATE/CORE_541_DISTRIBUTION_V3.csv,data_row_1based:29498,A07,position_3d_rmse_m,D55_seed_06,0.11100246776782001,146,519,541,0.2813102119460501
<V3_ROOT>/07_AGGREGATE/CORE_541_DISTRIBUTION_V3.csv,data_row_1based:29499,A07,position_3d_rmse_m,D55_seed_07,0.11100246776782001,147,519,541,0.2832369942196532
<V3_ROOT>/07_AGGREGATE/CORE_541_DISTRIBUTION_V3.csv,data_row_1based:29500,A07,position_3d_rmse_m,D55_seed_08,0.11100246776782001,148,519,541,0.28516377649325625
<V3_ROOT>/07_AGGREGATE/CORE_541_DISTRIBUTION_V3.csv,data_row_1based:29501,A07,position_3d_rmse_m,D56_seed_00,0.11100246776782001,149,519,541,0.28709055876685935
<V3_ROOT>/07_AGGREGATE/CORE_541_DISTRIBUTION_V3.csv,data_row_1based:29502,A07,position_3d_rmse_m,D56_seed_01,0.11100246776782001,150,519,541,0.28901734104046245
<V3_ROOT>/07_AGGREGATE/CORE_541_DISTRIBUTION_V3.csv,data_row_1based:29503,A07,position_3d_rmse_m,D56_seed_02,0.11100246776782001,151,519,541,0.2909441233140655
<V3_ROOT>/07_AGGREGATE/CORE_541_DISTRIBUTION_V3.csv,data_row_1based:29504,A07,position_3d_rmse_m,D56_seed_03,0.11100246776782001,152,519,541,0.2928709055876686
<V3_ROOT>/07_AGGREGATE/CORE_541_DISTRIBUTION_V3.csv,data_row_1based:29505,A07,position_3d_rmse_m,D56_seed_04,0.11100246776782001,153,519,541,0.2947976878612717
<V3_ROOT>/07_AGGREGATE/CORE_541_DISTRIBUTION_V3.csv,data_row_1based:29506,A07,position_3d_rmse_m,D56_seed_05,0.11100246776782001,154,519,541,0.29672447013487474
<V3_ROOT>/07_AGGREGATE/CORE_541_DISTRIBUTION_V3.csv,data_row_1based:29507,A07,position_3d_rmse_m,D56_seed_06,0.11100246776782001,155,519,541,0.29865125240847784
<V3_ROOT>/07_AGGREGATE/CORE_541_DISTRIBUTION_V3.csv,data_row_1based:29508,A07,position_3d_rmse_m,D56_seed_07,0.11100246776782001,156,519,541,0.30057803468208094
<V3_ROOT>/07_AGGREGATE/CORE_541_DISTRIBUTION_V3.csv,data_row_1based:29509,A07,position_3d_rmse_m,D56_seed_08,0.11100246776782001,157,519,541,0.302504816955684
<V3_ROOT>/07_AGGREGATE/CORE_541_DISTRIBUTION_V3.csv,data_row_1based:29510,A07,position_3d_rmse_m,D48_seed_06,0.1110028529796871,158,519,541,0.3044315992292871
<V3_ROOT>/07_AGGREGATE/CORE_541_DISTRIBUTION_V3.csv,data_row_1based:29511,A07,position_3d_rmse_m,D48_seed_05,0.1110035531059955,159,519,541,0.3063583815028902
<V3_ROOT>/07_AGGREGATE/CORE_541_DISTRIBUTION_V3.csv,data_row_1based:29512,A07,position_3d_rmse_m,D44_seed_06,0.11100362901886836,160,519,541,0.30828516377649323
<V3_ROOT>/07_AGGREGATE/CORE_541_DISTRIBUTION_V3.csv,data_row_1based:29513,A07,position_3d_rmse_m,D39_seed_03,0.11100547680064134,161,519,541,0.31021194605009633
<V3_ROOT>/07_AGGREGATE/CORE_541_DISTRIBUTION_V3.csv,data_row_1based:29514,A07,position_3d_rmse_m,D31_seed_04,0.11100703867393363,162,519,541,0.31213872832369943
<V3_ROOT>/07_AGGREGATE/CORE_541_DISTRIBUTION_V3.csv,data_row_1based:29515,A07,position_3d_rmse_m,D46_seed_08,0.11100713660585443,163,519,541,0.3140655105973025
<V3_ROOT>/07_AGGREGATE/CORE_541_DISTRIBUTION_V3.csv,data_row_1based:29516,A07,position_3d_rmse_m,D30_seed_04,0.11100721916863816,164,519,541,0.3159922928709056
<V3_ROOT>/07_AGGREGATE/CORE_541_DISTRIBUTION_V3.csv,data_row_1based:29517,A07,position_3d_rmse_m,D46_seed_00,0.11100735636417214,165,519,541,0.3179190751445087
<V3_ROOT>/07_AGGREGATE/CORE_541_DISTRIBUTION_V3.csv,data_row_1based:29518,A07,position_3d_rmse_m,D30_seed_01,0.1110074449708895,166,519,541,0.3198458574181118
<V3_ROOT>/07_AGGREGATE/CORE_541_DISTRIBUTION_V3.csv,data_row_1based:29519,A07,position_3d_rmse_m,D39_seed_01,0.11100800248526334,167,519,541,0.3217726396917148
<V3_ROOT>/07_AGGREGATE/CORE_541_DISTRIBUTION_V3.csv,data_row_1based:29520,A07,position_3d_rmse_m,D48_seed_01,0.11100864005164046,168,519,541,0.3236994219653179
<V3_ROOT>/07_AGGREGATE/CORE_541_DISTRIBUTION_V3.csv,data_row_1based:29521,A07,position_3d_rmse_m,D48_seed_03,0.11101581131493456,169,519,541,0.325626204238921
<V3_ROOT>/07_AGGREGATE/CORE_541_DISTRIBUTION_V3.csv,data_row_1based:29522,A07,position_3d_rmse_m,D47_seed_06,0.11101691328561379,170,519,541,0.32755298651252407
<V3_ROOT>/07_AGGREGATE/CORE_541_DISTRIBUTION_V3.csv,data_row_1based:29523,A07,position_3d_rmse_m,D50_seed_01,0.1110174713324816,171,519,541,0.32947976878612717
<V3_ROOT>/07_AGGREGATE/CORE_541_DISTRIBUTION_V3.csv,data_row_1based:29524,A07,position_3d_rmse_m,D48_seed_00,0.11101840498487299,172,519,541,0.33140655105973027
<V3_ROOT>/07_AGGREGATE/CORE_541_DISTRIBUTION_V3.csv,data_row_1based:29525,A07,position_3d_rmse_m,D39_seed_06,0.1110196524734865,173,519,541,0.3333333333333333
<V3_ROOT>/07_AGGREGATE/CORE_541_DISTRIBUTION_V3.csv,data_row_1based:29526,A07,position_3d_rmse_m,D39_seed_00,0.11102018270440436,174,519,541,0.3352601156069364
<V3_ROOT>/07_AGGREGATE/CORE_541_DISTRIBUTION_V3.csv,data_row_1based:29527,A07,position_3d_rmse_m,D35_seed_05,0.11102076478821965,175,519,541,0.3371868978805395
<V3_ROOT>/07_AGGREGATE/CORE_541_DISTRIBUTION_V3.csv,data_row_1based:29528,A07,position_3d_rmse_m,D36_seed_00,0.11102085531370574,176,519,541,0.33911368015414256
<V3_ROOT>/07_AGGREGATE/CORE_541_DISTRIBUTION_V3.csv,data_row_1based:29529,A07,position_3d_rmse_m,D36_seed_01,0.11102085531370574,177,519,541,0.34104046242774566
<V3_ROOT>/07_AGGREGATE/CORE_541_DISTRIBUTION_V3.csv,data_row_1based:29530,A07,position_3d_rmse_m,D36_seed_02,0.11102085531370574,178,519,541,0.34296724470134876
<V3_ROOT>/07_AGGREGATE/CORE_541_DISTRIBUTION_V3.csv,data_row_1based:29531,A07,position_3d_rmse_m,D36_seed_03,0.11102085531370574,179,519,541,0.3448940269749518
<V3_ROOT>/07_AGGREGATE/CORE_541_DISTRIBUTION_V3.csv,data_row_1based:29532,A07,position_3d_rmse_m,D36_seed_04,0.11102085531370574,180,519,541,0.3468208092485549
<V3_ROOT>/07_AGGREGATE/CORE_541_DISTRIBUTION_V3.csv,data_row_1based:29533,A07,position_3d_rmse_m,D36_seed_05,0.11102085531370574,181,519,541,0.348747591522158
<V3_ROOT>/07_AGGREGATE/CORE_541_DISTRIBUTION_V3.csv,data_row_1based:29534,A07,position_3d_rmse_m,D36_seed_06,0.11102085531370574,182,519,541,0.35067437379576105
<V3_ROOT>/07_AGGREGATE/CORE_541_DISTRIBUTION_V3.csv,data_row_1based:29535,A07,position_3d_rmse_m,D36_seed_07,0.11102085531370574,183,519,541,0.35260115606936415
<V3_ROOT>/07_AGGREGATE/CORE_541_DISTRIBUTION_V3.csv,data_row_1based:29536,A07,position_3d_rmse_m,D36_seed_08,0.11102085531370574,184,519,541,0.35452793834296725
<V3_ROOT>/07_AGGREGATE/CORE_541_DISTRIBUTION_V3.csv,data_row_1based:29537,A07,position_3d_rmse_m,D31_seed_01,0.11102194240858332,185,519,541,0.35645472061657035
<V3_ROOT>/07_AGGREGATE/CORE_541_DISTRIBUTION_V3.csv,data_row_1based:29538,A07,position_3d_rmse_m,D42_seed_01,0.11102216456259939,186,519,541,0.3583815028901734
<V3_ROOT>/07_AGGREGATE/CORE_541_DISTRIBUTION_V3.csv,data_row_1based:29539,A07,position_3d_rmse_m,D34_seed_05,0.11102474108515595,187,519,541,0.3603082851637765
<V3_ROOT>/07_AGGREGATE/CORE_541_DISTRIBUTION_V3.csv,data_row_1based:29540,A07,position_3d_rmse_m,D46_seed_06,0.11102677322962898,188,519,541,0.3622350674373796
<V3_ROOT>/07_AGGREGATE/CORE_541_DISTRIBUTION_V3.csv,data_row_1based:29541,A07,position_3d_rmse_m,D35_seed_02,0.1110270051500219,189,519,541,0.36416184971098264
<V3_ROOT>/07_AGGREGATE/CORE_541_DISTRIBUTION_V3.csv,data_row_1based:29542,A07,position_3d_rmse_m,D35_seed_07,0.11103393663632485,190,519,541,0.36608863198458574
<V3_ROOT>/07_AGGREGATE/CORE_541_DISTRIBUTION_V3.csv,data_row_1based:29543,A07,position_3d_rmse_m,D39_seed_08,0.11103409443194791,191,519,541,0.36801541425818884
<V3_ROOT>/07_AGGREGATE/CORE_541_DISTRIBUTION_V3.csv,data_row_1based:29544,A07,position_3d_rmse_m,D34_seed_07,0.11103439115168931,192,519,541,0.3699421965317919
<V3_ROOT>/07_AGGREGATE/CORE_541_DISTRIBUTION_V3.csv,data_row_1based:29545,A07,position_3d_rmse_m,D39_seed_05,0.11103486912683982,193,519,541,0.371868978805395
<V3_ROOT>/07_AGGREGATE/CORE_541_DISTRIBUTION_V3.csv,data_row_1based:29546,A07,position_3d_rmse_m,D47_seed_02,0.1110395763971484,194,519,541,0.3737957610789981
<V3_ROOT>/07_AGGREGATE/CORE_541_DISTRIBUTION_V3.csv,data_row_1based:29547,A07,position_3d_rmse_m,D32_seed_00,0.11103977823684942,195,519,541,0.37572254335260113
<V3_ROOT>/07_AGGREGATE/CORE_541_DISTRIBUTION_V3.csv,data_row_1based:29548,A07,position_3d_rmse_m,D37_seed_00,0.11104066862792815,196,519,541,0.37764932562620424
<V3_ROOT>/07_AGGREGATE/CORE_541_DISTRIBUTION_V3.csv,data_row_1based:29549,A07,position_3d_rmse_m,D37_seed_01,0.11104066862792815,197,519,541,0.37957610789980734
<V3_ROOT>/07_AGGREGATE/CORE_541_DISTRIBUTION_V3.csv,data_row_1based:29550,A07,position_3d_rmse_m,D37_seed_02,0.11104066862792815,198,519,541,0.3815028901734104
<V3_ROOT>/07_AGGREGATE/CORE_541_DISTRIBUTION_V3.csv,data_row_1based:29551,A07,position_3d_rmse_m,D37_seed_03,0.11104066862792815,199,519,541,0.3834296724470135
<V3_ROOT>/07_AGGREGATE/CORE_541_DISTRIBUTION_V3.csv,data_row_1based:29552,A07,position_3d_rmse_m,D37_seed_04,0.11104066862792815,200,519,541,0.3853564547206166
<V3_ROOT>/07_AGGREGATE/CORE_541_DISTRIBUTION_V3.csv,data_row_1based:29553,A07,position_3d_rmse_m,D37_seed_05,0.11104066862792815,201,519,541,0.3872832369942196
<V3_ROOT>/07_AGGREGATE/CORE_541_DISTRIBUTION_V3.csv,data_row_1based:29554,A07,position_3d_rmse_m,D37_seed_06,0.11104066862792815,202,519,541,0.3892100192678227
<V3_ROOT>/07_AGGREGATE/CORE_541_DISTRIBUTION_V3.csv,data_row_1based:29555,A07,position_3d_rmse_m,D37_seed_07,0.11104066862792815,203,519,541,0.3911368015414258
<V3_ROOT>/07_AGGREGATE/CORE_541_DISTRIBUTION_V3.csv,data_row_1based:29556,A07,position_3d_rmse_m,D37_seed_08,0.11104066862792815,204,519,541,0.3930635838150289
<V3_ROOT>/07_AGGREGATE/CORE_541_DISTRIBUTION_V3.csv,data_row_1based:29557,A07,position_3d_rmse_m,D30_seed_02,0.11104186815354744,205,519,541,0.394990366088632
<V3_ROOT>/07_AGGREGATE/CORE_541_DISTRIBUTION_V3.csv,data_row_1based:29558,A07,position_3d_rmse_m,D47_seed_07,0.11104404593469758,206,519,541,0.3969171483622351
<V3_ROOT>/07_AGGREGATE/CORE_541_DISTRIBUTION_V3.csv,data_row_1based:29559,A07,position_3d_rmse_m,D32_seed_03,0.11104569676610093,207,519,541,0.3988439306358382
<V3_ROOT>/07_AGGREGATE/CORE_541_DISTRIBUTION_V3.csv,data_row_1based:29560,A07,position_3d_rmse_m,D47_seed_04,0.11105392338122788,208,519,541,0.4007707129094412
<V3_ROOT>/07_AGGREGATE/CORE_541_DISTRIBUTION_V3.csv,data_row_1based:29561,A07,position_3d_rmse_m,D02_seed_00,0.11105508532459159,209,519,541,0.4026974951830443
<V3_ROOT>/07_AGGREGATE/CORE_541_DISTRIBUTION_V3.csv,data_row_1based:29562,A07,position_3d_rmse_m,D30_seed_05,0.11105579248123637,210,519,541,0.4046242774566474
<V3_ROOT>/07_AGGREGATE/CORE_541_DISTRIBUTION_V3.csv,data_row_1based:29563,A07,position_3d_rmse_m,D44_seed_02,0.11105758831850625,211,519,541,0.40655105973025046
<V3_ROOT>/07_AGGREGATE/CORE_541_DISTRIBUTION_V3.csv,data_row_1based:29564,A07,position_3d_rmse_m,D46_seed_02,0.1110585912475181,212,519,541,0.40847784200385356
<V3_ROOT>/07_AGGREGATE/CORE_541_DISTRIBUTION_V3.csv,data_row_1based:29565,A07,position_3d_rmse_m,D32_seed_08,0.11106249328775623,213,519,541,0.41040462427745666
<V3_ROOT>/07_AGGREGATE/CORE_541_DISTRIBUTION_V3.csv,data_row_1based:29566,A07,position_3d_rmse_m,D34_seed_01,0.11106495101625963,214,519,541,0.4123314065510597
<V3_ROOT>/07_AGGREGATE/CORE_541_DISTRIBUTION_V3.csv,data_row_1based:29567,A07,position_3d_rmse_m,D44_seed_00,0.1110670891542975,215,519,541,0.4142581888246628
<V3_ROOT>/07_AGGREGATE/CORE_541_DISTRIBUTION_V3.csv,data_row_1based:29568,A07,position_3d_rmse_m,D01_seed_08,0.11107046431343696,216,519,541,0.4161849710982659
<V3_ROOT>/07_AGGREGATE/CORE_541_DISTRIBUTION_V3.csv,data_row_1based:29569,A07,position_3d_rmse_m,D39_seed_02,0.11107522042076526,217,519,541,0.41811175337186895
<V3_ROOT>/07_AGGREGATE/CORE_541_DISTRIBUTION_V3.csv,data_row_1based:29570,A07,position_3d_rmse_m,D38_seed_08,0.11107566467712475,218,519,541,0.42003853564547206
<V3_ROOT>/07_AGGREGATE/CORE_541_DISTRIBUTION_V3.csv,data_row_1based:29571,A07,position_3d_rmse_m,D30_seed_07,0.11107866099709386,219,519,541,0.42196531791907516
<V3_ROOT>/07_AGGREGATE/CORE_541_DISTRIBUTION_V3.csv,data_row_1based:29572,A07,position_3d_rmse_m,D30_seed_03,0.11108180378375503,220,519,541,0.4238921001926782
<V3_ROOT>/07_AGGREGATE/CORE_541_DISTRIBUTION_V3.csv,data_row_1based:29573,A07,position_3d_rmse_m,D02_seed_07,0.11108303089568107,221,519,541,0.4258188824662813
<V3_ROOT>/07_AGGREGATE/CORE_541_DISTRIBUTION_V3.csv,data_row_1based:29574,A07,position_3d_rmse_m,D47_seed_01,0.1110839642140607,222,519,541,0.4277456647398844
<V3_ROOT>/07_AGGREGATE/CORE_541_DISTRIBUTION_V3.csv,data_row_1based:29575,A07,position_3d_rmse_m,D42_seed_00,0.11108964222312391,223,519,541,0.4296724470134875
<V3_ROOT>/07_AGGREGATE/CORE_541_DISTRIBUTION_V3.csv,data_row_1based:29576,A07,position_3d_rmse_m,D34_seed_02,0.11108965440482929,224,519,541,0.43159922928709055
<V3_ROOT>/07_AGGREGATE/CORE_541_DISTRIBUTION_V3.csv,data_row_1based:29577,A07,position_3d_rmse_m,D35_seed_06,0.11109937186947678,225,519,541,0.43352601156069365
<V3_ROOT>/07_AGGREGATE/CORE_541_DISTRIBUTION_V3.csv,data_row_1based:29578,A07,position_3d_rmse_m,D42_seed_02,0.1111123027011651,226,519,541,0.43545279383429675
<V3_ROOT>/07_AGGREGATE/CORE_541_DISTRIBUTION_V3.csv,data_row_1based:29579,A07,position_3d_rmse_m,D44_seed_07,0.11113942325428097,227,519,541,0.4373795761078998
<V3_ROOT>/07_AGGREGATE/CORE_541_DISTRIBUTION_V3.csv,data_row_1based:29580,A07,position_3d_rmse_m,D44_seed_03,0.1111409199610113,228,519,541,0.4393063583815029
<V3_ROOT>/07_AGGREGATE/CORE_541_DISTRIBUTION_V3.csv,data_row_1based:29581,A07,position_3d_rmse_m,D44_seed_04,0.11115559451698875,229,519,541,0.441233140655106
<V3_ROOT>/07_AGGREGATE/CORE_541_DISTRIBUTION_V3.csv,data_row_1based:29582,A07,position_3d_rmse_m,D02_seed_08,0.11115839287559802,230,519,541,0.44315992292870904
<V3_ROOT>/07_AGGREGATE/CORE_541_DISTRIBUTION_V3.csv,data_row_1based:29583,A07,position_3d_rmse_m,D42_seed_08,0.11115928791873601,231,519,541,0.44508670520231214
<V3_ROOT>/07_AGGREGATE/CORE_541_DISTRIBUTION_V3.csv,data_row_1based:29584,A07,position_3d_rmse_m,D44_seed_08,0.11116134479246305,232,519,541,0.44701348747591524
<V3_ROOT>/07_AGGREGATE/CORE_541_DISTRIBUTION_V3.csv,data_row_1based:29585,A07,position_3d_rmse_m,D31_seed_02,0.11116501051363059,233,519,541,0.4489402697495183
<V3_ROOT>/07_AGGREGATE/CORE_541_DISTRIBUTION_V3.csv,data_row_1based:29586,A07,position_3d_rmse_m,D01_seed_00,0.11117323797510367,234,519,541,0.4508670520231214
<V3_ROOT>/07_AGGREGATE/CORE_541_DISTRIBUTION_V3.csv,data_row_1based:29587,A07,position_3d_rmse_m,D41_seed_01,0.11117821759737648,235,519,541,0.4527938342967245
<V3_ROOT>/07_AGGREGATE/CORE_541_DISTRIBUTION_V3.csv,data_row_1based:29588,A07,position_3d_rmse_m,D42_seed_05,0.11118002582315661,236,519,541,0.45472061657032753
<V3_ROOT>/07_AGGREGATE/CORE_541_DISTRIBUTION_V3.csv,data_row_1based:29589,A07,position_3d_rmse_m,D42_seed_03,0.11118822892197519,237,519,541,0.45664739884393063
<V3_ROOT>/07_AGGREGATE/CORE_541_DISTRIBUTION_V3.csv,data_row_1based:29590,A07,position_3d_rmse_m,D01_seed_07,0.11121017189596626,238,519,541,0.45857418111753373
<V3_ROOT>/07_AGGREGATE/CORE_541_DISTRIBUTION_V3.csv,data_row_1based:29591,A07,position_3d_rmse_m,D44_seed_01,0.11121836768589173,239,519,541,0.4605009633911368
<V3_ROOT>/07_AGGREGATE/CORE_541_DISTRIBUTION_V3.csv,data_row_1based:29592,A07,position_3d_rmse_m,D44_seed_05,0.11123492768847319,240,519,541,0.4624277456647399
<V3_ROOT>/07_AGGREGATE/CORE_541_DISTRIBUTION_V3.csv,data_row_1based:29593,A07,position_3d_rmse_m,D35_seed_04,0.11128312158097921,241,519,541,0.464354527938343
<V3_ROOT>/07_AGGREGATE/CORE_541_DISTRIBUTION_V3.csv,data_row_1based:29594,A07,position_3d_rmse_m,D01_seed_01,0.11131745200343321,242,519,541,0.4662813102119461
<V3_ROOT>/07_AGGREGATE/CORE_541_DISTRIBUTION_V3.csv,data_row_1based:29595,A07,position_3d_rmse_m,D42_seed_06,0.11133154478957896,243,519,541,0.4682080924855491
<V3_ROOT>/07_AGGREGATE/CORE_541_DISTRIBUTION_V3.csv,data_row_1based:29596,A07,position_3d_rmse_m,D01_seed_02,0.11136853616967508,244,519,541,0.4701348747591522
<V3_ROOT>/07_AGGREGATE/CORE_541_DISTRIBUTION_V3.csv,data_row_1based:29597,A07,position_3d_rmse_m,D42_seed_07,0.1113747260625302,245,519,541,0.4720616570327553
<V3_ROOT>/07_AGGREGATE/CORE_541_DISTRIBUTION_V3.csv,data_row_1based:29598,A07,position_3d_rmse_m,D01_seed_03,0.11148164603964913,246,519,541,0.47398843930635837
<V3_ROOT>/07_AGGREGATE/CORE_541_DISTRIBUTION_V3.csv,data_row_1based:29599,A07,position_3d_rmse_m,D23_seed_00,0.11151211001441586,247,519,541,0.47591522157996147
<V3_ROOT>/07_AGGREGATE/CORE_541_DISTRIBUTION_V3.csv,data_row_1based:29600,A07,position_3d_rmse_m,D23_seed_01,0.11151211001441586,248,519,541,0.47784200385356457
<V3_ROOT>/07_AGGREGATE/CORE_541_DISTRIBUTION_V3.csv,data_row_1based:29601,A07,position_3d_rmse_m,D23_seed_02,0.11151211001441586,249,519,541,0.4797687861271676
<V3_ROOT>/07_AGGREGATE/CORE_541_DISTRIBUTION_V3.csv,data_row_1based:29602,A07,position_3d_rmse_m,D23_seed_03,0.11151211001441586,250,519,541,0.4816955684007707
<V3_ROOT>/07_AGGREGATE/CORE_541_DISTRIBUTION_V3.csv,data_row_1based:29603,A07,position_3d_rmse_m,D23_seed_04,0.11151211001441586,251,519,541,0.4836223506743738
<V3_ROOT>/07_AGGREGATE/CORE_541_DISTRIBUTION_V3.csv,data_row_1based:29604,A07,position_3d_rmse_m,D23_seed_05,0.11151211001441586,252,519,541,0.48554913294797686
<V3_ROOT>/07_AGGREGATE/CORE_541_DISTRIBUTION_V3.csv,data_row_1based:29605,A07,position_3d_rmse_m,D23_seed_06,0.11151211001441586,253,519,541,0.48747591522157996
<V3_ROOT>/07_AGGREGATE/CORE_541_DISTRIBUTION_V3.csv,data_row_1based:29606,A07,position_3d_rmse_m,D23_seed_07,0.11151211001441586,254,519,541,0.48940269749518306
<V3_ROOT>/07_AGGREGATE/CORE_541_DISTRIBUTION_V3.csv,data_row_1based:29607,A07,position_3d_rmse_m,D23_seed_08,0.11151211001441586,255,519,541,0.4913294797687861
<V3_ROOT>/07_AGGREGATE/CORE_541_DISTRIBUTION_V3.csv,data_row_1based:29608,A07,position_3d_rmse_m,D07_seed_08,0.11154110194854959,256,519,541,0.4932562620423892
<V3_ROOT>/07_AGGREGATE/CORE_541_DISTRIBUTION_V3.csv,data_row_1based:29609,A07,position_3d_rmse_m,D02_seed_02,0.11158718829994066,257,519,541,0.4951830443159923
<V3_ROOT>/07_AGGREGATE/CORE_541_DISTRIBUTION_V3.csv,data_row_1based:29610,A07,position_3d_rmse_m,D01_seed_06,0.11161880215400567,258,519,541,0.49710982658959535
<V3_ROOT>/07_AGGREGATE/CORE_541_DISTRIBUTION_V3.csv,data_row_1based:29611,A07,position_3d_rmse_m,D50_seed_03,0.11163415869311841,259,519,541,0.49903660886319845
<V3_ROOT>/07_AGGREGATE/CORE_541_DISTRIBUTION_V3.csv,data_row_1based:29612,A07,position_3d_rmse_m,D07_seed_01,0.11174731949100099,260,519,541,0.5009633911368016
<V3_ROOT>/07_AGGREGATE/CORE_541_DISTRIBUTION_V3.csv,data_row_1based:29613,A07,position_3d_rmse_m,D41_seed_04,0.1117659730775794,261,519,541,0.5028901734104047
<V3_ROOT>/07_AGGREGATE/CORE_541_DISTRIBUTION_V3.csv,data_row_1based:29614,A07,position_3d_rmse_m,D02_seed_01,0.11176674500227708,262,519,541,0.5048169556840078
<V3_ROOT>/07_AGGREGATE/CORE_541_DISTRIBUTION_V3.csv,data_row_1based:29615,A07,position_3d_rmse_m,D50_seed_06,0.11187951783266575,263,519,541,0.5067437379576107
<V3_ROOT>/07_AGGREGATE/CORE_541_DISTRIBUTION_V3.csv,data_row_1based:29616,A07,position_3d_rmse_m,D50_seed_04,0.11187995767938785,264,519,541,0.5086705202312138
<V3_ROOT>/07_AGGREGATE/CORE_541_DISTRIBUTION_V3.csv,data_row_1based:29617,A07,position_3d_rmse_m,D50_seed_05,0.11189274620930462,265,519,541,0.5105973025048169
<V3_ROOT>/07_AGGREGATE/CORE_541_DISTRIBUTION_V3.csv,data_row_1based:29618,A07,position_3d_rmse_m,D01_seed_05,0.11193208852398671,266,519,541,0.51252408477842
<V3_ROOT>/07_AGGREGATE/CORE_541_DISTRIBUTION_V3.csv,data_row_1based:29619,A07,position_3d_rmse_m,D50_seed_02,0.11195377425248675,267,519,541,0.5144508670520231
<V3_ROOT>/07_AGGREGATE/CORE_541_DISTRIBUTION_V3.csv,data_row_1based:29620,A07,position_3d_rmse_m,D38_seed_00,0.11197173474295476,268,519,541,0.5163776493256262
<V3_ROOT>/07_AGGREGATE/CORE_541_DISTRIBUTION_V3.csv,data_row_1based:29621,A07,position_3d_rmse_m,D58_seed_08,0.11199365485830313,269,519,541,0.5183044315992292
<V3_ROOT>/07_AGGREGATE/CORE_541_DISTRIBUTION_V3.csv,data_row_1based:29622,A07,position_3d_rmse_m,D03_seed_08,0.11199506524982479,270,519,541,0.5202312138728323
<V3_ROOT>/07_AGGREGATE/CORE_541_DISTRIBUTION_V3.csv,data_row_1based:29623,A07,position_3d_rmse_m,D49_seed_08,0.11206793588401735,271,519,541,0.5221579961464354
<V3_ROOT>/07_AGGREGATE/CORE_541_DISTRIBUTION_V3.csv,data_row_1based:29624,A07,position_3d_rmse_m,D49_seed_00,0.11208427003621271,272,519,541,0.5240847784200385
<V3_ROOT>/07_AGGREGATE/CORE_541_DISTRIBUTION_V3.csv,data_row_1based:29625,A07,position_3d_rmse_m,D58_seed_04,0.1121303971215809,273,519,541,0.5260115606936416
<V3_ROOT>/07_AGGREGATE/CORE_541_DISTRIBUTION_V3.csv,data_row_1based:29626,A07,position_3d_rmse_m,D03_seed_04,0.11213835177019915,274,519,541,0.5279383429672447
<V3_ROOT>/07_AGGREGATE/CORE_541_DISTRIBUTION_V3.csv,data_row_1based:29627,A07,position_3d_rmse_m,D49_seed_03,0.11215278973342312,275,519,541,0.5298651252408478
<V3_ROOT>/07_AGGREGATE/CORE_541_DISTRIBUTION_V3.csv,data_row_1based:29628,A07,position_3d_rmse_m,D07_seed_07,0.1121955101602414,276,519,541,0.5317919075144508
<V3_ROOT>/07_AGGREGATE/CORE_541_DISTRIBUTION_V3.csv,data_row_1based:29629,A07,position_3d_rmse_m,D07_seed_05,0.11220231724688762,277,519,541,0.5337186897880539
<V3_ROOT>/07_AGGREGATE/CORE_541_DISTRIBUTION_V3.csv,data_row_1based:29630,A07,position_3d_rmse_m,D07_seed_02,0.11221678017840338,278,519,541,0.535645472061657
<V3_ROOT>/07_AGGREGATE/CORE_541_DISTRIBUTION_V3.csv,data_row_1based:29631,A07,position_3d_rmse_m,D49_seed_04,0.11223112992981883,279,519,541,0.5375722543352601
<V3_ROOT>/07_AGGREGATE/CORE_541_DISTRIBUTION_V3.csv,data_row_1based:29632,A07,position_3d_rmse_m,D49_seed_01,0.11228185271883973,280,519,541,0.5394990366088632
<V3_ROOT>/07_AGGREGATE/CORE_541_DISTRIBUTION_V3.csv,data_row_1based:29633,A07,position_3d_rmse_m,D49_seed_02,0.11229291469574647,281,519,541,0.5414258188824663
<V3_ROOT>/07_AGGREGATE/CORE_541_DISTRIBUTION_V3.csv,data_row_1based:29634,A07,position_3d_rmse_m,D49_seed_05,0.11229604687919355,282,519,541,0.5433526011560693
<V3_ROOT>/07_AGGREGATE/CORE_541_DISTRIBUTION_V3.csv,data_row_1based:29635,A07,position_3d_rmse_m,D49_seed_06,0.11231003333673295,283,519,541,0.5452793834296724
<V3_ROOT>/07_AGGREGATE/CORE_541_DISTRIBUTION_V3.csv,data_row_1based:29636,A07,position_3d_rmse_m,D49_seed_07,0.11231235350076331,284,519,541,0.5472061657032755
<V3_ROOT>/07_AGGREGATE/CORE_541_DISTRIBUTION_V3.csv,data_row_1based:29637,A07,position_3d_rmse_m,D58_seed_00,0.11235350087660988,285,519,541,0.5491329479768786
<V3_ROOT>/07_AGGREGATE/CORE_541_DISTRIBUTION_V3.csv,data_row_1based:29638,A07,position_3d_rmse_m,D07_seed_00,0.11238202535255243,286,519,541,0.5510597302504817
<V3_ROOT>/07_AGGREGATE/CORE_541_DISTRIBUTION_V3.csv,data_row_1based:29639,A07,position_3d_rmse_m,D01_seed_04,0.11238843569950613,287,519,541,0.5529865125240848
<V3_ROOT>/07_AGGREGATE/CORE_541_DISTRIBUTION_V3.csv,data_row_1based:29640,A07,position_3d_rmse_m,D03_seed_00,0.11238903165442946,288,519,541,0.5549132947976878
<V3_ROOT>/07_AGGREGATE/CORE_541_DISTRIBUTION_V3.csv,data_row_1based:29641,A07,position_3d_rmse_m,D02_seed_05,0.11248682532831435,289,519,541,0.5568400770712909
<V3_ROOT>/07_AGGREGATE/CORE_541_DISTRIBUTION_V3.csv,data_row_1based:29642,A07,position_3d_rmse_m,D02_seed_04,0.11262977109970035,290,519,541,0.558766859344894
<V3_ROOT>/07_AGGREGATE/CORE_541_DISTRIBUTION_V3.csv,data_row_1based:29643,A07,position_3d_rmse_m,D07_seed_06,0.1127233879519728,291,519,541,0.5606936416184971
<V3_ROOT>/07_AGGREGATE/CORE_541_DISTRIBUTION_V3.csv,data_row_1based:29644,A07,position_3d_rmse_m,D03_seed_01,0.1127478112760937,292,519,541,0.5626204238921002
<V3_ROOT>/07_AGGREGATE/CORE_541_DISTRIBUTION_V3.csv,data_row_1based:29645,A07,position_3d_rmse_m,D58_seed_01,0.11275284987745937,293,519,541,0.5645472061657033
<V3_ROOT>/07_AGGREGATE/CORE_541_DISTRIBUTION_V3.csv,data_row_1based:29646,A07,position_3d_rmse_m,D24_seed_00,0.11286899590060323,294,519,541,0.5664739884393064
<V3_ROOT>/07_AGGREGATE/CORE_541_DISTRIBUTION_V3.csv,data_row_1based:29647,A07,position_3d_rmse_m,D24_seed_01,0.11286899590060323,295,519,541,0.5684007707129094
<V3_ROOT>/07_AGGREGATE/CORE_541_DISTRIBUTION_V3.csv,data_row_1based:29648,A07,position_3d_rmse_m,D24_seed_02,0.11286899590060323,296,519,541,0.5703275529865125
<V3_ROOT>/07_AGGREGATE/CORE_541_DISTRIBUTION_V3.csv,data_row_1based:29649,A07,position_3d_rmse_m,D24_seed_03,0.11286899590060323,297,519,541,0.5722543352601156
<V3_ROOT>/07_AGGREGATE/CORE_541_DISTRIBUTION_V3.csv,data_row_1based:29650,A07,position_3d_rmse_m,D24_seed_04,0.11286899590060323,298,519,541,0.5741811175337187
<V3_ROOT>/07_AGGREGATE/CORE_541_DISTRIBUTION_V3.csv,data_row_1based:29651,A07,position_3d_rmse_m,D24_seed_05,0.11286899590060323,299,519,541,0.5761078998073218
<V3_ROOT>/07_AGGREGATE/CORE_541_DISTRIBUTION_V3.csv,data_row_1based:29652,A07,position_3d_rmse_m,D24_seed_06,0.11286899590060323,300,519,541,0.5780346820809249
<V3_ROOT>/07_AGGREGATE/CORE_541_DISTRIBUTION_V3.csv,data_row_1based:29653,A07,position_3d_rmse_m,D24_seed_07,0.11286899590060323,301,519,541,0.5799614643545279
<V3_ROOT>/07_AGGREGATE/CORE_541_DISTRIBUTION_V3.csv,data_row_1based:29654,A07,position_3d_rmse_m,D24_seed_08,0.11286899590060323,302,519,541,0.581888246628131
<V3_ROOT>/07_AGGREGATE/CORE_541_DISTRIBUTION_V3.csv,data_row_1based:29655,A07,position_3d_rmse_m,D07_seed_03,0.11310814143052035,303,519,541,0.5838150289017341
<V3_ROOT>/07_AGGREGATE/CORE_541_DISTRIBUTION_V3.csv,data_row_1based:29656,A07,position_3d_rmse_m,D02_seed_06,0.1131494578258278,304,519,541,0.5857418111753372
<V3_ROOT>/07_AGGREGATE/CORE_541_DISTRIBUTION_V3.csv,data_row_1based:29657,A07,position_3d_rmse_m,D07_seed_04,0.1131744608681977,305,519,541,0.5876685934489403
<V3_ROOT>/07_AGGREGATE/CORE_541_DISTRIBUTION_V3.csv,data_row_1based:29658,A07,position_3d_rmse_m,D02_seed_03,0.1133695440637958,306,519,541,0.5895953757225434
<V3_ROOT>/07_AGGREGATE/CORE_541_DISTRIBUTION_V3.csv,data_row_1based:29659,A07,position_3d_rmse_m,D41_seed_08,0.11389053338269739,307,519,541,0.5915221579961464
<V3_ROOT>/07_AGGREGATE/CORE_541_DISTRIBUTION_V3.csv,data_row_1based:29660,A07,position_3d_rmse_m,D03_seed_05,0.11459160602798622,308,519,541,0.5934489402697495
<V3_ROOT>/07_AGGREGATE/CORE_541_DISTRIBUTION_V3.csv,data_row_1based:29661,A07,position_3d_rmse_m,D58_seed_05,0.11463251640173446,309,519,541,0.5953757225433526
<V3_ROOT>/07_AGGREGATE/CORE_541_DISTRIBUTION_V3.csv,data_row_1based:29662,A07,position_3d_rmse_m,D25_seed_00,0.11509585170880686,310,519,541,0.5973025048169557
<V3_ROOT>/07_AGGREGATE/CORE_541_DISTRIBUTION_V3.csv,data_row_1based:29663,A07,position_3d_rmse_m,D25_seed_01,0.11509585170880686,311,519,541,0.5992292870905588
<V3_ROOT>/07_AGGREGATE/CORE_541_DISTRIBUTION_V3.csv,data_row_1based:29664,A07,position_3d_rmse_m,D25_seed_02,0.11509585170880686,312,519,541,0.6011560693641619
<V3_ROOT>/07_AGGREGATE/CORE_541_DISTRIBUTION_V3.csv,data_row_1based:29665,A07,position_3d_rmse_m,D25_seed_03,0.11509585170880686,313,519,541,0.603082851637765
<V3_ROOT>/07_AGGREGATE/CORE_541_DISTRIBUTION_V3.csv,data_row_1based:29666,A07,position_3d_rmse_m,D25_seed_04,0.11509585170880686,314,519,541,0.605009633911368
<V3_ROOT>/07_AGGREGATE/CORE_541_DISTRIBUTION_V3.csv,data_row_1based:29667,A07,position_3d_rmse_m,D25_seed_05,0.11509585170880686,315,519,541,0.6069364161849711
<V3_ROOT>/07_AGGREGATE/CORE_541_DISTRIBUTION_V3.csv,data_row_1based:29668,A07,position_3d_rmse_m,D25_seed_06,0.11509585170880686,316,519,541,0.6088631984585742
<V3_ROOT>/07_AGGREGATE/CORE_541_DISTRIBUTION_V3.csv,data_row_1based:29669,A07,position_3d_rmse_m,D25_seed_07,0.11509585170880686,317,519,541,0.6107899807321773
<V3_ROOT>/07_AGGREGATE/CORE_541_DISTRIBUTION_V3.csv,data_row_1based:29670,A07,position_3d_rmse_m,D25_seed_08,0.11509585170880686,318,519,541,0.6127167630057804
<V3_ROOT>/07_AGGREGATE/CORE_541_DISTRIBUTION_V3.csv,data_row_1based:29671,A07,position_3d_rmse_m,D28_seed_00,0.11509585170880686,319,519,541,0.6146435452793835
<V3_ROOT>/07_AGGREGATE/CORE_541_DISTRIBUTION_V3.csv,data_row_1based:29672,A07,position_3d_rmse_m,D28_seed_01,0.11509585170880686,320,519,541,0.6165703275529865
<V3_ROOT>/07_AGGREGATE/CORE_541_DISTRIBUTION_V3.csv,data_row_1based:29673,A07,position_3d_rmse_m,D28_seed_02,0.11509585170880686,321,519,541,0.6184971098265896
<V3_ROOT>/07_AGGREGATE/CORE_541_DISTRIBUTION_V3.csv,data_row_1based:29674,A07,position_3d_rmse_m,D28_seed_03,0.11509585170880686,322,519,541,0.6204238921001927
<V3_ROOT>/07_AGGREGATE/CORE_541_DISTRIBUTION_V3.csv,data_row_1based:29675,A07,position_3d_rmse_m,D28_seed_04,0.11509585170880686,323,519,541,0.6223506743737958
<V3_ROOT>/07_AGGREGATE/CORE_541_DISTRIBUTION_V3.csv,data_row_1based:29676,A07,position_3d_rmse_m,D28_seed_05,0.11509585170880686,324,519,541,0.6242774566473989
<V3_ROOT>/07_AGGREGATE/CORE_541_DISTRIBUTION_V3.csv,data_row_1based:29677,A07,position_3d_rmse_m,D28_seed_06,0.11509585170880686,325,519,541,0.626204238921002
<V3_ROOT>/07_AGGREGATE/CORE_541_DISTRIBUTION_V3.csv,data_row_1based:29678,A07,position_3d_rmse_m,D28_seed_07,0.11509585170880686,326,519,541,0.628131021194605
<V3_ROOT>/07_AGGREGATE/CORE_541_DISTRIBUTION_V3.csv,data_row_1based:29679,A07,position_3d_rmse_m,D28_seed_08,0.11509585170880686,327,519,541,0.630057803468208
<V3_ROOT>/07_AGGREGATE/CORE_541_DISTRIBUTION_V3.csv,data_row_1based:29680,A07,position_3d_rmse_m,D58_seed_03,0.1156859852781702,328,519,541,0.6319845857418112
<V3_ROOT>/07_AGGREGATE/CORE_541_DISTRIBUTION_V3.csv,data_row_1based:29681,A07,position_3d_rmse_m,D03_seed_03,0.11571224278475384,329,519,541,0.6339113680154143
<V3_ROOT>/07_AGGREGATE/CORE_541_DISTRIBUTION_V3.csv,data_row_1based:29682,A07,position_3d_rmse_m,D11_seed_04,0.11628326179447517,330,519,541,0.6358381502890174
<V3_ROOT>/07_AGGREGATE/CORE_541_DISTRIBUTION_V3.csv,data_row_1based:29683,A07,position_3d_rmse_m,D11_seed_07,0.11646983290549344,331,519,541,0.6377649325626205
<V3_ROOT>/07_AGGREGATE/CORE_541_DISTRIBUTION_V3.csv,data_row_1based:29684,A07,position_3d_rmse_m,D11_seed_05,0.11659275223992702,332,519,541,0.6396917148362236
<V3_ROOT>/07_AGGREGATE/CORE_541_DISTRIBUTION_V3.csv,data_row_1based:29685,A07,position_3d_rmse_m,D11_seed_02,0.11666991803675743,333,519,541,0.6416184971098265
<V3_ROOT>/07_AGGREGATE/CORE_541_DISTRIBUTION_V3.csv,data_row_1based:29686,A07,position_3d_rmse_m,D11_seed_08,0.11714382653572011,334,519,541,0.6435452793834296
<V3_ROOT>/07_AGGREGATE/CORE_541_DISTRIBUTION_V3.csv,data_row_1based:29687,A07,position_3d_rmse_m,D11_seed_03,0.11749405877203732,335,519,541,0.6454720616570327
<V3_ROOT>/07_AGGREGATE/CORE_541_DISTRIBUTION_V3.csv,data_row_1based:29688,A07,position_3d_rmse_m,D11_seed_06,0.1175107663827735,336,519,541,0.6473988439306358
<V3_ROOT>/07_AGGREGATE/CORE_541_DISTRIBUTION_V3.csv,data_row_1based:29689,A07,position_3d_rmse_m,D11_seed_01,0.11759868407664029,337,519,541,0.649325626204239
<V3_ROOT>/07_AGGREGATE/CORE_541_DISTRIBUTION_V3.csv,data_row_1based:29690,A07,position_3d_rmse_m,D11_seed_00,0.11779866156147563,338,519,541,0.651252408477842
<V3_ROOT>/07_AGGREGATE/CORE_541_DISTRIBUTION_V3.csv,data_row_1based:29691,A07,position_3d_rmse_m,D03_seed_07,0.11795702795576031,339,519,541,0.653179190751445
<V3_ROOT>/07_AGGREGATE/CORE_541_DISTRIBUTION_V3.csv,data_row_1based:29692,A07,position_3d_rmse_m,D58_seed_07,0.11796277141134373,340,519,541,0.6551059730250481
<V3_ROOT>/07_AGGREGATE/CORE_541_DISTRIBUTION_V3.csv,data_row_1based:29693,A07,position_3d_rmse_m,D43_seed_00,0.1180125295765054,341,519,541,0.6570327552986512
<V3_ROOT>/07_AGGREGATE/CORE_541_DISTRIBUTION_V3.csv,data_row_1based:29694,A07,position_3d_rmse_m,D04_seed_01,0.11910694667529448,342,519,541,0.6589595375722543
<V3_ROOT>/07_AGGREGATE/CORE_541_DISTRIBUTION_V3.csv,data_row_1based:29695,A07,position_3d_rmse_m,D43_seed_01,0.11924517537428479,343,519,541,0.6608863198458574
<V3_ROOT>/07_AGGREGATE/CORE_541_DISTRIBUTION_V3.csv,data_row_1based:29696,A07,position_3d_rmse_m,D58_seed_02,0.11930137445485405,344,519,541,0.6628131021194605
<V3_ROOT>/07_AGGREGATE/CORE_541_DISTRIBUTION_V3.csv,data_row_1based:29697,A07,position_3d_rmse_m,D43_seed_03,0.11932173968402215,345,519,541,0.6647398843930635
<V3_ROOT>/07_AGGREGATE/CORE_541_DISTRIBUTION_V3.csv,data_row_1based:29698,A07,position_3d_rmse_m,D03_seed_02,0.11932721571362948,346,519,541,0.6666666666666666
<V3_ROOT>/07_AGGREGATE/CORE_541_DISTRIBUTION_V3.csv,data_row_1based:29699,A07,position_3d_rmse_m,D43_seed_02,0.11975337769566452,347,519,541,0.6685934489402697
<V3_ROOT>/07_AGGREGATE/CORE_541_DISTRIBUTION_V3.csv,data_row_1based:29700,A07,position_3d_rmse_m,D43_seed_06,0.12014393112428123,348,519,541,0.6705202312138728
<V3_ROOT>/07_AGGREGATE/CORE_541_DISTRIBUTION_V3.csv,data_row_1based:29701,A07,position_3d_rmse_m,D43_seed_05,0.12022052780089934,349,519,541,0.6724470134874759
<V3_ROOT>/07_AGGREGATE/CORE_541_DISTRIBUTION_V3.csv,data_row_1based:29702,A07,position_3d_rmse_m,D43_seed_04,0.12023282928650014,350,519,541,0.674373795761079
<V3_ROOT>/07_AGGREGATE/CORE_541_DISTRIBUTION_V3.csv,data_row_1based:29703,A07,position_3d_rmse_m,D43_seed_07,0.12131171769409711,351,519,541,0.6763005780346821
<V3_ROOT>/07_AGGREGATE/CORE_541_DISTRIBUTION_V3.csv,data_row_1based:29704,A07,position_3d_rmse_m,D43_seed_08,0.12156139836580178,352,519,541,0.6782273603082851
<V3_ROOT>/07_AGGREGATE/CORE_541_DISTRIBUTION_V3.csv,data_row_1based:29705,A07,position_3d_rmse_m,D41_seed_06,0.12180338220411847,353,519,541,0.6801541425818882
<V3_ROOT>/07_AGGREGATE/CORE_541_DISTRIBUTION_V3.csv,data_row_1based:29706,A07,position_3d_rmse_m,D04_seed_04,0.12270763065992903,354,519,541,0.6820809248554913
<V3_ROOT>/07_AGGREGATE/CORE_541_DISTRIBUTION_V3.csv,data_row_1based:29707,A07,position_3d_rmse_m,D04_seed_07,0.12376597284121198,355,519,541,0.6840077071290944
<V3_ROOT>/07_AGGREGATE/CORE_541_DISTRIBUTION_V3.csv,data_row_1based:29708,A07,position_3d_rmse_m,D04_seed_08,0.12448068742816759,356,519,541,0.6859344894026975
<V3_ROOT>/07_AGGREGATE/CORE_541_DISTRIBUTION_V3.csv,data_row_1based:29709,A07,position_3d_rmse_m,D45_seed_00,0.1261733804437334,357,519,541,0.6878612716763006
<V3_ROOT>/07_AGGREGATE/CORE_541_DISTRIBUTION_V3.csv,data_row_1based:29710,A07,position_3d_rmse_m,D45_seed_01,0.12778888026756044,358,519,541,0.6897880539499036
<V3_ROOT>/07_AGGREGATE/CORE_541_DISTRIBUTION_V3.csv,data_row_1based:29711,A07,position_3d_rmse_m,D45_seed_03,0.128432582609988,359,519,541,0.6917148362235067
<V3_ROOT>/07_AGGREGATE/CORE_541_DISTRIBUTION_V3.csv,data_row_1based:29712,A07,position_3d_rmse_m,D05_seed_03,0.12861181121289064,360,519,541,0.6936416184971098
<V3_ROOT>/07_AGGREGATE/CORE_541_DISTRIBUTION_V3.csv,data_row_1based:29713,A07,position_3d_rmse_m,D45_seed_02,0.12875825396461024,361,519,541,0.6955684007707129
<V3_ROOT>/07_AGGREGATE/CORE_541_DISTRIBUTION_V3.csv,data_row_1based:29714,A07,position_3d_rmse_m,D45_seed_06,0.12932594218431617,362,519,541,0.697495183044316
<V3_ROOT>/07_AGGREGATE/CORE_541_DISTRIBUTION_V3.csv,data_row_1based:29715,A07,position_3d_rmse_m,D03_seed_06,0.12934053215513033,363,519,541,0.6994219653179191
<V3_ROOT>/07_AGGREGATE/CORE_541_DISTRIBUTION_V3.csv,data_row_1based:29716,A07,position_3d_rmse_m,D58_seed_06,0.12937621737807456,364,519,541,0.7013487475915221
<V3_ROOT>/07_AGGREGATE/CORE_541_DISTRIBUTION_V3.csv,data_row_1based:29717,A07,position_3d_rmse_m,D45_seed_05,0.12952279279232082,365,519,541,0.7032755298651252
<V3_ROOT>/07_AGGREGATE/CORE_541_DISTRIBUTION_V3.csv,data_row_1based:29718,A07,position_3d_rmse_m,D45_seed_04,0.1298641144672929,366,519,541,0.7052023121387283
<V3_ROOT>/07_AGGREGATE/CORE_541_DISTRIBUTION_V3.csv,data_row_1based:29719,A07,position_3d_rmse_m,D04_seed_00,0.13041227635108005,367,519,541,0.7071290944123314
<V3_ROOT>/07_AGGREGATE/CORE_541_DISTRIBUTION_V3.csv,data_row_1based:29720,A07,position_3d_rmse_m,D45_seed_07,0.13139908012722265,368,519,541,0.7090558766859345
<V3_ROOT>/07_AGGREGATE/CORE_541_DISTRIBUTION_V3.csv,data_row_1based:29721,A07,position_3d_rmse_m,D45_seed_08,0.1319776725572788,369,519,541,0.7109826589595376
<V3_ROOT>/07_AGGREGATE/CORE_541_DISTRIBUTION_V3.csv,data_row_1based:29722,A07,position_3d_rmse_m,D09_seed_01,0.1329607047963285,370,519,541,0.7129094412331407
<V3_ROOT>/07_AGGREGATE/CORE_541_DISTRIBUTION_V3.csv,data_row_1based:29723,A07,position_3d_rmse_m,D09_seed_02,0.1329607047963285,371,519,541,0.7148362235067437
<V3_ROOT>/07_AGGREGATE/CORE_541_DISTRIBUTION_V3.csv,data_row_1based:29724,A07,position_3d_rmse_m,D09_seed_03,0.1329607047963285,372,519,541,0.7167630057803468
<V3_ROOT>/07_AGGREGATE/CORE_541_DISTRIBUTION_V3.csv,data_row_1based:29725,A07,position_3d_rmse_m,D09_seed_04,0.1329607047963285,373,519,541,0.7186897880539499
<V3_ROOT>/07_AGGREGATE/CORE_541_DISTRIBUTION_V3.csv,data_row_1based:29726,A07,position_3d_rmse_m,D09_seed_05,0.1329607047963285,374,519,541,0.720616570327553
<V3_ROOT>/07_AGGREGATE/CORE_541_DISTRIBUTION_V3.csv,data_row_1based:29727,A07,position_3d_rmse_m,D09_seed_06,0.1329607047963285,375,519,541,0.7225433526011561
<V3_ROOT>/07_AGGREGATE/CORE_541_DISTRIBUTION_V3.csv,data_row_1based:29728,A07,position_3d_rmse_m,D09_seed_07,0.1329607047963285,376,519,541,0.7244701348747592
<V3_ROOT>/07_AGGREGATE/CORE_541_DISTRIBUTION_V3.csv,data_row_1based:29729,A07,position_3d_rmse_m,D09_seed_08,0.1329607047963285,377,519,541,0.7263969171483622
<V3_ROOT>/07_AGGREGATE/CORE_541_DISTRIBUTION_V3.csv,data_row_1based:29730,A07,position_3d_rmse_m,D09_seed_00,0.13316238707204106,378,519,541,0.7283236994219653
<V3_ROOT>/07_AGGREGATE/CORE_541_DISTRIBUTION_V3.csv,data_row_1based:29731,A07,position_3d_rmse_m,D04_seed_05,0.1340806109104647,379,519,541,0.7302504816955684
<V3_ROOT>/07_AGGREGATE/CORE_541_DISTRIBUTION_V3.csv,data_row_1based:29732,A07,position_3d_rmse_m,D05_seed_05,0.13471999008260804,380,519,541,0.7321772639691715
<V3_ROOT>/07_AGGREGATE/CORE_541_DISTRIBUTION_V3.csv,data_row_1based:29733,A07,position_3d_rmse_m,D04_seed_03,0.1373546095526503,381,519,541,0.7341040462427746
<V3_ROOT>/07_AGGREGATE/CORE_541_DISTRIBUTION_V3.csv,data_row_1based:29734,A07,position_3d_rmse_m,D12_seed_05,0.14231259022725584,382,519,541,0.7360308285163777
<V3_ROOT>/07_AGGREGATE/CORE_541_DISTRIBUTION_V3.csv,data_row_1based:29735,A07,position_3d_rmse_m,D12_seed_08,0.14503820651558208,383,519,541,0.7379576107899807
<V3_ROOT>/07_AGGREGATE/CORE_541_DISTRIBUTION_V3.csv,data_row_1based:29736,A07,position_3d_rmse_m,D12_seed_07,0.14532051633310827,384,519,541,0.7398843930635838
<V3_ROOT>/07_AGGREGATE/CORE_541_DISTRIBUTION_V3.csv,data_row_1based:29737,A07,position_3d_rmse_m,D05_seed_08,0.14556897048587628,385,519,541,0.7418111753371869
<V3_ROOT>/07_AGGREGATE/CORE_541_DISTRIBUTION_V3.csv,data_row_1based:29738,A07,position_3d_rmse_m,D12_seed_06,0.1459931762889675,386,519,541,0.74373795761079
<V3_ROOT>/07_AGGREGATE/CORE_541_DISTRIBUTION_V3.csv,data_row_1based:29739,A07,position_3d_rmse_m,D12_seed_04,0.1475336765427197,387,519,541,0.7456647398843931
<V3_ROOT>/07_AGGREGATE/CORE_541_DISTRIBUTION_V3.csv,data_row_1based:29740,A07,position_3d_rmse_m,D12_seed_03,0.14889330853117716,388,519,541,0.7475915221579962
<V3_ROOT>/07_AGGREGATE/CORE_541_DISTRIBUTION_V3.csv,data_row_1based:29741,A07,position_3d_rmse_m,D12_seed_00,0.14948618396855054,389,519,541,0.7495183044315993
<V3_ROOT>/07_AGGREGATE/CORE_541_DISTRIBUTION_V3.csv,data_row_1based:29742,A07,position_3d_rmse_m,D12_seed_02,0.15096257342290553,390,519,541,0.7514450867052023
<V3_ROOT>/07_AGGREGATE/CORE_541_DISTRIBUTION_V3.csv,data_row_1based:29743,A07,position_3d_rmse_m,D04_seed_02,0.15279483571179234,391,519,541,0.7533718689788054
<V3_ROOT>/07_AGGREGATE/CORE_541_DISTRIBUTION_V3.csv,data_row_1based:29744,A07,position_3d_rmse_m,D12_seed_01,0.15827966794623158,392,519,541,0.7552986512524085
<V3_ROOT>/07_AGGREGATE/CORE_541_DISTRIBUTION_V3.csv,data_row_1based:29745,A07,position_3d_rmse_m,D05_seed_00,0.16539359110524626,393,519,541,0.7572254335260116
<V3_ROOT>/07_AGGREGATE/CORE_541_DISTRIBUTION_V3.csv,data_row_1based:29746,A07,position_3d_rmse_m,D04_seed_06,0.17208303279120726,394,519,541,0.7591522157996147
<V3_ROOT>/07_AGGREGATE/CORE_541_DISTRIBUTION_V3.csv,data_row_1based:29747,A07,position_3d_rmse_m,D05_seed_04,0.17714950033113164,395,519,541,0.7610789980732178
<V3_ROOT>/07_AGGREGATE/CORE_541_DISTRIBUTION_V3.csv,data_row_1based:29748,A07,position_3d_rmse_m,D10_seed_01,0.21786712692760854,396,519,541,0.7630057803468208
<V3_ROOT>/07_AGGREGATE/CORE_541_DISTRIBUTION_V3.csv,data_row_1based:29749,A07,position_3d_rmse_m,D10_seed_02,0.21786712692760854,397,519,541,0.7649325626204239
<V3_ROOT>/07_AGGREGATE/CORE_541_DISTRIBUTION_V3.csv,data_row_1based:29750,A07,position_3d_rmse_m,D10_seed_03,0.21786712692760854,398,519,541,0.766859344894027
<V3_ROOT>/07_AGGREGATE/CORE_541_DISTRIBUTION_V3.csv,data_row_1based:29751,A07,position_3d_rmse_m,D10_seed_04,0.21786712692760854,399,519,541,0.7687861271676301
<V3_ROOT>/07_AGGREGATE/CORE_541_DISTRIBUTION_V3.csv,data_row_1based:29752,A07,position_3d_rmse_m,D10_seed_05,0.21786712692760854,400,519,541,0.7707129094412332
<V3_ROOT>/07_AGGREGATE/CORE_541_DISTRIBUTION_V3.csv,data_row_1based:29753,A07,position_3d_rmse_m,D10_seed_06,0.21786712692760854,401,519,541,0.7726396917148363
<V3_ROOT>/07_AGGREGATE/CORE_541_DISTRIBUTION_V3.csv,data_row_1based:29754,A07,position_3d_rmse_m,D10_seed_07,0.21786712692760854,402,519,541,0.7745664739884393
<V3_ROOT>/07_AGGREGATE/CORE_541_DISTRIBUTION_V3.csv,data_row_1based:29755,A07,position_3d_rmse_m,D10_seed_08,0.21786712692760854,403,519,541,0.7764932562620424
<V3_ROOT>/07_AGGREGATE/CORE_541_DISTRIBUTION_V3.csv,data_row_1based:29756,A07,position_3d_rmse_m,D10_seed_00,0.22140302416520977,404,519,541,0.7784200385356455
<V3_ROOT>/07_AGGREGATE/CORE_541_DISTRIBUTION_V3.csv,data_row_1based:29757,A07,position_3d_rmse_m,D05_seed_01,0.2498924647222993,405,519,541,0.7803468208092486
<V3_ROOT>/07_AGGREGATE/CORE_541_DISTRIBUTION_V3.csv,data_row_1based:29758,A07,position_3d_rmse_m,D05_seed_02,0.2622872745498475,406,519,541,0.7822736030828517
<V3_ROOT>/07_AGGREGATE/CORE_541_DISTRIBUTION_V3.csv,data_row_1based:29759,A07,position_3d_rmse_m,D20_seed_02,0.2634480086578555,407,519,541,0.7842003853564548
<V3_ROOT>/07_AGGREGATE/CORE_541_DISTRIBUTION_V3.csv,data_row_1based:29760,A07,position_3d_rmse_m,D20_seed_05,0.2634726955604665,408,519,541,0.7861271676300579
<V3_ROOT>/07_AGGREGATE/CORE_541_DISTRIBUTION_V3.csv,data_row_1based:29761,A07,position_3d_rmse_m,D20_seed_07,0.26503705079175666,409,519,541,0.7880539499036608
<V3_ROOT>/07_AGGREGATE/CORE_541_DISTRIBUTION_V3.csv,data_row_1based:29762,A07,position_3d_rmse_m,D20_seed_00,0.26807646302083615,410,519,541,0.789980732177264
<V3_ROOT>/07_AGGREGATE/CORE_541_DISTRIBUTION_V3.csv,data_row_1based:29763,A07,position_3d_rmse_m,D20_seed_03,0.27133326549029096,411,519,541,0.791907514450867
<V3_ROOT>/07_AGGREGATE/CORE_541_DISTRIBUTION_V3.csv,data_row_1based:29764,A07,position_3d_rmse_m,D20_seed_08,0.2742098643360777,412,519,541,0.7938342967244701
<V3_ROOT>/07_AGGREGATE/CORE_541_DISTRIBUTION_V3.csv,data_row_1based:29765,A07,position_3d_rmse_m,D20_seed_06,0.2759083531334623,413,519,541,0.7957610789980732
<V3_ROOT>/07_AGGREGATE/CORE_541_DISTRIBUTION_V3.csv,data_row_1based:29766,A07,position_3d_rmse_m,D20_seed_04,0.2772235220772251,414,519,541,0.7976878612716763
<V3_ROOT>/07_AGGREGATE/CORE_541_DISTRIBUTION_V3.csv,data_row_1based:29767,A07,position_3d_rmse_m,D20_seed_01,0.27910192837881326,415,519,541,0.7996146435452793
<V3_ROOT>/07_AGGREGATE/CORE_541_DISTRIBUTION_V3.csv,data_row_1based:29768,A07,position_3d_rmse_m,D05_seed_07,0.3965758300586987,416,519,541,0.8015414258188824
<V3_ROOT>/07_AGGREGATE/CORE_541_DISTRIBUTION_V3.csv,data_row_1based:29769,A07,position_3d_rmse_m,D21_seed_02,0.6974528881776731,417,519,541,0.8034682080924855
<V3_ROOT>/07_AGGREGATE/CORE_541_DISTRIBUTION_V3.csv,data_row_1based:29770,A07,position_3d_rmse_m,D21_seed_05,0.7084776626120664,418,519,541,0.8053949903660886
<V3_ROOT>/07_AGGREGATE/CORE_541_DISTRIBUTION_V3.csv,data_row_1based:29771,A07,position_3d_rmse_m,D21_seed_04,0.7085724425211215,419,519,541,0.8073217726396917
<V3_ROOT>/07_AGGREGATE/CORE_541_DISTRIBUTION_V3.csv,data_row_1based:29772,A07,position_3d_rmse_m,D21_seed_00,0.7247538641727128,420,519,541,0.8092485549132948
<V3_ROOT>/07_AGGREGATE/CORE_541_DISTRIBUTION_V3.csv,data_row_1based:29773,A07,position_3d_rmse_m,D21_seed_08,0.7392953492697546,421,519,541,0.8111753371868978
<V3_ROOT>/07_AGGREGATE/CORE_541_DISTRIBUTION_V3.csv,data_row_1based:29774,A07,position_3d_rmse_m,D21_seed_01,0.7425706042709559,422,519,541,0.8131021194605009
<V3_ROOT>/07_AGGREGATE/CORE_541_DISTRIBUTION_V3.csv,data_row_1based:29775,A07,position_3d_rmse_m,D21_seed_07,0.7465069867641438,423,519,541,0.815028901734104
<V3_ROOT>/07_AGGREGATE/CORE_541_DISTRIBUTION_V3.csv,data_row_1based:29776,A07,position_3d_rmse_m,D21_seed_06,0.7531330249814017,424,519,541,0.8169556840077071
<V3_ROOT>/07_AGGREGATE/CORE_541_DISTRIBUTION_V3.csv,data_row_1based:29777,A07,position_3d_rmse_m,D21_seed_03,0.7628476658278271,425,519,541,0.8188824662813102
<V3_ROOT>/07_AGGREGATE/CORE_541_DISTRIBUTION_V3.csv,data_row_1based:29778,A07,position_3d_rmse_m,D22_seed_08,1.007094142076105,426,519,541,0.8208092485549133
<V3_ROOT>/07_AGGREGATE/CORE_541_DISTRIBUTION_V3.csv,data_row_1based:29779,A07,position_3d_rmse_m,D22_seed_01,1.010294356265188,427,519,541,0.8227360308285164
<V3_ROOT>/07_AGGREGATE/CORE_541_DISTRIBUTION_V3.csv,data_row_1based:29780,A07,position_3d_rmse_m,D13_seed_00,1.1305616568041446,428,519,541,0.8246628131021194
<V3_ROOT>/07_AGGREGATE/CORE_541_DISTRIBUTION_V3.csv,data_row_1based:29781,A07,position_3d_rmse_m,D13_seed_07,1.1359212257572069,429,519,541,0.8265895953757225
<V3_ROOT>/07_AGGREGATE/CORE_541_DISTRIBUTION_V3.csv,data_row_1based:29782,A07,position_3d_rmse_m,D13_seed_03,1.1458664397678424,430,519,541,0.8285163776493256
<V3_ROOT>/07_AGGREGATE/CORE_541_DISTRIBUTION_V3.csv,data_row_1based:29783,A07,position_3d_rmse_m,D13_seed_01,1.1539492348073055,431,519,541,0.8304431599229287
<V3_ROOT>/07_AGGREGATE/CORE_541_DISTRIBUTION_V3.csv,data_row_1based:29784,A07,position_3d_rmse_m,D22_seed_07,1.1569282912712828,432,519,541,0.8323699421965318
<V3_ROOT>/07_AGGREGATE/CORE_541_DISTRIBUTION_V3.csv,data_row_1based:29785,A07,position_3d_rmse_m,D13_seed_06,1.1603736659991692,433,519,541,0.8342967244701349
<V3_ROOT>/07_AGGREGATE/CORE_541_DISTRIBUTION_V3.csv,data_row_1based:29786,A07,position_3d_rmse_m,D13_seed_08,1.1614393292167597,434,519,541,0.8362235067437379
<V3_ROOT>/07_AGGREGATE/CORE_541_DISTRIBUTION_V3.csv,data_row_1based:29787,A07,position_3d_rmse_m,D13_seed_05,1.1619163472075282,435,519,541,0.838150289017341
<V3_ROOT>/07_AGGREGATE/CORE_541_DISTRIBUTION_V3.csv,data_row_1based:29788,A07,position_3d_rmse_m,D22_seed_05,1.164966370543496,436,519,541,0.8400770712909441
<V3_ROOT>/07_AGGREGATE/CORE_541_DISTRIBUTION_V3.csv,data_row_1based:29789,A07,position_3d_rmse_m,D22_seed_02,1.1660932482103388,437,519,541,0.8420038535645472
<V3_ROOT>/07_AGGREGATE/CORE_541_DISTRIBUTION_V3.csv,data_row_1based:29790,A07,position_3d_rmse_m,D13_seed_02,1.1683395577973115,438,519,541,0.8439306358381503
<V3_ROOT>/07_AGGREGATE/CORE_541_DISTRIBUTION_V3.csv,data_row_1based:29791,A07,position_3d_rmse_m,D22_seed_03,1.1699419616424809,439,519,541,0.8458574181117534
<V3_ROOT>/07_AGGREGATE/CORE_541_DISTRIBUTION_V3.csv,data_row_1based:29792,A07,position_3d_rmse_m,D13_seed_04,1.1832360847848244,440,519,541,0.8477842003853564
<V3_ROOT>/07_AGGREGATE/CORE_541_DISTRIBUTION_V3.csv,data_row_1based:29793,A07,position_3d_rmse_m,D22_seed_04,1.272992313432446,441,519,541,0.8497109826589595
<V3_ROOT>/07_AGGREGATE/CORE_541_DISTRIBUTION_V3.csv,data_row_1based:29794,A07,position_3d_rmse_m,D16_seed_00,1.561691186281405,442,519,541,0.8516377649325626
<V3_ROOT>/07_AGGREGATE/CORE_541_DISTRIBUTION_V3.csv,data_row_1based:29795,A07,position_3d_rmse_m,D16_seed_01,1.5657472286871792,443,519,541,0.8535645472061657
<V3_ROOT>/07_AGGREGATE/CORE_541_DISTRIBUTION_V3.csv,data_row_1based:29796,A07,position_3d_rmse_m,D16_seed_07,1.5769959383752952,444,519,541,0.8554913294797688
<V3_ROOT>/07_AGGREGATE/CORE_541_DISTRIBUTION_V3.csv,data_row_1based:29797,A07,position_3d_rmse_m,D16_seed_02,1.5798564742670493,445,519,541,0.8574181117533719
<V3_ROOT>/07_AGGREGATE/CORE_541_DISTRIBUTION_V3.csv,data_row_1based:29798,A07,position_3d_rmse_m,D16_seed_08,1.5912922406131018,446,519,541,0.859344894026975
<V3_ROOT>/07_AGGREGATE/CORE_541_DISTRIBUTION_V3.csv,data_row_1based:29799,A07,position_3d_rmse_m,D16_seed_05,1.596673523406209,447,519,541,0.861271676300578
<V3_ROOT>/07_AGGREGATE/CORE_541_DISTRIBUTION_V3.csv,data_row_1based:29800,A07,position_3d_rmse_m,D16_seed_04,1.597142570739098,448,519,541,0.8631984585741811
<V3_ROOT>/07_AGGREGATE/CORE_541_DISTRIBUTION_V3.csv,data_row_1based:29801,A07,position_3d_rmse_m,D16_seed_06,1.6060707729361532,449,519,541,0.8651252408477842
<V3_ROOT>/07_AGGREGATE/CORE_541_DISTRIBUTION_V3.csv,data_row_1based:29802,A07,position_3d_rmse_m,D16_seed_03,1.6109523420926388,450,519,541,0.8670520231213873
<V3_ROOT>/07_AGGREGATE/CORE_541_DISTRIBUTION_V3.csv,data_row_1based:29803,A07,position_3d_rmse_m,D60_seed_03,1.757609502577307,451,519,541,0.8689788053949904
<V3_ROOT>/07_AGGREGATE/CORE_541_DISTRIBUTION_V3.csv,data_row_1based:29804,A07,position_3d_rmse_m,D18_seed_01,1.7944368609820038,452,519,541,0.8709055876685935
<V3_ROOT>/07_AGGREGATE/CORE_541_DISTRIBUTION_V3.csv,data_row_1based:29805,A07,position_3d_rmse_m,D18_seed_00,1.803653256832474,453,519,541,0.8728323699421965
<V3_ROOT>/07_AGGREGATE/CORE_541_DISTRIBUTION_V3.csv,data_row_1based:29806,A07,position_3d_rmse_m,D18_seed_02,1.8147896850093819,454,519,541,0.8747591522157996
<V3_ROOT>/07_AGGREGATE/CORE_541_DISTRIBUTION_V3.csv,data_row_1based:29807,A07,position_3d_rmse_m,D18_seed_07,1.820264124398399,455,519,541,0.8766859344894027
<V3_ROOT>/07_AGGREGATE/CORE_541_DISTRIBUTION_V3.csv,data_row_1based:29808,A07,position_3d_rmse_m,D60_seed_05,1.8285056091485108,456,519,541,0.8786127167630058
<V3_ROOT>/07_AGGREGATE/CORE_541_DISTRIBUTION_V3.csv,data_row_1based:29809,A07,position_3d_rmse_m,D18_seed_05,1.841986331823546,457,519,541,0.8805394990366089
<V3_ROOT>/07_AGGREGATE/CORE_541_DISTRIBUTION_V3.csv,data_row_1based:29810,A07,position_3d_rmse_m,D18_seed_08,1.8421590842892326,458,519,541,0.882466281310212
<V3_ROOT>/07_AGGREGATE/CORE_541_DISTRIBUTION_V3.csv,data_row_1based:29811,A07,position_3d_rmse_m,D18_seed_04,1.842862133770285,459,519,541,0.884393063583815
<V3_ROOT>/07_AGGREGATE/CORE_541_DISTRIBUTION_V3.csv,data_row_1based:29812,A07,position_3d_rmse_m,D18_seed_06,1.8483093362403191,460,519,541,0.8863198458574181
<V3_ROOT>/07_AGGREGATE/CORE_541_DISTRIBUTION_V3.csv,data_row_1based:29813,A07,position_3d_rmse_m,D18_seed_03,1.8586816141702542,461,519,541,0.8882466281310212
<V3_ROOT>/07_AGGREGATE/CORE_541_DISTRIBUTION_V3.csv,data_row_1based:29814,A07,position_3d_rmse_m,D60_seed_07,1.9392409636191137,462,519,541,0.8901734104046243
<V3_ROOT>/07_AGGREGATE/CORE_541_DISTRIBUTION_V3.csv,data_row_1based:29815,A07,position_3d_rmse_m,D05_seed_06,1.9932278397826724,463,519,541,0.8921001926782274
<V3_ROOT>/07_AGGREGATE/CORE_541_DISTRIBUTION_V3.csv,data_row_1based:29816,A07,position_3d_rmse_m,D60_seed_06,2.001130617476428,464,519,541,0.8940269749518305
<V3_ROOT>/07_AGGREGATE/CORE_541_DISTRIBUTION_V3.csv,data_row_1based:29817,A07,position_3d_rmse_m,D19_seed_05,2.0177863392783775,465,519,541,0.8959537572254336
<V3_ROOT>/07_AGGREGATE/CORE_541_DISTRIBUTION_V3.csv,data_row_1based:29818,A07,position_3d_rmse_m,D19_seed_03,2.0208167438251734,466,519,541,0.8978805394990366
<V3_ROOT>/07_AGGREGATE/CORE_541_DISTRIBUTION_V3.csv,data_row_1based:29819,A07,position_3d_rmse_m,D19_seed_01,2.021640451495136,467,519,541,0.8998073217726397
<V3_ROOT>/07_AGGREGATE/CORE_541_DISTRIBUTION_V3.csv,data_row_1based:29820,A07,position_3d_rmse_m,D19_seed_06,2.0303800133771195,468,519,541,0.9017341040462428
<V3_ROOT>/07_AGGREGATE/CORE_541_DISTRIBUTION_V3.csv,data_row_1based:29821,A07,position_3d_rmse_m,D19_seed_08,2.0342999471670917,469,519,541,0.9036608863198459
<V3_ROOT>/07_AGGREGATE/CORE_541_DISTRIBUTION_V3.csv,data_row_1based:29822,A07,position_3d_rmse_m,D19_seed_04,2.041570203142055,470,519,541,0.905587668593449
<V3_ROOT>/07_AGGREGATE/CORE_541_DISTRIBUTION_V3.csv,data_row_1based:29823,A07,position_3d_rmse_m,D19_seed_00,2.0434922839533214,471,519,541,0.9075144508670521
<V3_ROOT>/07_AGGREGATE/CORE_541_DISTRIBUTION_V3.csv,data_row_1based:29824,A07,position_3d_rmse_m,D19_seed_02,2.044699507141762,472,519,541,0.9094412331406551
<V3_ROOT>/07_AGGREGATE/CORE_541_DISTRIBUTION_V3.csv,data_row_1based:29825,A07,position_3d_rmse_m,D19_seed_07,2.0482678088247885,473,519,541,0.9113680154142582
<V3_ROOT>/07_AGGREGATE/CORE_541_DISTRIBUTION_V3.csv,data_row_1based:29826,A07,position_3d_rmse_m,D60_seed_08,2.0974784180090404,474,519,541,0.9132947976878613
<V3_ROOT>/07_AGGREGATE/CORE_541_DISTRIBUTION_V3.csv,data_row_1based:29827,A07,position_3d_rmse_m,D06_seed_08,2.1085724572350824,475,519,541,0.9152215799614644
<V3_ROOT>/07_AGGREGATE/CORE_541_DISTRIBUTION_V3.csv,data_row_1based:29828,A07,position_3d_rmse_m,D14_seed_00,2.9079947365873284,476,519,541,0.9171483622350675
<V3_ROOT>/07_AGGREGATE/CORE_541_DISTRIBUTION_V3.csv,data_row_1based:29829,A07,position_3d_rmse_m,D14_seed_07,2.9388346268242445,477,519,541,0.9190751445086706
<V3_ROOT>/07_AGGREGATE/CORE_541_DISTRIBUTION_V3.csv,data_row_1based:29830,A07,position_3d_rmse_m,D14_seed_03,2.9441479325414863,478,519,541,0.9210019267822736
<V3_ROOT>/07_AGGREGATE/CORE_541_DISTRIBUTION_V3.csv,data_row_1based:29831,A07,position_3d_rmse_m,D14_seed_01,2.980689121391903,479,519,541,0.9229287090558767
<V3_ROOT>/07_AGGREGATE/CORE_541_DISTRIBUTION_V3.csv,data_row_1based:29832,A07,position_3d_rmse_m,D14_seed_02,2.98667071041875,480,519,541,0.9248554913294798
<V3_ROOT>/07_AGGREGATE/CORE_541_DISTRIBUTION_V3.csv,data_row_1based:29833,A07,position_3d_rmse_m,D14_seed_06,2.995468608950363,481,519,541,0.9267822736030829
<V3_ROOT>/07_AGGREGATE/CORE_541_DISTRIBUTION_V3.csv,data_row_1based:29834,A07,position_3d_rmse_m,D14_seed_08,3.001299243317303,482,519,541,0.928709055876686
<V3_ROOT>/07_AGGREGATE/CORE_541_DISTRIBUTION_V3.csv,data_row_1based:29835,A07,position_3d_rmse_m,D14_seed_05,3.0042310844218103,483,519,541,0.930635838150289
<V3_ROOT>/07_AGGREGATE/CORE_541_DISTRIBUTION_V3.csv,data_row_1based:29836,A07,position_3d_rmse_m,D14_seed_04,3.0496934779981477,484,519,541,0.9325626204238922
<V3_ROOT>/07_AGGREGATE/CORE_541_DISTRIBUTION_V3.csv,data_row_1based:29837,A07,position_3d_rmse_m,D17_seed_00,3.1403392067692253,485,519,541,0.9344894026974951
<V3_ROOT>/07_AGGREGATE/CORE_541_DISTRIBUTION_V3.csv,data_row_1based:29838,A07,position_3d_rmse_m,D17_seed_01,3.1443757779272072,486,519,541,0.9364161849710982
<V3_ROOT>/07_AGGREGATE/CORE_541_DISTRIBUTION_V3.csv,data_row_1based:29839,A07,position_3d_rmse_m,D17_seed_07,3.1555987869444357,487,519,541,0.9383429672447013
<V3_ROOT>/07_AGGREGATE/CORE_541_DISTRIBUTION_V3.csv,data_row_1based:29840,A07,position_3d_rmse_m,D17_seed_02,3.158458782391015,488,519,541,0.9402697495183044
<V3_ROOT>/07_AGGREGATE/CORE_541_DISTRIBUTION_V3.csv,data_row_1based:29841,A07,position_3d_rmse_m,D17_seed_08,3.1699200683299518,489,519,541,0.9421965317919075
<V3_ROOT>/07_AGGREGATE/CORE_541_DISTRIBUTION_V3.csv,data_row_1based:29842,A07,position_3d_rmse_m,D17_seed_05,3.175327178859897,490,519,541,0.9441233140655106
<V3_ROOT>/07_AGGREGATE/CORE_541_DISTRIBUTION_V3.csv,data_row_1based:29843,A07,position_3d_rmse_m,D17_seed_04,3.1757991158346504,491,519,541,0.9460500963391136
<V3_ROOT>/07_AGGREGATE/CORE_541_DISTRIBUTION_V3.csv,data_row_1based:29844,A07,position_3d_rmse_m,D17_seed_06,3.1847913924138553,492,519,541,0.9479768786127167
<V3_ROOT>/07_AGGREGATE/CORE_541_DISTRIBUTION_V3.csv,data_row_1based:29845,A07,position_3d_rmse_m,D17_seed_03,3.189718926708909,493,519,541,0.9499036608863198
<V3_ROOT>/07_AGGREGATE/CORE_541_DISTRIBUTION_V3.csv,data_row_1based:29846,A07,position_3d_rmse_m,D06_seed_01,5.35152259817008,494,519,541,0.9518304431599229
<V3_ROOT>/07_AGGREGATE/CORE_541_DISTRIBUTION_V3.csv,data_row_1based:29847,A07,position_3d_rmse_m,D15_seed_00,5.433507815908892,495,519,541,0.953757225433526
<V3_ROOT>/07_AGGREGATE/CORE_541_DISTRIBUTION_V3.csv,data_row_1based:29848,A07,position_3d_rmse_m,D59_seed_00,5.439970614996569,496,519,541,0.9556840077071291
<V3_ROOT>/07_AGGREGATE/CORE_541_DISTRIBUTION_V3.csv,data_row_1based:29849,A07,position_3d_rmse_m,D15_seed_07,5.495853729350831,497,519,541,0.9576107899807321
<V3_ROOT>/07_AGGREGATE/CORE_541_DISTRIBUTION_V3.csv,data_row_1based:29850,A07,position_3d_rmse_m,D59_seed_03,5.49804347105481,498,519,541,0.9595375722543352
<V3_ROOT>/07_AGGREGATE/CORE_541_DISTRIBUTION_V3.csv,data_row_1based:29851,A07,position_3d_rmse_m,D59_seed_07,5.500237084180804,499,519,541,0.9614643545279383
<V3_ROOT>/07_AGGREGATE/CORE_541_DISTRIBUTION_V3.csv,data_row_1based:29852,A07,position_3d_rmse_m,D15_seed_03,5.500324353153291,500,519,541,0.9633911368015414
<V3_ROOT>/07_AGGREGATE/CORE_541_DISTRIBUTION_V3.csv,data_row_1based:29853,A07,position_3d_rmse_m,D15_seed_01,5.558682240252401,501,519,541,0.9653179190751445
<V3_ROOT>/07_AGGREGATE/CORE_541_DISTRIBUTION_V3.csv,data_row_1based:29854,A07,position_3d_rmse_m,D15_seed_02,5.56111814903075,502,519,541,0.9672447013487476
<V3_ROOT>/07_AGGREGATE/CORE_541_DISTRIBUTION_V3.csv,data_row_1based:29855,A07,position_3d_rmse_m,D59_seed_02,5.562224973792007,503,519,541,0.9691714836223507
<V3_ROOT>/07_AGGREGATE/CORE_541_DISTRIBUTION_V3.csv,data_row_1based:29856,A07,position_3d_rmse_m,D59_seed_01,5.569358997096991,504,519,541,0.9710982658959537
<V3_ROOT>/07_AGGREGATE/CORE_541_DISTRIBUTION_V3.csv,data_row_1based:29857,A07,position_3d_rmse_m,D15_seed_06,5.5760635458763055,505,519,541,0.9730250481695568
<V3_ROOT>/07_AGGREGATE/CORE_541_DISTRIBUTION_V3.csv,data_row_1based:29858,A07,position_3d_rmse_m,D59_seed_06,5.577038614135151,506,519,541,0.9749518304431599
<V3_ROOT>/07_AGGREGATE/CORE_541_DISTRIBUTION_V3.csv,data_row_1based:29859,A07,position_3d_rmse_m,D59_seed_08,5.603941227819714,507,519,541,0.976878612716763
<V3_ROOT>/07_AGGREGATE/CORE_541_DISTRIBUTION_V3.csv,data_row_1based:29860,A07,position_3d_rmse_m,D15_seed_08,5.603974182411229,508,519,541,0.9788053949903661
<V3_ROOT>/07_AGGREGATE/CORE_541_DISTRIBUTION_V3.csv,data_row_1based:29861,A07,position_3d_rmse_m,D59_seed_05,5.619102069177673,509,519,541,0.9807321772639692
<V3_ROOT>/07_AGGREGATE/CORE_541_DISTRIBUTION_V3.csv,data_row_1based:29862,A07,position_3d_rmse_m,D15_seed_05,5.638046382381769,510,519,541,0.9826589595375722
<V3_ROOT>/07_AGGREGATE/CORE_541_DISTRIBUTION_V3.csv,data_row_1based:29863,A07,position_3d_rmse_m,D59_seed_04,5.665339734503787,511,519,541,0.9845857418111753
<V3_ROOT>/07_AGGREGATE/CORE_541_DISTRIBUTION_V3.csv,data_row_1based:29864,A07,position_3d_rmse_m,D15_seed_04,5.6657151307724645,512,519,541,0.9865125240847784
<V3_ROOT>/07_AGGREGATE/CORE_541_DISTRIBUTION_V3.csv,data_row_1based:29865,A07,position_3d_rmse_m,D06_seed_05,9.280107971374743,513,519,541,0.9884393063583815
<V3_ROOT>/07_AGGREGATE/CORE_541_DISTRIBUTION_V3.csv,data_row_1based:29866,A07,position_3d_rmse_m,D06_seed_03,9.493144876854567,514,519,541,0.9903660886319846
<V3_ROOT>/07_AGGREGATE/CORE_541_DISTRIBUTION_V3.csv,data_row_1based:29867,A07,position_3d_rmse_m,D06_seed_02,9.731002143873058,515,519,541,0.9922928709055877
<V3_ROOT>/07_AGGREGATE/CORE_541_DISTRIBUTION_V3.csv,data_row_1based:29868,A07,position_3d_rmse_m,D06_seed_04,9.91061809130267,516,519,541,0.9942196531791907
<V3_ROOT>/07_AGGREGATE/CORE_541_DISTRIBUTION_V3.csv,data_row_1based:29869,A07,position_3d_rmse_m,D06_seed_00,15.82415399150348,517,519,541,0.9961464354527938
<V3_ROOT>/07_AGGREGATE/CORE_541_DISTRIBUTION_V3.csv,data_row_1based:29870,A07,position_3d_rmse_m,D06_seed_07,16.736074812735424,518,519,541,0.9980732177263969
<V3_ROOT>/07_AGGREGATE/CORE_541_DISTRIBUTION_V3.csv,data_row_1based:29871,A07,position_3d_rmse_m,D06_seed_06,19.317863066015665,519,519,541,1.0
<V3_ROOT>/07_AGGREGATE/CORE_541_DISTRIBUTION_V3.csv,data_row_1based:29872,A07,up_rmse_m,D26_seed_00,0.048225483781689414,1,519,541,0.0019267822736030828
<V3_ROOT>/07_AGGREGATE/CORE_541_DISTRIBUTION_V3.csv,data_row_1based:29873,A07,up_rmse_m,D26_seed_01,0.048225483781689414,2,519,541,0.0038535645472061657
<V3_ROOT>/07_AGGREGATE/CORE_541_DISTRIBUTION_V3.csv,data_row_1based:29874,A07,up_rmse_m,D26_seed_02,0.048225483781689414,3,519,541,0.005780346820809248
<V3_ROOT>/07_AGGREGATE/CORE_541_DISTRIBUTION_V3.csv,data_row_1based:29875,A07,up_rmse_m,D26_seed_03,0.048225483781689414,4,519,541,0.007707129094412331
<V3_ROOT>/07_AGGREGATE/CORE_541_DISTRIBUTION_V3.csv,data_row_1based:29876,A07,up_rmse_m,D26_seed_04,0.048225483781689414,5,519,541,0.009633911368015413
<V3_ROOT>/07_AGGREGATE/CORE_541_DISTRIBUTION_V3.csv,data_row_1based:29877,A07,up_rmse_m,D26_seed_05,0.048225483781689414,6,519,541,0.011560693641618497
<V3_ROOT>/07_AGGREGATE/CORE_541_DISTRIBUTION_V3.csv,data_row_1based:29878,A07,up_rmse_m,D26_seed_06,0.048225483781689414,7,519,541,0.01348747591522158
<V3_ROOT>/07_AGGREGATE/CORE_541_DISTRIBUTION_V3.csv,data_row_1based:29879,A07,up_rmse_m,D26_seed_07,0.048225483781689414,8,519,541,0.015414258188824663
<V3_ROOT>/07_AGGREGATE/CORE_541_DISTRIBUTION_V3.csv,data_row_1based:29880,A07,up_rmse_m,D26_seed_08,0.048225483781689414,9,519,541,0.017341040462427744
<V3_ROOT>/07_AGGREGATE/CORE_541_DISTRIBUTION_V3.csv,data_row_1based:29881,A07,up_rmse_m,D50_seed_07,0.048255323772870645,10,519,541,0.019267822736030827
<V3_ROOT>/07_AGGREGATE/CORE_541_DISTRIBUTION_V3.csv,data_row_1based:29882,A07,up_rmse_m,D50_seed_00,0.04826140633573985,11,519,541,0.02119460500963391
<V3_ROOT>/07_AGGREGATE/CORE_541_DISTRIBUTION_V3.csv,data_row_1based:29883,A07,up_rmse_m,D47_seed_08,0.04826264983755756,12,519,541,0.023121387283236993
<V3_ROOT>/07_AGGREGATE/CORE_541_DISTRIBUTION_V3.csv,data_row_1based:29884,A07,up_rmse_m,D50_seed_08,0.04827677752880907,13,519,541,0.025048169556840076
<V3_ROOT>/07_AGGREGATE/CORE_541_DISTRIBUTION_V3.csv,data_row_1based:29885,A07,up_rmse_m,D47_seed_00,0.048277830696432704,14,519,541,0.02697495183044316
<V3_ROOT>/07_AGGREGATE/CORE_541_DISTRIBUTION_V3.csv,data_row_1based:29886,A07,up_rmse_m,D03_seed_04,0.048283734491468874,15,519,541,0.028901734104046242
<V3_ROOT>/07_AGGREGATE/CORE_541_DISTRIBUTION_V3.csv,data_row_1based:29887,A07,up_rmse_m,D58_seed_04,0.04828421336100626,16,519,541,0.030828516377649325
<V3_ROOT>/07_AGGREGATE/CORE_541_DISTRIBUTION_V3.csv,data_row_1based:29888,A07,up_rmse_m,D47_seed_06,0.04830155975295788,17,519,541,0.03275529865125241
<V3_ROOT>/07_AGGREGATE/CORE_541_DISTRIBUTION_V3.csv,data_row_1based:29889,A07,up_rmse_m,D03_seed_08,0.04831264650276864,18,519,541,0.03468208092485549
<V3_ROOT>/07_AGGREGATE/CORE_541_DISTRIBUTION_V3.csv,data_row_1based:29890,A07,up_rmse_m,D58_seed_08,0.04831267798941386,19,519,541,0.036608863198458574
<V3_ROOT>/07_AGGREGATE/CORE_541_DISTRIBUTION_V3.csv,data_row_1based:29891,A07,up_rmse_m,D50_seed_01,0.04831600891255915,20,519,541,0.038535645472061654
<V3_ROOT>/07_AGGREGATE/CORE_541_DISTRIBUTION_V3.csv,data_row_1based:29892,A07,up_rmse_m,D47_seed_04,0.048320595799448925,21,519,541,0.04046242774566474
<V3_ROOT>/07_AGGREGATE/CORE_541_DISTRIBUTION_V3.csv,data_row_1based:29893,A07,up_rmse_m,D46_seed_03,0.048333020148254364,22,519,541,0.04238921001926782
<V3_ROOT>/07_AGGREGATE/CORE_541_DISTRIBUTION_V3.csv,data_row_1based:29894,A07,up_rmse_m,D02_seed_00,0.04833512602368042,23,519,541,0.04431599229287091
<V3_ROOT>/07_AGGREGATE/CORE_541_DISTRIBUTION_V3.csv,data_row_1based:29895,A07,up_rmse_m,D46_seed_07,0.048343347193198716,24,519,541,0.046242774566473986
<V3_ROOT>/07_AGGREGATE/CORE_541_DISTRIBUTION_V3.csv,data_row_1based:29896,A07,up_rmse_m,D46_seed_05,0.048346471662465314,25,519,541,0.04816955684007707
<V3_ROOT>/07_AGGREGATE/CORE_541_DISTRIBUTION_V3.csv,data_row_1based:29897,A07,up_rmse_m,D47_seed_03,0.048353797642081586,26,519,541,0.05009633911368015
<V3_ROOT>/07_AGGREGATE/CORE_541_DISTRIBUTION_V3.csv,data_row_1based:29898,A07,up_rmse_m,D47_seed_01,0.04835783326183443,27,519,541,0.05202312138728324
<V3_ROOT>/07_AGGREGATE/CORE_541_DISTRIBUTION_V3.csv,data_row_1based:29899,A07,up_rmse_m,D47_seed_07,0.04836893608747087,28,519,541,0.05394990366088632
<V3_ROOT>/07_AGGREGATE/CORE_541_DISTRIBUTION_V3.csv,data_row_1based:29900,A07,up_rmse_m,D47_seed_05,0.048376087000077776,29,519,541,0.055876685934489405
<V3_ROOT>/07_AGGREGATE/CORE_541_DISTRIBUTION_V3.csv,data_row_1based:29901,A07,up_rmse_m,D47_seed_02,0.048383096976496766,30,519,541,0.057803468208092484
<V3_ROOT>/07_AGGREGATE/CORE_541_DISTRIBUTION_V3.csv,data_row_1based:29902,A07,up_rmse_m,D50_seed_03,0.048393091668527156,31,519,541,0.05973025048169557
<V3_ROOT>/07_AGGREGATE/CORE_541_DISTRIBUTION_V3.csv,data_row_1based:29903,A07,up_rmse_m,D46_seed_04,0.048425387692878,32,519,541,0.06165703275529865
<V3_ROOT>/07_AGGREGATE/CORE_541_DISTRIBUTION_V3.csv,data_row_1based:29904,A07,up_rmse_m,D50_seed_06,0.04843415273224417,33,519,541,0.06358381502890173
<V3_ROOT>/07_AGGREGATE/CORE_541_DISTRIBUTION_V3.csv,data_row_1based:29905,A07,up_rmse_m,D50_seed_04,0.048434227255199996,34,519,541,0.06551059730250482
<V3_ROOT>/07_AGGREGATE/CORE_541_DISTRIBUTION_V3.csv,data_row_1based:29906,A07,up_rmse_m,D50_seed_05,0.04843661636516994,35,519,541,0.0674373795761079
<V3_ROOT>/07_AGGREGATE/CORE_541_DISTRIBUTION_V3.csv,data_row_1based:29907,A07,up_rmse_m,D46_seed_00,0.048446731311241845,36,519,541,0.06936416184971098
<V3_ROOT>/07_AGGREGATE/CORE_541_DISTRIBUTION_V3.csv,data_row_1based:29908,A07,up_rmse_m,D48_seed_02,0.04844725583037309,37,519,541,0.07129094412331406
<V3_ROOT>/07_AGGREGATE/CORE_541_DISTRIBUTION_V3.csv,data_row_1based:29909,A07,up_rmse_m,D38_seed_03,0.04845212628441234,38,519,541,0.07321772639691715
<V3_ROOT>/07_AGGREGATE/CORE_541_DISTRIBUTION_V3.csv,data_row_1based:29910,A07,up_rmse_m,D48_seed_04,0.04845620176085625,39,519,541,0.07514450867052024
<V3_ROOT>/07_AGGREGATE/CORE_541_DISTRIBUTION_V3.csv,data_row_1based:29911,A07,up_rmse_m,D38_seed_08,0.048457156981579486,40,519,541,0.07707129094412331
<V3_ROOT>/07_AGGREGATE/CORE_541_DISTRIBUTION_V3.csv,data_row_1based:29912,A07,up_rmse_m,D41_seed_08,0.04845730931177237,41,519,541,0.0789980732177264
<V3_ROOT>/07_AGGREGATE/CORE_541_DISTRIBUTION_V3.csv,data_row_1based:29913,A07,up_rmse_m,D41_seed_03,0.04845851368449323,42,519,541,0.08092485549132948
<V3_ROOT>/07_AGGREGATE/CORE_541_DISTRIBUTION_V3.csv,data_row_1based:29914,A07,up_rmse_m,D48_seed_05,0.04845905053107179,43,519,541,0.08285163776493257
<V3_ROOT>/07_AGGREGATE/CORE_541_DISTRIBUTION_V3.csv,data_row_1based:29915,A07,up_rmse_m,D41_seed_05,0.04845944984514713,44,519,541,0.08477842003853564
<V3_ROOT>/07_AGGREGATE/CORE_541_DISTRIBUTION_V3.csv,data_row_1based:29916,A07,up_rmse_m,D48_seed_01,0.04846007875986768,45,519,541,0.08670520231213873
<V3_ROOT>/07_AGGREGATE/CORE_541_DISTRIBUTION_V3.csv,data_row_1based:29917,A07,up_rmse_m,D33_seed_04,0.04846010648666273,46,519,541,0.08863198458574181
<V3_ROOT>/07_AGGREGATE/CORE_541_DISTRIBUTION_V3.csv,data_row_1based:29918,A07,up_rmse_m,D48_seed_03,0.04846145991854376,47,519,541,0.0905587668593449
<V3_ROOT>/07_AGGREGATE/CORE_541_DISTRIBUTION_V3.csv,data_row_1based:29919,A07,up_rmse_m,D38_seed_01,0.048461505925928586,48,519,541,0.09248554913294797
<V3_ROOT>/07_AGGREGATE/CORE_541_DISTRIBUTION_V3.csv,data_row_1based:29920,A07,up_rmse_m,D41_seed_01,0.04846195636663398,49,519,541,0.09441233140655106
<V3_ROOT>/07_AGGREGATE/CORE_541_DISTRIBUTION_V3.csv,data_row_1based:29921,A07,up_rmse_m,D38_seed_04,0.04846278872354604,50,519,541,0.09633911368015415
<V3_ROOT>/07_AGGREGATE/CORE_541_DISTRIBUTION_V3.csv,data_row_1based:29922,A07,up_rmse_m,D38_seed_00,0.04846305871312741,51,519,541,0.09826589595375723
<V3_ROOT>/07_AGGREGATE/CORE_541_DISTRIBUTION_V3.csv,data_row_1based:29923,A07,up_rmse_m,D41_seed_02,0.04846321651115402,52,519,541,0.1001926782273603
<V3_ROOT>/07_AGGREGATE/CORE_541_DISTRIBUTION_V3.csv,data_row_1based:29924,A07,up_rmse_m,D38_seed_06,0.0484632718389692,53,519,541,0.10211946050096339
<V3_ROOT>/07_AGGREGATE/CORE_541_DISTRIBUTION_V3.csv,data_row_1based:29925,A07,up_rmse_m,D48_seed_07,0.048463683158506056,54,519,541,0.10404624277456648
<V3_ROOT>/07_AGGREGATE/CORE_541_DISTRIBUTION_V3.csv,data_row_1based:29926,A07,up_rmse_m,D50_seed_02,0.048464851251548154,55,519,541,0.10597302504816955
<V3_ROOT>/07_AGGREGATE/CORE_541_DISTRIBUTION_V3.csv,data_row_1based:29927,A07,up_rmse_m,D41_seed_07,0.04846532607869637,56,519,541,0.10789980732177264
<V3_ROOT>/07_AGGREGATE/CORE_541_DISTRIBUTION_V3.csv,data_row_1based:29928,A07,up_rmse_m,D41_seed_06,0.04846544772743211,57,519,541,0.10982658959537572
<V3_ROOT>/07_AGGREGATE/CORE_541_DISTRIBUTION_V3.csv,data_row_1based:29929,A07,up_rmse_m,D33_seed_06,0.048465528587293326,58,519,541,0.11175337186897881
<V3_ROOT>/07_AGGREGATE/CORE_541_DISTRIBUTION_V3.csv,data_row_1based:29930,A07,up_rmse_m,D33_seed_03,0.04846641583849367,59,519,541,0.11368015414258188
<V3_ROOT>/07_AGGREGATE/CORE_541_DISTRIBUTION_V3.csv,data_row_1based:29931,A07,up_rmse_m,D33_seed_07,0.048467371423046184,60,519,541,0.11560693641618497
<V3_ROOT>/07_AGGREGATE/CORE_541_DISTRIBUTION_V3.csv,data_row_1based:29932,A07,up_rmse_m,D46_seed_01,0.04846830685609192,61,519,541,0.11753371868978806
<V3_ROOT>/07_AGGREGATE/CORE_541_DISTRIBUTION_V3.csv,data_row_1based:29933,A07,up_rmse_m,D33_seed_00,0.048468674329015346,62,519,541,0.11946050096339114
<V3_ROOT>/07_AGGREGATE/CORE_541_DISTRIBUTION_V3.csv,data_row_1based:29934,A07,up_rmse_m,D38_seed_02,0.048470013511633915,63,519,541,0.12138728323699421
<V3_ROOT>/07_AGGREGATE/CORE_541_DISTRIBUTION_V3.csv,data_row_1based:29935,A07,up_rmse_m,D33_seed_02,0.04847006488325262,64,519,541,0.1233140655105973
<V3_ROOT>/07_AGGREGATE/CORE_541_DISTRIBUTION_V3.csv,data_row_1based:29936,A07,up_rmse_m,D35_seed_03,0.04847018071194243,65,519,541,0.1252408477842004
<V3_ROOT>/07_AGGREGATE/CORE_541_DISTRIBUTION_V3.csv,data_row_1based:29937,A07,up_rmse_m,D32_seed_04,0.04847028721910501,66,519,541,0.12716763005780346
<V3_ROOT>/07_AGGREGATE/CORE_541_DISTRIBUTION_V3.csv,data_row_1based:29938,A07,up_rmse_m,D34_seed_04,0.04847040631700366,67,519,541,0.12909441233140656
<V3_ROOT>/07_AGGREGATE/CORE_541_DISTRIBUTION_V3.csv,data_row_1based:29939,A07,up_rmse_m,D35_seed_05,0.048470410980646805,68,519,541,0.13102119460500963
<V3_ROOT>/07_AGGREGATE/CORE_541_DISTRIBUTION_V3.csv,data_row_1based:29940,A07,up_rmse_m,D34_seed_03,0.0484710354663912,69,519,541,0.1329479768786127
<V3_ROOT>/07_AGGREGATE/CORE_541_DISTRIBUTION_V3.csv,data_row_1based:29941,A07,up_rmse_m,D33_seed_08,0.04847110111711745,70,519,541,0.1348747591522158
<V3_ROOT>/07_AGGREGATE/CORE_541_DISTRIBUTION_V3.csv,data_row_1based:29942,A07,up_rmse_m,D35_seed_01,0.048471151669412224,71,519,541,0.13680154142581888
<V3_ROOT>/07_AGGREGATE/CORE_541_DISTRIBUTION_V3.csv,data_row_1based:29943,A07,up_rmse_m,D33_seed_01,0.048471665137986085,72,519,541,0.13872832369942195
<V3_ROOT>/07_AGGREGATE/CORE_541_DISTRIBUTION_V3.csv,data_row_1based:29944,A07,up_rmse_m,D34_seed_00,0.048472567478681276,73,519,541,0.14065510597302505
<V3_ROOT>/07_AGGREGATE/CORE_541_DISTRIBUTION_V3.csv,data_row_1based:29945,A07,up_rmse_m,D32_seed_03,0.04847257425517184,74,519,541,0.14258188824662812
<V3_ROOT>/07_AGGREGATE/CORE_541_DISTRIBUTION_V3.csv,data_row_1based:29946,A07,up_rmse_m,D35_seed_04,0.04847269312495912,75,519,541,0.14450867052023122
<V3_ROOT>/07_AGGREGATE/CORE_541_DISTRIBUTION_V3.csv,data_row_1based:29947,A07,up_rmse_m,D32_seed_06,0.048472882198084044,76,519,541,0.1464354527938343
<V3_ROOT>/07_AGGREGATE/CORE_541_DISTRIBUTION_V3.csv,data_row_1based:29948,A07,up_rmse_m,D31_seed_03,0.048472898628737354,77,519,541,0.14836223506743737
<V3_ROOT>/07_AGGREGATE/CORE_541_DISTRIBUTION_V3.csv,data_row_1based:29949,A07,up_rmse_m,D31_seed_00,0.048472930371043624,78,519,541,0.15028901734104047
<V3_ROOT>/07_AGGREGATE/CORE_541_DISTRIBUTION_V3.csv,data_row_1based:29950,A07,up_rmse_m,D34_seed_08,0.04847297618778549,79,519,541,0.15221579961464354
<V3_ROOT>/07_AGGREGATE/CORE_541_DISTRIBUTION_V3.csv,data_row_1based:29951,A07,up_rmse_m,D46_seed_06,0.04847317939447158,80,519,541,0.15414258188824662
<V3_ROOT>/07_AGGREGATE/CORE_541_DISTRIBUTION_V3.csv,data_row_1based:29952,A07,up_rmse_m,D31_seed_05,0.048473192542155805,81,519,541,0.15606936416184972
<V3_ROOT>/07_AGGREGATE/CORE_541_DISTRIBUTION_V3.csv,data_row_1based:29953,A07,up_rmse_m,D32_seed_01,0.048473208172868744,82,519,541,0.1579961464354528
<V3_ROOT>/07_AGGREGATE/CORE_541_DISTRIBUTION_V3.csv,data_row_1based:29954,A07,up_rmse_m,D30_seed_00,0.04847323082146361,83,519,541,0.1599229287090559
<V3_ROOT>/07_AGGREGATE/CORE_541_DISTRIBUTION_V3.csv,data_row_1based:29955,A07,up_rmse_m,D31_seed_07,0.04847325667148517,84,519,541,0.16184971098265896
<V3_ROOT>/07_AGGREGATE/CORE_541_DISTRIBUTION_V3.csv,data_row_1based:29956,A07,up_rmse_m,D32_seed_07,0.04847328139850995,85,519,541,0.16377649325626203
<V3_ROOT>/07_AGGREGATE/CORE_541_DISTRIBUTION_V3.csv,data_row_1based:29957,A07,up_rmse_m,D32_seed_00,0.04847340204080316,86,519,541,0.16570327552986513
<V3_ROOT>/07_AGGREGATE/CORE_541_DISTRIBUTION_V3.csv,data_row_1based:29958,A07,up_rmse_m,D32_seed_02,0.04847345325526173,87,519,541,0.1676300578034682
<V3_ROOT>/07_AGGREGATE/CORE_541_DISTRIBUTION_V3.csv,data_row_1based:29959,A07,up_rmse_m,D39_seed_07,0.04847361449996634,88,519,541,0.16955684007707128
<V3_ROOT>/07_AGGREGATE/CORE_541_DISTRIBUTION_V3.csv,data_row_1based:29960,A07,up_rmse_m,D35_seed_00,0.04847363656178245,89,519,541,0.17148362235067438
<V3_ROOT>/07_AGGREGATE/CORE_541_DISTRIBUTION_V3.csv,data_row_1based:29961,A07,up_rmse_m,D39_seed_08,0.048473657215777934,90,519,541,0.17341040462427745
<V3_ROOT>/07_AGGREGATE/CORE_541_DISTRIBUTION_V3.csv,data_row_1based:29962,A07,up_rmse_m,D34_seed_01,0.04847366941774243,91,519,541,0.17533718689788053
<V3_ROOT>/07_AGGREGATE/CORE_541_DISTRIBUTION_V3.csv,data_row_1based:29963,A07,up_rmse_m,D39_seed_03,0.04847367917981266,92,519,541,0.17726396917148363
<V3_ROOT>/07_AGGREGATE/CORE_541_DISTRIBUTION_V3.csv,data_row_1based:29964,A07,up_rmse_m,D30_seed_04,0.04847379839341148,93,519,541,0.1791907514450867
<V3_ROOT>/07_AGGREGATE/CORE_541_DISTRIBUTION_V3.csv,data_row_1based:29965,A07,up_rmse_m,D36_seed_00,0.048473832031639186,94,519,541,0.1811175337186898
<V3_ROOT>/07_AGGREGATE/CORE_541_DISTRIBUTION_V3.csv,data_row_1based:29966,A07,up_rmse_m,D36_seed_01,0.048473832031639186,95,519,541,0.18304431599229287
<V3_ROOT>/07_AGGREGATE/CORE_541_DISTRIBUTION_V3.csv,data_row_1based:29967,A07,up_rmse_m,D36_seed_02,0.048473832031639186,96,519,541,0.18497109826589594
<V3_ROOT>/07_AGGREGATE/CORE_541_DISTRIBUTION_V3.csv,data_row_1based:29968,A07,up_rmse_m,D36_seed_03,0.048473832031639186,97,519,541,0.18689788053949905
<V3_ROOT>/07_AGGREGATE/CORE_541_DISTRIBUTION_V3.csv,data_row_1based:29969,A07,up_rmse_m,D36_seed_04,0.048473832031639186,98,519,541,0.18882466281310212
<V3_ROOT>/07_AGGREGATE/CORE_541_DISTRIBUTION_V3.csv,data_row_1based:29970,A07,up_rmse_m,D36_seed_05,0.048473832031639186,99,519,541,0.1907514450867052
<V3_ROOT>/07_AGGREGATE/CORE_541_DISTRIBUTION_V3.csv,data_row_1based:29971,A07,up_rmse_m,D36_seed_06,0.048473832031639186,100,519,541,0.1926782273603083
<V3_ROOT>/07_AGGREGATE/CORE_541_DISTRIBUTION_V3.csv,data_row_1based:29972,A07,up_rmse_m,D36_seed_07,0.048473832031639186,101,519,541,0.19460500963391136
<V3_ROOT>/07_AGGREGATE/CORE_541_DISTRIBUTION_V3.csv,data_row_1based:29973,A07,up_rmse_m,D36_seed_08,0.048473832031639186,102,519,541,0.19653179190751446
<V3_ROOT>/07_AGGREGATE/CORE_541_DISTRIBUTION_V3.csv,data_row_1based:29974,A07,up_rmse_m,D34_seed_06,0.04847383644768615,103,519,541,0.19845857418111754
<V3_ROOT>/07_AGGREGATE/CORE_541_DISTRIBUTION_V3.csv,data_row_1based:29975,A07,up_rmse_m,D37_seed_00,0.04847385324227596,104,519,541,0.2003853564547206
<V3_ROOT>/07_AGGREGATE/CORE_541_DISTRIBUTION_V3.csv,data_row_1based:29976,A07,up_rmse_m,D37_seed_01,0.04847385324227596,105,519,541,0.2023121387283237
<V3_ROOT>/07_AGGREGATE/CORE_541_DISTRIBUTION_V3.csv,data_row_1based:29977,A07,up_rmse_m,D37_seed_02,0.04847385324227596,106,519,541,0.20423892100192678
<V3_ROOT>/07_AGGREGATE/CORE_541_DISTRIBUTION_V3.csv,data_row_1based:29978,A07,up_rmse_m,D37_seed_03,0.04847385324227596,107,519,541,0.20616570327552985
<V3_ROOT>/07_AGGREGATE/CORE_541_DISTRIBUTION_V3.csv,data_row_1based:29979,A07,up_rmse_m,D37_seed_04,0.04847385324227596,108,519,541,0.20809248554913296
<V3_ROOT>/07_AGGREGATE/CORE_541_DISTRIBUTION_V3.csv,data_row_1based:29980,A07,up_rmse_m,D37_seed_05,0.04847385324227596,109,519,541,0.21001926782273603
<V3_ROOT>/07_AGGREGATE/CORE_541_DISTRIBUTION_V3.csv,data_row_1based:29981,A07,up_rmse_m,D37_seed_06,0.04847385324227596,110,519,541,0.2119460500963391
<V3_ROOT>/07_AGGREGATE/CORE_541_DISTRIBUTION_V3.csv,data_row_1based:29982,A07,up_rmse_m,D37_seed_07,0.04847385324227596,111,519,541,0.2138728323699422
<V3_ROOT>/07_AGGREGATE/CORE_541_DISTRIBUTION_V3.csv,data_row_1based:29983,A07,up_rmse_m,D37_seed_08,0.04847385324227596,112,519,541,0.21579961464354527
<V3_ROOT>/07_AGGREGATE/CORE_541_DISTRIBUTION_V3.csv,data_row_1based:29984,A07,up_rmse_m,D39_seed_05,0.04847387967512569,113,519,541,0.21772639691714837
<V3_ROOT>/07_AGGREGATE/CORE_541_DISTRIBUTION_V3.csv,data_row_1based:29985,A07,up_rmse_m,D35_seed_06,0.048473887156828904,114,519,541,0.21965317919075145
<V3_ROOT>/07_AGGREGATE/CORE_541_DISTRIBUTION_V3.csv,data_row_1based:29986,A07,up_rmse_m,D31_seed_04,0.04847390841258549,115,519,541,0.22157996146435452
<V3_ROOT>/07_AGGREGATE/CORE_541_DISTRIBUTION_V3.csv,data_row_1based:29987,A07,up_rmse_m,C00_clean_normal,0.04847391826840906,116,519,541,0.22350674373795762
<V3_ROOT>/07_AGGREGATE/CORE_541_DISTRIBUTION_V3.csv,data_row_1based:29988,A07,up_rmse_m,D08_seed_00,0.04847391826840906,117,519,541,0.2254335260115607
<V3_ROOT>/07_AGGREGATE/CORE_541_DISTRIBUTION_V3.csv,data_row_1based:29989,A07,up_rmse_m,D08_seed_01,0.04847391826840906,118,519,541,0.22736030828516376
<V3_ROOT>/07_AGGREGATE/CORE_541_DISTRIBUTION_V3.csv,data_row_1based:29990,A07,up_rmse_m,D08_seed_02,0.04847391826840906,119,519,541,0.22928709055876687
<V3_ROOT>/07_AGGREGATE/CORE_541_DISTRIBUTION_V3.csv,data_row_1based:29991,A07,up_rmse_m,D08_seed_03,0.04847391826840906,120,519,541,0.23121387283236994
<V3_ROOT>/07_AGGREGATE/CORE_541_DISTRIBUTION_V3.csv,data_row_1based:29992,A07,up_rmse_m,D08_seed_04,0.04847391826840906,121,519,541,0.23314065510597304
<V3_ROOT>/07_AGGREGATE/CORE_541_DISTRIBUTION_V3.csv,data_row_1based:29993,A07,up_rmse_m,D08_seed_05,0.04847391826840906,122,519,541,0.2350674373795761
<V3_ROOT>/07_AGGREGATE/CORE_541_DISTRIBUTION_V3.csv,data_row_1based:29994,A07,up_rmse_m,D08_seed_06,0.04847391826840906,123,519,541,0.23699421965317918
<V3_ROOT>/07_AGGREGATE/CORE_541_DISTRIBUTION_V3.csv,data_row_1based:29995,A07,up_rmse_m,D08_seed_07,0.04847391826840906,124,519,541,0.23892100192678228
<V3_ROOT>/07_AGGREGATE/CORE_541_DISTRIBUTION_V3.csv,data_row_1based:29996,A07,up_rmse_m,D08_seed_08,0.04847391826840906,125,519,541,0.24084778420038536
<V3_ROOT>/07_AGGREGATE/CORE_541_DISTRIBUTION_V3.csv,data_row_1based:29997,A07,up_rmse_m,D22_seed_00,0.04847391826840906,126,519,541,0.24277456647398843
<V3_ROOT>/07_AGGREGATE/CORE_541_DISTRIBUTION_V3.csv,data_row_1based:29998,A07,up_rmse_m,D22_seed_06,0.04847391826840906,127,519,541,0.24470134874759153
<V3_ROOT>/07_AGGREGATE/CORE_541_DISTRIBUTION_V3.csv,data_row_1based:29999,A07,up_rmse_m,D29_seed_00,0.04847391826840906,128,519,541,0.2466281310211946
<V3_ROOT>/07_AGGREGATE/CORE_541_DISTRIBUTION_V3.csv,data_row_1based:30000,A07,up_rmse_m,D29_seed_01,0.04847391826840906,129,519,541,0.24855491329479767
<V3_ROOT>/07_AGGREGATE/CORE_541_DISTRIBUTION_V3.csv,data_row_1based:30001,A07,up_rmse_m,D29_seed_02,0.04847391826840906,130,519,541,0.2504816955684008
<V3_ROOT>/07_AGGREGATE/CORE_541_DISTRIBUTION_V3.csv,data_row_1based:30002,A07,up_rmse_m,D29_seed_03,0.04847391826840906,131,519,541,0.2524084778420039
<V3_ROOT>/07_AGGREGATE/CORE_541_DISTRIBUTION_V3.csv,data_row_1based:30003,A07,up_rmse_m,D29_seed_04,0.04847391826840906,132,519,541,0.2543352601156069
<V3_ROOT>/07_AGGREGATE/CORE_541_DISTRIBUTION_V3.csv,data_row_1based:30004,A07,up_rmse_m,D29_seed_05,0.04847391826840906,133,519,541,0.25626204238921
<V3_ROOT>/07_AGGREGATE/CORE_541_DISTRIBUTION_V3.csv,data_row_1based:30005,A07,up_rmse_m,D29_seed_06,0.04847391826840906,134,519,541,0.2581888246628131
<V3_ROOT>/07_AGGREGATE/CORE_541_DISTRIBUTION_V3.csv,data_row_1based:30006,A07,up_rmse_m,D29_seed_07,0.04847391826840906,135,519,541,0.26011560693641617
<V3_ROOT>/07_AGGREGATE/CORE_541_DISTRIBUTION_V3.csv,data_row_1based:30007,A07,up_rmse_m,D29_seed_08,0.04847391826840906,136,519,541,0.26204238921001927
<V3_ROOT>/07_AGGREGATE/CORE_541_DISTRIBUTION_V3.csv,data_row_1based:30008,A07,up_rmse_m,D40_seed_00,0.04847391826840906,137,519,541,0.26396917148362237
<V3_ROOT>/07_AGGREGATE/CORE_541_DISTRIBUTION_V3.csv,data_row_1based:30009,A07,up_rmse_m,D40_seed_01,0.04847391826840906,138,519,541,0.2658959537572254
<V3_ROOT>/07_AGGREGATE/CORE_541_DISTRIBUTION_V3.csv,data_row_1based:30010,A07,up_rmse_m,D40_seed_02,0.04847391826840906,139,519,541,0.2678227360308285
<V3_ROOT>/07_AGGREGATE/CORE_541_DISTRIBUTION_V3.csv,data_row_1based:30011,A07,up_rmse_m,D40_seed_03,0.04847391826840906,140,519,541,0.2697495183044316
<V3_ROOT>/07_AGGREGATE/CORE_541_DISTRIBUTION_V3.csv,data_row_1based:30012,A07,up_rmse_m,D40_seed_04,0.04847391826840906,141,519,541,0.27167630057803466
<V3_ROOT>/07_AGGREGATE/CORE_541_DISTRIBUTION_V3.csv,data_row_1based:30013,A07,up_rmse_m,D40_seed_05,0.04847391826840906,142,519,541,0.27360308285163776
<V3_ROOT>/07_AGGREGATE/CORE_541_DISTRIBUTION_V3.csv,data_row_1based:30014,A07,up_rmse_m,D40_seed_06,0.04847391826840906,143,519,541,0.27552986512524086
<V3_ROOT>/07_AGGREGATE/CORE_541_DISTRIBUTION_V3.csv,data_row_1based:30015,A07,up_rmse_m,D40_seed_07,0.04847391826840906,144,519,541,0.2774566473988439
<V3_ROOT>/07_AGGREGATE/CORE_541_DISTRIBUTION_V3.csv,data_row_1based:30016,A07,up_rmse_m,D40_seed_08,0.04847391826840906,145,519,541,0.279383429672447
<V3_ROOT>/07_AGGREGATE/CORE_541_DISTRIBUTION_V3.csv,data_row_1based:30017,A07,up_rmse_m,D51_seed_00,0.04847391826840906,146,519,541,0.2813102119460501
<V3_ROOT>/07_AGGREGATE/CORE_541_DISTRIBUTION_V3.csv,data_row_1based:30018,A07,up_rmse_m,D51_seed_01,0.04847391826840906,147,519,541,0.2832369942196532
<V3_ROOT>/07_AGGREGATE/CORE_541_DISTRIBUTION_V3.csv,data_row_1based:30019,A07,up_rmse_m,D51_seed_02,0.04847391826840906,148,519,541,0.28516377649325625
<V3_ROOT>/07_AGGREGATE/CORE_541_DISTRIBUTION_V3.csv,data_row_1based:30020,A07,up_rmse_m,D51_seed_03,0.04847391826840906,149,519,541,0.28709055876685935
<V3_ROOT>/07_AGGREGATE/CORE_541_DISTRIBUTION_V3.csv,data_row_1based:30021,A07,up_rmse_m,D51_seed_04,0.04847391826840906,150,519,541,0.28901734104046245
<V3_ROOT>/07_AGGREGATE/CORE_541_DISTRIBUTION_V3.csv,data_row_1based:30022,A07,up_rmse_m,D51_seed_05,0.04847391826840906,151,519,541,0.2909441233140655
<V3_ROOT>/07_AGGREGATE/CORE_541_DISTRIBUTION_V3.csv,data_row_1based:30023,A07,up_rmse_m,D51_seed_06,0.04847391826840906,152,519,541,0.2928709055876686
<V3_ROOT>/07_AGGREGATE/CORE_541_DISTRIBUTION_V3.csv,data_row_1based:30024,A07,up_rmse_m,D51_seed_07,0.04847391826840906,153,519,541,0.2947976878612717
<V3_ROOT>/07_AGGREGATE/CORE_541_DISTRIBUTION_V3.csv,data_row_1based:30025,A07,up_rmse_m,D51_seed_08,0.04847391826840906,154,519,541,0.29672447013487474
<V3_ROOT>/07_AGGREGATE/CORE_541_DISTRIBUTION_V3.csv,data_row_1based:30026,A07,up_rmse_m,D52_seed_00,0.04847391826840906,155,519,541,0.29865125240847784
<V3_ROOT>/07_AGGREGATE/CORE_541_DISTRIBUTION_V3.csv,data_row_1based:30027,A07,up_rmse_m,D52_seed_01,0.04847391826840906,156,519,541,0.30057803468208094
<V3_ROOT>/07_AGGREGATE/CORE_541_DISTRIBUTION_V3.csv,data_row_1based:30028,A07,up_rmse_m,D52_seed_02,0.04847391826840906,157,519,541,0.302504816955684
<V3_ROOT>/07_AGGREGATE/CORE_541_DISTRIBUTION_V3.csv,data_row_1based:30029,A07,up_rmse_m,D52_seed_03,0.04847391826840906,158,519,541,0.3044315992292871
<V3_ROOT>/07_AGGREGATE/CORE_541_DISTRIBUTION_V3.csv,data_row_1based:30030,A07,up_rmse_m,D52_seed_04,0.04847391826840906,159,519,541,0.3063583815028902
<V3_ROOT>/07_AGGREGATE/CORE_541_DISTRIBUTION_V3.csv,data_row_1based:30031,A07,up_rmse_m,D52_seed_05,0.04847391826840906,160,519,541,0.30828516377649323
<V3_ROOT>/07_AGGREGATE/CORE_541_DISTRIBUTION_V3.csv,data_row_1based:30032,A07,up_rmse_m,D52_seed_06,0.04847391826840906,161,519,541,0.31021194605009633
<V3_ROOT>/07_AGGREGATE/CORE_541_DISTRIBUTION_V3.csv,data_row_1based:30033,A07,up_rmse_m,D52_seed_07,0.04847391826840906,162,519,541,0.31213872832369943
<V3_ROOT>/07_AGGREGATE/CORE_541_DISTRIBUTION_V3.csv,data_row_1based:30034,A07,up_rmse_m,D52_seed_08,0.04847391826840906,163,519,541,0.3140655105973025
<V3_ROOT>/07_AGGREGATE/CORE_541_DISTRIBUTION_V3.csv,data_row_1based:30035,A07,up_rmse_m,D53_seed_00,0.04847391826840906,164,519,541,0.3159922928709056
<V3_ROOT>/07_AGGREGATE/CORE_541_DISTRIBUTION_V3.csv,data_row_1based:30036,A07,up_rmse_m,D53_seed_01,0.04847391826840906,165,519,541,0.3179190751445087
<V3_ROOT>/07_AGGREGATE/CORE_541_DISTRIBUTION_V3.csv,data_row_1based:30037,A07,up_rmse_m,D53_seed_02,0.04847391826840906,166,519,541,0.3198458574181118
<V3_ROOT>/07_AGGREGATE/CORE_541_DISTRIBUTION_V3.csv,data_row_1based:30038,A07,up_rmse_m,D53_seed_03,0.04847391826840906,167,519,541,0.3217726396917148
<V3_ROOT>/07_AGGREGATE/CORE_541_DISTRIBUTION_V3.csv,data_row_1based:30039,A07,up_rmse_m,D53_seed_04,0.04847391826840906,168,519,541,0.3236994219653179
<V3_ROOT>/07_AGGREGATE/CORE_541_DISTRIBUTION_V3.csv,data_row_1based:30040,A07,up_rmse_m,D53_seed_05,0.04847391826840906,169,519,541,0.325626204238921
<V3_ROOT>/07_AGGREGATE/CORE_541_DISTRIBUTION_V3.csv,data_row_1based:30041,A07,up_rmse_m,D53_seed_06,0.04847391826840906,170,519,541,0.32755298651252407
<V3_ROOT>/07_AGGREGATE/CORE_541_DISTRIBUTION_V3.csv,data_row_1based:30042,A07,up_rmse_m,D53_seed_07,0.04847391826840906,171,519,541,0.32947976878612717
<V3_ROOT>/07_AGGREGATE/CORE_541_DISTRIBUTION_V3.csv,data_row_1based:30043,A07,up_rmse_m,D53_seed_08,0.04847391826840906,172,519,541,0.33140655105973027
<V3_ROOT>/07_AGGREGATE/CORE_541_DISTRIBUTION_V3.csv,data_row_1based:30044,A07,up_rmse_m,D54_seed_00,0.04847391826840906,173,519,541,0.3333333333333333
<V3_ROOT>/07_AGGREGATE/CORE_541_DISTRIBUTION_V3.csv,data_row_1based:30045,A07,up_rmse_m,D54_seed_01,0.04847391826840906,174,519,541,0.3352601156069364
<V3_ROOT>/07_AGGREGATE/CORE_541_DISTRIBUTION_V3.csv,data_row_1based:30046,A07,up_rmse_m,D54_seed_02,0.04847391826840906,175,519,541,0.3371868978805395
<V3_ROOT>/07_AGGREGATE/CORE_541_DISTRIBUTION_V3.csv,data_row_1based:30047,A07,up_rmse_m,D54_seed_03,0.04847391826840906,176,519,541,0.33911368015414256
<V3_ROOT>/07_AGGREGATE/CORE_541_DISTRIBUTION_V3.csv,data_row_1based:30048,A07,up_rmse_m,D54_seed_04,0.04847391826840906,177,519,541,0.34104046242774566
<V3_ROOT>/07_AGGREGATE/CORE_541_DISTRIBUTION_V3.csv,data_row_1based:30049,A07,up_rmse_m,D54_seed_05,0.04847391826840906,178,519,541,0.34296724470134876
<V3_ROOT>/07_AGGREGATE/CORE_541_DISTRIBUTION_V3.csv,data_row_1based:30050,A07,up_rmse_m,D54_seed_06,0.04847391826840906,179,519,541,0.3448940269749518
<V3_ROOT>/07_AGGREGATE/CORE_541_DISTRIBUTION_V3.csv,data_row_1based:30051,A07,up_rmse_m,D54_seed_07,0.04847391826840906,180,519,541,0.3468208092485549
<V3_ROOT>/07_AGGREGATE/CORE_541_DISTRIBUTION_V3.csv,data_row_1based:30052,A07,up_rmse_m,D54_seed_08,0.04847391826840906,181,519,541,0.348747591522158
<V3_ROOT>/07_AGGREGATE/CORE_541_DISTRIBUTION_V3.csv,data_row_1based:30053,A07,up_rmse_m,D55_seed_00,0.04847391826840906,182,519,541,0.35067437379576105
<V3_ROOT>/07_AGGREGATE/CORE_541_DISTRIBUTION_V3.csv,data_row_1based:30054,A07,up_rmse_m,D55_seed_01,0.04847391826840906,183,519,541,0.35260115606936415
<V3_ROOT>/07_AGGREGATE/CORE_541_DISTRIBUTION_V3.csv,data_row_1based:30055,A07,up_rmse_m,D55_seed_02,0.04847391826840906,184,519,541,0.35452793834296725
<V3_ROOT>/07_AGGREGATE/CORE_541_DISTRIBUTION_V3.csv,data_row_1based:30056,A07,up_rmse_m,D55_seed_03,0.04847391826840906,185,519,541,0.35645472061657035
<V3_ROOT>/07_AGGREGATE/CORE_541_DISTRIBUTION_V3.csv,data_row_1based:30057,A07,up_rmse_m,D55_seed_04,0.04847391826840906,186,519,541,0.3583815028901734
<V3_ROOT>/07_AGGREGATE/CORE_541_DISTRIBUTION_V3.csv,data_row_1based:30058,A07,up_rmse_m,D55_seed_05,0.04847391826840906,187,519,541,0.3603082851637765
<V3_ROOT>/07_AGGREGATE/CORE_541_DISTRIBUTION_V3.csv,data_row_1based:30059,A07,up_rmse_m,D55_seed_06,0.04847391826840906,188,519,541,0.3622350674373796
<V3_ROOT>/07_AGGREGATE/CORE_541_DISTRIBUTION_V3.csv,data_row_1based:30060,A07,up_rmse_m,D55_seed_07,0.04847391826840906,189,519,541,0.36416184971098264
<V3_ROOT>/07_AGGREGATE/CORE_541_DISTRIBUTION_V3.csv,data_row_1based:30061,A07,up_rmse_m,D55_seed_08,0.04847391826840906,190,519,541,0.36608863198458574
<V3_ROOT>/07_AGGREGATE/CORE_541_DISTRIBUTION_V3.csv,data_row_1based:30062,A07,up_rmse_m,D56_seed_00,0.04847391826840906,191,519,541,0.36801541425818884
<V3_ROOT>/07_AGGREGATE/CORE_541_DISTRIBUTION_V3.csv,data_row_1based:30063,A07,up_rmse_m,D56_seed_01,0.04847391826840906,192,519,541,0.3699421965317919
<V3_ROOT>/07_AGGREGATE/CORE_541_DISTRIBUTION_V3.csv,data_row_1based:30064,A07,up_rmse_m,D56_seed_02,0.04847391826840906,193,519,541,0.371868978805395
<V3_ROOT>/07_AGGREGATE/CORE_541_DISTRIBUTION_V3.csv,data_row_1based:30065,A07,up_rmse_m,D56_seed_03,0.04847391826840906,194,519,541,0.3737957610789981
<V3_ROOT>/07_AGGREGATE/CORE_541_DISTRIBUTION_V3.csv,data_row_1based:30066,A07,up_rmse_m,D56_seed_04,0.04847391826840906,195,519,541,0.37572254335260113
<V3_ROOT>/07_AGGREGATE/CORE_541_DISTRIBUTION_V3.csv,data_row_1based:30067,A07,up_rmse_m,D56_seed_05,0.04847391826840906,196,519,541,0.37764932562620424
<V3_ROOT>/07_AGGREGATE/CORE_541_DISTRIBUTION_V3.csv,data_row_1based:30068,A07,up_rmse_m,D56_seed_06,0.04847391826840906,197,519,541,0.37957610789980734
<V3_ROOT>/07_AGGREGATE/CORE_541_DISTRIBUTION_V3.csv,data_row_1based:30069,A07,up_rmse_m,D56_seed_07,0.04847391826840906,198,519,541,0.3815028901734104
<V3_ROOT>/07_AGGREGATE/CORE_541_DISTRIBUTION_V3.csv,data_row_1based:30070,A07,up_rmse_m,D56_seed_08,0.04847391826840906,199,519,541,0.3834296724470135
<V3_ROOT>/07_AGGREGATE/CORE_541_DISTRIBUTION_V3.csv,data_row_1based:30071,A07,up_rmse_m,D30_seed_06,0.04847393147891513,200,519,541,0.3853564547206166
<V3_ROOT>/07_AGGREGATE/CORE_541_DISTRIBUTION_V3.csv,data_row_1based:30072,A07,up_rmse_m,D48_seed_08,0.04847393294104853,201,519,541,0.3872832369942196
<V3_ROOT>/07_AGGREGATE/CORE_541_DISTRIBUTION_V3.csv,data_row_1based:30073,A07,up_rmse_m,D30_seed_08,0.04847395646245684,202,519,541,0.3892100192678227
<V3_ROOT>/07_AGGREGATE/CORE_541_DISTRIBUTION_V3.csv,data_row_1based:30074,A07,up_rmse_m,D30_seed_01,0.04847395865177258,203,519,541,0.3911368015414258
<V3_ROOT>/07_AGGREGATE/CORE_541_DISTRIBUTION_V3.csv,data_row_1based:30075,A07,up_rmse_m,D31_seed_08,0.04847396069304335,204,519,541,0.3930635838150289
<V3_ROOT>/07_AGGREGATE/CORE_541_DISTRIBUTION_V3.csv,data_row_1based:30076,A07,up_rmse_m,D30_seed_02,0.048473999732619115,205,519,541,0.394990366088632
<V3_ROOT>/07_AGGREGATE/CORE_541_DISTRIBUTION_V3.csv,data_row_1based:30077,A07,up_rmse_m,D48_seed_06,0.0484740192102548,206,519,541,0.3969171483622351
<V3_ROOT>/07_AGGREGATE/CORE_541_DISTRIBUTION_V3.csv,data_row_1based:30078,A07,up_rmse_m,D38_seed_07,0.04847402553777683,207,519,541,0.3988439306358382
<V3_ROOT>/07_AGGREGATE/CORE_541_DISTRIBUTION_V3.csv,data_row_1based:30079,A07,up_rmse_m,D39_seed_01,0.048474033542741594,208,519,541,0.4007707129094412
<V3_ROOT>/07_AGGREGATE/CORE_541_DISTRIBUTION_V3.csv,data_row_1based:30080,A07,up_rmse_m,D39_seed_00,0.04847405060658075,209,519,541,0.4026974951830443
<V3_ROOT>/07_AGGREGATE/CORE_541_DISTRIBUTION_V3.csv,data_row_1based:30081,A07,up_rmse_m,D30_seed_07,0.04847411765151532,210,519,541,0.4046242774566474
<V3_ROOT>/07_AGGREGATE/CORE_541_DISTRIBUTION_V3.csv,data_row_1based:30082,A07,up_rmse_m,D39_seed_02,0.048474144725971675,211,519,541,0.40655105973025046
<V3_ROOT>/07_AGGREGATE/CORE_541_DISTRIBUTION_V3.csv,data_row_1based:30083,A07,up_rmse_m,D35_seed_08,0.04847416429191113,212,519,541,0.40847784200385356
<V3_ROOT>/07_AGGREGATE/CORE_541_DISTRIBUTION_V3.csv,data_row_1based:30084,A07,up_rmse_m,D39_seed_04,0.04847428859244321,213,519,541,0.41040462427745666
<V3_ROOT>/07_AGGREGATE/CORE_541_DISTRIBUTION_V3.csv,data_row_1based:30085,A07,up_rmse_m,D30_seed_05,0.04847429934239491,214,519,541,0.4123314065510597
<V3_ROOT>/07_AGGREGATE/CORE_541_DISTRIBUTION_V3.csv,data_row_1based:30086,A07,up_rmse_m,D39_seed_06,0.04847430772448922,215,519,541,0.4142581888246628
<V3_ROOT>/07_AGGREGATE/CORE_541_DISTRIBUTION_V3.csv,data_row_1based:30087,A07,up_rmse_m,D31_seed_02,0.04847440339018033,216,519,541,0.4161849710982659
<V3_ROOT>/07_AGGREGATE/CORE_541_DISTRIBUTION_V3.csv,data_row_1based:30088,A07,up_rmse_m,D31_seed_06,0.048474448238878524,217,519,541,0.41811175337186895
<V3_ROOT>/07_AGGREGATE/CORE_541_DISTRIBUTION_V3.csv,data_row_1based:30089,A07,up_rmse_m,D34_seed_02,0.04847447537431823,218,519,541,0.42003853564547206
<V3_ROOT>/07_AGGREGATE/CORE_541_DISTRIBUTION_V3.csv,data_row_1based:30090,A07,up_rmse_m,D30_seed_03,0.04847451870955328,219,519,541,0.42196531791907516
<V3_ROOT>/07_AGGREGATE/CORE_541_DISTRIBUTION_V3.csv,data_row_1based:30091,A07,up_rmse_m,D31_seed_01,0.048474696479250734,220,519,541,0.4238921001926782
<V3_ROOT>/07_AGGREGATE/CORE_541_DISTRIBUTION_V3.csv,data_row_1based:30092,A07,up_rmse_m,D34_seed_05,0.048474918723382096,221,519,541,0.4258188824662813
<V3_ROOT>/07_AGGREGATE/CORE_541_DISTRIBUTION_V3.csv,data_row_1based:30093,A07,up_rmse_m,D32_seed_08,0.04847496137055443,222,519,541,0.4277456647398844
<V3_ROOT>/07_AGGREGATE/CORE_541_DISTRIBUTION_V3.csv,data_row_1based:30094,A07,up_rmse_m,D34_seed_07,0.048474979452428194,223,519,541,0.4296724470134875
<V3_ROOT>/07_AGGREGATE/CORE_541_DISTRIBUTION_V3.csv,data_row_1based:30095,A07,up_rmse_m,D32_seed_05,0.048475014237878124,224,519,541,0.43159922928709055
<V3_ROOT>/07_AGGREGATE/CORE_541_DISTRIBUTION_V3.csv,data_row_1based:30096,A07,up_rmse_m,D33_seed_05,0.048475695000367025,225,519,541,0.43352601156069365
<V3_ROOT>/07_AGGREGATE/CORE_541_DISTRIBUTION_V3.csv,data_row_1based:30097,A07,up_rmse_m,D35_seed_02,0.04847597277377092,226,519,541,0.43545279383429675
<V3_ROOT>/07_AGGREGATE/CORE_541_DISTRIBUTION_V3.csv,data_row_1based:30098,A07,up_rmse_m,D35_seed_07,0.048476056068223035,227,519,541,0.4373795761078998
<V3_ROOT>/07_AGGREGATE/CORE_541_DISTRIBUTION_V3.csv,data_row_1based:30099,A07,up_rmse_m,D38_seed_05,0.04847675099479915,228,519,541,0.4393063583815029
<V3_ROOT>/07_AGGREGATE/CORE_541_DISTRIBUTION_V3.csv,data_row_1based:30100,A07,up_rmse_m,D48_seed_00,0.048478485490824376,229,519,541,0.441233140655106
<V3_ROOT>/07_AGGREGATE/CORE_541_DISTRIBUTION_V3.csv,data_row_1based:30101,A07,up_rmse_m,D42_seed_00,0.04847916490644161,230,519,541,0.44315992292870904
<V3_ROOT>/07_AGGREGATE/CORE_541_DISTRIBUTION_V3.csv,data_row_1based:30102,A07,up_rmse_m,D46_seed_02,0.048479699704332295,231,519,541,0.44508670520231214
<V3_ROOT>/07_AGGREGATE/CORE_541_DISTRIBUTION_V3.csv,data_row_1based:30103,A07,up_rmse_m,D02_seed_08,0.04848166314553615,232,519,541,0.44701348747591524
<V3_ROOT>/07_AGGREGATE/CORE_541_DISTRIBUTION_V3.csv,data_row_1based:30104,A07,up_rmse_m,D41_seed_04,0.04848219315755017,233,519,541,0.4489402697495183
<V3_ROOT>/07_AGGREGATE/CORE_541_DISTRIBUTION_V3.csv,data_row_1based:30105,A07,up_rmse_m,D46_seed_08,0.04848336487883965,234,519,541,0.4508670520231214
<V3_ROOT>/07_AGGREGATE/CORE_541_DISTRIBUTION_V3.csv,data_row_1based:30106,A07,up_rmse_m,D41_seed_00,0.04848367300964964,235,519,541,0.4527938342967245
<V3_ROOT>/07_AGGREGATE/CORE_541_DISTRIBUTION_V3.csv,data_row_1based:30107,A07,up_rmse_m,D42_seed_02,0.048490749414471866,236,519,541,0.45472061657032753
<V3_ROOT>/07_AGGREGATE/CORE_541_DISTRIBUTION_V3.csv,data_row_1based:30108,A07,up_rmse_m,D44_seed_06,0.048491239081739704,237,519,541,0.45664739884393063
<V3_ROOT>/07_AGGREGATE/CORE_541_DISTRIBUTION_V3.csv,data_row_1based:30109,A07,up_rmse_m,D01_seed_02,0.0485056804393338,238,519,541,0.45857418111753373
<V3_ROOT>/07_AGGREGATE/CORE_541_DISTRIBUTION_V3.csv,data_row_1based:30110,A07,up_rmse_m,D01_seed_08,0.04850775440976064,239,519,541,0.4605009633911368
<V3_ROOT>/07_AGGREGATE/CORE_541_DISTRIBUTION_V3.csv,data_row_1based:30111,A07,up_rmse_m,D44_seed_08,0.04851091078976409,240,519,541,0.4624277456647399
<V3_ROOT>/07_AGGREGATE/CORE_541_DISTRIBUTION_V3.csv,data_row_1based:30112,A07,up_rmse_m,D02_seed_01,0.048511940580981176,241,519,541,0.464354527938343
<V3_ROOT>/07_AGGREGATE/CORE_541_DISTRIBUTION_V3.csv,data_row_1based:30113,A07,up_rmse_m,D01_seed_05,0.04851322766887317,242,519,541,0.4662813102119461
<V3_ROOT>/07_AGGREGATE/CORE_541_DISTRIBUTION_V3.csv,data_row_1based:30114,A07,up_rmse_m,D42_seed_06,0.0485162028281784,243,519,541,0.4682080924855491
<V3_ROOT>/07_AGGREGATE/CORE_541_DISTRIBUTION_V3.csv,data_row_1based:30115,A07,up_rmse_m,D42_seed_03,0.048524622406065115,244,519,541,0.4701348747591522
<V3_ROOT>/07_AGGREGATE/CORE_541_DISTRIBUTION_V3.csv,data_row_1based:30116,A07,up_rmse_m,D44_seed_05,0.048527267089941054,245,519,541,0.4720616570327553
<V3_ROOT>/07_AGGREGATE/CORE_541_DISTRIBUTION_V3.csv,data_row_1based:30117,A07,up_rmse_m,D44_seed_03,0.0485402914687463,246,519,541,0.47398843930635837
<V3_ROOT>/07_AGGREGATE/CORE_541_DISTRIBUTION_V3.csv,data_row_1based:30118,A07,up_rmse_m,D42_seed_05,0.04854117359110885,247,519,541,0.47591522157996147
<V3_ROOT>/07_AGGREGATE/CORE_541_DISTRIBUTION_V3.csv,data_row_1based:30119,A07,up_rmse_m,D42_seed_01,0.04854267554063839,248,519,541,0.47784200385356457
<V3_ROOT>/07_AGGREGATE/CORE_541_DISTRIBUTION_V3.csv,data_row_1based:30120,A07,up_rmse_m,D01_seed_00,0.0485438360701359,249,519,541,0.4797687861271676
<V3_ROOT>/07_AGGREGATE/CORE_541_DISTRIBUTION_V3.csv,data_row_1based:30121,A07,up_rmse_m,D42_seed_04,0.048554329104794965,250,519,541,0.4816955684007707
<V3_ROOT>/07_AGGREGATE/CORE_541_DISTRIBUTION_V3.csv,data_row_1based:30122,A07,up_rmse_m,D42_seed_07,0.048559993894518025,251,519,541,0.4836223506743738
<V3_ROOT>/07_AGGREGATE/CORE_541_DISTRIBUTION_V3.csv,data_row_1based:30123,A07,up_rmse_m,D42_seed_08,0.04856945184764967,252,519,541,0.48554913294797686
<V3_ROOT>/07_AGGREGATE/CORE_541_DISTRIBUTION_V3.csv,data_row_1based:30124,A07,up_rmse_m,D01_seed_01,0.04857259876552453,253,519,541,0.48747591522157996
<V3_ROOT>/07_AGGREGATE/CORE_541_DISTRIBUTION_V3.csv,data_row_1based:30125,A07,up_rmse_m,D44_seed_04,0.048584215647948376,254,519,541,0.48940269749518306
<V3_ROOT>/07_AGGREGATE/CORE_541_DISTRIBUTION_V3.csv,data_row_1based:30126,A07,up_rmse_m,D44_seed_07,0.04858698830217375,255,519,541,0.4913294797687861
<V3_ROOT>/07_AGGREGATE/CORE_541_DISTRIBUTION_V3.csv,data_row_1based:30127,A07,up_rmse_m,D01_seed_03,0.048594447056025086,256,519,541,0.4932562620423892
<V3_ROOT>/07_AGGREGATE/CORE_541_DISTRIBUTION_V3.csv,data_row_1based:30128,A07,up_rmse_m,D07_seed_05,0.04860128842499548,257,519,541,0.4951830443159923
<V3_ROOT>/07_AGGREGATE/CORE_541_DISTRIBUTION_V3.csv,data_row_1based:30129,A07,up_rmse_m,D44_seed_01,0.04861691305244894,258,519,541,0.49710982658959535
<V3_ROOT>/07_AGGREGATE/CORE_541_DISTRIBUTION_V3.csv,data_row_1based:30130,A07,up_rmse_m,D02_seed_02,0.04863652483120639,259,519,541,0.49903660886319845
<V3_ROOT>/07_AGGREGATE/CORE_541_DISTRIBUTION_V3.csv,data_row_1based:30131,A07,up_rmse_m,D44_seed_00,0.04863817928268113,260,519,541,0.5009633911368016
<V3_ROOT>/07_AGGREGATE/CORE_541_DISTRIBUTION_V3.csv,data_row_1based:30132,A07,up_rmse_m,D02_seed_04,0.048647923499884525,261,519,541,0.5028901734104047
<V3_ROOT>/07_AGGREGATE/CORE_541_DISTRIBUTION_V3.csv,data_row_1based:30133,A07,up_rmse_m,D44_seed_02,0.04866495541922793,262,519,541,0.5048169556840078
<V3_ROOT>/07_AGGREGATE/CORE_541_DISTRIBUTION_V3.csv,data_row_1based:30134,A07,up_rmse_m,D02_seed_05,0.048690935795795726,263,519,541,0.5067437379576107
<V3_ROOT>/07_AGGREGATE/CORE_541_DISTRIBUTION_V3.csv,data_row_1based:30135,A07,up_rmse_m,D03_seed_02,0.04875476603338239,264,519,541,0.5086705202312138
<V3_ROOT>/07_AGGREGATE/CORE_541_DISTRIBUTION_V3.csv,data_row_1based:30136,A07,up_rmse_m,D58_seed_02,0.04875480689869824,265,519,541,0.5105973025048169
<V3_ROOT>/07_AGGREGATE/CORE_541_DISTRIBUTION_V3.csv,data_row_1based:30137,A07,up_rmse_m,D02_seed_03,0.048939065328857716,266,519,541,0.51252408477842
<V3_ROOT>/07_AGGREGATE/CORE_541_DISTRIBUTION_V3.csv,data_row_1based:30138,A07,up_rmse_m,D23_seed_00,0.04897816070937534,267,519,541,0.5144508670520231
<V3_ROOT>/07_AGGREGATE/CORE_541_DISTRIBUTION_V3.csv,data_row_1based:30139,A07,up_rmse_m,D23_seed_01,0.04897816070937534,268,519,541,0.5163776493256262
<V3_ROOT>/07_AGGREGATE/CORE_541_DISTRIBUTION_V3.csv,data_row_1based:30140,A07,up_rmse_m,D23_seed_02,0.04897816070937534,269,519,541,0.5183044315992292
<V3_ROOT>/07_AGGREGATE/CORE_541_DISTRIBUTION_V3.csv,data_row_1based:30141,A07,up_rmse_m,D23_seed_03,0.04897816070937534,270,519,541,0.5202312138728323
<V3_ROOT>/07_AGGREGATE/CORE_541_DISTRIBUTION_V3.csv,data_row_1based:30142,A07,up_rmse_m,D23_seed_04,0.04897816070937534,271,519,541,0.5221579961464354
<V3_ROOT>/07_AGGREGATE/CORE_541_DISTRIBUTION_V3.csv,data_row_1based:30143,A07,up_rmse_m,D23_seed_05,0.04897816070937534,272,519,541,0.5240847784200385
<V3_ROOT>/07_AGGREGATE/CORE_541_DISTRIBUTION_V3.csv,data_row_1based:30144,A07,up_rmse_m,D23_seed_06,0.04897816070937534,273,519,541,0.5260115606936416
<V3_ROOT>/07_AGGREGATE/CORE_541_DISTRIBUTION_V3.csv,data_row_1based:30145,A07,up_rmse_m,D23_seed_07,0.04897816070937534,274,519,541,0.5279383429672447
<V3_ROOT>/07_AGGREGATE/CORE_541_DISTRIBUTION_V3.csv,data_row_1based:30146,A07,up_rmse_m,D23_seed_08,0.04897816070937534,275,519,541,0.5298651252408478
<V3_ROOT>/07_AGGREGATE/CORE_541_DISTRIBUTION_V3.csv,data_row_1based:30147,A07,up_rmse_m,D01_seed_07,0.04898969011242166,276,519,541,0.5317919075144508
<V3_ROOT>/07_AGGREGATE/CORE_541_DISTRIBUTION_V3.csv,data_row_1based:30148,A07,up_rmse_m,D04_seed_01,0.0490081438859907,277,519,541,0.5337186897880539
<V3_ROOT>/07_AGGREGATE/CORE_541_DISTRIBUTION_V3.csv,data_row_1based:30149,A07,up_rmse_m,D07_seed_02,0.04901655190132379,278,519,541,0.535645472061657
<V3_ROOT>/07_AGGREGATE/CORE_541_DISTRIBUTION_V3.csv,data_row_1based:30150,A07,up_rmse_m,D02_seed_07,0.04902856197405386,279,519,541,0.5375722543352601
<V3_ROOT>/07_AGGREGATE/CORE_541_DISTRIBUTION_V3.csv,data_row_1based:30151,A07,up_rmse_m,D01_seed_06,0.04912419692797721,280,519,541,0.5394990366088632
<V3_ROOT>/07_AGGREGATE/CORE_541_DISTRIBUTION_V3.csv,data_row_1based:30152,A07,up_rmse_m,D58_seed_00,0.049171449891793936,281,519,541,0.5414258188824663
<V3_ROOT>/07_AGGREGATE/CORE_541_DISTRIBUTION_V3.csv,data_row_1based:30153,A07,up_rmse_m,D03_seed_00,0.04917147741652841,282,519,541,0.5433526011560693
<V3_ROOT>/07_AGGREGATE/CORE_541_DISTRIBUTION_V3.csv,data_row_1based:30154,A07,up_rmse_m,D07_seed_01,0.049182388897020514,283,519,541,0.5452793834296724
<V3_ROOT>/07_AGGREGATE/CORE_541_DISTRIBUTION_V3.csv,data_row_1based:30155,A07,up_rmse_m,D03_seed_01,0.049184415648499076,284,519,541,0.5472061657032755
<V3_ROOT>/07_AGGREGATE/CORE_541_DISTRIBUTION_V3.csv,data_row_1based:30156,A07,up_rmse_m,D58_seed_01,0.0491845186816661,285,519,541,0.5491329479768786
<V3_ROOT>/07_AGGREGATE/CORE_541_DISTRIBUTION_V3.csv,data_row_1based:30157,A07,up_rmse_m,D07_seed_08,0.049286666535605726,286,519,541,0.5510597302504817
<V3_ROOT>/07_AGGREGATE/CORE_541_DISTRIBUTION_V3.csv,data_row_1based:30158,A07,up_rmse_m,D07_seed_07,0.04936784302808065,287,519,541,0.5529865125240848
<V3_ROOT>/07_AGGREGATE/CORE_541_DISTRIBUTION_V3.csv,data_row_1based:30159,A07,up_rmse_m,D07_seed_03,0.0494602651608465,288,519,541,0.5549132947976878
<V3_ROOT>/07_AGGREGATE/CORE_541_DISTRIBUTION_V3.csv,data_row_1based:30160,A07,up_rmse_m,D07_seed_00,0.0496295079889112,289,519,541,0.5568400770712909
<V3_ROOT>/07_AGGREGATE/CORE_541_DISTRIBUTION_V3.csv,data_row_1based:30161,A07,up_rmse_m,D58_seed_03,0.04967178062690393,290,519,541,0.558766859344894
<V3_ROOT>/07_AGGREGATE/CORE_541_DISTRIBUTION_V3.csv,data_row_1based:30162,A07,up_rmse_m,D03_seed_03,0.049672260872381836,291,519,541,0.5606936416184971
<V3_ROOT>/07_AGGREGATE/CORE_541_DISTRIBUTION_V3.csv,data_row_1based:30163,A07,up_rmse_m,D03_seed_07,0.04967729872446699,292,519,541,0.5626204238921002
<V3_ROOT>/07_AGGREGATE/CORE_541_DISTRIBUTION_V3.csv,data_row_1based:30164,A07,up_rmse_m,D58_seed_07,0.04967731454023568,293,519,541,0.5645472061657033
<V3_ROOT>/07_AGGREGATE/CORE_541_DISTRIBUTION_V3.csv,data_row_1based:30165,A07,up_rmse_m,D04_seed_00,0.049686317064750005,294,519,541,0.5664739884393064
<V3_ROOT>/07_AGGREGATE/CORE_541_DISTRIBUTION_V3.csv,data_row_1based:30166,A07,up_rmse_m,D07_seed_06,0.049749792675991396,295,519,541,0.5684007707129094
<V3_ROOT>/07_AGGREGATE/CORE_541_DISTRIBUTION_V3.csv,data_row_1based:30167,A07,up_rmse_m,D01_seed_04,0.049928104446790716,296,519,541,0.5703275529865125
<V3_ROOT>/07_AGGREGATE/CORE_541_DISTRIBUTION_V3.csv,data_row_1based:30168,A07,up_rmse_m,D07_seed_04,0.04999017249824673,297,519,541,0.5722543352601156
<V3_ROOT>/07_AGGREGATE/CORE_541_DISTRIBUTION_V3.csv,data_row_1based:30169,A07,up_rmse_m,D49_seed_08,0.05003623728514072,298,519,541,0.5741811175337187
<V3_ROOT>/07_AGGREGATE/CORE_541_DISTRIBUTION_V3.csv,data_row_1based:30170,A07,up_rmse_m,D04_seed_08,0.05008045200314422,299,519,541,0.5761078998073218
<V3_ROOT>/07_AGGREGATE/CORE_541_DISTRIBUTION_V3.csv,data_row_1based:30171,A07,up_rmse_m,D04_seed_04,0.050125776231823814,300,519,541,0.5780346820809249
<V3_ROOT>/07_AGGREGATE/CORE_541_DISTRIBUTION_V3.csv,data_row_1based:30172,A07,up_rmse_m,D49_seed_01,0.05020376288686777,301,519,541,0.5799614643545279
<V3_ROOT>/07_AGGREGATE/CORE_541_DISTRIBUTION_V3.csv,data_row_1based:30173,A07,up_rmse_m,D49_seed_00,0.050272576032136994,302,519,541,0.581888246628131
<V3_ROOT>/07_AGGREGATE/CORE_541_DISTRIBUTION_V3.csv,data_row_1based:30174,A07,up_rmse_m,D24_seed_00,0.05034773344911364,303,519,541,0.5838150289017341
<V3_ROOT>/07_AGGREGATE/CORE_541_DISTRIBUTION_V3.csv,data_row_1based:30175,A07,up_rmse_m,D24_seed_01,0.05034773344911364,304,519,541,0.5857418111753372
<V3_ROOT>/07_AGGREGATE/CORE_541_DISTRIBUTION_V3.csv,data_row_1based:30176,A07,up_rmse_m,D24_seed_02,0.05034773344911364,305,519,541,0.5876685934489403
<V3_ROOT>/07_AGGREGATE/CORE_541_DISTRIBUTION_V3.csv,data_row_1based:30177,A07,up_rmse_m,D24_seed_03,0.05034773344911364,306,519,541,0.5895953757225434
<V3_ROOT>/07_AGGREGATE/CORE_541_DISTRIBUTION_V3.csv,data_row_1based:30178,A07,up_rmse_m,D24_seed_04,0.05034773344911364,307,519,541,0.5915221579961464
<V3_ROOT>/07_AGGREGATE/CORE_541_DISTRIBUTION_V3.csv,data_row_1based:30179,A07,up_rmse_m,D24_seed_05,0.05034773344911364,308,519,541,0.5934489402697495
<V3_ROOT>/07_AGGREGATE/CORE_541_DISTRIBUTION_V3.csv,data_row_1based:30180,A07,up_rmse_m,D24_seed_06,0.05034773344911364,309,519,541,0.5953757225433526
<V3_ROOT>/07_AGGREGATE/CORE_541_DISTRIBUTION_V3.csv,data_row_1based:30181,A07,up_rmse_m,D24_seed_07,0.05034773344911364,310,519,541,0.5973025048169557
<V3_ROOT>/07_AGGREGATE/CORE_541_DISTRIBUTION_V3.csv,data_row_1based:30182,A07,up_rmse_m,D24_seed_08,0.05034773344911364,311,519,541,0.5992292870905588
<V3_ROOT>/07_AGGREGATE/CORE_541_DISTRIBUTION_V3.csv,data_row_1based:30183,A07,up_rmse_m,D49_seed_04,0.050413012385097426,312,519,541,0.6011560693641619
<V3_ROOT>/07_AGGREGATE/CORE_541_DISTRIBUTION_V3.csv,data_row_1based:30184,A07,up_rmse_m,D49_seed_06,0.05041857173939843,313,519,541,0.603082851637765
<V3_ROOT>/07_AGGREGATE/CORE_541_DISTRIBUTION_V3.csv,data_row_1based:30185,A07,up_rmse_m,D49_seed_07,0.05043175556565974,314,519,541,0.605009633911368
<V3_ROOT>/07_AGGREGATE/CORE_541_DISTRIBUTION_V3.csv,data_row_1based:30186,A07,up_rmse_m,D49_seed_02,0.05047527671232843,315,519,541,0.6069364161849711
<V3_ROOT>/07_AGGREGATE/CORE_541_DISTRIBUTION_V3.csv,data_row_1based:30187,A07,up_rmse_m,D03_seed_05,0.0506121883138698,316,519,541,0.6088631984585742
<V3_ROOT>/07_AGGREGATE/CORE_541_DISTRIBUTION_V3.csv,data_row_1based:30188,A07,up_rmse_m,D58_seed_05,0.050612825704081724,317,519,541,0.6107899807321773
<V3_ROOT>/07_AGGREGATE/CORE_541_DISTRIBUTION_V3.csv,data_row_1based:30189,A07,up_rmse_m,D49_seed_03,0.0506365704056415,318,519,541,0.6127167630057804
<V3_ROOT>/07_AGGREGATE/CORE_541_DISTRIBUTION_V3.csv,data_row_1based:30190,A07,up_rmse_m,D11_seed_02,0.050692214129122455,319,519,541,0.6146435452793835
<V3_ROOT>/07_AGGREGATE/CORE_541_DISTRIBUTION_V3.csv,data_row_1based:30191,A07,up_rmse_m,D49_seed_05,0.05073325755714071,320,519,541,0.6165703275529865
<V3_ROOT>/07_AGGREGATE/CORE_541_DISTRIBUTION_V3.csv,data_row_1based:30192,A07,up_rmse_m,D11_seed_05,0.050886199769611576,321,519,541,0.6184971098265896
<V3_ROOT>/07_AGGREGATE/CORE_541_DISTRIBUTION_V3.csv,data_row_1based:30193,A07,up_rmse_m,D02_seed_06,0.05093329507759811,322,519,541,0.6204238921001927
<V3_ROOT>/07_AGGREGATE/CORE_541_DISTRIBUTION_V3.csv,data_row_1based:30194,A07,up_rmse_m,D11_seed_04,0.051007004407204466,323,519,541,0.6223506743737958
<V3_ROOT>/07_AGGREGATE/CORE_541_DISTRIBUTION_V3.csv,data_row_1based:30195,A07,up_rmse_m,D43_seed_01,0.05103400444552714,324,519,541,0.6242774566473989
<V3_ROOT>/07_AGGREGATE/CORE_541_DISTRIBUTION_V3.csv,data_row_1based:30196,A07,up_rmse_m,D11_seed_00,0.05167074384093845,325,519,541,0.626204238921002
<V3_ROOT>/07_AGGREGATE/CORE_541_DISTRIBUTION_V3.csv,data_row_1based:30197,A07,up_rmse_m,D11_seed_08,0.05167974691042179,326,519,541,0.628131021194605
<V3_ROOT>/07_AGGREGATE/CORE_541_DISTRIBUTION_V3.csv,data_row_1based:30198,A07,up_rmse_m,D43_seed_06,0.05216850514426735,327,519,541,0.630057803468208
<V3_ROOT>/07_AGGREGATE/CORE_541_DISTRIBUTION_V3.csv,data_row_1based:30199,A07,up_rmse_m,D11_seed_01,0.05220933230131012,328,519,541,0.6319845857418112
<V3_ROOT>/07_AGGREGATE/CORE_541_DISTRIBUTION_V3.csv,data_row_1based:30200,A07,up_rmse_m,D11_seed_07,0.05227148804910731,329,519,541,0.6339113680154143
<V3_ROOT>/07_AGGREGATE/CORE_541_DISTRIBUTION_V3.csv,data_row_1based:30201,A07,up_rmse_m,D11_seed_06,0.05244585321330529,330,519,541,0.6358381502890174
<V3_ROOT>/07_AGGREGATE/CORE_541_DISTRIBUTION_V3.csv,data_row_1based:30202,A07,up_rmse_m,D25_seed_00,0.05264378652988247,331,519,541,0.6377649325626205
<V3_ROOT>/07_AGGREGATE/CORE_541_DISTRIBUTION_V3.csv,data_row_1based:30203,A07,up_rmse_m,D25_seed_01,0.05264378652988247,332,519,541,0.6396917148362236
<V3_ROOT>/07_AGGREGATE/CORE_541_DISTRIBUTION_V3.csv,data_row_1based:30204,A07,up_rmse_m,D25_seed_02,0.05264378652988247,333,519,541,0.6416184971098265
<V3_ROOT>/07_AGGREGATE/CORE_541_DISTRIBUTION_V3.csv,data_row_1based:30205,A07,up_rmse_m,D25_seed_03,0.05264378652988247,334,519,541,0.6435452793834296
<V3_ROOT>/07_AGGREGATE/CORE_541_DISTRIBUTION_V3.csv,data_row_1based:30206,A07,up_rmse_m,D25_seed_04,0.05264378652988247,335,519,541,0.6454720616570327
<V3_ROOT>/07_AGGREGATE/CORE_541_DISTRIBUTION_V3.csv,data_row_1based:30207,A07,up_rmse_m,D25_seed_05,0.05264378652988247,336,519,541,0.6473988439306358
<V3_ROOT>/07_AGGREGATE/CORE_541_DISTRIBUTION_V3.csv,data_row_1based:30208,A07,up_rmse_m,D25_seed_06,0.05264378652988247,337,519,541,0.649325626204239
<V3_ROOT>/07_AGGREGATE/CORE_541_DISTRIBUTION_V3.csv,data_row_1based:30209,A07,up_rmse_m,D25_seed_07,0.05264378652988247,338,519,541,0.651252408477842
<V3_ROOT>/07_AGGREGATE/CORE_541_DISTRIBUTION_V3.csv,data_row_1based:30210,A07,up_rmse_m,D25_seed_08,0.05264378652988247,339,519,541,0.653179190751445
<V3_ROOT>/07_AGGREGATE/CORE_541_DISTRIBUTION_V3.csv,data_row_1based:30211,A07,up_rmse_m,D28_seed_00,0.05264378652988247,340,519,541,0.6551059730250481
<V3_ROOT>/07_AGGREGATE/CORE_541_DISTRIBUTION_V3.csv,data_row_1based:30212,A07,up_rmse_m,D28_seed_01,0.05264378652988247,341,519,541,0.6570327552986512
<V3_ROOT>/07_AGGREGATE/CORE_541_DISTRIBUTION_V3.csv,data_row_1based:30213,A07,up_rmse_m,D28_seed_02,0.05264378652988247,342,519,541,0.6589595375722543
<V3_ROOT>/07_AGGREGATE/CORE_541_DISTRIBUTION_V3.csv,data_row_1based:30214,A07,up_rmse_m,D28_seed_03,0.05264378652988247,343,519,541,0.6608863198458574
<V3_ROOT>/07_AGGREGATE/CORE_541_DISTRIBUTION_V3.csv,data_row_1based:30215,A07,up_rmse_m,D28_seed_04,0.05264378652988247,344,519,541,0.6628131021194605
<V3_ROOT>/07_AGGREGATE/CORE_541_DISTRIBUTION_V3.csv,data_row_1based:30216,A07,up_rmse_m,D28_seed_05,0.05264378652988247,345,519,541,0.6647398843930635
<V3_ROOT>/07_AGGREGATE/CORE_541_DISTRIBUTION_V3.csv,data_row_1based:30217,A07,up_rmse_m,D28_seed_06,0.05264378652988247,346,519,541,0.6666666666666666
<V3_ROOT>/07_AGGREGATE/CORE_541_DISTRIBUTION_V3.csv,data_row_1based:30218,A07,up_rmse_m,D28_seed_07,0.05264378652988247,347,519,541,0.6685934489402697
<V3_ROOT>/07_AGGREGATE/CORE_541_DISTRIBUTION_V3.csv,data_row_1based:30219,A07,up_rmse_m,D28_seed_08,0.05264378652988247,348,519,541,0.6705202312138728
<V3_ROOT>/07_AGGREGATE/CORE_541_DISTRIBUTION_V3.csv,data_row_1based:30220,A07,up_rmse_m,D43_seed_00,0.052659215317878254,349,519,541,0.6724470134874759
<V3_ROOT>/07_AGGREGATE/CORE_541_DISTRIBUTION_V3.csv,data_row_1based:30221,A07,up_rmse_m,D11_seed_03,0.05272208934438976,350,519,541,0.674373795761079
<V3_ROOT>/07_AGGREGATE/CORE_541_DISTRIBUTION_V3.csv,data_row_1based:30222,A07,up_rmse_m,D43_seed_08,0.052848423286564875,351,519,541,0.6763005780346821
<V3_ROOT>/07_AGGREGATE/CORE_541_DISTRIBUTION_V3.csv,data_row_1based:30223,A07,up_rmse_m,D43_seed_02,0.052866645855246405,352,519,541,0.6782273603082851
<V3_ROOT>/07_AGGREGATE/CORE_541_DISTRIBUTION_V3.csv,data_row_1based:30224,A07,up_rmse_m,D43_seed_04,0.05343072883825438,353,519,541,0.6801541425818882
<V3_ROOT>/07_AGGREGATE/CORE_541_DISTRIBUTION_V3.csv,data_row_1based:30225,A07,up_rmse_m,D43_seed_05,0.05372153102099154,354,519,541,0.6820809248554913
<V3_ROOT>/07_AGGREGATE/CORE_541_DISTRIBUTION_V3.csv,data_row_1based:30226,A07,up_rmse_m,D43_seed_03,0.05378384257337807,355,519,541,0.6840077071290944
<V3_ROOT>/07_AGGREGATE/CORE_541_DISTRIBUTION_V3.csv,data_row_1based:30227,A07,up_rmse_m,D43_seed_07,0.05404363537380721,356,519,541,0.6859344894026975
<V3_ROOT>/07_AGGREGATE/CORE_541_DISTRIBUTION_V3.csv,data_row_1based:30228,A07,up_rmse_m,D09_seed_00,0.054779733361262156,357,519,541,0.6878612716763006
<V3_ROOT>/07_AGGREGATE/CORE_541_DISTRIBUTION_V3.csv,data_row_1based:30229,A07,up_rmse_m,D09_seed_01,0.05541749814704518,358,519,541,0.6897880539499036
<V3_ROOT>/07_AGGREGATE/CORE_541_DISTRIBUTION_V3.csv,data_row_1based:30230,A07,up_rmse_m,D09_seed_02,0.05541749814704518,359,519,541,0.6917148362235067
<V3_ROOT>/07_AGGREGATE/CORE_541_DISTRIBUTION_V3.csv,data_row_1based:30231,A07,up_rmse_m,D09_seed_03,0.05541749814704518,360,519,541,0.6936416184971098
<V3_ROOT>/07_AGGREGATE/CORE_541_DISTRIBUTION_V3.csv,data_row_1based:30232,A07,up_rmse_m,D09_seed_04,0.05541749814704518,361,519,541,0.6955684007707129
<V3_ROOT>/07_AGGREGATE/CORE_541_DISTRIBUTION_V3.csv,data_row_1based:30233,A07,up_rmse_m,D09_seed_05,0.05541749814704518,362,519,541,0.697495183044316
<V3_ROOT>/07_AGGREGATE/CORE_541_DISTRIBUTION_V3.csv,data_row_1based:30234,A07,up_rmse_m,D09_seed_06,0.05541749814704518,363,519,541,0.6994219653179191
<V3_ROOT>/07_AGGREGATE/CORE_541_DISTRIBUTION_V3.csv,data_row_1based:30235,A07,up_rmse_m,D09_seed_07,0.05541749814704518,364,519,541,0.7013487475915221
<V3_ROOT>/07_AGGREGATE/CORE_541_DISTRIBUTION_V3.csv,data_row_1based:30236,A07,up_rmse_m,D09_seed_08,0.05541749814704518,365,519,541,0.7032755298651252
<V3_ROOT>/07_AGGREGATE/CORE_541_DISTRIBUTION_V3.csv,data_row_1based:30237,A07,up_rmse_m,D45_seed_01,0.055583882922861885,366,519,541,0.7052023121387283
<V3_ROOT>/07_AGGREGATE/CORE_541_DISTRIBUTION_V3.csv,data_row_1based:30238,A07,up_rmse_m,D45_seed_06,0.057251543748643156,367,519,541,0.7071290944123314
<V3_ROOT>/07_AGGREGATE/CORE_541_DISTRIBUTION_V3.csv,data_row_1based:30239,A07,up_rmse_m,D45_seed_00,0.057857893860063285,368,519,541,0.7090558766859345
<V3_ROOT>/07_AGGREGATE/CORE_541_DISTRIBUTION_V3.csv,data_row_1based:30240,A07,up_rmse_m,D45_seed_02,0.058229653422325396,369,519,541,0.7109826589595376
<V3_ROOT>/07_AGGREGATE/CORE_541_DISTRIBUTION_V3.csv,data_row_1based:30241,A07,up_rmse_m,D45_seed_08,0.05924277730834815,370,519,541,0.7129094412331407
<V3_ROOT>/07_AGGREGATE/CORE_541_DISTRIBUTION_V3.csv,data_row_1based:30242,A07,up_rmse_m,D45_seed_04,0.059515525712084946,371,519,541,0.7148362235067437
<V3_ROOT>/07_AGGREGATE/CORE_541_DISTRIBUTION_V3.csv,data_row_1based:30243,A07,up_rmse_m,D12_seed_08,0.059745230485482956,372,519,541,0.7167630057803468
<V3_ROOT>/07_AGGREGATE/CORE_541_DISTRIBUTION_V3.csv,data_row_1based:30244,A07,up_rmse_m,D45_seed_05,0.059754940829769856,373,519,541,0.7186897880539499
<V3_ROOT>/07_AGGREGATE/CORE_541_DISTRIBUTION_V3.csv,data_row_1based:30245,A07,up_rmse_m,D45_seed_07,0.06012899719529894,374,519,541,0.720616570327553
<V3_ROOT>/07_AGGREGATE/CORE_541_DISTRIBUTION_V3.csv,data_row_1based:30246,A07,up_rmse_m,D45_seed_03,0.060140297627455035,375,519,541,0.7225433526011561
<V3_ROOT>/07_AGGREGATE/CORE_541_DISTRIBUTION_V3.csv,data_row_1based:30247,A07,up_rmse_m,D04_seed_07,0.06232630831086817,376,519,541,0.7244701348747592
<V3_ROOT>/07_AGGREGATE/CORE_541_DISTRIBUTION_V3.csv,data_row_1based:30248,A07,up_rmse_m,D12_seed_07,0.06263296358708344,377,519,541,0.7263969171483622
<V3_ROOT>/07_AGGREGATE/CORE_541_DISTRIBUTION_V3.csv,data_row_1based:30249,A07,up_rmse_m,D12_seed_02,0.06278899200679955,378,519,541,0.7283236994219653
<V3_ROOT>/07_AGGREGATE/CORE_541_DISTRIBUTION_V3.csv,data_row_1based:30250,A07,up_rmse_m,D12_seed_06,0.06281417043136547,379,519,541,0.7302504816955684
<V3_ROOT>/07_AGGREGATE/CORE_541_DISTRIBUTION_V3.csv,data_row_1based:30251,A07,up_rmse_m,D05_seed_05,0.06300072506710824,380,519,541,0.7321772639691715
<V3_ROOT>/07_AGGREGATE/CORE_541_DISTRIBUTION_V3.csv,data_row_1based:30252,A07,up_rmse_m,D12_seed_05,0.06325215987630263,381,519,541,0.7341040462427746
<V3_ROOT>/07_AGGREGATE/CORE_541_DISTRIBUTION_V3.csv,data_row_1based:30253,A07,up_rmse_m,D12_seed_04,0.06456790567790616,382,519,541,0.7360308285163777
<V3_ROOT>/07_AGGREGATE/CORE_541_DISTRIBUTION_V3.csv,data_row_1based:30254,A07,up_rmse_m,D03_seed_06,0.06523401089356015,383,519,541,0.7379576107899807
<V3_ROOT>/07_AGGREGATE/CORE_541_DISTRIBUTION_V3.csv,data_row_1based:30255,A07,up_rmse_m,D58_seed_06,0.06523411695770352,384,519,541,0.7398843930635838
<V3_ROOT>/07_AGGREGATE/CORE_541_DISTRIBUTION_V3.csv,data_row_1based:30256,A07,up_rmse_m,D05_seed_03,0.06563342555155467,385,519,541,0.7418111753371869
<V3_ROOT>/07_AGGREGATE/CORE_541_DISTRIBUTION_V3.csv,data_row_1based:30257,A07,up_rmse_m,D05_seed_02,0.06587469330946383,386,519,541,0.74373795761079
<V3_ROOT>/07_AGGREGATE/CORE_541_DISTRIBUTION_V3.csv,data_row_1based:30258,A07,up_rmse_m,D12_seed_03,0.06614607901098278,387,519,541,0.7456647398843931
<V3_ROOT>/07_AGGREGATE/CORE_541_DISTRIBUTION_V3.csv,data_row_1based:30259,A07,up_rmse_m,D12_seed_00,0.067582015828765,388,519,541,0.7475915221579962
<V3_ROOT>/07_AGGREGATE/CORE_541_DISTRIBUTION_V3.csv,data_row_1based:30260,A07,up_rmse_m,D12_seed_01,0.06984852867313812,389,519,541,0.7495183044315993
<V3_ROOT>/07_AGGREGATE/CORE_541_DISTRIBUTION_V3.csv,data_row_1based:30261,A07,up_rmse_m,D04_seed_02,0.07019250179269766,390,519,541,0.7514450867052023
<V3_ROOT>/07_AGGREGATE/CORE_541_DISTRIBUTION_V3.csv,data_row_1based:30262,A07,up_rmse_m,D04_seed_05,0.0711011310386348,391,519,541,0.7533718689788054
<V3_ROOT>/07_AGGREGATE/CORE_541_DISTRIBUTION_V3.csv,data_row_1based:30263,A07,up_rmse_m,D10_seed_00,0.07517067104265505,392,519,541,0.7552986512524085
<V3_ROOT>/07_AGGREGATE/CORE_541_DISTRIBUTION_V3.csv,data_row_1based:30264,A07,up_rmse_m,D04_seed_03,0.07607763002512044,393,519,541,0.7572254335260116
<V3_ROOT>/07_AGGREGATE/CORE_541_DISTRIBUTION_V3.csv,data_row_1based:30265,A07,up_rmse_m,D10_seed_01,0.07610923965102213,394,519,541,0.7591522157996147
<V3_ROOT>/07_AGGREGATE/CORE_541_DISTRIBUTION_V3.csv,data_row_1based:30266,A07,up_rmse_m,D10_seed_02,0.07610923965102213,395,519,541,0.7610789980732178
<V3_ROOT>/07_AGGREGATE/CORE_541_DISTRIBUTION_V3.csv,data_row_1based:30267,A07,up_rmse_m,D10_seed_03,0.07610923965102213,396,519,541,0.7630057803468208
<V3_ROOT>/07_AGGREGATE/CORE_541_DISTRIBUTION_V3.csv,data_row_1based:30268,A07,up_rmse_m,D10_seed_04,0.07610923965102213,397,519,541,0.7649325626204239
<V3_ROOT>/07_AGGREGATE/CORE_541_DISTRIBUTION_V3.csv,data_row_1based:30269,A07,up_rmse_m,D10_seed_05,0.07610923965102213,398,519,541,0.766859344894027
<V3_ROOT>/07_AGGREGATE/CORE_541_DISTRIBUTION_V3.csv,data_row_1based:30270,A07,up_rmse_m,D10_seed_06,0.07610923965102213,399,519,541,0.7687861271676301
<V3_ROOT>/07_AGGREGATE/CORE_541_DISTRIBUTION_V3.csv,data_row_1based:30271,A07,up_rmse_m,D10_seed_07,0.07610923965102213,400,519,541,0.7707129094412332
<V3_ROOT>/07_AGGREGATE/CORE_541_DISTRIBUTION_V3.csv,data_row_1based:30272,A07,up_rmse_m,D10_seed_08,0.07610923965102213,401,519,541,0.7726396917148363
<V3_ROOT>/07_AGGREGATE/CORE_541_DISTRIBUTION_V3.csv,data_row_1based:30273,A07,up_rmse_m,D05_seed_08,0.07810536862403128,402,519,541,0.7745664739884393
<V3_ROOT>/07_AGGREGATE/CORE_541_DISTRIBUTION_V3.csv,data_row_1based:30274,A07,up_rmse_m,D05_seed_00,0.08207918296585882,403,519,541,0.7764932562620424
<V3_ROOT>/07_AGGREGATE/CORE_541_DISTRIBUTION_V3.csv,data_row_1based:30275,A07,up_rmse_m,D05_seed_01,0.09427232568357548,404,519,541,0.7784200385356455
<V3_ROOT>/07_AGGREGATE/CORE_541_DISTRIBUTION_V3.csv,data_row_1based:30276,A07,up_rmse_m,D04_seed_06,0.09865128583734496,405,519,541,0.7803468208092486
<V3_ROOT>/07_AGGREGATE/CORE_541_DISTRIBUTION_V3.csv,data_row_1based:30277,A07,up_rmse_m,D05_seed_04,0.10074216984483587,406,519,541,0.7822736030828517
<V3_ROOT>/07_AGGREGATE/CORE_541_DISTRIBUTION_V3.csv,data_row_1based:30278,A07,up_rmse_m,D20_seed_02,0.11794173071376632,407,519,541,0.7842003853564548
<V3_ROOT>/07_AGGREGATE/CORE_541_DISTRIBUTION_V3.csv,data_row_1based:30279,A07,up_rmse_m,D20_seed_05,0.11966041876620563,408,519,541,0.7861271676300579
<V3_ROOT>/07_AGGREGATE/CORE_541_DISTRIBUTION_V3.csv,data_row_1based:30280,A07,up_rmse_m,D20_seed_00,0.12149381096820797,409,519,541,0.7880539499036608
<V3_ROOT>/07_AGGREGATE/CORE_541_DISTRIBUTION_V3.csv,data_row_1based:30281,A07,up_rmse_m,D20_seed_07,0.1223184409807177,410,519,541,0.789980732177264
<V3_ROOT>/07_AGGREGATE/CORE_541_DISTRIBUTION_V3.csv,data_row_1based:30282,A07,up_rmse_m,D20_seed_08,0.12464335517505931,411,519,541,0.791907514450867
<V3_ROOT>/07_AGGREGATE/CORE_541_DISTRIBUTION_V3.csv,data_row_1based:30283,A07,up_rmse_m,D20_seed_03,0.12614403052307238,412,519,541,0.7938342967244701
<V3_ROOT>/07_AGGREGATE/CORE_541_DISTRIBUTION_V3.csv,data_row_1based:30284,A07,up_rmse_m,D20_seed_04,0.12619676394571322,413,519,541,0.7957610789980732
<V3_ROOT>/07_AGGREGATE/CORE_541_DISTRIBUTION_V3.csv,data_row_1based:30285,A07,up_rmse_m,D20_seed_06,0.126414027577675,414,519,541,0.7976878612716763
<V3_ROOT>/07_AGGREGATE/CORE_541_DISTRIBUTION_V3.csv,data_row_1based:30286,A07,up_rmse_m,D20_seed_01,0.12799723517647957,415,519,541,0.7996146435452793
<V3_ROOT>/07_AGGREGATE/CORE_541_DISTRIBUTION_V3.csv,data_row_1based:30287,A07,up_rmse_m,D05_seed_07,0.18144869706448674,416,519,541,0.8015414258188824
<V3_ROOT>/07_AGGREGATE/CORE_541_DISTRIBUTION_V3.csv,data_row_1based:30288,A07,up_rmse_m,D06_seed_07,0.24307216291239223,417,519,541,0.8034682080924855
<V3_ROOT>/07_AGGREGATE/CORE_541_DISTRIBUTION_V3.csv,data_row_1based:30289,A07,up_rmse_m,D06_seed_05,0.29898635485088404,418,519,541,0.8053949903660886
<V3_ROOT>/07_AGGREGATE/CORE_541_DISTRIBUTION_V3.csv,data_row_1based:30290,A07,up_rmse_m,D21_seed_04,0.31656110731764003,419,519,541,0.8073217726396917
<V3_ROOT>/07_AGGREGATE/CORE_541_DISTRIBUTION_V3.csv,data_row_1based:30291,A07,up_rmse_m,D21_seed_02,0.3196749837878938,420,519,541,0.8092485549132948
<V3_ROOT>/07_AGGREGATE/CORE_541_DISTRIBUTION_V3.csv,data_row_1based:30292,A07,up_rmse_m,D21_seed_00,0.32762909627283954,421,519,541,0.8111753371868978
<V3_ROOT>/07_AGGREGATE/CORE_541_DISTRIBUTION_V3.csv,data_row_1based:30293,A07,up_rmse_m,D21_seed_05,0.3281322005608627,422,519,541,0.8131021194605009
<V3_ROOT>/07_AGGREGATE/CORE_541_DISTRIBUTION_V3.csv,data_row_1based:30294,A07,up_rmse_m,D21_seed_01,0.33029950689804755,423,519,541,0.815028901734104
<V3_ROOT>/07_AGGREGATE/CORE_541_DISTRIBUTION_V3.csv,data_row_1based:30295,A07,up_rmse_m,D21_seed_08,0.33514087148617216,424,519,541,0.8169556840077071
<V3_ROOT>/07_AGGREGATE/CORE_541_DISTRIBUTION_V3.csv,data_row_1based:30296,A07,up_rmse_m,D21_seed_03,0.342794815480144,425,519,541,0.8188824662813102
<V3_ROOT>/07_AGGREGATE/CORE_541_DISTRIBUTION_V3.csv,data_row_1based:30297,A07,up_rmse_m,D21_seed_06,0.34357534024997316,426,519,541,0.8208092485549133
<V3_ROOT>/07_AGGREGATE/CORE_541_DISTRIBUTION_V3.csv,data_row_1based:30298,A07,up_rmse_m,D21_seed_07,0.3440551685526276,427,519,541,0.8227360308285164
<V3_ROOT>/07_AGGREGATE/CORE_541_DISTRIBUTION_V3.csv,data_row_1based:30299,A07,up_rmse_m,D19_seed_01,0.34961207618464574,428,519,541,0.8246628131021194
<V3_ROOT>/07_AGGREGATE/CORE_541_DISTRIBUTION_V3.csv,data_row_1based:30300,A07,up_rmse_m,D19_seed_02,0.3497840365309292,429,519,541,0.8265895953757225
<V3_ROOT>/07_AGGREGATE/CORE_541_DISTRIBUTION_V3.csv,data_row_1based:30301,A07,up_rmse_m,D19_seed_00,0.3501022009987697,430,519,541,0.8285163776493256
<V3_ROOT>/07_AGGREGATE/CORE_541_DISTRIBUTION_V3.csv,data_row_1based:30302,A07,up_rmse_m,D19_seed_03,0.3502288778344389,431,519,541,0.8304431599229287
<V3_ROOT>/07_AGGREGATE/CORE_541_DISTRIBUTION_V3.csv,data_row_1based:30303,A07,up_rmse_m,D19_seed_04,0.35121901403307454,432,519,541,0.8323699421965318
<V3_ROOT>/07_AGGREGATE/CORE_541_DISTRIBUTION_V3.csv,data_row_1based:30304,A07,up_rmse_m,D19_seed_07,0.35179458514143946,433,519,541,0.8342967244701349
<V3_ROOT>/07_AGGREGATE/CORE_541_DISTRIBUTION_V3.csv,data_row_1based:30305,A07,up_rmse_m,D19_seed_05,0.35893301096450925,434,519,541,0.8362235067437379
<V3_ROOT>/07_AGGREGATE/CORE_541_DISTRIBUTION_V3.csv,data_row_1based:30306,A07,up_rmse_m,D19_seed_08,0.35948683344220267,435,519,541,0.838150289017341
<V3_ROOT>/07_AGGREGATE/CORE_541_DISTRIBUTION_V3.csv,data_row_1based:30307,A07,up_rmse_m,D19_seed_06,0.3646079410976481,436,519,541,0.8400770712909441
<V3_ROOT>/07_AGGREGATE/CORE_541_DISTRIBUTION_V3.csv,data_row_1based:30308,A07,up_rmse_m,D06_seed_02,0.38751650842979585,437,519,541,0.8420038535645472
<V3_ROOT>/07_AGGREGATE/CORE_541_DISTRIBUTION_V3.csv,data_row_1based:30309,A07,up_rmse_m,D22_seed_08,0.44290076127442113,438,519,541,0.8439306358381503
<V3_ROOT>/07_AGGREGATE/CORE_541_DISTRIBUTION_V3.csv,data_row_1based:30310,A07,up_rmse_m,D22_seed_01,0.452222740709318,439,519,541,0.8458574181117534
<V3_ROOT>/07_AGGREGATE/CORE_541_DISTRIBUTION_V3.csv,data_row_1based:30311,A07,up_rmse_m,D16_seed_02,0.48772954641900074,440,519,541,0.8477842003853564
<V3_ROOT>/07_AGGREGATE/CORE_541_DISTRIBUTION_V3.csv,data_row_1based:30312,A07,up_rmse_m,D16_seed_00,0.48773682504410787,441,519,541,0.8497109826589595
<V3_ROOT>/07_AGGREGATE/CORE_541_DISTRIBUTION_V3.csv,data_row_1based:30313,A07,up_rmse_m,D16_seed_05,0.48773891961382876,442,519,541,0.8516377649325626
<V3_ROOT>/07_AGGREGATE/CORE_541_DISTRIBUTION_V3.csv,data_row_1based:30314,A07,up_rmse_m,D16_seed_04,0.4877392962282068,443,519,541,0.8535645472061657
<V3_ROOT>/07_AGGREGATE/CORE_541_DISTRIBUTION_V3.csv,data_row_1based:30315,A07,up_rmse_m,D16_seed_08,0.5161685230161528,444,519,541,0.8554913294797688
<V3_ROOT>/07_AGGREGATE/CORE_541_DISTRIBUTION_V3.csv,data_row_1based:30316,A07,up_rmse_m,D16_seed_03,0.5161719901084235,445,519,541,0.8574181117533719
<V3_ROOT>/07_AGGREGATE/CORE_541_DISTRIBUTION_V3.csv,data_row_1based:30317,A07,up_rmse_m,D16_seed_07,0.5161754733978543,446,519,541,0.859344894026975
<V3_ROOT>/07_AGGREGATE/CORE_541_DISTRIBUTION_V3.csv,data_row_1based:30318,A07,up_rmse_m,D16_seed_06,0.5161771659019743,447,519,541,0.861271676300578
<V3_ROOT>/07_AGGREGATE/CORE_541_DISTRIBUTION_V3.csv,data_row_1based:30319,A07,up_rmse_m,D16_seed_01,0.5161889099266465,448,519,541,0.8631984585741811
<V3_ROOT>/07_AGGREGATE/CORE_541_DISTRIBUTION_V3.csv,data_row_1based:30320,A07,up_rmse_m,D22_seed_05,0.5182208636507333,449,519,541,0.8651252408477842
<V3_ROOT>/07_AGGREGATE/CORE_541_DISTRIBUTION_V3.csv,data_row_1based:30321,A07,up_rmse_m,D22_seed_02,0.5195577735956222,450,519,541,0.8670520231213873
<V3_ROOT>/07_AGGREGATE/CORE_541_DISTRIBUTION_V3.csv,data_row_1based:30322,A07,up_rmse_m,D22_seed_07,0.5199222011045563,451,519,541,0.8689788053949904
<V3_ROOT>/07_AGGREGATE/CORE_541_DISTRIBUTION_V3.csv,data_row_1based:30323,A07,up_rmse_m,D22_seed_03,0.5237674777451627,452,519,541,0.8709055876685935
<V3_ROOT>/07_AGGREGATE/CORE_541_DISTRIBUTION_V3.csv,data_row_1based:30324,A07,up_rmse_m,D22_seed_04,0.5663137179830952,453,519,541,0.8728323699421965
<V3_ROOT>/07_AGGREGATE/CORE_541_DISTRIBUTION_V3.csv,data_row_1based:30325,A07,up_rmse_m,D18_seed_02,0.5699669758517477,454,519,541,0.8747591522157996
<V3_ROOT>/07_AGGREGATE/CORE_541_DISTRIBUTION_V3.csv,data_row_1based:30326,A07,up_rmse_m,D18_seed_00,0.5699739658832318,455,519,541,0.8766859344894027
<V3_ROOT>/07_AGGREGATE/CORE_541_DISTRIBUTION_V3.csv,data_row_1based:30327,A07,up_rmse_m,D18_seed_05,0.5699747706416013,456,519,541,0.8786127167630058
<V3_ROOT>/07_AGGREGATE/CORE_541_DISTRIBUTION_V3.csv,data_row_1based:30328,A07,up_rmse_m,D18_seed_04,0.5699750984189123,457,519,541,0.8805394990366089
<V3_ROOT>/07_AGGREGATE/CORE_541_DISTRIBUTION_V3.csv,data_row_1based:30329,A07,up_rmse_m,D06_seed_03,0.5836938922954454,458,519,541,0.882466281310212
<V3_ROOT>/07_AGGREGATE/CORE_541_DISTRIBUTION_V3.csv,data_row_1based:30330,A07,up_rmse_m,D18_seed_08,0.5872731573422858,459,519,541,0.884393063583815
<V3_ROOT>/07_AGGREGATE/CORE_541_DISTRIBUTION_V3.csv,data_row_1based:30331,A07,up_rmse_m,D18_seed_03,0.5872780386064422,460,519,541,0.8863198458574181
<V3_ROOT>/07_AGGREGATE/CORE_541_DISTRIBUTION_V3.csv,data_row_1based:30332,A07,up_rmse_m,D18_seed_07,0.587278516377209,461,519,541,0.8882466281310212
<V3_ROOT>/07_AGGREGATE/CORE_541_DISTRIBUTION_V3.csv,data_row_1based:30333,A07,up_rmse_m,D18_seed_06,0.5872827929826521,462,519,541,0.8901734104046243
<V3_ROOT>/07_AGGREGATE/CORE_541_DISTRIBUTION_V3.csv,data_row_1based:30334,A07,up_rmse_m,D18_seed_01,0.5872915168536935,463,519,541,0.8921001926782274
<V3_ROOT>/07_AGGREGATE/CORE_541_DISTRIBUTION_V3.csv,data_row_1based:30335,A07,up_rmse_m,D13_seed_00,0.9067981771602279,464,519,541,0.8940269749518305
<V3_ROOT>/07_AGGREGATE/CORE_541_DISTRIBUTION_V3.csv,data_row_1based:30336,A07,up_rmse_m,D13_seed_07,0.9089890676131674,465,519,541,0.8959537572254336
<V3_ROOT>/07_AGGREGATE/CORE_541_DISTRIBUTION_V3.csv,data_row_1based:30337,A07,up_rmse_m,D13_seed_03,0.9268589053146553,466,519,541,0.8978805394990366
<V3_ROOT>/07_AGGREGATE/CORE_541_DISTRIBUTION_V3.csv,data_row_1based:30338,A07,up_rmse_m,D13_seed_01,0.9312427057902161,467,519,541,0.8998073217726397
<V3_ROOT>/07_AGGREGATE/CORE_541_DISTRIBUTION_V3.csv,data_row_1based:30339,A07,up_rmse_m,D13_seed_08,0.9330805848254625,468,519,541,0.9017341040462428
<V3_ROOT>/07_AGGREGATE/CORE_541_DISTRIBUTION_V3.csv,data_row_1based:30340,A07,up_rmse_m,D13_seed_06,0.9388587995431065,469,519,541,0.9036608863198459
<V3_ROOT>/07_AGGREGATE/CORE_541_DISTRIBUTION_V3.csv,data_row_1based:30341,A07,up_rmse_m,D13_seed_05,0.9413727759251286,470,519,541,0.905587668593449
<V3_ROOT>/07_AGGREGATE/CORE_541_DISTRIBUTION_V3.csv,data_row_1based:30342,A07,up_rmse_m,D13_seed_02,0.953712755265697,471,519,541,0.9075144508670521
<V3_ROOT>/07_AGGREGATE/CORE_541_DISTRIBUTION_V3.csv,data_row_1based:30343,A07,up_rmse_m,D13_seed_04,0.9561499638948578,472,519,541,0.9094412331406551
<V3_ROOT>/07_AGGREGATE/CORE_541_DISTRIBUTION_V3.csv,data_row_1based:30344,A07,up_rmse_m,D06_seed_06,0.9744964598198467,473,519,541,0.9113680154142582
<V3_ROOT>/07_AGGREGATE/CORE_541_DISTRIBUTION_V3.csv,data_row_1based:30345,A07,up_rmse_m,D17_seed_02,0.986418757637286,474,519,541,0.9132947976878613
<V3_ROOT>/07_AGGREGATE/CORE_541_DISTRIBUTION_V3.csv,data_row_1based:30346,A07,up_rmse_m,D17_seed_00,0.9864332670123042,475,519,541,0.9152215799614644
<V3_ROOT>/07_AGGREGATE/CORE_541_DISTRIBUTION_V3.csv,data_row_1based:30347,A07,up_rmse_m,D17_seed_05,0.9864376158661098,476,519,541,0.9171483622350675
<V3_ROOT>/07_AGGREGATE/CORE_541_DISTRIBUTION_V3.csv,data_row_1based:30348,A07,up_rmse_m,D17_seed_04,0.9864383740330128,477,519,541,0.9190751445086706
<V3_ROOT>/07_AGGREGATE/CORE_541_DISTRIBUTION_V3.csv,data_row_1based:30349,A07,up_rmse_m,D17_seed_08,1.0149482776224048,478,519,541,0.9210019267822736
<V3_ROOT>/07_AGGREGATE/CORE_541_DISTRIBUTION_V3.csv,data_row_1based:30350,A07,up_rmse_m,D17_seed_03,1.0149553141478729,479,519,541,0.9229287090558767
<V3_ROOT>/07_AGGREGATE/CORE_541_DISTRIBUTION_V3.csv,data_row_1based:30351,A07,up_rmse_m,D17_seed_07,1.014962172591762,480,519,541,0.9248554913294798
<V3_ROOT>/07_AGGREGATE/CORE_541_DISTRIBUTION_V3.csv,data_row_1based:30352,A07,up_rmse_m,D17_seed_06,1.0149657017179439,481,519,541,0.9267822736030829
<V3_ROOT>/07_AGGREGATE/CORE_541_DISTRIBUTION_V3.csv,data_row_1based:30353,A07,up_rmse_m,D17_seed_01,1.0149891333898478,482,519,541,0.928709055876686
<V3_ROOT>/07_AGGREGATE/CORE_541_DISTRIBUTION_V3.csv,data_row_1based:30354,A07,up_rmse_m,D06_seed_00,1.2674393864327258,483,519,541,0.930635838150289
<V3_ROOT>/07_AGGREGATE/CORE_541_DISTRIBUTION_V3.csv,data_row_1based:30355,A07,up_rmse_m,D60_seed_03,1.3035994242378863,484,519,541,0.9325626204238922
<V3_ROOT>/07_AGGREGATE/CORE_541_DISTRIBUTION_V3.csv,data_row_1based:30356,A07,up_rmse_m,D60_seed_07,1.3777101526784412,485,519,541,0.9344894026974951
<V3_ROOT>/07_AGGREGATE/CORE_541_DISTRIBUTION_V3.csv,data_row_1based:30357,A07,up_rmse_m,D60_seed_06,1.4338320144741614,486,519,541,0.9364161849710982
<V3_ROOT>/07_AGGREGATE/CORE_541_DISTRIBUTION_V3.csv,data_row_1based:30358,A07,up_rmse_m,D06_seed_01,1.452654640966313,487,519,541,0.9383429672447013
<V3_ROOT>/07_AGGREGATE/CORE_541_DISTRIBUTION_V3.csv,data_row_1based:30359,A07,up_rmse_m,D60_seed_05,1.4618680529614518,488,519,541,0.9402697495183044
<V3_ROOT>/07_AGGREGATE/CORE_541_DISTRIBUTION_V3.csv,data_row_1based:30360,A07,up_rmse_m,D06_seed_08,1.531980329822957,489,519,541,0.9421965317919075
<V3_ROOT>/07_AGGREGATE/CORE_541_DISTRIBUTION_V3.csv,data_row_1based:30361,A07,up_rmse_m,D60_seed_08,1.643300777250525,490,519,541,0.9441233140655106
<V3_ROOT>/07_AGGREGATE/CORE_541_DISTRIBUTION_V3.csv,data_row_1based:30362,A07,up_rmse_m,D05_seed_06,1.6904285220153907,491,519,541,0.9460500963391136
<V3_ROOT>/07_AGGREGATE/CORE_541_DISTRIBUTION_V3.csv,data_row_1based:30363,A07,up_rmse_m,D06_seed_04,1.8538167945126685,492,519,541,0.9479768786127167
<V3_ROOT>/07_AGGREGATE/CORE_541_DISTRIBUTION_V3.csv,data_row_1based:30364,A07,up_rmse_m,D14_seed_00,2.141469873477209,493,519,541,0.9499036608863198
<V3_ROOT>/07_AGGREGATE/CORE_541_DISTRIBUTION_V3.csv,data_row_1based:30365,A07,up_rmse_m,D14_seed_07,2.1658733644958947,494,519,541,0.9518304431599229
<V3_ROOT>/07_AGGREGATE/CORE_541_DISTRIBUTION_V3.csv,data_row_1based:30366,A07,up_rmse_m,D14_seed_03,2.199185748625502,495,519,541,0.953757225433526
<V3_ROOT>/07_AGGREGATE/CORE_541_DISTRIBUTION_V3.csv,data_row_1based:30367,A07,up_rmse_m,D14_seed_01,2.2156753151727093,496,519,541,0.9556840077071291
<V3_ROOT>/07_AGGREGATE/CORE_541_DISTRIBUTION_V3.csv,data_row_1based:30368,A07,up_rmse_m,D14_seed_08,2.230268619068829,497,519,541,0.9576107899807321
<V3_ROOT>/07_AGGREGATE/CORE_541_DISTRIBUTION_V3.csv,data_row_1based:30369,A07,up_rmse_m,D14_seed_06,2.241073901100215,498,519,541,0.9595375722543352
<V3_ROOT>/07_AGGREGATE/CORE_541_DISTRIBUTION_V3.csv,data_row_1based:30370,A07,up_rmse_m,D14_seed_05,2.2475637506374753,499,519,541,0.9614643545279383
<V3_ROOT>/07_AGGREGATE/CORE_541_DISTRIBUTION_V3.csv,data_row_1based:30371,A07,up_rmse_m,D14_seed_02,2.2505175420265613,500,519,541,0.9633911368015414
<V3_ROOT>/07_AGGREGATE/CORE_541_DISTRIBUTION_V3.csv,data_row_1based:30372,A07,up_rmse_m,D14_seed_04,2.273635408040444,501,519,541,0.9653179190751445
<V3_ROOT>/07_AGGREGATE/CORE_541_DISTRIBUTION_V3.csv,data_row_1based:30373,A07,up_rmse_m,D15_seed_00,4.006350055213295,502,519,541,0.9672447013487476
<V3_ROOT>/07_AGGREGATE/CORE_541_DISTRIBUTION_V3.csv,data_row_1based:30374,A07,up_rmse_m,D59_seed_00,4.0172438768203245,503,519,541,0.9691714836223507
<V3_ROOT>/07_AGGREGATE/CORE_541_DISTRIBUTION_V3.csv,data_row_1based:30375,A07,up_rmse_m,D15_seed_07,4.036211072884524,504,519,541,0.9710982658959537
<V3_ROOT>/07_AGGREGATE/CORE_541_DISTRIBUTION_V3.csv,data_row_1based:30376,A07,up_rmse_m,D59_seed_07,4.042698780565057,505,519,541,0.9730250481695568
<V3_ROOT>/07_AGGREGATE/CORE_541_DISTRIBUTION_V3.csv,data_row_1based:30377,A07,up_rmse_m,D15_seed_01,4.078891238815531,506,519,541,0.9749518304431599
<V3_ROOT>/07_AGGREGATE/CORE_541_DISTRIBUTION_V3.csv,data_row_1based:30378,A07,up_rmse_m,D59_seed_01,4.0798342834584185,507,519,541,0.976878612716763
<V3_ROOT>/07_AGGREGATE/CORE_541_DISTRIBUTION_V3.csv,data_row_1based:30379,A07,up_rmse_m,D59_seed_03,4.091852046638009,508,519,541,0.9788053949903661
<V3_ROOT>/07_AGGREGATE/CORE_541_DISTRIBUTION_V3.csv,data_row_1based:30380,A07,up_rmse_m,D15_seed_03,4.0943656432913675,509,519,541,0.9807321772639692
<V3_ROOT>/07_AGGREGATE/CORE_541_DISTRIBUTION_V3.csv,data_row_1based:30381,A07,up_rmse_m,D15_seed_06,4.151240770689004,510,519,541,0.9826589595375722
<V3_ROOT>/07_AGGREGATE/CORE_541_DISTRIBUTION_V3.csv,data_row_1based:30382,A07,up_rmse_m,D59_seed_06,4.153332235698252,511,519,541,0.9845857418111753
<V3_ROOT>/07_AGGREGATE/CORE_541_DISTRIBUTION_V3.csv,data_row_1based:30383,A07,up_rmse_m,D15_seed_08,4.175633581692104,512,519,541,0.9865125240847784
<V3_ROOT>/07_AGGREGATE/CORE_541_DISTRIBUTION_V3.csv,data_row_1based:30384,A07,up_rmse_m,D59_seed_08,4.175760711728802,513,519,541,0.9884393063583815
<V3_ROOT>/07_AGGREGATE/CORE_541_DISTRIBUTION_V3.csv,data_row_1based:30385,A07,up_rmse_m,D15_seed_02,4.185211332579924,514,519,541,0.9903660886319846
<V3_ROOT>/07_AGGREGATE/CORE_541_DISTRIBUTION_V3.csv,data_row_1based:30386,A07,up_rmse_m,D59_seed_02,4.186400801990418,515,519,541,0.9922928709055877
<V3_ROOT>/07_AGGREGATE/CORE_541_DISTRIBUTION_V3.csv,data_row_1based:30387,A07,up_rmse_m,D59_seed_05,4.198676492396387,516,519,541,0.9942196531791907
<V3_ROOT>/07_AGGREGATE/CORE_541_DISTRIBUTION_V3.csv,data_row_1based:30388,A07,up_rmse_m,D59_seed_04,4.215018112885341,517,519,541,0.9961464354527938
<V3_ROOT>/07_AGGREGATE/CORE_541_DISTRIBUTION_V3.csv,data_row_1based:30389,A07,up_rmse_m,D15_seed_04,4.215395511704315,518,519,541,0.9980732177263969
<V3_ROOT>/07_AGGREGATE/CORE_541_DISTRIBUTION_V3.csv,data_row_1based:30390,A07,up_rmse_m,D15_seed_05,4.24400395038546,519,519,541,1.0
<V3_ROOT>/07_AGGREGATE/CORE_541_DISTRIBUTION_V3.csv,data_row_1based:30391,A07,yaw_rmse_deg,D38_seed_00,1.6643387637117377,1,519,541,0.0019267822736030828
<V3_ROOT>/07_AGGREGATE/CORE_541_DISTRIBUTION_V3.csv,data_row_1based:30392,A07,yaw_rmse_deg,D10_seed_00,1.7303314086127302,2,519,541,0.0038535645472061657
<V3_ROOT>/07_AGGREGATE/CORE_541_DISTRIBUTION_V3.csv,data_row_1based:30393,A07,yaw_rmse_deg,D09_seed_00,1.7764317427285743,3,519,541,0.005780346820809248
<V3_ROOT>/07_AGGREGATE/CORE_541_DISTRIBUTION_V3.csv,data_row_1based:30394,A07,yaw_rmse_deg,D12_seed_05,1.7842848516657916,4,519,541,0.007707129094412331
<V3_ROOT>/07_AGGREGATE/CORE_541_DISTRIBUTION_V3.csv,data_row_1based:30395,A07,yaw_rmse_deg,D13_seed_08,1.8179385329580358,5,519,541,0.009633911368015413
<V3_ROOT>/07_AGGREGATE/CORE_541_DISTRIBUTION_V3.csv,data_row_1based:30396,A07,yaw_rmse_deg,D06_seed_02,1.8297173565298186,6,519,541,0.011560693641618497
<V3_ROOT>/07_AGGREGATE/CORE_541_DISTRIBUTION_V3.csv,data_row_1based:30397,A07,yaw_rmse_deg,D31_seed_02,1.8297329468132615,7,519,541,0.01348747591522158
<V3_ROOT>/07_AGGREGATE/CORE_541_DISTRIBUTION_V3.csv,data_row_1based:30398,A07,yaw_rmse_deg,D21_seed_08,1.8404603950011842,8,519,541,0.015414258188824663
<V3_ROOT>/07_AGGREGATE/CORE_541_DISTRIBUTION_V3.csv,data_row_1based:30399,A07,yaw_rmse_deg,D13_seed_07,1.8448836458997582,9,519,541,0.017341040462427744
<V3_ROOT>/07_AGGREGATE/CORE_541_DISTRIBUTION_V3.csv,data_row_1based:30400,A07,yaw_rmse_deg,D35_seed_04,1.8486888534860253,10,519,541,0.019267822736030827
<V3_ROOT>/07_AGGREGATE/CORE_541_DISTRIBUTION_V3.csv,data_row_1based:30401,A07,yaw_rmse_deg,D60_seed_03,1.851926427543892,11,519,541,0.02119460500963391
<V3_ROOT>/07_AGGREGATE/CORE_541_DISTRIBUTION_V3.csv,data_row_1based:30402,A07,yaw_rmse_deg,D60_seed_05,1.8545599285533412,12,519,541,0.023121387283236993
<V3_ROOT>/07_AGGREGATE/CORE_541_DISTRIBUTION_V3.csv,data_row_1based:30403,A07,yaw_rmse_deg,D11_seed_07,1.8601825055020433,13,519,541,0.025048169556840076
<V3_ROOT>/07_AGGREGATE/CORE_541_DISTRIBUTION_V3.csv,data_row_1based:30404,A07,yaw_rmse_deg,D12_seed_06,1.8604017066824345,14,519,541,0.02697495183044316
<V3_ROOT>/07_AGGREGATE/CORE_541_DISTRIBUTION_V3.csv,data_row_1based:30405,A07,yaw_rmse_deg,D35_seed_06,1.8663585126315998,15,519,541,0.028901734104046242
<V3_ROOT>/07_AGGREGATE/CORE_541_DISTRIBUTION_V3.csv,data_row_1based:30406,A07,yaw_rmse_deg,D11_seed_02,1.8710965066128558,16,519,541,0.030828516377649325
<V3_ROOT>/07_AGGREGATE/CORE_541_DISTRIBUTION_V3.csv,data_row_1based:30407,A07,yaw_rmse_deg,D45_seed_04,1.8735608012123608,17,519,541,0.03275529865125241
<V3_ROOT>/07_AGGREGATE/CORE_541_DISTRIBUTION_V3.csv,data_row_1based:30408,A07,yaw_rmse_deg,D13_seed_06,1.8737456329631745,18,519,541,0.03468208092485549
<V3_ROOT>/07_AGGREGATE/CORE_541_DISTRIBUTION_V3.csv,data_row_1based:30409,A07,yaw_rmse_deg,D34_seed_02,1.8777518109204254,19,519,541,0.036608863198458574
<V3_ROOT>/07_AGGREGATE/CORE_541_DISTRIBUTION_V3.csv,data_row_1based:30410,A07,yaw_rmse_deg,D43_seed_04,1.8796647626464638,20,519,541,0.038535645472061654
<V3_ROOT>/07_AGGREGATE/CORE_541_DISTRIBUTION_V3.csv,data_row_1based:30411,A07,yaw_rmse_deg,D21_seed_04,1.8807461715357872,21,519,541,0.04046242774566474
<V3_ROOT>/07_AGGREGATE/CORE_541_DISTRIBUTION_V3.csv,data_row_1based:30412,A07,yaw_rmse_deg,D30_seed_03,1.8821203812532221,22,519,541,0.04238921001926782
<V3_ROOT>/07_AGGREGATE/CORE_541_DISTRIBUTION_V3.csv,data_row_1based:30413,A07,yaw_rmse_deg,D09_seed_01,1.8839468151999392,23,519,541,0.04431599229287091
<V3_ROOT>/07_AGGREGATE/CORE_541_DISTRIBUTION_V3.csv,data_row_1based:30414,A07,yaw_rmse_deg,D09_seed_02,1.8839468151999392,24,519,541,0.046242774566473986
<V3_ROOT>/07_AGGREGATE/CORE_541_DISTRIBUTION_V3.csv,data_row_1based:30415,A07,yaw_rmse_deg,D09_seed_03,1.8839468151999392,25,519,541,0.04816955684007707
<V3_ROOT>/07_AGGREGATE/CORE_541_DISTRIBUTION_V3.csv,data_row_1based:30416,A07,yaw_rmse_deg,D09_seed_04,1.8839468151999392,26,519,541,0.05009633911368015
<V3_ROOT>/07_AGGREGATE/CORE_541_DISTRIBUTION_V3.csv,data_row_1based:30417,A07,yaw_rmse_deg,D09_seed_05,1.8839468151999392,27,519,541,0.05202312138728324
<V3_ROOT>/07_AGGREGATE/CORE_541_DISTRIBUTION_V3.csv,data_row_1based:30418,A07,yaw_rmse_deg,D09_seed_06,1.8839468151999392,28,519,541,0.05394990366088632
<V3_ROOT>/07_AGGREGATE/CORE_541_DISTRIBUTION_V3.csv,data_row_1based:30419,A07,yaw_rmse_deg,D09_seed_07,1.8839468151999392,29,519,541,0.055876685934489405
<V3_ROOT>/07_AGGREGATE/CORE_541_DISTRIBUTION_V3.csv,data_row_1based:30420,A07,yaw_rmse_deg,D09_seed_08,1.8839468151999392,30,519,541,0.057803468208092484
<V3_ROOT>/07_AGGREGATE/CORE_541_DISTRIBUTION_V3.csv,data_row_1based:30421,A07,yaw_rmse_deg,D20_seed_03,1.8845676327123142,31,519,541,0.05973025048169557
<V3_ROOT>/07_AGGREGATE/CORE_541_DISTRIBUTION_V3.csv,data_row_1based:30422,A07,yaw_rmse_deg,D39_seed_02,1.8845766623968658,32,519,541,0.06165703275529865
<V3_ROOT>/07_AGGREGATE/CORE_541_DISTRIBUTION_V3.csv,data_row_1based:30423,A07,yaw_rmse_deg,D34_seed_01,1.8850987419676453,33,519,541,0.06358381502890173
<V3_ROOT>/07_AGGREGATE/CORE_541_DISTRIBUTION_V3.csv,data_row_1based:30424,A07,yaw_rmse_deg,D30_seed_07,1.8859044810006276,34,519,541,0.06551059730250482
<V3_ROOT>/07_AGGREGATE/CORE_541_DISTRIBUTION_V3.csv,data_row_1based:30425,A07,yaw_rmse_deg,D37_seed_00,1.8874501461021802,35,519,541,0.0674373795761079
<V3_ROOT>/07_AGGREGATE/CORE_541_DISTRIBUTION_V3.csv,data_row_1based:30426,A07,yaw_rmse_deg,D37_seed_01,1.8874501461021802,36,519,541,0.06936416184971098
<V3_ROOT>/07_AGGREGATE/CORE_541_DISTRIBUTION_V3.csv,data_row_1based:30427,A07,yaw_rmse_deg,D37_seed_02,1.8874501461021802,37,519,541,0.07129094412331406
<V3_ROOT>/07_AGGREGATE/CORE_541_DISTRIBUTION_V3.csv,data_row_1based:30428,A07,yaw_rmse_deg,D37_seed_03,1.8874501461021802,38,519,541,0.07321772639691715
<V3_ROOT>/07_AGGREGATE/CORE_541_DISTRIBUTION_V3.csv,data_row_1based:30429,A07,yaw_rmse_deg,D37_seed_04,1.8874501461021802,39,519,541,0.07514450867052024
<V3_ROOT>/07_AGGREGATE/CORE_541_DISTRIBUTION_V3.csv,data_row_1based:30430,A07,yaw_rmse_deg,D37_seed_05,1.8874501461021802,40,519,541,0.07707129094412331
<V3_ROOT>/07_AGGREGATE/CORE_541_DISTRIBUTION_V3.csv,data_row_1based:30431,A07,yaw_rmse_deg,D37_seed_06,1.8874501461021802,41,519,541,0.0789980732177264
<V3_ROOT>/07_AGGREGATE/CORE_541_DISTRIBUTION_V3.csv,data_row_1based:30432,A07,yaw_rmse_deg,D37_seed_07,1.8874501461021802,42,519,541,0.08092485549132948
<V3_ROOT>/07_AGGREGATE/CORE_541_DISTRIBUTION_V3.csv,data_row_1based:30433,A07,yaw_rmse_deg,D37_seed_08,1.8874501461021802,43,519,541,0.08285163776493257
<V3_ROOT>/07_AGGREGATE/CORE_541_DISTRIBUTION_V3.csv,data_row_1based:30434,A07,yaw_rmse_deg,D32_seed_08,1.8883457381979665,44,519,541,0.08477842003853564
<V3_ROOT>/07_AGGREGATE/CORE_541_DISTRIBUTION_V3.csv,data_row_1based:30435,A07,yaw_rmse_deg,D12_seed_01,1.8884519438327099,45,519,541,0.08670520231213873
<V3_ROOT>/07_AGGREGATE/CORE_541_DISTRIBUTION_V3.csv,data_row_1based:30436,A07,yaw_rmse_deg,D45_seed_02,1.891199984372537,46,519,541,0.08863198458574181
<V3_ROOT>/07_AGGREGATE/CORE_541_DISTRIBUTION_V3.csv,data_row_1based:30437,A07,yaw_rmse_deg,D43_seed_02,1.891784551734584,47,519,541,0.0905587668593449
<V3_ROOT>/07_AGGREGATE/CORE_541_DISTRIBUTION_V3.csv,data_row_1based:30438,A07,yaw_rmse_deg,D30_seed_02,1.892502139471971,48,519,541,0.09248554913294797
<V3_ROOT>/07_AGGREGATE/CORE_541_DISTRIBUTION_V3.csv,data_row_1based:30439,A07,yaw_rmse_deg,D30_seed_05,1.8925049280244803,49,519,541,0.09441233140655106
<V3_ROOT>/07_AGGREGATE/CORE_541_DISTRIBUTION_V3.csv,data_row_1based:30440,A07,yaw_rmse_deg,D45_seed_05,1.8926402786085617,50,519,541,0.09633911368015415
<V3_ROOT>/07_AGGREGATE/CORE_541_DISTRIBUTION_V3.csv,data_row_1based:30441,A07,yaw_rmse_deg,D43_seed_05,1.8945013933491002,51,519,541,0.09826589595375723
<V3_ROOT>/07_AGGREGATE/CORE_541_DISTRIBUTION_V3.csv,data_row_1based:30442,A07,yaw_rmse_deg,D32_seed_00,1.8949892299243514,52,519,541,0.1001926782273603
<V3_ROOT>/07_AGGREGATE/CORE_541_DISTRIBUTION_V3.csv,data_row_1based:30443,A07,yaw_rmse_deg,D39_seed_08,1.8950197178504398,53,519,541,0.10211946050096339
<V3_ROOT>/07_AGGREGATE/CORE_541_DISTRIBUTION_V3.csv,data_row_1based:30444,A07,yaw_rmse_deg,D58_seed_05,1.8951319001210232,54,519,541,0.10404624277456648
<V3_ROOT>/07_AGGREGATE/CORE_541_DISTRIBUTION_V3.csv,data_row_1based:30445,A07,yaw_rmse_deg,D39_seed_05,1.8955054690069681,55,519,541,0.10597302504816955
<V3_ROOT>/07_AGGREGATE/CORE_541_DISTRIBUTION_V3.csv,data_row_1based:30446,A07,yaw_rmse_deg,D36_seed_00,1.8957619609585727,56,519,541,0.10789980732177264
<V3_ROOT>/07_AGGREGATE/CORE_541_DISTRIBUTION_V3.csv,data_row_1based:30447,A07,yaw_rmse_deg,D36_seed_01,1.8957619609585727,57,519,541,0.10982658959537572
<V3_ROOT>/07_AGGREGATE/CORE_541_DISTRIBUTION_V3.csv,data_row_1based:30448,A07,yaw_rmse_deg,D36_seed_02,1.8957619609585727,58,519,541,0.11175337186897881
<V3_ROOT>/07_AGGREGATE/CORE_541_DISTRIBUTION_V3.csv,data_row_1based:30449,A07,yaw_rmse_deg,D36_seed_03,1.8957619609585727,59,519,541,0.11368015414258188
<V3_ROOT>/07_AGGREGATE/CORE_541_DISTRIBUTION_V3.csv,data_row_1based:30450,A07,yaw_rmse_deg,D36_seed_04,1.8957619609585727,60,519,541,0.11560693641618497
<V3_ROOT>/07_AGGREGATE/CORE_541_DISTRIBUTION_V3.csv,data_row_1based:30451,A07,yaw_rmse_deg,D36_seed_05,1.8957619609585727,61,519,541,0.11753371868978806
<V3_ROOT>/07_AGGREGATE/CORE_541_DISTRIBUTION_V3.csv,data_row_1based:30452,A07,yaw_rmse_deg,D36_seed_06,1.8957619609585727,62,519,541,0.11946050096339114
<V3_ROOT>/07_AGGREGATE/CORE_541_DISTRIBUTION_V3.csv,data_row_1based:30453,A07,yaw_rmse_deg,D36_seed_07,1.8957619609585727,63,519,541,0.12138728323699421
<V3_ROOT>/07_AGGREGATE/CORE_541_DISTRIBUTION_V3.csv,data_row_1based:30454,A07,yaw_rmse_deg,D36_seed_08,1.8957619609585727,64,519,541,0.1233140655105973
<V3_ROOT>/07_AGGREGATE/CORE_541_DISTRIBUTION_V3.csv,data_row_1based:30455,A07,yaw_rmse_deg,D32_seed_03,1.897928020282514,65,519,541,0.1252408477842004
<V3_ROOT>/07_AGGREGATE/CORE_541_DISTRIBUTION_V3.csv,data_row_1based:30456,A07,yaw_rmse_deg,D20_seed_05,1.8996980239118637,66,519,541,0.12716763005780346
<V3_ROOT>/07_AGGREGATE/CORE_541_DISTRIBUTION_V3.csv,data_row_1based:30457,A07,yaw_rmse_deg,D43_seed_06,1.9001152612135501,67,519,541,0.12909441233140656
<V3_ROOT>/07_AGGREGATE/CORE_541_DISTRIBUTION_V3.csv,data_row_1based:30458,A07,yaw_rmse_deg,D45_seed_06,1.900806614641502,68,519,541,0.13102119460500963
<V3_ROOT>/07_AGGREGATE/CORE_541_DISTRIBUTION_V3.csv,data_row_1based:30459,A07,yaw_rmse_deg,D58_seed_06,1.901017133106131,69,519,541,0.1329479768786127
<V3_ROOT>/07_AGGREGATE/CORE_541_DISTRIBUTION_V3.csv,data_row_1based:30460,A07,yaw_rmse_deg,D43_seed_00,1.9024796712299101,70,519,541,0.1348747591522158
<V3_ROOT>/07_AGGREGATE/CORE_541_DISTRIBUTION_V3.csv,data_row_1based:30461,A07,yaw_rmse_deg,D39_seed_06,1.9025641104711717,71,519,541,0.13680154142581888
<V3_ROOT>/07_AGGREGATE/CORE_541_DISTRIBUTION_V3.csv,data_row_1based:30462,A07,yaw_rmse_deg,D34_seed_05,1.9035583731748935,72,519,541,0.13872832369942195
<V3_ROOT>/07_AGGREGATE/CORE_541_DISTRIBUTION_V3.csv,data_row_1based:30463,A07,yaw_rmse_deg,D12_seed_08,1.9043962741070433,73,519,541,0.14065510597302505
<V3_ROOT>/07_AGGREGATE/CORE_541_DISTRIBUTION_V3.csv,data_row_1based:30464,A07,yaw_rmse_deg,D25_seed_00,1.9046993614546326,74,519,541,0.14258188824662812
<V3_ROOT>/07_AGGREGATE/CORE_541_DISTRIBUTION_V3.csv,data_row_1based:30465,A07,yaw_rmse_deg,D25_seed_01,1.9046993614546326,75,519,541,0.14450867052023122
<V3_ROOT>/07_AGGREGATE/CORE_541_DISTRIBUTION_V3.csv,data_row_1based:30466,A07,yaw_rmse_deg,D25_seed_02,1.9046993614546326,76,519,541,0.1464354527938343
<V3_ROOT>/07_AGGREGATE/CORE_541_DISTRIBUTION_V3.csv,data_row_1based:30467,A07,yaw_rmse_deg,D25_seed_03,1.9046993614546326,77,519,541,0.14836223506743737
<V3_ROOT>/07_AGGREGATE/CORE_541_DISTRIBUTION_V3.csv,data_row_1based:30468,A07,yaw_rmse_deg,D25_seed_04,1.9046993614546326,78,519,541,0.15028901734104047
<V3_ROOT>/07_AGGREGATE/CORE_541_DISTRIBUTION_V3.csv,data_row_1based:30469,A07,yaw_rmse_deg,D25_seed_05,1.9046993614546326,79,519,541,0.15221579961464354
<V3_ROOT>/07_AGGREGATE/CORE_541_DISTRIBUTION_V3.csv,data_row_1based:30470,A07,yaw_rmse_deg,D25_seed_06,1.9046993614546326,80,519,541,0.15414258188824662
<V3_ROOT>/07_AGGREGATE/CORE_541_DISTRIBUTION_V3.csv,data_row_1based:30471,A07,yaw_rmse_deg,D25_seed_07,1.9046993614546326,81,519,541,0.15606936416184972
<V3_ROOT>/07_AGGREGATE/CORE_541_DISTRIBUTION_V3.csv,data_row_1based:30472,A07,yaw_rmse_deg,D25_seed_08,1.9046993614546326,82,519,541,0.1579961464354528
<V3_ROOT>/07_AGGREGATE/CORE_541_DISTRIBUTION_V3.csv,data_row_1based:30473,A07,yaw_rmse_deg,D28_seed_00,1.9046993614546326,83,519,541,0.1599229287090559
<V3_ROOT>/07_AGGREGATE/CORE_541_DISTRIBUTION_V3.csv,data_row_1based:30474,A07,yaw_rmse_deg,D28_seed_01,1.9046993614546326,84,519,541,0.16184971098265896
<V3_ROOT>/07_AGGREGATE/CORE_541_DISTRIBUTION_V3.csv,data_row_1based:30475,A07,yaw_rmse_deg,D28_seed_02,1.9046993614546326,85,519,541,0.16377649325626203
<V3_ROOT>/07_AGGREGATE/CORE_541_DISTRIBUTION_V3.csv,data_row_1based:30476,A07,yaw_rmse_deg,D28_seed_03,1.9046993614546326,86,519,541,0.16570327552986513
<V3_ROOT>/07_AGGREGATE/CORE_541_DISTRIBUTION_V3.csv,data_row_1based:30477,A07,yaw_rmse_deg,D28_seed_04,1.9046993614546326,87,519,541,0.1676300578034682
<V3_ROOT>/07_AGGREGATE/CORE_541_DISTRIBUTION_V3.csv,data_row_1based:30478,A07,yaw_rmse_deg,D28_seed_05,1.9046993614546326,88,519,541,0.16955684007707128
<V3_ROOT>/07_AGGREGATE/CORE_541_DISTRIBUTION_V3.csv,data_row_1based:30479,A07,yaw_rmse_deg,D28_seed_06,1.9046993614546326,89,519,541,0.17148362235067438
<V3_ROOT>/07_AGGREGATE/CORE_541_DISTRIBUTION_V3.csv,data_row_1based:30480,A07,yaw_rmse_deg,D28_seed_07,1.9046993614546326,90,519,541,0.17341040462427745
<V3_ROOT>/07_AGGREGATE/CORE_541_DISTRIBUTION_V3.csv,data_row_1based:30481,A07,yaw_rmse_deg,D28_seed_08,1.9046993614546326,91,519,541,0.17533718689788053
<V3_ROOT>/07_AGGREGATE/CORE_541_DISTRIBUTION_V3.csv,data_row_1based:30482,A07,yaw_rmse_deg,D35_seed_07,1.9055730005755287,92,519,541,0.17726396917148363
<V3_ROOT>/07_AGGREGATE/CORE_541_DISTRIBUTION_V3.csv,data_row_1based:30483,A07,yaw_rmse_deg,D39_seed_00,1.9056632126850985,93,519,541,0.1791907514450867
<V3_ROOT>/07_AGGREGATE/CORE_541_DISTRIBUTION_V3.csv,data_row_1based:30484,A07,yaw_rmse_deg,D24_seed_00,1.9058115186417177,94,519,541,0.1811175337186898
<V3_ROOT>/07_AGGREGATE/CORE_541_DISTRIBUTION_V3.csv,data_row_1based:30485,A07,yaw_rmse_deg,D24_seed_01,1.9058115186417177,95,519,541,0.18304431599229287
<V3_ROOT>/07_AGGREGATE/CORE_541_DISTRIBUTION_V3.csv,data_row_1based:30486,A07,yaw_rmse_deg,D24_seed_02,1.9058115186417177,96,519,541,0.18497109826589594
<V3_ROOT>/07_AGGREGATE/CORE_541_DISTRIBUTION_V3.csv,data_row_1based:30487,A07,yaw_rmse_deg,D24_seed_03,1.9058115186417177,97,519,541,0.18689788053949905
<V3_ROOT>/07_AGGREGATE/CORE_541_DISTRIBUTION_V3.csv,data_row_1based:30488,A07,yaw_rmse_deg,D24_seed_04,1.9058115186417177,98,519,541,0.18882466281310212
<V3_ROOT>/07_AGGREGATE/CORE_541_DISTRIBUTION_V3.csv,data_row_1based:30489,A07,yaw_rmse_deg,D24_seed_05,1.9058115186417177,99,519,541,0.1907514450867052
<V3_ROOT>/07_AGGREGATE/CORE_541_DISTRIBUTION_V3.csv,data_row_1based:30490,A07,yaw_rmse_deg,D24_seed_06,1.9058115186417177,100,519,541,0.1926782273603083
<V3_ROOT>/07_AGGREGATE/CORE_541_DISTRIBUTION_V3.csv,data_row_1based:30491,A07,yaw_rmse_deg,D24_seed_07,1.9058115186417177,101,519,541,0.19460500963391136
<V3_ROOT>/07_AGGREGATE/CORE_541_DISTRIBUTION_V3.csv,data_row_1based:30492,A07,yaw_rmse_deg,D24_seed_08,1.9058115186417177,102,519,541,0.19653179190751446
<V3_ROOT>/07_AGGREGATE/CORE_541_DISTRIBUTION_V3.csv,data_row_1based:30493,A07,yaw_rmse_deg,D22_seed_03,1.90618447452172,103,519,541,0.19845857418111754
<V3_ROOT>/07_AGGREGATE/CORE_541_DISTRIBUTION_V3.csv,data_row_1based:30494,A07,yaw_rmse_deg,D35_seed_02,1.9065621017654957,104,519,541,0.2003853564547206
<V3_ROOT>/07_AGGREGATE/CORE_541_DISTRIBUTION_V3.csv,data_row_1based:30495,A07,yaw_rmse_deg,D43_seed_08,1.9067841849214684,105,519,541,0.2023121387283237
<V3_ROOT>/07_AGGREGATE/CORE_541_DISTRIBUTION_V3.csv,data_row_1based:30496,A07,yaw_rmse_deg,D43_seed_03,1.907318844433341,106,519,541,0.20423892100192678
<V3_ROOT>/07_AGGREGATE/CORE_541_DISTRIBUTION_V3.csv,data_row_1based:30497,A07,yaw_rmse_deg,D34_seed_07,1.9077431423222553,107,519,541,0.20616570327552985
<V3_ROOT>/07_AGGREGATE/CORE_541_DISTRIBUTION_V3.csv,data_row_1based:30498,A07,yaw_rmse_deg,D45_seed_00,1.907832294813493,108,519,541,0.20809248554913296
<V3_ROOT>/07_AGGREGATE/CORE_541_DISTRIBUTION_V3.csv,data_row_1based:30499,A07,yaw_rmse_deg,D23_seed_00,1.9087504767964982,109,519,541,0.21001926782273603
<V3_ROOT>/07_AGGREGATE/CORE_541_DISTRIBUTION_V3.csv,data_row_1based:30500,A07,yaw_rmse_deg,D23_seed_01,1.9087504767964982,110,519,541,0.2119460500963391
<V3_ROOT>/07_AGGREGATE/CORE_541_DISTRIBUTION_V3.csv,data_row_1based:30501,A07,yaw_rmse_deg,D23_seed_02,1.9087504767964982,111,519,541,0.2138728323699422
<V3_ROOT>/07_AGGREGATE/CORE_541_DISTRIBUTION_V3.csv,data_row_1based:30502,A07,yaw_rmse_deg,D23_seed_03,1.9087504767964982,112,519,541,0.21579961464354527
<V3_ROOT>/07_AGGREGATE/CORE_541_DISTRIBUTION_V3.csv,data_row_1based:30503,A07,yaw_rmse_deg,D23_seed_04,1.9087504767964982,113,519,541,0.21772639691714837
<V3_ROOT>/07_AGGREGATE/CORE_541_DISTRIBUTION_V3.csv,data_row_1based:30504,A07,yaw_rmse_deg,D23_seed_05,1.9087504767964982,114,519,541,0.21965317919075145
<V3_ROOT>/07_AGGREGATE/CORE_541_DISTRIBUTION_V3.csv,data_row_1based:30505,A07,yaw_rmse_deg,D23_seed_06,1.9087504767964982,115,519,541,0.22157996146435452
<V3_ROOT>/07_AGGREGATE/CORE_541_DISTRIBUTION_V3.csv,data_row_1based:30506,A07,yaw_rmse_deg,D23_seed_07,1.9087504767964982,116,519,541,0.22350674373795762
<V3_ROOT>/07_AGGREGATE/CORE_541_DISTRIBUTION_V3.csv,data_row_1based:30507,A07,yaw_rmse_deg,D23_seed_08,1.9087504767964982,117,519,541,0.2254335260115607
<V3_ROOT>/07_AGGREGATE/CORE_541_DISTRIBUTION_V3.csv,data_row_1based:30508,A07,yaw_rmse_deg,D42_seed_07,1.909034085974206,118,519,541,0.22736030828516376
<V3_ROOT>/07_AGGREGATE/CORE_541_DISTRIBUTION_V3.csv,data_row_1based:30509,A07,yaw_rmse_deg,D11_seed_03,1.9090677628661166,119,519,541,0.22928709055876687
<V3_ROOT>/07_AGGREGATE/CORE_541_DISTRIBUTION_V3.csv,data_row_1based:30510,A07,yaw_rmse_deg,D49_seed_06,1.90907288914752,120,519,541,0.23121387283236994
<V3_ROOT>/07_AGGREGATE/CORE_541_DISTRIBUTION_V3.csv,data_row_1based:30511,A07,yaw_rmse_deg,D49_seed_05,1.910182198240948,121,519,541,0.23314065510597304
<V3_ROOT>/07_AGGREGATE/CORE_541_DISTRIBUTION_V3.csv,data_row_1based:30512,A07,yaw_rmse_deg,D49_seed_00,1.9102710535037966,122,519,541,0.2350674373795761
<V3_ROOT>/07_AGGREGATE/CORE_541_DISTRIBUTION_V3.csv,data_row_1based:30513,A07,yaw_rmse_deg,D58_seed_07,1.910283143112714,123,519,541,0.23699421965317918
<V3_ROOT>/07_AGGREGATE/CORE_541_DISTRIBUTION_V3.csv,data_row_1based:30514,A07,yaw_rmse_deg,D49_seed_02,1.9104268739352865,124,519,541,0.23892100192678228
<V3_ROOT>/07_AGGREGATE/CORE_541_DISTRIBUTION_V3.csv,data_row_1based:30515,A07,yaw_rmse_deg,D49_seed_04,1.9108482905494804,125,519,541,0.24084778420038536
<V3_ROOT>/07_AGGREGATE/CORE_541_DISTRIBUTION_V3.csv,data_row_1based:30516,A07,yaw_rmse_deg,D42_seed_06,1.9109827046793877,126,519,541,0.24277456647398843
<V3_ROOT>/07_AGGREGATE/CORE_541_DISTRIBUTION_V3.csv,data_row_1based:30517,A07,yaw_rmse_deg,D50_seed_01,1.9114947592042422,127,519,541,0.24470134874759153
<V3_ROOT>/07_AGGREGATE/CORE_541_DISTRIBUTION_V3.csv,data_row_1based:30518,A07,yaw_rmse_deg,D06_seed_04,1.9115187934276607,128,519,541,0.2466281310211946
<V3_ROOT>/07_AGGREGATE/CORE_541_DISTRIBUTION_V3.csv,data_row_1based:30519,A07,yaw_rmse_deg,D49_seed_01,1.9115409816000193,129,519,541,0.24855491329479767
<V3_ROOT>/07_AGGREGATE/CORE_541_DISTRIBUTION_V3.csv,data_row_1based:30520,A07,yaw_rmse_deg,D05_seed_07,1.9115885208655026,130,519,541,0.2504816955684008
<V3_ROOT>/07_AGGREGATE/CORE_541_DISTRIBUTION_V3.csv,data_row_1based:30521,A07,yaw_rmse_deg,D42_seed_00,1.9118703677298439,131,519,541,0.2524084778420039
<V3_ROOT>/07_AGGREGATE/CORE_541_DISTRIBUTION_V3.csv,data_row_1based:30522,A07,yaw_rmse_deg,D47_seed_00,1.9119706939159082,132,519,541,0.2543352601156069
<V3_ROOT>/07_AGGREGATE/CORE_541_DISTRIBUTION_V3.csv,data_row_1based:30523,A07,yaw_rmse_deg,D04_seed_07,1.9120394492733124,133,519,541,0.25626204238921
<V3_ROOT>/07_AGGREGATE/CORE_541_DISTRIBUTION_V3.csv,data_row_1based:30524,A07,yaw_rmse_deg,D47_seed_06,1.9120877686004454,134,519,541,0.2581888246628131
<V3_ROOT>/07_AGGREGATE/CORE_541_DISTRIBUTION_V3.csv,data_row_1based:30525,A07,yaw_rmse_deg,D30_seed_04,1.91209359172992,135,519,541,0.26011560693641617
<V3_ROOT>/07_AGGREGATE/CORE_541_DISTRIBUTION_V3.csv,data_row_1based:30526,A07,yaw_rmse_deg,D39_seed_01,1.9123574298500263,136,519,541,0.26204238921001927
<V3_ROOT>/07_AGGREGATE/CORE_541_DISTRIBUTION_V3.csv,data_row_1based:30527,A07,yaw_rmse_deg,D44_seed_04,1.9124953830505995,137,519,541,0.26396917148362237
<V3_ROOT>/07_AGGREGATE/CORE_541_DISTRIBUTION_V3.csv,data_row_1based:30528,A07,yaw_rmse_deg,D05_seed_04,1.9125201113204802,138,519,541,0.2658959537572254
<V3_ROOT>/07_AGGREGATE/CORE_541_DISTRIBUTION_V3.csv,data_row_1based:30529,A07,yaw_rmse_deg,D04_seed_02,1.9125262800237368,139,519,541,0.2678227360308285
<V3_ROOT>/07_AGGREGATE/CORE_541_DISTRIBUTION_V3.csv,data_row_1based:30530,A07,yaw_rmse_deg,D05_seed_00,1.9125527431022917,140,519,541,0.2697495183044316
<V3_ROOT>/07_AGGREGATE/CORE_541_DISTRIBUTION_V3.csv,data_row_1based:30531,A07,yaw_rmse_deg,D42_seed_04,1.9125586190218193,141,519,541,0.27167630057803466
<V3_ROOT>/07_AGGREGATE/CORE_541_DISTRIBUTION_V3.csv,data_row_1based:30532,A07,yaw_rmse_deg,D05_seed_06,1.9127304616980387,142,519,541,0.27360308285163776
<V3_ROOT>/07_AGGREGATE/CORE_541_DISTRIBUTION_V3.csv,data_row_1based:30533,A07,yaw_rmse_deg,D03_seed_07,1.9129973254658508,143,519,541,0.27552986512524086
<V3_ROOT>/07_AGGREGATE/CORE_541_DISTRIBUTION_V3.csv,data_row_1based:30534,A07,yaw_rmse_deg,D31_seed_01,1.9130078726320185,144,519,541,0.2774566473988439
<V3_ROOT>/07_AGGREGATE/CORE_541_DISTRIBUTION_V3.csv,data_row_1based:30535,A07,yaw_rmse_deg,D42_seed_02,1.9130099321305982,145,519,541,0.279383429672447
<V3_ROOT>/07_AGGREGATE/CORE_541_DISTRIBUTION_V3.csv,data_row_1based:30536,A07,yaw_rmse_deg,D44_seed_05,1.913057746537706,146,519,541,0.2813102119460501
<V3_ROOT>/07_AGGREGATE/CORE_541_DISTRIBUTION_V3.csv,data_row_1based:30537,A07,yaw_rmse_deg,D50_seed_00,1.9130751882741623,147,519,541,0.2832369942196532
<V3_ROOT>/07_AGGREGATE/CORE_541_DISTRIBUTION_V3.csv,data_row_1based:30538,A07,yaw_rmse_deg,D07_seed_07,1.9131179599313541,148,519,541,0.28516377649325625
<V3_ROOT>/07_AGGREGATE/CORE_541_DISTRIBUTION_V3.csv,data_row_1based:30539,A07,yaw_rmse_deg,D30_seed_01,1.9132060552978614,149,519,541,0.28709055876685935
<V3_ROOT>/07_AGGREGATE/CORE_541_DISTRIBUTION_V3.csv,data_row_1based:30540,A07,yaw_rmse_deg,D47_seed_04,1.913222878066767,150,519,541,0.28901734104046245
<V3_ROOT>/07_AGGREGATE/CORE_541_DISTRIBUTION_V3.csv,data_row_1based:30541,A07,yaw_rmse_deg,D42_seed_08,1.9133140689049333,151,519,541,0.2909441233140655
<V3_ROOT>/07_AGGREGATE/CORE_541_DISTRIBUTION_V3.csv,data_row_1based:30542,A07,yaw_rmse_deg,D03_seed_02,1.9133451981292708,152,519,541,0.2928709055876686
<V3_ROOT>/07_AGGREGATE/CORE_541_DISTRIBUTION_V3.csv,data_row_1based:30543,A07,yaw_rmse_deg,D02_seed_07,1.913396556677717,153,519,541,0.2947976878612717
<V3_ROOT>/07_AGGREGATE/CORE_541_DISTRIBUTION_V3.csv,data_row_1based:30544,A07,yaw_rmse_deg,D33_seed_00,1.913397981124832,154,519,541,0.29672447013487474
<V3_ROOT>/07_AGGREGATE/CORE_541_DISTRIBUTION_V3.csv,data_row_1based:30545,A07,yaw_rmse_deg,D04_seed_00,1.913464940002955,155,519,541,0.29865125240847784
<V3_ROOT>/07_AGGREGATE/CORE_541_DISTRIBUTION_V3.csv,data_row_1based:30546,A07,yaw_rmse_deg,D19_seed_07,1.9135169887543202,156,519,541,0.30057803468208094
<V3_ROOT>/07_AGGREGATE/CORE_541_DISTRIBUTION_V3.csv,data_row_1based:30547,A07,yaw_rmse_deg,D50_seed_04,1.9135214554978126,157,519,541,0.302504816955684
<V3_ROOT>/07_AGGREGATE/CORE_541_DISTRIBUTION_V3.csv,data_row_1based:30548,A07,yaw_rmse_deg,D50_seed_06,1.9135216908248274,158,519,541,0.3044315992292871
<V3_ROOT>/07_AGGREGATE/CORE_541_DISTRIBUTION_V3.csv,data_row_1based:30549,A07,yaw_rmse_deg,D04_seed_03,1.9135319411899467,159,519,541,0.3063583815028902
<V3_ROOT>/07_AGGREGATE/CORE_541_DISTRIBUTION_V3.csv,data_row_1based:30550,A07,yaw_rmse_deg,D50_seed_05,1.9135329448433624,160,519,541,0.30828516377649323
<V3_ROOT>/07_AGGREGATE/CORE_541_DISTRIBUTION_V3.csv,data_row_1based:30551,A07,yaw_rmse_deg,D44_seed_07,1.913535340869725,161,519,541,0.31021194605009633
<V3_ROOT>/07_AGGREGATE/CORE_541_DISTRIBUTION_V3.csv,data_row_1based:30552,A07,yaw_rmse_deg,D04_seed_05,1.9135737317312222,162,519,541,0.31213872832369943
<V3_ROOT>/07_AGGREGATE/CORE_541_DISTRIBUTION_V3.csv,data_row_1based:30553,A07,yaw_rmse_deg,D06_seed_01,1.913641997273484,163,519,541,0.3140655105973025
<V3_ROOT>/07_AGGREGATE/CORE_541_DISTRIBUTION_V3.csv,data_row_1based:30554,A07,yaw_rmse_deg,D50_seed_03,1.9136635535817026,164,519,541,0.3159922928709056
<V3_ROOT>/07_AGGREGATE/CORE_541_DISTRIBUTION_V3.csv,data_row_1based:30555,A07,yaw_rmse_deg,D01_seed_07,1.9136951466645133,165,519,541,0.3179190751445087
<V3_ROOT>/07_AGGREGATE/CORE_541_DISTRIBUTION_V3.csv,data_row_1based:30556,A07,yaw_rmse_deg,D07_seed_02,1.9137050940175218,166,519,541,0.3198458574181118
<V3_ROOT>/07_AGGREGATE/CORE_541_DISTRIBUTION_V3.csv,data_row_1based:30557,A07,yaw_rmse_deg,D04_seed_06,1.913717093170865,167,519,541,0.3217726396917148
<V3_ROOT>/07_AGGREGATE/CORE_541_DISTRIBUTION_V3.csv,data_row_1based:30558,A07,yaw_rmse_deg,D03_seed_00,1.9137417151038296,168,519,541,0.3236994219653179
<V3_ROOT>/07_AGGREGATE/CORE_541_DISTRIBUTION_V3.csv,data_row_1based:30559,A07,yaw_rmse_deg,D03_seed_04,1.9137536851162003,169,519,541,0.325626204238921
<V3_ROOT>/07_AGGREGATE/CORE_541_DISTRIBUTION_V3.csv,data_row_1based:30560,A07,yaw_rmse_deg,D03_seed_03,1.9137574103650303,170,519,541,0.32755298651252407
<V3_ROOT>/07_AGGREGATE/CORE_541_DISTRIBUTION_V3.csv,data_row_1based:30561,A07,yaw_rmse_deg,D42_seed_03,1.9137867579728607,171,519,541,0.32947976878612717
<V3_ROOT>/07_AGGREGATE/CORE_541_DISTRIBUTION_V3.csv,data_row_1based:30562,A07,yaw_rmse_deg,D42_seed_05,1.9137922655935378,172,519,541,0.33140655105973027
<V3_ROOT>/07_AGGREGATE/CORE_541_DISTRIBUTION_V3.csv,data_row_1based:30563,A07,yaw_rmse_deg,D04_seed_04,1.9138204144564865,173,519,541,0.3333333333333333
<V3_ROOT>/07_AGGREGATE/CORE_541_DISTRIBUTION_V3.csv,data_row_1based:30564,A07,yaw_rmse_deg,D07_seed_05,1.91382554393578,174,519,541,0.3352601156069364
<V3_ROOT>/07_AGGREGATE/CORE_541_DISTRIBUTION_V3.csv,data_row_1based:30565,A07,yaw_rmse_deg,D02_seed_02,1.9138388503297536,175,519,541,0.3371868978805395
<V3_ROOT>/07_AGGREGATE/CORE_541_DISTRIBUTION_V3.csv,data_row_1based:30566,A07,yaw_rmse_deg,D07_seed_00,1.913845665923767,176,519,541,0.33911368015414256
<V3_ROOT>/07_AGGREGATE/CORE_541_DISTRIBUTION_V3.csv,data_row_1based:30567,A07,yaw_rmse_deg,D13_seed_03,1.9139226651099714,177,519,541,0.34104046242774566
<V3_ROOT>/07_AGGREGATE/CORE_541_DISTRIBUTION_V3.csv,data_row_1based:30568,A07,yaw_rmse_deg,D02_seed_03,1.913984615386202,178,519,541,0.34296724470134876
<V3_ROOT>/07_AGGREGATE/CORE_541_DISTRIBUTION_V3.csv,data_row_1based:30569,A07,yaw_rmse_deg,D46_seed_04,1.9139951335921443,179,519,541,0.3448940269749518
<V3_ROOT>/07_AGGREGATE/CORE_541_DISTRIBUTION_V3.csv,data_row_1based:30570,A07,yaw_rmse_deg,D01_seed_02,1.9139990774047617,180,519,541,0.3468208092485549
<V3_ROOT>/07_AGGREGATE/CORE_541_DISTRIBUTION_V3.csv,data_row_1based:30571,A07,yaw_rmse_deg,D48_seed_03,1.9140047634421318,181,519,541,0.348747591522158
<V3_ROOT>/07_AGGREGATE/CORE_541_DISTRIBUTION_V3.csv,data_row_1based:30572,A07,yaw_rmse_deg,D47_seed_02,1.9140142805856393,182,519,541,0.35067437379576105
<V3_ROOT>/07_AGGREGATE/CORE_541_DISTRIBUTION_V3.csv,data_row_1based:30573,A07,yaw_rmse_deg,D03_seed_05,1.9140190966350326,183,519,541,0.35260115606936415
<V3_ROOT>/07_AGGREGATE/CORE_541_DISTRIBUTION_V3.csv,data_row_1based:30574,A07,yaw_rmse_deg,D48_seed_01,1.9140252001012152,184,519,541,0.35452793834296725
<V3_ROOT>/07_AGGREGATE/CORE_541_DISTRIBUTION_V3.csv,data_row_1based:30575,A07,yaw_rmse_deg,D19_seed_02,1.9140531826168623,185,519,541,0.35645472061657035
<V3_ROOT>/07_AGGREGATE/CORE_541_DISTRIBUTION_V3.csv,data_row_1based:30576,A07,yaw_rmse_deg,D48_seed_08,1.9140600749790433,186,519,541,0.3583815028901734
<V3_ROOT>/07_AGGREGATE/CORE_541_DISTRIBUTION_V3.csv,data_row_1based:30577,A07,yaw_rmse_deg,D46_seed_07,1.9140651740499122,187,519,541,0.3603082851637765
<V3_ROOT>/07_AGGREGATE/CORE_541_DISTRIBUTION_V3.csv,data_row_1based:30578,A07,yaw_rmse_deg,D04_seed_08,1.914075659705758,188,519,541,0.3622350674373796
<V3_ROOT>/07_AGGREGATE/CORE_541_DISTRIBUTION_V3.csv,data_row_1based:30579,A07,yaw_rmse_deg,D02_seed_04,1.9141104234476054,189,519,541,0.36416184971098264
<V3_ROOT>/07_AGGREGATE/CORE_541_DISTRIBUTION_V3.csv,data_row_1based:30580,A07,yaw_rmse_deg,D48_seed_05,1.9141227988492004,190,519,541,0.36608863198458574
<V3_ROOT>/07_AGGREGATE/CORE_541_DISTRIBUTION_V3.csv,data_row_1based:30581,A07,yaw_rmse_deg,D42_seed_01,1.9141459555814506,191,519,541,0.36801541425818884
<V3_ROOT>/07_AGGREGATE/CORE_541_DISTRIBUTION_V3.csv,data_row_1based:30582,A07,yaw_rmse_deg,D02_seed_00,1.914194678956823,192,519,541,0.3699421965317919
<V3_ROOT>/07_AGGREGATE/CORE_541_DISTRIBUTION_V3.csv,data_row_1based:30583,A07,yaw_rmse_deg,D19_seed_00,1.914204375374607,193,519,541,0.371868978805395
<V3_ROOT>/07_AGGREGATE/CORE_541_DISTRIBUTION_V3.csv,data_row_1based:30584,A07,yaw_rmse_deg,D46_seed_02,1.91421024324743,194,519,541,0.3737957610789981
<V3_ROOT>/07_AGGREGATE/CORE_541_DISTRIBUTION_V3.csv,data_row_1based:30585,A07,yaw_rmse_deg,D04_seed_01,1.9142191244859648,195,519,541,0.37572254335260113
<V3_ROOT>/07_AGGREGATE/CORE_541_DISTRIBUTION_V3.csv,data_row_1based:30586,A07,yaw_rmse_deg,D50_seed_07,1.9142243058194717,196,519,541,0.37764932562620424
<V3_ROOT>/07_AGGREGATE/CORE_541_DISTRIBUTION_V3.csv,data_row_1based:30587,A07,yaw_rmse_deg,D05_seed_08,1.914231866147184,197,519,541,0.37957610789980734
<V3_ROOT>/07_AGGREGATE/CORE_541_DISTRIBUTION_V3.csv,data_row_1based:30588,A07,yaw_rmse_deg,D01_seed_05,1.9142431998040477,198,519,541,0.3815028901734104
<V3_ROOT>/07_AGGREGATE/CORE_541_DISTRIBUTION_V3.csv,data_row_1based:30589,A07,yaw_rmse_deg,D01_seed_00,1.9142497099463607,199,519,541,0.3834296724470135
<V3_ROOT>/07_AGGREGATE/CORE_541_DISTRIBUTION_V3.csv,data_row_1based:30590,A07,yaw_rmse_deg,D07_seed_08,1.9142657634084312,200,519,541,0.3853564547206166
<V3_ROOT>/07_AGGREGATE/CORE_541_DISTRIBUTION_V3.csv,data_row_1based:30591,A07,yaw_rmse_deg,D07_seed_04,1.9142711713682794,201,519,541,0.3872832369942196
<V3_ROOT>/07_AGGREGATE/CORE_541_DISTRIBUTION_V3.csv,data_row_1based:30592,A07,yaw_rmse_deg,D01_seed_04,1.9142775546385478,202,519,541,0.3892100192678227
<V3_ROOT>/07_AGGREGATE/CORE_541_DISTRIBUTION_V3.csv,data_row_1based:30593,A07,yaw_rmse_deg,D05_seed_03,1.9142922911768883,203,519,541,0.3911368015414258
<V3_ROOT>/07_AGGREGATE/CORE_541_DISTRIBUTION_V3.csv,data_row_1based:30594,A07,yaw_rmse_deg,D02_seed_06,1.9143029851409386,204,519,541,0.3930635838150289
<V3_ROOT>/07_AGGREGATE/CORE_541_DISTRIBUTION_V3.csv,data_row_1based:30595,A07,yaw_rmse_deg,D03_seed_06,1.914306263518682,205,519,541,0.394990366088632
<V3_ROOT>/07_AGGREGATE/CORE_541_DISTRIBUTION_V3.csv,data_row_1based:30596,A07,yaw_rmse_deg,D05_seed_05,1.914310239554487,206,519,541,0.3969171483622351
<V3_ROOT>/07_AGGREGATE/CORE_541_DISTRIBUTION_V3.csv,data_row_1based:30597,A07,yaw_rmse_deg,D18_seed_08,1.9143195516096194,207,519,541,0.3988439306358382
<V3_ROOT>/07_AGGREGATE/CORE_541_DISTRIBUTION_V3.csv,data_row_1based:30598,A07,yaw_rmse_deg,D07_seed_06,1.9143224558337582,208,519,541,0.4007707129094412
<V3_ROOT>/07_AGGREGATE/CORE_541_DISTRIBUTION_V3.csv,data_row_1based:30599,A07,yaw_rmse_deg,D03_seed_08,1.9143274527264509,209,519,541,0.4026974951830443
<V3_ROOT>/07_AGGREGATE/CORE_541_DISTRIBUTION_V3.csv,data_row_1based:30600,A07,yaw_rmse_deg,D48_seed_06,1.9143352051745721,210,519,541,0.4046242774566474
<V3_ROOT>/07_AGGREGATE/CORE_541_DISTRIBUTION_V3.csv,data_row_1based:30601,A07,yaw_rmse_deg,D02_seed_08,1.9143367915943879,211,519,541,0.40655105973025046
<V3_ROOT>/07_AGGREGATE/CORE_541_DISTRIBUTION_V3.csv,data_row_1based:30602,A07,yaw_rmse_deg,D03_seed_01,1.9143391662942355,212,519,541,0.40847784200385356
<V3_ROOT>/07_AGGREGATE/CORE_541_DISTRIBUTION_V3.csv,data_row_1based:30603,A07,yaw_rmse_deg,D18_seed_07,1.914347217028792,213,519,541,0.41040462427745666
<V3_ROOT>/07_AGGREGATE/CORE_541_DISTRIBUTION_V3.csv,data_row_1based:30604,A07,yaw_rmse_deg,D05_seed_01,1.914347588801072,214,519,541,0.4123314065510597
<V3_ROOT>/07_AGGREGATE/CORE_541_DISTRIBUTION_V3.csv,data_row_1based:30605,A07,yaw_rmse_deg,D02_seed_01,1.9143600509307634,215,519,541,0.4142581888246628
<V3_ROOT>/07_AGGREGATE/CORE_541_DISTRIBUTION_V3.csv,data_row_1based:30606,A07,yaw_rmse_deg,D01_seed_08,1.9143612498417308,216,519,541,0.4161849710982659
<V3_ROOT>/07_AGGREGATE/CORE_541_DISTRIBUTION_V3.csv,data_row_1based:30607,A07,yaw_rmse_deg,D07_seed_01,1.914363241458213,217,519,541,0.41811175337186895
<V3_ROOT>/07_AGGREGATE/CORE_541_DISTRIBUTION_V3.csv,data_row_1based:30608,A07,yaw_rmse_deg,D02_seed_05,1.9143742446817735,218,519,541,0.42003853564547206
<V3_ROOT>/07_AGGREGATE/CORE_541_DISTRIBUTION_V3.csv,data_row_1based:30609,A07,yaw_rmse_deg,D46_seed_01,1.9143747200612984,219,519,541,0.42196531791907516
<V3_ROOT>/07_AGGREGATE/CORE_541_DISTRIBUTION_V3.csv,data_row_1based:30610,A07,yaw_rmse_deg,D47_seed_03,1.9143811211605284,220,519,541,0.4238921001926782
<V3_ROOT>/07_AGGREGATE/CORE_541_DISTRIBUTION_V3.csv,data_row_1based:30611,A07,yaw_rmse_deg,D18_seed_00,1.914382920391537,221,519,541,0.4258188824662813
<V3_ROOT>/07_AGGREGATE/CORE_541_DISTRIBUTION_V3.csv,data_row_1based:30612,A07,yaw_rmse_deg,D46_seed_08,1.9143926954748232,222,519,541,0.4277456647398844
<V3_ROOT>/07_AGGREGATE/CORE_541_DISTRIBUTION_V3.csv,data_row_1based:30613,A07,yaw_rmse_deg,D01_seed_01,1.9143969091026733,223,519,541,0.4296724470134875
<V3_ROOT>/07_AGGREGATE/CORE_541_DISTRIBUTION_V3.csv,data_row_1based:30614,A07,yaw_rmse_deg,D18_seed_03,1.9144030709943134,224,519,541,0.43159922928709055
<V3_ROOT>/07_AGGREGATE/CORE_541_DISTRIBUTION_V3.csv,data_row_1based:30615,A07,yaw_rmse_deg,D19_seed_04,1.9144194406573376,225,519,541,0.43352601156069365
<V3_ROOT>/07_AGGREGATE/CORE_541_DISTRIBUTION_V3.csv,data_row_1based:30616,A07,yaw_rmse_deg,D50_seed_02,1.9144213033042075,226,519,541,0.43545279383429675
<V3_ROOT>/07_AGGREGATE/CORE_541_DISTRIBUTION_V3.csv,data_row_1based:30617,A07,yaw_rmse_deg,D17_seed_05,1.9144218077459245,227,519,541,0.4373795761078998
<V3_ROOT>/07_AGGREGATE/CORE_541_DISTRIBUTION_V3.csv,data_row_1based:30618,A07,yaw_rmse_deg,D16_seed_05,1.9144220444210573,228,519,541,0.4393063583815029
<V3_ROOT>/07_AGGREGATE/CORE_541_DISTRIBUTION_V3.csv,data_row_1based:30619,A07,yaw_rmse_deg,D16_seed_02,1.9144220637409854,229,519,541,0.441233140655106
<V3_ROOT>/07_AGGREGATE/CORE_541_DISTRIBUTION_V3.csv,data_row_1based:30620,A07,yaw_rmse_deg,D16_seed_01,1.9144221115734699,230,519,541,0.44315992292870904
<V3_ROOT>/07_AGGREGATE/CORE_541_DISTRIBUTION_V3.csv,data_row_1based:30621,A07,yaw_rmse_deg,D17_seed_03,1.9144222488285818,231,519,541,0.44508670520231214
<V3_ROOT>/07_AGGREGATE/CORE_541_DISTRIBUTION_V3.csv,data_row_1based:30622,A07,yaw_rmse_deg,D16_seed_03,1.9144222956346837,232,519,541,0.44701348747591524
<V3_ROOT>/07_AGGREGATE/CORE_541_DISTRIBUTION_V3.csv,data_row_1based:30623,A07,yaw_rmse_deg,D16_seed_06,1.9144223391912945,233,519,541,0.4489402697495183
<V3_ROOT>/07_AGGREGATE/CORE_541_DISTRIBUTION_V3.csv,data_row_1based:30624,A07,yaw_rmse_deg,D17_seed_08,1.9144223752514444,234,519,541,0.4508670520231214
<V3_ROOT>/07_AGGREGATE/CORE_541_DISTRIBUTION_V3.csv,data_row_1based:30625,A07,yaw_rmse_deg,D01_seed_03,1.9144223884983613,235,519,541,0.4527938342967245
<V3_ROOT>/07_AGGREGATE/CORE_541_DISTRIBUTION_V3.csv,data_row_1based:30626,A07,yaw_rmse_deg,D16_seed_00,1.914422500893631,236,519,541,0.45472061657032753
<V3_ROOT>/07_AGGREGATE/CORE_541_DISTRIBUTION_V3.csv,data_row_1based:30627,A07,yaw_rmse_deg,D17_seed_02,1.9144225209578716,237,519,541,0.45664739884393063
<V3_ROOT>/07_AGGREGATE/CORE_541_DISTRIBUTION_V3.csv,data_row_1based:30628,A07,yaw_rmse_deg,C00_clean_normal,1.9144225265420964,238,519,541,0.45857418111753373
<V3_ROOT>/07_AGGREGATE/CORE_541_DISTRIBUTION_V3.csv,data_row_1based:30629,A07,yaw_rmse_deg,D08_seed_00,1.9144225265420964,239,519,541,0.4605009633911368
<V3_ROOT>/07_AGGREGATE/CORE_541_DISTRIBUTION_V3.csv,data_row_1based:30630,A07,yaw_rmse_deg,D08_seed_01,1.9144225265420964,240,519,541,0.4624277456647399
<V3_ROOT>/07_AGGREGATE/CORE_541_DISTRIBUTION_V3.csv,data_row_1based:30631,A07,yaw_rmse_deg,D08_seed_02,1.9144225265420964,241,519,541,0.464354527938343
<V3_ROOT>/07_AGGREGATE/CORE_541_DISTRIBUTION_V3.csv,data_row_1based:30632,A07,yaw_rmse_deg,D08_seed_03,1.9144225265420964,242,519,541,0.4662813102119461
<V3_ROOT>/07_AGGREGATE/CORE_541_DISTRIBUTION_V3.csv,data_row_1based:30633,A07,yaw_rmse_deg,D08_seed_04,1.9144225265420964,243,519,541,0.4682080924855491
<V3_ROOT>/07_AGGREGATE/CORE_541_DISTRIBUTION_V3.csv,data_row_1based:30634,A07,yaw_rmse_deg,D08_seed_05,1.9144225265420964,244,519,541,0.4701348747591522
<V3_ROOT>/07_AGGREGATE/CORE_541_DISTRIBUTION_V3.csv,data_row_1based:30635,A07,yaw_rmse_deg,D08_seed_06,1.9144225265420964,245,519,541,0.4720616570327553
<V3_ROOT>/07_AGGREGATE/CORE_541_DISTRIBUTION_V3.csv,data_row_1based:30636,A07,yaw_rmse_deg,D08_seed_07,1.9144225265420964,246,519,541,0.47398843930635837
<V3_ROOT>/07_AGGREGATE/CORE_541_DISTRIBUTION_V3.csv,data_row_1based:30637,A07,yaw_rmse_deg,D08_seed_08,1.9144225265420964,247,519,541,0.47591522157996147
<V3_ROOT>/07_AGGREGATE/CORE_541_DISTRIBUTION_V3.csv,data_row_1based:30638,A07,yaw_rmse_deg,D22_seed_00,1.9144225265420964,248,519,541,0.47784200385356457
<V3_ROOT>/07_AGGREGATE/CORE_541_DISTRIBUTION_V3.csv,data_row_1based:30639,A07,yaw_rmse_deg,D22_seed_06,1.9144225265420964,249,519,541,0.4797687861271676
<V3_ROOT>/07_AGGREGATE/CORE_541_DISTRIBUTION_V3.csv,data_row_1based:30640,A07,yaw_rmse_deg,D29_seed_00,1.9144225265420964,250,519,541,0.4816955684007707
<V3_ROOT>/07_AGGREGATE/CORE_541_DISTRIBUTION_V3.csv,data_row_1based:30641,A07,yaw_rmse_deg,D29_seed_01,1.9144225265420964,251,519,541,0.4836223506743738
<V3_ROOT>/07_AGGREGATE/CORE_541_DISTRIBUTION_V3.csv,data_row_1based:30642,A07,yaw_rmse_deg,D29_seed_02,1.9144225265420964,252,519,541,0.48554913294797686
<V3_ROOT>/07_AGGREGATE/CORE_541_DISTRIBUTION_V3.csv,data_row_1based:30643,A07,yaw_rmse_deg,D29_seed_03,1.9144225265420964,253,519,541,0.48747591522157996
<V3_ROOT>/07_AGGREGATE/CORE_541_DISTRIBUTION_V3.csv,data_row_1based:30644,A07,yaw_rmse_deg,D29_seed_04,1.9144225265420964,254,519,541,0.48940269749518306
<V3_ROOT>/07_AGGREGATE/CORE_541_DISTRIBUTION_V3.csv,data_row_1based:30645,A07,yaw_rmse_deg,D29_seed_05,1.9144225265420964,255,519,541,0.4913294797687861
<V3_ROOT>/07_AGGREGATE/CORE_541_DISTRIBUTION_V3.csv,data_row_1based:30646,A07,yaw_rmse_deg,D29_seed_06,1.9144225265420964,256,519,541,0.4932562620423892
<V3_ROOT>/07_AGGREGATE/CORE_541_DISTRIBUTION_V3.csv,data_row_1based:30647,A07,yaw_rmse_deg,D29_seed_07,1.9144225265420964,257,519,541,0.4951830443159923
<V3_ROOT>/07_AGGREGATE/CORE_541_DISTRIBUTION_V3.csv,data_row_1based:30648,A07,yaw_rmse_deg,D29_seed_08,1.9144225265420964,258,519,541,0.49710982658959535
<V3_ROOT>/07_AGGREGATE/CORE_541_DISTRIBUTION_V3.csv,data_row_1based:30649,A07,yaw_rmse_deg,D40_seed_00,1.9144225265420964,259,519,541,0.49903660886319845
<V3_ROOT>/07_AGGREGATE/CORE_541_DISTRIBUTION_V3.csv,data_row_1based:30650,A07,yaw_rmse_deg,D40_seed_01,1.9144225265420964,260,519,541,0.5009633911368016
<V3_ROOT>/07_AGGREGATE/CORE_541_DISTRIBUTION_V3.csv,data_row_1based:30651,A07,yaw_rmse_deg,D40_seed_02,1.9144225265420964,261,519,541,0.5028901734104047
<V3_ROOT>/07_AGGREGATE/CORE_541_DISTRIBUTION_V3.csv,data_row_1based:30652,A07,yaw_rmse_deg,D40_seed_03,1.9144225265420964,262,519,541,0.5048169556840078
<V3_ROOT>/07_AGGREGATE/CORE_541_DISTRIBUTION_V3.csv,data_row_1based:30653,A07,yaw_rmse_deg,D40_seed_04,1.9144225265420964,263,519,541,0.5067437379576107
<V3_ROOT>/07_AGGREGATE/CORE_541_DISTRIBUTION_V3.csv,data_row_1based:30654,A07,yaw_rmse_deg,D40_seed_05,1.9144225265420964,264,519,541,0.5086705202312138
<V3_ROOT>/07_AGGREGATE/CORE_541_DISTRIBUTION_V3.csv,data_row_1based:30655,A07,yaw_rmse_deg,D40_seed_06,1.9144225265420964,265,519,541,0.5105973025048169
<V3_ROOT>/07_AGGREGATE/CORE_541_DISTRIBUTION_V3.csv,data_row_1based:30656,A07,yaw_rmse_deg,D40_seed_07,1.9144225265420964,266,519,541,0.51252408477842
<V3_ROOT>/07_AGGREGATE/CORE_541_DISTRIBUTION_V3.csv,data_row_1based:30657,A07,yaw_rmse_deg,D40_seed_08,1.9144225265420964,267,519,541,0.5144508670520231
<V3_ROOT>/07_AGGREGATE/CORE_541_DISTRIBUTION_V3.csv,data_row_1based:30658,A07,yaw_rmse_deg,D51_seed_00,1.9144225265420964,268,519,541,0.5163776493256262
<V3_ROOT>/07_AGGREGATE/CORE_541_DISTRIBUTION_V3.csv,data_row_1based:30659,A07,yaw_rmse_deg,D51_seed_01,1.9144225265420964,269,519,541,0.5183044315992292
<V3_ROOT>/07_AGGREGATE/CORE_541_DISTRIBUTION_V3.csv,data_row_1based:30660,A07,yaw_rmse_deg,D51_seed_02,1.9144225265420964,270,519,541,0.5202312138728323
<V3_ROOT>/07_AGGREGATE/CORE_541_DISTRIBUTION_V3.csv,data_row_1based:30661,A07,yaw_rmse_deg,D51_seed_03,1.9144225265420964,271,519,541,0.5221579961464354
<V3_ROOT>/07_AGGREGATE/CORE_541_DISTRIBUTION_V3.csv,data_row_1based:30662,A07,yaw_rmse_deg,D51_seed_04,1.9144225265420964,272,519,541,0.5240847784200385
<V3_ROOT>/07_AGGREGATE/CORE_541_DISTRIBUTION_V3.csv,data_row_1based:30663,A07,yaw_rmse_deg,D51_seed_05,1.9144225265420964,273,519,541,0.5260115606936416
<V3_ROOT>/07_AGGREGATE/CORE_541_DISTRIBUTION_V3.csv,data_row_1based:30664,A07,yaw_rmse_deg,D51_seed_06,1.9144225265420964,274,519,541,0.5279383429672447
<V3_ROOT>/07_AGGREGATE/CORE_541_DISTRIBUTION_V3.csv,data_row_1based:30665,A07,yaw_rmse_deg,D51_seed_07,1.9144225265420964,275,519,541,0.5298651252408478
<V3_ROOT>/07_AGGREGATE/CORE_541_DISTRIBUTION_V3.csv,data_row_1based:30666,A07,yaw_rmse_deg,D51_seed_08,1.9144225265420964,276,519,541,0.5317919075144508
<V3_ROOT>/07_AGGREGATE/CORE_541_DISTRIBUTION_V3.csv,data_row_1based:30667,A07,yaw_rmse_deg,D52_seed_00,1.9144225265420964,277,519,541,0.5337186897880539
<V3_ROOT>/07_AGGREGATE/CORE_541_DISTRIBUTION_V3.csv,data_row_1based:30668,A07,yaw_rmse_deg,D52_seed_01,1.9144225265420964,278,519,541,0.535645472061657
<V3_ROOT>/07_AGGREGATE/CORE_541_DISTRIBUTION_V3.csv,data_row_1based:30669,A07,yaw_rmse_deg,D52_seed_02,1.9144225265420964,279,519,541,0.5375722543352601
<V3_ROOT>/07_AGGREGATE/CORE_541_DISTRIBUTION_V3.csv,data_row_1based:30670,A07,yaw_rmse_deg,D52_seed_03,1.9144225265420964,280,519,541,0.5394990366088632
<V3_ROOT>/07_AGGREGATE/CORE_541_DISTRIBUTION_V3.csv,data_row_1based:30671,A07,yaw_rmse_deg,D52_seed_04,1.9144225265420964,281,519,541,0.5414258188824663
<V3_ROOT>/07_AGGREGATE/CORE_541_DISTRIBUTION_V3.csv,data_row_1based:30672,A07,yaw_rmse_deg,D52_seed_05,1.9144225265420964,282,519,541,0.5433526011560693
<V3_ROOT>/07_AGGREGATE/CORE_541_DISTRIBUTION_V3.csv,data_row_1based:30673,A07,yaw_rmse_deg,D52_seed_06,1.9144225265420964,283,519,541,0.5452793834296724
<V3_ROOT>/07_AGGREGATE/CORE_541_DISTRIBUTION_V3.csv,data_row_1based:30674,A07,yaw_rmse_deg,D52_seed_07,1.9144225265420964,284,519,541,0.5472061657032755
<V3_ROOT>/07_AGGREGATE/CORE_541_DISTRIBUTION_V3.csv,data_row_1based:30675,A07,yaw_rmse_deg,D52_seed_08,1.9144225265420964,285,519,541,0.5491329479768786
<V3_ROOT>/07_AGGREGATE/CORE_541_DISTRIBUTION_V3.csv,data_row_1based:30676,A07,yaw_rmse_deg,D53_seed_00,1.9144225265420964,286,519,541,0.5510597302504817
<V3_ROOT>/07_AGGREGATE/CORE_541_DISTRIBUTION_V3.csv,data_row_1based:30677,A07,yaw_rmse_deg,D53_seed_01,1.9144225265420964,287,519,541,0.5529865125240848
<V3_ROOT>/07_AGGREGATE/CORE_541_DISTRIBUTION_V3.csv,data_row_1based:30678,A07,yaw_rmse_deg,D53_seed_02,1.9144225265420964,288,519,541,0.5549132947976878
<V3_ROOT>/07_AGGREGATE/CORE_541_DISTRIBUTION_V3.csv,data_row_1based:30679,A07,yaw_rmse_deg,D53_seed_03,1.9144225265420964,289,519,541,0.5568400770712909
<V3_ROOT>/07_AGGREGATE/CORE_541_DISTRIBUTION_V3.csv,data_row_1based:30680,A07,yaw_rmse_deg,D53_seed_04,1.9144225265420964,290,519,541,0.558766859344894
<V3_ROOT>/07_AGGREGATE/CORE_541_DISTRIBUTION_V3.csv,data_row_1based:30681,A07,yaw_rmse_deg,D53_seed_05,1.9144225265420964,291,519,541,0.5606936416184971
<V3_ROOT>/07_AGGREGATE/CORE_541_DISTRIBUTION_V3.csv,data_row_1based:30682,A07,yaw_rmse_deg,D53_seed_06,1.9144225265420964,292,519,541,0.5626204238921002
<V3_ROOT>/07_AGGREGATE/CORE_541_DISTRIBUTION_V3.csv,data_row_1based:30683,A07,yaw_rmse_deg,D53_seed_07,1.9144225265420964,293,519,541,0.5645472061657033
<V3_ROOT>/07_AGGREGATE/CORE_541_DISTRIBUTION_V3.csv,data_row_1based:30684,A07,yaw_rmse_deg,D53_seed_08,1.9144225265420964,294,519,541,0.5664739884393064
<V3_ROOT>/07_AGGREGATE/CORE_541_DISTRIBUTION_V3.csv,data_row_1based:30685,A07,yaw_rmse_deg,D54_seed_00,1.9144225265420964,295,519,541,0.5684007707129094
<V3_ROOT>/07_AGGREGATE/CORE_541_DISTRIBUTION_V3.csv,data_row_1based:30686,A07,yaw_rmse_deg,D54_seed_01,1.9144225265420964,296,519,541,0.5703275529865125
<V3_ROOT>/07_AGGREGATE/CORE_541_DISTRIBUTION_V3.csv,data_row_1based:30687,A07,yaw_rmse_deg,D54_seed_02,1.9144225265420964,297,519,541,0.5722543352601156
<V3_ROOT>/07_AGGREGATE/CORE_541_DISTRIBUTION_V3.csv,data_row_1based:30688,A07,yaw_rmse_deg,D54_seed_03,1.9144225265420964,298,519,541,0.5741811175337187
<V3_ROOT>/07_AGGREGATE/CORE_541_DISTRIBUTION_V3.csv,data_row_1based:30689,A07,yaw_rmse_deg,D54_seed_04,1.9144225265420964,299,519,541,0.5761078998073218
<V3_ROOT>/07_AGGREGATE/CORE_541_DISTRIBUTION_V3.csv,data_row_1based:30690,A07,yaw_rmse_deg,D54_seed_05,1.9144225265420964,300,519,541,0.5780346820809249
<V3_ROOT>/07_AGGREGATE/CORE_541_DISTRIBUTION_V3.csv,data_row_1based:30691,A07,yaw_rmse_deg,D54_seed_06,1.9144225265420964,301,519,541,0.5799614643545279
<V3_ROOT>/07_AGGREGATE/CORE_541_DISTRIBUTION_V3.csv,data_row_1based:30692,A07,yaw_rmse_deg,D54_seed_07,1.9144225265420964,302,519,541,0.581888246628131
<V3_ROOT>/07_AGGREGATE/CORE_541_DISTRIBUTION_V3.csv,data_row_1based:30693,A07,yaw_rmse_deg,D54_seed_08,1.9144225265420964,303,519,541,0.5838150289017341
<V3_ROOT>/07_AGGREGATE/CORE_541_DISTRIBUTION_V3.csv,data_row_1based:30694,A07,yaw_rmse_deg,D55_seed_00,1.9144225265420964,304,519,541,0.5857418111753372
<V3_ROOT>/07_AGGREGATE/CORE_541_DISTRIBUTION_V3.csv,data_row_1based:30695,A07,yaw_rmse_deg,D55_seed_01,1.9144225265420964,305,519,541,0.5876685934489403
<V3_ROOT>/07_AGGREGATE/CORE_541_DISTRIBUTION_V3.csv,data_row_1based:30696,A07,yaw_rmse_deg,D55_seed_02,1.9144225265420964,306,519,541,0.5895953757225434
<V3_ROOT>/07_AGGREGATE/CORE_541_DISTRIBUTION_V3.csv,data_row_1based:30697,A07,yaw_rmse_deg,D55_seed_03,1.9144225265420964,307,519,541,0.5915221579961464
<V3_ROOT>/07_AGGREGATE/CORE_541_DISTRIBUTION_V3.csv,data_row_1based:30698,A07,yaw_rmse_deg,D55_seed_04,1.9144225265420964,308,519,541,0.5934489402697495
<V3_ROOT>/07_AGGREGATE/CORE_541_DISTRIBUTION_V3.csv,data_row_1based:30699,A07,yaw_rmse_deg,D55_seed_05,1.9144225265420964,309,519,541,0.5953757225433526
<V3_ROOT>/07_AGGREGATE/CORE_541_DISTRIBUTION_V3.csv,data_row_1based:30700,A07,yaw_rmse_deg,D55_seed_06,1.9144225265420964,310,519,541,0.5973025048169557
<V3_ROOT>/07_AGGREGATE/CORE_541_DISTRIBUTION_V3.csv,data_row_1based:30701,A07,yaw_rmse_deg,D55_seed_07,1.9144225265420964,311,519,541,0.5992292870905588
<V3_ROOT>/07_AGGREGATE/CORE_541_DISTRIBUTION_V3.csv,data_row_1based:30702,A07,yaw_rmse_deg,D55_seed_08,1.9144225265420964,312,519,541,0.6011560693641619
<V3_ROOT>/07_AGGREGATE/CORE_541_DISTRIBUTION_V3.csv,data_row_1based:30703,A07,yaw_rmse_deg,D56_seed_00,1.9144225265420964,313,519,541,0.603082851637765
<V3_ROOT>/07_AGGREGATE/CORE_541_DISTRIBUTION_V3.csv,data_row_1based:30704,A07,yaw_rmse_deg,D56_seed_01,1.9144225265420964,314,519,541,0.605009633911368
<V3_ROOT>/07_AGGREGATE/CORE_541_DISTRIBUTION_V3.csv,data_row_1based:30705,A07,yaw_rmse_deg,D56_seed_02,1.9144225265420964,315,519,541,0.6069364161849711
<V3_ROOT>/07_AGGREGATE/CORE_541_DISTRIBUTION_V3.csv,data_row_1based:30706,A07,yaw_rmse_deg,D56_seed_03,1.9144225265420964,316,519,541,0.6088631984585742
<V3_ROOT>/07_AGGREGATE/CORE_541_DISTRIBUTION_V3.csv,data_row_1based:30707,A07,yaw_rmse_deg,D56_seed_04,1.9144225265420964,317,519,541,0.6107899807321773
<V3_ROOT>/07_AGGREGATE/CORE_541_DISTRIBUTION_V3.csv,data_row_1based:30708,A07,yaw_rmse_deg,D56_seed_05,1.9144225265420964,318,519,541,0.6127167630057804
<V3_ROOT>/07_AGGREGATE/CORE_541_DISTRIBUTION_V3.csv,data_row_1based:30709,A07,yaw_rmse_deg,D56_seed_06,1.9144225265420964,319,519,541,0.6146435452793835
<V3_ROOT>/07_AGGREGATE/CORE_541_DISTRIBUTION_V3.csv,data_row_1based:30710,A07,yaw_rmse_deg,D56_seed_07,1.9144225265420964,320,519,541,0.6165703275529865
<V3_ROOT>/07_AGGREGATE/CORE_541_DISTRIBUTION_V3.csv,data_row_1based:30711,A07,yaw_rmse_deg,D56_seed_08,1.9144225265420964,321,519,541,0.6184971098265896
<V3_ROOT>/07_AGGREGATE/CORE_541_DISTRIBUTION_V3.csv,data_row_1based:30712,A07,yaw_rmse_deg,D16_seed_07,1.9144225556061116,322,519,541,0.6204238921001927
<V3_ROOT>/07_AGGREGATE/CORE_541_DISTRIBUTION_V3.csv,data_row_1based:30713,A07,yaw_rmse_deg,D16_seed_04,1.914422584152353,323,519,541,0.6223506743737958
<V3_ROOT>/07_AGGREGATE/CORE_541_DISTRIBUTION_V3.csv,data_row_1based:30714,A07,yaw_rmse_deg,D17_seed_01,1.9144226325419311,324,519,541,0.6242774566473989
<V3_ROOT>/07_AGGREGATE/CORE_541_DISTRIBUTION_V3.csv,data_row_1based:30715,A07,yaw_rmse_deg,D17_seed_07,1.9144228199249378,325,519,541,0.626204238921002
<V3_ROOT>/07_AGGREGATE/CORE_541_DISTRIBUTION_V3.csv,data_row_1based:30716,A07,yaw_rmse_deg,D17_seed_04,1.9144229126799153,326,519,541,0.628131021194605
<V3_ROOT>/07_AGGREGATE/CORE_541_DISTRIBUTION_V3.csv,data_row_1based:30717,A07,yaw_rmse_deg,D17_seed_06,1.9144229957999224,327,519,541,0.630057803468208
<V3_ROOT>/07_AGGREGATE/CORE_541_DISTRIBUTION_V3.csv,data_row_1based:30718,A07,yaw_rmse_deg,D17_seed_00,1.9144230730323795,328,519,541,0.6319845857418112
<V3_ROOT>/07_AGGREGATE/CORE_541_DISTRIBUTION_V3.csv,data_row_1based:30719,A07,yaw_rmse_deg,D16_seed_08,1.91442334616585,329,519,541,0.6339113680154143
<V3_ROOT>/07_AGGREGATE/CORE_541_DISTRIBUTION_V3.csv,data_row_1based:30720,A07,yaw_rmse_deg,D43_seed_01,1.9144259677050308,330,519,541,0.6358381502890174
<V3_ROOT>/07_AGGREGATE/CORE_541_DISTRIBUTION_V3.csv,data_row_1based:30721,A07,yaw_rmse_deg,D48_seed_00,1.9144302964408655,331,519,541,0.6377649325626205
<V3_ROOT>/07_AGGREGATE/CORE_541_DISTRIBUTION_V3.csv,data_row_1based:30722,A07,yaw_rmse_deg,D18_seed_06,1.9144478992535041,332,519,541,0.6396917148362236
<V3_ROOT>/07_AGGREGATE/CORE_541_DISTRIBUTION_V3.csv,data_row_1based:30723,A07,yaw_rmse_deg,D18_seed_04,1.91445388914757,333,519,541,0.6416184971098265
<V3_ROOT>/07_AGGREGATE/CORE_541_DISTRIBUTION_V3.csv,data_row_1based:30724,A07,yaw_rmse_deg,D18_seed_05,1.9144565033146168,334,519,541,0.6435452793834296
<V3_ROOT>/07_AGGREGATE/CORE_541_DISTRIBUTION_V3.csv,data_row_1based:30725,A07,yaw_rmse_deg,D01_seed_06,1.9144661084612915,335,519,541,0.6454720616570327
<V3_ROOT>/07_AGGREGATE/CORE_541_DISTRIBUTION_V3.csv,data_row_1based:30726,A07,yaw_rmse_deg,D18_seed_01,1.914469107691989,336,519,541,0.6473988439306358
<V3_ROOT>/07_AGGREGATE/CORE_541_DISTRIBUTION_V3.csv,data_row_1based:30727,A07,yaw_rmse_deg,D19_seed_01,1.9144744838420185,337,519,541,0.649325626204239
<V3_ROOT>/07_AGGREGATE/CORE_541_DISTRIBUTION_V3.csv,data_row_1based:30728,A07,yaw_rmse_deg,D49_seed_03,1.9144895953281882,338,519,541,0.651252408477842
<V3_ROOT>/07_AGGREGATE/CORE_541_DISTRIBUTION_V3.csv,data_row_1based:30729,A07,yaw_rmse_deg,D07_seed_03,1.9144932564004313,339,519,541,0.653179190751445
<V3_ROOT>/07_AGGREGATE/CORE_541_DISTRIBUTION_V3.csv,data_row_1based:30730,A07,yaw_rmse_deg,D18_seed_02,1.9145151959439062,340,519,541,0.6551059730250481
<V3_ROOT>/07_AGGREGATE/CORE_541_DISTRIBUTION_V3.csv,data_row_1based:30731,A07,yaw_rmse_deg,D48_seed_04,1.9145640870656784,341,519,541,0.6570327552986512
<V3_ROOT>/07_AGGREGATE/CORE_541_DISTRIBUTION_V3.csv,data_row_1based:30732,A07,yaw_rmse_deg,D19_seed_03,1.9145719132220573,342,519,541,0.6589595375722543
<V3_ROOT>/07_AGGREGATE/CORE_541_DISTRIBUTION_V3.csv,data_row_1based:30733,A07,yaw_rmse_deg,D44_seed_06,1.9145732593100335,343,519,541,0.6608863198458574
<V3_ROOT>/07_AGGREGATE/CORE_541_DISTRIBUTION_V3.csv,data_row_1based:30734,A07,yaw_rmse_deg,D46_seed_00,1.9145934550580868,344,519,541,0.6628131021194605
<V3_ROOT>/07_AGGREGATE/CORE_541_DISTRIBUTION_V3.csv,data_row_1based:30735,A07,yaw_rmse_deg,D46_seed_06,1.9146703656874802,345,519,541,0.6647398843930635
<V3_ROOT>/07_AGGREGATE/CORE_541_DISTRIBUTION_V3.csv,data_row_1based:30736,A07,yaw_rmse_deg,D22_seed_02,1.9146907881561193,346,519,541,0.6666666666666666
<V3_ROOT>/07_AGGREGATE/CORE_541_DISTRIBUTION_V3.csv,data_row_1based:30737,A07,yaw_rmse_deg,D48_seed_07,1.9147724332066145,347,519,541,0.6685934489402697
<V3_ROOT>/07_AGGREGATE/CORE_541_DISTRIBUTION_V3.csv,data_row_1based:30738,A07,yaw_rmse_deg,D48_seed_02,1.9147857879483041,348,519,541,0.6705202312138728
<V3_ROOT>/07_AGGREGATE/CORE_541_DISTRIBUTION_V3.csv,data_row_1based:30739,A07,yaw_rmse_deg,D47_seed_05,1.9148178448905113,349,519,541,0.6724470134874759
<V3_ROOT>/07_AGGREGATE/CORE_541_DISTRIBUTION_V3.csv,data_row_1based:30740,A07,yaw_rmse_deg,D44_seed_08,1.9148836955046804,350,519,541,0.674373795761079
<V3_ROOT>/07_AGGREGATE/CORE_541_DISTRIBUTION_V3.csv,data_row_1based:30741,A07,yaw_rmse_deg,D05_seed_02,1.9149636242002377,351,519,541,0.6763005780346821
<V3_ROOT>/07_AGGREGATE/CORE_541_DISTRIBUTION_V3.csv,data_row_1based:30742,A07,yaw_rmse_deg,D46_seed_03,1.915014849416905,352,519,541,0.6782273603082851
<V3_ROOT>/07_AGGREGATE/CORE_541_DISTRIBUTION_V3.csv,data_row_1based:30743,A07,yaw_rmse_deg,D44_seed_02,1.9150422961079427,353,519,541,0.6801541425818882
<V3_ROOT>/07_AGGREGATE/CORE_541_DISTRIBUTION_V3.csv,data_row_1based:30744,A07,yaw_rmse_deg,D46_seed_05,1.9150729021124107,354,519,541,0.6820809248554913
<V3_ROOT>/07_AGGREGATE/CORE_541_DISTRIBUTION_V3.csv,data_row_1based:30745,A07,yaw_rmse_deg,D19_seed_08,1.9150963338534808,355,519,541,0.6840077071290944
<V3_ROOT>/07_AGGREGATE/CORE_541_DISTRIBUTION_V3.csv,data_row_1based:30746,A07,yaw_rmse_deg,D44_seed_03,1.9151136180480195,356,519,541,0.6859344894026975
<V3_ROOT>/07_AGGREGATE/CORE_541_DISTRIBUTION_V3.csv,data_row_1based:30747,A07,yaw_rmse_deg,D19_seed_05,1.9152411201571233,357,519,541,0.6878612716763006
<V3_ROOT>/07_AGGREGATE/CORE_541_DISTRIBUTION_V3.csv,data_row_1based:30748,A07,yaw_rmse_deg,D19_seed_06,1.9153775299832916,358,519,541,0.6897880539499036
<V3_ROOT>/07_AGGREGATE/CORE_541_DISTRIBUTION_V3.csv,data_row_1based:30749,A07,yaw_rmse_deg,D47_seed_08,1.9154244363363253,359,519,541,0.6917148362235067
<V3_ROOT>/07_AGGREGATE/CORE_541_DISTRIBUTION_V3.csv,data_row_1based:30750,A07,yaw_rmse_deg,D47_seed_01,1.9156261470741587,360,519,541,0.6936416184971098
<V3_ROOT>/07_AGGREGATE/CORE_541_DISTRIBUTION_V3.csv,data_row_1based:30751,A07,yaw_rmse_deg,D44_seed_01,1.9157490963294137,361,519,541,0.6955684007707129
<V3_ROOT>/07_AGGREGATE/CORE_541_DISTRIBUTION_V3.csv,data_row_1based:30752,A07,yaw_rmse_deg,D58_seed_01,1.9157567584387296,362,519,541,0.697495183044316
<V3_ROOT>/07_AGGREGATE/CORE_541_DISTRIBUTION_V3.csv,data_row_1based:30753,A07,yaw_rmse_deg,D47_seed_07,1.9158042028354891,363,519,541,0.6994219653179191
<V3_ROOT>/07_AGGREGATE/CORE_541_DISTRIBUTION_V3.csv,data_row_1based:30754,A07,yaw_rmse_deg,D45_seed_08,1.9158391597426498,364,519,541,0.7013487475915221
<V3_ROOT>/07_AGGREGATE/CORE_541_DISTRIBUTION_V3.csv,data_row_1based:30755,A07,yaw_rmse_deg,D21_seed_01,1.9159895950766914,365,519,541,0.7032755298651252
<V3_ROOT>/07_AGGREGATE/CORE_541_DISTRIBUTION_V3.csv,data_row_1based:30756,A07,yaw_rmse_deg,D31_seed_04,1.915990179615858,366,519,541,0.7052023121387283
<V3_ROOT>/07_AGGREGATE/CORE_541_DISTRIBUTION_V3.csv,data_row_1based:30757,A07,yaw_rmse_deg,D44_seed_00,1.9159938177617541,367,519,541,0.7071290944123314
<V3_ROOT>/07_AGGREGATE/CORE_541_DISTRIBUTION_V3.csv,data_row_1based:30758,A07,yaw_rmse_deg,D50_seed_08,1.916069914763881,368,519,541,0.7090558766859345
<V3_ROOT>/07_AGGREGATE/CORE_541_DISTRIBUTION_V3.csv,data_row_1based:30759,A07,yaw_rmse_deg,D34_seed_08,1.9163765157642014,369,519,541,0.7109826589595376
<V3_ROOT>/07_AGGREGATE/CORE_541_DISTRIBUTION_V3.csv,data_row_1based:30760,A07,yaw_rmse_deg,D39_seed_03,1.916666840278547,370,519,541,0.7129094412331407
<V3_ROOT>/07_AGGREGATE/CORE_541_DISTRIBUTION_V3.csv,data_row_1based:30761,A07,yaw_rmse_deg,D22_seed_08,1.9168983632985073,371,519,541,0.7148362235067437
<V3_ROOT>/07_AGGREGATE/CORE_541_DISTRIBUTION_V3.csv,data_row_1based:30762,A07,yaw_rmse_deg,D33_seed_08,1.9170447139103737,372,519,541,0.7167630057803468
<V3_ROOT>/07_AGGREGATE/CORE_541_DISTRIBUTION_V3.csv,data_row_1based:30763,A07,yaw_rmse_deg,D22_seed_07,1.9173087441197982,373,519,541,0.7186897880539499
<V3_ROOT>/07_AGGREGATE/CORE_541_DISTRIBUTION_V3.csv,data_row_1based:30764,A07,yaw_rmse_deg,D49_seed_08,1.9174982624827632,374,519,541,0.720616570327553
<V3_ROOT>/07_AGGREGATE/CORE_541_DISTRIBUTION_V3.csv,data_row_1based:30765,A07,yaw_rmse_deg,D39_seed_04,1.917954675639828,375,519,541,0.7225433526011561
<V3_ROOT>/07_AGGREGATE/CORE_541_DISTRIBUTION_V3.csv,data_row_1based:30766,A07,yaw_rmse_deg,D49_seed_07,1.9182827134037335,376,519,541,0.7244701348747592
<V3_ROOT>/07_AGGREGATE/CORE_541_DISTRIBUTION_V3.csv,data_row_1based:30767,A07,yaw_rmse_deg,D21_seed_00,1.918916428552911,377,519,541,0.7263969171483622
<V3_ROOT>/07_AGGREGATE/CORE_541_DISTRIBUTION_V3.csv,data_row_1based:30768,A07,yaw_rmse_deg,D22_seed_05,1.9190380953434636,378,519,541,0.7283236994219653
<V3_ROOT>/07_AGGREGATE/CORE_541_DISTRIBUTION_V3.csv,data_row_1based:30769,A07,yaw_rmse_deg,D20_seed_06,1.9190867355299315,379,519,541,0.7302504816955684
<V3_ROOT>/07_AGGREGATE/CORE_541_DISTRIBUTION_V3.csv,data_row_1based:30770,A07,yaw_rmse_deg,D20_seed_01,1.919234725485035,380,519,541,0.7321772639691715
<V3_ROOT>/07_AGGREGATE/CORE_541_DISTRIBUTION_V3.csv,data_row_1based:30771,A07,yaw_rmse_deg,D13_seed_01,1.9196419421912552,381,519,541,0.7341040462427746
<V3_ROOT>/07_AGGREGATE/CORE_541_DISTRIBUTION_V3.csv,data_row_1based:30772,A07,yaw_rmse_deg,D58_seed_08,1.919697469997114,382,519,541,0.7360308285163777
<V3_ROOT>/07_AGGREGATE/CORE_541_DISTRIBUTION_V3.csv,data_row_1based:30773,A07,yaw_rmse_deg,D45_seed_03,1.9198324908917739,383,519,541,0.7379576107899807
<V3_ROOT>/07_AGGREGATE/CORE_541_DISTRIBUTION_V3.csv,data_row_1based:30774,A07,yaw_rmse_deg,D22_seed_04,1.9203836283633662,384,519,541,0.7398843930635838
<V3_ROOT>/07_AGGREGATE/CORE_541_DISTRIBUTION_V3.csv,data_row_1based:30775,A07,yaw_rmse_deg,D11_seed_08,1.9208917599885678,385,519,541,0.7418111753371869
<V3_ROOT>/07_AGGREGATE/CORE_541_DISTRIBUTION_V3.csv,data_row_1based:30776,A07,yaw_rmse_deg,D22_seed_01,1.9222538701557936,386,519,541,0.74373795761079
<V3_ROOT>/07_AGGREGATE/CORE_541_DISTRIBUTION_V3.csv,data_row_1based:30777,A07,yaw_rmse_deg,D45_seed_01,1.9222931094009268,387,519,541,0.7456647398843931
<V3_ROOT>/07_AGGREGATE/CORE_541_DISTRIBUTION_V3.csv,data_row_1based:30778,A07,yaw_rmse_deg,D30_seed_08,1.922395022729325,388,519,541,0.7475915221579962
<V3_ROOT>/07_AGGREGATE/CORE_541_DISTRIBUTION_V3.csv,data_row_1based:30779,A07,yaw_rmse_deg,D20_seed_02,1.9227615018516626,389,519,541,0.7495183044315993
<V3_ROOT>/07_AGGREGATE/CORE_541_DISTRIBUTION_V3.csv,data_row_1based:30780,A07,yaw_rmse_deg,D58_seed_04,1.9236645413434563,390,519,541,0.7514450867052023
<V3_ROOT>/07_AGGREGATE/CORE_541_DISTRIBUTION_V3.csv,data_row_1based:30781,A07,yaw_rmse_deg,D06_seed_05,1.923937293481882,391,519,541,0.7533718689788054
<V3_ROOT>/07_AGGREGATE/CORE_541_DISTRIBUTION_V3.csv,data_row_1based:30782,A07,yaw_rmse_deg,D10_seed_01,1.928063979815254,392,519,541,0.7552986512524085
<V3_ROOT>/07_AGGREGATE/CORE_541_DISTRIBUTION_V3.csv,data_row_1based:30783,A07,yaw_rmse_deg,D10_seed_02,1.928063979815254,393,519,541,0.7572254335260116
<V3_ROOT>/07_AGGREGATE/CORE_541_DISTRIBUTION_V3.csv,data_row_1based:30784,A07,yaw_rmse_deg,D10_seed_03,1.928063979815254,394,519,541,0.7591522157996147
<V3_ROOT>/07_AGGREGATE/CORE_541_DISTRIBUTION_V3.csv,data_row_1based:30785,A07,yaw_rmse_deg,D10_seed_04,1.928063979815254,395,519,541,0.7610789980732178
<V3_ROOT>/07_AGGREGATE/CORE_541_DISTRIBUTION_V3.csv,data_row_1based:30786,A07,yaw_rmse_deg,D10_seed_05,1.928063979815254,396,519,541,0.7630057803468208
<V3_ROOT>/07_AGGREGATE/CORE_541_DISTRIBUTION_V3.csv,data_row_1based:30787,A07,yaw_rmse_deg,D10_seed_06,1.928063979815254,397,519,541,0.7649325626204239
<V3_ROOT>/07_AGGREGATE/CORE_541_DISTRIBUTION_V3.csv,data_row_1based:30788,A07,yaw_rmse_deg,D10_seed_07,1.928063979815254,398,519,541,0.766859344894027
<V3_ROOT>/07_AGGREGATE/CORE_541_DISTRIBUTION_V3.csv,data_row_1based:30789,A07,yaw_rmse_deg,D10_seed_08,1.928063979815254,399,519,541,0.7687861271676301
<V3_ROOT>/07_AGGREGATE/CORE_541_DISTRIBUTION_V3.csv,data_row_1based:30790,A07,yaw_rmse_deg,D43_seed_07,1.9281255361612175,400,519,541,0.7707129094412332
<V3_ROOT>/07_AGGREGATE/CORE_541_DISTRIBUTION_V3.csv,data_row_1based:30791,A07,yaw_rmse_deg,D31_seed_05,1.928565673956927,401,519,541,0.7726396917148363
<V3_ROOT>/07_AGGREGATE/CORE_541_DISTRIBUTION_V3.csv,data_row_1based:30792,A07,yaw_rmse_deg,D58_seed_03,1.928931932574881,402,519,541,0.7745664739884393
<V3_ROOT>/07_AGGREGATE/CORE_541_DISTRIBUTION_V3.csv,data_row_1based:30793,A07,yaw_rmse_deg,D35_seed_08,1.9292777121202547,403,519,541,0.7764932562620424
<V3_ROOT>/07_AGGREGATE/CORE_541_DISTRIBUTION_V3.csv,data_row_1based:30794,A07,yaw_rmse_deg,D20_seed_08,1.9296613870329853,404,519,541,0.7784200385356455
<V3_ROOT>/07_AGGREGATE/CORE_541_DISTRIBUTION_V3.csv,data_row_1based:30795,A07,yaw_rmse_deg,D35_seed_05,1.9305213526089293,405,519,541,0.7803468208092486
<V3_ROOT>/07_AGGREGATE/CORE_541_DISTRIBUTION_V3.csv,data_row_1based:30796,A07,yaw_rmse_deg,D58_seed_02,1.931534705068556,406,519,541,0.7822736030828517
<V3_ROOT>/07_AGGREGATE/CORE_541_DISTRIBUTION_V3.csv,data_row_1based:30797,A07,yaw_rmse_deg,D12_seed_07,1.931583076119459,407,519,541,0.7842003853564548
<V3_ROOT>/07_AGGREGATE/CORE_541_DISTRIBUTION_V3.csv,data_row_1based:30798,A07,yaw_rmse_deg,D30_seed_06,1.9329353007062542,408,519,541,0.7861271676300579
<V3_ROOT>/07_AGGREGATE/CORE_541_DISTRIBUTION_V3.csv,data_row_1based:30799,A07,yaw_rmse_deg,D58_seed_00,1.9353139037527234,409,519,541,0.7880539499036608
<V3_ROOT>/07_AGGREGATE/CORE_541_DISTRIBUTION_V3.csv,data_row_1based:30800,A07,yaw_rmse_deg,D06_seed_03,1.935808642175997,410,519,541,0.789980732177264
<V3_ROOT>/07_AGGREGATE/CORE_541_DISTRIBUTION_V3.csv,data_row_1based:30801,A07,yaw_rmse_deg,D12_seed_04,1.9366567954878553,411,519,541,0.791907514450867
<V3_ROOT>/07_AGGREGATE/CORE_541_DISTRIBUTION_V3.csv,data_row_1based:30802,A07,yaw_rmse_deg,D11_seed_06,1.9366834634400545,412,519,541,0.7938342967244701
<V3_ROOT>/07_AGGREGATE/CORE_541_DISTRIBUTION_V3.csv,data_row_1based:30803,A07,yaw_rmse_deg,D32_seed_05,1.9391577122802741,413,519,541,0.7957610789980732
<V3_ROOT>/07_AGGREGATE/CORE_541_DISTRIBUTION_V3.csv,data_row_1based:30804,A07,yaw_rmse_deg,D20_seed_07,1.9399756117201117,414,519,541,0.7976878612716763
<V3_ROOT>/07_AGGREGATE/CORE_541_DISTRIBUTION_V3.csv,data_row_1based:30805,A07,yaw_rmse_deg,D31_seed_03,1.9411048107818845,415,519,541,0.7996146435452793
<V3_ROOT>/07_AGGREGATE/CORE_541_DISTRIBUTION_V3.csv,data_row_1based:30806,A07,yaw_rmse_deg,D12_seed_00,1.9417690358617186,416,519,541,0.8015414258188824
<V3_ROOT>/07_AGGREGATE/CORE_541_DISTRIBUTION_V3.csv,data_row_1based:30807,A07,yaw_rmse_deg,D34_seed_04,1.944697239087643,417,519,541,0.8034682080924855
<V3_ROOT>/07_AGGREGATE/CORE_541_DISTRIBUTION_V3.csv,data_row_1based:30808,A07,yaw_rmse_deg,D32_seed_06,1.9454179659694395,418,519,541,0.8053949903660886
<V3_ROOT>/07_AGGREGATE/CORE_541_DISTRIBUTION_V3.csv,data_row_1based:30809,A07,yaw_rmse_deg,D06_seed_08,1.9459110739004417,419,519,541,0.8073217726396917
<V3_ROOT>/07_AGGREGATE/CORE_541_DISTRIBUTION_V3.csv,data_row_1based:30810,A07,yaw_rmse_deg,D31_seed_08,1.9464613732132696,420,519,541,0.8092485549132948
<V3_ROOT>/07_AGGREGATE/CORE_541_DISTRIBUTION_V3.csv,data_row_1based:30811,A07,yaw_rmse_deg,D20_seed_00,1.9496291026537433,421,519,541,0.8111753371868978
<V3_ROOT>/07_AGGREGATE/CORE_541_DISTRIBUTION_V3.csv,data_row_1based:30812,A07,yaw_rmse_deg,D45_seed_07,1.950907522911141,422,519,541,0.8131021194605009
<V3_ROOT>/07_AGGREGATE/CORE_541_DISTRIBUTION_V3.csv,data_row_1based:30813,A07,yaw_rmse_deg,D13_seed_05,1.954543129139294,423,519,541,0.815028901734104
<V3_ROOT>/07_AGGREGATE/CORE_541_DISTRIBUTION_V3.csv,data_row_1based:30814,A07,yaw_rmse_deg,D20_seed_04,1.9546395502980958,424,519,541,0.8169556840077071
<V3_ROOT>/07_AGGREGATE/CORE_541_DISTRIBUTION_V3.csv,data_row_1based:30815,A07,yaw_rmse_deg,D39_seed_07,1.9547050750444142,425,519,541,0.8188824662813102
<V3_ROOT>/07_AGGREGATE/CORE_541_DISTRIBUTION_V3.csv,data_row_1based:30816,A07,yaw_rmse_deg,D21_seed_05,1.9591969268834686,426,519,541,0.8208092485549133
<V3_ROOT>/07_AGGREGATE/CORE_541_DISTRIBUTION_V3.csv,data_row_1based:30817,A07,yaw_rmse_deg,D13_seed_00,1.9620065968350349,427,519,541,0.8227360308285164
<V3_ROOT>/07_AGGREGATE/CORE_541_DISTRIBUTION_V3.csv,data_row_1based:30818,A07,yaw_rmse_deg,D11_seed_04,1.965118430471937,428,519,541,0.8246628131021194
<V3_ROOT>/07_AGGREGATE/CORE_541_DISTRIBUTION_V3.csv,data_row_1based:30819,A07,yaw_rmse_deg,D12_seed_02,1.9678963448565754,429,519,541,0.8265895953757225
<V3_ROOT>/07_AGGREGATE/CORE_541_DISTRIBUTION_V3.csv,data_row_1based:30820,A07,yaw_rmse_deg,D30_seed_00,1.9715675851254177,430,519,541,0.8285163776493256
<V3_ROOT>/07_AGGREGATE/CORE_541_DISTRIBUTION_V3.csv,data_row_1based:30821,A07,yaw_rmse_deg,D11_seed_05,1.9724831410465211,431,519,541,0.8304431599229287
<V3_ROOT>/07_AGGREGATE/CORE_541_DISTRIBUTION_V3.csv,data_row_1based:30822,A07,yaw_rmse_deg,D32_seed_07,1.9731149958903327,432,519,541,0.8323699421965318
<V3_ROOT>/07_AGGREGATE/CORE_541_DISTRIBUTION_V3.csv,data_row_1based:30823,A07,yaw_rmse_deg,D32_seed_04,1.9804175435611966,433,519,541,0.8342967244701349
<V3_ROOT>/07_AGGREGATE/CORE_541_DISTRIBUTION_V3.csv,data_row_1based:30824,A07,yaw_rmse_deg,D32_seed_01,1.9814510285216225,434,519,541,0.8362235067437379
<V3_ROOT>/07_AGGREGATE/CORE_541_DISTRIBUTION_V3.csv,data_row_1based:30825,A07,yaw_rmse_deg,D21_seed_02,1.9847286406850595,435,519,541,0.838150289017341
<V3_ROOT>/07_AGGREGATE/CORE_541_DISTRIBUTION_V3.csv,data_row_1based:30826,A07,yaw_rmse_deg,D35_seed_01,1.9921526233934743,436,519,541,0.8400770712909441
<V3_ROOT>/07_AGGREGATE/CORE_541_DISTRIBUTION_V3.csv,data_row_1based:30827,A07,yaw_rmse_deg,D34_seed_06,1.9960587839325903,437,519,541,0.8420038535645472
<V3_ROOT>/07_AGGREGATE/CORE_541_DISTRIBUTION_V3.csv,data_row_1based:30828,A07,yaw_rmse_deg,D35_seed_00,2.0037276386642158,438,519,541,0.8439306358381503
<V3_ROOT>/07_AGGREGATE/CORE_541_DISTRIBUTION_V3.csv,data_row_1based:30829,A07,yaw_rmse_deg,D14_seed_07,2.0075897976997905,439,519,541,0.8458574181117534
<V3_ROOT>/07_AGGREGATE/CORE_541_DISTRIBUTION_V3.csv,data_row_1based:30830,A07,yaw_rmse_deg,D11_seed_01,2.0099420090466227,440,519,541,0.8477842003853564
<V3_ROOT>/07_AGGREGATE/CORE_541_DISTRIBUTION_V3.csv,data_row_1based:30831,A07,yaw_rmse_deg,D41_seed_01,2.015507586173789,441,519,541,0.8497109826589595
<V3_ROOT>/07_AGGREGATE/CORE_541_DISTRIBUTION_V3.csv,data_row_1based:30832,A07,yaw_rmse_deg,D21_seed_07,2.0179048225154705,442,519,541,0.8516377649325626
<V3_ROOT>/07_AGGREGATE/CORE_541_DISTRIBUTION_V3.csv,data_row_1based:30833,A07,yaw_rmse_deg,D06_seed_07,2.0210570332750395,443,519,541,0.8535645472061657
<V3_ROOT>/07_AGGREGATE/CORE_541_DISTRIBUTION_V3.csv,data_row_1based:30834,A07,yaw_rmse_deg,D31_seed_00,2.0224131399603706,444,519,541,0.8554913294797688
<V3_ROOT>/07_AGGREGATE/CORE_541_DISTRIBUTION_V3.csv,data_row_1based:30835,A07,yaw_rmse_deg,D11_seed_00,2.0230651920738527,445,519,541,0.8574181117533719
<V3_ROOT>/07_AGGREGATE/CORE_541_DISTRIBUTION_V3.csv,data_row_1based:30836,A07,yaw_rmse_deg,D13_seed_02,2.023251911680937,446,519,541,0.859344894026975
<V3_ROOT>/07_AGGREGATE/CORE_541_DISTRIBUTION_V3.csv,data_row_1based:30837,A07,yaw_rmse_deg,D06_seed_00,2.025024286944289,447,519,541,0.861271676300578
<V3_ROOT>/07_AGGREGATE/CORE_541_DISTRIBUTION_V3.csv,data_row_1based:30838,A07,yaw_rmse_deg,D34_seed_03,2.025754869890182,448,519,541,0.8631984585741811
<V3_ROOT>/07_AGGREGATE/CORE_541_DISTRIBUTION_V3.csv,data_row_1based:30839,A07,yaw_rmse_deg,D34_seed_00,2.0283497980044807,449,519,541,0.8651252408477842
<V3_ROOT>/07_AGGREGATE/CORE_541_DISTRIBUTION_V3.csv,data_row_1based:30840,A07,yaw_rmse_deg,D31_seed_07,2.030874891388861,450,519,541,0.8670520231213873
<V3_ROOT>/07_AGGREGATE/CORE_541_DISTRIBUTION_V3.csv,data_row_1based:30841,A07,yaw_rmse_deg,D32_seed_02,2.0330504409729584,451,519,541,0.8689788053949904
<V3_ROOT>/07_AGGREGATE/CORE_541_DISTRIBUTION_V3.csv,data_row_1based:30842,A07,yaw_rmse_deg,D26_seed_00,2.0355470879232884,452,519,541,0.8709055876685935
<V3_ROOT>/07_AGGREGATE/CORE_541_DISTRIBUTION_V3.csv,data_row_1based:30843,A07,yaw_rmse_deg,D26_seed_01,2.0355470879232884,453,519,541,0.8728323699421965
<V3_ROOT>/07_AGGREGATE/CORE_541_DISTRIBUTION_V3.csv,data_row_1based:30844,A07,yaw_rmse_deg,D26_seed_02,2.0355470879232884,454,519,541,0.8747591522157996
<V3_ROOT>/07_AGGREGATE/CORE_541_DISTRIBUTION_V3.csv,data_row_1based:30845,A07,yaw_rmse_deg,D26_seed_03,2.0355470879232884,455,519,541,0.8766859344894027
<V3_ROOT>/07_AGGREGATE/CORE_541_DISTRIBUTION_V3.csv,data_row_1based:30846,A07,yaw_rmse_deg,D26_seed_04,2.0355470879232884,456,519,541,0.8786127167630058
<V3_ROOT>/07_AGGREGATE/CORE_541_DISTRIBUTION_V3.csv,data_row_1based:30847,A07,yaw_rmse_deg,D26_seed_05,2.0355470879232884,457,519,541,0.8805394990366089
<V3_ROOT>/07_AGGREGATE/CORE_541_DISTRIBUTION_V3.csv,data_row_1based:30848,A07,yaw_rmse_deg,D26_seed_06,2.0355470879232884,458,519,541,0.882466281310212
<V3_ROOT>/07_AGGREGATE/CORE_541_DISTRIBUTION_V3.csv,data_row_1based:30849,A07,yaw_rmse_deg,D26_seed_07,2.0355470879232884,459,519,541,0.884393063583815
<V3_ROOT>/07_AGGREGATE/CORE_541_DISTRIBUTION_V3.csv,data_row_1based:30850,A07,yaw_rmse_deg,D26_seed_08,2.0355470879232884,460,519,541,0.8863198458574181
<V3_ROOT>/07_AGGREGATE/CORE_541_DISTRIBUTION_V3.csv,data_row_1based:30851,A07,yaw_rmse_deg,D06_seed_06,2.041248603179195,461,519,541,0.8882466281310212
<V3_ROOT>/07_AGGREGATE/CORE_541_DISTRIBUTION_V3.csv,data_row_1based:30852,A07,yaw_rmse_deg,D31_seed_06,2.0466872411383097,462,519,541,0.8901734104046243
<V3_ROOT>/07_AGGREGATE/CORE_541_DISTRIBUTION_V3.csv,data_row_1based:30853,A07,yaw_rmse_deg,D60_seed_08,2.062703114008177,463,519,541,0.8921001926782274
<V3_ROOT>/07_AGGREGATE/CORE_541_DISTRIBUTION_V3.csv,data_row_1based:30854,A07,yaw_rmse_deg,D35_seed_03,2.064186978976094,464,519,541,0.8940269749518305
<V3_ROOT>/07_AGGREGATE/CORE_541_DISTRIBUTION_V3.csv,data_row_1based:30855,A07,yaw_rmse_deg,D21_seed_06,2.082126339493667,465,519,541,0.8959537572254336
<V3_ROOT>/07_AGGREGATE/CORE_541_DISTRIBUTION_V3.csv,data_row_1based:30856,A07,yaw_rmse_deg,D12_seed_03,2.0892561708581625,466,519,541,0.8978805394990366
<V3_ROOT>/07_AGGREGATE/CORE_541_DISTRIBUTION_V3.csv,data_row_1based:30857,A07,yaw_rmse_deg,D33_seed_03,2.114250150360724,467,519,541,0.8998073217726397
<V3_ROOT>/07_AGGREGATE/CORE_541_DISTRIBUTION_V3.csv,data_row_1based:30858,A07,yaw_rmse_deg,D21_seed_03,2.1994030306488286,468,519,541,0.9017341040462428
<V3_ROOT>/07_AGGREGATE/CORE_541_DISTRIBUTION_V3.csv,data_row_1based:30859,A07,yaw_rmse_deg,D33_seed_05,2.2418028988111485,469,519,541,0.9036608863198459
<V3_ROOT>/07_AGGREGATE/CORE_541_DISTRIBUTION_V3.csv,data_row_1based:30860,A07,yaw_rmse_deg,D33_seed_06,2.2496543574387906,470,519,541,0.905587668593449
<V3_ROOT>/07_AGGREGATE/CORE_541_DISTRIBUTION_V3.csv,data_row_1based:30861,A07,yaw_rmse_deg,D38_seed_08,2.2552155001696095,471,519,541,0.9075144508670521
<V3_ROOT>/07_AGGREGATE/CORE_541_DISTRIBUTION_V3.csv,data_row_1based:30862,A07,yaw_rmse_deg,D13_seed_04,2.34916962342452,472,519,541,0.9094412331406551
<V3_ROOT>/07_AGGREGATE/CORE_541_DISTRIBUTION_V3.csv,data_row_1based:30863,A07,yaw_rmse_deg,D41_seed_04,2.364669008207625,473,519,541,0.9113680154142582
<V3_ROOT>/07_AGGREGATE/CORE_541_DISTRIBUTION_V3.csv,data_row_1based:30864,A07,yaw_rmse_deg,D33_seed_01,2.367757165359105,474,519,541,0.9132947976878613
<V3_ROOT>/07_AGGREGATE/CORE_541_DISTRIBUTION_V3.csv,data_row_1based:30865,A07,yaw_rmse_deg,D41_seed_05,2.4180124817691073,475,519,541,0.9152215799614644
<V3_ROOT>/07_AGGREGATE/CORE_541_DISTRIBUTION_V3.csv,data_row_1based:30866,A07,yaw_rmse_deg,D33_seed_04,2.4194023024049818,476,519,541,0.9171483622350675
<V3_ROOT>/07_AGGREGATE/CORE_541_DISTRIBUTION_V3.csv,data_row_1based:30867,A07,yaw_rmse_deg,D33_seed_07,2.422829503749982,477,519,541,0.9190751445086706
<V3_ROOT>/07_AGGREGATE/CORE_541_DISTRIBUTION_V3.csv,data_row_1based:30868,A07,yaw_rmse_deg,D60_seed_07,2.4434803313336984,478,519,541,0.9210019267822736
<V3_ROOT>/07_AGGREGATE/CORE_541_DISTRIBUTION_V3.csv,data_row_1based:30869,A07,yaw_rmse_deg,D38_seed_03,2.4870561689925825,479,519,541,0.9229287090558767
<V3_ROOT>/07_AGGREGATE/CORE_541_DISTRIBUTION_V3.csv,data_row_1based:30870,A07,yaw_rmse_deg,D33_seed_02,2.6047707484738583,480,519,541,0.9248554913294798
<V3_ROOT>/07_AGGREGATE/CORE_541_DISTRIBUTION_V3.csv,data_row_1based:30871,A07,yaw_rmse_deg,D41_seed_08,2.6179768374407715,481,519,541,0.9267822736030829
<V3_ROOT>/07_AGGREGATE/CORE_541_DISTRIBUTION_V3.csv,data_row_1based:30872,A07,yaw_rmse_deg,D38_seed_02,2.6258489090512844,482,519,541,0.928709055876686
<V3_ROOT>/07_AGGREGATE/CORE_541_DISTRIBUTION_V3.csv,data_row_1based:30873,A07,yaw_rmse_deg,D38_seed_06,2.6884609229157737,483,519,541,0.930635838150289
<V3_ROOT>/07_AGGREGATE/CORE_541_DISTRIBUTION_V3.csv,data_row_1based:30874,A07,yaw_rmse_deg,D38_seed_01,2.6943297032375053,484,519,541,0.9325626204238922
<V3_ROOT>/07_AGGREGATE/CORE_541_DISTRIBUTION_V3.csv,data_row_1based:30875,A07,yaw_rmse_deg,D38_seed_07,3.002645452449554,485,519,541,0.9344894026974951
<V3_ROOT>/07_AGGREGATE/CORE_541_DISTRIBUTION_V3.csv,data_row_1based:30876,A07,yaw_rmse_deg,D60_seed_06,3.010372893001633,486,519,541,0.9364161849710982
<V3_ROOT>/07_AGGREGATE/CORE_541_DISTRIBUTION_V3.csv,data_row_1based:30877,A07,yaw_rmse_deg,D38_seed_05,3.0472005474606143,487,519,541,0.9383429672447013
<V3_ROOT>/07_AGGREGATE/CORE_541_DISTRIBUTION_V3.csv,data_row_1based:30878,A07,yaw_rmse_deg,D38_seed_04,4.091061062111145,488,519,541,0.9402697495183044
<V3_ROOT>/07_AGGREGATE/CORE_541_DISTRIBUTION_V3.csv,data_row_1based:30879,A07,yaw_rmse_deg,D41_seed_03,4.203359571238829,489,519,541,0.9421965317919075
<V3_ROOT>/07_AGGREGATE/CORE_541_DISTRIBUTION_V3.csv,data_row_1based:30880,A07,yaw_rmse_deg,D14_seed_03,4.36322301783809,490,519,541,0.9441233140655106
<V3_ROOT>/07_AGGREGATE/CORE_541_DISTRIBUTION_V3.csv,data_row_1based:30881,A07,yaw_rmse_deg,D14_seed_06,5.030851541581943,491,519,541,0.9460500963391136
<V3_ROOT>/07_AGGREGATE/CORE_541_DISTRIBUTION_V3.csv,data_row_1based:30882,A07,yaw_rmse_deg,D14_seed_08,5.684268478628011,492,519,541,0.9479768786127167
<V3_ROOT>/07_AGGREGATE/CORE_541_DISTRIBUTION_V3.csv,data_row_1based:30883,A07,yaw_rmse_deg,D41_seed_06,6.319952731103374,493,519,541,0.9499036608863198
<V3_ROOT>/07_AGGREGATE/CORE_541_DISTRIBUTION_V3.csv,data_row_1based:30884,A07,yaw_rmse_deg,D15_seed_04,6.4982156084707565,494,519,541,0.9518304431599229
<V3_ROOT>/07_AGGREGATE/CORE_541_DISTRIBUTION_V3.csv,data_row_1based:30885,A07,yaw_rmse_deg,D59_seed_04,6.541474629012497,495,519,541,0.953757225433526
<V3_ROOT>/07_AGGREGATE/CORE_541_DISTRIBUTION_V3.csv,data_row_1based:30886,A07,yaw_rmse_deg,D14_seed_00,6.553184510015743,496,519,541,0.9556840077071291
<V3_ROOT>/07_AGGREGATE/CORE_541_DISTRIBUTION_V3.csv,data_row_1based:30887,A07,yaw_rmse_deg,D41_seed_07,7.553000537005658,497,519,541,0.9576107899807321
<V3_ROOT>/07_AGGREGATE/CORE_541_DISTRIBUTION_V3.csv,data_row_1based:30888,A07,yaw_rmse_deg,D15_seed_08,8.880546609584313,498,519,541,0.9595375722543352
<V3_ROOT>/07_AGGREGATE/CORE_541_DISTRIBUTION_V3.csv,data_row_1based:30889,A07,yaw_rmse_deg,D41_seed_02,9.09099008584434,499,519,541,0.9614643545279383
<V3_ROOT>/07_AGGREGATE/CORE_541_DISTRIBUTION_V3.csv,data_row_1based:30890,A07,yaw_rmse_deg,D59_seed_08,9.167619377901637,500,519,541,0.9633911368015414
<V3_ROOT>/07_AGGREGATE/CORE_541_DISTRIBUTION_V3.csv,data_row_1based:30891,A07,yaw_rmse_deg,D41_seed_00,11.75974302638351,501,519,541,0.9653179190751445
<V3_ROOT>/07_AGGREGATE/CORE_541_DISTRIBUTION_V3.csv,data_row_1based:30892,A07,yaw_rmse_deg,D15_seed_02,27.282173502811773,502,519,541,0.9672447013487476
<V3_ROOT>/07_AGGREGATE/CORE_541_DISTRIBUTION_V3.csv,data_row_1based:30893,A07,yaw_rmse_deg,D59_seed_02,31.326533543734946,503,519,541,0.9691714836223507
<V3_ROOT>/07_AGGREGATE/CORE_541_DISTRIBUTION_V3.csv,data_row_1based:30894,A07,yaw_rmse_deg,D59_seed_00,31.750741965957157,504,519,541,0.9710982658959537
<V3_ROOT>/07_AGGREGATE/CORE_541_DISTRIBUTION_V3.csv,data_row_1based:30895,A07,yaw_rmse_deg,D15_seed_00,35.720256352575994,505,519,541,0.9730250481695568
<V3_ROOT>/07_AGGREGATE/CORE_541_DISTRIBUTION_V3.csv,data_row_1based:30896,A07,yaw_rmse_deg,D59_seed_03,36.91378192863503,506,519,541,0.9749518304431599
<V3_ROOT>/07_AGGREGATE/CORE_541_DISTRIBUTION_V3.csv,data_row_1based:30897,A07,yaw_rmse_deg,D15_seed_01,43.10133645887534,507,519,541,0.976878612716763
<V3_ROOT>/07_AGGREGATE/CORE_541_DISTRIBUTION_V3.csv,data_row_1based:30898,A07,yaw_rmse_deg,D14_seed_01,48.3593746961258,508,519,541,0.9788053949903661
<V3_ROOT>/07_AGGREGATE/CORE_541_DISTRIBUTION_V3.csv,data_row_1based:30899,A07,yaw_rmse_deg,D15_seed_03,48.5328487207158,509,519,541,0.9807321772639692
<V3_ROOT>/07_AGGREGATE/CORE_541_DISTRIBUTION_V3.csv,data_row_1based:30900,A07,yaw_rmse_deg,D14_seed_05,57.05247992148715,510,519,541,0.9826589595375722
<V3_ROOT>/07_AGGREGATE/CORE_541_DISTRIBUTION_V3.csv,data_row_1based:30901,A07,yaw_rmse_deg,D14_seed_04,66.8871193523923,511,519,541,0.9845857418111753
<V3_ROOT>/07_AGGREGATE/CORE_541_DISTRIBUTION_V3.csv,data_row_1based:30902,A07,yaw_rmse_deg,D59_seed_06,66.92361265133736,512,519,541,0.9865125240847784
<V3_ROOT>/07_AGGREGATE/CORE_541_DISTRIBUTION_V3.csv,data_row_1based:30903,A07,yaw_rmse_deg,D15_seed_06,72.16137075993457,513,519,541,0.9884393063583815
<V3_ROOT>/07_AGGREGATE/CORE_541_DISTRIBUTION_V3.csv,data_row_1based:30904,A07,yaw_rmse_deg,D15_seed_07,73.14614989230566,514,519,541,0.9903660886319846
<V3_ROOT>/07_AGGREGATE/CORE_541_DISTRIBUTION_V3.csv,data_row_1based:30905,A07,yaw_rmse_deg,D14_seed_02,73.47172939096511,515,519,541,0.9922928709055877
<V3_ROOT>/07_AGGREGATE/CORE_541_DISTRIBUTION_V3.csv,data_row_1based:30906,A07,yaw_rmse_deg,D59_seed_07,80.38976158160543,516,519,541,0.9942196531791907
<V3_ROOT>/07_AGGREGATE/CORE_541_DISTRIBUTION_V3.csv,data_row_1based:30907,A07,yaw_rmse_deg,D15_seed_05,123.55273337152195,517,519,541,0.9961464354527938
<V3_ROOT>/07_AGGREGATE/CORE_541_DISTRIBUTION_V3.csv,data_row_1based:30908,A07,yaw_rmse_deg,D59_seed_01,133.61087531963886,518,519,541,0.9980732177263969
<V3_ROOT>/07_AGGREGATE/CORE_541_DISTRIBUTION_V3.csv,data_row_1based:30909,A07,yaw_rmse_deg,D59_seed_05,164.21387285743057,519,519,541,1.0
<V3_ROOT>/07_AGGREGATE/CORE_541_DISTRIBUTION_V3.csv,data_row_1based:30910,A07,yaw_p95_absolute_deg,D38_seed_00,3.1220814983151226,1,519,541,0.0019267822736030828
<V3_ROOT>/07_AGGREGATE/CORE_541_DISTRIBUTION_V3.csv,data_row_1based:30911,A07,yaw_p95_absolute_deg,D10_seed_00,3.3227793436202915,2,519,541,0.0038535645472061657
<V3_ROOT>/07_AGGREGATE/CORE_541_DISTRIBUTION_V3.csv,data_row_1based:30912,A07,yaw_p95_absolute_deg,D13_seed_08,3.375393162612261,3,519,541,0.005780346820809248
<V3_ROOT>/07_AGGREGATE/CORE_541_DISTRIBUTION_V3.csv,data_row_1based:30913,A07,yaw_p95_absolute_deg,D12_seed_05,3.414370178675914,4,519,541,0.007707129094412331
<V3_ROOT>/07_AGGREGATE/CORE_541_DISTRIBUTION_V3.csv,data_row_1based:30914,A07,yaw_p95_absolute_deg,D09_seed_00,3.417013181447796,5,519,541,0.009633911368015413
<V3_ROOT>/07_AGGREGATE/CORE_541_DISTRIBUTION_V3.csv,data_row_1based:30915,A07,yaw_p95_absolute_deg,D35_seed_04,3.4470342123827984,6,519,541,0.011560693641618497
<V3_ROOT>/07_AGGREGATE/CORE_541_DISTRIBUTION_V3.csv,data_row_1based:30916,A07,yaw_p95_absolute_deg,D31_seed_02,3.4528525414160893,7,519,541,0.01348747591522158
<V3_ROOT>/07_AGGREGATE/CORE_541_DISTRIBUTION_V3.csv,data_row_1based:30917,A07,yaw_p95_absolute_deg,D06_seed_02,3.454005877108665,8,519,541,0.015414258188824663
<V3_ROOT>/07_AGGREGATE/CORE_541_DISTRIBUTION_V3.csv,data_row_1based:30918,A07,yaw_p95_absolute_deg,D13_seed_07,3.454996497439967,9,519,541,0.017341040462427744
<V3_ROOT>/07_AGGREGATE/CORE_541_DISTRIBUTION_V3.csv,data_row_1based:30919,A07,yaw_p95_absolute_deg,D60_seed_03,3.468377926860154,10,519,541,0.019267822736030827
<V3_ROOT>/07_AGGREGATE/CORE_541_DISTRIBUTION_V3.csv,data_row_1based:30920,A07,yaw_p95_absolute_deg,D21_seed_08,3.4803947888003317,11,519,541,0.02119460500963391
<V3_ROOT>/07_AGGREGATE/CORE_541_DISTRIBUTION_V3.csv,data_row_1based:30921,A07,yaw_p95_absolute_deg,D21_seed_04,3.5036601736978685,12,519,541,0.023121387283236993
<V3_ROOT>/07_AGGREGATE/CORE_541_DISTRIBUTION_V3.csv,data_row_1based:30922,A07,yaw_p95_absolute_deg,D35_seed_06,3.5055126243273533,13,519,541,0.025048169556840076
<V3_ROOT>/07_AGGREGATE/CORE_541_DISTRIBUTION_V3.csv,data_row_1based:30923,A07,yaw_p95_absolute_deg,D45_seed_04,3.521005572478992,14,519,541,0.02697495183044316
<V3_ROOT>/07_AGGREGATE/CORE_541_DISTRIBUTION_V3.csv,data_row_1based:30924,A07,yaw_p95_absolute_deg,D11_seed_07,3.534671306735073,15,519,541,0.028901734104046242
<V3_ROOT>/07_AGGREGATE/CORE_541_DISTRIBUTION_V3.csv,data_row_1based:30925,A07,yaw_p95_absolute_deg,D30_seed_03,3.5373954362162,16,519,541,0.030828516377649325
<V3_ROOT>/07_AGGREGATE/CORE_541_DISTRIBUTION_V3.csv,data_row_1based:30926,A07,yaw_p95_absolute_deg,D39_seed_02,3.5396911828209765,17,519,541,0.03275529865125241
<V3_ROOT>/07_AGGREGATE/CORE_541_DISTRIBUTION_V3.csv,data_row_1based:30927,A07,yaw_p95_absolute_deg,D43_seed_04,3.540385173525837,18,519,541,0.03468208092485549
<V3_ROOT>/07_AGGREGATE/CORE_541_DISTRIBUTION_V3.csv,data_row_1based:30928,A07,yaw_p95_absolute_deg,D30_seed_07,3.5459510337866518,19,519,541,0.036608863198458574
<V3_ROOT>/07_AGGREGATE/CORE_541_DISTRIBUTION_V3.csv,data_row_1based:30929,A07,yaw_p95_absolute_deg,D13_seed_06,3.550444841523261,20,519,541,0.038535645472061654
<V3_ROOT>/07_AGGREGATE/CORE_541_DISTRIBUTION_V3.csv,data_row_1based:30930,A07,yaw_p95_absolute_deg,D60_seed_05,3.5541659191372568,21,519,541,0.04046242774566474
<V3_ROOT>/07_AGGREGATE/CORE_541_DISTRIBUTION_V3.csv,data_row_1based:30931,A07,yaw_p95_absolute_deg,D34_seed_05,3.559131910221279,22,519,541,0.04238921001926782
<V3_ROOT>/07_AGGREGATE/CORE_541_DISTRIBUTION_V3.csv,data_row_1based:30932,A07,yaw_p95_absolute_deg,D32_seed_08,3.559194139517319,23,519,541,0.04431599229287091
<V3_ROOT>/07_AGGREGATE/CORE_541_DISTRIBUTION_V3.csv,data_row_1based:30933,A07,yaw_p95_absolute_deg,D14_seed_07,3.5626187457269993,24,519,541,0.046242774566473986
<V3_ROOT>/07_AGGREGATE/CORE_541_DISTRIBUTION_V3.csv,data_row_1based:30934,A07,yaw_p95_absolute_deg,D30_seed_05,3.563334999316312,25,519,541,0.04816955684007707
<V3_ROOT>/07_AGGREGATE/CORE_541_DISTRIBUTION_V3.csv,data_row_1based:30935,A07,yaw_p95_absolute_deg,D34_seed_02,3.5642063385057665,26,519,541,0.05009633911368015
<V3_ROOT>/07_AGGREGATE/CORE_541_DISTRIBUTION_V3.csv,data_row_1based:30936,A07,yaw_p95_absolute_deg,D34_seed_01,3.565671380386721,27,519,541,0.05202312138728324
<V3_ROOT>/07_AGGREGATE/CORE_541_DISTRIBUTION_V3.csv,data_row_1based:30937,A07,yaw_p95_absolute_deg,D45_seed_05,3.5695968269981595,28,519,541,0.05394990366088632
<V3_ROOT>/07_AGGREGATE/CORE_541_DISTRIBUTION_V3.csv,data_row_1based:30938,A07,yaw_p95_absolute_deg,D58_seed_05,3.5699002498327634,29,519,541,0.055876685934489405
<V3_ROOT>/07_AGGREGATE/CORE_541_DISTRIBUTION_V3.csv,data_row_1based:30939,A07,yaw_p95_absolute_deg,D20_seed_03,3.571603922510212,30,519,541,0.057803468208092484
<V3_ROOT>/07_AGGREGATE/CORE_541_DISTRIBUTION_V3.csv,data_row_1based:30940,A07,yaw_p95_absolute_deg,D20_seed_05,3.5726154888874273,31,519,541,0.05973025048169557
<V3_ROOT>/07_AGGREGATE/CORE_541_DISTRIBUTION_V3.csv,data_row_1based:30941,A07,yaw_p95_absolute_deg,D30_seed_02,3.5746327238017956,32,519,541,0.06165703275529865
<V3_ROOT>/07_AGGREGATE/CORE_541_DISTRIBUTION_V3.csv,data_row_1based:30942,A07,yaw_p95_absolute_deg,D35_seed_08,3.575525863286842,33,519,541,0.06358381502890173
<V3_ROOT>/07_AGGREGATE/CORE_541_DISTRIBUTION_V3.csv,data_row_1based:30943,A07,yaw_p95_absolute_deg,D43_seed_05,3.575656698874443,34,519,541,0.06551059730250482
<V3_ROOT>/07_AGGREGATE/CORE_541_DISTRIBUTION_V3.csv,data_row_1based:30944,A07,yaw_p95_absolute_deg,D32_seed_00,3.5758752681649746,35,519,541,0.0674373795761079
<V3_ROOT>/07_AGGREGATE/CORE_541_DISTRIBUTION_V3.csv,data_row_1based:30945,A07,yaw_p95_absolute_deg,D39_seed_05,3.5777279468389778,36,519,541,0.06936416184971098
<V3_ROOT>/07_AGGREGATE/CORE_541_DISTRIBUTION_V3.csv,data_row_1based:30946,A07,yaw_p95_absolute_deg,D45_seed_06,3.578098674805233,37,519,541,0.07129094412331406
<V3_ROOT>/07_AGGREGATE/CORE_541_DISTRIBUTION_V3.csv,data_row_1based:30947,A07,yaw_p95_absolute_deg,D43_seed_02,3.5795056963256715,38,519,541,0.07321772639691715
<V3_ROOT>/07_AGGREGATE/CORE_541_DISTRIBUTION_V3.csv,data_row_1based:30948,A07,yaw_p95_absolute_deg,D43_seed_06,3.585135139105858,39,519,541,0.07514450867052024
<V3_ROOT>/07_AGGREGATE/CORE_541_DISTRIBUTION_V3.csv,data_row_1based:30949,A07,yaw_p95_absolute_deg,D39_seed_08,3.5865457772306213,40,519,541,0.07707129094412331
<V3_ROOT>/07_AGGREGATE/CORE_541_DISTRIBUTION_V3.csv,data_row_1based:30950,A07,yaw_p95_absolute_deg,D58_seed_06,3.5867490901034285,41,519,541,0.0789980732177264
<V3_ROOT>/07_AGGREGATE/CORE_541_DISTRIBUTION_V3.csv,data_row_1based:30951,A07,yaw_p95_absolute_deg,D45_seed_02,3.5868348406844617,42,519,541,0.08092485549132948
<V3_ROOT>/07_AGGREGATE/CORE_541_DISTRIBUTION_V3.csv,data_row_1based:30952,A07,yaw_p95_absolute_deg,D37_seed_00,3.5883252704361936,43,519,541,0.08285163776493257
<V3_ROOT>/07_AGGREGATE/CORE_541_DISTRIBUTION_V3.csv,data_row_1based:30953,A07,yaw_p95_absolute_deg,D37_seed_01,3.5883252704361936,44,519,541,0.08477842003853564
<V3_ROOT>/07_AGGREGATE/CORE_541_DISTRIBUTION_V3.csv,data_row_1based:30954,A07,yaw_p95_absolute_deg,D37_seed_02,3.5883252704361936,45,519,541,0.08670520231213873
<V3_ROOT>/07_AGGREGATE/CORE_541_DISTRIBUTION_V3.csv,data_row_1based:30955,A07,yaw_p95_absolute_deg,D37_seed_03,3.5883252704361936,46,519,541,0.08863198458574181
<V3_ROOT>/07_AGGREGATE/CORE_541_DISTRIBUTION_V3.csv,data_row_1based:30956,A07,yaw_p95_absolute_deg,D37_seed_04,3.5883252704361936,47,519,541,0.0905587668593449
<V3_ROOT>/07_AGGREGATE/CORE_541_DISTRIBUTION_V3.csv,data_row_1based:30957,A07,yaw_p95_absolute_deg,D37_seed_05,3.5883252704361936,48,519,541,0.09248554913294797
<V3_ROOT>/07_AGGREGATE/CORE_541_DISTRIBUTION_V3.csv,data_row_1based:30958,A07,yaw_p95_absolute_deg,D37_seed_06,3.5883252704361936,49,519,541,0.09441233140655106
<V3_ROOT>/07_AGGREGATE/CORE_541_DISTRIBUTION_V3.csv,data_row_1based:30959,A07,yaw_p95_absolute_deg,D37_seed_07,3.5883252704361936,50,519,541,0.09633911368015415
<V3_ROOT>/07_AGGREGATE/CORE_541_DISTRIBUTION_V3.csv,data_row_1based:30960,A07,yaw_p95_absolute_deg,D37_seed_08,3.5883252704361936,51,519,541,0.09826589595375723
<V3_ROOT>/07_AGGREGATE/CORE_541_DISTRIBUTION_V3.csv,data_row_1based:30961,A07,yaw_p95_absolute_deg,D22_seed_07,3.589982208833555,52,519,541,0.1001926782273603
<V3_ROOT>/07_AGGREGATE/CORE_541_DISTRIBUTION_V3.csv,data_row_1based:30962,A07,yaw_p95_absolute_deg,D43_seed_00,3.5967007744519406,53,519,541,0.10211946050096339
<V3_ROOT>/07_AGGREGATE/CORE_541_DISTRIBUTION_V3.csv,data_row_1based:30963,A07,yaw_p95_absolute_deg,D12_seed_06,3.59760519390096,54,519,541,0.10404624277456648
<V3_ROOT>/07_AGGREGATE/CORE_541_DISTRIBUTION_V3.csv,data_row_1based:30964,A07,yaw_p95_absolute_deg,D13_seed_00,3.5981106795011257,55,519,541,0.10597302504816955
<V3_ROOT>/07_AGGREGATE/CORE_541_DISTRIBUTION_V3.csv,data_row_1based:30965,A07,yaw_p95_absolute_deg,D39_seed_06,3.5981503724916926,56,519,541,0.10789980732177264
<V3_ROOT>/07_AGGREGATE/CORE_541_DISTRIBUTION_V3.csv,data_row_1based:30966,A07,yaw_p95_absolute_deg,D36_seed_00,3.5993139225652944,57,519,541,0.10982658959537572
<V3_ROOT>/07_AGGREGATE/CORE_541_DISTRIBUTION_V3.csv,data_row_1based:30967,A07,yaw_p95_absolute_deg,D36_seed_01,3.5993139225652944,58,519,541,0.11175337186897881
<V3_ROOT>/07_AGGREGATE/CORE_541_DISTRIBUTION_V3.csv,data_row_1based:30968,A07,yaw_p95_absolute_deg,D36_seed_02,3.5993139225652944,59,519,541,0.11368015414258188
<V3_ROOT>/07_AGGREGATE/CORE_541_DISTRIBUTION_V3.csv,data_row_1based:30969,A07,yaw_p95_absolute_deg,D36_seed_03,3.5993139225652944,60,519,541,0.11560693641618497
<V3_ROOT>/07_AGGREGATE/CORE_541_DISTRIBUTION_V3.csv,data_row_1based:30970,A07,yaw_p95_absolute_deg,D36_seed_04,3.5993139225652944,61,519,541,0.11753371868978806
<V3_ROOT>/07_AGGREGATE/CORE_541_DISTRIBUTION_V3.csv,data_row_1based:30971,A07,yaw_p95_absolute_deg,D36_seed_05,3.5993139225652944,62,519,541,0.11946050096339114
<V3_ROOT>/07_AGGREGATE/CORE_541_DISTRIBUTION_V3.csv,data_row_1based:30972,A07,yaw_p95_absolute_deg,D36_seed_06,3.5993139225652944,63,519,541,0.12138728323699421
<V3_ROOT>/07_AGGREGATE/CORE_541_DISTRIBUTION_V3.csv,data_row_1based:30973,A07,yaw_p95_absolute_deg,D36_seed_07,3.5993139225652944,64,519,541,0.1233140655105973
<V3_ROOT>/07_AGGREGATE/CORE_541_DISTRIBUTION_V3.csv,data_row_1based:30974,A07,yaw_p95_absolute_deg,D36_seed_08,3.5993139225652944,65,519,541,0.1252408477842004
<V3_ROOT>/07_AGGREGATE/CORE_541_DISTRIBUTION_V3.csv,data_row_1based:30975,A07,yaw_p95_absolute_deg,D43_seed_08,3.6003956193617133,66,519,541,0.12716763005780346
<V3_ROOT>/07_AGGREGATE/CORE_541_DISTRIBUTION_V3.csv,data_row_1based:30976,A07,yaw_p95_absolute_deg,D25_seed_00,3.600776890936342,67,519,541,0.12909441233140656
<V3_ROOT>/07_AGGREGATE/CORE_541_DISTRIBUTION_V3.csv,data_row_1based:30977,A07,yaw_p95_absolute_deg,D25_seed_01,3.600776890936342,68,519,541,0.13102119460500963
<V3_ROOT>/07_AGGREGATE/CORE_541_DISTRIBUTION_V3.csv,data_row_1based:30978,A07,yaw_p95_absolute_deg,D25_seed_02,3.600776890936342,69,519,541,0.1329479768786127
<V3_ROOT>/07_AGGREGATE/CORE_541_DISTRIBUTION_V3.csv,data_row_1based:30979,A07,yaw_p95_absolute_deg,D25_seed_03,3.600776890936342,70,519,541,0.1348747591522158
<V3_ROOT>/07_AGGREGATE/CORE_541_DISTRIBUTION_V3.csv,data_row_1based:30980,A07,yaw_p95_absolute_deg,D25_seed_04,3.600776890936342,71,519,541,0.13680154142581888
<V3_ROOT>/07_AGGREGATE/CORE_541_DISTRIBUTION_V3.csv,data_row_1based:30981,A07,yaw_p95_absolute_deg,D25_seed_05,3.600776890936342,72,519,541,0.13872832369942195
<V3_ROOT>/07_AGGREGATE/CORE_541_DISTRIBUTION_V3.csv,data_row_1based:30982,A07,yaw_p95_absolute_deg,D25_seed_06,3.600776890936342,73,519,541,0.14065510597302505
<V3_ROOT>/07_AGGREGATE/CORE_541_DISTRIBUTION_V3.csv,data_row_1based:30983,A07,yaw_p95_absolute_deg,D25_seed_07,3.600776890936342,74,519,541,0.14258188824662812
<V3_ROOT>/07_AGGREGATE/CORE_541_DISTRIBUTION_V3.csv,data_row_1based:30984,A07,yaw_p95_absolute_deg,D25_seed_08,3.600776890936342,75,519,541,0.14450867052023122
<V3_ROOT>/07_AGGREGATE/CORE_541_DISTRIBUTION_V3.csv,data_row_1based:30985,A07,yaw_p95_absolute_deg,D28_seed_00,3.600776890936342,76,519,541,0.1464354527938343
<V3_ROOT>/07_AGGREGATE/CORE_541_DISTRIBUTION_V3.csv,data_row_1based:30986,A07,yaw_p95_absolute_deg,D28_seed_01,3.600776890936342,77,519,541,0.14836223506743737
<V3_ROOT>/07_AGGREGATE/CORE_541_DISTRIBUTION_V3.csv,data_row_1based:30987,A07,yaw_p95_absolute_deg,D28_seed_02,3.600776890936342,78,519,541,0.15028901734104047
<V3_ROOT>/07_AGGREGATE/CORE_541_DISTRIBUTION_V3.csv,data_row_1based:30988,A07,yaw_p95_absolute_deg,D28_seed_03,3.600776890936342,79,519,541,0.15221579961464354
<V3_ROOT>/07_AGGREGATE/CORE_541_DISTRIBUTION_V3.csv,data_row_1based:30989,A07,yaw_p95_absolute_deg,D28_seed_04,3.600776890936342,80,519,541,0.15414258188824662
<V3_ROOT>/07_AGGREGATE/CORE_541_DISTRIBUTION_V3.csv,data_row_1based:30990,A07,yaw_p95_absolute_deg,D28_seed_05,3.600776890936342,81,519,541,0.15606936416184972
<V3_ROOT>/07_AGGREGATE/CORE_541_DISTRIBUTION_V3.csv,data_row_1based:30991,A07,yaw_p95_absolute_deg,D28_seed_06,3.600776890936342,82,519,541,0.1579961464354528
<V3_ROOT>/07_AGGREGATE/CORE_541_DISTRIBUTION_V3.csv,data_row_1based:30992,A07,yaw_p95_absolute_deg,D28_seed_07,3.600776890936342,83,519,541,0.1599229287090559
<V3_ROOT>/07_AGGREGATE/CORE_541_DISTRIBUTION_V3.csv,data_row_1based:30993,A07,yaw_p95_absolute_deg,D28_seed_08,3.600776890936342,84,519,541,0.16184971098265896
<V3_ROOT>/07_AGGREGATE/CORE_541_DISTRIBUTION_V3.csv,data_row_1based:30994,A07,yaw_p95_absolute_deg,D11_seed_03,3.6010948152760505,85,519,541,0.16377649325626203
<V3_ROOT>/07_AGGREGATE/CORE_541_DISTRIBUTION_V3.csv,data_row_1based:30995,A07,yaw_p95_absolute_deg,D24_seed_00,3.6027011482205546,86,519,541,0.16570327552986513
<V3_ROOT>/07_AGGREGATE/CORE_541_DISTRIBUTION_V3.csv,data_row_1based:30996,A07,yaw_p95_absolute_deg,D24_seed_01,3.6027011482205546,87,519,541,0.1676300578034682
<V3_ROOT>/07_AGGREGATE/CORE_541_DISTRIBUTION_V3.csv,data_row_1based:30997,A07,yaw_p95_absolute_deg,D24_seed_02,3.6027011482205546,88,519,541,0.16955684007707128
<V3_ROOT>/07_AGGREGATE/CORE_541_DISTRIBUTION_V3.csv,data_row_1based:30998,A07,yaw_p95_absolute_deg,D24_seed_03,3.6027011482205546,89,519,541,0.17148362235067438
<V3_ROOT>/07_AGGREGATE/CORE_541_DISTRIBUTION_V3.csv,data_row_1based:30999,A07,yaw_p95_absolute_deg,D24_seed_04,3.6027011482205546,90,519,541,0.17341040462427745
<V3_ROOT>/07_AGGREGATE/CORE_541_DISTRIBUTION_V3.csv,data_row_1based:31000,A07,yaw_p95_absolute_deg,D24_seed_05,3.6027011482205546,91,519,541,0.17533718689788053
<V3_ROOT>/07_AGGREGATE/CORE_541_DISTRIBUTION_V3.csv,data_row_1based:31001,A07,yaw_p95_absolute_deg,D24_seed_06,3.6027011482205546,92,519,541,0.17726396917148363
<V3_ROOT>/07_AGGREGATE/CORE_541_DISTRIBUTION_V3.csv,data_row_1based:31002,A07,yaw_p95_absolute_deg,D24_seed_07,3.6027011482205546,93,519,541,0.1791907514450867
<V3_ROOT>/07_AGGREGATE/CORE_541_DISTRIBUTION_V3.csv,data_row_1based:31003,A07,yaw_p95_absolute_deg,D24_seed_08,3.6027011482205546,94,519,541,0.1811175337186898
<V3_ROOT>/07_AGGREGATE/CORE_541_DISTRIBUTION_V3.csv,data_row_1based:31004,A07,yaw_p95_absolute_deg,D43_seed_03,3.6030170313600873,95,519,541,0.18304431599229287
<V3_ROOT>/07_AGGREGATE/CORE_541_DISTRIBUTION_V3.csv,data_row_1based:31005,A07,yaw_p95_absolute_deg,D39_seed_00,3.603798145316897,96,519,541,0.18497109826589594
<V3_ROOT>/07_AGGREGATE/CORE_541_DISTRIBUTION_V3.csv,data_row_1based:31006,A07,yaw_p95_absolute_deg,D42_seed_07,3.603944488533462,97,519,541,0.18689788053949905
<V3_ROOT>/07_AGGREGATE/CORE_541_DISTRIBUTION_V3.csv,data_row_1based:31007,A07,yaw_p95_absolute_deg,D22_seed_02,3.6056808201402775,98,519,541,0.18882466281310212
<V3_ROOT>/07_AGGREGATE/CORE_541_DISTRIBUTION_V3.csv,data_row_1based:31008,A07,yaw_p95_absolute_deg,D21_seed_00,3.6063927939379963,99,519,541,0.1907514450867052
<V3_ROOT>/07_AGGREGATE/CORE_541_DISTRIBUTION_V3.csv,data_row_1based:31009,A07,yaw_p95_absolute_deg,D49_seed_04,3.606430041425142,100,519,541,0.1926782273603083
<V3_ROOT>/07_AGGREGATE/CORE_541_DISTRIBUTION_V3.csv,data_row_1based:31010,A07,yaw_p95_absolute_deg,D58_seed_07,3.607359931287933,101,519,541,0.19460500963391136
<V3_ROOT>/07_AGGREGATE/CORE_541_DISTRIBUTION_V3.csv,data_row_1based:31011,A07,yaw_p95_absolute_deg,D45_seed_00,3.607368855849622,102,519,541,0.19653179190751446
<V3_ROOT>/07_AGGREGATE/CORE_541_DISTRIBUTION_V3.csv,data_row_1based:31012,A07,yaw_p95_absolute_deg,D49_seed_01,3.607543757879521,103,519,541,0.19845857418111754
<V3_ROOT>/07_AGGREGATE/CORE_541_DISTRIBUTION_V3.csv,data_row_1based:31013,A07,yaw_p95_absolute_deg,D23_seed_00,3.60791464016992,104,519,541,0.2003853564547206
<V3_ROOT>/07_AGGREGATE/CORE_541_DISTRIBUTION_V3.csv,data_row_1based:31014,A07,yaw_p95_absolute_deg,D23_seed_01,3.60791464016992,105,519,541,0.2023121387283237
<V3_ROOT>/07_AGGREGATE/CORE_541_DISTRIBUTION_V3.csv,data_row_1based:31015,A07,yaw_p95_absolute_deg,D23_seed_02,3.60791464016992,106,519,541,0.20423892100192678
<V3_ROOT>/07_AGGREGATE/CORE_541_DISTRIBUTION_V3.csv,data_row_1based:31016,A07,yaw_p95_absolute_deg,D23_seed_03,3.60791464016992,107,519,541,0.20616570327552985
<V3_ROOT>/07_AGGREGATE/CORE_541_DISTRIBUTION_V3.csv,data_row_1based:31017,A07,yaw_p95_absolute_deg,D23_seed_04,3.60791464016992,108,519,541,0.20809248554913296
<V3_ROOT>/07_AGGREGATE/CORE_541_DISTRIBUTION_V3.csv,data_row_1based:31018,A07,yaw_p95_absolute_deg,D23_seed_05,3.60791464016992,109,519,541,0.21001926782273603
<V3_ROOT>/07_AGGREGATE/CORE_541_DISTRIBUTION_V3.csv,data_row_1based:31019,A07,yaw_p95_absolute_deg,D23_seed_06,3.60791464016992,110,519,541,0.2119460500963391
<V3_ROOT>/07_AGGREGATE/CORE_541_DISTRIBUTION_V3.csv,data_row_1based:31020,A07,yaw_p95_absolute_deg,D23_seed_07,3.60791464016992,111,519,541,0.2138728323699422
<V3_ROOT>/07_AGGREGATE/CORE_541_DISTRIBUTION_V3.csv,data_row_1based:31021,A07,yaw_p95_absolute_deg,D23_seed_08,3.60791464016992,112,519,541,0.21579961464354527
<V3_ROOT>/07_AGGREGATE/CORE_541_DISTRIBUTION_V3.csv,data_row_1based:31022,A07,yaw_p95_absolute_deg,D06_seed_04,3.6081284479066413,113,519,541,0.21772639691714837
<V3_ROOT>/07_AGGREGATE/CORE_541_DISTRIBUTION_V3.csv,data_row_1based:31023,A07,yaw_p95_absolute_deg,D49_seed_00,3.6085142267281065,114,519,541,0.21965317919075145
<V3_ROOT>/07_AGGREGATE/CORE_541_DISTRIBUTION_V3.csv,data_row_1based:31024,A07,yaw_p95_absolute_deg,D22_seed_03,3.6086434942863135,115,519,541,0.22157996146435452
<V3_ROOT>/07_AGGREGATE/CORE_541_DISTRIBUTION_V3.csv,data_row_1based:31025,A07,yaw_p95_absolute_deg,D49_seed_05,3.608718304916142,116,519,541,0.22350674373795762
<V3_ROOT>/07_AGGREGATE/CORE_541_DISTRIBUTION_V3.csv,data_row_1based:31026,A07,yaw_p95_absolute_deg,D11_seed_02,3.6088437868813332,117,519,541,0.2254335260115607
<V3_ROOT>/07_AGGREGATE/CORE_541_DISTRIBUTION_V3.csv,data_row_1based:31027,A07,yaw_p95_absolute_deg,D42_seed_06,3.6093294474130695,118,519,541,0.22736030828516376
<V3_ROOT>/07_AGGREGATE/CORE_541_DISTRIBUTION_V3.csv,data_row_1based:31028,A07,yaw_p95_absolute_deg,D32_seed_03,3.610057781204359,119,519,541,0.22928709055876687
<V3_ROOT>/07_AGGREGATE/CORE_541_DISTRIBUTION_V3.csv,data_row_1based:31029,A07,yaw_p95_absolute_deg,D05_seed_07,3.611310169957919,120,519,541,0.23121387283236994
<V3_ROOT>/07_AGGREGATE/CORE_541_DISTRIBUTION_V3.csv,data_row_1based:31030,A07,yaw_p95_absolute_deg,D49_seed_06,3.611525650708091,121,519,541,0.23314065510597304
<V3_ROOT>/07_AGGREGATE/CORE_541_DISTRIBUTION_V3.csv,data_row_1based:31031,A07,yaw_p95_absolute_deg,D49_seed_02,3.6116871267345436,122,519,541,0.2350674373795761
<V3_ROOT>/07_AGGREGATE/CORE_541_DISTRIBUTION_V3.csv,data_row_1based:31032,A07,yaw_p95_absolute_deg,D04_seed_07,3.6120714901340785,123,519,541,0.23699421965317918
<V3_ROOT>/07_AGGREGATE/CORE_541_DISTRIBUTION_V3.csv,data_row_1based:31033,A07,yaw_p95_absolute_deg,D42_seed_00,3.612455646508962,124,519,541,0.23892100192678228
<V3_ROOT>/07_AGGREGATE/CORE_541_DISTRIBUTION_V3.csv,data_row_1based:31034,A07,yaw_p95_absolute_deg,D30_seed_04,3.613165762481096,125,519,541,0.24084778420038536
<V3_ROOT>/07_AGGREGATE/CORE_541_DISTRIBUTION_V3.csv,data_row_1based:31035,A07,yaw_p95_absolute_deg,D31_seed_04,3.613171226826734,126,519,541,0.24277456647398843
<V3_ROOT>/07_AGGREGATE/CORE_541_DISTRIBUTION_V3.csv,data_row_1based:31036,A07,yaw_p95_absolute_deg,D05_seed_00,3.613881466526578,127,519,541,0.24470134874759153
<V3_ROOT>/07_AGGREGATE/CORE_541_DISTRIBUTION_V3.csv,data_row_1based:31037,A07,yaw_p95_absolute_deg,D04_seed_02,3.613969224098779,128,519,541,0.2466281310211946
<V3_ROOT>/07_AGGREGATE/CORE_541_DISTRIBUTION_V3.csv,data_row_1based:31038,A07,yaw_p95_absolute_deg,D05_seed_06,3.6141038807145773,129,519,541,0.24855491329479767
<V3_ROOT>/07_AGGREGATE/CORE_541_DISTRIBUTION_V3.csv,data_row_1based:31039,A07,yaw_p95_absolute_deg,D47_seed_00,3.6142919180333153,130,519,541,0.2504816955684008
<V3_ROOT>/07_AGGREGATE/CORE_541_DISTRIBUTION_V3.csv,data_row_1based:31040,A07,yaw_p95_absolute_deg,D03_seed_07,3.614302441040407,131,519,541,0.2524084778420039
<V3_ROOT>/07_AGGREGATE/CORE_541_DISTRIBUTION_V3.csv,data_row_1based:31041,A07,yaw_p95_absolute_deg,D39_seed_01,3.6144123934440664,132,519,541,0.2543352601156069
<V3_ROOT>/07_AGGREGATE/CORE_541_DISTRIBUTION_V3.csv,data_row_1based:31042,A07,yaw_p95_absolute_deg,D07_seed_07,3.6144610603674394,133,519,541,0.25626204238921
<V3_ROOT>/07_AGGREGATE/CORE_541_DISTRIBUTION_V3.csv,data_row_1based:31043,A07,yaw_p95_absolute_deg,D50_seed_01,3.614496677539876,134,519,541,0.2581888246628131
<V3_ROOT>/07_AGGREGATE/CORE_541_DISTRIBUTION_V3.csv,data_row_1based:31044,A07,yaw_p95_absolute_deg,D44_seed_04,3.6145533675239263,135,519,541,0.26011560693641617
<V3_ROOT>/07_AGGREGATE/CORE_541_DISTRIBUTION_V3.csv,data_row_1based:31045,A07,yaw_p95_absolute_deg,D42_seed_02,3.6146064659784156,136,519,541,0.26204238921001927
<V3_ROOT>/07_AGGREGATE/CORE_541_DISTRIBUTION_V3.csv,data_row_1based:31046,A07,yaw_p95_absolute_deg,D44_seed_05,3.614875267422036,137,519,541,0.26396917148362237
<V3_ROOT>/07_AGGREGATE/CORE_541_DISTRIBUTION_V3.csv,data_row_1based:31047,A07,yaw_p95_absolute_deg,D05_seed_04,3.61511942113655,138,519,541,0.2658959537572254
<V3_ROOT>/07_AGGREGATE/CORE_541_DISTRIBUTION_V3.csv,data_row_1based:31048,A07,yaw_p95_absolute_deg,D42_seed_04,3.615121556234096,139,519,541,0.2678227360308285
<V3_ROOT>/07_AGGREGATE/CORE_541_DISTRIBUTION_V3.csv,data_row_1based:31049,A07,yaw_p95_absolute_deg,D47_seed_06,3.6151333017820675,140,519,541,0.2697495183044316
<V3_ROOT>/07_AGGREGATE/CORE_541_DISTRIBUTION_V3.csv,data_row_1based:31050,A07,yaw_p95_absolute_deg,D04_seed_05,3.615135585237604,141,519,541,0.27167630057803466
<V3_ROOT>/07_AGGREGATE/CORE_541_DISTRIBUTION_V3.csv,data_row_1based:31051,A07,yaw_p95_absolute_deg,D02_seed_07,3.6151548422456785,142,519,541,0.27360308285163776
<V3_ROOT>/07_AGGREGATE/CORE_541_DISTRIBUTION_V3.csv,data_row_1based:31052,A07,yaw_p95_absolute_deg,D04_seed_03,3.6151548422456785,143,519,541,0.27552986512524086
<V3_ROOT>/07_AGGREGATE/CORE_541_DISTRIBUTION_V3.csv,data_row_1based:31053,A07,yaw_p95_absolute_deg,D04_seed_00,3.6152985819508046,144,519,541,0.2774566473988439
<V3_ROOT>/07_AGGREGATE/CORE_541_DISTRIBUTION_V3.csv,data_row_1based:31054,A07,yaw_p95_absolute_deg,D42_seed_03,3.6153204061834323,145,519,541,0.279383429672447
<V3_ROOT>/07_AGGREGATE/CORE_541_DISTRIBUTION_V3.csv,data_row_1based:31055,A07,yaw_p95_absolute_deg,D03_seed_03,3.615334278267193,146,519,541,0.2813102119460501
<V3_ROOT>/07_AGGREGATE/CORE_541_DISTRIBUTION_V3.csv,data_row_1based:31056,A07,yaw_p95_absolute_deg,D42_seed_05,3.615408903033946,147,519,541,0.2832369942196532
<V3_ROOT>/07_AGGREGATE/CORE_541_DISTRIBUTION_V3.csv,data_row_1based:31057,A07,yaw_p95_absolute_deg,D03_seed_02,3.615462225892179,148,519,541,0.28516377649325625
<V3_ROOT>/07_AGGREGATE/CORE_541_DISTRIBUTION_V3.csv,data_row_1based:31058,A07,yaw_p95_absolute_deg,D07_seed_05,3.615569684233929,149,519,541,0.28709055876685935
<V3_ROOT>/07_AGGREGATE/CORE_541_DISTRIBUTION_V3.csv,data_row_1based:31059,A07,yaw_p95_absolute_deg,D19_seed_07,3.615623675394696,150,519,541,0.28901734104046245
<V3_ROOT>/07_AGGREGATE/CORE_541_DISTRIBUTION_V3.csv,data_row_1based:31060,A07,yaw_p95_absolute_deg,D50_seed_06,3.6156407317569257,151,519,541,0.2909441233140655
<V3_ROOT>/07_AGGREGATE/CORE_541_DISTRIBUTION_V3.csv,data_row_1based:31061,A07,yaw_p95_absolute_deg,D50_seed_04,3.6156424648069043,152,519,541,0.2928709055876686
<V3_ROOT>/07_AGGREGATE/CORE_541_DISTRIBUTION_V3.csv,data_row_1based:31062,A07,yaw_p95_absolute_deg,D47_seed_04,3.615670342506761,153,519,541,0.2947976878612717
<V3_ROOT>/07_AGGREGATE/CORE_541_DISTRIBUTION_V3.csv,data_row_1based:31063,A07,yaw_p95_absolute_deg,D58_seed_01,3.615671088424312,154,519,541,0.29672447013487474
<V3_ROOT>/07_AGGREGATE/CORE_541_DISTRIBUTION_V3.csv,data_row_1based:31064,A07,yaw_p95_absolute_deg,D50_seed_05,3.615740320657042,155,519,541,0.29865125240847784
<V3_ROOT>/07_AGGREGATE/CORE_541_DISTRIBUTION_V3.csv,data_row_1based:31065,A07,yaw_p95_absolute_deg,D50_seed_03,3.6157679674214296,156,519,541,0.30057803468208094
<V3_ROOT>/07_AGGREGATE/CORE_541_DISTRIBUTION_V3.csv,data_row_1based:31066,A07,yaw_p95_absolute_deg,D03_seed_00,3.6158023109921538,157,519,541,0.302504816955684
<V3_ROOT>/07_AGGREGATE/CORE_541_DISTRIBUTION_V3.csv,data_row_1based:31067,A07,yaw_p95_absolute_deg,D07_seed_02,3.6158648327288474,158,519,541,0.3044315992292871
<V3_ROOT>/07_AGGREGATE/CORE_541_DISTRIBUTION_V3.csv,data_row_1based:31068,A07,yaw_p95_absolute_deg,D21_seed_01,3.6158698098431716,159,519,541,0.3063583815028902
<V3_ROOT>/07_AGGREGATE/CORE_541_DISTRIBUTION_V3.csv,data_row_1based:31069,A07,yaw_p95_absolute_deg,D01_seed_07,3.6158816124737334,160,519,541,0.30828516377649323
<V3_ROOT>/07_AGGREGATE/CORE_541_DISTRIBUTION_V3.csv,data_row_1based:31070,A07,yaw_p95_absolute_deg,D04_seed_06,3.615889929388734,161,519,541,0.31021194605009633
<V3_ROOT>/07_AGGREGATE/CORE_541_DISTRIBUTION_V3.csv,data_row_1based:31071,A07,yaw_p95_absolute_deg,D42_seed_08,3.61590729053948,162,519,541,0.31213872832369943
<V3_ROOT>/07_AGGREGATE/CORE_541_DISTRIBUTION_V3.csv,data_row_1based:31072,A07,yaw_p95_absolute_deg,D07_seed_00,3.616001359742182,163,519,541,0.3140655105973025
<V3_ROOT>/07_AGGREGATE/CORE_541_DISTRIBUTION_V3.csv,data_row_1based:31073,A07,yaw_p95_absolute_deg,D46_seed_07,3.616033695833959,164,519,541,0.3159922928709056
<V3_ROOT>/07_AGGREGATE/CORE_541_DISTRIBUTION_V3.csv,data_row_1based:31074,A07,yaw_p95_absolute_deg,D02_seed_03,3.6160549372339457,165,519,541,0.3179190751445087
<V3_ROOT>/07_AGGREGATE/CORE_541_DISTRIBUTION_V3.csv,data_row_1based:31075,A07,yaw_p95_absolute_deg,D03_seed_05,3.616084509233941,166,519,541,0.3198458574181118
<V3_ROOT>/07_AGGREGATE/CORE_541_DISTRIBUTION_V3.csv,data_row_1based:31076,A07,yaw_p95_absolute_deg,D44_seed_07,3.616222156148791,167,519,541,0.3217726396917148
<V3_ROOT>/07_AGGREGATE/CORE_541_DISTRIBUTION_V3.csv,data_row_1based:31077,A07,yaw_p95_absolute_deg,D02_seed_02,3.6163872359921605,168,519,541,0.3236994219653179
<V3_ROOT>/07_AGGREGATE/CORE_541_DISTRIBUTION_V3.csv,data_row_1based:31078,A07,yaw_p95_absolute_deg,D03_seed_04,3.616455519732457,169,519,541,0.325626204238921
<V3_ROOT>/07_AGGREGATE/CORE_541_DISTRIBUTION_V3.csv,data_row_1based:31079,A07,yaw_p95_absolute_deg,D04_seed_04,3.6164860028824517,170,519,541,0.32755298651252407
<V3_ROOT>/07_AGGREGATE/CORE_541_DISTRIBUTION_V3.csv,data_row_1based:31080,A07,yaw_p95_absolute_deg,D48_seed_01,3.6164975980839444,171,519,541,0.32947976878612717
<V3_ROOT>/07_AGGREGATE/CORE_541_DISTRIBUTION_V3.csv,data_row_1based:31081,A07,yaw_p95_absolute_deg,D48_seed_03,3.616498666842185,172,519,541,0.33140655105973027
<V3_ROOT>/07_AGGREGATE/CORE_541_DISTRIBUTION_V3.csv,data_row_1based:31082,A07,yaw_p95_absolute_deg,D19_seed_02,3.6165076541972905,173,519,541,0.3333333333333333
<V3_ROOT>/07_AGGREGATE/CORE_541_DISTRIBUTION_V3.csv,data_row_1based:31083,A07,yaw_p95_absolute_deg,D19_seed_00,3.6166119055472983,174,519,541,0.3352601156069364
<V3_ROOT>/07_AGGREGATE/CORE_541_DISTRIBUTION_V3.csv,data_row_1based:31084,A07,yaw_p95_absolute_deg,D19_seed_04,3.61664865465635,175,519,541,0.3371868978805395
<V3_ROOT>/07_AGGREGATE/CORE_541_DISTRIBUTION_V3.csv,data_row_1based:31085,A07,yaw_p95_absolute_deg,D50_seed_00,3.616681330649685,176,519,541,0.33911368015414256
<V3_ROOT>/07_AGGREGATE/CORE_541_DISTRIBUTION_V3.csv,data_row_1based:31086,A07,yaw_p95_absolute_deg,D01_seed_02,3.6166997542675956,177,519,541,0.34104046242774566
<V3_ROOT>/07_AGGREGATE/CORE_541_DISTRIBUTION_V3.csv,data_row_1based:31087,A07,yaw_p95_absolute_deg,D32_seed_05,3.616787478987617,178,519,541,0.34296724470134876
<V3_ROOT>/07_AGGREGATE/CORE_541_DISTRIBUTION_V3.csv,data_row_1based:31088,A07,yaw_p95_absolute_deg,D02_seed_06,3.616858338506551,179,519,541,0.3448940269749518
<V3_ROOT>/07_AGGREGATE/CORE_541_DISTRIBUTION_V3.csv,data_row_1based:31089,A07,yaw_p95_absolute_deg,D46_seed_04,3.6168636349818284,180,519,541,0.3468208092485549
<V3_ROOT>/07_AGGREGATE/CORE_541_DISTRIBUTION_V3.csv,data_row_1based:31090,A07,yaw_p95_absolute_deg,D01_seed_05,3.616900910696632,181,519,541,0.348747591522158
<V3_ROOT>/07_AGGREGATE/CORE_541_DISTRIBUTION_V3.csv,data_row_1based:31091,A07,yaw_p95_absolute_deg,D02_seed_00,3.616924439946628,182,519,541,0.35067437379576105
<V3_ROOT>/07_AGGREGATE/CORE_541_DISTRIBUTION_V3.csv,data_row_1based:31092,A07,yaw_p95_absolute_deg,D46_seed_02,3.6169272228565297,183,519,541,0.35260115606936415
<V3_ROOT>/07_AGGREGATE/CORE_541_DISTRIBUTION_V3.csv,data_row_1based:31093,A07,yaw_p95_absolute_deg,D48_seed_05,3.6169945296788546,184,519,541,0.35452793834296725
<V3_ROOT>/07_AGGREGATE/CORE_541_DISTRIBUTION_V3.csv,data_row_1based:31094,A07,yaw_p95_absolute_deg,D04_seed_08,3.6170133770424253,185,519,541,0.35645472061657035
<V3_ROOT>/07_AGGREGATE/CORE_541_DISTRIBUTION_V3.csv,data_row_1based:31095,A07,yaw_p95_absolute_deg,D05_seed_03,3.6170411219679734,186,519,541,0.3583815028901734
<V3_ROOT>/07_AGGREGATE/CORE_541_DISTRIBUTION_V3.csv,data_row_1based:31096,A07,yaw_p95_absolute_deg,D05_seed_05,3.617041932817973,187,519,541,0.3603082851637765
<V3_ROOT>/07_AGGREGATE/CORE_541_DISTRIBUTION_V3.csv,data_row_1based:31097,A07,yaw_p95_absolute_deg,D03_seed_06,3.617043138163491,188,519,541,0.3622350674373796
<V3_ROOT>/07_AGGREGATE/CORE_541_DISTRIBUTION_V3.csv,data_row_1based:31098,A07,yaw_p95_absolute_deg,D01_seed_00,3.617044955317972,189,519,541,0.36416184971098264
<V3_ROOT>/07_AGGREGATE/CORE_541_DISTRIBUTION_V3.csv,data_row_1based:31099,A07,yaw_p95_absolute_deg,D48_seed_08,3.6170801362065466,190,519,541,0.36608863198458574
<V3_ROOT>/07_AGGREGATE/CORE_541_DISTRIBUTION_V3.csv,data_row_1based:31100,A07,yaw_p95_absolute_deg,D02_seed_04,3.617104139206522,191,519,541,0.36801541425818884
<V3_ROOT>/07_AGGREGATE/CORE_541_DISTRIBUTION_V3.csv,data_row_1based:31101,A07,yaw_p95_absolute_deg,D48_seed_06,3.6171524807528326,192,519,541,0.3699421965317919
<V3_ROOT>/07_AGGREGATE/CORE_541_DISTRIBUTION_V3.csv,data_row_1based:31102,A07,yaw_p95_absolute_deg,D02_seed_05,3.617190387063992,193,519,541,0.371868978805395
<V3_ROOT>/07_AGGREGATE/CORE_541_DISTRIBUTION_V3.csv,data_row_1based:31103,A07,yaw_p95_absolute_deg,D07_seed_06,3.6172184697748926,194,519,541,0.3737957610789981
<V3_ROOT>/07_AGGREGATE/CORE_541_DISTRIBUTION_V3.csv,data_row_1based:31104,A07,yaw_p95_absolute_deg,D18_seed_08,3.6172320469565316,195,519,541,0.37572254335260113
<V3_ROOT>/07_AGGREGATE/CORE_541_DISTRIBUTION_V3.csv,data_row_1based:31105,A07,yaw_p95_absolute_deg,D07_seed_04,3.6172539151565455,196,519,541,0.37764932562620424
<V3_ROOT>/07_AGGREGATE/CORE_541_DISTRIBUTION_V3.csv,data_row_1based:31106,A07,yaw_p95_absolute_deg,D01_seed_04,3.6172742223565457,197,519,541,0.37957610789980734
<V3_ROOT>/07_AGGREGATE/CORE_541_DISTRIBUTION_V3.csv,data_row_1based:31107,A07,yaw_p95_absolute_deg,D18_seed_07,3.617312073367968,198,519,541,0.3815028901734104
<V3_ROOT>/07_AGGREGATE/CORE_541_DISTRIBUTION_V3.csv,data_row_1based:31108,A07,yaw_p95_absolute_deg,D45_seed_08,3.6173391584193637,199,519,541,0.3834296724470135
<V3_ROOT>/07_AGGREGATE/CORE_541_DISTRIBUTION_V3.csv,data_row_1based:31109,A07,yaw_p95_absolute_deg,D01_seed_03,3.6173586379565155,200,519,541,0.3853564547206166
<V3_ROOT>/07_AGGREGATE/CORE_541_DISTRIBUTION_V3.csv,data_row_1based:31110,A07,yaw_p95_absolute_deg,D18_seed_02,3.61736382194216,201,519,541,0.3872832369942196
<V3_ROOT>/07_AGGREGATE/CORE_541_DISTRIBUTION_V3.csv,data_row_1based:31111,A07,yaw_p95_absolute_deg,D01_seed_01,3.617373429106535,202,519,541,0.3892100192678227
<V3_ROOT>/07_AGGREGATE/CORE_541_DISTRIBUTION_V3.csv,data_row_1based:31112,A07,yaw_p95_absolute_deg,D18_seed_01,3.617393120146651,203,519,541,0.3911368015414258
<V3_ROOT>/07_AGGREGATE/CORE_541_DISTRIBUTION_V3.csv,data_row_1based:31113,A07,yaw_p95_absolute_deg,D48_seed_00,3.617398088333433,204,519,541,0.3930635838150289
<V3_ROOT>/07_AGGREGATE/CORE_541_DISTRIBUTION_V3.csv,data_row_1based:31114,A07,yaw_p95_absolute_deg,D16_seed_01,3.617425324706523,205,519,541,0.394990366088632
<V3_ROOT>/07_AGGREGATE/CORE_541_DISTRIBUTION_V3.csv,data_row_1based:31115,A07,yaw_p95_absolute_deg,D17_seed_05,3.617425739106513,206,519,541,0.3969171483622351
<V3_ROOT>/07_AGGREGATE/CORE_541_DISTRIBUTION_V3.csv,data_row_1based:31116,A07,yaw_p95_absolute_deg,D17_seed_08,3.6174261043565377,207,519,541,0.3988439306358382
<V3_ROOT>/07_AGGREGATE/CORE_541_DISTRIBUTION_V3.csv,data_row_1based:31117,A07,yaw_p95_absolute_deg,D16_seed_02,3.6174263042565404,208,519,541,0.4007707129094412
<V3_ROOT>/07_AGGREGATE/CORE_541_DISTRIBUTION_V3.csv,data_row_1based:31118,A07,yaw_p95_absolute_deg,D16_seed_00,3.6174263757565317,209,519,541,0.4026974951830443
<V3_ROOT>/07_AGGREGATE/CORE_541_DISTRIBUTION_V3.csv,data_row_1based:31119,A07,yaw_p95_absolute_deg,D16_seed_05,3.617426744006537,210,519,541,0.4046242774566474
<V3_ROOT>/07_AGGREGATE/CORE_541_DISTRIBUTION_V3.csv,data_row_1based:31120,A07,yaw_p95_absolute_deg,D16_seed_07,3.6174273831065253,211,519,541,0.40655105973025046
<V3_ROOT>/07_AGGREGATE/CORE_541_DISTRIBUTION_V3.csv,data_row_1based:31121,A07,yaw_p95_absolute_deg,C00_clean_normal,3.617427559006549,212,519,541,0.40847784200385356
<V3_ROOT>/07_AGGREGATE/CORE_541_DISTRIBUTION_V3.csv,data_row_1based:31122,A07,yaw_p95_absolute_deg,D01_seed_08,3.617427559006549,213,519,541,0.41040462427745666
<V3_ROOT>/07_AGGREGATE/CORE_541_DISTRIBUTION_V3.csv,data_row_1based:31123,A07,yaw_p95_absolute_deg,D02_seed_08,3.617427559006549,214,519,541,0.4123314065510597
<V3_ROOT>/07_AGGREGATE/CORE_541_DISTRIBUTION_V3.csv,data_row_1based:31124,A07,yaw_p95_absolute_deg,D03_seed_08,3.617427559006549,215,519,541,0.4142581888246628
<V3_ROOT>/07_AGGREGATE/CORE_541_DISTRIBUTION_V3.csv,data_row_1based:31125,A07,yaw_p95_absolute_deg,D05_seed_08,3.617427559006549,216,519,541,0.4161849710982659
<V3_ROOT>/07_AGGREGATE/CORE_541_DISTRIBUTION_V3.csv,data_row_1based:31126,A07,yaw_p95_absolute_deg,D07_seed_08,3.617427559006549,217,519,541,0.41811175337186895
<V3_ROOT>/07_AGGREGATE/CORE_541_DISTRIBUTION_V3.csv,data_row_1based:31127,A07,yaw_p95_absolute_deg,D08_seed_00,3.617427559006549,218,519,541,0.42003853564547206
<V3_ROOT>/07_AGGREGATE/CORE_541_DISTRIBUTION_V3.csv,data_row_1based:31128,A07,yaw_p95_absolute_deg,D08_seed_01,3.617427559006549,219,519,541,0.42196531791907516
<V3_ROOT>/07_AGGREGATE/CORE_541_DISTRIBUTION_V3.csv,data_row_1based:31129,A07,yaw_p95_absolute_deg,D08_seed_02,3.617427559006549,220,519,541,0.4238921001926782
<V3_ROOT>/07_AGGREGATE/CORE_541_DISTRIBUTION_V3.csv,data_row_1based:31130,A07,yaw_p95_absolute_deg,D08_seed_03,3.617427559006549,221,519,541,0.4258188824662813
<V3_ROOT>/07_AGGREGATE/CORE_541_DISTRIBUTION_V3.csv,data_row_1based:31131,A07,yaw_p95_absolute_deg,D08_seed_04,3.617427559006549,222,519,541,0.4277456647398844
<V3_ROOT>/07_AGGREGATE/CORE_541_DISTRIBUTION_V3.csv,data_row_1based:31132,A07,yaw_p95_absolute_deg,D08_seed_05,3.617427559006549,223,519,541,0.4296724470134875
<V3_ROOT>/07_AGGREGATE/CORE_541_DISTRIBUTION_V3.csv,data_row_1based:31133,A07,yaw_p95_absolute_deg,D08_seed_06,3.617427559006549,224,519,541,0.43159922928709055
<V3_ROOT>/07_AGGREGATE/CORE_541_DISTRIBUTION_V3.csv,data_row_1based:31134,A07,yaw_p95_absolute_deg,D08_seed_07,3.617427559006549,225,519,541,0.43352601156069365
<V3_ROOT>/07_AGGREGATE/CORE_541_DISTRIBUTION_V3.csv,data_row_1based:31135,A07,yaw_p95_absolute_deg,D08_seed_08,3.617427559006549,226,519,541,0.43545279383429675
<V3_ROOT>/07_AGGREGATE/CORE_541_DISTRIBUTION_V3.csv,data_row_1based:31136,A07,yaw_p95_absolute_deg,D22_seed_00,3.617427559006549,227,519,541,0.4373795761078998
<V3_ROOT>/07_AGGREGATE/CORE_541_DISTRIBUTION_V3.csv,data_row_1based:31137,A07,yaw_p95_absolute_deg,D22_seed_06,3.617427559006549,228,519,541,0.4393063583815029
<V3_ROOT>/07_AGGREGATE/CORE_541_DISTRIBUTION_V3.csv,data_row_1based:31138,A07,yaw_p95_absolute_deg,D29_seed_00,3.617427559006549,229,519,541,0.441233140655106
<V3_ROOT>/07_AGGREGATE/CORE_541_DISTRIBUTION_V3.csv,data_row_1based:31139,A07,yaw_p95_absolute_deg,D29_seed_01,3.617427559006549,230,519,541,0.44315992292870904
<V3_ROOT>/07_AGGREGATE/CORE_541_DISTRIBUTION_V3.csv,data_row_1based:31140,A07,yaw_p95_absolute_deg,D29_seed_02,3.617427559006549,231,519,541,0.44508670520231214
<V3_ROOT>/07_AGGREGATE/CORE_541_DISTRIBUTION_V3.csv,data_row_1based:31141,A07,yaw_p95_absolute_deg,D29_seed_03,3.617427559006549,232,519,541,0.44701348747591524
<V3_ROOT>/07_AGGREGATE/CORE_541_DISTRIBUTION_V3.csv,data_row_1based:31142,A07,yaw_p95_absolute_deg,D29_seed_04,3.617427559006549,233,519,541,0.4489402697495183
<V3_ROOT>/07_AGGREGATE/CORE_541_DISTRIBUTION_V3.csv,data_row_1based:31143,A07,yaw_p95_absolute_deg,D29_seed_05,3.617427559006549,234,519,541,0.4508670520231214
<V3_ROOT>/07_AGGREGATE/CORE_541_DISTRIBUTION_V3.csv,data_row_1based:31144,A07,yaw_p95_absolute_deg,D29_seed_06,3.617427559006549,235,519,541,0.4527938342967245
<V3_ROOT>/07_AGGREGATE/CORE_541_DISTRIBUTION_V3.csv,data_row_1based:31145,A07,yaw_p95_absolute_deg,D29_seed_07,3.617427559006549,236,519,541,0.45472061657032753
<V3_ROOT>/07_AGGREGATE/CORE_541_DISTRIBUTION_V3.csv,data_row_1based:31146,A07,yaw_p95_absolute_deg,D29_seed_08,3.617427559006549,237,519,541,0.45664739884393063
<V3_ROOT>/07_AGGREGATE/CORE_541_DISTRIBUTION_V3.csv,data_row_1based:31147,A07,yaw_p95_absolute_deg,D40_seed_00,3.617427559006549,238,519,541,0.45857418111753373
<V3_ROOT>/07_AGGREGATE/CORE_541_DISTRIBUTION_V3.csv,data_row_1based:31148,A07,yaw_p95_absolute_deg,D40_seed_01,3.617427559006549,239,519,541,0.4605009633911368
<V3_ROOT>/07_AGGREGATE/CORE_541_DISTRIBUTION_V3.csv,data_row_1based:31149,A07,yaw_p95_absolute_deg,D40_seed_02,3.617427559006549,240,519,541,0.4624277456647399
<V3_ROOT>/07_AGGREGATE/CORE_541_DISTRIBUTION_V3.csv,data_row_1based:31150,A07,yaw_p95_absolute_deg,D40_seed_03,3.617427559006549,241,519,541,0.464354527938343
<V3_ROOT>/07_AGGREGATE/CORE_541_DISTRIBUTION_V3.csv,data_row_1based:31151,A07,yaw_p95_absolute_deg,D40_seed_04,3.617427559006549,242,519,541,0.4662813102119461
<V3_ROOT>/07_AGGREGATE/CORE_541_DISTRIBUTION_V3.csv,data_row_1based:31152,A07,yaw_p95_absolute_deg,D40_seed_05,3.617427559006549,243,519,541,0.4682080924855491
<V3_ROOT>/07_AGGREGATE/CORE_541_DISTRIBUTION_V3.csv,data_row_1based:31153,A07,yaw_p95_absolute_deg,D40_seed_06,3.617427559006549,244,519,541,0.4701348747591522
<V3_ROOT>/07_AGGREGATE/CORE_541_DISTRIBUTION_V3.csv,data_row_1based:31154,A07,yaw_p95_absolute_deg,D40_seed_07,3.617427559006549,245,519,541,0.4720616570327553
<V3_ROOT>/07_AGGREGATE/CORE_541_DISTRIBUTION_V3.csv,data_row_1based:31155,A07,yaw_p95_absolute_deg,D40_seed_08,3.617427559006549,246,519,541,0.47398843930635837
<V3_ROOT>/07_AGGREGATE/CORE_541_DISTRIBUTION_V3.csv,data_row_1based:31156,A07,yaw_p95_absolute_deg,D46_seed_08,3.617427559006549,247,519,541,0.47591522157996147
<V3_ROOT>/07_AGGREGATE/CORE_541_DISTRIBUTION_V3.csv,data_row_1based:31157,A07,yaw_p95_absolute_deg,D51_seed_00,3.617427559006549,248,519,541,0.47784200385356457
<V3_ROOT>/07_AGGREGATE/CORE_541_DISTRIBUTION_V3.csv,data_row_1based:31158,A07,yaw_p95_absolute_deg,D51_seed_01,3.617427559006549,249,519,541,0.4797687861271676
<V3_ROOT>/07_AGGREGATE/CORE_541_DISTRIBUTION_V3.csv,data_row_1based:31159,A07,yaw_p95_absolute_deg,D51_seed_02,3.617427559006549,250,519,541,0.4816955684007707
<V3_ROOT>/07_AGGREGATE/CORE_541_DISTRIBUTION_V3.csv,data_row_1based:31160,A07,yaw_p95_absolute_deg,D51_seed_03,3.617427559006549,251,519,541,0.4836223506743738
<V3_ROOT>/07_AGGREGATE/CORE_541_DISTRIBUTION_V3.csv,data_row_1based:31161,A07,yaw_p95_absolute_deg,D51_seed_04,3.617427559006549,252,519,541,0.48554913294797686
<V3_ROOT>/07_AGGREGATE/CORE_541_DISTRIBUTION_V3.csv,data_row_1based:31162,A07,yaw_p95_absolute_deg,D51_seed_05,3.617427559006549,253,519,541,0.48747591522157996
<V3_ROOT>/07_AGGREGATE/CORE_541_DISTRIBUTION_V3.csv,data_row_1based:31163,A07,yaw_p95_absolute_deg,D51_seed_06,3.617427559006549,254,519,541,0.48940269749518306
<V3_ROOT>/07_AGGREGATE/CORE_541_DISTRIBUTION_V3.csv,data_row_1based:31164,A07,yaw_p95_absolute_deg,D51_seed_07,3.617427559006549,255,519,541,0.4913294797687861
<V3_ROOT>/07_AGGREGATE/CORE_541_DISTRIBUTION_V3.csv,data_row_1based:31165,A07,yaw_p95_absolute_deg,D51_seed_08,3.617427559006549,256,519,541,0.4932562620423892
<V3_ROOT>/07_AGGREGATE/CORE_541_DISTRIBUTION_V3.csv,data_row_1based:31166,A07,yaw_p95_absolute_deg,D52_seed_00,3.617427559006549,257,519,541,0.4951830443159923
<V3_ROOT>/07_AGGREGATE/CORE_541_DISTRIBUTION_V3.csv,data_row_1based:31167,A07,yaw_p95_absolute_deg,D52_seed_01,3.617427559006549,258,519,541,0.49710982658959535
<V3_ROOT>/07_AGGREGATE/CORE_541_DISTRIBUTION_V3.csv,data_row_1based:31168,A07,yaw_p95_absolute_deg,D52_seed_02,3.617427559006549,259,519,541,0.49903660886319845
<V3_ROOT>/07_AGGREGATE/CORE_541_DISTRIBUTION_V3.csv,data_row_1based:31169,A07,yaw_p95_absolute_deg,D52_seed_03,3.617427559006549,260,519,541,0.5009633911368016
<V3_ROOT>/07_AGGREGATE/CORE_541_DISTRIBUTION_V3.csv,data_row_1based:31170,A07,yaw_p95_absolute_deg,D52_seed_04,3.617427559006549,261,519,541,0.5028901734104047
<V3_ROOT>/07_AGGREGATE/CORE_541_DISTRIBUTION_V3.csv,data_row_1based:31171,A07,yaw_p95_absolute_deg,D52_seed_05,3.617427559006549,262,519,541,0.5048169556840078
<V3_ROOT>/07_AGGREGATE/CORE_541_DISTRIBUTION_V3.csv,data_row_1based:31172,A07,yaw_p95_absolute_deg,D52_seed_06,3.617427559006549,263,519,541,0.5067437379576107
<V3_ROOT>/07_AGGREGATE/CORE_541_DISTRIBUTION_V3.csv,data_row_1based:31173,A07,yaw_p95_absolute_deg,D52_seed_07,3.617427559006549,264,519,541,0.5086705202312138
<V3_ROOT>/07_AGGREGATE/CORE_541_DISTRIBUTION_V3.csv,data_row_1based:31174,A07,yaw_p95_absolute_deg,D52_seed_08,3.617427559006549,265,519,541,0.5105973025048169
<V3_ROOT>/07_AGGREGATE/CORE_541_DISTRIBUTION_V3.csv,data_row_1based:31175,A07,yaw_p95_absolute_deg,D53_seed_00,3.617427559006549,266,519,541,0.51252408477842
<V3_ROOT>/07_AGGREGATE/CORE_541_DISTRIBUTION_V3.csv,data_row_1based:31176,A07,yaw_p95_absolute_deg,D53_seed_01,3.617427559006549,267,519,541,0.5144508670520231
<V3_ROOT>/07_AGGREGATE/CORE_541_DISTRIBUTION_V3.csv,data_row_1based:31177,A07,yaw_p95_absolute_deg,D53_seed_02,3.617427559006549,268,519,541,0.5163776493256262
<V3_ROOT>/07_AGGREGATE/CORE_541_DISTRIBUTION_V3.csv,data_row_1based:31178,A07,yaw_p95_absolute_deg,D53_seed_03,3.617427559006549,269,519,541,0.5183044315992292
<V3_ROOT>/07_AGGREGATE/CORE_541_DISTRIBUTION_V3.csv,data_row_1based:31179,A07,yaw_p95_absolute_deg,D53_seed_04,3.617427559006549,270,519,541,0.5202312138728323
<V3_ROOT>/07_AGGREGATE/CORE_541_DISTRIBUTION_V3.csv,data_row_1based:31180,A07,yaw_p95_absolute_deg,D53_seed_05,3.617427559006549,271,519,541,0.5221579961464354
<V3_ROOT>/07_AGGREGATE/CORE_541_DISTRIBUTION_V3.csv,data_row_1based:31181,A07,yaw_p95_absolute_deg,D53_seed_06,3.617427559006549,272,519,541,0.5240847784200385
<V3_ROOT>/07_AGGREGATE/CORE_541_DISTRIBUTION_V3.csv,data_row_1based:31182,A07,yaw_p95_absolute_deg,D53_seed_07,3.617427559006549,273,519,541,0.5260115606936416
<V3_ROOT>/07_AGGREGATE/CORE_541_DISTRIBUTION_V3.csv,data_row_1based:31183,A07,yaw_p95_absolute_deg,D53_seed_08,3.617427559006549,274,519,541,0.5279383429672447
<V3_ROOT>/07_AGGREGATE/CORE_541_DISTRIBUTION_V3.csv,data_row_1based:31184,A07,yaw_p95_absolute_deg,D54_seed_00,3.617427559006549,275,519,541,0.5298651252408478
<V3_ROOT>/07_AGGREGATE/CORE_541_DISTRIBUTION_V3.csv,data_row_1based:31185,A07,yaw_p95_absolute_deg,D54_seed_01,3.617427559006549,276,519,541,0.5317919075144508
<V3_ROOT>/07_AGGREGATE/CORE_541_DISTRIBUTION_V3.csv,data_row_1based:31186,A07,yaw_p95_absolute_deg,D54_seed_02,3.617427559006549,277,519,541,0.5337186897880539
<V3_ROOT>/07_AGGREGATE/CORE_541_DISTRIBUTION_V3.csv,data_row_1based:31187,A07,yaw_p95_absolute_deg,D54_seed_03,3.617427559006549,278,519,541,0.535645472061657
<V3_ROOT>/07_AGGREGATE/CORE_541_DISTRIBUTION_V3.csv,data_row_1based:31188,A07,yaw_p95_absolute_deg,D54_seed_04,3.617427559006549,279,519,541,0.5375722543352601
<V3_ROOT>/07_AGGREGATE/CORE_541_DISTRIBUTION_V3.csv,data_row_1based:31189,A07,yaw_p95_absolute_deg,D54_seed_05,3.617427559006549,280,519,541,0.5394990366088632
<V3_ROOT>/07_AGGREGATE/CORE_541_DISTRIBUTION_V3.csv,data_row_1based:31190,A07,yaw_p95_absolute_deg,D54_seed_06,3.617427559006549,281,519,541,0.5414258188824663
<V3_ROOT>/07_AGGREGATE/CORE_541_DISTRIBUTION_V3.csv,data_row_1based:31191,A07,yaw_p95_absolute_deg,D54_seed_07,3.617427559006549,282,519,541,0.5433526011560693
<V3_ROOT>/07_AGGREGATE/CORE_541_DISTRIBUTION_V3.csv,data_row_1based:31192,A07,yaw_p95_absolute_deg,D54_seed_08,3.617427559006549,283,519,541,0.5452793834296724
<V3_ROOT>/07_AGGREGATE/CORE_541_DISTRIBUTION_V3.csv,data_row_1based:31193,A07,yaw_p95_absolute_deg,D55_seed_00,3.617427559006549,284,519,541,0.5472061657032755
<V3_ROOT>/07_AGGREGATE/CORE_541_DISTRIBUTION_V3.csv,data_row_1based:31194,A07,yaw_p95_absolute_deg,D55_seed_01,3.617427559006549,285,519,541,0.5491329479768786
<V3_ROOT>/07_AGGREGATE/CORE_541_DISTRIBUTION_V3.csv,data_row_1based:31195,A07,yaw_p95_absolute_deg,D55_seed_02,3.617427559006549,286,519,541,0.5510597302504817
<V3_ROOT>/07_AGGREGATE/CORE_541_DISTRIBUTION_V3.csv,data_row_1based:31196,A07,yaw_p95_absolute_deg,D55_seed_03,3.617427559006549,287,519,541,0.5529865125240848
<V3_ROOT>/07_AGGREGATE/CORE_541_DISTRIBUTION_V3.csv,data_row_1based:31197,A07,yaw_p95_absolute_deg,D55_seed_04,3.617427559006549,288,519,541,0.5549132947976878
<V3_ROOT>/07_AGGREGATE/CORE_541_DISTRIBUTION_V3.csv,data_row_1based:31198,A07,yaw_p95_absolute_deg,D55_seed_05,3.617427559006549,289,519,541,0.5568400770712909
<V3_ROOT>/07_AGGREGATE/CORE_541_DISTRIBUTION_V3.csv,data_row_1based:31199,A07,yaw_p95_absolute_deg,D55_seed_06,3.617427559006549,290,519,541,0.558766859344894
<V3_ROOT>/07_AGGREGATE/CORE_541_DISTRIBUTION_V3.csv,data_row_1based:31200,A07,yaw_p95_absolute_deg,D55_seed_07,3.617427559006549,291,519,541,0.5606936416184971
<V3_ROOT>/07_AGGREGATE/CORE_541_DISTRIBUTION_V3.csv,data_row_1based:31201,A07,yaw_p95_absolute_deg,D55_seed_08,3.617427559006549,292,519,541,0.5626204238921002
<V3_ROOT>/07_AGGREGATE/CORE_541_DISTRIBUTION_V3.csv,data_row_1based:31202,A07,yaw_p95_absolute_deg,D56_seed_00,3.617427559006549,293,519,541,0.5645472061657033
<V3_ROOT>/07_AGGREGATE/CORE_541_DISTRIBUTION_V3.csv,data_row_1based:31203,A07,yaw_p95_absolute_deg,D56_seed_01,3.617427559006549,294,519,541,0.5664739884393064
<V3_ROOT>/07_AGGREGATE/CORE_541_DISTRIBUTION_V3.csv,data_row_1based:31204,A07,yaw_p95_absolute_deg,D56_seed_02,3.617427559006549,295,519,541,0.5684007707129094
<V3_ROOT>/07_AGGREGATE/CORE_541_DISTRIBUTION_V3.csv,data_row_1based:31205,A07,yaw_p95_absolute_deg,D56_seed_03,3.617427559006549,296,519,541,0.5703275529865125
<V3_ROOT>/07_AGGREGATE/CORE_541_DISTRIBUTION_V3.csv,data_row_1based:31206,A07,yaw_p95_absolute_deg,D56_seed_04,3.617427559006549,297,519,541,0.5722543352601156
<V3_ROOT>/07_AGGREGATE/CORE_541_DISTRIBUTION_V3.csv,data_row_1based:31207,A07,yaw_p95_absolute_deg,D56_seed_05,3.617427559006549,298,519,541,0.5741811175337187
<V3_ROOT>/07_AGGREGATE/CORE_541_DISTRIBUTION_V3.csv,data_row_1based:31208,A07,yaw_p95_absolute_deg,D56_seed_06,3.617427559006549,299,519,541,0.5761078998073218
<V3_ROOT>/07_AGGREGATE/CORE_541_DISTRIBUTION_V3.csv,data_row_1based:31209,A07,yaw_p95_absolute_deg,D56_seed_07,3.617427559006549,300,519,541,0.5780346820809249
<V3_ROOT>/07_AGGREGATE/CORE_541_DISTRIBUTION_V3.csv,data_row_1based:31210,A07,yaw_p95_absolute_deg,D56_seed_08,3.617427559006549,301,519,541,0.5799614643545279
<V3_ROOT>/07_AGGREGATE/CORE_541_DISTRIBUTION_V3.csv,data_row_1based:31211,A07,yaw_p95_absolute_deg,D16_seed_03,3.617427574856527,302,519,541,0.581888246628131
<V3_ROOT>/07_AGGREGATE/CORE_541_DISTRIBUTION_V3.csv,data_row_1based:31212,A07,yaw_p95_absolute_deg,D17_seed_07,3.617427631756512,303,519,541,0.5838150289017341
<V3_ROOT>/07_AGGREGATE/CORE_541_DISTRIBUTION_V3.csv,data_row_1based:31213,A07,yaw_p95_absolute_deg,D17_seed_00,3.617427713206549,304,519,541,0.5857418111753372
<V3_ROOT>/07_AGGREGATE/CORE_541_DISTRIBUTION_V3.csv,data_row_1based:31214,A07,yaw_p95_absolute_deg,D17_seed_01,3.6174277529565275,305,519,541,0.5876685934489403
<V3_ROOT>/07_AGGREGATE/CORE_541_DISTRIBUTION_V3.csv,data_row_1based:31215,A07,yaw_p95_absolute_deg,D17_seed_02,3.617427843456514,306,519,541,0.5895953757225434
<V3_ROOT>/07_AGGREGATE/CORE_541_DISTRIBUTION_V3.csv,data_row_1based:31216,A07,yaw_p95_absolute_deg,D16_seed_04,3.617427974106548,307,519,541,0.5915221579961464
<V3_ROOT>/07_AGGREGATE/CORE_541_DISTRIBUTION_V3.csv,data_row_1based:31217,A07,yaw_p95_absolute_deg,D16_seed_06,3.61742839050654,308,519,541,0.5934489402697495
<V3_ROOT>/07_AGGREGATE/CORE_541_DISTRIBUTION_V3.csv,data_row_1based:31218,A07,yaw_p95_absolute_deg,D16_seed_08,3.617428548456537,309,519,541,0.5953757225433526
<V3_ROOT>/07_AGGREGATE/CORE_541_DISTRIBUTION_V3.csv,data_row_1based:31219,A07,yaw_p95_absolute_deg,D17_seed_03,3.61742868720654,310,519,541,0.5973025048169557
<V3_ROOT>/07_AGGREGATE/CORE_541_DISTRIBUTION_V3.csv,data_row_1based:31220,A07,yaw_p95_absolute_deg,D17_seed_06,3.6174292816565283,311,519,541,0.5992292870905588
<V3_ROOT>/07_AGGREGATE/CORE_541_DISTRIBUTION_V3.csv,data_row_1based:31221,A07,yaw_p95_absolute_deg,D17_seed_04,3.617429479006538,312,519,541,0.6011560693641619
<V3_ROOT>/07_AGGREGATE/CORE_541_DISTRIBUTION_V3.csv,data_row_1based:31222,A07,yaw_p95_absolute_deg,D07_seed_03,3.6174466334565434,313,519,541,0.603082851637765
<V3_ROOT>/07_AGGREGATE/CORE_541_DISTRIBUTION_V3.csv,data_row_1based:31223,A07,yaw_p95_absolute_deg,D02_seed_01,3.617450897406528,314,519,541,0.605009633911368
<V3_ROOT>/07_AGGREGATE/CORE_541_DISTRIBUTION_V3.csv,data_row_1based:31224,A07,yaw_p95_absolute_deg,D18_seed_00,3.617457150117962,315,519,541,0.6069364161849711
<V3_ROOT>/07_AGGREGATE/CORE_541_DISTRIBUTION_V3.csv,data_row_1based:31225,A07,yaw_p95_absolute_deg,D04_seed_01,3.6174774144318604,316,519,541,0.6088631984585742
<V3_ROOT>/07_AGGREGATE/CORE_541_DISTRIBUTION_V3.csv,data_row_1based:31226,A07,yaw_p95_absolute_deg,D03_seed_01,3.6174798082065336,317,519,541,0.6107899807321773
<V3_ROOT>/07_AGGREGATE/CORE_541_DISTRIBUTION_V3.csv,data_row_1based:31227,A07,yaw_p95_absolute_deg,D18_seed_05,3.6175077265421645,318,519,541,0.6127167630057804
<V3_ROOT>/07_AGGREGATE/CORE_541_DISTRIBUTION_V3.csv,data_row_1based:31228,A07,yaw_p95_absolute_deg,D18_seed_06,3.6175117295921586,319,519,541,0.6146435452793835
<V3_ROOT>/07_AGGREGATE/CORE_541_DISTRIBUTION_V3.csv,data_row_1based:31229,A07,yaw_p95_absolute_deg,D18_seed_04,3.617515243042163,320,519,541,0.6165703275529865
<V3_ROOT>/07_AGGREGATE/CORE_541_DISTRIBUTION_V3.csv,data_row_1based:31230,A07,yaw_p95_absolute_deg,D07_seed_01,3.617529718706551,321,519,541,0.6184971098265896
<V3_ROOT>/07_AGGREGATE/CORE_541_DISTRIBUTION_V3.csv,data_row_1based:31231,A07,yaw_p95_absolute_deg,D46_seed_01,3.617552737256516,322,519,541,0.6204238921001927
<V3_ROOT>/07_AGGREGATE/CORE_541_DISTRIBUTION_V3.csv,data_row_1based:31232,A07,yaw_p95_absolute_deg,D18_seed_03,3.617593493042144,323,519,541,0.6223506743737958
<V3_ROOT>/07_AGGREGATE/CORE_541_DISTRIBUTION_V3.csv,data_row_1based:31233,A07,yaw_p95_absolute_deg,D01_seed_06,3.6175999810065314,324,519,541,0.6242774566473989
<V3_ROOT>/07_AGGREGATE/CORE_541_DISTRIBUTION_V3.csv,data_row_1based:31234,A07,yaw_p95_absolute_deg,D47_seed_03,3.6178491732032216,325,519,541,0.626204238921002
<V3_ROOT>/07_AGGREGATE/CORE_541_DISTRIBUTION_V3.csv,data_row_1based:31235,A07,yaw_p95_absolute_deg,D46_seed_00,3.6178874566065438,326,519,541,0.628131021194605
<V3_ROOT>/07_AGGREGATE/CORE_541_DISTRIBUTION_V3.csv,data_row_1based:31236,A07,yaw_p95_absolute_deg,D05_seed_01,3.617932904032444,327,519,541,0.630057803468208
<V3_ROOT>/07_AGGREGATE/CORE_541_DISTRIBUTION_V3.csv,data_row_1based:31237,A07,yaw_p95_absolute_deg,D44_seed_06,3.617939456680965,328,519,541,0.6319845857418112
<V3_ROOT>/07_AGGREGATE/CORE_541_DISTRIBUTION_V3.csv,data_row_1based:31238,A07,yaw_p95_absolute_deg,D42_seed_01,3.617979900739276,329,519,541,0.6339113680154143
<V3_ROOT>/07_AGGREGATE/CORE_541_DISTRIBUTION_V3.csv,data_row_1based:31239,A07,yaw_p95_absolute_deg,D19_seed_08,3.6180346535731767,330,519,541,0.6358381502890174
<V3_ROOT>/07_AGGREGATE/CORE_541_DISTRIBUTION_V3.csv,data_row_1based:31240,A07,yaw_p95_absolute_deg,D48_seed_07,3.618036604156533,331,519,541,0.6377649325626205
<V3_ROOT>/07_AGGREGATE/CORE_541_DISTRIBUTION_V3.csv,data_row_1based:31241,A07,yaw_p95_absolute_deg,D34_seed_07,3.6180465191043405,332,519,541,0.6396917148362236
<V3_ROOT>/07_AGGREGATE/CORE_541_DISTRIBUTION_V3.csv,data_row_1based:31242,A07,yaw_p95_absolute_deg,D48_seed_04,3.6180655644003012,333,519,541,0.6416184971098265
<V3_ROOT>/07_AGGREGATE/CORE_541_DISTRIBUTION_V3.csv,data_row_1based:31243,A07,yaw_p95_absolute_deg,D48_seed_02,3.6180765397870203,334,519,541,0.6435452793834296
<V3_ROOT>/07_AGGREGATE/CORE_541_DISTRIBUTION_V3.csv,data_row_1based:31244,A07,yaw_p95_absolute_deg,D19_seed_01,3.6181130534758505,335,519,541,0.6454720616570327
<V3_ROOT>/07_AGGREGATE/CORE_541_DISTRIBUTION_V3.csv,data_row_1based:31245,A07,yaw_p95_absolute_deg,D47_seed_02,3.618124265426856,336,519,541,0.6473988439306358
<V3_ROOT>/07_AGGREGATE/CORE_541_DISTRIBUTION_V3.csv,data_row_1based:31246,A07,yaw_p95_absolute_deg,D19_seed_03,3.6182362022758596,337,519,541,0.649325626204239
<V3_ROOT>/07_AGGREGATE/CORE_541_DISTRIBUTION_V3.csv,data_row_1based:31247,A07,yaw_p95_absolute_deg,D05_seed_02,3.6182583184779737,338,519,541,0.651252408477842
<V3_ROOT>/07_AGGREGATE/CORE_541_DISTRIBUTION_V3.csv,data_row_1based:31248,A07,yaw_p95_absolute_deg,D46_seed_06,3.618309461083523,339,519,541,0.653179190751445
<V3_ROOT>/07_AGGREGATE/CORE_541_DISTRIBUTION_V3.csv,data_row_1based:31249,A07,yaw_p95_absolute_deg,D49_seed_08,3.6183711897115214,340,519,541,0.6551059730250481
<V3_ROOT>/07_AGGREGATE/CORE_541_DISTRIBUTION_V3.csv,data_row_1based:31250,A07,yaw_p95_absolute_deg,D46_seed_03,3.618812964732451,341,519,541,0.6570327552986512
<V3_ROOT>/07_AGGREGATE/CORE_541_DISTRIBUTION_V3.csv,data_row_1based:31251,A07,yaw_p95_absolute_deg,D50_seed_07,3.6189561584130887,342,519,541,0.6589595375722543
<V3_ROOT>/07_AGGREGATE/CORE_541_DISTRIBUTION_V3.csv,data_row_1based:31252,A07,yaw_p95_absolute_deg,D46_seed_05,3.618969954199023,343,519,541,0.6608863198458574
<V3_ROOT>/07_AGGREGATE/CORE_541_DISTRIBUTION_V3.csv,data_row_1based:31253,A07,yaw_p95_absolute_deg,D44_seed_02,3.6189710598314098,344,519,541,0.6628131021194605
<V3_ROOT>/07_AGGREGATE/CORE_541_DISTRIBUTION_V3.csv,data_row_1based:31254,A07,yaw_p95_absolute_deg,D39_seed_04,3.619081142700861,345,519,541,0.6647398843930635
<V3_ROOT>/07_AGGREGATE/CORE_541_DISTRIBUTION_V3.csv,data_row_1based:31255,A07,yaw_p95_absolute_deg,D30_seed_01,3.619089312342092,346,519,541,0.6666666666666666
<V3_ROOT>/07_AGGREGATE/CORE_541_DISTRIBUTION_V3.csv,data_row_1based:31256,A07,yaw_p95_absolute_deg,D50_seed_02,3.619099622860782,347,519,541,0.6685934489402697
<V3_ROOT>/07_AGGREGATE/CORE_541_DISTRIBUTION_V3.csv,data_row_1based:31257,A07,yaw_p95_absolute_deg,D44_seed_08,3.619166565579185,348,519,541,0.6705202312138728
<V3_ROOT>/07_AGGREGATE/CORE_541_DISTRIBUTION_V3.csv,data_row_1based:31258,A07,yaw_p95_absolute_deg,D44_seed_03,3.6191669675921623,349,519,541,0.6724470134874759
<V3_ROOT>/07_AGGREGATE/CORE_541_DISTRIBUTION_V3.csv,data_row_1based:31259,A07,yaw_p95_absolute_deg,D49_seed_03,3.6192496245742944,350,519,541,0.674373795761079
<V3_ROOT>/07_AGGREGATE/CORE_541_DISTRIBUTION_V3.csv,data_row_1based:31260,A07,yaw_p95_absolute_deg,D19_seed_06,3.619487592073175,351,519,541,0.6763005780346821
<V3_ROOT>/07_AGGREGATE/CORE_541_DISTRIBUTION_V3.csv,data_row_1based:31261,A07,yaw_p95_absolute_deg,D47_seed_05,3.619521623398825,352,519,541,0.6782273603082851
<V3_ROOT>/07_AGGREGATE/CORE_541_DISTRIBUTION_V3.csv,data_row_1based:31262,A07,yaw_p95_absolute_deg,D19_seed_05,3.619770071111339,353,519,541,0.6801541425818882
<V3_ROOT>/07_AGGREGATE/CORE_541_DISTRIBUTION_V3.csv,data_row_1based:31263,A07,yaw_p95_absolute_deg,D47_seed_01,3.6198785102597895,354,519,541,0.6820809248554913
<V3_ROOT>/07_AGGREGATE/CORE_541_DISTRIBUTION_V3.csv,data_row_1based:31264,A07,yaw_p95_absolute_deg,D31_seed_01,3.6202616284138123,355,519,541,0.6840077071290944
<V3_ROOT>/07_AGGREGATE/CORE_541_DISTRIBUTION_V3.csv,data_row_1based:31265,A07,yaw_p95_absolute_deg,D43_seed_01,3.6204786993343516,356,519,541,0.6859344894026975
<V3_ROOT>/07_AGGREGATE/CORE_541_DISTRIBUTION_V3.csv,data_row_1based:31266,A07,yaw_p95_absolute_deg,D39_seed_03,3.620494301569283,357,519,541,0.6878612716763006
<V3_ROOT>/07_AGGREGATE/CORE_541_DISTRIBUTION_V3.csv,data_row_1based:31267,A07,yaw_p95_absolute_deg,D47_seed_08,3.621029529654237,358,519,541,0.6897880539499036
<V3_ROOT>/07_AGGREGATE/CORE_541_DISTRIBUTION_V3.csv,data_row_1based:31268,A07,yaw_p95_absolute_deg,D22_seed_05,3.621063651421768,359,519,541,0.6917148362235067
<V3_ROOT>/07_AGGREGATE/CORE_541_DISTRIBUTION_V3.csv,data_row_1based:31269,A07,yaw_p95_absolute_deg,D22_seed_08,3.6211346770705917,360,519,541,0.6936416184971098
<V3_ROOT>/07_AGGREGATE/CORE_541_DISTRIBUTION_V3.csv,data_row_1based:31270,A07,yaw_p95_absolute_deg,D44_seed_01,3.6216483238325643,361,519,541,0.6955684007707129
<V3_ROOT>/07_AGGREGATE/CORE_541_DISTRIBUTION_V3.csv,data_row_1based:31271,A07,yaw_p95_absolute_deg,D12_seed_01,3.62177363098218,362,519,541,0.697495183044316
<V3_ROOT>/07_AGGREGATE/CORE_541_DISTRIBUTION_V3.csv,data_row_1based:31272,A07,yaw_p95_absolute_deg,D22_seed_04,3.62180700922221,363,519,541,0.6994219653179191
<V3_ROOT>/07_AGGREGATE/CORE_541_DISTRIBUTION_V3.csv,data_row_1based:31273,A07,yaw_p95_absolute_deg,D44_seed_00,3.622002067864126,364,519,541,0.7013487475915221
<V3_ROOT>/07_AGGREGATE/CORE_541_DISTRIBUTION_V3.csv,data_row_1based:31274,A07,yaw_p95_absolute_deg,D50_seed_08,3.6220702112365184,365,519,541,0.7032755298651252
<V3_ROOT>/07_AGGREGATE/CORE_541_DISTRIBUTION_V3.csv,data_row_1based:31275,A07,yaw_p95_absolute_deg,D06_seed_01,3.6224440886058358,366,519,541,0.7052023121387283
<V3_ROOT>/07_AGGREGATE/CORE_541_DISTRIBUTION_V3.csv,data_row_1based:31276,A07,yaw_p95_absolute_deg,D47_seed_07,3.6229162365372893,367,519,541,0.7071290944123314
<V3_ROOT>/07_AGGREGATE/CORE_541_DISTRIBUTION_V3.csv,data_row_1based:31277,A07,yaw_p95_absolute_deg,D58_seed_08,3.623015621570807,368,519,541,0.7090558766859345
<V3_ROOT>/07_AGGREGATE/CORE_541_DISTRIBUTION_V3.csv,data_row_1based:31278,A07,yaw_p95_absolute_deg,D34_seed_08,3.6233486736223006,369,519,541,0.7109826589595376
<V3_ROOT>/07_AGGREGATE/CORE_541_DISTRIBUTION_V3.csv,data_row_1based:31279,A07,yaw_p95_absolute_deg,D35_seed_05,3.624901539720756,370,519,541,0.7129094412331407
<V3_ROOT>/07_AGGREGATE/CORE_541_DISTRIBUTION_V3.csv,data_row_1based:31280,A07,yaw_p95_absolute_deg,D30_seed_08,3.625202169362579,371,519,541,0.7148362235067437
<V3_ROOT>/07_AGGREGATE/CORE_541_DISTRIBUTION_V3.csv,data_row_1based:31281,A07,yaw_p95_absolute_deg,D45_seed_03,3.6256682369881115,372,519,541,0.7167630057803468
<V3_ROOT>/07_AGGREGATE/CORE_541_DISTRIBUTION_V3.csv,data_row_1based:31282,A07,yaw_p95_absolute_deg,D20_seed_01,3.625803890369018,373,519,541,0.7186897880539499
<V3_ROOT>/07_AGGREGATE/CORE_541_DISTRIBUTION_V3.csv,data_row_1based:31283,A07,yaw_p95_absolute_deg,D35_seed_07,3.6266080954759943,374,519,541,0.720616570327553
<V3_ROOT>/07_AGGREGATE/CORE_541_DISTRIBUTION_V3.csv,data_row_1based:31284,A07,yaw_p95_absolute_deg,D35_seed_02,3.6273367657249063,375,519,541,0.7225433526011561
<V3_ROOT>/07_AGGREGATE/CORE_541_DISTRIBUTION_V3.csv,data_row_1based:31285,A07,yaw_p95_absolute_deg,D58_seed_04,3.6291757951870003,376,519,541,0.7244701348747592
<V3_ROOT>/07_AGGREGATE/CORE_541_DISTRIBUTION_V3.csv,data_row_1based:31286,A07,yaw_p95_absolute_deg,D49_seed_07,3.630343674989126,377,519,541,0.7263969171483622
<V3_ROOT>/07_AGGREGATE/CORE_541_DISTRIBUTION_V3.csv,data_row_1based:31287,A07,yaw_p95_absolute_deg,D13_seed_03,3.63048132716103,378,519,541,0.7283236994219653
<V3_ROOT>/07_AGGREGATE/CORE_541_DISTRIBUTION_V3.csv,data_row_1based:31288,A07,yaw_p95_absolute_deg,D45_seed_01,3.6318520052353276,379,519,541,0.7302504816955684
<V3_ROOT>/07_AGGREGATE/CORE_541_DISTRIBUTION_V3.csv,data_row_1based:31289,A07,yaw_p95_absolute_deg,D20_seed_02,3.636445821697914,380,519,541,0.7321772639691715
<V3_ROOT>/07_AGGREGATE/CORE_541_DISTRIBUTION_V3.csv,data_row_1based:31290,A07,yaw_p95_absolute_deg,D06_seed_05,3.6398932689419863,381,519,541,0.7341040462427746
<V3_ROOT>/07_AGGREGATE/CORE_541_DISTRIBUTION_V3.csv,data_row_1based:31291,A07,yaw_p95_absolute_deg,D20_seed_07,3.6408292931981423,382,519,541,0.7360308285163777
<V3_ROOT>/07_AGGREGATE/CORE_541_DISTRIBUTION_V3.csv,data_row_1based:31292,A07,yaw_p95_absolute_deg,D20_seed_06,3.641322291194711,383,519,541,0.7379576107899807
<V3_ROOT>/07_AGGREGATE/CORE_541_DISTRIBUTION_V3.csv,data_row_1based:31293,A07,yaw_p95_absolute_deg,D12_seed_07,3.6467874939162064,384,519,541,0.7398843930635838
<V3_ROOT>/07_AGGREGATE/CORE_541_DISTRIBUTION_V3.csv,data_row_1based:31294,A07,yaw_p95_absolute_deg,D22_seed_01,3.647945792172288,385,519,541,0.7418111753371869
<V3_ROOT>/07_AGGREGATE/CORE_541_DISTRIBUTION_V3.csv,data_row_1based:31295,A07,yaw_p95_absolute_deg,D09_seed_01,3.64818294894017,386,519,541,0.74373795761079
<V3_ROOT>/07_AGGREGATE/CORE_541_DISTRIBUTION_V3.csv,data_row_1based:31296,A07,yaw_p95_absolute_deg,D09_seed_02,3.64818294894017,387,519,541,0.7456647398843931
<V3_ROOT>/07_AGGREGATE/CORE_541_DISTRIBUTION_V3.csv,data_row_1based:31297,A07,yaw_p95_absolute_deg,D09_seed_03,3.64818294894017,388,519,541,0.7475915221579962
<V3_ROOT>/07_AGGREGATE/CORE_541_DISTRIBUTION_V3.csv,data_row_1based:31298,A07,yaw_p95_absolute_deg,D09_seed_04,3.64818294894017,389,519,541,0.7495183044315993
<V3_ROOT>/07_AGGREGATE/CORE_541_DISTRIBUTION_V3.csv,data_row_1based:31299,A07,yaw_p95_absolute_deg,D09_seed_05,3.64818294894017,390,519,541,0.7514450867052023
<V3_ROOT>/07_AGGREGATE/CORE_541_DISTRIBUTION_V3.csv,data_row_1based:31300,A07,yaw_p95_absolute_deg,D09_seed_06,3.64818294894017,391,519,541,0.7533718689788054
<V3_ROOT>/07_AGGREGATE/CORE_541_DISTRIBUTION_V3.csv,data_row_1based:31301,A07,yaw_p95_absolute_deg,D09_seed_07,3.64818294894017,392,519,541,0.7552986512524085
<V3_ROOT>/07_AGGREGATE/CORE_541_DISTRIBUTION_V3.csv,data_row_1based:31302,A07,yaw_p95_absolute_deg,D09_seed_08,3.64818294894017,393,519,541,0.7572254335260116
<V3_ROOT>/07_AGGREGATE/CORE_541_DISTRIBUTION_V3.csv,data_row_1based:31303,A07,yaw_p95_absolute_deg,D58_seed_02,3.6508808690978576,394,519,541,0.7591522157996147
<V3_ROOT>/07_AGGREGATE/CORE_541_DISTRIBUTION_V3.csv,data_row_1based:31304,A07,yaw_p95_absolute_deg,D31_seed_05,3.651187978819766,395,519,541,0.7610789980732178
<V3_ROOT>/07_AGGREGATE/CORE_541_DISTRIBUTION_V3.csv,data_row_1based:31305,A07,yaw_p95_absolute_deg,D06_seed_08,3.651237439228851,396,519,541,0.7630057803468208
<V3_ROOT>/07_AGGREGATE/CORE_541_DISTRIBUTION_V3.csv,data_row_1based:31306,A07,yaw_p95_absolute_deg,D31_seed_08,3.6520219295711143,397,519,541,0.7649325626204239
<V3_ROOT>/07_AGGREGATE/CORE_541_DISTRIBUTION_V3.csv,data_row_1based:31307,A07,yaw_p95_absolute_deg,D13_seed_01,3.6535765764209094,398,519,541,0.766859344894027
<V3_ROOT>/07_AGGREGATE/CORE_541_DISTRIBUTION_V3.csv,data_row_1based:31308,A07,yaw_p95_absolute_deg,D58_seed_03,3.6536500567737553,399,519,541,0.7687861271676301
<V3_ROOT>/07_AGGREGATE/CORE_541_DISTRIBUTION_V3.csv,data_row_1based:31309,A07,yaw_p95_absolute_deg,D43_seed_07,3.656578305781227,400,519,541,0.7707129094412332
<V3_ROOT>/07_AGGREGATE/CORE_541_DISTRIBUTION_V3.csv,data_row_1based:31310,A07,yaw_p95_absolute_deg,D12_seed_08,3.658098965580281,401,519,541,0.7726396917148363
<V3_ROOT>/07_AGGREGATE/CORE_541_DISTRIBUTION_V3.csv,data_row_1based:31311,A07,yaw_p95_absolute_deg,D33_seed_00,3.660074754440439,402,519,541,0.7745664739884393
<V3_ROOT>/07_AGGREGATE/CORE_541_DISTRIBUTION_V3.csv,data_row_1based:31312,A07,yaw_p95_absolute_deg,D30_seed_06,3.6605428730788603,403,519,541,0.7764932562620424
<V3_ROOT>/07_AGGREGATE/CORE_541_DISTRIBUTION_V3.csv,data_row_1based:31313,A07,yaw_p95_absolute_deg,D58_seed_00,3.6631483978009993,404,519,541,0.7784200385356455
<V3_ROOT>/07_AGGREGATE/CORE_541_DISTRIBUTION_V3.csv,data_row_1based:31314,A07,yaw_p95_absolute_deg,D20_seed_00,3.6695080670045526,405,519,541,0.7803468208092486
<V3_ROOT>/07_AGGREGATE/CORE_541_DISTRIBUTION_V3.csv,data_row_1based:31315,A07,yaw_p95_absolute_deg,D20_seed_08,3.6723286422867925,406,519,541,0.7822736030828517
<V3_ROOT>/07_AGGREGATE/CORE_541_DISTRIBUTION_V3.csv,data_row_1based:31316,A07,yaw_p95_absolute_deg,D06_seed_03,3.6723723505414085,407,519,541,0.7842003853564548
<V3_ROOT>/07_AGGREGATE/CORE_541_DISTRIBUTION_V3.csv,data_row_1based:31317,A07,yaw_p95_absolute_deg,D34_seed_04,3.6733837898261896,408,519,541,0.7861271676300579
<V3_ROOT>/07_AGGREGATE/CORE_541_DISTRIBUTION_V3.csv,data_row_1based:31318,A07,yaw_p95_absolute_deg,D33_seed_08,3.6754777043549325,409,519,541,0.7880539499036608
<V3_ROOT>/07_AGGREGATE/CORE_541_DISTRIBUTION_V3.csv,data_row_1based:31319,A07,yaw_p95_absolute_deg,D12_seed_04,3.676600733963756,410,519,541,0.789980732177264
<V3_ROOT>/07_AGGREGATE/CORE_541_DISTRIBUTION_V3.csv,data_row_1based:31320,A07,yaw_p95_absolute_deg,D31_seed_03,3.684234923969984,411,519,541,0.791907514450867
<V3_ROOT>/07_AGGREGATE/CORE_541_DISTRIBUTION_V3.csv,data_row_1based:31321,A07,yaw_p95_absolute_deg,D21_seed_05,3.6904093985949915,412,519,541,0.7938342967244701
<V3_ROOT>/07_AGGREGATE/CORE_541_DISTRIBUTION_V3.csv,data_row_1based:31322,A07,yaw_p95_absolute_deg,D32_seed_06,3.694057656053662,413,519,541,0.7957610789980732
<V3_ROOT>/07_AGGREGATE/CORE_541_DISTRIBUTION_V3.csv,data_row_1based:31323,A07,yaw_p95_absolute_deg,D11_seed_06,3.6976582480509035,414,519,541,0.7976878612716763
<V3_ROOT>/07_AGGREGATE/CORE_541_DISTRIBUTION_V3.csv,data_row_1based:31324,A07,yaw_p95_absolute_deg,D20_seed_04,3.6990251256402544,415,519,541,0.7996146435452793
<V3_ROOT>/07_AGGREGATE/CORE_541_DISTRIBUTION_V3.csv,data_row_1based:31325,A07,yaw_p95_absolute_deg,D11_seed_08,3.702021169606966,416,519,541,0.8015414258188824
<V3_ROOT>/07_AGGREGATE/CORE_541_DISTRIBUTION_V3.csv,data_row_1based:31326,A07,yaw_p95_absolute_deg,D12_seed_00,3.7024842038670043,417,519,541,0.8034682080924855
<V3_ROOT>/07_AGGREGATE/CORE_541_DISTRIBUTION_V3.csv,data_row_1based:31327,A07,yaw_p95_absolute_deg,D39_seed_07,3.7031676323258873,418,519,541,0.8053949903660886
<V3_ROOT>/07_AGGREGATE/CORE_541_DISTRIBUTION_V3.csv,data_row_1based:31328,A07,yaw_p95_absolute_deg,D45_seed_07,3.712062363818317,419,519,541,0.8073217726396917
<V3_ROOT>/07_AGGREGATE/CORE_541_DISTRIBUTION_V3.csv,data_row_1based:31329,A07,yaw_p95_absolute_deg,D10_seed_01,3.730976398874057,420,519,541,0.8092485549132948
<V3_ROOT>/07_AGGREGATE/CORE_541_DISTRIBUTION_V3.csv,data_row_1based:31330,A07,yaw_p95_absolute_deg,D10_seed_02,3.730976398874057,421,519,541,0.8111753371868978
<V3_ROOT>/07_AGGREGATE/CORE_541_DISTRIBUTION_V3.csv,data_row_1based:31331,A07,yaw_p95_absolute_deg,D10_seed_03,3.730976398874057,422,519,541,0.8131021194605009
<V3_ROOT>/07_AGGREGATE/CORE_541_DISTRIBUTION_V3.csv,data_row_1based:31332,A07,yaw_p95_absolute_deg,D10_seed_04,3.730976398874057,423,519,541,0.815028901734104
<V3_ROOT>/07_AGGREGATE/CORE_541_DISTRIBUTION_V3.csv,data_row_1based:31333,A07,yaw_p95_absolute_deg,D10_seed_05,3.730976398874057,424,519,541,0.8169556840077071
<V3_ROOT>/07_AGGREGATE/CORE_541_DISTRIBUTION_V3.csv,data_row_1based:31334,A07,yaw_p95_absolute_deg,D10_seed_06,3.730976398874057,425,519,541,0.8188824662813102
<V3_ROOT>/07_AGGREGATE/CORE_541_DISTRIBUTION_V3.csv,data_row_1based:31335,A07,yaw_p95_absolute_deg,D10_seed_07,3.730976398874057,426,519,541,0.8208092485549133
<V3_ROOT>/07_AGGREGATE/CORE_541_DISTRIBUTION_V3.csv,data_row_1based:31336,A07,yaw_p95_absolute_deg,D10_seed_08,3.730976398874057,427,519,541,0.8227360308285164
<V3_ROOT>/07_AGGREGATE/CORE_541_DISTRIBUTION_V3.csv,data_row_1based:31337,A07,yaw_p95_absolute_deg,D13_seed_05,3.7398306578184304,428,519,541,0.8246628131021194
<V3_ROOT>/07_AGGREGATE/CORE_541_DISTRIBUTION_V3.csv,data_row_1based:31338,A07,yaw_p95_absolute_deg,D30_seed_00,3.740312564705001,429,519,541,0.8265895953757225
<V3_ROOT>/07_AGGREGATE/CORE_541_DISTRIBUTION_V3.csv,data_row_1based:31339,A07,yaw_p95_absolute_deg,D32_seed_04,3.740528213160841,430,519,541,0.8285163776493256
<V3_ROOT>/07_AGGREGATE/CORE_541_DISTRIBUTION_V3.csv,data_row_1based:31340,A07,yaw_p95_absolute_deg,D21_seed_02,3.743495619559005,431,519,541,0.8304431599229287
<V3_ROOT>/07_AGGREGATE/CORE_541_DISTRIBUTION_V3.csv,data_row_1based:31341,A07,yaw_p95_absolute_deg,D32_seed_07,3.7447517256152567,432,519,541,0.8323699421965318
<V3_ROOT>/07_AGGREGATE/CORE_541_DISTRIBUTION_V3.csv,data_row_1based:31342,A07,yaw_p95_absolute_deg,D11_seed_05,3.7454958671037994,433,519,541,0.8342967244701349
<V3_ROOT>/07_AGGREGATE/CORE_541_DISTRIBUTION_V3.csv,data_row_1based:31343,A07,yaw_p95_absolute_deg,D32_seed_01,3.746214198239969,434,519,541,0.8362235067437379
<V3_ROOT>/07_AGGREGATE/CORE_541_DISTRIBUTION_V3.csv,data_row_1based:31344,A07,yaw_p95_absolute_deg,D34_seed_06,3.7544885916053627,435,519,541,0.838150289017341
<V3_ROOT>/07_AGGREGATE/CORE_541_DISTRIBUTION_V3.csv,data_row_1based:31345,A07,yaw_p95_absolute_deg,D11_seed_04,3.7599606036103173,436,519,541,0.8400770712909441
<V3_ROOT>/07_AGGREGATE/CORE_541_DISTRIBUTION_V3.csv,data_row_1based:31346,A07,yaw_p95_absolute_deg,D35_seed_03,3.7727229135521196,437,519,541,0.8420038535645472
<V3_ROOT>/07_AGGREGATE/CORE_541_DISTRIBUTION_V3.csv,data_row_1based:31347,A07,yaw_p95_absolute_deg,D35_seed_01,3.776665259619299,438,519,541,0.8439306358381503
<V3_ROOT>/07_AGGREGATE/CORE_541_DISTRIBUTION_V3.csv,data_row_1based:31348,A07,yaw_p95_absolute_deg,D34_seed_03,3.779555508102726,439,519,541,0.8458574181117534
<V3_ROOT>/07_AGGREGATE/CORE_541_DISTRIBUTION_V3.csv,data_row_1based:31349,A07,yaw_p95_absolute_deg,D12_seed_02,3.78551500797439,440,519,541,0.8477842003853564
<V3_ROOT>/07_AGGREGATE/CORE_541_DISTRIBUTION_V3.csv,data_row_1based:31350,A07,yaw_p95_absolute_deg,D21_seed_07,3.803316414035305,441,519,541,0.8497109826589595
<V3_ROOT>/07_AGGREGATE/CORE_541_DISTRIBUTION_V3.csv,data_row_1based:31351,A07,yaw_p95_absolute_deg,D35_seed_00,3.8091264982998734,442,519,541,0.8516377649325626
<V3_ROOT>/07_AGGREGATE/CORE_541_DISTRIBUTION_V3.csv,data_row_1based:31352,A07,yaw_p95_absolute_deg,D11_seed_01,3.818102497481029,443,519,541,0.8535645472061657
<V3_ROOT>/07_AGGREGATE/CORE_541_DISTRIBUTION_V3.csv,data_row_1based:31353,A07,yaw_p95_absolute_deg,D32_seed_02,3.8226166273094444,444,519,541,0.8554913294797688
<V3_ROOT>/07_AGGREGATE/CORE_541_DISTRIBUTION_V3.csv,data_row_1based:31354,A07,yaw_p95_absolute_deg,D26_seed_00,3.8295117785669204,445,519,541,0.8574181117533719
<V3_ROOT>/07_AGGREGATE/CORE_541_DISTRIBUTION_V3.csv,data_row_1based:31355,A07,yaw_p95_absolute_deg,D26_seed_01,3.8295117785669204,446,519,541,0.859344894026975
<V3_ROOT>/07_AGGREGATE/CORE_541_DISTRIBUTION_V3.csv,data_row_1based:31356,A07,yaw_p95_absolute_deg,D26_seed_02,3.8295117785669204,447,519,541,0.861271676300578
<V3_ROOT>/07_AGGREGATE/CORE_541_DISTRIBUTION_V3.csv,data_row_1based:31357,A07,yaw_p95_absolute_deg,D26_seed_03,3.8295117785669204,448,519,541,0.8631984585741811
<V3_ROOT>/07_AGGREGATE/CORE_541_DISTRIBUTION_V3.csv,data_row_1based:31358,A07,yaw_p95_absolute_deg,D26_seed_04,3.8295117785669204,449,519,541,0.8651252408477842
<V3_ROOT>/07_AGGREGATE/CORE_541_DISTRIBUTION_V3.csv,data_row_1based:31359,A07,yaw_p95_absolute_deg,D26_seed_05,3.8295117785669204,450,519,541,0.8670520231213873
<V3_ROOT>/07_AGGREGATE/CORE_541_DISTRIBUTION_V3.csv,data_row_1based:31360,A07,yaw_p95_absolute_deg,D26_seed_06,3.8295117785669204,451,519,541,0.8689788053949904
<V3_ROOT>/07_AGGREGATE/CORE_541_DISTRIBUTION_V3.csv,data_row_1based:31361,A07,yaw_p95_absolute_deg,D26_seed_07,3.8295117785669204,452,519,541,0.8709055876685935
<V3_ROOT>/07_AGGREGATE/CORE_541_DISTRIBUTION_V3.csv,data_row_1based:31362,A07,yaw_p95_absolute_deg,D26_seed_08,3.8295117785669204,453,519,541,0.8728323699421965
<V3_ROOT>/07_AGGREGATE/CORE_541_DISTRIBUTION_V3.csv,data_row_1based:31363,A07,yaw_p95_absolute_deg,D13_seed_02,3.849999341691767,454,519,541,0.8747591522157996
<V3_ROOT>/07_AGGREGATE/CORE_541_DISTRIBUTION_V3.csv,data_row_1based:31364,A07,yaw_p95_absolute_deg,D31_seed_00,3.85033438712804,455,519,541,0.8766859344894027
<V3_ROOT>/07_AGGREGATE/CORE_541_DISTRIBUTION_V3.csv,data_row_1based:31365,A07,yaw_p95_absolute_deg,D06_seed_00,3.856494467412477,456,519,541,0.8786127167630058
<V3_ROOT>/07_AGGREGATE/CORE_541_DISTRIBUTION_V3.csv,data_row_1based:31366,A07,yaw_p95_absolute_deg,D11_seed_00,3.8614391174916447,457,519,541,0.8805394990366089
<V3_ROOT>/07_AGGREGATE/CORE_541_DISTRIBUTION_V3.csv,data_row_1based:31367,A07,yaw_p95_absolute_deg,D34_seed_00,3.8675107773616397,458,519,541,0.882466281310212
<V3_ROOT>/07_AGGREGATE/CORE_541_DISTRIBUTION_V3.csv,data_row_1based:31368,A07,yaw_p95_absolute_deg,D41_seed_01,3.896838377542879,459,519,541,0.884393063583815
<V3_ROOT>/07_AGGREGATE/CORE_541_DISTRIBUTION_V3.csv,data_row_1based:31369,A07,yaw_p95_absolute_deg,D06_seed_07,3.9109317144846454,460,519,541,0.8863198458574181
<V3_ROOT>/07_AGGREGATE/CORE_541_DISTRIBUTION_V3.csv,data_row_1based:31370,A07,yaw_p95_absolute_deg,D60_seed_08,3.9139326781509993,461,519,541,0.8882466281310212
<V3_ROOT>/07_AGGREGATE/CORE_541_DISTRIBUTION_V3.csv,data_row_1based:31371,A07,yaw_p95_absolute_deg,D31_seed_07,3.9340143267715666,462,519,541,0.8901734104046243
<V3_ROOT>/07_AGGREGATE/CORE_541_DISTRIBUTION_V3.csv,data_row_1based:31372,A07,yaw_p95_absolute_deg,D06_seed_06,3.9564727609226864,463,519,541,0.8921001926782274
<V3_ROOT>/07_AGGREGATE/CORE_541_DISTRIBUTION_V3.csv,data_row_1based:31373,A07,yaw_p95_absolute_deg,D31_seed_06,3.959689550229128,464,519,541,0.8940269749518305
<V3_ROOT>/07_AGGREGATE/CORE_541_DISTRIBUTION_V3.csv,data_row_1based:31374,A07,yaw_p95_absolute_deg,D21_seed_06,3.9696323983248423,465,519,541,0.8959537572254336
<V3_ROOT>/07_AGGREGATE/CORE_541_DISTRIBUTION_V3.csv,data_row_1based:31375,A07,yaw_p95_absolute_deg,D33_seed_05,3.9725075203592426,466,519,541,0.8978805394990366
<V3_ROOT>/07_AGGREGATE/CORE_541_DISTRIBUTION_V3.csv,data_row_1based:31376,A07,yaw_p95_absolute_deg,D12_seed_03,4.0670541964418545,467,519,541,0.8998073217726397
<V3_ROOT>/07_AGGREGATE/CORE_541_DISTRIBUTION_V3.csv,data_row_1based:31377,A07,yaw_p95_absolute_deg,D14_seed_06,4.072752473178154,468,519,541,0.9017341040462428
<V3_ROOT>/07_AGGREGATE/CORE_541_DISTRIBUTION_V3.csv,data_row_1based:31378,A07,yaw_p95_absolute_deg,D21_seed_03,4.073831464862809,469,519,541,0.9036608863198459
<V3_ROOT>/07_AGGREGATE/CORE_541_DISTRIBUTION_V3.csv,data_row_1based:31379,A07,yaw_p95_absolute_deg,D38_seed_08,4.120690704603995,470,519,541,0.905587668593449
<V3_ROOT>/07_AGGREGATE/CORE_541_DISTRIBUTION_V3.csv,data_row_1based:31380,A07,yaw_p95_absolute_deg,D33_seed_03,4.1512281464366785,471,519,541,0.9075144508670521
<V3_ROOT>/07_AGGREGATE/CORE_541_DISTRIBUTION_V3.csv,data_row_1based:31381,A07,yaw_p95_absolute_deg,D13_seed_04,4.261783477126582,472,519,541,0.9094412331406551
<V3_ROOT>/07_AGGREGATE/CORE_541_DISTRIBUTION_V3.csv,data_row_1based:31382,A07,yaw_p95_absolute_deg,D33_seed_06,4.366334953788342,473,519,541,0.9113680154142582
<V3_ROOT>/07_AGGREGATE/CORE_541_DISTRIBUTION_V3.csv,data_row_1based:31383,A07,yaw_p95_absolute_deg,D33_seed_04,4.390081320506843,474,519,541,0.9132947976878613
<V3_ROOT>/07_AGGREGATE/CORE_541_DISTRIBUTION_V3.csv,data_row_1based:31384,A07,yaw_p95_absolute_deg,D41_seed_04,4.4181858326703365,475,519,541,0.9152215799614644
<V3_ROOT>/07_AGGREGATE/CORE_541_DISTRIBUTION_V3.csv,data_row_1based:31385,A07,yaw_p95_absolute_deg,D33_seed_01,4.513976077262621,476,519,541,0.9171483622350675
<V3_ROOT>/07_AGGREGATE/CORE_541_DISTRIBUTION_V3.csv,data_row_1based:31386,A07,yaw_p95_absolute_deg,D38_seed_03,4.619277364119452,477,519,541,0.9190751445086706
<V3_ROOT>/07_AGGREGATE/CORE_541_DISTRIBUTION_V3.csv,data_row_1based:31387,A07,yaw_p95_absolute_deg,D33_seed_07,4.634357730558821,478,519,541,0.9210019267822736
<V3_ROOT>/07_AGGREGATE/CORE_541_DISTRIBUTION_V3.csv,data_row_1based:31388,A07,yaw_p95_absolute_deg,D41_seed_05,4.671179799192556,479,519,541,0.9229287090558767
<V3_ROOT>/07_AGGREGATE/CORE_541_DISTRIBUTION_V3.csv,data_row_1based:31389,A07,yaw_p95_absolute_deg,D41_seed_08,4.776318927698093,480,519,541,0.9248554913294798
<V3_ROOT>/07_AGGREGATE/CORE_541_DISTRIBUTION_V3.csv,data_row_1based:31390,A07,yaw_p95_absolute_deg,D33_seed_02,4.828231707539439,481,519,541,0.9267822736030829
<V3_ROOT>/07_AGGREGATE/CORE_541_DISTRIBUTION_V3.csv,data_row_1based:31391,A07,yaw_p95_absolute_deg,D38_seed_02,4.933675479715443,482,519,541,0.928709055876686
<V3_ROOT>/07_AGGREGATE/CORE_541_DISTRIBUTION_V3.csv,data_row_1based:31392,A07,yaw_p95_absolute_deg,D60_seed_07,4.993905315915114,483,519,541,0.930635838150289
<V3_ROOT>/07_AGGREGATE/CORE_541_DISTRIBUTION_V3.csv,data_row_1based:31393,A07,yaw_p95_absolute_deg,D38_seed_05,4.999211150945905,484,519,541,0.9325626204238922
<V3_ROOT>/07_AGGREGATE/CORE_541_DISTRIBUTION_V3.csv,data_row_1based:31394,A07,yaw_p95_absolute_deg,D59_seed_04,5.084828340868407,485,519,541,0.9344894026974951
<V3_ROOT>/07_AGGREGATE/CORE_541_DISTRIBUTION_V3.csv,data_row_1based:31395,A07,yaw_p95_absolute_deg,D38_seed_01,5.121151835662226,486,519,541,0.9364161849710982
<V3_ROOT>/07_AGGREGATE/CORE_541_DISTRIBUTION_V3.csv,data_row_1based:31396,A07,yaw_p95_absolute_deg,D14_seed_08,5.165269004769665,487,519,541,0.9383429672447013
<V3_ROOT>/07_AGGREGATE/CORE_541_DISTRIBUTION_V3.csv,data_row_1based:31397,A07,yaw_p95_absolute_deg,D38_seed_07,5.177763244587818,488,519,541,0.9402697495183044
<V3_ROOT>/07_AGGREGATE/CORE_541_DISTRIBUTION_V3.csv,data_row_1based:31398,A07,yaw_p95_absolute_deg,D38_seed_06,5.198523735147799,489,519,541,0.9421965317919075
<V3_ROOT>/07_AGGREGATE/CORE_541_DISTRIBUTION_V3.csv,data_row_1based:31399,A07,yaw_p95_absolute_deg,D14_seed_00,5.287781741415152,490,519,541,0.9441233140655106
<V3_ROOT>/07_AGGREGATE/CORE_541_DISTRIBUTION_V3.csv,data_row_1based:31400,A07,yaw_p95_absolute_deg,D59_seed_08,5.969219753044886,491,519,541,0.9460500963391136
<V3_ROOT>/07_AGGREGATE/CORE_541_DISTRIBUTION_V3.csv,data_row_1based:31401,A07,yaw_p95_absolute_deg,D60_seed_06,6.167566741681611,492,519,541,0.9479768786127167
<V3_ROOT>/07_AGGREGATE/CORE_541_DISTRIBUTION_V3.csv,data_row_1based:31402,A07,yaw_p95_absolute_deg,D15_seed_08,6.348591411405019,493,519,541,0.9499036608863198
<V3_ROOT>/07_AGGREGATE/CORE_541_DISTRIBUTION_V3.csv,data_row_1based:31403,A07,yaw_p95_absolute_deg,D15_seed_04,6.4424697199222605,494,519,541,0.9518304431599229
<V3_ROOT>/07_AGGREGATE/CORE_541_DISTRIBUTION_V3.csv,data_row_1based:31404,A07,yaw_p95_absolute_deg,D38_seed_04,6.700179136640391,495,519,541,0.953757225433526
<V3_ROOT>/07_AGGREGATE/CORE_541_DISTRIBUTION_V3.csv,data_row_1based:31405,A07,yaw_p95_absolute_deg,D14_seed_03,6.7717856971504435,496,519,541,0.9556840077071291
<V3_ROOT>/07_AGGREGATE/CORE_541_DISTRIBUTION_V3.csv,data_row_1based:31406,A07,yaw_p95_absolute_deg,D41_seed_03,7.083896577641956,497,519,541,0.9576107899807321
<V3_ROOT>/07_AGGREGATE/CORE_541_DISTRIBUTION_V3.csv,data_row_1based:31407,A07,yaw_p95_absolute_deg,D41_seed_06,9.735537047814875,498,519,541,0.9595375722543352
<V3_ROOT>/07_AGGREGATE/CORE_541_DISTRIBUTION_V3.csv,data_row_1based:31408,A07,yaw_p95_absolute_deg,D41_seed_07,10.344887641363792,499,519,541,0.9614643545279383
<V3_ROOT>/07_AGGREGATE/CORE_541_DISTRIBUTION_V3.csv,data_row_1based:31409,A07,yaw_p95_absolute_deg,D41_seed_02,12.190857397425088,500,519,541,0.9633911368015414
<V3_ROOT>/07_AGGREGATE/CORE_541_DISTRIBUTION_V3.csv,data_row_1based:31410,A07,yaw_p95_absolute_deg,D41_seed_00,15.540667150104623,501,519,541,0.9653179190751445
<V3_ROOT>/07_AGGREGATE/CORE_541_DISTRIBUTION_V3.csv,data_row_1based:31411,A07,yaw_p95_absolute_deg,D15_seed_02,43.74078232582154,502,519,541,0.9672447013487476
<V3_ROOT>/07_AGGREGATE/CORE_541_DISTRIBUTION_V3.csv,data_row_1based:31412,A07,yaw_p95_absolute_deg,D59_seed_02,47.38410266432446,503,519,541,0.9691714836223507
<V3_ROOT>/07_AGGREGATE/CORE_541_DISTRIBUTION_V3.csv,data_row_1based:31413,A07,yaw_p95_absolute_deg,D15_seed_01,54.431782039221986,504,519,541,0.9710982658959537
<V3_ROOT>/07_AGGREGATE/CORE_541_DISTRIBUTION_V3.csv,data_row_1based:31414,A07,yaw_p95_absolute_deg,D59_seed_03,55.44099701166126,505,519,541,0.9730250481695568
<V3_ROOT>/07_AGGREGATE/CORE_541_DISTRIBUTION_V3.csv,data_row_1based:31415,A07,yaw_p95_absolute_deg,D14_seed_01,57.094414665056675,506,519,541,0.9749518304431599
<V3_ROOT>/07_AGGREGATE/CORE_541_DISTRIBUTION_V3.csv,data_row_1based:31416,A07,yaw_p95_absolute_deg,D14_seed_05,64.81612923085564,507,519,541,0.976878612716763
<V3_ROOT>/07_AGGREGATE/CORE_541_DISTRIBUTION_V3.csv,data_row_1based:31417,A07,yaw_p95_absolute_deg,D59_seed_00,64.87460795974148,508,519,541,0.9788053949903661
<V3_ROOT>/07_AGGREGATE/CORE_541_DISTRIBUTION_V3.csv,data_row_1based:31418,A07,yaw_p95_absolute_deg,D15_seed_03,66.8221329613766,509,519,541,0.9807321772639692
<V3_ROOT>/07_AGGREGATE/CORE_541_DISTRIBUTION_V3.csv,data_row_1based:31419,A07,yaw_p95_absolute_deg,D15_seed_00,73.24193303022034,510,519,541,0.9826589595375722
<V3_ROOT>/07_AGGREGATE/CORE_541_DISTRIBUTION_V3.csv,data_row_1based:31420,A07,yaw_p95_absolute_deg,D59_seed_06,76.23164186704713,511,519,541,0.9845857418111753
<V3_ROOT>/07_AGGREGATE/CORE_541_DISTRIBUTION_V3.csv,data_row_1based:31421,A07,yaw_p95_absolute_deg,D14_seed_04,80.99646258951557,512,519,541,0.9865125240847784
<V3_ROOT>/07_AGGREGATE/CORE_541_DISTRIBUTION_V3.csv,data_row_1based:31422,A07,yaw_p95_absolute_deg,D15_seed_07,81.13698174046327,513,519,541,0.9884393063583815
<V3_ROOT>/07_AGGREGATE/CORE_541_DISTRIBUTION_V3.csv,data_row_1based:31423,A07,yaw_p95_absolute_deg,D15_seed_06,81.99151766355334,514,519,541,0.9903660886319846
<V3_ROOT>/07_AGGREGATE/CORE_541_DISTRIBUTION_V3.csv,data_row_1based:31424,A07,yaw_p95_absolute_deg,D14_seed_02,86.69078878276781,515,519,541,0.9922928709055877
<V3_ROOT>/07_AGGREGATE/CORE_541_DISTRIBUTION_V3.csv,data_row_1based:31425,A07,yaw_p95_absolute_deg,D59_seed_07,88.61417900313006,516,519,541,0.9942196531791907
<V3_ROOT>/07_AGGREGATE/CORE_541_DISTRIBUTION_V3.csv,data_row_1based:31426,A07,yaw_p95_absolute_deg,D15_seed_05,141.16310277584637,517,519,541,0.9961464354527938
<V3_ROOT>/07_AGGREGATE/CORE_541_DISTRIBUTION_V3.csv,data_row_1based:31427,A07,yaw_p95_absolute_deg,D59_seed_01,152.9614389125879,518,519,541,0.9980732177263969
<V3_ROOT>/07_AGGREGATE/CORE_541_DISTRIBUTION_V3.csv,data_row_1based:31428,A07,yaw_p95_absolute_deg,D59_seed_05,178.09712811164556,519,519,541,1.0
<V3_ROOT>/07_AGGREGATE/CORE_541_DISTRIBUTION_V3.csv,data_row_1based:31429,A07,roll_rmse_deg,D60_seed_03,2.973212907347252,1,519,541,0.0019267822736030828
<V3_ROOT>/07_AGGREGATE/CORE_541_DISTRIBUTION_V3.csv,data_row_1based:31430,A07,roll_rmse_deg,D21_seed_01,3.2744536523952226,2,519,541,0.0038535645472061657
<V3_ROOT>/07_AGGREGATE/CORE_541_DISTRIBUTION_V3.csv,data_row_1based:31431,A07,roll_rmse_deg,D21_seed_00,3.284697381807794,3,519,541,0.005780346820809248
<V3_ROOT>/07_AGGREGATE/CORE_541_DISTRIBUTION_V3.csv,data_row_1based:31432,A07,roll_rmse_deg,D20_seed_00,3.297917640093917,4,519,541,0.007707129094412331
<V3_ROOT>/07_AGGREGATE/CORE_541_DISTRIBUTION_V3.csv,data_row_1based:31433,A07,roll_rmse_deg,D21_seed_02,3.303650704367637,5,519,541,0.009633911368015413
<V3_ROOT>/07_AGGREGATE/CORE_541_DISTRIBUTION_V3.csv,data_row_1based:31434,A07,roll_rmse_deg,D45_seed_00,3.3077241688664865,6,519,541,0.011560693641618497
<V3_ROOT>/07_AGGREGATE/CORE_541_DISTRIBUTION_V3.csv,data_row_1based:31435,A07,roll_rmse_deg,D38_seed_04,3.314051036679814,7,519,541,0.01348747591522158
<V3_ROOT>/07_AGGREGATE/CORE_541_DISTRIBUTION_V3.csv,data_row_1based:31436,A07,roll_rmse_deg,D43_seed_00,3.314652679586088,8,519,541,0.015414258188824663
<V3_ROOT>/07_AGGREGATE/CORE_541_DISTRIBUTION_V3.csv,data_row_1based:31437,A07,roll_rmse_deg,D20_seed_07,3.3151261652891226,9,519,541,0.017341040462427744
<V3_ROOT>/07_AGGREGATE/CORE_541_DISTRIBUTION_V3.csv,data_row_1based:31438,A07,roll_rmse_deg,D20_seed_01,3.3154526490747447,10,519,541,0.019267822736030827
<V3_ROOT>/07_AGGREGATE/CORE_541_DISTRIBUTION_V3.csv,data_row_1based:31439,A07,roll_rmse_deg,D22_seed_03,3.3156997351142365,11,519,541,0.02119460500963391
<V3_ROOT>/07_AGGREGATE/CORE_541_DISTRIBUTION_V3.csv,data_row_1based:31440,A07,roll_rmse_deg,D41_seed_00,3.3173557347062994,12,519,541,0.023121387283236993
<V3_ROOT>/07_AGGREGATE/CORE_541_DISTRIBUTION_V3.csv,data_row_1based:31441,A07,roll_rmse_deg,D38_seed_05,3.3179043210081267,13,519,541,0.025048169556840076
<V3_ROOT>/07_AGGREGATE/CORE_541_DISTRIBUTION_V3.csv,data_row_1based:31442,A07,roll_rmse_deg,D45_seed_05,3.318460919534788,14,519,541,0.02697495183044316
<V3_ROOT>/07_AGGREGATE/CORE_541_DISTRIBUTION_V3.csv,data_row_1based:31443,A07,roll_rmse_deg,D45_seed_02,3.3189320323446516,15,519,541,0.028901734104046242
<V3_ROOT>/07_AGGREGATE/CORE_541_DISTRIBUTION_V3.csv,data_row_1based:31444,A07,roll_rmse_deg,D41_seed_02,3.31980389945959,16,519,541,0.030828516377649325
<V3_ROOT>/07_AGGREGATE/CORE_541_DISTRIBUTION_V3.csv,data_row_1based:31445,A07,roll_rmse_deg,D22_seed_04,3.3200237168862228,17,519,541,0.03275529865125241
<V3_ROOT>/07_AGGREGATE/CORE_541_DISTRIBUTION_V3.csv,data_row_1based:31446,A07,roll_rmse_deg,D20_seed_06,3.3204952796609444,18,519,541,0.03468208092485549
<V3_ROOT>/07_AGGREGATE/CORE_541_DISTRIBUTION_V3.csv,data_row_1based:31447,A07,roll_rmse_deg,D25_seed_00,3.3210242952127143,19,519,541,0.036608863198458574
<V3_ROOT>/07_AGGREGATE/CORE_541_DISTRIBUTION_V3.csv,data_row_1based:31448,A07,roll_rmse_deg,D25_seed_01,3.3210242952127143,20,519,541,0.038535645472061654
<V3_ROOT>/07_AGGREGATE/CORE_541_DISTRIBUTION_V3.csv,data_row_1based:31449,A07,roll_rmse_deg,D25_seed_02,3.3210242952127143,21,519,541,0.04046242774566474
<V3_ROOT>/07_AGGREGATE/CORE_541_DISTRIBUTION_V3.csv,data_row_1based:31450,A07,roll_rmse_deg,D25_seed_03,3.3210242952127143,22,519,541,0.04238921001926782
<V3_ROOT>/07_AGGREGATE/CORE_541_DISTRIBUTION_V3.csv,data_row_1based:31451,A07,roll_rmse_deg,D25_seed_04,3.3210242952127143,23,519,541,0.04431599229287091
<V3_ROOT>/07_AGGREGATE/CORE_541_DISTRIBUTION_V3.csv,data_row_1based:31452,A07,roll_rmse_deg,D25_seed_05,3.3210242952127143,24,519,541,0.046242774566473986
<V3_ROOT>/07_AGGREGATE/CORE_541_DISTRIBUTION_V3.csv,data_row_1based:31453,A07,roll_rmse_deg,D25_seed_06,3.3210242952127143,25,519,541,0.04816955684007707
<V3_ROOT>/07_AGGREGATE/CORE_541_DISTRIBUTION_V3.csv,data_row_1based:31454,A07,roll_rmse_deg,D25_seed_07,3.3210242952127143,26,519,541,0.05009633911368015
<V3_ROOT>/07_AGGREGATE/CORE_541_DISTRIBUTION_V3.csv,data_row_1based:31455,A07,roll_rmse_deg,D25_seed_08,3.3210242952127143,27,519,541,0.05202312138728324
<V3_ROOT>/07_AGGREGATE/CORE_541_DISTRIBUTION_V3.csv,data_row_1based:31456,A07,roll_rmse_deg,D28_seed_00,3.3210242952127143,28,519,541,0.05394990366088632
<V3_ROOT>/07_AGGREGATE/CORE_541_DISTRIBUTION_V3.csv,data_row_1based:31457,A07,roll_rmse_deg,D28_seed_01,3.3210242952127143,29,519,541,0.055876685934489405
<V3_ROOT>/07_AGGREGATE/CORE_541_DISTRIBUTION_V3.csv,data_row_1based:31458,A07,roll_rmse_deg,D28_seed_02,3.3210242952127143,30,519,541,0.057803468208092484
<V3_ROOT>/07_AGGREGATE/CORE_541_DISTRIBUTION_V3.csv,data_row_1based:31459,A07,roll_rmse_deg,D28_seed_03,3.3210242952127143,31,519,541,0.05973025048169557
<V3_ROOT>/07_AGGREGATE/CORE_541_DISTRIBUTION_V3.csv,data_row_1based:31460,A07,roll_rmse_deg,D28_seed_04,3.3210242952127143,32,519,541,0.06165703275529865
<V3_ROOT>/07_AGGREGATE/CORE_541_DISTRIBUTION_V3.csv,data_row_1based:31461,A07,roll_rmse_deg,D28_seed_05,3.3210242952127143,33,519,541,0.06358381502890173
<V3_ROOT>/07_AGGREGATE/CORE_541_DISTRIBUTION_V3.csv,data_row_1based:31462,A07,roll_rmse_deg,D28_seed_06,3.3210242952127143,34,519,541,0.06551059730250482
<V3_ROOT>/07_AGGREGATE/CORE_541_DISTRIBUTION_V3.csv,data_row_1based:31463,A07,roll_rmse_deg,D28_seed_07,3.3210242952127143,35,519,541,0.0674373795761079
<V3_ROOT>/07_AGGREGATE/CORE_541_DISTRIBUTION_V3.csv,data_row_1based:31464,A07,roll_rmse_deg,D28_seed_08,3.3210242952127143,36,519,541,0.06936416184971098
<V3_ROOT>/07_AGGREGATE/CORE_541_DISTRIBUTION_V3.csv,data_row_1based:31465,A07,roll_rmse_deg,D33_seed_05,3.3214755599254957,37,519,541,0.07129094412331406
<V3_ROOT>/07_AGGREGATE/CORE_541_DISTRIBUTION_V3.csv,data_row_1based:31466,A07,roll_rmse_deg,D43_seed_05,3.3216666452351697,38,519,541,0.07321772639691715
<V3_ROOT>/07_AGGREGATE/CORE_541_DISTRIBUTION_V3.csv,data_row_1based:31467,A07,roll_rmse_deg,D24_seed_00,3.321678956620751,39,519,541,0.07514450867052024
<V3_ROOT>/07_AGGREGATE/CORE_541_DISTRIBUTION_V3.csv,data_row_1based:31468,A07,roll_rmse_deg,D24_seed_01,3.321678956620751,40,519,541,0.07707129094412331
<V3_ROOT>/07_AGGREGATE/CORE_541_DISTRIBUTION_V3.csv,data_row_1based:31469,A07,roll_rmse_deg,D24_seed_02,3.321678956620751,41,519,541,0.0789980732177264
<V3_ROOT>/07_AGGREGATE/CORE_541_DISTRIBUTION_V3.csv,data_row_1based:31470,A07,roll_rmse_deg,D24_seed_03,3.321678956620751,42,519,541,0.08092485549132948
<V3_ROOT>/07_AGGREGATE/CORE_541_DISTRIBUTION_V3.csv,data_row_1based:31471,A07,roll_rmse_deg,D24_seed_04,3.321678956620751,43,519,541,0.08285163776493257
<V3_ROOT>/07_AGGREGATE/CORE_541_DISTRIBUTION_V3.csv,data_row_1based:31472,A07,roll_rmse_deg,D24_seed_05,3.321678956620751,44,519,541,0.08477842003853564
<V3_ROOT>/07_AGGREGATE/CORE_541_DISTRIBUTION_V3.csv,data_row_1based:31473,A07,roll_rmse_deg,D24_seed_06,3.321678956620751,45,519,541,0.08670520231213873
<V3_ROOT>/07_AGGREGATE/CORE_541_DISTRIBUTION_V3.csv,data_row_1based:31474,A07,roll_rmse_deg,D24_seed_07,3.321678956620751,46,519,541,0.08863198458574181
<V3_ROOT>/07_AGGREGATE/CORE_541_DISTRIBUTION_V3.csv,data_row_1based:31475,A07,roll_rmse_deg,D24_seed_08,3.321678956620751,47,519,541,0.0905587668593449
<V3_ROOT>/07_AGGREGATE/CORE_541_DISTRIBUTION_V3.csv,data_row_1based:31476,A07,roll_rmse_deg,D50_seed_07,3.322356890134456,48,519,541,0.09248554913294797
<V3_ROOT>/07_AGGREGATE/CORE_541_DISTRIBUTION_V3.csv,data_row_1based:31477,A07,roll_rmse_deg,D50_seed_00,3.3224789527957217,49,519,541,0.09441233140655106
<V3_ROOT>/07_AGGREGATE/CORE_541_DISTRIBUTION_V3.csv,data_row_1based:31478,A07,roll_rmse_deg,D41_seed_03,3.322581449264072,50,519,541,0.09633911368015415
<V3_ROOT>/07_AGGREGATE/CORE_541_DISTRIBUTION_V3.csv,data_row_1based:31479,A07,roll_rmse_deg,D41_seed_06,3.3229852605822927,51,519,541,0.09826589595375723
<V3_ROOT>/07_AGGREGATE/CORE_541_DISTRIBUTION_V3.csv,data_row_1based:31480,A07,roll_rmse_deg,D44_seed_02,3.3233896041582005,52,519,541,0.1001926782273603
<V3_ROOT>/07_AGGREGATE/CORE_541_DISTRIBUTION_V3.csv,data_row_1based:31481,A07,roll_rmse_deg,D50_seed_08,3.3233935805455643,53,519,541,0.10211946050096339
<V3_ROOT>/07_AGGREGATE/CORE_541_DISTRIBUTION_V3.csv,data_row_1based:31482,A07,roll_rmse_deg,D41_seed_07,3.3234357576983764,54,519,541,0.10404624277456648
<V3_ROOT>/07_AGGREGATE/CORE_541_DISTRIBUTION_V3.csv,data_row_1based:31483,A07,roll_rmse_deg,D23_seed_00,3.3235595911608433,55,519,541,0.10597302504816955
<V3_ROOT>/07_AGGREGATE/CORE_541_DISTRIBUTION_V3.csv,data_row_1based:31484,A07,roll_rmse_deg,D23_seed_01,3.3235595911608433,56,519,541,0.10789980732177264
<V3_ROOT>/07_AGGREGATE/CORE_541_DISTRIBUTION_V3.csv,data_row_1based:31485,A07,roll_rmse_deg,D23_seed_02,3.3235595911608433,57,519,541,0.10982658959537572
<V3_ROOT>/07_AGGREGATE/CORE_541_DISTRIBUTION_V3.csv,data_row_1based:31486,A07,roll_rmse_deg,D23_seed_03,3.3235595911608433,58,519,541,0.11175337186897881
<V3_ROOT>/07_AGGREGATE/CORE_541_DISTRIBUTION_V3.csv,data_row_1based:31487,A07,roll_rmse_deg,D23_seed_04,3.3235595911608433,59,519,541,0.11368015414258188
<V3_ROOT>/07_AGGREGATE/CORE_541_DISTRIBUTION_V3.csv,data_row_1based:31488,A07,roll_rmse_deg,D23_seed_05,3.3235595911608433,60,519,541,0.11560693641618497
<V3_ROOT>/07_AGGREGATE/CORE_541_DISTRIBUTION_V3.csv,data_row_1based:31489,A07,roll_rmse_deg,D23_seed_06,3.3235595911608433,61,519,541,0.11753371868978806
<V3_ROOT>/07_AGGREGATE/CORE_541_DISTRIBUTION_V3.csv,data_row_1based:31490,A07,roll_rmse_deg,D23_seed_07,3.3235595911608433,62,519,541,0.11946050096339114
<V3_ROOT>/07_AGGREGATE/CORE_541_DISTRIBUTION_V3.csv,data_row_1based:31491,A07,roll_rmse_deg,D23_seed_08,3.3235595911608433,63,519,541,0.12138728323699421
<V3_ROOT>/07_AGGREGATE/CORE_541_DISTRIBUTION_V3.csv,data_row_1based:31492,A07,roll_rmse_deg,D35_seed_03,3.3238891336979264,64,519,541,0.1233140655105973
<V3_ROOT>/07_AGGREGATE/CORE_541_DISTRIBUTION_V3.csv,data_row_1based:31493,A07,roll_rmse_deg,D20_seed_08,3.324100463380509,65,519,541,0.1252408477842004
<V3_ROOT>/07_AGGREGATE/CORE_541_DISTRIBUTION_V3.csv,data_row_1based:31494,A07,roll_rmse_deg,D50_seed_01,3.324375883714053,66,519,541,0.12716763005780346
<V3_ROOT>/07_AGGREGATE/CORE_541_DISTRIBUTION_V3.csv,data_row_1based:31495,A07,roll_rmse_deg,D44_seed_06,3.3246112139839235,67,519,541,0.12909441233140656
<V3_ROOT>/07_AGGREGATE/CORE_541_DISTRIBUTION_V3.csv,data_row_1based:31496,A07,roll_rmse_deg,D04_seed_08,3.324673737868857,68,519,541,0.13102119460500963
<V3_ROOT>/07_AGGREGATE/CORE_541_DISTRIBUTION_V3.csv,data_row_1based:31497,A07,roll_rmse_deg,D32_seed_05,3.3247868578142583,69,519,541,0.1329479768786127
<V3_ROOT>/07_AGGREGATE/CORE_541_DISTRIBUTION_V3.csv,data_row_1based:31498,A07,roll_rmse_deg,D58_seed_08,3.3248616615757562,70,519,541,0.1348747591522158
<V3_ROOT>/07_AGGREGATE/CORE_541_DISTRIBUTION_V3.csv,data_row_1based:31499,A07,roll_rmse_deg,D03_seed_08,3.3248884410449735,71,519,541,0.13680154142581888
<V3_ROOT>/07_AGGREGATE/CORE_541_DISTRIBUTION_V3.csv,data_row_1based:31500,A07,roll_rmse_deg,D19_seed_07,3.3248917774469784,72,519,541,0.13872832369942195
<V3_ROOT>/07_AGGREGATE/CORE_541_DISTRIBUTION_V3.csv,data_row_1based:31501,A07,roll_rmse_deg,D35_seed_08,3.3249437613196204,73,519,541,0.14065510597302505
<V3_ROOT>/07_AGGREGATE/CORE_541_DISTRIBUTION_V3.csv,data_row_1based:31502,A07,roll_rmse_deg,D58_seed_05,3.324967613823955,74,519,541,0.14258188824662812
<V3_ROOT>/07_AGGREGATE/CORE_541_DISTRIBUTION_V3.csv,data_row_1based:31503,A07,roll_rmse_deg,D35_seed_04,3.324976463005571,75,519,541,0.14450867052023122
<V3_ROOT>/07_AGGREGATE/CORE_541_DISTRIBUTION_V3.csv,data_row_1based:31504,A07,roll_rmse_deg,D05_seed_08,3.3250008266621096,76,519,541,0.1464354527938343
<V3_ROOT>/07_AGGREGATE/CORE_541_DISTRIBUTION_V3.csv,data_row_1based:31505,A07,roll_rmse_deg,D47_seed_00,3.325082630851428,77,519,541,0.14836223506743737
<V3_ROOT>/07_AGGREGATE/CORE_541_DISTRIBUTION_V3.csv,data_row_1based:31506,A07,roll_rmse_deg,D11_seed_06,3.3251082076844924,78,519,541,0.15028901734104047
<V3_ROOT>/07_AGGREGATE/CORE_541_DISTRIBUTION_V3.csv,data_row_1based:31507,A07,roll_rmse_deg,D03_seed_05,3.3253316933069685,79,519,541,0.15221579961464354
<V3_ROOT>/07_AGGREGATE/CORE_541_DISTRIBUTION_V3.csv,data_row_1based:31508,A07,roll_rmse_deg,D35_seed_06,3.325420717573787,80,519,541,0.15414258188824662
<V3_ROOT>/07_AGGREGATE/CORE_541_DISTRIBUTION_V3.csv,data_row_1based:31509,A07,roll_rmse_deg,D04_seed_07,3.3254643533875887,81,519,541,0.15606936416184972
<V3_ROOT>/07_AGGREGATE/CORE_541_DISTRIBUTION_V3.csv,data_row_1based:31510,A07,roll_rmse_deg,D04_seed_02,3.3254678937786433,82,519,541,0.1579961464354528
<V3_ROOT>/07_AGGREGATE/CORE_541_DISTRIBUTION_V3.csv,data_row_1based:31511,A07,roll_rmse_deg,D03_seed_03,3.325488384619155,83,519,541,0.1599229287090559
<V3_ROOT>/07_AGGREGATE/CORE_541_DISTRIBUTION_V3.csv,data_row_1based:31512,A07,roll_rmse_deg,D43_seed_02,3.3255497060850416,84,519,541,0.16184971098265896
<V3_ROOT>/07_AGGREGATE/CORE_541_DISTRIBUTION_V3.csv,data_row_1based:31513,A07,roll_rmse_deg,D18_seed_05,3.325589265655346,85,519,541,0.16377649325626203
<V3_ROOT>/07_AGGREGATE/CORE_541_DISTRIBUTION_V3.csv,data_row_1based:31514,A07,roll_rmse_deg,D18_seed_04,3.325591554147565,86,519,541,0.16570327552986513
<V3_ROOT>/07_AGGREGATE/CORE_541_DISTRIBUTION_V3.csv,data_row_1based:31515,A07,roll_rmse_deg,D34_seed_05,3.325620511117737,87,519,541,0.1676300578034682
<V3_ROOT>/07_AGGREGATE/CORE_541_DISTRIBUTION_V3.csv,data_row_1based:31516,A07,roll_rmse_deg,D18_seed_06,3.3256397772472015,88,519,541,0.16955684007707128
<V3_ROOT>/07_AGGREGATE/CORE_541_DISTRIBUTION_V3.csv,data_row_1based:31517,A07,roll_rmse_deg,D58_seed_03,3.3257274323684567,89,519,541,0.17148362235067438
<V3_ROOT>/07_AGGREGATE/CORE_541_DISTRIBUTION_V3.csv,data_row_1based:31518,A07,roll_rmse_deg,D02_seed_08,3.3257589719502456,90,519,541,0.17341040462427745
<V3_ROOT>/07_AGGREGATE/CORE_541_DISTRIBUTION_V3.csv,data_row_1based:31519,A07,roll_rmse_deg,D18_seed_03,3.325777045314455,91,519,541,0.17533718689788053
<V3_ROOT>/07_AGGREGATE/CORE_541_DISTRIBUTION_V3.csv,data_row_1based:31520,A07,roll_rmse_deg,D07_seed_02,3.325780242835946,92,519,541,0.17726396917148363
<V3_ROOT>/07_AGGREGATE/CORE_541_DISTRIBUTION_V3.csv,data_row_1based:31521,A07,roll_rmse_deg,D03_seed_02,3.3257938139340744,93,519,541,0.1791907514450867
<V3_ROOT>/07_AGGREGATE/CORE_541_DISTRIBUTION_V3.csv,data_row_1based:31522,A07,roll_rmse_deg,D44_seed_08,3.3257966165487858,94,519,541,0.1811175337186898
<V3_ROOT>/07_AGGREGATE/CORE_541_DISTRIBUTION_V3.csv,data_row_1based:31523,A07,roll_rmse_deg,D18_seed_02,3.3258412557725743,95,519,541,0.18304431599229287
<V3_ROOT>/07_AGGREGATE/CORE_541_DISTRIBUTION_V3.csv,data_row_1based:31524,A07,roll_rmse_deg,D39_seed_02,3.325875777033559,96,519,541,0.18497109826589594
<V3_ROOT>/07_AGGREGATE/CORE_541_DISTRIBUTION_V3.csv,data_row_1based:31525,A07,roll_rmse_deg,D30_seed_03,3.325880966024674,97,519,541,0.18689788053949905
<V3_ROOT>/07_AGGREGATE/CORE_541_DISTRIBUTION_V3.csv,data_row_1based:31526,A07,roll_rmse_deg,D02_seed_03,3.3258878835472903,98,519,541,0.18882466281310212
<V3_ROOT>/07_AGGREGATE/CORE_541_DISTRIBUTION_V3.csv,data_row_1based:31527,A07,roll_rmse_deg,D02_seed_05,3.3258925403915516,99,519,541,0.1907514450867052
<V3_ROOT>/07_AGGREGATE/CORE_541_DISTRIBUTION_V3.csv,data_row_1based:31528,A07,roll_rmse_deg,D58_seed_02,3.3259218115726044,100,519,541,0.1926782273603083
<V3_ROOT>/07_AGGREGATE/CORE_541_DISTRIBUTION_V3.csv,data_row_1based:31529,A07,roll_rmse_deg,D30_seed_07,3.3259313971599918,101,519,541,0.19460500963391136
<V3_ROOT>/07_AGGREGATE/CORE_541_DISTRIBUTION_V3.csv,data_row_1based:31530,A07,roll_rmse_deg,D46_seed_05,3.325947151912241,102,519,541,0.19653179190751446
<V3_ROOT>/07_AGGREGATE/CORE_541_DISTRIBUTION_V3.csv,data_row_1based:31531,A07,roll_rmse_deg,D46_seed_06,3.3259843977660255,103,519,541,0.19845857418111754
<V3_ROOT>/07_AGGREGATE/CORE_541_DISTRIBUTION_V3.csv,data_row_1based:31532,A07,roll_rmse_deg,D07_seed_08,3.325987957993841,104,519,541,0.2003853564547206
<V3_ROOT>/07_AGGREGATE/CORE_541_DISTRIBUTION_V3.csv,data_row_1based:31533,A07,roll_rmse_deg,D46_seed_07,3.3259890180469074,105,519,541,0.2023121387283237
<V3_ROOT>/07_AGGREGATE/CORE_541_DISTRIBUTION_V3.csv,data_row_1based:31534,A07,roll_rmse_deg,D34_seed_03,3.3260069845062383,106,519,541,0.20423892100192678
<V3_ROOT>/07_AGGREGATE/CORE_541_DISTRIBUTION_V3.csv,data_row_1based:31535,A07,roll_rmse_deg,D02_seed_02,3.3260182003422303,107,519,541,0.20616570327552985
<V3_ROOT>/07_AGGREGATE/CORE_541_DISTRIBUTION_V3.csv,data_row_1based:31536,A07,roll_rmse_deg,D35_seed_05,3.326020668842063,108,519,541,0.20809248554913296
<V3_ROOT>/07_AGGREGATE/CORE_541_DISTRIBUTION_V3.csv,data_row_1based:31537,A07,roll_rmse_deg,D01_seed_03,3.3260346799941,109,519,541,0.21001926782273603
<V3_ROOT>/07_AGGREGATE/CORE_541_DISTRIBUTION_V3.csv,data_row_1based:31538,A07,roll_rmse_deg,D07_seed_07,3.326041203381825,110,519,541,0.2119460500963391
<V3_ROOT>/07_AGGREGATE/CORE_541_DISTRIBUTION_V3.csv,data_row_1based:31539,A07,roll_rmse_deg,D46_seed_02,3.326044827683632,111,519,541,0.2138728323699422
<V3_ROOT>/07_AGGREGATE/CORE_541_DISTRIBUTION_V3.csv,data_row_1based:31540,A07,roll_rmse_deg,D07_seed_03,3.326050204565576,112,519,541,0.21579961464354527
<V3_ROOT>/07_AGGREGATE/CORE_541_DISTRIBUTION_V3.csv,data_row_1based:31541,A07,roll_rmse_deg,D47_seed_08,3.326063800160142,113,519,541,0.21772639691714837
<V3_ROOT>/07_AGGREGATE/CORE_541_DISTRIBUTION_V3.csv,data_row_1based:31542,A07,roll_rmse_deg,D11_seed_03,3.3260853381935203,114,519,541,0.21965317919075145
<V3_ROOT>/07_AGGREGATE/CORE_541_DISTRIBUTION_V3.csv,data_row_1based:31543,A07,roll_rmse_deg,D46_seed_03,3.32609232236246,115,519,541,0.22157996146435452
<V3_ROOT>/07_AGGREGATE/CORE_541_DISTRIBUTION_V3.csv,data_row_1based:31544,A07,roll_rmse_deg,D43_seed_04,3.326106783234648,116,519,541,0.22350674373795762
<V3_ROOT>/07_AGGREGATE/CORE_541_DISTRIBUTION_V3.csv,data_row_1based:31545,A07,roll_rmse_deg,D30_seed_05,3.326107319557892,117,519,541,0.2254335260115607
<V3_ROOT>/07_AGGREGATE/CORE_541_DISTRIBUTION_V3.csv,data_row_1based:31546,A07,roll_rmse_deg,D58_seed_06,3.326148610461704,118,519,541,0.22736030828516376
<V3_ROOT>/07_AGGREGATE/CORE_541_DISTRIBUTION_V3.csv,data_row_1based:31547,A07,roll_rmse_deg,D02_seed_07,3.3261713500511547,119,519,541,0.22928709055876687
<V3_ROOT>/07_AGGREGATE/CORE_541_DISTRIBUTION_V3.csv,data_row_1based:31548,A07,roll_rmse_deg,D19_seed_01,3.326183351939701,120,519,541,0.23121387283236994
<V3_ROOT>/07_AGGREGATE/CORE_541_DISTRIBUTION_V3.csv,data_row_1based:31549,A07,roll_rmse_deg,D39_seed_04,3.326230721776363,121,519,541,0.23314065510597304
<V3_ROOT>/07_AGGREGATE/CORE_541_DISTRIBUTION_V3.csv,data_row_1based:31550,A07,roll_rmse_deg,D01_seed_02,3.3262390105766477,122,519,541,0.2350674373795761
<V3_ROOT>/07_AGGREGATE/CORE_541_DISTRIBUTION_V3.csv,data_row_1based:31551,A07,roll_rmse_deg,D05_seed_02,3.326261043519773,123,519,541,0.23699421965317918
<V3_ROOT>/07_AGGREGATE/CORE_541_DISTRIBUTION_V3.csv,data_row_1based:31552,A07,roll_rmse_deg,D31_seed_02,3.326264790467497,124,519,541,0.23892100192678228
<V3_ROOT>/07_AGGREGATE/CORE_541_DISTRIBUTION_V3.csv,data_row_1based:31553,A07,roll_rmse_deg,D46_seed_00,3.3262790913459086,125,519,541,0.24084778420038536
<V3_ROOT>/07_AGGREGATE/CORE_541_DISTRIBUTION_V3.csv,data_row_1based:31554,A07,roll_rmse_deg,D01_seed_05,3.3262835731587015,126,519,541,0.24277456647398843
<V3_ROOT>/07_AGGREGATE/CORE_541_DISTRIBUTION_V3.csv,data_row_1based:31555,A07,roll_rmse_deg,D05_seed_03,3.326284174986811,127,519,541,0.24470134874759153
<V3_ROOT>/07_AGGREGATE/CORE_541_DISTRIBUTION_V3.csv,data_row_1based:31556,A07,roll_rmse_deg,D34_seed_06,3.326298358476081,128,519,541,0.2466281310211946
<V3_ROOT>/07_AGGREGATE/CORE_541_DISTRIBUTION_V3.csv,data_row_1based:31557,A07,roll_rmse_deg,D01_seed_08,3.326300165032554,129,519,541,0.24855491329479767
<V3_ROOT>/07_AGGREGATE/CORE_541_DISTRIBUTION_V3.csv,data_row_1based:31558,A07,roll_rmse_deg,D58_seed_04,3.3263008521399127,130,519,541,0.2504816955684008
<V3_ROOT>/07_AGGREGATE/CORE_541_DISTRIBUTION_V3.csv,data_row_1based:31559,A07,roll_rmse_deg,D07_seed_06,3.326323522847642,131,519,541,0.2524084778420039
<V3_ROOT>/07_AGGREGATE/CORE_541_DISTRIBUTION_V3.csv,data_row_1based:31560,A07,roll_rmse_deg,D32_seed_08,3.3263306017053975,132,519,541,0.2543352601156069
<V3_ROOT>/07_AGGREGATE/CORE_541_DISTRIBUTION_V3.csv,data_row_1based:31561,A07,roll_rmse_deg,D39_seed_05,3.3263331223405705,133,519,541,0.25626204238921
<V3_ROOT>/07_AGGREGATE/CORE_541_DISTRIBUTION_V3.csv,data_row_1based:31562,A07,roll_rmse_deg,D31_seed_08,3.326345468573363,134,519,541,0.2581888246628131
<V3_ROOT>/07_AGGREGATE/CORE_541_DISTRIBUTION_V3.csv,data_row_1based:31563,A07,roll_rmse_deg,D42_seed_01,3.326347295225269,135,519,541,0.26011560693641617
<V3_ROOT>/07_AGGREGATE/CORE_541_DISTRIBUTION_V3.csv,data_row_1based:31564,A07,roll_rmse_deg,D44_seed_05,3.3263522015485543,136,519,541,0.26204238921001927
<V3_ROOT>/07_AGGREGATE/CORE_541_DISTRIBUTION_V3.csv,data_row_1based:31565,A07,roll_rmse_deg,D07_seed_05,3.3263544750377654,137,519,541,0.26396917148362237
<V3_ROOT>/07_AGGREGATE/CORE_541_DISTRIBUTION_V3.csv,data_row_1based:31566,A07,roll_rmse_deg,D04_seed_04,3.326384528873366,138,519,541,0.2658959537572254
<V3_ROOT>/07_AGGREGATE/CORE_541_DISTRIBUTION_V3.csv,data_row_1based:31567,A07,roll_rmse_deg,D04_seed_05,3.3264280043372536,139,519,541,0.2678227360308285
<V3_ROOT>/07_AGGREGATE/CORE_541_DISTRIBUTION_V3.csv,data_row_1based:31568,A07,roll_rmse_deg,D19_seed_03,3.3264376048654944,140,519,541,0.2697495183044316
<V3_ROOT>/07_AGGREGATE/CORE_541_DISTRIBUTION_V3.csv,data_row_1based:31569,A07,roll_rmse_deg,D01_seed_07,3.326443737420584,141,519,541,0.27167630057803466
<V3_ROOT>/07_AGGREGATE/CORE_541_DISTRIBUTION_V3.csv,data_row_1based:31570,A07,roll_rmse_deg,D47_seed_06,3.326444590921964,142,519,541,0.27360308285163776
<V3_ROOT>/07_AGGREGATE/CORE_541_DISTRIBUTION_V3.csv,data_row_1based:31571,A07,roll_rmse_deg,D05_seed_05,3.3264455881902455,143,519,541,0.27552986512524086
<V3_ROOT>/07_AGGREGATE/CORE_541_DISTRIBUTION_V3.csv,data_row_1based:31572,A07,roll_rmse_deg,D19_seed_02,3.3264562643735345,144,519,541,0.2774566473988439
<V3_ROOT>/07_AGGREGATE/CORE_541_DISTRIBUTION_V3.csv,data_row_1based:31573,A07,roll_rmse_deg,D47_seed_01,3.326479346362547,145,519,541,0.279383429672447
<V3_ROOT>/07_AGGREGATE/CORE_541_DISTRIBUTION_V3.csv,data_row_1based:31574,A07,roll_rmse_deg,D03_seed_06,3.3264952371609726,146,519,541,0.2813102119460501
<V3_ROOT>/07_AGGREGATE/CORE_541_DISTRIBUTION_V3.csv,data_row_1based:31575,A07,roll_rmse_deg,D31_seed_04,3.326513793390784,147,519,541,0.2832369942196532
<V3_ROOT>/07_AGGREGATE/CORE_541_DISTRIBUTION_V3.csv,data_row_1based:31576,A07,roll_rmse_deg,D30_seed_02,3.3265253249377684,148,519,541,0.28516377649325625
<V3_ROOT>/07_AGGREGATE/CORE_541_DISTRIBUTION_V3.csv,data_row_1based:31577,A07,roll_rmse_deg,D47_seed_04,3.3265318788139675,149,519,541,0.28709055876685935
<V3_ROOT>/07_AGGREGATE/CORE_541_DISTRIBUTION_V3.csv,data_row_1based:31578,A07,roll_rmse_deg,D48_seed_07,3.326533451777425,150,519,541,0.28901734104046245
<V3_ROOT>/07_AGGREGATE/CORE_541_DISTRIBUTION_V3.csv,data_row_1based:31579,A07,roll_rmse_deg,D03_seed_04,3.3265446607197076,151,519,541,0.2909441233140655
<V3_ROOT>/07_AGGREGATE/CORE_541_DISTRIBUTION_V3.csv,data_row_1based:31580,A07,roll_rmse_deg,D11_seed_02,3.326545589191091,152,519,541,0.2928709055876686
<V3_ROOT>/07_AGGREGATE/CORE_541_DISTRIBUTION_V3.csv,data_row_1based:31581,A07,roll_rmse_deg,D48_seed_06,3.3265491508201777,153,519,541,0.2947976878612717
<V3_ROOT>/07_AGGREGATE/CORE_541_DISTRIBUTION_V3.csv,data_row_1based:31582,A07,roll_rmse_deg,D32_seed_02,3.3265516130619637,154,519,541,0.29672447013487474
<V3_ROOT>/07_AGGREGATE/CORE_541_DISTRIBUTION_V3.csv,data_row_1based:31583,A07,roll_rmse_deg,D04_seed_03,3.3265532572113874,155,519,541,0.29865125240847784
<V3_ROOT>/07_AGGREGATE/CORE_541_DISTRIBUTION_V3.csv,data_row_1based:31584,A07,roll_rmse_deg,D07_seed_00,3.326558492288461,156,519,541,0.30057803468208094
<V3_ROOT>/07_AGGREGATE/CORE_541_DISTRIBUTION_V3.csv,data_row_1based:31585,A07,roll_rmse_deg,D30_seed_08,3.3265687567448152,157,519,541,0.302504816955684
<V3_ROOT>/07_AGGREGATE/CORE_541_DISTRIBUTION_V3.csv,data_row_1based:31586,A07,roll_rmse_deg,D31_seed_05,3.3265703345404396,158,519,541,0.3044315992292871
<V3_ROOT>/07_AGGREGATE/CORE_541_DISTRIBUTION_V3.csv,data_row_1based:31587,A07,roll_rmse_deg,D02_seed_06,3.326571163687218,159,519,541,0.3063583815028902
<V3_ROOT>/07_AGGREGATE/CORE_541_DISTRIBUTION_V3.csv,data_row_1based:31588,A07,roll_rmse_deg,D39_seed_08,3.326590747282333,160,519,541,0.30828516377649323
<V3_ROOT>/07_AGGREGATE/CORE_541_DISTRIBUTION_V3.csv,data_row_1based:31589,A07,roll_rmse_deg,D01_seed_00,3.3265927801734403,161,519,541,0.31021194605009633
<V3_ROOT>/07_AGGREGATE/CORE_541_DISTRIBUTION_V3.csv,data_row_1based:31590,A07,roll_rmse_deg,D34_seed_01,3.326601840082366,162,519,541,0.31213872832369943
<V3_ROOT>/07_AGGREGATE/CORE_541_DISTRIBUTION_V3.csv,data_row_1based:31591,A07,roll_rmse_deg,D48_seed_08,3.3266036500213882,163,519,541,0.3140655105973025
<V3_ROOT>/07_AGGREGATE/CORE_541_DISTRIBUTION_V3.csv,data_row_1based:31592,A07,roll_rmse_deg,D02_seed_04,3.326610294781806,164,519,541,0.3159922928709056
<V3_ROOT>/07_AGGREGATE/CORE_541_DISTRIBUTION_V3.csv,data_row_1based:31593,A07,roll_rmse_deg,D01_seed_06,3.3266158842983833,165,519,541,0.3179190751445087
<V3_ROOT>/07_AGGREGATE/CORE_541_DISTRIBUTION_V3.csv,data_row_1based:31594,A07,roll_rmse_deg,D39_seed_00,3.326620733173671,166,519,541,0.3198458574181118
<V3_ROOT>/07_AGGREGATE/CORE_541_DISTRIBUTION_V3.csv,data_row_1based:31595,A07,roll_rmse_deg,D39_seed_06,3.326622206409717,167,519,541,0.3217726396917148
<V3_ROOT>/07_AGGREGATE/CORE_541_DISTRIBUTION_V3.csv,data_row_1based:31596,A07,roll_rmse_deg,D46_seed_01,3.3266229775872094,168,519,541,0.3236994219653179
<V3_ROOT>/07_AGGREGATE/CORE_541_DISTRIBUTION_V3.csv,data_row_1based:31597,A07,roll_rmse_deg,D17_seed_06,3.326636187234234,169,519,541,0.325626204238921
<V3_ROOT>/07_AGGREGATE/CORE_541_DISTRIBUTION_V3.csv,data_row_1based:31598,A07,roll_rmse_deg,D17_seed_03,3.326636255608808,170,519,541,0.32755298651252407
<V3_ROOT>/07_AGGREGATE/CORE_541_DISTRIBUTION_V3.csv,data_row_1based:31599,A07,roll_rmse_deg,D16_seed_06,3.3266368552093053,171,519,541,0.32947976878612717
<V3_ROOT>/07_AGGREGATE/CORE_541_DISTRIBUTION_V3.csv,data_row_1based:31600,A07,roll_rmse_deg,D16_seed_04,3.3266369204310977,172,519,541,0.33140655105973027
<V3_ROOT>/07_AGGREGATE/CORE_541_DISTRIBUTION_V3.csv,data_row_1based:31601,A07,roll_rmse_deg,D16_seed_03,3.3266369809250307,173,519,541,0.3333333333333333
<V3_ROOT>/07_AGGREGATE/CORE_541_DISTRIBUTION_V3.csv,data_row_1based:31602,A07,roll_rmse_deg,D17_seed_04,3.3266370107468988,174,519,541,0.3352601156069364
<V3_ROOT>/07_AGGREGATE/CORE_541_DISTRIBUTION_V3.csv,data_row_1based:31603,A07,roll_rmse_deg,D16_seed_08,3.326637239117649,175,519,541,0.3371868978805395
<V3_ROOT>/07_AGGREGATE/CORE_541_DISTRIBUTION_V3.csv,data_row_1based:31604,A07,roll_rmse_deg,D17_seed_05,3.3266372691661648,176,519,541,0.33911368015414256
<V3_ROOT>/07_AGGREGATE/CORE_541_DISTRIBUTION_V3.csv,data_row_1based:31605,A07,roll_rmse_deg,C00_clean_normal,3.326637339620488,177,519,541,0.34104046242774566
<V3_ROOT>/07_AGGREGATE/CORE_541_DISTRIBUTION_V3.csv,data_row_1based:31606,A07,roll_rmse_deg,D08_seed_00,3.326637339620488,178,519,541,0.34296724470134876
<V3_ROOT>/07_AGGREGATE/CORE_541_DISTRIBUTION_V3.csv,data_row_1based:31607,A07,roll_rmse_deg,D08_seed_01,3.326637339620488,179,519,541,0.3448940269749518
<V3_ROOT>/07_AGGREGATE/CORE_541_DISTRIBUTION_V3.csv,data_row_1based:31608,A07,roll_rmse_deg,D08_seed_02,3.326637339620488,180,519,541,0.3468208092485549
<V3_ROOT>/07_AGGREGATE/CORE_541_DISTRIBUTION_V3.csv,data_row_1based:31609,A07,roll_rmse_deg,D08_seed_03,3.326637339620488,181,519,541,0.348747591522158
<V3_ROOT>/07_AGGREGATE/CORE_541_DISTRIBUTION_V3.csv,data_row_1based:31610,A07,roll_rmse_deg,D08_seed_04,3.326637339620488,182,519,541,0.35067437379576105
<V3_ROOT>/07_AGGREGATE/CORE_541_DISTRIBUTION_V3.csv,data_row_1based:31611,A07,roll_rmse_deg,D08_seed_05,3.326637339620488,183,519,541,0.35260115606936415
<V3_ROOT>/07_AGGREGATE/CORE_541_DISTRIBUTION_V3.csv,data_row_1based:31612,A07,roll_rmse_deg,D08_seed_06,3.326637339620488,184,519,541,0.35452793834296725
<V3_ROOT>/07_AGGREGATE/CORE_541_DISTRIBUTION_V3.csv,data_row_1based:31613,A07,roll_rmse_deg,D08_seed_07,3.326637339620488,185,519,541,0.35645472061657035
<V3_ROOT>/07_AGGREGATE/CORE_541_DISTRIBUTION_V3.csv,data_row_1based:31614,A07,roll_rmse_deg,D08_seed_08,3.326637339620488,186,519,541,0.3583815028901734
<V3_ROOT>/07_AGGREGATE/CORE_541_DISTRIBUTION_V3.csv,data_row_1based:31615,A07,roll_rmse_deg,D22_seed_00,3.326637339620488,187,519,541,0.3603082851637765
<V3_ROOT>/07_AGGREGATE/CORE_541_DISTRIBUTION_V3.csv,data_row_1based:31616,A07,roll_rmse_deg,D22_seed_06,3.326637339620488,188,519,541,0.3622350674373796
<V3_ROOT>/07_AGGREGATE/CORE_541_DISTRIBUTION_V3.csv,data_row_1based:31617,A07,roll_rmse_deg,D29_seed_00,3.326637339620488,189,519,541,0.36416184971098264
<V3_ROOT>/07_AGGREGATE/CORE_541_DISTRIBUTION_V3.csv,data_row_1based:31618,A07,roll_rmse_deg,D29_seed_01,3.326637339620488,190,519,541,0.36608863198458574
<V3_ROOT>/07_AGGREGATE/CORE_541_DISTRIBUTION_V3.csv,data_row_1based:31619,A07,roll_rmse_deg,D29_seed_02,3.326637339620488,191,519,541,0.36801541425818884
<V3_ROOT>/07_AGGREGATE/CORE_541_DISTRIBUTION_V3.csv,data_row_1based:31620,A07,roll_rmse_deg,D29_seed_03,3.326637339620488,192,519,541,0.3699421965317919
<V3_ROOT>/07_AGGREGATE/CORE_541_DISTRIBUTION_V3.csv,data_row_1based:31621,A07,roll_rmse_deg,D29_seed_04,3.326637339620488,193,519,541,0.371868978805395
<V3_ROOT>/07_AGGREGATE/CORE_541_DISTRIBUTION_V3.csv,data_row_1based:31622,A07,roll_rmse_deg,D29_seed_05,3.326637339620488,194,519,541,0.3737957610789981
<V3_ROOT>/07_AGGREGATE/CORE_541_DISTRIBUTION_V3.csv,data_row_1based:31623,A07,roll_rmse_deg,D29_seed_06,3.326637339620488,195,519,541,0.37572254335260113
<V3_ROOT>/07_AGGREGATE/CORE_541_DISTRIBUTION_V3.csv,data_row_1based:31624,A07,roll_rmse_deg,D29_seed_07,3.326637339620488,196,519,541,0.37764932562620424
<V3_ROOT>/07_AGGREGATE/CORE_541_DISTRIBUTION_V3.csv,data_row_1based:31625,A07,roll_rmse_deg,D29_seed_08,3.326637339620488,197,519,541,0.37957610789980734
<V3_ROOT>/07_AGGREGATE/CORE_541_DISTRIBUTION_V3.csv,data_row_1based:31626,A07,roll_rmse_deg,D40_seed_00,3.326637339620488,198,519,541,0.3815028901734104
<V3_ROOT>/07_AGGREGATE/CORE_541_DISTRIBUTION_V3.csv,data_row_1based:31627,A07,roll_rmse_deg,D40_seed_01,3.326637339620488,199,519,541,0.3834296724470135
<V3_ROOT>/07_AGGREGATE/CORE_541_DISTRIBUTION_V3.csv,data_row_1based:31628,A07,roll_rmse_deg,D40_seed_02,3.326637339620488,200,519,541,0.3853564547206166
<V3_ROOT>/07_AGGREGATE/CORE_541_DISTRIBUTION_V3.csv,data_row_1based:31629,A07,roll_rmse_deg,D40_seed_03,3.326637339620488,201,519,541,0.3872832369942196
<V3_ROOT>/07_AGGREGATE/CORE_541_DISTRIBUTION_V3.csv,data_row_1based:31630,A07,roll_rmse_deg,D40_seed_04,3.326637339620488,202,519,541,0.3892100192678227
<V3_ROOT>/07_AGGREGATE/CORE_541_DISTRIBUTION_V3.csv,data_row_1based:31631,A07,roll_rmse_deg,D40_seed_05,3.326637339620488,203,519,541,0.3911368015414258
<V3_ROOT>/07_AGGREGATE/CORE_541_DISTRIBUTION_V3.csv,data_row_1based:31632,A07,roll_rmse_deg,D40_seed_06,3.326637339620488,204,519,541,0.3930635838150289
<V3_ROOT>/07_AGGREGATE/CORE_541_DISTRIBUTION_V3.csv,data_row_1based:31633,A07,roll_rmse_deg,D40_seed_07,3.326637339620488,205,519,541,0.394990366088632
<V3_ROOT>/07_AGGREGATE/CORE_541_DISTRIBUTION_V3.csv,data_row_1based:31634,A07,roll_rmse_deg,D40_seed_08,3.326637339620488,206,519,541,0.3969171483622351
<V3_ROOT>/07_AGGREGATE/CORE_541_DISTRIBUTION_V3.csv,data_row_1based:31635,A07,roll_rmse_deg,D51_seed_00,3.326637339620488,207,519,541,0.3988439306358382
<V3_ROOT>/07_AGGREGATE/CORE_541_DISTRIBUTION_V3.csv,data_row_1based:31636,A07,roll_rmse_deg,D51_seed_01,3.326637339620488,208,519,541,0.4007707129094412
<V3_ROOT>/07_AGGREGATE/CORE_541_DISTRIBUTION_V3.csv,data_row_1based:31637,A07,roll_rmse_deg,D51_seed_02,3.326637339620488,209,519,541,0.4026974951830443
<V3_ROOT>/07_AGGREGATE/CORE_541_DISTRIBUTION_V3.csv,data_row_1based:31638,A07,roll_rmse_deg,D51_seed_03,3.326637339620488,210,519,541,0.4046242774566474
<V3_ROOT>/07_AGGREGATE/CORE_541_DISTRIBUTION_V3.csv,data_row_1based:31639,A07,roll_rmse_deg,D51_seed_04,3.326637339620488,211,519,541,0.40655105973025046
<V3_ROOT>/07_AGGREGATE/CORE_541_DISTRIBUTION_V3.csv,data_row_1based:31640,A07,roll_rmse_deg,D51_seed_05,3.326637339620488,212,519,541,0.40847784200385356
<V3_ROOT>/07_AGGREGATE/CORE_541_DISTRIBUTION_V3.csv,data_row_1based:31641,A07,roll_rmse_deg,D51_seed_06,3.326637339620488,213,519,541,0.41040462427745666
<V3_ROOT>/07_AGGREGATE/CORE_541_DISTRIBUTION_V3.csv,data_row_1based:31642,A07,roll_rmse_deg,D51_seed_07,3.326637339620488,214,519,541,0.4123314065510597
<V3_ROOT>/07_AGGREGATE/CORE_541_DISTRIBUTION_V3.csv,data_row_1based:31643,A07,roll_rmse_deg,D51_seed_08,3.326637339620488,215,519,541,0.4142581888246628
<V3_ROOT>/07_AGGREGATE/CORE_541_DISTRIBUTION_V3.csv,data_row_1based:31644,A07,roll_rmse_deg,D52_seed_00,3.326637339620488,216,519,541,0.4161849710982659
<V3_ROOT>/07_AGGREGATE/CORE_541_DISTRIBUTION_V3.csv,data_row_1based:31645,A07,roll_rmse_deg,D52_seed_01,3.326637339620488,217,519,541,0.41811175337186895
<V3_ROOT>/07_AGGREGATE/CORE_541_DISTRIBUTION_V3.csv,data_row_1based:31646,A07,roll_rmse_deg,D52_seed_02,3.326637339620488,218,519,541,0.42003853564547206
<V3_ROOT>/07_AGGREGATE/CORE_541_DISTRIBUTION_V3.csv,data_row_1based:31647,A07,roll_rmse_deg,D52_seed_03,3.326637339620488,219,519,541,0.42196531791907516
<V3_ROOT>/07_AGGREGATE/CORE_541_DISTRIBUTION_V3.csv,data_row_1based:31648,A07,roll_rmse_deg,D52_seed_04,3.326637339620488,220,519,541,0.4238921001926782
<V3_ROOT>/07_AGGREGATE/CORE_541_DISTRIBUTION_V3.csv,data_row_1based:31649,A07,roll_rmse_deg,D52_seed_05,3.326637339620488,221,519,541,0.4258188824662813
<V3_ROOT>/07_AGGREGATE/CORE_541_DISTRIBUTION_V3.csv,data_row_1based:31650,A07,roll_rmse_deg,D52_seed_06,3.326637339620488,222,519,541,0.4277456647398844
<V3_ROOT>/07_AGGREGATE/CORE_541_DISTRIBUTION_V3.csv,data_row_1based:31651,A07,roll_rmse_deg,D52_seed_07,3.326637339620488,223,519,541,0.4296724470134875
<V3_ROOT>/07_AGGREGATE/CORE_541_DISTRIBUTION_V3.csv,data_row_1based:31652,A07,roll_rmse_deg,D52_seed_08,3.326637339620488,224,519,541,0.43159922928709055
<V3_ROOT>/07_AGGREGATE/CORE_541_DISTRIBUTION_V3.csv,data_row_1based:31653,A07,roll_rmse_deg,D53_seed_00,3.326637339620488,225,519,541,0.43352601156069365
<V3_ROOT>/07_AGGREGATE/CORE_541_DISTRIBUTION_V3.csv,data_row_1based:31654,A07,roll_rmse_deg,D53_seed_01,3.326637339620488,226,519,541,0.43545279383429675
<V3_ROOT>/07_AGGREGATE/CORE_541_DISTRIBUTION_V3.csv,data_row_1based:31655,A07,roll_rmse_deg,D53_seed_02,3.326637339620488,227,519,541,0.4373795761078998
<V3_ROOT>/07_AGGREGATE/CORE_541_DISTRIBUTION_V3.csv,data_row_1based:31656,A07,roll_rmse_deg,D53_seed_03,3.326637339620488,228,519,541,0.4393063583815029
<V3_ROOT>/07_AGGREGATE/CORE_541_DISTRIBUTION_V3.csv,data_row_1based:31657,A07,roll_rmse_deg,D53_seed_04,3.326637339620488,229,519,541,0.441233140655106
<V3_ROOT>/07_AGGREGATE/CORE_541_DISTRIBUTION_V3.csv,data_row_1based:31658,A07,roll_rmse_deg,D53_seed_05,3.326637339620488,230,519,541,0.44315992292870904
<V3_ROOT>/07_AGGREGATE/CORE_541_DISTRIBUTION_V3.csv,data_row_1based:31659,A07,roll_rmse_deg,D53_seed_06,3.326637339620488,231,519,541,0.44508670520231214
<V3_ROOT>/07_AGGREGATE/CORE_541_DISTRIBUTION_V3.csv,data_row_1based:31660,A07,roll_rmse_deg,D53_seed_07,3.326637339620488,232,519,541,0.44701348747591524
<V3_ROOT>/07_AGGREGATE/CORE_541_DISTRIBUTION_V3.csv,data_row_1based:31661,A07,roll_rmse_deg,D53_seed_08,3.326637339620488,233,519,541,0.4489402697495183
<V3_ROOT>/07_AGGREGATE/CORE_541_DISTRIBUTION_V3.csv,data_row_1based:31662,A07,roll_rmse_deg,D54_seed_00,3.326637339620488,234,519,541,0.4508670520231214
<V3_ROOT>/07_AGGREGATE/CORE_541_DISTRIBUTION_V3.csv,data_row_1based:31663,A07,roll_rmse_deg,D54_seed_01,3.326637339620488,235,519,541,0.4527938342967245
<V3_ROOT>/07_AGGREGATE/CORE_541_DISTRIBUTION_V3.csv,data_row_1based:31664,A07,roll_rmse_deg,D54_seed_02,3.326637339620488,236,519,541,0.45472061657032753
<V3_ROOT>/07_AGGREGATE/CORE_541_DISTRIBUTION_V3.csv,data_row_1based:31665,A07,roll_rmse_deg,D54_seed_03,3.326637339620488,237,519,541,0.45664739884393063
<V3_ROOT>/07_AGGREGATE/CORE_541_DISTRIBUTION_V3.csv,data_row_1based:31666,A07,roll_rmse_deg,D54_seed_04,3.326637339620488,238,519,541,0.45857418111753373
<V3_ROOT>/07_AGGREGATE/CORE_541_DISTRIBUTION_V3.csv,data_row_1based:31667,A07,roll_rmse_deg,D54_seed_05,3.326637339620488,239,519,541,0.4605009633911368
<V3_ROOT>/07_AGGREGATE/CORE_541_DISTRIBUTION_V3.csv,data_row_1based:31668,A07,roll_rmse_deg,D54_seed_06,3.326637339620488,240,519,541,0.4624277456647399
<V3_ROOT>/07_AGGREGATE/CORE_541_DISTRIBUTION_V3.csv,data_row_1based:31669,A07,roll_rmse_deg,D54_seed_07,3.326637339620488,241,519,541,0.464354527938343
<V3_ROOT>/07_AGGREGATE/CORE_541_DISTRIBUTION_V3.csv,data_row_1based:31670,A07,roll_rmse_deg,D54_seed_08,3.326637339620488,242,519,541,0.4662813102119461
<V3_ROOT>/07_AGGREGATE/CORE_541_DISTRIBUTION_V3.csv,data_row_1based:31671,A07,roll_rmse_deg,D55_seed_00,3.326637339620488,243,519,541,0.4682080924855491
<V3_ROOT>/07_AGGREGATE/CORE_541_DISTRIBUTION_V3.csv,data_row_1based:31672,A07,roll_rmse_deg,D55_seed_01,3.326637339620488,244,519,541,0.4701348747591522
<V3_ROOT>/07_AGGREGATE/CORE_541_DISTRIBUTION_V3.csv,data_row_1based:31673,A07,roll_rmse_deg,D55_seed_02,3.326637339620488,245,519,541,0.4720616570327553
<V3_ROOT>/07_AGGREGATE/CORE_541_DISTRIBUTION_V3.csv,data_row_1based:31674,A07,roll_rmse_deg,D55_seed_03,3.326637339620488,246,519,541,0.47398843930635837
<V3_ROOT>/07_AGGREGATE/CORE_541_DISTRIBUTION_V3.csv,data_row_1based:31675,A07,roll_rmse_deg,D55_seed_04,3.326637339620488,247,519,541,0.47591522157996147
<V3_ROOT>/07_AGGREGATE/CORE_541_DISTRIBUTION_V3.csv,data_row_1based:31676,A07,roll_rmse_deg,D55_seed_05,3.326637339620488,248,519,541,0.47784200385356457
<V3_ROOT>/07_AGGREGATE/CORE_541_DISTRIBUTION_V3.csv,data_row_1based:31677,A07,roll_rmse_deg,D55_seed_06,3.326637339620488,249,519,541,0.4797687861271676
<V3_ROOT>/07_AGGREGATE/CORE_541_DISTRIBUTION_V3.csv,data_row_1based:31678,A07,roll_rmse_deg,D55_seed_07,3.326637339620488,250,519,541,0.4816955684007707
<V3_ROOT>/07_AGGREGATE/CORE_541_DISTRIBUTION_V3.csv,data_row_1based:31679,A07,roll_rmse_deg,D55_seed_08,3.326637339620488,251,519,541,0.4836223506743738
<V3_ROOT>/07_AGGREGATE/CORE_541_DISTRIBUTION_V3.csv,data_row_1based:31680,A07,roll_rmse_deg,D56_seed_00,3.326637339620488,252,519,541,0.48554913294797686
<V3_ROOT>/07_AGGREGATE/CORE_541_DISTRIBUTION_V3.csv,data_row_1based:31681,A07,roll_rmse_deg,D56_seed_01,3.326637339620488,253,519,541,0.48747591522157996
<V3_ROOT>/07_AGGREGATE/CORE_541_DISTRIBUTION_V3.csv,data_row_1based:31682,A07,roll_rmse_deg,D56_seed_02,3.326637339620488,254,519,541,0.48940269749518306
<V3_ROOT>/07_AGGREGATE/CORE_541_DISTRIBUTION_V3.csv,data_row_1based:31683,A07,roll_rmse_deg,D56_seed_03,3.326637339620488,255,519,541,0.4913294797687861
<V3_ROOT>/07_AGGREGATE/CORE_541_DISTRIBUTION_V3.csv,data_row_1based:31684,A07,roll_rmse_deg,D56_seed_04,3.326637339620488,256,519,541,0.4932562620423892
<V3_ROOT>/07_AGGREGATE/CORE_541_DISTRIBUTION_V3.csv,data_row_1based:31685,A07,roll_rmse_deg,D56_seed_05,3.326637339620488,257,519,541,0.4951830443159923
<V3_ROOT>/07_AGGREGATE/CORE_541_DISTRIBUTION_V3.csv,data_row_1based:31686,A07,roll_rmse_deg,D56_seed_06,3.326637339620488,258,519,541,0.49710982658959535
<V3_ROOT>/07_AGGREGATE/CORE_541_DISTRIBUTION_V3.csv,data_row_1based:31687,A07,roll_rmse_deg,D56_seed_07,3.326637339620488,259,519,541,0.49903660886319845
<V3_ROOT>/07_AGGREGATE/CORE_541_DISTRIBUTION_V3.csv,data_row_1based:31688,A07,roll_rmse_deg,D56_seed_08,3.326637339620488,260,519,541,0.5009633911368016
<V3_ROOT>/07_AGGREGATE/CORE_541_DISTRIBUTION_V3.csv,data_row_1based:31689,A07,roll_rmse_deg,D17_seed_02,3.3266373569688064,261,519,541,0.5028901734104047
<V3_ROOT>/07_AGGREGATE/CORE_541_DISTRIBUTION_V3.csv,data_row_1based:31690,A07,roll_rmse_deg,D16_seed_07,3.3266373638618565,262,519,541,0.5048169556840078
<V3_ROOT>/07_AGGREGATE/CORE_541_DISTRIBUTION_V3.csv,data_row_1based:31691,A07,roll_rmse_deg,D16_seed_01,3.326637373922416,263,519,541,0.5067437379576107
<V3_ROOT>/07_AGGREGATE/CORE_541_DISTRIBUTION_V3.csv,data_row_1based:31692,A07,roll_rmse_deg,D16_seed_05,3.326637419906138,264,519,541,0.5086705202312138
<V3_ROOT>/07_AGGREGATE/CORE_541_DISTRIBUTION_V3.csv,data_row_1based:31693,A07,roll_rmse_deg,D16_seed_02,3.3266374594503607,265,519,541,0.5105973025048169
<V3_ROOT>/07_AGGREGATE/CORE_541_DISTRIBUTION_V3.csv,data_row_1based:31694,A07,roll_rmse_deg,D17_seed_08,3.32663750298985,266,519,541,0.51252408477842
<V3_ROOT>/07_AGGREGATE/CORE_541_DISTRIBUTION_V3.csv,data_row_1based:31695,A07,roll_rmse_deg,D17_seed_07,3.326637621569282,267,519,541,0.5144508670520231
<V3_ROOT>/07_AGGREGATE/CORE_541_DISTRIBUTION_V3.csv,data_row_1based:31696,A07,roll_rmse_deg,D16_seed_00,3.326637919899609,268,519,541,0.5163776493256262
<V3_ROOT>/07_AGGREGATE/CORE_541_DISTRIBUTION_V3.csv,data_row_1based:31697,A07,roll_rmse_deg,D17_seed_01,3.32663792565203,269,519,541,0.5183044315992292
<V3_ROOT>/07_AGGREGATE/CORE_541_DISTRIBUTION_V3.csv,data_row_1based:31698,A07,roll_rmse_deg,D17_seed_00,3.326638681815929,270,519,541,0.5202312138728323
<V3_ROOT>/07_AGGREGATE/CORE_541_DISTRIBUTION_V3.csv,data_row_1based:31699,A07,roll_rmse_deg,D39_seed_01,3.326653748896748,271,519,541,0.5221579961464354
<V3_ROOT>/07_AGGREGATE/CORE_541_DISTRIBUTION_V3.csv,data_row_1based:31700,A07,roll_rmse_deg,D07_seed_01,3.3266588941571693,272,519,541,0.5240847784200385
<V3_ROOT>/07_AGGREGATE/CORE_541_DISTRIBUTION_V3.csv,data_row_1based:31701,A07,roll_rmse_deg,D48_seed_05,3.3266595725173604,273,519,541,0.5260115606936416
<V3_ROOT>/07_AGGREGATE/CORE_541_DISTRIBUTION_V3.csv,data_row_1based:31702,A07,roll_rmse_deg,D12_seed_05,3.3266642423959882,274,519,541,0.5279383429672447
<V3_ROOT>/07_AGGREGATE/CORE_541_DISTRIBUTION_V3.csv,data_row_1based:31703,A07,roll_rmse_deg,D30_seed_04,3.3266694954024794,275,519,541,0.5298651252408478
<V3_ROOT>/07_AGGREGATE/CORE_541_DISTRIBUTION_V3.csv,data_row_1based:31704,A07,roll_rmse_deg,D58_seed_01,3.3266801096431613,276,519,541,0.5317919075144508
<V3_ROOT>/07_AGGREGATE/CORE_541_DISTRIBUTION_V3.csv,data_row_1based:31705,A07,roll_rmse_deg,D02_seed_00,3.3266839686830405,277,519,541,0.5337186897880539
<V3_ROOT>/07_AGGREGATE/CORE_541_DISTRIBUTION_V3.csv,data_row_1based:31706,A07,roll_rmse_deg,D02_seed_01,3.3266912566163254,278,519,541,0.535645472061657
<V3_ROOT>/07_AGGREGATE/CORE_541_DISTRIBUTION_V3.csv,data_row_1based:31707,A07,roll_rmse_deg,D48_seed_00,3.326691934896886,279,519,541,0.5375722543352601
<V3_ROOT>/07_AGGREGATE/CORE_541_DISTRIBUTION_V3.csv,data_row_1based:31708,A07,roll_rmse_deg,D01_seed_01,3.3266997322230307,280,519,541,0.5394990366088632
<V3_ROOT>/07_AGGREGATE/CORE_541_DISTRIBUTION_V3.csv,data_row_1based:31709,A07,roll_rmse_deg,D04_seed_06,3.326702358673529,281,519,541,0.5414258188824663
<V3_ROOT>/07_AGGREGATE/CORE_541_DISTRIBUTION_V3.csv,data_row_1based:31710,A07,roll_rmse_deg,D11_seed_05,3.3267047027369827,282,519,541,0.5433526011560693
<V3_ROOT>/07_AGGREGATE/CORE_541_DISTRIBUTION_V3.csv,data_row_1based:31711,A07,roll_rmse_deg,D07_seed_04,3.3267147258952163,283,519,541,0.5452793834296724
<V3_ROOT>/07_AGGREGATE/CORE_541_DISTRIBUTION_V3.csv,data_row_1based:31712,A07,roll_rmse_deg,D01_seed_04,3.32673904345915,284,519,541,0.5472061657032755
<V3_ROOT>/07_AGGREGATE/CORE_541_DISTRIBUTION_V3.csv,data_row_1based:31713,A07,roll_rmse_deg,D58_seed_07,3.326740104519146,285,519,541,0.5491329479768786
<V3_ROOT>/07_AGGREGATE/CORE_541_DISTRIBUTION_V3.csv,data_row_1based:31714,A07,roll_rmse_deg,D48_seed_04,3.3267602801754417,286,519,541,0.5510597302504817
<V3_ROOT>/07_AGGREGATE/CORE_541_DISTRIBUTION_V3.csv,data_row_1based:31715,A07,roll_rmse_deg,D48_seed_01,3.326778949580482,287,519,541,0.5529865125240848
<V3_ROOT>/07_AGGREGATE/CORE_541_DISTRIBUTION_V3.csv,data_row_1based:31716,A07,roll_rmse_deg,D48_seed_03,3.3267857262988767,288,519,541,0.5549132947976878
<V3_ROOT>/07_AGGREGATE/CORE_541_DISTRIBUTION_V3.csv,data_row_1based:31717,A07,roll_rmse_deg,D46_seed_04,3.3267873025353714,289,519,541,0.5568400770712909
<V3_ROOT>/07_AGGREGATE/CORE_541_DISTRIBUTION_V3.csv,data_row_1based:31718,A07,roll_rmse_deg,D44_seed_03,3.3268033336461937,290,519,541,0.558766859344894
<V3_ROOT>/07_AGGREGATE/CORE_541_DISTRIBUTION_V3.csv,data_row_1based:31719,A07,roll_rmse_deg,D03_seed_07,3.3268046361478905,291,519,541,0.5606936416184971
<V3_ROOT>/07_AGGREGATE/CORE_541_DISTRIBUTION_V3.csv,data_row_1based:31720,A07,roll_rmse_deg,D48_seed_02,3.3268151189983004,292,519,541,0.5626204238921002
<V3_ROOT>/07_AGGREGATE/CORE_541_DISTRIBUTION_V3.csv,data_row_1based:31721,A07,roll_rmse_deg,D32_seed_00,3.3268211240675827,293,519,541,0.5645472061657033
<V3_ROOT>/07_AGGREGATE/CORE_541_DISTRIBUTION_V3.csv,data_row_1based:31722,A07,roll_rmse_deg,D39_seed_03,3.326823209299263,294,519,541,0.5664739884393064
<V3_ROOT>/07_AGGREGATE/CORE_541_DISTRIBUTION_V3.csv,data_row_1based:31723,A07,roll_rmse_deg,D32_seed_03,3.326831675078942,295,519,541,0.5684007707129094
<V3_ROOT>/07_AGGREGATE/CORE_541_DISTRIBUTION_V3.csv,data_row_1based:31724,A07,roll_rmse_deg,D04_seed_01,3.3268317425386122,296,519,541,0.5703275529865125
<V3_ROOT>/07_AGGREGATE/CORE_541_DISTRIBUTION_V3.csv,data_row_1based:31725,A07,roll_rmse_deg,D42_seed_03,3.3268357051805335,297,519,541,0.5722543352601156
<V3_ROOT>/07_AGGREGATE/CORE_541_DISTRIBUTION_V3.csv,data_row_1based:31726,A07,roll_rmse_deg,D42_seed_00,3.326839944754403,298,519,541,0.5741811175337187
<V3_ROOT>/07_AGGREGATE/CORE_541_DISTRIBUTION_V3.csv,data_row_1based:31727,A07,roll_rmse_deg,D30_seed_01,3.3268567553150254,299,519,541,0.5761078998073218
<V3_ROOT>/07_AGGREGATE/CORE_541_DISTRIBUTION_V3.csv,data_row_1based:31728,A07,roll_rmse_deg,D19_seed_00,3.326861283882587,300,519,541,0.5780346820809249
<V3_ROOT>/07_AGGREGATE/CORE_541_DISTRIBUTION_V3.csv,data_row_1based:31729,A07,roll_rmse_deg,D47_seed_05,3.3268646974608287,301,519,541,0.5799614643545279
<V3_ROOT>/07_AGGREGATE/CORE_541_DISTRIBUTION_V3.csv,data_row_1based:31730,A07,roll_rmse_deg,D46_seed_08,3.3268718850587495,302,519,541,0.581888246628131
<V3_ROOT>/07_AGGREGATE/CORE_541_DISTRIBUTION_V3.csv,data_row_1based:31731,A07,roll_rmse_deg,D44_seed_04,3.3268720240796004,303,519,541,0.5838150289017341
<V3_ROOT>/07_AGGREGATE/CORE_541_DISTRIBUTION_V3.csv,data_row_1based:31732,A07,roll_rmse_deg,D35_seed_02,3.3268809281482814,304,519,541,0.5857418111753372
<V3_ROOT>/07_AGGREGATE/CORE_541_DISTRIBUTION_V3.csv,data_row_1based:31733,A07,roll_rmse_deg,D49_seed_00,3.3268833444806885,305,519,541,0.5876685934489403
<V3_ROOT>/07_AGGREGATE/CORE_541_DISTRIBUTION_V3.csv,data_row_1based:31734,A07,roll_rmse_deg,D39_seed_07,3.3268843836004747,306,519,541,0.5895953757225434
<V3_ROOT>/07_AGGREGATE/CORE_541_DISTRIBUTION_V3.csv,data_row_1based:31735,A07,roll_rmse_deg,D03_seed_01,3.326905623651159,307,519,541,0.5915221579961464
<V3_ROOT>/07_AGGREGATE/CORE_541_DISTRIBUTION_V3.csv,data_row_1based:31736,A07,roll_rmse_deg,D31_seed_03,3.326920138134708,308,519,541,0.5934489402697495
<V3_ROOT>/07_AGGREGATE/CORE_541_DISTRIBUTION_V3.csv,data_row_1based:31737,A07,roll_rmse_deg,D42_seed_05,3.326946801964559,309,519,541,0.5953757225433526
<V3_ROOT>/07_AGGREGATE/CORE_541_DISTRIBUTION_V3.csv,data_row_1based:31738,A07,roll_rmse_deg,D35_seed_00,3.326951629972987,310,519,541,0.5973025048169557
<V3_ROOT>/07_AGGREGATE/CORE_541_DISTRIBUTION_V3.csv,data_row_1based:31739,A07,roll_rmse_deg,D03_seed_00,3.3269834473020397,311,519,541,0.5992292870905588
<V3_ROOT>/07_AGGREGATE/CORE_541_DISTRIBUTION_V3.csv,data_row_1based:31740,A07,roll_rmse_deg,D04_seed_00,3.326996704090466,312,519,541,0.6011560693641619
<V3_ROOT>/07_AGGREGATE/CORE_541_DISTRIBUTION_V3.csv,data_row_1based:31741,A07,roll_rmse_deg,D34_seed_07,3.3270097432419385,313,519,541,0.603082851637765
<V3_ROOT>/07_AGGREGATE/CORE_541_DISTRIBUTION_V3.csv,data_row_1based:31742,A07,roll_rmse_deg,D30_seed_00,3.3270315478489056,314,519,541,0.605009633911368
<V3_ROOT>/07_AGGREGATE/CORE_541_DISTRIBUTION_V3.csv,data_row_1based:31743,A07,roll_rmse_deg,D31_seed_01,3.3270315843804292,315,519,541,0.6069364161849711
<V3_ROOT>/07_AGGREGATE/CORE_541_DISTRIBUTION_V3.csv,data_row_1based:31744,A07,roll_rmse_deg,D31_seed_00,3.3270505463884232,316,519,541,0.6088631984585742
<V3_ROOT>/07_AGGREGATE/CORE_541_DISTRIBUTION_V3.csv,data_row_1based:31745,A07,roll_rmse_deg,D34_seed_08,3.3270648875324107,317,519,541,0.6107899807321773
<V3_ROOT>/07_AGGREGATE/CORE_541_DISTRIBUTION_V3.csv,data_row_1based:31746,A07,roll_rmse_deg,D32_seed_06,3.3270748871141347,318,519,541,0.6127167630057804
<V3_ROOT>/07_AGGREGATE/CORE_541_DISTRIBUTION_V3.csv,data_row_1based:31747,A07,roll_rmse_deg,D58_seed_00,3.3270813644609105,319,519,541,0.6146435452793835
<V3_ROOT>/07_AGGREGATE/CORE_541_DISTRIBUTION_V3.csv,data_row_1based:31748,A07,roll_rmse_deg,D20_seed_04,3.3270851451203907,320,519,541,0.6165703275529865
<V3_ROOT>/07_AGGREGATE/CORE_541_DISTRIBUTION_V3.csv,data_row_1based:31749,A07,roll_rmse_deg,D42_seed_06,3.327089810479122,321,519,541,0.6184971098265896
<V3_ROOT>/07_AGGREGATE/CORE_541_DISTRIBUTION_V3.csv,data_row_1based:31750,A07,roll_rmse_deg,D42_seed_08,3.3270916692740387,322,519,541,0.6204238921001927
<V3_ROOT>/07_AGGREGATE/CORE_541_DISTRIBUTION_V3.csv,data_row_1based:31751,A07,roll_rmse_deg,D42_seed_02,3.3270937595142596,323,519,541,0.6223506743737958
<V3_ROOT>/07_AGGREGATE/CORE_541_DISTRIBUTION_V3.csv,data_row_1based:31752,A07,roll_rmse_deg,D11_seed_00,3.327165910518634,324,519,541,0.6242774566473989
<V3_ROOT>/07_AGGREGATE/CORE_541_DISTRIBUTION_V3.csv,data_row_1based:31753,A07,roll_rmse_deg,D05_seed_04,3.3271969241970645,325,519,541,0.626204238921002
<V3_ROOT>/07_AGGREGATE/CORE_541_DISTRIBUTION_V3.csv,data_row_1based:31754,A07,roll_rmse_deg,D30_seed_06,3.3271983500807716,326,519,541,0.628131021194605
<V3_ROOT>/07_AGGREGATE/CORE_541_DISTRIBUTION_V3.csv,data_row_1based:31755,A07,roll_rmse_deg,D18_seed_01,3.3272188518067307,327,519,541,0.630057803468208
<V3_ROOT>/07_AGGREGATE/CORE_541_DISTRIBUTION_V3.csv,data_row_1based:31756,A07,roll_rmse_deg,D44_seed_07,3.3272268883523095,328,519,541,0.6319845857418112
<V3_ROOT>/07_AGGREGATE/CORE_541_DISTRIBUTION_V3.csv,data_row_1based:31757,A07,roll_rmse_deg,D09_seed_01,3.3272330508141645,329,519,541,0.6339113680154143
<V3_ROOT>/07_AGGREGATE/CORE_541_DISTRIBUTION_V3.csv,data_row_1based:31758,A07,roll_rmse_deg,D09_seed_02,3.3272330508141645,330,519,541,0.6358381502890174
<V3_ROOT>/07_AGGREGATE/CORE_541_DISTRIBUTION_V3.csv,data_row_1based:31759,A07,roll_rmse_deg,D09_seed_03,3.3272330508141645,331,519,541,0.6377649325626205
<V3_ROOT>/07_AGGREGATE/CORE_541_DISTRIBUTION_V3.csv,data_row_1based:31760,A07,roll_rmse_deg,D09_seed_04,3.3272330508141645,332,519,541,0.6396917148362236
<V3_ROOT>/07_AGGREGATE/CORE_541_DISTRIBUTION_V3.csv,data_row_1based:31761,A07,roll_rmse_deg,D09_seed_05,3.3272330508141645,333,519,541,0.6416184971098265
<V3_ROOT>/07_AGGREGATE/CORE_541_DISTRIBUTION_V3.csv,data_row_1based:31762,A07,roll_rmse_deg,D09_seed_06,3.3272330508141645,334,519,541,0.6435452793834296
<V3_ROOT>/07_AGGREGATE/CORE_541_DISTRIBUTION_V3.csv,data_row_1based:31763,A07,roll_rmse_deg,D09_seed_07,3.3272330508141645,335,519,541,0.6454720616570327
<V3_ROOT>/07_AGGREGATE/CORE_541_DISTRIBUTION_V3.csv,data_row_1based:31764,A07,roll_rmse_deg,D09_seed_08,3.3272330508141645,336,519,541,0.6473988439306358
<V3_ROOT>/07_AGGREGATE/CORE_541_DISTRIBUTION_V3.csv,data_row_1based:31765,A07,roll_rmse_deg,D47_seed_07,3.3273091096553102,337,519,541,0.649325626204239
<V3_ROOT>/07_AGGREGATE/CORE_541_DISTRIBUTION_V3.csv,data_row_1based:31766,A07,roll_rmse_deg,D34_seed_02,3.3273565213369563,338,519,541,0.651252408477842
<V3_ROOT>/07_AGGREGATE/CORE_541_DISTRIBUTION_V3.csv,data_row_1based:31767,A07,roll_rmse_deg,D18_seed_08,3.327374386520828,339,519,541,0.653179190751445
<V3_ROOT>/07_AGGREGATE/CORE_541_DISTRIBUTION_V3.csv,data_row_1based:31768,A07,roll_rmse_deg,D42_seed_07,3.3274014262162863,340,519,541,0.6551059730250481
<V3_ROOT>/07_AGGREGATE/CORE_541_DISTRIBUTION_V3.csv,data_row_1based:31769,A07,roll_rmse_deg,D42_seed_04,3.32741475373532,341,519,541,0.6570327552986512
<V3_ROOT>/07_AGGREGATE/CORE_541_DISTRIBUTION_V3.csv,data_row_1based:31770,A07,roll_rmse_deg,D05_seed_01,3.3274161584508453,342,519,541,0.6589595375722543
<V3_ROOT>/07_AGGREGATE/CORE_541_DISTRIBUTION_V3.csv,data_row_1based:31771,A07,roll_rmse_deg,D36_seed_00,3.3274263339310117,343,519,541,0.6608863198458574
<V3_ROOT>/07_AGGREGATE/CORE_541_DISTRIBUTION_V3.csv,data_row_1based:31772,A07,roll_rmse_deg,D36_seed_01,3.3274263339310117,344,519,541,0.6628131021194605
<V3_ROOT>/07_AGGREGATE/CORE_541_DISTRIBUTION_V3.csv,data_row_1based:31773,A07,roll_rmse_deg,D36_seed_02,3.3274263339310117,345,519,541,0.6647398843930635
<V3_ROOT>/07_AGGREGATE/CORE_541_DISTRIBUTION_V3.csv,data_row_1based:31774,A07,roll_rmse_deg,D36_seed_03,3.3274263339310117,346,519,541,0.6666666666666666
<V3_ROOT>/07_AGGREGATE/CORE_541_DISTRIBUTION_V3.csv,data_row_1based:31775,A07,roll_rmse_deg,D36_seed_04,3.3274263339310117,347,519,541,0.6685934489402697
<V3_ROOT>/07_AGGREGATE/CORE_541_DISTRIBUTION_V3.csv,data_row_1based:31776,A07,roll_rmse_deg,D36_seed_05,3.3274263339310117,348,519,541,0.6705202312138728
<V3_ROOT>/07_AGGREGATE/CORE_541_DISTRIBUTION_V3.csv,data_row_1based:31777,A07,roll_rmse_deg,D36_seed_06,3.3274263339310117,349,519,541,0.6724470134874759
<V3_ROOT>/07_AGGREGATE/CORE_541_DISTRIBUTION_V3.csv,data_row_1based:31778,A07,roll_rmse_deg,D36_seed_07,3.3274263339310117,350,519,541,0.674373795761079
<V3_ROOT>/07_AGGREGATE/CORE_541_DISTRIBUTION_V3.csv,data_row_1based:31779,A07,roll_rmse_deg,D36_seed_08,3.3274263339310117,351,519,541,0.6763005780346821
<V3_ROOT>/07_AGGREGATE/CORE_541_DISTRIBUTION_V3.csv,data_row_1based:31780,A07,roll_rmse_deg,D19_seed_04,3.327428601455513,352,519,541,0.6782273603082851
<V3_ROOT>/07_AGGREGATE/CORE_541_DISTRIBUTION_V3.csv,data_row_1based:31781,A07,roll_rmse_deg,D32_seed_07,3.3274564586376014,353,519,541,0.6801541425818882
<V3_ROOT>/07_AGGREGATE/CORE_541_DISTRIBUTION_V3.csv,data_row_1based:31782,A07,roll_rmse_deg,D35_seed_07,3.3274756739179363,354,519,541,0.6820809248554913
<V3_ROOT>/07_AGGREGATE/CORE_541_DISTRIBUTION_V3.csv,data_row_1based:31783,A07,roll_rmse_deg,D32_seed_04,3.3275338077801195,355,519,541,0.6840077071290944
<V3_ROOT>/07_AGGREGATE/CORE_541_DISTRIBUTION_V3.csv,data_row_1based:31784,A07,roll_rmse_deg,D37_seed_00,3.3275627368943645,356,519,541,0.6859344894026975
<V3_ROOT>/07_AGGREGATE/CORE_541_DISTRIBUTION_V3.csv,data_row_1based:31785,A07,roll_rmse_deg,D37_seed_01,3.3275627368943645,357,519,541,0.6878612716763006
<V3_ROOT>/07_AGGREGATE/CORE_541_DISTRIBUTION_V3.csv,data_row_1based:31786,A07,roll_rmse_deg,D37_seed_02,3.3275627368943645,358,519,541,0.6897880539499036
<V3_ROOT>/07_AGGREGATE/CORE_541_DISTRIBUTION_V3.csv,data_row_1based:31787,A07,roll_rmse_deg,D37_seed_03,3.3275627368943645,359,519,541,0.6917148362235067
<V3_ROOT>/07_AGGREGATE/CORE_541_DISTRIBUTION_V3.csv,data_row_1based:31788,A07,roll_rmse_deg,D37_seed_04,3.3275627368943645,360,519,541,0.6936416184971098
<V3_ROOT>/07_AGGREGATE/CORE_541_DISTRIBUTION_V3.csv,data_row_1based:31789,A07,roll_rmse_deg,D37_seed_05,3.3275627368943645,361,519,541,0.6955684007707129
<V3_ROOT>/07_AGGREGATE/CORE_541_DISTRIBUTION_V3.csv,data_row_1based:31790,A07,roll_rmse_deg,D37_seed_06,3.3275627368943645,362,519,541,0.697495183044316
<V3_ROOT>/07_AGGREGATE/CORE_541_DISTRIBUTION_V3.csv,data_row_1based:31791,A07,roll_rmse_deg,D37_seed_07,3.3275627368943645,363,519,541,0.6994219653179191
<V3_ROOT>/07_AGGREGATE/CORE_541_DISTRIBUTION_V3.csv,data_row_1based:31792,A07,roll_rmse_deg,D37_seed_08,3.3275627368943645,364,519,541,0.7013487475915221
<V3_ROOT>/07_AGGREGATE/CORE_541_DISTRIBUTION_V3.csv,data_row_1based:31793,A07,roll_rmse_deg,D11_seed_07,3.3275908490250234,365,519,541,0.7032755298651252
<V3_ROOT>/07_AGGREGATE/CORE_541_DISTRIBUTION_V3.csv,data_row_1based:31794,A07,roll_rmse_deg,D18_seed_00,3.32763063164642,366,519,541,0.7052023121387283
<V3_ROOT>/07_AGGREGATE/CORE_541_DISTRIBUTION_V3.csv,data_row_1based:31795,A07,roll_rmse_deg,D35_seed_01,3.327648874645941,367,519,541,0.7071290944123314
<V3_ROOT>/07_AGGREGATE/CORE_541_DISTRIBUTION_V3.csv,data_row_1based:31796,A07,roll_rmse_deg,D22_seed_08,3.3276716176912253,368,519,541,0.7090558766859345
<V3_ROOT>/07_AGGREGATE/CORE_541_DISTRIBUTION_V3.csv,data_row_1based:31797,A07,roll_rmse_deg,D18_seed_07,3.3276868565705726,369,519,541,0.7109826589595376
<V3_ROOT>/07_AGGREGATE/CORE_541_DISTRIBUTION_V3.csv,data_row_1based:31798,A07,roll_rmse_deg,D47_seed_03,3.3276899371949114,370,519,541,0.7129094412331407
<V3_ROOT>/07_AGGREGATE/CORE_541_DISTRIBUTION_V3.csv,data_row_1based:31799,A07,roll_rmse_deg,D44_seed_01,3.327748537846007,371,519,541,0.7148362235067437
<V3_ROOT>/07_AGGREGATE/CORE_541_DISTRIBUTION_V3.csv,data_row_1based:31800,A07,roll_rmse_deg,D34_seed_04,3.3278108550353607,372,519,541,0.7167630057803468
<V3_ROOT>/07_AGGREGATE/CORE_541_DISTRIBUTION_V3.csv,data_row_1based:31801,A07,roll_rmse_deg,D47_seed_02,3.3278821244163965,373,519,541,0.7186897880539499
<V3_ROOT>/07_AGGREGATE/CORE_541_DISTRIBUTION_V3.csv,data_row_1based:31802,A07,roll_rmse_deg,D22_seed_05,3.327951797201197,374,519,541,0.720616570327553
<V3_ROOT>/07_AGGREGATE/CORE_541_DISTRIBUTION_V3.csv,data_row_1based:31803,A07,roll_rmse_deg,D44_seed_00,3.3279620438816884,375,519,541,0.7225433526011561
<V3_ROOT>/07_AGGREGATE/CORE_541_DISTRIBUTION_V3.csv,data_row_1based:31804,A07,roll_rmse_deg,D32_seed_01,3.3280151769754798,376,519,541,0.7244701348747592
<V3_ROOT>/07_AGGREGATE/CORE_541_DISTRIBUTION_V3.csv,data_row_1based:31805,A07,roll_rmse_deg,D34_seed_00,3.328101076161418,377,519,541,0.7263969171483622
<V3_ROOT>/07_AGGREGATE/CORE_541_DISTRIBUTION_V3.csv,data_row_1based:31806,A07,roll_rmse_deg,D19_seed_05,3.3283011227004407,378,519,541,0.7283236994219653
<V3_ROOT>/07_AGGREGATE/CORE_541_DISTRIBUTION_V3.csv,data_row_1based:31807,A07,roll_rmse_deg,D20_seed_02,3.328439959686089,379,519,541,0.7302504816955684
<V3_ROOT>/07_AGGREGATE/CORE_541_DISTRIBUTION_V3.csv,data_row_1based:31808,A07,roll_rmse_deg,D33_seed_04,3.3284938939199153,380,519,541,0.7321772639691715
<V3_ROOT>/07_AGGREGATE/CORE_541_DISTRIBUTION_V3.csv,data_row_1based:31809,A07,roll_rmse_deg,D43_seed_07,3.328536406461334,381,519,541,0.7341040462427746
<V3_ROOT>/07_AGGREGATE/CORE_541_DISTRIBUTION_V3.csv,data_row_1based:31810,A07,roll_rmse_deg,D05_seed_00,3.3285716888722305,382,519,541,0.7360308285163777
<V3_ROOT>/07_AGGREGATE/CORE_541_DISTRIBUTION_V3.csv,data_row_1based:31811,A07,roll_rmse_deg,D11_seed_08,3.3287732037637894,383,519,541,0.7379576107899807
<V3_ROOT>/07_AGGREGATE/CORE_541_DISTRIBUTION_V3.csv,data_row_1based:31812,A07,roll_rmse_deg,D45_seed_04,3.3288856527547015,384,519,541,0.7398843930635838
<V3_ROOT>/07_AGGREGATE/CORE_541_DISTRIBUTION_V3.csv,data_row_1based:31813,A07,roll_rmse_deg,D19_seed_08,3.3290767650944475,385,519,541,0.7418111753371869
<V3_ROOT>/07_AGGREGATE/CORE_541_DISTRIBUTION_V3.csv,data_row_1based:31814,A07,roll_rmse_deg,D09_seed_00,3.3292020028939486,386,519,541,0.74373795761079
<V3_ROOT>/07_AGGREGATE/CORE_541_DISTRIBUTION_V3.csv,data_row_1based:31815,A07,roll_rmse_deg,D12_seed_07,3.3292503013825816,387,519,541,0.7456647398843931
<V3_ROOT>/07_AGGREGATE/CORE_541_DISTRIBUTION_V3.csv,data_row_1based:31816,A07,roll_rmse_deg,D05_seed_07,3.329286232606123,388,519,541,0.7475915221579962
<V3_ROOT>/07_AGGREGATE/CORE_541_DISTRIBUTION_V3.csv,data_row_1based:31817,A07,roll_rmse_deg,D50_seed_03,3.3293920999047013,389,519,541,0.7495183044315993
<V3_ROOT>/07_AGGREGATE/CORE_541_DISTRIBUTION_V3.csv,data_row_1based:31818,A07,roll_rmse_deg,D50_seed_02,3.329494187318808,390,519,541,0.7514450867052023
<V3_ROOT>/07_AGGREGATE/CORE_541_DISTRIBUTION_V3.csv,data_row_1based:31819,A07,roll_rmse_deg,D41_seed_04,3.3295216279437763,391,519,541,0.7533718689788054
<V3_ROOT>/07_AGGREGATE/CORE_541_DISTRIBUTION_V3.csv,data_row_1based:31820,A07,roll_rmse_deg,D49_seed_08,3.329530598963599,392,519,541,0.7552986512524085
<V3_ROOT>/07_AGGREGATE/CORE_541_DISTRIBUTION_V3.csv,data_row_1based:31821,A07,roll_rmse_deg,D12_seed_08,3.3295504522024255,393,519,541,0.7572254335260116
<V3_ROOT>/07_AGGREGATE/CORE_541_DISTRIBUTION_V3.csv,data_row_1based:31822,A07,roll_rmse_deg,D19_seed_06,3.329650649194865,394,519,541,0.7591522157996147
<V3_ROOT>/07_AGGREGATE/CORE_541_DISTRIBUTION_V3.csv,data_row_1based:31823,A07,roll_rmse_deg,D12_seed_01,3.3297622259972033,395,519,541,0.7610789980732178
<V3_ROOT>/07_AGGREGATE/CORE_541_DISTRIBUTION_V3.csv,data_row_1based:31824,A07,roll_rmse_deg,D49_seed_05,3.3298043704544336,396,519,541,0.7630057803468208
<V3_ROOT>/07_AGGREGATE/CORE_541_DISTRIBUTION_V3.csv,data_row_1based:31825,A07,roll_rmse_deg,D06_seed_01,3.3298262128208806,397,519,541,0.7649325626204239
<V3_ROOT>/07_AGGREGATE/CORE_541_DISTRIBUTION_V3.csv,data_row_1based:31826,A07,roll_rmse_deg,D49_seed_01,3.329904764168285,398,519,541,0.766859344894027
<V3_ROOT>/07_AGGREGATE/CORE_541_DISTRIBUTION_V3.csv,data_row_1based:31827,A07,roll_rmse_deg,D31_seed_07,3.3299097287448314,399,519,541,0.7687861271676301
<V3_ROOT>/07_AGGREGATE/CORE_541_DISTRIBUTION_V3.csv,data_row_1based:31828,A07,roll_rmse_deg,D33_seed_00,3.3299151785208716,400,519,541,0.7707129094412332
<V3_ROOT>/07_AGGREGATE/CORE_541_DISTRIBUTION_V3.csv,data_row_1based:31829,A07,roll_rmse_deg,D49_seed_04,3.32993022488979,401,519,541,0.7726396917148363
<V3_ROOT>/07_AGGREGATE/CORE_541_DISTRIBUTION_V3.csv,data_row_1based:31830,A07,roll_rmse_deg,D50_seed_06,3.330084146834037,402,519,541,0.7745664739884393
<V3_ROOT>/07_AGGREGATE/CORE_541_DISTRIBUTION_V3.csv,data_row_1based:31831,A07,roll_rmse_deg,D50_seed_04,3.330084994131492,403,519,541,0.7764932562620424
<V3_ROOT>/07_AGGREGATE/CORE_541_DISTRIBUTION_V3.csv,data_row_1based:31832,A07,roll_rmse_deg,D11_seed_04,3.3300940383331255,404,519,541,0.7784200385356455
<V3_ROOT>/07_AGGREGATE/CORE_541_DISTRIBUTION_V3.csv,data_row_1based:31833,A07,roll_rmse_deg,D50_seed_05,3.3301106689514848,405,519,541,0.7803468208092486
<V3_ROOT>/07_AGGREGATE/CORE_541_DISTRIBUTION_V3.csv,data_row_1based:31834,A07,roll_rmse_deg,D12_seed_06,3.3302625390124754,406,519,541,0.7822736030828517
<V3_ROOT>/07_AGGREGATE/CORE_541_DISTRIBUTION_V3.csv,data_row_1based:31835,A07,roll_rmse_deg,D11_seed_01,3.330280414536016,407,519,541,0.7842003853564548
<V3_ROOT>/07_AGGREGATE/CORE_541_DISTRIBUTION_V3.csv,data_row_1based:31836,A07,roll_rmse_deg,D31_seed_06,3.330369776296349,408,519,541,0.7861271676300579
<V3_ROOT>/07_AGGREGATE/CORE_541_DISTRIBUTION_V3.csv,data_row_1based:31837,A07,roll_rmse_deg,D06_seed_08,3.3306356821219008,409,519,541,0.7880539499036608
<V3_ROOT>/07_AGGREGATE/CORE_541_DISTRIBUTION_V3.csv,data_row_1based:31838,A07,roll_rmse_deg,D38_seed_00,3.3307035373454847,410,519,541,0.789980732177264
<V3_ROOT>/07_AGGREGATE/CORE_541_DISTRIBUTION_V3.csv,data_row_1based:31839,A07,roll_rmse_deg,D12_seed_02,3.330761783052029,411,519,541,0.791907514450867
<V3_ROOT>/07_AGGREGATE/CORE_541_DISTRIBUTION_V3.csv,data_row_1based:31840,A07,roll_rmse_deg,D49_seed_06,3.331114873049349,412,519,541,0.7938342967244701
<V3_ROOT>/07_AGGREGATE/CORE_541_DISTRIBUTION_V3.csv,data_row_1based:31841,A07,roll_rmse_deg,D33_seed_08,3.3311409383749595,413,519,541,0.7957610789980732
<V3_ROOT>/07_AGGREGATE/CORE_541_DISTRIBUTION_V3.csv,data_row_1based:31842,A07,roll_rmse_deg,D49_seed_07,3.3317100478135924,414,519,541,0.7976878612716763
<V3_ROOT>/07_AGGREGATE/CORE_541_DISTRIBUTION_V3.csv,data_row_1based:31843,A07,roll_rmse_deg,D43_seed_01,3.33193656660218,415,519,541,0.7996146435452793
<V3_ROOT>/07_AGGREGATE/CORE_541_DISTRIBUTION_V3.csv,data_row_1based:31844,A07,roll_rmse_deg,D33_seed_02,3.3320514644457933,416,519,541,0.8015414258188824
<V3_ROOT>/07_AGGREGATE/CORE_541_DISTRIBUTION_V3.csv,data_row_1based:31845,A07,roll_rmse_deg,D12_seed_00,3.332519030211658,417,519,541,0.8034682080924855
<V3_ROOT>/07_AGGREGATE/CORE_541_DISTRIBUTION_V3.csv,data_row_1based:31846,A07,roll_rmse_deg,D33_seed_06,3.332645532581467,418,519,541,0.8053949903660886
<V3_ROOT>/07_AGGREGATE/CORE_541_DISTRIBUTION_V3.csv,data_row_1based:31847,A07,roll_rmse_deg,D12_seed_04,3.332670175129036,419,519,541,0.8073217726396917
<V3_ROOT>/07_AGGREGATE/CORE_541_DISTRIBUTION_V3.csv,data_row_1based:31848,A07,roll_rmse_deg,D43_seed_08,3.332822238538012,420,519,541,0.8092485549132948
<V3_ROOT>/07_AGGREGATE/CORE_541_DISTRIBUTION_V3.csv,data_row_1based:31849,A07,roll_rmse_deg,D38_seed_02,3.332838184300988,421,519,541,0.8111753371868978
<V3_ROOT>/07_AGGREGATE/CORE_541_DISTRIBUTION_V3.csv,data_row_1based:31850,A07,roll_rmse_deg,D12_seed_03,3.3329382435736683,422,519,541,0.8131021194605009
<V3_ROOT>/07_AGGREGATE/CORE_541_DISTRIBUTION_V3.csv,data_row_1based:31851,A07,roll_rmse_deg,D33_seed_03,3.332951092817546,423,519,541,0.815028901734104
<V3_ROOT>/07_AGGREGATE/CORE_541_DISTRIBUTION_V3.csv,data_row_1based:31852,A07,roll_rmse_deg,D49_seed_03,3.333263436458959,424,519,541,0.8169556840077071
<V3_ROOT>/07_AGGREGATE/CORE_541_DISTRIBUTION_V3.csv,data_row_1based:31853,A07,roll_rmse_deg,D45_seed_07,3.3333117939913293,425,519,541,0.8188824662813102
<V3_ROOT>/07_AGGREGATE/CORE_541_DISTRIBUTION_V3.csv,data_row_1based:31854,A07,roll_rmse_deg,D20_seed_03,3.3335281735774935,426,519,541,0.8208092485549133
<V3_ROOT>/07_AGGREGATE/CORE_541_DISTRIBUTION_V3.csv,data_row_1based:31855,A07,roll_rmse_deg,D21_seed_08,3.333751049088862,427,519,541,0.8227360308285164
<V3_ROOT>/07_AGGREGATE/CORE_541_DISTRIBUTION_V3.csv,data_row_1based:31856,A07,roll_rmse_deg,D38_seed_01,3.333856252379067,428,519,541,0.8246628131021194
<V3_ROOT>/07_AGGREGATE/CORE_541_DISTRIBUTION_V3.csv,data_row_1based:31857,A07,roll_rmse_deg,D43_seed_03,3.3339613815215947,429,519,541,0.8265895953757225
<V3_ROOT>/07_AGGREGATE/CORE_541_DISTRIBUTION_V3.csv,data_row_1based:31858,A07,roll_rmse_deg,D22_seed_02,3.3341431004027626,430,519,541,0.8285163776493256
<V3_ROOT>/07_AGGREGATE/CORE_541_DISTRIBUTION_V3.csv,data_row_1based:31859,A07,roll_rmse_deg,D06_seed_03,3.3343654120499266,431,519,541,0.8304431599229287
<V3_ROOT>/07_AGGREGATE/CORE_541_DISTRIBUTION_V3.csv,data_row_1based:31860,A07,roll_rmse_deg,D49_seed_02,3.3345319990522184,432,519,541,0.8323699421965318
<V3_ROOT>/07_AGGREGATE/CORE_541_DISTRIBUTION_V3.csv,data_row_1based:31861,A07,roll_rmse_deg,D33_seed_07,3.334737777907194,433,519,541,0.8342967244701349
<V3_ROOT>/07_AGGREGATE/CORE_541_DISTRIBUTION_V3.csv,data_row_1based:31862,A07,roll_rmse_deg,D33_seed_01,3.334889633702586,434,519,541,0.8362235067437379
<V3_ROOT>/07_AGGREGATE/CORE_541_DISTRIBUTION_V3.csv,data_row_1based:31863,A07,roll_rmse_deg,D41_seed_05,3.3352490453102974,435,519,541,0.838150289017341
<V3_ROOT>/07_AGGREGATE/CORE_541_DISTRIBUTION_V3.csv,data_row_1based:31864,A07,roll_rmse_deg,D06_seed_05,3.335735668719096,436,519,541,0.8400770712909441
<V3_ROOT>/07_AGGREGATE/CORE_541_DISTRIBUTION_V3.csv,data_row_1based:31865,A07,roll_rmse_deg,D41_seed_01,3.335772807974395,437,519,541,0.8420038535645472
<V3_ROOT>/07_AGGREGATE/CORE_541_DISTRIBUTION_V3.csv,data_row_1based:31866,A07,roll_rmse_deg,D10_seed_01,3.336442415063957,438,519,541,0.8439306358381503
<V3_ROOT>/07_AGGREGATE/CORE_541_DISTRIBUTION_V3.csv,data_row_1based:31867,A07,roll_rmse_deg,D10_seed_02,3.336442415063957,439,519,541,0.8458574181117534
<V3_ROOT>/07_AGGREGATE/CORE_541_DISTRIBUTION_V3.csv,data_row_1based:31868,A07,roll_rmse_deg,D10_seed_03,3.336442415063957,440,519,541,0.8477842003853564
<V3_ROOT>/07_AGGREGATE/CORE_541_DISTRIBUTION_V3.csv,data_row_1based:31869,A07,roll_rmse_deg,D10_seed_04,3.336442415063957,441,519,541,0.8497109826589595
<V3_ROOT>/07_AGGREGATE/CORE_541_DISTRIBUTION_V3.csv,data_row_1based:31870,A07,roll_rmse_deg,D10_seed_05,3.336442415063957,442,519,541,0.8516377649325626
<V3_ROOT>/07_AGGREGATE/CORE_541_DISTRIBUTION_V3.csv,data_row_1based:31871,A07,roll_rmse_deg,D10_seed_06,3.336442415063957,443,519,541,0.8535645472061657
<V3_ROOT>/07_AGGREGATE/CORE_541_DISTRIBUTION_V3.csv,data_row_1based:31872,A07,roll_rmse_deg,D10_seed_07,3.336442415063957,444,519,541,0.8554913294797688
<V3_ROOT>/07_AGGREGATE/CORE_541_DISTRIBUTION_V3.csv,data_row_1based:31873,A07,roll_rmse_deg,D10_seed_08,3.336442415063957,445,519,541,0.8574181117533719
<V3_ROOT>/07_AGGREGATE/CORE_541_DISTRIBUTION_V3.csv,data_row_1based:31874,A07,roll_rmse_deg,D05_seed_06,3.336498020834176,446,519,541,0.859344894026975
<V3_ROOT>/07_AGGREGATE/CORE_541_DISTRIBUTION_V3.csv,data_row_1based:31875,A07,roll_rmse_deg,D45_seed_03,3.336835251556687,447,519,541,0.861271676300578
<V3_ROOT>/07_AGGREGATE/CORE_541_DISTRIBUTION_V3.csv,data_row_1based:31876,A07,roll_rmse_deg,D06_seed_04,3.3373838692254765,448,519,541,0.8631984585741811
<V3_ROOT>/07_AGGREGATE/CORE_541_DISTRIBUTION_V3.csv,data_row_1based:31877,A07,roll_rmse_deg,D41_seed_08,3.337623590264206,449,519,541,0.8651252408477842
<V3_ROOT>/07_AGGREGATE/CORE_541_DISTRIBUTION_V3.csv,data_row_1based:31878,A07,roll_rmse_deg,D38_seed_06,3.337820689319796,450,519,541,0.8670520231213873
<V3_ROOT>/07_AGGREGATE/CORE_541_DISTRIBUTION_V3.csv,data_row_1based:31879,A07,roll_rmse_deg,D22_seed_07,3.338004618212073,451,519,541,0.8689788053949904
<V3_ROOT>/07_AGGREGATE/CORE_541_DISTRIBUTION_V3.csv,data_row_1based:31880,A07,roll_rmse_deg,D10_seed_00,3.338034095317758,452,519,541,0.8709055876685935
<V3_ROOT>/07_AGGREGATE/CORE_541_DISTRIBUTION_V3.csv,data_row_1based:31881,A07,roll_rmse_deg,D38_seed_08,3.340607629166301,453,519,541,0.8728323699421965
<V3_ROOT>/07_AGGREGATE/CORE_541_DISTRIBUTION_V3.csv,data_row_1based:31882,A07,roll_rmse_deg,D45_seed_01,3.3410884260430955,454,519,541,0.8747591522157996
<V3_ROOT>/07_AGGREGATE/CORE_541_DISTRIBUTION_V3.csv,data_row_1based:31883,A07,roll_rmse_deg,D22_seed_01,3.343125169559969,455,519,541,0.8766859344894027
<V3_ROOT>/07_AGGREGATE/CORE_541_DISTRIBUTION_V3.csv,data_row_1based:31884,A07,roll_rmse_deg,D45_seed_08,3.3442069279325066,456,519,541,0.8786127167630058
<V3_ROOT>/07_AGGREGATE/CORE_541_DISTRIBUTION_V3.csv,data_row_1based:31885,A07,roll_rmse_deg,D38_seed_03,3.3444160652490726,457,519,541,0.8805394990366089
<V3_ROOT>/07_AGGREGATE/CORE_541_DISTRIBUTION_V3.csv,data_row_1based:31886,A07,roll_rmse_deg,D06_seed_02,3.3502180822920846,458,519,541,0.882466281310212
<V3_ROOT>/07_AGGREGATE/CORE_541_DISTRIBUTION_V3.csv,data_row_1based:31887,A07,roll_rmse_deg,D38_seed_07,3.351466144039594,459,519,541,0.884393063583815
<V3_ROOT>/07_AGGREGATE/CORE_541_DISTRIBUTION_V3.csv,data_row_1based:31888,A07,roll_rmse_deg,D43_seed_06,3.352036658884893,460,519,541,0.8863198458574181
<V3_ROOT>/07_AGGREGATE/CORE_541_DISTRIBUTION_V3.csv,data_row_1based:31889,A07,roll_rmse_deg,D20_seed_05,3.358686737338377,461,519,541,0.8882466281310212
<V3_ROOT>/07_AGGREGATE/CORE_541_DISTRIBUTION_V3.csv,data_row_1based:31890,A07,roll_rmse_deg,D26_seed_00,3.3650423077888103,462,519,541,0.8901734104046243
<V3_ROOT>/07_AGGREGATE/CORE_541_DISTRIBUTION_V3.csv,data_row_1based:31891,A07,roll_rmse_deg,D26_seed_01,3.3650423077888103,463,519,541,0.8921001926782274
<V3_ROOT>/07_AGGREGATE/CORE_541_DISTRIBUTION_V3.csv,data_row_1based:31892,A07,roll_rmse_deg,D26_seed_02,3.3650423077888103,464,519,541,0.8940269749518305
<V3_ROOT>/07_AGGREGATE/CORE_541_DISTRIBUTION_V3.csv,data_row_1based:31893,A07,roll_rmse_deg,D26_seed_03,3.3650423077888103,465,519,541,0.8959537572254336
<V3_ROOT>/07_AGGREGATE/CORE_541_DISTRIBUTION_V3.csv,data_row_1based:31894,A07,roll_rmse_deg,D26_seed_04,3.3650423077888103,466,519,541,0.8978805394990366
<V3_ROOT>/07_AGGREGATE/CORE_541_DISTRIBUTION_V3.csv,data_row_1based:31895,A07,roll_rmse_deg,D26_seed_05,3.3650423077888103,467,519,541,0.8998073217726397
<V3_ROOT>/07_AGGREGATE/CORE_541_DISTRIBUTION_V3.csv,data_row_1based:31896,A07,roll_rmse_deg,D26_seed_06,3.3650423077888103,468,519,541,0.9017341040462428
<V3_ROOT>/07_AGGREGATE/CORE_541_DISTRIBUTION_V3.csv,data_row_1based:31897,A07,roll_rmse_deg,D26_seed_07,3.3650423077888103,469,519,541,0.9036608863198459
<V3_ROOT>/07_AGGREGATE/CORE_541_DISTRIBUTION_V3.csv,data_row_1based:31898,A07,roll_rmse_deg,D26_seed_08,3.3650423077888103,470,519,541,0.905587668593449
<V3_ROOT>/07_AGGREGATE/CORE_541_DISTRIBUTION_V3.csv,data_row_1based:31899,A07,roll_rmse_deg,D21_seed_04,3.365684114457381,471,519,541,0.9075144508670521
<V3_ROOT>/07_AGGREGATE/CORE_541_DISTRIBUTION_V3.csv,data_row_1based:31900,A07,roll_rmse_deg,D06_seed_07,3.3772553193934254,472,519,541,0.9094412331406551
<V3_ROOT>/07_AGGREGATE/CORE_541_DISTRIBUTION_V3.csv,data_row_1based:31901,A07,roll_rmse_deg,D45_seed_06,3.385098123715993,473,519,541,0.9113680154142582
<V3_ROOT>/07_AGGREGATE/CORE_541_DISTRIBUTION_V3.csv,data_row_1based:31902,A07,roll_rmse_deg,D60_seed_07,3.4007783370208475,474,519,541,0.9132947976878613
<V3_ROOT>/07_AGGREGATE/CORE_541_DISTRIBUTION_V3.csv,data_row_1based:31903,A07,roll_rmse_deg,D06_seed_00,3.4010150329183833,475,519,541,0.9152215799614644
<V3_ROOT>/07_AGGREGATE/CORE_541_DISTRIBUTION_V3.csv,data_row_1based:31904,A07,roll_rmse_deg,D13_seed_06,3.4076861496234216,476,519,541,0.9171483622350675
<V3_ROOT>/07_AGGREGATE/CORE_541_DISTRIBUTION_V3.csv,data_row_1based:31905,A07,roll_rmse_deg,D06_seed_06,3.4157229979298984,477,519,541,0.9190751445086706
<V3_ROOT>/07_AGGREGATE/CORE_541_DISTRIBUTION_V3.csv,data_row_1based:31906,A07,roll_rmse_deg,D13_seed_02,3.426304876986997,478,519,541,0.9210019267822736
<V3_ROOT>/07_AGGREGATE/CORE_541_DISTRIBUTION_V3.csv,data_row_1based:31907,A07,roll_rmse_deg,D21_seed_05,3.46588871373676,479,519,541,0.9229287090558767
<V3_ROOT>/07_AGGREGATE/CORE_541_DISTRIBUTION_V3.csv,data_row_1based:31908,A07,roll_rmse_deg,D21_seed_06,3.4791127888076687,480,519,541,0.9248554913294798
<V3_ROOT>/07_AGGREGATE/CORE_541_DISTRIBUTION_V3.csv,data_row_1based:31909,A07,roll_rmse_deg,D13_seed_07,3.5081374175329025,481,519,541,0.9267822736030829
<V3_ROOT>/07_AGGREGATE/CORE_541_DISTRIBUTION_V3.csv,data_row_1based:31910,A07,roll_rmse_deg,D60_seed_06,3.535946562367395,482,519,541,0.928709055876686
<V3_ROOT>/07_AGGREGATE/CORE_541_DISTRIBUTION_V3.csv,data_row_1based:31911,A07,roll_rmse_deg,D13_seed_01,3.5726976755388637,483,519,541,0.930635838150289
<V3_ROOT>/07_AGGREGATE/CORE_541_DISTRIBUTION_V3.csv,data_row_1based:31912,A07,roll_rmse_deg,D13_seed_05,3.6315856494353964,484,519,541,0.9325626204238922
<V3_ROOT>/07_AGGREGATE/CORE_541_DISTRIBUTION_V3.csv,data_row_1based:31913,A07,roll_rmse_deg,D13_seed_03,3.7357810346188867,485,519,541,0.9344894026974951
<V3_ROOT>/07_AGGREGATE/CORE_541_DISTRIBUTION_V3.csv,data_row_1based:31914,A07,roll_rmse_deg,D13_seed_00,3.800257308325827,486,519,541,0.9364161849710982
<V3_ROOT>/07_AGGREGATE/CORE_541_DISTRIBUTION_V3.csv,data_row_1based:31915,A07,roll_rmse_deg,D13_seed_08,3.8300604773565854,487,519,541,0.9383429672447013
<V3_ROOT>/07_AGGREGATE/CORE_541_DISTRIBUTION_V3.csv,data_row_1based:31916,A07,roll_rmse_deg,D60_seed_08,3.8885304480883223,488,519,541,0.9402697495183044
<V3_ROOT>/07_AGGREGATE/CORE_541_DISTRIBUTION_V3.csv,data_row_1based:31917,A07,roll_rmse_deg,D21_seed_07,4.129456466698173,489,519,541,0.9421965317919075
<V3_ROOT>/07_AGGREGATE/CORE_541_DISTRIBUTION_V3.csv,data_row_1based:31918,A07,roll_rmse_deg,D13_seed_04,4.162366930729025,490,519,541,0.9441233140655106
<V3_ROOT>/07_AGGREGATE/CORE_541_DISTRIBUTION_V3.csv,data_row_1based:31919,A07,roll_rmse_deg,D60_seed_05,4.712800457922228,491,519,541,0.9460500963391136
<V3_ROOT>/07_AGGREGATE/CORE_541_DISTRIBUTION_V3.csv,data_row_1based:31920,A07,roll_rmse_deg,D14_seed_07,4.997479767441798,492,519,541,0.9479768786127167
<V3_ROOT>/07_AGGREGATE/CORE_541_DISTRIBUTION_V3.csv,data_row_1based:31921,A07,roll_rmse_deg,D21_seed_03,5.505793493721049,493,519,541,0.9499036608863198
<V3_ROOT>/07_AGGREGATE/CORE_541_DISTRIBUTION_V3.csv,data_row_1based:31922,A07,roll_rmse_deg,D14_seed_02,6.076995460602587,494,519,541,0.9518304431599229
<V3_ROOT>/07_AGGREGATE/CORE_541_DISTRIBUTION_V3.csv,data_row_1based:31923,A07,roll_rmse_deg,D14_seed_06,7.314796758961408,495,519,541,0.953757225433526
<V3_ROOT>/07_AGGREGATE/CORE_541_DISTRIBUTION_V3.csv,data_row_1based:31924,A07,roll_rmse_deg,D14_seed_05,7.441643660956325,496,519,541,0.9556840077071291
<V3_ROOT>/07_AGGREGATE/CORE_541_DISTRIBUTION_V3.csv,data_row_1based:31925,A07,roll_rmse_deg,D14_seed_03,8.805180473499913,497,519,541,0.9576107899807321
<V3_ROOT>/07_AGGREGATE/CORE_541_DISTRIBUTION_V3.csv,data_row_1based:31926,A07,roll_rmse_deg,D14_seed_04,9.317511427839538,498,519,541,0.9595375722543352
<V3_ROOT>/07_AGGREGATE/CORE_541_DISTRIBUTION_V3.csv,data_row_1based:31927,A07,roll_rmse_deg,D14_seed_01,9.460395538033538,499,519,541,0.9614643545279383
<V3_ROOT>/07_AGGREGATE/CORE_541_DISTRIBUTION_V3.csv,data_row_1based:31928,A07,roll_rmse_deg,D14_seed_08,11.296101964553962,500,519,541,0.9633911368015414
<V3_ROOT>/07_AGGREGATE/CORE_541_DISTRIBUTION_V3.csv,data_row_1based:31929,A07,roll_rmse_deg,D15_seed_08,11.568798838752292,501,519,541,0.9653179190751445
<V3_ROOT>/07_AGGREGATE/CORE_541_DISTRIBUTION_V3.csv,data_row_1based:31930,A07,roll_rmse_deg,D59_seed_08,11.90065352340135,502,519,541,0.9672447013487476
<V3_ROOT>/07_AGGREGATE/CORE_541_DISTRIBUTION_V3.csv,data_row_1based:31931,A07,roll_rmse_deg,D14_seed_00,11.917297884939027,503,519,541,0.9691714836223507
<V3_ROOT>/07_AGGREGATE/CORE_541_DISTRIBUTION_V3.csv,data_row_1based:31932,A07,roll_rmse_deg,D59_seed_01,12.553455103109602,504,519,541,0.9710982658959537
<V3_ROOT>/07_AGGREGATE/CORE_541_DISTRIBUTION_V3.csv,data_row_1based:31933,A07,roll_rmse_deg,D15_seed_06,13.59567336498413,505,519,541,0.9730250481695568
<V3_ROOT>/07_AGGREGATE/CORE_541_DISTRIBUTION_V3.csv,data_row_1based:31934,A07,roll_rmse_deg,D15_seed_02,13.786072640478979,506,519,541,0.9749518304431599
<V3_ROOT>/07_AGGREGATE/CORE_541_DISTRIBUTION_V3.csv,data_row_1based:31935,A07,roll_rmse_deg,D59_seed_02,13.978309010552731,507,519,541,0.976878612716763
<V3_ROOT>/07_AGGREGATE/CORE_541_DISTRIBUTION_V3.csv,data_row_1based:31936,A07,roll_rmse_deg,D15_seed_01,14.548499835529782,508,519,541,0.9788053949903661
<V3_ROOT>/07_AGGREGATE/CORE_541_DISTRIBUTION_V3.csv,data_row_1based:31937,A07,roll_rmse_deg,D59_seed_06,15.007496648047603,509,519,541,0.9807321772639692
<V3_ROOT>/07_AGGREGATE/CORE_541_DISTRIBUTION_V3.csv,data_row_1based:31938,A07,roll_rmse_deg,D15_seed_04,15.288900492531619,510,519,541,0.9826589595375722
<V3_ROOT>/07_AGGREGATE/CORE_541_DISTRIBUTION_V3.csv,data_row_1based:31939,A07,roll_rmse_deg,D59_seed_04,15.45514015800643,511,519,541,0.9845857418111753
<V3_ROOT>/07_AGGREGATE/CORE_541_DISTRIBUTION_V3.csv,data_row_1based:31940,A07,roll_rmse_deg,D15_seed_07,15.82231537622743,512,519,541,0.9865125240847784
<V3_ROOT>/07_AGGREGATE/CORE_541_DISTRIBUTION_V3.csv,data_row_1based:31941,A07,roll_rmse_deg,D59_seed_03,16.49980638643841,513,519,541,0.9884393063583815
<V3_ROOT>/07_AGGREGATE/CORE_541_DISTRIBUTION_V3.csv,data_row_1based:31942,A07,roll_rmse_deg,D59_seed_05,16.911806536075616,514,519,541,0.9903660886319846
<V3_ROOT>/07_AGGREGATE/CORE_541_DISTRIBUTION_V3.csv,data_row_1based:31943,A07,roll_rmse_deg,D59_seed_07,17.309256126616766,515,519,541,0.9922928709055877
<V3_ROOT>/07_AGGREGATE/CORE_541_DISTRIBUTION_V3.csv,data_row_1based:31944,A07,roll_rmse_deg,D15_seed_03,17.67224218657077,516,519,541,0.9942196531791907
<V3_ROOT>/07_AGGREGATE/CORE_541_DISTRIBUTION_V3.csv,data_row_1based:31945,A07,roll_rmse_deg,D15_seed_05,25.62455596239007,517,519,541,0.9961464354527938
<V3_ROOT>/07_AGGREGATE/CORE_541_DISTRIBUTION_V3.csv,data_row_1based:31946,A07,roll_rmse_deg,D15_seed_00,33.64875712341393,518,519,541,0.9980732177263969
<V3_ROOT>/07_AGGREGATE/CORE_541_DISTRIBUTION_V3.csv,data_row_1based:31947,A07,roll_rmse_deg,D59_seed_00,37.08870760820418,519,519,541,1.0
<V3_ROOT>/07_AGGREGATE/CORE_541_DISTRIBUTION_V3.csv,data_row_1based:31948,A07,pitch_rmse_deg,D60_seed_08,2.809223938125442,1,519,541,0.0019267822736030828
<V3_ROOT>/07_AGGREGATE/CORE_541_DISTRIBUTION_V3.csv,data_row_1based:31949,A07,pitch_rmse_deg,D21_seed_01,2.883208993128246,2,519,541,0.0038535645472061657
<V3_ROOT>/07_AGGREGATE/CORE_541_DISTRIBUTION_V3.csv,data_row_1based:31950,A07,pitch_rmse_deg,D21_seed_00,2.8875502457378857,3,519,541,0.005780346820809248
<V3_ROOT>/07_AGGREGATE/CORE_541_DISTRIBUTION_V3.csv,data_row_1based:31951,A07,pitch_rmse_deg,D41_seed_03,2.9052465193443937,4,519,541,0.007707129094412331
<V3_ROOT>/07_AGGREGATE/CORE_541_DISTRIBUTION_V3.csv,data_row_1based:31952,A07,pitch_rmse_deg,D41_seed_07,2.906707833265225,5,519,541,0.009633911368015413
<V3_ROOT>/07_AGGREGATE/CORE_541_DISTRIBUTION_V3.csv,data_row_1based:31953,A07,pitch_rmse_deg,D41_seed_05,2.912477301444666,6,519,541,0.011560693641618497
<V3_ROOT>/07_AGGREGATE/CORE_541_DISTRIBUTION_V3.csv,data_row_1based:31954,A07,pitch_rmse_deg,D22_seed_03,2.912725657459798,7,519,541,0.01348747591522158
<V3_ROOT>/07_AGGREGATE/CORE_541_DISTRIBUTION_V3.csv,data_row_1based:31955,A07,pitch_rmse_deg,D22_seed_04,2.912853853122544,8,519,541,0.015414258188824663
<V3_ROOT>/07_AGGREGATE/CORE_541_DISTRIBUTION_V3.csv,data_row_1based:31956,A07,pitch_rmse_deg,D41_seed_02,2.9150207270991597,9,519,541,0.017341040462427744
<V3_ROOT>/07_AGGREGATE/CORE_541_DISTRIBUTION_V3.csv,data_row_1based:31957,A07,pitch_rmse_deg,D38_seed_03,2.9172670417364963,10,519,541,0.019267822736030827
<V3_ROOT>/07_AGGREGATE/CORE_541_DISTRIBUTION_V3.csv,data_row_1based:31958,A07,pitch_rmse_deg,D20_seed_06,2.917767512187889,11,519,541,0.02119460500963391
<V3_ROOT>/07_AGGREGATE/CORE_541_DISTRIBUTION_V3.csv,data_row_1based:31959,A07,pitch_rmse_deg,D41_seed_01,2.918328627810027,12,519,541,0.023121387283236993
<V3_ROOT>/07_AGGREGATE/CORE_541_DISTRIBUTION_V3.csv,data_row_1based:31960,A07,pitch_rmse_deg,D38_seed_01,2.9187949610518347,13,519,541,0.025048169556840076
<V3_ROOT>/07_AGGREGATE/CORE_541_DISTRIBUTION_V3.csv,data_row_1based:31961,A07,pitch_rmse_deg,D20_seed_01,2.9191945823423553,14,519,541,0.02697495183044316
<V3_ROOT>/07_AGGREGATE/CORE_541_DISTRIBUTION_V3.csv,data_row_1based:31962,A07,pitch_rmse_deg,D41_seed_06,2.919945537265228,15,519,541,0.028901734104046242
<V3_ROOT>/07_AGGREGATE/CORE_541_DISTRIBUTION_V3.csv,data_row_1based:31963,A07,pitch_rmse_deg,D38_seed_06,2.9207680850280195,16,519,541,0.030828516377649325
<V3_ROOT>/07_AGGREGATE/CORE_541_DISTRIBUTION_V3.csv,data_row_1based:31964,A07,pitch_rmse_deg,D38_seed_07,2.921236492735638,17,519,541,0.03275529865125241
<V3_ROOT>/07_AGGREGATE/CORE_541_DISTRIBUTION_V3.csv,data_row_1based:31965,A07,pitch_rmse_deg,D38_seed_08,2.9214564539064316,18,519,541,0.03468208092485549
<V3_ROOT>/07_AGGREGATE/CORE_541_DISTRIBUTION_V3.csv,data_row_1based:31966,A07,pitch_rmse_deg,D45_seed_02,2.921641679242816,19,519,541,0.036608863198458574
<V3_ROOT>/07_AGGREGATE/CORE_541_DISTRIBUTION_V3.csv,data_row_1based:31967,A07,pitch_rmse_deg,D33_seed_04,2.9217497113126907,20,519,541,0.038535645472061654
<V3_ROOT>/07_AGGREGATE/CORE_541_DISTRIBUTION_V3.csv,data_row_1based:31968,A07,pitch_rmse_deg,D41_seed_08,2.92226632555043,21,519,541,0.04046242774566474
<V3_ROOT>/07_AGGREGATE/CORE_541_DISTRIBUTION_V3.csv,data_row_1based:31969,A07,pitch_rmse_deg,D43_seed_02,2.9224389732318086,22,519,541,0.04238921001926782
<V3_ROOT>/07_AGGREGATE/CORE_541_DISTRIBUTION_V3.csv,data_row_1based:31970,A07,pitch_rmse_deg,D33_seed_07,2.9227723468492313,23,519,541,0.04431599229287091
<V3_ROOT>/07_AGGREGATE/CORE_541_DISTRIBUTION_V3.csv,data_row_1based:31971,A07,pitch_rmse_deg,D38_seed_00,2.9230189574680505,24,519,541,0.046242774566473986
<V3_ROOT>/07_AGGREGATE/CORE_541_DISTRIBUTION_V3.csv,data_row_1based:31972,A07,pitch_rmse_deg,D38_seed_04,2.9239140737366807,25,519,541,0.04816955684007707
<V3_ROOT>/07_AGGREGATE/CORE_541_DISTRIBUTION_V3.csv,data_row_1based:31973,A07,pitch_rmse_deg,D33_seed_01,2.924082672681616,26,519,541,0.05009633911368015
<V3_ROOT>/07_AGGREGATE/CORE_541_DISTRIBUTION_V3.csv,data_row_1based:31974,A07,pitch_rmse_deg,D11_seed_08,2.9242605898720475,27,519,541,0.05202312138728324
<V3_ROOT>/07_AGGREGATE/CORE_541_DISTRIBUTION_V3.csv,data_row_1based:31975,A07,pitch_rmse_deg,D22_seed_05,2.9252460393960944,28,519,541,0.05394990366088632
<V3_ROOT>/07_AGGREGATE/CORE_541_DISTRIBUTION_V3.csv,data_row_1based:31976,A07,pitch_rmse_deg,D33_seed_00,2.925271794977443,29,519,541,0.055876685934489405
<V3_ROOT>/07_AGGREGATE/CORE_541_DISTRIBUTION_V3.csv,data_row_1based:31977,A07,pitch_rmse_deg,D22_seed_02,2.9253175541811207,30,519,541,0.057803468208092484
<V3_ROOT>/07_AGGREGATE/CORE_541_DISTRIBUTION_V3.csv,data_row_1based:31978,A07,pitch_rmse_deg,D33_seed_03,2.925462633224737,31,519,541,0.05973025048169557
<V3_ROOT>/07_AGGREGATE/CORE_541_DISTRIBUTION_V3.csv,data_row_1based:31979,A07,pitch_rmse_deg,D38_seed_02,2.926007299436899,32,519,541,0.06165703275529865
<V3_ROOT>/07_AGGREGATE/CORE_541_DISTRIBUTION_V3.csv,data_row_1based:31980,A07,pitch_rmse_deg,D50_seed_01,2.926118640590033,33,519,541,0.06358381502890173
<V3_ROOT>/07_AGGREGATE/CORE_541_DISTRIBUTION_V3.csv,data_row_1based:31981,A07,pitch_rmse_deg,D50_seed_00,2.9262743222612464,34,519,541,0.06551059730250482
<V3_ROOT>/07_AGGREGATE/CORE_541_DISTRIBUTION_V3.csv,data_row_1based:31982,A07,pitch_rmse_deg,D25_seed_00,2.9262918467331684,35,519,541,0.0674373795761079
<V3_ROOT>/07_AGGREGATE/CORE_541_DISTRIBUTION_V3.csv,data_row_1based:31983,A07,pitch_rmse_deg,D25_seed_01,2.9262918467331684,36,519,541,0.06936416184971098
<V3_ROOT>/07_AGGREGATE/CORE_541_DISTRIBUTION_V3.csv,data_row_1based:31984,A07,pitch_rmse_deg,D25_seed_02,2.9262918467331684,37,519,541,0.07129094412331406
<V3_ROOT>/07_AGGREGATE/CORE_541_DISTRIBUTION_V3.csv,data_row_1based:31985,A07,pitch_rmse_deg,D25_seed_03,2.9262918467331684,38,519,541,0.07321772639691715
<V3_ROOT>/07_AGGREGATE/CORE_541_DISTRIBUTION_V3.csv,data_row_1based:31986,A07,pitch_rmse_deg,D25_seed_04,2.9262918467331684,39,519,541,0.07514450867052024
<V3_ROOT>/07_AGGREGATE/CORE_541_DISTRIBUTION_V3.csv,data_row_1based:31987,A07,pitch_rmse_deg,D25_seed_05,2.9262918467331684,40,519,541,0.07707129094412331
<V3_ROOT>/07_AGGREGATE/CORE_541_DISTRIBUTION_V3.csv,data_row_1based:31988,A07,pitch_rmse_deg,D25_seed_06,2.9262918467331684,41,519,541,0.0789980732177264
<V3_ROOT>/07_AGGREGATE/CORE_541_DISTRIBUTION_V3.csv,data_row_1based:31989,A07,pitch_rmse_deg,D25_seed_07,2.9262918467331684,42,519,541,0.08092485549132948
<V3_ROOT>/07_AGGREGATE/CORE_541_DISTRIBUTION_V3.csv,data_row_1based:31990,A07,pitch_rmse_deg,D25_seed_08,2.9262918467331684,43,519,541,0.08285163776493257
<V3_ROOT>/07_AGGREGATE/CORE_541_DISTRIBUTION_V3.csv,data_row_1based:31991,A07,pitch_rmse_deg,D28_seed_00,2.9262918467331684,44,519,541,0.08477842003853564
<V3_ROOT>/07_AGGREGATE/CORE_541_DISTRIBUTION_V3.csv,data_row_1based:31992,A07,pitch_rmse_deg,D28_seed_01,2.9262918467331684,45,519,541,0.08670520231213873
<V3_ROOT>/07_AGGREGATE/CORE_541_DISTRIBUTION_V3.csv,data_row_1based:31993,A07,pitch_rmse_deg,D28_seed_02,2.9262918467331684,46,519,541,0.08863198458574181
<V3_ROOT>/07_AGGREGATE/CORE_541_DISTRIBUTION_V3.csv,data_row_1based:31994,A07,pitch_rmse_deg,D28_seed_03,2.9262918467331684,47,519,541,0.0905587668593449
<V3_ROOT>/07_AGGREGATE/CORE_541_DISTRIBUTION_V3.csv,data_row_1based:31995,A07,pitch_rmse_deg,D28_seed_04,2.9262918467331684,48,519,541,0.09248554913294797
<V3_ROOT>/07_AGGREGATE/CORE_541_DISTRIBUTION_V3.csv,data_row_1based:31996,A07,pitch_rmse_deg,D28_seed_05,2.9262918467331684,49,519,541,0.09441233140655106
<V3_ROOT>/07_AGGREGATE/CORE_541_DISTRIBUTION_V3.csv,data_row_1based:31997,A07,pitch_rmse_deg,D28_seed_06,2.9262918467331684,50,519,541,0.09633911368015415
<V3_ROOT>/07_AGGREGATE/CORE_541_DISTRIBUTION_V3.csv,data_row_1based:31998,A07,pitch_rmse_deg,D28_seed_07,2.9262918467331684,51,519,541,0.09826589595375723
<V3_ROOT>/07_AGGREGATE/CORE_541_DISTRIBUTION_V3.csv,data_row_1based:31999,A07,pitch_rmse_deg,D28_seed_08,2.9262918467331684,52,519,541,0.1001926782273603
<V3_ROOT>/07_AGGREGATE/CORE_541_DISTRIBUTION_V3.csv,data_row_1based:32000,A07,pitch_rmse_deg,D33_seed_08,2.926357080945644,53,519,541,0.10211946050096339
<V3_ROOT>/07_AGGREGATE/CORE_541_DISTRIBUTION_V3.csv,data_row_1based:32001,A07,pitch_rmse_deg,D09_seed_01,2.926386190188295,54,519,541,0.10404624277456648
<V3_ROOT>/07_AGGREGATE/CORE_541_DISTRIBUTION_V3.csv,data_row_1based:32002,A07,pitch_rmse_deg,D09_seed_02,2.926386190188295,55,519,541,0.10597302504816955
<V3_ROOT>/07_AGGREGATE/CORE_541_DISTRIBUTION_V3.csv,data_row_1based:32003,A07,pitch_rmse_deg,D09_seed_03,2.926386190188295,56,519,541,0.10789980732177264
<V3_ROOT>/07_AGGREGATE/CORE_541_DISTRIBUTION_V3.csv,data_row_1based:32004,A07,pitch_rmse_deg,D09_seed_04,2.926386190188295,57,519,541,0.10982658959537572
<V3_ROOT>/07_AGGREGATE/CORE_541_DISTRIBUTION_V3.csv,data_row_1based:32005,A07,pitch_rmse_deg,D09_seed_05,2.926386190188295,58,519,541,0.11175337186897881
<V3_ROOT>/07_AGGREGATE/CORE_541_DISTRIBUTION_V3.csv,data_row_1based:32006,A07,pitch_rmse_deg,D09_seed_06,2.926386190188295,59,519,541,0.11368015414258188
<V3_ROOT>/07_AGGREGATE/CORE_541_DISTRIBUTION_V3.csv,data_row_1based:32007,A07,pitch_rmse_deg,D09_seed_07,2.926386190188295,60,519,541,0.11560693641618497
<V3_ROOT>/07_AGGREGATE/CORE_541_DISTRIBUTION_V3.csv,data_row_1based:32008,A07,pitch_rmse_deg,D09_seed_08,2.926386190188295,61,519,541,0.11753371868978806
<V3_ROOT>/07_AGGREGATE/CORE_541_DISTRIBUTION_V3.csv,data_row_1based:32009,A07,pitch_rmse_deg,D22_seed_07,2.926518757299189,62,519,541,0.11946050096339114
<V3_ROOT>/07_AGGREGATE/CORE_541_DISTRIBUTION_V3.csv,data_row_1based:32010,A07,pitch_rmse_deg,D12_seed_05,2.9265952446586545,63,519,541,0.12138728323699421
<V3_ROOT>/07_AGGREGATE/CORE_541_DISTRIBUTION_V3.csv,data_row_1based:32011,A07,pitch_rmse_deg,D26_seed_00,2.9268447693208492,64,519,541,0.1233140655105973
<V3_ROOT>/07_AGGREGATE/CORE_541_DISTRIBUTION_V3.csv,data_row_1based:32012,A07,pitch_rmse_deg,D26_seed_01,2.9268447693208492,65,519,541,0.1252408477842004
<V3_ROOT>/07_AGGREGATE/CORE_541_DISTRIBUTION_V3.csv,data_row_1based:32013,A07,pitch_rmse_deg,D26_seed_02,2.9268447693208492,66,519,541,0.12716763005780346
<V3_ROOT>/07_AGGREGATE/CORE_541_DISTRIBUTION_V3.csv,data_row_1based:32014,A07,pitch_rmse_deg,D26_seed_03,2.9268447693208492,67,519,541,0.12909441233140656
<V3_ROOT>/07_AGGREGATE/CORE_541_DISTRIBUTION_V3.csv,data_row_1based:32015,A07,pitch_rmse_deg,D26_seed_04,2.9268447693208492,68,519,541,0.13102119460500963
<V3_ROOT>/07_AGGREGATE/CORE_541_DISTRIBUTION_V3.csv,data_row_1based:32016,A07,pitch_rmse_deg,D26_seed_05,2.9268447693208492,69,519,541,0.1329479768786127
<V3_ROOT>/07_AGGREGATE/CORE_541_DISTRIBUTION_V3.csv,data_row_1based:32017,A07,pitch_rmse_deg,D26_seed_06,2.9268447693208492,70,519,541,0.1348747591522158
<V3_ROOT>/07_AGGREGATE/CORE_541_DISTRIBUTION_V3.csv,data_row_1based:32018,A07,pitch_rmse_deg,D26_seed_07,2.9268447693208492,71,519,541,0.13680154142581888
<V3_ROOT>/07_AGGREGATE/CORE_541_DISTRIBUTION_V3.csv,data_row_1based:32019,A07,pitch_rmse_deg,D26_seed_08,2.9268447693208492,72,519,541,0.13872832369942195
<V3_ROOT>/07_AGGREGATE/CORE_541_DISTRIBUTION_V3.csv,data_row_1based:32020,A07,pitch_rmse_deg,D31_seed_06,2.9268504784541403,73,519,541,0.14065510597302505
<V3_ROOT>/07_AGGREGATE/CORE_541_DISTRIBUTION_V3.csv,data_row_1based:32021,A07,pitch_rmse_deg,D33_seed_06,2.927007245706005,74,519,541,0.14258188824662812
<V3_ROOT>/07_AGGREGATE/CORE_541_DISTRIBUTION_V3.csv,data_row_1based:32022,A07,pitch_rmse_deg,D24_seed_00,2.9270322510836126,75,519,541,0.14450867052023122
<V3_ROOT>/07_AGGREGATE/CORE_541_DISTRIBUTION_V3.csv,data_row_1based:32023,A07,pitch_rmse_deg,D24_seed_01,2.9270322510836126,76,519,541,0.1464354527938343
<V3_ROOT>/07_AGGREGATE/CORE_541_DISTRIBUTION_V3.csv,data_row_1based:32024,A07,pitch_rmse_deg,D24_seed_02,2.9270322510836126,77,519,541,0.14836223506743737
<V3_ROOT>/07_AGGREGATE/CORE_541_DISTRIBUTION_V3.csv,data_row_1based:32025,A07,pitch_rmse_deg,D24_seed_03,2.9270322510836126,78,519,541,0.15028901734104047
<V3_ROOT>/07_AGGREGATE/CORE_541_DISTRIBUTION_V3.csv,data_row_1based:32026,A07,pitch_rmse_deg,D24_seed_04,2.9270322510836126,79,519,541,0.15221579961464354
<V3_ROOT>/07_AGGREGATE/CORE_541_DISTRIBUTION_V3.csv,data_row_1based:32027,A07,pitch_rmse_deg,D24_seed_05,2.9270322510836126,80,519,541,0.15414258188824662
<V3_ROOT>/07_AGGREGATE/CORE_541_DISTRIBUTION_V3.csv,data_row_1based:32028,A07,pitch_rmse_deg,D24_seed_06,2.9270322510836126,81,519,541,0.15606936416184972
<V3_ROOT>/07_AGGREGATE/CORE_541_DISTRIBUTION_V3.csv,data_row_1based:32029,A07,pitch_rmse_deg,D24_seed_07,2.9270322510836126,82,519,541,0.1579961464354528
<V3_ROOT>/07_AGGREGATE/CORE_541_DISTRIBUTION_V3.csv,data_row_1based:32030,A07,pitch_rmse_deg,D24_seed_08,2.9270322510836126,83,519,541,0.1599229287090559
<V3_ROOT>/07_AGGREGATE/CORE_541_DISTRIBUTION_V3.csv,data_row_1based:32031,A07,pitch_rmse_deg,D34_seed_04,2.9270910253921887,84,519,541,0.16184971098265896
<V3_ROOT>/07_AGGREGATE/CORE_541_DISTRIBUTION_V3.csv,data_row_1based:32032,A07,pitch_rmse_deg,D50_seed_07,2.9271371953548173,85,519,541,0.16377649325626203
<V3_ROOT>/07_AGGREGATE/CORE_541_DISTRIBUTION_V3.csv,data_row_1based:32033,A07,pitch_rmse_deg,D33_seed_02,2.927258139543989,86,519,541,0.16570327552986513
<V3_ROOT>/07_AGGREGATE/CORE_541_DISTRIBUTION_V3.csv,data_row_1based:32034,A07,pitch_rmse_deg,D38_seed_05,2.9272757587588543,87,519,541,0.1676300578034682
<V3_ROOT>/07_AGGREGATE/CORE_541_DISTRIBUTION_V3.csv,data_row_1based:32035,A07,pitch_rmse_deg,D11_seed_00,2.92729746620854,88,519,541,0.16955684007707128
<V3_ROOT>/07_AGGREGATE/CORE_541_DISTRIBUTION_V3.csv,data_row_1based:32036,A07,pitch_rmse_deg,D05_seed_08,2.9272975973136237,89,519,541,0.17148362235067438
<V3_ROOT>/07_AGGREGATE/CORE_541_DISTRIBUTION_V3.csv,data_row_1based:32037,A07,pitch_rmse_deg,D31_seed_07,2.9275029057012065,90,519,541,0.17341040462427745
<V3_ROOT>/07_AGGREGATE/CORE_541_DISTRIBUTION_V3.csv,data_row_1based:32038,A07,pitch_rmse_deg,D11_seed_02,2.927566895582611,91,519,541,0.17533718689788053
<V3_ROOT>/07_AGGREGATE/CORE_541_DISTRIBUTION_V3.csv,data_row_1based:32039,A07,pitch_rmse_deg,D44_seed_08,2.927933957911443,92,519,541,0.17726396917148363
<V3_ROOT>/07_AGGREGATE/CORE_541_DISTRIBUTION_V3.csv,data_row_1based:32040,A07,pitch_rmse_deg,D35_seed_01,2.927989911248121,93,519,541,0.1791907514450867
<V3_ROOT>/07_AGGREGATE/CORE_541_DISTRIBUTION_V3.csv,data_row_1based:32041,A07,pitch_rmse_deg,D32_seed_04,2.928014075353854,94,519,541,0.1811175337186898
<V3_ROOT>/07_AGGREGATE/CORE_541_DISTRIBUTION_V3.csv,data_row_1based:32042,A07,pitch_rmse_deg,D41_seed_00,2.9281045680387607,95,519,541,0.18304431599229287
<V3_ROOT>/07_AGGREGATE/CORE_541_DISTRIBUTION_V3.csv,data_row_1based:32043,A07,pitch_rmse_deg,D12_seed_06,2.928139371099156,96,519,541,0.18497109826589594
<V3_ROOT>/07_AGGREGATE/CORE_541_DISTRIBUTION_V3.csv,data_row_1based:32044,A07,pitch_rmse_deg,D11_seed_06,2.9281412948209393,97,519,541,0.18689788053949905
<V3_ROOT>/07_AGGREGATE/CORE_541_DISTRIBUTION_V3.csv,data_row_1based:32045,A07,pitch_rmse_deg,D23_seed_00,2.928150862309872,98,519,541,0.18882466281310212
<V3_ROOT>/07_AGGREGATE/CORE_541_DISTRIBUTION_V3.csv,data_row_1based:32046,A07,pitch_rmse_deg,D23_seed_01,2.928150862309872,99,519,541,0.1907514450867052
<V3_ROOT>/07_AGGREGATE/CORE_541_DISTRIBUTION_V3.csv,data_row_1based:32047,A07,pitch_rmse_deg,D23_seed_02,2.928150862309872,100,519,541,0.1926782273603083
<V3_ROOT>/07_AGGREGATE/CORE_541_DISTRIBUTION_V3.csv,data_row_1based:32048,A07,pitch_rmse_deg,D23_seed_03,2.928150862309872,101,519,541,0.19460500963391136
<V3_ROOT>/07_AGGREGATE/CORE_541_DISTRIBUTION_V3.csv,data_row_1based:32049,A07,pitch_rmse_deg,D23_seed_04,2.928150862309872,102,519,541,0.19653179190751446
<V3_ROOT>/07_AGGREGATE/CORE_541_DISTRIBUTION_V3.csv,data_row_1based:32050,A07,pitch_rmse_deg,D23_seed_05,2.928150862309872,103,519,541,0.19845857418111754
<V3_ROOT>/07_AGGREGATE/CORE_541_DISTRIBUTION_V3.csv,data_row_1based:32051,A07,pitch_rmse_deg,D23_seed_06,2.928150862309872,104,519,541,0.2003853564547206
<V3_ROOT>/07_AGGREGATE/CORE_541_DISTRIBUTION_V3.csv,data_row_1based:32052,A07,pitch_rmse_deg,D23_seed_07,2.928150862309872,105,519,541,0.2023121387283237
<V3_ROOT>/07_AGGREGATE/CORE_541_DISTRIBUTION_V3.csv,data_row_1based:32053,A07,pitch_rmse_deg,D23_seed_08,2.928150862309872,106,519,541,0.20423892100192678
<V3_ROOT>/07_AGGREGATE/CORE_541_DISTRIBUTION_V3.csv,data_row_1based:32054,A07,pitch_rmse_deg,D34_seed_08,2.9281563822333414,107,519,541,0.20616570327552985
<V3_ROOT>/07_AGGREGATE/CORE_541_DISTRIBUTION_V3.csv,data_row_1based:32055,A07,pitch_rmse_deg,D12_seed_02,2.9281570636316254,108,519,541,0.20809248554913296
<V3_ROOT>/07_AGGREGATE/CORE_541_DISTRIBUTION_V3.csv,data_row_1based:32056,A07,pitch_rmse_deg,D04_seed_00,2.9281673500560577,109,519,541,0.21001926782273603
<V3_ROOT>/07_AGGREGATE/CORE_541_DISTRIBUTION_V3.csv,data_row_1based:32057,A07,pitch_rmse_deg,D49_seed_00,2.928181653218638,110,519,541,0.2119460500963391
<V3_ROOT>/07_AGGREGATE/CORE_541_DISTRIBUTION_V3.csv,data_row_1based:32058,A07,pitch_rmse_deg,D19_seed_07,2.9281980645043557,111,519,541,0.2138728323699422
<V3_ROOT>/07_AGGREGATE/CORE_541_DISTRIBUTION_V3.csv,data_row_1based:32059,A07,pitch_rmse_deg,D42_seed_04,2.9282251923732385,112,519,541,0.21579961464354527
<V3_ROOT>/07_AGGREGATE/CORE_541_DISTRIBUTION_V3.csv,data_row_1based:32060,A07,pitch_rmse_deg,D44_seed_02,2.9282339271497455,113,519,541,0.21772639691714837
<V3_ROOT>/07_AGGREGATE/CORE_541_DISTRIBUTION_V3.csv,data_row_1based:32061,A07,pitch_rmse_deg,D35_seed_03,2.928259095839803,114,519,541,0.21965317919075145
<V3_ROOT>/07_AGGREGATE/CORE_541_DISTRIBUTION_V3.csv,data_row_1based:32062,A07,pitch_rmse_deg,D46_seed_03,2.928340828600733,115,519,541,0.22157996146435452
<V3_ROOT>/07_AGGREGATE/CORE_541_DISTRIBUTION_V3.csv,data_row_1based:32063,A07,pitch_rmse_deg,D46_seed_05,2.9283475536804344,116,519,541,0.22350674373795762
<V3_ROOT>/07_AGGREGATE/CORE_541_DISTRIBUTION_V3.csv,data_row_1based:32064,A07,pitch_rmse_deg,D11_seed_05,2.928373857069604,117,519,541,0.2254335260115607
<V3_ROOT>/07_AGGREGATE/CORE_541_DISTRIBUTION_V3.csv,data_row_1based:32065,A07,pitch_rmse_deg,D19_seed_01,2.928377001540757,118,519,541,0.22736030828516376
<V3_ROOT>/07_AGGREGATE/CORE_541_DISTRIBUTION_V3.csv,data_row_1based:32066,A07,pitch_rmse_deg,D34_seed_01,2.9284096546585774,119,519,541,0.22928709055876687
<V3_ROOT>/07_AGGREGATE/CORE_541_DISTRIBUTION_V3.csv,data_row_1based:32067,A07,pitch_rmse_deg,D12_seed_03,2.9284280832759504,120,519,541,0.23121387283236994
<V3_ROOT>/07_AGGREGATE/CORE_541_DISTRIBUTION_V3.csv,data_row_1based:32068,A07,pitch_rmse_deg,D12_seed_08,2.928463218911592,121,519,541,0.23314065510597304
<V3_ROOT>/07_AGGREGATE/CORE_541_DISTRIBUTION_V3.csv,data_row_1based:32069,A07,pitch_rmse_deg,D04_seed_05,2.92847502518503,122,519,541,0.2350674373795761
<V3_ROOT>/07_AGGREGATE/CORE_541_DISTRIBUTION_V3.csv,data_row_1based:32070,A07,pitch_rmse_deg,D47_seed_00,2.928480835482184,123,519,541,0.23699421965317918
<V3_ROOT>/07_AGGREGATE/CORE_541_DISTRIBUTION_V3.csv,data_row_1based:32071,A07,pitch_rmse_deg,D11_seed_07,2.9284969782434405,124,519,541,0.23892100192678228
<V3_ROOT>/07_AGGREGATE/CORE_541_DISTRIBUTION_V3.csv,data_row_1based:32072,A07,pitch_rmse_deg,D58_seed_08,2.9285144898225357,125,519,541,0.24084778420038536
<V3_ROOT>/07_AGGREGATE/CORE_541_DISTRIBUTION_V3.csv,data_row_1based:32073,A07,pitch_rmse_deg,D03_seed_08,2.928520737637282,126,519,541,0.24277456647398843
<V3_ROOT>/07_AGGREGATE/CORE_541_DISTRIBUTION_V3.csv,data_row_1based:32074,A07,pitch_rmse_deg,D03_seed_05,2.9285287828351425,127,519,541,0.24470134874759153
<V3_ROOT>/07_AGGREGATE/CORE_541_DISTRIBUTION_V3.csv,data_row_1based:32075,A07,pitch_rmse_deg,D18_seed_03,2.928568834738594,128,519,541,0.2466281310211946
<V3_ROOT>/07_AGGREGATE/CORE_541_DISTRIBUTION_V3.csv,data_row_1based:32076,A07,pitch_rmse_deg,D03_seed_07,2.9285702693310256,129,519,541,0.24855491329479767
<V3_ROOT>/07_AGGREGATE/CORE_541_DISTRIBUTION_V3.csv,data_row_1based:32077,A07,pitch_rmse_deg,D37_seed_00,2.928580104629861,130,519,541,0.2504816955684008
<V3_ROOT>/07_AGGREGATE/CORE_541_DISTRIBUTION_V3.csv,data_row_1based:32078,A07,pitch_rmse_deg,D37_seed_01,2.928580104629861,131,519,541,0.2524084778420039
<V3_ROOT>/07_AGGREGATE/CORE_541_DISTRIBUTION_V3.csv,data_row_1based:32079,A07,pitch_rmse_deg,D37_seed_02,2.928580104629861,132,519,541,0.2543352601156069
<V3_ROOT>/07_AGGREGATE/CORE_541_DISTRIBUTION_V3.csv,data_row_1based:32080,A07,pitch_rmse_deg,D37_seed_03,2.928580104629861,133,519,541,0.25626204238921
<V3_ROOT>/07_AGGREGATE/CORE_541_DISTRIBUTION_V3.csv,data_row_1based:32081,A07,pitch_rmse_deg,D37_seed_04,2.928580104629861,134,519,541,0.2581888246628131
<V3_ROOT>/07_AGGREGATE/CORE_541_DISTRIBUTION_V3.csv,data_row_1based:32082,A07,pitch_rmse_deg,D37_seed_05,2.928580104629861,135,519,541,0.26011560693641617
<V3_ROOT>/07_AGGREGATE/CORE_541_DISTRIBUTION_V3.csv,data_row_1based:32083,A07,pitch_rmse_deg,D37_seed_06,2.928580104629861,136,519,541,0.26204238921001927
<V3_ROOT>/07_AGGREGATE/CORE_541_DISTRIBUTION_V3.csv,data_row_1based:32084,A07,pitch_rmse_deg,D37_seed_07,2.928580104629861,137,519,541,0.26396917148362237
<V3_ROOT>/07_AGGREGATE/CORE_541_DISTRIBUTION_V3.csv,data_row_1based:32085,A07,pitch_rmse_deg,D37_seed_08,2.928580104629861,138,519,541,0.2658959537572254
<V3_ROOT>/07_AGGREGATE/CORE_541_DISTRIBUTION_V3.csv,data_row_1based:32086,A07,pitch_rmse_deg,D58_seed_07,2.9286154559777975,139,519,541,0.2678227360308285
<V3_ROOT>/07_AGGREGATE/CORE_541_DISTRIBUTION_V3.csv,data_row_1based:32087,A07,pitch_rmse_deg,D35_seed_05,2.9286383831197145,140,519,541,0.2697495183044316
<V3_ROOT>/07_AGGREGATE/CORE_541_DISTRIBUTION_V3.csv,data_row_1based:32088,A07,pitch_rmse_deg,D19_seed_03,2.9286436895168846,141,519,541,0.27167630057803466
<V3_ROOT>/07_AGGREGATE/CORE_541_DISTRIBUTION_V3.csv,data_row_1based:32089,A07,pitch_rmse_deg,D18_seed_06,2.928643903645463,142,519,541,0.27360308285163776
<V3_ROOT>/07_AGGREGATE/CORE_541_DISTRIBUTION_V3.csv,data_row_1based:32090,A07,pitch_rmse_deg,D58_seed_05,2.928684746528341,143,519,541,0.27552986512524086
<V3_ROOT>/07_AGGREGATE/CORE_541_DISTRIBUTION_V3.csv,data_row_1based:32091,A07,pitch_rmse_deg,D04_seed_02,2.9286921721047268,144,519,541,0.2774566473988439
<V3_ROOT>/07_AGGREGATE/CORE_541_DISTRIBUTION_V3.csv,data_row_1based:32092,A07,pitch_rmse_deg,D04_seed_03,2.9286988018622995,145,519,541,0.279383429672447
<V3_ROOT>/07_AGGREGATE/CORE_541_DISTRIBUTION_V3.csv,data_row_1based:32093,A07,pitch_rmse_deg,D58_seed_03,2.9287204760876495,146,519,541,0.2813102119460501
<V3_ROOT>/07_AGGREGATE/CORE_541_DISTRIBUTION_V3.csv,data_row_1based:32094,A07,pitch_rmse_deg,D18_seed_04,2.9287321643921307,147,519,541,0.2832369942196532
<V3_ROOT>/07_AGGREGATE/CORE_541_DISTRIBUTION_V3.csv,data_row_1based:32095,A07,pitch_rmse_deg,D36_seed_00,2.9287335605634652,148,519,541,0.28516377649325625
<V3_ROOT>/07_AGGREGATE/CORE_541_DISTRIBUTION_V3.csv,data_row_1based:32096,A07,pitch_rmse_deg,D36_seed_01,2.9287335605634652,149,519,541,0.28709055876685935
<V3_ROOT>/07_AGGREGATE/CORE_541_DISTRIBUTION_V3.csv,data_row_1based:32097,A07,pitch_rmse_deg,D36_seed_02,2.9287335605634652,150,519,541,0.28901734104046245
<V3_ROOT>/07_AGGREGATE/CORE_541_DISTRIBUTION_V3.csv,data_row_1based:32098,A07,pitch_rmse_deg,D36_seed_03,2.9287335605634652,151,519,541,0.2909441233140655
<V3_ROOT>/07_AGGREGATE/CORE_541_DISTRIBUTION_V3.csv,data_row_1based:32099,A07,pitch_rmse_deg,D36_seed_04,2.9287335605634652,152,519,541,0.2928709055876686
<V3_ROOT>/07_AGGREGATE/CORE_541_DISTRIBUTION_V3.csv,data_row_1based:32100,A07,pitch_rmse_deg,D36_seed_05,2.9287335605634652,153,519,541,0.2947976878612717
<V3_ROOT>/07_AGGREGATE/CORE_541_DISTRIBUTION_V3.csv,data_row_1based:32101,A07,pitch_rmse_deg,D36_seed_06,2.9287335605634652,154,519,541,0.29672447013487474
<V3_ROOT>/07_AGGREGATE/CORE_541_DISTRIBUTION_V3.csv,data_row_1based:32102,A07,pitch_rmse_deg,D36_seed_07,2.9287335605634652,155,519,541,0.29865125240847784
<V3_ROOT>/07_AGGREGATE/CORE_541_DISTRIBUTION_V3.csv,data_row_1based:32103,A07,pitch_rmse_deg,D36_seed_08,2.9287335605634652,156,519,541,0.30057803468208094
<V3_ROOT>/07_AGGREGATE/CORE_541_DISTRIBUTION_V3.csv,data_row_1based:32104,A07,pitch_rmse_deg,D18_seed_05,2.928743414034658,157,519,541,0.302504816955684
<V3_ROOT>/07_AGGREGATE/CORE_541_DISTRIBUTION_V3.csv,data_row_1based:32105,A07,pitch_rmse_deg,D04_seed_07,2.928771379659255,158,519,541,0.3044315992292871
<V3_ROOT>/07_AGGREGATE/CORE_541_DISTRIBUTION_V3.csv,data_row_1based:32106,A07,pitch_rmse_deg,D03_seed_03,2.9287987293697917,159,519,541,0.3063583815028902
<V3_ROOT>/07_AGGREGATE/CORE_541_DISTRIBUTION_V3.csv,data_row_1based:32107,A07,pitch_rmse_deg,D04_seed_06,2.9288008002860333,160,519,541,0.30828516377649323
<V3_ROOT>/07_AGGREGATE/CORE_541_DISTRIBUTION_V3.csv,data_row_1based:32108,A07,pitch_rmse_deg,D32_seed_00,2.928817897230846,161,519,541,0.31021194605009633
<V3_ROOT>/07_AGGREGATE/CORE_541_DISTRIBUTION_V3.csv,data_row_1based:32109,A07,pitch_rmse_deg,D44_seed_06,2.928833197958308,162,519,541,0.31213872832369943
<V3_ROOT>/07_AGGREGATE/CORE_541_DISTRIBUTION_V3.csv,data_row_1based:32110,A07,pitch_rmse_deg,D32_seed_01,2.92884671005614,163,519,541,0.3140655105973025
<V3_ROOT>/07_AGGREGATE/CORE_541_DISTRIBUTION_V3.csv,data_row_1based:32111,A07,pitch_rmse_deg,D07_seed_00,2.9288502340767235,164,519,541,0.3159922928709056
<V3_ROOT>/07_AGGREGATE/CORE_541_DISTRIBUTION_V3.csv,data_row_1based:32112,A07,pitch_rmse_deg,D04_seed_08,2.928858466826524,165,519,541,0.3179190751445087
<V3_ROOT>/07_AGGREGATE/CORE_541_DISTRIBUTION_V3.csv,data_row_1based:32113,A07,pitch_rmse_deg,D11_seed_04,2.9288709942826068,166,519,541,0.3198458574181118
<V3_ROOT>/07_AGGREGATE/CORE_541_DISTRIBUTION_V3.csv,data_row_1based:32114,A07,pitch_rmse_deg,D11_seed_03,2.9289667616862087,167,519,541,0.3217726396917148
<V3_ROOT>/07_AGGREGATE/CORE_541_DISTRIBUTION_V3.csv,data_row_1based:32115,A07,pitch_rmse_deg,D34_seed_00,2.928983248394378,168,519,541,0.3236994219653179
<V3_ROOT>/07_AGGREGATE/CORE_541_DISTRIBUTION_V3.csv,data_row_1based:32116,A07,pitch_rmse_deg,D42_seed_01,2.9289896183988553,169,519,541,0.325626204238921
<V3_ROOT>/07_AGGREGATE/CORE_541_DISTRIBUTION_V3.csv,data_row_1based:32117,A07,pitch_rmse_deg,D07_seed_05,2.9290202963640133,170,519,541,0.32755298651252407
<V3_ROOT>/07_AGGREGATE/CORE_541_DISTRIBUTION_V3.csv,data_row_1based:32118,A07,pitch_rmse_deg,D06_seed_00,2.9290405784780114,171,519,541,0.32947976878612717
<V3_ROOT>/07_AGGREGATE/CORE_541_DISTRIBUTION_V3.csv,data_row_1based:32119,A07,pitch_rmse_deg,D02_seed_05,2.929045509172358,172,519,541,0.33140655105973027
<V3_ROOT>/07_AGGREGATE/CORE_541_DISTRIBUTION_V3.csv,data_row_1based:32120,A07,pitch_rmse_deg,D07_seed_03,2.9290546800136914,173,519,541,0.3333333333333333
<V3_ROOT>/07_AGGREGATE/CORE_541_DISTRIBUTION_V3.csv,data_row_1based:32121,A07,pitch_rmse_deg,D32_seed_03,2.929064441876267,174,519,541,0.3352601156069364
<V3_ROOT>/07_AGGREGATE/CORE_541_DISTRIBUTION_V3.csv,data_row_1based:32122,A07,pitch_rmse_deg,D32_seed_07,2.929073525734701,175,519,541,0.3371868978805395
<V3_ROOT>/07_AGGREGATE/CORE_541_DISTRIBUTION_V3.csv,data_row_1based:32123,A07,pitch_rmse_deg,D50_seed_08,2.929078153885531,176,519,541,0.33911368015414256
<V3_ROOT>/07_AGGREGATE/CORE_541_DISTRIBUTION_V3.csv,data_row_1based:32124,A07,pitch_rmse_deg,D30_seed_00,2.9290922417039265,177,519,541,0.34104046242774566
<V3_ROOT>/07_AGGREGATE/CORE_541_DISTRIBUTION_V3.csv,data_row_1based:32125,A07,pitch_rmse_deg,D44_seed_04,2.929095033991032,178,519,541,0.34296724470134876
<V3_ROOT>/07_AGGREGATE/CORE_541_DISTRIBUTION_V3.csv,data_row_1based:32126,A07,pitch_rmse_deg,D30_seed_06,2.9290996143791217,179,519,541,0.3448940269749518
<V3_ROOT>/07_AGGREGATE/CORE_541_DISTRIBUTION_V3.csv,data_row_1based:32127,A07,pitch_rmse_deg,D35_seed_06,2.9291172913776924,180,519,541,0.3468208092485549
<V3_ROOT>/07_AGGREGATE/CORE_541_DISTRIBUTION_V3.csv,data_row_1based:32128,A07,pitch_rmse_deg,D31_seed_00,2.9291194527201454,181,519,541,0.348747591522158
<V3_ROOT>/07_AGGREGATE/CORE_541_DISTRIBUTION_V3.csv,data_row_1based:32129,A07,pitch_rmse_deg,D02_seed_07,2.92913069880761,182,519,541,0.35067437379576105
<V3_ROOT>/07_AGGREGATE/CORE_541_DISTRIBUTION_V3.csv,data_row_1based:32130,A07,pitch_rmse_deg,D42_seed_03,2.929134474457506,183,519,541,0.35260115606936415
<V3_ROOT>/07_AGGREGATE/CORE_541_DISTRIBUTION_V3.csv,data_row_1based:32131,A07,pitch_rmse_deg,D47_seed_06,2.9291350010572113,184,519,541,0.35452793834296725
<V3_ROOT>/07_AGGREGATE/CORE_541_DISTRIBUTION_V3.csv,data_row_1based:32132,A07,pitch_rmse_deg,D07_seed_06,2.929138336289623,185,519,541,0.35645472061657035
<V3_ROOT>/07_AGGREGATE/CORE_541_DISTRIBUTION_V3.csv,data_row_1based:32133,A07,pitch_rmse_deg,D58_seed_00,2.929149625829871,186,519,541,0.3583815028901734
<V3_ROOT>/07_AGGREGATE/CORE_541_DISTRIBUTION_V3.csv,data_row_1based:32134,A07,pitch_rmse_deg,D01_seed_05,2.929205925965079,187,519,541,0.3603082851637765
<V3_ROOT>/07_AGGREGATE/CORE_541_DISTRIBUTION_V3.csv,data_row_1based:32135,A07,pitch_rmse_deg,D46_seed_00,2.9292293048114044,188,519,541,0.3622350674373796
<V3_ROOT>/07_AGGREGATE/CORE_541_DISTRIBUTION_V3.csv,data_row_1based:32136,A07,pitch_rmse_deg,D01_seed_07,2.9292380176288897,189,519,541,0.36416184971098264
<V3_ROOT>/07_AGGREGATE/CORE_541_DISTRIBUTION_V3.csv,data_row_1based:32137,A07,pitch_rmse_deg,D44_seed_03,2.9292393658237206,190,519,541,0.36608863198458574
<V3_ROOT>/07_AGGREGATE/CORE_541_DISTRIBUTION_V3.csv,data_row_1based:32138,A07,pitch_rmse_deg,D42_seed_05,2.9292451067847445,191,519,541,0.36801541425818884
<V3_ROOT>/07_AGGREGATE/CORE_541_DISTRIBUTION_V3.csv,data_row_1based:32139,A07,pitch_rmse_deg,D03_seed_00,2.929257214693907,192,519,541,0.3699421965317919
<V3_ROOT>/07_AGGREGATE/CORE_541_DISTRIBUTION_V3.csv,data_row_1based:32140,A07,pitch_rmse_deg,D18_seed_02,2.9292651082540835,193,519,541,0.371868978805395
<V3_ROOT>/07_AGGREGATE/CORE_541_DISTRIBUTION_V3.csv,data_row_1based:32141,A07,pitch_rmse_deg,D01_seed_00,2.9292856640248757,194,519,541,0.3737957610789981
<V3_ROOT>/07_AGGREGATE/CORE_541_DISTRIBUTION_V3.csv,data_row_1based:32142,A07,pitch_rmse_deg,D07_seed_07,2.9292884440919145,195,519,541,0.37572254335260113
<V3_ROOT>/07_AGGREGATE/CORE_541_DISTRIBUTION_V3.csv,data_row_1based:32143,A07,pitch_rmse_deg,D03_seed_06,2.9293004415383384,196,519,541,0.37764932562620424
<V3_ROOT>/07_AGGREGATE/CORE_541_DISTRIBUTION_V3.csv,data_row_1based:32144,A07,pitch_rmse_deg,D02_seed_08,2.9293077176126894,197,519,541,0.37957610789980734
<V3_ROOT>/07_AGGREGATE/CORE_541_DISTRIBUTION_V3.csv,data_row_1based:32145,A07,pitch_rmse_deg,D39_seed_07,2.9293118371190783,198,519,541,0.3815028901734104
<V3_ROOT>/07_AGGREGATE/CORE_541_DISTRIBUTION_V3.csv,data_row_1based:32146,A07,pitch_rmse_deg,D11_seed_01,2.9293264281487117,199,519,541,0.3834296724470135
<V3_ROOT>/07_AGGREGATE/CORE_541_DISTRIBUTION_V3.csv,data_row_1based:32147,A07,pitch_rmse_deg,D34_seed_03,2.9293289344732125,200,519,541,0.3853564547206166
<V3_ROOT>/07_AGGREGATE/CORE_541_DISTRIBUTION_V3.csv,data_row_1based:32148,A07,pitch_rmse_deg,D02_seed_00,2.929336646512645,201,519,541,0.3872832369942196
<V3_ROOT>/07_AGGREGATE/CORE_541_DISTRIBUTION_V3.csv,data_row_1based:32149,A07,pitch_rmse_deg,D02_seed_03,2.9293544307993855,202,519,541,0.3892100192678227
<V3_ROOT>/07_AGGREGATE/CORE_541_DISTRIBUTION_V3.csv,data_row_1based:32150,A07,pitch_rmse_deg,D07_seed_01,2.929378226689843,203,519,541,0.3911368015414258
<V3_ROOT>/07_AGGREGATE/CORE_541_DISTRIBUTION_V3.csv,data_row_1based:32151,A07,pitch_rmse_deg,D01_seed_03,2.9293887312566707,204,519,541,0.3930635838150289
<V3_ROOT>/07_AGGREGATE/CORE_541_DISTRIBUTION_V3.csv,data_row_1based:32152,A07,pitch_rmse_deg,D46_seed_07,2.9293965974977625,205,519,541,0.394990366088632
<V3_ROOT>/07_AGGREGATE/CORE_541_DISTRIBUTION_V3.csv,data_row_1based:32153,A07,pitch_rmse_deg,D46_seed_06,2.929399228875223,206,519,541,0.3969171483622351
<V3_ROOT>/07_AGGREGATE/CORE_541_DISTRIBUTION_V3.csv,data_row_1based:32154,A07,pitch_rmse_deg,D01_seed_06,2.9294306185650596,207,519,541,0.3988439306358382
<V3_ROOT>/07_AGGREGATE/CORE_541_DISTRIBUTION_V3.csv,data_row_1based:32155,A07,pitch_rmse_deg,D02_seed_01,2.9294406599061134,208,519,541,0.4007707129094412
<V3_ROOT>/07_AGGREGATE/CORE_541_DISTRIBUTION_V3.csv,data_row_1based:32156,A07,pitch_rmse_deg,D30_seed_04,2.929442710829986,209,519,541,0.4026974951830443
<V3_ROOT>/07_AGGREGATE/CORE_541_DISTRIBUTION_V3.csv,data_row_1based:32157,A07,pitch_rmse_deg,D01_seed_02,2.9294479215261884,210,519,541,0.4046242774566474
<V3_ROOT>/07_AGGREGATE/CORE_541_DISTRIBUTION_V3.csv,data_row_1based:32158,A07,pitch_rmse_deg,D02_seed_06,2.929454347309875,211,519,541,0.40655105973025046
<V3_ROOT>/07_AGGREGATE/CORE_541_DISTRIBUTION_V3.csv,data_row_1based:32159,A07,pitch_rmse_deg,D39_seed_03,2.9294613312520936,212,519,541,0.40847784200385356
<V3_ROOT>/07_AGGREGATE/CORE_541_DISTRIBUTION_V3.csv,data_row_1based:32160,A07,pitch_rmse_deg,D48_seed_07,2.9294620380315335,213,519,541,0.41040462427745666
<V3_ROOT>/07_AGGREGATE/CORE_541_DISTRIBUTION_V3.csv,data_row_1based:32161,A07,pitch_rmse_deg,D02_seed_02,2.9294671789281304,214,519,541,0.4123314065510597
<V3_ROOT>/07_AGGREGATE/CORE_541_DISTRIBUTION_V3.csv,data_row_1based:32162,A07,pitch_rmse_deg,D04_seed_01,2.9294708762673354,215,519,541,0.4142581888246628
<V3_ROOT>/07_AGGREGATE/CORE_541_DISTRIBUTION_V3.csv,data_row_1based:32163,A07,pitch_rmse_deg,D32_seed_08,2.9294710853663544,216,519,541,0.4161849710982659
<V3_ROOT>/07_AGGREGATE/CORE_541_DISTRIBUTION_V3.csv,data_row_1based:32164,A07,pitch_rmse_deg,D03_seed_02,2.9294754002255914,217,519,541,0.41811175337186895
<V3_ROOT>/07_AGGREGATE/CORE_541_DISTRIBUTION_V3.csv,data_row_1based:32165,A07,pitch_rmse_deg,D39_seed_08,2.9294764010143868,218,519,541,0.42003853564547206
<V3_ROOT>/07_AGGREGATE/CORE_541_DISTRIBUTION_V3.csv,data_row_1based:32166,A07,pitch_rmse_deg,D42_seed_00,2.929479036582062,219,519,541,0.42196531791907516
<V3_ROOT>/07_AGGREGATE/CORE_541_DISTRIBUTION_V3.csv,data_row_1based:32167,A07,pitch_rmse_deg,D07_seed_02,2.9294917916395478,220,519,541,0.4238921001926782
<V3_ROOT>/07_AGGREGATE/CORE_541_DISTRIBUTION_V3.csv,data_row_1based:32168,A07,pitch_rmse_deg,D01_seed_01,2.9294921006061587,221,519,541,0.4258188824662813
<V3_ROOT>/07_AGGREGATE/CORE_541_DISTRIBUTION_V3.csv,data_row_1based:32169,A07,pitch_rmse_deg,D17_seed_03,2.9294970910707314,222,519,541,0.4277456647398844
<V3_ROOT>/07_AGGREGATE/CORE_541_DISTRIBUTION_V3.csv,data_row_1based:32170,A07,pitch_rmse_deg,D17_seed_08,2.92949717706313,223,519,541,0.4296724470134875
<V3_ROOT>/07_AGGREGATE/CORE_541_DISTRIBUTION_V3.csv,data_row_1based:32171,A07,pitch_rmse_deg,D17_seed_06,2.929497247765341,224,519,541,0.43159922928709055
<V3_ROOT>/07_AGGREGATE/CORE_541_DISTRIBUTION_V3.csv,data_row_1based:32172,A07,pitch_rmse_deg,D17_seed_07,2.9294976229685092,225,519,541,0.43352601156069365
<V3_ROOT>/07_AGGREGATE/CORE_541_DISTRIBUTION_V3.csv,data_row_1based:32173,A07,pitch_rmse_deg,D16_seed_06,2.9294976648924056,226,519,541,0.43545279383429675
<V3_ROOT>/07_AGGREGATE/CORE_541_DISTRIBUTION_V3.csv,data_row_1based:32174,A07,pitch_rmse_deg,D16_seed_07,2.9294977377812654,227,519,541,0.4373795761078998
<V3_ROOT>/07_AGGREGATE/CORE_541_DISTRIBUTION_V3.csv,data_row_1based:32175,A07,pitch_rmse_deg,D16_seed_04,2.929497740035603,228,519,541,0.4393063583815029
<V3_ROOT>/07_AGGREGATE/CORE_541_DISTRIBUTION_V3.csv,data_row_1based:32176,A07,pitch_rmse_deg,D16_seed_03,2.929497776008344,229,519,541,0.441233140655106
<V3_ROOT>/07_AGGREGATE/CORE_541_DISTRIBUTION_V3.csv,data_row_1based:32177,A07,pitch_rmse_deg,D16_seed_01,2.929497777569203,230,519,541,0.44315992292870904
<V3_ROOT>/07_AGGREGATE/CORE_541_DISTRIBUTION_V3.csv,data_row_1based:32178,A07,pitch_rmse_deg,D16_seed_08,2.9294977879218,231,519,541,0.44508670520231214
<V3_ROOT>/07_AGGREGATE/CORE_541_DISTRIBUTION_V3.csv,data_row_1based:32179,A07,pitch_rmse_deg,D17_seed_05,2.9294978506914666,232,519,541,0.44701348747591524
<V3_ROOT>/07_AGGREGATE/CORE_541_DISTRIBUTION_V3.csv,data_row_1based:32180,A07,pitch_rmse_deg,C00_clean_normal,2.929497934610635,233,519,541,0.4489402697495183
<V3_ROOT>/07_AGGREGATE/CORE_541_DISTRIBUTION_V3.csv,data_row_1based:32181,A07,pitch_rmse_deg,D08_seed_00,2.929497934610635,234,519,541,0.4508670520231214
<V3_ROOT>/07_AGGREGATE/CORE_541_DISTRIBUTION_V3.csv,data_row_1based:32182,A07,pitch_rmse_deg,D08_seed_01,2.929497934610635,235,519,541,0.4527938342967245
<V3_ROOT>/07_AGGREGATE/CORE_541_DISTRIBUTION_V3.csv,data_row_1based:32183,A07,pitch_rmse_deg,D08_seed_02,2.929497934610635,236,519,541,0.45472061657032753
<V3_ROOT>/07_AGGREGATE/CORE_541_DISTRIBUTION_V3.csv,data_row_1based:32184,A07,pitch_rmse_deg,D08_seed_03,2.929497934610635,237,519,541,0.45664739884393063
<V3_ROOT>/07_AGGREGATE/CORE_541_DISTRIBUTION_V3.csv,data_row_1based:32185,A07,pitch_rmse_deg,D08_seed_04,2.929497934610635,238,519,541,0.45857418111753373
<V3_ROOT>/07_AGGREGATE/CORE_541_DISTRIBUTION_V3.csv,data_row_1based:32186,A07,pitch_rmse_deg,D08_seed_05,2.929497934610635,239,519,541,0.4605009633911368
<V3_ROOT>/07_AGGREGATE/CORE_541_DISTRIBUTION_V3.csv,data_row_1based:32187,A07,pitch_rmse_deg,D08_seed_06,2.929497934610635,240,519,541,0.4624277456647399
<V3_ROOT>/07_AGGREGATE/CORE_541_DISTRIBUTION_V3.csv,data_row_1based:32188,A07,pitch_rmse_deg,D08_seed_07,2.929497934610635,241,519,541,0.464354527938343
<V3_ROOT>/07_AGGREGATE/CORE_541_DISTRIBUTION_V3.csv,data_row_1based:32189,A07,pitch_rmse_deg,D08_seed_08,2.929497934610635,242,519,541,0.4662813102119461
<V3_ROOT>/07_AGGREGATE/CORE_541_DISTRIBUTION_V3.csv,data_row_1based:32190,A07,pitch_rmse_deg,D22_seed_00,2.929497934610635,243,519,541,0.4682080924855491
<V3_ROOT>/07_AGGREGATE/CORE_541_DISTRIBUTION_V3.csv,data_row_1based:32191,A07,pitch_rmse_deg,D22_seed_06,2.929497934610635,244,519,541,0.4701348747591522
<V3_ROOT>/07_AGGREGATE/CORE_541_DISTRIBUTION_V3.csv,data_row_1based:32192,A07,pitch_rmse_deg,D29_seed_00,2.929497934610635,245,519,541,0.4720616570327553
<V3_ROOT>/07_AGGREGATE/CORE_541_DISTRIBUTION_V3.csv,data_row_1based:32193,A07,pitch_rmse_deg,D29_seed_01,2.929497934610635,246,519,541,0.47398843930635837
<V3_ROOT>/07_AGGREGATE/CORE_541_DISTRIBUTION_V3.csv,data_row_1based:32194,A07,pitch_rmse_deg,D29_seed_02,2.929497934610635,247,519,541,0.47591522157996147
<V3_ROOT>/07_AGGREGATE/CORE_541_DISTRIBUTION_V3.csv,data_row_1based:32195,A07,pitch_rmse_deg,D29_seed_03,2.929497934610635,248,519,541,0.47784200385356457
<V3_ROOT>/07_AGGREGATE/CORE_541_DISTRIBUTION_V3.csv,data_row_1based:32196,A07,pitch_rmse_deg,D29_seed_04,2.929497934610635,249,519,541,0.4797687861271676
<V3_ROOT>/07_AGGREGATE/CORE_541_DISTRIBUTION_V3.csv,data_row_1based:32197,A07,pitch_rmse_deg,D29_seed_05,2.929497934610635,250,519,541,0.4816955684007707
<V3_ROOT>/07_AGGREGATE/CORE_541_DISTRIBUTION_V3.csv,data_row_1based:32198,A07,pitch_rmse_deg,D29_seed_06,2.929497934610635,251,519,541,0.4836223506743738
<V3_ROOT>/07_AGGREGATE/CORE_541_DISTRIBUTION_V3.csv,data_row_1based:32199,A07,pitch_rmse_deg,D29_seed_07,2.929497934610635,252,519,541,0.48554913294797686
<V3_ROOT>/07_AGGREGATE/CORE_541_DISTRIBUTION_V3.csv,data_row_1based:32200,A07,pitch_rmse_deg,D29_seed_08,2.929497934610635,253,519,541,0.48747591522157996
<V3_ROOT>/07_AGGREGATE/CORE_541_DISTRIBUTION_V3.csv,data_row_1based:32201,A07,pitch_rmse_deg,D40_seed_00,2.929497934610635,254,519,541,0.48940269749518306
<V3_ROOT>/07_AGGREGATE/CORE_541_DISTRIBUTION_V3.csv,data_row_1based:32202,A07,pitch_rmse_deg,D40_seed_01,2.929497934610635,255,519,541,0.4913294797687861
<V3_ROOT>/07_AGGREGATE/CORE_541_DISTRIBUTION_V3.csv,data_row_1based:32203,A07,pitch_rmse_deg,D40_seed_02,2.929497934610635,256,519,541,0.4932562620423892
<V3_ROOT>/07_AGGREGATE/CORE_541_DISTRIBUTION_V3.csv,data_row_1based:32204,A07,pitch_rmse_deg,D40_seed_03,2.929497934610635,257,519,541,0.4951830443159923
<V3_ROOT>/07_AGGREGATE/CORE_541_DISTRIBUTION_V3.csv,data_row_1based:32205,A07,pitch_rmse_deg,D40_seed_04,2.929497934610635,258,519,541,0.49710982658959535
<V3_ROOT>/07_AGGREGATE/CORE_541_DISTRIBUTION_V3.csv,data_row_1based:32206,A07,pitch_rmse_deg,D40_seed_05,2.929497934610635,259,519,541,0.49903660886319845
<V3_ROOT>/07_AGGREGATE/CORE_541_DISTRIBUTION_V3.csv,data_row_1based:32207,A07,pitch_rmse_deg,D40_seed_06,2.929497934610635,260,519,541,0.5009633911368016
<V3_ROOT>/07_AGGREGATE/CORE_541_DISTRIBUTION_V3.csv,data_row_1based:32208,A07,pitch_rmse_deg,D40_seed_07,2.929497934610635,261,519,541,0.5028901734104047
<V3_ROOT>/07_AGGREGATE/CORE_541_DISTRIBUTION_V3.csv,data_row_1based:32209,A07,pitch_rmse_deg,D40_seed_08,2.929497934610635,262,519,541,0.5048169556840078
<V3_ROOT>/07_AGGREGATE/CORE_541_DISTRIBUTION_V3.csv,data_row_1based:32210,A07,pitch_rmse_deg,D51_seed_00,2.929497934610635,263,519,541,0.5067437379576107
<V3_ROOT>/07_AGGREGATE/CORE_541_DISTRIBUTION_V3.csv,data_row_1based:32211,A07,pitch_rmse_deg,D51_seed_01,2.929497934610635,264,519,541,0.5086705202312138
<V3_ROOT>/07_AGGREGATE/CORE_541_DISTRIBUTION_V3.csv,data_row_1based:32212,A07,pitch_rmse_deg,D51_seed_02,2.929497934610635,265,519,541,0.5105973025048169
<V3_ROOT>/07_AGGREGATE/CORE_541_DISTRIBUTION_V3.csv,data_row_1based:32213,A07,pitch_rmse_deg,D51_seed_03,2.929497934610635,266,519,541,0.51252408477842
<V3_ROOT>/07_AGGREGATE/CORE_541_DISTRIBUTION_V3.csv,data_row_1based:32214,A07,pitch_rmse_deg,D51_seed_04,2.929497934610635,267,519,541,0.5144508670520231
<V3_ROOT>/07_AGGREGATE/CORE_541_DISTRIBUTION_V3.csv,data_row_1based:32215,A07,pitch_rmse_deg,D51_seed_05,2.929497934610635,268,519,541,0.5163776493256262
<V3_ROOT>/07_AGGREGATE/CORE_541_DISTRIBUTION_V3.csv,data_row_1based:32216,A07,pitch_rmse_deg,D51_seed_06,2.929497934610635,269,519,541,0.5183044315992292
<V3_ROOT>/07_AGGREGATE/CORE_541_DISTRIBUTION_V3.csv,data_row_1based:32217,A07,pitch_rmse_deg,D51_seed_07,2.929497934610635,270,519,541,0.5202312138728323
<V3_ROOT>/07_AGGREGATE/CORE_541_DISTRIBUTION_V3.csv,data_row_1based:32218,A07,pitch_rmse_deg,D51_seed_08,2.929497934610635,271,519,541,0.5221579961464354
<V3_ROOT>/07_AGGREGATE/CORE_541_DISTRIBUTION_V3.csv,data_row_1based:32219,A07,pitch_rmse_deg,D52_seed_00,2.929497934610635,272,519,541,0.5240847784200385
<V3_ROOT>/07_AGGREGATE/CORE_541_DISTRIBUTION_V3.csv,data_row_1based:32220,A07,pitch_rmse_deg,D52_seed_01,2.929497934610635,273,519,541,0.5260115606936416
<V3_ROOT>/07_AGGREGATE/CORE_541_DISTRIBUTION_V3.csv,data_row_1based:32221,A07,pitch_rmse_deg,D52_seed_02,2.929497934610635,274,519,541,0.5279383429672447
<V3_ROOT>/07_AGGREGATE/CORE_541_DISTRIBUTION_V3.csv,data_row_1based:32222,A07,pitch_rmse_deg,D52_seed_03,2.929497934610635,275,519,541,0.5298651252408478
<V3_ROOT>/07_AGGREGATE/CORE_541_DISTRIBUTION_V3.csv,data_row_1based:32223,A07,pitch_rmse_deg,D52_seed_04,2.929497934610635,276,519,541,0.5317919075144508
<V3_ROOT>/07_AGGREGATE/CORE_541_DISTRIBUTION_V3.csv,data_row_1based:32224,A07,pitch_rmse_deg,D52_seed_05,2.929497934610635,277,519,541,0.5337186897880539
<V3_ROOT>/07_AGGREGATE/CORE_541_DISTRIBUTION_V3.csv,data_row_1based:32225,A07,pitch_rmse_deg,D52_seed_06,2.929497934610635,278,519,541,0.535645472061657
<V3_ROOT>/07_AGGREGATE/CORE_541_DISTRIBUTION_V3.csv,data_row_1based:32226,A07,pitch_rmse_deg,D52_seed_07,2.929497934610635,279,519,541,0.5375722543352601
<V3_ROOT>/07_AGGREGATE/CORE_541_DISTRIBUTION_V3.csv,data_row_1based:32227,A07,pitch_rmse_deg,D52_seed_08,2.929497934610635,280,519,541,0.5394990366088632
<V3_ROOT>/07_AGGREGATE/CORE_541_DISTRIBUTION_V3.csv,data_row_1based:32228,A07,pitch_rmse_deg,D53_seed_00,2.929497934610635,281,519,541,0.5414258188824663
<V3_ROOT>/07_AGGREGATE/CORE_541_DISTRIBUTION_V3.csv,data_row_1based:32229,A07,pitch_rmse_deg,D53_seed_01,2.929497934610635,282,519,541,0.5433526011560693
<V3_ROOT>/07_AGGREGATE/CORE_541_DISTRIBUTION_V3.csv,data_row_1based:32230,A07,pitch_rmse_deg,D53_seed_02,2.929497934610635,283,519,541,0.5452793834296724
<V3_ROOT>/07_AGGREGATE/CORE_541_DISTRIBUTION_V3.csv,data_row_1based:32231,A07,pitch_rmse_deg,D53_seed_03,2.929497934610635,284,519,541,0.5472061657032755
<V3_ROOT>/07_AGGREGATE/CORE_541_DISTRIBUTION_V3.csv,data_row_1based:32232,A07,pitch_rmse_deg,D53_seed_04,2.929497934610635,285,519,541,0.5491329479768786
<V3_ROOT>/07_AGGREGATE/CORE_541_DISTRIBUTION_V3.csv,data_row_1based:32233,A07,pitch_rmse_deg,D53_seed_05,2.929497934610635,286,519,541,0.5510597302504817
<V3_ROOT>/07_AGGREGATE/CORE_541_DISTRIBUTION_V3.csv,data_row_1based:32234,A07,pitch_rmse_deg,D53_seed_06,2.929497934610635,287,519,541,0.5529865125240848
<V3_ROOT>/07_AGGREGATE/CORE_541_DISTRIBUTION_V3.csv,data_row_1based:32235,A07,pitch_rmse_deg,D53_seed_07,2.929497934610635,288,519,541,0.5549132947976878
<V3_ROOT>/07_AGGREGATE/CORE_541_DISTRIBUTION_V3.csv,data_row_1based:32236,A07,pitch_rmse_deg,D53_seed_08,2.929497934610635,289,519,541,0.5568400770712909
<V3_ROOT>/07_AGGREGATE/CORE_541_DISTRIBUTION_V3.csv,data_row_1based:32237,A07,pitch_rmse_deg,D54_seed_00,2.929497934610635,290,519,541,0.558766859344894
<V3_ROOT>/07_AGGREGATE/CORE_541_DISTRIBUTION_V3.csv,data_row_1based:32238,A07,pitch_rmse_deg,D54_seed_01,2.929497934610635,291,519,541,0.5606936416184971
<V3_ROOT>/07_AGGREGATE/CORE_541_DISTRIBUTION_V3.csv,data_row_1based:32239,A07,pitch_rmse_deg,D54_seed_02,2.929497934610635,292,519,541,0.5626204238921002
<V3_ROOT>/07_AGGREGATE/CORE_541_DISTRIBUTION_V3.csv,data_row_1based:32240,A07,pitch_rmse_deg,D54_seed_03,2.929497934610635,293,519,541,0.5645472061657033
<V3_ROOT>/07_AGGREGATE/CORE_541_DISTRIBUTION_V3.csv,data_row_1based:32241,A07,pitch_rmse_deg,D54_seed_04,2.929497934610635,294,519,541,0.5664739884393064
<V3_ROOT>/07_AGGREGATE/CORE_541_DISTRIBUTION_V3.csv,data_row_1based:32242,A07,pitch_rmse_deg,D54_seed_05,2.929497934610635,295,519,541,0.5684007707129094
<V3_ROOT>/07_AGGREGATE/CORE_541_DISTRIBUTION_V3.csv,data_row_1based:32243,A07,pitch_rmse_deg,D54_seed_06,2.929497934610635,296,519,541,0.5703275529865125
<V3_ROOT>/07_AGGREGATE/CORE_541_DISTRIBUTION_V3.csv,data_row_1based:32244,A07,pitch_rmse_deg,D54_seed_07,2.929497934610635,297,519,541,0.5722543352601156
<V3_ROOT>/07_AGGREGATE/CORE_541_DISTRIBUTION_V3.csv,data_row_1based:32245,A07,pitch_rmse_deg,D54_seed_08,2.929497934610635,298,519,541,0.5741811175337187
<V3_ROOT>/07_AGGREGATE/CORE_541_DISTRIBUTION_V3.csv,data_row_1based:32246,A07,pitch_rmse_deg,D55_seed_00,2.929497934610635,299,519,541,0.5761078998073218
<V3_ROOT>/07_AGGREGATE/CORE_541_DISTRIBUTION_V3.csv,data_row_1based:32247,A07,pitch_rmse_deg,D55_seed_01,2.929497934610635,300,519,541,0.5780346820809249
<V3_ROOT>/07_AGGREGATE/CORE_541_DISTRIBUTION_V3.csv,data_row_1based:32248,A07,pitch_rmse_deg,D55_seed_02,2.929497934610635,301,519,541,0.5799614643545279
<V3_ROOT>/07_AGGREGATE/CORE_541_DISTRIBUTION_V3.csv,data_row_1based:32249,A07,pitch_rmse_deg,D55_seed_03,2.929497934610635,302,519,541,0.581888246628131
<V3_ROOT>/07_AGGREGATE/CORE_541_DISTRIBUTION_V3.csv,data_row_1based:32250,A07,pitch_rmse_deg,D55_seed_04,2.929497934610635,303,519,541,0.5838150289017341
<V3_ROOT>/07_AGGREGATE/CORE_541_DISTRIBUTION_V3.csv,data_row_1based:32251,A07,pitch_rmse_deg,D55_seed_05,2.929497934610635,304,519,541,0.5857418111753372
<V3_ROOT>/07_AGGREGATE/CORE_541_DISTRIBUTION_V3.csv,data_row_1based:32252,A07,pitch_rmse_deg,D55_seed_06,2.929497934610635,305,519,541,0.5876685934489403
<V3_ROOT>/07_AGGREGATE/CORE_541_DISTRIBUTION_V3.csv,data_row_1based:32253,A07,pitch_rmse_deg,D55_seed_07,2.929497934610635,306,519,541,0.5895953757225434
<V3_ROOT>/07_AGGREGATE/CORE_541_DISTRIBUTION_V3.csv,data_row_1based:32254,A07,pitch_rmse_deg,D55_seed_08,2.929497934610635,307,519,541,0.5915221579961464
<V3_ROOT>/07_AGGREGATE/CORE_541_DISTRIBUTION_V3.csv,data_row_1based:32255,A07,pitch_rmse_deg,D56_seed_00,2.929497934610635,308,519,541,0.5934489402697495
<V3_ROOT>/07_AGGREGATE/CORE_541_DISTRIBUTION_V3.csv,data_row_1based:32256,A07,pitch_rmse_deg,D56_seed_01,2.929497934610635,309,519,541,0.5953757225433526
<V3_ROOT>/07_AGGREGATE/CORE_541_DISTRIBUTION_V3.csv,data_row_1based:32257,A07,pitch_rmse_deg,D56_seed_02,2.929497934610635,310,519,541,0.5973025048169557
<V3_ROOT>/07_AGGREGATE/CORE_541_DISTRIBUTION_V3.csv,data_row_1based:32258,A07,pitch_rmse_deg,D56_seed_03,2.929497934610635,311,519,541,0.5992292870905588
<V3_ROOT>/07_AGGREGATE/CORE_541_DISTRIBUTION_V3.csv,data_row_1based:32259,A07,pitch_rmse_deg,D56_seed_04,2.929497934610635,312,519,541,0.6011560693641619
<V3_ROOT>/07_AGGREGATE/CORE_541_DISTRIBUTION_V3.csv,data_row_1based:32260,A07,pitch_rmse_deg,D56_seed_05,2.929497934610635,313,519,541,0.603082851637765
<V3_ROOT>/07_AGGREGATE/CORE_541_DISTRIBUTION_V3.csv,data_row_1based:32261,A07,pitch_rmse_deg,D56_seed_06,2.929497934610635,314,519,541,0.605009633911368
<V3_ROOT>/07_AGGREGATE/CORE_541_DISTRIBUTION_V3.csv,data_row_1based:32262,A07,pitch_rmse_deg,D56_seed_07,2.929497934610635,315,519,541,0.6069364161849711
<V3_ROOT>/07_AGGREGATE/CORE_541_DISTRIBUTION_V3.csv,data_row_1based:32263,A07,pitch_rmse_deg,D56_seed_08,2.929497934610635,316,519,541,0.6088631984585742
<V3_ROOT>/07_AGGREGATE/CORE_541_DISTRIBUTION_V3.csv,data_row_1based:32264,A07,pitch_rmse_deg,D16_seed_05,2.929497938498775,317,519,541,0.6107899807321773
<V3_ROOT>/07_AGGREGATE/CORE_541_DISTRIBUTION_V3.csv,data_row_1based:32265,A07,pitch_rmse_deg,D17_seed_04,2.929498076541527,318,519,541,0.6127167630057804
<V3_ROOT>/07_AGGREGATE/CORE_541_DISTRIBUTION_V3.csv,data_row_1based:32266,A07,pitch_rmse_deg,D17_seed_01,2.929498115200614,319,519,541,0.6146435452793835
<V3_ROOT>/07_AGGREGATE/CORE_541_DISTRIBUTION_V3.csv,data_row_1based:32267,A07,pitch_rmse_deg,D16_seed_00,2.929498176887758,320,519,541,0.6165703275529865
<V3_ROOT>/07_AGGREGATE/CORE_541_DISTRIBUTION_V3.csv,data_row_1based:32268,A07,pitch_rmse_deg,D16_seed_02,2.9294982480256606,321,519,541,0.6184971098265896
<V3_ROOT>/07_AGGREGATE/CORE_541_DISTRIBUTION_V3.csv,data_row_1based:32269,A07,pitch_rmse_deg,D17_seed_02,2.9294983935617243,322,519,541,0.6204238921001927
<V3_ROOT>/07_AGGREGATE/CORE_541_DISTRIBUTION_V3.csv,data_row_1based:32270,A07,pitch_rmse_deg,D17_seed_00,2.9294986376267627,323,519,541,0.6223506743737958
<V3_ROOT>/07_AGGREGATE/CORE_541_DISTRIBUTION_V3.csv,data_row_1based:32271,A07,pitch_rmse_deg,D46_seed_01,2.929500691675934,324,519,541,0.6242774566473989
<V3_ROOT>/07_AGGREGATE/CORE_541_DISTRIBUTION_V3.csv,data_row_1based:32272,A07,pitch_rmse_deg,D05_seed_04,2.9295017289356142,325,519,541,0.626204238921002
<V3_ROOT>/07_AGGREGATE/CORE_541_DISTRIBUTION_V3.csv,data_row_1based:32273,A07,pitch_rmse_deg,D48_seed_02,2.9295039836569448,326,519,541,0.628131021194605
<V3_ROOT>/07_AGGREGATE/CORE_541_DISTRIBUTION_V3.csv,data_row_1based:32274,A07,pitch_rmse_deg,D48_seed_05,2.929508131347848,327,519,541,0.630057803468208
<V3_ROOT>/07_AGGREGATE/CORE_541_DISTRIBUTION_V3.csv,data_row_1based:32275,A07,pitch_rmse_deg,D47_seed_07,2.929517000735692,328,519,541,0.6319845857418112
<V3_ROOT>/07_AGGREGATE/CORE_541_DISTRIBUTION_V3.csv,data_row_1based:32276,A07,pitch_rmse_deg,D39_seed_05,2.929517204962586,329,519,541,0.6339113680154143
<V3_ROOT>/07_AGGREGATE/CORE_541_DISTRIBUTION_V3.csv,data_row_1based:32277,A07,pitch_rmse_deg,D30_seed_02,2.929525331910582,330,519,541,0.6358381502890174
<V3_ROOT>/07_AGGREGATE/CORE_541_DISTRIBUTION_V3.csv,data_row_1based:32278,A07,pitch_rmse_deg,D48_seed_03,2.92952554416605,331,519,541,0.6377649325626205
<V3_ROOT>/07_AGGREGATE/CORE_541_DISTRIBUTION_V3.csv,data_row_1based:32279,A07,pitch_rmse_deg,D30_seed_08,2.9295380767382344,332,519,541,0.6396917148362236
<V3_ROOT>/07_AGGREGATE/CORE_541_DISTRIBUTION_V3.csv,data_row_1based:32280,A07,pitch_rmse_deg,D46_seed_08,2.929541994023809,333,519,541,0.6416184971098265
<V3_ROOT>/07_AGGREGATE/CORE_541_DISTRIBUTION_V3.csv,data_row_1based:32281,A07,pitch_rmse_deg,D46_seed_04,2.9295431527660347,334,519,541,0.6435452793834296
<V3_ROOT>/07_AGGREGATE/CORE_541_DISTRIBUTION_V3.csv,data_row_1based:32282,A07,pitch_rmse_deg,D31_seed_03,2.929570148900409,335,519,541,0.6454720616570327
<V3_ROOT>/07_AGGREGATE/CORE_541_DISTRIBUTION_V3.csv,data_row_1based:32283,A07,pitch_rmse_deg,D58_seed_02,2.929574400861791,336,519,541,0.6473988439306358
<V3_ROOT>/07_AGGREGATE/CORE_541_DISTRIBUTION_V3.csv,data_row_1based:32284,A07,pitch_rmse_deg,D58_seed_06,2.929574902538773,337,519,541,0.649325626204239
<V3_ROOT>/07_AGGREGATE/CORE_541_DISTRIBUTION_V3.csv,data_row_1based:32285,A07,pitch_rmse_deg,D01_seed_08,2.9295833726248244,338,519,541,0.651252408477842
<V3_ROOT>/07_AGGREGATE/CORE_541_DISTRIBUTION_V3.csv,data_row_1based:32286,A07,pitch_rmse_deg,D48_seed_06,2.929586832126192,339,519,541,0.653179190751445
<V3_ROOT>/07_AGGREGATE/CORE_541_DISTRIBUTION_V3.csv,data_row_1based:32287,A07,pitch_rmse_deg,D48_seed_01,2.9295882192184517,340,519,541,0.6551059730250481
<V3_ROOT>/07_AGGREGATE/CORE_541_DISTRIBUTION_V3.csv,data_row_1based:32288,A07,pitch_rmse_deg,D48_seed_08,2.929595813349523,341,519,541,0.6570327552986512
<V3_ROOT>/07_AGGREGATE/CORE_541_DISTRIBUTION_V3.csv,data_row_1based:32289,A07,pitch_rmse_deg,D44_seed_00,2.929596228248607,342,519,541,0.6589595375722543
<V3_ROOT>/07_AGGREGATE/CORE_541_DISTRIBUTION_V3.csv,data_row_1based:32290,A07,pitch_rmse_deg,D42_seed_08,2.9295963958129545,343,519,541,0.6608863198458574
<V3_ROOT>/07_AGGREGATE/CORE_541_DISTRIBUTION_V3.csv,data_row_1based:32291,A07,pitch_rmse_deg,D48_seed_00,2.92959734635222,344,519,541,0.6628131021194605
<V3_ROOT>/07_AGGREGATE/CORE_541_DISTRIBUTION_V3.csv,data_row_1based:32292,A07,pitch_rmse_deg,D31_seed_08,2.929607215071944,345,519,541,0.6647398843930635
<V3_ROOT>/07_AGGREGATE/CORE_541_DISTRIBUTION_V3.csv,data_row_1based:32293,A07,pitch_rmse_deg,D30_seed_01,2.9296214354645533,346,519,541,0.6666666666666666
<V3_ROOT>/07_AGGREGATE/CORE_541_DISTRIBUTION_V3.csv,data_row_1based:32294,A07,pitch_rmse_deg,D48_seed_04,2.9296239167962637,347,519,541,0.6685934489402697
<V3_ROOT>/07_AGGREGATE/CORE_541_DISTRIBUTION_V3.csv,data_row_1based:32295,A07,pitch_rmse_deg,D03_seed_01,2.92962537548094,348,519,541,0.6705202312138728
<V3_ROOT>/07_AGGREGATE/CORE_541_DISTRIBUTION_V3.csv,data_row_1based:32296,A07,pitch_rmse_deg,D31_seed_02,2.9296383910907275,349,519,541,0.6724470134874759
<V3_ROOT>/07_AGGREGATE/CORE_541_DISTRIBUTION_V3.csv,data_row_1based:32297,A07,pitch_rmse_deg,D58_seed_01,2.9296496791306748,350,519,541,0.674373795761079
<V3_ROOT>/07_AGGREGATE/CORE_541_DISTRIBUTION_V3.csv,data_row_1based:32298,A07,pitch_rmse_deg,D18_seed_08,2.929654974650991,351,519,541,0.6763005780346821
<V3_ROOT>/07_AGGREGATE/CORE_541_DISTRIBUTION_V3.csv,data_row_1based:32299,A07,pitch_rmse_deg,D39_seed_00,2.929662343157124,352,519,541,0.6782273603082851
<V3_ROOT>/07_AGGREGATE/CORE_541_DISTRIBUTION_V3.csv,data_row_1based:32300,A07,pitch_rmse_deg,D39_seed_01,2.929667154485225,353,519,541,0.6801541425818882
<V3_ROOT>/07_AGGREGATE/CORE_541_DISTRIBUTION_V3.csv,data_row_1based:32301,A07,pitch_rmse_deg,D31_seed_05,2.929677677760354,354,519,541,0.6820809248554913
<V3_ROOT>/07_AGGREGATE/CORE_541_DISTRIBUTION_V3.csv,data_row_1based:32302,A07,pitch_rmse_deg,D07_seed_08,2.9296805934331993,355,519,541,0.6840077071290944
<V3_ROOT>/07_AGGREGATE/CORE_541_DISTRIBUTION_V3.csv,data_row_1based:32303,A07,pitch_rmse_deg,D47_seed_01,2.929704042110234,356,519,541,0.6859344894026975
<V3_ROOT>/07_AGGREGATE/CORE_541_DISTRIBUTION_V3.csv,data_row_1based:32304,A07,pitch_rmse_deg,D30_seed_05,2.929711718857648,357,519,541,0.6878612716763006
<V3_ROOT>/07_AGGREGATE/CORE_541_DISTRIBUTION_V3.csv,data_row_1based:32305,A07,pitch_rmse_deg,D31_seed_04,2.9297199022092824,358,519,541,0.6897880539499036
<V3_ROOT>/07_AGGREGATE/CORE_541_DISTRIBUTION_V3.csv,data_row_1based:32306,A07,pitch_rmse_deg,D33_seed_05,2.929738852044984,359,519,541,0.6917148362235067
<V3_ROOT>/07_AGGREGATE/CORE_541_DISTRIBUTION_V3.csv,data_row_1based:32307,A07,pitch_rmse_deg,D04_seed_04,2.9297463857253216,360,519,541,0.6936416184971098
<V3_ROOT>/07_AGGREGATE/CORE_541_DISTRIBUTION_V3.csv,data_row_1based:32308,A07,pitch_rmse_deg,D02_seed_04,2.929761037861011,361,519,541,0.6955684007707129
<V3_ROOT>/07_AGGREGATE/CORE_541_DISTRIBUTION_V3.csv,data_row_1based:32309,A07,pitch_rmse_deg,D47_seed_04,2.9297614451502705,362,519,541,0.697495183044316
<V3_ROOT>/07_AGGREGATE/CORE_541_DISTRIBUTION_V3.csv,data_row_1based:32310,A07,pitch_rmse_deg,D05_seed_05,2.929764516576324,363,519,541,0.6994219653179191
<V3_ROOT>/07_AGGREGATE/CORE_541_DISTRIBUTION_V3.csv,data_row_1based:32311,A07,pitch_rmse_deg,D32_seed_06,2.9297750093896253,364,519,541,0.7013487475915221
<V3_ROOT>/07_AGGREGATE/CORE_541_DISTRIBUTION_V3.csv,data_row_1based:32312,A07,pitch_rmse_deg,D32_seed_02,2.9297756356280855,365,519,541,0.7032755298651252
<V3_ROOT>/07_AGGREGATE/CORE_541_DISTRIBUTION_V3.csv,data_row_1based:32313,A07,pitch_rmse_deg,D30_seed_03,2.929796107641347,366,519,541,0.7052023121387283
<V3_ROOT>/07_AGGREGATE/CORE_541_DISTRIBUTION_V3.csv,data_row_1based:32314,A07,pitch_rmse_deg,D03_seed_04,2.929807194992866,367,519,541,0.7071290944123314
<V3_ROOT>/07_AGGREGATE/CORE_541_DISTRIBUTION_V3.csv,data_row_1based:32315,A07,pitch_rmse_deg,D46_seed_02,2.9298245293142977,368,519,541,0.7090558766859345
<V3_ROOT>/07_AGGREGATE/CORE_541_DISTRIBUTION_V3.csv,data_row_1based:32316,A07,pitch_rmse_deg,D39_seed_04,2.929831598081855,369,519,541,0.7109826589595376
<V3_ROOT>/07_AGGREGATE/CORE_541_DISTRIBUTION_V3.csv,data_row_1based:32317,A07,pitch_rmse_deg,D01_seed_04,2.9298744609866327,370,519,541,0.7129094412331407
<V3_ROOT>/07_AGGREGATE/CORE_541_DISTRIBUTION_V3.csv,data_row_1based:32318,A07,pitch_rmse_deg,D07_seed_04,2.9298836056047244,371,519,541,0.7148362235067437
<V3_ROOT>/07_AGGREGATE/CORE_541_DISTRIBUTION_V3.csv,data_row_1based:32319,A07,pitch_rmse_deg,D12_seed_04,2.929920544665647,372,519,541,0.7167630057803468
<V3_ROOT>/07_AGGREGATE/CORE_541_DISTRIBUTION_V3.csv,data_row_1based:32320,A07,pitch_rmse_deg,D05_seed_00,2.929940989399342,373,519,541,0.7186897880539499
<V3_ROOT>/07_AGGREGATE/CORE_541_DISTRIBUTION_V3.csv,data_row_1based:32321,A07,pitch_rmse_deg,D19_seed_02,2.929946237680769,374,519,541,0.720616570327553
<V3_ROOT>/07_AGGREGATE/CORE_541_DISTRIBUTION_V3.csv,data_row_1based:32322,A07,pitch_rmse_deg,D32_seed_05,2.929964345865764,375,519,541,0.7225433526011561
<V3_ROOT>/07_AGGREGATE/CORE_541_DISTRIBUTION_V3.csv,data_row_1based:32323,A07,pitch_rmse_deg,D35_seed_08,2.9300000188817523,376,519,541,0.7244701348747592
<V3_ROOT>/07_AGGREGATE/CORE_541_DISTRIBUTION_V3.csv,data_row_1based:32324,A07,pitch_rmse_deg,D39_seed_06,2.9300049805660815,377,519,541,0.7263969171483622
<V3_ROOT>/07_AGGREGATE/CORE_541_DISTRIBUTION_V3.csv,data_row_1based:32325,A07,pitch_rmse_deg,D30_seed_07,2.9300189757085744,378,519,541,0.7283236994219653
<V3_ROOT>/07_AGGREGATE/CORE_541_DISTRIBUTION_V3.csv,data_row_1based:32326,A07,pitch_rmse_deg,D10_seed_01,2.9300438715151724,379,519,541,0.7302504816955684
<V3_ROOT>/07_AGGREGATE/CORE_541_DISTRIBUTION_V3.csv,data_row_1based:32327,A07,pitch_rmse_deg,D10_seed_02,2.9300438715151724,380,519,541,0.7321772639691715
<V3_ROOT>/07_AGGREGATE/CORE_541_DISTRIBUTION_V3.csv,data_row_1based:32328,A07,pitch_rmse_deg,D10_seed_03,2.9300438715151724,381,519,541,0.7341040462427746
<V3_ROOT>/07_AGGREGATE/CORE_541_DISTRIBUTION_V3.csv,data_row_1based:32329,A07,pitch_rmse_deg,D10_seed_04,2.9300438715151724,382,519,541,0.7360308285163777
<V3_ROOT>/07_AGGREGATE/CORE_541_DISTRIBUTION_V3.csv,data_row_1based:32330,A07,pitch_rmse_deg,D10_seed_05,2.9300438715151724,383,519,541,0.7379576107899807
<V3_ROOT>/07_AGGREGATE/CORE_541_DISTRIBUTION_V3.csv,data_row_1based:32331,A07,pitch_rmse_deg,D10_seed_06,2.9300438715151724,384,519,541,0.7398843930635838
<V3_ROOT>/07_AGGREGATE/CORE_541_DISTRIBUTION_V3.csv,data_row_1based:32332,A07,pitch_rmse_deg,D10_seed_07,2.9300438715151724,385,519,541,0.7418111753371869
<V3_ROOT>/07_AGGREGATE/CORE_541_DISTRIBUTION_V3.csv,data_row_1based:32333,A07,pitch_rmse_deg,D10_seed_08,2.9300438715151724,386,519,541,0.74373795761079
<V3_ROOT>/07_AGGREGATE/CORE_541_DISTRIBUTION_V3.csv,data_row_1based:32334,A07,pitch_rmse_deg,D35_seed_07,2.930063604386961,387,519,541,0.7456647398843931
<V3_ROOT>/07_AGGREGATE/CORE_541_DISTRIBUTION_V3.csv,data_row_1based:32335,A07,pitch_rmse_deg,D39_seed_02,2.9300650423865258,388,519,541,0.7475915221579962
<V3_ROOT>/07_AGGREGATE/CORE_541_DISTRIBUTION_V3.csv,data_row_1based:32336,A07,pitch_rmse_deg,D34_seed_02,2.9301024451830378,389,519,541,0.7495183044315993
<V3_ROOT>/07_AGGREGATE/CORE_541_DISTRIBUTION_V3.csv,data_row_1based:32337,A07,pitch_rmse_deg,D05_seed_03,2.930125563840705,390,519,541,0.7514450867052023
<V3_ROOT>/07_AGGREGATE/CORE_541_DISTRIBUTION_V3.csv,data_row_1based:32338,A07,pitch_rmse_deg,D18_seed_07,2.930131098964523,391,519,541,0.7533718689788054
<V3_ROOT>/07_AGGREGATE/CORE_541_DISTRIBUTION_V3.csv,data_row_1based:32339,A07,pitch_rmse_deg,D42_seed_02,2.9301312221061893,392,519,541,0.7552986512524085
<V3_ROOT>/07_AGGREGATE/CORE_541_DISTRIBUTION_V3.csv,data_row_1based:32340,A07,pitch_rmse_deg,D47_seed_03,2.930137868426331,393,519,541,0.7572254335260116
<V3_ROOT>/07_AGGREGATE/CORE_541_DISTRIBUTION_V3.csv,data_row_1based:32341,A07,pitch_rmse_deg,D12_seed_00,2.930184389015801,394,519,541,0.7591522157996147
<V3_ROOT>/07_AGGREGATE/CORE_541_DISTRIBUTION_V3.csv,data_row_1based:32342,A07,pitch_rmse_deg,D58_seed_04,2.930189867120209,395,519,541,0.7610789980732178
<V3_ROOT>/07_AGGREGATE/CORE_541_DISTRIBUTION_V3.csv,data_row_1based:32343,A07,pitch_rmse_deg,D34_seed_06,2.9302027895986953,396,519,541,0.7630057803468208
<V3_ROOT>/07_AGGREGATE/CORE_541_DISTRIBUTION_V3.csv,data_row_1based:32344,A07,pitch_rmse_deg,D12_seed_01,2.93023802231901,397,519,541,0.7649325626204239
<V3_ROOT>/07_AGGREGATE/CORE_541_DISTRIBUTION_V3.csv,data_row_1based:32345,A07,pitch_rmse_deg,D18_seed_01,2.930246288906605,398,519,541,0.766859344894027
<V3_ROOT>/07_AGGREGATE/CORE_541_DISTRIBUTION_V3.csv,data_row_1based:32346,A07,pitch_rmse_deg,D31_seed_01,2.930253718086553,399,519,541,0.7687861271676301
<V3_ROOT>/07_AGGREGATE/CORE_541_DISTRIBUTION_V3.csv,data_row_1based:32347,A07,pitch_rmse_deg,D35_seed_04,2.9302590212682365,400,519,541,0.7707129094412332
<V3_ROOT>/07_AGGREGATE/CORE_541_DISTRIBUTION_V3.csv,data_row_1based:32348,A07,pitch_rmse_deg,D05_seed_02,2.9302903673482863,401,519,541,0.7726396917148363
<V3_ROOT>/07_AGGREGATE/CORE_541_DISTRIBUTION_V3.csv,data_row_1based:32349,A07,pitch_rmse_deg,D34_seed_05,2.9302957830798158,402,519,541,0.7745664739884393
<V3_ROOT>/07_AGGREGATE/CORE_541_DISTRIBUTION_V3.csv,data_row_1based:32350,A07,pitch_rmse_deg,D44_seed_05,2.9303085333060577,403,519,541,0.7764932562620424
<V3_ROOT>/07_AGGREGATE/CORE_541_DISTRIBUTION_V3.csv,data_row_1based:32351,A07,pitch_rmse_deg,D19_seed_00,2.930359876943713,404,519,541,0.7784200385356455
<V3_ROOT>/07_AGGREGATE/CORE_541_DISTRIBUTION_V3.csv,data_row_1based:32352,A07,pitch_rmse_deg,D47_seed_08,2.9303740173951303,405,519,541,0.7803468208092486
<V3_ROOT>/07_AGGREGATE/CORE_541_DISTRIBUTION_V3.csv,data_row_1based:32353,A07,pitch_rmse_deg,D18_seed_00,2.93037703540404,406,519,541,0.7822736030828517
<V3_ROOT>/07_AGGREGATE/CORE_541_DISTRIBUTION_V3.csv,data_row_1based:32354,A07,pitch_rmse_deg,D34_seed_07,2.9303951916042736,407,519,541,0.7842003853564548
<V3_ROOT>/07_AGGREGATE/CORE_541_DISTRIBUTION_V3.csv,data_row_1based:32355,A07,pitch_rmse_deg,D35_seed_02,2.9304225195549707,408,519,541,0.7861271676300579
<V3_ROOT>/07_AGGREGATE/CORE_541_DISTRIBUTION_V3.csv,data_row_1based:32356,A07,pitch_rmse_deg,D35_seed_00,2.9304235369902494,409,519,541,0.7880539499036608
<V3_ROOT>/07_AGGREGATE/CORE_541_DISTRIBUTION_V3.csv,data_row_1based:32357,A07,pitch_rmse_deg,D44_seed_07,2.9304287875061026,410,519,541,0.789980732177264
<V3_ROOT>/07_AGGREGATE/CORE_541_DISTRIBUTION_V3.csv,data_row_1based:32358,A07,pitch_rmse_deg,D05_seed_01,2.930473998477649,411,519,541,0.791907514450867
<V3_ROOT>/07_AGGREGATE/CORE_541_DISTRIBUTION_V3.csv,data_row_1based:32359,A07,pitch_rmse_deg,D49_seed_01,2.930477349316751,412,519,541,0.7938342967244701
<V3_ROOT>/07_AGGREGATE/CORE_541_DISTRIBUTION_V3.csv,data_row_1based:32360,A07,pitch_rmse_deg,D47_seed_05,2.930572101154017,413,519,541,0.7957610789980732
<V3_ROOT>/07_AGGREGATE/CORE_541_DISTRIBUTION_V3.csv,data_row_1based:32361,A07,pitch_rmse_deg,D42_seed_06,2.930616006453643,414,519,541,0.7976878612716763
<V3_ROOT>/07_AGGREGATE/CORE_541_DISTRIBUTION_V3.csv,data_row_1based:32362,A07,pitch_rmse_deg,D42_seed_07,2.9306485989244453,415,519,541,0.7996146435452793
<V3_ROOT>/07_AGGREGATE/CORE_541_DISTRIBUTION_V3.csv,data_row_1based:32363,A07,pitch_rmse_deg,D19_seed_05,2.9307152921176836,416,519,541,0.8015414258188824
<V3_ROOT>/07_AGGREGATE/CORE_541_DISTRIBUTION_V3.csv,data_row_1based:32364,A07,pitch_rmse_deg,D44_seed_01,2.9308320685162323,417,519,541,0.8034682080924855
<V3_ROOT>/07_AGGREGATE/CORE_541_DISTRIBUTION_V3.csv,data_row_1based:32365,A07,pitch_rmse_deg,D47_seed_02,2.930865573225797,418,519,541,0.8053949903660886
<V3_ROOT>/07_AGGREGATE/CORE_541_DISTRIBUTION_V3.csv,data_row_1based:32366,A07,pitch_rmse_deg,D43_seed_03,2.9309097857683004,419,519,541,0.8073217726396917
<V3_ROOT>/07_AGGREGATE/CORE_541_DISTRIBUTION_V3.csv,data_row_1based:32367,A07,pitch_rmse_deg,D19_seed_04,2.9309485891978455,420,519,541,0.8092485549132948
<V3_ROOT>/07_AGGREGATE/CORE_541_DISTRIBUTION_V3.csv,data_row_1based:32368,A07,pitch_rmse_deg,D06_seed_01,2.9309778586203934,421,519,541,0.8111753371868978
<V3_ROOT>/07_AGGREGATE/CORE_541_DISTRIBUTION_V3.csv,data_row_1based:32369,A07,pitch_rmse_deg,D05_seed_06,2.9312459440749925,422,519,541,0.8131021194605009
<V3_ROOT>/07_AGGREGATE/CORE_541_DISTRIBUTION_V3.csv,data_row_1based:32370,A07,pitch_rmse_deg,D50_seed_02,2.9315272494393,423,519,541,0.815028901734104
<V3_ROOT>/07_AGGREGATE/CORE_541_DISTRIBUTION_V3.csv,data_row_1based:32371,A07,pitch_rmse_deg,D49_seed_06,2.9317377050307347,424,519,541,0.8169556840077071
<V3_ROOT>/07_AGGREGATE/CORE_541_DISTRIBUTION_V3.csv,data_row_1based:32372,A07,pitch_rmse_deg,D49_seed_04,2.9317630012535343,425,519,541,0.8188824662813102
<V3_ROOT>/07_AGGREGATE/CORE_541_DISTRIBUTION_V3.csv,data_row_1based:32373,A07,pitch_rmse_deg,D20_seed_07,2.9318520294465564,426,519,541,0.8208092485549133
<V3_ROOT>/07_AGGREGATE/CORE_541_DISTRIBUTION_V3.csv,data_row_1based:32374,A07,pitch_rmse_deg,D49_seed_07,2.9318807047353173,427,519,541,0.8227360308285164
<V3_ROOT>/07_AGGREGATE/CORE_541_DISTRIBUTION_V3.csv,data_row_1based:32375,A07,pitch_rmse_deg,D12_seed_07,2.9322634456220698,428,519,541,0.8246628131021194
<V3_ROOT>/07_AGGREGATE/CORE_541_DISTRIBUTION_V3.csv,data_row_1based:32376,A07,pitch_rmse_deg,D19_seed_08,2.9325345446089823,429,519,541,0.8265895953757225
<V3_ROOT>/07_AGGREGATE/CORE_541_DISTRIBUTION_V3.csv,data_row_1based:32377,A07,pitch_rmse_deg,D20_seed_08,2.93276471528562,430,519,541,0.8285163776493256
<V3_ROOT>/07_AGGREGATE/CORE_541_DISTRIBUTION_V3.csv,data_row_1based:32378,A07,pitch_rmse_deg,D22_seed_08,2.9329748586026048,431,519,541,0.8304431599229287
<V3_ROOT>/07_AGGREGATE/CORE_541_DISTRIBUTION_V3.csv,data_row_1based:32379,A07,pitch_rmse_deg,D19_seed_06,2.932993436363696,432,519,541,0.8323699421965318
<V3_ROOT>/07_AGGREGATE/CORE_541_DISTRIBUTION_V3.csv,data_row_1based:32380,A07,pitch_rmse_deg,D43_seed_08,2.933095750959485,433,519,541,0.8342967244701349
<V3_ROOT>/07_AGGREGATE/CORE_541_DISTRIBUTION_V3.csv,data_row_1based:32381,A07,pitch_rmse_deg,D50_seed_03,2.9336567252908345,434,519,541,0.8362235067437379
<V3_ROOT>/07_AGGREGATE/CORE_541_DISTRIBUTION_V3.csv,data_row_1based:32382,A07,pitch_rmse_deg,D50_seed_05,2.933672786862108,435,519,541,0.838150289017341
<V3_ROOT>/07_AGGREGATE/CORE_541_DISTRIBUTION_V3.csv,data_row_1based:32383,A07,pitch_rmse_deg,D50_seed_04,2.9336889072727006,436,519,541,0.8400770712909441
<V3_ROOT>/07_AGGREGATE/CORE_541_DISTRIBUTION_V3.csv,data_row_1based:32384,A07,pitch_rmse_deg,D50_seed_06,2.933689596737533,437,519,541,0.8420038535645472
<V3_ROOT>/07_AGGREGATE/CORE_541_DISTRIBUTION_V3.csv,data_row_1based:32385,A07,pitch_rmse_deg,D49_seed_08,2.934005478663063,438,519,541,0.8439306358381503
<V3_ROOT>/07_AGGREGATE/CORE_541_DISTRIBUTION_V3.csv,data_row_1based:32386,A07,pitch_rmse_deg,D09_seed_00,2.9340900133670127,439,519,541,0.8458574181117534
<V3_ROOT>/07_AGGREGATE/CORE_541_DISTRIBUTION_V3.csv,data_row_1based:32387,A07,pitch_rmse_deg,D05_seed_07,2.934276525236092,440,519,541,0.8477842003853564
<V3_ROOT>/07_AGGREGATE/CORE_541_DISTRIBUTION_V3.csv,data_row_1based:32388,A07,pitch_rmse_deg,D43_seed_07,2.9346302726751685,441,519,541,0.8497109826589595
<V3_ROOT>/07_AGGREGATE/CORE_541_DISTRIBUTION_V3.csv,data_row_1based:32389,A07,pitch_rmse_deg,D49_seed_03,2.9348744047716235,442,519,541,0.8516377649325626
<V3_ROOT>/07_AGGREGATE/CORE_541_DISTRIBUTION_V3.csv,data_row_1based:32390,A07,pitch_rmse_deg,D06_seed_08,2.93576196653131,443,519,541,0.8535645472061657
<V3_ROOT>/07_AGGREGATE/CORE_541_DISTRIBUTION_V3.csv,data_row_1based:32391,A07,pitch_rmse_deg,D49_seed_02,2.9359644106554637,444,519,541,0.8554913294797688
<V3_ROOT>/07_AGGREGATE/CORE_541_DISTRIBUTION_V3.csv,data_row_1based:32392,A07,pitch_rmse_deg,D21_seed_02,2.9359793937042244,445,519,541,0.8574181117533719
<V3_ROOT>/07_AGGREGATE/CORE_541_DISTRIBUTION_V3.csv,data_row_1based:32393,A07,pitch_rmse_deg,D43_seed_06,2.9364757945991906,446,519,541,0.859344894026975
<V3_ROOT>/07_AGGREGATE/CORE_541_DISTRIBUTION_V3.csv,data_row_1based:32394,A07,pitch_rmse_deg,D45_seed_08,2.936597288179658,447,519,541,0.861271676300578
<V3_ROOT>/07_AGGREGATE/CORE_541_DISTRIBUTION_V3.csv,data_row_1based:32395,A07,pitch_rmse_deg,D45_seed_03,2.936679430396888,448,519,541,0.8631984585741811
<V3_ROOT>/07_AGGREGATE/CORE_541_DISTRIBUTION_V3.csv,data_row_1based:32396,A07,pitch_rmse_deg,D49_seed_05,2.936716981368368,449,519,541,0.8651252408477842
<V3_ROOT>/07_AGGREGATE/CORE_541_DISTRIBUTION_V3.csv,data_row_1based:32397,A07,pitch_rmse_deg,D20_seed_00,2.9373545863826873,450,519,541,0.8670520231213873
<V3_ROOT>/07_AGGREGATE/CORE_541_DISTRIBUTION_V3.csv,data_row_1based:32398,A07,pitch_rmse_deg,D43_seed_04,2.9376088285224786,451,519,541,0.8689788053949904
<V3_ROOT>/07_AGGREGATE/CORE_541_DISTRIBUTION_V3.csv,data_row_1based:32399,A07,pitch_rmse_deg,D20_seed_02,2.9394033518331493,452,519,541,0.8709055876685935
<V3_ROOT>/07_AGGREGATE/CORE_541_DISTRIBUTION_V3.csv,data_row_1based:32400,A07,pitch_rmse_deg,D41_seed_04,2.9405154397948725,453,519,541,0.8728323699421965
<V3_ROOT>/07_AGGREGATE/CORE_541_DISTRIBUTION_V3.csv,data_row_1based:32401,A07,pitch_rmse_deg,D43_seed_05,2.9407518294808646,454,519,541,0.8747591522157996
<V3_ROOT>/07_AGGREGATE/CORE_541_DISTRIBUTION_V3.csv,data_row_1based:32402,A07,pitch_rmse_deg,D43_seed_00,2.9412559076231197,455,519,541,0.8766859344894027
<V3_ROOT>/07_AGGREGATE/CORE_541_DISTRIBUTION_V3.csv,data_row_1based:32403,A07,pitch_rmse_deg,D10_seed_00,2.9417436001747377,456,519,541,0.8786127167630058
<V3_ROOT>/07_AGGREGATE/CORE_541_DISTRIBUTION_V3.csv,data_row_1based:32404,A07,pitch_rmse_deg,D43_seed_01,2.942502097868679,457,519,541,0.8805394990366089
<V3_ROOT>/07_AGGREGATE/CORE_541_DISTRIBUTION_V3.csv,data_row_1based:32405,A07,pitch_rmse_deg,D06_seed_04,2.94285167366845,458,519,541,0.882466281310212
<V3_ROOT>/07_AGGREGATE/CORE_541_DISTRIBUTION_V3.csv,data_row_1based:32406,A07,pitch_rmse_deg,D45_seed_07,2.9443136780730166,459,519,541,0.884393063583815
<V3_ROOT>/07_AGGREGATE/CORE_541_DISTRIBUTION_V3.csv,data_row_1based:32407,A07,pitch_rmse_deg,D20_seed_04,2.946048315651408,460,519,541,0.8863198458574181
<V3_ROOT>/07_AGGREGATE/CORE_541_DISTRIBUTION_V3.csv,data_row_1based:32408,A07,pitch_rmse_deg,D20_seed_05,2.948691140455188,461,519,541,0.8882466281310212
<V3_ROOT>/07_AGGREGATE/CORE_541_DISTRIBUTION_V3.csv,data_row_1based:32409,A07,pitch_rmse_deg,D45_seed_06,2.9501046896136724,462,519,541,0.8901734104046243
<V3_ROOT>/07_AGGREGATE/CORE_541_DISTRIBUTION_V3.csv,data_row_1based:32410,A07,pitch_rmse_deg,D06_seed_05,2.951600394419176,463,519,541,0.8921001926782274
<V3_ROOT>/07_AGGREGATE/CORE_541_DISTRIBUTION_V3.csv,data_row_1based:32411,A07,pitch_rmse_deg,D06_seed_03,2.9524727526751087,464,519,541,0.8940269749518305
<V3_ROOT>/07_AGGREGATE/CORE_541_DISTRIBUTION_V3.csv,data_row_1based:32412,A07,pitch_rmse_deg,D45_seed_04,2.953905609848073,465,519,541,0.8959537572254336
<V3_ROOT>/07_AGGREGATE/CORE_541_DISTRIBUTION_V3.csv,data_row_1based:32413,A07,pitch_rmse_deg,D60_seed_06,2.956071593931894,466,519,541,0.8978805394990366
<V3_ROOT>/07_AGGREGATE/CORE_541_DISTRIBUTION_V3.csv,data_row_1based:32414,A07,pitch_rmse_deg,D45_seed_05,2.9582584058668124,467,519,541,0.8998073217726397
<V3_ROOT>/07_AGGREGATE/CORE_541_DISTRIBUTION_V3.csv,data_row_1based:32415,A07,pitch_rmse_deg,D45_seed_01,2.958648216035537,468,519,541,0.9017341040462428
<V3_ROOT>/07_AGGREGATE/CORE_541_DISTRIBUTION_V3.csv,data_row_1based:32416,A07,pitch_rmse_deg,D06_seed_02,2.959048438927261,469,519,541,0.9036608863198459
<V3_ROOT>/07_AGGREGATE/CORE_541_DISTRIBUTION_V3.csv,data_row_1based:32417,A07,pitch_rmse_deg,D22_seed_01,2.9594541840373814,470,519,541,0.905587668593449
<V3_ROOT>/07_AGGREGATE/CORE_541_DISTRIBUTION_V3.csv,data_row_1based:32418,A07,pitch_rmse_deg,D45_seed_00,2.9629749761865414,471,519,541,0.9075144508670521
<V3_ROOT>/07_AGGREGATE/CORE_541_DISTRIBUTION_V3.csv,data_row_1based:32419,A07,pitch_rmse_deg,D20_seed_03,2.9664656966595455,472,519,541,0.9094412331406551
<V3_ROOT>/07_AGGREGATE/CORE_541_DISTRIBUTION_V3.csv,data_row_1based:32420,A07,pitch_rmse_deg,D21_seed_08,2.9766316696460393,473,519,541,0.9113680154142582
<V3_ROOT>/07_AGGREGATE/CORE_541_DISTRIBUTION_V3.csv,data_row_1based:32421,A07,pitch_rmse_deg,D06_seed_06,2.9871541198328155,474,519,541,0.9132947976878613
<V3_ROOT>/07_AGGREGATE/CORE_541_DISTRIBUTION_V3.csv,data_row_1based:32422,A07,pitch_rmse_deg,D06_seed_07,2.9917726927111143,475,519,541,0.9152215799614644
<V3_ROOT>/07_AGGREGATE/CORE_541_DISTRIBUTION_V3.csv,data_row_1based:32423,A07,pitch_rmse_deg,D21_seed_06,2.9929289419190006,476,519,541,0.9171483622350675
<V3_ROOT>/07_AGGREGATE/CORE_541_DISTRIBUTION_V3.csv,data_row_1based:32424,A07,pitch_rmse_deg,D21_seed_04,3.0206246233575356,477,519,541,0.9190751445086706
<V3_ROOT>/07_AGGREGATE/CORE_541_DISTRIBUTION_V3.csv,data_row_1based:32425,A07,pitch_rmse_deg,D60_seed_07,3.08836572562867,478,519,541,0.9210019267822736
<V3_ROOT>/07_AGGREGATE/CORE_541_DISTRIBUTION_V3.csv,data_row_1based:32426,A07,pitch_rmse_deg,D21_seed_05,3.11339342129699,479,519,541,0.9229287090558767
<V3_ROOT>/07_AGGREGATE/CORE_541_DISTRIBUTION_V3.csv,data_row_1based:32427,A07,pitch_rmse_deg,D13_seed_02,3.1254288892957245,480,519,541,0.9248554913294798
<V3_ROOT>/07_AGGREGATE/CORE_541_DISTRIBUTION_V3.csv,data_row_1based:32428,A07,pitch_rmse_deg,D13_seed_07,3.1342895948103577,481,519,541,0.9267822736030829
<V3_ROOT>/07_AGGREGATE/CORE_541_DISTRIBUTION_V3.csv,data_row_1based:32429,A07,pitch_rmse_deg,D13_seed_06,3.2043363914421334,482,519,541,0.928709055876686
<V3_ROOT>/07_AGGREGATE/CORE_541_DISTRIBUTION_V3.csv,data_row_1based:32430,A07,pitch_rmse_deg,D60_seed_03,3.2243265826752605,483,519,541,0.930635838150289
<V3_ROOT>/07_AGGREGATE/CORE_541_DISTRIBUTION_V3.csv,data_row_1based:32431,A07,pitch_rmse_deg,D13_seed_03,3.2423944098622215,484,519,541,0.9325626204238922
<V3_ROOT>/07_AGGREGATE/CORE_541_DISTRIBUTION_V3.csv,data_row_1based:32432,A07,pitch_rmse_deg,D13_seed_04,3.295939093440971,485,519,541,0.9344894026974951
<V3_ROOT>/07_AGGREGATE/CORE_541_DISTRIBUTION_V3.csv,data_row_1based:32433,A07,pitch_rmse_deg,D13_seed_08,3.3522337298188436,486,519,541,0.9364161849710982
<V3_ROOT>/07_AGGREGATE/CORE_541_DISTRIBUTION_V3.csv,data_row_1based:32434,A07,pitch_rmse_deg,D21_seed_03,3.4540999180646144,487,519,541,0.9383429672447013
<V3_ROOT>/07_AGGREGATE/CORE_541_DISTRIBUTION_V3.csv,data_row_1based:32435,A07,pitch_rmse_deg,D13_seed_00,3.589242152319161,488,519,541,0.9402697495183044
<V3_ROOT>/07_AGGREGATE/CORE_541_DISTRIBUTION_V3.csv,data_row_1based:32436,A07,pitch_rmse_deg,D13_seed_01,3.705424971812931,489,519,541,0.9421965317919075
<V3_ROOT>/07_AGGREGATE/CORE_541_DISTRIBUTION_V3.csv,data_row_1based:32437,A07,pitch_rmse_deg,D13_seed_05,3.8089367336447513,490,519,541,0.9441233140655106
<V3_ROOT>/07_AGGREGATE/CORE_541_DISTRIBUTION_V3.csv,data_row_1based:32438,A07,pitch_rmse_deg,D60_seed_05,4.001562447595504,491,519,541,0.9460500963391136
<V3_ROOT>/07_AGGREGATE/CORE_541_DISTRIBUTION_V3.csv,data_row_1based:32439,A07,pitch_rmse_deg,D14_seed_07,4.225366952692832,492,519,541,0.9479768786127167
<V3_ROOT>/07_AGGREGATE/CORE_541_DISTRIBUTION_V3.csv,data_row_1based:32440,A07,pitch_rmse_deg,D21_seed_07,4.42718716070409,493,519,541,0.9499036608863198
<V3_ROOT>/07_AGGREGATE/CORE_541_DISTRIBUTION_V3.csv,data_row_1based:32441,A07,pitch_rmse_deg,D14_seed_03,4.960486685935876,494,519,541,0.9518304431599229
<V3_ROOT>/07_AGGREGATE/CORE_541_DISTRIBUTION_V3.csv,data_row_1based:32442,A07,pitch_rmse_deg,D14_seed_06,5.351901801635122,495,519,541,0.953757225433526
<V3_ROOT>/07_AGGREGATE/CORE_541_DISTRIBUTION_V3.csv,data_row_1based:32443,A07,pitch_rmse_deg,D14_seed_04,5.362237169407252,496,519,541,0.9556840077071291
<V3_ROOT>/07_AGGREGATE/CORE_541_DISTRIBUTION_V3.csv,data_row_1based:32444,A07,pitch_rmse_deg,D15_seed_06,5.557654673049546,497,519,541,0.9576107899807321
<V3_ROOT>/07_AGGREGATE/CORE_541_DISTRIBUTION_V3.csv,data_row_1based:32445,A07,pitch_rmse_deg,D14_seed_02,5.6260005159927164,498,519,541,0.9595375722543352
<V3_ROOT>/07_AGGREGATE/CORE_541_DISTRIBUTION_V3.csv,data_row_1based:32446,A07,pitch_rmse_deg,D59_seed_06,6.033382168660777,499,519,541,0.9614643545279383
<V3_ROOT>/07_AGGREGATE/CORE_541_DISTRIBUTION_V3.csv,data_row_1based:32447,A07,pitch_rmse_deg,D14_seed_01,6.35607947766407,500,519,541,0.9633911368015414
<V3_ROOT>/07_AGGREGATE/CORE_541_DISTRIBUTION_V3.csv,data_row_1based:32448,A07,pitch_rmse_deg,D15_seed_01,6.5363780529683675,501,519,541,0.9653179190751445
<V3_ROOT>/07_AGGREGATE/CORE_541_DISTRIBUTION_V3.csv,data_row_1based:32449,A07,pitch_rmse_deg,D59_seed_04,6.676014304969155,502,519,541,0.9672447013487476
<V3_ROOT>/07_AGGREGATE/CORE_541_DISTRIBUTION_V3.csv,data_row_1based:32450,A07,pitch_rmse_deg,D15_seed_04,6.83652553582054,503,519,541,0.9691714836223507
<V3_ROOT>/07_AGGREGATE/CORE_541_DISTRIBUTION_V3.csv,data_row_1based:32451,A07,pitch_rmse_deg,D59_seed_01,6.990858063219404,504,519,541,0.9710982658959537
<V3_ROOT>/07_AGGREGATE/CORE_541_DISTRIBUTION_V3.csv,data_row_1based:32452,A07,pitch_rmse_deg,D14_seed_08,6.999381744566742,505,519,541,0.9730250481695568
<V3_ROOT>/07_AGGREGATE/CORE_541_DISTRIBUTION_V3.csv,data_row_1based:32453,A07,pitch_rmse_deg,D15_seed_08,7.404368146596841,506,519,541,0.9749518304431599
<V3_ROOT>/07_AGGREGATE/CORE_541_DISTRIBUTION_V3.csv,data_row_1based:32454,A07,pitch_rmse_deg,D59_seed_08,7.499009338696285,507,519,541,0.976878612716763
<V3_ROOT>/07_AGGREGATE/CORE_541_DISTRIBUTION_V3.csv,data_row_1based:32455,A07,pitch_rmse_deg,D59_seed_05,8.92795763583807,508,519,541,0.9788053949903661
<V3_ROOT>/07_AGGREGATE/CORE_541_DISTRIBUTION_V3.csv,data_row_1based:32456,A07,pitch_rmse_deg,D14_seed_05,9.305761703472191,509,519,541,0.9807321772639692
<V3_ROOT>/07_AGGREGATE/CORE_541_DISTRIBUTION_V3.csv,data_row_1based:32457,A07,pitch_rmse_deg,D14_seed_00,9.409777103375074,510,519,541,0.9826589595375722
<V3_ROOT>/07_AGGREGATE/CORE_541_DISTRIBUTION_V3.csv,data_row_1based:32458,A07,pitch_rmse_deg,D15_seed_07,12.483171430738846,511,519,541,0.9845857418111753
<V3_ROOT>/07_AGGREGATE/CORE_541_DISTRIBUTION_V3.csv,data_row_1based:32459,A07,pitch_rmse_deg,D59_seed_07,14.382024581080376,512,519,541,0.9865125240847784
<V3_ROOT>/07_AGGREGATE/CORE_541_DISTRIBUTION_V3.csv,data_row_1based:32460,A07,pitch_rmse_deg,D15_seed_02,17.94553388451034,513,519,541,0.9884393063583815
<V3_ROOT>/07_AGGREGATE/CORE_541_DISTRIBUTION_V3.csv,data_row_1based:32461,A07,pitch_rmse_deg,D59_seed_02,18.390495758794202,514,519,541,0.9903660886319846
<V3_ROOT>/07_AGGREGATE/CORE_541_DISTRIBUTION_V3.csv,data_row_1based:32462,A07,pitch_rmse_deg,D15_seed_03,21.276609347348995,515,519,541,0.9922928709055877
<V3_ROOT>/07_AGGREGATE/CORE_541_DISTRIBUTION_V3.csv,data_row_1based:32463,A07,pitch_rmse_deg,D59_seed_03,21.484093950315327,516,519,541,0.9942196531791907
<V3_ROOT>/07_AGGREGATE/CORE_541_DISTRIBUTION_V3.csv,data_row_1based:32464,A07,pitch_rmse_deg,D15_seed_00,25.653167100848798,517,519,541,0.9961464354527938
<V3_ROOT>/07_AGGREGATE/CORE_541_DISTRIBUTION_V3.csv,data_row_1based:32465,A07,pitch_rmse_deg,D59_seed_00,28.19858908583437,518,519,541,0.9980732177263969
<V3_ROOT>/07_AGGREGATE/CORE_541_DISTRIBUTION_V3.csv,data_row_1based:32466,A07,pitch_rmse_deg,D15_seed_05,33.75518604648371,519,519,541,1.0
