comparison,metric_name,scope,family,paired_sample_count,total_case_count,mean_delta_candidate_minus_reference,median_delta_candidate_minus_reference,mean_ci95_low,mean_ci95_high,median_ci95_low,median_ci95_high,win_count,tie_count,loss_count,win_rate,wilcoxon_p,wilcoxon_zero_policy,wilcoxon_approximation,bootstrap_n,bootstrap_seed,bootstrap_policy,delta_definition,failure_aware_comparable_count,failure_aware_win_count,failure_aware_loss_count,failure_aware_tie_count,failure_aware_win_rate,failure_aware_win_rate_denominator,all_registered_case_win_rate_sensitivity,all_registered_case_denominator,both_algorithm_failure_count,candidate_algorithm_failure_count,reference_algorithm_failure_count,technical_missing_count,evaluation_suspect_count,finite_metric_unavailable_count,denominator_policy,evaluator_version,source_table,source_table_row,source_sha256,failure_source_table,failure_source_table_row,failure_source_sha256
A04_vs_F03,fault_window_horizontal_rmse_m,family,A1,27,27,-1.4319196772638956,0.29550640425496866,-6.137852865882474,2.514576443775861,-3.124692826178725,2.522209668205484,12,0,15,0.4444444444444444,0.9712524588767892,wilcox; abs(delta)>1e-12,exact conditional signs with ties for n_nonzero<=20; frozen normal approximation otherwise,10000,20260904,paired cases; percentile 95%; default_rng PCG64; mean and median explicitly separated,candidate_minus_reference; negative_is_better,27,12,15,0,0.4444444444444444,27,0.4444444444444444,27,0,0,0,0,0,0,comparable terminals include algorithm failures and double-failure ties; technical/missing excluded and counted; all-registered sensitivity separate,v3,<ADDENDUM_ROOT>/13_AGGREGATE_ADDENDUM/v3/PAIRWISE_SUMMARY.csv,2,b31b250a5af7fee5cc5b9a0e078f79ce52a51266daa400c9d7db8de3cba9a2ae,<ADDENDUM_ROOT>/13_AGGREGATE_ADDENDUM/v3/FAILURE_AWARE_PAIRWISE_SUMMARY.csv,2,80b8860c4a418e82f60b7ec01f19b3234aa5fecd889a0e1e7dc5ad6c39f29ff5
A04_vs_F03,fault_window_horizontal_rmse_m,family,A2,18,18,-15.75883231363328,-7.460806838733115,-24.299336593386542,-8.221363544494862,-23.8159452855576,-3.6281340881861723,16,0,2,0.8888888888888888,0.00032806396484375,wilcox; abs(delta)>1e-12,exact conditional signs with ties for n_nonzero<=20; frozen normal approximation otherwise,10000,20260904,paired cases; percentile 95%; default_rng PCG64; mean and median explicitly separated,candidate_minus_reference; negative_is_better,18,16,2,0,0.8888888888888888,18,0.8888888888888888,18,0,0,0,0,0,0,comparable terminals include algorithm failures and double-failure ties; technical/missing excluded and counted; all-registered sensitivity separate,v3,<ADDENDUM_ROOT>/13_AGGREGATE_ADDENDUM/v3/PAIRWISE_SUMMARY.csv,3,b31b250a5af7fee5cc5b9a0e078f79ce52a51266daa400c9d7db8de3cba9a2ae,<ADDENDUM_ROOT>/13_AGGREGATE_ADDENDUM/v3/FAILURE_AWARE_PAIRWISE_SUMMARY.csv,3,80b8860c4a418e82f60b7ec01f19b3234aa5fecd889a0e1e7dc5ad6c39f29ff5
A04_vs_F03,horizontal_rmse_m,family,A1,27,27,-0.5205081135153011,0.04542964613829126,-2.0517804906442114,0.7281539404180835,-0.6487671226018736,0.6676395381853588,12,0,15,0.4444444444444444,0.9139064562592599,wilcox; abs(delta)>1e-12,exact conditional signs with ties for n_nonzero<=20; frozen normal approximation otherwise,10000,20260904,paired cases; percentile 95%; default_rng PCG64; mean and median explicitly separated,candidate_minus_reference; negative_is_better,27,12,15,0,0.4444444444444444,27,0.4444444444444444,27,0,0,0,0,0,0,comparable terminals include algorithm failures and double-failure ties; technical/missing excluded and counted; all-registered sensitivity separate,v3,<ADDENDUM_ROOT>/13_AGGREGATE_ADDENDUM/v3/PAIRWISE_SUMMARY.csv,5,b31b250a5af7fee5cc5b9a0e078f79ce52a51266daa400c9d7db8de3cba9a2ae,<ADDENDUM_ROOT>/13_AGGREGATE_ADDENDUM/v3/FAILURE_AWARE_PAIRWISE_SUMMARY.csv,5,80b8860c4a418e82f60b7ec01f19b3234aa5fecd889a0e1e7dc5ad6c39f29ff5
A04_vs_F03,horizontal_rmse_m,family,A2,18,18,-4.158721170155584,-1.563473888904642,-6.518413904341616,-2.0753602939665905,-6.1437783252765845,-0.6966047033029277,16,0,2,0.8888888888888888,0.00067138671875,wilcox; abs(delta)>1e-12,exact conditional signs with ties for n_nonzero<=20; frozen normal approximation otherwise,10000,20260904,paired cases; percentile 95%; default_rng PCG64; mean and median explicitly separated,candidate_minus_reference; negative_is_better,18,16,2,0,0.8888888888888888,18,0.8888888888888888,18,0,0,0,0,0,0,comparable terminals include algorithm failures and double-failure ties; technical/missing excluded and counted; all-registered sensitivity separate,v3,<ADDENDUM_ROOT>/13_AGGREGATE_ADDENDUM/v3/PAIRWISE_SUMMARY.csv,6,b31b250a5af7fee5cc5b9a0e078f79ce52a51266daa400c9d7db8de3cba9a2ae,<ADDENDUM_ROOT>/13_AGGREGATE_ADDENDUM/v3/FAILURE_AWARE_PAIRWISE_SUMMARY.csv,6,80b8860c4a418e82f60b7ec01f19b3234aa5fecd889a0e1e7dc5ad6c39f29ff5
A04_vs_F03,max_horizontal_error_in_window_m,family,A1,27,27,-4.090794017965565,-0.3421565692818689,-13.268074467873774,3.5688053352417155,-6.702908812301679,3.439420334972837,14,0,13,0.5185185185185185,0.8008381797069951,wilcox; abs(delta)>1e-12,exact conditional signs with ties for n_nonzero<=20; frozen normal approximation otherwise,10000,20260904,paired cases; percentile 95%; default_rng PCG64; mean and median explicitly separated,candidate_minus_reference; negative_is_better,27,14,13,0,0.5185185185185185,27,0.5185185185185185,27,0,0,0,0,0,0,comparable terminals include algorithm failures and double-failure ties; technical/missing excluded and counted; all-registered sensitivity separate,v3,<ADDENDUM_ROOT>/13_AGGREGATE_ADDENDUM/v3/PAIRWISE_SUMMARY.csv,8,b31b250a5af7fee5cc5b9a0e078f79ce52a51266daa400c9d7db8de3cba9a2ae,<ADDENDUM_ROOT>/13_AGGREGATE_ADDENDUM/v3/FAILURE_AWARE_PAIRWISE_SUMMARY.csv,8,80b8860c4a418e82f60b7ec01f19b3234aa5fecd889a0e1e7dc5ad6c39f29ff5
A04_vs_F03,max_horizontal_error_in_window_m,family,A2,18,18,-41.56320851972171,-18.364346281595896,-62.04906809944439,-23.08560802882986,-66.48239821436029,-10.033827781706952,17,0,1,0.9444444444444444,3.814697265625e-05,wilcox; abs(delta)>1e-12,exact conditional signs with ties for n_nonzero<=20; frozen normal approximation otherwise,10000,20260904,paired cases; percentile 95%; default_rng PCG64; mean and median explicitly separated,candidate_minus_reference; negative_is_better,18,17,1,0,0.9444444444444444,18,0.9444444444444444,18,0,0,0,0,0,0,comparable terminals include algorithm failures and double-failure ties; technical/missing excluded and counted; all-registered sensitivity separate,v3,<ADDENDUM_ROOT>/13_AGGREGATE_ADDENDUM/v3/PAIRWISE_SUMMARY.csv,9,b31b250a5af7fee5cc5b9a0e078f79ce52a51266daa400c9d7db8de3cba9a2ae,<ADDENDUM_ROOT>/13_AGGREGATE_ADDENDUM/v3/FAILURE_AWARE_PAIRWISE_SUMMARY.csv,9,80b8860c4a418e82f60b7ec01f19b3234aa5fecd889a0e1e7dc5ad6c39f29ff5
A04_vs_F03,outage_end_horizontal_error_m,family,A1,27,27,-4.077469321211281,-0.3421565692818689,-13.244677397244864,3.5733057078467403,-6.702908812301679,3.439420334972837,14,0,13,0.5185185185185185,0.8008381797069951,wilcox; abs(delta)>1e-12,exact conditional signs with ties for n_nonzero<=20; frozen normal approximation otherwise,10000,20260904,paired cases; percentile 95%; default_rng PCG64; mean and median explicitly separated,candidate_minus_reference; negative_is_better,27,14,13,0,0.5185185185185185,27,0.5185185185185185,27,0,0,0,0,0,0,comparable terminals include algorithm failures and double-failure ties; technical/missing excluded and counted; all-registered sensitivity separate,v3,<ADDENDUM_ROOT>/13_AGGREGATE_ADDENDUM/v3/PAIRWISE_SUMMARY.csv,11,b31b250a5af7fee5cc5b9a0e078f79ce52a51266daa400c9d7db8de3cba9a2ae,<ADDENDUM_ROOT>/13_AGGREGATE_ADDENDUM/v3/FAILURE_AWARE_PAIRWISE_SUMMARY.csv,11,80b8860c4a418e82f60b7ec01f19b3234aa5fecd889a0e1e7dc5ad6c39f29ff5
A04_vs_F03,outage_end_horizontal_error_m,family,A2,18,18,-43.15902838736181,-19.30738252905445,-64.05486618356542,-24.353135425115088,-67.78460145301574,-11.002370009727066,17,0,1,0.9444444444444444,3.814697265625e-05,wilcox; abs(delta)>1e-12,exact conditional signs with ties for n_nonzero<=20; frozen normal approximation otherwise,10000,20260904,paired cases; percentile 95%; default_rng PCG64; mean and median explicitly separated,candidate_minus_reference; negative_is_better,18,17,1,0,0.9444444444444444,18,0.9444444444444444,18,0,0,0,0,0,0,comparable terminals include algorithm failures and double-failure ties; technical/missing excluded and counted; all-registered sensitivity separate,v3,<ADDENDUM_ROOT>/13_AGGREGATE_ADDENDUM/v3/PAIRWISE_SUMMARY.csv,12,b31b250a5af7fee5cc5b9a0e078f79ce52a51266daa400c9d7db8de3cba9a2ae,<ADDENDUM_ROOT>/13_AGGREGATE_ADDENDUM/v3/FAILURE_AWARE_PAIRWISE_SUMMARY.csv,12,80b8860c4a418e82f60b7ec01f19b3234aa5fecd889a0e1e7dc5ad6c39f29ff5
A04_vs_F03,post_window_horizontal_rmse_m,family,A1,27,27,-0.19525495041238286,-0.0022759051501090033,-0.6999739563326222,0.25451944774698476,-0.025320298372080607,0.13001388470366093,15,0,12,0.5555555555555556,0.9329868657677283,wilcox; abs(delta)>1e-12,exact conditional signs with ties for n_nonzero<=20; frozen normal approximation otherwise,10000,20260904,paired cases; percentile 95%; default_rng PCG64; mean and median explicitly separated,candidate_minus_reference; negative_is_better,27,15,12,0,0.5555555555555556,27,0.5555555555555556,27,0,0,0,0,0,0,comparable terminals include algorithm failures and double-failure ties; technical/missing excluded and counted; all-registered sensitivity separate,v3,<ADDENDUM_ROOT>/13_AGGREGATE_ADDENDUM/v3/PAIRWISE_SUMMARY.csv,14,b31b250a5af7fee5cc5b9a0e078f79ce52a51266daa400c9d7db8de3cba9a2ae,<ADDENDUM_ROOT>/13_AGGREGATE_ADDENDUM/v3/FAILURE_AWARE_PAIRWISE_SUMMARY.csv,14,80b8860c4a418e82f60b7ec01f19b3234aa5fecd889a0e1e7dc5ad6c39f29ff5
A04_vs_F03,post_window_horizontal_rmse_m,family,A2,18,18,-1.4999942014951997,-0.7053484909699397,-2.451431222353896,-0.7012477546310384,-2.3868825075093234,-0.32311721103521396,17,0,1,0.9444444444444444,0.00025177001953125,wilcox; abs(delta)>1e-12,exact conditional signs with ties for n_nonzero<=20; frozen normal approximation otherwise,10000,20260904,paired cases; percentile 95%; default_rng PCG64; mean and median explicitly separated,candidate_minus_reference; negative_is_better,18,17,1,0,0.9444444444444444,18,0.9444444444444444,18,0,0,0,0,0,0,comparable terminals include algorithm failures and double-failure ties; technical/missing excluded and counted; all-registered sensitivity separate,v3,<ADDENDUM_ROOT>/13_AGGREGATE_ADDENDUM/v3/PAIRWISE_SUMMARY.csv,15,b31b250a5af7fee5cc5b9a0e078f79ce52a51266daa400c9d7db8de3cba9a2ae,<ADDENDUM_ROOT>/13_AGGREGATE_ADDENDUM/v3/FAILURE_AWARE_PAIRWISE_SUMMARY.csv,15,80b8860c4a418e82f60b7ec01f19b3234aa5fecd889a0e1e7dc5ad6c39f29ff5
A04_vs_F03,up_rmse_m,family,A1,27,27,0.07002133488711362,0.001707943097959852,-0.007644029481053737,0.1571811411073194,-0.018118701285614935,0.06580869346919839,13,0,14,0.48148148148148145,0.3805341859058945,wilcox; abs(delta)>1e-12,exact conditional signs with ties for n_nonzero<=20; frozen normal approximation otherwise,10000,20260904,paired cases; percentile 95%; default_rng PCG64; mean and median explicitly separated,candidate_minus_reference; negative_is_better,27,13,14,0,0.48148148148148145,27,0.48148148148148145,27,0,0,0,0,0,0,comparable terminals include algorithm failures and double-failure ties; technical/missing excluded and counted; all-registered sensitivity separate,v3,<ADDENDUM_ROOT>/13_AGGREGATE_ADDENDUM/v3/PAIRWISE_SUMMARY.csv,17,b31b250a5af7fee5cc5b9a0e078f79ce52a51266daa400c9d7db8de3cba9a2ae,<ADDENDUM_ROOT>/13_AGGREGATE_ADDENDUM/v3/FAILURE_AWARE_PAIRWISE_SUMMARY.csv,17,80b8860c4a418e82f60b7ec01f19b3234aa5fecd889a0e1e7dc5ad6c39f29ff5
A04_vs_F03,up_rmse_m,family,A2,18,18,0.025976795461966413,0.01708222650845813,-0.08658121064151834,0.12255451648948937,-0.0173826619857972,0.08024570085363225,7,0,11,0.3888888888888889,0.30379486083984375,wilcox; abs(delta)>1e-12,exact conditional signs with ties for n_nonzero<=20; frozen normal approximation otherwise,10000,20260904,paired cases; percentile 95%; default_rng PCG64; mean and median explicitly separated,candidate_minus_reference; negative_is_better,18,7,11,0,0.3888888888888889,18,0.3888888888888889,18,0,0,0,0,0,0,comparable terminals include algorithm failures and double-failure ties; technical/missing excluded and counted; all-registered sensitivity separate,v3,<ADDENDUM_ROOT>/13_AGGREGATE_ADDENDUM/v3/PAIRWISE_SUMMARY.csv,18,b31b250a5af7fee5cc5b9a0e078f79ce52a51266daa400c9d7db8de3cba9a2ae,<ADDENDUM_ROOT>/13_AGGREGATE_ADDENDUM/v3/FAILURE_AWARE_PAIRWISE_SUMMARY.csv,18,80b8860c4a418e82f60b7ec01f19b3234aa5fecd889a0e1e7dc5ad6c39f29ff5
A04_vs_F03,yaw_rmse_deg,family,A1,27,27,-0.03931011193312468,-0.03741176944904279,-0.04323265327104529,-0.035506477394380155,-0.04335077929678022,-0.03353689083680145,27,0,0,1.0,5.9344232634363165e-06,wilcox; abs(delta)>1e-12,exact conditional signs with ties for n_nonzero<=20; frozen normal approximation otherwise,10000,20260904,paired cases; percentile 95%; default_rng PCG64; mean and median explicitly separated,candidate_minus_reference; negative_is_better,27,27,0,0,1.0,27,1.0,27,0,0,0,0,0,0,comparable terminals include algorithm failures and double-failure ties; technical/missing excluded and counted; all-registered sensitivity separate,v3,<ADDENDUM_ROOT>/13_AGGREGATE_ADDENDUM/v3/PAIRWISE_SUMMARY.csv,20,b31b250a5af7fee5cc5b9a0e078f79ce52a51266daa400c9d7db8de3cba9a2ae,<ADDENDUM_ROOT>/13_AGGREGATE_ADDENDUM/v3/FAILURE_AWARE_PAIRWISE_SUMMARY.csv,20,80b8860c4a418e82f60b7ec01f19b3234aa5fecd889a0e1e7dc5ad6c39f29ff5
A04_vs_F03,yaw_rmse_deg,family,A2,18,18,-0.03294702317121718,-0.03267642663403314,-0.03428902579467135,-0.031672158212181646,-0.034200726221567335,-0.03167722499941661,18,0,0,1.0,7.62939453125e-06,wilcox; abs(delta)>1e-12,exact conditional signs with ties for n_nonzero<=20; frozen normal approximation otherwise,10000,20260904,paired cases; percentile 95%; default_rng PCG64; mean and median explicitly separated,candidate_minus_reference; negative_is_better,18,18,0,0,1.0,18,1.0,18,0,0,0,0,0,0,comparable terminals include algorithm failures and double-failure ties; technical/missing excluded and counted; all-registered sensitivity separate,v3,<ADDENDUM_ROOT>/13_AGGREGATE_ADDENDUM/v3/PAIRWISE_SUMMARY.csv,21,b31b250a5af7fee5cc5b9a0e078f79ce52a51266daa400c9d7db8de3cba9a2ae,<ADDENDUM_ROOT>/13_AGGREGATE_ADDENDUM/v3/FAILURE_AWARE_PAIRWISE_SUMMARY.csv,21,80b8860c4a418e82f60b7ec01f19b3234aa5fecd889a0e1e7dc5ad6c39f29ff5
F04_vs_F01,fault_window_horizontal_rmse_m,family,A1,27,27,-0.6544245731605787,0.35696899918384517,-4.342547831857413,2.5290532006725854,-1.867855346828451,3.106101384164404,11,0,16,0.4074074074074074,0.6741658909452324,wilcox; abs(delta)>1e-12,exact conditional signs with ties for n_nonzero<=20; frozen normal approximation otherwise,10000,20260904,paired cases; percentile 95%; default_rng PCG64; mean and median explicitly separated,candidate_minus_reference; negative_is_better,27,11,16,0,0.4074074074074074,27,0.4074074074074074,27,0,0,0,0,0,0,comparable terminals include algorithm failures and double-failure ties; technical/missing excluded and counted; all-registered sensitivity separate,v3,<ADDENDUM_ROOT>/13_AGGREGATE_ADDENDUM/v3/PAIRWISE_SUMMARY.csv,23,b31b250a5af7fee5cc5b9a0e078f79ce52a51266daa400c9d7db8de3cba9a2ae,<ADDENDUM_ROOT>/13_AGGREGATE_ADDENDUM/v3/FAILURE_AWARE_PAIRWISE_SUMMARY.csv,23,80b8860c4a418e82f60b7ec01f19b3234aa5fecd889a0e1e7dc5ad6c39f29ff5
F04_vs_F01,fault_window_horizontal_rmse_m,family,A2,18,18,-11.883995321429076,-5.040385217032643,-18.745643121566456,-5.759956075698985,-19.122536997901364,-2.040378262336831,16,0,2,0.8888888888888888,0.00128936767578125,wilcox; abs(delta)>1e-12,exact conditional signs with ties for n_nonzero<=20; frozen normal approximation otherwise,10000,20260904,paired cases; percentile 95%; default_rng PCG64; mean and median explicitly separated,candidate_minus_reference; negative_is_better,18,16,2,0,0.8888888888888888,18,0.8888888888888888,18,0,0,0,0,0,0,comparable terminals include algorithm failures and double-failure ties; technical/missing excluded and counted; all-registered sensitivity separate,v3,<ADDENDUM_ROOT>/13_AGGREGATE_ADDENDUM/v3/PAIRWISE_SUMMARY.csv,24,b31b250a5af7fee5cc5b9a0e078f79ce52a51266daa400c9d7db8de3cba9a2ae,<ADDENDUM_ROOT>/13_AGGREGATE_ADDENDUM/v3/FAILURE_AWARE_PAIRWISE_SUMMARY.csv,24,80b8860c4a418e82f60b7ec01f19b3234aa5fecd889a0e1e7dc5ad6c39f29ff5
F04_vs_F01,horizontal_rmse_m,family,A1,27,27,-0.28042583342983785,0.08453650606133856,-1.4791609652658582,0.7360359528710918,-0.37959706757386247,0.8497152659011125,11,0,16,0.4074074074074074,0.7096043708361429,wilcox; abs(delta)>1e-12,exact conditional signs with ties for n_nonzero<=20; frozen normal approximation otherwise,10000,20260904,paired cases; percentile 95%; default_rng PCG64; mean and median explicitly separated,candidate_minus_reference; negative_is_better,27,11,16,0,0.4074074074074074,27,0.4074074074074074,27,0,0,0,0,0,0,comparable terminals include algorithm failures and double-failure ties; technical/missing excluded and counted; all-registered sensitivity separate,v3,<ADDENDUM_ROOT>/13_AGGREGATE_ADDENDUM/v3/PAIRWISE_SUMMARY.csv,26,b31b250a5af7fee5cc5b9a0e078f79ce52a51266daa400c9d7db8de3cba9a2ae,<ADDENDUM_ROOT>/13_AGGREGATE_ADDENDUM/v3/FAILURE_AWARE_PAIRWISE_SUMMARY.csv,26,80b8860c4a418e82f60b7ec01f19b3234aa5fecd889a0e1e7dc5ad6c39f29ff5
F04_vs_F01,horizontal_rmse_m,family,A2,18,18,-3.1637852795151127,-1.0607646360826641,-5.060364027319888,-1.4766740144128865,-4.906041090800128,-0.4163139164498574,16,0,2,0.8888888888888888,0.00157928466796875,wilcox; abs(delta)>1e-12,exact conditional signs with ties for n_nonzero<=20; frozen normal approximation otherwise,10000,20260904,paired cases; percentile 95%; default_rng PCG64; mean and median explicitly separated,candidate_minus_reference; negative_is_better,18,16,2,0,0.8888888888888888,18,0.8888888888888888,18,0,0,0,0,0,0,comparable terminals include algorithm failures and double-failure ties; technical/missing excluded and counted; all-registered sensitivity separate,v3,<ADDENDUM_ROOT>/13_AGGREGATE_ADDENDUM/v3/PAIRWISE_SUMMARY.csv,27,b31b250a5af7fee5cc5b9a0e078f79ce52a51266daa400c9d7db8de3cba9a2ae,<ADDENDUM_ROOT>/13_AGGREGATE_ADDENDUM/v3/FAILURE_AWARE_PAIRWISE_SUMMARY.csv,27,80b8860c4a418e82f60b7ec01f19b3234aa5fecd889a0e1e7dc5ad6c39f29ff5
F04_vs_F01,max_horizontal_error_in_window_m,family,A1,27,27,-2.2654232439182866,0.6734508385093818,-9.464275246910939,4.022401614261599,-3.9751947860275827,3.658316349656886,12,0,15,0.4444444444444444,0.8381874502030492,wilcox; abs(delta)>1e-12,exact conditional signs with ties for n_nonzero<=20; frozen normal approximation otherwise,10000,20260904,paired cases; percentile 95%; default_rng PCG64; mean and median explicitly separated,candidate_minus_reference; negative_is_better,27,12,15,0,0.4444444444444444,27,0.4444444444444444,27,0,0,0,0,0,0,comparable terminals include algorithm failures and double-failure ties; technical/missing excluded and counted; all-registered sensitivity separate,v3,<ADDENDUM_ROOT>/13_AGGREGATE_ADDENDUM/v3/PAIRWISE_SUMMARY.csv,29,b31b250a5af7fee5cc5b9a0e078f79ce52a51266daa400c9d7db8de3cba9a2ae,<ADDENDUM_ROOT>/13_AGGREGATE_ADDENDUM/v3/FAILURE_AWARE_PAIRWISE_SUMMARY.csv,29,80b8860c4a418e82f60b7ec01f19b3234aa5fecd889a0e1e7dc5ad6c39f29ff5
F04_vs_F01,max_horizontal_error_in_window_m,family,A2,18,18,-33.31567352441017,-12.983434792089948,-50.65326616025734,-17.71767916176436,-57.073915385655035,-6.686332147845484,17,0,1,0.9444444444444444,0.00019073486328125,wilcox; abs(delta)>1e-12,exact conditional signs with ties for n_nonzero<=20; frozen normal approximation otherwise,10000,20260904,paired cases; percentile 95%; default_rng PCG64; mean and median explicitly separated,candidate_minus_reference; negative_is_better,18,17,1,0,0.9444444444444444,18,0.9444444444444444,18,0,0,0,0,0,0,comparable terminals include algorithm failures and double-failure ties; technical/missing excluded and counted; all-registered sensitivity separate,v3,<ADDENDUM_ROOT>/13_AGGREGATE_ADDENDUM/v3/PAIRWISE_SUMMARY.csv,30,b31b250a5af7fee5cc5b9a0e078f79ce52a51266daa400c9d7db8de3cba9a2ae,<ADDENDUM_ROOT>/13_AGGREGATE_ADDENDUM/v3/FAILURE_AWARE_PAIRWISE_SUMMARY.csv,30,80b8860c4a418e82f60b7ec01f19b3234aa5fecd889a0e1e7dc5ad6c39f29ff5
F04_vs_F01,outage_end_horizontal_error_m,family,A1,27,27,-2.260273648929267,0.6734508385093818,-9.459254391796645,4.036127803678637,-3.9751947860275827,3.658316349656886,12,0,15,0.4444444444444444,0.8381874502030492,wilcox; abs(delta)>1e-12,exact conditional signs with ties for n_nonzero<=20; frozen normal approximation otherwise,10000,20260904,paired cases; percentile 95%; default_rng PCG64; mean and median explicitly separated,candidate_minus_reference; negative_is_better,27,12,15,0,0.4444444444444444,27,0.4444444444444444,27,0,0,0,0,0,0,comparable terminals include algorithm failures and double-failure ties; technical/missing excluded and counted; all-registered sensitivity separate,v3,<ADDENDUM_ROOT>/13_AGGREGATE_ADDENDUM/v3/PAIRWISE_SUMMARY.csv,32,b31b250a5af7fee5cc5b9a0e078f79ce52a51266daa400c9d7db8de3cba9a2ae,<ADDENDUM_ROOT>/13_AGGREGATE_ADDENDUM/v3/FAILURE_AWARE_PAIRWISE_SUMMARY.csv,32,80b8860c4a418e82f60b7ec01f19b3234aa5fecd889a0e1e7dc5ad6c39f29ff5
F04_vs_F01,outage_end_horizontal_error_m,family,A2,18,18,-34.88767649143854,-13.3926119898473,-52.78985256641638,-18.76092033444856,-59.82936150037959,-7.3160071529341,17,0,1,0.9444444444444444,0.0001068115234375,wilcox; abs(delta)>1e-12,exact conditional signs with ties for n_nonzero<=20; frozen normal approximation otherwise,10000,20260904,paired cases; percentile 95%; default_rng PCG64; mean and median explicitly separated,candidate_minus_reference; negative_is_better,18,17,1,0,0.9444444444444444,18,0.9444444444444444,18,0,0,0,0,0,0,comparable terminals include algorithm failures and double-failure ties; technical/missing excluded and counted; all-registered sensitivity separate,v3,<ADDENDUM_ROOT>/13_AGGREGATE_ADDENDUM/v3/PAIRWISE_SUMMARY.csv,33,b31b250a5af7fee5cc5b9a0e078f79ce52a51266daa400c9d7db8de3cba9a2ae,<ADDENDUM_ROOT>/13_AGGREGATE_ADDENDUM/v3/FAILURE_AWARE_PAIRWISE_SUMMARY.csv,33,80b8860c4a418e82f60b7ec01f19b3234aa5fecd889a0e1e7dc5ad6c39f29ff5
F04_vs_F01,post_window_horizontal_rmse_m,family,A1,27,27,-0.1456823591424485,0.020820104160335973,-0.5668336007979516,0.2244981987327365,-0.013857886658156682,0.14018022233083016,10,0,17,0.37037037037037035,0.5888091865408535,wilcox; abs(delta)>1e-12,exact conditional signs with ties for n_nonzero<=20; frozen normal approximation otherwise,10000,20260904,paired cases; percentile 95%; default_rng PCG64; mean and median explicitly separated,candidate_minus_reference; negative_is_better,27,10,17,0,0.37037037037037035,27,0.37037037037037035,27,0,0,0,0,0,0,comparable terminals include algorithm failures and double-failure ties; technical/missing excluded and counted; all-registered sensitivity separate,v3,<ADDENDUM_ROOT>/13_AGGREGATE_ADDENDUM/v3/PAIRWISE_SUMMARY.csv,35,b31b250a5af7fee5cc5b9a0e078f79ce52a51266daa400c9d7db8de3cba9a2ae,<ADDENDUM_ROOT>/13_AGGREGATE_ADDENDUM/v3/FAILURE_AWARE_PAIRWISE_SUMMARY.csv,35,80b8860c4a418e82f60b7ec01f19b3234aa5fecd889a0e1e7dc5ad6c39f29ff5
F04_vs_F01,post_window_horizontal_rmse_m,family,A2,18,18,-1.1980927864025974,-0.4416362422018969,-1.9999918640005225,-0.519329421628101,-2.0182358740469457,-0.186649053343643,15,0,3,0.8333333333333334,0.00067138671875,wilcox; abs(delta)>1e-12,exact conditional signs with ties for n_nonzero<=20; frozen normal approximation otherwise,10000,20260904,paired cases; percentile 95%; default_rng PCG64; mean and median explicitly separated,candidate_minus_reference; negative_is_better,18,15,3,0,0.8333333333333334,18,0.8333333333333334,18,0,0,0,0,0,0,comparable terminals include algorithm failures and double-failure ties; technical/missing excluded and counted; all-registered sensitivity separate,v3,<ADDENDUM_ROOT>/13_AGGREGATE_ADDENDUM/v3/PAIRWISE_SUMMARY.csv,36,b31b250a5af7fee5cc5b9a0e078f79ce52a51266daa400c9d7db8de3cba9a2ae,<ADDENDUM_ROOT>/13_AGGREGATE_ADDENDUM/v3/FAILURE_AWARE_PAIRWISE_SUMMARY.csv,36,80b8860c4a418e82f60b7ec01f19b3234aa5fecd889a0e1e7dc5ad6c39f29ff5
F04_vs_F01,up_rmse_m,family,A1,27,27,0.048017418647229526,-0.00024009874353320138,-0.010392363957531587,0.1155921052516319,-0.02332058008147392,0.02449678555786372,14,0,13,0.5185185185185185,0.622357101918708,wilcox; abs(delta)>1e-12,exact conditional signs with ties for n_nonzero<=20; frozen normal approximation otherwise,10000,20260904,paired cases; percentile 95%; default_rng PCG64; mean and median explicitly separated,candidate_minus_reference; negative_is_better,27,14,13,0,0.5185185185185185,27,0.5185185185185185,27,0,0,0,0,0,0,comparable terminals include algorithm failures and double-failure ties; technical/missing excluded and counted; all-registered sensitivity separate,v3,<ADDENDUM_ROOT>/13_AGGREGATE_ADDENDUM/v3/PAIRWISE_SUMMARY.csv,38,b31b250a5af7fee5cc5b9a0e078f79ce52a51266daa400c9d7db8de3cba9a2ae,<ADDENDUM_ROOT>/13_AGGREGATE_ADDENDUM/v3/FAILURE_AWARE_PAIRWISE_SUMMARY.csv,38,80b8860c4a418e82f60b7ec01f19b3234aa5fecd889a0e1e7dc5ad6c39f29ff5
F04_vs_F01,up_rmse_m,family,A2,18,18,0.02781144351305884,0.013371949263695379,-0.059527330632818225,0.10647063117214406,-0.004263948400888812,0.05910118459068292,6,0,12,0.3333333333333333,0.15404510498046875,wilcox; abs(delta)>1e-12,exact conditional signs with ties for n_nonzero<=20; frozen normal approximation otherwise,10000,20260904,paired cases; percentile 95%; default_rng PCG64; mean and median explicitly separated,candidate_minus_reference; negative_is_better,18,6,12,0,0.3333333333333333,18,0.3333333333333333,18,0,0,0,0,0,0,comparable terminals include algorithm failures and double-failure ties; technical/missing excluded and counted; all-registered sensitivity separate,v3,<ADDENDUM_ROOT>/13_AGGREGATE_ADDENDUM/v3/PAIRWISE_SUMMARY.csv,39,b31b250a5af7fee5cc5b9a0e078f79ce52a51266daa400c9d7db8de3cba9a2ae,<ADDENDUM_ROOT>/13_AGGREGATE_ADDENDUM/v3/FAILURE_AWARE_PAIRWISE_SUMMARY.csv,39,80b8860c4a418e82f60b7ec01f19b3234aa5fecd889a0e1e7dc5ad6c39f29ff5
F04_vs_F01,yaw_rmse_deg,family,A1,27,27,-5.728783049848916,-5.8211588188103445,-5.871972432140387,-5.574382440955411,-5.942494930308932,-5.519618521679722,27,0,0,1.0,5.9344232634363165e-06,wilcox; abs(delta)>1e-12,exact conditional signs with ties for n_nonzero<=20; frozen normal approximation otherwise,10000,20260904,paired cases; percentile 95%; default_rng PCG64; mean and median explicitly separated,candidate_minus_reference; negative_is_better,27,27,0,0,1.0,27,1.0,27,0,0,0,0,0,0,comparable terminals include algorithm failures and double-failure ties; technical/missing excluded and counted; all-registered sensitivity separate,v3,<ADDENDUM_ROOT>/13_AGGREGATE_ADDENDUM/v3/PAIRWISE_SUMMARY.csv,41,b31b250a5af7fee5cc5b9a0e078f79ce52a51266daa400c9d7db8de3cba9a2ae,<ADDENDUM_ROOT>/13_AGGREGATE_ADDENDUM/v3/FAILURE_AWARE_PAIRWISE_SUMMARY.csv,41,80b8860c4a418e82f60b7ec01f19b3234aa5fecd889a0e1e7dc5ad6c39f29ff5
F04_vs_F01,yaw_rmse_deg,family,A2,18,18,-5.823115764766568,-5.848073183441254,-5.950503471880713,-5.680222646423545,-5.997449774089288,-5.769535958960964,18,0,0,1.0,7.62939453125e-06,wilcox; abs(delta)>1e-12,exact conditional signs with ties for n_nonzero<=20; frozen normal approximation otherwise,10000,20260904,paired cases; percentile 95%; default_rng PCG64; mean and median explicitly separated,candidate_minus_reference; negative_is_better,18,18,0,0,1.0,18,1.0,18,0,0,0,0,0,0,comparable terminals include algorithm failures and double-failure ties; technical/missing excluded and counted; all-registered sensitivity separate,v3,<ADDENDUM_ROOT>/13_AGGREGATE_ADDENDUM/v3/PAIRWISE_SUMMARY.csv,42,b31b250a5af7fee5cc5b9a0e078f79ce52a51266daa400c9d7db8de3cba9a2ae,<ADDENDUM_ROOT>/13_AGGREGATE_ADDENDUM/v3/FAILURE_AWARE_PAIRWISE_SUMMARY.csv,42,80b8860c4a418e82f60b7ec01f19b3234aa5fecd889a0e1e7dc5ad6c39f29ff5
F04_vs_F02,fault_window_horizontal_rmse_m,family,A1,27,27,-0.5365111968857185,0.10872625628834598,-4.551051536434034,3.0454826085681184,-1.9235421376220074,2.7956753225522704,13,0,14,0.48148148148148145,0.7275679722943109,wilcox; abs(delta)>1e-12,exact conditional signs with ties for n_nonzero<=20; frozen normal approximation otherwise,10000,20260904,paired cases; percentile 95%; default_rng PCG64; mean and median explicitly separated,candidate_minus_reference; negative_is_better,27,13,14,0,0.48148148148148145,27,0.48148148148148145,27,0,0,0,0,0,0,comparable terminals include algorithm failures and double-failure ties; technical/missing excluded and counted; all-registered sensitivity separate,v3,<ADDENDUM_ROOT>/13_AGGREGATE_ADDENDUM/v3/PAIRWISE_SUMMARY.csv,44,b31b250a5af7fee5cc5b9a0e078f79ce52a51266daa400c9d7db8de3cba9a2ae,<ADDENDUM_ROOT>/13_AGGREGATE_ADDENDUM/v3/FAILURE_AWARE_PAIRWISE_SUMMARY.csv,44,80b8860c4a418e82f60b7ec01f19b3234aa5fecd889a0e1e7dc5ad6c39f29ff5
F04_vs_F02,fault_window_horizontal_rmse_m,family,A2,18,18,-11.881725202457247,-5.467918522258292,-18.730535924794207,-5.811506976983059,-17.97227498099128,-1.9926837752143252,16,0,2,0.8888888888888888,0.00104522705078125,wilcox; abs(delta)>1e-12,exact conditional signs with ties for n_nonzero<=20; frozen normal approximation otherwise,10000,20260904,paired cases; percentile 95%; default_rng PCG64; mean and median explicitly separated,candidate_minus_reference; negative_is_better,18,16,2,0,0.8888888888888888,18,0.8888888888888888,18,0,0,0,0,0,0,comparable terminals include algorithm failures and double-failure ties; technical/missing excluded and counted; all-registered sensitivity separate,v3,<ADDENDUM_ROOT>/13_AGGREGATE_ADDENDUM/v3/PAIRWISE_SUMMARY.csv,45,b31b250a5af7fee5cc5b9a0e078f79ce52a51266daa400c9d7db8de3cba9a2ae,<ADDENDUM_ROOT>/13_AGGREGATE_ADDENDUM/v3/FAILURE_AWARE_PAIRWISE_SUMMARY.csv,45,80b8860c4a418e82f60b7ec01f19b3234aa5fecd889a0e1e7dc5ad6c39f29ff5
F04_vs_F02,horizontal_rmse_m,family,A1,27,27,-0.25358510491848674,0.031743498882788046,-1.562146547853853,0.8794251995980249,-0.5239502375668956,0.7844909127059942,13,0,14,0.48148148148148145,0.7096043708361429,wilcox; abs(delta)>1e-12,exact conditional signs with ties for n_nonzero<=20; frozen normal approximation otherwise,10000,20260904,paired cases; percentile 95%; default_rng PCG64; mean and median explicitly separated,candidate_minus_reference; negative_is_better,27,13,14,0,0.48148148148148145,27,0.48148148148148145,27,0,0,0,0,0,0,comparable terminals include algorithm failures and double-failure ties; technical/missing excluded and counted; all-registered sensitivity separate,v3,<ADDENDUM_ROOT>/13_AGGREGATE_ADDENDUM/v3/PAIRWISE_SUMMARY.csv,47,b31b250a5af7fee5cc5b9a0e078f79ce52a51266daa400c9d7db8de3cba9a2ae,<ADDENDUM_ROOT>/13_AGGREGATE_ADDENDUM/v3/FAILURE_AWARE_PAIRWISE_SUMMARY.csv,47,80b8860c4a418e82f60b7ec01f19b3234aa5fecd889a0e1e7dc5ad6c39f29ff5
F04_vs_F02,horizontal_rmse_m,family,A2,18,18,-3.167541106889001,-1.1468352590130757,-5.0583704464324315,-1.4901673193442693,-4.813634682259645,-0.39617258369836283,16,0,2,0.8888888888888888,0.00157928466796875,wilcox; abs(delta)>1e-12,exact conditional signs with ties for n_nonzero<=20; frozen normal approximation otherwise,10000,20260904,paired cases; percentile 95%; default_rng PCG64; mean and median explicitly separated,candidate_minus_reference; negative_is_better,18,16,2,0,0.8888888888888888,18,0.8888888888888888,18,0,0,0,0,0,0,comparable terminals include algorithm failures and double-failure ties; technical/missing excluded and counted; all-registered sensitivity separate,v3,<ADDENDUM_ROOT>/13_AGGREGATE_ADDENDUM/v3/PAIRWISE_SUMMARY.csv,48,b31b250a5af7fee5cc5b9a0e078f79ce52a51266daa400c9d7db8de3cba9a2ae,<ADDENDUM_ROOT>/13_AGGREGATE_ADDENDUM/v3/FAILURE_AWARE_PAIRWISE_SUMMARY.csv,48,80b8860c4a418e82f60b7ec01f19b3234aa5fecd889a0e1e7dc5ad6c39f29ff5
F04_vs_F02,max_horizontal_error_in_window_m,family,A1,27,27,-1.778518953270453,0.3515287142168617,-9.77066522790131,5.214865492749848,-2.0008348726693157,4.788767509933834,13,0,14,0.48148148148148145,0.7823272647506682,wilcox; abs(delta)>1e-12,exact conditional signs with ties for n_nonzero<=20; frozen normal approximation otherwise,10000,20260904,paired cases; percentile 95%; default_rng PCG64; mean and median explicitly separated,candidate_minus_reference; negative_is_better,27,13,14,0,0.48148148148148145,27,0.48148148148148145,27,0,0,0,0,0,0,comparable terminals include algorithm failures and double-failure ties; technical/missing excluded and counted; all-registered sensitivity separate,v3,<ADDENDUM_ROOT>/13_AGGREGATE_ADDENDUM/v3/PAIRWISE_SUMMARY.csv,50,b31b250a5af7fee5cc5b9a0e078f79ce52a51266daa400c9d7db8de3cba9a2ae,<ADDENDUM_ROOT>/13_AGGREGATE_ADDENDUM/v3/FAILURE_AWARE_PAIRWISE_SUMMARY.csv,50,80b8860c4a418e82f60b7ec01f19b3234aa5fecd889a0e1e7dc5ad6c39f29ff5
F04_vs_F02,max_horizontal_error_in_window_m,family,A2,18,18,-33.12021977133873,-13.705701120056002,-50.35752960598983,-17.76450535885872,-54.07209920087338,-6.290265461810635,17,0,1,0.9444444444444444,0.00014495849609375,wilcox; abs(delta)>1e-12,exact conditional signs with ties for n_nonzero<=20; frozen normal approximation otherwise,10000,20260904,paired cases; percentile 95%; default_rng PCG64; mean and median explicitly separated,candidate_minus_reference; negative_is_better,18,17,1,0,0.9444444444444444,18,0.9444444444444444,18,0,0,0,0,0,0,comparable terminals include algorithm failures and double-failure ties; technical/missing excluded and counted; all-registered sensitivity separate,v3,<ADDENDUM_ROOT>/13_AGGREGATE_ADDENDUM/v3/PAIRWISE_SUMMARY.csv,51,b31b250a5af7fee5cc5b9a0e078f79ce52a51266daa400c9d7db8de3cba9a2ae,<ADDENDUM_ROOT>/13_AGGREGATE_ADDENDUM/v3/FAILURE_AWARE_PAIRWISE_SUMMARY.csv,51,80b8860c4a418e82f60b7ec01f19b3234aa5fecd889a0e1e7dc5ad6c39f29ff5
F04_vs_F02,outage_end_horizontal_error_m,family,A1,27,27,-1.7669034650620143,0.3515287142168617,-9.76934606397369,5.2331301874568945,-2.0008348726693157,4.788767509933834,13,0,14,0.48148148148148145,0.7823272647506682,wilcox; abs(delta)>1e-12,exact conditional signs with ties for n_nonzero<=20; frozen normal approximation otherwise,10000,20260904,paired cases; percentile 95%; default_rng PCG64; mean and median explicitly separated,candidate_minus_reference; negative_is_better,27,13,14,0,0.48148148148148145,27,0.48148148148148145,27,0,0,0,0,0,0,comparable terminals include algorithm failures and double-failure ties; technical/missing excluded and counted; all-registered sensitivity separate,v3,<ADDENDUM_ROOT>/13_AGGREGATE_ADDENDUM/v3/PAIRWISE_SUMMARY.csv,53,b31b250a5af7fee5cc5b9a0e078f79ce52a51266daa400c9d7db8de3cba9a2ae,<ADDENDUM_ROOT>/13_AGGREGATE_ADDENDUM/v3/FAILURE_AWARE_PAIRWISE_SUMMARY.csv,53,80b8860c4a418e82f60b7ec01f19b3234aa5fecd889a0e1e7dc5ad6c39f29ff5
F04_vs_F02,outage_end_horizontal_error_m,family,A2,18,18,-34.6760278965739,-14.114878317813353,-52.4931069818623,-18.674917258572105,-56.82754531559793,-6.772370546940803,17,0,1,0.9444444444444444,0.00014495849609375,wilcox; abs(delta)>1e-12,exact conditional signs with ties for n_nonzero<=20; frozen normal approximation otherwise,10000,20260904,paired cases; percentile 95%; default_rng PCG64; mean and median explicitly separated,candidate_minus_reference; negative_is_better,18,17,1,0,0.9444444444444444,18,0.9444444444444444,18,0,0,0,0,0,0,comparable terminals include algorithm failures and double-failure ties; technical/missing excluded and counted; all-registered sensitivity separate,v3,<ADDENDUM_ROOT>/13_AGGREGATE_ADDENDUM/v3/PAIRWISE_SUMMARY.csv,54,b31b250a5af7fee5cc5b9a0e078f79ce52a51266daa400c9d7db8de3cba9a2ae,<ADDENDUM_ROOT>/13_AGGREGATE_ADDENDUM/v3/FAILURE_AWARE_PAIRWISE_SUMMARY.csv,54,80b8860c4a418e82f60b7ec01f19b3234aa5fecd889a0e1e7dc5ad6c39f29ff5
F04_vs_F02,post_window_horizontal_rmse_m,family,A1,27,27,-0.1451626500228383,0.01078986634446677,-0.5981626124482141,0.25031135448562547,-0.035154553929820254,0.1513115048039153,13,0,14,0.48148148148148145,0.7096043708361429,wilcox; abs(delta)>1e-12,exact conditional signs with ties for n_nonzero<=20; frozen normal approximation otherwise,10000,20260904,paired cases; percentile 95%; default_rng PCG64; mean and median explicitly separated,candidate_minus_reference; negative_is_better,27,13,14,0,0.48148148148148145,27,0.48148148148148145,27,0,0,0,0,0,0,comparable terminals include algorithm failures and double-failure ties; technical/missing excluded and counted; all-registered sensitivity separate,v3,<ADDENDUM_ROOT>/13_AGGREGATE_ADDENDUM/v3/PAIRWISE_SUMMARY.csv,56,b31b250a5af7fee5cc5b9a0e078f79ce52a51266daa400c9d7db8de3cba9a2ae,<ADDENDUM_ROOT>/13_AGGREGATE_ADDENDUM/v3/FAILURE_AWARE_PAIRWISE_SUMMARY.csv,56,80b8860c4a418e82f60b7ec01f19b3234aa5fecd889a0e1e7dc5ad6c39f29ff5
F04_vs_F02,post_window_horizontal_rmse_m,family,A2,18,18,-1.1965232891240296,-0.45612542436389336,-2.0009343604068572,-0.5124482831659083,-1.9727032153211095,-0.19108097625021003,17,0,1,0.9444444444444444,0.00032806396484375,wilcox; abs(delta)>1e-12,exact conditional signs with ties for n_nonzero<=20; frozen normal approximation otherwise,10000,20260904,paired cases; percentile 95%; default_rng PCG64; mean and median explicitly separated,candidate_minus_reference; negative_is_better,18,17,1,0,0.9444444444444444,18,0.9444444444444444,18,0,0,0,0,0,0,comparable terminals include algorithm failures and double-failure ties; technical/missing excluded and counted; all-registered sensitivity separate,v3,<ADDENDUM_ROOT>/13_AGGREGATE_ADDENDUM/v3/PAIRWISE_SUMMARY.csv,57,b31b250a5af7fee5cc5b9a0e078f79ce52a51266daa400c9d7db8de3cba9a2ae,<ADDENDUM_ROOT>/13_AGGREGATE_ADDENDUM/v3/FAILURE_AWARE_PAIRWISE_SUMMARY.csv,57,80b8860c4a418e82f60b7ec01f19b3234aa5fecd889a0e1e7dc5ad6c39f29ff5
F04_vs_F02,up_rmse_m,family,A1,27,27,0.03613822217260402,0.0023070246318340204,-0.03646714769578702,0.12142606877386185,-0.018170090443548614,0.03299652319610846,13,0,14,0.48148148148148145,0.7639388088985166,wilcox; abs(delta)>1e-12,exact conditional signs with ties for n_nonzero<=20; frozen normal approximation otherwise,10000,20260904,paired cases; percentile 95%; default_rng PCG64; mean and median explicitly separated,candidate_minus_reference; negative_is_better,27,13,14,0,0.48148148148148145,27,0.48148148148148145,27,0,0,0,0,0,0,comparable terminals include algorithm failures and double-failure ties; technical/missing excluded and counted; all-registered sensitivity separate,v3,<ADDENDUM_ROOT>/13_AGGREGATE_ADDENDUM/v3/PAIRWISE_SUMMARY.csv,59,b31b250a5af7fee5cc5b9a0e078f79ce52a51266daa400c9d7db8de3cba9a2ae,<ADDENDUM_ROOT>/13_AGGREGATE_ADDENDUM/v3/FAILURE_AWARE_PAIRWISE_SUMMARY.csv,59,80b8860c4a418e82f60b7ec01f19b3234aa5fecd889a0e1e7dc5ad6c39f29ff5
F04_vs_F02,up_rmse_m,family,A2,18,18,0.007097573617381204,0.009227586555832362,-0.10491839883946093,0.10868421113825526,-0.017200147536475432,0.08550152819422337,8,0,10,0.4444444444444444,0.522613525390625,wilcox; abs(delta)>1e-12,exact conditional signs with ties for n_nonzero<=20; frozen normal approximation otherwise,10000,20260904,paired cases; percentile 95%; default_rng PCG64; mean and median explicitly separated,candidate_minus_reference; negative_is_better,18,8,10,0,0.4444444444444444,18,0.4444444444444444,18,0,0,0,0,0,0,comparable terminals include algorithm failures and double-failure ties; technical/missing excluded and counted; all-registered sensitivity separate,v3,<ADDENDUM_ROOT>/13_AGGREGATE_ADDENDUM/v3/PAIRWISE_SUMMARY.csv,60,b31b250a5af7fee5cc5b9a0e078f79ce52a51266daa400c9d7db8de3cba9a2ae,<ADDENDUM_ROOT>/13_AGGREGATE_ADDENDUM/v3/FAILURE_AWARE_PAIRWISE_SUMMARY.csv,60,80b8860c4a418e82f60b7ec01f19b3234aa5fecd889a0e1e7dc5ad6c39f29ff5
F04_vs_F02,yaw_rmse_deg,family,A1,27,27,-0.30778686634782215,-0.304149868395315,-0.32919901429467296,-0.2813931053569718,-0.3266393748815686,-0.2942629294484016,27,0,0,1.0,5.9344232634363165e-06,wilcox; abs(delta)>1e-12,exact conditional signs with ties for n_nonzero<=20; frozen normal approximation otherwise,10000,20260904,paired cases; percentile 95%; default_rng PCG64; mean and median explicitly separated,candidate_minus_reference; negative_is_better,27,27,0,0,1.0,27,1.0,27,0,0,0,0,0,0,comparable terminals include algorithm failures and double-failure ties; technical/missing excluded and counted; all-registered sensitivity separate,v3,<ADDENDUM_ROOT>/13_AGGREGATE_ADDENDUM/v3/PAIRWISE_SUMMARY.csv,62,b31b250a5af7fee5cc5b9a0e078f79ce52a51266daa400c9d7db8de3cba9a2ae,<ADDENDUM_ROOT>/13_AGGREGATE_ADDENDUM/v3/FAILURE_AWARE_PAIRWISE_SUMMARY.csv,62,80b8860c4a418e82f60b7ec01f19b3234aa5fecd889a0e1e7dc5ad6c39f29ff5
F04_vs_F02,yaw_rmse_deg,family,A2,18,18,-0.2861381057309631,-0.28581552687497025,-0.2881495744716417,-0.2841850527878234,-0.2893147374106142,-0.28308233967087126,18,0,0,1.0,7.62939453125e-06,wilcox; abs(delta)>1e-12,exact conditional signs with ties for n_nonzero<=20; frozen normal approximation otherwise,10000,20260904,paired cases; percentile 95%; default_rng PCG64; mean and median explicitly separated,candidate_minus_reference; negative_is_better,18,18,0,0,1.0,18,1.0,18,0,0,0,0,0,0,comparable terminals include algorithm failures and double-failure ties; technical/missing excluded and counted; all-registered sensitivity separate,v3,<ADDENDUM_ROOT>/13_AGGREGATE_ADDENDUM/v3/PAIRWISE_SUMMARY.csv,63,b31b250a5af7fee5cc5b9a0e078f79ce52a51266daa400c9d7db8de3cba9a2ae,<ADDENDUM_ROOT>/13_AGGREGATE_ADDENDUM/v3/FAILURE_AWARE_PAIRWISE_SUMMARY.csv,63,80b8860c4a418e82f60b7ec01f19b3234aa5fecd889a0e1e7dc5ad6c39f29ff5
full_vs_no_Go2,fault_window_horizontal_rmse_m,family,A1,27,27,-0.24492199688628663,0.7047705660360748,-4.293892452883164,3.384081955964957,-2.2534297949213027,3.8563828543282312,10,0,17,0.37037037037037035,0.50881275927407,wilcox; abs(delta)>1e-12,exact conditional signs with ties for n_nonzero<=20; frozen normal approximation otherwise,10000,20260904,paired cases; percentile 95%; default_rng PCG64; mean and median explicitly separated,candidate_minus_reference; negative_is_better,27,10,17,0,0.37037037037037035,27,0.37037037037037035,27,0,0,0,0,0,0,comparable terminals include algorithm failures and double-failure ties; technical/missing excluded and counted; all-registered sensitivity separate,v3,<ADDENDUM_ROOT>/13_AGGREGATE_ADDENDUM/v3/PAIRWISE_SUMMARY.csv,65,b31b250a5af7fee5cc5b9a0e078f79ce52a51266daa400c9d7db8de3cba9a2ae,<ADDENDUM_ROOT>/13_AGGREGATE_ADDENDUM/v3/FAILURE_AWARE_PAIRWISE_SUMMARY.csv,65,80b8860c4a418e82f60b7ec01f19b3234aa5fecd889a0e1e7dc5ad6c39f29ff5
full_vs_no_Go2,fault_window_horizontal_rmse_m,family,A2,18,18,-11.555050404604684,-5.167253588712693,-18.432927723542996,-5.474574388192211,-17.337130242446005,-1.79826839935743,16,0,2,0.8888888888888888,0.00104522705078125,wilcox; abs(delta)>1e-12,exact conditional signs with ties for n_nonzero<=20; frozen normal approximation otherwise,10000,20260904,paired cases; percentile 95%; default_rng PCG64; mean and median explicitly separated,candidate_minus_reference; negative_is_better,18,16,2,0,0.8888888888888888,18,0.8888888888888888,18,0,0,0,0,0,0,comparable terminals include algorithm failures and double-failure ties; technical/missing excluded and counted; all-registered sensitivity separate,v3,<ADDENDUM_ROOT>/13_AGGREGATE_ADDENDUM/v3/PAIRWISE_SUMMARY.csv,66,b31b250a5af7fee5cc5b9a0e078f79ce52a51266daa400c9d7db8de3cba9a2ae,<ADDENDUM_ROOT>/13_AGGREGATE_ADDENDUM/v3/FAILURE_AWARE_PAIRWISE_SUMMARY.csv,66,80b8860c4a418e82f60b7ec01f19b3234aa5fecd889a0e1e7dc5ad6c39f29ff5
full_vs_no_Go2,horizontal_rmse_m,family,A1,27,27,-0.17647286259762113,0.1271992302047802,-1.4949488391257957,0.9655965780032216,-0.4577765569580081,0.9652623106323048,10,0,17,0.37037037037037035,0.50881275927407,wilcox; abs(delta)>1e-12,exact conditional signs with ties for n_nonzero<=20; frozen normal approximation otherwise,10000,20260904,paired cases; percentile 95%; default_rng PCG64; mean and median explicitly separated,candidate_minus_reference; negative_is_better,27,10,17,0,0.37037037037037035,27,0.37037037037037035,27,0,0,0,0,0,0,comparable terminals include algorithm failures and double-failure ties; technical/missing excluded and counted; all-registered sensitivity separate,v3,<ADDENDUM_ROOT>/13_AGGREGATE_ADDENDUM/v3/PAIRWISE_SUMMARY.csv,68,b31b250a5af7fee5cc5b9a0e078f79ce52a51266daa400c9d7db8de3cba9a2ae,<ADDENDUM_ROOT>/13_AGGREGATE_ADDENDUM/v3/FAILURE_AWARE_PAIRWISE_SUMMARY.csv,68,80b8860c4a418e82f60b7ec01f19b3234aa5fecd889a0e1e7dc5ad6c39f29ff5
full_vs_no_Go2,horizontal_rmse_m,family,A2,18,18,-3.0894593525764855,-1.0858459235887479,-4.9946820737936894,-1.4088220471419064,-4.648901348779807,-0.360391671389368,16,0,2,0.8888888888888888,0.00157928466796875,wilcox; abs(delta)>1e-12,exact conditional signs with ties for n_nonzero<=20; frozen normal approximation otherwise,10000,20260904,paired cases; percentile 95%; default_rng PCG64; mean and median explicitly separated,candidate_minus_reference; negative_is_better,18,16,2,0,0.8888888888888888,18,0.8888888888888888,18,0,0,0,0,0,0,comparable terminals include algorithm failures and double-failure ties; technical/missing excluded and counted; all-registered sensitivity separate,v3,<ADDENDUM_ROOT>/13_AGGREGATE_ADDENDUM/v3/PAIRWISE_SUMMARY.csv,69,b31b250a5af7fee5cc5b9a0e078f79ce52a51266daa400c9d7db8de3cba9a2ae,<ADDENDUM_ROOT>/13_AGGREGATE_ADDENDUM/v3/FAILURE_AWARE_PAIRWISE_SUMMARY.csv,69,80b8860c4a418e82f60b7ec01f19b3234aa5fecd889a0e1e7dc5ad6c39f29ff5
full_vs_no_Go2,max_horizontal_error_in_window_m,family,A1,27,27,-1.2839413781843176,0.9790416289509647,-9.27088721860664,5.818309077965457,-2.889982873572137,4.687861014025117,12,0,15,0.4444444444444444,0.6567082485028964,wilcox; abs(delta)>1e-12,exact conditional signs with ties for n_nonzero<=20; frozen normal approximation otherwise,10000,20260904,paired cases; percentile 95%; default_rng PCG64; mean and median explicitly separated,candidate_minus_reference; negative_is_better,27,12,15,0,0.4444444444444444,27,0.4444444444444444,27,0,0,0,0,0,0,comparable terminals include algorithm failures and double-failure ties; technical/missing excluded and counted; all-registered sensitivity separate,v3,<ADDENDUM_ROOT>/13_AGGREGATE_ADDENDUM/v3/PAIRWISE_SUMMARY.csv,71,b31b250a5af7fee5cc5b9a0e078f79ce52a51266daa400c9d7db8de3cba9a2ae,<ADDENDUM_ROOT>/13_AGGREGATE_ADDENDUM/v3/FAILURE_AWARE_PAIRWISE_SUMMARY.csv,71,80b8860c4a418e82f60b7ec01f19b3234aa5fecd889a0e1e7dc5ad6c39f29ff5
full_vs_no_Go2,max_horizontal_error_in_window_m,family,A2,18,18,-32.550304458930086,-13.184876027342062,-49.80891940109667,-17.11251420160141,-53.059720524925666,-5.998216571424453,17,0,1,0.9444444444444444,0.00019073486328125,wilcox; abs(delta)>1e-12,exact conditional signs with ties for n_nonzero<=20; frozen normal approximation otherwise,10000,20260904,paired cases; percentile 95%; default_rng PCG64; mean and median explicitly separated,candidate_minus_reference; negative_is_better,18,17,1,0,0.9444444444444444,18,0.9444444444444444,18,0,0,0,0,0,0,comparable terminals include algorithm failures and double-failure ties; technical/missing excluded and counted; all-registered sensitivity separate,v3,<ADDENDUM_ROOT>/13_AGGREGATE_ADDENDUM/v3/PAIRWISE_SUMMARY.csv,72,b31b250a5af7fee5cc5b9a0e078f79ce52a51266daa400c9d7db8de3cba9a2ae,<ADDENDUM_ROOT>/13_AGGREGATE_ADDENDUM/v3/FAILURE_AWARE_PAIRWISE_SUMMARY.csv,72,80b8860c4a418e82f60b7ec01f19b3234aa5fecd889a0e1e7dc5ad6c39f29ff5
full_vs_no_Go2,outage_end_horizontal_error_m,family,A1,27,27,-1.269318445401747,0.9790416289509647,-9.253549136211781,5.839011399552986,-2.889982873572137,4.687861014025117,12,0,15,0.4444444444444444,0.6567082485028964,wilcox; abs(delta)>1e-12,exact conditional signs with ties for n_nonzero<=20; frozen normal approximation otherwise,10000,20260904,paired cases; percentile 95%; default_rng PCG64; mean and median explicitly separated,candidate_minus_reference; negative_is_better,27,12,15,0,0.4444444444444444,27,0.4444444444444444,27,0,0,0,0,0,0,comparable terminals include algorithm failures and double-failure ties; technical/missing excluded and counted; all-registered sensitivity separate,v3,<ADDENDUM_ROOT>/13_AGGREGATE_ADDENDUM/v3/PAIRWISE_SUMMARY.csv,74,b31b250a5af7fee5cc5b9a0e078f79ce52a51266daa400c9d7db8de3cba9a2ae,<ADDENDUM_ROOT>/13_AGGREGATE_ADDENDUM/v3/FAILURE_AWARE_PAIRWISE_SUMMARY.csv,74,80b8860c4a418e82f60b7ec01f19b3234aa5fecd889a0e1e7dc5ad6c39f29ff5
full_vs_no_Go2,outage_end_horizontal_error_m,family,A2,18,18,-34.10730296447944,-13.594053225099412,-51.914831897932174,-18.044629587061866,-55.815166639650215,-6.543615986241605,17,0,1,0.9444444444444444,0.00019073486328125,wilcox; abs(delta)>1e-12,exact conditional signs with ties for n_nonzero<=20; frozen normal approximation otherwise,10000,20260904,paired cases; percentile 95%; default_rng PCG64; mean and median explicitly separated,candidate_minus_reference; negative_is_better,18,17,1,0,0.9444444444444444,18,0.9444444444444444,18,0,0,0,0,0,0,comparable terminals include algorithm failures and double-failure ties; technical/missing excluded and counted; all-registered sensitivity separate,v3,<ADDENDUM_ROOT>/13_AGGREGATE_ADDENDUM/v3/PAIRWISE_SUMMARY.csv,75,b31b250a5af7fee5cc5b9a0e078f79ce52a51266daa400c9d7db8de3cba9a2ae,<ADDENDUM_ROOT>/13_AGGREGATE_ADDENDUM/v3/FAILURE_AWARE_PAIRWISE_SUMMARY.csv,75,80b8860c4a418e82f60b7ec01f19b3234aa5fecd889a0e1e7dc5ad6c39f29ff5
full_vs_no_Go2,post_window_horizontal_rmse_m,family,A1,27,27,-0.12177817815375727,0.028437789703457728,-0.5686804580055635,0.27490067809730795,-0.014278724957847544,0.1522819083538005,13,0,14,0.48148148148148145,0.6054790697373403,wilcox; abs(delta)>1e-12,exact conditional signs with ties for n_nonzero<=20; frozen normal approximation otherwise,10000,20260904,paired cases; percentile 95%; default_rng PCG64; mean and median explicitly separated,candidate_minus_reference; negative_is_better,27,13,14,0,0.48148148148148145,27,0.48148148148148145,27,0,0,0,0,0,0,comparable terminals include algorithm failures and double-failure ties; technical/missing excluded and counted; all-registered sensitivity separate,v3,<ADDENDUM_ROOT>/13_AGGREGATE_ADDENDUM/v3/PAIRWISE_SUMMARY.csv,77,b31b250a5af7fee5cc5b9a0e078f79ce52a51266daa400c9d7db8de3cba9a2ae,<ADDENDUM_ROOT>/13_AGGREGATE_ADDENDUM/v3/FAILURE_AWARE_PAIRWISE_SUMMARY.csv,77,80b8860c4a418e82f60b7ec01f19b3234aa5fecd889a0e1e7dc5ad6c39f29ff5
full_vs_no_Go2,post_window_horizontal_rmse_m,family,A2,18,18,-1.1801146427228812,-0.43285707891016845,-1.9921954812175553,-0.4972887291938296,-1.9418890605034604,-0.16784722809406616,17,0,1,0.9444444444444444,0.00032806396484375,wilcox; abs(delta)>1e-12,exact conditional signs with ties for n_nonzero<=20; frozen normal approximation otherwise,10000,20260904,paired cases; percentile 95%; default_rng PCG64; mean and median explicitly separated,candidate_minus_reference; negative_is_better,18,17,1,0,0.9444444444444444,18,0.9444444444444444,18,0,0,0,0,0,0,comparable terminals include algorithm failures and double-failure ties; technical/missing excluded and counted; all-registered sensitivity separate,v3,<ADDENDUM_ROOT>/13_AGGREGATE_ADDENDUM/v3/PAIRWISE_SUMMARY.csv,78,b31b250a5af7fee5cc5b9a0e078f79ce52a51266daa400c9d7db8de3cba9a2ae,<ADDENDUM_ROOT>/13_AGGREGATE_ADDENDUM/v3/FAILURE_AWARE_PAIRWISE_SUMMARY.csv,78,80b8860c4a418e82f60b7ec01f19b3234aa5fecd889a0e1e7dc5ad6c39f29ff5
full_vs_no_Go2,up_rmse_m,family,A1,27,27,0.04822805658460519,0.0008329417805480466,-0.00709092832080164,0.11488890400616669,-0.022284091311878695,0.015787891072796933,13,0,14,0.48148148148148145,0.8570053772339205,wilcox; abs(delta)>1e-12,exact conditional signs with ties for n_nonzero<=20; frozen normal approximation otherwise,10000,20260904,paired cases; percentile 95%; default_rng PCG64; mean and median explicitly separated,candidate_minus_reference; negative_is_better,27,13,14,0,0.48148148148148145,27,0.48148148148148145,27,0,0,0,0,0,0,comparable terminals include algorithm failures and double-failure ties; technical/missing excluded and counted; all-registered sensitivity separate,v3,<ADDENDUM_ROOT>/13_AGGREGATE_ADDENDUM/v3/PAIRWISE_SUMMARY.csv,80,b31b250a5af7fee5cc5b9a0e078f79ce52a51266daa400c9d7db8de3cba9a2ae,<ADDENDUM_ROOT>/13_AGGREGATE_ADDENDUM/v3/FAILURE_AWARE_PAIRWISE_SUMMARY.csv,80,80b8860c4a418e82f60b7ec01f19b3234aa5fecd889a0e1e7dc5ad6c39f29ff5
full_vs_no_Go2,up_rmse_m,family,A2,18,18,0.025584223132715776,0.00822220697993152,-0.0517868764998251,0.09715301599097247,-0.005636173044013759,0.05901830223966276,6,0,12,0.3333333333333333,0.18146514892578125,wilcox; abs(delta)>1e-12,exact conditional signs with ties for n_nonzero<=20; frozen normal approximation otherwise,10000,20260904,paired cases; percentile 95%; default_rng PCG64; mean and median explicitly separated,candidate_minus_reference; negative_is_better,18,6,12,0,0.3333333333333333,18,0.3333333333333333,18,0,0,0,0,0,0,comparable terminals include algorithm failures and double-failure ties; technical/missing excluded and counted; all-registered sensitivity separate,v3,<ADDENDUM_ROOT>/13_AGGREGATE_ADDENDUM/v3/PAIRWISE_SUMMARY.csv,81,b31b250a5af7fee5cc5b9a0e078f79ce52a51266daa400c9d7db8de3cba9a2ae,<ADDENDUM_ROOT>/13_AGGREGATE_ADDENDUM/v3/FAILURE_AWARE_PAIRWISE_SUMMARY.csv,81,80b8860c4a418e82f60b7ec01f19b3234aa5fecd889a0e1e7dc5ad6c39f29ff5
full_vs_no_Go2,yaw_rmse_deg,family,A1,27,27,-0.040152810313650186,-0.03816711160621411,-0.04352974799211584,-0.036964364591306344,-0.0430279180620432,-0.03553312357457328,27,0,0,1.0,5.9344232634363165e-06,wilcox; abs(delta)>1e-12,exact conditional signs with ties for n_nonzero<=20; frozen normal approximation otherwise,10000,20260904,paired cases; percentile 95%; default_rng PCG64; mean and median explicitly separated,candidate_minus_reference; negative_is_better,27,27,0,0,1.0,27,1.0,27,0,0,0,0,0,0,comparable terminals include algorithm failures and double-failure ties; technical/missing excluded and counted; all-registered sensitivity separate,v3,<ADDENDUM_ROOT>/13_AGGREGATE_ADDENDUM/v3/PAIRWISE_SUMMARY.csv,83,b31b250a5af7fee5cc5b9a0e078f79ce52a51266daa400c9d7db8de3cba9a2ae,<ADDENDUM_ROOT>/13_AGGREGATE_ADDENDUM/v3/FAILURE_AWARE_PAIRWISE_SUMMARY.csv,83,80b8860c4a418e82f60b7ec01f19b3234aa5fecd889a0e1e7dc5ad6c39f29ff5
full_vs_no_Go2,yaw_rmse_deg,family,A2,18,18,-0.03787530192184301,-0.03778417041154225,-0.03942453389152543,-0.03635884282644141,-0.038510136611963564,-0.036093438142664525,18,0,0,1.0,7.62939453125e-06,wilcox; abs(delta)>1e-12,exact conditional signs with ties for n_nonzero<=20; frozen normal approximation otherwise,10000,20260904,paired cases; percentile 95%; default_rng PCG64; mean and median explicitly separated,candidate_minus_reference; negative_is_better,18,18,0,0,1.0,18,1.0,18,0,0,0,0,0,0,comparable terminals include algorithm failures and double-failure ties; technical/missing excluded and counted; all-registered sensitivity separate,v3,<ADDENDUM_ROOT>/13_AGGREGATE_ADDENDUM/v3/PAIRWISE_SUMMARY.csv,84,b31b250a5af7fee5cc5b9a0e078f79ce52a51266daa400c9d7db8de3cba9a2ae,<ADDENDUM_ROOT>/13_AGGREGATE_ADDENDUM/v3/FAILURE_AWARE_PAIRWISE_SUMMARY.csv,84,80b8860c4a418e82f60b7ec01f19b3234aa5fecd889a0e1e7dc5ad6c39f29ff5
full_vs_no_HV,fault_window_horizontal_rmse_m,family,A1,27,27,-0.011142076463065018,-0.00690213830242925,-0.017672198460841934,-0.005376620792355804,-0.01614328016192701,0.00110470758839476,18,0,9,0.6666666666666666,0.00441385778107854,wilcox; abs(delta)>1e-12,exact conditional signs with ties for n_nonzero<=20; frozen normal approximation otherwise,10000,20260904,paired cases; percentile 95%; default_rng PCG64; mean and median explicitly separated,candidate_minus_reference; negative_is_better,27,18,9,0,0.6666666666666666,27,0.6666666666666666,27,0,0,0,0,0,0,comparable terminals include algorithm failures and double-failure ties; technical/missing excluded and counted; all-registered sensitivity separate,v3,<ADDENDUM_ROOT>/13_AGGREGATE_ADDENDUM/v3/PAIRWISE_SUMMARY.csv,86,b31b250a5af7fee5cc5b9a0e078f79ce52a51266daa400c9d7db8de3cba9a2ae,<ADDENDUM_ROOT>/13_AGGREGATE_ADDENDUM/v3/FAILURE_AWARE_PAIRWISE_SUMMARY.csv,86,80b8860c4a418e82f60b7ec01f19b3234aa5fecd889a0e1e7dc5ad6c39f29ff5
full_vs_no_HV,fault_window_horizontal_rmse_m,family,A2,18,18,-10.881309529635626,-5.45592910851764,-15.730786737098617,-6.336667052230486,-20.17804452336491,-2.2361079069689964,18,0,0,1.0,7.62939453125e-06,wilcox; abs(delta)>1e-12,exact conditional signs with ties for n_nonzero<=20; frozen normal approximation otherwise,10000,20260904,paired cases; percentile 95%; default_rng PCG64; mean and median explicitly separated,candidate_minus_reference; negative_is_better,18,18,0,0,1.0,18,1.0,18,0,0,0,0,0,0,comparable terminals include algorithm failures and double-failure ties; technical/missing excluded and counted; all-registered sensitivity separate,v3,<ADDENDUM_ROOT>/13_AGGREGATE_ADDENDUM/v3/PAIRWISE_SUMMARY.csv,87,b31b250a5af7fee5cc5b9a0e078f79ce52a51266daa400c9d7db8de3cba9a2ae,<ADDENDUM_ROOT>/13_AGGREGATE_ADDENDUM/v3/FAILURE_AWARE_PAIRWISE_SUMMARY.csv,87,80b8860c4a418e82f60b7ec01f19b3234aa5fecd889a0e1e7dc5ad6c39f29ff5
full_vs_no_HV,horizontal_rmse_m,family,A1,27,27,-0.003263872812349477,-0.001734463007380782,-0.005368995282190431,-0.0014324766398533144,-0.004959700842292136,0.00021448411637614573,18,0,9,0.6666666666666666,0.008519984289256563,wilcox; abs(delta)>1e-12,exact conditional signs with ties for n_nonzero<=20; frozen normal approximation otherwise,10000,20260904,paired cases; percentile 95%; default_rng PCG64; mean and median explicitly separated,candidate_minus_reference; negative_is_better,27,18,9,0,0.6666666666666666,27,0.6666666666666666,27,0,0,0,0,0,0,comparable terminals include algorithm failures and double-failure ties; technical/missing excluded and counted; all-registered sensitivity separate,v3,<ADDENDUM_ROOT>/13_AGGREGATE_ADDENDUM/v3/PAIRWISE_SUMMARY.csv,89,b31b250a5af7fee5cc5b9a0e078f79ce52a51266daa400c9d7db8de3cba9a2ae,<ADDENDUM_ROOT>/13_AGGREGATE_ADDENDUM/v3/FAILURE_AWARE_PAIRWISE_SUMMARY.csv,89,80b8860c4a418e82f60b7ec01f19b3234aa5fecd889a0e1e7dc5ad6c39f29ff5
full_vs_no_HV,horizontal_rmse_m,family,A2,18,18,-2.8847015886474328,-1.44672009900738,-4.210036858237879,-1.6389985788117611,-5.2087140648576735,-0.43925072813117694,18,0,0,1.0,7.62939453125e-06,wilcox; abs(delta)>1e-12,exact conditional signs with ties for n_nonzero<=20; frozen normal approximation otherwise,10000,20260904,paired cases; percentile 95%; default_rng PCG64; mean and median explicitly separated,candidate_minus_reference; negative_is_better,18,18,0,0,1.0,18,1.0,18,0,0,0,0,0,0,comparable terminals include algorithm failures and double-failure ties; technical/missing excluded and counted; all-registered sensitivity separate,v3,<ADDENDUM_ROOT>/13_AGGREGATE_ADDENDUM/v3/PAIRWISE_SUMMARY.csv,90,b31b250a5af7fee5cc5b9a0e078f79ce52a51266daa400c9d7db8de3cba9a2ae,<ADDENDUM_ROOT>/13_AGGREGATE_ADDENDUM/v3/FAILURE_AWARE_PAIRWISE_SUMMARY.csv,90,80b8860c4a418e82f60b7ec01f19b3234aa5fecd889a0e1e7dc5ad6c39f29ff5
full_vs_no_HV,max_horizontal_error_in_window_m,family,A1,27,27,-0.022014158767246488,-0.013668375752843076,-0.03496834056130649,-0.010507928076944397,-0.03241384619519749,0.0020710995034924906,18,0,9,0.6666666666666666,0.00441385778107854,wilcox; abs(delta)>1e-12,exact conditional signs with ties for n_nonzero<=20; frozen normal approximation otherwise,10000,20260904,paired cases; percentile 95%; default_rng PCG64; mean and median explicitly separated,candidate_minus_reference; negative_is_better,27,18,9,0,0.6666666666666666,27,0.6666666666666666,27,0,0,0,0,0,0,comparable terminals include algorithm failures and double-failure ties; technical/missing excluded and counted; all-registered sensitivity separate,v3,<ADDENDUM_ROOT>/13_AGGREGATE_ADDENDUM/v3/PAIRWISE_SUMMARY.csv,92,b31b250a5af7fee5cc5b9a0e078f79ce52a51266daa400c9d7db8de3cba9a2ae,<ADDENDUM_ROOT>/13_AGGREGATE_ADDENDUM/v3/FAILURE_AWARE_PAIRWISE_SUMMARY.csv,92,80b8860c4a418e82f60b7ec01f19b3234aa5fecd889a0e1e7dc5ad6c39f29ff5
full_vs_no_HV,max_horizontal_error_in_window_m,family,A2,18,18,-29.611275291156364,-15.099981232015178,-42.45990948909215,-17.470731043290204,-54.08502984087048,-6.484039577400577,18,0,0,1.0,7.62939453125e-06,wilcox; abs(delta)>1e-12,exact conditional signs with ties for n_nonzero<=20; frozen normal approximation otherwise,10000,20260904,paired cases; percentile 95%; default_rng PCG64; mean and median explicitly separated,candidate_minus_reference; negative_is_better,18,18,0,0,1.0,18,1.0,18,0,0,0,0,0,0,comparable terminals include algorithm failures and double-failure ties; technical/missing excluded and counted; all-registered sensitivity separate,v3,<ADDENDUM_ROOT>/13_AGGREGATE_ADDENDUM/v3/PAIRWISE_SUMMARY.csv,93,b31b250a5af7fee5cc5b9a0e078f79ce52a51266daa400c9d7db8de3cba9a2ae,<ADDENDUM_ROOT>/13_AGGREGATE_ADDENDUM/v3/FAILURE_AWARE_PAIRWISE_SUMMARY.csv,93,80b8860c4a418e82f60b7ec01f19b3234aa5fecd889a0e1e7dc5ad6c39f29ff5
full_vs_no_HV,outage_end_horizontal_error_m,family,A1,27,27,-0.022014158767246488,-0.013668375752843076,-0.03496834056130649,-0.010507928076944397,-0.03241384619519749,0.0020710995034924906,18,0,9,0.6666666666666666,0.00441385778107854,wilcox; abs(delta)>1e-12,exact conditional signs with ties for n_nonzero<=20; frozen normal approximation otherwise,10000,20260904,paired cases; percentile 95%; default_rng PCG64; mean and median explicitly separated,candidate_minus_reference; negative_is_better,27,18,9,0,0.6666666666666666,27,0.6666666666666666,27,0,0,0,0,0,0,comparable terminals include algorithm failures and double-failure ties; technical/missing excluded and counted; all-registered sensitivity separate,v3,<ADDENDUM_ROOT>/13_AGGREGATE_ADDENDUM/v3/PAIRWISE_SUMMARY.csv,95,b31b250a5af7fee5cc5b9a0e078f79ce52a51266daa400c9d7db8de3cba9a2ae,<ADDENDUM_ROOT>/13_AGGREGATE_ADDENDUM/v3/FAILURE_AWARE_PAIRWISE_SUMMARY.csv,95,80b8860c4a418e82f60b7ec01f19b3234aa5fecd889a0e1e7dc5ad6c39f29ff5
full_vs_no_HV,outage_end_horizontal_error_m,family,A2,18,18,-31.19100264997546,-15.971134595412632,-44.714428574567734,-18.50207579988598,-56.792582590804564,-6.915448530501524,18,0,0,1.0,7.62939453125e-06,wilcox; abs(delta)>1e-12,exact conditional signs with ties for n_nonzero<=20; frozen normal approximation otherwise,10000,20260904,paired cases; percentile 95%; default_rng PCG64; mean and median explicitly separated,candidate_minus_reference; negative_is_better,18,18,0,0,1.0,18,1.0,18,0,0,0,0,0,0,comparable terminals include algorithm failures and double-failure ties; technical/missing excluded and counted; all-registered sensitivity separate,v3,<ADDENDUM_ROOT>/13_AGGREGATE_ADDENDUM/v3/PAIRWISE_SUMMARY.csv,96,b31b250a5af7fee5cc5b9a0e078f79ce52a51266daa400c9d7db8de3cba9a2ae,<ADDENDUM_ROOT>/13_AGGREGATE_ADDENDUM/v3/FAILURE_AWARE_PAIRWISE_SUMMARY.csv,96,80b8860c4a418e82f60b7ec01f19b3234aa5fecd889a0e1e7dc5ad6c39f29ff5
full_vs_no_HV,post_window_horizontal_rmse_m,family,A1,27,27,-0.0007610688548211064,-0.00021712795268435947,-0.001319546919139993,-0.00028571253595329626,-0.0009270108132672927,3.5916009781256086e-05,18,0,9,0.6666666666666666,0.020426918567686216,wilcox; abs(delta)>1e-12,exact conditional signs with ties for n_nonzero<=20; frozen normal approximation otherwise,10000,20260904,paired cases; percentile 95%; default_rng PCG64; mean and median explicitly separated,candidate_minus_reference; negative_is_better,27,18,9,0,0.6666666666666666,27,0.6666666666666666,27,0,0,0,0,0,0,comparable terminals include algorithm failures and double-failure ties; technical/missing excluded and counted; all-registered sensitivity separate,v3,<ADDENDUM_ROOT>/13_AGGREGATE_ADDENDUM/v3/PAIRWISE_SUMMARY.csv,98,b31b250a5af7fee5cc5b9a0e078f79ce52a51266daa400c9d7db8de3cba9a2ae,<ADDENDUM_ROOT>/13_AGGREGATE_ADDENDUM/v3/FAILURE_AWARE_PAIRWISE_SUMMARY.csv,98,80b8860c4a418e82f60b7ec01f19b3234aa5fecd889a0e1e7dc5ad6c39f29ff5
full_vs_no_HV,post_window_horizontal_rmse_m,family,A2,18,18,-1.1405037652398522,-0.3550819367688558,-1.731094905705752,-0.6122533776706438,-2.2584771641091166,-0.2376122207310043,18,0,0,1.0,7.62939453125e-06,wilcox; abs(delta)>1e-12,exact conditional signs with ties for n_nonzero<=20; frozen normal approximation otherwise,10000,20260904,paired cases; percentile 95%; default_rng PCG64; mean and median explicitly separated,candidate_minus_reference; negative_is_better,18,18,0,0,1.0,18,1.0,18,0,0,0,0,0,0,comparable terminals include algorithm failures and double-failure ties; technical/missing excluded and counted; all-registered sensitivity separate,v3,<ADDENDUM_ROOT>/13_AGGREGATE_ADDENDUM/v3/PAIRWISE_SUMMARY.csv,99,b31b250a5af7fee5cc5b9a0e078f79ce52a51266daa400c9d7db8de3cba9a2ae,<ADDENDUM_ROOT>/13_AGGREGATE_ADDENDUM/v3/FAILURE_AWARE_PAIRWISE_SUMMARY.csv,99,80b8860c4a418e82f60b7ec01f19b3234aa5fecd889a0e1e7dc5ad6c39f29ff5
full_vs_no_HV,up_rmse_m,family,A1,27,27,1.5875638177846546e-05,6.828568561045856e-06,-2.4353590505824027e-05,5.744836303694236e-05,-4.055471565705959e-06,1.483771913268761e-05,10,0,17,0.37037037037037035,0.34262698961062005,wilcox; abs(delta)>1e-12,exact conditional signs with ties for n_nonzero<=20; frozen normal approximation otherwise,10000,20260904,paired cases; percentile 95%; default_rng PCG64; mean and median explicitly separated,candidate_minus_reference; negative_is_better,27,10,17,0,0.37037037037037035,27,0.37037037037037035,27,0,0,0,0,0,0,comparable terminals include algorithm failures and double-failure ties; technical/missing excluded and counted; all-registered sensitivity separate,v3,<ADDENDUM_ROOT>/13_AGGREGATE_ADDENDUM/v3/PAIRWISE_SUMMARY.csv,101,b31b250a5af7fee5cc5b9a0e078f79ce52a51266daa400c9d7db8de3cba9a2ae,<ADDENDUM_ROOT>/13_AGGREGATE_ADDENDUM/v3/FAILURE_AWARE_PAIRWISE_SUMMARY.csv,101,80b8860c4a418e82f60b7ec01f19b3234aa5fecd889a0e1e7dc5ad6c39f29ff5
full_vs_no_HV,up_rmse_m,family,A2,18,18,0.022025983862931482,0.006636176985170716,-0.02813656595758031,0.06581776460320027,0.00040687734615489635,0.06615421266702216,5,0,13,0.2777777777777778,0.0736846923828125,wilcox; abs(delta)>1e-12,exact conditional signs with ties for n_nonzero<=20; frozen normal approximation otherwise,10000,20260904,paired cases; percentile 95%; default_rng PCG64; mean and median explicitly separated,candidate_minus_reference; negative_is_better,18,5,13,0,0.2777777777777778,18,0.2777777777777778,18,0,0,0,0,0,0,comparable terminals include algorithm failures and double-failure ties; technical/missing excluded and counted; all-registered sensitivity separate,v3,<ADDENDUM_ROOT>/13_AGGREGATE_ADDENDUM/v3/PAIRWISE_SUMMARY.csv,102,b31b250a5af7fee5cc5b9a0e078f79ce52a51266daa400c9d7db8de3cba9a2ae,<ADDENDUM_ROOT>/13_AGGREGATE_ADDENDUM/v3/FAILURE_AWARE_PAIRWISE_SUMMARY.csv,102,80b8860c4a418e82f60b7ec01f19b3234aa5fecd889a0e1e7dc5ad6c39f29ff5
full_vs_no_HV,yaw_rmse_deg,family,A1,27,27,-1.6140549517209393e-05,-1.999722020062933e-05,-2.13306023018309e-05,-1.0582307531426793e-05,-2.2796196889718345e-05,-1.535185570755715e-05,21,0,6,0.7777777777777778,7.746435817878191e-05,wilcox; abs(delta)>1e-12,exact conditional signs with ties for n_nonzero<=20; frozen normal approximation otherwise,10000,20260904,paired cases; percentile 95%; default_rng PCG64; mean and median explicitly separated,candidate_minus_reference; negative_is_better,27,21,6,0,0.7777777777777778,27,0.7777777777777778,27,0,0,0,0,0,0,comparable terminals include algorithm failures and double-failure ties; technical/missing excluded and counted; all-registered sensitivity separate,v3,<ADDENDUM_ROOT>/13_AGGREGATE_ADDENDUM/v3/PAIRWISE_SUMMARY.csv,104,b31b250a5af7fee5cc5b9a0e078f79ce52a51266daa400c9d7db8de3cba9a2ae,<ADDENDUM_ROOT>/13_AGGREGATE_ADDENDUM/v3/FAILURE_AWARE_PAIRWISE_SUMMARY.csv,104,80b8860c4a418e82f60b7ec01f19b3234aa5fecd889a0e1e7dc5ad6c39f29ff5
full_vs_no_HV,yaw_rmse_deg,family,A2,18,18,1.8228305216213176e-05,-1.5666473427877747e-05,-0.00012163030140179954,0.0001576470821357793,-7.487930999006132e-05,7.747128251955893e-05,10,0,8,0.5555555555555556,0.9661178588867188,wilcox; abs(delta)>1e-12,exact conditional signs with ties for n_nonzero<=20; frozen normal approximation otherwise,10000,20260904,paired cases; percentile 95%; default_rng PCG64; mean and median explicitly separated,candidate_minus_reference; negative_is_better,18,10,8,0,0.5555555555555556,18,0.5555555555555556,18,0,0,0,0,0,0,comparable terminals include algorithm failures and double-failure ties; technical/missing excluded and counted; all-registered sensitivity separate,v3,<ADDENDUM_ROOT>/13_AGGREGATE_ADDENDUM/v3/PAIRWISE_SUMMARY.csv,105,b31b250a5af7fee5cc5b9a0e078f79ce52a51266daa400c9d7db8de3cba9a2ae,<ADDENDUM_ROOT>/13_AGGREGATE_ADDENDUM/v3/FAILURE_AWARE_PAIRWISE_SUMMARY.csv,105,80b8860c4a418e82f60b7ec01f19b3234aa5fecd889a0e1e7dc5ad6c39f29ff5
full_vs_no_RD,fault_window_horizontal_rmse_m,family,A1,27,27,-0.05417446943919867,-0.042725165975610935,-0.12497781054768295,0.019068199088042404,-0.08660563508578178,-0.0014459864226621377,21,0,6,0.7777777777777778,0.019158247432460224,wilcox; abs(delta)>1e-12,exact conditional signs with ties for n_nonzero<=20; frozen normal approximation otherwise,10000,20260904,paired cases; percentile 95%; default_rng PCG64; mean and median explicitly separated,candidate_minus_reference; negative_is_better,27,21,6,0,0.7777777777777778,27,0.7777777777777778,27,0,0,0,0,0,0,comparable terminals include algorithm failures and double-failure ties; technical/missing excluded and counted; all-registered sensitivity separate,v3,<ADDENDUM_ROOT>/13_AGGREGATE_ADDENDUM/v3/PAIRWISE_SUMMARY.csv,107,b31b250a5af7fee5cc5b9a0e078f79ce52a51266daa400c9d7db8de3cba9a2ae,<ADDENDUM_ROOT>/13_AGGREGATE_ADDENDUM/v3/FAILURE_AWARE_PAIRWISE_SUMMARY.csv,107,80b8860c4a418e82f60b7ec01f19b3234aa5fecd889a0e1e7dc5ad6c39f29ff5
full_vs_no_RD,fault_window_horizontal_rmse_m,family,A2,18,18,-0.06218817042450272,-0.03287518930940925,-0.11351023850557942,-0.018402772118090403,-0.0915622113024761,0.00018495124598416623,13,0,5,0.7222222222222222,0.02684783935546875,wilcox; abs(delta)>1e-12,exact conditional signs with ties for n_nonzero<=20; frozen normal approximation otherwise,10000,20260904,paired cases; percentile 95%; default_rng PCG64; mean and median explicitly separated,candidate_minus_reference; negative_is_better,18,13,5,0,0.7222222222222222,18,0.7222222222222222,18,0,0,0,0,0,0,comparable terminals include algorithm failures and double-failure ties; technical/missing excluded and counted; all-registered sensitivity separate,v3,<ADDENDUM_ROOT>/13_AGGREGATE_ADDENDUM/v3/PAIRWISE_SUMMARY.csv,108,b31b250a5af7fee5cc5b9a0e078f79ce52a51266daa400c9d7db8de3cba9a2ae,<ADDENDUM_ROOT>/13_AGGREGATE_ADDENDUM/v3/FAILURE_AWARE_PAIRWISE_SUMMARY.csv,108,80b8860c4a418e82f60b7ec01f19b3234aa5fecd889a0e1e7dc5ad6c39f29ff5
full_vs_no_RD,horizontal_rmse_m,family,A1,27,27,-0.011620066484631188,-0.008507868200428703,-0.03164904189068064,0.0105579437387752,-0.021564677537744714,-0.0003089618313547593,21,0,6,0.7777777777777778,0.02318560349473597,wilcox; abs(delta)>1e-12,exact conditional signs with ties for n_nonzero<=20; frozen normal approximation otherwise,10000,20260904,paired cases; percentile 95%; default_rng PCG64; mean and median explicitly separated,candidate_minus_reference; negative_is_better,27,21,6,0,0.7777777777777778,27,0.7777777777777778,27,0,0,0,0,0,0,comparable terminals include algorithm failures and double-failure ties; technical/missing excluded and counted; all-registered sensitivity separate,v3,<ADDENDUM_ROOT>/13_AGGREGATE_ADDENDUM/v3/PAIRWISE_SUMMARY.csv,110,b31b250a5af7fee5cc5b9a0e078f79ce52a51266daa400c9d7db8de3cba9a2ae,<ADDENDUM_ROOT>/13_AGGREGATE_ADDENDUM/v3/FAILURE_AWARE_PAIRWISE_SUMMARY.csv,110,80b8860c4a418e82f60b7ec01f19b3234aa5fecd889a0e1e7dc5ad6c39f29ff5
full_vs_no_RD,horizontal_rmse_m,family,A2,18,18,-0.014055285955627765,-0.006286576111216524,-0.026826501380627386,-0.0033437852939015343,-0.021257994758483,6.128246943071236e-05,13,0,5,0.7222222222222222,0.02684783935546875,wilcox; abs(delta)>1e-12,exact conditional signs with ties for n_nonzero<=20; frozen normal approximation otherwise,10000,20260904,paired cases; percentile 95%; default_rng PCG64; mean and median explicitly separated,candidate_minus_reference; negative_is_better,18,13,5,0,0.7222222222222222,18,0.7222222222222222,18,0,0,0,0,0,0,comparable terminals include algorithm failures and double-failure ties; technical/missing excluded and counted; all-registered sensitivity separate,v3,<ADDENDUM_ROOT>/13_AGGREGATE_ADDENDUM/v3/PAIRWISE_SUMMARY.csv,111,b31b250a5af7fee5cc5b9a0e078f79ce52a51266daa400c9d7db8de3cba9a2ae,<ADDENDUM_ROOT>/13_AGGREGATE_ADDENDUM/v3/FAILURE_AWARE_PAIRWISE_SUMMARY.csv,111,80b8860c4a418e82f60b7ec01f19b3234aa5fecd889a0e1e7dc5ad6c39f29ff5
full_vs_no_RD,max_horizontal_error_in_window_m,family,A1,27,27,-0.10318726878619706,-0.08354796622749561,-0.2353572015515188,0.032447865766401976,-0.13551354679431427,-0.002996118552022864,20,0,7,0.7407407407407407,0.017958998282122263,wilcox; abs(delta)>1e-12,exact conditional signs with ties for n_nonzero<=20; frozen normal approximation otherwise,10000,20260904,paired cases; percentile 95%; default_rng PCG64; mean and median explicitly separated,candidate_minus_reference; negative_is_better,27,20,7,0,0.7407407407407407,27,0.7407407407407407,27,0,0,0,0,0,0,comparable terminals include algorithm failures and double-failure ties; technical/missing excluded and counted; all-registered sensitivity separate,v3,<ADDENDUM_ROOT>/13_AGGREGATE_ADDENDUM/v3/PAIRWISE_SUMMARY.csv,113,b31b250a5af7fee5cc5b9a0e078f79ce52a51266daa400c9d7db8de3cba9a2ae,<ADDENDUM_ROOT>/13_AGGREGATE_ADDENDUM/v3/FAILURE_AWARE_PAIRWISE_SUMMARY.csv,113,80b8860c4a418e82f60b7ec01f19b3234aa5fecd889a0e1e7dc5ad6c39f29ff5
full_vs_no_RD,max_horizontal_error_in_window_m,family,A2,18,18,-0.0935453367434895,-0.04475652941550656,-0.16858327536230255,-0.0282135464952251,-0.148979945977338,0.0008142809134215057,13,0,5,0.7222222222222222,0.02684783935546875,wilcox; abs(delta)>1e-12,exact conditional signs with ties for n_nonzero<=20; frozen normal approximation otherwise,10000,20260904,paired cases; percentile 95%; default_rng PCG64; mean and median explicitly separated,candidate_minus_reference; negative_is_better,18,13,5,0,0.7222222222222222,18,0.7222222222222222,18,0,0,0,0,0,0,comparable terminals include algorithm failures and double-failure ties; technical/missing excluded and counted; all-registered sensitivity separate,v3,<ADDENDUM_ROOT>/13_AGGREGATE_ADDENDUM/v3/PAIRWISE_SUMMARY.csv,114,b31b250a5af7fee5cc5b9a0e078f79ce52a51266daa400c9d7db8de3cba9a2ae,<ADDENDUM_ROOT>/13_AGGREGATE_ADDENDUM/v3/FAILURE_AWARE_PAIRWISE_SUMMARY.csv,114,80b8860c4a418e82f60b7ec01f19b3234aa5fecd889a0e1e7dc5ad6c39f29ff5
full_vs_no_RD,outage_end_horizontal_error_m,family,A1,27,27,-0.10318726878619706,-0.08354796622749561,-0.2353572015515188,0.032447865766401976,-0.13551354679431427,-0.002996118552022864,20,0,7,0.7407407407407407,0.017958998282122263,wilcox; abs(delta)>1e-12,exact conditional signs with ties for n_nonzero<=20; frozen normal approximation otherwise,10000,20260904,paired cases; percentile 95%; default_rng PCG64; mean and median explicitly separated,candidate_minus_reference; negative_is_better,27,20,7,0,0.7407407407407407,27,0.7407407407407407,27,0,0,0,0,0,0,comparable terminals include algorithm failures and double-failure ties; technical/missing excluded and counted; all-registered sensitivity separate,v3,<ADDENDUM_ROOT>/13_AGGREGATE_ADDENDUM/v3/PAIRWISE_SUMMARY.csv,116,b31b250a5af7fee5cc5b9a0e078f79ce52a51266daa400c9d7db8de3cba9a2ae,<ADDENDUM_ROOT>/13_AGGREGATE_ADDENDUM/v3/FAILURE_AWARE_PAIRWISE_SUMMARY.csv,116,80b8860c4a418e82f60b7ec01f19b3234aa5fecd889a0e1e7dc5ad6c39f29ff5
full_vs_no_RD,outage_end_horizontal_error_m,family,A2,18,18,-0.09145852752031278,-0.04153545883719367,-0.1651113096229947,-0.02725102285542597,-0.14629448931251687,0.0011765275685000631,13,0,5,0.7222222222222222,0.02684783935546875,wilcox; abs(delta)>1e-12,exact conditional signs with ties for n_nonzero<=20; frozen normal approximation otherwise,10000,20260904,paired cases; percentile 95%; default_rng PCG64; mean and median explicitly separated,candidate_minus_reference; negative_is_better,18,13,5,0,0.7222222222222222,18,0.7222222222222222,18,0,0,0,0,0,0,comparable terminals include algorithm failures and double-failure ties; technical/missing excluded and counted; all-registered sensitivity separate,v3,<ADDENDUM_ROOT>/13_AGGREGATE_ADDENDUM/v3/PAIRWISE_SUMMARY.csv,117,b31b250a5af7fee5cc5b9a0e078f79ce52a51266daa400c9d7db8de3cba9a2ae,<ADDENDUM_ROOT>/13_AGGREGATE_ADDENDUM/v3/FAILURE_AWARE_PAIRWISE_SUMMARY.csv,117,80b8860c4a418e82f60b7ec01f19b3234aa5fecd889a0e1e7dc5ad6c39f29ff5
full_vs_no_RD,post_window_horizontal_rmse_m,family,A1,27,27,-0.00162776250534922,-0.0012556481874328451,-0.0064496905037432885,0.0039619782843709405,-0.0038008595264522604,-8.706903452410097e-05,21,0,6,0.7777777777777778,0.04484692212983688,wilcox; abs(delta)>1e-12,exact conditional signs with ties for n_nonzero<=20; frozen normal approximation otherwise,10000,20260904,paired cases; percentile 95%; default_rng PCG64; mean and median explicitly separated,candidate_minus_reference; negative_is_better,27,21,6,0,0.7777777777777778,27,0.7777777777777778,27,0,0,0,0,0,0,comparable terminals include algorithm failures and double-failure ties; technical/missing excluded and counted; all-registered sensitivity separate,v3,<ADDENDUM_ROOT>/13_AGGREGATE_ADDENDUM/v3/PAIRWISE_SUMMARY.csv,119,b31b250a5af7fee5cc5b9a0e078f79ce52a51266daa400c9d7db8de3cba9a2ae,<ADDENDUM_ROOT>/13_AGGREGATE_ADDENDUM/v3/FAILURE_AWARE_PAIRWISE_SUMMARY.csv,119,80b8860c4a418e82f60b7ec01f19b3234aa5fecd889a0e1e7dc5ad6c39f29ff5
full_vs_no_RD,post_window_horizontal_rmse_m,family,A2,18,18,-0.0019925300029605252,-0.0002665208064836083,-0.004468562372840361,1.8288383780391173e-05,-0.0023880579080363673,2.7088009865283702e-05,13,0,5,0.7222222222222222,0.0987396240234375,wilcox; abs(delta)>1e-12,exact conditional signs with ties for n_nonzero<=20; frozen normal approximation otherwise,10000,20260904,paired cases; percentile 95%; default_rng PCG64; mean and median explicitly separated,candidate_minus_reference; negative_is_better,18,13,5,0,0.7222222222222222,18,0.7222222222222222,18,0,0,0,0,0,0,comparable terminals include algorithm failures and double-failure ties; technical/missing excluded and counted; all-registered sensitivity separate,v3,<ADDENDUM_ROOT>/13_AGGREGATE_ADDENDUM/v3/PAIRWISE_SUMMARY.csv,120,b31b250a5af7fee5cc5b9a0e078f79ce52a51266daa400c9d7db8de3cba9a2ae,<ADDENDUM_ROOT>/13_AGGREGATE_ADDENDUM/v3/FAILURE_AWARE_PAIRWISE_SUMMARY.csv,120,80b8860c4a418e82f60b7ec01f19b3234aa5fecd889a0e1e7dc5ad6c39f29ff5
full_vs_no_RD,up_rmse_m,family,A1,27,27,-0.004525789036904626,-0.0026108509053948126,-0.01852585420767501,0.0077330051530824576,-0.006692098957237214,0.003560904346963656,16,0,11,0.5925925925925926,0.4935253774957197,wilcox; abs(delta)>1e-12,exact conditional signs with ties for n_nonzero<=20; frozen normal approximation otherwise,10000,20260904,paired cases; percentile 95%; default_rng PCG64; mean and median explicitly separated,candidate_minus_reference; negative_is_better,27,16,11,0,0.5925925925925926,27,0.5925925925925926,27,0,0,0,0,0,0,comparable terminals include algorithm failures and double-failure ties; technical/missing excluded and counted; all-registered sensitivity separate,v3,<ADDENDUM_ROOT>/13_AGGREGATE_ADDENDUM/v3/PAIRWISE_SUMMARY.csv,122,b31b250a5af7fee5cc5b9a0e078f79ce52a51266daa400c9d7db8de3cba9a2ae,<ADDENDUM_ROOT>/13_AGGREGATE_ADDENDUM/v3/FAILURE_AWARE_PAIRWISE_SUMMARY.csv,122,80b8860c4a418e82f60b7ec01f19b3234aa5fecd889a0e1e7dc5ad6c39f29ff5
full_vs_no_RD,up_rmse_m,family,A2,18,18,-0.003494393524471548,-0.002665352944513144,-0.012968335134577786,0.0057486318732057375,-0.009840208199422787,0.002429120187412842,12,0,6,0.6666666666666666,0.30379486083984375,wilcox; abs(delta)>1e-12,exact conditional signs with ties for n_nonzero<=20; frozen normal approximation otherwise,10000,20260904,paired cases; percentile 95%; default_rng PCG64; mean and median explicitly separated,candidate_minus_reference; negative_is_better,18,12,6,0,0.6666666666666666,18,0.6666666666666666,18,0,0,0,0,0,0,comparable terminals include algorithm failures and double-failure ties; technical/missing excluded and counted; all-registered sensitivity separate,v3,<ADDENDUM_ROOT>/13_AGGREGATE_ADDENDUM/v3/PAIRWISE_SUMMARY.csv,123,b31b250a5af7fee5cc5b9a0e078f79ce52a51266daa400c9d7db8de3cba9a2ae,<ADDENDUM_ROOT>/13_AGGREGATE_ADDENDUM/v3/FAILURE_AWARE_PAIRWISE_SUMMARY.csv,123,80b8860c4a418e82f60b7ec01f19b3234aa5fecd889a0e1e7dc5ad6c39f29ff5
full_vs_no_RD,yaw_rmse_deg,family,A1,27,27,0.0020250098458996523,0.0020015151965582234,0.0015538580350843065,0.0024252967476810702,0.0017635248482288368,0.0022794944038779796,1,0,26,0.037037037037037035,6.329904728008035e-05,wilcox; abs(delta)>1e-12,exact conditional signs with ties for n_nonzero<=20; frozen normal approximation otherwise,10000,20260904,paired cases; percentile 95%; default_rng PCG64; mean and median explicitly separated,candidate_minus_reference; negative_is_better,27,1,26,0,0.037037037037037035,27,0.037037037037037035,27,0,0,0,0,0,0,comparable terminals include algorithm failures and double-failure ties; technical/missing excluded and counted; all-registered sensitivity separate,v3,<ADDENDUM_ROOT>/13_AGGREGATE_ADDENDUM/v3/PAIRWISE_SUMMARY.csv,125,b31b250a5af7fee5cc5b9a0e078f79ce52a51266daa400c9d7db8de3cba9a2ae,<ADDENDUM_ROOT>/13_AGGREGATE_ADDENDUM/v3/FAILURE_AWARE_PAIRWISE_SUMMARY.csv,125,80b8860c4a418e82f60b7ec01f19b3234aa5fecd889a0e1e7dc5ad6c39f29ff5
full_vs_no_RD,yaw_rmse_deg,family,A2,18,18,0.00039915877080705836,0.0018162698419050827,-0.0007592653960394336,0.0014823992482757428,-0.0026601573951776647,0.002103526215719853,6,0,12,0.3333333333333333,0.8985748291015625,wilcox; abs(delta)>1e-12,exact conditional signs with ties for n_nonzero<=20; frozen normal approximation otherwise,10000,20260904,paired cases; percentile 95%; default_rng PCG64; mean and median explicitly separated,candidate_minus_reference; negative_is_better,18,6,12,0,0.3333333333333333,18,0.3333333333333333,18,0,0,0,0,0,0,comparable terminals include algorithm failures and double-failure ties; technical/missing excluded and counted; all-registered sensitivity separate,v3,<ADDENDUM_ROOT>/13_AGGREGATE_ADDENDUM/v3/PAIRWISE_SUMMARY.csv,126,b31b250a5af7fee5cc5b9a0e078f79ce52a51266daa400c9d7db8de3cba9a2ae,<ADDENDUM_ROOT>/13_AGGREGATE_ADDENDUM/v3/FAILURE_AWARE_PAIRWISE_SUMMARY.csv,126,80b8860c4a418e82f60b7ec01f19b3234aa5fecd889a0e1e7dc5ad6c39f29ff5
full_vs_no_RP,fault_window_horizontal_rmse_m,family,A1,27,27,-0.22954527743764536,0.7087624664616161,-4.279457148805655,3.395104826279361,-2.2259039577363637,3.8434929918122904,10,0,17,0.37037037037037035,0.50881275927407,wilcox; abs(delta)>1e-12,exact conditional signs with ties for n_nonzero<=20; frozen normal approximation otherwise,10000,20260904,paired cases; percentile 95%; default_rng PCG64; mean and median explicitly separated,candidate_minus_reference; negative_is_better,27,10,17,0,0.37037037037037035,27,0.37037037037037035,27,0,0,0,0,0,0,comparable terminals include algorithm failures and double-failure ties; technical/missing excluded and counted; all-registered sensitivity separate,v3,<ADDENDUM_ROOT>/13_AGGREGATE_ADDENDUM/v3/PAIRWISE_SUMMARY.csv,128,b31b250a5af7fee5cc5b9a0e078f79ce52a51266daa400c9d7db8de3cba9a2ae,<ADDENDUM_ROOT>/13_AGGREGATE_ADDENDUM/v3/FAILURE_AWARE_PAIRWISE_SUMMARY.csv,128,80b8860c4a418e82f60b7ec01f19b3234aa5fecd889a0e1e7dc5ad6c39f29ff5
full_vs_no_RP,fault_window_horizontal_rmse_m,family,A2,18,18,0.30302300731202664,0.3457458398871034,-1.2788957830095184,1.7502052608792114,-0.4051503238195231,2.0761944716095964,7,0,11,0.3888888888888889,0.4171142578125,wilcox; abs(delta)>1e-12,exact conditional signs with ties for n_nonzero<=20; frozen normal approximation otherwise,10000,20260904,paired cases; percentile 95%; default_rng PCG64; mean and median explicitly separated,candidate_minus_reference; negative_is_better,18,7,11,0,0.3888888888888889,18,0.3888888888888889,18,0,0,0,0,0,0,comparable terminals include algorithm failures and double-failure ties; technical/missing excluded and counted; all-registered sensitivity separate,v3,<ADDENDUM_ROOT>/13_AGGREGATE_ADDENDUM/v3/PAIRWISE_SUMMARY.csv,129,b31b250a5af7fee5cc5b9a0e078f79ce52a51266daa400c9d7db8de3cba9a2ae,<ADDENDUM_ROOT>/13_AGGREGATE_ADDENDUM/v3/FAILURE_AWARE_PAIRWISE_SUMMARY.csv,129,80b8860c4a418e82f60b7ec01f19b3234aa5fecd889a0e1e7dc5ad6c39f29ff5
full_vs_no_RP,horizontal_rmse_m,family,A1,27,27,-0.17191683880325695,0.12792250451994658,-1.4899676126365218,0.9685425034764334,-0.4553990823943712,0.9675977240410276,11,0,16,0.4074074074074074,0.50881275927407,wilcox; abs(delta)>1e-12,exact conditional signs with ties for n_nonzero<=20; frozen normal approximation otherwise,10000,20260904,paired cases; percentile 95%; default_rng PCG64; mean and median explicitly separated,candidate_minus_reference; negative_is_better,27,11,16,0,0.4074074074074074,27,0.4074074074074074,27,0,0,0,0,0,0,comparable terminals include algorithm failures and double-failure ties; technical/missing excluded and counted; all-registered sensitivity separate,v3,<ADDENDUM_ROOT>/13_AGGREGATE_ADDENDUM/v3/PAIRWISE_SUMMARY.csv,131,b31b250a5af7fee5cc5b9a0e078f79ce52a51266daa400c9d7db8de3cba9a2ae,<ADDENDUM_ROOT>/13_AGGREGATE_ADDENDUM/v3/FAILURE_AWARE_PAIRWISE_SUMMARY.csv,131,80b8860c4a418e82f60b7ec01f19b3234aa5fecd889a0e1e7dc5ad6c39f29ff5
full_vs_no_RP,horizontal_rmse_m,family,A2,18,18,0.056739789347017955,0.06807849645460301,-0.3609584231101547,0.43675371729200535,-0.0991076399698344,0.48796864077551944,7,0,11,0.3888888888888889,0.44229888916015625,wilcox; abs(delta)>1e-12,exact conditional signs with ties for n_nonzero<=20; frozen normal approximation otherwise,10000,20260904,paired cases; percentile 95%; default_rng PCG64; mean and median explicitly separated,candidate_minus_reference; negative_is_better,18,7,11,0,0.3888888888888889,18,0.3888888888888889,18,0,0,0,0,0,0,comparable terminals include algorithm failures and double-failure ties; technical/missing excluded and counted; all-registered sensitivity separate,v3,<ADDENDUM_ROOT>/13_AGGREGATE_ADDENDUM/v3/PAIRWISE_SUMMARY.csv,132,b31b250a5af7fee5cc5b9a0e078f79ce52a51266daa400c9d7db8de3cba9a2ae,<ADDENDUM_ROOT>/13_AGGREGATE_ADDENDUM/v3/FAILURE_AWARE_PAIRWISE_SUMMARY.csv,132,80b8860c4a418e82f60b7ec01f19b3234aa5fecd889a0e1e7dc5ad6c39f29ff5
full_vs_no_RP,max_horizontal_error_in_window_m,family,A1,27,27,-1.2525951853316624,0.9762175302279621,-9.237346458146831,5.847263545420723,-2.7738654293378886,4.679113146772039,12,0,15,0.4444444444444444,0.6567082485028964,wilcox; abs(delta)>1e-12,exact conditional signs with ties for n_nonzero<=20; frozen normal approximation otherwise,10000,20260904,paired cases; percentile 95%; default_rng PCG64; mean and median explicitly separated,candidate_minus_reference; negative_is_better,27,12,15,0,0.4444444444444444,27,0.4444444444444444,27,0,0,0,0,0,0,comparable terminals include algorithm failures and double-failure ties; technical/missing excluded and counted; all-registered sensitivity separate,v3,<ADDENDUM_ROOT>/13_AGGREGATE_ADDENDUM/v3/PAIRWISE_SUMMARY.csv,134,b31b250a5af7fee5cc5b9a0e078f79ce52a51266daa400c9d7db8de3cba9a2ae,<ADDENDUM_ROOT>/13_AGGREGATE_ADDENDUM/v3/FAILURE_AWARE_PAIRWISE_SUMMARY.csv,134,80b8860c4a418e82f60b7ec01f19b3234aa5fecd889a0e1e7dc5ad6c39f29ff5
full_vs_no_RP,max_horizontal_error_in_window_m,family,A2,18,18,0.19199044196146314,0.7756783199243662,-2.336866287233155,2.4537888509707155,-0.9392000997693213,2.9379696254722383,7,0,11,0.3888888888888889,0.5798416137695312,wilcox; abs(delta)>1e-12,exact conditional signs with ties for n_nonzero<=20; frozen normal approximation otherwise,10000,20260904,paired cases; percentile 95%; default_rng PCG64; mean and median explicitly separated,candidate_minus_reference; negative_is_better,18,7,11,0,0.3888888888888889,18,0.3888888888888889,18,0,0,0,0,0,0,comparable terminals include algorithm failures and double-failure ties; technical/missing excluded and counted; all-registered sensitivity separate,v3,<ADDENDUM_ROOT>/13_AGGREGATE_ADDENDUM/v3/PAIRWISE_SUMMARY.csv,135,b31b250a5af7fee5cc5b9a0e078f79ce52a51266daa400c9d7db8de3cba9a2ae,<ADDENDUM_ROOT>/13_AGGREGATE_ADDENDUM/v3/FAILURE_AWARE_PAIRWISE_SUMMARY.csv,135,80b8860c4a418e82f60b7ec01f19b3234aa5fecd889a0e1e7dc5ad6c39f29ff5
full_vs_no_RP,outage_end_horizontal_error_m,family,A1,27,27,-1.2379927237956276,0.9762175302279621,-9.213609204427593,5.865163455390738,-2.7738654293378886,4.679113146772039,12,0,15,0.4444444444444444,0.6567082485028964,wilcox; abs(delta)>1e-12,exact conditional signs with ties for n_nonzero<=20; frozen normal approximation otherwise,10000,20260904,paired cases; percentile 95%; default_rng PCG64; mean and median explicitly separated,candidate_minus_reference; negative_is_better,27,12,15,0,0.4444444444444444,27,0.4444444444444444,27,0,0,0,0,0,0,comparable terminals include algorithm failures and double-failure ties; technical/missing excluded and counted; all-registered sensitivity separate,v3,<ADDENDUM_ROOT>/13_AGGREGATE_ADDENDUM/v3/PAIRWISE_SUMMARY.csv,137,b31b250a5af7fee5cc5b9a0e078f79ce52a51266daa400c9d7db8de3cba9a2ae,<ADDENDUM_ROOT>/13_AGGREGATE_ADDENDUM/v3/FAILURE_AWARE_PAIRWISE_SUMMARY.csv,137,80b8860c4a418e82f60b7ec01f19b3234aa5fecd889a0e1e7dc5ad6c39f29ff5
full_vs_no_RP,outage_end_horizontal_error_m,family,A2,18,18,0.2849821028096722,0.836580445564155,-2.2163640594831144,2.5231063087734156,-0.8990846876438869,2.8355521030990793,7,0,11,0.3888888888888889,0.49507904052734375,wilcox; abs(delta)>1e-12,exact conditional signs with ties for n_nonzero<=20; frozen normal approximation otherwise,10000,20260904,paired cases; percentile 95%; default_rng PCG64; mean and median explicitly separated,candidate_minus_reference; negative_is_better,18,7,11,0,0.3888888888888889,18,0.3888888888888889,18,0,0,0,0,0,0,comparable terminals include algorithm failures and double-failure ties; technical/missing excluded and counted; all-registered sensitivity separate,v3,<ADDENDUM_ROOT>/13_AGGREGATE_ADDENDUM/v3/PAIRWISE_SUMMARY.csv,138,b31b250a5af7fee5cc5b9a0e078f79ce52a51266daa400c9d7db8de3cba9a2ae,<ADDENDUM_ROOT>/13_AGGREGATE_ADDENDUM/v3/FAILURE_AWARE_PAIRWISE_SUMMARY.csv,138,80b8860c4a418e82f60b7ec01f19b3234aa5fecd889a0e1e7dc5ad6c39f29ff5
full_vs_no_RP,post_window_horizontal_rmse_m,family,A1,27,27,-0.12060032871064079,0.028380811400741557,-0.567084462122613,0.2759073684112023,-0.014083491921371483,0.15301173903014043,13,0,14,0.48148148148148145,0.6054790697373403,wilcox; abs(delta)>1e-12,exact conditional signs with ties for n_nonzero<=20; frozen normal approximation otherwise,10000,20260904,paired cases; percentile 95%; default_rng PCG64; mean and median explicitly separated,candidate_minus_reference; negative_is_better,27,13,14,0,0.48148148148148145,27,0.48148148148148145,27,0,0,0,0,0,0,comparable terminals include algorithm failures and double-failure ties; technical/missing excluded and counted; all-registered sensitivity separate,v3,<ADDENDUM_ROOT>/13_AGGREGATE_ADDENDUM/v3/PAIRWISE_SUMMARY.csv,140,b31b250a5af7fee5cc5b9a0e078f79ce52a51266daa400c9d7db8de3cba9a2ae,<ADDENDUM_ROOT>/13_AGGREGATE_ADDENDUM/v3/FAILURE_AWARE_PAIRWISE_SUMMARY.csv,140,80b8860c4a418e82f60b7ec01f19b3234aa5fecd889a0e1e7dc5ad6c39f29ff5
full_vs_no_RP,post_window_horizontal_rmse_m,family,A2,18,18,0.006756264983874888,0.006419230129642142,-0.1182004502725284,0.12877410624896957,-0.02895368043850005,0.11086878862860955,9,0,9,0.5,0.7660293579101562,wilcox; abs(delta)>1e-12,exact conditional signs with ties for n_nonzero<=20; frozen normal approximation otherwise,10000,20260904,paired cases; percentile 95%; default_rng PCG64; mean and median explicitly separated,candidate_minus_reference; negative_is_better,18,9,9,0,0.5,18,0.5,18,0,0,0,0,0,0,comparable terminals include algorithm failures and double-failure ties; technical/missing excluded and counted; all-registered sensitivity separate,v3,<ADDENDUM_ROOT>/13_AGGREGATE_ADDENDUM/v3/PAIRWISE_SUMMARY.csv,141,b31b250a5af7fee5cc5b9a0e078f79ce52a51266daa400c9d7db8de3cba9a2ae,<ADDENDUM_ROOT>/13_AGGREGATE_ADDENDUM/v3/FAILURE_AWARE_PAIRWISE_SUMMARY.csv,141,80b8860c4a418e82f60b7ec01f19b3234aa5fecd889a0e1e7dc5ad6c39f29ff5
full_vs_no_RP,up_rmse_m,family,A1,27,27,0.04820244708194964,0.0008153500428191296,-0.0071612963939435325,0.11486086831024957,-0.022285463347727852,0.01574133788017562,13,0,14,0.48148148148148145,0.8570053772339205,wilcox; abs(delta)>1e-12,exact conditional signs with ties for n_nonzero<=20; frozen normal approximation otherwise,10000,20260904,paired cases; percentile 95%; default_rng PCG64; mean and median explicitly separated,candidate_minus_reference; negative_is_better,27,13,14,0,0.48148148148148145,27,0.48148148148148145,27,0,0,0,0,0,0,comparable terminals include algorithm failures and double-failure ties; technical/missing excluded and counted; all-registered sensitivity separate,v3,<ADDENDUM_ROOT>/13_AGGREGATE_ADDENDUM/v3/PAIRWISE_SUMMARY.csv,143,b31b250a5af7fee5cc5b9a0e078f79ce52a51266daa400c9d7db8de3cba9a2ae,<ADDENDUM_ROOT>/13_AGGREGATE_ADDENDUM/v3/FAILURE_AWARE_PAIRWISE_SUMMARY.csv,143,80b8860c4a418e82f60b7ec01f19b3234aa5fecd889a0e1e7dc5ad6c39f29ff5
full_vs_no_RP,up_rmse_m,family,A2,18,18,0.0094756423303044,-0.003306271475853023,-0.024826612814522458,0.05922340194971013,-0.017522135653763815,0.006061786536634792,12,0,6,0.6666666666666666,0.4171142578125,wilcox; abs(delta)>1e-12,exact conditional signs with ties for n_nonzero<=20; frozen normal approximation otherwise,10000,20260904,paired cases; percentile 95%; default_rng PCG64; mean and median explicitly separated,candidate_minus_reference; negative_is_better,18,12,6,0,0.6666666666666666,18,0.6666666666666666,18,0,0,0,0,0,0,comparable terminals include algorithm failures and double-failure ties; technical/missing excluded and counted; all-registered sensitivity separate,v3,<ADDENDUM_ROOT>/13_AGGREGATE_ADDENDUM/v3/PAIRWISE_SUMMARY.csv,144,b31b250a5af7fee5cc5b9a0e078f79ce52a51266daa400c9d7db8de3cba9a2ae,<ADDENDUM_ROOT>/13_AGGREGATE_ADDENDUM/v3/FAILURE_AWARE_PAIRWISE_SUMMARY.csv,144,80b8860c4a418e82f60b7ec01f19b3234aa5fecd889a0e1e7dc5ad6c39f29ff5
full_vs_no_RP,yaw_rmse_deg,family,A1,27,27,-0.04013627025186385,-0.038133499102827706,-0.04351605285213276,-0.0369448069717342,-0.04300750054364455,-0.035512408539287055,27,0,0,1.0,5.9344232634363165e-06,wilcox; abs(delta)>1e-12,exact conditional signs with ties for n_nonzero<=20; frozen normal approximation otherwise,10000,20260904,paired cases; percentile 95%; default_rng PCG64; mean and median explicitly separated,candidate_minus_reference; negative_is_better,27,27,0,0,1.0,27,1.0,27,0,0,0,0,0,0,comparable terminals include algorithm failures and double-failure ties; technical/missing excluded and counted; all-registered sensitivity separate,v3,<ADDENDUM_ROOT>/13_AGGREGATE_ADDENDUM/v3/PAIRWISE_SUMMARY.csv,146,b31b250a5af7fee5cc5b9a0e078f79ce52a51266daa400c9d7db8de3cba9a2ae,<ADDENDUM_ROOT>/13_AGGREGATE_ADDENDUM/v3/FAILURE_AWARE_PAIRWISE_SUMMARY.csv,146,80b8860c4a418e82f60b7ec01f19b3234aa5fecd889a0e1e7dc5ad6c39f29ff5
full_vs_no_RP,yaw_rmse_deg,family,A2,18,18,-0.03799958577819518,-0.03773486289041972,-0.03950470931766994,-0.03651986719880214,-0.03929936830503533,-0.036894042255214865,18,0,0,1.0,7.62939453125e-06,wilcox; abs(delta)>1e-12,exact conditional signs with ties for n_nonzero<=20; frozen normal approximation otherwise,10000,20260904,paired cases; percentile 95%; default_rng PCG64; mean and median explicitly separated,candidate_minus_reference; negative_is_better,18,18,0,0,1.0,18,1.0,18,0,0,0,0,0,0,comparable terminals include algorithm failures and double-failure ties; technical/missing excluded and counted; all-registered sensitivity separate,v3,<ADDENDUM_ROOT>/13_AGGREGATE_ADDENDUM/v3/PAIRWISE_SUMMARY.csv,147,b31b250a5af7fee5cc5b9a0e078f79ce52a51266daa400c9d7db8de3cba9a2ae,<ADDENDUM_ROOT>/13_AGGREGATE_ADDENDUM/v3/FAILURE_AWARE_PAIRWISE_SUMMARY.csv,147,80b8860c4a418e82f60b7ec01f19b3234aa5fecd889a0e1e7dc5ad6c39f29ff5
full_vs_strong,fault_window_horizontal_rmse_m,family,A1,27,27,-0.2788323051294036,0.5475337809201317,-4.275979462440271,3.291462491363129,-2.295465823428204,3.8597034309525853,11,0,16,0.4074074074074074,0.4935253774957197,wilcox; abs(delta)>1e-12,exact conditional signs with ties for n_nonzero<=20; frozen normal approximation otherwise,10000,20260904,paired cases; percentile 95%; default_rng PCG64; mean and median explicitly separated,candidate_minus_reference; negative_is_better,27,11,16,0,0.4074074074074074,27,0.4074074074074074,27,0,0,0,0,0,0,comparable terminals include algorithm failures and double-failure ties; technical/missing excluded and counted; all-registered sensitivity separate,v3,<ADDENDUM_ROOT>/13_AGGREGATE_ADDENDUM/v3/PAIRWISE_SUMMARY.csv,149,b31b250a5af7fee5cc5b9a0e078f79ce52a51266daa400c9d7db8de3cba9a2ae,<ADDENDUM_ROOT>/13_AGGREGATE_ADDENDUM/v3/FAILURE_AWARE_PAIRWISE_SUMMARY.csv,149,80b8860c4a418e82f60b7ec01f19b3234aa5fecd889a0e1e7dc5ad6c39f29ff5
full_vs_strong,fault_window_horizontal_rmse_m,family,A2,18,18,-11.63466781805112,-5.165190791834856,-18.54511250200065,-5.532692642591653,-17.540273189076395,-1.8686013895396103,16,0,2,0.8888888888888888,0.00128936767578125,wilcox; abs(delta)>1e-12,exact conditional signs with ties for n_nonzero<=20; frozen normal approximation otherwise,10000,20260904,paired cases; percentile 95%; default_rng PCG64; mean and median explicitly separated,candidate_minus_reference; negative_is_better,18,16,2,0,0.8888888888888888,18,0.8888888888888888,18,0,0,0,0,0,0,comparable terminals include algorithm failures and double-failure ties; technical/missing excluded and counted; all-registered sensitivity separate,v3,<ADDENDUM_ROOT>/13_AGGREGATE_ADDENDUM/v3/PAIRWISE_SUMMARY.csv,150,b31b250a5af7fee5cc5b9a0e078f79ce52a51266daa400c9d7db8de3cba9a2ae,<ADDENDUM_ROOT>/13_AGGREGATE_ADDENDUM/v3/FAILURE_AWARE_PAIRWISE_SUMMARY.csv,150,80b8860c4a418e82f60b7ec01f19b3234aa5fecd889a0e1e7dc5ad6c39f29ff5
full_vs_strong,horizontal_rmse_m,family,A1,27,27,-0.18179000908229256,0.09881080130156006,-1.4812494235932974,0.9504913500654871,-0.46617022835097055,0.9485405726403098,11,0,16,0.4074074074074074,0.5401160736535193,wilcox; abs(delta)>1e-12,exact conditional signs with ties for n_nonzero<=20; frozen normal approximation otherwise,10000,20260904,paired cases; percentile 95%; default_rng PCG64; mean and median explicitly separated,candidate_minus_reference; negative_is_better,27,11,16,0,0.4074074074074074,27,0.4074074074074074,27,0,0,0,0,0,0,comparable terminals include algorithm failures and double-failure ties; technical/missing excluded and counted; all-registered sensitivity separate,v3,<ADDENDUM_ROOT>/13_AGGREGATE_ADDENDUM/v3/PAIRWISE_SUMMARY.csv,152,b31b250a5af7fee5cc5b9a0e078f79ce52a51266daa400c9d7db8de3cba9a2ae,<ADDENDUM_ROOT>/13_AGGREGATE_ADDENDUM/v3/FAILURE_AWARE_PAIRWISE_SUMMARY.csv,152,80b8860c4a418e82f60b7ec01f19b3234aa5fecd889a0e1e7dc5ad6c39f29ff5
full_vs_strong,horizontal_rmse_m,family,A2,18,18,-3.107727561683772,-1.0852502013410368,-5.015121906244477,-1.4275462163897579,-4.662771568176872,-0.37297405823855956,16,0,2,0.8888888888888888,0.00157928466796875,wilcox; abs(delta)>1e-12,exact conditional signs with ties for n_nonzero<=20; frozen normal approximation otherwise,10000,20260904,paired cases; percentile 95%; default_rng PCG64; mean and median explicitly separated,candidate_minus_reference; negative_is_better,18,16,2,0,0.8888888888888888,18,0.8888888888888888,18,0,0,0,0,0,0,comparable terminals include algorithm failures and double-failure ties; technical/missing excluded and counted; all-registered sensitivity separate,v3,<ADDENDUM_ROOT>/13_AGGREGATE_ADDENDUM/v3/PAIRWISE_SUMMARY.csv,153,b31b250a5af7fee5cc5b9a0e078f79ce52a51266daa400c9d7db8de3cba9a2ae,<ADDENDUM_ROOT>/13_AGGREGATE_ADDENDUM/v3/FAILURE_AWARE_PAIRWISE_SUMMARY.csv,153,80b8860c4a418e82f60b7ec01f19b3234aa5fecd889a0e1e7dc5ad6c39f29ff5
full_vs_strong,max_horizontal_error_in_window_m,family,A1,27,27,-1.3515799033988525,0.9877845026057557,-9.241096123929616,5.684491599052411,-3.1854218346656467,5.315478886689419,12,0,15,0.4444444444444444,0.6394360218098059,wilcox; abs(delta)>1e-12,exact conditional signs with ties for n_nonzero<=20; frozen normal approximation otherwise,10000,20260904,paired cases; percentile 95%; default_rng PCG64; mean and median explicitly separated,candidate_minus_reference; negative_is_better,27,12,15,0,0.4444444444444444,27,0.4444444444444444,27,0,0,0,0,0,0,comparable terminals include algorithm failures and double-failure ties; technical/missing excluded and counted; all-registered sensitivity separate,v3,<ADDENDUM_ROOT>/13_AGGREGATE_ADDENDUM/v3/PAIRWISE_SUMMARY.csv,155,b31b250a5af7fee5cc5b9a0e078f79ce52a51266daa400c9d7db8de3cba9a2ae,<ADDENDUM_ROOT>/13_AGGREGATE_ADDENDUM/v3/FAILURE_AWARE_PAIRWISE_SUMMARY.csv,155,80b8860c4a418e82f60b7ec01f19b3234aa5fecd889a0e1e7dc5ad6c39f29ff5
full_vs_strong,max_horizontal_error_in_window_m,family,A2,18,18,-32.70180221218474,-13.174254936327294,-49.953397098739316,-17.168327492853813,-53.56817440644986,-6.093172165888713,17,0,1,0.9444444444444444,0.00019073486328125,wilcox; abs(delta)>1e-12,exact conditional signs with ties for n_nonzero<=20; frozen normal approximation otherwise,10000,20260904,paired cases; percentile 95%; default_rng PCG64; mean and median explicitly separated,candidate_minus_reference; negative_is_better,18,17,1,0,0.9444444444444444,18,0.9444444444444444,18,0,0,0,0,0,0,comparable terminals include algorithm failures and double-failure ties; technical/missing excluded and counted; all-registered sensitivity separate,v3,<ADDENDUM_ROOT>/13_AGGREGATE_ADDENDUM/v3/PAIRWISE_SUMMARY.csv,156,b31b250a5af7fee5cc5b9a0e078f79ce52a51266daa400c9d7db8de3cba9a2ae,<ADDENDUM_ROOT>/13_AGGREGATE_ADDENDUM/v3/FAILURE_AWARE_PAIRWISE_SUMMARY.csv,156,80b8860c4a418e82f60b7ec01f19b3234aa5fecd889a0e1e7dc5ad6c39f29ff5
full_vs_strong,outage_end_horizontal_error_m,family,A1,27,27,-1.3382552066445685,0.9877845026057557,-9.228471769826687,5.696112960637411,-3.1854218346656467,5.315478886689419,12,0,15,0.4444444444444444,0.6394360218098059,wilcox; abs(delta)>1e-12,exact conditional signs with ties for n_nonzero<=20; frozen normal approximation otherwise,10000,20260904,paired cases; percentile 95%; default_rng PCG64; mean and median explicitly separated,candidate_minus_reference; negative_is_better,27,12,15,0,0.4444444444444444,27,0.4444444444444444,27,0,0,0,0,0,0,comparable terminals include algorithm failures and double-failure ties; technical/missing excluded and counted; all-registered sensitivity separate,v3,<ADDENDUM_ROOT>/13_AGGREGATE_ADDENDUM/v3/PAIRWISE_SUMMARY.csv,158,b31b250a5af7fee5cc5b9a0e078f79ce52a51266daa400c9d7db8de3cba9a2ae,<ADDENDUM_ROOT>/13_AGGREGATE_ADDENDUM/v3/FAILURE_AWARE_PAIRWISE_SUMMARY.csv,158,80b8860c4a418e82f60b7ec01f19b3234aa5fecd889a0e1e7dc5ad6c39f29ff5
full_vs_strong,outage_end_horizontal_error_m,family,A2,18,18,-34.26148920478686,-13.583432134084646,-52.094035709550866,-18.15467832141676,-56.32362052117442,-6.611156325585759,17,0,1,0.9444444444444444,0.00019073486328125,wilcox; abs(delta)>1e-12,exact conditional signs with ties for n_nonzero<=20; frozen normal approximation otherwise,10000,20260904,paired cases; percentile 95%; default_rng PCG64; mean and median explicitly separated,candidate_minus_reference; negative_is_better,18,17,1,0,0.9444444444444444,18,0.9444444444444444,18,0,0,0,0,0,0,comparable terminals include algorithm failures and double-failure ties; technical/missing excluded and counted; all-registered sensitivity separate,v3,<ADDENDUM_ROOT>/13_AGGREGATE_ADDENDUM/v3/PAIRWISE_SUMMARY.csv,159,b31b250a5af7fee5cc5b9a0e078f79ce52a51266daa400c9d7db8de3cba9a2ae,<ADDENDUM_ROOT>/13_AGGREGATE_ADDENDUM/v3/FAILURE_AWARE_PAIRWISE_SUMMARY.csv,159,80b8860c4a418e82f60b7ec01f19b3234aa5fecd889a0e1e7dc5ad6c39f29ff5
full_vs_strong,post_window_horizontal_rmse_m,family,A1,27,27,-0.12127102705082381,0.026174239818978817,-0.5628882245612583,0.27284853370544365,-0.01580991004071186,0.17264876995685885,13,0,14,0.48148148148148145,0.6054790697373403,wilcox; abs(delta)>1e-12,exact conditional signs with ties for n_nonzero<=20; frozen normal approximation otherwise,10000,20260904,paired cases; percentile 95%; default_rng PCG64; mean and median explicitly separated,candidate_minus_reference; negative_is_better,27,13,14,0,0.48148148148148145,27,0.48148148148148145,27,0,0,0,0,0,0,comparable terminals include algorithm failures and double-failure ties; technical/missing excluded and counted; all-registered sensitivity separate,v3,<ADDENDUM_ROOT>/13_AGGREGATE_ADDENDUM/v3/PAIRWISE_SUMMARY.csv,161,b31b250a5af7fee5cc5b9a0e078f79ce52a51266daa400c9d7db8de3cba9a2ae,<ADDENDUM_ROOT>/13_AGGREGATE_ADDENDUM/v3/FAILURE_AWARE_PAIRWISE_SUMMARY.csv,161,80b8860c4a418e82f60b7ec01f19b3234aa5fecd889a0e1e7dc5ad6c39f29ff5
full_vs_strong,post_window_horizontal_rmse_m,family,A2,18,18,-1.1828230138710576,-0.4393146472173921,-1.9922653055177069,-0.5011559164902254,-1.9609924699902166,-0.16965739806273283,17,0,1,0.9444444444444444,0.00032806396484375,wilcox; abs(delta)>1e-12,exact conditional signs with ties for n_nonzero<=20; frozen normal approximation otherwise,10000,20260904,paired cases; percentile 95%; default_rng PCG64; mean and median explicitly separated,candidate_minus_reference; negative_is_better,18,17,1,0,0.9444444444444444,18,0.9444444444444444,18,0,0,0,0,0,0,comparable terminals include algorithm failures and double-failure ties; technical/missing excluded and counted; all-registered sensitivity separate,v3,<ADDENDUM_ROOT>/13_AGGREGATE_ADDENDUM/v3/PAIRWISE_SUMMARY.csv,162,b31b250a5af7fee5cc5b9a0e078f79ce52a51266daa400c9d7db8de3cba9a2ae,<ADDENDUM_ROOT>/13_AGGREGATE_ADDENDUM/v3/FAILURE_AWARE_PAIRWISE_SUMMARY.csv,162,80b8860c4a418e82f60b7ec01f19b3234aa5fecd889a0e1e7dc5ad6c39f29ff5
full_vs_strong,up_rmse_m,family,A1,27,27,0.04547462634754698,-0.0011601442204188517,-0.015151104841095248,0.11424077840867343,-0.024029156010274555,0.013051108916556586,14,0,13,0.5185185185185185,0.8008381797069951,wilcox; abs(delta)>1e-12,exact conditional signs with ties for n_nonzero<=20; frozen normal approximation otherwise,10000,20260904,paired cases; percentile 95%; default_rng PCG64; mean and median explicitly separated,candidate_minus_reference; negative_is_better,27,14,13,0,0.5185185185185185,27,0.5185185185185185,27,0,0,0,0,0,0,comparable terminals include algorithm failures and double-failure ties; technical/missing excluded and counted; all-registered sensitivity separate,v3,<ADDENDUM_ROOT>/13_AGGREGATE_ADDENDUM/v3/PAIRWISE_SUMMARY.csv,164,b31b250a5af7fee5cc5b9a0e078f79ce52a51266daa400c9d7db8de3cba9a2ae,<ADDENDUM_ROOT>/13_AGGREGATE_ADDENDUM/v3/FAILURE_AWARE_PAIRWISE_SUMMARY.csv,164,80b8860c4a418e82f60b7ec01f19b3234aa5fecd889a0e1e7dc5ad6c39f29ff5
full_vs_strong,up_rmse_m,family,A2,18,18,0.024647952989912167,0.010914109737384797,-0.0605918138525809,0.10182503894570494,-0.004885189375383597,0.05891304202725854,6,0,12,0.3333333333333333,0.19638824462890625,wilcox; abs(delta)>1e-12,exact conditional signs with ties for n_nonzero<=20; frozen normal approximation otherwise,10000,20260904,paired cases; percentile 95%; default_rng PCG64; mean and median explicitly separated,candidate_minus_reference; negative_is_better,18,6,12,0,0.3333333333333333,18,0.3333333333333333,18,0,0,0,0,0,0,comparable terminals include algorithm failures and double-failure ties; technical/missing excluded and counted; all-registered sensitivity separate,v3,<ADDENDUM_ROOT>/13_AGGREGATE_ADDENDUM/v3/PAIRWISE_SUMMARY.csv,165,b31b250a5af7fee5cc5b9a0e078f79ce52a51266daa400c9d7db8de3cba9a2ae,<ADDENDUM_ROOT>/13_AGGREGATE_ADDENDUM/v3/FAILURE_AWARE_PAIRWISE_SUMMARY.csv,165,80b8860c4a418e82f60b7ec01f19b3234aa5fecd889a0e1e7dc5ad6c39f29ff5
full_vs_strong,yaw_rmse_deg,family,A1,27,27,-0.048758530881704676,-0.04531484654664597,-0.0530970043034998,-0.04459461113163017,-0.05152705753003728,-0.04279051011228496,27,0,0,1.0,5.9344232634363165e-06,wilcox; abs(delta)>1e-12,exact conditional signs with ties for n_nonzero<=20; frozen normal approximation otherwise,10000,20260904,paired cases; percentile 95%; default_rng PCG64; mean and median explicitly separated,candidate_minus_reference; negative_is_better,27,27,0,0,1.0,27,1.0,27,0,0,0,0,0,0,comparable terminals include algorithm failures and double-failure ties; technical/missing excluded and counted; all-registered sensitivity separate,v3,<ADDENDUM_ROOT>/13_AGGREGATE_ADDENDUM/v3/PAIRWISE_SUMMARY.csv,167,b31b250a5af7fee5cc5b9a0e078f79ce52a51266daa400c9d7db8de3cba9a2ae,<ADDENDUM_ROOT>/13_AGGREGATE_ADDENDUM/v3/FAILURE_AWARE_PAIRWISE_SUMMARY.csv,167,80b8860c4a418e82f60b7ec01f19b3234aa5fecd889a0e1e7dc5ad6c39f29ff5
full_vs_strong,yaw_rmse_deg,family,A2,18,18,-0.046526963242603844,-0.04610966357076318,-0.0479810543775146,-0.045055796814873164,-0.04787162058626149,-0.04543808086601288,18,0,0,1.0,7.62939453125e-06,wilcox; abs(delta)>1e-12,exact conditional signs with ties for n_nonzero<=20; frozen normal approximation otherwise,10000,20260904,paired cases; percentile 95%; default_rng PCG64; mean and median explicitly separated,candidate_minus_reference; negative_is_better,18,18,0,0,1.0,18,1.0,18,0,0,0,0,0,0,comparable terminals include algorithm failures and double-failure ties; technical/missing excluded and counted; all-registered sensitivity separate,v3,<ADDENDUM_ROOT>/13_AGGREGATE_ADDENDUM/v3/PAIRWISE_SUMMARY.csv,168,b31b250a5af7fee5cc5b9a0e078f79ce52a51266daa400c9d7db8de3cba9a2ae,<ADDENDUM_ROOT>/13_AGGREGATE_ADDENDUM/v3/FAILURE_AWARE_PAIRWISE_SUMMARY.csv,168,80b8860c4a418e82f60b7ec01f19b3234aa5fecd889a0e1e7dc5ad6c39f29ff5
A04_vs_F03,fault_window_horizontal_rmse_m,family,A1,27,27,-1.4402729993996106,0.293161001025938,-6.134600601740423,2.5022797390985714,-3.133339806594032,2.5249865550947206,13,0,14,0.48148148148148145,0.9904156426147974,wilcox; abs(delta)>1e-12,exact conditional signs with ties for n_nonzero<=20; frozen normal approximation otherwise,10000,20260904,paired cases; percentile 95%; default_rng PCG64; mean and median explicitly separated,candidate_minus_reference; negative_is_better,27,13,14,0,0.48148148148148145,27,0.48148148148148145,27,0,0,0,0,0,0,comparable terminals include algorithm failures and double-failure ties; technical/missing excluded and counted; all-registered sensitivity separate,v2,<ADDENDUM_ROOT>/13_AGGREGATE_ADDENDUM/v2/PAIRWISE_SUMMARY.csv,2,941853e2f45b4498892ce2c20ba98f27ca0df6153240e3c8f77136dc3066191e,<ADDENDUM_ROOT>/13_AGGREGATE_ADDENDUM/v2/FAILURE_AWARE_PAIRWISE_SUMMARY.csv,2,7c33307d06e3a6b93f5c3ba6b3529eada6fce78e2ae5907da4a0daf343c0c296
A04_vs_F03,fault_window_horizontal_rmse_m,family,A2,18,18,-15.777352506146222,-7.464962189459502,-24.31743903672803,-8.240928695656029,-23.81333536340906,-3.64069525799802,16,0,2,0.8888888888888888,0.00032806396484375,wilcox; abs(delta)>1e-12,exact conditional signs with ties for n_nonzero<=20; frozen normal approximation otherwise,10000,20260904,paired cases; percentile 95%; default_rng PCG64; mean and median explicitly separated,candidate_minus_reference; negative_is_better,18,16,2,0,0.8888888888888888,18,0.8888888888888888,18,0,0,0,0,0,0,comparable terminals include algorithm failures and double-failure ties; technical/missing excluded and counted; all-registered sensitivity separate,v2,<ADDENDUM_ROOT>/13_AGGREGATE_ADDENDUM/v2/PAIRWISE_SUMMARY.csv,3,941853e2f45b4498892ce2c20ba98f27ca0df6153240e3c8f77136dc3066191e,<ADDENDUM_ROOT>/13_AGGREGATE_ADDENDUM/v2/FAILURE_AWARE_PAIRWISE_SUMMARY.csv,3,7c33307d06e3a6b93f5c3ba6b3529eada6fce78e2ae5907da4a0daf343c0c296
A04_vs_F03,horizontal_rmse_m,family,A1,27,27,-0.5240390141363782,0.04542879943805622,-2.055714220231957,0.7224911734693431,-0.6449606764665541,0.6683848448255532,13,0,14,0.48148148148148145,0.9329868657677283,wilcox; abs(delta)>1e-12,exact conditional signs with ties for n_nonzero<=20; frozen normal approximation otherwise,10000,20260904,paired cases; percentile 95%; default_rng PCG64; mean and median explicitly separated,candidate_minus_reference; negative_is_better,27,13,14,0,0.48148148148148145,27,0.48148148148148145,27,0,0,0,0,0,0,comparable terminals include algorithm failures and double-failure ties; technical/missing excluded and counted; all-registered sensitivity separate,v2,<ADDENDUM_ROOT>/13_AGGREGATE_ADDENDUM/v2/PAIRWISE_SUMMARY.csv,5,941853e2f45b4498892ce2c20ba98f27ca0df6153240e3c8f77136dc3066191e,<ADDENDUM_ROOT>/13_AGGREGATE_ADDENDUM/v2/FAILURE_AWARE_PAIRWISE_SUMMARY.csv,5,7c33307d06e3a6b93f5c3ba6b3529eada6fce78e2ae5907da4a0daf343c0c296
A04_vs_F03,horizontal_rmse_m,family,A2,18,18,-4.16201962589496,-1.5601847986079629,-6.519638631857997,-2.0778014512644996,-6.141661337308225,-0.6948353578122856,16,0,2,0.8888888888888888,0.00067138671875,wilcox; abs(delta)>1e-12,exact conditional signs with ties for n_nonzero<=20; frozen normal approximation otherwise,10000,20260904,paired cases; percentile 95%; default_rng PCG64; mean and median explicitly separated,candidate_minus_reference; negative_is_better,18,16,2,0,0.8888888888888888,18,0.8888888888888888,18,0,0,0,0,0,0,comparable terminals include algorithm failures and double-failure ties; technical/missing excluded and counted; all-registered sensitivity separate,v2,<ADDENDUM_ROOT>/13_AGGREGATE_ADDENDUM/v2/PAIRWISE_SUMMARY.csv,6,941853e2f45b4498892ce2c20ba98f27ca0df6153240e3c8f77136dc3066191e,<ADDENDUM_ROOT>/13_AGGREGATE_ADDENDUM/v2/FAILURE_AWARE_PAIRWISE_SUMMARY.csv,6,7c33307d06e3a6b93f5c3ba6b3529eada6fce78e2ae5907da4a0daf343c0c296
A04_vs_F03,max_horizontal_error_in_window_m,family,A1,27,27,-4.099210154021566,-0.33783660236537116,-13.271905203749428,3.5580813150139363,-6.691575085754764,3.442696600837621,14,0,13,0.5185185185185185,0.8008381797069951,wilcox; abs(delta)>1e-12,exact conditional signs with ties for n_nonzero<=20; frozen normal approximation otherwise,10000,20260904,paired cases; percentile 95%; default_rng PCG64; mean and median explicitly separated,candidate_minus_reference; negative_is_better,27,14,13,0,0.5185185185185185,27,0.5185185185185185,27,0,0,0,0,0,0,comparable terminals include algorithm failures and double-failure ties; technical/missing excluded and counted; all-registered sensitivity separate,v2,<ADDENDUM_ROOT>/13_AGGREGATE_ADDENDUM/v2/PAIRWISE_SUMMARY.csv,8,941853e2f45b4498892ce2c20ba98f27ca0df6153240e3c8f77136dc3066191e,<ADDENDUM_ROOT>/13_AGGREGATE_ADDENDUM/v2/FAILURE_AWARE_PAIRWISE_SUMMARY.csv,8,7c33307d06e3a6b93f5c3ba6b3529eada6fce78e2ae5907da4a0daf343c0c296
A04_vs_F03,max_horizontal_error_in_window_m,family,A2,18,18,-41.587542854402884,-18.36129382271961,-62.063396655547024,-23.096324084504126,-66.4647481647781,-10.044380008110938,17,0,1,0.9444444444444444,3.814697265625e-05,wilcox; abs(delta)>1e-12,exact conditional signs with ties for n_nonzero<=20; frozen normal approximation otherwise,10000,20260904,paired cases; percentile 95%; default_rng PCG64; mean and median explicitly separated,candidate_minus_reference; negative_is_better,18,17,1,0,0.9444444444444444,18,0.9444444444444444,18,0,0,0,0,0,0,comparable terminals include algorithm failures and double-failure ties; technical/missing excluded and counted; all-registered sensitivity separate,v2,<ADDENDUM_ROOT>/13_AGGREGATE_ADDENDUM/v2/PAIRWISE_SUMMARY.csv,9,941853e2f45b4498892ce2c20ba98f27ca0df6153240e3c8f77136dc3066191e,<ADDENDUM_ROOT>/13_AGGREGATE_ADDENDUM/v2/FAILURE_AWARE_PAIRWISE_SUMMARY.csv,9,7c33307d06e3a6b93f5c3ba6b3529eada6fce78e2ae5907da4a0daf343c0c296
A04_vs_F03,outage_end_horizontal_error_m,family,A1,27,27,-4.086831616883155,-0.33783660236537116,-13.249063477669495,3.568209999063807,-6.691575085754764,3.442696600837621,14,0,13,0.5185185185185185,0.8008381797069951,wilcox; abs(delta)>1e-12,exact conditional signs with ties for n_nonzero<=20; frozen normal approximation otherwise,10000,20260904,paired cases; percentile 95%; default_rng PCG64; mean and median explicitly separated,candidate_minus_reference; negative_is_better,27,14,13,0,0.5185185185185185,27,0.5185185185185185,27,0,0,0,0,0,0,comparable terminals include algorithm failures and double-failure ties; technical/missing excluded and counted; all-registered sensitivity separate,v2,<ADDENDUM_ROOT>/13_AGGREGATE_ADDENDUM/v2/PAIRWISE_SUMMARY.csv,11,941853e2f45b4498892ce2c20ba98f27ca0df6153240e3c8f77136dc3066191e,<ADDENDUM_ROOT>/13_AGGREGATE_ADDENDUM/v2/FAILURE_AWARE_PAIRWISE_SUMMARY.csv,11,7c33307d06e3a6b93f5c3ba6b3529eada6fce78e2ae5907da4a0daf343c0c296
A04_vs_F03,outage_end_horizontal_error_m,family,A2,18,18,-43.18235615879033,-19.3188561831506,-64.07418782022847,-24.370221445001558,-67.7501303684837,-11.009155296767773,17,0,1,0.9444444444444444,3.814697265625e-05,wilcox; abs(delta)>1e-12,exact conditional signs with ties for n_nonzero<=20; frozen normal approximation otherwise,10000,20260904,paired cases; percentile 95%; default_rng PCG64; mean and median explicitly separated,candidate_minus_reference; negative_is_better,18,17,1,0,0.9444444444444444,18,0.9444444444444444,18,0,0,0,0,0,0,comparable terminals include algorithm failures and double-failure ties; technical/missing excluded and counted; all-registered sensitivity separate,v2,<ADDENDUM_ROOT>/13_AGGREGATE_ADDENDUM/v2/PAIRWISE_SUMMARY.csv,12,941853e2f45b4498892ce2c20ba98f27ca0df6153240e3c8f77136dc3066191e,<ADDENDUM_ROOT>/13_AGGREGATE_ADDENDUM/v2/FAILURE_AWARE_PAIRWISE_SUMMARY.csv,12,7c33307d06e3a6b93f5c3ba6b3529eada6fce78e2ae5907da4a0daf343c0c296
A04_vs_F03,post_window_horizontal_rmse_m,family,A1,27,27,-0.1962663685353061,0.0065989803834339,-0.701420916136935,0.2510345910048584,-0.023074192109497238,0.13057124263877418,12,0,15,0.4444444444444444,0.9712524588767892,wilcox; abs(delta)>1e-12,exact conditional signs with ties for n_nonzero<=20; frozen normal approximation otherwise,10000,20260904,paired cases; percentile 95%; default_rng PCG64; mean and median explicitly separated,candidate_minus_reference; negative_is_better,27,12,15,0,0.4444444444444444,27,0.4444444444444444,27,0,0,0,0,0,0,comparable terminals include algorithm failures and double-failure ties; technical/missing excluded and counted; all-registered sensitivity separate,v2,<ADDENDUM_ROOT>/13_AGGREGATE_ADDENDUM/v2/PAIRWISE_SUMMARY.csv,14,941853e2f45b4498892ce2c20ba98f27ca0df6153240e3c8f77136dc3066191e,<ADDENDUM_ROOT>/13_AGGREGATE_ADDENDUM/v2/FAILURE_AWARE_PAIRWISE_SUMMARY.csv,14,7c33307d06e3a6b93f5c3ba6b3529eada6fce78e2ae5907da4a0daf343c0c296
A04_vs_F03,post_window_horizontal_rmse_m,family,A2,18,18,-1.492641604887166,-0.7038735282883746,-2.444191090136004,-0.6971225995000322,-2.377722127097239,-0.31383998227781523,15,0,3,0.8333333333333334,0.00041961669921875,wilcox; abs(delta)>1e-12,exact conditional signs with ties for n_nonzero<=20; frozen normal approximation otherwise,10000,20260904,paired cases; percentile 95%; default_rng PCG64; mean and median explicitly separated,candidate_minus_reference; negative_is_better,18,15,3,0,0.8333333333333334,18,0.8333333333333334,18,0,0,0,0,0,0,comparable terminals include algorithm failures and double-failure ties; technical/missing excluded and counted; all-registered sensitivity separate,v2,<ADDENDUM_ROOT>/13_AGGREGATE_ADDENDUM/v2/PAIRWISE_SUMMARY.csv,15,941853e2f45b4498892ce2c20ba98f27ca0df6153240e3c8f77136dc3066191e,<ADDENDUM_ROOT>/13_AGGREGATE_ADDENDUM/v2/FAILURE_AWARE_PAIRWISE_SUMMARY.csv,15,7c33307d06e3a6b93f5c3ba6b3529eada6fce78e2ae5907da4a0daf343c0c296
A04_vs_F03,up_rmse_m,family,A1,27,27,0.0668130070183188,0.0010048661288671323,-0.008966251757370152,0.15194886746375166,-0.010603207477220378,0.035539768195774146,12,0,15,0.4444444444444444,0.35498543399949406,wilcox; abs(delta)>1e-12,exact conditional signs with ties for n_nonzero<=20; frozen normal approximation otherwise,10000,20260904,paired cases; percentile 95%; default_rng PCG64; mean and median explicitly separated,candidate_minus_reference; negative_is_better,27,12,15,0,0.4444444444444444,27,0.4444444444444444,27,0,0,0,0,0,0,comparable terminals include algorithm failures and double-failure ties; technical/missing excluded and counted; all-registered sensitivity separate,v2,<ADDENDUM_ROOT>/13_AGGREGATE_ADDENDUM/v2/PAIRWISE_SUMMARY.csv,17,941853e2f45b4498892ce2c20ba98f27ca0df6153240e3c8f77136dc3066191e,<ADDENDUM_ROOT>/13_AGGREGATE_ADDENDUM/v2/FAILURE_AWARE_PAIRWISE_SUMMARY.csv,17,7c33307d06e3a6b93f5c3ba6b3529eada6fce78e2ae5907da4a0daf343c0c296
A04_vs_F03,up_rmse_m,family,A2,18,18,0.02168957261775008,0.010163942595593167,-0.08187651181563513,0.1139839139985868,-0.010939942230919708,0.054077939945102654,7,0,11,0.3888888888888889,0.34654998779296875,wilcox; abs(delta)>1e-12,exact conditional signs with ties for n_nonzero<=20; frozen normal approximation otherwise,10000,20260904,paired cases; percentile 95%; default_rng PCG64; mean and median explicitly separated,candidate_minus_reference; negative_is_better,18,7,11,0,0.3888888888888889,18,0.3888888888888889,18,0,0,0,0,0,0,comparable terminals include algorithm failures and double-failure ties; technical/missing excluded and counted; all-registered sensitivity separate,v2,<ADDENDUM_ROOT>/13_AGGREGATE_ADDENDUM/v2/PAIRWISE_SUMMARY.csv,18,941853e2f45b4498892ce2c20ba98f27ca0df6153240e3c8f77136dc3066191e,<ADDENDUM_ROOT>/13_AGGREGATE_ADDENDUM/v2/FAILURE_AWARE_PAIRWISE_SUMMARY.csv,18,7c33307d06e3a6b93f5c3ba6b3529eada6fce78e2ae5907da4a0daf343c0c296
A04_vs_F03,yaw_rmse_deg,family,A1,27,27,-0.03931011193312468,-0.03741176944904279,-0.04323265327104529,-0.035506477394380155,-0.04335077929678022,-0.03353689083680145,27,0,0,1.0,5.9344232634363165e-06,wilcox; abs(delta)>1e-12,exact conditional signs with ties for n_nonzero<=20; frozen normal approximation otherwise,10000,20260904,paired cases; percentile 95%; default_rng PCG64; mean and median explicitly separated,candidate_minus_reference; negative_is_better,27,27,0,0,1.0,27,1.0,27,0,0,0,0,0,0,comparable terminals include algorithm failures and double-failure ties; technical/missing excluded and counted; all-registered sensitivity separate,v2,<ADDENDUM_ROOT>/13_AGGREGATE_ADDENDUM/v2/PAIRWISE_SUMMARY.csv,20,941853e2f45b4498892ce2c20ba98f27ca0df6153240e3c8f77136dc3066191e,<ADDENDUM_ROOT>/13_AGGREGATE_ADDENDUM/v2/FAILURE_AWARE_PAIRWISE_SUMMARY.csv,20,7c33307d06e3a6b93f5c3ba6b3529eada6fce78e2ae5907da4a0daf343c0c296
A04_vs_F03,yaw_rmse_deg,family,A2,18,18,-0.03294702317121718,-0.03267642663403314,-0.03428902579467135,-0.031672158212181646,-0.034200726221567335,-0.03167722499941661,18,0,0,1.0,7.62939453125e-06,wilcox; abs(delta)>1e-12,exact conditional signs with ties for n_nonzero<=20; frozen normal approximation otherwise,10000,20260904,paired cases; percentile 95%; default_rng PCG64; mean and median explicitly separated,candidate_minus_reference; negative_is_better,18,18,0,0,1.0,18,1.0,18,0,0,0,0,0,0,comparable terminals include algorithm failures and double-failure ties; technical/missing excluded and counted; all-registered sensitivity separate,v2,<ADDENDUM_ROOT>/13_AGGREGATE_ADDENDUM/v2/PAIRWISE_SUMMARY.csv,21,941853e2f45b4498892ce2c20ba98f27ca0df6153240e3c8f77136dc3066191e,<ADDENDUM_ROOT>/13_AGGREGATE_ADDENDUM/v2/FAILURE_AWARE_PAIRWISE_SUMMARY.csv,21,7c33307d06e3a6b93f5c3ba6b3529eada6fce78e2ae5907da4a0daf343c0c296
F04_vs_F01,fault_window_horizontal_rmse_m,family,A1,27,27,-0.6624964440022718,0.35481972832845265,-4.353020994436032,2.5238676422100186,-1.857648570233259,3.1094960155648437,11,0,16,0.4074074074074074,0.6741658909452324,wilcox; abs(delta)>1e-12,exact conditional signs with ties for n_nonzero<=20; frozen normal approximation otherwise,10000,20260904,paired cases; percentile 95%; default_rng PCG64; mean and median explicitly separated,candidate_minus_reference; negative_is_better,27,11,16,0,0.4074074074074074,27,0.4074074074074074,27,0,0,0,0,0,0,comparable terminals include algorithm failures and double-failure ties; technical/missing excluded and counted; all-registered sensitivity separate,v2,<ADDENDUM_ROOT>/13_AGGREGATE_ADDENDUM/v2/PAIRWISE_SUMMARY.csv,23,941853e2f45b4498892ce2c20ba98f27ca0df6153240e3c8f77136dc3066191e,<ADDENDUM_ROOT>/13_AGGREGATE_ADDENDUM/v2/FAILURE_AWARE_PAIRWISE_SUMMARY.csv,23,7c33307d06e3a6b93f5c3ba6b3529eada6fce78e2ae5907da4a0daf343c0c296
F04_vs_F01,fault_window_horizontal_rmse_m,family,A2,18,18,-11.895166417039869,-5.040281337596496,-18.755525434598955,-5.777581410378188,-19.12691267869347,-2.046369228026532,16,0,2,0.8888888888888888,0.00104522705078125,wilcox; abs(delta)>1e-12,exact conditional signs with ties for n_nonzero<=20; frozen normal approximation otherwise,10000,20260904,paired cases; percentile 95%; default_rng PCG64; mean and median explicitly separated,candidate_minus_reference; negative_is_better,18,16,2,0,0.8888888888888888,18,0.8888888888888888,18,0,0,0,0,0,0,comparable terminals include algorithm failures and double-failure ties; technical/missing excluded and counted; all-registered sensitivity separate,v2,<ADDENDUM_ROOT>/13_AGGREGATE_ADDENDUM/v2/PAIRWISE_SUMMARY.csv,24,941853e2f45b4498892ce2c20ba98f27ca0df6153240e3c8f77136dc3066191e,<ADDENDUM_ROOT>/13_AGGREGATE_ADDENDUM/v2/FAILURE_AWARE_PAIRWISE_SUMMARY.csv,24,7c33307d06e3a6b93f5c3ba6b3529eada6fce78e2ae5907da4a0daf343c0c296
F04_vs_F01,horizontal_rmse_m,family,A1,27,27,-0.2843065696177983,0.08535826536892088,-1.4821926988187646,0.7315663322815086,-0.3772096037031454,0.8493188389225814,11,0,16,0.4074074074074074,0.7096043708361429,wilcox; abs(delta)>1e-12,exact conditional signs with ties for n_nonzero<=20; frozen normal approximation otherwise,10000,20260904,paired cases; percentile 95%; default_rng PCG64; mean and median explicitly separated,candidate_minus_reference; negative_is_better,27,11,16,0,0.4074074074074074,27,0.4074074074074074,27,0,0,0,0,0,0,comparable terminals include algorithm failures and double-failure ties; technical/missing excluded and counted; all-registered sensitivity separate,v2,<ADDENDUM_ROOT>/13_AGGREGATE_ADDENDUM/v2/PAIRWISE_SUMMARY.csv,26,941853e2f45b4498892ce2c20ba98f27ca0df6153240e3c8f77136dc3066191e,<ADDENDUM_ROOT>/13_AGGREGATE_ADDENDUM/v2/FAILURE_AWARE_PAIRWISE_SUMMARY.csv,26,7c33307d06e3a6b93f5c3ba6b3529eada6fce78e2ae5907da4a0daf343c0c296
F04_vs_F01,horizontal_rmse_m,family,A2,18,18,-3.167567749113986,-1.05909658870724,-5.065306560544013,-1.484421229020951,-4.906373402230161,-0.4160705255610282,16,0,2,0.8888888888888888,0.00157928466796875,wilcox; abs(delta)>1e-12,exact conditional signs with ties for n_nonzero<=20; frozen normal approximation otherwise,10000,20260904,paired cases; percentile 95%; default_rng PCG64; mean and median explicitly separated,candidate_minus_reference; negative_is_better,18,16,2,0,0.8888888888888888,18,0.8888888888888888,18,0,0,0,0,0,0,comparable terminals include algorithm failures and double-failure ties; technical/missing excluded and counted; all-registered sensitivity separate,v2,<ADDENDUM_ROOT>/13_AGGREGATE_ADDENDUM/v2/PAIRWISE_SUMMARY.csv,27,941853e2f45b4498892ce2c20ba98f27ca0df6153240e3c8f77136dc3066191e,<ADDENDUM_ROOT>/13_AGGREGATE_ADDENDUM/v2/FAILURE_AWARE_PAIRWISE_SUMMARY.csv,27,7c33307d06e3a6b93f5c3ba6b3529eada6fce78e2ae5907da4a0daf343c0c296
F04_vs_F01,max_horizontal_error_in_window_m,family,A1,27,27,-2.2735264847691203,0.6774499617259977,-9.465603979605438,4.019229754498191,-3.965846773333464,3.6613579509703698,12,0,15,0.4444444444444444,0.8381874502030492,wilcox; abs(delta)>1e-12,exact conditional signs with ties for n_nonzero<=20; frozen normal approximation otherwise,10000,20260904,paired cases; percentile 95%; default_rng PCG64; mean and median explicitly separated,candidate_minus_reference; negative_is_better,27,12,15,0,0.4444444444444444,27,0.4444444444444444,27,0,0,0,0,0,0,comparable terminals include algorithm failures and double-failure ties; technical/missing excluded and counted; all-registered sensitivity separate,v2,<ADDENDUM_ROOT>/13_AGGREGATE_ADDENDUM/v2/PAIRWISE_SUMMARY.csv,29,941853e2f45b4498892ce2c20ba98f27ca0df6153240e3c8f77136dc3066191e,<ADDENDUM_ROOT>/13_AGGREGATE_ADDENDUM/v2/FAILURE_AWARE_PAIRWISE_SUMMARY.csv,29,7c33307d06e3a6b93f5c3ba6b3529eada6fce78e2ae5907da4a0daf343c0c296
F04_vs_F01,max_horizontal_error_in_window_m,family,A2,18,18,-33.32417011221858,-12.973257274510965,-50.65511026250657,-17.7356847830807,-57.08111695041161,-6.702984612491002,17,0,1,0.9444444444444444,0.00019073486328125,wilcox; abs(delta)>1e-12,exact conditional signs with ties for n_nonzero<=20; frozen normal approximation otherwise,10000,20260904,paired cases; percentile 95%; default_rng PCG64; mean and median explicitly separated,candidate_minus_reference; negative_is_better,18,17,1,0,0.9444444444444444,18,0.9444444444444444,18,0,0,0,0,0,0,comparable terminals include algorithm failures and double-failure ties; technical/missing excluded and counted; all-registered sensitivity separate,v2,<ADDENDUM_ROOT>/13_AGGREGATE_ADDENDUM/v2/PAIRWISE_SUMMARY.csv,30,941853e2f45b4498892ce2c20ba98f27ca0df6153240e3c8f77136dc3066191e,<ADDENDUM_ROOT>/13_AGGREGATE_ADDENDUM/v2/FAILURE_AWARE_PAIRWISE_SUMMARY.csv,30,7c33307d06e3a6b93f5c3ba6b3529eada6fce78e2ae5907da4a0daf343c0c296
F04_vs_F01,outage_end_horizontal_error_m,family,A1,27,27,-2.2703373088183154,0.6774499617259977,-9.462494533053404,4.028432079806997,-3.965846773333464,3.6613579509703698,12,0,15,0.4444444444444444,0.8381874502030492,wilcox; abs(delta)>1e-12,exact conditional signs with ties for n_nonzero<=20; frozen normal approximation otherwise,10000,20260904,paired cases; percentile 95%; default_rng PCG64; mean and median explicitly separated,candidate_minus_reference; negative_is_better,27,12,15,0,0.4444444444444444,27,0.4444444444444444,27,0,0,0,0,0,0,comparable terminals include algorithm failures and double-failure ties; technical/missing excluded and counted; all-registered sensitivity separate,v2,<ADDENDUM_ROOT>/13_AGGREGATE_ADDENDUM/v2/PAIRWISE_SUMMARY.csv,32,941853e2f45b4498892ce2c20ba98f27ca0df6153240e3c8f77136dc3066191e,<ADDENDUM_ROOT>/13_AGGREGATE_ADDENDUM/v2/FAILURE_AWARE_PAIRWISE_SUMMARY.csv,32,7c33307d06e3a6b93f5c3ba6b3529eada6fce78e2ae5907da4a0daf343c0c296
F04_vs_F01,outage_end_horizontal_error_m,family,A2,18,18,-34.89925888216988,-13.396168824501363,-52.80246490640873,-18.77500546100258,-59.82805480128824,-7.325111868835766,17,0,1,0.9444444444444444,0.0001068115234375,wilcox; abs(delta)>1e-12,exact conditional signs with ties for n_nonzero<=20; frozen normal approximation otherwise,10000,20260904,paired cases; percentile 95%; default_rng PCG64; mean and median explicitly separated,candidate_minus_reference; negative_is_better,18,17,1,0,0.9444444444444444,18,0.9444444444444444,18,0,0,0,0,0,0,comparable terminals include algorithm failures and double-failure ties; technical/missing excluded and counted; all-registered sensitivity separate,v2,<ADDENDUM_ROOT>/13_AGGREGATE_ADDENDUM/v2/PAIRWISE_SUMMARY.csv,33,941853e2f45b4498892ce2c20ba98f27ca0df6153240e3c8f77136dc3066191e,<ADDENDUM_ROOT>/13_AGGREGATE_ADDENDUM/v2/FAILURE_AWARE_PAIRWISE_SUMMARY.csv,33,7c33307d06e3a6b93f5c3ba6b3529eada6fce78e2ae5907da4a0daf343c0c296
F04_vs_F01,post_window_horizontal_rmse_m,family,A1,27,27,-0.1492624757642655,0.020798949831268843,-0.5687085959880662,0.21968859711122898,-0.014137110858246094,0.14007059804875688,10,0,17,0.37037037037037035,0.6394360218098059,wilcox; abs(delta)>1e-12,exact conditional signs with ties for n_nonzero<=20; frozen normal approximation otherwise,10000,20260904,paired cases; percentile 95%; default_rng PCG64; mean and median explicitly separated,candidate_minus_reference; negative_is_better,27,10,17,0,0.37037037037037035,27,0.37037037037037035,27,0,0,0,0,0,0,comparable terminals include algorithm failures and double-failure ties; technical/missing excluded and counted; all-registered sensitivity separate,v2,<ADDENDUM_ROOT>/13_AGGREGATE_ADDENDUM/v2/PAIRWISE_SUMMARY.csv,35,941853e2f45b4498892ce2c20ba98f27ca0df6153240e3c8f77136dc3066191e,<ADDENDUM_ROOT>/13_AGGREGATE_ADDENDUM/v2/FAILURE_AWARE_PAIRWISE_SUMMARY.csv,35,7c33307d06e3a6b93f5c3ba6b3529eada6fce78e2ae5907da4a0daf343c0c296
F04_vs_F01,post_window_horizontal_rmse_m,family,A2,18,18,-1.1987890214479693,-0.4376907085767005,-1.999630735599785,-0.5228156314350282,-2.0141439993462793,-0.1903154131968638,15,0,3,0.8333333333333334,0.00067138671875,wilcox; abs(delta)>1e-12,exact conditional signs with ties for n_nonzero<=20; frozen normal approximation otherwise,10000,20260904,paired cases; percentile 95%; default_rng PCG64; mean and median explicitly separated,candidate_minus_reference; negative_is_better,18,15,3,0,0.8333333333333334,18,0.8333333333333334,18,0,0,0,0,0,0,comparable terminals include algorithm failures and double-failure ties; technical/missing excluded and counted; all-registered sensitivity separate,v2,<ADDENDUM_ROOT>/13_AGGREGATE_ADDENDUM/v2/PAIRWISE_SUMMARY.csv,36,941853e2f45b4498892ce2c20ba98f27ca0df6153240e3c8f77136dc3066191e,<ADDENDUM_ROOT>/13_AGGREGATE_ADDENDUM/v2/FAILURE_AWARE_PAIRWISE_SUMMARY.csv,36,7c33307d06e3a6b93f5c3ba6b3529eada6fce78e2ae5907da4a0daf343c0c296
F04_vs_F01,up_rmse_m,family,A1,27,27,0.048612042726052185,0.000990854080877679,-0.007565831944917154,0.1143930478898101,-0.0182859385199326,0.024551682134078767,12,0,15,0.4444444444444444,0.5401160736535193,wilcox; abs(delta)>1e-12,exact conditional signs with ties for n_nonzero<=20; frozen normal approximation otherwise,10000,20260904,paired cases; percentile 95%; default_rng PCG64; mean and median explicitly separated,candidate_minus_reference; negative_is_better,27,12,15,0,0.4444444444444444,27,0.4444444444444444,27,0,0,0,0,0,0,comparable terminals include algorithm failures and double-failure ties; technical/missing excluded and counted; all-registered sensitivity separate,v2,<ADDENDUM_ROOT>/13_AGGREGATE_ADDENDUM/v2/PAIRWISE_SUMMARY.csv,38,941853e2f45b4498892ce2c20ba98f27ca0df6153240e3c8f77136dc3066191e,<ADDENDUM_ROOT>/13_AGGREGATE_ADDENDUM/v2/FAILURE_AWARE_PAIRWISE_SUMMARY.csv,38,7c33307d06e3a6b93f5c3ba6b3529eada6fce78e2ae5907da4a0daf343c0c296
F04_vs_F01,up_rmse_m,family,A2,18,18,0.020300453431733513,0.010029739310194047,-0.06157740228506514,0.09736124182978446,-0.006009392672848668,0.042503654280383496,7,0,11,0.3888888888888889,0.32472991943359375,wilcox; abs(delta)>1e-12,exact conditional signs with ties for n_nonzero<=20; frozen normal approximation otherwise,10000,20260904,paired cases; percentile 95%; default_rng PCG64; mean and median explicitly separated,candidate_minus_reference; negative_is_better,18,7,11,0,0.3888888888888889,18,0.3888888888888889,18,0,0,0,0,0,0,comparable terminals include algorithm failures and double-failure ties; technical/missing excluded and counted; all-registered sensitivity separate,v2,<ADDENDUM_ROOT>/13_AGGREGATE_ADDENDUM/v2/PAIRWISE_SUMMARY.csv,39,941853e2f45b4498892ce2c20ba98f27ca0df6153240e3c8f77136dc3066191e,<ADDENDUM_ROOT>/13_AGGREGATE_ADDENDUM/v2/FAILURE_AWARE_PAIRWISE_SUMMARY.csv,39,7c33307d06e3a6b93f5c3ba6b3529eada6fce78e2ae5907da4a0daf343c0c296
F04_vs_F01,yaw_rmse_deg,family,A1,27,27,-5.728783049848916,-5.8211588188103445,-5.871972432140387,-5.574382440955411,-5.942494930308932,-5.519618521679722,27,0,0,1.0,5.9344232634363165e-06,wilcox; abs(delta)>1e-12,exact conditional signs with ties for n_nonzero<=20; frozen normal approximation otherwise,10000,20260904,paired cases; percentile 95%; default_rng PCG64; mean and median explicitly separated,candidate_minus_reference; negative_is_better,27,27,0,0,1.0,27,1.0,27,0,0,0,0,0,0,comparable terminals include algorithm failures and double-failure ties; technical/missing excluded and counted; all-registered sensitivity separate,v2,<ADDENDUM_ROOT>/13_AGGREGATE_ADDENDUM/v2/PAIRWISE_SUMMARY.csv,41,941853e2f45b4498892ce2c20ba98f27ca0df6153240e3c8f77136dc3066191e,<ADDENDUM_ROOT>/13_AGGREGATE_ADDENDUM/v2/FAILURE_AWARE_PAIRWISE_SUMMARY.csv,41,7c33307d06e3a6b93f5c3ba6b3529eada6fce78e2ae5907da4a0daf343c0c296
F04_vs_F01,yaw_rmse_deg,family,A2,18,18,-5.823115764766568,-5.848073183441254,-5.950503471880713,-5.680222646423545,-5.997449774089288,-5.769535958960964,18,0,0,1.0,7.62939453125e-06,wilcox; abs(delta)>1e-12,exact conditional signs with ties for n_nonzero<=20; frozen normal approximation otherwise,10000,20260904,paired cases; percentile 95%; default_rng PCG64; mean and median explicitly separated,candidate_minus_reference; negative_is_better,18,18,0,0,1.0,18,1.0,18,0,0,0,0,0,0,comparable terminals include algorithm failures and double-failure ties; technical/missing excluded and counted; all-registered sensitivity separate,v2,<ADDENDUM_ROOT>/13_AGGREGATE_ADDENDUM/v2/PAIRWISE_SUMMARY.csv,42,941853e2f45b4498892ce2c20ba98f27ca0df6153240e3c8f77136dc3066191e,<ADDENDUM_ROOT>/13_AGGREGATE_ADDENDUM/v2/FAILURE_AWARE_PAIRWISE_SUMMARY.csv,42,7c33307d06e3a6b93f5c3ba6b3529eada6fce78e2ae5907da4a0daf343c0c296
F04_vs_F02,fault_window_horizontal_rmse_m,family,A1,27,27,-0.544412930756369,0.1121217774958474,-4.558723228365081,3.0371861620455163,-1.9237897328414135,2.7923136259811514,12,0,15,0.4444444444444444,0.7096043708361429,wilcox; abs(delta)>1e-12,exact conditional signs with ties for n_nonzero<=20; frozen normal approximation otherwise,10000,20260904,paired cases; percentile 95%; default_rng PCG64; mean and median explicitly separated,candidate_minus_reference; negative_is_better,27,12,15,0,0.4444444444444444,27,0.4444444444444444,27,0,0,0,0,0,0,comparable terminals include algorithm failures and double-failure ties; technical/missing excluded and counted; all-registered sensitivity separate,v2,<ADDENDUM_ROOT>/13_AGGREGATE_ADDENDUM/v2/PAIRWISE_SUMMARY.csv,44,941853e2f45b4498892ce2c20ba98f27ca0df6153240e3c8f77136dc3066191e,<ADDENDUM_ROOT>/13_AGGREGATE_ADDENDUM/v2/FAILURE_AWARE_PAIRWISE_SUMMARY.csv,44,7c33307d06e3a6b93f5c3ba6b3529eada6fce78e2ae5907da4a0daf343c0c296
F04_vs_F02,fault_window_horizontal_rmse_m,family,A2,18,18,-11.89327793840457,-5.467368978935203,-18.735925706100705,-5.8243600359179,-17.974350436932312,-1.9917033459189546,16,0,2,0.8888888888888888,0.00104522705078125,wilcox; abs(delta)>1e-12,exact conditional signs with ties for n_nonzero<=20; frozen normal approximation otherwise,10000,20260904,paired cases; percentile 95%; default_rng PCG64; mean and median explicitly separated,candidate_minus_reference; negative_is_better,18,16,2,0,0.8888888888888888,18,0.8888888888888888,18,0,0,0,0,0,0,comparable terminals include algorithm failures and double-failure ties; technical/missing excluded and counted; all-registered sensitivity separate,v2,<ADDENDUM_ROOT>/13_AGGREGATE_ADDENDUM/v2/PAIRWISE_SUMMARY.csv,45,941853e2f45b4498892ce2c20ba98f27ca0df6153240e3c8f77136dc3066191e,<ADDENDUM_ROOT>/13_AGGREGATE_ADDENDUM/v2/FAILURE_AWARE_PAIRWISE_SUMMARY.csv,45,7c33307d06e3a6b93f5c3ba6b3529eada6fce78e2ae5907da4a0daf343c0c296
F04_vs_F02,horizontal_rmse_m,family,A1,27,27,-0.25706376167035594,0.03282083621075049,-1.5642327374493379,0.8771069171010046,-0.5206148395130898,0.7843346679539049,13,0,14,0.48148148148148145,0.7096043708361429,wilcox; abs(delta)>1e-12,exact conditional signs with ties for n_nonzero<=20; frozen normal approximation otherwise,10000,20260904,paired cases; percentile 95%; default_rng PCG64; mean and median explicitly separated,candidate_minus_reference; negative_is_better,27,13,14,0,0.48148148148148145,27,0.48148148148148145,27,0,0,0,0,0,0,comparable terminals include algorithm failures and double-failure ties; technical/missing excluded and counted; all-registered sensitivity separate,v2,<ADDENDUM_ROOT>/13_AGGREGATE_ADDENDUM/v2/PAIRWISE_SUMMARY.csv,47,941853e2f45b4498892ce2c20ba98f27ca0df6153240e3c8f77136dc3066191e,<ADDENDUM_ROOT>/13_AGGREGATE_ADDENDUM/v2/FAILURE_AWARE_PAIRWISE_SUMMARY.csv,47,7c33307d06e3a6b93f5c3ba6b3529eada6fce78e2ae5907da4a0daf343c0c296
F04_vs_F02,horizontal_rmse_m,family,A2,18,18,-3.170943713966855,-1.1445890189873098,-5.0610329879837375,-1.4946767054728771,-4.81326499672572,-0.39417020151108595,16,0,2,0.8888888888888888,0.00157928466796875,wilcox; abs(delta)>1e-12,exact conditional signs with ties for n_nonzero<=20; frozen normal approximation otherwise,10000,20260904,paired cases; percentile 95%; default_rng PCG64; mean and median explicitly separated,candidate_minus_reference; negative_is_better,18,16,2,0,0.8888888888888888,18,0.8888888888888888,18,0,0,0,0,0,0,comparable terminals include algorithm failures and double-failure ties; technical/missing excluded and counted; all-registered sensitivity separate,v2,<ADDENDUM_ROOT>/13_AGGREGATE_ADDENDUM/v2/PAIRWISE_SUMMARY.csv,48,941853e2f45b4498892ce2c20ba98f27ca0df6153240e3c8f77136dc3066191e,<ADDENDUM_ROOT>/13_AGGREGATE_ADDENDUM/v2/FAILURE_AWARE_PAIRWISE_SUMMARY.csv,48,7c33307d06e3a6b93f5c3ba6b3529eada6fce78e2ae5907da4a0daf343c0c296
F04_vs_F02,max_horizontal_error_in_window_m,family,A1,27,27,-1.7865977747608335,0.3555970617802373,-9.784363822668434,5.202725661481515,-2.007608248817462,4.7957176054876385,13,0,14,0.48148148148148145,0.7823272647506682,wilcox; abs(delta)>1e-12,exact conditional signs with ties for n_nonzero<=20; frozen normal approximation otherwise,10000,20260904,paired cases; percentile 95%; default_rng PCG64; mean and median explicitly separated,candidate_minus_reference; negative_is_better,27,13,14,0,0.48148148148148145,27,0.48148148148148145,27,0,0,0,0,0,0,comparable terminals include algorithm failures and double-failure ties; technical/missing excluded and counted; all-registered sensitivity separate,v2,<ADDENDUM_ROOT>/13_AGGREGATE_ADDENDUM/v2/PAIRWISE_SUMMARY.csv,50,941853e2f45b4498892ce2c20ba98f27ca0df6153240e3c8f77136dc3066191e,<ADDENDUM_ROOT>/13_AGGREGATE_ADDENDUM/v2/FAILURE_AWARE_PAIRWISE_SUMMARY.csv,50,7c33307d06e3a6b93f5c3ba6b3529eada6fce78e2ae5907da4a0daf343c0c296
F04_vs_F02,max_horizontal_error_in_window_m,family,A2,18,18,-33.13105595797313,-13.695164562204619,-50.36029899379527,-17.777969432224484,-54.07907242655144,-6.300767092939242,17,0,1,0.9444444444444444,0.00014495849609375,wilcox; abs(delta)>1e-12,exact conditional signs with ties for n_nonzero<=20; frozen normal approximation otherwise,10000,20260904,paired cases; percentile 95%; default_rng PCG64; mean and median explicitly separated,candidate_minus_reference; negative_is_better,18,17,1,0,0.9444444444444444,18,0.9444444444444444,18,0,0,0,0,0,0,comparable terminals include algorithm failures and double-failure ties; technical/missing excluded and counted; all-registered sensitivity separate,v2,<ADDENDUM_ROOT>/13_AGGREGATE_ADDENDUM/v2/PAIRWISE_SUMMARY.csv,51,941853e2f45b4498892ce2c20ba98f27ca0df6153240e3c8f77136dc3066191e,<ADDENDUM_ROOT>/13_AGGREGATE_ADDENDUM/v2/FAILURE_AWARE_PAIRWISE_SUMMARY.csv,51,7c33307d06e3a6b93f5c3ba6b3529eada6fce78e2ae5907da4a0daf343c0c296
F04_vs_F02,outage_end_horizontal_error_m,family,A1,27,27,-1.7766765394810649,0.3555970617802373,-9.776979091877354,5.223554251469379,-2.007608248817462,4.7957176054876385,13,0,14,0.48148148148148145,0.7823272647506682,wilcox; abs(delta)>1e-12,exact conditional signs with ties for n_nonzero<=20; frozen normal approximation otherwise,10000,20260904,paired cases; percentile 95%; default_rng PCG64; mean and median explicitly separated,candidate_minus_reference; negative_is_better,27,13,14,0,0.48148148148148145,27,0.48148148148148145,27,0,0,0,0,0,0,comparable terminals include algorithm failures and double-failure ties; technical/missing excluded and counted; all-registered sensitivity separate,v2,<ADDENDUM_ROOT>/13_AGGREGATE_ADDENDUM/v2/PAIRWISE_SUMMARY.csv,53,941853e2f45b4498892ce2c20ba98f27ca0df6153240e3c8f77136dc3066191e,<ADDENDUM_ROOT>/13_AGGREGATE_ADDENDUM/v2/FAILURE_AWARE_PAIRWISE_SUMMARY.csv,53,7c33307d06e3a6b93f5c3ba6b3529eada6fce78e2ae5907da4a0daf343c0c296
F04_vs_F02,outage_end_horizontal_error_m,family,A2,18,18,-34.68764050209029,-14.118076112195016,-52.49691359147375,-18.688502358747574,-56.82601027742807,-6.770233751877233,17,0,1,0.9444444444444444,0.00014495849609375,wilcox; abs(delta)>1e-12,exact conditional signs with ties for n_nonzero<=20; frozen normal approximation otherwise,10000,20260904,paired cases; percentile 95%; default_rng PCG64; mean and median explicitly separated,candidate_minus_reference; negative_is_better,18,17,1,0,0.9444444444444444,18,0.9444444444444444,18,0,0,0,0,0,0,comparable terminals include algorithm failures and double-failure ties; technical/missing excluded and counted; all-registered sensitivity separate,v2,<ADDENDUM_ROOT>/13_AGGREGATE_ADDENDUM/v2/PAIRWISE_SUMMARY.csv,54,941853e2f45b4498892ce2c20ba98f27ca0df6153240e3c8f77136dc3066191e,<ADDENDUM_ROOT>/13_AGGREGATE_ADDENDUM/v2/FAILURE_AWARE_PAIRWISE_SUMMARY.csv,54,7c33307d06e3a6b93f5c3ba6b3529eada6fce78e2ae5907da4a0daf343c0c296
F04_vs_F02,post_window_horizontal_rmse_m,family,A1,27,27,-0.14680608555776103,0.011496630741554492,-0.600106120391801,0.24736143326742277,-0.033037204191849856,0.15172415185432264,10,0,17,0.37037037037037035,0.6054790697373403,wilcox; abs(delta)>1e-12,exact conditional signs with ties for n_nonzero<=20; frozen normal approximation otherwise,10000,20260904,paired cases; percentile 95%; default_rng PCG64; mean and median explicitly separated,candidate_minus_reference; negative_is_better,27,10,17,0,0.37037037037037035,27,0.37037037037037035,27,0,0,0,0,0,0,comparable terminals include algorithm failures and double-failure ties; technical/missing excluded and counted; all-registered sensitivity separate,v2,<ADDENDUM_ROOT>/13_AGGREGATE_ADDENDUM/v2/PAIRWISE_SUMMARY.csv,56,941853e2f45b4498892ce2c20ba98f27ca0df6153240e3c8f77136dc3066191e,<ADDENDUM_ROOT>/13_AGGREGATE_ADDENDUM/v2/FAILURE_AWARE_PAIRWISE_SUMMARY.csv,56,7c33307d06e3a6b93f5c3ba6b3529eada6fce78e2ae5907da4a0daf343c0c296
F04_vs_F02,post_window_horizontal_rmse_m,family,A2,18,18,-1.19526865394968,-0.45054953377524315,-1.9999934732802118,-0.5149535385925869,-1.9681244354618523,-0.1905785348492141,15,0,3,0.8333333333333334,0.0005340576171875,wilcox; abs(delta)>1e-12,exact conditional signs with ties for n_nonzero<=20; frozen normal approximation otherwise,10000,20260904,paired cases; percentile 95%; default_rng PCG64; mean and median explicitly separated,candidate_minus_reference; negative_is_better,18,15,3,0,0.8333333333333334,18,0.8333333333333334,18,0,0,0,0,0,0,comparable terminals include algorithm failures and double-failure ties; technical/missing excluded and counted; all-registered sensitivity separate,v2,<ADDENDUM_ROOT>/13_AGGREGATE_ADDENDUM/v2/PAIRWISE_SUMMARY.csv,57,941853e2f45b4498892ce2c20ba98f27ca0df6153240e3c8f77136dc3066191e,<ADDENDUM_ROOT>/13_AGGREGATE_ADDENDUM/v2/FAILURE_AWARE_PAIRWISE_SUMMARY.csv,57,7c33307d06e3a6b93f5c3ba6b3529eada6fce78e2ae5907da4a0daf343c0c296
F04_vs_F02,up_rmse_m,family,A1,27,27,0.036772756952727935,0.0019712460303002444,-0.03366197987626813,0.12079237500635642,-0.013511707825956565,0.026303133114675803,13,0,14,0.48148148148148145,0.7456825420836934,wilcox; abs(delta)>1e-12,exact conditional signs with ties for n_nonzero<=20; frozen normal approximation otherwise,10000,20260904,paired cases; percentile 95%; default_rng PCG64; mean and median explicitly separated,candidate_minus_reference; negative_is_better,27,13,14,0,0.48148148148148145,27,0.48148148148148145,27,0,0,0,0,0,0,comparable terminals include algorithm failures and double-failure ties; technical/missing excluded and counted; all-registered sensitivity separate,v2,<ADDENDUM_ROOT>/13_AGGREGATE_ADDENDUM/v2/PAIRWISE_SUMMARY.csv,59,941853e2f45b4498892ce2c20ba98f27ca0df6153240e3c8f77136dc3066191e,<ADDENDUM_ROOT>/13_AGGREGATE_ADDENDUM/v2/FAILURE_AWARE_PAIRWISE_SUMMARY.csv,59,7c33307d06e3a6b93f5c3ba6b3529eada6fce78e2ae5907da4a0daf343c0c296
F04_vs_F02,up_rmse_m,family,A2,18,18,-0.0011844784768071967,0.006947165287914614,-0.1070849200456065,0.09722762237578465,-0.012833505943613738,0.059738767986677516,8,0,10,0.4444444444444444,0.550872802734375,wilcox; abs(delta)>1e-12,exact conditional signs with ties for n_nonzero<=20; frozen normal approximation otherwise,10000,20260904,paired cases; percentile 95%; default_rng PCG64; mean and median explicitly separated,candidate_minus_reference; negative_is_better,18,8,10,0,0.4444444444444444,18,0.4444444444444444,18,0,0,0,0,0,0,comparable terminals include algorithm failures and double-failure ties; technical/missing excluded and counted; all-registered sensitivity separate,v2,<ADDENDUM_ROOT>/13_AGGREGATE_ADDENDUM/v2/PAIRWISE_SUMMARY.csv,60,941853e2f45b4498892ce2c20ba98f27ca0df6153240e3c8f77136dc3066191e,<ADDENDUM_ROOT>/13_AGGREGATE_ADDENDUM/v2/FAILURE_AWARE_PAIRWISE_SUMMARY.csv,60,7c33307d06e3a6b93f5c3ba6b3529eada6fce78e2ae5907da4a0daf343c0c296
F04_vs_F02,yaw_rmse_deg,family,A1,27,27,-0.30778686634782215,-0.304149868395315,-0.32919901429467296,-0.2813931053569718,-0.3266393748815686,-0.2942629294484016,27,0,0,1.0,5.9344232634363165e-06,wilcox; abs(delta)>1e-12,exact conditional signs with ties for n_nonzero<=20; frozen normal approximation otherwise,10000,20260904,paired cases; percentile 95%; default_rng PCG64; mean and median explicitly separated,candidate_minus_reference; negative_is_better,27,27,0,0,1.0,27,1.0,27,0,0,0,0,0,0,comparable terminals include algorithm failures and double-failure ties; technical/missing excluded and counted; all-registered sensitivity separate,v2,<ADDENDUM_ROOT>/13_AGGREGATE_ADDENDUM/v2/PAIRWISE_SUMMARY.csv,62,941853e2f45b4498892ce2c20ba98f27ca0df6153240e3c8f77136dc3066191e,<ADDENDUM_ROOT>/13_AGGREGATE_ADDENDUM/v2/FAILURE_AWARE_PAIRWISE_SUMMARY.csv,62,7c33307d06e3a6b93f5c3ba6b3529eada6fce78e2ae5907da4a0daf343c0c296
F04_vs_F02,yaw_rmse_deg,family,A2,18,18,-0.2861381057309631,-0.28581552687497025,-0.2881495744716417,-0.2841850527878234,-0.2893147374106142,-0.28308233967087126,18,0,0,1.0,7.62939453125e-06,wilcox; abs(delta)>1e-12,exact conditional signs with ties for n_nonzero<=20; frozen normal approximation otherwise,10000,20260904,paired cases; percentile 95%; default_rng PCG64; mean and median explicitly separated,candidate_minus_reference; negative_is_better,18,18,0,0,1.0,18,1.0,18,0,0,0,0,0,0,comparable terminals include algorithm failures and double-failure ties; technical/missing excluded and counted; all-registered sensitivity separate,v2,<ADDENDUM_ROOT>/13_AGGREGATE_ADDENDUM/v2/PAIRWISE_SUMMARY.csv,63,941853e2f45b4498892ce2c20ba98f27ca0df6153240e3c8f77136dc3066191e,<ADDENDUM_ROOT>/13_AGGREGATE_ADDENDUM/v2/FAILURE_AWARE_PAIRWISE_SUMMARY.csv,63,7c33307d06e3a6b93f5c3ba6b3529eada6fce78e2ae5907da4a0daf343c0c296
full_vs_no_Go2,fault_window_horizontal_rmse_m,family,A1,27,27,-0.2527681241398305,0.6951763288022246,-4.29782567250646,3.373421957003952,-2.2418299939874604,3.8641896476372537,10,0,17,0.37037037037037035,0.5243447221260569,wilcox; abs(delta)>1e-12,exact conditional signs with ties for n_nonzero<=20; frozen normal approximation otherwise,10000,20260904,paired cases; percentile 95%; default_rng PCG64; mean and median explicitly separated,candidate_minus_reference; negative_is_better,27,10,17,0,0.37037037037037035,27,0.37037037037037035,27,0,0,0,0,0,0,comparable terminals include algorithm failures and double-failure ties; technical/missing excluded and counted; all-registered sensitivity separate,v2,<ADDENDUM_ROOT>/13_AGGREGATE_ADDENDUM/v2/PAIRWISE_SUMMARY.csv,65,941853e2f45b4498892ce2c20ba98f27ca0df6153240e3c8f77136dc3066191e,<ADDENDUM_ROOT>/13_AGGREGATE_ADDENDUM/v2/FAILURE_AWARE_PAIRWISE_SUMMARY.csv,65,7c33307d06e3a6b93f5c3ba6b3529eada6fce78e2ae5907da4a0daf343c0c296
full_vs_no_Go2,fault_window_horizontal_rmse_m,family,A2,18,18,-11.56594879665699,-5.166615736301325,-18.434990921689806,-5.49173735431267,-17.33869997740836,-1.800695719826956,16,0,2,0.8888888888888888,0.00104522705078125,wilcox; abs(delta)>1e-12,exact conditional signs with ties for n_nonzero<=20; frozen normal approximation otherwise,10000,20260904,paired cases; percentile 95%; default_rng PCG64; mean and median explicitly separated,candidate_minus_reference; negative_is_better,18,16,2,0,0.8888888888888888,18,0.8888888888888888,18,0,0,0,0,0,0,comparable terminals include algorithm failures and double-failure ties; technical/missing excluded and counted; all-registered sensitivity separate,v2,<ADDENDUM_ROOT>/13_AGGREGATE_ADDENDUM/v2/PAIRWISE_SUMMARY.csv,66,941853e2f45b4498892ce2c20ba98f27ca0df6153240e3c8f77136dc3066191e,<ADDENDUM_ROOT>/13_AGGREGATE_ADDENDUM/v2/FAILURE_AWARE_PAIRWISE_SUMMARY.csv,66,7c33307d06e3a6b93f5c3ba6b3529eada6fce78e2ae5907da4a0daf343c0c296
full_vs_no_Go2,horizontal_rmse_m,family,A1,27,27,-0.17992564928444033,0.1255671443602937,-1.5005460849299002,0.9597137360234339,-0.4546102862145047,0.9652131980004626,10,0,17,0.37037037037037035,0.50881275927407,wilcox; abs(delta)>1e-12,exact conditional signs with ties for n_nonzero<=20; frozen normal approximation otherwise,10000,20260904,paired cases; percentile 95%; default_rng PCG64; mean and median explicitly separated,candidate_minus_reference; negative_is_better,27,10,17,0,0.37037037037037035,27,0.37037037037037035,27,0,0,0,0,0,0,comparable terminals include algorithm failures and double-failure ties; technical/missing excluded and counted; all-registered sensitivity separate,v2,<ADDENDUM_ROOT>/13_AGGREGATE_ADDENDUM/v2/PAIRWISE_SUMMARY.csv,68,941853e2f45b4498892ce2c20ba98f27ca0df6153240e3c8f77136dc3066191e,<ADDENDUM_ROOT>/13_AGGREGATE_ADDENDUM/v2/FAILURE_AWARE_PAIRWISE_SUMMARY.csv,68,7c33307d06e3a6b93f5c3ba6b3529eada6fce78e2ae5907da4a0daf343c0c296
full_vs_no_Go2,horizontal_rmse_m,family,A2,18,18,-3.0926456758297656,-1.083656646809727,-4.997879435998467,-1.41642463463848,-4.648421402378282,-0.35912520504107104,16,0,2,0.8888888888888888,0.00157928466796875,wilcox; abs(delta)>1e-12,exact conditional signs with ties for n_nonzero<=20; frozen normal approximation otherwise,10000,20260904,paired cases; percentile 95%; default_rng PCG64; mean and median explicitly separated,candidate_minus_reference; negative_is_better,18,16,2,0,0.8888888888888888,18,0.8888888888888888,18,0,0,0,0,0,0,comparable terminals include algorithm failures and double-failure ties; technical/missing excluded and counted; all-registered sensitivity separate,v2,<ADDENDUM_ROOT>/13_AGGREGATE_ADDENDUM/v2/PAIRWISE_SUMMARY.csv,69,941853e2f45b4498892ce2c20ba98f27ca0df6153240e3c8f77136dc3066191e,<ADDENDUM_ROOT>/13_AGGREGATE_ADDENDUM/v2/FAILURE_AWARE_PAIRWISE_SUMMARY.csv,69,7c33307d06e3a6b93f5c3ba6b3529eada6fce78e2ae5907da4a0daf343c0c296
full_vs_no_Go2,max_horizontal_error_in_window_m,family,A1,27,27,-1.2926009783245844,0.9940751013840474,-9.28155204341282,5.81390491319561,-2.8967479029897163,4.690636224694032,12,0,15,0.4444444444444444,0.6567082485028964,wilcox; abs(delta)>1e-12,exact conditional signs with ties for n_nonzero<=20; frozen normal approximation otherwise,10000,20260904,paired cases; percentile 95%; default_rng PCG64; mean and median explicitly separated,candidate_minus_reference; negative_is_better,27,12,15,0,0.4444444444444444,27,0.4444444444444444,27,0,0,0,0,0,0,comparable terminals include algorithm failures and double-failure ties; technical/missing excluded and counted; all-registered sensitivity separate,v2,<ADDENDUM_ROOT>/13_AGGREGATE_ADDENDUM/v2/PAIRWISE_SUMMARY.csv,71,941853e2f45b4498892ce2c20ba98f27ca0df6153240e3c8f77136dc3066191e,<ADDENDUM_ROOT>/13_AGGREGATE_ADDENDUM/v2/FAILURE_AWARE_PAIRWISE_SUMMARY.csv,71,7c33307d06e3a6b93f5c3ba6b3529eada6fce78e2ae5907da4a0daf343c0c296
full_vs_no_Go2,max_horizontal_error_in_window_m,family,A2,18,18,-32.559788096962286,-13.174243100889935,-49.821785245886474,-17.119103363073897,-53.06693577090649,-6.001016926131024,17,0,1,0.9444444444444444,0.00019073486328125,wilcox; abs(delta)>1e-12,exact conditional signs with ties for n_nonzero<=20; frozen normal approximation otherwise,10000,20260904,paired cases; percentile 95%; default_rng PCG64; mean and median explicitly separated,candidate_minus_reference; negative_is_better,18,17,1,0,0.9444444444444444,18,0.9444444444444444,18,0,0,0,0,0,0,comparable terminals include algorithm failures and double-failure ties; technical/missing excluded and counted; all-registered sensitivity separate,v2,<ADDENDUM_ROOT>/13_AGGREGATE_ADDENDUM/v2/PAIRWISE_SUMMARY.csv,72,941853e2f45b4498892ce2c20ba98f27ca0df6153240e3c8f77136dc3066191e,<ADDENDUM_ROOT>/13_AGGREGATE_ADDENDUM/v2/FAILURE_AWARE_PAIRWISE_SUMMARY.csv,72,7c33307d06e3a6b93f5c3ba6b3529eada6fce78e2ae5907da4a0daf343c0c296
full_vs_no_Go2,outage_end_horizontal_error_m,family,A1,27,27,-1.278924515288804,0.9940751013840474,-9.26299824886476,5.82236461280852,-2.8967479029897163,4.690636224694032,12,0,15,0.4444444444444444,0.6567082485028964,wilcox; abs(delta)>1e-12,exact conditional signs with ties for n_nonzero<=20; frozen normal approximation otherwise,10000,20260904,paired cases; percentile 95%; default_rng PCG64; mean and median explicitly separated,candidate_minus_reference; negative_is_better,27,12,15,0,0.4444444444444444,27,0.4444444444444444,27,0,0,0,0,0,0,comparable terminals include algorithm failures and double-failure ties; technical/missing excluded and counted; all-registered sensitivity separate,v2,<ADDENDUM_ROOT>/13_AGGREGATE_ADDENDUM/v2/PAIRWISE_SUMMARY.csv,74,941853e2f45b4498892ce2c20ba98f27ca0df6153240e3c8f77136dc3066191e,<ADDENDUM_ROOT>/13_AGGREGATE_ADDENDUM/v2/FAILURE_AWARE_PAIRWISE_SUMMARY.csv,74,7c33307d06e3a6b93f5c3ba6b3529eada6fce78e2ae5907da4a0daf343c0c296
full_vs_no_Go2,outage_end_horizontal_error_m,family,A2,18,18,-34.118285384829036,-13.597154650880332,-51.916050351470055,-18.063349847371217,-55.81387362178312,-6.55151469343105,17,0,1,0.9444444444444444,0.00019073486328125,wilcox; abs(delta)>1e-12,exact conditional signs with ties for n_nonzero<=20; frozen normal approximation otherwise,10000,20260904,paired cases; percentile 95%; default_rng PCG64; mean and median explicitly separated,candidate_minus_reference; negative_is_better,18,17,1,0,0.9444444444444444,18,0.9444444444444444,18,0,0,0,0,0,0,comparable terminals include algorithm failures and double-failure ties; technical/missing excluded and counted; all-registered sensitivity separate,v2,<ADDENDUM_ROOT>/13_AGGREGATE_ADDENDUM/v2/PAIRWISE_SUMMARY.csv,75,941853e2f45b4498892ce2c20ba98f27ca0df6153240e3c8f77136dc3066191e,<ADDENDUM_ROOT>/13_AGGREGATE_ADDENDUM/v2/FAILURE_AWARE_PAIRWISE_SUMMARY.csv,75,7c33307d06e3a6b93f5c3ba6b3529eada6fce78e2ae5907da4a0daf343c0c296
full_vs_no_Go2,post_window_horizontal_rmse_m,family,A1,27,27,-0.12316575579972577,0.028847124945734215,-0.5690813726120091,0.27242692713571304,-0.012078293605780721,0.15277155170992263,10,0,17,0.37037037037037035,0.4784874073973762,wilcox; abs(delta)>1e-12,exact conditional signs with ties for n_nonzero<=20; frozen normal approximation otherwise,10000,20260904,paired cases; percentile 95%; default_rng PCG64; mean and median explicitly separated,candidate_minus_reference; negative_is_better,27,10,17,0,0.37037037037037035,27,0.37037037037037035,27,0,0,0,0,0,0,comparable terminals include algorithm failures and double-failure ties; technical/missing excluded and counted; all-registered sensitivity separate,v2,<ADDENDUM_ROOT>/13_AGGREGATE_ADDENDUM/v2/PAIRWISE_SUMMARY.csv,77,941853e2f45b4498892ce2c20ba98f27ca0df6153240e3c8f77136dc3066191e,<ADDENDUM_ROOT>/13_AGGREGATE_ADDENDUM/v2/FAILURE_AWARE_PAIRWISE_SUMMARY.csv,77,7c33307d06e3a6b93f5c3ba6b3529eada6fce78e2ae5907da4a0daf343c0c296
full_vs_no_Go2,post_window_horizontal_rmse_m,family,A2,18,18,-1.1783592326236856,-0.4271015519152567,-1.9886108614632068,-0.49932080400841405,-1.9372853621009787,-0.17053782048465194,15,0,3,0.8333333333333334,0.0005340576171875,wilcox; abs(delta)>1e-12,exact conditional signs with ties for n_nonzero<=20; frozen normal approximation otherwise,10000,20260904,paired cases; percentile 95%; default_rng PCG64; mean and median explicitly separated,candidate_minus_reference; negative_is_better,18,15,3,0,0.8333333333333334,18,0.8333333333333334,18,0,0,0,0,0,0,comparable terminals include algorithm failures and double-failure ties; technical/missing excluded and counted; all-registered sensitivity separate,v2,<ADDENDUM_ROOT>/13_AGGREGATE_ADDENDUM/v2/PAIRWISE_SUMMARY.csv,78,941853e2f45b4498892ce2c20ba98f27ca0df6153240e3c8f77136dc3066191e,<ADDENDUM_ROOT>/13_AGGREGATE_ADDENDUM/v2/FAILURE_AWARE_PAIRWISE_SUMMARY.csv,78,7c33307d06e3a6b93f5c3ba6b3529eada6fce78e2ae5907da4a0daf343c0c296
full_vs_no_Go2,up_rmse_m,family,A1,27,27,0.04923751954981114,0.0006756333380131263,-0.004543735311421614,0.11398869558314775,-0.020213434790602225,0.011626242181546342,13,0,14,0.48148148148148145,0.7639388088985166,wilcox; abs(delta)>1e-12,exact conditional signs with ties for n_nonzero<=20; frozen normal approximation otherwise,10000,20260904,paired cases; percentile 95%; default_rng PCG64; mean and median explicitly separated,candidate_minus_reference; negative_is_better,27,13,14,0,0.48148148148148145,27,0.48148148148148145,27,0,0,0,0,0,0,comparable terminals include algorithm failures and double-failure ties; technical/missing excluded and counted; all-registered sensitivity separate,v2,<ADDENDUM_ROOT>/13_AGGREGATE_ADDENDUM/v2/PAIRWISE_SUMMARY.csv,80,941853e2f45b4498892ce2c20ba98f27ca0df6153240e3c8f77136dc3066191e,<ADDENDUM_ROOT>/13_AGGREGATE_ADDENDUM/v2/FAILURE_AWARE_PAIRWISE_SUMMARY.csv,80,7c33307d06e3a6b93f5c3ba6b3529eada6fce78e2ae5907da4a0daf343c0c296
full_vs_no_Go2,up_rmse_m,family,A2,18,18,0.018261256199074222,0.005876695124660963,-0.05439945649589578,0.08865183383665562,-0.0038896799805496762,0.04485681220719198,6,0,12,0.3333333333333333,0.28372955322265625,wilcox; abs(delta)>1e-12,exact conditional signs with ties for n_nonzero<=20; frozen normal approximation otherwise,10000,20260904,paired cases; percentile 95%; default_rng PCG64; mean and median explicitly separated,candidate_minus_reference; negative_is_better,18,6,12,0,0.3333333333333333,18,0.3333333333333333,18,0,0,0,0,0,0,comparable terminals include algorithm failures and double-failure ties; technical/missing excluded and counted; all-registered sensitivity separate,v2,<ADDENDUM_ROOT>/13_AGGREGATE_ADDENDUM/v2/PAIRWISE_SUMMARY.csv,81,941853e2f45b4498892ce2c20ba98f27ca0df6153240e3c8f77136dc3066191e,<ADDENDUM_ROOT>/13_AGGREGATE_ADDENDUM/v2/FAILURE_AWARE_PAIRWISE_SUMMARY.csv,81,7c33307d06e3a6b93f5c3ba6b3529eada6fce78e2ae5907da4a0daf343c0c296
full_vs_no_Go2,yaw_rmse_deg,family,A1,27,27,-0.040152810313650186,-0.03816711160621411,-0.04352974799211584,-0.036964364591306344,-0.0430279180620432,-0.03553312357457328,27,0,0,1.0,5.9344232634363165e-06,wilcox; abs(delta)>1e-12,exact conditional signs with ties for n_nonzero<=20; frozen normal approximation otherwise,10000,20260904,paired cases; percentile 95%; default_rng PCG64; mean and median explicitly separated,candidate_minus_reference; negative_is_better,27,27,0,0,1.0,27,1.0,27,0,0,0,0,0,0,comparable terminals include algorithm failures and double-failure ties; technical/missing excluded and counted; all-registered sensitivity separate,v2,<ADDENDUM_ROOT>/13_AGGREGATE_ADDENDUM/v2/PAIRWISE_SUMMARY.csv,83,941853e2f45b4498892ce2c20ba98f27ca0df6153240e3c8f77136dc3066191e,<ADDENDUM_ROOT>/13_AGGREGATE_ADDENDUM/v2/FAILURE_AWARE_PAIRWISE_SUMMARY.csv,83,7c33307d06e3a6b93f5c3ba6b3529eada6fce78e2ae5907da4a0daf343c0c296
full_vs_no_Go2,yaw_rmse_deg,family,A2,18,18,-0.03787530192184301,-0.03778417041154225,-0.03942453389152543,-0.03635884282644141,-0.038510136611963564,-0.036093438142664525,18,0,0,1.0,7.62939453125e-06,wilcox; abs(delta)>1e-12,exact conditional signs with ties for n_nonzero<=20; frozen normal approximation otherwise,10000,20260904,paired cases; percentile 95%; default_rng PCG64; mean and median explicitly separated,candidate_minus_reference; negative_is_better,18,18,0,0,1.0,18,1.0,18,0,0,0,0,0,0,comparable terminals include algorithm failures and double-failure ties; technical/missing excluded and counted; all-registered sensitivity separate,v2,<ADDENDUM_ROOT>/13_AGGREGATE_ADDENDUM/v2/PAIRWISE_SUMMARY.csv,84,941853e2f45b4498892ce2c20ba98f27ca0df6153240e3c8f77136dc3066191e,<ADDENDUM_ROOT>/13_AGGREGATE_ADDENDUM/v2/FAILURE_AWARE_PAIRWISE_SUMMARY.csv,84,7c33307d06e3a6b93f5c3ba6b3529eada6fce78e2ae5907da4a0daf343c0c296
full_vs_no_HV,fault_window_horizontal_rmse_m,family,A1,27,27,-0.01115514637112685,-0.006906680366682849,-0.017683116925007628,-0.005390630910790222,-0.016146030617790075,0.0010668984311790197,18,0,9,0.6666666666666666,0.00441385778107854,wilcox; abs(delta)>1e-12,exact conditional signs with ties for n_nonzero<=20; frozen normal approximation otherwise,10000,20260904,paired cases; percentile 95%; default_rng PCG64; mean and median explicitly separated,candidate_minus_reference; negative_is_better,27,18,9,0,0.6666666666666666,27,0.6666666666666666,27,0,0,0,0,0,0,comparable terminals include algorithm failures and double-failure ties; technical/missing excluded and counted; all-registered sensitivity separate,v2,<ADDENDUM_ROOT>/13_AGGREGATE_ADDENDUM/v2/PAIRWISE_SUMMARY.csv,86,941853e2f45b4498892ce2c20ba98f27ca0df6153240e3c8f77136dc3066191e,<ADDENDUM_ROOT>/13_AGGREGATE_ADDENDUM/v2/FAILURE_AWARE_PAIRWISE_SUMMARY.csv,86,7c33307d06e3a6b93f5c3ba6b3529eada6fce78e2ae5907da4a0daf343c0c296
full_vs_no_HV,fault_window_horizontal_rmse_m,family,A2,18,18,-10.886278182932498,-5.466274857219208,-15.737847473480427,-6.343347476795722,-20.182736455352863,-2.235568080529175,18,0,0,1.0,7.62939453125e-06,wilcox; abs(delta)>1e-12,exact conditional signs with ties for n_nonzero<=20; frozen normal approximation otherwise,10000,20260904,paired cases; percentile 95%; default_rng PCG64; mean and median explicitly separated,candidate_minus_reference; negative_is_better,18,18,0,0,1.0,18,1.0,18,0,0,0,0,0,0,comparable terminals include algorithm failures and double-failure ties; technical/missing excluded and counted; all-registered sensitivity separate,v2,<ADDENDUM_ROOT>/13_AGGREGATE_ADDENDUM/v2/PAIRWISE_SUMMARY.csv,87,941853e2f45b4498892ce2c20ba98f27ca0df6153240e3c8f77136dc3066191e,<ADDENDUM_ROOT>/13_AGGREGATE_ADDENDUM/v2/FAILURE_AWARE_PAIRWISE_SUMMARY.csv,87,7c33307d06e3a6b93f5c3ba6b3529eada6fce78e2ae5907da4a0daf343c0c296
full_vs_no_HV,horizontal_rmse_m,family,A1,27,27,-0.003267093426139861,-0.0017355669701970555,-0.005371508848083458,-0.001435260044454595,-0.004960543225010383,0.00020353511079318487,18,0,9,0.6666666666666666,0.007936428967477338,wilcox; abs(delta)>1e-12,exact conditional signs with ties for n_nonzero<=20; frozen normal approximation otherwise,10000,20260904,paired cases; percentile 95%; default_rng PCG64; mean and median explicitly separated,candidate_minus_reference; negative_is_better,27,18,9,0,0.6666666666666666,27,0.6666666666666666,27,0,0,0,0,0,0,comparable terminals include algorithm failures and double-failure ties; technical/missing excluded and counted; all-registered sensitivity separate,v2,<ADDENDUM_ROOT>/13_AGGREGATE_ADDENDUM/v2/PAIRWISE_SUMMARY.csv,89,941853e2f45b4498892ce2c20ba98f27ca0df6153240e3c8f77136dc3066191e,<ADDENDUM_ROOT>/13_AGGREGATE_ADDENDUM/v2/FAILURE_AWARE_PAIRWISE_SUMMARY.csv,89,7c33307d06e3a6b93f5c3ba6b3529eada6fce78e2ae5907da4a0daf343c0c296
full_vs_no_HV,horizontal_rmse_m,family,A2,18,18,-2.88473458122354,-1.4472551450053683,-4.209761468038356,-1.638627290301345,-5.208744491611059,-0.43835004368456393,18,0,0,1.0,7.62939453125e-06,wilcox; abs(delta)>1e-12,exact conditional signs with ties for n_nonzero<=20; frozen normal approximation otherwise,10000,20260904,paired cases; percentile 95%; default_rng PCG64; mean and median explicitly separated,candidate_minus_reference; negative_is_better,18,18,0,0,1.0,18,1.0,18,0,0,0,0,0,0,comparable terminals include algorithm failures and double-failure ties; technical/missing excluded and counted; all-registered sensitivity separate,v2,<ADDENDUM_ROOT>/13_AGGREGATE_ADDENDUM/v2/PAIRWISE_SUMMARY.csv,90,941853e2f45b4498892ce2c20ba98f27ca0df6153240e3c8f77136dc3066191e,<ADDENDUM_ROOT>/13_AGGREGATE_ADDENDUM/v2/FAILURE_AWARE_PAIRWISE_SUMMARY.csv,90,7c33307d06e3a6b93f5c3ba6b3529eada6fce78e2ae5907da4a0daf343c0c296
full_vs_no_HV,max_horizontal_error_in_window_m,family,A1,27,27,-0.02202310749814971,-0.013672113108029293,-0.034975712377831994,-0.010515729747227545,-0.03241826554250338,0.002028799987257912,18,0,9,0.6666666666666666,0.00441385778107854,wilcox; abs(delta)>1e-12,exact conditional signs with ties for n_nonzero<=20; frozen normal approximation otherwise,10000,20260904,paired cases; percentile 95%; default_rng PCG64; mean and median explicitly separated,candidate_minus_reference; negative_is_better,27,18,9,0,0.6666666666666666,27,0.6666666666666666,27,0,0,0,0,0,0,comparable terminals include algorithm failures and double-failure ties; technical/missing excluded and counted; all-registered sensitivity separate,v2,<ADDENDUM_ROOT>/13_AGGREGATE_ADDENDUM/v2/PAIRWISE_SUMMARY.csv,92,941853e2f45b4498892ce2c20ba98f27ca0df6153240e3c8f77136dc3066191e,<ADDENDUM_ROOT>/13_AGGREGATE_ADDENDUM/v2/FAILURE_AWARE_PAIRWISE_SUMMARY.csv,92,7c33307d06e3a6b93f5c3ba6b3529eada6fce78e2ae5907da4a0daf343c0c296
full_vs_no_HV,max_horizontal_error_in_window_m,family,A2,18,18,-29.615469366289474,-15.110870035657477,-42.46551783858904,-17.471628568741398,-54.09521342463901,-6.487961246919966,18,0,0,1.0,7.62939453125e-06,wilcox; abs(delta)>1e-12,exact conditional signs with ties for n_nonzero<=20; frozen normal approximation otherwise,10000,20260904,paired cases; percentile 95%; default_rng PCG64; mean and median explicitly separated,candidate_minus_reference; negative_is_better,18,18,0,0,1.0,18,1.0,18,0,0,0,0,0,0,comparable terminals include algorithm failures and double-failure ties; technical/missing excluded and counted; all-registered sensitivity separate,v2,<ADDENDUM_ROOT>/13_AGGREGATE_ADDENDUM/v2/PAIRWISE_SUMMARY.csv,93,941853e2f45b4498892ce2c20ba98f27ca0df6153240e3c8f77136dc3066191e,<ADDENDUM_ROOT>/13_AGGREGATE_ADDENDUM/v2/FAILURE_AWARE_PAIRWISE_SUMMARY.csv,93,7c33307d06e3a6b93f5c3ba6b3529eada6fce78e2ae5907da4a0daf343c0c296
full_vs_no_HV,outage_end_horizontal_error_m,family,A1,27,27,-0.02202310749814971,-0.013672113108029293,-0.034975712377831994,-0.010515729747227545,-0.03241826554250338,0.002028799987257912,18,0,9,0.6666666666666666,0.00441385778107854,wilcox; abs(delta)>1e-12,exact conditional signs with ties for n_nonzero<=20; frozen normal approximation otherwise,10000,20260904,paired cases; percentile 95%; default_rng PCG64; mean and median explicitly separated,candidate_minus_reference; negative_is_better,27,18,9,0,0.6666666666666666,27,0.6666666666666666,27,0,0,0,0,0,0,comparable terminals include algorithm failures and double-failure ties; technical/missing excluded and counted; all-registered sensitivity separate,v2,<ADDENDUM_ROOT>/13_AGGREGATE_ADDENDUM/v2/PAIRWISE_SUMMARY.csv,95,941853e2f45b4498892ce2c20ba98f27ca0df6153240e3c8f77136dc3066191e,<ADDENDUM_ROOT>/13_AGGREGATE_ADDENDUM/v2/FAILURE_AWARE_PAIRWISE_SUMMARY.csv,95,7c33307d06e3a6b93f5c3ba6b3529eada6fce78e2ae5907da4a0daf343c0c296
full_vs_no_HV,outage_end_horizontal_error_m,family,A2,18,18,-31.195341900186822,-15.976841483048302,-44.71871205773028,-18.50517514017248,-56.7938652615297,-6.922406887628655,18,0,0,1.0,7.62939453125e-06,wilcox; abs(delta)>1e-12,exact conditional signs with ties for n_nonzero<=20; frozen normal approximation otherwise,10000,20260904,paired cases; percentile 95%; default_rng PCG64; mean and median explicitly separated,candidate_minus_reference; negative_is_better,18,18,0,0,1.0,18,1.0,18,0,0,0,0,0,0,comparable terminals include algorithm failures and double-failure ties; technical/missing excluded and counted; all-registered sensitivity separate,v2,<ADDENDUM_ROOT>/13_AGGREGATE_ADDENDUM/v2/PAIRWISE_SUMMARY.csv,96,941853e2f45b4498892ce2c20ba98f27ca0df6153240e3c8f77136dc3066191e,<ADDENDUM_ROOT>/13_AGGREGATE_ADDENDUM/v2/FAILURE_AWARE_PAIRWISE_SUMMARY.csv,96,7c33307d06e3a6b93f5c3ba6b3529eada6fce78e2ae5907da4a0daf343c0c296
full_vs_no_HV,post_window_horizontal_rmse_m,family,A1,27,27,-0.0007583633024135228,-0.000214267352062536,-0.001317675502646206,-0.00028220650425257206,-0.0009228587520972997,3.323595573984095e-05,18,0,9,0.6666666666666666,0.020426918567686216,wilcox; abs(delta)>1e-12,exact conditional signs with ties for n_nonzero<=20; frozen normal approximation otherwise,10000,20260904,paired cases; percentile 95%; default_rng PCG64; mean and median explicitly separated,candidate_minus_reference; negative_is_better,27,18,9,0,0.6666666666666666,27,0.6666666666666666,27,0,0,0,0,0,0,comparable terminals include algorithm failures and double-failure ties; technical/missing excluded and counted; all-registered sensitivity separate,v2,<ADDENDUM_ROOT>/13_AGGREGATE_ADDENDUM/v2/PAIRWISE_SUMMARY.csv,98,941853e2f45b4498892ce2c20ba98f27ca0df6153240e3c8f77136dc3066191e,<ADDENDUM_ROOT>/13_AGGREGATE_ADDENDUM/v2/FAILURE_AWARE_PAIRWISE_SUMMARY.csv,98,7c33307d06e3a6b93f5c3ba6b3529eada6fce78e2ae5907da4a0daf343c0c296
full_vs_no_HV,post_window_horizontal_rmse_m,family,A2,18,18,-1.1369322086024256,-0.35324262285191405,-1.7272353628444594,-0.6085668973394522,-2.2550742795600436,-0.233960809956129,18,0,0,1.0,7.62939453125e-06,wilcox; abs(delta)>1e-12,exact conditional signs with ties for n_nonzero<=20; frozen normal approximation otherwise,10000,20260904,paired cases; percentile 95%; default_rng PCG64; mean and median explicitly separated,candidate_minus_reference; negative_is_better,18,18,0,0,1.0,18,1.0,18,0,0,0,0,0,0,comparable terminals include algorithm failures and double-failure ties; technical/missing excluded and counted; all-registered sensitivity separate,v2,<ADDENDUM_ROOT>/13_AGGREGATE_ADDENDUM/v2/PAIRWISE_SUMMARY.csv,99,941853e2f45b4498892ce2c20ba98f27ca0df6153240e3c8f77136dc3066191e,<ADDENDUM_ROOT>/13_AGGREGATE_ADDENDUM/v2/FAILURE_AWARE_PAIRWISE_SUMMARY.csv,99,7c33307d06e3a6b93f5c3ba6b3529eada6fce78e2ae5907da4a0daf343c0c296
full_vs_no_HV,up_rmse_m,family,A1,27,27,9.093264778802934e-06,3.6876168785227037e-06,-2.9147921973444344e-05,4.922709173824733e-05,-2.552476964456929e-06,1.3993611731599742e-05,10,0,17,0.37037037037037035,0.43491280008074806,wilcox; abs(delta)>1e-12,exact conditional signs with ties for n_nonzero<=20; frozen normal approximation otherwise,10000,20260904,paired cases; percentile 95%; default_rng PCG64; mean and median explicitly separated,candidate_minus_reference; negative_is_better,27,10,17,0,0.37037037037037035,27,0.37037037037037035,27,0,0,0,0,0,0,comparable terminals include algorithm failures and double-failure ties; technical/missing excluded and counted; all-registered sensitivity separate,v2,<ADDENDUM_ROOT>/13_AGGREGATE_ADDENDUM/v2/PAIRWISE_SUMMARY.csv,101,941853e2f45b4498892ce2c20ba98f27ca0df6153240e3c8f77136dc3066191e,<ADDENDUM_ROOT>/13_AGGREGATE_ADDENDUM/v2/FAILURE_AWARE_PAIRWISE_SUMMARY.csv,101,7c33307d06e3a6b93f5c3ba6b3529eada6fce78e2ae5907da4a0daf343c0c296
full_vs_no_HV,up_rmse_m,family,A2,18,18,0.012561336047155671,0.0043500014760529115,-0.03153317189406197,0.05197146855291453,-0.0004719278708367747,0.02253732440643577,6,0,12,0.3333333333333333,0.11870574951171875,wilcox; abs(delta)>1e-12,exact conditional signs with ties for n_nonzero<=20; frozen normal approximation otherwise,10000,20260904,paired cases; percentile 95%; default_rng PCG64; mean and median explicitly separated,candidate_minus_reference; negative_is_better,18,6,12,0,0.3333333333333333,18,0.3333333333333333,18,0,0,0,0,0,0,comparable terminals include algorithm failures and double-failure ties; technical/missing excluded and counted; all-registered sensitivity separate,v2,<ADDENDUM_ROOT>/13_AGGREGATE_ADDENDUM/v2/PAIRWISE_SUMMARY.csv,102,941853e2f45b4498892ce2c20ba98f27ca0df6153240e3c8f77136dc3066191e,<ADDENDUM_ROOT>/13_AGGREGATE_ADDENDUM/v2/FAILURE_AWARE_PAIRWISE_SUMMARY.csv,102,7c33307d06e3a6b93f5c3ba6b3529eada6fce78e2ae5907da4a0daf343c0c296
full_vs_no_HV,yaw_rmse_deg,family,A1,27,27,-1.6140549517209393e-05,-1.999722020062933e-05,-2.13306023018309e-05,-1.0582307531426793e-05,-2.2796196889718345e-05,-1.535185570755715e-05,21,0,6,0.7777777777777778,7.746435817878191e-05,wilcox; abs(delta)>1e-12,exact conditional signs with ties for n_nonzero<=20; frozen normal approximation otherwise,10000,20260904,paired cases; percentile 95%; default_rng PCG64; mean and median explicitly separated,candidate_minus_reference; negative_is_better,27,21,6,0,0.7777777777777778,27,0.7777777777777778,27,0,0,0,0,0,0,comparable terminals include algorithm failures and double-failure ties; technical/missing excluded and counted; all-registered sensitivity separate,v2,<ADDENDUM_ROOT>/13_AGGREGATE_ADDENDUM/v2/PAIRWISE_SUMMARY.csv,104,941853e2f45b4498892ce2c20ba98f27ca0df6153240e3c8f77136dc3066191e,<ADDENDUM_ROOT>/13_AGGREGATE_ADDENDUM/v2/FAILURE_AWARE_PAIRWISE_SUMMARY.csv,104,7c33307d06e3a6b93f5c3ba6b3529eada6fce78e2ae5907da4a0daf343c0c296
full_vs_no_HV,yaw_rmse_deg,family,A2,18,18,1.8228305216213176e-05,-1.5666473427877747e-05,-0.00012163030140179954,0.0001576470821357793,-7.487930999006132e-05,7.747128251955893e-05,10,0,8,0.5555555555555556,0.9661178588867188,wilcox; abs(delta)>1e-12,exact conditional signs with ties for n_nonzero<=20; frozen normal approximation otherwise,10000,20260904,paired cases; percentile 95%; default_rng PCG64; mean and median explicitly separated,candidate_minus_reference; negative_is_better,18,10,8,0,0.5555555555555556,18,0.5555555555555556,18,0,0,0,0,0,0,comparable terminals include algorithm failures and double-failure ties; technical/missing excluded and counted; all-registered sensitivity separate,v2,<ADDENDUM_ROOT>/13_AGGREGATE_ADDENDUM/v2/PAIRWISE_SUMMARY.csv,105,941853e2f45b4498892ce2c20ba98f27ca0df6153240e3c8f77136dc3066191e,<ADDENDUM_ROOT>/13_AGGREGATE_ADDENDUM/v2/FAILURE_AWARE_PAIRWISE_SUMMARY.csv,105,7c33307d06e3a6b93f5c3ba6b3529eada6fce78e2ae5907da4a0daf343c0c296
full_vs_no_RD,fault_window_horizontal_rmse_m,family,A1,27,27,-0.05420674746679883,-0.04269177424605175,-0.12503290264441422,0.019150484465682703,-0.08632802747506929,-0.0014179585735520917,21,0,6,0.7777777777777778,0.019158247432460224,wilcox; abs(delta)>1e-12,exact conditional signs with ties for n_nonzero<=20; frozen normal approximation otherwise,10000,20260904,paired cases; percentile 95%; default_rng PCG64; mean and median explicitly separated,candidate_minus_reference; negative_is_better,27,21,6,0,0.7777777777777778,27,0.7777777777777778,27,0,0,0,0,0,0,comparable terminals include algorithm failures and double-failure ties; technical/missing excluded and counted; all-registered sensitivity separate,v2,<ADDENDUM_ROOT>/13_AGGREGATE_ADDENDUM/v2/PAIRWISE_SUMMARY.csv,107,941853e2f45b4498892ce2c20ba98f27ca0df6153240e3c8f77136dc3066191e,<ADDENDUM_ROOT>/13_AGGREGATE_ADDENDUM/v2/FAILURE_AWARE_PAIRWISE_SUMMARY.csv,107,7c33307d06e3a6b93f5c3ba6b3529eada6fce78e2ae5907da4a0daf343c0c296
full_vs_no_RD,fault_window_horizontal_rmse_m,family,A2,18,18,-0.06231094867981284,-0.03361478552556818,-0.11358832698744452,-0.018435615732507838,-0.09161953178696525,0.00020758497186390557,13,0,5,0.7222222222222222,0.02684783935546875,wilcox; abs(delta)>1e-12,exact conditional signs with ties for n_nonzero<=20; frozen normal approximation otherwise,10000,20260904,paired cases; percentile 95%; default_rng PCG64; mean and median explicitly separated,candidate_minus_reference; negative_is_better,18,13,5,0,0.7222222222222222,18,0.7222222222222222,18,0,0,0,0,0,0,comparable terminals include algorithm failures and double-failure ties; technical/missing excluded and counted; all-registered sensitivity separate,v2,<ADDENDUM_ROOT>/13_AGGREGATE_ADDENDUM/v2/PAIRWISE_SUMMARY.csv,108,941853e2f45b4498892ce2c20ba98f27ca0df6153240e3c8f77136dc3066191e,<ADDENDUM_ROOT>/13_AGGREGATE_ADDENDUM/v2/FAILURE_AWARE_PAIRWISE_SUMMARY.csv,108,7c33307d06e3a6b93f5c3ba6b3529eada6fce78e2ae5907da4a0daf343c0c296
full_vs_no_RD,horizontal_rmse_m,family,A1,27,27,-0.011609059144289158,-0.008501897766690192,-0.03163442757516035,0.010561722697261165,-0.021490448973846554,-0.0002499230192856139,21,0,6,0.7777777777777778,0.02318560349473597,wilcox; abs(delta)>1e-12,exact conditional signs with ties for n_nonzero<=20; frozen normal approximation otherwise,10000,20260904,paired cases; percentile 95%; default_rng PCG64; mean and median explicitly separated,candidate_minus_reference; negative_is_better,27,21,6,0,0.7777777777777778,27,0.7777777777777778,27,0,0,0,0,0,0,comparable terminals include algorithm failures and double-failure ties; technical/missing excluded and counted; all-registered sensitivity separate,v2,<ADDENDUM_ROOT>/13_AGGREGATE_ADDENDUM/v2/PAIRWISE_SUMMARY.csv,110,941853e2f45b4498892ce2c20ba98f27ca0df6153240e3c8f77136dc3066191e,<ADDENDUM_ROOT>/13_AGGREGATE_ADDENDUM/v2/FAILURE_AWARE_PAIRWISE_SUMMARY.csv,110,7c33307d06e3a6b93f5c3ba6b3529eada6fce78e2ae5907da4a0daf343c0c296
full_vs_no_RD,horizontal_rmse_m,family,A2,18,18,-0.014042553762327097,-0.0062878767274936465,-0.026830472326591703,-0.0033460302685928292,-0.021184661951245687,9.574108412613302e-05,13,0,5,0.7222222222222222,0.030364990234375,wilcox; abs(delta)>1e-12,exact conditional signs with ties for n_nonzero<=20; frozen normal approximation otherwise,10000,20260904,paired cases; percentile 95%; default_rng PCG64; mean and median explicitly separated,candidate_minus_reference; negative_is_better,18,13,5,0,0.7222222222222222,18,0.7222222222222222,18,0,0,0,0,0,0,comparable terminals include algorithm failures and double-failure ties; technical/missing excluded and counted; all-registered sensitivity separate,v2,<ADDENDUM_ROOT>/13_AGGREGATE_ADDENDUM/v2/PAIRWISE_SUMMARY.csv,111,941853e2f45b4498892ce2c20ba98f27ca0df6153240e3c8f77136dc3066191e,<ADDENDUM_ROOT>/13_AGGREGATE_ADDENDUM/v2/FAILURE_AWARE_PAIRWISE_SUMMARY.csv,111,7c33307d06e3a6b93f5c3ba6b3529eada6fce78e2ae5907da4a0daf343c0c296
full_vs_no_RD,max_horizontal_error_in_window_m,family,A1,27,27,-0.10319258973895794,-0.08402016589311145,-0.23536192233461722,0.03244082658512289,-0.13533730126090404,-0.0029538097449339773,20,0,7,0.7407407407407407,0.017958998282122263,wilcox; abs(delta)>1e-12,exact conditional signs with ties for n_nonzero<=20; frozen normal approximation otherwise,10000,20260904,paired cases; percentile 95%; default_rng PCG64; mean and median explicitly separated,candidate_minus_reference; negative_is_better,27,20,7,0,0.7407407407407407,27,0.7407407407407407,27,0,0,0,0,0,0,comparable terminals include algorithm failures and double-failure ties; technical/missing excluded and counted; all-registered sensitivity separate,v2,<ADDENDUM_ROOT>/13_AGGREGATE_ADDENDUM/v2/PAIRWISE_SUMMARY.csv,113,941853e2f45b4498892ce2c20ba98f27ca0df6153240e3c8f77136dc3066191e,<ADDENDUM_ROOT>/13_AGGREGATE_ADDENDUM/v2/FAILURE_AWARE_PAIRWISE_SUMMARY.csv,113,7c33307d06e3a6b93f5c3ba6b3529eada6fce78e2ae5907da4a0daf343c0c296
full_vs_no_RD,max_horizontal_error_in_window_m,family,A2,18,18,-0.09360682509837087,-0.04520542983796183,-0.16867356236640527,-0.028280220362820706,-0.14924446954959691,0.0008358573442803774,13,0,5,0.7222222222222222,0.02684783935546875,wilcox; abs(delta)>1e-12,exact conditional signs with ties for n_nonzero<=20; frozen normal approximation otherwise,10000,20260904,paired cases; percentile 95%; default_rng PCG64; mean and median explicitly separated,candidate_minus_reference; negative_is_better,18,13,5,0,0.7222222222222222,18,0.7222222222222222,18,0,0,0,0,0,0,comparable terminals include algorithm failures and double-failure ties; technical/missing excluded and counted; all-registered sensitivity separate,v2,<ADDENDUM_ROOT>/13_AGGREGATE_ADDENDUM/v2/PAIRWISE_SUMMARY.csv,114,941853e2f45b4498892ce2c20ba98f27ca0df6153240e3c8f77136dc3066191e,<ADDENDUM_ROOT>/13_AGGREGATE_ADDENDUM/v2/FAILURE_AWARE_PAIRWISE_SUMMARY.csv,114,7c33307d06e3a6b93f5c3ba6b3529eada6fce78e2ae5907da4a0daf343c0c296
full_vs_no_RD,outage_end_horizontal_error_m,family,A1,27,27,-0.10319258973895794,-0.08402016589311145,-0.23536192233461722,0.03244082658512289,-0.13533730126090404,-0.0029538097449339773,20,0,7,0.7407407407407407,0.017958998282122263,wilcox; abs(delta)>1e-12,exact conditional signs with ties for n_nonzero<=20; frozen normal approximation otherwise,10000,20260904,paired cases; percentile 95%; default_rng PCG64; mean and median explicitly separated,candidate_minus_reference; negative_is_better,27,20,7,0,0.7407407407407407,27,0.7407407407407407,27,0,0,0,0,0,0,comparable terminals include algorithm failures and double-failure ties; technical/missing excluded and counted; all-registered sensitivity separate,v2,<ADDENDUM_ROOT>/13_AGGREGATE_ADDENDUM/v2/PAIRWISE_SUMMARY.csv,116,941853e2f45b4498892ce2c20ba98f27ca0df6153240e3c8f77136dc3066191e,<ADDENDUM_ROOT>/13_AGGREGATE_ADDENDUM/v2/FAILURE_AWARE_PAIRWISE_SUMMARY.csv,116,7c33307d06e3a6b93f5c3ba6b3529eada6fce78e2ae5907da4a0daf343c0c296
full_vs_no_RD,outage_end_horizontal_error_m,family,A2,18,18,-0.09153738860016292,-0.04203471729732744,-0.16514747991665613,-0.027393487864266302,-0.14663479986010586,0.0011968087850595666,13,0,5,0.7222222222222222,0.02684783935546875,wilcox; abs(delta)>1e-12,exact conditional signs with ties for n_nonzero<=20; frozen normal approximation otherwise,10000,20260904,paired cases; percentile 95%; default_rng PCG64; mean and median explicitly separated,candidate_minus_reference; negative_is_better,18,13,5,0,0.7222222222222222,18,0.7222222222222222,18,0,0,0,0,0,0,comparable terminals include algorithm failures and double-failure ties; technical/missing excluded and counted; all-registered sensitivity separate,v2,<ADDENDUM_ROOT>/13_AGGREGATE_ADDENDUM/v2/PAIRWISE_SUMMARY.csv,117,941853e2f45b4498892ce2c20ba98f27ca0df6153240e3c8f77136dc3066191e,<ADDENDUM_ROOT>/13_AGGREGATE_ADDENDUM/v2/FAILURE_AWARE_PAIRWISE_SUMMARY.csv,117,7c33307d06e3a6b93f5c3ba6b3529eada6fce78e2ae5907da4a0daf343c0c296
full_vs_no_RD,post_window_horizontal_rmse_m,family,A1,27,27,-0.0015842750592584738,-0.001230575090422903,-0.006413149555647402,0.004009404166285487,-0.003801127882026911,2.9629251641738463e-05,17,0,10,0.6296296296296297,0.09031043595586548,wilcox; abs(delta)>1e-12,exact conditional signs with ties for n_nonzero<=20; frozen normal approximation otherwise,10000,20260904,paired cases; percentile 95%; default_rng PCG64; mean and median explicitly separated,candidate_minus_reference; negative_is_better,27,17,10,0,0.6296296296296297,27,0.6296296296296297,27,0,0,0,0,0,0,comparable terminals include algorithm failures and double-failure ties; technical/missing excluded and counted; all-registered sensitivity separate,v2,<ADDENDUM_ROOT>/13_AGGREGATE_ADDENDUM/v2/PAIRWISE_SUMMARY.csv,119,941853e2f45b4498892ce2c20ba98f27ca0df6153240e3c8f77136dc3066191e,<ADDENDUM_ROOT>/13_AGGREGATE_ADDENDUM/v2/FAILURE_AWARE_PAIRWISE_SUMMARY.csv,119,7c33307d06e3a6b93f5c3ba6b3529eada6fce78e2ae5907da4a0daf343c0c296
full_vs_no_RD,post_window_horizontal_rmse_m,family,A2,18,18,-0.0019077799034937257,-0.0001790113437333818,-0.00437843666474996,8.66207565294955e-05,-0.00232080078361957,0.0001551110614305684,11,0,7,0.6111111111111112,0.19638824462890625,wilcox; abs(delta)>1e-12,exact conditional signs with ties for n_nonzero<=20; frozen normal approximation otherwise,10000,20260904,paired cases; percentile 95%; default_rng PCG64; mean and median explicitly separated,candidate_minus_reference; negative_is_better,18,11,7,0,0.6111111111111112,18,0.6111111111111112,18,0,0,0,0,0,0,comparable terminals include algorithm failures and double-failure ties; technical/missing excluded and counted; all-registered sensitivity separate,v2,<ADDENDUM_ROOT>/13_AGGREGATE_ADDENDUM/v2/PAIRWISE_SUMMARY.csv,120,941853e2f45b4498892ce2c20ba98f27ca0df6153240e3c8f77136dc3066191e,<ADDENDUM_ROOT>/13_AGGREGATE_ADDENDUM/v2/FAILURE_AWARE_PAIRWISE_SUMMARY.csv,120,7c33307d06e3a6b93f5c3ba6b3529eada6fce78e2ae5907da4a0daf343c0c296
full_vs_no_RD,up_rmse_m,family,A1,27,27,-0.004127394687077805,-0.0002806801207683729,-0.017380715480109228,0.007074246488674408,-0.006220477693871906,0.002874635501627032,16,0,11,0.5925925925925926,0.5243447221260569,wilcox; abs(delta)>1e-12,exact conditional signs with ties for n_nonzero<=20; frozen normal approximation otherwise,10000,20260904,paired cases; percentile 95%; default_rng PCG64; mean and median explicitly separated,candidate_minus_reference; negative_is_better,27,16,11,0,0.5925925925925926,27,0.5925925925925926,27,0,0,0,0,0,0,comparable terminals include algorithm failures and double-failure ties; technical/missing excluded and counted; all-registered sensitivity separate,v2,<ADDENDUM_ROOT>/13_AGGREGATE_ADDENDUM/v2/PAIRWISE_SUMMARY.csv,122,941853e2f45b4498892ce2c20ba98f27ca0df6153240e3c8f77136dc3066191e,<ADDENDUM_ROOT>/13_AGGREGATE_ADDENDUM/v2/FAILURE_AWARE_PAIRWISE_SUMMARY.csv,122,7c33307d06e3a6b93f5c3ba6b3529eada6fce78e2ae5907da4a0daf343c0c296
full_vs_no_RD,up_rmse_m,family,A2,18,18,-0.0019179223458258227,-0.0012824413324076245,-0.01020814167652211,0.0062309512648166514,-0.005225475964101528,0.002093578120982098,12,0,6,0.6666666666666666,0.34654998779296875,wilcox; abs(delta)>1e-12,exact conditional signs with ties for n_nonzero<=20; frozen normal approximation otherwise,10000,20260904,paired cases; percentile 95%; default_rng PCG64; mean and median explicitly separated,candidate_minus_reference; negative_is_better,18,12,6,0,0.6666666666666666,18,0.6666666666666666,18,0,0,0,0,0,0,comparable terminals include algorithm failures and double-failure ties; technical/missing excluded and counted; all-registered sensitivity separate,v2,<ADDENDUM_ROOT>/13_AGGREGATE_ADDENDUM/v2/PAIRWISE_SUMMARY.csv,123,941853e2f45b4498892ce2c20ba98f27ca0df6153240e3c8f77136dc3066191e,<ADDENDUM_ROOT>/13_AGGREGATE_ADDENDUM/v2/FAILURE_AWARE_PAIRWISE_SUMMARY.csv,123,7c33307d06e3a6b93f5c3ba6b3529eada6fce78e2ae5907da4a0daf343c0c296
full_vs_no_RD,yaw_rmse_deg,family,A1,27,27,0.0020250098458996523,0.0020015151965582234,0.0015538580350843065,0.0024252967476810702,0.0017635248482288368,0.0022794944038779796,1,0,26,0.037037037037037035,6.329904728008035e-05,wilcox; abs(delta)>1e-12,exact conditional signs with ties for n_nonzero<=20; frozen normal approximation otherwise,10000,20260904,paired cases; percentile 95%; default_rng PCG64; mean and median explicitly separated,candidate_minus_reference; negative_is_better,27,1,26,0,0.037037037037037035,27,0.037037037037037035,27,0,0,0,0,0,0,comparable terminals include algorithm failures and double-failure ties; technical/missing excluded and counted; all-registered sensitivity separate,v2,<ADDENDUM_ROOT>/13_AGGREGATE_ADDENDUM/v2/PAIRWISE_SUMMARY.csv,125,941853e2f45b4498892ce2c20ba98f27ca0df6153240e3c8f77136dc3066191e,<ADDENDUM_ROOT>/13_AGGREGATE_ADDENDUM/v2/FAILURE_AWARE_PAIRWISE_SUMMARY.csv,125,7c33307d06e3a6b93f5c3ba6b3529eada6fce78e2ae5907da4a0daf343c0c296
full_vs_no_RD,yaw_rmse_deg,family,A2,18,18,0.00039915877080705836,0.0018162698419050827,-0.0007592653960394336,0.0014823992482757428,-0.0026601573951776647,0.002103526215719853,6,0,12,0.3333333333333333,0.8985748291015625,wilcox; abs(delta)>1e-12,exact conditional signs with ties for n_nonzero<=20; frozen normal approximation otherwise,10000,20260904,paired cases; percentile 95%; default_rng PCG64; mean and median explicitly separated,candidate_minus_reference; negative_is_better,18,6,12,0,0.3333333333333333,18,0.3333333333333333,18,0,0,0,0,0,0,comparable terminals include algorithm failures and double-failure ties; technical/missing excluded and counted; all-registered sensitivity separate,v2,<ADDENDUM_ROOT>/13_AGGREGATE_ADDENDUM/v2/PAIRWISE_SUMMARY.csv,126,941853e2f45b4498892ce2c20ba98f27ca0df6153240e3c8f77136dc3066191e,<ADDENDUM_ROOT>/13_AGGREGATE_ADDENDUM/v2/FAILURE_AWARE_PAIRWISE_SUMMARY.csv,126,7c33307d06e3a6b93f5c3ba6b3529eada6fce78e2ae5907da4a0daf343c0c296
full_vs_no_RP,fault_window_horizontal_rmse_m,family,A1,27,27,-0.2373776714464159,0.6991679263238773,-4.282147122538238,3.385355047024743,-2.2261934016943883,3.8513087495093785,10,0,17,0.37037037037037035,0.5243447221260569,wilcox; abs(delta)>1e-12,exact conditional signs with ties for n_nonzero<=20; frozen normal approximation otherwise,10000,20260904,paired cases; percentile 95%; default_rng PCG64; mean and median explicitly separated,candidate_minus_reference; negative_is_better,27,10,17,0,0.37037037037037035,27,0.37037037037037035,27,0,0,0,0,0,0,comparable terminals include algorithm failures and double-failure ties; technical/missing excluded and counted; all-registered sensitivity separate,v2,<ADDENDUM_ROOT>/13_AGGREGATE_ADDENDUM/v2/PAIRWISE_SUMMARY.csv,128,941853e2f45b4498892ce2c20ba98f27ca0df6153240e3c8f77136dc3066191e,<ADDENDUM_ROOT>/13_AGGREGATE_ADDENDUM/v2/FAILURE_AWARE_PAIRWISE_SUMMARY.csv,128,7c33307d06e3a6b93f5c3ba6b3529eada6fce78e2ae5907da4a0daf343c0c296
full_vs_no_RP,fault_window_horizontal_rmse_m,family,A2,18,18,0.29681803969146864,0.3458452311299749,-1.2790191516568428,1.733226480392661,-0.4015609461162719,2.075778385632478,7,0,11,0.3888888888888889,0.4171142578125,wilcox; abs(delta)>1e-12,exact conditional signs with ties for n_nonzero<=20; frozen normal approximation otherwise,10000,20260904,paired cases; percentile 95%; default_rng PCG64; mean and median explicitly separated,candidate_minus_reference; negative_is_better,18,7,11,0,0.3888888888888889,18,0.3888888888888889,18,0,0,0,0,0,0,comparable terminals include algorithm failures and double-failure ties; technical/missing excluded and counted; all-registered sensitivity separate,v2,<ADDENDUM_ROOT>/13_AGGREGATE_ADDENDUM/v2/PAIRWISE_SUMMARY.csv,129,941853e2f45b4498892ce2c20ba98f27ca0df6153240e3c8f77136dc3066191e,<ADDENDUM_ROOT>/13_AGGREGATE_ADDENDUM/v2/FAILURE_AWARE_PAIRWISE_SUMMARY.csv,129,7c33307d06e3a6b93f5c3ba6b3529eada6fce78e2ae5907da4a0daf343c0c296
full_vs_no_RP,horizontal_rmse_m,family,A1,27,27,-0.1753642075973662,0.1262896572228862,-1.4955598968397381,0.9645607975654374,-0.4522265688989431,0.967549910023866,10,0,17,0.37037037037037035,0.4935253774957197,wilcox; abs(delta)>1e-12,exact conditional signs with ties for n_nonzero<=20; frozen normal approximation otherwise,10000,20260904,paired cases; percentile 95%; default_rng PCG64; mean and median explicitly separated,candidate_minus_reference; negative_is_better,27,10,17,0,0.37037037037037035,27,0.37037037037037035,27,0,0,0,0,0,0,comparable terminals include algorithm failures and double-failure ties; technical/missing excluded and counted; all-registered sensitivity separate,v2,<ADDENDUM_ROOT>/13_AGGREGATE_ADDENDUM/v2/PAIRWISE_SUMMARY.csv,131,941853e2f45b4498892ce2c20ba98f27ca0df6153240e3c8f77136dc3066191e,<ADDENDUM_ROOT>/13_AGGREGATE_ADDENDUM/v2/FAILURE_AWARE_PAIRWISE_SUMMARY.csv,131,7c33307d06e3a6b93f5c3ba6b3529eada6fce78e2ae5907da4a0daf343c0c296
full_vs_no_RP,horizontal_rmse_m,family,A2,18,18,0.05327634424026549,0.0680251044686046,-0.36174091445187156,0.4291119784175279,-0.09783371969891119,0.4873840790675649,7,0,11,0.3888888888888889,0.44229888916015625,wilcox; abs(delta)>1e-12,exact conditional signs with ties for n_nonzero<=20; frozen normal approximation otherwise,10000,20260904,paired cases; percentile 95%; default_rng PCG64; mean and median explicitly separated,candidate_minus_reference; negative_is_better,18,7,11,0,0.3888888888888889,18,0.3888888888888889,18,0,0,0,0,0,0,comparable terminals include algorithm failures and double-failure ties; technical/missing excluded and counted; all-registered sensitivity separate,v2,<ADDENDUM_ROOT>/13_AGGREGATE_ADDENDUM/v2/PAIRWISE_SUMMARY.csv,132,941853e2f45b4498892ce2c20ba98f27ca0df6153240e3c8f77136dc3066191e,<ADDENDUM_ROOT>/13_AGGREGATE_ADDENDUM/v2/FAILURE_AWARE_PAIRWISE_SUMMARY.csv,132,7c33307d06e3a6b93f5c3ba6b3529eada6fce78e2ae5907da4a0daf343c0c296
full_vs_no_RP,max_horizontal_error_in_window_m,family,A1,27,27,-1.26125909942994,0.9912836667675329,-9.25032680771404,5.839804639448302,-2.7806373242622726,4.6818945488171835,12,0,15,0.4444444444444444,0.6567082485028964,wilcox; abs(delta)>1e-12,exact conditional signs with ties for n_nonzero<=20; frozen normal approximation otherwise,10000,20260904,paired cases; percentile 95%; default_rng PCG64; mean and median explicitly separated,candidate_minus_reference; negative_is_better,27,12,15,0,0.4444444444444444,27,0.4444444444444444,27,0,0,0,0,0,0,comparable terminals include algorithm failures and double-failure ties; technical/missing excluded and counted; all-registered sensitivity separate,v2,<ADDENDUM_ROOT>/13_AGGREGATE_ADDENDUM/v2/PAIRWISE_SUMMARY.csv,134,941853e2f45b4498892ce2c20ba98f27ca0df6153240e3c8f77136dc3066191e,<ADDENDUM_ROOT>/13_AGGREGATE_ADDENDUM/v2/FAILURE_AWARE_PAIRWISE_SUMMARY.csv,134,7c33307d06e3a6b93f5c3ba6b3529eada6fce78e2ae5907da4a0daf343c0c296
full_vs_no_RP,max_horizontal_error_in_window_m,family,A2,18,18,0.18459977312817935,0.7774991696300191,-2.339094249124921,2.445743625670611,-0.9339677021305608,2.8533730458974933,7,0,11,0.3888888888888889,0.5798416137695312,wilcox; abs(delta)>1e-12,exact conditional signs with ties for n_nonzero<=20; frozen normal approximation otherwise,10000,20260904,paired cases; percentile 95%; default_rng PCG64; mean and median explicitly separated,candidate_minus_reference; negative_is_better,18,7,11,0,0.3888888888888889,18,0.3888888888888889,18,0,0,0,0,0,0,comparable terminals include algorithm failures and double-failure ties; technical/missing excluded and counted; all-registered sensitivity separate,v2,<ADDENDUM_ROOT>/13_AGGREGATE_ADDENDUM/v2/PAIRWISE_SUMMARY.csv,135,941853e2f45b4498892ce2c20ba98f27ca0df6153240e3c8f77136dc3066191e,<ADDENDUM_ROOT>/13_AGGREGATE_ADDENDUM/v2/FAILURE_AWARE_PAIRWISE_SUMMARY.csv,135,7c33307d06e3a6b93f5c3ba6b3529eada6fce78e2ae5907da4a0daf343c0c296
full_vs_no_RP,outage_end_horizontal_error_m,family,A1,27,27,-1.2475855243106162,0.9912836667675329,-9.224787087155695,5.85567310342458,-2.7806373242622726,4.6818945488171835,12,0,15,0.4444444444444444,0.6567082485028964,wilcox; abs(delta)>1e-12,exact conditional signs with ties for n_nonzero<=20; frozen normal approximation otherwise,10000,20260904,paired cases; percentile 95%; default_rng PCG64; mean and median explicitly separated,candidate_minus_reference; negative_is_better,27,12,15,0,0.4444444444444444,27,0.4444444444444444,27,0,0,0,0,0,0,comparable terminals include algorithm failures and double-failure ties; technical/missing excluded and counted; all-registered sensitivity separate,v2,<ADDENDUM_ROOT>/13_AGGREGATE_ADDENDUM/v2/PAIRWISE_SUMMARY.csv,137,941853e2f45b4498892ce2c20ba98f27ca0df6153240e3c8f77136dc3066191e,<ADDENDUM_ROOT>/13_AGGREGATE_ADDENDUM/v2/FAILURE_AWARE_PAIRWISE_SUMMARY.csv,137,7c33307d06e3a6b93f5c3ba6b3529eada6fce78e2ae5907da4a0daf343c0c296
full_vs_no_RP,outage_end_horizontal_error_m,family,A2,18,18,0.2723186919532857,0.8383161350369166,-2.215949241593377,2.5054832303959236,-0.8935972399397141,2.745850761672063,7,0,11,0.3888888888888889,0.49507904052734375,wilcox; abs(delta)>1e-12,exact conditional signs with ties for n_nonzero<=20; frozen normal approximation otherwise,10000,20260904,paired cases; percentile 95%; default_rng PCG64; mean and median explicitly separated,candidate_minus_reference; negative_is_better,18,7,11,0,0.3888888888888889,18,0.3888888888888889,18,0,0,0,0,0,0,comparable terminals include algorithm failures and double-failure ties; technical/missing excluded and counted; all-registered sensitivity separate,v2,<ADDENDUM_ROOT>/13_AGGREGATE_ADDENDUM/v2/PAIRWISE_SUMMARY.csv,138,941853e2f45b4498892ce2c20ba98f27ca0df6153240e3c8f77136dc3066191e,<ADDENDUM_ROOT>/13_AGGREGATE_ADDENDUM/v2/FAILURE_AWARE_PAIRWISE_SUMMARY.csv,138,7c33307d06e3a6b93f5c3ba6b3529eada6fce78e2ae5907da4a0daf343c0c296
full_vs_no_RP,post_window_horizontal_rmse_m,family,A1,27,27,-0.12198852114584498,0.028794904884119565,-0.5676941986056553,0.2733560632346525,-0.011884702043386874,0.1535015211446904,10,0,17,0.37037037037037035,0.4784874073973762,wilcox; abs(delta)>1e-12,exact conditional signs with ties for n_nonzero<=20; frozen normal approximation otherwise,10000,20260904,paired cases; percentile 95%; default_rng PCG64; mean and median explicitly separated,candidate_minus_reference; negative_is_better,27,10,17,0,0.37037037037037035,27,0.37037037037037035,27,0,0,0,0,0,0,comparable terminals include algorithm failures and double-failure ties; technical/missing excluded and counted; all-registered sensitivity separate,v2,<ADDENDUM_ROOT>/13_AGGREGATE_ADDENDUM/v2/PAIRWISE_SUMMARY.csv,140,941853e2f45b4498892ce2c20ba98f27ca0df6153240e3c8f77136dc3066191e,<ADDENDUM_ROOT>/13_AGGREGATE_ADDENDUM/v2/FAILURE_AWARE_PAIRWISE_SUMMARY.csv,140,7c33307d06e3a6b93f5c3ba6b3529eada6fce78e2ae5907da4a0daf343c0c296
full_vs_no_RP,post_window_horizontal_rmse_m,family,A2,18,18,0.004278546630940374,0.010887684437801567,-0.11749601227689589,0.12006236731757626,-0.027082365362274097,0.11106815797262554,7,0,11,0.3888888888888889,0.5798416137695312,wilcox; abs(delta)>1e-12,exact conditional signs with ties for n_nonzero<=20; frozen normal approximation otherwise,10000,20260904,paired cases; percentile 95%; default_rng PCG64; mean and median explicitly separated,candidate_minus_reference; negative_is_better,18,7,11,0,0.3888888888888889,18,0.3888888888888889,18,0,0,0,0,0,0,comparable terminals include algorithm failures and double-failure ties; technical/missing excluded and counted; all-registered sensitivity separate,v2,<ADDENDUM_ROOT>/13_AGGREGATE_ADDENDUM/v2/PAIRWISE_SUMMARY.csv,141,941853e2f45b4498892ce2c20ba98f27ca0df6153240e3c8f77136dc3066191e,<ADDENDUM_ROOT>/13_AGGREGATE_ADDENDUM/v2/FAILURE_AWARE_PAIRWISE_SUMMARY.csv,141,7c33307d06e3a6b93f5c3ba6b3529eada6fce78e2ae5907da4a0daf343c0c296
full_vs_no_RP,up_rmse_m,family,A1,27,27,0.04922406559283951,0.0006759108067879716,-0.0046158282046938415,0.11405128129097389,-0.020264582888349092,0.011595049480710606,13,0,14,0.48148148148148145,0.7823272647506682,wilcox; abs(delta)>1e-12,exact conditional signs with ties for n_nonzero<=20; frozen normal approximation otherwise,10000,20260904,paired cases; percentile 95%; default_rng PCG64; mean and median explicitly separated,candidate_minus_reference; negative_is_better,27,13,14,0,0.48148148148148145,27,0.48148148148148145,27,0,0,0,0,0,0,comparable terminals include algorithm failures and double-failure ties; technical/missing excluded and counted; all-registered sensitivity separate,v2,<ADDENDUM_ROOT>/13_AGGREGATE_ADDENDUM/v2/PAIRWISE_SUMMARY.csv,143,941853e2f45b4498892ce2c20ba98f27ca0df6153240e3c8f77136dc3066191e,<ADDENDUM_ROOT>/13_AGGREGATE_ADDENDUM/v2/FAILURE_AWARE_PAIRWISE_SUMMARY.csv,143,7c33307d06e3a6b93f5c3ba6b3529eada6fce78e2ae5907da4a0daf343c0c296
full_vs_no_RP,up_rmse_m,family,A2,18,18,0.009024347910040099,-0.002793282472439429,-0.022164594915005522,0.05658404663739035,-0.01707778877502364,0.00048624153869417097,13,0,5,0.7222222222222222,0.2121429443359375,wilcox; abs(delta)>1e-12,exact conditional signs with ties for n_nonzero<=20; frozen normal approximation otherwise,10000,20260904,paired cases; percentile 95%; default_rng PCG64; mean and median explicitly separated,candidate_minus_reference; negative_is_better,18,13,5,0,0.7222222222222222,18,0.7222222222222222,18,0,0,0,0,0,0,comparable terminals include algorithm failures and double-failure ties; technical/missing excluded and counted; all-registered sensitivity separate,v2,<ADDENDUM_ROOT>/13_AGGREGATE_ADDENDUM/v2/PAIRWISE_SUMMARY.csv,144,941853e2f45b4498892ce2c20ba98f27ca0df6153240e3c8f77136dc3066191e,<ADDENDUM_ROOT>/13_AGGREGATE_ADDENDUM/v2/FAILURE_AWARE_PAIRWISE_SUMMARY.csv,144,7c33307d06e3a6b93f5c3ba6b3529eada6fce78e2ae5907da4a0daf343c0c296
full_vs_no_RP,yaw_rmse_deg,family,A1,27,27,-0.04013627025186385,-0.038133499102827706,-0.04351605285213276,-0.0369448069717342,-0.04300750054364455,-0.035512408539287055,27,0,0,1.0,5.9344232634363165e-06,wilcox; abs(delta)>1e-12,exact conditional signs with ties for n_nonzero<=20; frozen normal approximation otherwise,10000,20260904,paired cases; percentile 95%; default_rng PCG64; mean and median explicitly separated,candidate_minus_reference; negative_is_better,27,27,0,0,1.0,27,1.0,27,0,0,0,0,0,0,comparable terminals include algorithm failures and double-failure ties; technical/missing excluded and counted; all-registered sensitivity separate,v2,<ADDENDUM_ROOT>/13_AGGREGATE_ADDENDUM/v2/PAIRWISE_SUMMARY.csv,146,941853e2f45b4498892ce2c20ba98f27ca0df6153240e3c8f77136dc3066191e,<ADDENDUM_ROOT>/13_AGGREGATE_ADDENDUM/v2/FAILURE_AWARE_PAIRWISE_SUMMARY.csv,146,7c33307d06e3a6b93f5c3ba6b3529eada6fce78e2ae5907da4a0daf343c0c296
full_vs_no_RP,yaw_rmse_deg,family,A2,18,18,-0.03799958577819518,-0.03773486289041972,-0.03950470931766994,-0.03651986719880214,-0.03929936830503533,-0.036894042255214865,18,0,0,1.0,7.62939453125e-06,wilcox; abs(delta)>1e-12,exact conditional signs with ties for n_nonzero<=20; frozen normal approximation otherwise,10000,20260904,paired cases; percentile 95%; default_rng PCG64; mean and median explicitly separated,candidate_minus_reference; negative_is_better,18,18,0,0,1.0,18,1.0,18,0,0,0,0,0,0,comparable terminals include algorithm failures and double-failure ties; technical/missing excluded and counted; all-registered sensitivity separate,v2,<ADDENDUM_ROOT>/13_AGGREGATE_ADDENDUM/v2/PAIRWISE_SUMMARY.csv,147,941853e2f45b4498892ce2c20ba98f27ca0df6153240e3c8f77136dc3066191e,<ADDENDUM_ROOT>/13_AGGREGATE_ADDENDUM/v2/FAILURE_AWARE_PAIRWISE_SUMMARY.csv,147,7c33307d06e3a6b93f5c3ba6b3529eada6fce78e2ae5907da4a0daf343c0c296
full_vs_strong,fault_window_horizontal_rmse_m,family,A1,27,27,-0.2866928859468062,0.5378274617339116,-4.2846917594061,3.281433362697811,-2.284199623234308,3.8598597651956084,11,0,16,0.4074074074074074,0.4935253774957197,wilcox; abs(delta)>1e-12,exact conditional signs with ties for n_nonzero<=20; frozen normal approximation otherwise,10000,20260904,paired cases; percentile 95%; default_rng PCG64; mean and median explicitly separated,candidate_minus_reference; negative_is_better,27,11,16,0,0.4074074074074074,27,0.4074074074074074,27,0,0,0,0,0,0,comparable terminals include algorithm failures and double-failure ties; technical/missing excluded and counted; all-registered sensitivity separate,v2,<ADDENDUM_ROOT>/13_AGGREGATE_ADDENDUM/v2/PAIRWISE_SUMMARY.csv,149,941853e2f45b4498892ce2c20ba98f27ca0df6153240e3c8f77136dc3066191e,<ADDENDUM_ROOT>/13_AGGREGATE_ADDENDUM/v2/FAILURE_AWARE_PAIRWISE_SUMMARY.csv,149,7c33307d06e3a6b93f5c3ba6b3529eada6fce78e2ae5907da4a0daf343c0c296
full_vs_strong,fault_window_horizontal_rmse_m,family,A2,18,18,-11.645575984767724,-5.1644714127977185,-18.548760372067765,-5.551090063157932,-17.544272282523625,-1.8708148318566864,16,0,2,0.8888888888888888,0.00104522705078125,wilcox; abs(delta)>1e-12,exact conditional signs with ties for n_nonzero<=20; frozen normal approximation otherwise,10000,20260904,paired cases; percentile 95%; default_rng PCG64; mean and median explicitly separated,candidate_minus_reference; negative_is_better,18,16,2,0,0.8888888888888888,18,0.8888888888888888,18,0,0,0,0,0,0,comparable terminals include algorithm failures and double-failure ties; technical/missing excluded and counted; all-registered sensitivity separate,v2,<ADDENDUM_ROOT>/13_AGGREGATE_ADDENDUM/v2/PAIRWISE_SUMMARY.csv,150,941853e2f45b4498892ce2c20ba98f27ca0df6153240e3c8f77136dc3066191e,<ADDENDUM_ROOT>/13_AGGREGATE_ADDENDUM/v2/FAILURE_AWARE_PAIRWISE_SUMMARY.csv,150,7c33307d06e3a6b93f5c3ba6b3529eada6fce78e2ae5907da4a0daf343c0c296
full_vs_strong,horizontal_rmse_m,family,A1,27,27,-0.18521671862606212,0.09722559871777081,-1.482228784265932,0.9470137150426853,-0.4630415791413891,0.948572254990955,11,0,16,0.4074074074074074,0.5401160736535193,wilcox; abs(delta)>1e-12,exact conditional signs with ties for n_nonzero<=20; frozen normal approximation otherwise,10000,20260904,paired cases; percentile 95%; default_rng PCG64; mean and median explicitly separated,candidate_minus_reference; negative_is_better,27,11,16,0,0.4074074074074074,27,0.4074074074074074,27,0,0,0,0,0,0,comparable terminals include algorithm failures and double-failure ties; technical/missing excluded and counted; all-registered sensitivity separate,v2,<ADDENDUM_ROOT>/13_AGGREGATE_ADDENDUM/v2/PAIRWISE_SUMMARY.csv,152,941853e2f45b4498892ce2c20ba98f27ca0df6153240e3c8f77136dc3066191e,<ADDENDUM_ROOT>/13_AGGREGATE_ADDENDUM/v2/FAILURE_AWARE_PAIRWISE_SUMMARY.csv,152,7c33307d06e3a6b93f5c3ba6b3529eada6fce78e2ae5907da4a0daf343c0c296
full_vs_strong,horizontal_rmse_m,family,A2,18,18,-3.110875447759097,-1.083027904411371,-5.015806836056564,-1.4335133456296076,-4.6623146983616035,-0.37160835418226534,16,0,2,0.8888888888888888,0.00157928466796875,wilcox; abs(delta)>1e-12,exact conditional signs with ties for n_nonzero<=20; frozen normal approximation otherwise,10000,20260904,paired cases; percentile 95%; default_rng PCG64; mean and median explicitly separated,candidate_minus_reference; negative_is_better,18,16,2,0,0.8888888888888888,18,0.8888888888888888,18,0,0,0,0,0,0,comparable terminals include algorithm failures and double-failure ties; technical/missing excluded and counted; all-registered sensitivity separate,v2,<ADDENDUM_ROOT>/13_AGGREGATE_ADDENDUM/v2/PAIRWISE_SUMMARY.csv,153,941853e2f45b4498892ce2c20ba98f27ca0df6153240e3c8f77136dc3066191e,<ADDENDUM_ROOT>/13_AGGREGATE_ADDENDUM/v2/FAILURE_AWARE_PAIRWISE_SUMMARY.csv,153,7c33307d06e3a6b93f5c3ba6b3529eada6fce78e2ae5907da4a0daf343c0c296
full_vs_strong,max_horizontal_error_in_window_m,family,A1,27,27,-1.3602236711392233,1.0026594310144867,-9.248587415631546,5.679920743215747,-3.1921453896733283,5.318415656928778,12,0,15,0.4444444444444444,0.6394360218098059,wilcox; abs(delta)>1e-12,exact conditional signs with ties for n_nonzero<=20; frozen normal approximation otherwise,10000,20260904,paired cases; percentile 95%; default_rng PCG64; mean and median explicitly separated,candidate_minus_reference; negative_is_better,27,12,15,0,0.4444444444444444,27,0.4444444444444444,27,0,0,0,0,0,0,comparable terminals include algorithm failures and double-failure ties; technical/missing excluded and counted; all-registered sensitivity separate,v2,<ADDENDUM_ROOT>/13_AGGREGATE_ADDENDUM/v2/PAIRWISE_SUMMARY.csv,155,941853e2f45b4498892ce2c20ba98f27ca0df6153240e3c8f77136dc3066191e,<ADDENDUM_ROOT>/13_AGGREGATE_ADDENDUM/v2/FAILURE_AWARE_PAIRWISE_SUMMARY.csv,155,7c33307d06e3a6b93f5c3ba6b3529eada6fce78e2ae5907da4a0daf343c0c296
full_vs_strong,max_horizontal_error_in_window_m,family,A2,18,18,-32.711229261801684,-13.163518769972901,-49.9544730041862,-17.17484714976261,-53.575228558223365,-6.103216575688768,17,0,1,0.9444444444444444,0.00019073486328125,wilcox; abs(delta)>1e-12,exact conditional signs with ties for n_nonzero<=20; frozen normal approximation otherwise,10000,20260904,paired cases; percentile 95%; default_rng PCG64; mean and median explicitly separated,candidate_minus_reference; negative_is_better,18,17,1,0,0.9444444444444444,18,0.9444444444444444,18,0,0,0,0,0,0,comparable terminals include algorithm failures and double-failure ties; technical/missing excluded and counted; all-registered sensitivity separate,v2,<ADDENDUM_ROOT>/13_AGGREGATE_ADDENDUM/v2/PAIRWISE_SUMMARY.csv,156,941853e2f45b4498892ce2c20ba98f27ca0df6153240e3c8f77136dc3066191e,<ADDENDUM_ROOT>/13_AGGREGATE_ADDENDUM/v2/FAILURE_AWARE_PAIRWISE_SUMMARY.csv,156,7c33307d06e3a6b93f5c3ba6b3529eada6fce78e2ae5907da4a0daf343c0c296
full_vs_strong,outage_end_horizontal_error_m,family,A1,27,27,-1.3478451340008117,1.0026594310144867,-9.237136640212631,5.687211672201344,-3.1921453896733283,5.318415656928778,12,0,15,0.4444444444444444,0.6394360218098059,wilcox; abs(delta)>1e-12,exact conditional signs with ties for n_nonzero<=20; frozen normal approximation otherwise,10000,20260904,paired cases; percentile 95%; default_rng PCG64; mean and median explicitly separated,candidate_minus_reference; negative_is_better,27,12,15,0,0.4444444444444444,27,0.4444444444444444,27,0,0,0,0,0,0,comparable terminals include algorithm failures and double-failure ties; technical/missing excluded and counted; all-registered sensitivity separate,v2,<ADDENDUM_ROOT>/13_AGGREGATE_ADDENDUM/v2/PAIRWISE_SUMMARY.csv,158,941853e2f45b4498892ce2c20ba98f27ca0df6153240e3c8f77136dc3066191e,<ADDENDUM_ROOT>/13_AGGREGATE_ADDENDUM/v2/FAILURE_AWARE_PAIRWISE_SUMMARY.csv,158,7c33307d06e3a6b93f5c3ba6b3529eada6fce78e2ae5907da4a0daf343c0c296
full_vs_strong,outage_end_horizontal_error_m,family,A2,18,18,-34.27249595076635,-13.586430319963299,-52.10424596152365,-18.17410400294992,-56.32216640909999,-6.615991264109024,17,0,1,0.9444444444444444,0.00019073486328125,wilcox; abs(delta)>1e-12,exact conditional signs with ties for n_nonzero<=20; frozen normal approximation otherwise,10000,20260904,paired cases; percentile 95%; default_rng PCG64; mean and median explicitly separated,candidate_minus_reference; negative_is_better,18,17,1,0,0.9444444444444444,18,0.9444444444444444,18,0,0,0,0,0,0,comparable terminals include algorithm failures and double-failure ties; technical/missing excluded and counted; all-registered sensitivity separate,v2,<ADDENDUM_ROOT>/13_AGGREGATE_ADDENDUM/v2/PAIRWISE_SUMMARY.csv,159,941853e2f45b4498892ce2c20ba98f27ca0df6153240e3c8f77136dc3066191e,<ADDENDUM_ROOT>/13_AGGREGATE_ADDENDUM/v2/FAILURE_AWARE_PAIRWISE_SUMMARY.csv,159,7c33307d06e3a6b93f5c3ba6b3529eada6fce78e2ae5907da4a0daf343c0c296
full_vs_strong,post_window_horizontal_rmse_m,family,A1,27,27,-0.1225867304839146,0.027764626445991536,-0.5637890038506498,0.2697246990833637,-0.014057773189485756,0.17286506493150888,10,0,17,0.37037037037037035,0.4784874073973762,wilcox; abs(delta)>1e-12,exact conditional signs with ties for n_nonzero<=20; frozen normal approximation otherwise,10000,20260904,paired cases; percentile 95%; default_rng PCG64; mean and median explicitly separated,candidate_minus_reference; negative_is_better,27,10,17,0,0.37037037037037035,27,0.37037037037037035,27,0,0,0,0,0,0,comparable terminals include algorithm failures and double-failure ties; technical/missing excluded and counted; all-registered sensitivity separate,v2,<ADDENDUM_ROOT>/13_AGGREGATE_ADDENDUM/v2/PAIRWISE_SUMMARY.csv,161,941853e2f45b4498892ce2c20ba98f27ca0df6153240e3c8f77136dc3066191e,<ADDENDUM_ROOT>/13_AGGREGATE_ADDENDUM/v2/FAILURE_AWARE_PAIRWISE_SUMMARY.csv,161,7c33307d06e3a6b93f5c3ba6b3529eada6fce78e2ae5907da4a0daf343c0c296
full_vs_strong,post_window_horizontal_rmse_m,family,A2,18,18,-1.180953400467998,-0.4334995948631865,-1.9901528970060505,-0.5016794027373362,-1.956383584737312,-0.17224616836142959,15,0,3,0.8333333333333334,0.0005340576171875,wilcox; abs(delta)>1e-12,exact conditional signs with ties for n_nonzero<=20; frozen normal approximation otherwise,10000,20260904,paired cases; percentile 95%; default_rng PCG64; mean and median explicitly separated,candidate_minus_reference; negative_is_better,18,15,3,0,0.8333333333333334,18,0.8333333333333334,18,0,0,0,0,0,0,comparable terminals include algorithm failures and double-failure ties; technical/missing excluded and counted; all-registered sensitivity separate,v2,<ADDENDUM_ROOT>/13_AGGREGATE_ADDENDUM/v2/PAIRWISE_SUMMARY.csv,162,941853e2f45b4498892ce2c20ba98f27ca0df6153240e3c8f77136dc3066191e,<ADDENDUM_ROOT>/13_AGGREGATE_ADDENDUM/v2/FAILURE_AWARE_PAIRWISE_SUMMARY.csv,162,7c33307d06e3a6b93f5c3ba6b3529eada6fce78e2ae5907da4a0daf343c0c296
full_vs_strong,up_rmse_m,family,A1,27,27,0.046758434938936555,0.0005627801572213875,-0.011525522548421515,0.11439944246968117,-0.023527489616751662,0.013107739179871292,13,0,14,0.48148148148148145,0.7456825420836934,wilcox; abs(delta)>1e-12,exact conditional signs with ties for n_nonzero<=20; frozen normal approximation otherwise,10000,20260904,paired cases; percentile 95%; default_rng PCG64; mean and median explicitly separated,candidate_minus_reference; negative_is_better,27,13,14,0,0.48148148148148145,27,0.48148148148148145,27,0,0,0,0,0,0,comparable terminals include algorithm failures and double-failure ties; technical/missing excluded and counted; all-registered sensitivity separate,v2,<ADDENDUM_ROOT>/13_AGGREGATE_ADDENDUM/v2/PAIRWISE_SUMMARY.csv,164,941853e2f45b4498892ce2c20ba98f27ca0df6153240e3c8f77136dc3066191e,<ADDENDUM_ROOT>/13_AGGREGATE_ADDENDUM/v2/FAILURE_AWARE_PAIRWISE_SUMMARY.csv,164,7c33307d06e3a6b93f5c3ba6b3529eada6fce78e2ae5907da4a0daf343c0c296
full_vs_strong,up_rmse_m,family,A2,18,18,0.017863415663273558,0.008654537964180392,-0.06205962585642239,0.09359457835865623,-0.006425593861989903,0.040295231202283566,7,0,11,0.3888888888888889,0.3692169189453125,wilcox; abs(delta)>1e-12,exact conditional signs with ties for n_nonzero<=20; frozen normal approximation otherwise,10000,20260904,paired cases; percentile 95%; default_rng PCG64; mean and median explicitly separated,candidate_minus_reference; negative_is_better,18,7,11,0,0.3888888888888889,18,0.3888888888888889,18,0,0,0,0,0,0,comparable terminals include algorithm failures and double-failure ties; technical/missing excluded and counted; all-registered sensitivity separate,v2,<ADDENDUM_ROOT>/13_AGGREGATE_ADDENDUM/v2/PAIRWISE_SUMMARY.csv,165,941853e2f45b4498892ce2c20ba98f27ca0df6153240e3c8f77136dc3066191e,<ADDENDUM_ROOT>/13_AGGREGATE_ADDENDUM/v2/FAILURE_AWARE_PAIRWISE_SUMMARY.csv,165,7c33307d06e3a6b93f5c3ba6b3529eada6fce78e2ae5907da4a0daf343c0c296
full_vs_strong,yaw_rmse_deg,family,A1,27,27,-0.048758530881704676,-0.04531484654664597,-0.0530970043034998,-0.04459461113163017,-0.05152705753003728,-0.04279051011228496,27,0,0,1.0,5.9344232634363165e-06,wilcox; abs(delta)>1e-12,exact conditional signs with ties for n_nonzero<=20; frozen normal approximation otherwise,10000,20260904,paired cases; percentile 95%; default_rng PCG64; mean and median explicitly separated,candidate_minus_reference; negative_is_better,27,27,0,0,1.0,27,1.0,27,0,0,0,0,0,0,comparable terminals include algorithm failures and double-failure ties; technical/missing excluded and counted; all-registered sensitivity separate,v2,<ADDENDUM_ROOT>/13_AGGREGATE_ADDENDUM/v2/PAIRWISE_SUMMARY.csv,167,941853e2f45b4498892ce2c20ba98f27ca0df6153240e3c8f77136dc3066191e,<ADDENDUM_ROOT>/13_AGGREGATE_ADDENDUM/v2/FAILURE_AWARE_PAIRWISE_SUMMARY.csv,167,7c33307d06e3a6b93f5c3ba6b3529eada6fce78e2ae5907da4a0daf343c0c296
full_vs_strong,yaw_rmse_deg,family,A2,18,18,-0.046526963242603844,-0.04610966357076318,-0.0479810543775146,-0.045055796814873164,-0.04787162058626149,-0.04543808086601288,18,0,0,1.0,7.62939453125e-06,wilcox; abs(delta)>1e-12,exact conditional signs with ties for n_nonzero<=20; frozen normal approximation otherwise,10000,20260904,paired cases; percentile 95%; default_rng PCG64; mean and median explicitly separated,candidate_minus_reference; negative_is_better,18,18,0,0,1.0,18,1.0,18,0,0,0,0,0,0,comparable terminals include algorithm failures and double-failure ties; technical/missing excluded and counted; all-registered sensitivity separate,v2,<ADDENDUM_ROOT>/13_AGGREGATE_ADDENDUM/v2/PAIRWISE_SUMMARY.csv,168,941853e2f45b4498892ce2c20ba98f27ca0df6153240e3c8f77136dc3066191e,<ADDENDUM_ROOT>/13_AGGREGATE_ADDENDUM/v2/FAILURE_AWARE_PAIRWISE_SUMMARY.csv,168,7c33307d06e3a6b93f5c3ba6b3529eada6fce78e2ae5907da4a0daf343c0c296
