file_id,group,run_id,sequence_id,domain,case_id,case_family,seed_index,method_id,effective_profile,evaluator_version,payload_kind,data_mode,field,row_count,finite_count,non_numeric_count,nan_count,positive_infinity_count,negative_infinity_count,finite_min,finite_max,negative_count
ADD_RUN_00397__v3,A2_20s,ADD_RUN_00397,BY2,ADDENDUM,D62_20s_seed_00,A2,seed_00,F01,single_antenna_EKF,v3,error_series,semisynthetic,time,56642,56642,0,0,0,0,66.005054,339.997056,0
ADD_RUN_00397__v3,A2_20s,ADD_RUN_00397,BY2,ADDENDUM,D62_20s_seed_00,A2,seed_00,F01,single_antenna_EKF,v3,error_series,semisynthetic,err_n_m,56642,56642,0,0,0,0,-143.40193034177696,0.1747440509681084,38343
ADD_RUN_00397__v3,A2_20s,ADD_RUN_00397,BY2,ADDENDUM,D62_20s_seed_00,A2,seed_00,F01,single_antenna_EKF,v3,error_series,semisynthetic,err_e_m,56642,56642,0,0,0,0,-10.476340384759382,0.49858165044403435,28256
ADD_RUN_00397__v3,A2_20s,ADD_RUN_00397,BY2,ADDENDUM,D62_20s_seed_00,A2,seed_00,F01,single_antenna_EKF,v3,error_series,semisynthetic,err_u_m,56642,56642,0,0,0,0,-0.1760588105578833,7.760507802183485,36241
ADD_RUN_00397__v3,A2_20s,ADD_RUN_00397,BY2,ADDENDUM,D62_20s_seed_00,A2,seed_00,F01,single_antenna_EKF,v3,error_series,semisynthetic,horizontal_err_m,56642,56642,0,0,0,0,0.00014181290881221632,143.67839892047965,0
ADD_RUN_00397__v3,A2_20s,ADD_RUN_00397,BY2,ADDENDUM,D62_20s_seed_00,A2,seed_00,F01,single_antenna_EKF,v3,error_series,semisynthetic,position_3d_err_m,56642,56642,0,0,0,0,0.00078425699127759,143.87463740365743,0
ADD_RUN_00397__v3,A2_20s,ADD_RUN_00397,BY2,ADDENDUM,D62_20s_seed_00,A2,seed_00,F01,single_antenna_EKF,v3,error_series,semisynthetic,roll_err_deg,56642,56642,0,0,0,0,-4.456687683563274,9.298358057296582,16200
ADD_RUN_00397__v3,A2_20s,ADD_RUN_00397,BY2,ADDENDUM,D62_20s_seed_00,A2,seed_00,F01,single_antenna_EKF,v3,error_series,semisynthetic,pitch_err_deg,56642,56642,0,0,0,0,-9.986198127754449,8.452295398542645,37608
ADD_RUN_00397__v3,A2_20s,ADD_RUN_00397,BY2,ADDENDUM,D62_20s_seed_00,A2,seed_00,F01,single_antenna_EKF,v3,error_series,semisynthetic,yaw_err_deg,56642,56642,0,0,0,0,-18.722416761238406,1.0895758841452334,56301
ADD_RUN_00397__v3,A2_20s,ADD_RUN_00397,BY2,ADDENDUM,D62_20s_seed_00,A2,seed_00,F01,single_antenna_EKF,v3,error_series,semisynthetic,horizontal_3sigma_m,56642,56642,0,0,0,0,0.04701110601057322,50.43855549256892,0
ADD_RUN_00397__v3,A2_20s,ADD_RUN_00397,BY2,ADDENDUM,D62_20s_seed_00,A2,seed_00,F01,single_antenna_EKF,v3,error_series,semisynthetic,roll_3sigma_deg,56642,56642,0,0,0,0,0.412608282,6.0000398189999995,0
ADD_RUN_00397__v3,A2_20s,ADD_RUN_00397,BY2,ADDENDUM,D62_20s_seed_00,A2,seed_00,F01,single_antenna_EKF,v3,error_series,semisynthetic,pitch_3sigma_deg,56642,56642,0,0,0,0,0.411592332,6.0000398189999995,0
ADD_RUN_00397__v3,A2_20s,ADD_RUN_00397,BY2,ADDENDUM,D62_20s_seed_00,A2,seed_00,F01,single_antenna_EKF,v3,error_series,semisynthetic,yaw_3sigma_deg,56642,56642,0,0,0,0,2.624311404,6.0000398189999995,0
ADD_RUN_00397__v2,A2_20s,ADD_RUN_00397,BY2,ADDENDUM,D62_20s_seed_00,A2,seed_00,F01,single_antenna_EKF,v2,error_series,semisynthetic,time,56642,56642,0,0,0,0,66.005054,339.997056,0
ADD_RUN_00397__v2,A2_20s,ADD_RUN_00397,BY2,ADDENDUM,D62_20s_seed_00,A2,seed_00,F01,single_antenna_EKF,v2,error_series,semisynthetic,err_n_m,56642,56642,0,0,0,0,-143.5232569684685,0.22078020549652067,27806
ADD_RUN_00397__v2,A2_20s,ADD_RUN_00397,BY2,ADDENDUM,D62_20s_seed_00,A2,seed_00,F01,single_antenna_EKF,v2,error_series,semisynthetic,err_e_m,56642,56642,0,0,0,0,-10.486437076684624,0.48832729922251517,28915
ADD_RUN_00397__v2,A2_20s,ADD_RUN_00397,BY2,ADDENDUM,D62_20s_seed_00,A2,seed_00,F01,single_antenna_EKF,v2,error_series,semisynthetic,err_u_m,56642,56642,0,0,0,0,-0.48430549320605465,7.4489889960637825,53550
ADD_RUN_00397__v2,A2_20s,ADD_RUN_00397,BY2,ADDENDUM,D62_20s_seed_00,A2,seed_00,F01,single_antenna_EKF,v2,error_series,semisynthetic,horizontal_err_m,56642,56642,0,0,0,0,0.00521527262325004,143.79996603981778,0
ADD_RUN_00397__v2,A2_20s,ADD_RUN_00397,BY2,ADDENDUM,D62_20s_seed_00,A2,seed_00,F01,single_antenna_EKF,v2,error_series,semisynthetic,position_3d_err_m,56642,56642,0,0,0,0,0.15933402670556315,143.98004292698823,0
ADD_RUN_00397__v2,A2_20s,ADD_RUN_00397,BY2,ADDENDUM,D62_20s_seed_00,A2,seed_00,F01,single_antenna_EKF,v2,error_series,semisynthetic,roll_err_deg,56642,56642,0,0,0,0,-4.456687683563274,9.298358057296582,16200
ADD_RUN_00397__v2,A2_20s,ADD_RUN_00397,BY2,ADDENDUM,D62_20s_seed_00,A2,seed_00,F01,single_antenna_EKF,v2,error_series,semisynthetic,pitch_err_deg,56642,56642,0,0,0,0,-9.986198127754449,8.452295398542645,37608
ADD_RUN_00397__v2,A2_20s,ADD_RUN_00397,BY2,ADDENDUM,D62_20s_seed_00,A2,seed_00,F01,single_antenna_EKF,v2,error_series,semisynthetic,yaw_err_deg,56642,56642,0,0,0,0,-18.722416761238406,1.0895758841452334,56301
ADD_RUN_00397__v2,A2_20s,ADD_RUN_00397,BY2,ADDENDUM,D62_20s_seed_00,A2,seed_00,F01,single_antenna_EKF,v2,error_series,semisynthetic,horizontal_3sigma_m,56642,56642,0,0,0,0,0.04701110601057322,50.43855549256892,0
ADD_RUN_00397__v2,A2_20s,ADD_RUN_00397,BY2,ADDENDUM,D62_20s_seed_00,A2,seed_00,F01,single_antenna_EKF,v2,error_series,semisynthetic,roll_3sigma_deg,56642,56642,0,0,0,0,0.412608282,6.0000398189999995,0
ADD_RUN_00397__v2,A2_20s,ADD_RUN_00397,BY2,ADDENDUM,D62_20s_seed_00,A2,seed_00,F01,single_antenna_EKF,v2,error_series,semisynthetic,pitch_3sigma_deg,56642,56642,0,0,0,0,0.411592332,6.0000398189999995,0
ADD_RUN_00397__v2,A2_20s,ADD_RUN_00397,BY2,ADDENDUM,D62_20s_seed_00,A2,seed_00,F01,single_antenna_EKF,v2,error_series,semisynthetic,yaw_3sigma_deg,56642,56642,0,0,0,0,2.624311404,6.0000398189999995,0
ADD_RUN_00398__v3,A2_20s,ADD_RUN_00398,BY2,ADDENDUM,D62_20s_seed_00,A2,seed_00,F02,basic_dual_yaw_EKF,v3,error_series,semisynthetic,time,56642,56642,0,0,0,0,66.005054,339.997056,0
ADD_RUN_00398__v3,A2_20s,ADD_RUN_00398,BY2,ADDENDUM,D62_20s_seed_00,A2,seed_00,F02,basic_dual_yaw_EKF,v3,error_series,semisynthetic,err_n_m,56642,56642,0,0,0,0,-138.38099513815433,0.18118118943627337,41091
ADD_RUN_00398__v3,A2_20s,ADD_RUN_00398,BY2,ADDENDUM,D62_20s_seed_00,A2,seed_00,F02,basic_dual_yaw_EKF,v3,error_series,semisynthetic,err_e_m,56642,56642,0,0,0,0,-27.856505868058576,0.524696969080523,29406
ADD_RUN_00398__v3,A2_20s,ADD_RUN_00398,BY2,ADDENDUM,D62_20s_seed_00,A2,seed_00,F02,basic_dual_yaw_EKF,v3,error_series,semisynthetic,err_u_m,56642,56642,0,0,0,0,-0.1826494761872901,7.844456695063281,36410
ADD_RUN_00398__v3,A2_20s,ADD_RUN_00398,BY2,ADDENDUM,D62_20s_seed_00,A2,seed_00,F02,basic_dual_yaw_EKF,v3,error_series,semisynthetic,horizontal_err_m,56642,56642,0,0,0,0,0.0003882620857329156,141.15695071303813,0
ADD_RUN_00398__v3,A2_20s,ADD_RUN_00398,BY2,ADDENDUM,D62_20s_seed_00,A2,seed_00,F02,basic_dual_yaw_EKF,v3,error_series,semisynthetic,position_3d_err_m,56642,56642,0,0,0,0,0.0025943769162666192,141.36118264487774,0
ADD_RUN_00398__v3,A2_20s,ADD_RUN_00398,BY2,ADDENDUM,D62_20s_seed_00,A2,seed_00,F02,basic_dual_yaw_EKF,v3,error_series,semisynthetic,roll_err_deg,56642,56642,0,0,0,0,-4.332691531563285,9.318728671296583,16216
ADD_RUN_00398__v3,A2_20s,ADD_RUN_00398,BY2,ADDENDUM,D62_20s_seed_00,A2,seed_00,F02,basic_dual_yaw_EKF,v3,error_series,semisynthetic,pitch_err_deg,56642,56642,0,0,0,0,-9.985389248754473,8.416588180542647,37486
ADD_RUN_00398__v3,A2_20s,ADD_RUN_00398,BY2,ADDENDUM,D62_20s_seed_00,A2,seed_00,F02,basic_dual_yaw_EKF,v3,error_series,semisynthetic,yaw_err_deg,56642,56642,0,0,0,0,-10.144770663238404,3.8528586972653045,43838
ADD_RUN_00398__v3,A2_20s,ADD_RUN_00398,BY2,ADDENDUM,D62_20s_seed_00,A2,seed_00,F02,basic_dual_yaw_EKF,v3,error_series,semisynthetic,horizontal_3sigma_m,56642,56642,0,0,0,0,0.051806411538727,50.807058059467685,0
ADD_RUN_00398__v3,A2_20s,ADD_RUN_00398,BY2,ADDENDUM,D62_20s_seed_00,A2,seed_00,F02,basic_dual_yaw_EKF,v3,error_series,semisynthetic,roll_3sigma_deg,56642,56642,0,0,0,0,0.400527207,6.000072272999999,0
ADD_RUN_00398__v3,A2_20s,ADD_RUN_00398,BY2,ADDENDUM,D62_20s_seed_00,A2,seed_00,F02,basic_dual_yaw_EKF,v3,error_series,semisynthetic,pitch_3sigma_deg,56642,56642,0,0,0,0,0.408290037,6.000072231,0
ADD_RUN_00398__v3,A2_20s,ADD_RUN_00398,BY2,ADDENDUM,D62_20s_seed_00,A2,seed_00,F02,basic_dual_yaw_EKF,v3,error_series,semisynthetic,yaw_3sigma_deg,56642,56642,0,0,0,0,0.5284251120000001,6.0000398189999995,0
ADD_RUN_00398__v2,A2_20s,ADD_RUN_00398,BY2,ADDENDUM,D62_20s_seed_00,A2,seed_00,F02,basic_dual_yaw_EKF,v2,error_series,semisynthetic,time,56642,56642,0,0,0,0,66.005054,339.997056,0
ADD_RUN_00398__v2,A2_20s,ADD_RUN_00398,BY2,ADDENDUM,D62_20s_seed_00,A2,seed_00,F02,basic_dual_yaw_EKF,v2,error_series,semisynthetic,err_n_m,56642,56642,0,0,0,0,-138.5008778033216,0.20312558349953314,29118
ADD_RUN_00398__v2,A2_20s,ADD_RUN_00398,BY2,ADDENDUM,D62_20s_seed_00,A2,seed_00,F02,basic_dual_yaw_EKF,v2,error_series,semisynthetic,err_e_m,56642,56642,0,0,0,0,-27.87604294297006,0.4972957380437464,28071
ADD_RUN_00398__v2,A2_20s,ADD_RUN_00398,BY2,ADDENDUM,D62_20s_seed_00,A2,seed_00,F02,basic_dual_yaw_EKF,v2,error_series,semisynthetic,err_u_m,56642,56642,0,0,0,0,-0.4910897141993118,7.532880996942872,53531
ADD_RUN_00398__v2,A2_20s,ADD_RUN_00398,BY2,ADDENDUM,D62_20s_seed_00,A2,seed_00,F02,basic_dual_yaw_EKF,v2,error_series,semisynthetic,horizontal_err_m,56642,56642,0,0,0,0,0.01632315213896643,141.27833139745434,0
ADD_RUN_00398__v2,A2_20s,ADD_RUN_00398,BY2,ADDENDUM,D62_20s_seed_00,A2,seed_00,F02,basic_dual_yaw_EKF,v2,error_series,semisynthetic,position_3d_err_m,56642,56642,0,0,0,0,0.16727439656768342,141.46591980122747,0
ADD_RUN_00398__v2,A2_20s,ADD_RUN_00398,BY2,ADDENDUM,D62_20s_seed_00,A2,seed_00,F02,basic_dual_yaw_EKF,v2,error_series,semisynthetic,roll_err_deg,56642,56642,0,0,0,0,-4.332691531563285,9.318728671296583,16216
ADD_RUN_00398__v2,A2_20s,ADD_RUN_00398,BY2,ADDENDUM,D62_20s_seed_00,A2,seed_00,F02,basic_dual_yaw_EKF,v2,error_series,semisynthetic,pitch_err_deg,56642,56642,0,0,0,0,-9.985389248754473,8.416588180542647,37486
ADD_RUN_00398__v2,A2_20s,ADD_RUN_00398,BY2,ADDENDUM,D62_20s_seed_00,A2,seed_00,F02,basic_dual_yaw_EKF,v2,error_series,semisynthetic,yaw_err_deg,56642,56642,0,0,0,0,-10.144770663238404,3.8528586972653045,43838
ADD_RUN_00398__v2,A2_20s,ADD_RUN_00398,BY2,ADDENDUM,D62_20s_seed_00,A2,seed_00,F02,basic_dual_yaw_EKF,v2,error_series,semisynthetic,horizontal_3sigma_m,56642,56642,0,0,0,0,0.051806411538727,50.807058059467685,0
ADD_RUN_00398__v2,A2_20s,ADD_RUN_00398,BY2,ADDENDUM,D62_20s_seed_00,A2,seed_00,F02,basic_dual_yaw_EKF,v2,error_series,semisynthetic,roll_3sigma_deg,56642,56642,0,0,0,0,0.400527207,6.000072272999999,0
ADD_RUN_00398__v2,A2_20s,ADD_RUN_00398,BY2,ADDENDUM,D62_20s_seed_00,A2,seed_00,F02,basic_dual_yaw_EKF,v2,error_series,semisynthetic,pitch_3sigma_deg,56642,56642,0,0,0,0,0.408290037,6.000072231,0
ADD_RUN_00398__v2,A2_20s,ADD_RUN_00398,BY2,ADDENDUM,D62_20s_seed_00,A2,seed_00,F02,basic_dual_yaw_EKF,v2,error_series,semisynthetic,yaw_3sigma_deg,56642,56642,0,0,0,0,0.5284251120000001,6.0000398189999995,0
ADD_RUN_00399__v3,A2_20s,ADD_RUN_00399,BY2,ADDENDUM,D62_20s_seed_00,A2,seed_00,F03,AB0000,v3,error_series,semisynthetic,time,56642,56642,0,0,0,0,66.005054,339.997056,0
ADD_RUN_00399__v3,A2_20s,ADD_RUN_00399,BY2,ADDENDUM,D62_20s_seed_00,A2,seed_00,F03,AB0000,v3,error_series,semisynthetic,err_n_m,56642,56642,0,0,0,0,-139.1065094537766,0.18082914711065357,38229
ADD_RUN_00399__v3,A2_20s,ADD_RUN_00399,BY2,ADDENDUM,D62_20s_seed_00,A2,seed_00,F03,AB0000,v3,error_series,semisynthetic,err_e_m,56642,56642,0,0,0,0,-26.328930484234064,0.5262942901304726,29709
ADD_RUN_00399__v3,A2_20s,ADD_RUN_00399,BY2,ADDENDUM,D62_20s_seed_00,A2,seed_00,F03,AB0000,v3,error_series,semisynthetic,err_u_m,56642,56642,0,0,0,0,-0.176095864654922,7.865317097943233,36245
ADD_RUN_00399__v3,A2_20s,ADD_RUN_00399,BY2,ADDENDUM,D62_20s_seed_00,A2,seed_00,F03,AB0000,v3,error_series,semisynthetic,horizontal_err_m,56642,56642,0,0,0,0,0.00032457302228820875,141.576246428761,0
ADD_RUN_00399__v3,A2_20s,ADD_RUN_00399,BY2,ADDENDUM,D62_20s_seed_00,A2,seed_00,F03,AB0000,v3,error_series,semisynthetic,position_3d_err_m,56642,56642,0,0,0,0,0.0012100645664849454,141.78340341693504,0
ADD_RUN_00399__v3,A2_20s,ADD_RUN_00399,BY2,ADDENDUM,D62_20s_seed_00,A2,seed_00,F03,AB0000,v3,error_series,semisynthetic,roll_err_deg,56642,56642,0,0,0,0,-4.396087762563269,9.283395068296585,16192
ADD_RUN_00399__v3,A2_20s,ADD_RUN_00399,BY2,ADDENDUM,D62_20s_seed_00,A2,seed_00,F03,AB0000,v3,error_series,semisynthetic,pitch_err_deg,56642,56642,0,0,0,0,-9.980643974754457,8.452381553542637,37485
ADD_RUN_00399__v3,A2_20s,ADD_RUN_00399,BY2,ADDENDUM,D62_20s_seed_00,A2,seed_00,F03,AB0000,v3,error_series,semisynthetic,yaw_err_deg,56642,56642,0,0,0,0,-8.859197774238396,3.825790485265287,42278
ADD_RUN_00399__v3,A2_20s,ADD_RUN_00399,BY2,ADDENDUM,D62_20s_seed_00,A2,seed_00,F03,AB0000,v3,error_series,semisynthetic,horizontal_3sigma_m,56642,56642,0,0,0,0,0.04695986417083845,50.406650232433435,0
ADD_RUN_00399__v3,A2_20s,ADD_RUN_00399,BY2,ADDENDUM,D62_20s_seed_00,A2,seed_00,F03,AB0000,v3,error_series,semisynthetic,roll_3sigma_deg,56642,56642,0,0,0,0,0.40002173999999996,6.0000398189999995,0
ADD_RUN_00399__v3,A2_20s,ADD_RUN_00399,BY2,ADDENDUM,D62_20s_seed_00,A2,seed_00,F03,AB0000,v3,error_series,semisynthetic,pitch_3sigma_deg,56642,56642,0,0,0,0,0.407858442,6.0000398189999995,0
ADD_RUN_00399__v3,A2_20s,ADD_RUN_00399,BY2,ADDENDUM,D62_20s_seed_00,A2,seed_00,F03,AB0000,v3,error_series,semisynthetic,yaw_3sigma_deg,56642,56642,0,0,0,0,0.544999935,6.0000398189999995,0
ADD_RUN_00399__v2,A2_20s,ADD_RUN_00399,BY2,ADDENDUM,D62_20s_seed_00,A2,seed_00,F03,AB0000,v2,error_series,semisynthetic,time,56642,56642,0,0,0,0,66.005054,339.997056,0
ADD_RUN_00399__v2,A2_20s,ADD_RUN_00399,BY2,ADDENDUM,D62_20s_seed_00,A2,seed_00,F03,AB0000,v2,error_series,semisynthetic,err_n_m,56642,56642,0,0,0,0,-139.22640611361146,0.21944779831282624,27569
ADD_RUN_00399__v2,A2_20s,ADD_RUN_00399,BY2,ADDENDUM,D62_20s_seed_00,A2,seed_00,F03,AB0000,v2,error_series,semisynthetic,err_e_m,56642,56642,0,0,0,0,-26.348572913322215,0.49558749331638197,28958
ADD_RUN_00399__v2,A2_20s,ADD_RUN_00399,BY2,ADDENDUM,D62_20s_seed_00,A2,seed_00,F03,AB0000,v2,error_series,semisynthetic,err_u_m,56642,56642,0,0,0,0,-0.4843372373273134,7.553790496479621,53549
ADD_RUN_00399__v2,A2_20s,ADD_RUN_00399,BY2,ADDENDUM,D62_20s_seed_00,A2,seed_00,F03,AB0000,v2,error_series,semisynthetic,horizontal_err_m,56642,56642,0,0,0,0,0.008921075153760583,141.69770447639905,0
ADD_RUN_00399__v2,A2_20s,ADD_RUN_00399,BY2,ADDENDUM,D62_20s_seed_00,A2,seed_00,F03,AB0000,v2,error_series,semisynthetic,position_3d_err_m,56642,56642,0,0,0,0,0.15592006093981606,141.8881207110711,0
ADD_RUN_00399__v2,A2_20s,ADD_RUN_00399,BY2,ADDENDUM,D62_20s_seed_00,A2,seed_00,F03,AB0000,v2,error_series,semisynthetic,roll_err_deg,56642,56642,0,0,0,0,-4.396087762563269,9.283395068296585,16192
ADD_RUN_00399__v2,A2_20s,ADD_RUN_00399,BY2,ADDENDUM,D62_20s_seed_00,A2,seed_00,F03,AB0000,v2,error_series,semisynthetic,pitch_err_deg,56642,56642,0,0,0,0,-9.980643974754457,8.452381553542637,37485
ADD_RUN_00399__v2,A2_20s,ADD_RUN_00399,BY2,ADDENDUM,D62_20s_seed_00,A2,seed_00,F03,AB0000,v2,error_series,semisynthetic,yaw_err_deg,56642,56642,0,0,0,0,-8.859197774238396,3.825790485265287,42278
ADD_RUN_00399__v2,A2_20s,ADD_RUN_00399,BY2,ADDENDUM,D62_20s_seed_00,A2,seed_00,F03,AB0000,v2,error_series,semisynthetic,horizontal_3sigma_m,56642,56642,0,0,0,0,0.04695986417083845,50.406650232433435,0
ADD_RUN_00399__v2,A2_20s,ADD_RUN_00399,BY2,ADDENDUM,D62_20s_seed_00,A2,seed_00,F03,AB0000,v2,error_series,semisynthetic,roll_3sigma_deg,56642,56642,0,0,0,0,0.40002173999999996,6.0000398189999995,0
ADD_RUN_00399__v2,A2_20s,ADD_RUN_00399,BY2,ADDENDUM,D62_20s_seed_00,A2,seed_00,F03,AB0000,v2,error_series,semisynthetic,pitch_3sigma_deg,56642,56642,0,0,0,0,0.407858442,6.0000398189999995,0
ADD_RUN_00399__v2,A2_20s,ADD_RUN_00399,BY2,ADDENDUM,D62_20s_seed_00,A2,seed_00,F03,AB0000,v2,error_series,semisynthetic,yaw_3sigma_deg,56642,56642,0,0,0,0,0.544999935,6.0000398189999995,0
ADD_RUN_00400__v3,A2_20s,ADD_RUN_00400,BY2,ADDENDUM,D62_20s_seed_00,A2,seed_00,F04,AB1111,v3,error_series,semisynthetic,time,56642,56642,0,0,0,0,66.005054,339.997056,0
ADD_RUN_00400__v3,A2_20s,ADD_RUN_00400,BY2,ADDENDUM,D62_20s_seed_00,A2,seed_00,F04,AB1111,v3,error_series,semisynthetic,err_n_m,56642,56642,0,0,0,0,-0.42495842675701795,1.369604025727977,33340
ADD_RUN_00400__v3,A2_20s,ADD_RUN_00400,BY2,ADDENDUM,D62_20s_seed_00,A2,seed_00,F04,AB1111,v3,error_series,semisynthetic,err_e_m,56642,56642,0,0,0,0,-0.28935985023082367,0.5177807381144746,30349
ADD_RUN_00400__v3,A2_20s,ADD_RUN_00400,BY2,ADDENDUM,D62_20s_seed_00,A2,seed_00,F04,AB1111,v3,error_series,semisynthetic,err_u_m,56642,56642,0,0,0,0,-0.18452198727745994,13.43654891507118,37449
ADD_RUN_00400__v3,A2_20s,ADD_RUN_00400,BY2,ADDENDUM,D62_20s_seed_00,A2,seed_00,F04,AB1111,v3,error_series,semisynthetic,horizontal_err_m,56642,56642,0,0,0,0,0.0001654356781642026,1.3946346248213224,0
ADD_RUN_00400__v3,A2_20s,ADD_RUN_00400,BY2,ADDENDUM,D62_20s_seed_00,A2,seed_00,F04,AB1111,v3,error_series,semisynthetic,position_3d_err_m,56642,56642,0,0,0,0,0.0018098161341027726,13.506930106098691,0
ADD_RUN_00400__v3,A2_20s,ADD_RUN_00400,BY2,ADDENDUM,D62_20s_seed_00,A2,seed_00,F04,AB1111,v3,error_series,semisynthetic,roll_err_deg,56642,56642,0,0,0,0,-4.086152222563271,6.871291905296573,19302
ADD_RUN_00400__v3,A2_20s,ADD_RUN_00400,BY2,ADDENDUM,D62_20s_seed_00,A2,seed_00,F04,AB1111,v3,error_series,semisynthetic,pitch_err_deg,56642,56642,0,0,0,0,-8.568337323754463,8.513640839542632,37205
ADD_RUN_00400__v3,A2_20s,ADD_RUN_00400,BY2,ADDENDUM,D62_20s_seed_00,A2,seed_00,F04,AB1111,v3,error_series,semisynthetic,yaw_err_deg,56642,56642,0,0,0,0,-8.765617806238424,3.851520604265289,42156
ADD_RUN_00400__v3,A2_20s,ADD_RUN_00400,BY2,ADDENDUM,D62_20s_seed_00,A2,seed_00,F04,AB1111,v3,error_series,semisynthetic,horizontal_3sigma_m,56642,56642,0,0,0,0,0.04566307620468761,42.43457969268709,0
ADD_RUN_00400__v3,A2_20s,ADD_RUN_00400,BY2,ADDENDUM,D62_20s_seed_00,A2,seed_00,F04,AB1111,v3,error_series,semisynthetic,roll_3sigma_deg,56642,56642,0,0,0,0,0.32306858400000005,6.0000398189999995,0
ADD_RUN_00400__v3,A2_20s,ADD_RUN_00400,BY2,ADDENDUM,D62_20s_seed_00,A2,seed_00,F04,AB1111,v3,error_series,semisynthetic,pitch_3sigma_deg,56642,56642,0,0,0,0,0.325230468,6.0000398189999995,0
ADD_RUN_00400__v3,A2_20s,ADD_RUN_00400,BY2,ADDENDUM,D62_20s_seed_00,A2,seed_00,F04,AB1111,v3,error_series,semisynthetic,yaw_3sigma_deg,56642,56642,0,0,0,0,0.544788072,6.0000398189999995,0
ADD_RUN_00400__v2,A2_20s,ADD_RUN_00400,BY2,ADDENDUM,D62_20s_seed_00,A2,seed_00,F04,AB1111,v2,error_series,semisynthetic,time,56642,56642,0,0,0,0,66.005054,339.997056,0
ADD_RUN_00400__v2,A2_20s,ADD_RUN_00400,BY2,ADDENDUM,D62_20s_seed_00,A2,seed_00,F04,AB1111,v2,error_series,semisynthetic,err_n_m,56642,56642,0,0,0,0,-0.4534930991605105,1.230501670474414,24513
ADD_RUN_00400__v2,A2_20s,ADD_RUN_00400,BY2,ADDENDUM,D62_20s_seed_00,A2,seed_00,F04,AB1111,v2,error_series,semisynthetic,err_e_m,56642,56642,0,0,0,0,-0.3110920385696119,0.4962708118942807,28668
ADD_RUN_00400__v2,A2_20s,ADD_RUN_00400,BY2,ADDENDUM,D62_20s_seed_00,A2,seed_00,F04,AB1111,v2,error_series,semisynthetic,err_u_m,56642,56642,0,0,0,0,-0.48782468553904224,13.127978066427719,53468
ADD_RUN_00400__v2,A2_20s,ADD_RUN_00400,BY2,ADDENDUM,D62_20s_seed_00,A2,seed_00,F04,AB1111,v2,error_series,semisynthetic,horizontal_err_m,56642,56642,0,0,0,0,0.013466074777209186,1.2634396888011936,0
ADD_RUN_00400__v2,A2_20s,ADD_RUN_00400,BY2,ADDENDUM,D62_20s_seed_00,A2,seed_00,F04,AB1111,v2,error_series,semisynthetic,position_3d_err_m,56642,56642,0,0,0,0,0.08442406593563634,13.187501281097111,0
ADD_RUN_00400__v2,A2_20s,ADD_RUN_00400,BY2,ADDENDUM,D62_20s_seed_00,A2,seed_00,F04,AB1111,v2,error_series,semisynthetic,roll_err_deg,56642,56642,0,0,0,0,-4.086152222563271,6.871291905296573,19302
ADD_RUN_00400__v2,A2_20s,ADD_RUN_00400,BY2,ADDENDUM,D62_20s_seed_00,A2,seed_00,F04,AB1111,v2,error_series,semisynthetic,pitch_err_deg,56642,56642,0,0,0,0,-8.568337323754463,8.513640839542632,37205
ADD_RUN_00400__v2,A2_20s,ADD_RUN_00400,BY2,ADDENDUM,D62_20s_seed_00,A2,seed_00,F04,AB1111,v2,error_series,semisynthetic,yaw_err_deg,56642,56642,0,0,0,0,-8.765617806238424,3.851520604265289,42156
ADD_RUN_00400__v2,A2_20s,ADD_RUN_00400,BY2,ADDENDUM,D62_20s_seed_00,A2,seed_00,F04,AB1111,v2,error_series,semisynthetic,horizontal_3sigma_m,56642,56642,0,0,0,0,0.04566307620468761,42.43457969268709,0
ADD_RUN_00400__v2,A2_20s,ADD_RUN_00400,BY2,ADDENDUM,D62_20s_seed_00,A2,seed_00,F04,AB1111,v2,error_series,semisynthetic,roll_3sigma_deg,56642,56642,0,0,0,0,0.32306858400000005,6.0000398189999995,0
ADD_RUN_00400__v2,A2_20s,ADD_RUN_00400,BY2,ADDENDUM,D62_20s_seed_00,A2,seed_00,F04,AB1111,v2,error_series,semisynthetic,pitch_3sigma_deg,56642,56642,0,0,0,0,0.325230468,6.0000398189999995,0
ADD_RUN_00400__v2,A2_20s,ADD_RUN_00400,BY2,ADDENDUM,D62_20s_seed_00,A2,seed_00,F04,AB1111,v2,error_series,semisynthetic,yaw_3sigma_deg,56642,56642,0,0,0,0,0.544788072,6.0000398189999995,0
ADD_RUN_00401__v3,A2_20s,ADD_RUN_00401,BY2,ADDENDUM,D62_20s_seed_00,A2,seed_00,A03,AB0111,v3,error_series,semisynthetic,time,56642,56642,0,0,0,0,66.005054,339.997056,0
ADD_RUN_00401__v3,A2_20s,ADD_RUN_00401,BY2,ADDENDUM,D62_20s_seed_00,A2,seed_00,A03,AB0111,v3,error_series,semisynthetic,err_n_m,56642,56642,0,0,0,0,-0.42495842675701795,1.354947494845586,33437
ADD_RUN_00401__v3,A2_20s,ADD_RUN_00401,BY2,ADDENDUM,D62_20s_seed_00,A2,seed_00,A03,AB0111,v3,error_series,semisynthetic,err_e_m,56642,56642,0,0,0,0,-0.2877243508473981,0.5177610016489425,30511
ADD_RUN_00401__v3,A2_20s,ADD_RUN_00401,BY2,ADDENDUM,D62_20s_seed_00,A2,seed_00,A03,AB0111,v3,error_series,semisynthetic,err_u_m,56642,56642,0,0,0,0,-0.1845302778975153,13.096774907690126,37677
ADD_RUN_00401__v3,A2_20s,ADD_RUN_00401,BY2,ADDENDUM,D62_20s_seed_00,A2,seed_00,A03,AB0111,v3,error_series,semisynthetic,horizontal_err_m,56642,56642,0,0,0,0,0.00015507965011871962,1.379933168889015,0
ADD_RUN_00401__v3,A2_20s,ADD_RUN_00401,BY2,ADDENDUM,D62_20s_seed_00,A2,seed_00,A03,AB0111,v3,error_series,semisynthetic,position_3d_err_m,56642,56642,0,0,0,0,0.0027083375011939057,13.16744246118316,0
ADD_RUN_00401__v3,A2_20s,ADD_RUN_00401,BY2,ADDENDUM,D62_20s_seed_00,A2,seed_00,A03,AB0111,v3,error_series,semisynthetic,roll_err_deg,56642,56642,0,0,0,0,-4.086950923563279,6.869507493296567,19300
ADD_RUN_00401__v3,A2_20s,ADD_RUN_00401,BY2,ADDENDUM,D62_20s_seed_00,A2,seed_00,A03,AB0111,v3,error_series,semisynthetic,pitch_err_deg,56642,56642,0,0,0,0,-8.567795001754462,8.511179691542623,37210
ADD_RUN_00401__v3,A2_20s,ADD_RUN_00401,BY2,ADDENDUM,D62_20s_seed_00,A2,seed_00,A03,AB0111,v3,error_series,semisynthetic,yaw_err_deg,56642,56642,0,0,0,0,-8.7691603712384,3.8503335602653124,42097
ADD_RUN_00401__v3,A2_20s,ADD_RUN_00401,BY2,ADDENDUM,D62_20s_seed_00,A2,seed_00,A03,AB0111,v3,error_series,semisynthetic,horizontal_3sigma_m,56642,56642,0,0,0,0,0.04603423318225744,42.43457969268709,0
ADD_RUN_00401__v3,A2_20s,ADD_RUN_00401,BY2,ADDENDUM,D62_20s_seed_00,A2,seed_00,A03,AB0111,v3,error_series,semisynthetic,roll_3sigma_deg,56642,56642,0,0,0,0,0.323075532,6.0000398189999995,0
ADD_RUN_00401__v3,A2_20s,ADD_RUN_00401,BY2,ADDENDUM,D62_20s_seed_00,A2,seed_00,A03,AB0111,v3,error_series,semisynthetic,pitch_3sigma_deg,56642,56642,0,0,0,0,0.325233843,6.0000398189999995,0
ADD_RUN_00401__v3,A2_20s,ADD_RUN_00401,BY2,ADDENDUM,D62_20s_seed_00,A2,seed_00,A03,AB0111,v3,error_series,semisynthetic,yaw_3sigma_deg,56642,56642,0,0,0,0,0.544853373,6.0000398189999995,0
ADD_RUN_00401__v2,A2_20s,ADD_RUN_00401,BY2,ADDENDUM,D62_20s_seed_00,A2,seed_00,A03,AB0111,v2,error_series,semisynthetic,time,56642,56642,0,0,0,0,66.005054,339.997056,0
ADD_RUN_00401__v2,A2_20s,ADD_RUN_00401,BY2,ADDENDUM,D62_20s_seed_00,A2,seed_00,A03,AB0111,v2,error_series,semisynthetic,err_n_m,56642,56642,0,0,0,0,-0.4534930991605105,1.2158465652941466,24791
ADD_RUN_00401__v2,A2_20s,ADD_RUN_00401,BY2,ADDENDUM,D62_20s_seed_00,A2,seed_00,A03,AB0111,v2,error_series,semisynthetic,err_e_m,56642,56642,0,0,0,0,-0.30946488983262554,0.49627081172861054,28503
ADD_RUN_00401__v2,A2_20s,ADD_RUN_00401,BY2,ADDENDUM,D62_20s_seed_00,A2,seed_00,A03,AB0111,v2,error_series,semisynthetic,err_u_m,56642,56642,0,0,0,0,-0.4878308027922529,12.788204000589554,53495
ADD_RUN_00401__v2,A2_20s,ADD_RUN_00401,BY2,ADDENDUM,D62_20s_seed_00,A2,seed_00,A03,AB0111,v2,error_series,semisynthetic,horizontal_err_m,56642,56642,0,0,0,0,0.01346607496065954,1.2487987114509913,0
ADD_RUN_00401__v2,A2_20s,ADD_RUN_00401,BY2,ADDENDUM,D62_20s_seed_00,A2,seed_00,A03,AB0111,v2,error_series,semisynthetic,position_3d_err_m,56642,56642,0,0,0,0,0.09589428514225205,12.847881775616283,0
ADD_RUN_00401__v2,A2_20s,ADD_RUN_00401,BY2,ADDENDUM,D62_20s_seed_00,A2,seed_00,A03,AB0111,v2,error_series,semisynthetic,roll_err_deg,56642,56642,0,0,0,0,-4.086950923563279,6.869507493296567,19300
ADD_RUN_00401__v2,A2_20s,ADD_RUN_00401,BY2,ADDENDUM,D62_20s_seed_00,A2,seed_00,A03,AB0111,v2,error_series,semisynthetic,pitch_err_deg,56642,56642,0,0,0,0,-8.567795001754462,8.511179691542623,37210
ADD_RUN_00401__v2,A2_20s,ADD_RUN_00401,BY2,ADDENDUM,D62_20s_seed_00,A2,seed_00,A03,AB0111,v2,error_series,semisynthetic,yaw_err_deg,56642,56642,0,0,0,0,-8.7691603712384,3.8503335602653124,42097
ADD_RUN_00401__v2,A2_20s,ADD_RUN_00401,BY2,ADDENDUM,D62_20s_seed_00,A2,seed_00,A03,AB0111,v2,error_series,semisynthetic,horizontal_3sigma_m,56642,56642,0,0,0,0,0.04603423318225744,42.43457969268709,0
ADD_RUN_00401__v2,A2_20s,ADD_RUN_00401,BY2,ADDENDUM,D62_20s_seed_00,A2,seed_00,A03,AB0111,v2,error_series,semisynthetic,roll_3sigma_deg,56642,56642,0,0,0,0,0.323075532,6.0000398189999995,0
ADD_RUN_00401__v2,A2_20s,ADD_RUN_00401,BY2,ADDENDUM,D62_20s_seed_00,A2,seed_00,A03,AB0111,v2,error_series,semisynthetic,pitch_3sigma_deg,56642,56642,0,0,0,0,0.325233843,6.0000398189999995,0
ADD_RUN_00401__v2,A2_20s,ADD_RUN_00401,BY2,ADDENDUM,D62_20s_seed_00,A2,seed_00,A03,AB0111,v2,error_series,semisynthetic,yaw_3sigma_deg,56642,56642,0,0,0,0,0.544853373,6.0000398189999995,0
ADD_RUN_00402__v3,A2_20s,ADD_RUN_00402,BY2,ADDENDUM,D62_20s_seed_00,A2,seed_00,A04,AB1011,v3,error_series,semisynthetic,time,56642,56642,0,0,0,0,66.005054,339.997056,0
ADD_RUN_00402__v3,A2_20s,ADD_RUN_00402,BY2,ADDENDUM,D62_20s_seed_00,A2,seed_00,A04,AB1011,v3,error_series,semisynthetic,err_n_m,56642,56642,0,0,0,0,-0.42495842675701795,1.3988337790097631,33031
ADD_RUN_00402__v3,A2_20s,ADD_RUN_00402,BY2,ADDENDUM,D62_20s_seed_00,A2,seed_00,A04,AB1011,v3,error_series,semisynthetic,err_e_m,56642,56642,0,0,0,0,-0.2784919267951551,0.515535211643531,30608
ADD_RUN_00402__v3,A2_20s,ADD_RUN_00402,BY2,ADDENDUM,D62_20s_seed_00,A2,seed_00,A04,AB1011,v3,error_series,semisynthetic,err_u_m,56642,56642,0,0,0,0,-0.18610450195083672,13.463713849927771,37569
ADD_RUN_00402__v3,A2_20s,ADD_RUN_00402,BY2,ADDENDUM,D62_20s_seed_00,A2,seed_00,A04,AB1011,v3,error_series,semisynthetic,horizontal_err_m,56642,56642,0,0,0,0,0.0002996483302968494,1.4212718313852903,0
ADD_RUN_00402__v3,A2_20s,ADD_RUN_00402,BY2,ADDENDUM,D62_20s_seed_00,A2,seed_00,A04,AB1011,v3,error_series,semisynthetic,position_3d_err_m,56642,56642,0,0,0,0,0.0018880529824719095,13.53794979472838,0
ADD_RUN_00402__v3,A2_20s,ADD_RUN_00402,BY2,ADDENDUM,D62_20s_seed_00,A2,seed_00,A04,AB1011,v3,error_series,semisynthetic,roll_err_deg,56642,56642,0,0,0,0,-3.9438510975632823,6.564453773139462,19952
ADD_RUN_00402__v3,A2_20s,ADD_RUN_00402,BY2,ADDENDUM,D62_20s_seed_00,A2,seed_00,A04,AB1011,v3,error_series,semisynthetic,pitch_err_deg,56642,56642,0,0,0,0,-8.221333898754466,8.498578684542622,37048
ADD_RUN_00402__v3,A2_20s,ADD_RUN_00402,BY2,ADDENDUM,D62_20s_seed_00,A2,seed_00,A04,AB1011,v3,error_series,semisynthetic,yaw_err_deg,56642,56642,0,0,0,0,-8.770042880238407,3.849178612265291,42195
ADD_RUN_00402__v3,A2_20s,ADD_RUN_00402,BY2,ADDENDUM,D62_20s_seed_00,A2,seed_00,A04,AB1011,v3,error_series,semisynthetic,horizontal_3sigma_m,56642,56642,0,0,0,0,0.04477349627316082,42.43457969268709,0
ADD_RUN_00402__v3,A2_20s,ADD_RUN_00402,BY2,ADDENDUM,D62_20s_seed_00,A2,seed_00,A04,AB1011,v3,error_series,semisynthetic,roll_3sigma_deg,56642,56642,0,0,0,0,0.30326614799999996,6.0000398189999995,0
ADD_RUN_00402__v3,A2_20s,ADD_RUN_00402,BY2,ADDENDUM,D62_20s_seed_00,A2,seed_00,A04,AB1011,v3,error_series,semisynthetic,pitch_3sigma_deg,56642,56642,0,0,0,0,0.30442041599999997,6.0000398189999995,0
ADD_RUN_00402__v3,A2_20s,ADD_RUN_00402,BY2,ADDENDUM,D62_20s_seed_00,A2,seed_00,A04,AB1011,v3,error_series,semisynthetic,yaw_3sigma_deg,56642,56642,0,0,0,0,0.5446502040000001,6.0000398189999995,0
ADD_RUN_00402__v2,A2_20s,ADD_RUN_00402,BY2,ADDENDUM,D62_20s_seed_00,A2,seed_00,A04,AB1011,v2,error_series,semisynthetic,time,56642,56642,0,0,0,0,66.005054,339.997056,0
ADD_RUN_00402__v2,A2_20s,ADD_RUN_00402,BY2,ADDENDUM,D62_20s_seed_00,A2,seed_00,A04,AB1011,v2,error_series,semisynthetic,err_n_m,56642,56642,0,0,0,0,-0.4534930991605105,1.2603799596149798,24146
ADD_RUN_00402__v2,A2_20s,ADD_RUN_00402,BY2,ADDENDUM,D62_20s_seed_00,A2,seed_00,A04,AB1011,v2,error_series,semisynthetic,err_e_m,56642,56642,0,0,0,0,-0.29828000815611233,0.49516043355282946,28647
ADD_RUN_00402__v2,A2_20s,ADD_RUN_00402,BY2,ADDENDUM,D62_20s_seed_00,A2,seed_00,A04,AB1011,v2,error_series,semisynthetic,err_u_m,56642,56642,0,0,0,0,-0.4883010055403467,13.155741304604621,53467
ADD_RUN_00402__v2,A2_20s,ADD_RUN_00402,BY2,ADDENDUM,D62_20s_seed_00,A2,seed_00,A04,AB1011,v2,error_series,semisynthetic,horizontal_err_m,56642,56642,0,0,0,0,0.013638726384808677,1.2883201109880984,0
ADD_RUN_00402__v2,A2_20s,ADD_RUN_00402,BY2,ADDENDUM,D62_20s_seed_00,A2,seed_00,A04,AB1011,v2,error_series,semisynthetic,position_3d_err_m,56642,56642,0,0,0,0,0.07681497685665166,13.218672322970129,0
ADD_RUN_00402__v2,A2_20s,ADD_RUN_00402,BY2,ADDENDUM,D62_20s_seed_00,A2,seed_00,A04,AB1011,v2,error_series,semisynthetic,roll_err_deg,56642,56642,0,0,0,0,-3.9438510975632823,6.564453773139462,19952
ADD_RUN_00402__v2,A2_20s,ADD_RUN_00402,BY2,ADDENDUM,D62_20s_seed_00,A2,seed_00,A04,AB1011,v2,error_series,semisynthetic,pitch_err_deg,56642,56642,0,0,0,0,-8.221333898754466,8.498578684542622,37048
ADD_RUN_00402__v2,A2_20s,ADD_RUN_00402,BY2,ADDENDUM,D62_20s_seed_00,A2,seed_00,A04,AB1011,v2,error_series,semisynthetic,yaw_err_deg,56642,56642,0,0,0,0,-8.770042880238407,3.849178612265291,42195
ADD_RUN_00402__v2,A2_20s,ADD_RUN_00402,BY2,ADDENDUM,D62_20s_seed_00,A2,seed_00,A04,AB1011,v2,error_series,semisynthetic,horizontal_3sigma_m,56642,56642,0,0,0,0,0.04477349627316082,42.43457969268709,0
ADD_RUN_00402__v2,A2_20s,ADD_RUN_00402,BY2,ADDENDUM,D62_20s_seed_00,A2,seed_00,A04,AB1011,v2,error_series,semisynthetic,roll_3sigma_deg,56642,56642,0,0,0,0,0.30326614799999996,6.0000398189999995,0
ADD_RUN_00402__v2,A2_20s,ADD_RUN_00402,BY2,ADDENDUM,D62_20s_seed_00,A2,seed_00,A04,AB1011,v2,error_series,semisynthetic,pitch_3sigma_deg,56642,56642,0,0,0,0,0.30442041599999997,6.0000398189999995,0
ADD_RUN_00402__v2,A2_20s,ADD_RUN_00402,BY2,ADDENDUM,D62_20s_seed_00,A2,seed_00,A04,AB1011,v2,error_series,semisynthetic,yaw_3sigma_deg,56642,56642,0,0,0,0,0.5446502040000001,6.0000398189999995,0
ADD_RUN_00403__v3,A2_20s,ADD_RUN_00403,BY2,ADDENDUM,D62_20s_seed_00,A2,seed_00,A05,AB1101,v3,error_series,semisynthetic,time,56642,56642,0,0,0,0,66.005054,339.997056,0
ADD_RUN_00403__v3,A2_20s,ADD_RUN_00403,BY2,ADDENDUM,D62_20s_seed_00,A2,seed_00,A05,AB1101,v3,error_series,semisynthetic,err_n_m,56642,56642,0,0,0,0,-0.42495842675701795,1.3764242091633783,34945
ADD_RUN_00403__v3,A2_20s,ADD_RUN_00403,BY2,ADDENDUM,D62_20s_seed_00,A2,seed_00,A05,AB1101,v3,error_series,semisynthetic,err_e_m,56642,56642,0,0,0,0,-0.30332097417641535,0.5243353974287217,29615
ADD_RUN_00403__v3,A2_20s,ADD_RUN_00403,BY2,ADDENDUM,D62_20s_seed_00,A2,seed_00,A05,AB1101,v3,error_series,semisynthetic,err_u_m,56642,56642,0,0,0,0,-0.17597831262377994,13.53552140985591,36031
ADD_RUN_00403__v3,A2_20s,ADD_RUN_00403,BY2,ADDENDUM,D62_20s_seed_00,A2,seed_00,A05,AB1101,v3,error_series,semisynthetic,horizontal_err_m,56642,56642,0,0,0,0,0.00015089662100939172,1.4038510123798817,0
ADD_RUN_00403__v3,A2_20s,ADD_RUN_00403,BY2,ADDENDUM,D62_20s_seed_00,A2,seed_00,A05,AB1101,v3,error_series,semisynthetic,position_3d_err_m,56642,56642,0,0,0,0,0.0018497812380243671,13.606393079319815,0
ADD_RUN_00403__v3,A2_20s,ADD_RUN_00403,BY2,ADDENDUM,D62_20s_seed_00,A2,seed_00,A05,AB1101,v3,error_series,semisynthetic,roll_err_deg,56642,56642,0,0,0,0,-4.380143668563278,9.285226823296568,16184
ADD_RUN_00403__v3,A2_20s,ADD_RUN_00403,BY2,ADDENDUM,D62_20s_seed_00,A2,seed_00,A05,AB1101,v3,error_series,semisynthetic,pitch_err_deg,56642,56642,0,0,0,0,-9.982773482754453,8.448945113542635,37564
ADD_RUN_00403__v3,A2_20s,ADD_RUN_00403,BY2,ADDENDUM,D62_20s_seed_00,A2,seed_00,A05,AB1101,v3,error_series,semisynthetic,yaw_err_deg,56642,56642,0,0,0,0,-8.83692745123841,3.8248993782653145,42250
ADD_RUN_00403__v3,A2_20s,ADD_RUN_00403,BY2,ADDENDUM,D62_20s_seed_00,A2,seed_00,A05,AB1101,v3,error_series,semisynthetic,horizontal_3sigma_m,56642,56642,0,0,0,0,0.04569655720401401,42.43457969268709,0
ADD_RUN_00403__v3,A2_20s,ADD_RUN_00403,BY2,ADDENDUM,D62_20s_seed_00,A2,seed_00,A05,AB1101,v3,error_series,semisynthetic,roll_3sigma_deg,56642,56642,0,0,0,0,0.39954674700000004,6.0000398189999995,0
ADD_RUN_00403__v3,A2_20s,ADD_RUN_00403,BY2,ADDENDUM,D62_20s_seed_00,A2,seed_00,A05,AB1101,v3,error_series,semisynthetic,pitch_3sigma_deg,56642,56642,0,0,0,0,0.407685582,6.0000398189999995,0
ADD_RUN_00403__v3,A2_20s,ADD_RUN_00403,BY2,ADDENDUM,D62_20s_seed_00,A2,seed_00,A05,AB1101,v3,error_series,semisynthetic,yaw_3sigma_deg,56642,56642,0,0,0,0,0.544996374,6.0000398189999995,0
ADD_RUN_00403__v2,A2_20s,ADD_RUN_00403,BY2,ADDENDUM,D62_20s_seed_00,A2,seed_00,A05,AB1101,v2,error_series,semisynthetic,time,56642,56642,0,0,0,0,66.005054,339.997056,0
ADD_RUN_00403__v2,A2_20s,ADD_RUN_00403,BY2,ADDENDUM,D62_20s_seed_00,A2,seed_00,A05,AB1101,v2,error_series,semisynthetic,err_n_m,56642,56642,0,0,0,0,-0.4534930991605105,1.2419380358183325,24024
ADD_RUN_00403__v2,A2_20s,ADD_RUN_00403,BY2,ADDENDUM,D62_20s_seed_00,A2,seed_00,A05,AB1101,v2,error_series,semisynthetic,err_e_m,56642,56642,0,0,0,0,-0.3251010659852511,0.4932813216635239,29170
ADD_RUN_00403__v2,A2_20s,ADD_RUN_00403,BY2,ADDENDUM,D62_20s_seed_00,A2,seed_00,A05,AB1101,v2,error_series,semisynthetic,err_u_m,56642,56642,0,0,0,0,-0.4842260165597452,13.225074077662002,53461
ADD_RUN_00403__v2,A2_20s,ADD_RUN_00403,BY2,ADDENDUM,D62_20s_seed_00,A2,seed_00,A05,AB1101,v2,error_series,semisynthetic,horizontal_err_m,56642,56642,0,0,0,0,0.008272324101703442,1.2778639182033602,0
ADD_RUN_00403__v2,A2_20s,ADD_RUN_00403,BY2,ADDENDUM,D62_20s_seed_00,A2,seed_00,A05,AB1101,v2,error_series,semisynthetic,position_3d_err_m,56642,56642,0,0,0,0,0.11632259986372306,13.28562085114122,0
ADD_RUN_00403__v2,A2_20s,ADD_RUN_00403,BY2,ADDENDUM,D62_20s_seed_00,A2,seed_00,A05,AB1101,v2,error_series,semisynthetic,roll_err_deg,56642,56642,0,0,0,0,-4.380143668563278,9.285226823296568,16184
ADD_RUN_00403__v2,A2_20s,ADD_RUN_00403,BY2,ADDENDUM,D62_20s_seed_00,A2,seed_00,A05,AB1101,v2,error_series,semisynthetic,pitch_err_deg,56642,56642,0,0,0,0,-9.982773482754453,8.448945113542635,37564
ADD_RUN_00403__v2,A2_20s,ADD_RUN_00403,BY2,ADDENDUM,D62_20s_seed_00,A2,seed_00,A05,AB1101,v2,error_series,semisynthetic,yaw_err_deg,56642,56642,0,0,0,0,-8.83692745123841,3.8248993782653145,42250
ADD_RUN_00403__v2,A2_20s,ADD_RUN_00403,BY2,ADDENDUM,D62_20s_seed_00,A2,seed_00,A05,AB1101,v2,error_series,semisynthetic,horizontal_3sigma_m,56642,56642,0,0,0,0,0.04569655720401401,42.43457969268709,0
ADD_RUN_00403__v2,A2_20s,ADD_RUN_00403,BY2,ADDENDUM,D62_20s_seed_00,A2,seed_00,A05,AB1101,v2,error_series,semisynthetic,roll_3sigma_deg,56642,56642,0,0,0,0,0.39954674700000004,6.0000398189999995,0
ADD_RUN_00403__v2,A2_20s,ADD_RUN_00403,BY2,ADDENDUM,D62_20s_seed_00,A2,seed_00,A05,AB1101,v2,error_series,semisynthetic,pitch_3sigma_deg,56642,56642,0,0,0,0,0.407685582,6.0000398189999995,0
ADD_RUN_00403__v2,A2_20s,ADD_RUN_00403,BY2,ADDENDUM,D62_20s_seed_00,A2,seed_00,A05,AB1101,v2,error_series,semisynthetic,yaw_3sigma_deg,56642,56642,0,0,0,0,0.544996374,6.0000398189999995,0
ADD_RUN_00404__v3,A2_20s,ADD_RUN_00404,BY2,ADDENDUM,D62_20s_seed_00,A2,seed_00,A06,AB1110,v3,error_series,semisynthetic,time,56642,56642,0,0,0,0,66.005054,339.997056,0
ADD_RUN_00404__v3,A2_20s,ADD_RUN_00404,BY2,ADDENDUM,D62_20s_seed_00,A2,seed_00,A06,AB1110,v3,error_series,semisynthetic,err_n_m,56642,56642,0,0,0,0,-87.21246443903873,0.1850436245482321,36491
ADD_RUN_00404__v3,A2_20s,ADD_RUN_00404,BY2,ADDENDUM,D62_20s_seed_00,A2,seed_00,A06,AB1110,v3,error_series,semisynthetic,err_e_m,56642,56642,0,0,0,0,-0.6376212331921636,11.802146572664526,28115
ADD_RUN_00404__v3,A2_20s,ADD_RUN_00404,BY2,ADDENDUM,D62_20s_seed_00,A2,seed_00,A06,AB1110,v3,error_series,semisynthetic,err_u_m,56642,56642,0,0,0,0,-0.18456873077567693,10.893683034385013,37498
ADD_RUN_00404__v3,A2_20s,ADD_RUN_00404,BY2,ADDENDUM,D62_20s_seed_00,A2,seed_00,A06,AB1110,v3,error_series,semisynthetic,horizontal_err_m,56642,56642,0,0,0,0,0.0004254643792734839,88.00741228585949,0
ADD_RUN_00404__v3,A2_20s,ADD_RUN_00404,BY2,ADDENDUM,D62_20s_seed_00,A2,seed_00,A06,AB1110,v3,error_series,semisynthetic,position_3d_err_m,56642,56642,0,0,0,0,0.0019013426655146181,88.67906713146513,0
ADD_RUN_00404__v3,A2_20s,ADD_RUN_00404,BY2,ADDENDUM,D62_20s_seed_00,A2,seed_00,A06,AB1110,v3,error_series,semisynthetic,roll_err_deg,56642,56642,0,0,0,0,-4.088772287563273,6.893616620139454,19309
ADD_RUN_00404__v3,A2_20s,ADD_RUN_00404,BY2,ADDENDUM,D62_20s_seed_00,A2,seed_00,A06,AB1110,v3,error_series,semisynthetic,pitch_err_deg,56642,56642,0,0,0,0,-8.567685990754455,8.516099713542644,37234
ADD_RUN_00404__v3,A2_20s,ADD_RUN_00404,BY2,ADDENDUM,D62_20s_seed_00,A2,seed_00,A06,AB1110,v3,error_series,semisynthetic,yaw_err_deg,56642,56642,0,0,0,0,-8.768031771238412,3.8512217722652906,42176
ADD_RUN_00404__v3,A2_20s,ADD_RUN_00404,BY2,ADDENDUM,D62_20s_seed_00,A2,seed_00,A06,AB1110,v3,error_series,semisynthetic,horizontal_3sigma_m,56642,56642,0,0,0,0,0.0465058721725829,42.648029033639354,0
ADD_RUN_00404__v3,A2_20s,ADD_RUN_00404,BY2,ADDENDUM,D62_20s_seed_00,A2,seed_00,A06,AB1110,v3,error_series,semisynthetic,roll_3sigma_deg,56642,56642,0,0,0,0,0.323184309,6.0000398189999995,0
ADD_RUN_00404__v3,A2_20s,ADD_RUN_00404,BY2,ADDENDUM,D62_20s_seed_00,A2,seed_00,A06,AB1110,v3,error_series,semisynthetic,pitch_3sigma_deg,56642,56642,0,0,0,0,0.325593501,6.0000398189999995,0
ADD_RUN_00404__v3,A2_20s,ADD_RUN_00404,BY2,ADDENDUM,D62_20s_seed_00,A2,seed_00,A06,AB1110,v3,error_series,semisynthetic,yaw_3sigma_deg,56642,56642,0,0,0,0,0.544838907,6.0000398189999995,0
ADD_RUN_00404__v2,A2_20s,ADD_RUN_00404,BY2,ADDENDUM,D62_20s_seed_00,A2,seed_00,A06,AB1110,v2,error_series,semisynthetic,time,56642,56642,0,0,0,0,66.005054,339.997056,0
ADD_RUN_00404__v2,A2_20s,ADD_RUN_00404,BY2,ADDENDUM,D62_20s_seed_00,A2,seed_00,A06,AB1110,v2,error_series,semisynthetic,err_n_m,56642,56642,0,0,0,0,-87.34186308565883,0.22246372261314384,27788
ADD_RUN_00404__v2,A2_20s,ADD_RUN_00404,BY2,ADDENDUM,D62_20s_seed_00,A2,seed_00,A06,AB1110,v2,error_series,semisynthetic,err_e_m,56642,56642,0,0,0,0,-0.6513066941636367,11.783685673544028,26568
ADD_RUN_00404__v2,A2_20s,ADD_RUN_00404,BY2,ADDENDUM,D62_20s_seed_00,A2,seed_00,A06,AB1110,v2,error_series,semisynthetic,err_u_m,56642,56642,0,0,0,0,-0.48786916371239286,10.584252050534673,53503
ADD_RUN_00404__v2,A2_20s,ADD_RUN_00404,BY2,ADDENDUM,D62_20s_seed_00,A2,seed_00,A06,AB1110,v2,error_series,semisynthetic,horizontal_err_m,56642,56642,0,0,0,0,0.011136797834134599,88.1331736369845,0
ADD_RUN_00404__v2,A2_20s,ADD_RUN_00404,BY2,ADDENDUM,D62_20s_seed_00,A2,seed_00,A06,AB1110,v2,error_series,semisynthetic,position_3d_err_m,56642,56642,0,0,0,0,0.15682359440928978,88.76645023203365,0
ADD_RUN_00404__v2,A2_20s,ADD_RUN_00404,BY2,ADDENDUM,D62_20s_seed_00,A2,seed_00,A06,AB1110,v2,error_series,semisynthetic,roll_err_deg,56642,56642,0,0,0,0,-4.088772287563273,6.893616620139454,19309
ADD_RUN_00404__v2,A2_20s,ADD_RUN_00404,BY2,ADDENDUM,D62_20s_seed_00,A2,seed_00,A06,AB1110,v2,error_series,semisynthetic,pitch_err_deg,56642,56642,0,0,0,0,-8.567685990754455,8.516099713542644,37234
ADD_RUN_00404__v2,A2_20s,ADD_RUN_00404,BY2,ADDENDUM,D62_20s_seed_00,A2,seed_00,A06,AB1110,v2,error_series,semisynthetic,yaw_err_deg,56642,56642,0,0,0,0,-8.768031771238412,3.8512217722652906,42176
ADD_RUN_00404__v2,A2_20s,ADD_RUN_00404,BY2,ADDENDUM,D62_20s_seed_00,A2,seed_00,A06,AB1110,v2,error_series,semisynthetic,horizontal_3sigma_m,56642,56642,0,0,0,0,0.0465058721725829,42.648029033639354,0
ADD_RUN_00404__v2,A2_20s,ADD_RUN_00404,BY2,ADDENDUM,D62_20s_seed_00,A2,seed_00,A06,AB1110,v2,error_series,semisynthetic,roll_3sigma_deg,56642,56642,0,0,0,0,0.323184309,6.0000398189999995,0
ADD_RUN_00404__v2,A2_20s,ADD_RUN_00404,BY2,ADDENDUM,D62_20s_seed_00,A2,seed_00,A06,AB1110,v2,error_series,semisynthetic,pitch_3sigma_deg,56642,56642,0,0,0,0,0.325593501,6.0000398189999995,0
ADD_RUN_00404__v2,A2_20s,ADD_RUN_00404,BY2,ADDENDUM,D62_20s_seed_00,A2,seed_00,A06,AB1110,v2,error_series,semisynthetic,yaw_3sigma_deg,56642,56642,0,0,0,0,0.544838907,6.0000398189999995,0
ADD_RUN_00405__v3,A2_20s,ADD_RUN_00405,BY2,ADDENDUM,D62_20s_seed_00,A2,seed_00,A07,AB1100,v3,error_series,semisynthetic,time,56642,56642,0,0,0,0,66.005054,339.997056,0
ADD_RUN_00405__v3,A2_20s,ADD_RUN_00405,BY2,ADDENDUM,D62_20s_seed_00,A2,seed_00,A07,AB1100,v3,error_series,semisynthetic,err_n_m,56642,56642,0,0,0,0,-137.93783091829567,0.1808605521424198,38089
ADD_RUN_00405__v3,A2_20s,ADD_RUN_00405,BY2,ADDENDUM,D62_20s_seed_00,A2,seed_00,A07,AB1100,v3,error_series,semisynthetic,err_e_m,56642,56642,0,0,0,0,-26.47048137556746,0.5262958153430652,29327
ADD_RUN_00405__v3,A2_20s,ADD_RUN_00405,BY2,ADDENDUM,D62_20s_seed_00,A2,seed_00,A07,AB1100,v3,error_series,semisynthetic,err_u_m,56642,56642,0,0,0,0,-0.17608047530677595,8.186729796255593,36093
ADD_RUN_00405__v3,A2_20s,ADD_RUN_00405,BY2,ADDENDUM,D62_20s_seed_00,A2,seed_00,A07,AB1100,v3,error_series,semisynthetic,horizontal_err_m,56642,56642,0,0,0,0,9.80505755491301e-05,140.45473143578536,0
ADD_RUN_00405__v3,A2_20s,ADD_RUN_00405,BY2,ADDENDUM,D62_20s_seed_00,A2,seed_00,A07,AB1100,v3,error_series,semisynthetic,position_3d_err_m,56642,56642,0,0,0,0,0.0008028359436023222,140.68482827713743,0
ADD_RUN_00405__v3,A2_20s,ADD_RUN_00405,BY2,ADDENDUM,D62_20s_seed_00,A2,seed_00,A07,AB1100,v3,error_series,semisynthetic,roll_err_deg,56642,56642,0,0,0,0,-4.396649792563267,9.288073813296592,16204
ADD_RUN_00405__v3,A2_20s,ADD_RUN_00405,BY2,ADDENDUM,D62_20s_seed_00,A2,seed_00,A07,AB1100,v3,error_series,semisynthetic,pitch_err_deg,56642,56642,0,0,0,0,-9.981881961754453,8.46400124454263,37449
ADD_RUN_00405__v3,A2_20s,ADD_RUN_00405,BY2,ADDENDUM,D62_20s_seed_00,A2,seed_00,A07,AB1100,v3,error_series,semisynthetic,yaw_err_deg,56642,56642,0,0,0,0,-8.847770270238414,3.8271400262653117,42318
ADD_RUN_00405__v3,A2_20s,ADD_RUN_00405,BY2,ADDENDUM,D62_20s_seed_00,A2,seed_00,A07,AB1100,v3,error_series,semisynthetic,horizontal_3sigma_m,56642,56642,0,0,0,0,0.0465452631899719,50.37781598303928,0
ADD_RUN_00405__v3,A2_20s,ADD_RUN_00405,BY2,ADDENDUM,D62_20s_seed_00,A2,seed_00,A07,AB1100,v3,error_series,semisynthetic,roll_3sigma_deg,56642,56642,0,0,0,0,0.399988905,6.0000398189999995,0
ADD_RUN_00405__v3,A2_20s,ADD_RUN_00405,BY2,ADDENDUM,D62_20s_seed_00,A2,seed_00,A07,AB1100,v3,error_series,semisynthetic,pitch_3sigma_deg,56642,56642,0,0,0,0,0.407836827,6.0000398189999995,0
ADD_RUN_00405__v3,A2_20s,ADD_RUN_00405,BY2,ADDENDUM,D62_20s_seed_00,A2,seed_00,A07,AB1100,v3,error_series,semisynthetic,yaw_3sigma_deg,56642,56642,0,0,0,0,0.545059437,6.0000398189999995,0
ADD_RUN_00405__v2,A2_20s,ADD_RUN_00405,BY2,ADDENDUM,D62_20s_seed_00,A2,seed_00,A07,AB1100,v2,error_series,semisynthetic,time,56642,56642,0,0,0,0,66.005054,339.997056,0
ADD_RUN_00405__v2,A2_20s,ADD_RUN_00405,BY2,ADDENDUM,D62_20s_seed_00,A2,seed_00,A07,AB1100,v2,error_series,semisynthetic,err_n_m,56642,56642,0,0,0,0,-138.05776897693949,0.22235268794209873,27309
ADD_RUN_00405__v2,A2_20s,ADD_RUN_00405,BY2,ADDENDUM,D62_20s_seed_00,A2,seed_00,A07,AB1100,v2,error_series,semisynthetic,err_e_m,56642,56642,0,0,0,0,-26.49009551461984,0.4955020783397899,29161
ADD_RUN_00405__v2,A2_20s,ADD_RUN_00405,BY2,ADDENDUM,D62_20s_seed_00,A2,seed_00,A07,AB1100,v2,error_series,semisynthetic,err_u_m,56642,56642,0,0,0,0,-0.4843261892775743,7.875376299329988,53507
ADD_RUN_00405__v2,A2_20s,ADD_RUN_00405,BY2,ADDENDUM,D62_20s_seed_00,A2,seed_00,A07,AB1100,v2,error_series,semisynthetic,horizontal_err_m,56642,56642,0,0,0,0,0.00892107558831403,140.57621681943098,0
ADD_RUN_00405__v2,A2_20s,ADD_RUN_00405,BY2,ADDENDUM,D62_20s_seed_00,A2,seed_00,A07,AB1100,v2,error_series,semisynthetic,position_3d_err_m,56642,56642,0,0,0,0,0.15487445274130923,140.7885749019598,0
ADD_RUN_00405__v2,A2_20s,ADD_RUN_00405,BY2,ADDENDUM,D62_20s_seed_00,A2,seed_00,A07,AB1100,v2,error_series,semisynthetic,roll_err_deg,56642,56642,0,0,0,0,-4.396649792563267,9.288073813296592,16204
ADD_RUN_00405__v2,A2_20s,ADD_RUN_00405,BY2,ADDENDUM,D62_20s_seed_00,A2,seed_00,A07,AB1100,v2,error_series,semisynthetic,pitch_err_deg,56642,56642,0,0,0,0,-9.981881961754453,8.46400124454263,37449
ADD_RUN_00405__v2,A2_20s,ADD_RUN_00405,BY2,ADDENDUM,D62_20s_seed_00,A2,seed_00,A07,AB1100,v2,error_series,semisynthetic,yaw_err_deg,56642,56642,0,0,0,0,-8.847770270238414,3.8271400262653117,42318
ADD_RUN_00405__v2,A2_20s,ADD_RUN_00405,BY2,ADDENDUM,D62_20s_seed_00,A2,seed_00,A07,AB1100,v2,error_series,semisynthetic,horizontal_3sigma_m,56642,56642,0,0,0,0,0.0465452631899719,50.37781598303928,0
ADD_RUN_00405__v2,A2_20s,ADD_RUN_00405,BY2,ADDENDUM,D62_20s_seed_00,A2,seed_00,A07,AB1100,v2,error_series,semisynthetic,roll_3sigma_deg,56642,56642,0,0,0,0,0.399988905,6.0000398189999995,0
ADD_RUN_00405__v2,A2_20s,ADD_RUN_00405,BY2,ADDENDUM,D62_20s_seed_00,A2,seed_00,A07,AB1100,v2,error_series,semisynthetic,pitch_3sigma_deg,56642,56642,0,0,0,0,0.407836827,6.0000398189999995,0
ADD_RUN_00405__v2,A2_20s,ADD_RUN_00405,BY2,ADDENDUM,D62_20s_seed_00,A2,seed_00,A07,AB1100,v2,error_series,semisynthetic,yaw_3sigma_deg,56642,56642,0,0,0,0,0.545059437,6.0000398189999995,0
ADD_RUN_00406__v3,A2_20s,ADD_RUN_00406,BY2,ADDENDUM,D62_20s_seed_00,A2,seed_00,A08,AB1000,v3,error_series,semisynthetic,time,56642,56642,0,0,0,0,66.005054,339.997056,0
ADD_RUN_00406__v3,A2_20s,ADD_RUN_00406,BY2,ADDENDUM,D62_20s_seed_00,A2,seed_00,A08,AB1000,v3,error_series,semisynthetic,err_n_m,56642,56642,0,0,0,0,-137.891522842744,0.18086775929728205,37891
ADD_RUN_00406__v3,A2_20s,ADD_RUN_00406,BY2,ADDENDUM,D62_20s_seed_00,A2,seed_00,A08,AB1000,v3,error_series,semisynthetic,err_e_m,56642,56642,0,0,0,0,-26.52165326578171,0.5263334684621057,29472
ADD_RUN_00406__v3,A2_20s,ADD_RUN_00406,BY2,ADDENDUM,D62_20s_seed_00,A2,seed_00,A08,AB1000,v3,error_series,semisynthetic,err_u_m,56642,56642,0,0,0,0,-0.17608793039772053,8.201482830391244,35979
ADD_RUN_00406__v3,A2_20s,ADD_RUN_00406,BY2,ADDENDUM,D62_20s_seed_00,A2,seed_00,A08,AB1000,v3,error_series,semisynthetic,horizontal_err_m,56642,56642,0,0,0,0,0.00015285097169726646,140.41890956648732,0
ADD_RUN_00406__v3,A2_20s,ADD_RUN_00406,BY2,ADDENDUM,D62_20s_seed_00,A2,seed_00,A08,AB1000,v3,error_series,semisynthetic,position_3d_err_m,56642,56642,0,0,0,0,0.0008592347785989779,140.65013441376104,0
ADD_RUN_00406__v3,A2_20s,ADD_RUN_00406,BY2,ADDENDUM,D62_20s_seed_00,A2,seed_00,A08,AB1000,v3,error_series,semisynthetic,roll_err_deg,56642,56642,0,0,0,0,-4.39600614756327,9.282943038296594,16232
ADD_RUN_00406__v3,A2_20s,ADD_RUN_00406,BY2,ADDENDUM,D62_20s_seed_00,A2,seed_00,A08,AB1000,v3,error_series,semisynthetic,pitch_err_deg,56642,56642,0,0,0,0,-9.978052353754464,8.464383034542635,37443
ADD_RUN_00406__v3,A2_20s,ADD_RUN_00406,BY2,ADDENDUM,D62_20s_seed_00,A2,seed_00,A08,AB1000,v3,error_series,semisynthetic,yaw_err_deg,56642,56642,0,0,0,0,-8.84959544123842,3.8270652812653054,42340
ADD_RUN_00406__v3,A2_20s,ADD_RUN_00406,BY2,ADDENDUM,D62_20s_seed_00,A2,seed_00,A08,AB1000,v3,error_series,semisynthetic,horizontal_3sigma_m,56642,56642,0,0,0,0,0.046344540993917854,50.37645045685356,0
ADD_RUN_00406__v3,A2_20s,ADD_RUN_00406,BY2,ADDENDUM,D62_20s_seed_00,A2,seed_00,A08,AB1000,v3,error_series,semisynthetic,roll_3sigma_deg,56642,56642,0,0,0,0,0.399977376,6.0000398189999995,0
ADD_RUN_00406__v3,A2_20s,ADD_RUN_00406,BY2,ADDENDUM,D62_20s_seed_00,A2,seed_00,A08,AB1000,v3,error_series,semisynthetic,pitch_3sigma_deg,56642,56642,0,0,0,0,0.407825934,6.0000398189999995,0
ADD_RUN_00406__v3,A2_20s,ADD_RUN_00406,BY2,ADDENDUM,D62_20s_seed_00,A2,seed_00,A08,AB1000,v3,error_series,semisynthetic,yaw_3sigma_deg,56642,56642,0,0,0,0,0.54492291,6.0000398189999995,0
ADD_RUN_00406__v2,A2_20s,ADD_RUN_00406,BY2,ADDENDUM,D62_20s_seed_00,A2,seed_00,A08,AB1000,v2,error_series,semisynthetic,time,56642,56642,0,0,0,0,66.005054,339.997056,0
ADD_RUN_00406__v2,A2_20s,ADD_RUN_00406,BY2,ADDENDUM,D62_20s_seed_00,A2,seed_00,A08,AB1000,v2,error_series,semisynthetic,err_n_m,56642,56642,0,0,0,0,-138.01146704577246,0.22246372345168197,27111
ADD_RUN_00406__v2,A2_20s,ADD_RUN_00406,BY2,ADDENDUM,D62_20s_seed_00,A2,seed_00,A08,AB1000,v2,error_series,semisynthetic,err_e_m,56642,56642,0,0,0,0,-26.54125892703985,0.49558749366383026,29275
ADD_RUN_00406__v2,A2_20s,ADD_RUN_00406,BY2,ADDENDUM,D62_20s_seed_00,A2,seed_00,A08,AB1000,v2,error_series,semisynthetic,err_u_m,56642,56642,0,0,0,0,-0.48432776356180796,7.8901433234124205,53506
ADD_RUN_00406__v2,A2_20s,ADD_RUN_00406,BY2,ADDENDUM,D62_20s_seed_00,A2,seed_00,A08,AB1000,v2,error_series,semisynthetic,horizontal_err_m,56642,56642,0,0,0,0,0.008921074969098745,140.54039796997344,0
ADD_RUN_00406__v2,A2_20s,ADD_RUN_00406,BY2,ADDENDUM,D62_20s_seed_00,A2,seed_00,A08,AB1000,v2,error_series,semisynthetic,position_3d_err_m,56642,56642,0,0,0,0,0.15483680660649915,140.75383725050696,0
ADD_RUN_00406__v2,A2_20s,ADD_RUN_00406,BY2,ADDENDUM,D62_20s_seed_00,A2,seed_00,A08,AB1000,v2,error_series,semisynthetic,roll_err_deg,56642,56642,0,0,0,0,-4.39600614756327,9.282943038296594,16232
ADD_RUN_00406__v2,A2_20s,ADD_RUN_00406,BY2,ADDENDUM,D62_20s_seed_00,A2,seed_00,A08,AB1000,v2,error_series,semisynthetic,pitch_err_deg,56642,56642,0,0,0,0,-9.978052353754464,8.464383034542635,37443
ADD_RUN_00406__v2,A2_20s,ADD_RUN_00406,BY2,ADDENDUM,D62_20s_seed_00,A2,seed_00,A08,AB1000,v2,error_series,semisynthetic,yaw_err_deg,56642,56642,0,0,0,0,-8.84959544123842,3.8270652812653054,42340
ADD_RUN_00406__v2,A2_20s,ADD_RUN_00406,BY2,ADDENDUM,D62_20s_seed_00,A2,seed_00,A08,AB1000,v2,error_series,semisynthetic,horizontal_3sigma_m,56642,56642,0,0,0,0,0.046344540993917854,50.37645045685356,0
ADD_RUN_00406__v2,A2_20s,ADD_RUN_00406,BY2,ADDENDUM,D62_20s_seed_00,A2,seed_00,A08,AB1000,v2,error_series,semisynthetic,roll_3sigma_deg,56642,56642,0,0,0,0,0.399977376,6.0000398189999995,0
ADD_RUN_00406__v2,A2_20s,ADD_RUN_00406,BY2,ADDENDUM,D62_20s_seed_00,A2,seed_00,A08,AB1000,v2,error_series,semisynthetic,pitch_3sigma_deg,56642,56642,0,0,0,0,0.407825934,6.0000398189999995,0
ADD_RUN_00406__v2,A2_20s,ADD_RUN_00406,BY2,ADDENDUM,D62_20s_seed_00,A2,seed_00,A08,AB1000,v2,error_series,semisynthetic,yaw_3sigma_deg,56642,56642,0,0,0,0,0.54492291,6.0000398189999995,0
ADD_RUN_00407__v3,A2_20s,ADD_RUN_00407,BY2,ADDENDUM,D62_20s_seed_00,A2,seed_00,A09,AB0100,v3,error_series,semisynthetic,time,56642,56642,0,0,0,0,66.005054,339.997056,0
ADD_RUN_00407__v3,A2_20s,ADD_RUN_00407,BY2,ADDENDUM,D62_20s_seed_00,A2,seed_00,A09,AB0100,v3,error_series,semisynthetic,err_n_m,56642,56642,0,0,0,0,-139.11406010158794,0.18084330082513844,38293
ADD_RUN_00407__v3,A2_20s,ADD_RUN_00407,BY2,ADDENDUM,D62_20s_seed_00,A2,seed_00,A09,AB0100,v3,error_series,semisynthetic,err_e_m,56642,56642,0,0,0,0,-26.332860065933474,0.5262627353885847,29688
ADD_RUN_00407__v3,A2_20s,ADD_RUN_00407,BY2,ADDENDUM,D62_20s_seed_00,A2,seed_00,A09,AB0100,v3,error_series,semisynthetic,err_u_m,56642,56642,0,0,0,0,-0.17609672994872483,7.861225449608355,36281
ADD_RUN_00407__v3,A2_20s,ADD_RUN_00407,BY2,ADDENDUM,D62_20s_seed_00,A2,seed_00,A09,AB0100,v3,error_series,semisynthetic,horizontal_err_m,56642,56642,0,0,0,0,0.0003235079658039625,141.58439616426753,0
ADD_RUN_00407__v3,A2_20s,ADD_RUN_00407,BY2,ADDENDUM,D62_20s_seed_00,A2,seed_00,A09,AB0100,v3,error_series,semisynthetic,position_3d_err_m,56642,56642,0,0,0,0,0.0012071893240771542,141.79126860744466,0
ADD_RUN_00407__v3,A2_20s,ADD_RUN_00407,BY2,ADDENDUM,D62_20s_seed_00,A2,seed_00,A09,AB0100,v3,error_series,semisynthetic,roll_err_deg,56642,56642,0,0,0,0,-4.395951929563267,9.28400789829658,16194
ADD_RUN_00407__v3,A2_20s,ADD_RUN_00407,BY2,ADDENDUM,D62_20s_seed_00,A2,seed_00,A09,AB0100,v3,error_series,semisynthetic,pitch_err_deg,56642,56642,0,0,0,0,-9.981162415754454,8.452458329542651,37485
ADD_RUN_00407__v3,A2_20s,ADD_RUN_00407,BY2,ADDENDUM,D62_20s_seed_00,A2,seed_00,A09,AB0100,v3,error_series,semisynthetic,yaw_err_deg,56642,56642,0,0,0,0,-8.85149966223841,3.8257459572652976,42252
ADD_RUN_00407__v3,A2_20s,ADD_RUN_00407,BY2,ADDENDUM,D62_20s_seed_00,A2,seed_00,A09,AB0100,v3,error_series,semisynthetic,horizontal_3sigma_m,56642,56642,0,0,0,0,0.04696696373743856,50.40714872926518,0
ADD_RUN_00407__v3,A2_20s,ADD_RUN_00407,BY2,ADDENDUM,D62_20s_seed_00,A2,seed_00,A09,AB0100,v3,error_series,semisynthetic,roll_3sigma_deg,56642,56642,0,0,0,0,0.40002843,6.0000398189999995,0
ADD_RUN_00407__v3,A2_20s,ADD_RUN_00407,BY2,ADDENDUM,D62_20s_seed_00,A2,seed_00,A09,AB0100,v3,error_series,semisynthetic,pitch_3sigma_deg,56642,56642,0,0,0,0,0.407862159,6.0000398189999995,0
ADD_RUN_00407__v3,A2_20s,ADD_RUN_00407,BY2,ADDENDUM,D62_20s_seed_00,A2,seed_00,A09,AB0100,v3,error_series,semisynthetic,yaw_3sigma_deg,56642,56642,0,0,0,0,0.545125824,6.0000398189999995,0
ADD_RUN_00407__v2,A2_20s,ADD_RUN_00407,BY2,ADDENDUM,D62_20s_seed_00,A2,seed_00,A09,AB0100,v2,error_series,semisynthetic,time,56642,56642,0,0,0,0,66.005054,339.997056,0
ADD_RUN_00407__v2,A2_20s,ADD_RUN_00407,BY2,ADDENDUM,D62_20s_seed_00,A2,seed_00,A09,AB0100,v2,error_series,semisynthetic,err_n_m,56642,56642,0,0,0,0,-139.23395631237958,0.21944779768993605,27571
ADD_RUN_00407__v2,A2_20s,ADD_RUN_00407,BY2,ADDENDUM,D62_20s_seed_00,A2,seed_00,A09,AB0100,v2,error_series,semisynthetic,err_e_m,56642,56642,0,0,0,0,-26.352502040659374,0.49550207817404157,28943
ADD_RUN_00407__v2,A2_20s,ADD_RUN_00407,BY2,ADDENDUM,D62_20s_seed_00,A2,seed_00,A09,AB0100,v2,error_series,semisynthetic,err_u_m,56642,56642,0,0,0,0,-0.48433782508035605,7.549697649898405,53549
ADD_RUN_00407__v2,A2_20s,ADD_RUN_00407,BY2,ADDENDUM,D62_20s_seed_00,A2,seed_00,A09,AB0100,v2,error_series,semisynthetic,horizontal_err_m,56642,56642,0,0,0,0,0.00892107487471884,141.70585363421154,0
ADD_RUN_00407__v2,A2_20s,ADD_RUN_00407,BY2,ADDENDUM,D62_20s_seed_00,A2,seed_00,A09,AB0100,v2,error_series,semisynthetic,position_3d_err_m,56642,56642,0,0,0,0,0.15597346541672605,141.89599762524205,0
ADD_RUN_00407__v2,A2_20s,ADD_RUN_00407,BY2,ADDENDUM,D62_20s_seed_00,A2,seed_00,A09,AB0100,v2,error_series,semisynthetic,roll_err_deg,56642,56642,0,0,0,0,-4.395951929563267,9.28400789829658,16194
ADD_RUN_00407__v2,A2_20s,ADD_RUN_00407,BY2,ADDENDUM,D62_20s_seed_00,A2,seed_00,A09,AB0100,v2,error_series,semisynthetic,pitch_err_deg,56642,56642,0,0,0,0,-9.981162415754454,8.452458329542651,37485
ADD_RUN_00407__v2,A2_20s,ADD_RUN_00407,BY2,ADDENDUM,D62_20s_seed_00,A2,seed_00,A09,AB0100,v2,error_series,semisynthetic,yaw_err_deg,56642,56642,0,0,0,0,-8.85149966223841,3.8257459572652976,42252
ADD_RUN_00407__v2,A2_20s,ADD_RUN_00407,BY2,ADDENDUM,D62_20s_seed_00,A2,seed_00,A09,AB0100,v2,error_series,semisynthetic,horizontal_3sigma_m,56642,56642,0,0,0,0,0.04696696373743856,50.40714872926518,0
ADD_RUN_00407__v2,A2_20s,ADD_RUN_00407,BY2,ADDENDUM,D62_20s_seed_00,A2,seed_00,A09,AB0100,v2,error_series,semisynthetic,roll_3sigma_deg,56642,56642,0,0,0,0,0.40002843,6.0000398189999995,0
ADD_RUN_00407__v2,A2_20s,ADD_RUN_00407,BY2,ADDENDUM,D62_20s_seed_00,A2,seed_00,A09,AB0100,v2,error_series,semisynthetic,pitch_3sigma_deg,56642,56642,0,0,0,0,0.407862159,6.0000398189999995,0
ADD_RUN_00407__v2,A2_20s,ADD_RUN_00407,BY2,ADDENDUM,D62_20s_seed_00,A2,seed_00,A09,AB0100,v2,error_series,semisynthetic,yaw_3sigma_deg,56642,56642,0,0,0,0,0.545125824,6.0000398189999995,0
ADD_RUN_00408__v3,A2_20s,ADD_RUN_00408,BY2,ADDENDUM,D62_20s_seed_01,A2,seed_01,F01,single_antenna_EKF,v3,error_series,semisynthetic,time,56642,56642,0,0,0,0,66.005054,339.997056,0
ADD_RUN_00408__v3,A2_20s,ADD_RUN_00408,BY2,ADDENDUM,D62_20s_seed_01,A2,seed_01,F01,single_antenna_EKF,v3,error_series,semisynthetic,err_n_m,56642,56642,0,0,0,0,-39.71963440331075,0.1754754710637556,39468
ADD_RUN_00408__v3,A2_20s,ADD_RUN_00408,BY2,ADDENDUM,D62_20s_seed_01,A2,seed_01,F01,single_antenna_EKF,v3,error_series,semisynthetic,err_e_m,56642,56642,0,0,0,0,-4.400746175074296,0.5015033760997412,26112
ADD_RUN_00408__v3,A2_20s,ADD_RUN_00408,BY2,ADDENDUM,D62_20s_seed_01,A2,seed_01,F01,single_antenna_EKF,v3,error_series,semisynthetic,err_u_m,56642,56642,0,0,0,0,-12.627648426151367,0.3415064349426196,38564
ADD_RUN_00408__v3,A2_20s,ADD_RUN_00408,BY2,ADDENDUM,D62_20s_seed_01,A2,seed_01,F01,single_antenna_EKF,v3,error_series,semisynthetic,horizontal_err_m,56642,56642,0,0,0,0,0.00012655467236759494,39.962681642128295,0
ADD_RUN_00408__v3,A2_20s,ADD_RUN_00408,BY2,ADDENDUM,D62_20s_seed_01,A2,seed_01,F01,single_antenna_EKF,v3,error_series,semisynthetic,position_3d_err_m,56642,56642,0,0,0,0,0.001605331015538761,41.91030217982902,0
ADD_RUN_00408__v3,A2_20s,ADD_RUN_00408,BY2,ADDENDUM,D62_20s_seed_01,A2,seed_01,F01,single_antenna_EKF,v3,error_series,semisynthetic,roll_err_deg,56642,56642,0,0,0,0,-4.473413337563272,9.289914593296572,16896
ADD_RUN_00408__v3,A2_20s,ADD_RUN_00408,BY2,ADDENDUM,D62_20s_seed_01,A2,seed_01,F01,single_antenna_EKF,v3,error_series,semisynthetic,pitch_err_deg,56642,56642,0,0,0,0,-9.990008453754456,8.450435085542637,37677
ADD_RUN_00408__v3,A2_20s,ADD_RUN_00408,BY2,ADDENDUM,D62_20s_seed_01,A2,seed_01,F01,single_antenna_EKF,v3,error_series,semisynthetic,yaw_err_deg,56642,56642,0,0,0,0,-17.751997063238406,1.0895758841452334,56301
ADD_RUN_00408__v3,A2_20s,ADD_RUN_00408,BY2,ADDENDUM,D62_20s_seed_01,A2,seed_01,F01,single_antenna_EKF,v3,error_series,semisynthetic,horizontal_3sigma_m,56642,56642,0,0,0,0,0.04701126042451638,47.15523517311251,0
ADD_RUN_00408__v3,A2_20s,ADD_RUN_00408,BY2,ADDENDUM,D62_20s_seed_01,A2,seed_01,F01,single_antenna_EKF,v3,error_series,semisynthetic,roll_3sigma_deg,56642,56642,0,0,0,0,0.40801422600000004,6.0000398189999995,0
ADD_RUN_00408__v3,A2_20s,ADD_RUN_00408,BY2,ADDENDUM,D62_20s_seed_01,A2,seed_01,F01,single_antenna_EKF,v3,error_series,semisynthetic,pitch_3sigma_deg,56642,56642,0,0,0,0,0.41049402,6.0000398189999995,0
ADD_RUN_00408__v3,A2_20s,ADD_RUN_00408,BY2,ADDENDUM,D62_20s_seed_01,A2,seed_01,F01,single_antenna_EKF,v3,error_series,semisynthetic,yaw_3sigma_deg,56642,56642,0,0,0,0,2.623314966,6.0000398189999995,0
ADD_RUN_00408__v2,A2_20s,ADD_RUN_00408,BY2,ADDENDUM,D62_20s_seed_01,A2,seed_01,F01,single_antenna_EKF,v2,error_series,semisynthetic,time,56642,56642,0,0,0,0,66.005054,339.997056,0
ADD_RUN_00408__v2,A2_20s,ADD_RUN_00408,BY2,ADDENDUM,D62_20s_seed_01,A2,seed_01,F01,single_antenna_EKF,v2,error_series,semisynthetic,err_n_m,56642,56642,0,0,0,0,-39.5716847490173,0.21591266208289284,32009
ADD_RUN_00408__v2,A2_20s,ADD_RUN_00408,BY2,ADDENDUM,D62_20s_seed_01,A2,seed_01,F01,single_antenna_EKF,v2,error_series,semisynthetic,err_e_m,56642,56642,0,0,0,0,-4.38727472217159,0.4890106103021665,27724
ADD_RUN_00408__v2,A2_20s,ADD_RUN_00408,BY2,ADDENDUM,D62_20s_seed_01,A2,seed_01,F01,single_antenna_EKF,v2,error_series,semisynthetic,err_u_m,56642,56642,0,0,0,0,-12.928915367712978,0.04139467741025951,56600
ADD_RUN_00408__v2,A2_20s,ADD_RUN_00408,BY2,ADDENDUM,D62_20s_seed_01,A2,seed_01,F01,single_antenna_EKF,v2,error_series,semisynthetic,horizontal_err_m,56642,56642,0,0,0,0,0.005859396202329156,39.81414840685927,0
ADD_RUN_00408__v2,A2_20s,ADD_RUN_00408,BY2,ADDENDUM,D62_20s_seed_01,A2,seed_01,F01,single_antenna_EKF,v2,error_series,semisynthetic,position_3d_err_m,56642,56642,0,0,0,0,0.15897852137175317,41.86076045593175,0
ADD_RUN_00408__v2,A2_20s,ADD_RUN_00408,BY2,ADDENDUM,D62_20s_seed_01,A2,seed_01,F01,single_antenna_EKF,v2,error_series,semisynthetic,roll_err_deg,56642,56642,0,0,0,0,-4.473413337563272,9.289914593296572,16896
ADD_RUN_00408__v2,A2_20s,ADD_RUN_00408,BY2,ADDENDUM,D62_20s_seed_01,A2,seed_01,F01,single_antenna_EKF,v2,error_series,semisynthetic,pitch_err_deg,56642,56642,0,0,0,0,-9.990008453754456,8.450435085542637,37677
ADD_RUN_00408__v2,A2_20s,ADD_RUN_00408,BY2,ADDENDUM,D62_20s_seed_01,A2,seed_01,F01,single_antenna_EKF,v2,error_series,semisynthetic,yaw_err_deg,56642,56642,0,0,0,0,-17.751997063238406,1.0895758841452334,56301
ADD_RUN_00408__v2,A2_20s,ADD_RUN_00408,BY2,ADDENDUM,D62_20s_seed_01,A2,seed_01,F01,single_antenna_EKF,v2,error_series,semisynthetic,horizontal_3sigma_m,56642,56642,0,0,0,0,0.04701126042451638,47.15523517311251,0
ADD_RUN_00408__v2,A2_20s,ADD_RUN_00408,BY2,ADDENDUM,D62_20s_seed_01,A2,seed_01,F01,single_antenna_EKF,v2,error_series,semisynthetic,roll_3sigma_deg,56642,56642,0,0,0,0,0.40801422600000004,6.0000398189999995,0
ADD_RUN_00408__v2,A2_20s,ADD_RUN_00408,BY2,ADDENDUM,D62_20s_seed_01,A2,seed_01,F01,single_antenna_EKF,v2,error_series,semisynthetic,pitch_3sigma_deg,56642,56642,0,0,0,0,0.41049402,6.0000398189999995,0
ADD_RUN_00408__v2,A2_20s,ADD_RUN_00408,BY2,ADDENDUM,D62_20s_seed_01,A2,seed_01,F01,single_antenna_EKF,v2,error_series,semisynthetic,yaw_3sigma_deg,56642,56642,0,0,0,0,2.623314966,6.0000398189999995,0
ADD_RUN_00409__v3,A2_20s,ADD_RUN_00409,BY2,ADDENDUM,D62_20s_seed_01,A2,seed_01,F02,basic_dual_yaw_EKF,v3,error_series,semisynthetic,time,56642,56642,0,0,0,0,66.005054,339.997056,0
ADD_RUN_00409__v3,A2_20s,ADD_RUN_00409,BY2,ADDENDUM,D62_20s_seed_01,A2,seed_01,F02,basic_dual_yaw_EKF,v3,error_series,semisynthetic,err_n_m,56642,56642,0,0,0,0,-41.34767077474119,0.18118714447225415,42096
ADD_RUN_00409__v3,A2_20s,ADD_RUN_00409,BY2,ADDENDUM,D62_20s_seed_01,A2,seed_01,F02,basic_dual_yaw_EKF,v3,error_series,semisynthetic,err_e_m,56642,56642,0,0,0,0,-7.888516220254381,0.5247731376770162,26980
ADD_RUN_00409__v3,A2_20s,ADD_RUN_00409,BY2,ADDENDUM,D62_20s_seed_01,A2,seed_01,F02,basic_dual_yaw_EKF,v3,error_series,semisynthetic,err_u_m,56642,56642,0,0,0,0,-14.228666946292567,0.3415064349426196,38700
ADD_RUN_00409__v3,A2_20s,ADD_RUN_00409,BY2,ADDENDUM,D62_20s_seed_01,A2,seed_01,F02,basic_dual_yaw_EKF,v3,error_series,semisynthetic,horizontal_err_m,56642,56642,0,0,0,0,0.00041370436457637135,42.09345040090683,0
ADD_RUN_00409__v3,A2_20s,ADD_RUN_00409,BY2,ADDENDUM,D62_20s_seed_01,A2,seed_01,F02,basic_dual_yaw_EKF,v3,error_series,semisynthetic,position_3d_err_m,56642,56642,0,0,0,0,0.0025943769162666192,44.43324802129732,0
ADD_RUN_00409__v3,A2_20s,ADD_RUN_00409,BY2,ADDENDUM,D62_20s_seed_01,A2,seed_01,F02,basic_dual_yaw_EKF,v3,error_series,semisynthetic,roll_err_deg,56642,56642,0,0,0,0,-4.357922756563283,9.317984843296585,16985
ADD_RUN_00409__v3,A2_20s,ADD_RUN_00409,BY2,ADDENDUM,D62_20s_seed_01,A2,seed_01,F02,basic_dual_yaw_EKF,v3,error_series,semisynthetic,pitch_err_deg,56642,56642,0,0,0,0,-9.987282671754457,8.42040176954265,37541
ADD_RUN_00409__v3,A2_20s,ADD_RUN_00409,BY2,ADDENDUM,D62_20s_seed_01,A2,seed_01,F02,basic_dual_yaw_EKF,v3,error_series,semisynthetic,yaw_err_deg,56642,56642,0,0,0,0,-10.137772007238425,3.8439057702653088,43823
ADD_RUN_00409__v3,A2_20s,ADD_RUN_00409,BY2,ADDENDUM,D62_20s_seed_01,A2,seed_01,F02,basic_dual_yaw_EKF,v3,error_series,semisynthetic,horizontal_3sigma_m,56642,56642,0,0,0,0,0.05178557782561328,47.291776983775435,0
ADD_RUN_00409__v3,A2_20s,ADD_RUN_00409,BY2,ADDENDUM,D62_20s_seed_01,A2,seed_01,F02,basic_dual_yaw_EKF,v3,error_series,semisynthetic,roll_3sigma_deg,56642,56642,0,0,0,0,0.400149768,6.000072272999999,0
ADD_RUN_00409__v3,A2_20s,ADD_RUN_00409,BY2,ADDENDUM,D62_20s_seed_01,A2,seed_01,F02,basic_dual_yaw_EKF,v3,error_series,semisynthetic,pitch_3sigma_deg,56642,56642,0,0,0,0,0.408201162,6.000072231,0
ADD_RUN_00409__v3,A2_20s,ADD_RUN_00409,BY2,ADDENDUM,D62_20s_seed_01,A2,seed_01,F02,basic_dual_yaw_EKF,v3,error_series,semisynthetic,yaw_3sigma_deg,56642,56642,0,0,0,0,0.5284203540000001,6.0000398189999995,0
ADD_RUN_00409__v2,A2_20s,ADD_RUN_00409,BY2,ADDENDUM,D62_20s_seed_01,A2,seed_01,F02,basic_dual_yaw_EKF,v2,error_series,semisynthetic,time,56642,56642,0,0,0,0,66.005054,339.997056,0
ADD_RUN_00409__v2,A2_20s,ADD_RUN_00409,BY2,ADDENDUM,D62_20s_seed_01,A2,seed_01,F02,basic_dual_yaw_EKF,v2,error_series,semisynthetic,err_n_m,56642,56642,0,0,0,0,-41.200307873520956,0.2007008479605581,33393
ADD_RUN_00409__v2,A2_20s,ADD_RUN_00409,BY2,ADDENDUM,D62_20s_seed_01,A2,seed_01,F02,basic_dual_yaw_EKF,v2,error_series,semisynthetic,err_e_m,56642,56642,0,0,0,0,-7.868469617878503,0.4973811528498153,28213
ADD_RUN_00409__v2,A2_20s,ADD_RUN_00409,BY2,ADDENDUM,D62_20s_seed_01,A2,seed_01,F02,basic_dual_yaw_EKF,v2,error_series,semisynthetic,err_u_m,56642,56642,0,0,0,0,-14.529855688073496,0.04139467741025951,56600
ADD_RUN_00409__v2,A2_20s,ADD_RUN_00409,BY2,ADDENDUM,D62_20s_seed_01,A2,seed_01,F02,basic_dual_yaw_EKF,v2,error_series,semisynthetic,horizontal_err_m,56642,56642,0,0,0,0,0.01631493061679076,41.94494228152412,0
ADD_RUN_00409__v2,A2_20s,ADD_RUN_00409,BY2,ADDENDUM,D62_20s_seed_01,A2,seed_01,F02,basic_dual_yaw_EKF,v2,error_series,semisynthetic,position_3d_err_m,56642,56642,0,0,0,0,0.16723442637844388,44.39025669352039,0
ADD_RUN_00409__v2,A2_20s,ADD_RUN_00409,BY2,ADDENDUM,D62_20s_seed_01,A2,seed_01,F02,basic_dual_yaw_EKF,v2,error_series,semisynthetic,roll_err_deg,56642,56642,0,0,0,0,-4.357922756563283,9.317984843296585,16985
ADD_RUN_00409__v2,A2_20s,ADD_RUN_00409,BY2,ADDENDUM,D62_20s_seed_01,A2,seed_01,F02,basic_dual_yaw_EKF,v2,error_series,semisynthetic,pitch_err_deg,56642,56642,0,0,0,0,-9.987282671754457,8.42040176954265,37541
ADD_RUN_00409__v2,A2_20s,ADD_RUN_00409,BY2,ADDENDUM,D62_20s_seed_01,A2,seed_01,F02,basic_dual_yaw_EKF,v2,error_series,semisynthetic,yaw_err_deg,56642,56642,0,0,0,0,-10.137772007238425,3.8439057702653088,43823
ADD_RUN_00409__v2,A2_20s,ADD_RUN_00409,BY2,ADDENDUM,D62_20s_seed_01,A2,seed_01,F02,basic_dual_yaw_EKF,v2,error_series,semisynthetic,horizontal_3sigma_m,56642,56642,0,0,0,0,0.05178557782561328,47.291776983775435,0
ADD_RUN_00409__v2,A2_20s,ADD_RUN_00409,BY2,ADDENDUM,D62_20s_seed_01,A2,seed_01,F02,basic_dual_yaw_EKF,v2,error_series,semisynthetic,roll_3sigma_deg,56642,56642,0,0,0,0,0.400149768,6.000072272999999,0
ADD_RUN_00409__v2,A2_20s,ADD_RUN_00409,BY2,ADDENDUM,D62_20s_seed_01,A2,seed_01,F02,basic_dual_yaw_EKF,v2,error_series,semisynthetic,pitch_3sigma_deg,56642,56642,0,0,0,0,0.408201162,6.000072231,0
ADD_RUN_00409__v2,A2_20s,ADD_RUN_00409,BY2,ADDENDUM,D62_20s_seed_01,A2,seed_01,F02,basic_dual_yaw_EKF,v2,error_series,semisynthetic,yaw_3sigma_deg,56642,56642,0,0,0,0,0.5284203540000001,6.0000398189999995,0
ADD_RUN_00410__v3,A2_20s,ADD_RUN_00410,BY2,ADDENDUM,D62_20s_seed_01,A2,seed_01,F03,AB0000,v3,error_series,semisynthetic,time,56642,56642,0,0,0,0,66.005054,339.997056,0
ADD_RUN_00410__v3,A2_20s,ADD_RUN_00410,BY2,ADDENDUM,D62_20s_seed_01,A2,seed_01,F03,AB0000,v3,error_series,semisynthetic,err_n_m,56642,56642,0,0,0,0,-39.818147212981614,0.18083960170226732,38992
ADD_RUN_00410__v3,A2_20s,ADD_RUN_00410,BY2,ADDENDUM,D62_20s_seed_01,A2,seed_01,F03,AB0000,v3,error_series,semisynthetic,err_e_m,56642,56642,0,0,0,0,-6.278659278188556,0.5262541073734646,26250
ADD_RUN_00410__v3,A2_20s,ADD_RUN_00410,BY2,ADDENDUM,D62_20s_seed_01,A2,seed_01,F03,AB0000,v3,error_series,semisynthetic,err_u_m,56642,56642,0,0,0,0,-12.634476390702122,0.3415064349426196,38561
ADD_RUN_00410__v3,A2_20s,ADD_RUN_00410,BY2,ADDENDUM,D62_20s_seed_01,A2,seed_01,F03,AB0000,v3,error_series,semisynthetic,horizontal_err_m,56642,56642,0,0,0,0,0.000311935268251655,40.31012788129379,0
ADD_RUN_00410__v3,A2_20s,ADD_RUN_00410,BY2,ADDENDUM,D62_20s_seed_01,A2,seed_01,F03,AB0000,v3,error_series,semisynthetic,position_3d_err_m,56642,56642,0,0,0,0,0.0012337868795451639,42.24377354680176,0
ADD_RUN_00410__v3,A2_20s,ADD_RUN_00410,BY2,ADDENDUM,D62_20s_seed_01,A2,seed_01,F03,AB0000,v3,error_series,semisynthetic,roll_err_deg,56642,56642,0,0,0,0,-4.409667558563285,9.284846936296589,16875
ADD_RUN_00410__v3,A2_20s,ADD_RUN_00410,BY2,ADDENDUM,D62_20s_seed_01,A2,seed_01,F03,AB0000,v3,error_series,semisynthetic,pitch_err_deg,56642,56642,0,0,0,0,-9.984429055754447,8.449361039542623,37539
ADD_RUN_00410__v3,A2_20s,ADD_RUN_00410,BY2,ADDENDUM,D62_20s_seed_01,A2,seed_01,F03,AB0000,v3,error_series,semisynthetic,yaw_err_deg,56642,56642,0,0,0,0,-8.857240866238413,3.8082757192653105,42209
ADD_RUN_00410__v3,A2_20s,ADD_RUN_00410,BY2,ADDENDUM,D62_20s_seed_01,A2,seed_01,F03,AB0000,v3,error_series,semisynthetic,horizontal_3sigma_m,56642,56642,0,0,0,0,0.04693113234124467,46.97198681543066,0
ADD_RUN_00410__v3,A2_20s,ADD_RUN_00410,BY2,ADDENDUM,D62_20s_seed_01,A2,seed_01,F03,AB0000,v3,error_series,semisynthetic,roll_3sigma_deg,56642,56642,0,0,0,0,0.399517188,6.0000398189999995,0
ADD_RUN_00410__v3,A2_20s,ADD_RUN_00410,BY2,ADDENDUM,D62_20s_seed_01,A2,seed_01,F03,AB0000,v3,error_series,semisynthetic,pitch_3sigma_deg,56642,56642,0,0,0,0,0.407628111,6.0000398189999995,0
ADD_RUN_00410__v3,A2_20s,ADD_RUN_00410,BY2,ADDENDUM,D62_20s_seed_01,A2,seed_01,F03,AB0000,v3,error_series,semisynthetic,yaw_3sigma_deg,56642,56642,0,0,0,0,0.5449881240000001,6.0000398189999995,0
ADD_RUN_00410__v2,A2_20s,ADD_RUN_00410,BY2,ADDENDUM,D62_20s_seed_01,A2,seed_01,F03,AB0000,v2,error_series,semisynthetic,time,56642,56642,0,0,0,0,66.005054,339.997056,0
ADD_RUN_00410__v2,A2_20s,ADD_RUN_00410,BY2,ADDENDUM,D62_20s_seed_01,A2,seed_01,F03,AB0000,v2,error_series,semisynthetic,err_n_m,56642,56642,0,0,0,0,-39.67082409448183,0.21602369630494067,31791
ADD_RUN_00410__v2,A2_20s,ADD_RUN_00410,BY2,ADDENDUM,D62_20s_seed_01,A2,seed_01,F03,AB0000,v2,error_series,semisynthetic,err_e_m,56642,56642,0,0,0,0,-6.258855619840041,0.4955020781643782,27682
ADD_RUN_00410__v2,A2_20s,ADD_RUN_00410,BY2,ADDENDUM,D62_20s_seed_01,A2,seed_01,F03,AB0000,v2,error_series,semisynthetic,err_u_m,56642,56642,0,0,0,0,-12.93570066386539,0.04139467741025951,56600
ADD_RUN_00410__v2,A2_20s,ADD_RUN_00410,BY2,ADDENDUM,D62_20s_seed_01,A2,seed_01,F03,AB0000,v2,error_series,semisynthetic,horizontal_err_m,56642,56642,0,0,0,0,0.0089210753436949,40.161518372757314,0
ADD_RUN_00410__v2,A2_20s,ADD_RUN_00410,BY2,ADDENDUM,D62_20s_seed_01,A2,seed_01,F03,AB0000,v2,error_series,semisynthetic,position_3d_err_m,56642,56642,0,0,0,0,0.15586011842783912,42.1933633367909,0
ADD_RUN_00410__v2,A2_20s,ADD_RUN_00410,BY2,ADDENDUM,D62_20s_seed_01,A2,seed_01,F03,AB0000,v2,error_series,semisynthetic,roll_err_deg,56642,56642,0,0,0,0,-4.409667558563285,9.284846936296589,16875
ADD_RUN_00410__v2,A2_20s,ADD_RUN_00410,BY2,ADDENDUM,D62_20s_seed_01,A2,seed_01,F03,AB0000,v2,error_series,semisynthetic,pitch_err_deg,56642,56642,0,0,0,0,-9.984429055754447,8.449361039542623,37539
ADD_RUN_00410__v2,A2_20s,ADD_RUN_00410,BY2,ADDENDUM,D62_20s_seed_01,A2,seed_01,F03,AB0000,v2,error_series,semisynthetic,yaw_err_deg,56642,56642,0,0,0,0,-8.857240866238413,3.8082757192653105,42209
ADD_RUN_00410__v2,A2_20s,ADD_RUN_00410,BY2,ADDENDUM,D62_20s_seed_01,A2,seed_01,F03,AB0000,v2,error_series,semisynthetic,horizontal_3sigma_m,56642,56642,0,0,0,0,0.04693113234124467,46.97198681543066,0
ADD_RUN_00410__v2,A2_20s,ADD_RUN_00410,BY2,ADDENDUM,D62_20s_seed_01,A2,seed_01,F03,AB0000,v2,error_series,semisynthetic,roll_3sigma_deg,56642,56642,0,0,0,0,0.399517188,6.0000398189999995,0
ADD_RUN_00410__v2,A2_20s,ADD_RUN_00410,BY2,ADDENDUM,D62_20s_seed_01,A2,seed_01,F03,AB0000,v2,error_series,semisynthetic,pitch_3sigma_deg,56642,56642,0,0,0,0,0.407628111,6.0000398189999995,0
ADD_RUN_00410__v2,A2_20s,ADD_RUN_00410,BY2,ADDENDUM,D62_20s_seed_01,A2,seed_01,F03,AB0000,v2,error_series,semisynthetic,yaw_3sigma_deg,56642,56642,0,0,0,0,0.5449881240000001,6.0000398189999995,0
ADD_RUN_00411__v3,A2_20s,ADD_RUN_00411,BY2,ADDENDUM,D62_20s_seed_01,A2,seed_01,F04,AB1111,v3,error_series,semisynthetic,time,56642,56642,0,0,0,0,66.005054,339.997056,0
ADD_RUN_00411__v3,A2_20s,ADD_RUN_00411,BY2,ADDENDUM,D62_20s_seed_01,A2,seed_01,F04,AB1111,v3,error_series,semisynthetic,err_n_m,56642,56642,0,0,0,0,-1.9640192619592707,0.18633291267013874,36940
ADD_RUN_00411__v3,A2_20s,ADD_RUN_00411,BY2,ADDENDUM,D62_20s_seed_01,A2,seed_01,F04,AB1111,v3,error_series,semisynthetic,err_e_m,56642,56642,0,0,0,0,-0.18567049096064805,0.517764611694929,24050
ADD_RUN_00411__v3,A2_20s,ADD_RUN_00411,BY2,ADDENDUM,D62_20s_seed_01,A2,seed_01,F04,AB1111,v3,error_series,semisynthetic,err_u_m,56642,56642,0,0,0,0,-12.392848006407217,0.3415064349426196,39901
ADD_RUN_00411__v3,A2_20s,ADD_RUN_00411,BY2,ADDENDUM,D62_20s_seed_01,A2,seed_01,F04,AB1111,v3,error_series,semisynthetic,horizontal_err_m,56642,56642,0,0,0,0,7.595731505688769e-05,1.9923567780564029,0
ADD_RUN_00411__v3,A2_20s,ADD_RUN_00411,BY2,ADDENDUM,D62_20s_seed_01,A2,seed_01,F04,AB1111,v3,error_series,semisynthetic,position_3d_err_m,56642,56642,0,0,0,0,0.001809911090171994,12.551978618567617,0
ADD_RUN_00411__v3,A2_20s,ADD_RUN_00411,BY2,ADDENDUM,D62_20s_seed_01,A2,seed_01,F04,AB1111,v3,error_series,semisynthetic,roll_err_deg,56642,56642,0,0,0,0,-4.086935388563262,6.872120140296573,19321
ADD_RUN_00411__v3,A2_20s,ADD_RUN_00411,BY2,ADDENDUM,D62_20s_seed_01,A2,seed_01,F04,AB1111,v3,error_series,semisynthetic,pitch_err_deg,56642,56642,0,0,0,0,-8.57000732475447,8.514270319542646,37196
ADD_RUN_00411__v3,A2_20s,ADD_RUN_00411,BY2,ADDENDUM,D62_20s_seed_01,A2,seed_01,F04,AB1111,v3,error_series,semisynthetic,yaw_err_deg,56642,56642,0,0,0,0,-8.772690156238411,3.8392413732653097,42116
ADD_RUN_00411__v3,A2_20s,ADD_RUN_00411,BY2,ADDENDUM,D62_20s_seed_01,A2,seed_01,F04,AB1111,v3,error_series,semisynthetic,horizontal_3sigma_m,56642,56642,0,0,0,0,0.04566306983862891,42.43457969268709,0
ADD_RUN_00411__v3,A2_20s,ADD_RUN_00411,BY2,ADDENDUM,D62_20s_seed_01,A2,seed_01,F04,AB1111,v3,error_series,semisynthetic,roll_3sigma_deg,56642,56642,0,0,0,0,0.322797012,6.0000398189999995,0
ADD_RUN_00411__v3,A2_20s,ADD_RUN_00411,BY2,ADDENDUM,D62_20s_seed_01,A2,seed_01,F04,AB1111,v3,error_series,semisynthetic,pitch_3sigma_deg,56642,56642,0,0,0,0,0.32471150699999995,6.0000398189999995,0
ADD_RUN_00411__v3,A2_20s,ADD_RUN_00411,BY2,ADDENDUM,D62_20s_seed_01,A2,seed_01,F04,AB1111,v3,error_series,semisynthetic,yaw_3sigma_deg,56642,56642,0,0,0,0,0.5447818170000001,6.0000398189999995,0
ADD_RUN_00411__v2,A2_20s,ADD_RUN_00411,BY2,ADDENDUM,D62_20s_seed_01,A2,seed_01,F04,AB1111,v2,error_series,semisynthetic,time,56642,56642,0,0,0,0,66.005054,339.997056,0
ADD_RUN_00411__v2,A2_20s,ADD_RUN_00411,BY2,ADDENDUM,D62_20s_seed_01,A2,seed_01,F04,AB1111,v2,error_series,semisynthetic,err_n_m,56642,56642,0,0,0,0,-1.8179850953526495,0.21480230181866133,31841
ADD_RUN_00411__v2,A2_20s,ADD_RUN_00411,BY2,ADDENDUM,D62_20s_seed_01,A2,seed_01,F04,AB1111,v2,error_series,semisynthetic,err_e_m,56642,56642,0,0,0,0,-0.2158348741245817,0.4962708119588406,24281
ADD_RUN_00411__v2,A2_20s,ADD_RUN_00411,BY2,ADDENDUM,D62_20s_seed_01,A2,seed_01,F04,AB1111,v2,error_series,semisynthetic,err_u_m,56642,56642,0,0,0,0,-12.694710526482474,0.04139467741025951,56600
ADD_RUN_00411__v2,A2_20s,ADD_RUN_00411,BY2,ADDENDUM,D62_20s_seed_01,A2,seed_01,F04,AB1111,v2,error_series,semisynthetic,horizontal_err_m,56642,56642,0,0,0,0,0.011819145598935911,1.8522190927144238,0
ADD_RUN_00411__v2,A2_20s,ADD_RUN_00411,BY2,ADDENDUM,D62_20s_seed_01,A2,seed_01,F04,AB1111,v2,error_series,semisynthetic,position_3d_err_m,56642,56642,0,0,0,0,0.15882234986760677,12.829122764967243,0
ADD_RUN_00411__v2,A2_20s,ADD_RUN_00411,BY2,ADDENDUM,D62_20s_seed_01,A2,seed_01,F04,AB1111,v2,error_series,semisynthetic,roll_err_deg,56642,56642,0,0,0,0,-4.086935388563262,6.872120140296573,19321
ADD_RUN_00411__v2,A2_20s,ADD_RUN_00411,BY2,ADDENDUM,D62_20s_seed_01,A2,seed_01,F04,AB1111,v2,error_series,semisynthetic,pitch_err_deg,56642,56642,0,0,0,0,-8.57000732475447,8.514270319542646,37196
ADD_RUN_00411__v2,A2_20s,ADD_RUN_00411,BY2,ADDENDUM,D62_20s_seed_01,A2,seed_01,F04,AB1111,v2,error_series,semisynthetic,yaw_err_deg,56642,56642,0,0,0,0,-8.772690156238411,3.8392413732653097,42116
ADD_RUN_00411__v2,A2_20s,ADD_RUN_00411,BY2,ADDENDUM,D62_20s_seed_01,A2,seed_01,F04,AB1111,v2,error_series,semisynthetic,horizontal_3sigma_m,56642,56642,0,0,0,0,0.04566306983862891,42.43457969268709,0
ADD_RUN_00411__v2,A2_20s,ADD_RUN_00411,BY2,ADDENDUM,D62_20s_seed_01,A2,seed_01,F04,AB1111,v2,error_series,semisynthetic,roll_3sigma_deg,56642,56642,0,0,0,0,0.322797012,6.0000398189999995,0
ADD_RUN_00411__v2,A2_20s,ADD_RUN_00411,BY2,ADDENDUM,D62_20s_seed_01,A2,seed_01,F04,AB1111,v2,error_series,semisynthetic,pitch_3sigma_deg,56642,56642,0,0,0,0,0.32471150699999995,6.0000398189999995,0
ADD_RUN_00411__v2,A2_20s,ADD_RUN_00411,BY2,ADDENDUM,D62_20s_seed_01,A2,seed_01,F04,AB1111,v2,error_series,semisynthetic,yaw_3sigma_deg,56642,56642,0,0,0,0,0.5447818170000001,6.0000398189999995,0
ADD_RUN_00412__v3,A2_20s,ADD_RUN_00412,BY2,ADDENDUM,D62_20s_seed_01,A2,seed_01,A03,AB0111,v3,error_series,semisynthetic,time,56642,56642,0,0,0,0,66.005054,339.997056,0
ADD_RUN_00412__v3,A2_20s,ADD_RUN_00412,BY2,ADDENDUM,D62_20s_seed_01,A2,seed_01,A03,AB0111,v3,error_series,semisynthetic,err_n_m,56642,56642,0,0,0,0,-1.9642328064138876,0.18633987835184485,37131
ADD_RUN_00412__v3,A2_20s,ADD_RUN_00412,BY2,ADDENDUM,D62_20s_seed_01,A2,seed_01,A03,AB0111,v3,error_series,semisynthetic,err_e_m,56642,56642,0,0,0,0,-0.18567049096064805,0.51774275279287,24188
ADD_RUN_00412__v3,A2_20s,ADD_RUN_00412,BY2,ADDENDUM,D62_20s_seed_01,A2,seed_01,A03,AB0111,v3,error_series,semisynthetic,err_u_m,56642,56642,0,0,0,0,-12.414814758820249,0.3415064349426196,40125
ADD_RUN_00412__v3,A2_20s,ADD_RUN_00412,BY2,ADDENDUM,D62_20s_seed_01,A2,seed_01,A03,AB0111,v3,error_series,semisynthetic,horizontal_err_m,56642,56642,0,0,0,0,0.00014881509334811963,1.9923065064009777,0
ADD_RUN_00412__v3,A2_20s,ADD_RUN_00412,BY2,ADDENDUM,D62_20s_seed_01,A2,seed_01,A03,AB0111,v3,error_series,semisynthetic,position_3d_err_m,56642,56642,0,0,0,0,0.002712014983912625,12.573659400161464,0
ADD_RUN_00412__v3,A2_20s,ADD_RUN_00412,BY2,ADDENDUM,D62_20s_seed_01,A2,seed_01,A03,AB0111,v3,error_series,semisynthetic,roll_err_deg,56642,56642,0,0,0,0,-4.0878586485632695,6.870059985296592,19327
ADD_RUN_00412__v3,A2_20s,ADD_RUN_00412,BY2,ADDENDUM,D62_20s_seed_01,A2,seed_01,A03,AB0111,v3,error_series,semisynthetic,pitch_err_deg,56642,56642,0,0,0,0,-8.568979048754471,8.512208713542634,37200
ADD_RUN_00412__v3,A2_20s,ADD_RUN_00412,BY2,ADDENDUM,D62_20s_seed_01,A2,seed_01,A03,AB0111,v3,error_series,semisynthetic,yaw_err_deg,56642,56642,0,0,0,0,-8.7763736432384,3.8369800952652895,42055
ADD_RUN_00412__v3,A2_20s,ADD_RUN_00412,BY2,ADDENDUM,D62_20s_seed_01,A2,seed_01,A03,AB0111,v3,error_series,semisynthetic,horizontal_3sigma_m,56642,56642,0,0,0,0,0.046018764879759144,42.43457969268709,0
ADD_RUN_00412__v3,A2_20s,ADD_RUN_00412,BY2,ADDENDUM,D62_20s_seed_01,A2,seed_01,A03,AB0111,v3,error_series,semisynthetic,roll_3sigma_deg,56642,56642,0,0,0,0,0.322806579,6.0000398189999995,0
ADD_RUN_00412__v3,A2_20s,ADD_RUN_00412,BY2,ADDENDUM,D62_20s_seed_01,A2,seed_01,A03,AB0111,v3,error_series,semisynthetic,pitch_3sigma_deg,56642,56642,0,0,0,0,0.324720897,6.0000398189999995,0
ADD_RUN_00412__v3,A2_20s,ADD_RUN_00412,BY2,ADDENDUM,D62_20s_seed_01,A2,seed_01,A03,AB0111,v3,error_series,semisynthetic,yaw_3sigma_deg,56642,56642,0,0,0,0,0.5448479159999999,6.0000398189999995,0
ADD_RUN_00412__v2,A2_20s,ADD_RUN_00412,BY2,ADDENDUM,D62_20s_seed_01,A2,seed_01,A03,AB0111,v2,error_series,semisynthetic,time,56642,56642,0,0,0,0,66.005054,339.997056,0
ADD_RUN_00412__v2,A2_20s,ADD_RUN_00412,BY2,ADDENDUM,D62_20s_seed_01,A2,seed_01,A03,AB0111,v2,error_series,semisynthetic,err_n_m,56642,56642,0,0,0,0,-1.8182071783575449,0.20869537923627668,32088
ADD_RUN_00412__v2,A2_20s,ADD_RUN_00412,BY2,ADDENDUM,D62_20s_seed_01,A2,seed_01,A03,AB0111,v2,error_series,semisynthetic,err_e_m,56642,56642,0,0,0,0,-0.21805560121268286,0.49627081144370777,24128
ADD_RUN_00412__v2,A2_20s,ADD_RUN_00412,BY2,ADDENDUM,D62_20s_seed_01,A2,seed_01,A03,AB0111,v2,error_series,semisynthetic,err_u_m,56642,56642,0,0,0,0,-12.716680227852862,0.04139467741025951,56600
ADD_RUN_00412__v2,A2_20s,ADD_RUN_00412,BY2,ADDENDUM,D62_20s_seed_01,A2,seed_01,A03,AB0111,v2,error_series,semisynthetic,horizontal_err_m,56642,56642,0,0,0,0,0.010300958921511368,1.8521435323619724,0
ADD_RUN_00412__v2,A2_20s,ADD_RUN_00412,BY2,ADDENDUM,D62_20s_seed_01,A2,seed_01,A03,AB0111,v2,error_series,semisynthetic,position_3d_err_m,56642,56642,0,0,0,0,0.1597354240248862,12.850851788186423,0
ADD_RUN_00412__v2,A2_20s,ADD_RUN_00412,BY2,ADDENDUM,D62_20s_seed_01,A2,seed_01,A03,AB0111,v2,error_series,semisynthetic,roll_err_deg,56642,56642,0,0,0,0,-4.0878586485632695,6.870059985296592,19327
ADD_RUN_00412__v2,A2_20s,ADD_RUN_00412,BY2,ADDENDUM,D62_20s_seed_01,A2,seed_01,A03,AB0111,v2,error_series,semisynthetic,pitch_err_deg,56642,56642,0,0,0,0,-8.568979048754471,8.512208713542634,37200
ADD_RUN_00412__v2,A2_20s,ADD_RUN_00412,BY2,ADDENDUM,D62_20s_seed_01,A2,seed_01,A03,AB0111,v2,error_series,semisynthetic,yaw_err_deg,56642,56642,0,0,0,0,-8.7763736432384,3.8369800952652895,42055
ADD_RUN_00412__v2,A2_20s,ADD_RUN_00412,BY2,ADDENDUM,D62_20s_seed_01,A2,seed_01,A03,AB0111,v2,error_series,semisynthetic,horizontal_3sigma_m,56642,56642,0,0,0,0,0.046018764879759144,42.43457969268709,0
ADD_RUN_00412__v2,A2_20s,ADD_RUN_00412,BY2,ADDENDUM,D62_20s_seed_01,A2,seed_01,A03,AB0111,v2,error_series,semisynthetic,roll_3sigma_deg,56642,56642,0,0,0,0,0.322806579,6.0000398189999995,0
ADD_RUN_00412__v2,A2_20s,ADD_RUN_00412,BY2,ADDENDUM,D62_20s_seed_01,A2,seed_01,A03,AB0111,v2,error_series,semisynthetic,pitch_3sigma_deg,56642,56642,0,0,0,0,0.324720897,6.0000398189999995,0
ADD_RUN_00412__v2,A2_20s,ADD_RUN_00412,BY2,ADDENDUM,D62_20s_seed_01,A2,seed_01,A03,AB0111,v2,error_series,semisynthetic,yaw_3sigma_deg,56642,56642,0,0,0,0,0.5448479159999999,6.0000398189999995,0
ADD_RUN_00413__v3,A2_20s,ADD_RUN_00413,BY2,ADDENDUM,D62_20s_seed_01,A2,seed_01,A04,AB1011,v3,error_series,semisynthetic,time,56642,56642,0,0,0,0,66.005054,339.997056,0
ADD_RUN_00413__v3,A2_20s,ADD_RUN_00413,BY2,ADDENDUM,D62_20s_seed_01,A2,seed_01,A04,AB1011,v3,error_series,semisynthetic,err_n_m,56642,56642,0,0,0,0,-1.9722147678229813,0.1904155975057975,36350
ADD_RUN_00413__v3,A2_20s,ADD_RUN_00413,BY2,ADDENDUM,D62_20s_seed_01,A2,seed_01,A04,AB1011,v3,error_series,semisynthetic,err_e_m,56642,56642,0,0,0,0,-0.18567049096064805,0.5155184423508139,24299
ADD_RUN_00413__v3,A2_20s,ADD_RUN_00413,BY2,ADDENDUM,D62_20s_seed_01,A2,seed_01,A04,AB1011,v3,error_series,semisynthetic,err_u_m,56642,56642,0,0,0,0,-12.378114408551344,0.3415064349426196,40055
ADD_RUN_00413__v3,A2_20s,ADD_RUN_00413,BY2,ADDENDUM,D62_20s_seed_01,A2,seed_01,A04,AB1011,v3,error_series,semisynthetic,horizontal_err_m,56642,56642,0,0,0,0,0.000304865980232573,1.9995174718419577,0
ADD_RUN_00413__v3,A2_20s,ADD_RUN_00413,BY2,ADDENDUM,D62_20s_seed_01,A2,seed_01,A04,AB1011,v3,error_series,semisynthetic,position_3d_err_m,56642,56642,0,0,0,0,0.0018820621928791307,12.538571945456454,0
ADD_RUN_00413__v3,A2_20s,ADD_RUN_00413,BY2,ADDENDUM,D62_20s_seed_01,A2,seed_01,A04,AB1011,v3,error_series,semisynthetic,roll_err_deg,56642,56642,0,0,0,0,-3.944412458563278,6.561474522139463,19971
ADD_RUN_00413__v3,A2_20s,ADD_RUN_00413,BY2,ADDENDUM,D62_20s_seed_01,A2,seed_01,A04,AB1011,v3,error_series,semisynthetic,pitch_err_deg,56642,56642,0,0,0,0,-8.223089145754471,8.49940237054264,37047
ADD_RUN_00413__v3,A2_20s,ADD_RUN_00413,BY2,ADDENDUM,D62_20s_seed_01,A2,seed_01,A04,AB1011,v3,error_series,semisynthetic,yaw_err_deg,56642,56642,0,0,0,0,-8.777071065238403,3.836938298265295,42174
ADD_RUN_00413__v3,A2_20s,ADD_RUN_00413,BY2,ADDENDUM,D62_20s_seed_01,A2,seed_01,A04,AB1011,v3,error_series,semisynthetic,horizontal_3sigma_m,56642,56642,0,0,0,0,0.04477348778364094,42.43457969268709,0
ADD_RUN_00413__v3,A2_20s,ADD_RUN_00413,BY2,ADDENDUM,D62_20s_seed_01,A2,seed_01,A04,AB1011,v3,error_series,semisynthetic,roll_3sigma_deg,56642,56642,0,0,0,0,0.302971911,6.0000398189999995,0
ADD_RUN_00413__v3,A2_20s,ADD_RUN_00413,BY2,ADDENDUM,D62_20s_seed_01,A2,seed_01,A04,AB1011,v3,error_series,semisynthetic,pitch_3sigma_deg,56642,56642,0,0,0,0,0.30414032999999996,6.0000398189999995,0
ADD_RUN_00413__v3,A2_20s,ADD_RUN_00413,BY2,ADDENDUM,D62_20s_seed_01,A2,seed_01,A04,AB1011,v3,error_series,semisynthetic,yaw_3sigma_deg,56642,56642,0,0,0,0,0.54464382,6.0000398189999995,0
ADD_RUN_00413__v2,A2_20s,ADD_RUN_00413,BY2,ADDENDUM,D62_20s_seed_01,A2,seed_01,A04,AB1011,v2,error_series,semisynthetic,time,56642,56642,0,0,0,0,66.005054,339.997056,0
ADD_RUN_00413__v2,A2_20s,ADD_RUN_00413,BY2,ADDENDUM,D62_20s_seed_01,A2,seed_01,A04,AB1011,v2,error_series,semisynthetic,err_n_m,56642,56642,0,0,0,0,-1.8262016186148768,0.2084733009219697,31612
ADD_RUN_00413__v2,A2_20s,ADD_RUN_00413,BY2,ADDENDUM,D62_20s_seed_01,A2,seed_01,A04,AB1011,v2,error_series,semisynthetic,err_e_m,56642,56642,0,0,0,0,-0.21089642050887392,0.4951604336610309,24373
ADD_RUN_00413__v2,A2_20s,ADD_RUN_00413,BY2,ADDENDUM,D62_20s_seed_01,A2,seed_01,A04,AB1011,v2,error_series,semisynthetic,err_u_m,56642,56642,0,0,0,0,-12.679993849121175,0.04139467741025951,56600
ADD_RUN_00413__v2,A2_20s,ADD_RUN_00413,BY2,ADDENDUM,D62_20s_seed_01,A2,seed_01,A04,AB1011,v2,error_series,semisynthetic,horizontal_err_m,56642,56642,0,0,0,0,0.007816323488582015,1.8592184739508684,0
ADD_RUN_00413__v2,A2_20s,ADD_RUN_00413,BY2,ADDENDUM,D62_20s_seed_01,A2,seed_01,A04,AB1011,v2,error_series,semisynthetic,position_3d_err_m,56642,56642,0,0,0,0,0.16091057599598396,12.815574015534029,0
ADD_RUN_00413__v2,A2_20s,ADD_RUN_00413,BY2,ADDENDUM,D62_20s_seed_01,A2,seed_01,A04,AB1011,v2,error_series,semisynthetic,roll_err_deg,56642,56642,0,0,0,0,-3.944412458563278,6.561474522139463,19971
ADD_RUN_00413__v2,A2_20s,ADD_RUN_00413,BY2,ADDENDUM,D62_20s_seed_01,A2,seed_01,A04,AB1011,v2,error_series,semisynthetic,pitch_err_deg,56642,56642,0,0,0,0,-8.223089145754471,8.49940237054264,37047
ADD_RUN_00413__v2,A2_20s,ADD_RUN_00413,BY2,ADDENDUM,D62_20s_seed_01,A2,seed_01,A04,AB1011,v2,error_series,semisynthetic,yaw_err_deg,56642,56642,0,0,0,0,-8.777071065238403,3.836938298265295,42174
ADD_RUN_00413__v2,A2_20s,ADD_RUN_00413,BY2,ADDENDUM,D62_20s_seed_01,A2,seed_01,A04,AB1011,v2,error_series,semisynthetic,horizontal_3sigma_m,56642,56642,0,0,0,0,0.04477348778364094,42.43457969268709,0
ADD_RUN_00413__v2,A2_20s,ADD_RUN_00413,BY2,ADDENDUM,D62_20s_seed_01,A2,seed_01,A04,AB1011,v2,error_series,semisynthetic,roll_3sigma_deg,56642,56642,0,0,0,0,0.302971911,6.0000398189999995,0
ADD_RUN_00413__v2,A2_20s,ADD_RUN_00413,BY2,ADDENDUM,D62_20s_seed_01,A2,seed_01,A04,AB1011,v2,error_series,semisynthetic,pitch_3sigma_deg,56642,56642,0,0,0,0,0.30414032999999996,6.0000398189999995,0
ADD_RUN_00413__v2,A2_20s,ADD_RUN_00413,BY2,ADDENDUM,D62_20s_seed_01,A2,seed_01,A04,AB1011,v2,error_series,semisynthetic,yaw_3sigma_deg,56642,56642,0,0,0,0,0.54464382,6.0000398189999995,0
ADD_RUN_00414__v3,A2_20s,ADD_RUN_00414,BY2,ADDENDUM,D62_20s_seed_01,A2,seed_01,A05,AB1101,v3,error_series,semisynthetic,time,56642,56642,0,0,0,0,66.005054,339.997056,0
ADD_RUN_00414__v3,A2_20s,ADD_RUN_00414,BY2,ADDENDUM,D62_20s_seed_01,A2,seed_01,A05,AB1101,v3,error_series,semisynthetic,err_n_m,56642,56642,0,0,0,0,-1.9606934048769418,0.18239831317638533,38612
ADD_RUN_00414__v3,A2_20s,ADD_RUN_00414,BY2,ADDENDUM,D62_20s_seed_01,A2,seed_01,A05,AB1101,v3,error_series,semisynthetic,err_e_m,56642,56642,0,0,0,0,-0.18567049096064805,0.5243305576624842,23493
ADD_RUN_00414__v3,A2_20s,ADD_RUN_00414,BY2,ADDENDUM,D62_20s_seed_01,A2,seed_01,A05,AB1101,v3,error_series,semisynthetic,err_u_m,56642,56642,0,0,0,0,-12.419676544408773,0.3415064349426196,38395
ADD_RUN_00414__v3,A2_20s,ADD_RUN_00414,BY2,ADDENDUM,D62_20s_seed_01,A2,seed_01,A05,AB1101,v3,error_series,semisynthetic,horizontal_err_m,56642,56642,0,0,0,0,0.00012988580185798154,1.9889273917524106,0
ADD_RUN_00414__v3,A2_20s,ADD_RUN_00414,BY2,ADDENDUM,D62_20s_seed_01,A2,seed_01,A05,AB1101,v3,error_series,semisynthetic,position_3d_err_m,56642,56642,0,0,0,0,0.0018489261848598636,12.5779250131888,0
ADD_RUN_00414__v3,A2_20s,ADD_RUN_00414,BY2,ADDENDUM,D62_20s_seed_01,A2,seed_01,A05,AB1101,v3,error_series,semisynthetic,roll_err_deg,56642,56642,0,0,0,0,-4.38629732256328,9.286583487296582,16280
ADD_RUN_00414__v3,A2_20s,ADD_RUN_00414,BY2,ADDENDUM,D62_20s_seed_01,A2,seed_01,A05,AB1101,v3,error_series,semisynthetic,pitch_err_deg,56642,56642,0,0,0,0,-9.985579275754446,8.451619391542636,37556
ADD_RUN_00414__v3,A2_20s,ADD_RUN_00414,BY2,ADDENDUM,D62_20s_seed_01,A2,seed_01,A05,AB1101,v3,error_series,semisynthetic,yaw_err_deg,56642,56642,0,0,0,0,-8.843912896238407,3.812615135265304,42217
ADD_RUN_00414__v3,A2_20s,ADD_RUN_00414,BY2,ADDENDUM,D62_20s_seed_01,A2,seed_01,A05,AB1101,v3,error_series,semisynthetic,horizontal_3sigma_m,56642,56642,0,0,0,0,0.04569652962897268,42.43457969268709,0
ADD_RUN_00414__v3,A2_20s,ADD_RUN_00414,BY2,ADDENDUM,D62_20s_seed_01,A2,seed_01,A05,AB1101,v3,error_series,semisynthetic,roll_3sigma_deg,56642,56642,0,0,0,0,0.399388521,6.0000398189999995,0
ADD_RUN_00414__v3,A2_20s,ADD_RUN_00414,BY2,ADDENDUM,D62_20s_seed_01,A2,seed_01,A05,AB1101,v3,error_series,semisynthetic,pitch_3sigma_deg,56642,56642,0,0,0,0,0.407533692,6.0000398189999995,0
ADD_RUN_00414__v3,A2_20s,ADD_RUN_00414,BY2,ADDENDUM,D62_20s_seed_01,A2,seed_01,A05,AB1101,v3,error_series,semisynthetic,yaw_3sigma_deg,56642,56642,0,0,0,0,0.544989555,6.0000398189999995,0
ADD_RUN_00414__v2,A2_20s,ADD_RUN_00414,BY2,ADDENDUM,D62_20s_seed_01,A2,seed_01,A05,AB1101,v2,error_series,semisynthetic,time,56642,56642,0,0,0,0,66.005054,339.997056,0
ADD_RUN_00414__v2,A2_20s,ADD_RUN_00414,BY2,ADDENDUM,D62_20s_seed_01,A2,seed_01,A05,AB1101,v2,error_series,semisynthetic,err_n_m,56642,56642,0,0,0,0,-1.8158754623224853,0.21458023078898414,31372
ADD_RUN_00414__v2,A2_20s,ADD_RUN_00414,BY2,ADDENDUM,D62_20s_seed_01,A2,seed_01,A05,AB1101,v2,error_series,semisynthetic,err_e_m,56642,56642,0,0,0,0,-0.21549320370621672,0.49328132192194474,25099
ADD_RUN_00414__v2,A2_20s,ADD_RUN_00414,BY2,ADDENDUM,D62_20s_seed_01,A2,seed_01,A05,AB1101,v2,error_series,semisynthetic,err_u_m,56642,56642,0,0,0,0,-12.722076357618555,0.04139467741025951,56600
ADD_RUN_00414__v2,A2_20s,ADD_RUN_00414,BY2,ADDENDUM,D62_20s_seed_01,A2,seed_01,A05,AB1101,v2,error_series,semisynthetic,horizontal_err_m,56642,56642,0,0,0,0,0.008272324242577157,1.8501158225412901,0
ADD_RUN_00414__v2,A2_20s,ADD_RUN_00414,BY2,ADDENDUM,D62_20s_seed_01,A2,seed_01,A05,AB1101,v2,error_series,semisynthetic,position_3d_err_m,56642,56642,0,0,0,0,0.15657692904652257,12.855899634249429,0
ADD_RUN_00414__v2,A2_20s,ADD_RUN_00414,BY2,ADDENDUM,D62_20s_seed_01,A2,seed_01,A05,AB1101,v2,error_series,semisynthetic,roll_err_deg,56642,56642,0,0,0,0,-4.38629732256328,9.286583487296582,16280
ADD_RUN_00414__v2,A2_20s,ADD_RUN_00414,BY2,ADDENDUM,D62_20s_seed_01,A2,seed_01,A05,AB1101,v2,error_series,semisynthetic,pitch_err_deg,56642,56642,0,0,0,0,-9.985579275754446,8.451619391542636,37556
ADD_RUN_00414__v2,A2_20s,ADD_RUN_00414,BY2,ADDENDUM,D62_20s_seed_01,A2,seed_01,A05,AB1101,v2,error_series,semisynthetic,yaw_err_deg,56642,56642,0,0,0,0,-8.843912896238407,3.812615135265304,42217
ADD_RUN_00414__v2,A2_20s,ADD_RUN_00414,BY2,ADDENDUM,D62_20s_seed_01,A2,seed_01,A05,AB1101,v2,error_series,semisynthetic,horizontal_3sigma_m,56642,56642,0,0,0,0,0.04569652962897268,42.43457969268709,0
ADD_RUN_00414__v2,A2_20s,ADD_RUN_00414,BY2,ADDENDUM,D62_20s_seed_01,A2,seed_01,A05,AB1101,v2,error_series,semisynthetic,roll_3sigma_deg,56642,56642,0,0,0,0,0.399388521,6.0000398189999995,0
ADD_RUN_00414__v2,A2_20s,ADD_RUN_00414,BY2,ADDENDUM,D62_20s_seed_01,A2,seed_01,A05,AB1101,v2,error_series,semisynthetic,pitch_3sigma_deg,56642,56642,0,0,0,0,0.407533692,6.0000398189999995,0
ADD_RUN_00414__v2,A2_20s,ADD_RUN_00414,BY2,ADDENDUM,D62_20s_seed_01,A2,seed_01,A05,AB1101,v2,error_series,semisynthetic,yaw_3sigma_deg,56642,56642,0,0,0,0,0.544989555,6.0000398189999995,0
ADD_RUN_00415__v3,A2_20s,ADD_RUN_00415,BY2,ADDENDUM,D62_20s_seed_01,A2,seed_01,A06,AB1110,v3,error_series,semisynthetic,time,56642,56642,0,0,0,0,66.005054,339.997056,0
ADD_RUN_00415__v3,A2_20s,ADD_RUN_00415,BY2,ADDENDUM,D62_20s_seed_01,A2,seed_01,A06,AB1110,v3,error_series,semisynthetic,err_n_m,56642,56642,0,0,0,0,-37.181392629480825,0.1850337409962144,37114
ADD_RUN_00415__v3,A2_20s,ADD_RUN_00415,BY2,ADDENDUM,D62_20s_seed_01,A2,seed_01,A06,AB1110,v3,error_series,semisynthetic,err_e_m,56642,56642,0,0,0,0,-5.357895946756372,0.5192664409863887,26593
ADD_RUN_00415__v3,A2_20s,ADD_RUN_00415,BY2,ADDENDUM,D62_20s_seed_01,A2,seed_01,A06,AB1110,v3,error_series,semisynthetic,err_u_m,56642,56642,0,0,0,0,-12.494495922238055,0.3415064349426196,39907
ADD_RUN_00415__v3,A2_20s,ADD_RUN_00415,BY2,ADDENDUM,D62_20s_seed_01,A2,seed_01,A06,AB1110,v3,error_series,semisynthetic,horizontal_err_m,56642,56642,0,0,0,0,0.0004254643792734839,37.565449642509,0
ADD_RUN_00415__v3,A2_20s,ADD_RUN_00415,BY2,ADDENDUM,D62_20s_seed_01,A2,seed_01,A06,AB1110,v3,error_series,semisynthetic,position_3d_err_m,56642,56642,0,0,0,0,0.0019023217354354274,39.58882967700236,0
ADD_RUN_00415__v3,A2_20s,ADD_RUN_00415,BY2,ADDENDUM,D62_20s_seed_01,A2,seed_01,A06,AB1110,v3,error_series,semisynthetic,roll_err_deg,56642,56642,0,0,0,0,-4.090611604563264,6.874198632296583,19518
ADD_RUN_00415__v3,A2_20s,ADD_RUN_00415,BY2,ADDENDUM,D62_20s_seed_01,A2,seed_01,A06,AB1110,v3,error_series,semisynthetic,pitch_err_deg,56642,56642,0,0,0,0,-8.57019027675446,8.515512124542624,37188
ADD_RUN_00415__v3,A2_20s,ADD_RUN_00415,BY2,ADDENDUM,D62_20s_seed_01,A2,seed_01,A06,AB1110,v3,error_series,semisynthetic,yaw_err_deg,56642,56642,0,0,0,0,-8.774254061238423,3.8374565812653145,42142
ADD_RUN_00415__v3,A2_20s,ADD_RUN_00415,BY2,ADDENDUM,D62_20s_seed_01,A2,seed_01,A06,AB1110,v3,error_series,semisynthetic,horizontal_3sigma_m,56642,56642,0,0,0,0,0.046505836142596,43.98522483175505,0
ADD_RUN_00415__v3,A2_20s,ADD_RUN_00415,BY2,ADDENDUM,D62_20s_seed_01,A2,seed_01,A06,AB1110,v3,error_series,semisynthetic,roll_3sigma_deg,56642,56642,0,0,0,0,0.322829532,6.0000398189999995,0
ADD_RUN_00415__v3,A2_20s,ADD_RUN_00415,BY2,ADDENDUM,D62_20s_seed_01,A2,seed_01,A06,AB1110,v3,error_series,semisynthetic,pitch_3sigma_deg,56642,56642,0,0,0,0,0.324740298,6.0000398189999995,0
ADD_RUN_00415__v3,A2_20s,ADD_RUN_00415,BY2,ADDENDUM,D62_20s_seed_01,A2,seed_01,A06,AB1110,v3,error_series,semisynthetic,yaw_3sigma_deg,56642,56642,0,0,0,0,0.5448358919999999,6.0000398189999995,0
ADD_RUN_00415__v2,A2_20s,ADD_RUN_00415,BY2,ADDENDUM,D62_20s_seed_01,A2,seed_01,A06,AB1110,v2,error_series,semisynthetic,time,56642,56642,0,0,0,0,66.005054,339.997056,0
ADD_RUN_00415__v2,A2_20s,ADD_RUN_00415,BY2,ADDENDUM,D62_20s_seed_01,A2,seed_01,A06,AB1110,v2,error_series,semisynthetic,err_n_m,56642,56642,0,0,0,0,-37.034531785927726,0.22246372261314384,32017
ADD_RUN_00415__v2,A2_20s,ADD_RUN_00415,BY2,ADDENDUM,D62_20s_seed_01,A2,seed_01,A06,AB1110,v2,error_series,semisynthetic,err_e_m,56642,56642,0,0,0,0,-5.338335088297995,0.4980644988586498,27082
ADD_RUN_00415__v2,A2_20s,ADD_RUN_00415,BY2,ADDENDUM,D62_20s_seed_01,A2,seed_01,A06,AB1110,v2,error_series,semisynthetic,err_u_m,56642,56642,0,0,0,0,-12.795961700348489,0.04139467741025951,56600
ADD_RUN_00415__v2,A2_20s,ADD_RUN_00415,BY2,ADDENDUM,D62_20s_seed_01,A2,seed_01,A06,AB1110,v2,error_series,semisynthetic,horizontal_err_m,56642,56642,0,0,0,0,0.011136797222381192,37.4173003584952,0
ADD_RUN_00415__v2,A2_20s,ADD_RUN_00415,BY2,ADDENDUM,D62_20s_seed_01,A2,seed_01,A06,AB1110,v2,error_series,semisynthetic,position_3d_err_m,56642,56642,0,0,0,0,0.15679489997781906,39.54479740692358,0
ADD_RUN_00415__v2,A2_20s,ADD_RUN_00415,BY2,ADDENDUM,D62_20s_seed_01,A2,seed_01,A06,AB1110,v2,error_series,semisynthetic,roll_err_deg,56642,56642,0,0,0,0,-4.090611604563264,6.874198632296583,19518
ADD_RUN_00415__v2,A2_20s,ADD_RUN_00415,BY2,ADDENDUM,D62_20s_seed_01,A2,seed_01,A06,AB1110,v2,error_series,semisynthetic,pitch_err_deg,56642,56642,0,0,0,0,-8.57019027675446,8.515512124542624,37188
ADD_RUN_00415__v2,A2_20s,ADD_RUN_00415,BY2,ADDENDUM,D62_20s_seed_01,A2,seed_01,A06,AB1110,v2,error_series,semisynthetic,yaw_err_deg,56642,56642,0,0,0,0,-8.774254061238423,3.8374565812653145,42142
ADD_RUN_00415__v2,A2_20s,ADD_RUN_00415,BY2,ADDENDUM,D62_20s_seed_01,A2,seed_01,A06,AB1110,v2,error_series,semisynthetic,horizontal_3sigma_m,56642,56642,0,0,0,0,0.046505836142596,43.98522483175505,0
ADD_RUN_00415__v2,A2_20s,ADD_RUN_00415,BY2,ADDENDUM,D62_20s_seed_01,A2,seed_01,A06,AB1110,v2,error_series,semisynthetic,roll_3sigma_deg,56642,56642,0,0,0,0,0.322829532,6.0000398189999995,0
ADD_RUN_00415__v2,A2_20s,ADD_RUN_00415,BY2,ADDENDUM,D62_20s_seed_01,A2,seed_01,A06,AB1110,v2,error_series,semisynthetic,pitch_3sigma_deg,56642,56642,0,0,0,0,0.324740298,6.0000398189999995,0
ADD_RUN_00415__v2,A2_20s,ADD_RUN_00415,BY2,ADDENDUM,D62_20s_seed_01,A2,seed_01,A06,AB1110,v2,error_series,semisynthetic,yaw_3sigma_deg,56642,56642,0,0,0,0,0.5448358919999999,6.0000398189999995,0
ADD_RUN_00416__v3,A2_20s,ADD_RUN_00416,BY2,ADDENDUM,D62_20s_seed_01,A2,seed_01,A07,AB1100,v3,error_series,semisynthetic,time,56642,56642,0,0,0,0,66.005054,339.997056,0
ADD_RUN_00416__v3,A2_20s,ADD_RUN_00416,BY2,ADDENDUM,D62_20s_seed_01,A2,seed_01,A07,AB1100,v3,error_series,semisynthetic,err_n_m,56642,56642,0,0,0,0,-39.885242788046085,0.1808703274715313,38786
ADD_RUN_00416__v3,A2_20s,ADD_RUN_00416,BY2,ADDENDUM,D62_20s_seed_01,A2,seed_01,A07,AB1100,v3,error_series,semisynthetic,err_e_m,56642,56642,0,0,0,0,-6.15613042479778,0.5263135359205009,25901
ADD_RUN_00416__v3,A2_20s,ADD_RUN_00416,BY2,ADDENDUM,D62_20s_seed_01,A2,seed_01,A07,AB1100,v3,error_series,semisynthetic,err_u_m,56642,56642,0,0,0,0,-12.620925750586927,0.3415064349426196,38403
ADD_RUN_00416__v3,A2_20s,ADD_RUN_00416,BY2,ADDENDUM,D62_20s_seed_01,A2,seed_01,A07,AB1100,v3,error_series,semisynthetic,horizontal_err_m,56642,56642,0,0,0,0,8.010459598951339e-05,40.357533795668225,0
ADD_RUN_00416__v3,A2_20s,ADD_RUN_00416,BY2,ADDENDUM,D62_20s_seed_01,A2,seed_01,A07,AB1100,v3,error_series,semisynthetic,position_3d_err_m,56642,56642,0,0,0,0,0.0007317012482336809,42.28496542354423,0
ADD_RUN_00416__v3,A2_20s,ADD_RUN_00416,BY2,ADDENDUM,D62_20s_seed_01,A2,seed_01,A07,AB1100,v3,error_series,semisynthetic,roll_err_deg,56642,56642,0,0,0,0,-4.408835328563271,9.290119953296568,16873
ADD_RUN_00416__v3,A2_20s,ADD_RUN_00416,BY2,ADDENDUM,D62_20s_seed_01,A2,seed_01,A07,AB1100,v3,error_series,semisynthetic,pitch_err_deg,56642,56642,0,0,0,0,-9.986099763754453,8.459221298542644,37508
ADD_RUN_00416__v3,A2_20s,ADD_RUN_00416,BY2,ADDENDUM,D62_20s_seed_01,A2,seed_01,A07,AB1100,v3,error_series,semisynthetic,yaw_err_deg,56642,56642,0,0,0,0,-8.845876800238415,3.810181520265303,42234
ADD_RUN_00416__v3,A2_20s,ADD_RUN_00416,BY2,ADDENDUM,D62_20s_seed_01,A2,seed_01,A07,AB1100,v3,error_series,semisynthetic,horizontal_3sigma_m,56642,56642,0,0,0,0,0.0465452781892256,46.96517573397764,0
ADD_RUN_00416__v3,A2_20s,ADD_RUN_00416,BY2,ADDENDUM,D62_20s_seed_01,A2,seed_01,A07,AB1100,v3,error_series,semisynthetic,roll_3sigma_deg,56642,56642,0,0,0,0,0.39946942799999996,6.0000398189999995,0
ADD_RUN_00416__v3,A2_20s,ADD_RUN_00416,BY2,ADDENDUM,D62_20s_seed_01,A2,seed_01,A07,AB1100,v3,error_series,semisynthetic,pitch_3sigma_deg,56642,56642,0,0,0,0,0.407594877,6.0000398189999995,0
ADD_RUN_00416__v3,A2_20s,ADD_RUN_00416,BY2,ADDENDUM,D62_20s_seed_01,A2,seed_01,A07,AB1100,v3,error_series,semisynthetic,yaw_3sigma_deg,56642,56642,0,0,0,0,0.54504669,6.0000398189999995,0
ADD_RUN_00416__v2,A2_20s,ADD_RUN_00416,BY2,ADDENDUM,D62_20s_seed_01,A2,seed_01,A07,AB1100,v2,error_series,semisynthetic,time,56642,56642,0,0,0,0,66.005054,339.997056,0
ADD_RUN_00416__v2,A2_20s,ADD_RUN_00416,BY2,ADDENDUM,D62_20s_seed_01,A2,seed_01,A07,AB1100,v2,error_series,semisynthetic,err_n_m,56642,56642,0,0,0,0,-39.73789018387003,0.22235268794209873,31525
ADD_RUN_00416__v2,A2_20s,ADD_RUN_00416,BY2,ADDENDUM,D62_20s_seed_01,A2,seed_01,A07,AB1100,v2,error_series,semisynthetic,err_e_m,56642,56642,0,0,0,0,-6.136373352429764,0.4955020778926702,27846
ADD_RUN_00416__v2,A2_20s,ADD_RUN_00416,BY2,ADDENDUM,D62_20s_seed_01,A2,seed_01,A07,AB1100,v2,error_series,semisynthetic,err_u_m,56642,56642,0,0,0,0,-12.92213865928278,0.04139467741025951,56600
ADD_RUN_00416__v2,A2_20s,ADD_RUN_00416,BY2,ADDENDUM,D62_20s_seed_01,A2,seed_01,A07,AB1100,v2,error_series,semisynthetic,horizontal_err_m,56642,56642,0,0,0,0,0.008921075466538515,40.208891979084974,0
ADD_RUN_00416__v2,A2_20s,ADD_RUN_00416,BY2,ADDENDUM,D62_20s_seed_01,A2,seed_01,A07,AB1100,v2,error_series,semisynthetic,position_3d_err_m,56642,56642,0,0,0,0,0.15481487231043017,42.23430669154467,0
ADD_RUN_00416__v2,A2_20s,ADD_RUN_00416,BY2,ADDENDUM,D62_20s_seed_01,A2,seed_01,A07,AB1100,v2,error_series,semisynthetic,roll_err_deg,56642,56642,0,0,0,0,-4.408835328563271,9.290119953296568,16873
ADD_RUN_00416__v2,A2_20s,ADD_RUN_00416,BY2,ADDENDUM,D62_20s_seed_01,A2,seed_01,A07,AB1100,v2,error_series,semisynthetic,pitch_err_deg,56642,56642,0,0,0,0,-9.986099763754453,8.459221298542644,37508
ADD_RUN_00416__v2,A2_20s,ADD_RUN_00416,BY2,ADDENDUM,D62_20s_seed_01,A2,seed_01,A07,AB1100,v2,error_series,semisynthetic,yaw_err_deg,56642,56642,0,0,0,0,-8.845876800238415,3.810181520265303,42234
ADD_RUN_00416__v2,A2_20s,ADD_RUN_00416,BY2,ADDENDUM,D62_20s_seed_01,A2,seed_01,A07,AB1100,v2,error_series,semisynthetic,horizontal_3sigma_m,56642,56642,0,0,0,0,0.0465452781892256,46.96517573397764,0
ADD_RUN_00416__v2,A2_20s,ADD_RUN_00416,BY2,ADDENDUM,D62_20s_seed_01,A2,seed_01,A07,AB1100,v2,error_series,semisynthetic,roll_3sigma_deg,56642,56642,0,0,0,0,0.39946942799999996,6.0000398189999995,0
ADD_RUN_00416__v2,A2_20s,ADD_RUN_00416,BY2,ADDENDUM,D62_20s_seed_01,A2,seed_01,A07,AB1100,v2,error_series,semisynthetic,pitch_3sigma_deg,56642,56642,0,0,0,0,0.407594877,6.0000398189999995,0
ADD_RUN_00416__v2,A2_20s,ADD_RUN_00416,BY2,ADDENDUM,D62_20s_seed_01,A2,seed_01,A07,AB1100,v2,error_series,semisynthetic,yaw_3sigma_deg,56642,56642,0,0,0,0,0.54504669,6.0000398189999995,0
ADD_RUN_00417__v3,A2_20s,ADD_RUN_00417,BY2,ADDENDUM,D62_20s_seed_01,A2,seed_01,A08,AB1000,v3,error_series,semisynthetic,time,56642,56642,0,0,0,0,66.005054,339.997056,0
ADD_RUN_00417__v3,A2_20s,ADD_RUN_00417,BY2,ADDENDUM,D62_20s_seed_01,A2,seed_01,A08,AB1000,v3,error_series,semisynthetic,err_n_m,56642,56642,0,0,0,0,-39.93400578455436,0.1807669148635469,38553
ADD_RUN_00417__v3,A2_20s,ADD_RUN_00417,BY2,ADDENDUM,D62_20s_seed_01,A2,seed_01,A08,AB1000,v3,error_series,semisynthetic,err_e_m,56642,56642,0,0,0,0,-6.145449209723637,0.5262991533951116,26066
ADD_RUN_00417__v3,A2_20s,ADD_RUN_00417,BY2,ADDENDUM,D62_20s_seed_01,A2,seed_01,A08,AB1000,v3,error_series,semisynthetic,err_u_m,56642,56642,0,0,0,0,-12.61073381857664,0.3415064349426196,38337
ADD_RUN_00417__v3,A2_20s,ADD_RUN_00417,BY2,ADDENDUM,D62_20s_seed_01,A2,seed_01,A08,AB1000,v3,error_series,semisynthetic,horizontal_err_m,56642,56642,0,0,0,0,0.0001154810479335631,40.40410083135267,0
ADD_RUN_00417__v3,A2_20s,ADD_RUN_00417,BY2,ADDENDUM,D62_20s_seed_01,A2,seed_01,A08,AB1000,v3,error_series,semisynthetic,position_3d_err_m,56642,56642,0,0,0,0,0.0008599605420081662,42.326374418713286,0
ADD_RUN_00417__v3,A2_20s,ADD_RUN_00417,BY2,ADDENDUM,D62_20s_seed_01,A2,seed_01,A08,AB1000,v3,error_series,semisynthetic,roll_err_deg,56642,56642,0,0,0,0,-4.408344212563264,9.286305388296569,16900
ADD_RUN_00417__v3,A2_20s,ADD_RUN_00417,BY2,ADDENDUM,D62_20s_seed_01,A2,seed_01,A08,AB1000,v3,error_series,semisynthetic,pitch_err_deg,56642,56642,0,0,0,0,-9.984270628754473,8.459572720542639,37502
ADD_RUN_00417__v3,A2_20s,ADD_RUN_00417,BY2,ADDENDUM,D62_20s_seed_01,A2,seed_01,A08,AB1000,v3,error_series,semisynthetic,yaw_err_deg,56642,56642,0,0,0,0,-8.847929196238397,3.8096719242653023,42261
ADD_RUN_00417__v3,A2_20s,ADD_RUN_00417,BY2,ADDENDUM,D62_20s_seed_01,A2,seed_01,A08,AB1000,v3,error_series,semisynthetic,horizontal_3sigma_m,56642,56642,0,0,0,0,0.04634448807062852,46.96234142824726,0
ADD_RUN_00417__v3,A2_20s,ADD_RUN_00417,BY2,ADDENDUM,D62_20s_seed_01,A2,seed_01,A08,AB1000,v3,error_series,semisynthetic,roll_3sigma_deg,56642,56642,0,0,0,0,0.39946029899999996,6.0000398189999995,0
ADD_RUN_00417__v3,A2_20s,ADD_RUN_00417,BY2,ADDENDUM,D62_20s_seed_01,A2,seed_01,A08,AB1000,v3,error_series,semisynthetic,pitch_3sigma_deg,56642,56642,0,0,0,0,0.40758233699999996,6.0000398189999995,0
ADD_RUN_00417__v3,A2_20s,ADD_RUN_00417,BY2,ADDENDUM,D62_20s_seed_01,A2,seed_01,A08,AB1000,v3,error_series,semisynthetic,yaw_3sigma_deg,56642,56642,0,0,0,0,0.5449099740000001,6.0000398189999995,0
ADD_RUN_00417__v2,A2_20s,ADD_RUN_00417,BY2,ADDENDUM,D62_20s_seed_01,A2,seed_01,A08,AB1000,v2,error_series,semisynthetic,time,56642,56642,0,0,0,0,66.005054,339.997056,0
ADD_RUN_00417__v2,A2_20s,ADD_RUN_00417,BY2,ADDENDUM,D62_20s_seed_01,A2,seed_01,A08,AB1000,v2,error_series,semisynthetic,err_n_m,56642,56642,0,0,0,0,-39.78663461377293,0.22246372345168197,31331
ADD_RUN_00417__v2,A2_20s,ADD_RUN_00417,BY2,ADDENDUM,D62_20s_seed_01,A2,seed_01,A08,AB1000,v2,error_series,semisynthetic,err_e_m,56642,56642,0,0,0,0,-6.125697153547648,0.495502078009622,28004
ADD_RUN_00417__v2,A2_20s,ADD_RUN_00417,BY2,ADDENDUM,D62_20s_seed_01,A2,seed_01,A08,AB1000,v2,error_series,semisynthetic,err_u_m,56642,56642,0,0,0,0,-12.911937974800136,0.04139467741025951,56600
ADD_RUN_00417__v2,A2_20s,ADD_RUN_00417,BY2,ADDENDUM,D62_20s_seed_01,A2,seed_01,A08,AB1000,v2,error_series,semisynthetic,horizontal_err_m,56642,56642,0,0,0,0,0.00892107511621769,40.2554401231294,0
ADD_RUN_00417__v2,A2_20s,ADD_RUN_00417,BY2,ADDENDUM,D62_20s_seed_01,A2,seed_01,A08,AB1000,v2,error_series,semisynthetic,position_3d_err_m,56642,56642,0,0,0,0,0.15477833587744563,42.27550829702633,0
ADD_RUN_00417__v2,A2_20s,ADD_RUN_00417,BY2,ADDENDUM,D62_20s_seed_01,A2,seed_01,A08,AB1000,v2,error_series,semisynthetic,roll_err_deg,56642,56642,0,0,0,0,-4.408344212563264,9.286305388296569,16900
ADD_RUN_00417__v2,A2_20s,ADD_RUN_00417,BY2,ADDENDUM,D62_20s_seed_01,A2,seed_01,A08,AB1000,v2,error_series,semisynthetic,pitch_err_deg,56642,56642,0,0,0,0,-9.984270628754473,8.459572720542639,37502
ADD_RUN_00417__v2,A2_20s,ADD_RUN_00417,BY2,ADDENDUM,D62_20s_seed_01,A2,seed_01,A08,AB1000,v2,error_series,semisynthetic,yaw_err_deg,56642,56642,0,0,0,0,-8.847929196238397,3.8096719242653023,42261
ADD_RUN_00417__v2,A2_20s,ADD_RUN_00417,BY2,ADDENDUM,D62_20s_seed_01,A2,seed_01,A08,AB1000,v2,error_series,semisynthetic,horizontal_3sigma_m,56642,56642,0,0,0,0,0.04634448807062852,46.96234142824726,0
ADD_RUN_00417__v2,A2_20s,ADD_RUN_00417,BY2,ADDENDUM,D62_20s_seed_01,A2,seed_01,A08,AB1000,v2,error_series,semisynthetic,roll_3sigma_deg,56642,56642,0,0,0,0,0.39946029899999996,6.0000398189999995,0
ADD_RUN_00417__v2,A2_20s,ADD_RUN_00417,BY2,ADDENDUM,D62_20s_seed_01,A2,seed_01,A08,AB1000,v2,error_series,semisynthetic,pitch_3sigma_deg,56642,56642,0,0,0,0,0.40758233699999996,6.0000398189999995,0
ADD_RUN_00417__v2,A2_20s,ADD_RUN_00417,BY2,ADDENDUM,D62_20s_seed_01,A2,seed_01,A08,AB1000,v2,error_series,semisynthetic,yaw_3sigma_deg,56642,56642,0,0,0,0,0.5449099740000001,6.0000398189999995,0
ADD_RUN_00418__v3,A2_20s,ADD_RUN_00418,BY2,ADDENDUM,D62_20s_seed_01,A2,seed_01,A09,AB0100,v3,error_series,semisynthetic,time,56642,56642,0,0,0,0,66.005054,339.997056,0
ADD_RUN_00418__v3,A2_20s,ADD_RUN_00418,BY2,ADDENDUM,D62_20s_seed_01,A2,seed_01,A09,AB0100,v3,error_series,semisynthetic,err_n_m,56642,56642,0,0,0,0,-39.8177028438605,0.1808533979524185,39070
ADD_RUN_00418__v3,A2_20s,ADD_RUN_00418,BY2,ADDENDUM,D62_20s_seed_01,A2,seed_01,A09,AB0100,v3,error_series,semisynthetic,err_e_m,56642,56642,0,0,0,0,-6.279342606020265,0.5262772048885545,26217
ADD_RUN_00418__v3,A2_20s,ADD_RUN_00418,BY2,ADDENDUM,D62_20s_seed_01,A2,seed_01,A09,AB0100,v3,error_series,semisynthetic,err_u_m,56642,56642,0,0,0,0,-12.63644127110727,0.3415064349426196,38563
ADD_RUN_00418__v3,A2_20s,ADD_RUN_00418,BY2,ADDENDUM,D62_20s_seed_01,A2,seed_01,A09,AB0100,v3,error_series,semisynthetic,horizontal_err_m,56642,56642,0,0,0,0,0.0003106410947809759,40.309795376877794,0
ADD_RUN_00418__v3,A2_20s,ADD_RUN_00418,BY2,ADDENDUM,D62_20s_seed_01,A2,seed_01,A09,AB0100,v3,error_series,semisynthetic,position_3d_err_m,56642,56642,0,0,0,0,0.0011348475537865505,42.24404397455221,0
ADD_RUN_00418__v3,A2_20s,ADD_RUN_00418,BY2,ADDENDUM,D62_20s_seed_01,A2,seed_01,A09,AB0100,v3,error_series,semisynthetic,roll_err_deg,56642,56642,0,0,0,0,-4.409355729563288,9.285286775296584,16873
ADD_RUN_00418__v3,A2_20s,ADD_RUN_00418,BY2,ADDENDUM,D62_20s_seed_01,A2,seed_01,A09,AB0100,v3,error_series,semisynthetic,pitch_err_deg,56642,56642,0,0,0,0,-9.984500342754473,8.449469296542645,37539
ADD_RUN_00418__v3,A2_20s,ADD_RUN_00418,BY2,ADDENDUM,D62_20s_seed_01,A2,seed_01,A09,AB0100,v3,error_series,semisynthetic,yaw_err_deg,56642,56642,0,0,0,0,-8.8495520772384,3.8079928552652973,42186
ADD_RUN_00418__v3,A2_20s,ADD_RUN_00418,BY2,ADDENDUM,D62_20s_seed_01,A2,seed_01,A09,AB0100,v3,error_series,semisynthetic,horizontal_3sigma_m,56642,56642,0,0,0,0,0.04694382639615341,46.972097292423605,0
ADD_RUN_00418__v3,A2_20s,ADD_RUN_00418,BY2,ADDENDUM,D62_20s_seed_01,A2,seed_01,A09,AB0100,v3,error_series,semisynthetic,roll_3sigma_deg,56642,56642,0,0,0,0,0.399519732,6.0000398189999995,0
ADD_RUN_00418__v3,A2_20s,ADD_RUN_00418,BY2,ADDENDUM,D62_20s_seed_01,A2,seed_01,A09,AB0100,v3,error_series,semisynthetic,pitch_3sigma_deg,56642,56642,0,0,0,0,0.407630481,6.0000398189999995,0
ADD_RUN_00418__v3,A2_20s,ADD_RUN_00418,BY2,ADDENDUM,D62_20s_seed_01,A2,seed_01,A09,AB0100,v3,error_series,semisynthetic,yaw_3sigma_deg,56642,56642,0,0,0,0,0.545113968,6.0000398189999995,0
ADD_RUN_00418__v2,A2_20s,ADD_RUN_00418,BY2,ADDENDUM,D62_20s_seed_01,A2,seed_01,A09,AB0100,v2,error_series,semisynthetic,time,56642,56642,0,0,0,0,66.005054,339.997056,0
ADD_RUN_00418__v2,A2_20s,ADD_RUN_00418,BY2,ADDENDUM,D62_20s_seed_01,A2,seed_01,A09,AB0100,v2,error_series,semisynthetic,err_n_m,56642,56642,0,0,0,0,-39.670379941431236,0.2161347314385189,31793
ADD_RUN_00418__v2,A2_20s,ADD_RUN_00418,BY2,ADDENDUM,D62_20s_seed_01,A2,seed_01,A09,AB0100,v2,error_series,semisynthetic,err_e_m,56642,56642,0,0,0,0,-6.259538903709682,0.49550207802037605,27665
ADD_RUN_00418__v2,A2_20s,ADD_RUN_00418,BY2,ADDENDUM,D62_20s_seed_01,A2,seed_01,A09,AB0100,v2,error_series,semisynthetic,err_u_m,56642,56642,0,0,0,0,-12.937665648239069,0.04139467741025951,56600
ADD_RUN_00418__v2,A2_20s,ADD_RUN_00418,BY2,ADDENDUM,D62_20s_seed_01,A2,seed_01,A09,AB0100,v2,error_series,semisynthetic,horizontal_err_m,56642,56642,0,0,0,0,0.008921074930429254,40.16118613766985,0
ADD_RUN_00418__v2,A2_20s,ADD_RUN_00418,BY2,ADDENDUM,D62_20s_seed_01,A2,seed_01,A09,AB0100,v2,error_series,semisynthetic,position_3d_err_m,56642,56642,0,0,0,0,0.155922154208529,42.19364957443466,0
ADD_RUN_00418__v2,A2_20s,ADD_RUN_00418,BY2,ADDENDUM,D62_20s_seed_01,A2,seed_01,A09,AB0100,v2,error_series,semisynthetic,roll_err_deg,56642,56642,0,0,0,0,-4.409355729563288,9.285286775296584,16873
ADD_RUN_00418__v2,A2_20s,ADD_RUN_00418,BY2,ADDENDUM,D62_20s_seed_01,A2,seed_01,A09,AB0100,v2,error_series,semisynthetic,pitch_err_deg,56642,56642,0,0,0,0,-9.984500342754473,8.449469296542645,37539
ADD_RUN_00418__v2,A2_20s,ADD_RUN_00418,BY2,ADDENDUM,D62_20s_seed_01,A2,seed_01,A09,AB0100,v2,error_series,semisynthetic,yaw_err_deg,56642,56642,0,0,0,0,-8.8495520772384,3.8079928552652973,42186
ADD_RUN_00418__v2,A2_20s,ADD_RUN_00418,BY2,ADDENDUM,D62_20s_seed_01,A2,seed_01,A09,AB0100,v2,error_series,semisynthetic,horizontal_3sigma_m,56642,56642,0,0,0,0,0.04694382639615341,46.972097292423605,0
ADD_RUN_00418__v2,A2_20s,ADD_RUN_00418,BY2,ADDENDUM,D62_20s_seed_01,A2,seed_01,A09,AB0100,v2,error_series,semisynthetic,roll_3sigma_deg,56642,56642,0,0,0,0,0.399519732,6.0000398189999995,0
ADD_RUN_00418__v2,A2_20s,ADD_RUN_00418,BY2,ADDENDUM,D62_20s_seed_01,A2,seed_01,A09,AB0100,v2,error_series,semisynthetic,pitch_3sigma_deg,56642,56642,0,0,0,0,0.407630481,6.0000398189999995,0
ADD_RUN_00418__v2,A2_20s,ADD_RUN_00418,BY2,ADDENDUM,D62_20s_seed_01,A2,seed_01,A09,AB0100,v2,error_series,semisynthetic,yaw_3sigma_deg,56642,56642,0,0,0,0,0.545113968,6.0000398189999995,0
ADD_RUN_00419__v3,A2_20s,ADD_RUN_00419,BY2,ADDENDUM,D62_20s_seed_02,A2,seed_02,F01,single_antenna_EKF,v3,error_series,semisynthetic,time,56642,56642,0,0,0,0,66.005054,339.997056,0
ADD_RUN_00419__v3,A2_20s,ADD_RUN_00419,BY2,ADDENDUM,D62_20s_seed_02,A2,seed_02,F01,single_antenna_EKF,v3,error_series,semisynthetic,err_n_m,56642,56642,0,0,0,0,-88.63230790662163,0.17484053519133624,38155
ADD_RUN_00419__v3,A2_20s,ADD_RUN_00419,BY2,ADDENDUM,D62_20s_seed_02,A2,seed_02,F01,single_antenna_EKF,v3,error_series,semisynthetic,err_e_m,56642,56642,0,0,0,0,-0.18567049096064805,29.165671404006304,24191
ADD_RUN_00419__v3,A2_20s,ADD_RUN_00419,BY2,ADDENDUM,D62_20s_seed_02,A2,seed_02,F01,single_antenna_EKF,v3,error_series,semisynthetic,err_u_m,56642,56642,0,0,0,0,-0.17599252683916333,3.095509852737081,35894
ADD_RUN_00419__v3,A2_20s,ADD_RUN_00419,BY2,ADDENDUM,D62_20s_seed_02,A2,seed_02,F01,single_antenna_EKF,v3,error_series,semisynthetic,horizontal_err_m,56642,56642,0,0,0,0,0.0001350115231759681,93.30767596130907,0
ADD_RUN_00419__v3,A2_20s,ADD_RUN_00419,BY2,ADDENDUM,D62_20s_seed_02,A2,seed_02,F01,single_antenna_EKF,v3,error_series,semisynthetic,position_3d_err_m,56642,56642,0,0,0,0,0.0011380603620875101,93.35900907008947,0
ADD_RUN_00419__v3,A2_20s,ADD_RUN_00419,BY2,ADDENDUM,D62_20s_seed_02,A2,seed_02,F01,single_antenna_EKF,v3,error_series,semisynthetic,roll_err_deg,56642,56642,0,0,0,0,-4.456687683563274,9.315137445296585,16361
ADD_RUN_00419__v3,A2_20s,ADD_RUN_00419,BY2,ADDENDUM,D62_20s_seed_02,A2,seed_02,F01,single_antenna_EKF,v3,error_series,semisynthetic,pitch_err_deg,56642,56642,0,0,0,0,-10.006734186754471,8.452295398542645,37790
ADD_RUN_00419__v3,A2_20s,ADD_RUN_00419,BY2,ADDENDUM,D62_20s_seed_02,A2,seed_02,F01,single_antenna_EKF,v3,error_series,semisynthetic,yaw_err_deg,56642,56642,0,0,0,0,-18.74976018823841,1.0895758841452334,56301
ADD_RUN_00419__v3,A2_20s,ADD_RUN_00419,BY2,ADDENDUM,D62_20s_seed_02,A2,seed_02,F01,single_antenna_EKF,v3,error_series,semisynthetic,horizontal_3sigma_m,56642,56642,0,0,0,0,0.04701248650392991,47.30942340085273,0
ADD_RUN_00419__v3,A2_20s,ADD_RUN_00419,BY2,ADDENDUM,D62_20s_seed_02,A2,seed_02,F01,single_antenna_EKF,v3,error_series,semisynthetic,roll_3sigma_deg,56642,56642,0,0,0,0,0.40975731299999996,6.0000398189999995,0
ADD_RUN_00419__v3,A2_20s,ADD_RUN_00419,BY2,ADDENDUM,D62_20s_seed_02,A2,seed_02,F01,single_antenna_EKF,v3,error_series,semisynthetic,pitch_3sigma_deg,56642,56642,0,0,0,0,0.412237824,6.0000398189999995,0
ADD_RUN_00419__v3,A2_20s,ADD_RUN_00419,BY2,ADDENDUM,D62_20s_seed_02,A2,seed_02,F01,single_antenna_EKF,v3,error_series,semisynthetic,yaw_3sigma_deg,56642,56642,0,0,0,0,2.652981459,6.0000398189999995,0
ADD_RUN_00419__v2,A2_20s,ADD_RUN_00419,BY2,ADDENDUM,D62_20s_seed_02,A2,seed_02,F01,single_antenna_EKF,v2,error_series,semisynthetic,time,56642,56642,0,0,0,0,66.005054,339.997056,0
ADD_RUN_00419__v2,A2_20s,ADD_RUN_00419,BY2,ADDENDUM,D62_20s_seed_02,A2,seed_02,F01,single_antenna_EKF,v2,error_series,semisynthetic,err_n_m,56642,56642,0,0,0,0,-88.75665121375135,0.22078020549652067,28552
ADD_RUN_00419__v2,A2_20s,ADD_RUN_00419,BY2,ADDENDUM,D62_20s_seed_02,A2,seed_02,F01,single_antenna_EKF,v2,error_series,semisynthetic,err_e_m,56642,56642,0,0,0,0,-0.23982090994371674,29.163590081192652,24246
ADD_RUN_00419__v2,A2_20s,ADD_RUN_00419,BY2,ADDENDUM,D62_20s_seed_02,A2,seed_02,F01,single_antenna_EKF,v2,error_series,semisynthetic,err_u_m,56642,56642,0,0,0,0,-0.484244338273232,2.7834733846392012,54239
ADD_RUN_00419__v2,A2_20s,ADD_RUN_00419,BY2,ADDENDUM,D62_20s_seed_02,A2,seed_02,F01,single_antenna_EKF,v2,error_series,semisynthetic,horizontal_err_m,56642,56642,0,0,0,0,0.005116713619344752,93.42514715590951,0
ADD_RUN_00419__v2,A2_20s,ADD_RUN_00419,BY2,ADDENDUM,D62_20s_seed_02,A2,seed_02,F01,single_antenna_EKF,v2,error_series,semisynthetic,position_3d_err_m,56642,56642,0,0,0,0,0.15931550994453547,93.46660283323847,0
ADD_RUN_00419__v2,A2_20s,ADD_RUN_00419,BY2,ADDENDUM,D62_20s_seed_02,A2,seed_02,F01,single_antenna_EKF,v2,error_series,semisynthetic,roll_err_deg,56642,56642,0,0,0,0,-4.456687683563274,9.315137445296585,16361
ADD_RUN_00419__v2,A2_20s,ADD_RUN_00419,BY2,ADDENDUM,D62_20s_seed_02,A2,seed_02,F01,single_antenna_EKF,v2,error_series,semisynthetic,pitch_err_deg,56642,56642,0,0,0,0,-10.006734186754471,8.452295398542645,37790
ADD_RUN_00419__v2,A2_20s,ADD_RUN_00419,BY2,ADDENDUM,D62_20s_seed_02,A2,seed_02,F01,single_antenna_EKF,v2,error_series,semisynthetic,yaw_err_deg,56642,56642,0,0,0,0,-18.74976018823841,1.0895758841452334,56301
ADD_RUN_00419__v2,A2_20s,ADD_RUN_00419,BY2,ADDENDUM,D62_20s_seed_02,A2,seed_02,F01,single_antenna_EKF,v2,error_series,semisynthetic,horizontal_3sigma_m,56642,56642,0,0,0,0,0.04701248650392991,47.30942340085273,0
ADD_RUN_00419__v2,A2_20s,ADD_RUN_00419,BY2,ADDENDUM,D62_20s_seed_02,A2,seed_02,F01,single_antenna_EKF,v2,error_series,semisynthetic,roll_3sigma_deg,56642,56642,0,0,0,0,0.40975731299999996,6.0000398189999995,0
ADD_RUN_00419__v2,A2_20s,ADD_RUN_00419,BY2,ADDENDUM,D62_20s_seed_02,A2,seed_02,F01,single_antenna_EKF,v2,error_series,semisynthetic,pitch_3sigma_deg,56642,56642,0,0,0,0,0.412237824,6.0000398189999995,0
ADD_RUN_00419__v2,A2_20s,ADD_RUN_00419,BY2,ADDENDUM,D62_20s_seed_02,A2,seed_02,F01,single_antenna_EKF,v2,error_series,semisynthetic,yaw_3sigma_deg,56642,56642,0,0,0,0,2.652981459,6.0000398189999995,0
ADD_RUN_00420__v3,A2_20s,ADD_RUN_00420,BY2,ADDENDUM,D62_20s_seed_02,A2,seed_02,F02,basic_dual_yaw_EKF,v3,error_series,semisynthetic,time,56642,56642,0,0,0,0,66.005054,339.997056,0
ADD_RUN_00420__v3,A2_20s,ADD_RUN_00420,BY2,ADDENDUM,D62_20s_seed_02,A2,seed_02,F02,basic_dual_yaw_EKF,v3,error_series,semisynthetic,err_n_m,56642,56642,0,0,0,0,-92.75097208462665,0.18129495269537443,40782
ADD_RUN_00420__v3,A2_20s,ADD_RUN_00420,BY2,ADDENDUM,D62_20s_seed_02,A2,seed_02,F02,basic_dual_yaw_EKF,v3,error_series,semisynthetic,err_e_m,56642,56642,0,0,0,0,-0.25328421046420146,17.534895399559886,24752
ADD_RUN_00420__v3,A2_20s,ADD_RUN_00420,BY2,ADDENDUM,D62_20s_seed_02,A2,seed_02,F02,basic_dual_yaw_EKF,v3,error_series,semisynthetic,err_u_m,56642,56642,0,0,0,0,-0.18252890840947344,3.0338257194249607,35591
ADD_RUN_00420__v3,A2_20s,ADD_RUN_00420,BY2,ADDENDUM,D62_20s_seed_02,A2,seed_02,F02,basic_dual_yaw_EKF,v3,error_series,semisynthetic,horizontal_err_m,56642,56642,0,0,0,0,0.0003882620857329156,94.39393719575797,0
ADD_RUN_00420__v3,A2_20s,ADD_RUN_00420,BY2,ADDENDUM,D62_20s_seed_02,A2,seed_02,F02,basic_dual_yaw_EKF,v3,error_series,semisynthetic,position_3d_err_m,56642,56642,0,0,0,0,0.0025943769162666192,94.44267826471538,0
ADD_RUN_00420__v3,A2_20s,ADD_RUN_00420,BY2,ADDENDUM,D62_20s_seed_02,A2,seed_02,F02,basic_dual_yaw_EKF,v3,error_series,semisynthetic,roll_err_deg,56642,56642,0,0,0,0,-4.332691531563285,9.33936553029659,16349
ADD_RUN_00420__v3,A2_20s,ADD_RUN_00420,BY2,ADDENDUM,D62_20s_seed_02,A2,seed_02,F02,basic_dual_yaw_EKF,v3,error_series,semisynthetic,pitch_err_deg,56642,56642,0,0,0,0,-9.997841141754463,8.416588180542647,37665
ADD_RUN_00420__v3,A2_20s,ADD_RUN_00420,BY2,ADDENDUM,D62_20s_seed_02,A2,seed_02,F02,basic_dual_yaw_EKF,v3,error_series,semisynthetic,yaw_err_deg,56642,56642,0,0,0,0,-10.140316457238413,3.8399955802653096,43826
ADD_RUN_00420__v3,A2_20s,ADD_RUN_00420,BY2,ADDENDUM,D62_20s_seed_02,A2,seed_02,F02,basic_dual_yaw_EKF,v3,error_series,semisynthetic,horizontal_3sigma_m,56642,56642,0,0,0,0,0.05178649230252354,47.79537399315192,0
ADD_RUN_00420__v3,A2_20s,ADD_RUN_00420,BY2,ADDENDUM,D62_20s_seed_02,A2,seed_02,F02,basic_dual_yaw_EKF,v3,error_series,semisynthetic,roll_3sigma_deg,56642,56642,0,0,0,0,0.40050066,6.000072272999999,0
ADD_RUN_00420__v3,A2_20s,ADD_RUN_00420,BY2,ADDENDUM,D62_20s_seed_02,A2,seed_02,F02,basic_dual_yaw_EKF,v3,error_series,semisynthetic,pitch_3sigma_deg,56642,56642,0,0,0,0,0.408613326,6.000072231,0
ADD_RUN_00420__v3,A2_20s,ADD_RUN_00420,BY2,ADDENDUM,D62_20s_seed_02,A2,seed_02,F02,basic_dual_yaw_EKF,v3,error_series,semisynthetic,yaw_3sigma_deg,56642,56642,0,0,0,0,0.5284260780000001,6.0000398189999995,0
ADD_RUN_00420__v2,A2_20s,ADD_RUN_00420,BY2,ADDENDUM,D62_20s_seed_02,A2,seed_02,F02,basic_dual_yaw_EKF,v2,error_series,semisynthetic,time,56642,56642,0,0,0,0,66.005054,339.997056,0
ADD_RUN_00420__v2,A2_20s,ADD_RUN_00420,BY2,ADDENDUM,D62_20s_seed_02,A2,seed_02,F02,basic_dual_yaw_EKF,v2,error_series,semisynthetic,err_n_m,56642,56642,0,0,0,0,-92.87448042760528,0.20312558349953314,29579
ADD_RUN_00420__v2,A2_20s,ADD_RUN_00420,BY2,ADDENDUM,D62_20s_seed_02,A2,seed_02,F02,basic_dual_yaw_EKF,v2,error_series,semisynthetic,err_e_m,56642,56642,0,0,0,0,-0.37544072394061345,17.52075055037065,23406
ADD_RUN_00420__v2,A2_20s,ADD_RUN_00420,BY2,ADDENDUM,D62_20s_seed_02,A2,seed_02,F02,basic_dual_yaw_EKF,v2,error_series,semisynthetic,err_u_m,56642,56642,0,0,0,0,-0.4910047898699368,2.7217712999717563,54227
ADD_RUN_00420__v2,A2_20s,ADD_RUN_00420,BY2,ADDENDUM,D62_20s_seed_02,A2,seed_02,F02,basic_dual_yaw_EKF,v2,error_series,semisynthetic,horizontal_err_m,56642,56642,0,0,0,0,0.01644172882068394,94.51267541735314,0
ADD_RUN_00420__v2,A2_20s,ADD_RUN_00420,BY2,ADDENDUM,D62_20s_seed_02,A2,seed_02,F02,basic_dual_yaw_EKF,v2,error_series,semisynthetic,position_3d_err_m,56642,56642,0,0,0,0,0.16722089471465584,94.55185801217921,0
ADD_RUN_00420__v2,A2_20s,ADD_RUN_00420,BY2,ADDENDUM,D62_20s_seed_02,A2,seed_02,F02,basic_dual_yaw_EKF,v2,error_series,semisynthetic,roll_err_deg,56642,56642,0,0,0,0,-4.332691531563285,9.33936553029659,16349
ADD_RUN_00420__v2,A2_20s,ADD_RUN_00420,BY2,ADDENDUM,D62_20s_seed_02,A2,seed_02,F02,basic_dual_yaw_EKF,v2,error_series,semisynthetic,pitch_err_deg,56642,56642,0,0,0,0,-9.997841141754463,8.416588180542647,37665
ADD_RUN_00420__v2,A2_20s,ADD_RUN_00420,BY2,ADDENDUM,D62_20s_seed_02,A2,seed_02,F02,basic_dual_yaw_EKF,v2,error_series,semisynthetic,yaw_err_deg,56642,56642,0,0,0,0,-10.140316457238413,3.8399955802653096,43826
ADD_RUN_00420__v2,A2_20s,ADD_RUN_00420,BY2,ADDENDUM,D62_20s_seed_02,A2,seed_02,F02,basic_dual_yaw_EKF,v2,error_series,semisynthetic,horizontal_3sigma_m,56642,56642,0,0,0,0,0.05178649230252354,47.79537399315192,0
ADD_RUN_00420__v2,A2_20s,ADD_RUN_00420,BY2,ADDENDUM,D62_20s_seed_02,A2,seed_02,F02,basic_dual_yaw_EKF,v2,error_series,semisynthetic,roll_3sigma_deg,56642,56642,0,0,0,0,0.40050066,6.000072272999999,0
ADD_RUN_00420__v2,A2_20s,ADD_RUN_00420,BY2,ADDENDUM,D62_20s_seed_02,A2,seed_02,F02,basic_dual_yaw_EKF,v2,error_series,semisynthetic,pitch_3sigma_deg,56642,56642,0,0,0,0,0.408613326,6.000072231,0
ADD_RUN_00420__v2,A2_20s,ADD_RUN_00420,BY2,ADDENDUM,D62_20s_seed_02,A2,seed_02,F02,basic_dual_yaw_EKF,v2,error_series,semisynthetic,yaw_3sigma_deg,56642,56642,0,0,0,0,0.5284260780000001,6.0000398189999995,0
ADD_RUN_00421__v3,A2_20s,ADD_RUN_00421,BY2,ADDENDUM,D62_20s_seed_02,A2,seed_02,F03,AB0000,v3,error_series,semisynthetic,time,56642,56642,0,0,0,0,66.005054,339.997056,0
ADD_RUN_00421__v3,A2_20s,ADD_RUN_00421,BY2,ADDENDUM,D62_20s_seed_02,A2,seed_02,F03,AB0000,v3,error_series,semisynthetic,err_n_m,56642,56642,0,0,0,0,-89.42914848685905,0.18080995333367156,37587
ADD_RUN_00421__v3,A2_20s,ADD_RUN_00421,BY2,ADDENDUM,D62_20s_seed_02,A2,seed_02,F03,AB0000,v3,error_series,semisynthetic,err_e_m,56642,56642,0,0,0,0,-0.18567049096064805,20.07805041463672,24923
ADD_RUN_00421__v3,A2_20s,ADD_RUN_00421,BY2,ADDENDUM,D62_20s_seed_02,A2,seed_02,F03,AB0000,v3,error_series,semisynthetic,err_u_m,56642,56642,0,0,0,0,-0.17598359032523447,3.2083666201796746,35783
ADD_RUN_00421__v3,A2_20s,ADD_RUN_00421,BY2,ADDENDUM,D62_20s_seed_02,A2,seed_02,F03,AB0000,v3,error_series,semisynthetic,horizontal_err_m,56642,56642,0,0,0,0,0.00032457302228820875,91.65533649241259,0
ADD_RUN_00421__v3,A2_20s,ADD_RUN_00421,BY2,ADDENDUM,D62_20s_seed_02,A2,seed_02,F03,AB0000,v3,error_series,semisynthetic,position_3d_err_m,56642,56642,0,0,0,0,0.0012187975812445147,91.71147324030326,0
ADD_RUN_00421__v3,A2_20s,ADD_RUN_00421,BY2,ADDENDUM,D62_20s_seed_02,A2,seed_02,F03,AB0000,v3,error_series,semisynthetic,roll_err_deg,56642,56642,0,0,0,0,-4.396087762563269,9.306938804296578,16332
ADD_RUN_00421__v3,A2_20s,ADD_RUN_00421,BY2,ADDENDUM,D62_20s_seed_02,A2,seed_02,F03,AB0000,v3,error_series,semisynthetic,pitch_err_deg,56642,56642,0,0,0,0,-9.995678132754449,8.452381553542637,37655
ADD_RUN_00421__v3,A2_20s,ADD_RUN_00421,BY2,ADDENDUM,D62_20s_seed_02,A2,seed_02,F03,AB0000,v3,error_series,semisynthetic,yaw_err_deg,56642,56642,0,0,0,0,-8.8562837762384,3.8101011672652874,42252
ADD_RUN_00421__v3,A2_20s,ADD_RUN_00421,BY2,ADDENDUM,D62_20s_seed_02,A2,seed_02,F03,AB0000,v3,error_series,semisynthetic,horizontal_3sigma_m,56642,56642,0,0,0,0,0.046931569434443224,47.422850428553126,0
ADD_RUN_00421__v3,A2_20s,ADD_RUN_00421,BY2,ADDENDUM,D62_20s_seed_02,A2,seed_02,F03,AB0000,v3,error_series,semisynthetic,roll_3sigma_deg,56642,56642,0,0,0,0,0.399931956,6.0000398189999995,0
ADD_RUN_00421__v3,A2_20s,ADD_RUN_00421,BY2,ADDENDUM,D62_20s_seed_02,A2,seed_02,F03,AB0000,v3,error_series,semisynthetic,pitch_3sigma_deg,56642,56642,0,0,0,0,0.408151587,6.0000398189999995,0
ADD_RUN_00421__v3,A2_20s,ADD_RUN_00421,BY2,ADDENDUM,D62_20s_seed_02,A2,seed_02,F03,AB0000,v3,error_series,semisynthetic,yaw_3sigma_deg,56642,56642,0,0,0,0,0.544994211,6.0000398189999995,0
ADD_RUN_00421__v2,A2_20s,ADD_RUN_00421,BY2,ADDENDUM,D62_20s_seed_02,A2,seed_02,F03,AB0000,v2,error_series,semisynthetic,time,56642,56642,0,0,0,0,66.005054,339.997056,0
ADD_RUN_00421__v2,A2_20s,ADD_RUN_00421,BY2,ADDENDUM,D62_20s_seed_02,A2,seed_02,F03,AB0000,v2,error_series,semisynthetic,err_n_m,56642,56642,0,0,0,0,-89.55278734307245,0.21944779831282624,28167
ADD_RUN_00421__v2,A2_20s,ADD_RUN_00421,BY2,ADDENDUM,D62_20s_seed_02,A2,seed_02,F03,AB0000,v2,error_series,semisynthetic,err_e_m,56642,56642,0,0,0,0,-0.2478496241843544,20.06375388599632,24144
ADD_RUN_00421__v2,A2_20s,ADD_RUN_00421,BY2,ADDENDUM,D62_20s_seed_02,A2,seed_02,F03,AB0000,v2,error_series,semisynthetic,err_u_m,56642,56642,0,0,0,0,-0.4842725300058994,2.8963708009551326,54233
ADD_RUN_00421__v2,A2_20s,ADD_RUN_00421,BY2,ADDENDUM,D62_20s_seed_02,A2,seed_02,F03,AB0000,v2,error_series,semisynthetic,horizontal_err_m,56642,56642,0,0,0,0,0.008785069769565102,91.7728496937487,0
ADD_RUN_00421__v2,A2_20s,ADD_RUN_00421,BY2,ADDENDUM,D62_20s_seed_02,A2,seed_02,F03,AB0000,v2,error_series,semisynthetic,position_3d_err_m,56642,56642,0,0,0,0,0.15586706921620203,91.8185433598683,0
ADD_RUN_00421__v2,A2_20s,ADD_RUN_00421,BY2,ADDENDUM,D62_20s_seed_02,A2,seed_02,F03,AB0000,v2,error_series,semisynthetic,roll_err_deg,56642,56642,0,0,0,0,-4.396087762563269,9.306938804296578,16332
ADD_RUN_00421__v2,A2_20s,ADD_RUN_00421,BY2,ADDENDUM,D62_20s_seed_02,A2,seed_02,F03,AB0000,v2,error_series,semisynthetic,pitch_err_deg,56642,56642,0,0,0,0,-9.995678132754449,8.452381553542637,37655
ADD_RUN_00421__v2,A2_20s,ADD_RUN_00421,BY2,ADDENDUM,D62_20s_seed_02,A2,seed_02,F03,AB0000,v2,error_series,semisynthetic,yaw_err_deg,56642,56642,0,0,0,0,-8.8562837762384,3.8101011672652874,42252
ADD_RUN_00421__v2,A2_20s,ADD_RUN_00421,BY2,ADDENDUM,D62_20s_seed_02,A2,seed_02,F03,AB0000,v2,error_series,semisynthetic,horizontal_3sigma_m,56642,56642,0,0,0,0,0.046931569434443224,47.422850428553126,0
ADD_RUN_00421__v2,A2_20s,ADD_RUN_00421,BY2,ADDENDUM,D62_20s_seed_02,A2,seed_02,F03,AB0000,v2,error_series,semisynthetic,roll_3sigma_deg,56642,56642,0,0,0,0,0.399931956,6.0000398189999995,0
ADD_RUN_00421__v2,A2_20s,ADD_RUN_00421,BY2,ADDENDUM,D62_20s_seed_02,A2,seed_02,F03,AB0000,v2,error_series,semisynthetic,pitch_3sigma_deg,56642,56642,0,0,0,0,0.408151587,6.0000398189999995,0
ADD_RUN_00421__v2,A2_20s,ADD_RUN_00421,BY2,ADDENDUM,D62_20s_seed_02,A2,seed_02,F03,AB0000,v2,error_series,semisynthetic,yaw_3sigma_deg,56642,56642,0,0,0,0,0.544994211,6.0000398189999995,0
ADD_RUN_00422__v3,A2_20s,ADD_RUN_00422,BY2,ADDENDUM,D62_20s_seed_02,A2,seed_02,F04,AB1111,v3,error_series,semisynthetic,time,56642,56642,0,0,0,0,66.005054,339.997056,0
ADD_RUN_00422__v3,A2_20s,ADD_RUN_00422,BY2,ADDENDUM,D62_20s_seed_02,A2,seed_02,F04,AB1111,v3,error_series,semisynthetic,err_n_m,56642,56642,0,0,0,0,-0.42495842675701795,0.6626912163446868,32671
ADD_RUN_00422__v3,A2_20s,ADD_RUN_00422,BY2,ADDENDUM,D62_20s_seed_02,A2,seed_02,F04,AB1111,v3,error_series,semisynthetic,err_e_m,56642,56642,0,0,0,0,-0.18567049096064805,1.1239078117857417,25339
ADD_RUN_00422__v3,A2_20s,ADD_RUN_00422,BY2,ADDENDUM,D62_20s_seed_02,A2,seed_02,F04,AB1111,v3,error_series,semisynthetic,err_u_m,56642,56642,0,0,0,0,-0.18454415272329072,5.696937293144355,37040
ADD_RUN_00422__v3,A2_20s,ADD_RUN_00422,BY2,ADDENDUM,D62_20s_seed_02,A2,seed_02,F04,AB1111,v3,error_series,semisynthetic,horizontal_err_m,56642,56642,0,0,0,0,7.145423134719007e-05,1.224530163132156,0
ADD_RUN_00422__v3,A2_20s,ADD_RUN_00422,BY2,ADDENDUM,D62_20s_seed_02,A2,seed_02,F04,AB1111,v3,error_series,semisynthetic,position_3d_err_m,56642,56642,0,0,0,0,0.0017992198890695195,5.817681537883124,0
ADD_RUN_00422__v3,A2_20s,ADD_RUN_00422,BY2,ADDENDUM,D62_20s_seed_02,A2,seed_02,F04,AB1111,v3,error_series,semisynthetic,roll_err_deg,56642,56642,0,0,0,0,-4.086152222563271,6.869041905296569,19326
ADD_RUN_00422__v3,A2_20s,ADD_RUN_00422,BY2,ADDENDUM,D62_20s_seed_02,A2,seed_02,F04,AB1111,v3,error_series,semisynthetic,pitch_err_deg,56642,56642,0,0,0,0,-8.568044601754451,8.513640839542632,37215
ADD_RUN_00422__v3,A2_20s,ADD_RUN_00422,BY2,ADDENDUM,D62_20s_seed_02,A2,seed_02,F04,AB1111,v3,error_series,semisynthetic,yaw_err_deg,56642,56642,0,0,0,0,-8.767403081238399,3.846364570265308,42164
ADD_RUN_00422__v3,A2_20s,ADD_RUN_00422,BY2,ADDENDUM,D62_20s_seed_02,A2,seed_02,F04,AB1111,v3,error_series,semisynthetic,horizontal_3sigma_m,56642,56642,0,0,0,0,0.04566305711071309,42.43457969268709,0
ADD_RUN_00422__v3,A2_20s,ADD_RUN_00422,BY2,ADDENDUM,D62_20s_seed_02,A2,seed_02,F04,AB1111,v3,error_series,semisynthetic,roll_3sigma_deg,56642,56642,0,0,0,0,0.322862985,6.0000398189999995,0
ADD_RUN_00422__v3,A2_20s,ADD_RUN_00422,BY2,ADDENDUM,D62_20s_seed_02,A2,seed_02,F04,AB1111,v3,error_series,semisynthetic,pitch_3sigma_deg,56642,56642,0,0,0,0,0.324791616,6.0000398189999995,0
ADD_RUN_00422__v3,A2_20s,ADD_RUN_00422,BY2,ADDENDUM,D62_20s_seed_02,A2,seed_02,F04,AB1111,v3,error_series,semisynthetic,yaw_3sigma_deg,56642,56642,0,0,0,0,0.54478218,6.0000398189999995,0
ADD_RUN_00422__v2,A2_20s,ADD_RUN_00422,BY2,ADDENDUM,D62_20s_seed_02,A2,seed_02,F04,AB1111,v2,error_series,semisynthetic,time,56642,56642,0,0,0,0,66.005054,339.997056,0
ADD_RUN_00422__v2,A2_20s,ADD_RUN_00422,BY2,ADDENDUM,D62_20s_seed_02,A2,seed_02,F04,AB1111,v2,error_series,semisynthetic,err_n_m,56642,56642,0,0,0,0,-0.4534930991605105,0.5276524478989195,24610
ADD_RUN_00422__v2,A2_20s,ADD_RUN_00422,BY2,ADDENDUM,D62_20s_seed_02,A2,seed_02,F04,AB1111,v2,error_series,semisynthetic,err_e_m,56642,56642,0,0,0,0,-0.2158348743199099,1.0283259902026884,23511
ADD_RUN_00422__v2,A2_20s,ADD_RUN_00422,BY2,ADDENDUM,D62_20s_seed_02,A2,seed_02,F04,AB1111,v2,error_series,semisynthetic,err_u_m,56642,56642,0,0,0,0,-0.487839894391243,5.389346182301532,54176
ADD_RUN_00422__v2,A2_20s,ADD_RUN_00422,BY2,ADDENDUM,D62_20s_seed_02,A2,seed_02,F04,AB1111,v2,error_series,semisynthetic,horizontal_err_m,56642,56642,0,0,0,0,0.001855125037374735,1.1368386261758707,0
ADD_RUN_00422__v2,A2_20s,ADD_RUN_00422,BY2,ADDENDUM,D62_20s_seed_02,A2,seed_02,F04,AB1111,v2,error_series,semisynthetic,position_3d_err_m,56642,56642,0,0,0,0,0.15883825904581692,5.500631220613067,0
ADD_RUN_00422__v2,A2_20s,ADD_RUN_00422,BY2,ADDENDUM,D62_20s_seed_02,A2,seed_02,F04,AB1111,v2,error_series,semisynthetic,roll_err_deg,56642,56642,0,0,0,0,-4.086152222563271,6.869041905296569,19326
ADD_RUN_00422__v2,A2_20s,ADD_RUN_00422,BY2,ADDENDUM,D62_20s_seed_02,A2,seed_02,F04,AB1111,v2,error_series,semisynthetic,pitch_err_deg,56642,56642,0,0,0,0,-8.568044601754451,8.513640839542632,37215
ADD_RUN_00422__v2,A2_20s,ADD_RUN_00422,BY2,ADDENDUM,D62_20s_seed_02,A2,seed_02,F04,AB1111,v2,error_series,semisynthetic,yaw_err_deg,56642,56642,0,0,0,0,-8.767403081238399,3.846364570265308,42164
ADD_RUN_00422__v2,A2_20s,ADD_RUN_00422,BY2,ADDENDUM,D62_20s_seed_02,A2,seed_02,F04,AB1111,v2,error_series,semisynthetic,horizontal_3sigma_m,56642,56642,0,0,0,0,0.04566305711071309,42.43457969268709,0
ADD_RUN_00422__v2,A2_20s,ADD_RUN_00422,BY2,ADDENDUM,D62_20s_seed_02,A2,seed_02,F04,AB1111,v2,error_series,semisynthetic,roll_3sigma_deg,56642,56642,0,0,0,0,0.322862985,6.0000398189999995,0
ADD_RUN_00422__v2,A2_20s,ADD_RUN_00422,BY2,ADDENDUM,D62_20s_seed_02,A2,seed_02,F04,AB1111,v2,error_series,semisynthetic,pitch_3sigma_deg,56642,56642,0,0,0,0,0.324791616,6.0000398189999995,0
ADD_RUN_00422__v2,A2_20s,ADD_RUN_00422,BY2,ADDENDUM,D62_20s_seed_02,A2,seed_02,F04,AB1111,v2,error_series,semisynthetic,yaw_3sigma_deg,56642,56642,0,0,0,0,0.54478218,6.0000398189999995,0
ADD_RUN_00423__v3,A2_20s,ADD_RUN_00423,BY2,ADDENDUM,D62_20s_seed_02,A2,seed_02,A03,AB0111,v3,error_series,semisynthetic,time,56642,56642,0,0,0,0,66.005054,339.997056,0
ADD_RUN_00423__v3,A2_20s,ADD_RUN_00423,BY2,ADDENDUM,D62_20s_seed_02,A2,seed_02,A03,AB0111,v3,error_series,semisynthetic,err_n_m,56642,56642,0,0,0,0,-0.42495842675701795,0.6541391412308641,32904
ADD_RUN_00423__v3,A2_20s,ADD_RUN_00423,BY2,ADDENDUM,D62_20s_seed_02,A2,seed_02,A03,AB0111,v3,error_series,semisynthetic,err_e_m,56642,56642,0,0,0,0,-0.18567049096064805,1.1220306155538253,25443
ADD_RUN_00423__v3,A2_20s,ADD_RUN_00423,BY2,ADDENDUM,D62_20s_seed_02,A2,seed_02,A03,AB0111,v3,error_series,semisynthetic,err_u_m,56642,56642,0,0,0,0,-0.18454992563949446,5.631812503790874,37286
ADD_RUN_00423__v3,A2_20s,ADD_RUN_00423,BY2,ADDENDUM,D62_20s_seed_02,A2,seed_02,A03,AB0111,v3,error_series,semisynthetic,horizontal_err_m,56642,56642,0,0,0,0,0.00015747226904101836,1.218604881265137,0
ADD_RUN_00423__v3,A2_20s,ADD_RUN_00423,BY2,ADDENDUM,D62_20s_seed_02,A2,seed_02,A03,AB0111,v3,error_series,semisynthetic,position_3d_err_m,56642,56642,0,0,0,0,0.0027030686867981876,5.752668145751518,0
ADD_RUN_00423__v3,A2_20s,ADD_RUN_00423,BY2,ADDENDUM,D62_20s_seed_02,A2,seed_02,A03,AB0111,v3,error_series,semisynthetic,roll_err_deg,56642,56642,0,0,0,0,-4.086950923563279,6.867360243296588,19319
ADD_RUN_00423__v3,A2_20s,ADD_RUN_00423,BY2,ADDENDUM,D62_20s_seed_02,A2,seed_02,A03,AB0111,v3,error_series,semisynthetic,pitch_err_deg,56642,56642,0,0,0,0,-8.567263952754473,8.511179691542623,37221
ADD_RUN_00423__v3,A2_20s,ADD_RUN_00423,BY2,ADDENDUM,D62_20s_seed_02,A2,seed_02,A03,AB0111,v3,error_series,semisynthetic,yaw_err_deg,56642,56642,0,0,0,0,-8.771539073238415,3.843612353265314,42105
ADD_RUN_00423__v3,A2_20s,ADD_RUN_00423,BY2,ADDENDUM,D62_20s_seed_02,A2,seed_02,A03,AB0111,v3,error_series,semisynthetic,horizontal_3sigma_m,56642,56642,0,0,0,0,0.04601886883852993,42.43457969268709,0
ADD_RUN_00423__v3,A2_20s,ADD_RUN_00423,BY2,ADDENDUM,D62_20s_seed_02,A2,seed_02,A03,AB0111,v3,error_series,semisynthetic,roll_3sigma_deg,56642,56642,0,0,0,0,0.322868313,6.0000398189999995,0
ADD_RUN_00423__v3,A2_20s,ADD_RUN_00423,BY2,ADDENDUM,D62_20s_seed_02,A2,seed_02,A03,AB0111,v3,error_series,semisynthetic,pitch_3sigma_deg,56642,56642,0,0,0,0,0.324796197,6.0000398189999995,0
ADD_RUN_00423__v3,A2_20s,ADD_RUN_00423,BY2,ADDENDUM,D62_20s_seed_02,A2,seed_02,A03,AB0111,v3,error_series,semisynthetic,yaw_3sigma_deg,56642,56642,0,0,0,0,0.544847853,6.0000398189999995,0
ADD_RUN_00423__v2,A2_20s,ADD_RUN_00423,BY2,ADDENDUM,D62_20s_seed_02,A2,seed_02,A03,AB0111,v2,error_series,semisynthetic,time,56642,56642,0,0,0,0,66.005054,339.997056,0
ADD_RUN_00423__v2,A2_20s,ADD_RUN_00423,BY2,ADDENDUM,D62_20s_seed_02,A2,seed_02,A03,AB0111,v2,error_series,semisynthetic,err_n_m,56642,56642,0,0,0,0,-0.4534930991605105,0.5191030835915988,24887
ADD_RUN_00423__v2,A2_20s,ADD_RUN_00423,BY2,ADDENDUM,D62_20s_seed_02,A2,seed_02,A03,AB0111,v2,error_series,semisynthetic,err_e_m,56642,56642,0,0,0,0,-0.21805560164143856,1.0264477692915932,23323
ADD_RUN_00423__v2,A2_20s,ADD_RUN_00423,BY2,ADDENDUM,D62_20s_seed_02,A2,seed_02,A03,AB0111,v2,error_series,semisynthetic,err_u_m,56642,56642,0,0,0,0,-0.4878438967822909,5.324220293761725,54185
ADD_RUN_00423__v2,A2_20s,ADD_RUN_00423,BY2,ADDENDUM,D62_20s_seed_02,A2,seed_02,A03,AB0111,v2,error_series,semisynthetic,horizontal_err_m,56642,56642,0,0,0,0,0.006810223723896607,1.1313874072442076,0
ADD_RUN_00423__v2,A2_20s,ADD_RUN_00423,BY2,ADDENDUM,D62_20s_seed_02,A2,seed_02,A03,AB0111,v2,error_series,semisynthetic,position_3d_err_m,56642,56642,0,0,0,0,0.15974888695173856,5.435724891167299,0
ADD_RUN_00423__v2,A2_20s,ADD_RUN_00423,BY2,ADDENDUM,D62_20s_seed_02,A2,seed_02,A03,AB0111,v2,error_series,semisynthetic,roll_err_deg,56642,56642,0,0,0,0,-4.086950923563279,6.867360243296588,19319
ADD_RUN_00423__v2,A2_20s,ADD_RUN_00423,BY2,ADDENDUM,D62_20s_seed_02,A2,seed_02,A03,AB0111,v2,error_series,semisynthetic,pitch_err_deg,56642,56642,0,0,0,0,-8.567263952754473,8.511179691542623,37221
ADD_RUN_00423__v2,A2_20s,ADD_RUN_00423,BY2,ADDENDUM,D62_20s_seed_02,A2,seed_02,A03,AB0111,v2,error_series,semisynthetic,yaw_err_deg,56642,56642,0,0,0,0,-8.771539073238415,3.843612353265314,42105
ADD_RUN_00423__v2,A2_20s,ADD_RUN_00423,BY2,ADDENDUM,D62_20s_seed_02,A2,seed_02,A03,AB0111,v2,error_series,semisynthetic,horizontal_3sigma_m,56642,56642,0,0,0,0,0.04601886883852993,42.43457969268709,0
ADD_RUN_00423__v2,A2_20s,ADD_RUN_00423,BY2,ADDENDUM,D62_20s_seed_02,A2,seed_02,A03,AB0111,v2,error_series,semisynthetic,roll_3sigma_deg,56642,56642,0,0,0,0,0.322868313,6.0000398189999995,0
ADD_RUN_00423__v2,A2_20s,ADD_RUN_00423,BY2,ADDENDUM,D62_20s_seed_02,A2,seed_02,A03,AB0111,v2,error_series,semisynthetic,pitch_3sigma_deg,56642,56642,0,0,0,0,0.324796197,6.0000398189999995,0
ADD_RUN_00423__v2,A2_20s,ADD_RUN_00423,BY2,ADDENDUM,D62_20s_seed_02,A2,seed_02,A03,AB0111,v2,error_series,semisynthetic,yaw_3sigma_deg,56642,56642,0,0,0,0,0.544847853,6.0000398189999995,0
ADD_RUN_00424__v3,A2_20s,ADD_RUN_00424,BY2,ADDENDUM,D62_20s_seed_02,A2,seed_02,A04,AB1011,v3,error_series,semisynthetic,time,56642,56642,0,0,0,0,66.005054,339.997056,0
ADD_RUN_00424__v3,A2_20s,ADD_RUN_00424,BY2,ADDENDUM,D62_20s_seed_02,A2,seed_02,A04,AB1011,v3,error_series,semisynthetic,err_n_m,56642,56642,0,0,0,0,-0.42495842675701795,0.6520647274990772,31974
ADD_RUN_00424__v3,A2_20s,ADD_RUN_00424,BY2,ADDENDUM,D62_20s_seed_02,A2,seed_02,A04,AB1011,v3,error_series,semisynthetic,err_e_m,56642,56642,0,0,0,0,-0.18567049096064805,1.1341493847780413,25533
ADD_RUN_00424__v3,A2_20s,ADD_RUN_00424,BY2,ADDENDUM,D62_20s_seed_02,A2,seed_02,A04,AB1011,v3,error_series,semisynthetic,err_u_m,56642,56642,0,0,0,0,-0.18612663698920784,5.902607969202963,37112
ADD_RUN_00424__v3,A2_20s,ADD_RUN_00424,BY2,ADDENDUM,D62_20s_seed_02,A2,seed_02,A04,AB1011,v3,error_series,semisynthetic,horizontal_err_m,56642,56642,0,0,0,0,0.0003173630650092525,1.2243988882722832,0
ADD_RUN_00424__v3,A2_20s,ADD_RUN_00424,BY2,ADDENDUM,D62_20s_seed_02,A2,seed_02,A04,AB1011,v3,error_series,semisynthetic,position_3d_err_m,56642,56642,0,0,0,0,0.0023617487521560682,6.021176319019626,0
ADD_RUN_00424__v3,A2_20s,ADD_RUN_00424,BY2,ADDENDUM,D62_20s_seed_02,A2,seed_02,A04,AB1011,v3,error_series,semisynthetic,roll_err_deg,56642,56642,0,0,0,0,-3.9438510975632823,6.5675904151394775,19974
ADD_RUN_00424__v3,A2_20s,ADD_RUN_00424,BY2,ADDENDUM,D62_20s_seed_02,A2,seed_02,A04,AB1011,v3,error_series,semisynthetic,pitch_err_deg,56642,56642,0,0,0,0,-8.221484751754474,8.498578684542622,37061
ADD_RUN_00424__v3,A2_20s,ADD_RUN_00424,BY2,ADDENDUM,D62_20s_seed_02,A2,seed_02,A04,AB1011,v3,error_series,semisynthetic,yaw_err_deg,56642,56642,0,0,0,0,-8.771893939238396,3.844003464265313,42208
ADD_RUN_00424__v3,A2_20s,ADD_RUN_00424,BY2,ADDENDUM,D62_20s_seed_02,A2,seed_02,A04,AB1011,v3,error_series,semisynthetic,horizontal_3sigma_m,56642,56642,0,0,0,0,0.044773496268918064,42.43457969268709,0
ADD_RUN_00424__v3,A2_20s,ADD_RUN_00424,BY2,ADDENDUM,D62_20s_seed_02,A2,seed_02,A04,AB1011,v3,error_series,semisynthetic,roll_3sigma_deg,56642,56642,0,0,0,0,0.303023088,6.0000398189999995,0
ADD_RUN_00424__v3,A2_20s,ADD_RUN_00424,BY2,ADDENDUM,D62_20s_seed_02,A2,seed_02,A04,AB1011,v3,error_series,semisynthetic,pitch_3sigma_deg,56642,56642,0,0,0,0,0.30419617499999996,6.0000398189999995,0
ADD_RUN_00424__v3,A2_20s,ADD_RUN_00424,BY2,ADDENDUM,D62_20s_seed_02,A2,seed_02,A04,AB1011,v3,error_series,semisynthetic,yaw_3sigma_deg,56642,56642,0,0,0,0,0.544644057,6.0000398189999995,0
ADD_RUN_00424__v2,A2_20s,ADD_RUN_00424,BY2,ADDENDUM,D62_20s_seed_02,A2,seed_02,A04,AB1011,v2,error_series,semisynthetic,time,56642,56642,0,0,0,0,66.005054,339.997056,0
ADD_RUN_00424__v2,A2_20s,ADD_RUN_00424,BY2,ADDENDUM,D62_20s_seed_02,A2,seed_02,A04,AB1011,v2,error_series,semisynthetic,err_n_m,56642,56642,0,0,0,0,-0.4534930991605105,0.5158816253791692,24321
ADD_RUN_00424__v2,A2_20s,ADD_RUN_00424,BY2,ADDENDUM,D62_20s_seed_02,A2,seed_02,A04,AB1011,v2,error_series,semisynthetic,err_e_m,56642,56642,0,0,0,0,-0.21089642084939442,1.0368642927932399,23533
ADD_RUN_00424__v2,A2_20s,ADD_RUN_00424,BY2,ADDENDUM,D62_20s_seed_02,A2,seed_02,A04,AB1011,v2,error_series,semisynthetic,err_u_m,56642,56642,0,0,0,0,-0.4883175332012648,5.595509488591899,54147
ADD_RUN_00424__v2,A2_20s,ADD_RUN_00424,BY2,ADDENDUM,D62_20s_seed_02,A2,seed_02,A04,AB1011,v2,error_series,semisynthetic,horizontal_err_m,56642,56642,0,0,0,0,0.005653289700208279,1.1421368570068675,0
ADD_RUN_00424__v2,A2_20s,ADD_RUN_00424,BY2,ADDENDUM,D62_20s_seed_02,A2,seed_02,A04,AB1011,v2,error_series,semisynthetic,position_3d_err_m,56642,56642,0,0,0,0,0.16096725245088989,5.704603136232089,0
ADD_RUN_00424__v2,A2_20s,ADD_RUN_00424,BY2,ADDENDUM,D62_20s_seed_02,A2,seed_02,A04,AB1011,v2,error_series,semisynthetic,roll_err_deg,56642,56642,0,0,0,0,-3.9438510975632823,6.5675904151394775,19974
ADD_RUN_00424__v2,A2_20s,ADD_RUN_00424,BY2,ADDENDUM,D62_20s_seed_02,A2,seed_02,A04,AB1011,v2,error_series,semisynthetic,pitch_err_deg,56642,56642,0,0,0,0,-8.221484751754474,8.498578684542622,37061
ADD_RUN_00424__v2,A2_20s,ADD_RUN_00424,BY2,ADDENDUM,D62_20s_seed_02,A2,seed_02,A04,AB1011,v2,error_series,semisynthetic,yaw_err_deg,56642,56642,0,0,0,0,-8.771893939238396,3.844003464265313,42208
ADD_RUN_00424__v2,A2_20s,ADD_RUN_00424,BY2,ADDENDUM,D62_20s_seed_02,A2,seed_02,A04,AB1011,v2,error_series,semisynthetic,horizontal_3sigma_m,56642,56642,0,0,0,0,0.044773496268918064,42.43457969268709,0
ADD_RUN_00424__v2,A2_20s,ADD_RUN_00424,BY2,ADDENDUM,D62_20s_seed_02,A2,seed_02,A04,AB1011,v2,error_series,semisynthetic,roll_3sigma_deg,56642,56642,0,0,0,0,0.303023088,6.0000398189999995,0
ADD_RUN_00424__v2,A2_20s,ADD_RUN_00424,BY2,ADDENDUM,D62_20s_seed_02,A2,seed_02,A04,AB1011,v2,error_series,semisynthetic,pitch_3sigma_deg,56642,56642,0,0,0,0,0.30419617499999996,6.0000398189999995,0
ADD_RUN_00424__v2,A2_20s,ADD_RUN_00424,BY2,ADDENDUM,D62_20s_seed_02,A2,seed_02,A04,AB1011,v2,error_series,semisynthetic,yaw_3sigma_deg,56642,56642,0,0,0,0,0.544644057,6.0000398189999995,0
ADD_RUN_00425__v3,A2_20s,ADD_RUN_00425,BY2,ADDENDUM,D62_20s_seed_02,A2,seed_02,A05,AB1101,v3,error_series,semisynthetic,time,56642,56642,0,0,0,0,66.005054,339.997056,0
ADD_RUN_00425__v3,A2_20s,ADD_RUN_00425,BY2,ADDENDUM,D62_20s_seed_02,A2,seed_02,A05,AB1101,v3,error_series,semisynthetic,err_n_m,56642,56642,0,0,0,0,-0.42495842675701795,0.6785488112609137,34112
ADD_RUN_00425__v3,A2_20s,ADD_RUN_00425,BY2,ADDENDUM,D62_20s_seed_02,A2,seed_02,A05,AB1101,v3,error_series,semisynthetic,err_e_m,56642,56642,0,0,0,0,-0.18567049096064805,1.1148228106757188,24694
ADD_RUN_00425__v3,A2_20s,ADD_RUN_00425,BY2,ADDENDUM,D62_20s_seed_02,A2,seed_02,A05,AB1101,v3,error_series,semisynthetic,err_u_m,56642,56642,0,0,0,0,-0.17601720428410417,6.022778324583161,35470
ADD_RUN_00425__v3,A2_20s,ADD_RUN_00425,BY2,ADDENDUM,D62_20s_seed_02,A2,seed_02,A05,AB1101,v3,error_series,semisynthetic,horizontal_err_m,56642,56642,0,0,0,0,0.00015089662100939172,1.2348346752951669,0
ADD_RUN_00425__v3,A2_20s,ADD_RUN_00425,BY2,ADDENDUM,D62_20s_seed_02,A2,seed_02,A05,AB1101,v3,error_series,semisynthetic,position_3d_err_m,56642,56642,0,0,0,0,0.0018612753020897314,6.135376392751082,0
ADD_RUN_00425__v3,A2_20s,ADD_RUN_00425,BY2,ADDENDUM,D62_20s_seed_02,A2,seed_02,A05,AB1101,v3,error_series,semisynthetic,roll_err_deg,56642,56642,0,0,0,0,-4.380143668563278,9.28037989729657,16214
ADD_RUN_00425__v3,A2_20s,ADD_RUN_00425,BY2,ADDENDUM,D62_20s_seed_02,A2,seed_02,A05,AB1101,v3,error_series,semisynthetic,pitch_err_deg,56642,56642,0,0,0,0,-9.983538888754453,8.448945113542635,37591
ADD_RUN_00425__v3,A2_20s,ADD_RUN_00425,BY2,ADDENDUM,D62_20s_seed_02,A2,seed_02,A05,AB1101,v3,error_series,semisynthetic,yaw_err_deg,56642,56642,0,0,0,0,-8.838196626238414,3.820157607265287,42264
ADD_RUN_00425__v3,A2_20s,ADD_RUN_00425,BY2,ADDENDUM,D62_20s_seed_02,A2,seed_02,A05,AB1101,v3,error_series,semisynthetic,horizontal_3sigma_m,56642,56642,0,0,0,0,0.04569649780285506,42.43457969268709,0
ADD_RUN_00425__v3,A2_20s,ADD_RUN_00425,BY2,ADDENDUM,D62_20s_seed_02,A2,seed_02,A05,AB1101,v3,error_series,semisynthetic,roll_3sigma_deg,56642,56642,0,0,0,0,0.399551325,6.0000398189999995,0
ADD_RUN_00425__v3,A2_20s,ADD_RUN_00425,BY2,ADDENDUM,D62_20s_seed_02,A2,seed_02,A05,AB1101,v3,error_series,semisynthetic,pitch_3sigma_deg,56642,56642,0,0,0,0,0.40771694399999997,6.0000398189999995,0
ADD_RUN_00425__v3,A2_20s,ADD_RUN_00425,BY2,ADDENDUM,D62_20s_seed_02,A2,seed_02,A05,AB1101,v3,error_series,semisynthetic,yaw_3sigma_deg,56642,56642,0,0,0,0,0.544990938,6.0000398189999995,0
ADD_RUN_00425__v2,A2_20s,ADD_RUN_00425,BY2,ADDENDUM,D62_20s_seed_02,A2,seed_02,A05,AB1101,v2,error_series,semisynthetic,time,56642,56642,0,0,0,0,66.005054,339.997056,0
ADD_RUN_00425__v2,A2_20s,ADD_RUN_00425,BY2,ADDENDUM,D62_20s_seed_02,A2,seed_02,A05,AB1101,v2,error_series,semisynthetic,err_n_m,56642,56642,0,0,0,0,-0.4534930991605105,0.547859176626158,24244
ADD_RUN_00425__v2,A2_20s,ADD_RUN_00425,BY2,ADDENDUM,D62_20s_seed_02,A2,seed_02,A05,AB1101,v2,error_series,semisynthetic,err_e_m,56642,56642,0,0,0,0,-0.21542331550037375,1.02934273692415,24258
ADD_RUN_00425__v2,A2_20s,ADD_RUN_00425,BY2,ADDENDUM,D62_20s_seed_02,A2,seed_02,A05,AB1101,v2,error_series,semisynthetic,err_u_m,56642,56642,0,0,0,0,-0.48424658091998296,5.7132468208082,54129
ADD_RUN_00425__v2,A2_20s,ADD_RUN_00425,BY2,ADDENDUM,D62_20s_seed_02,A2,seed_02,A05,AB1101,v2,error_series,semisynthetic,horizontal_err_m,56642,56642,0,0,0,0,0.008272324091251377,1.1481792225778242,0
ADD_RUN_00425__v2,A2_20s,ADD_RUN_00425,BY2,ADDENDUM,D62_20s_seed_02,A2,seed_02,A05,AB1101,v2,error_series,semisynthetic,position_3d_err_m,56642,56642,0,0,0,0,0.15659799807632768,5.817008667139839,0
ADD_RUN_00425__v2,A2_20s,ADD_RUN_00425,BY2,ADDENDUM,D62_20s_seed_02,A2,seed_02,A05,AB1101,v2,error_series,semisynthetic,roll_err_deg,56642,56642,0,0,0,0,-4.380143668563278,9.28037989729657,16214
ADD_RUN_00425__v2,A2_20s,ADD_RUN_00425,BY2,ADDENDUM,D62_20s_seed_02,A2,seed_02,A05,AB1101,v2,error_series,semisynthetic,pitch_err_deg,56642,56642,0,0,0,0,-9.983538888754453,8.448945113542635,37591
ADD_RUN_00425__v2,A2_20s,ADD_RUN_00425,BY2,ADDENDUM,D62_20s_seed_02,A2,seed_02,A05,AB1101,v2,error_series,semisynthetic,yaw_err_deg,56642,56642,0,0,0,0,-8.838196626238414,3.820157607265287,42264
ADD_RUN_00425__v2,A2_20s,ADD_RUN_00425,BY2,ADDENDUM,D62_20s_seed_02,A2,seed_02,A05,AB1101,v2,error_series,semisynthetic,horizontal_3sigma_m,56642,56642,0,0,0,0,0.04569649780285506,42.43457969268709,0
ADD_RUN_00425__v2,A2_20s,ADD_RUN_00425,BY2,ADDENDUM,D62_20s_seed_02,A2,seed_02,A05,AB1101,v2,error_series,semisynthetic,roll_3sigma_deg,56642,56642,0,0,0,0,0.399551325,6.0000398189999995,0
ADD_RUN_00425__v2,A2_20s,ADD_RUN_00425,BY2,ADDENDUM,D62_20s_seed_02,A2,seed_02,A05,AB1101,v2,error_series,semisynthetic,pitch_3sigma_deg,56642,56642,0,0,0,0,0.40771694399999997,6.0000398189999995,0
ADD_RUN_00425__v2,A2_20s,ADD_RUN_00425,BY2,ADDENDUM,D62_20s_seed_02,A2,seed_02,A05,AB1101,v2,error_series,semisynthetic,yaw_3sigma_deg,56642,56642,0,0,0,0,0.544990938,6.0000398189999995,0
ADD_RUN_00426__v3,A2_20s,ADD_RUN_00426,BY2,ADDENDUM,D62_20s_seed_02,A2,seed_02,A06,AB1110,v3,error_series,semisynthetic,time,56642,56642,0,0,0,0,66.005054,339.997056,0
ADD_RUN_00426__v3,A2_20s,ADD_RUN_00426,BY2,ADDENDUM,D62_20s_seed_02,A2,seed_02,A06,AB1110,v3,error_series,semisynthetic,err_n_m,56642,56642,0,0,0,0,-70.93651895213455,0.1851388614899534,35734
ADD_RUN_00426__v3,A2_20s,ADD_RUN_00426,BY2,ADDENDUM,D62_20s_seed_02,A2,seed_02,A06,AB1110,v3,error_series,semisynthetic,err_e_m,56642,56642,0,0,0,0,-0.18567049096064805,26.311746748088623,25307
ADD_RUN_00426__v3,A2_20s,ADD_RUN_00426,BY2,ADDENDUM,D62_20s_seed_02,A2,seed_02,A06,AB1110,v3,error_series,semisynthetic,err_u_m,56642,56642,0,0,0,0,-0.18455471733554774,4.309799429632797,37355
ADD_RUN_00426__v3,A2_20s,ADD_RUN_00426,BY2,ADDENDUM,D62_20s_seed_02,A2,seed_02,A06,AB1110,v3,error_series,semisynthetic,horizontal_err_m,56642,56642,0,0,0,0,0.0004254643792734839,75.65908893174763,0
ADD_RUN_00426__v3,A2_20s,ADD_RUN_00426,BY2,ADDENDUM,D62_20s_seed_02,A2,seed_02,A06,AB1110,v3,error_series,semisynthetic,position_3d_err_m,56642,56642,0,0,0,0,0.0019068227248955265,75.78173994509336,0
ADD_RUN_00426__v3,A2_20s,ADD_RUN_00426,BY2,ADDENDUM,D62_20s_seed_02,A2,seed_02,A06,AB1110,v3,error_series,semisynthetic,roll_err_deg,56642,56642,0,0,0,0,-4.088772287563273,7.284237580139461,19395
ADD_RUN_00426__v3,A2_20s,ADD_RUN_00426,BY2,ADDENDUM,D62_20s_seed_02,A2,seed_02,A06,AB1110,v3,error_series,semisynthetic,pitch_err_deg,56642,56642,0,0,0,0,-8.569610519754463,8.516099713542644,37262
ADD_RUN_00426__v3,A2_20s,ADD_RUN_00426,BY2,ADDENDUM,D62_20s_seed_02,A2,seed_02,A06,AB1110,v3,error_series,semisynthetic,yaw_err_deg,56642,56642,0,0,0,0,-8.770482555238402,3.8423173772652888,42179
ADD_RUN_00426__v3,A2_20s,ADD_RUN_00426,BY2,ADDENDUM,D62_20s_seed_02,A2,seed_02,A06,AB1110,v3,error_series,semisynthetic,horizontal_3sigma_m,56642,56642,0,0,0,0,0.04650616707272447,42.43457969268709,0
ADD_RUN_00426__v3,A2_20s,ADD_RUN_00426,BY2,ADDENDUM,D62_20s_seed_02,A2,seed_02,A06,AB1110,v3,error_series,semisynthetic,roll_3sigma_deg,56642,56642,0,0,0,0,0.322991085,6.0000398189999995,0
ADD_RUN_00426__v3,A2_20s,ADD_RUN_00426,BY2,ADDENDUM,D62_20s_seed_02,A2,seed_02,A06,AB1110,v3,error_series,semisynthetic,pitch_3sigma_deg,56642,56642,0,0,0,0,0.324943902,6.0000398189999995,0
ADD_RUN_00426__v3,A2_20s,ADD_RUN_00426,BY2,ADDENDUM,D62_20s_seed_02,A2,seed_02,A06,AB1110,v3,error_series,semisynthetic,yaw_3sigma_deg,56642,56642,0,0,0,0,0.544835415,6.0000398189999995,0
ADD_RUN_00426__v2,A2_20s,ADD_RUN_00426,BY2,ADDENDUM,D62_20s_seed_02,A2,seed_02,A06,AB1110,v2,error_series,semisynthetic,time,56642,56642,0,0,0,0,66.005054,339.997056,0
ADD_RUN_00426__v2,A2_20s,ADD_RUN_00426,BY2,ADDENDUM,D62_20s_seed_02,A2,seed_02,A06,AB1110,v2,error_series,semisynthetic,err_n_m,56642,56642,0,0,0,0,-71.06819446951482,0.22246372261314384,28336
ADD_RUN_00426__v2,A2_20s,ADD_RUN_00426,BY2,ADDENDUM,D62_20s_seed_02,A2,seed_02,A06,AB1110,v2,error_series,semisynthetic,err_e_m,56642,56642,0,0,0,0,-0.2281195296060332,26.297159987951048,23568
ADD_RUN_00426__v2,A2_20s,ADD_RUN_00426,BY2,ADDENDUM,D62_20s_seed_02,A2,seed_02,A06,AB1110,v2,error_series,semisynthetic,err_u_m,56642,56642,0,0,0,0,-0.48786281332396797,4.001123009501235,54241
ADD_RUN_00426__v2,A2_20s,ADD_RUN_00426,BY2,ADDENDUM,D62_20s_seed_02,A2,seed_02,A06,AB1110,v2,error_series,semisynthetic,horizontal_err_m,56642,56642,0,0,0,0,0.011136797924788671,75.77749592450697,0
ADD_RUN_00426__v2,A2_20s,ADD_RUN_00426,BY2,ADDENDUM,D62_20s_seed_02,A2,seed_02,A06,AB1110,v2,error_series,semisynthetic,position_3d_err_m,56642,56642,0,0,0,0,0.1568169675802895,75.88305393120278,0
ADD_RUN_00426__v2,A2_20s,ADD_RUN_00426,BY2,ADDENDUM,D62_20s_seed_02,A2,seed_02,A06,AB1110,v2,error_series,semisynthetic,roll_err_deg,56642,56642,0,0,0,0,-4.088772287563273,7.284237580139461,19395
ADD_RUN_00426__v2,A2_20s,ADD_RUN_00426,BY2,ADDENDUM,D62_20s_seed_02,A2,seed_02,A06,AB1110,v2,error_series,semisynthetic,pitch_err_deg,56642,56642,0,0,0,0,-8.569610519754463,8.516099713542644,37262
ADD_RUN_00426__v2,A2_20s,ADD_RUN_00426,BY2,ADDENDUM,D62_20s_seed_02,A2,seed_02,A06,AB1110,v2,error_series,semisynthetic,yaw_err_deg,56642,56642,0,0,0,0,-8.770482555238402,3.8423173772652888,42179
ADD_RUN_00426__v2,A2_20s,ADD_RUN_00426,BY2,ADDENDUM,D62_20s_seed_02,A2,seed_02,A06,AB1110,v2,error_series,semisynthetic,horizontal_3sigma_m,56642,56642,0,0,0,0,0.04650616707272447,42.43457969268709,0
ADD_RUN_00426__v2,A2_20s,ADD_RUN_00426,BY2,ADDENDUM,D62_20s_seed_02,A2,seed_02,A06,AB1110,v2,error_series,semisynthetic,roll_3sigma_deg,56642,56642,0,0,0,0,0.322991085,6.0000398189999995,0
ADD_RUN_00426__v2,A2_20s,ADD_RUN_00426,BY2,ADDENDUM,D62_20s_seed_02,A2,seed_02,A06,AB1110,v2,error_series,semisynthetic,pitch_3sigma_deg,56642,56642,0,0,0,0,0.324943902,6.0000398189999995,0
ADD_RUN_00426__v2,A2_20s,ADD_RUN_00426,BY2,ADDENDUM,D62_20s_seed_02,A2,seed_02,A06,AB1110,v2,error_series,semisynthetic,yaw_3sigma_deg,56642,56642,0,0,0,0,0.544835415,6.0000398189999995,0
ADD_RUN_00427__v3,A2_20s,ADD_RUN_00427,BY2,ADDENDUM,D62_20s_seed_02,A2,seed_02,A07,AB1100,v3,error_series,semisynthetic,time,56642,56642,0,0,0,0,66.005054,339.997056,0
ADD_RUN_00427__v3,A2_20s,ADD_RUN_00427,BY2,ADDENDUM,D62_20s_seed_02,A2,seed_02,A07,AB1100,v3,error_series,semisynthetic,err_n_m,56642,56642,0,0,0,0,-89.0215086336953,0.18084151612967503,37348
ADD_RUN_00427__v3,A2_20s,ADD_RUN_00427,BY2,ADDENDUM,D62_20s_seed_02,A2,seed_02,A07,AB1100,v3,error_series,semisynthetic,err_e_m,56642,56642,0,0,0,0,-0.18567049096064805,20.389913698839038,24601
ADD_RUN_00427__v3,A2_20s,ADD_RUN_00427,BY2,ADDENDUM,D62_20s_seed_02,A2,seed_02,A07,AB1100,v3,error_series,semisynthetic,err_u_m,56642,56642,0,0,0,0,-0.17597325122284602,3.2856775373413853,35651
ADD_RUN_00427__v3,A2_20s,ADD_RUN_00427,BY2,ADDENDUM,D62_20s_seed_02,A2,seed_02,A07,AB1100,v3,error_series,semisynthetic,horizontal_err_m,56642,56642,0,0,0,0,5.333542569785468e-05,91.32676267154767,0
ADD_RUN_00427__v3,A2_20s,ADD_RUN_00427,BY2,ADDENDUM,D62_20s_seed_02,A2,seed_02,A07,AB1100,v3,error_series,semisynthetic,position_3d_err_m,56642,56642,0,0,0,0,0.0006951887136571374,91.3858482312474,0
ADD_RUN_00427__v3,A2_20s,ADD_RUN_00427,BY2,ADDENDUM,D62_20s_seed_02,A2,seed_02,A07,AB1100,v3,error_series,semisynthetic,roll_err_deg,56642,56642,0,0,0,0,-4.396649792563267,9.311022300296571,16347
ADD_RUN_00427__v3,A2_20s,ADD_RUN_00427,BY2,ADDENDUM,D62_20s_seed_02,A2,seed_02,A07,AB1100,v3,error_series,semisynthetic,pitch_err_deg,56642,56642,0,0,0,0,-9.99686301375445,8.46400124454263,37625
ADD_RUN_00427__v3,A2_20s,ADD_RUN_00427,BY2,ADDENDUM,D62_20s_seed_02,A2,seed_02,A07,AB1100,v3,error_series,semisynthetic,yaw_err_deg,56642,56642,0,0,0,0,-8.844355354238417,3.812142580265288,42295
ADD_RUN_00427__v3,A2_20s,ADD_RUN_00427,BY2,ADDENDUM,D62_20s_seed_02,A2,seed_02,A07,AB1100,v3,error_series,semisynthetic,horizontal_3sigma_m,56642,56642,0,0,0,0,0.04654629002149325,47.40621008033226,0
ADD_RUN_00427__v3,A2_20s,ADD_RUN_00427,BY2,ADDENDUM,D62_20s_seed_02,A2,seed_02,A07,AB1100,v3,error_series,semisynthetic,roll_3sigma_deg,56642,56642,0,0,0,0,0.399900507,6.0000398189999995,0
ADD_RUN_00427__v3,A2_20s,ADD_RUN_00427,BY2,ADDENDUM,D62_20s_seed_02,A2,seed_02,A07,AB1100,v3,error_series,semisynthetic,pitch_3sigma_deg,56642,56642,0,0,0,0,0.408133608,6.0000398189999995,0
ADD_RUN_00427__v3,A2_20s,ADD_RUN_00427,BY2,ADDENDUM,D62_20s_seed_02,A2,seed_02,A07,AB1100,v3,error_series,semisynthetic,yaw_3sigma_deg,56642,56642,0,0,0,0,0.545053461,6.0000398189999995,0
ADD_RUN_00427__v2,A2_20s,ADD_RUN_00427,BY2,ADDENDUM,D62_20s_seed_02,A2,seed_02,A07,AB1100,v2,error_series,semisynthetic,time,56642,56642,0,0,0,0,66.005054,339.997056,0
ADD_RUN_00427__v2,A2_20s,ADD_RUN_00427,BY2,ADDENDUM,D62_20s_seed_02,A2,seed_02,A07,AB1100,v2,error_series,semisynthetic,err_n_m,56642,56642,0,0,0,0,-89.14518252600874,0.22235268794209873,28037
ADD_RUN_00427__v2,A2_20s,ADD_RUN_00427,BY2,ADDENDUM,D62_20s_seed_02,A2,seed_02,A07,AB1100,v2,error_series,semisynthetic,err_e_m,56642,56642,0,0,0,0,-0.24041838719566044,20.375606578009993,24370
ADD_RUN_00427__v2,A2_20s,ADD_RUN_00427,BY2,ADDENDUM,D62_20s_seed_02,A2,seed_02,A07,AB1100,v2,error_series,semisynthetic,err_u_m,56642,56642,0,0,0,0,-0.4842650487298492,2.973696089437297,54220
ADD_RUN_00427__v2,A2_20s,ADD_RUN_00427,BY2,ADDENDUM,D62_20s_seed_02,A2,seed_02,A07,AB1100,v2,error_series,semisynthetic,horizontal_err_m,56642,56642,0,0,0,0,0.008785070002705718,91.44412999759612,0
ADD_RUN_00427__v2,A2_20s,ADD_RUN_00427,BY2,ADDENDUM,D62_20s_seed_02,A2,seed_02,A07,AB1100,v2,error_series,semisynthetic,position_3d_err_m,56642,56642,0,0,0,0,0.1547827625972182,91.49246843019152,0
ADD_RUN_00427__v2,A2_20s,ADD_RUN_00427,BY2,ADDENDUM,D62_20s_seed_02,A2,seed_02,A07,AB1100,v2,error_series,semisynthetic,roll_err_deg,56642,56642,0,0,0,0,-4.396649792563267,9.311022300296571,16347
ADD_RUN_00427__v2,A2_20s,ADD_RUN_00427,BY2,ADDENDUM,D62_20s_seed_02,A2,seed_02,A07,AB1100,v2,error_series,semisynthetic,pitch_err_deg,56642,56642,0,0,0,0,-9.99686301375445,8.46400124454263,37625
ADD_RUN_00427__v2,A2_20s,ADD_RUN_00427,BY2,ADDENDUM,D62_20s_seed_02,A2,seed_02,A07,AB1100,v2,error_series,semisynthetic,yaw_err_deg,56642,56642,0,0,0,0,-8.844355354238417,3.812142580265288,42295
ADD_RUN_00427__v2,A2_20s,ADD_RUN_00427,BY2,ADDENDUM,D62_20s_seed_02,A2,seed_02,A07,AB1100,v2,error_series,semisynthetic,horizontal_3sigma_m,56642,56642,0,0,0,0,0.04654629002149325,47.40621008033226,0
ADD_RUN_00427__v2,A2_20s,ADD_RUN_00427,BY2,ADDENDUM,D62_20s_seed_02,A2,seed_02,A07,AB1100,v2,error_series,semisynthetic,roll_3sigma_deg,56642,56642,0,0,0,0,0.399900507,6.0000398189999995,0
ADD_RUN_00427__v2,A2_20s,ADD_RUN_00427,BY2,ADDENDUM,D62_20s_seed_02,A2,seed_02,A07,AB1100,v2,error_series,semisynthetic,pitch_3sigma_deg,56642,56642,0,0,0,0,0.408133608,6.0000398189999995,0
ADD_RUN_00427__v2,A2_20s,ADD_RUN_00427,BY2,ADDENDUM,D62_20s_seed_02,A2,seed_02,A07,AB1100,v2,error_series,semisynthetic,yaw_3sigma_deg,56642,56642,0,0,0,0,0.545053461,6.0000398189999995,0
ADD_RUN_00428__v3,A2_20s,ADD_RUN_00428,BY2,ADDENDUM,D62_20s_seed_02,A2,seed_02,A08,AB1000,v3,error_series,semisynthetic,time,56642,56642,0,0,0,0,66.005054,339.997056,0
ADD_RUN_00428__v3,A2_20s,ADD_RUN_00428,BY2,ADDENDUM,D62_20s_seed_02,A2,seed_02,A08,AB1000,v3,error_series,semisynthetic,err_n_m,56642,56642,0,0,0,0,-88.9683239528602,0.180846737489059,37201
ADD_RUN_00428__v3,A2_20s,ADD_RUN_00428,BY2,ADDENDUM,D62_20s_seed_02,A2,seed_02,A08,AB1000,v3,error_series,semisynthetic,err_e_m,56642,56642,0,0,0,0,-0.18567049096064805,20.332334138321883,24674
ADD_RUN_00428__v3,A2_20s,ADD_RUN_00428,BY2,ADDENDUM,D62_20s_seed_02,A2,seed_02,A08,AB1000,v3,error_series,semisynthetic,err_u_m,56642,56642,0,0,0,0,-0.17597805573531744,3.4075742876133077,35441
ADD_RUN_00428__v3,A2_20s,ADD_RUN_00428,BY2,ADDENDUM,D62_20s_seed_02,A2,seed_02,A08,AB1000,v3,error_series,semisynthetic,horizontal_err_m,56642,56642,0,0,0,0,0.00018486487940139518,91.26207579544445,0
ADD_RUN_00428__v3,A2_20s,ADD_RUN_00428,BY2,ADDENDUM,D62_20s_seed_02,A2,seed_02,A08,AB1000,v3,error_series,semisynthetic,position_3d_err_m,56642,56642,0,0,0,0,0.0008230198718073127,91.32567021938054,0
ADD_RUN_00428__v3,A2_20s,ADD_RUN_00428,BY2,ADDENDUM,D62_20s_seed_02,A2,seed_02,A08,AB1000,v3,error_series,semisynthetic,roll_err_deg,56642,56642,0,0,0,0,-4.39600614756327,9.307561525296592,16374
ADD_RUN_00428__v3,A2_20s,ADD_RUN_00428,BY2,ADDENDUM,D62_20s_seed_02,A2,seed_02,A08,AB1000,v3,error_series,semisynthetic,pitch_err_deg,56642,56642,0,0,0,0,-9.995353324754461,8.464383034542635,37616
ADD_RUN_00428__v3,A2_20s,ADD_RUN_00428,BY2,ADDENDUM,D62_20s_seed_02,A2,seed_02,A08,AB1000,v3,error_series,semisynthetic,yaw_err_deg,56642,56642,0,0,0,0,-8.846367408238422,3.8123319472653066,42317
ADD_RUN_00428__v3,A2_20s,ADD_RUN_00428,BY2,ADDENDUM,D62_20s_seed_02,A2,seed_02,A08,AB1000,v3,error_series,semisynthetic,horizontal_3sigma_m,56642,56642,0,0,0,0,0.04634491444009556,47.39510271445885,0
ADD_RUN_00428__v3,A2_20s,ADD_RUN_00428,BY2,ADDENDUM,D62_20s_seed_02,A2,seed_02,A08,AB1000,v3,error_series,semisynthetic,roll_3sigma_deg,56642,56642,0,0,0,0,0.399888939,6.0000398189999995,0
ADD_RUN_00428__v3,A2_20s,ADD_RUN_00428,BY2,ADDENDUM,D62_20s_seed_02,A2,seed_02,A08,AB1000,v3,error_series,semisynthetic,pitch_3sigma_deg,56642,56642,0,0,0,0,0.408120912,6.0000398189999995,0
ADD_RUN_00428__v3,A2_20s,ADD_RUN_00428,BY2,ADDENDUM,D62_20s_seed_02,A2,seed_02,A08,AB1000,v3,error_series,semisynthetic,yaw_3sigma_deg,56642,56642,0,0,0,0,0.544916661,6.0000398189999995,0
ADD_RUN_00428__v2,A2_20s,ADD_RUN_00428,BY2,ADDENDUM,D62_20s_seed_02,A2,seed_02,A08,AB1000,v2,error_series,semisynthetic,time,56642,56642,0,0,0,0,66.005054,339.997056,0
ADD_RUN_00428__v2,A2_20s,ADD_RUN_00428,BY2,ADDENDUM,D62_20s_seed_02,A2,seed_02,A08,AB1000,v2,error_series,semisynthetic,err_n_m,56642,56642,0,0,0,0,-89.09199837342388,0.22246372345168197,27927
ADD_RUN_00428__v2,A2_20s,ADD_RUN_00428,BY2,ADDENDUM,D62_20s_seed_02,A2,seed_02,A08,AB1000,v2,error_series,semisynthetic,err_e_m,56642,56642,0,0,0,0,-0.24263930460490712,20.318036016344053,24528
ADD_RUN_00428__v2,A2_20s,ADD_RUN_00428,BY2,ADDENDUM,D62_20s_seed_02,A2,seed_02,A08,AB1000,v2,error_series,semisynthetic,err_u_m,56642,56642,0,0,0,0,-0.4842669275408582,3.095592637671899,54197
ADD_RUN_00428__v2,A2_20s,ADD_RUN_00428,BY2,ADDENDUM,D62_20s_seed_02,A2,seed_02,A08,AB1000,v2,error_series,semisynthetic,horizontal_err_m,56642,56642,0,0,0,0,0.008785069907616275,91.37946575534143,0
ADD_RUN_00428__v2,A2_20s,ADD_RUN_00428,BY2,ADDENDUM,D62_20s_seed_02,A2,seed_02,A08,AB1000,v2,error_series,semisynthetic,position_3d_err_m,56642,56642,0,0,0,0,0.1547551346550786,91.43188423908819,0
ADD_RUN_00428__v2,A2_20s,ADD_RUN_00428,BY2,ADDENDUM,D62_20s_seed_02,A2,seed_02,A08,AB1000,v2,error_series,semisynthetic,roll_err_deg,56642,56642,0,0,0,0,-4.39600614756327,9.307561525296592,16374
ADD_RUN_00428__v2,A2_20s,ADD_RUN_00428,BY2,ADDENDUM,D62_20s_seed_02,A2,seed_02,A08,AB1000,v2,error_series,semisynthetic,pitch_err_deg,56642,56642,0,0,0,0,-9.995353324754461,8.464383034542635,37616
ADD_RUN_00428__v2,A2_20s,ADD_RUN_00428,BY2,ADDENDUM,D62_20s_seed_02,A2,seed_02,A08,AB1000,v2,error_series,semisynthetic,yaw_err_deg,56642,56642,0,0,0,0,-8.846367408238422,3.8123319472653066,42317
ADD_RUN_00428__v2,A2_20s,ADD_RUN_00428,BY2,ADDENDUM,D62_20s_seed_02,A2,seed_02,A08,AB1000,v2,error_series,semisynthetic,horizontal_3sigma_m,56642,56642,0,0,0,0,0.04634491444009556,47.39510271445885,0
ADD_RUN_00428__v2,A2_20s,ADD_RUN_00428,BY2,ADDENDUM,D62_20s_seed_02,A2,seed_02,A08,AB1000,v2,error_series,semisynthetic,roll_3sigma_deg,56642,56642,0,0,0,0,0.399888939,6.0000398189999995,0
ADD_RUN_00428__v2,A2_20s,ADD_RUN_00428,BY2,ADDENDUM,D62_20s_seed_02,A2,seed_02,A08,AB1000,v2,error_series,semisynthetic,pitch_3sigma_deg,56642,56642,0,0,0,0,0.408120912,6.0000398189999995,0
ADD_RUN_00428__v2,A2_20s,ADD_RUN_00428,BY2,ADDENDUM,D62_20s_seed_02,A2,seed_02,A08,AB1000,v2,error_series,semisynthetic,yaw_3sigma_deg,56642,56642,0,0,0,0,0.544916661,6.0000398189999995,0
ADD_RUN_00429__v3,A2_20s,ADD_RUN_00429,BY2,ADDENDUM,D62_20s_seed_02,A2,seed_02,A09,AB0100,v3,error_series,semisynthetic,time,56642,56642,0,0,0,0,66.005054,339.997056,0
ADD_RUN_00429__v3,A2_20s,ADD_RUN_00429,BY2,ADDENDUM,D62_20s_seed_02,A2,seed_02,A09,AB0100,v3,error_series,semisynthetic,err_n_m,56642,56642,0,0,0,0,-89.53296998192349,0.18082576221174662,37651
ADD_RUN_00429__v3,A2_20s,ADD_RUN_00429,BY2,ADDENDUM,D62_20s_seed_02,A2,seed_02,A09,AB0100,v3,error_series,semisynthetic,err_e_m,56642,56642,0,0,0,0,-0.18567049096064805,20.030046622727454,24909
ADD_RUN_00429__v3,A2_20s,ADD_RUN_00429,BY2,ADDENDUM,D62_20s_seed_02,A2,seed_02,A09,AB0100,v3,error_series,semisynthetic,err_u_m,56642,56642,0,0,0,0,-0.17598576243974762,3.2040717945603348,35774
ADD_RUN_00429__v3,A2_20s,ADD_RUN_00429,BY2,ADDENDUM,D62_20s_seed_02,A2,seed_02,A09,AB0100,v3,error_series,semisynthetic,horizontal_err_m,56642,56642,0,0,0,0,0.0003235079658039625,91.74614695720278,0
ADD_RUN_00429__v3,A2_20s,ADD_RUN_00429,BY2,ADDENDUM,D62_20s_seed_02,A2,seed_02,A09,AB0100,v3,error_series,semisynthetic,position_3d_err_m,56642,56642,0,0,0,0,0.0011234371327944767,91.80207817668044,0
ADD_RUN_00429__v3,A2_20s,ADD_RUN_00429,BY2,ADDENDUM,D62_20s_seed_02,A2,seed_02,A09,AB0100,v3,error_series,semisynthetic,roll_err_deg,56642,56642,0,0,0,0,-4.395951929563267,9.307110578296573,16332
ADD_RUN_00429__v3,A2_20s,ADD_RUN_00429,BY2,ADDENDUM,D62_20s_seed_02,A2,seed_02,A09,AB0100,v3,error_series,semisynthetic,pitch_err_deg,56642,56642,0,0,0,0,-9.99573974875446,8.452458329542651,37658
ADD_RUN_00429__v3,A2_20s,ADD_RUN_00429,BY2,ADDENDUM,D62_20s_seed_02,A2,seed_02,A09,AB0100,v3,error_series,semisynthetic,yaw_err_deg,56642,56642,0,0,0,0,-8.848535710238423,3.809474046265308,42237
ADD_RUN_00429__v3,A2_20s,ADD_RUN_00429,BY2,ADDENDUM,D62_20s_seed_02,A2,seed_02,A09,AB0100,v3,error_series,semisynthetic,horizontal_3sigma_m,56642,56642,0,0,0,0,0.04694386255803537,47.4296927995176,0
ADD_RUN_00429__v3,A2_20s,ADD_RUN_00429,BY2,ADDENDUM,D62_20s_seed_02,A2,seed_02,A09,AB0100,v3,error_series,semisynthetic,roll_3sigma_deg,56642,56642,0,0,0,0,0.399938118,6.0000398189999995,0
ADD_RUN_00429__v3,A2_20s,ADD_RUN_00429,BY2,ADDENDUM,D62_20s_seed_02,A2,seed_02,A09,AB0100,v3,error_series,semisynthetic,pitch_3sigma_deg,56642,56642,0,0,0,0,0.408156564,6.0000398189999995,0
ADD_RUN_00429__v3,A2_20s,ADD_RUN_00429,BY2,ADDENDUM,D62_20s_seed_02,A2,seed_02,A09,AB0100,v3,error_series,semisynthetic,yaw_3sigma_deg,56642,56642,0,0,0,0,0.545120214,6.0000398189999995,0
ADD_RUN_00429__v2,A2_20s,ADD_RUN_00429,BY2,ADDENDUM,D62_20s_seed_02,A2,seed_02,A09,AB0100,v2,error_series,semisynthetic,time,56642,56642,0,0,0,0,66.005054,339.997056,0
ADD_RUN_00429__v2,A2_20s,ADD_RUN_00429,BY2,ADDENDUM,D62_20s_seed_02,A2,seed_02,A09,AB0100,v2,error_series,semisynthetic,err_n_m,56642,56642,0,0,0,0,-89.65660452899772,0.21944779768993605,28181
ADD_RUN_00429__v2,A2_20s,ADD_RUN_00429,BY2,ADDENDUM,D62_20s_seed_02,A2,seed_02,A09,AB0100,v2,error_series,semisynthetic,err_e_m,56642,56642,0,0,0,0,-0.2504121093256657,20.01574968891721,24134
ADD_RUN_00429__v2,A2_20s,ADD_RUN_00429,BY2,ADDENDUM,D62_20s_seed_02,A2,seed_02,A09,AB0100,v2,error_series,semisynthetic,err_u_m,56642,56642,0,0,0,0,-0.4842733417410514,2.892074285841744,54233
ADD_RUN_00429__v2,A2_20s,ADD_RUN_00429,BY2,ADDENDUM,D62_20s_seed_02,A2,seed_02,A09,AB0100,v2,error_series,semisynthetic,horizontal_err_m,56642,56642,0,0,0,0,0.008785069909347335,91.86368690227104,0
ADD_RUN_00429__v2,A2_20s,ADD_RUN_00429,BY2,ADDENDUM,D62_20s_seed_02,A2,seed_02,A09,AB0100,v2,error_series,semisynthetic,position_3d_err_m,56642,56642,0,0,0,0,0.1558875074972867,91.9092001105075,0
ADD_RUN_00429__v2,A2_20s,ADD_RUN_00429,BY2,ADDENDUM,D62_20s_seed_02,A2,seed_02,A09,AB0100,v2,error_series,semisynthetic,roll_err_deg,56642,56642,0,0,0,0,-4.395951929563267,9.307110578296573,16332
ADD_RUN_00429__v2,A2_20s,ADD_RUN_00429,BY2,ADDENDUM,D62_20s_seed_02,A2,seed_02,A09,AB0100,v2,error_series,semisynthetic,pitch_err_deg,56642,56642,0,0,0,0,-9.99573974875446,8.452458329542651,37658
ADD_RUN_00429__v2,A2_20s,ADD_RUN_00429,BY2,ADDENDUM,D62_20s_seed_02,A2,seed_02,A09,AB0100,v2,error_series,semisynthetic,yaw_err_deg,56642,56642,0,0,0,0,-8.848535710238423,3.809474046265308,42237
ADD_RUN_00429__v2,A2_20s,ADD_RUN_00429,BY2,ADDENDUM,D62_20s_seed_02,A2,seed_02,A09,AB0100,v2,error_series,semisynthetic,horizontal_3sigma_m,56642,56642,0,0,0,0,0.04694386255803537,47.4296927995176,0
ADD_RUN_00429__v2,A2_20s,ADD_RUN_00429,BY2,ADDENDUM,D62_20s_seed_02,A2,seed_02,A09,AB0100,v2,error_series,semisynthetic,roll_3sigma_deg,56642,56642,0,0,0,0,0.399938118,6.0000398189999995,0
ADD_RUN_00429__v2,A2_20s,ADD_RUN_00429,BY2,ADDENDUM,D62_20s_seed_02,A2,seed_02,A09,AB0100,v2,error_series,semisynthetic,pitch_3sigma_deg,56642,56642,0,0,0,0,0.408156564,6.0000398189999995,0
ADD_RUN_00429__v2,A2_20s,ADD_RUN_00429,BY2,ADDENDUM,D62_20s_seed_02,A2,seed_02,A09,AB0100,v2,error_series,semisynthetic,yaw_3sigma_deg,56642,56642,0,0,0,0,0.545120214,6.0000398189999995,0
ADD_RUN_00430__v3,A2_20s,ADD_RUN_00430,BY2,ADDENDUM,D62_20s_seed_03,A2,seed_03,F01,single_antenna_EKF,v3,error_series,semisynthetic,time,56642,56642,0,0,0,0,66.005054,339.997056,0
ADD_RUN_00430__v3,A2_20s,ADD_RUN_00430,BY2,ADDENDUM,D62_20s_seed_03,A2,seed_03,F01,single_antenna_EKF,v3,error_series,semisynthetic,err_n_m,56642,56642,0,0,0,0,-29.227758048573378,0.17541507362850695,38995
ADD_RUN_00430__v3,A2_20s,ADD_RUN_00430,BY2,ADDENDUM,D62_20s_seed_03,A2,seed_03,F01,single_antenna_EKF,v3,error_series,semisynthetic,err_e_m,56642,56642,0,0,0,0,-0.18567049096064805,89.89870821362169,25379
ADD_RUN_00430__v3,A2_20s,ADD_RUN_00430,BY2,ADDENDUM,D62_20s_seed_03,A2,seed_03,F01,single_antenna_EKF,v3,error_series,semisynthetic,err_u_m,56642,56642,0,0,0,0,-0.44691775701135583,5.306625969640095,37114
ADD_RUN_00430__v3,A2_20s,ADD_RUN_00430,BY2,ADDENDUM,D62_20s_seed_03,A2,seed_03,F01,single_antenna_EKF,v3,error_series,semisynthetic,horizontal_err_m,56642,56642,0,0,0,0,0.00014181290881221632,94.5306277299788,0
ADD_RUN_00430__v3,A2_20s,ADD_RUN_00430,BY2,ADDENDUM,D62_20s_seed_03,A2,seed_03,F01,single_antenna_EKF,v3,error_series,semisynthetic,position_3d_err_m,56642,56642,0,0,0,0,0.00078425699127759,94.67945848073644,0
ADD_RUN_00430__v3,A2_20s,ADD_RUN_00430,BY2,ADDENDUM,D62_20s_seed_03,A2,seed_03,F01,single_antenna_EKF,v3,error_series,semisynthetic,roll_err_deg,56642,56642,0,0,0,0,-4.456687683563274,9.287215180296585,16434
ADD_RUN_00430__v3,A2_20s,ADD_RUN_00430,BY2,ADDENDUM,D62_20s_seed_03,A2,seed_03,F01,single_antenna_EKF,v3,error_series,semisynthetic,pitch_err_deg,56642,56642,0,0,0,0,-9.985507658754472,8.452295398542645,37762
ADD_RUN_00430__v3,A2_20s,ADD_RUN_00430,BY2,ADDENDUM,D62_20s_seed_03,A2,seed_03,F01,single_antenna_EKF,v3,error_series,semisynthetic,yaw_err_deg,56642,56642,0,0,0,0,-17.897464204238418,1.0895758841452334,56301
ADD_RUN_00430__v3,A2_20s,ADD_RUN_00430,BY2,ADDENDUM,D62_20s_seed_03,A2,seed_03,F01,single_antenna_EKF,v3,error_series,semisynthetic,horizontal_3sigma_m,56642,56642,0,0,0,0,0.04700990880282893,43.18211198139353,0
ADD_RUN_00430__v3,A2_20s,ADD_RUN_00430,BY2,ADDENDUM,D62_20s_seed_03,A2,seed_03,F01,single_antenna_EKF,v3,error_series,semisynthetic,roll_3sigma_deg,56642,56642,0,0,0,0,0.41040315000000005,6.0000398189999995,0
ADD_RUN_00430__v3,A2_20s,ADD_RUN_00430,BY2,ADDENDUM,D62_20s_seed_03,A2,seed_03,F01,single_antenna_EKF,v3,error_series,semisynthetic,pitch_3sigma_deg,56642,56642,0,0,0,0,0.410784153,6.0000398189999995,0
ADD_RUN_00430__v3,A2_20s,ADD_RUN_00430,BY2,ADDENDUM,D62_20s_seed_03,A2,seed_03,F01,single_antenna_EKF,v3,error_series,semisynthetic,yaw_3sigma_deg,56642,56642,0,0,0,0,2.654335146,6.0000398189999995,0
ADD_RUN_00430__v2,A2_20s,ADD_RUN_00430,BY2,ADDENDUM,D62_20s_seed_03,A2,seed_03,F01,single_antenna_EKF,v2,error_series,semisynthetic,time,56642,56642,0,0,0,0,66.005054,339.997056,0
ADD_RUN_00430__v2,A2_20s,ADD_RUN_00430,BY2,ADDENDUM,D62_20s_seed_03,A2,seed_03,F01,single_antenna_EKF,v2,error_series,semisynthetic,err_n_m,56642,56642,0,0,0,0,-29.22581057484112,0.22078020549652067,28525
ADD_RUN_00430__v2,A2_20s,ADD_RUN_00430,BY2,ADDENDUM,D62_20s_seed_03,A2,seed_03,F01,single_antenna_EKF,v2,error_series,semisynthetic,err_e_m,56642,56642,0,0,0,0,-0.22634062683296463,89.72403144175644,24677
ADD_RUN_00430__v2,A2_20s,ADD_RUN_00430,BY2,ADDENDUM,D62_20s_seed_03,A2,seed_03,F01,single_antenna_EKF,v2,error_series,semisynthetic,err_u_m,56642,56642,0,0,0,0,-0.7479179207417133,5.019717309247426,54694
ADD_RUN_00430__v2,A2_20s,ADD_RUN_00430,BY2,ADDENDUM,D62_20s_seed_03,A2,seed_03,F01,single_antenna_EKF,v2,error_series,semisynthetic,horizontal_err_m,56642,56642,0,0,0,0,0.005681373474930968,94.36392224742353,0
ADD_RUN_00430__v2,A2_20s,ADD_RUN_00430,BY2,ADDENDUM,D62_20s_seed_03,A2,seed_03,F01,single_antenna_EKF,v2,error_series,semisynthetic,position_3d_err_m,56642,56642,0,0,0,0,0.1590517696687371,94.49734061751448,0
ADD_RUN_00430__v2,A2_20s,ADD_RUN_00430,BY2,ADDENDUM,D62_20s_seed_03,A2,seed_03,F01,single_antenna_EKF,v2,error_series,semisynthetic,roll_err_deg,56642,56642,0,0,0,0,-4.456687683563274,9.287215180296585,16434
ADD_RUN_00430__v2,A2_20s,ADD_RUN_00430,BY2,ADDENDUM,D62_20s_seed_03,A2,seed_03,F01,single_antenna_EKF,v2,error_series,semisynthetic,pitch_err_deg,56642,56642,0,0,0,0,-9.985507658754472,8.452295398542645,37762
ADD_RUN_00430__v2,A2_20s,ADD_RUN_00430,BY2,ADDENDUM,D62_20s_seed_03,A2,seed_03,F01,single_antenna_EKF,v2,error_series,semisynthetic,yaw_err_deg,56642,56642,0,0,0,0,-17.897464204238418,1.0895758841452334,56301
ADD_RUN_00430__v2,A2_20s,ADD_RUN_00430,BY2,ADDENDUM,D62_20s_seed_03,A2,seed_03,F01,single_antenna_EKF,v2,error_series,semisynthetic,horizontal_3sigma_m,56642,56642,0,0,0,0,0.04700990880282893,43.18211198139353,0
ADD_RUN_00430__v2,A2_20s,ADD_RUN_00430,BY2,ADDENDUM,D62_20s_seed_03,A2,seed_03,F01,single_antenna_EKF,v2,error_series,semisynthetic,roll_3sigma_deg,56642,56642,0,0,0,0,0.41040315000000005,6.0000398189999995,0
ADD_RUN_00430__v2,A2_20s,ADD_RUN_00430,BY2,ADDENDUM,D62_20s_seed_03,A2,seed_03,F01,single_antenna_EKF,v2,error_series,semisynthetic,pitch_3sigma_deg,56642,56642,0,0,0,0,0.410784153,6.0000398189999995,0
ADD_RUN_00430__v2,A2_20s,ADD_RUN_00430,BY2,ADDENDUM,D62_20s_seed_03,A2,seed_03,F01,single_antenna_EKF,v2,error_series,semisynthetic,yaw_3sigma_deg,56642,56642,0,0,0,0,2.654335146,6.0000398189999995,0
ADD_RUN_00431__v3,A2_20s,ADD_RUN_00431,BY2,ADDENDUM,D62_20s_seed_03,A2,seed_03,F02,basic_dual_yaw_EKF,v3,error_series,semisynthetic,time,56642,56642,0,0,0,0,66.005054,339.997056,0
ADD_RUN_00431__v3,A2_20s,ADD_RUN_00431,BY2,ADDENDUM,D62_20s_seed_03,A2,seed_03,F02,basic_dual_yaw_EKF,v3,error_series,semisynthetic,err_n_m,56642,56642,0,0,0,0,-37.79718638474148,0.18124929101894338,41298
ADD_RUN_00431__v3,A2_20s,ADD_RUN_00431,BY2,ADDENDUM,D62_20s_seed_03,A2,seed_03,F02,basic_dual_yaw_EKF,v3,error_series,semisynthetic,err_e_m,56642,56642,0,0,0,0,-0.18567049096064805,84.82011961321695,26173
ADD_RUN_00431__v3,A2_20s,ADD_RUN_00431,BY2,ADDENDUM,D62_20s_seed_03,A2,seed_03,F02,basic_dual_yaw_EKF,v3,error_series,semisynthetic,err_u_m,56642,56642,0,0,0,0,-0.5380642433411058,4.623110341929191,37338
ADD_RUN_00431__v3,A2_20s,ADD_RUN_00431,BY2,ADDENDUM,D62_20s_seed_03,A2,seed_03,F02,basic_dual_yaw_EKF,v3,error_series,semisynthetic,horizontal_err_m,56642,56642,0,0,0,0,0.0003882620857329156,92.86054054227402,0
ADD_RUN_00431__v3,A2_20s,ADD_RUN_00431,BY2,ADDENDUM,D62_20s_seed_03,A2,seed_03,F02,basic_dual_yaw_EKF,v3,error_series,semisynthetic,position_3d_err_m,56642,56642,0,0,0,0,0.0025943769162666192,92.97555129730057,0
ADD_RUN_00431__v3,A2_20s,ADD_RUN_00431,BY2,ADDENDUM,D62_20s_seed_03,A2,seed_03,F02,basic_dual_yaw_EKF,v3,error_series,semisynthetic,roll_err_deg,56642,56642,0,0,0,0,-4.332691531563285,9.327141819296571,16445
ADD_RUN_00431__v3,A2_20s,ADD_RUN_00431,BY2,ADDENDUM,D62_20s_seed_03,A2,seed_03,F02,basic_dual_yaw_EKF,v3,error_series,semisynthetic,pitch_err_deg,56642,56642,0,0,0,0,-9.991332946754454,8.416588180542647,37627
ADD_RUN_00431__v3,A2_20s,ADD_RUN_00431,BY2,ADDENDUM,D62_20s_seed_03,A2,seed_03,F02,basic_dual_yaw_EKF,v3,error_series,semisynthetic,yaw_err_deg,56642,56642,0,0,0,0,-10.131928006238411,3.8698262652652886,43780
ADD_RUN_00431__v3,A2_20s,ADD_RUN_00431,BY2,ADDENDUM,D62_20s_seed_03,A2,seed_03,F02,basic_dual_yaw_EKF,v3,error_series,semisynthetic,horizontal_3sigma_m,56642,56642,0,0,0,0,0.05178557145809494,43.35476300603629,0
ADD_RUN_00431__v3,A2_20s,ADD_RUN_00431,BY2,ADDENDUM,D62_20s_seed_03,A2,seed_03,F02,basic_dual_yaw_EKF,v3,error_series,semisynthetic,roll_3sigma_deg,56642,56642,0,0,0,0,0.40106713800000005,6.000072272999999,0
ADD_RUN_00431__v3,A2_20s,ADD_RUN_00431,BY2,ADDENDUM,D62_20s_seed_03,A2,seed_03,F02,basic_dual_yaw_EKF,v3,error_series,semisynthetic,pitch_3sigma_deg,56642,56642,0,0,0,0,0.40838753399999994,6.000072231,0
ADD_RUN_00431__v3,A2_20s,ADD_RUN_00431,BY2,ADDENDUM,D62_20s_seed_03,A2,seed_03,F02,basic_dual_yaw_EKF,v3,error_series,semisynthetic,yaw_3sigma_deg,56642,56642,0,0,0,0,0.52842672,6.0000398189999995,0
ADD_RUN_00431__v2,A2_20s,ADD_RUN_00431,BY2,ADDENDUM,D62_20s_seed_03,A2,seed_03,F02,basic_dual_yaw_EKF,v2,error_series,semisynthetic,time,56642,56642,0,0,0,0,66.005054,339.997056,0
ADD_RUN_00431__v2,A2_20s,ADD_RUN_00431,BY2,ADDENDUM,D62_20s_seed_03,A2,seed_03,F02,basic_dual_yaw_EKF,v2,error_series,semisynthetic,err_n_m,56642,56642,0,0,0,0,-37.77651793022385,0.20312558349953314,29593
ADD_RUN_00431__v2,A2_20s,ADD_RUN_00431,BY2,ADDENDUM,D62_20s_seed_03,A2,seed_03,F02,basic_dual_yaw_EKF,v2,error_series,semisynthetic,err_e_m,56642,56642,0,0,0,0,-0.22277594717550642,84.64694012722333,23904
ADD_RUN_00431__v2,A2_20s,ADD_RUN_00431,BY2,ADDENDUM,D62_20s_seed_03,A2,seed_03,F02,basic_dual_yaw_EKF,v2,error_series,semisynthetic,err_u_m,56642,56642,0,0,0,0,-0.8391233578783979,4.336031902627845,54809
ADD_RUN_00431__v2,A2_20s,ADD_RUN_00431,BY2,ADDENDUM,D62_20s_seed_03,A2,seed_03,F02,basic_dual_yaw_EKF,v2,error_series,semisynthetic,horizontal_err_m,56642,56642,0,0,0,0,0.01637736013197131,92.69395762310646,0
ADD_RUN_00431__v2,A2_20s,ADD_RUN_00431,BY2,ADDENDUM,D62_20s_seed_03,A2,seed_03,F02,basic_dual_yaw_EKF,v2,error_series,semisynthetic,position_3d_err_m,56642,56642,0,0,0,0,0.1672449276579185,92.7953175138426,0
ADD_RUN_00431__v2,A2_20s,ADD_RUN_00431,BY2,ADDENDUM,D62_20s_seed_03,A2,seed_03,F02,basic_dual_yaw_EKF,v2,error_series,semisynthetic,roll_err_deg,56642,56642,0,0,0,0,-4.332691531563285,9.327141819296571,16445
ADD_RUN_00431__v2,A2_20s,ADD_RUN_00431,BY2,ADDENDUM,D62_20s_seed_03,A2,seed_03,F02,basic_dual_yaw_EKF,v2,error_series,semisynthetic,pitch_err_deg,56642,56642,0,0,0,0,-9.991332946754454,8.416588180542647,37627
ADD_RUN_00431__v2,A2_20s,ADD_RUN_00431,BY2,ADDENDUM,D62_20s_seed_03,A2,seed_03,F02,basic_dual_yaw_EKF,v2,error_series,semisynthetic,yaw_err_deg,56642,56642,0,0,0,0,-10.131928006238411,3.8698262652652886,43780
ADD_RUN_00431__v2,A2_20s,ADD_RUN_00431,BY2,ADDENDUM,D62_20s_seed_03,A2,seed_03,F02,basic_dual_yaw_EKF,v2,error_series,semisynthetic,horizontal_3sigma_m,56642,56642,0,0,0,0,0.05178557145809494,43.35476300603629,0
ADD_RUN_00431__v2,A2_20s,ADD_RUN_00431,BY2,ADDENDUM,D62_20s_seed_03,A2,seed_03,F02,basic_dual_yaw_EKF,v2,error_series,semisynthetic,roll_3sigma_deg,56642,56642,0,0,0,0,0.40106713800000005,6.000072272999999,0
ADD_RUN_00431__v2,A2_20s,ADD_RUN_00431,BY2,ADDENDUM,D62_20s_seed_03,A2,seed_03,F02,basic_dual_yaw_EKF,v2,error_series,semisynthetic,pitch_3sigma_deg,56642,56642,0,0,0,0,0.40838753399999994,6.000072231,0
ADD_RUN_00431__v2,A2_20s,ADD_RUN_00431,BY2,ADDENDUM,D62_20s_seed_03,A2,seed_03,F02,basic_dual_yaw_EKF,v2,error_series,semisynthetic,yaw_3sigma_deg,56642,56642,0,0,0,0,0.52842672,6.0000398189999995,0
ADD_RUN_00432__v3,A2_20s,ADD_RUN_00432,BY2,ADDENDUM,D62_20s_seed_03,A2,seed_03,F03,AB0000,v3,error_series,semisynthetic,time,56642,56642,0,0,0,0,66.005054,339.997056,0
ADD_RUN_00432__v3,A2_20s,ADD_RUN_00432,BY2,ADDENDUM,D62_20s_seed_03,A2,seed_03,F03,AB0000,v3,error_series,semisynthetic,err_n_m,56642,56642,0,0,0,0,-36.19307430007345,0.1808538081104487,38354
ADD_RUN_00432__v3,A2_20s,ADD_RUN_00432,BY2,ADDENDUM,D62_20s_seed_03,A2,seed_03,F03,AB0000,v3,error_series,semisynthetic,err_e_m,56642,56642,0,0,0,0,-0.18567049096064805,84.06857426468724,26537
ADD_RUN_00432__v3,A2_20s,ADD_RUN_00432,BY2,ADDENDUM,D62_20s_seed_03,A2,seed_03,F03,AB0000,v3,error_series,semisynthetic,err_u_m,56642,56642,0,0,0,0,-0.4430900600781822,5.3542021431638105,37105
ADD_RUN_00432__v3,A2_20s,ADD_RUN_00432,BY2,ADDENDUM,D62_20s_seed_03,A2,seed_03,F03,AB0000,v3,error_series,semisynthetic,horizontal_err_m,56642,56642,0,0,0,0,0.00032457302228820875,91.52848630993452,0
ADD_RUN_00432__v3,A2_20s,ADD_RUN_00432,BY2,ADDENDUM,D62_20s_seed_03,A2,seed_03,F03,AB0000,v3,error_series,semisynthetic,position_3d_err_m,56642,56642,0,0,0,0,0.0012349185707413155,91.68495670925374,0
ADD_RUN_00432__v3,A2_20s,ADD_RUN_00432,BY2,ADDENDUM,D62_20s_seed_03,A2,seed_03,F03,AB0000,v3,error_series,semisynthetic,roll_err_deg,56642,56642,0,0,0,0,-4.396087762563269,9.29125216029658,16410
ADD_RUN_00432__v3,A2_20s,ADD_RUN_00432,BY2,ADDENDUM,D62_20s_seed_03,A2,seed_03,F03,AB0000,v3,error_series,semisynthetic,pitch_err_deg,56642,56642,0,0,0,0,-9.987247511754447,8.452381553542637,37614
ADD_RUN_00432__v3,A2_20s,ADD_RUN_00432,BY2,ADDENDUM,D62_20s_seed_03,A2,seed_03,F03,AB0000,v3,error_series,semisynthetic,yaw_err_deg,56642,56642,0,0,0,0,-8.847379741238399,3.833385858265302,42219
ADD_RUN_00432__v3,A2_20s,ADD_RUN_00432,BY2,ADDENDUM,D62_20s_seed_03,A2,seed_03,F03,AB0000,v3,error_series,semisynthetic,horizontal_3sigma_m,56642,56642,0,0,0,0,0.0469311302178147,43.0765736091965,0
ADD_RUN_00432__v3,A2_20s,ADD_RUN_00432,BY2,ADDENDUM,D62_20s_seed_03,A2,seed_03,F03,AB0000,v3,error_series,semisynthetic,roll_3sigma_deg,56642,56642,0,0,0,0,0.400429842,6.0000398189999995,0
ADD_RUN_00432__v3,A2_20s,ADD_RUN_00432,BY2,ADDENDUM,D62_20s_seed_03,A2,seed_03,F03,AB0000,v3,error_series,semisynthetic,pitch_3sigma_deg,56642,56642,0,0,0,0,0.40778824199999997,6.0000398189999995,0
ADD_RUN_00432__v3,A2_20s,ADD_RUN_00432,BY2,ADDENDUM,D62_20s_seed_03,A2,seed_03,F03,AB0000,v3,error_series,semisynthetic,yaw_3sigma_deg,56642,56642,0,0,0,0,0.545023542,6.0000398189999995,0
ADD_RUN_00432__v2,A2_20s,ADD_RUN_00432,BY2,ADDENDUM,D62_20s_seed_03,A2,seed_03,F03,AB0000,v2,error_series,semisynthetic,time,56642,56642,0,0,0,0,66.005054,339.997056,0
ADD_RUN_00432__v2,A2_20s,ADD_RUN_00432,BY2,ADDENDUM,D62_20s_seed_03,A2,seed_03,F03,AB0000,v2,error_series,semisynthetic,err_n_m,56642,56642,0,0,0,0,-36.17262566370414,0.21944779831282624,28209
ADD_RUN_00432__v2,A2_20s,ADD_RUN_00432,BY2,ADDENDUM,D62_20s_seed_03,A2,seed_03,F03,AB0000,v2,error_series,semisynthetic,err_e_m,56642,56642,0,0,0,0,-0.22377828985278825,83.89537882454206,24651
ADD_RUN_00432__v2,A2_20s,ADD_RUN_00432,BY2,ADDENDUM,D62_20s_seed_03,A2,seed_03,F03,AB0000,v2,error_series,semisynthetic,err_u_m,56642,56642,0,0,0,0,-0.7441308949803922,5.067117587725704,54691
ADD_RUN_00432__v2,A2_20s,ADD_RUN_00432,BY2,ADDENDUM,D62_20s_seed_03,A2,seed_03,F03,AB0000,v2,error_series,semisynthetic,horizontal_err_m,56642,56642,0,0,0,0,0.008854553645558622,91.3613344666106,0
ADD_RUN_00432__v2,A2_20s,ADD_RUN_00432,BY2,ADDENDUM,D62_20s_seed_03,A2,seed_03,F03,AB0000,v2,error_series,semisynthetic,position_3d_err_m,56642,56642,0,0,0,0,0.15589719366793983,91.50174378757886,0
ADD_RUN_00432__v2,A2_20s,ADD_RUN_00432,BY2,ADDENDUM,D62_20s_seed_03,A2,seed_03,F03,AB0000,v2,error_series,semisynthetic,roll_err_deg,56642,56642,0,0,0,0,-4.396087762563269,9.29125216029658,16410
ADD_RUN_00432__v2,A2_20s,ADD_RUN_00432,BY2,ADDENDUM,D62_20s_seed_03,A2,seed_03,F03,AB0000,v2,error_series,semisynthetic,pitch_err_deg,56642,56642,0,0,0,0,-9.987247511754447,8.452381553542637,37614
ADD_RUN_00432__v2,A2_20s,ADD_RUN_00432,BY2,ADDENDUM,D62_20s_seed_03,A2,seed_03,F03,AB0000,v2,error_series,semisynthetic,yaw_err_deg,56642,56642,0,0,0,0,-8.847379741238399,3.833385858265302,42219
ADD_RUN_00432__v2,A2_20s,ADD_RUN_00432,BY2,ADDENDUM,D62_20s_seed_03,A2,seed_03,F03,AB0000,v2,error_series,semisynthetic,horizontal_3sigma_m,56642,56642,0,0,0,0,0.0469311302178147,43.0765736091965,0
ADD_RUN_00432__v2,A2_20s,ADD_RUN_00432,BY2,ADDENDUM,D62_20s_seed_03,A2,seed_03,F03,AB0000,v2,error_series,semisynthetic,roll_3sigma_deg,56642,56642,0,0,0,0,0.400429842,6.0000398189999995,0
ADD_RUN_00432__v2,A2_20s,ADD_RUN_00432,BY2,ADDENDUM,D62_20s_seed_03,A2,seed_03,F03,AB0000,v2,error_series,semisynthetic,pitch_3sigma_deg,56642,56642,0,0,0,0,0.40778824199999997,6.0000398189999995,0
ADD_RUN_00432__v2,A2_20s,ADD_RUN_00432,BY2,ADDENDUM,D62_20s_seed_03,A2,seed_03,F03,AB0000,v2,error_series,semisynthetic,yaw_3sigma_deg,56642,56642,0,0,0,0,0.545023542,6.0000398189999995,0
ADD_RUN_00433__v3,A2_20s,ADD_RUN_00433,BY2,ADDENDUM,D62_20s_seed_03,A2,seed_03,F04,AB1111,v3,error_series,semisynthetic,time,56642,56642,0,0,0,0,66.005054,339.997056,0
ADD_RUN_00433__v3,A2_20s,ADD_RUN_00433,BY2,ADDENDUM,D62_20s_seed_03,A2,seed_03,F04,AB1111,v3,error_series,semisynthetic,err_n_m,56642,56642,0,0,0,0,-0.42495842675701795,1.0496022206756024,33308
ADD_RUN_00433__v3,A2_20s,ADD_RUN_00433,BY2,ADDENDUM,D62_20s_seed_03,A2,seed_03,F04,AB1111,v3,error_series,semisynthetic,err_e_m,56642,56642,0,0,0,0,-0.18567049096064805,0.9205812724379285,27100
ADD_RUN_00433__v3,A2_20s,ADD_RUN_00433,BY2,ADDENDUM,D62_20s_seed_03,A2,seed_03,F04,AB1111,v3,error_series,semisynthetic,err_u_m,56642,56642,0,0,0,0,-0.4098949581555065,7.068863945252367,38218
ADD_RUN_00433__v3,A2_20s,ADD_RUN_00433,BY2,ADDENDUM,D62_20s_seed_03,A2,seed_03,F04,AB1111,v3,error_series,semisynthetic,horizontal_err_m,56642,56642,0,0,0,0,7.394428791593372e-05,1.3903503586812607,0
ADD_RUN_00433__v3,A2_20s,ADD_RUN_00433,BY2,ADDENDUM,D62_20s_seed_03,A2,seed_03,F04,AB1111,v3,error_series,semisynthetic,position_3d_err_m,56642,56642,0,0,0,0,0.0018043564820387368,7.204298133501554,0
ADD_RUN_00433__v3,A2_20s,ADD_RUN_00433,BY2,ADDENDUM,D62_20s_seed_03,A2,seed_03,F04,AB1111,v3,error_series,semisynthetic,roll_err_deg,56642,56642,0,0,0,0,-4.086152222563271,6.869946312296577,19310
ADD_RUN_00433__v3,A2_20s,ADD_RUN_00433,BY2,ADDENDUM,D62_20s_seed_03,A2,seed_03,F04,AB1111,v3,error_series,semisynthetic,pitch_err_deg,56642,56642,0,0,0,0,-8.568228769754455,8.513640839542632,37204
ADD_RUN_00433__v3,A2_20s,ADD_RUN_00433,BY2,ADDENDUM,D62_20s_seed_03,A2,seed_03,F04,AB1111,v3,error_series,semisynthetic,yaw_err_deg,56642,56642,0,0,0,0,-8.767565275238411,3.8365388762653083,42186
ADD_RUN_00433__v3,A2_20s,ADD_RUN_00433,BY2,ADDENDUM,D62_20s_seed_03,A2,seed_03,F04,AB1111,v3,error_series,semisynthetic,horizontal_3sigma_m,56642,56642,0,0,0,0,0.0456788111848514,42.43457969268709,0
ADD_RUN_00433__v3,A2_20s,ADD_RUN_00433,BY2,ADDENDUM,D62_20s_seed_03,A2,seed_03,F04,AB1111,v3,error_series,semisynthetic,roll_3sigma_deg,56642,56642,0,0,0,0,0.322797831,6.0000398189999995,0
ADD_RUN_00433__v3,A2_20s,ADD_RUN_00433,BY2,ADDENDUM,D62_20s_seed_03,A2,seed_03,F04,AB1111,v3,error_series,semisynthetic,pitch_3sigma_deg,56642,56642,0,0,0,0,0.324712884,6.0000398189999995,0
ADD_RUN_00433__v3,A2_20s,ADD_RUN_00433,BY2,ADDENDUM,D62_20s_seed_03,A2,seed_03,F04,AB1111,v3,error_series,semisynthetic,yaw_3sigma_deg,56642,56642,0,0,0,0,0.544817109,6.0000398189999995,0
ADD_RUN_00433__v2,A2_20s,ADD_RUN_00433,BY2,ADDENDUM,D62_20s_seed_03,A2,seed_03,F04,AB1111,v2,error_series,semisynthetic,time,56642,56642,0,0,0,0,66.005054,339.997056,0
ADD_RUN_00433__v2,A2_20s,ADD_RUN_00433,BY2,ADDENDUM,D62_20s_seed_03,A2,seed_03,F04,AB1111,v2,error_series,semisynthetic,err_n_m,56642,56642,0,0,0,0,-0.4534930991605105,1.0615168189744821,25238
ADD_RUN_00433__v2,A2_20s,ADD_RUN_00433,BY2,ADDENDUM,D62_20s_seed_03,A2,seed_03,F04,AB1111,v2,error_series,semisynthetic,err_e_m,56642,56642,0,0,0,0,-0.2158348743199099,0.7547481116956334,24883
ADD_RUN_00433__v2,A2_20s,ADD_RUN_00433,BY2,ADDENDUM,D62_20s_seed_03,A2,seed_03,F04,AB1111,v2,error_series,semisynthetic,err_u_m,56642,56642,0,0,0,0,-0.711066829629349,6.776962232573116,54540
ADD_RUN_00433__v2,A2_20s,ADD_RUN_00433,BY2,ADDENDUM,D62_20s_seed_03,A2,seed_03,F04,AB1111,v2,error_series,semisynthetic,horizontal_err_m,56642,56642,0,0,0,0,0.013466074631398437,1.2956394800063646,0
ADD_RUN_00433__v2,A2_20s,ADD_RUN_00433,BY2,ADDENDUM,D62_20s_seed_03,A2,seed_03,F04,AB1111,v2,error_series,semisynthetic,position_3d_err_m,56642,56642,0,0,0,0,0.15882593903586492,6.899702802575887,0
ADD_RUN_00433__v2,A2_20s,ADD_RUN_00433,BY2,ADDENDUM,D62_20s_seed_03,A2,seed_03,F04,AB1111,v2,error_series,semisynthetic,roll_err_deg,56642,56642,0,0,0,0,-4.086152222563271,6.869946312296577,19310
ADD_RUN_00433__v2,A2_20s,ADD_RUN_00433,BY2,ADDENDUM,D62_20s_seed_03,A2,seed_03,F04,AB1111,v2,error_series,semisynthetic,pitch_err_deg,56642,56642,0,0,0,0,-8.568228769754455,8.513640839542632,37204
ADD_RUN_00433__v2,A2_20s,ADD_RUN_00433,BY2,ADDENDUM,D62_20s_seed_03,A2,seed_03,F04,AB1111,v2,error_series,semisynthetic,yaw_err_deg,56642,56642,0,0,0,0,-8.767565275238411,3.8365388762653083,42186
ADD_RUN_00433__v2,A2_20s,ADD_RUN_00433,BY2,ADDENDUM,D62_20s_seed_03,A2,seed_03,F04,AB1111,v2,error_series,semisynthetic,horizontal_3sigma_m,56642,56642,0,0,0,0,0.0456788111848514,42.43457969268709,0
ADD_RUN_00433__v2,A2_20s,ADD_RUN_00433,BY2,ADDENDUM,D62_20s_seed_03,A2,seed_03,F04,AB1111,v2,error_series,semisynthetic,roll_3sigma_deg,56642,56642,0,0,0,0,0.322797831,6.0000398189999995,0
ADD_RUN_00433__v2,A2_20s,ADD_RUN_00433,BY2,ADDENDUM,D62_20s_seed_03,A2,seed_03,F04,AB1111,v2,error_series,semisynthetic,pitch_3sigma_deg,56642,56642,0,0,0,0,0.324712884,6.0000398189999995,0
ADD_RUN_00433__v2,A2_20s,ADD_RUN_00433,BY2,ADDENDUM,D62_20s_seed_03,A2,seed_03,F04,AB1111,v2,error_series,semisynthetic,yaw_3sigma_deg,56642,56642,0,0,0,0,0.544817109,6.0000398189999995,0
ADD_RUN_00434__v3,A2_20s,ADD_RUN_00434,BY2,ADDENDUM,D62_20s_seed_03,A2,seed_03,A03,AB0111,v3,error_series,semisynthetic,time,56642,56642,0,0,0,0,66.005054,339.997056,0
ADD_RUN_00434__v3,A2_20s,ADD_RUN_00434,BY2,ADDENDUM,D62_20s_seed_03,A2,seed_03,A03,AB0111,v3,error_series,semisynthetic,err_n_m,56642,56642,0,0,0,0,-0.42495842675701795,1.0571578331849238,33411
ADD_RUN_00434__v3,A2_20s,ADD_RUN_00434,BY2,ADDENDUM,D62_20s_seed_03,A2,seed_03,A03,AB0111,v3,error_series,semisynthetic,err_e_m,56642,56642,0,0,0,0,-0.18567049096064805,0.9250224357271009,27127
ADD_RUN_00434__v3,A2_20s,ADD_RUN_00434,BY2,ADDENDUM,D62_20s_seed_03,A2,seed_03,A03,AB0111,v3,error_series,semisynthetic,err_u_m,56642,56642,0,0,0,0,-0.41096729780006314,7.040916948619341,38524
ADD_RUN_00434__v3,A2_20s,ADD_RUN_00434,BY2,ADDENDUM,D62_20s_seed_03,A2,seed_03,A03,AB0111,v3,error_series,semisynthetic,horizontal_err_m,56642,56642,0,0,0,0,0.00015674488313472586,1.3989540643607548,0
ADD_RUN_00434__v3,A2_20s,ADD_RUN_00434,BY2,ADDENDUM,D62_20s_seed_03,A2,seed_03,A03,AB0111,v3,error_series,semisynthetic,position_3d_err_m,56642,56642,0,0,0,0,0.002705803481292857,7.178550268093591,0
ADD_RUN_00434__v3,A2_20s,ADD_RUN_00434,BY2,ADDENDUM,D62_20s_seed_03,A2,seed_03,A03,AB0111,v3,error_series,semisynthetic,roll_err_deg,56642,56642,0,0,0,0,-4.086950923563279,6.868391277296581,19309
ADD_RUN_00434__v3,A2_20s,ADD_RUN_00434,BY2,ADDENDUM,D62_20s_seed_03,A2,seed_03,A03,AB0111,v3,error_series,semisynthetic,pitch_err_deg,56642,56642,0,0,0,0,-8.568498599754463,8.511179691542623,37212
ADD_RUN_00434__v3,A2_20s,ADD_RUN_00434,BY2,ADDENDUM,D62_20s_seed_03,A2,seed_03,A03,AB0111,v3,error_series,semisynthetic,yaw_err_deg,56642,56642,0,0,0,0,-8.7703126122384,3.8369242472653013,42120
ADD_RUN_00434__v3,A2_20s,ADD_RUN_00434,BY2,ADDENDUM,D62_20s_seed_03,A2,seed_03,A03,AB0111,v3,error_series,semisynthetic,horizontal_3sigma_m,56642,56642,0,0,0,0,0.046018764879759144,42.43457969268709,0
ADD_RUN_00434__v3,A2_20s,ADD_RUN_00434,BY2,ADDENDUM,D62_20s_seed_03,A2,seed_03,A03,AB0111,v3,error_series,semisynthetic,roll_3sigma_deg,56642,56642,0,0,0,0,0.322807059,6.0000398189999995,0
ADD_RUN_00434__v3,A2_20s,ADD_RUN_00434,BY2,ADDENDUM,D62_20s_seed_03,A2,seed_03,A03,AB0111,v3,error_series,semisynthetic,pitch_3sigma_deg,56642,56642,0,0,0,0,0.324721902,6.0000398189999995,0
ADD_RUN_00434__v3,A2_20s,ADD_RUN_00434,BY2,ADDENDUM,D62_20s_seed_03,A2,seed_03,A03,AB0111,v3,error_series,semisynthetic,yaw_3sigma_deg,56642,56642,0,0,0,0,0.544880601,6.0000398189999995,0
ADD_RUN_00434__v2,A2_20s,ADD_RUN_00434,BY2,ADDENDUM,D62_20s_seed_03,A2,seed_03,A03,AB0111,v2,error_series,semisynthetic,time,56642,56642,0,0,0,0,66.005054,339.997056,0
ADD_RUN_00434__v2,A2_20s,ADD_RUN_00434,BY2,ADDENDUM,D62_20s_seed_03,A2,seed_03,A03,AB0111,v2,error_series,semisynthetic,err_n_m,56642,56642,0,0,0,0,-0.4534930991605105,1.0690673500911316,25434
ADD_RUN_00434__v2,A2_20s,ADD_RUN_00434,BY2,ADDENDUM,D62_20s_seed_03,A2,seed_03,A03,AB0111,v2,error_series,semisynthetic,err_e_m,56642,56642,0,0,0,0,-0.21805560164143856,0.7591900125000706,24647
ADD_RUN_00434__v2,A2_20s,ADD_RUN_00434,BY2,ADDENDUM,D62_20s_seed_03,A2,seed_03,A03,AB0111,v2,error_series,semisynthetic,err_u_m,56642,56642,0,0,0,0,-0.7119558984820937,6.7490146264240245,54544
ADD_RUN_00434__v2,A2_20s,ADD_RUN_00434,BY2,ADDENDUM,D62_20s_seed_03,A2,seed_03,A03,AB0111,v2,error_series,semisynthetic,horizontal_err_m,56642,56642,0,0,0,0,0.01346607535574748,1.3043644017399931,0
ADD_RUN_00434__v2,A2_20s,ADD_RUN_00434,BY2,ADDENDUM,D62_20s_seed_03,A2,seed_03,A03,AB0111,v2,error_series,semisynthetic,position_3d_err_m,56642,56642,0,0,0,0,0.15974108280452196,6.873904634209872,0
ADD_RUN_00434__v2,A2_20s,ADD_RUN_00434,BY2,ADDENDUM,D62_20s_seed_03,A2,seed_03,A03,AB0111,v2,error_series,semisynthetic,roll_err_deg,56642,56642,0,0,0,0,-4.086950923563279,6.868391277296581,19309
ADD_RUN_00434__v2,A2_20s,ADD_RUN_00434,BY2,ADDENDUM,D62_20s_seed_03,A2,seed_03,A03,AB0111,v2,error_series,semisynthetic,pitch_err_deg,56642,56642,0,0,0,0,-8.568498599754463,8.511179691542623,37212
ADD_RUN_00434__v2,A2_20s,ADD_RUN_00434,BY2,ADDENDUM,D62_20s_seed_03,A2,seed_03,A03,AB0111,v2,error_series,semisynthetic,yaw_err_deg,56642,56642,0,0,0,0,-8.7703126122384,3.8369242472653013,42120
ADD_RUN_00434__v2,A2_20s,ADD_RUN_00434,BY2,ADDENDUM,D62_20s_seed_03,A2,seed_03,A03,AB0111,v2,error_series,semisynthetic,horizontal_3sigma_m,56642,56642,0,0,0,0,0.046018764879759144,42.43457969268709,0
ADD_RUN_00434__v2,A2_20s,ADD_RUN_00434,BY2,ADDENDUM,D62_20s_seed_03,A2,seed_03,A03,AB0111,v2,error_series,semisynthetic,roll_3sigma_deg,56642,56642,0,0,0,0,0.322807059,6.0000398189999995,0
ADD_RUN_00434__v2,A2_20s,ADD_RUN_00434,BY2,ADDENDUM,D62_20s_seed_03,A2,seed_03,A03,AB0111,v2,error_series,semisynthetic,pitch_3sigma_deg,56642,56642,0,0,0,0,0.324721902,6.0000398189999995,0
ADD_RUN_00434__v2,A2_20s,ADD_RUN_00434,BY2,ADDENDUM,D62_20s_seed_03,A2,seed_03,A03,AB0111,v2,error_series,semisynthetic,yaw_3sigma_deg,56642,56642,0,0,0,0,0.544880601,6.0000398189999995,0
ADD_RUN_00435__v3,A2_20s,ADD_RUN_00435,BY2,ADDENDUM,D62_20s_seed_03,A2,seed_03,A04,AB1011,v3,error_series,semisynthetic,time,56642,56642,0,0,0,0,66.005054,339.997056,0
ADD_RUN_00435__v3,A2_20s,ADD_RUN_00435,BY2,ADDENDUM,D62_20s_seed_03,A2,seed_03,A04,AB1011,v3,error_series,semisynthetic,err_n_m,56642,56642,0,0,0,0,-0.42495842675701795,1.0509865837444607,32869
ADD_RUN_00435__v3,A2_20s,ADD_RUN_00435,BY2,ADDENDUM,D62_20s_seed_03,A2,seed_03,A04,AB1011,v3,error_series,semisynthetic,err_e_m,56642,56642,0,0,0,0,-0.18567049096064805,0.8804897012714434,27956
ADD_RUN_00435__v3,A2_20s,ADD_RUN_00435,BY2,ADDENDUM,D62_20s_seed_03,A2,seed_03,A04,AB1011,v3,error_series,semisynthetic,err_u_m,56642,56642,0,0,0,0,-0.4054468076954816,7.1719032832471115,38318
ADD_RUN_00435__v3,A2_20s,ADD_RUN_00435,BY2,ADDENDUM,D62_20s_seed_03,A2,seed_03,A04,AB1011,v3,error_series,semisynthetic,horizontal_err_m,56642,56642,0,0,0,0,0.0003007188664406596,1.3688489476705266,0
ADD_RUN_00435__v3,A2_20s,ADD_RUN_00435,BY2,ADDENDUM,D62_20s_seed_03,A2,seed_03,A04,AB1011,v3,error_series,semisynthetic,position_3d_err_m,56642,56642,0,0,0,0,0.0018880529824719095,7.301365909594547,0
ADD_RUN_00435__v3,A2_20s,ADD_RUN_00435,BY2,ADDENDUM,D62_20s_seed_03,A2,seed_03,A04,AB1011,v3,error_series,semisynthetic,roll_err_deg,56642,56642,0,0,0,0,-3.9438510975632823,6.5617208431394545,19956
ADD_RUN_00435__v3,A2_20s,ADD_RUN_00435,BY2,ADDENDUM,D62_20s_seed_03,A2,seed_03,A04,AB1011,v3,error_series,semisynthetic,pitch_err_deg,56642,56642,0,0,0,0,-8.22203070875446,8.498578684542622,37056
ADD_RUN_00435__v3,A2_20s,ADD_RUN_00435,BY2,ADDENDUM,D62_20s_seed_03,A2,seed_03,A04,AB1011,v3,error_series,semisynthetic,yaw_err_deg,56642,56642,0,0,0,0,-8.774390575238414,3.833049205265297,42235
ADD_RUN_00435__v3,A2_20s,ADD_RUN_00435,BY2,ADDENDUM,D62_20s_seed_03,A2,seed_03,A04,AB1011,v3,error_series,semisynthetic,horizontal_3sigma_m,56642,56642,0,0,0,0,0.0449262908069618,42.43457969268709,0
ADD_RUN_00435__v3,A2_20s,ADD_RUN_00435,BY2,ADDENDUM,D62_20s_seed_03,A2,seed_03,A04,AB1011,v3,error_series,semisynthetic,roll_3sigma_deg,56642,56642,0,0,0,0,0.302972832,6.0000398189999995,0
ADD_RUN_00435__v3,A2_20s,ADD_RUN_00435,BY2,ADDENDUM,D62_20s_seed_03,A2,seed_03,A04,AB1011,v3,error_series,semisynthetic,pitch_3sigma_deg,56642,56642,0,0,0,0,0.304141608,6.0000398189999995,0
ADD_RUN_00435__v3,A2_20s,ADD_RUN_00435,BY2,ADDENDUM,D62_20s_seed_03,A2,seed_03,A04,AB1011,v3,error_series,semisynthetic,yaw_3sigma_deg,56642,56642,0,0,0,0,0.544679058,6.0000398189999995,0
ADD_RUN_00435__v2,A2_20s,ADD_RUN_00435,BY2,ADDENDUM,D62_20s_seed_03,A2,seed_03,A04,AB1011,v2,error_series,semisynthetic,time,56642,56642,0,0,0,0,66.005054,339.997056,0
ADD_RUN_00435__v2,A2_20s,ADD_RUN_00435,BY2,ADDENDUM,D62_20s_seed_03,A2,seed_03,A04,AB1011,v2,error_series,semisynthetic,err_n_m,56642,56642,0,0,0,0,-0.4534930991605105,1.0615164585579748,25041
ADD_RUN_00435__v2,A2_20s,ADD_RUN_00435,BY2,ADDENDUM,D62_20s_seed_03,A2,seed_03,A04,AB1011,v2,error_series,semisynthetic,err_e_m,56642,56642,0,0,0,0,-0.21089642084939442,0.7155420475729386,25468
ADD_RUN_00435__v2,A2_20s,ADD_RUN_00435,BY2,ADDENDUM,D62_20s_seed_03,A2,seed_03,A04,AB1011,v2,error_series,semisynthetic,err_u_m,56642,56642,0,0,0,0,-0.706134393309604,6.8794430948517515,54527
ADD_RUN_00435__v2,A2_20s,ADD_RUN_00435,BY2,ADDENDUM,D62_20s_seed_03,A2,seed_03,A04,AB1011,v2,error_series,semisynthetic,horizontal_err_m,56642,56642,0,0,0,0,0.013648141638839643,1.2769674570275338,0
ADD_RUN_00435__v2,A2_20s,ADD_RUN_00435,BY2,ADDENDUM,D62_20s_seed_03,A2,seed_03,A04,AB1011,v2,error_series,semisynthetic,position_3d_err_m,56642,56642,0,0,0,0,0.16095236276665018,6.996955279377653,0
ADD_RUN_00435__v2,A2_20s,ADD_RUN_00435,BY2,ADDENDUM,D62_20s_seed_03,A2,seed_03,A04,AB1011,v2,error_series,semisynthetic,roll_err_deg,56642,56642,0,0,0,0,-3.9438510975632823,6.5617208431394545,19956
ADD_RUN_00435__v2,A2_20s,ADD_RUN_00435,BY2,ADDENDUM,D62_20s_seed_03,A2,seed_03,A04,AB1011,v2,error_series,semisynthetic,pitch_err_deg,56642,56642,0,0,0,0,-8.22203070875446,8.498578684542622,37056
ADD_RUN_00435__v2,A2_20s,ADD_RUN_00435,BY2,ADDENDUM,D62_20s_seed_03,A2,seed_03,A04,AB1011,v2,error_series,semisynthetic,yaw_err_deg,56642,56642,0,0,0,0,-8.774390575238414,3.833049205265297,42235
ADD_RUN_00435__v2,A2_20s,ADD_RUN_00435,BY2,ADDENDUM,D62_20s_seed_03,A2,seed_03,A04,AB1011,v2,error_series,semisynthetic,horizontal_3sigma_m,56642,56642,0,0,0,0,0.0449262908069618,42.43457969268709,0
ADD_RUN_00435__v2,A2_20s,ADD_RUN_00435,BY2,ADDENDUM,D62_20s_seed_03,A2,seed_03,A04,AB1011,v2,error_series,semisynthetic,roll_3sigma_deg,56642,56642,0,0,0,0,0.302972832,6.0000398189999995,0
ADD_RUN_00435__v2,A2_20s,ADD_RUN_00435,BY2,ADDENDUM,D62_20s_seed_03,A2,seed_03,A04,AB1011,v2,error_series,semisynthetic,pitch_3sigma_deg,56642,56642,0,0,0,0,0.304141608,6.0000398189999995,0
ADD_RUN_00435__v2,A2_20s,ADD_RUN_00435,BY2,ADDENDUM,D62_20s_seed_03,A2,seed_03,A04,AB1011,v2,error_series,semisynthetic,yaw_3sigma_deg,56642,56642,0,0,0,0,0.544679058,6.0000398189999995,0
ADD_RUN_00436__v3,A2_20s,ADD_RUN_00436,BY2,ADDENDUM,D62_20s_seed_03,A2,seed_03,A05,AB1101,v3,error_series,semisynthetic,time,56642,56642,0,0,0,0,66.005054,339.997056,0
ADD_RUN_00436__v3,A2_20s,ADD_RUN_00436,BY2,ADDENDUM,D62_20s_seed_03,A2,seed_03,A05,AB1101,v3,error_series,semisynthetic,err_n_m,56642,56642,0,0,0,0,-0.42495842675701795,1.0356801264397362,34938
ADD_RUN_00436__v3,A2_20s,ADD_RUN_00436,BY2,ADDENDUM,D62_20s_seed_03,A2,seed_03,A05,AB1101,v3,error_series,semisynthetic,err_e_m,56642,56642,0,0,0,0,-0.18567049096064805,0.9102116049429299,26898
ADD_RUN_00436__v3,A2_20s,ADD_RUN_00436,BY2,ADDENDUM,D62_20s_seed_03,A2,seed_03,A05,AB1101,v3,error_series,semisynthetic,err_u_m,56642,56642,0,0,0,0,-0.3589541683878945,7.223020800711637,36542
ADD_RUN_00436__v3,A2_20s,ADD_RUN_00436,BY2,ADDENDUM,D62_20s_seed_03,A2,seed_03,A05,AB1101,v3,error_series,semisynthetic,horizontal_err_m,56642,56642,0,0,0,0,0.00015089662100939172,1.3691797951758258,0
ADD_RUN_00436__v3,A2_20s,ADD_RUN_00436,BY2,ADDENDUM,D62_20s_seed_03,A2,seed_03,A05,AB1101,v3,error_series,semisynthetic,position_3d_err_m,56642,56642,0,0,0,0,0.0018633639513037615,7.351644904307519,0
ADD_RUN_00436__v3,A2_20s,ADD_RUN_00436,BY2,ADDENDUM,D62_20s_seed_03,A2,seed_03,A05,AB1101,v3,error_series,semisynthetic,roll_err_deg,56642,56642,0,0,0,0,-4.380143668563278,9.284009972296587,16189
ADD_RUN_00436__v3,A2_20s,ADD_RUN_00436,BY2,ADDENDUM,D62_20s_seed_03,A2,seed_03,A05,AB1101,v3,error_series,semisynthetic,pitch_err_deg,56642,56642,0,0,0,0,-9.983351242754452,8.448945113542635,37571
ADD_RUN_00436__v3,A2_20s,ADD_RUN_00436,BY2,ADDENDUM,D62_20s_seed_03,A2,seed_03,A05,AB1101,v3,error_series,semisynthetic,yaw_err_deg,56642,56642,0,0,0,0,-8.83860827023841,3.810420070265309,42287
ADD_RUN_00436__v3,A2_20s,ADD_RUN_00436,BY2,ADDENDUM,D62_20s_seed_03,A2,seed_03,A05,AB1101,v3,error_series,semisynthetic,horizontal_3sigma_m,56642,56642,0,0,0,0,0.04572219353110632,42.43457969268709,0
ADD_RUN_00436__v3,A2_20s,ADD_RUN_00436,BY2,ADDENDUM,D62_20s_seed_03,A2,seed_03,A05,AB1101,v3,error_series,semisynthetic,roll_3sigma_deg,56642,56642,0,0,0,0,0.400319934,6.0000398189999995,0
ADD_RUN_00436__v3,A2_20s,ADD_RUN_00436,BY2,ADDENDUM,D62_20s_seed_03,A2,seed_03,A05,AB1101,v3,error_series,semisynthetic,pitch_3sigma_deg,56642,56642,0,0,0,0,0.407685156,6.0000398189999995,0
ADD_RUN_00436__v3,A2_20s,ADD_RUN_00436,BY2,ADDENDUM,D62_20s_seed_03,A2,seed_03,A05,AB1101,v3,error_series,semisynthetic,yaw_3sigma_deg,56642,56642,0,0,0,0,0.545025531,6.0000398189999995,0
ADD_RUN_00436__v2,A2_20s,ADD_RUN_00436,BY2,ADDENDUM,D62_20s_seed_03,A2,seed_03,A05,AB1101,v2,error_series,semisynthetic,time,56642,56642,0,0,0,0,66.005054,339.997056,0
ADD_RUN_00436__v2,A2_20s,ADD_RUN_00436,BY2,ADDENDUM,D62_20s_seed_03,A2,seed_03,A05,AB1101,v2,error_series,semisynthetic,err_n_m,56642,56642,0,0,0,0,-0.4534930991605105,1.0528594377603966,24902
ADD_RUN_00436__v2,A2_20s,ADD_RUN_00436,BY2,ADDENDUM,D62_20s_seed_03,A2,seed_03,A05,AB1101,v2,error_series,semisynthetic,err_e_m,56642,56642,0,0,0,0,-0.21542331550037375,0.7411654458275336,26002
ADD_RUN_00436__v2,A2_20s,ADD_RUN_00436,BY2,ADDENDUM,D62_20s_seed_03,A2,seed_03,A05,AB1101,v2,error_series,semisynthetic,err_u_m,56642,56642,0,0,0,0,-0.6636919004668727,6.933281293845994,54476
ADD_RUN_00436__v2,A2_20s,ADD_RUN_00436,BY2,ADDENDUM,D62_20s_seed_03,A2,seed_03,A05,AB1101,v2,error_series,semisynthetic,horizontal_err_m,56642,56642,0,0,0,0,0.008272324092626352,1.2773527256574788,0
ADD_RUN_00436__v2,A2_20s,ADD_RUN_00436,BY2,ADDENDUM,D62_20s_seed_03,A2,seed_03,A05,AB1101,v2,error_series,semisynthetic,position_3d_err_m,56642,56642,0,0,0,0,0.15658353320583415,7.049965920863686,0
ADD_RUN_00436__v2,A2_20s,ADD_RUN_00436,BY2,ADDENDUM,D62_20s_seed_03,A2,seed_03,A05,AB1101,v2,error_series,semisynthetic,roll_err_deg,56642,56642,0,0,0,0,-4.380143668563278,9.284009972296587,16189
ADD_RUN_00436__v2,A2_20s,ADD_RUN_00436,BY2,ADDENDUM,D62_20s_seed_03,A2,seed_03,A05,AB1101,v2,error_series,semisynthetic,pitch_err_deg,56642,56642,0,0,0,0,-9.983351242754452,8.448945113542635,37571
ADD_RUN_00436__v2,A2_20s,ADD_RUN_00436,BY2,ADDENDUM,D62_20s_seed_03,A2,seed_03,A05,AB1101,v2,error_series,semisynthetic,yaw_err_deg,56642,56642,0,0,0,0,-8.83860827023841,3.810420070265309,42287
ADD_RUN_00436__v2,A2_20s,ADD_RUN_00436,BY2,ADDENDUM,D62_20s_seed_03,A2,seed_03,A05,AB1101,v2,error_series,semisynthetic,horizontal_3sigma_m,56642,56642,0,0,0,0,0.04572219353110632,42.43457969268709,0
ADD_RUN_00436__v2,A2_20s,ADD_RUN_00436,BY2,ADDENDUM,D62_20s_seed_03,A2,seed_03,A05,AB1101,v2,error_series,semisynthetic,roll_3sigma_deg,56642,56642,0,0,0,0,0.400319934,6.0000398189999995,0
ADD_RUN_00436__v2,A2_20s,ADD_RUN_00436,BY2,ADDENDUM,D62_20s_seed_03,A2,seed_03,A05,AB1101,v2,error_series,semisynthetic,pitch_3sigma_deg,56642,56642,0,0,0,0,0.407685156,6.0000398189999995,0
ADD_RUN_00436__v2,A2_20s,ADD_RUN_00436,BY2,ADDENDUM,D62_20s_seed_03,A2,seed_03,A05,AB1101,v2,error_series,semisynthetic,yaw_3sigma_deg,56642,56642,0,0,0,0,0.545025531,6.0000398189999995,0
ADD_RUN_00437__v3,A2_20s,ADD_RUN_00437,BY2,ADDENDUM,D62_20s_seed_03,A2,seed_03,A06,AB1110,v3,error_series,semisynthetic,time,56642,56642,0,0,0,0,66.005054,339.997056,0
ADD_RUN_00437__v3,A2_20s,ADD_RUN_00437,BY2,ADDENDUM,D62_20s_seed_03,A2,seed_03,A06,AB1110,v3,error_series,semisynthetic,err_n_m,56642,56642,0,0,0,0,-17.833556162043564,0.18504894421365492,36502
ADD_RUN_00437__v3,A2_20s,ADD_RUN_00437,BY2,ADDENDUM,D62_20s_seed_03,A2,seed_03,A06,AB1110,v3,error_series,semisynthetic,err_e_m,56642,56642,0,0,0,0,-0.18567049096064805,66.99781277941956,26751
ADD_RUN_00437__v3,A2_20s,ADD_RUN_00437,BY2,ADDENDUM,D62_20s_seed_03,A2,seed_03,A06,AB1110,v3,error_series,semisynthetic,err_u_m,56642,56642,0,0,0,0,-0.4845181666722258,6.174781987908474,38370
ADD_RUN_00437__v3,A2_20s,ADD_RUN_00437,BY2,ADDENDUM,D62_20s_seed_03,A2,seed_03,A06,AB1110,v3,error_series,semisynthetic,horizontal_err_m,56642,56642,0,0,0,0,0.0004254643792734839,69.33067605765083,0
ADD_RUN_00437__v3,A2_20s,ADD_RUN_00437,BY2,ADDENDUM,D62_20s_seed_03,A2,seed_03,A06,AB1110,v3,error_series,semisynthetic,position_3d_err_m,56642,56642,0,0,0,0,0.0018831953333796306,69.60510451977726,0
ADD_RUN_00437__v3,A2_20s,ADD_RUN_00437,BY2,ADDENDUM,D62_20s_seed_03,A2,seed_03,A06,AB1110,v3,error_series,semisynthetic,roll_err_deg,56642,56642,0,0,0,0,-4.088772287563273,6.8693507102965725,19464
ADD_RUN_00437__v3,A2_20s,ADD_RUN_00437,BY2,ADDENDUM,D62_20s_seed_03,A2,seed_03,A06,AB1110,v3,error_series,semisynthetic,pitch_err_deg,56642,56642,0,0,0,0,-8.565429603754467,8.516099713542644,37216
ADD_RUN_00437__v3,A2_20s,ADD_RUN_00437,BY2,ADDENDUM,D62_20s_seed_03,A2,seed_03,A06,AB1110,v3,error_series,semisynthetic,yaw_err_deg,56642,56642,0,0,0,0,-8.765310157238417,3.843817284265299,42179
ADD_RUN_00437__v3,A2_20s,ADD_RUN_00437,BY2,ADDENDUM,D62_20s_seed_03,A2,seed_03,A06,AB1110,v3,error_series,semisynthetic,horizontal_3sigma_m,56642,56642,0,0,0,0,0.04652759406408223,42.43457969268709,0
ADD_RUN_00437__v3,A2_20s,ADD_RUN_00437,BY2,ADDENDUM,D62_20s_seed_03,A2,seed_03,A06,AB1110,v3,error_series,semisynthetic,roll_3sigma_deg,56642,56642,0,0,0,0,0.32282875499999997,6.0000398189999995,0
ADD_RUN_00437__v3,A2_20s,ADD_RUN_00437,BY2,ADDENDUM,D62_20s_seed_03,A2,seed_03,A06,AB1110,v3,error_series,semisynthetic,pitch_3sigma_deg,56642,56642,0,0,0,0,0.324740514,6.0000398189999995,0
ADD_RUN_00437__v3,A2_20s,ADD_RUN_00437,BY2,ADDENDUM,D62_20s_seed_03,A2,seed_03,A06,AB1110,v3,error_series,semisynthetic,yaw_3sigma_deg,56642,56642,0,0,0,0,0.544871175,6.0000398189999995,0
ADD_RUN_00437__v2,A2_20s,ADD_RUN_00437,BY2,ADDENDUM,D62_20s_seed_03,A2,seed_03,A06,AB1110,v2,error_series,semisynthetic,time,56642,56642,0,0,0,0,66.005054,339.997056,0
ADD_RUN_00437__v2,A2_20s,ADD_RUN_00437,BY2,ADDENDUM,D62_20s_seed_03,A2,seed_03,A06,AB1110,v2,error_series,semisynthetic,err_n_m,56642,56642,0,0,0,0,-17.821195821100687,0.22246372261314384,28330
ADD_RUN_00437__v2,A2_20s,ADD_RUN_00437,BY2,ADDENDUM,D62_20s_seed_03,A2,seed_03,A06,AB1110,v2,error_series,semisynthetic,err_e_m,56642,56642,0,0,0,0,-0.22164298945870087,66.83030447151522,24143
ADD_RUN_00437__v2,A2_20s,ADD_RUN_00437,BY2,ADDENDUM,D62_20s_seed_03,A2,seed_03,A06,AB1110,v2,error_series,semisynthetic,err_u_m,56642,56642,0,0,0,0,-0.7833201245166439,5.8838858948351245,54695
ADD_RUN_00437__v2,A2_20s,ADD_RUN_00437,BY2,ADDENDUM,D62_20s_seed_03,A2,seed_03,A06,AB1110,v2,error_series,semisynthetic,horizontal_err_m,56642,56642,0,0,0,0,0.011136797503535372,69.16563175630975,0
ADD_RUN_00437__v2,A2_20s,ADD_RUN_00437,BY2,ADDENDUM,D62_20s_seed_03,A2,seed_03,A06,AB1110,v2,error_series,semisynthetic,position_3d_err_m,56642,56642,0,0,0,0,0.1568410368989146,69.4154502216393,0
ADD_RUN_00437__v2,A2_20s,ADD_RUN_00437,BY2,ADDENDUM,D62_20s_seed_03,A2,seed_03,A06,AB1110,v2,error_series,semisynthetic,roll_err_deg,56642,56642,0,0,0,0,-4.088772287563273,6.8693507102965725,19464
ADD_RUN_00437__v2,A2_20s,ADD_RUN_00437,BY2,ADDENDUM,D62_20s_seed_03,A2,seed_03,A06,AB1110,v2,error_series,semisynthetic,pitch_err_deg,56642,56642,0,0,0,0,-8.565429603754467,8.516099713542644,37216
ADD_RUN_00437__v2,A2_20s,ADD_RUN_00437,BY2,ADDENDUM,D62_20s_seed_03,A2,seed_03,A06,AB1110,v2,error_series,semisynthetic,yaw_err_deg,56642,56642,0,0,0,0,-8.765310157238417,3.843817284265299,42179
ADD_RUN_00437__v2,A2_20s,ADD_RUN_00437,BY2,ADDENDUM,D62_20s_seed_03,A2,seed_03,A06,AB1110,v2,error_series,semisynthetic,horizontal_3sigma_m,56642,56642,0,0,0,0,0.04652759406408223,42.43457969268709,0
ADD_RUN_00437__v2,A2_20s,ADD_RUN_00437,BY2,ADDENDUM,D62_20s_seed_03,A2,seed_03,A06,AB1110,v2,error_series,semisynthetic,roll_3sigma_deg,56642,56642,0,0,0,0,0.32282875499999997,6.0000398189999995,0
ADD_RUN_00437__v2,A2_20s,ADD_RUN_00437,BY2,ADDENDUM,D62_20s_seed_03,A2,seed_03,A06,AB1110,v2,error_series,semisynthetic,pitch_3sigma_deg,56642,56642,0,0,0,0,0.324740514,6.0000398189999995,0
ADD_RUN_00437__v2,A2_20s,ADD_RUN_00437,BY2,ADDENDUM,D62_20s_seed_03,A2,seed_03,A06,AB1110,v2,error_series,semisynthetic,yaw_3sigma_deg,56642,56642,0,0,0,0,0.544871175,6.0000398189999995,0
ADD_RUN_00438__v3,A2_20s,ADD_RUN_00438,BY2,ADDENDUM,D62_20s_seed_03,A2,seed_03,A07,AB1100,v3,error_series,semisynthetic,time,56642,56642,0,0,0,0,66.005054,339.997056,0
ADD_RUN_00438__v3,A2_20s,ADD_RUN_00438,BY2,ADDENDUM,D62_20s_seed_03,A2,seed_03,A07,AB1100,v3,error_series,semisynthetic,err_n_m,56642,56642,0,0,0,0,-36.5336352528189,0.18088028659006383,38154
ADD_RUN_00438__v3,A2_20s,ADD_RUN_00438,BY2,ADDENDUM,D62_20s_seed_03,A2,seed_03,A07,AB1100,v3,error_series,semisynthetic,err_e_m,56642,56642,0,0,0,0,-0.18567049096064805,83.80609081829164,26306
ADD_RUN_00438__v3,A2_20s,ADD_RUN_00438,BY2,ADDENDUM,D62_20s_seed_03,A2,seed_03,A07,AB1100,v3,error_series,semisynthetic,err_u_m,56642,56642,0,0,0,0,-0.4413716966299237,5.385997882587404,36866
ADD_RUN_00438__v3,A2_20s,ADD_RUN_00438,BY2,ADDENDUM,D62_20s_seed_03,A2,seed_03,A07,AB1100,v3,error_series,semisynthetic,horizontal_err_m,56642,56642,0,0,0,0,0.0003292563046502864,91.42301331191047,0
ADD_RUN_00438__v3,A2_20s,ADD_RUN_00438,BY2,ADDENDUM,D62_20s_seed_03,A2,seed_03,A07,AB1100,v3,error_series,semisynthetic,position_3d_err_m,56642,56642,0,0,0,0,0.0008119038766259046,91.58152835709281,0
ADD_RUN_00438__v3,A2_20s,ADD_RUN_00438,BY2,ADDENDUM,D62_20s_seed_03,A2,seed_03,A07,AB1100,v3,error_series,semisynthetic,roll_err_deg,56642,56642,0,0,0,0,-4.396649792563267,9.29666317729658,16418
ADD_RUN_00438__v3,A2_20s,ADD_RUN_00438,BY2,ADDENDUM,D62_20s_seed_03,A2,seed_03,A07,AB1100,v3,error_series,semisynthetic,pitch_err_deg,56642,56642,0,0,0,0,-9.987650262754471,8.46400124454263,37574
ADD_RUN_00438__v3,A2_20s,ADD_RUN_00438,BY2,ADDENDUM,D62_20s_seed_03,A2,seed_03,A07,AB1100,v3,error_series,semisynthetic,yaw_err_deg,56642,56642,0,0,0,0,-8.836850892238402,3.832540929265292,42268
ADD_RUN_00438__v3,A2_20s,ADD_RUN_00438,BY2,ADDENDUM,D62_20s_seed_03,A2,seed_03,A07,AB1100,v3,error_series,semisynthetic,horizontal_3sigma_m,56642,56642,0,0,0,0,0.04657509938328112,43.05679051983847,0
ADD_RUN_00438__v3,A2_20s,ADD_RUN_00438,BY2,ADDENDUM,D62_20s_seed_03,A2,seed_03,A07,AB1100,v3,error_series,semisynthetic,roll_3sigma_deg,56642,56642,0,0,0,0,0.400386648,6.0000398189999995,0
ADD_RUN_00438__v3,A2_20s,ADD_RUN_00438,BY2,ADDENDUM,D62_20s_seed_03,A2,seed_03,A07,AB1100,v3,error_series,semisynthetic,pitch_3sigma_deg,56642,56642,0,0,0,0,0.407748798,6.0000398189999995,0
ADD_RUN_00438__v3,A2_20s,ADD_RUN_00438,BY2,ADDENDUM,D62_20s_seed_03,A2,seed_03,A07,AB1100,v3,error_series,semisynthetic,yaw_3sigma_deg,56642,56642,0,0,0,0,0.545084973,6.0000398189999995,0
ADD_RUN_00438__v2,A2_20s,ADD_RUN_00438,BY2,ADDENDUM,D62_20s_seed_03,A2,seed_03,A07,AB1100,v2,error_series,semisynthetic,time,56642,56642,0,0,0,0,66.005054,339.997056,0
ADD_RUN_00438__v2,A2_20s,ADD_RUN_00438,BY2,ADDENDUM,D62_20s_seed_03,A2,seed_03,A07,AB1100,v2,error_series,semisynthetic,err_n_m,56642,56642,0,0,0,0,-36.513171271668966,0.22235268794209873,27986
ADD_RUN_00438__v2,A2_20s,ADD_RUN_00438,BY2,ADDENDUM,D62_20s_seed_03,A2,seed_03,A07,AB1100,v2,error_series,semisynthetic,err_e_m,56642,56642,0,0,0,0,-0.22121590848136918,83.63290139172491,24870
ADD_RUN_00438__v2,A2_20s,ADD_RUN_00438,BY2,ADDENDUM,D62_20s_seed_03,A2,seed_03,A07,AB1100,v2,error_series,semisynthetic,err_u_m,56642,56642,0,0,0,0,-0.7424193075594836,5.098910793842215,54682
ADD_RUN_00438__v2,A2_20s,ADD_RUN_00438,BY2,ADDENDUM,D62_20s_seed_03,A2,seed_03,A07,AB1100,v2,error_series,semisynthetic,horizontal_err_m,56642,56642,0,0,0,0,0.008785069516909836,91.2560895037269,0
ADD_RUN_00438__v2,A2_20s,ADD_RUN_00438,BY2,ADDENDUM,D62_20s_seed_03,A2,seed_03,A07,AB1100,v2,error_series,semisynthetic,position_3d_err_m,56642,56642,0,0,0,0,0.1548499358023436,91.39842866699502,0
ADD_RUN_00438__v2,A2_20s,ADD_RUN_00438,BY2,ADDENDUM,D62_20s_seed_03,A2,seed_03,A07,AB1100,v2,error_series,semisynthetic,roll_err_deg,56642,56642,0,0,0,0,-4.396649792563267,9.29666317729658,16418
ADD_RUN_00438__v2,A2_20s,ADD_RUN_00438,BY2,ADDENDUM,D62_20s_seed_03,A2,seed_03,A07,AB1100,v2,error_series,semisynthetic,pitch_err_deg,56642,56642,0,0,0,0,-9.987650262754471,8.46400124454263,37574
ADD_RUN_00438__v2,A2_20s,ADD_RUN_00438,BY2,ADDENDUM,D62_20s_seed_03,A2,seed_03,A07,AB1100,v2,error_series,semisynthetic,yaw_err_deg,56642,56642,0,0,0,0,-8.836850892238402,3.832540929265292,42268
ADD_RUN_00438__v2,A2_20s,ADD_RUN_00438,BY2,ADDENDUM,D62_20s_seed_03,A2,seed_03,A07,AB1100,v2,error_series,semisynthetic,horizontal_3sigma_m,56642,56642,0,0,0,0,0.04657509938328112,43.05679051983847,0
ADD_RUN_00438__v2,A2_20s,ADD_RUN_00438,BY2,ADDENDUM,D62_20s_seed_03,A2,seed_03,A07,AB1100,v2,error_series,semisynthetic,roll_3sigma_deg,56642,56642,0,0,0,0,0.400386648,6.0000398189999995,0
ADD_RUN_00438__v2,A2_20s,ADD_RUN_00438,BY2,ADDENDUM,D62_20s_seed_03,A2,seed_03,A07,AB1100,v2,error_series,semisynthetic,pitch_3sigma_deg,56642,56642,0,0,0,0,0.407748798,6.0000398189999995,0
ADD_RUN_00438__v2,A2_20s,ADD_RUN_00438,BY2,ADDENDUM,D62_20s_seed_03,A2,seed_03,A07,AB1100,v2,error_series,semisynthetic,yaw_3sigma_deg,56642,56642,0,0,0,0,0.545084973,6.0000398189999995,0
ADD_RUN_00439__v3,A2_20s,ADD_RUN_00439,BY2,ADDENDUM,D62_20s_seed_03,A2,seed_03,A08,AB1000,v3,error_series,semisynthetic,time,56642,56642,0,0,0,0,66.005054,339.997056,0
ADD_RUN_00439__v3,A2_20s,ADD_RUN_00439,BY2,ADDENDUM,D62_20s_seed_03,A2,seed_03,A08,AB1000,v3,error_series,semisynthetic,err_n_m,56642,56642,0,0,0,0,-36.559844844757265,0.18087733494970237,37951
ADD_RUN_00439__v3,A2_20s,ADD_RUN_00439,BY2,ADDENDUM,D62_20s_seed_03,A2,seed_03,A08,AB1000,v3,error_series,semisynthetic,err_e_m,56642,56642,0,0,0,0,-0.18567049096064805,83.70683216264429,26527
ADD_RUN_00439__v3,A2_20s,ADD_RUN_00439,BY2,ADDENDUM,D62_20s_seed_03,A2,seed_03,A08,AB1000,v3,error_series,semisynthetic,err_u_m,56642,56642,0,0,0,0,-0.43186652665215064,5.441182260789503,36758
ADD_RUN_00439__v3,A2_20s,ADD_RUN_00439,BY2,ADDENDUM,D62_20s_seed_03,A2,seed_03,A08,AB1000,v3,error_series,semisynthetic,horizontal_err_m,56642,56642,0,0,0,0,0.00016734025046683402,91.34252025085483,0
ADD_RUN_00439__v3,A2_20s,ADD_RUN_00439,BY2,ADDENDUM,D62_20s_seed_03,A2,seed_03,A08,AB1000,v3,error_series,semisynthetic,position_3d_err_m,56642,56642,0,0,0,0,0.0008623420659055578,91.50443962001492,0
ADD_RUN_00439__v3,A2_20s,ADD_RUN_00439,BY2,ADDENDUM,D62_20s_seed_03,A2,seed_03,A08,AB1000,v3,error_series,semisynthetic,roll_err_deg,56642,56642,0,0,0,0,-4.39600614756327,9.293415419296593,16442
ADD_RUN_00439__v3,A2_20s,ADD_RUN_00439,BY2,ADDENDUM,D62_20s_seed_03,A2,seed_03,A08,AB1000,v3,error_series,semisynthetic,pitch_err_deg,56642,56642,0,0,0,0,-9.986587466754457,8.464383034542635,37570
ADD_RUN_00439__v3,A2_20s,ADD_RUN_00439,BY2,ADDENDUM,D62_20s_seed_03,A2,seed_03,A08,AB1000,v3,error_series,semisynthetic,yaw_err_deg,56642,56642,0,0,0,0,-8.841149350238425,3.83083053226531,42304
ADD_RUN_00439__v3,A2_20s,ADD_RUN_00439,BY2,ADDENDUM,D62_20s_seed_03,A2,seed_03,A08,AB1000,v3,error_series,semisynthetic,horizontal_3sigma_m,56642,56642,0,0,0,0,0.04653886503525209,43.05639534612733,0
ADD_RUN_00439__v3,A2_20s,ADD_RUN_00439,BY2,ADDENDUM,D62_20s_seed_03,A2,seed_03,A08,AB1000,v3,error_series,semisynthetic,roll_3sigma_deg,56642,56642,0,0,0,0,0.400375995,6.0000398189999995,0
ADD_RUN_00439__v3,A2_20s,ADD_RUN_00439,BY2,ADDENDUM,D62_20s_seed_03,A2,seed_03,A08,AB1000,v3,error_series,semisynthetic,pitch_3sigma_deg,56642,56642,0,0,0,0,0.40774007100000004,6.0000398189999995,0
ADD_RUN_00439__v3,A2_20s,ADD_RUN_00439,BY2,ADDENDUM,D62_20s_seed_03,A2,seed_03,A08,AB1000,v3,error_series,semisynthetic,yaw_3sigma_deg,56642,56642,0,0,0,0,0.544949007,6.0000398189999995,0
ADD_RUN_00439__v2,A2_20s,ADD_RUN_00439,BY2,ADDENDUM,D62_20s_seed_03,A2,seed_03,A08,AB1000,v2,error_series,semisynthetic,time,56642,56642,0,0,0,0,66.005054,339.997056,0
ADD_RUN_00439__v2,A2_20s,ADD_RUN_00439,BY2,ADDENDUM,D62_20s_seed_03,A2,seed_03,A08,AB1000,v2,error_series,semisynthetic,err_n_m,56642,56642,0,0,0,0,-36.53937640456083,0.22246372345168197,27861
ADD_RUN_00439__v2,A2_20s,ADD_RUN_00439,BY2,ADDENDUM,D62_20s_seed_03,A2,seed_03,A08,AB1000,v2,error_series,semisynthetic,err_e_m,56642,56642,0,0,0,0,-0.22121590808166047,83.5336501584605,25041
ADD_RUN_00439__v2,A2_20s,ADD_RUN_00439,BY2,ADDENDUM,D62_20s_seed_03,A2,seed_03,A08,AB1000,v2,error_series,semisynthetic,err_u_m,56642,56642,0,0,0,0,-0.7329287987770456,5.154091011673501,54666
ADD_RUN_00439__v2,A2_20s,ADD_RUN_00439,BY2,ADDENDUM,D62_20s_seed_03,A2,seed_03,A08,AB1000,v2,error_series,semisynthetic,horizontal_err_m,56642,56642,0,0,0,0,0.008785070001314031,91.17563675034161,0
ADD_RUN_00439__v2,A2_20s,ADD_RUN_00439,BY2,ADDENDUM,D62_20s_seed_03,A2,seed_03,A08,AB1000,v2,error_series,semisynthetic,position_3d_err_m,56642,56642,0,0,0,0,0.1547765742144979,91.32119902293694,0
ADD_RUN_00439__v2,A2_20s,ADD_RUN_00439,BY2,ADDENDUM,D62_20s_seed_03,A2,seed_03,A08,AB1000,v2,error_series,semisynthetic,roll_err_deg,56642,56642,0,0,0,0,-4.39600614756327,9.293415419296593,16442
ADD_RUN_00439__v2,A2_20s,ADD_RUN_00439,BY2,ADDENDUM,D62_20s_seed_03,A2,seed_03,A08,AB1000,v2,error_series,semisynthetic,pitch_err_deg,56642,56642,0,0,0,0,-9.986587466754457,8.464383034542635,37570
ADD_RUN_00439__v2,A2_20s,ADD_RUN_00439,BY2,ADDENDUM,D62_20s_seed_03,A2,seed_03,A08,AB1000,v2,error_series,semisynthetic,yaw_err_deg,56642,56642,0,0,0,0,-8.841149350238425,3.83083053226531,42304
ADD_RUN_00439__v2,A2_20s,ADD_RUN_00439,BY2,ADDENDUM,D62_20s_seed_03,A2,seed_03,A08,AB1000,v2,error_series,semisynthetic,horizontal_3sigma_m,56642,56642,0,0,0,0,0.04653886503525209,43.05639534612733,0
ADD_RUN_00439__v2,A2_20s,ADD_RUN_00439,BY2,ADDENDUM,D62_20s_seed_03,A2,seed_03,A08,AB1000,v2,error_series,semisynthetic,roll_3sigma_deg,56642,56642,0,0,0,0,0.400375995,6.0000398189999995,0
ADD_RUN_00439__v2,A2_20s,ADD_RUN_00439,BY2,ADDENDUM,D62_20s_seed_03,A2,seed_03,A08,AB1000,v2,error_series,semisynthetic,pitch_3sigma_deg,56642,56642,0,0,0,0,0.40774007100000004,6.0000398189999995,0
ADD_RUN_00439__v2,A2_20s,ADD_RUN_00439,BY2,ADDENDUM,D62_20s_seed_03,A2,seed_03,A08,AB1000,v2,error_series,semisynthetic,yaw_3sigma_deg,56642,56642,0,0,0,0,0.544949007,6.0000398189999995,0
ADD_RUN_00440__v3,A2_20s,ADD_RUN_00440,BY2,ADDENDUM,D62_20s_seed_03,A2,seed_03,A09,AB0100,v3,error_series,semisynthetic,time,56642,56642,0,0,0,0,66.005054,339.997056,0
ADD_RUN_00440__v3,A2_20s,ADD_RUN_00440,BY2,ADDENDUM,D62_20s_seed_03,A2,seed_03,A09,AB0100,v3,error_series,semisynthetic,err_n_m,56642,56642,0,0,0,0,-36.20084645962811,0.18087052292674954,38413
ADD_RUN_00440__v3,A2_20s,ADD_RUN_00440,BY2,ADDENDUM,D62_20s_seed_03,A2,seed_03,A09,AB0100,v3,error_series,semisynthetic,err_e_m,56642,56642,0,0,0,0,-0.18567049096064805,84.0777992536062,26480
ADD_RUN_00440__v3,A2_20s,ADD_RUN_00440,BY2,ADDENDUM,D62_20s_seed_03,A2,seed_03,A09,AB0100,v3,error_series,semisynthetic,err_u_m,56642,56642,0,0,0,0,-0.44288698123030734,5.353425016790787,37101
ADD_RUN_00440__v3,A2_20s,ADD_RUN_00440,BY2,ADDENDUM,D62_20s_seed_03,A2,seed_03,A09,AB0100,v3,error_series,semisynthetic,horizontal_err_m,56642,56642,0,0,0,0,0.0003235079658039625,91.54003283658616,0
ADD_RUN_00440__v3,A2_20s,ADD_RUN_00440,BY2,ADDENDUM,D62_20s_seed_03,A2,seed_03,A09,AB0100,v3,error_series,semisynthetic,position_3d_err_m,56642,56642,0,0,0,0,0.0011402476888671903,91.69643815947092,0
ADD_RUN_00440__v3,A2_20s,ADD_RUN_00440,BY2,ADDENDUM,D62_20s_seed_03,A2,seed_03,A09,AB0100,v3,error_series,semisynthetic,roll_err_deg,56642,56642,0,0,0,0,-4.395951929563267,9.292830814296593,16411
ADD_RUN_00440__v3,A2_20s,ADD_RUN_00440,BY2,ADDENDUM,D62_20s_seed_03,A2,seed_03,A09,AB0100,v3,error_series,semisynthetic,pitch_err_deg,56642,56642,0,0,0,0,-9.988525407754452,8.452458329542651,37614
ADD_RUN_00440__v3,A2_20s,ADD_RUN_00440,BY2,ADDENDUM,D62_20s_seed_03,A2,seed_03,A09,AB0100,v3,error_series,semisynthetic,yaw_err_deg,56642,56642,0,0,0,0,-8.839548881238414,3.833204035265311,42204
ADD_RUN_00440__v3,A2_20s,ADD_RUN_00440,BY2,ADDENDUM,D62_20s_seed_03,A2,seed_03,A09,AB0100,v3,error_series,semisynthetic,horizontal_3sigma_m,56642,56642,0,0,0,0,0.046943777603695974,43.07679397370093,0
ADD_RUN_00440__v3,A2_20s,ADD_RUN_00440,BY2,ADDENDUM,D62_20s_seed_03,A2,seed_03,A09,AB0100,v3,error_series,semisynthetic,roll_3sigma_deg,56642,56642,0,0,0,0,0.400433178,6.0000398189999995,0
ADD_RUN_00440__v3,A2_20s,ADD_RUN_00440,BY2,ADDENDUM,D62_20s_seed_03,A2,seed_03,A09,AB0100,v3,error_series,semisynthetic,pitch_3sigma_deg,56642,56642,0,0,0,0,0.40779105000000004,6.0000398189999995,0
ADD_RUN_00440__v3,A2_20s,ADD_RUN_00440,BY2,ADDENDUM,D62_20s_seed_03,A2,seed_03,A09,AB0100,v3,error_series,semisynthetic,yaw_3sigma_deg,56642,56642,0,0,0,0,0.545149521,6.0000398189999995,0
ADD_RUN_00440__v2,A2_20s,ADD_RUN_00440,BY2,ADDENDUM,D62_20s_seed_03,A2,seed_03,A09,AB0100,v2,error_series,semisynthetic,time,56642,56642,0,0,0,0,66.005054,339.997056,0
ADD_RUN_00440__v2,A2_20s,ADD_RUN_00440,BY2,ADDENDUM,D62_20s_seed_03,A2,seed_03,A09,AB0100,v2,error_series,semisynthetic,err_n_m,56642,56642,0,0,0,0,-36.18039809923806,0.21944779768993605,28220
ADD_RUN_00440__v2,A2_20s,ADD_RUN_00440,BY2,ADDENDUM,D62_20s_seed_03,A2,seed_03,A09,AB0100,v2,error_series,semisynthetic,err_e_m,56642,56642,0,0,0,0,-0.22377829014556028,83.90460357461866,24628
ADD_RUN_00440__v2,A2_20s,ADD_RUN_00440,BY2,ADDENDUM,D62_20s_seed_03,A2,seed_03,A09,AB0100,v2,error_series,semisynthetic,err_u_m,56642,56642,0,0,0,0,-0.7439279131428993,5.066340588246192,54691
ADD_RUN_00440__v2,A2_20s,ADD_RUN_00440,BY2,ADDENDUM,D62_20s_seed_03,A2,seed_03,A09,AB0100,v2,error_series,semisynthetic,horizontal_err_m,56642,56642,0,0,0,0,0.008785069758458984,91.37288278057807,0
ADD_RUN_00440__v2,A2_20s,ADD_RUN_00440,BY2,ADDENDUM,D62_20s_seed_03,A2,seed_03,A09,AB0100,v2,error_series,semisynthetic,position_3d_err_m,56642,56642,0,0,0,0,0.1559602326295184,91.51323136349941,0
ADD_RUN_00440__v2,A2_20s,ADD_RUN_00440,BY2,ADDENDUM,D62_20s_seed_03,A2,seed_03,A09,AB0100,v2,error_series,semisynthetic,roll_err_deg,56642,56642,0,0,0,0,-4.395951929563267,9.292830814296593,16411
ADD_RUN_00440__v2,A2_20s,ADD_RUN_00440,BY2,ADDENDUM,D62_20s_seed_03,A2,seed_03,A09,AB0100,v2,error_series,semisynthetic,pitch_err_deg,56642,56642,0,0,0,0,-9.988525407754452,8.452458329542651,37614
ADD_RUN_00440__v2,A2_20s,ADD_RUN_00440,BY2,ADDENDUM,D62_20s_seed_03,A2,seed_03,A09,AB0100,v2,error_series,semisynthetic,yaw_err_deg,56642,56642,0,0,0,0,-8.839548881238414,3.833204035265311,42204
ADD_RUN_00440__v2,A2_20s,ADD_RUN_00440,BY2,ADDENDUM,D62_20s_seed_03,A2,seed_03,A09,AB0100,v2,error_series,semisynthetic,horizontal_3sigma_m,56642,56642,0,0,0,0,0.046943777603695974,43.07679397370093,0
ADD_RUN_00440__v2,A2_20s,ADD_RUN_00440,BY2,ADDENDUM,D62_20s_seed_03,A2,seed_03,A09,AB0100,v2,error_series,semisynthetic,roll_3sigma_deg,56642,56642,0,0,0,0,0.400433178,6.0000398189999995,0
ADD_RUN_00440__v2,A2_20s,ADD_RUN_00440,BY2,ADDENDUM,D62_20s_seed_03,A2,seed_03,A09,AB0100,v2,error_series,semisynthetic,pitch_3sigma_deg,56642,56642,0,0,0,0,0.40779105000000004,6.0000398189999995,0
ADD_RUN_00440__v2,A2_20s,ADD_RUN_00440,BY2,ADDENDUM,D62_20s_seed_03,A2,seed_03,A09,AB0100,v2,error_series,semisynthetic,yaw_3sigma_deg,56642,56642,0,0,0,0,0.545149521,6.0000398189999995,0
ADD_RUN_00441__v3,A2_20s,ADD_RUN_00441,BY2,ADDENDUM,D62_20s_seed_04,A2,seed_04,F01,single_antenna_EKF,v3,error_series,semisynthetic,time,56642,56642,0,0,0,0,66.005054,339.997056,0
ADD_RUN_00441__v3,A2_20s,ADD_RUN_00441,BY2,ADDENDUM,D62_20s_seed_04,A2,seed_04,F01,single_antenna_EKF,v3,error_series,semisynthetic,err_n_m,56642,56642,0,0,0,0,-34.342751719727175,0.1758074715396276,39048
ADD_RUN_00441__v3,A2_20s,ADD_RUN_00441,BY2,ADDENDUM,D62_20s_seed_04,A2,seed_04,F01,single_antenna_EKF,v3,error_series,semisynthetic,err_e_m,56642,56642,0,0,0,0,-0.18567049096064805,81.41285984191839,24332
ADD_RUN_00441__v3,A2_20s,ADD_RUN_00441,BY2,ADDENDUM,D62_20s_seed_04,A2,seed_04,F01,single_antenna_EKF,v3,error_series,semisynthetic,err_u_m,56642,56642,0,0,0,0,-18.597015664964296,0.3415064349426196,39222
ADD_RUN_00441__v3,A2_20s,ADD_RUN_00441,BY2,ADDENDUM,D62_20s_seed_04,A2,seed_04,F01,single_antenna_EKF,v3,error_series,semisynthetic,horizontal_err_m,56642,56642,0,0,0,0,0.00014181290881221632,88.35993630216508,0
ADD_RUN_00441__v3,A2_20s,ADD_RUN_00441,BY2,ADDENDUM,D62_20s_seed_04,A2,seed_04,F01,single_antenna_EKF,v3,error_series,semisynthetic,position_3d_err_m,56642,56642,0,0,0,0,0.0015365980911503786,90.29577694978651,0
ADD_RUN_00441__v3,A2_20s,ADD_RUN_00441,BY2,ADDENDUM,D62_20s_seed_04,A2,seed_04,F01,single_antenna_EKF,v3,error_series,semisynthetic,roll_err_deg,56642,56642,0,0,0,0,-4.430192587563283,9.295120048296582,16231
ADD_RUN_00441__v3,A2_20s,ADD_RUN_00441,BY2,ADDENDUM,D62_20s_seed_04,A2,seed_04,F01,single_antenna_EKF,v3,error_series,semisynthetic,pitch_err_deg,56642,56642,0,0,0,0,-9.979842192754461,8.452295398542645,37310
ADD_RUN_00441__v3,A2_20s,ADD_RUN_00441,BY2,ADDENDUM,D62_20s_seed_04,A2,seed_04,F01,single_antenna_EKF,v3,error_series,semisynthetic,yaw_err_deg,56642,56642,0,0,0,0,-17.233543117238412,1.0895758841452334,56301
ADD_RUN_00441__v3,A2_20s,ADD_RUN_00441,BY2,ADDENDUM,D62_20s_seed_04,A2,seed_04,F01,single_antenna_EKF,v3,error_series,semisynthetic,horizontal_3sigma_m,56642,56642,0,0,0,0,0.047011064954097875,44.38081964174807,0
ADD_RUN_00441__v3,A2_20s,ADD_RUN_00441,BY2,ADDENDUM,D62_20s_seed_04,A2,seed_04,F01,single_antenna_EKF,v3,error_series,semisynthetic,roll_3sigma_deg,56642,56642,0,0,0,0,0.40852057199999997,6.0000398189999995,0
ADD_RUN_00441__v3,A2_20s,ADD_RUN_00441,BY2,ADDENDUM,D62_20s_seed_04,A2,seed_04,F01,single_antenna_EKF,v3,error_series,semisynthetic,pitch_3sigma_deg,56642,56642,0,0,0,0,0.411781395,6.0000398189999995,0
ADD_RUN_00441__v3,A2_20s,ADD_RUN_00441,BY2,ADDENDUM,D62_20s_seed_04,A2,seed_04,F01,single_antenna_EKF,v3,error_series,semisynthetic,yaw_3sigma_deg,56642,56642,0,0,0,0,2.627167194,6.0000398189999995,0
ADD_RUN_00441__v2,A2_20s,ADD_RUN_00441,BY2,ADDENDUM,D62_20s_seed_04,A2,seed_04,F01,single_antenna_EKF,v2,error_series,semisynthetic,time,56642,56642,0,0,0,0,66.005054,339.997056,0
ADD_RUN_00441__v2,A2_20s,ADD_RUN_00441,BY2,ADDENDUM,D62_20s_seed_04,A2,seed_04,F01,single_antenna_EKF,v2,error_series,semisynthetic,err_n_m,56642,56642,0,0,0,0,-34.163659549403555,0.22078020549652067,30851
ADD_RUN_00441__v2,A2_20s,ADD_RUN_00441,BY2,ADDENDUM,D62_20s_seed_04,A2,seed_04,F01,single_antenna_EKF,v2,error_series,semisynthetic,err_e_m,56642,56642,0,0,0,0,-0.22591357046668747,81.39137900475366,25577
ADD_RUN_00441__v2,A2_20s,ADD_RUN_00441,BY2,ADDENDUM,D62_20s_seed_04,A2,seed_04,F01,single_antenna_EKF,v2,error_series,semisynthetic,err_u_m,56642,56642,0,0,0,0,-18.880383268395974,0.04139467741025951,56600
ADD_RUN_00441__v2,A2_20s,ADD_RUN_00441,BY2,ADDENDUM,D62_20s_seed_04,A2,seed_04,F01,single_antenna_EKF,v2,error_series,semisynthetic,horizontal_err_m,56642,56642,0,0,0,0,0.006352812241923066,88.27067582217215,0
ADD_RUN_00441__v2,A2_20s,ADD_RUN_00441,BY2,ADDENDUM,D62_20s_seed_04,A2,seed_04,F01,single_antenna_EKF,v2,error_series,semisynthetic,position_3d_err_m,56642,56642,0,0,0,0,0.15870793413412607,90.26727581169453,0
ADD_RUN_00441__v2,A2_20s,ADD_RUN_00441,BY2,ADDENDUM,D62_20s_seed_04,A2,seed_04,F01,single_antenna_EKF,v2,error_series,semisynthetic,roll_err_deg,56642,56642,0,0,0,0,-4.430192587563283,9.295120048296582,16231
ADD_RUN_00441__v2,A2_20s,ADD_RUN_00441,BY2,ADDENDUM,D62_20s_seed_04,A2,seed_04,F01,single_antenna_EKF,v2,error_series,semisynthetic,pitch_err_deg,56642,56642,0,0,0,0,-9.979842192754461,8.452295398542645,37310
ADD_RUN_00441__v2,A2_20s,ADD_RUN_00441,BY2,ADDENDUM,D62_20s_seed_04,A2,seed_04,F01,single_antenna_EKF,v2,error_series,semisynthetic,yaw_err_deg,56642,56642,0,0,0,0,-17.233543117238412,1.0895758841452334,56301
ADD_RUN_00441__v2,A2_20s,ADD_RUN_00441,BY2,ADDENDUM,D62_20s_seed_04,A2,seed_04,F01,single_antenna_EKF,v2,error_series,semisynthetic,horizontal_3sigma_m,56642,56642,0,0,0,0,0.047011064954097875,44.38081964174807,0
ADD_RUN_00441__v2,A2_20s,ADD_RUN_00441,BY2,ADDENDUM,D62_20s_seed_04,A2,seed_04,F01,single_antenna_EKF,v2,error_series,semisynthetic,roll_3sigma_deg,56642,56642,0,0,0,0,0.40852057199999997,6.0000398189999995,0
ADD_RUN_00441__v2,A2_20s,ADD_RUN_00441,BY2,ADDENDUM,D62_20s_seed_04,A2,seed_04,F01,single_antenna_EKF,v2,error_series,semisynthetic,pitch_3sigma_deg,56642,56642,0,0,0,0,0.411781395,6.0000398189999995,0
ADD_RUN_00441__v2,A2_20s,ADD_RUN_00441,BY2,ADDENDUM,D62_20s_seed_04,A2,seed_04,F01,single_antenna_EKF,v2,error_series,semisynthetic,yaw_3sigma_deg,56642,56642,0,0,0,0,2.627167194,6.0000398189999995,0
ADD_RUN_00442__v3,A2_20s,ADD_RUN_00442,BY2,ADDENDUM,D62_20s_seed_04,A2,seed_04,F02,basic_dual_yaw_EKF,v3,error_series,semisynthetic,time,56642,56642,0,0,0,0,66.005054,339.997056,0
ADD_RUN_00442__v3,A2_20s,ADD_RUN_00442,BY2,ADDENDUM,D62_20s_seed_04,A2,seed_04,F02,basic_dual_yaw_EKF,v3,error_series,semisynthetic,err_n_m,56642,56642,0,0,0,0,-43.24583884994455,0.18117901499142164,41788
ADD_RUN_00442__v3,A2_20s,ADD_RUN_00442,BY2,ADDENDUM,D62_20s_seed_04,A2,seed_04,F02,basic_dual_yaw_EKF,v3,error_series,semisynthetic,err_e_m,56642,56642,0,0,0,0,-0.18567049096064805,79.04074778243731,23742
ADD_RUN_00442__v3,A2_20s,ADD_RUN_00442,BY2,ADDENDUM,D62_20s_seed_04,A2,seed_04,F02,basic_dual_yaw_EKF,v3,error_series,semisynthetic,err_u_m,56642,56642,0,0,0,0,-19.682666060365186,0.3415064349426196,39203
ADD_RUN_00442__v3,A2_20s,ADD_RUN_00442,BY2,ADDENDUM,D62_20s_seed_04,A2,seed_04,F02,basic_dual_yaw_EKF,v3,error_series,semisynthetic,horizontal_err_m,56642,56642,0,0,0,0,0.0004410603905210285,90.09795995383159,0
ADD_RUN_00442__v3,A2_20s,ADD_RUN_00442,BY2,ADDENDUM,D62_20s_seed_04,A2,seed_04,F02,basic_dual_yaw_EKF,v3,error_series,semisynthetic,position_3d_err_m,56642,56642,0,0,0,0,0.0025943769162666192,92.22282651863416,0
ADD_RUN_00442__v3,A2_20s,ADD_RUN_00442,BY2,ADDENDUM,D62_20s_seed_04,A2,seed_04,F02,basic_dual_yaw_EKF,v3,error_series,semisynthetic,roll_err_deg,56642,56642,0,0,0,0,-4.347803830563265,9.317242282296576,16313
ADD_RUN_00442__v3,A2_20s,ADD_RUN_00442,BY2,ADDENDUM,D62_20s_seed_04,A2,seed_04,F02,basic_dual_yaw_EKF,v3,error_series,semisynthetic,pitch_err_deg,56642,56642,0,0,0,0,-9.984519657754447,8.416588180542647,37226
ADD_RUN_00442__v3,A2_20s,ADD_RUN_00442,BY2,ADDENDUM,D62_20s_seed_04,A2,seed_04,F02,basic_dual_yaw_EKF,v3,error_series,semisynthetic,yaw_err_deg,56642,56642,0,0,0,0,-10.136221027238406,3.8482314782652907,43804
ADD_RUN_00442__v3,A2_20s,ADD_RUN_00442,BY2,ADDENDUM,D62_20s_seed_04,A2,seed_04,F02,basic_dual_yaw_EKF,v3,error_series,semisynthetic,horizontal_3sigma_m,56642,56642,0,0,0,0,0.05178555872305855,44.371830714820746,0
ADD_RUN_00442__v3,A2_20s,ADD_RUN_00442,BY2,ADDENDUM,D62_20s_seed_04,A2,seed_04,F02,basic_dual_yaw_EKF,v3,error_series,semisynthetic,roll_3sigma_deg,56642,56642,0,0,0,0,0.40019290800000007,6.000072272999999,0
ADD_RUN_00442__v3,A2_20s,ADD_RUN_00442,BY2,ADDENDUM,D62_20s_seed_04,A2,seed_04,F02,basic_dual_yaw_EKF,v3,error_series,semisynthetic,pitch_3sigma_deg,56642,56642,0,0,0,0,0.40824455700000006,6.000072231,0
ADD_RUN_00442__v3,A2_20s,ADD_RUN_00442,BY2,ADDENDUM,D62_20s_seed_04,A2,seed_04,F02,basic_dual_yaw_EKF,v3,error_series,semisynthetic,yaw_3sigma_deg,56642,56642,0,0,0,0,0.528421659,6.0000398189999995,0
ADD_RUN_00442__v2,A2_20s,ADD_RUN_00442,BY2,ADDENDUM,D62_20s_seed_04,A2,seed_04,F02,basic_dual_yaw_EKF,v2,error_series,semisynthetic,time,56642,56642,0,0,0,0,66.005054,339.997056,0
ADD_RUN_00442__v2,A2_20s,ADD_RUN_00442,BY2,ADDENDUM,D62_20s_seed_04,A2,seed_04,F02,basic_dual_yaw_EKF,v2,error_series,semisynthetic,err_n_m,56642,56642,0,0,0,0,-43.06563315309358,0.20312558349953314,32687
ADD_RUN_00442__v2,A2_20s,ADD_RUN_00442,BY2,ADDENDUM,D62_20s_seed_04,A2,seed_04,F02,basic_dual_yaw_EKF,v2,error_series,semisynthetic,err_e_m,56642,56642,0,0,0,0,-0.22277594543041346,79.03735991153434,24664
ADD_RUN_00442__v2,A2_20s,ADD_RUN_00442,BY2,ADDENDUM,D62_20s_seed_04,A2,seed_04,F02,basic_dual_yaw_EKF,v2,error_series,semisynthetic,err_u_m,56642,56642,0,0,0,0,-19.96612160426745,0.04139467741025951,56600
ADD_RUN_00442__v2,A2_20s,ADD_RUN_00442,BY2,ADDENDUM,D62_20s_seed_04,A2,seed_04,F02,basic_dual_yaw_EKF,v2,error_series,semisynthetic,horizontal_err_m,56642,56642,0,0,0,0,0.01632315155884649,90.00862747904918,0
ADD_RUN_00442__v2,A2_20s,ADD_RUN_00442,BY2,ADDENDUM,D62_20s_seed_04,A2,seed_04,F02,basic_dual_yaw_EKF,v2,error_series,semisynthetic,position_3d_err_m,56642,56642,0,0,0,0,0.1672159383981241,92.19652397232036,0
ADD_RUN_00442__v2,A2_20s,ADD_RUN_00442,BY2,ADDENDUM,D62_20s_seed_04,A2,seed_04,F02,basic_dual_yaw_EKF,v2,error_series,semisynthetic,roll_err_deg,56642,56642,0,0,0,0,-4.347803830563265,9.317242282296576,16313
ADD_RUN_00442__v2,A2_20s,ADD_RUN_00442,BY2,ADDENDUM,D62_20s_seed_04,A2,seed_04,F02,basic_dual_yaw_EKF,v2,error_series,semisynthetic,pitch_err_deg,56642,56642,0,0,0,0,-9.984519657754447,8.416588180542647,37226
ADD_RUN_00442__v2,A2_20s,ADD_RUN_00442,BY2,ADDENDUM,D62_20s_seed_04,A2,seed_04,F02,basic_dual_yaw_EKF,v2,error_series,semisynthetic,yaw_err_deg,56642,56642,0,0,0,0,-10.136221027238406,3.8482314782652907,43804
ADD_RUN_00442__v2,A2_20s,ADD_RUN_00442,BY2,ADDENDUM,D62_20s_seed_04,A2,seed_04,F02,basic_dual_yaw_EKF,v2,error_series,semisynthetic,horizontal_3sigma_m,56642,56642,0,0,0,0,0.05178555872305855,44.371830714820746,0
ADD_RUN_00442__v2,A2_20s,ADD_RUN_00442,BY2,ADDENDUM,D62_20s_seed_04,A2,seed_04,F02,basic_dual_yaw_EKF,v2,error_series,semisynthetic,roll_3sigma_deg,56642,56642,0,0,0,0,0.40019290800000007,6.000072272999999,0
ADD_RUN_00442__v2,A2_20s,ADD_RUN_00442,BY2,ADDENDUM,D62_20s_seed_04,A2,seed_04,F02,basic_dual_yaw_EKF,v2,error_series,semisynthetic,pitch_3sigma_deg,56642,56642,0,0,0,0,0.40824455700000006,6.000072231,0
ADD_RUN_00442__v2,A2_20s,ADD_RUN_00442,BY2,ADDENDUM,D62_20s_seed_04,A2,seed_04,F02,basic_dual_yaw_EKF,v2,error_series,semisynthetic,yaw_3sigma_deg,56642,56642,0,0,0,0,0.528421659,6.0000398189999995,0
ADD_RUN_00443__v3,A2_20s,ADD_RUN_00443,BY2,ADDENDUM,D62_20s_seed_04,A2,seed_04,F03,AB0000,v3,error_series,semisynthetic,time,56642,56642,0,0,0,0,66.005054,339.997056,0
ADD_RUN_00443__v3,A2_20s,ADD_RUN_00443,BY2,ADDENDUM,D62_20s_seed_04,A2,seed_04,F03,AB0000,v3,error_series,semisynthetic,err_n_m,56642,56642,0,0,0,0,-42.755065431592534,0.18083037643754807,39132
ADD_RUN_00443__v3,A2_20s,ADD_RUN_00443,BY2,ADDENDUM,D62_20s_seed_04,A2,seed_04,F03,AB0000,v3,error_series,semisynthetic,err_e_m,56642,56642,0,0,0,0,-0.18567049096064805,78.24273070882049,24021
ADD_RUN_00443__v3,A2_20s,ADD_RUN_00443,BY2,ADDENDUM,D62_20s_seed_04,A2,seed_04,F03,AB0000,v3,error_series,semisynthetic,err_u_m,56642,56642,0,0,0,0,-18.644743861270435,0.3415064349426196,39225
ADD_RUN_00443__v3,A2_20s,ADD_RUN_00443,BY2,ADDENDUM,D62_20s_seed_04,A2,seed_04,F03,AB0000,v3,error_series,semisynthetic,horizontal_err_m,56642,56642,0,0,0,0,0.00032457302228820875,89.16232684734489,0
ADD_RUN_00443__v3,A2_20s,ADD_RUN_00443,BY2,ADDENDUM,D62_20s_seed_04,A2,seed_04,F03,AB0000,v3,error_series,semisynthetic,position_3d_err_m,56642,56642,0,0,0,0,0.0012057543052165325,91.09087222375874,0
ADD_RUN_00443__v3,A2_20s,ADD_RUN_00443,BY2,ADDENDUM,D62_20s_seed_04,A2,seed_04,F03,AB0000,v3,error_series,semisynthetic,roll_err_deg,56642,56642,0,0,0,0,-4.386611627563269,9.286313662296578,16251
ADD_RUN_00443__v3,A2_20s,ADD_RUN_00443,BY2,ADDENDUM,D62_20s_seed_04,A2,seed_04,F03,AB0000,v3,error_series,semisynthetic,pitch_err_deg,56642,56642,0,0,0,0,-9.982300327754473,8.452381553542637,37235
ADD_RUN_00443__v3,A2_20s,ADD_RUN_00443,BY2,ADDENDUM,D62_20s_seed_04,A2,seed_04,F03,AB0000,v3,error_series,semisynthetic,yaw_err_deg,56642,56642,0,0,0,0,-8.853557627238416,3.8166284552652883,42214
ADD_RUN_00443__v3,A2_20s,ADD_RUN_00443,BY2,ADDENDUM,D62_20s_seed_04,A2,seed_04,F03,AB0000,v3,error_series,semisynthetic,horizontal_3sigma_m,56642,56642,0,0,0,0,0.0469311302178147,44.10034457870829,0
ADD_RUN_00443__v3,A2_20s,ADD_RUN_00443,BY2,ADDENDUM,D62_20s_seed_04,A2,seed_04,F03,AB0000,v3,error_series,semisynthetic,roll_3sigma_deg,56642,56642,0,0,0,0,0.399574647,6.0000398189999995,0
ADD_RUN_00443__v3,A2_20s,ADD_RUN_00443,BY2,ADDENDUM,D62_20s_seed_04,A2,seed_04,F03,AB0000,v3,error_series,semisynthetic,pitch_3sigma_deg,56642,56642,0,0,0,0,0.407687346,6.0000398189999995,0
ADD_RUN_00443__v3,A2_20s,ADD_RUN_00443,BY2,ADDENDUM,D62_20s_seed_04,A2,seed_04,F03,AB0000,v3,error_series,semisynthetic,yaw_3sigma_deg,56642,56642,0,0,0,0,0.544982964,6.0000398189999995,0
ADD_RUN_00443__v2,A2_20s,ADD_RUN_00443,BY2,ADDENDUM,D62_20s_seed_04,A2,seed_04,F03,AB0000,v2,error_series,semisynthetic,time,56642,56642,0,0,0,0,66.005054,339.997056,0
ADD_RUN_00443__v2,A2_20s,ADD_RUN_00443,BY2,ADDENDUM,D62_20s_seed_04,A2,seed_04,F03,AB0000,v2,error_series,semisynthetic,err_n_m,56642,56642,0,0,0,0,-42.57475170847904,0.21944779831282624,31038
ADD_RUN_00443__v2,A2_20s,ADD_RUN_00443,BY2,ADDENDUM,D62_20s_seed_04,A2,seed_04,F03,AB0000,v2,error_series,semisynthetic,err_e_m,56642,56642,0,0,0,0,-0.22377828906677166,78.23908310893016,25312
ADD_RUN_00443__v2,A2_20s,ADD_RUN_00443,BY2,ADDENDUM,D62_20s_seed_04,A2,seed_04,F03,AB0000,v2,error_series,semisynthetic,err_u_m,56642,56642,0,0,0,0,-18.928127496272168,0.04139467741025951,56600
ADD_RUN_00443__v2,A2_20s,ADD_RUN_00443,BY2,ADDENDUM,D62_20s_seed_04,A2,seed_04,F03,AB0000,v2,error_series,semisynthetic,horizontal_err_m,56642,56642,0,0,0,0,0.008921075288847695,89.0727994887593,0
ADD_RUN_00443__v2,A2_20s,ADD_RUN_00443,BY2,ADDENDUM,D62_20s_seed_04,A2,seed_04,F03,AB0000,v2,error_series,semisynthetic,position_3d_err_m,56642,56642,0,0,0,0,0.15588783171319137,91.06172422747032,0
ADD_RUN_00443__v2,A2_20s,ADD_RUN_00443,BY2,ADDENDUM,D62_20s_seed_04,A2,seed_04,F03,AB0000,v2,error_series,semisynthetic,roll_err_deg,56642,56642,0,0,0,0,-4.386611627563269,9.286313662296578,16251
ADD_RUN_00443__v2,A2_20s,ADD_RUN_00443,BY2,ADDENDUM,D62_20s_seed_04,A2,seed_04,F03,AB0000,v2,error_series,semisynthetic,pitch_err_deg,56642,56642,0,0,0,0,-9.982300327754473,8.452381553542637,37235
ADD_RUN_00443__v2,A2_20s,ADD_RUN_00443,BY2,ADDENDUM,D62_20s_seed_04,A2,seed_04,F03,AB0000,v2,error_series,semisynthetic,yaw_err_deg,56642,56642,0,0,0,0,-8.853557627238416,3.8166284552652883,42214
ADD_RUN_00443__v2,A2_20s,ADD_RUN_00443,BY2,ADDENDUM,D62_20s_seed_04,A2,seed_04,F03,AB0000,v2,error_series,semisynthetic,horizontal_3sigma_m,56642,56642,0,0,0,0,0.0469311302178147,44.10034457870829,0
ADD_RUN_00443__v2,A2_20s,ADD_RUN_00443,BY2,ADDENDUM,D62_20s_seed_04,A2,seed_04,F03,AB0000,v2,error_series,semisynthetic,roll_3sigma_deg,56642,56642,0,0,0,0,0.399574647,6.0000398189999995,0
ADD_RUN_00443__v2,A2_20s,ADD_RUN_00443,BY2,ADDENDUM,D62_20s_seed_04,A2,seed_04,F03,AB0000,v2,error_series,semisynthetic,pitch_3sigma_deg,56642,56642,0,0,0,0,0.407687346,6.0000398189999995,0
ADD_RUN_00443__v2,A2_20s,ADD_RUN_00443,BY2,ADDENDUM,D62_20s_seed_04,A2,seed_04,F03,AB0000,v2,error_series,semisynthetic,yaw_3sigma_deg,56642,56642,0,0,0,0,0.544982964,6.0000398189999995,0
ADD_RUN_00444__v3,A2_20s,ADD_RUN_00444,BY2,ADDENDUM,D62_20s_seed_04,A2,seed_04,F04,AB1111,v3,error_series,semisynthetic,time,56642,56642,0,0,0,0,66.005054,339.997056,0
ADD_RUN_00444__v3,A2_20s,ADD_RUN_00444,BY2,ADDENDUM,D62_20s_seed_04,A2,seed_04,F04,AB1111,v3,error_series,semisynthetic,err_n_m,56642,56642,0,0,0,0,-1.548075530440129,0.18632948434167673,37261
ADD_RUN_00444__v3,A2_20s,ADD_RUN_00444,BY2,ADDENDUM,D62_20s_seed_04,A2,seed_04,F04,AB1111,v3,error_series,semisynthetic,err_e_m,56642,56642,0,0,0,0,-0.18567049096064805,0.5177752091822114,24464
ADD_RUN_00444__v3,A2_20s,ADD_RUN_00444,BY2,ADDENDUM,D62_20s_seed_04,A2,seed_04,F04,AB1111,v3,error_series,semisynthetic,err_u_m,56642,56642,0,0,0,0,-16.811225320653747,0.3415064349426196,40593
ADD_RUN_00444__v3,A2_20s,ADD_RUN_00444,BY2,ADDENDUM,D62_20s_seed_04,A2,seed_04,F04,AB1111,v3,error_series,semisynthetic,horizontal_err_m,56642,56642,0,0,0,0,8.13403876506959e-05,1.575224392126942,0
ADD_RUN_00444__v3,A2_20s,ADD_RUN_00444,BY2,ADDENDUM,D62_20s_seed_04,A2,seed_04,F04,AB1111,v3,error_series,semisynthetic,position_3d_err_m,56642,56642,0,0,0,0,0.0018117662921990833,16.88486389247309,0
ADD_RUN_00444__v3,A2_20s,ADD_RUN_00444,BY2,ADDENDUM,D62_20s_seed_04,A2,seed_04,F04,AB1111,v3,error_series,semisynthetic,roll_err_deg,56642,56642,0,0,0,0,-4.084221907563261,6.87249473029658,19296
ADD_RUN_00444__v3,A2_20s,ADD_RUN_00444,BY2,ADDENDUM,D62_20s_seed_04,A2,seed_04,F04,AB1111,v3,error_series,semisynthetic,pitch_err_deg,56642,56642,0,0,0,0,-8.56997115875447,8.513640839542632,37191
ADD_RUN_00444__v3,A2_20s,ADD_RUN_00444,BY2,ADDENDUM,D62_20s_seed_04,A2,seed_04,F04,AB1111,v3,error_series,semisynthetic,yaw_err_deg,56642,56642,0,0,0,0,-8.76921266323842,3.845872104265311,42125
ADD_RUN_00444__v3,A2_20s,ADD_RUN_00444,BY2,ADDENDUM,D62_20s_seed_04,A2,seed_04,F04,AB1111,v3,error_series,semisynthetic,horizontal_3sigma_m,56642,56642,0,0,0,0,0.04566308680918334,42.43457969268709,0
ADD_RUN_00444__v3,A2_20s,ADD_RUN_00444,BY2,ADDENDUM,D62_20s_seed_04,A2,seed_04,F04,AB1111,v3,error_series,semisynthetic,roll_3sigma_deg,56642,56642,0,0,0,0,0.322804137,6.0000398189999995,0
ADD_RUN_00444__v3,A2_20s,ADD_RUN_00444,BY2,ADDENDUM,D62_20s_seed_04,A2,seed_04,F04,AB1111,v3,error_series,semisynthetic,pitch_3sigma_deg,56642,56642,0,0,0,0,0.32472052799999995,6.0000398189999995,0
ADD_RUN_00444__v3,A2_20s,ADD_RUN_00444,BY2,ADDENDUM,D62_20s_seed_04,A2,seed_04,F04,AB1111,v3,error_series,semisynthetic,yaw_3sigma_deg,56642,56642,0,0,0,0,0.544774026,6.0000398189999995,0
ADD_RUN_00444__v2,A2_20s,ADD_RUN_00444,BY2,ADDENDUM,D62_20s_seed_04,A2,seed_04,F04,AB1111,v2,error_series,semisynthetic,time,56642,56642,0,0,0,0,66.005054,339.997056,0
ADD_RUN_00444__v2,A2_20s,ADD_RUN_00444,BY2,ADDENDUM,D62_20s_seed_04,A2,seed_04,F04,AB1111,v2,error_series,semisynthetic,err_n_m,56642,56642,0,0,0,0,-1.3718537797373198,0.21480230181866133,31403
ADD_RUN_00444__v2,A2_20s,ADD_RUN_00444,BY2,ADDENDUM,D62_20s_seed_04,A2,seed_04,F04,AB1111,v2,error_series,semisynthetic,err_e_m,56642,56642,0,0,0,0,-0.21583487414665115,0.49627081185374067,24793
ADD_RUN_00444__v2,A2_20s,ADD_RUN_00444,BY2,ADDENDUM,D62_20s_seed_04,A2,seed_04,F04,AB1111,v2,error_series,semisynthetic,err_u_m,56642,56642,0,0,0,0,-17.09718387887267,0.04139467741025951,56600
ADD_RUN_00444__v2,A2_20s,ADD_RUN_00444,BY2,ADDENDUM,D62_20s_seed_04,A2,seed_04,F04,AB1111,v2,error_series,semisynthetic,horizontal_err_m,56642,56642,0,0,0,0,0.013466075170417273,1.4029394977812053,0
ADD_RUN_00444__v2,A2_20s,ADD_RUN_00444,BY2,ADDENDUM,D62_20s_seed_04,A2,seed_04,F04,AB1111,v2,error_series,semisynthetic,position_3d_err_m,56642,56642,0,0,0,0,0.1588225579551975,17.15464764495086,0
ADD_RUN_00444__v2,A2_20s,ADD_RUN_00444,BY2,ADDENDUM,D62_20s_seed_04,A2,seed_04,F04,AB1111,v2,error_series,semisynthetic,roll_err_deg,56642,56642,0,0,0,0,-4.084221907563261,6.87249473029658,19296
ADD_RUN_00444__v2,A2_20s,ADD_RUN_00444,BY2,ADDENDUM,D62_20s_seed_04,A2,seed_04,F04,AB1111,v2,error_series,semisynthetic,pitch_err_deg,56642,56642,0,0,0,0,-8.56997115875447,8.513640839542632,37191
ADD_RUN_00444__v2,A2_20s,ADD_RUN_00444,BY2,ADDENDUM,D62_20s_seed_04,A2,seed_04,F04,AB1111,v2,error_series,semisynthetic,yaw_err_deg,56642,56642,0,0,0,0,-8.76921266323842,3.845872104265311,42125
ADD_RUN_00444__v2,A2_20s,ADD_RUN_00444,BY2,ADDENDUM,D62_20s_seed_04,A2,seed_04,F04,AB1111,v2,error_series,semisynthetic,horizontal_3sigma_m,56642,56642,0,0,0,0,0.04566308680918334,42.43457969268709,0
ADD_RUN_00444__v2,A2_20s,ADD_RUN_00444,BY2,ADDENDUM,D62_20s_seed_04,A2,seed_04,F04,AB1111,v2,error_series,semisynthetic,roll_3sigma_deg,56642,56642,0,0,0,0,0.322804137,6.0000398189999995,0
ADD_RUN_00444__v2,A2_20s,ADD_RUN_00444,BY2,ADDENDUM,D62_20s_seed_04,A2,seed_04,F04,AB1111,v2,error_series,semisynthetic,pitch_3sigma_deg,56642,56642,0,0,0,0,0.32472052799999995,6.0000398189999995,0
ADD_RUN_00444__v2,A2_20s,ADD_RUN_00444,BY2,ADDENDUM,D62_20s_seed_04,A2,seed_04,F04,AB1111,v2,error_series,semisynthetic,yaw_3sigma_deg,56642,56642,0,0,0,0,0.544774026,6.0000398189999995,0
ADD_RUN_00445__v3,A2_20s,ADD_RUN_00445,BY2,ADDENDUM,D62_20s_seed_04,A2,seed_04,A03,AB0111,v3,error_series,semisynthetic,time,56642,56642,0,0,0,0,66.005054,339.997056,0
ADD_RUN_00445__v3,A2_20s,ADD_RUN_00445,BY2,ADDENDUM,D62_20s_seed_04,A2,seed_04,A03,AB0111,v3,error_series,semisynthetic,err_n_m,56642,56642,0,0,0,0,-1.5449670620867426,0.18633657530722303,37372
ADD_RUN_00445__v3,A2_20s,ADD_RUN_00445,BY2,ADDENDUM,D62_20s_seed_04,A2,seed_04,A03,AB0111,v3,error_series,semisynthetic,err_e_m,56642,56642,0,0,0,0,-0.18567049096064805,0.5177523672836628,24530
ADD_RUN_00445__v3,A2_20s,ADD_RUN_00445,BY2,ADDENDUM,D62_20s_seed_04,A2,seed_04,A03,AB0111,v3,error_series,semisynthetic,err_u_m,56642,56642,0,0,0,0,-16.8540815807751,0.3415064349426196,40812
ADD_RUN_00445__v3,A2_20s,ADD_RUN_00445,BY2,ADDENDUM,D62_20s_seed_04,A2,seed_04,A03,AB0111,v3,error_series,semisynthetic,horizontal_err_m,56642,56642,0,0,0,0,0.0001508515705773787,1.5726900767326473,0
ADD_RUN_00445__v3,A2_20s,ADD_RUN_00445,BY2,ADDENDUM,D62_20s_seed_04,A2,seed_04,A03,AB0111,v3,error_series,semisynthetic,position_3d_err_m,56642,56642,0,0,0,0,0.002711176191674168,16.9272980717206,0
ADD_RUN_00445__v3,A2_20s,ADD_RUN_00445,BY2,ADDENDUM,D62_20s_seed_04,A2,seed_04,A03,AB0111,v3,error_series,semisynthetic,roll_err_deg,56642,56642,0,0,0,0,-4.0847431775632685,6.8704302722965735,19295
ADD_RUN_00445__v3,A2_20s,ADD_RUN_00445,BY2,ADDENDUM,D62_20s_seed_04,A2,seed_04,A03,AB0111,v3,error_series,semisynthetic,pitch_err_deg,56642,56642,0,0,0,0,-8.568916664754454,8.511179691542623,37197
ADD_RUN_00445__v3,A2_20s,ADD_RUN_00445,BY2,ADDENDUM,D62_20s_seed_04,A2,seed_04,A03,AB0111,v3,error_series,semisynthetic,yaw_err_deg,56642,56642,0,0,0,0,-8.773247657238414,3.842648550265295,42077
ADD_RUN_00445__v3,A2_20s,ADD_RUN_00445,BY2,ADDENDUM,D62_20s_seed_04,A2,seed_04,A03,AB0111,v3,error_series,semisynthetic,horizontal_3sigma_m,56642,56642,0,0,0,0,0.04601875003254045,42.43457969268709,0
ADD_RUN_00445__v3,A2_20s,ADD_RUN_00445,BY2,ADDENDUM,D62_20s_seed_04,A2,seed_04,A03,AB0111,v3,error_series,semisynthetic,roll_3sigma_deg,56642,56642,0,0,0,0,0.322813185,6.0000398189999995,0
ADD_RUN_00445__v3,A2_20s,ADD_RUN_00445,BY2,ADDENDUM,D62_20s_seed_04,A2,seed_04,A03,AB0111,v3,error_series,semisynthetic,pitch_3sigma_deg,56642,56642,0,0,0,0,0.324729351,6.0000398189999995,0
ADD_RUN_00445__v3,A2_20s,ADD_RUN_00445,BY2,ADDENDUM,D62_20s_seed_04,A2,seed_04,A03,AB0111,v3,error_series,semisynthetic,yaw_3sigma_deg,56642,56642,0,0,0,0,0.544840203,6.0000398189999995,0
ADD_RUN_00445__v2,A2_20s,ADD_RUN_00445,BY2,ADDENDUM,D62_20s_seed_04,A2,seed_04,A03,AB0111,v2,error_series,semisynthetic,time,56642,56642,0,0,0,0,66.005054,339.997056,0
ADD_RUN_00445__v2,A2_20s,ADD_RUN_00445,BY2,ADDENDUM,D62_20s_seed_04,A2,seed_04,A03,AB0111,v2,error_series,semisynthetic,err_n_m,56642,56642,0,0,0,0,-1.368744880436001,0.2121194644313693,31646
ADD_RUN_00445__v2,A2_20s,ADD_RUN_00445,BY2,ADDENDUM,D62_20s_seed_04,A2,seed_04,A03,AB0111,v2,error_series,semisynthetic,err_e_m,56642,56642,0,0,0,0,-0.21805560095620535,0.4962708117611321,24613
ADD_RUN_00445__v2,A2_20s,ADD_RUN_00445,BY2,ADDENDUM,D62_20s_seed_04,A2,seed_04,A03,AB0111,v2,error_series,semisynthetic,err_u_m,56642,56642,0,0,0,0,-17.14003967744948,0.04139467741025951,56600
ADD_RUN_00445__v2,A2_20s,ADD_RUN_00445,BY2,ADDENDUM,D62_20s_seed_04,A2,seed_04,A03,AB0111,v2,error_series,semisynthetic,horizontal_err_m,56642,56642,0,0,0,0,0.013466074749510747,1.4004938456866944,0
ADD_RUN_00445__v2,A2_20s,ADD_RUN_00445,BY2,ADDENDUM,D62_20s_seed_04,A2,seed_04,A03,AB0111,v2,error_series,semisynthetic,position_3d_err_m,56642,56642,0,0,0,0,0.1597351842483287,17.19716090395007,0
ADD_RUN_00445__v2,A2_20s,ADD_RUN_00445,BY2,ADDENDUM,D62_20s_seed_04,A2,seed_04,A03,AB0111,v2,error_series,semisynthetic,roll_err_deg,56642,56642,0,0,0,0,-4.0847431775632685,6.8704302722965735,19295
ADD_RUN_00445__v2,A2_20s,ADD_RUN_00445,BY2,ADDENDUM,D62_20s_seed_04,A2,seed_04,A03,AB0111,v2,error_series,semisynthetic,pitch_err_deg,56642,56642,0,0,0,0,-8.568916664754454,8.511179691542623,37197
ADD_RUN_00445__v2,A2_20s,ADD_RUN_00445,BY2,ADDENDUM,D62_20s_seed_04,A2,seed_04,A03,AB0111,v2,error_series,semisynthetic,yaw_err_deg,56642,56642,0,0,0,0,-8.773247657238414,3.842648550265295,42077
ADD_RUN_00445__v2,A2_20s,ADD_RUN_00445,BY2,ADDENDUM,D62_20s_seed_04,A2,seed_04,A03,AB0111,v2,error_series,semisynthetic,horizontal_3sigma_m,56642,56642,0,0,0,0,0.04601875003254045,42.43457969268709,0
ADD_RUN_00445__v2,A2_20s,ADD_RUN_00445,BY2,ADDENDUM,D62_20s_seed_04,A2,seed_04,A03,AB0111,v2,error_series,semisynthetic,roll_3sigma_deg,56642,56642,0,0,0,0,0.322813185,6.0000398189999995,0
ADD_RUN_00445__v2,A2_20s,ADD_RUN_00445,BY2,ADDENDUM,D62_20s_seed_04,A2,seed_04,A03,AB0111,v2,error_series,semisynthetic,pitch_3sigma_deg,56642,56642,0,0,0,0,0.324729351,6.0000398189999995,0
ADD_RUN_00445__v2,A2_20s,ADD_RUN_00445,BY2,ADDENDUM,D62_20s_seed_04,A2,seed_04,A03,AB0111,v2,error_series,semisynthetic,yaw_3sigma_deg,56642,56642,0,0,0,0,0.544840203,6.0000398189999995,0
ADD_RUN_00446__v3,A2_20s,ADD_RUN_00446,BY2,ADDENDUM,D62_20s_seed_04,A2,seed_04,A04,AB1011,v3,error_series,semisynthetic,time,56642,56642,0,0,0,0,66.005054,339.997056,0
ADD_RUN_00446__v3,A2_20s,ADD_RUN_00446,BY2,ADDENDUM,D62_20s_seed_04,A2,seed_04,A04,AB1011,v3,error_series,semisynthetic,err_n_m,56642,56642,0,0,0,0,-1.5764798516955798,0.1904133473290699,36630
ADD_RUN_00446__v3,A2_20s,ADD_RUN_00446,BY2,ADDENDUM,D62_20s_seed_04,A2,seed_04,A04,AB1011,v3,error_series,semisynthetic,err_e_m,56642,56642,0,0,0,0,-0.18567049096064805,0.5155285132846714,24686
ADD_RUN_00446__v3,A2_20s,ADD_RUN_00446,BY2,ADDENDUM,D62_20s_seed_04,A2,seed_04,A04,AB1011,v3,error_series,semisynthetic,err_u_m,56642,56642,0,0,0,0,-16.75778212087316,0.3415064349426196,40748
ADD_RUN_00446__v3,A2_20s,ADD_RUN_00446,BY2,ADDENDUM,D62_20s_seed_04,A2,seed_04,A04,AB1011,v3,error_series,semisynthetic,horizontal_err_m,56642,56642,0,0,0,0,0.0003026361058261291,1.6008042963706712,0
ADD_RUN_00446__v3,A2_20s,ADD_RUN_00446,BY2,ADDENDUM,D62_20s_seed_04,A2,seed_04,A04,AB1011,v3,error_series,semisynthetic,position_3d_err_m,56642,56642,0,0,0,0,0.0018650422652634095,16.834067720130356,0
ADD_RUN_00446__v3,A2_20s,ADD_RUN_00446,BY2,ADDENDUM,D62_20s_seed_04,A2,seed_04,A04,AB1011,v3,error_series,semisynthetic,roll_err_deg,56642,56642,0,0,0,0,-3.9429896225632888,6.560786096139481,19950
ADD_RUN_00446__v3,A2_20s,ADD_RUN_00446,BY2,ADDENDUM,D62_20s_seed_04,A2,seed_04,A04,AB1011,v3,error_series,semisynthetic,pitch_err_deg,56642,56642,0,0,0,0,-8.223025403754463,8.498578684542622,37052
ADD_RUN_00446__v3,A2_20s,ADD_RUN_00446,BY2,ADDENDUM,D62_20s_seed_04,A2,seed_04,A04,AB1011,v3,error_series,semisynthetic,yaw_err_deg,56642,56642,0,0,0,0,-8.773626135238402,3.843507391265291,42170
ADD_RUN_00446__v3,A2_20s,ADD_RUN_00446,BY2,ADDENDUM,D62_20s_seed_04,A2,seed_04,A04,AB1011,v3,error_series,semisynthetic,horizontal_3sigma_m,56642,56642,0,0,0,0,0.04477348778364094,42.43457969268709,0
ADD_RUN_00446__v3,A2_20s,ADD_RUN_00446,BY2,ADDENDUM,D62_20s_seed_04,A2,seed_04,A04,AB1011,v3,error_series,semisynthetic,roll_3sigma_deg,56642,56642,0,0,0,0,0.302976582,6.0000398189999995,0
ADD_RUN_00446__v3,A2_20s,ADD_RUN_00446,BY2,ADDENDUM,D62_20s_seed_04,A2,seed_04,A04,AB1011,v3,error_series,semisynthetic,pitch_3sigma_deg,56642,56642,0,0,0,0,0.304145067,6.0000398189999995,0
ADD_RUN_00446__v3,A2_20s,ADD_RUN_00446,BY2,ADDENDUM,D62_20s_seed_04,A2,seed_04,A04,AB1011,v3,error_series,semisynthetic,yaw_3sigma_deg,56642,56642,0,0,0,0,0.544636143,6.0000398189999995,0
ADD_RUN_00446__v2,A2_20s,ADD_RUN_00446,BY2,ADDENDUM,D62_20s_seed_04,A2,seed_04,A04,AB1011,v2,error_series,semisynthetic,time,56642,56642,0,0,0,0,66.005054,339.997056,0
ADD_RUN_00446__v2,A2_20s,ADD_RUN_00446,BY2,ADDENDUM,D62_20s_seed_04,A2,seed_04,A04,AB1011,v2,error_series,semisynthetic,err_n_m,56642,56642,0,0,0,0,-1.4007226032130156,0.2084733009219697,31187
ADD_RUN_00446__v2,A2_20s,ADD_RUN_00446,BY2,ADDENDUM,D62_20s_seed_04,A2,seed_04,A04,AB1011,v2,error_series,semisynthetic,err_e_m,56642,56642,0,0,0,0,-0.21089642031292044,0.49516043359650297,24853
ADD_RUN_00446__v2,A2_20s,ADD_RUN_00446,BY2,ADDENDUM,D62_20s_seed_04,A2,seed_04,A04,AB1011,v2,error_series,semisynthetic,err_u_m,56642,56642,0,0,0,0,-17.044021089467506,0.04139467741025951,56600
ADD_RUN_00446__v2,A2_20s,ADD_RUN_00446,BY2,ADDENDUM,D62_20s_seed_04,A2,seed_04,A04,AB1011,v2,error_series,semisynthetic,horizontal_err_m,56642,56642,0,0,0,0,0.013638725610057426,1.4286406384996033,0
ADD_RUN_00446__v2,A2_20s,ADD_RUN_00446,BY2,ADDENDUM,D62_20s_seed_04,A2,seed_04,A04,AB1011,v2,error_series,semisynthetic,position_3d_err_m,56642,56642,0,0,0,0,0.1609104978808147,17.103791070174637,0
ADD_RUN_00446__v2,A2_20s,ADD_RUN_00446,BY2,ADDENDUM,D62_20s_seed_04,A2,seed_04,A04,AB1011,v2,error_series,semisynthetic,roll_err_deg,56642,56642,0,0,0,0,-3.9429896225632888,6.560786096139481,19950
ADD_RUN_00446__v2,A2_20s,ADD_RUN_00446,BY2,ADDENDUM,D62_20s_seed_04,A2,seed_04,A04,AB1011,v2,error_series,semisynthetic,pitch_err_deg,56642,56642,0,0,0,0,-8.223025403754463,8.498578684542622,37052
ADD_RUN_00446__v2,A2_20s,ADD_RUN_00446,BY2,ADDENDUM,D62_20s_seed_04,A2,seed_04,A04,AB1011,v2,error_series,semisynthetic,yaw_err_deg,56642,56642,0,0,0,0,-8.773626135238402,3.843507391265291,42170
ADD_RUN_00446__v2,A2_20s,ADD_RUN_00446,BY2,ADDENDUM,D62_20s_seed_04,A2,seed_04,A04,AB1011,v2,error_series,semisynthetic,horizontal_3sigma_m,56642,56642,0,0,0,0,0.04477348778364094,42.43457969268709,0
ADD_RUN_00446__v2,A2_20s,ADD_RUN_00446,BY2,ADDENDUM,D62_20s_seed_04,A2,seed_04,A04,AB1011,v2,error_series,semisynthetic,roll_3sigma_deg,56642,56642,0,0,0,0,0.302976582,6.0000398189999995,0
ADD_RUN_00446__v2,A2_20s,ADD_RUN_00446,BY2,ADDENDUM,D62_20s_seed_04,A2,seed_04,A04,AB1011,v2,error_series,semisynthetic,pitch_3sigma_deg,56642,56642,0,0,0,0,0.304145067,6.0000398189999995,0
ADD_RUN_00446__v2,A2_20s,ADD_RUN_00446,BY2,ADDENDUM,D62_20s_seed_04,A2,seed_04,A04,AB1011,v2,error_series,semisynthetic,yaw_3sigma_deg,56642,56642,0,0,0,0,0.544636143,6.0000398189999995,0
ADD_RUN_00447__v3,A2_20s,ADD_RUN_00447,BY2,ADDENDUM,D62_20s_seed_04,A2,seed_04,A05,AB1101,v3,error_series,semisynthetic,time,56642,56642,0,0,0,0,66.005054,339.997056,0
ADD_RUN_00447__v3,A2_20s,ADD_RUN_00447,BY2,ADDENDUM,D62_20s_seed_04,A2,seed_04,A05,AB1101,v3,error_series,semisynthetic,err_n_m,56642,56642,0,0,0,0,-1.554972475008527,0.18238024591365587,38867
ADD_RUN_00447__v3,A2_20s,ADD_RUN_00447,BY2,ADDENDUM,D62_20s_seed_04,A2,seed_04,A05,AB1101,v3,error_series,semisynthetic,err_e_m,56642,56642,0,0,0,0,-0.18567049096064805,0.524338974618864,23979
ADD_RUN_00447__v3,A2_20s,ADD_RUN_00447,BY2,ADDENDUM,D62_20s_seed_04,A2,seed_04,A05,AB1101,v3,error_series,semisynthetic,err_u_m,56642,56642,0,0,0,0,-17.11893467577729,0.3415064349426196,39059
ADD_RUN_00447__v3,A2_20s,ADD_RUN_00447,BY2,ADDENDUM,D62_20s_seed_04,A2,seed_04,A05,AB1101,v3,error_series,semisynthetic,horizontal_err_m,56642,56642,0,0,0,0,0.00016373629695028822,1.5845773743124556,0
ADD_RUN_00447__v3,A2_20s,ADD_RUN_00447,BY2,ADDENDUM,D62_20s_seed_04,A2,seed_04,A05,AB1101,v3,error_series,semisynthetic,position_3d_err_m,56642,56642,0,0,0,0,0.0018408132234127737,17.192114759060708,0
ADD_RUN_00447__v3,A2_20s,ADD_RUN_00447,BY2,ADDENDUM,D62_20s_seed_04,A2,seed_04,A05,AB1101,v3,error_series,semisynthetic,roll_err_deg,56642,56642,0,0,0,0,-4.373939487563263,9.288636885296569,16186
ADD_RUN_00447__v3,A2_20s,ADD_RUN_00447,BY2,ADDENDUM,D62_20s_seed_04,A2,seed_04,A05,AB1101,v3,error_series,semisynthetic,pitch_err_deg,56642,56642,0,0,0,0,-9.985514612754457,8.448945113542635,37548
ADD_RUN_00447__v3,A2_20s,ADD_RUN_00447,BY2,ADDENDUM,D62_20s_seed_04,A2,seed_04,A05,AB1101,v3,error_series,semisynthetic,yaw_err_deg,56642,56642,0,0,0,0,-8.840626783238406,3.819187095265306,42233
ADD_RUN_00447__v3,A2_20s,ADD_RUN_00447,BY2,ADDENDUM,D62_20s_seed_04,A2,seed_04,A05,AB1101,v3,error_series,semisynthetic,horizontal_3sigma_m,56642,56642,0,0,0,0,0.0456965953919804,42.43457969268709,0
ADD_RUN_00447__v3,A2_20s,ADD_RUN_00447,BY2,ADDENDUM,D62_20s_seed_04,A2,seed_04,A05,AB1101,v3,error_series,semisynthetic,roll_3sigma_deg,56642,56642,0,0,0,0,0.39942032400000005,6.0000398189999995,0
ADD_RUN_00447__v3,A2_20s,ADD_RUN_00447,BY2,ADDENDUM,D62_20s_seed_04,A2,seed_04,A05,AB1101,v3,error_series,semisynthetic,pitch_3sigma_deg,56642,56642,0,0,0,0,0.407569782,6.0000398189999995,0
ADD_RUN_00447__v3,A2_20s,ADD_RUN_00447,BY2,ADDENDUM,D62_20s_seed_04,A2,seed_04,A05,AB1101,v3,error_series,semisynthetic,yaw_3sigma_deg,56642,56642,0,0,0,0,0.544981554,6.0000398189999995,0
ADD_RUN_00447__v2,A2_20s,ADD_RUN_00447,BY2,ADDENDUM,D62_20s_seed_04,A2,seed_04,A05,AB1101,v2,error_series,semisynthetic,time,56642,56642,0,0,0,0,66.005054,339.997056,0
ADD_RUN_00447__v2,A2_20s,ADD_RUN_00447,BY2,ADDENDUM,D62_20s_seed_04,A2,seed_04,A05,AB1101,v2,error_series,semisynthetic,err_n_m,56642,56642,0,0,0,0,-1.3779611136117618,0.21458023078898414,30936
ADD_RUN_00447__v2,A2_20s,ADD_RUN_00447,BY2,ADDENDUM,D62_20s_seed_04,A2,seed_04,A05,AB1101,v2,error_series,semisynthetic,err_e_m,56642,56642,0,0,0,0,-0.2154233151916003,0.4932813219172161,25614
ADD_RUN_00447__v2,A2_20s,ADD_RUN_00447,BY2,ADDENDUM,D62_20s_seed_04,A2,seed_04,A05,AB1101,v2,error_series,semisynthetic,err_u_m,56642,56642,0,0,0,0,-17.40441311520574,0.04139467741025951,56600
ADD_RUN_00447__v2,A2_20s,ADD_RUN_00447,BY2,ADDENDUM,D62_20s_seed_04,A2,seed_04,A05,AB1101,v2,error_series,semisynthetic,horizontal_err_m,56642,56642,0,0,0,0,0.008254857374550357,1.4115653561978725,0
ADD_RUN_00447__v2,A2_20s,ADD_RUN_00447,BY2,ADDENDUM,D62_20s_seed_04,A2,seed_04,A05,AB1101,v2,error_series,semisynthetic,position_3d_err_m,56642,56642,0,0,0,0,0.15654100649905742,17.461561002372143,0
ADD_RUN_00447__v2,A2_20s,ADD_RUN_00447,BY2,ADDENDUM,D62_20s_seed_04,A2,seed_04,A05,AB1101,v2,error_series,semisynthetic,roll_err_deg,56642,56642,0,0,0,0,-4.373939487563263,9.288636885296569,16186
ADD_RUN_00447__v2,A2_20s,ADD_RUN_00447,BY2,ADDENDUM,D62_20s_seed_04,A2,seed_04,A05,AB1101,v2,error_series,semisynthetic,pitch_err_deg,56642,56642,0,0,0,0,-9.985514612754457,8.448945113542635,37548
ADD_RUN_00447__v2,A2_20s,ADD_RUN_00447,BY2,ADDENDUM,D62_20s_seed_04,A2,seed_04,A05,AB1101,v2,error_series,semisynthetic,yaw_err_deg,56642,56642,0,0,0,0,-8.840626783238406,3.819187095265306,42233
ADD_RUN_00447__v2,A2_20s,ADD_RUN_00447,BY2,ADDENDUM,D62_20s_seed_04,A2,seed_04,A05,AB1101,v2,error_series,semisynthetic,horizontal_3sigma_m,56642,56642,0,0,0,0,0.0456965953919804,42.43457969268709,0
ADD_RUN_00447__v2,A2_20s,ADD_RUN_00447,BY2,ADDENDUM,D62_20s_seed_04,A2,seed_04,A05,AB1101,v2,error_series,semisynthetic,roll_3sigma_deg,56642,56642,0,0,0,0,0.39942032400000005,6.0000398189999995,0
ADD_RUN_00447__v2,A2_20s,ADD_RUN_00447,BY2,ADDENDUM,D62_20s_seed_04,A2,seed_04,A05,AB1101,v2,error_series,semisynthetic,pitch_3sigma_deg,56642,56642,0,0,0,0,0.407569782,6.0000398189999995,0
ADD_RUN_00447__v2,A2_20s,ADD_RUN_00447,BY2,ADDENDUM,D62_20s_seed_04,A2,seed_04,A05,AB1101,v2,error_series,semisynthetic,yaw_3sigma_deg,56642,56642,0,0,0,0,0.544981554,6.0000398189999995,0
ADD_RUN_00448__v3,A2_20s,ADD_RUN_00448,BY2,ADDENDUM,D62_20s_seed_04,A2,seed_04,A06,AB1110,v3,error_series,semisynthetic,time,56642,56642,0,0,0,0,66.005054,339.997056,0
ADD_RUN_00448__v3,A2_20s,ADD_RUN_00448,BY2,ADDENDUM,D62_20s_seed_04,A2,seed_04,A06,AB1110,v3,error_series,semisynthetic,err_n_m,56642,56642,0,0,0,0,-28.598152931484,0.1850409308694303,37354
ADD_RUN_00448__v3,A2_20s,ADD_RUN_00448,BY2,ADDENDUM,D62_20s_seed_04,A2,seed_04,A06,AB1110,v3,error_series,semisynthetic,err_e_m,56642,56642,0,0,0,0,-0.18567049096064805,55.141771726923324,24313
ADD_RUN_00448__v3,A2_20s,ADD_RUN_00448,BY2,ADDENDUM,D62_20s_seed_04,A2,seed_04,A06,AB1110,v3,error_series,semisynthetic,err_u_m,56642,56642,0,0,0,0,-17.517991612964515,0.3415064349426196,40602
ADD_RUN_00448__v3,A2_20s,ADD_RUN_00448,BY2,ADDENDUM,D62_20s_seed_04,A2,seed_04,A06,AB1110,v3,error_series,semisynthetic,horizontal_err_m,56642,56642,0,0,0,0,0.0004254643792734839,62.1165786266168,0
ADD_RUN_00448__v3,A2_20s,ADD_RUN_00448,BY2,ADDENDUM,D62_20s_seed_04,A2,seed_04,A06,AB1110,v3,error_series,semisynthetic,position_3d_err_m,56642,56642,0,0,0,0,0.001909910006716837,64.53951789739804,0
ADD_RUN_00448__v3,A2_20s,ADD_RUN_00448,BY2,ADDENDUM,D62_20s_seed_04,A2,seed_04,A06,AB1110,v3,error_series,semisynthetic,roll_err_deg,56642,56642,0,0,0,0,-4.085588037563269,6.87459694429657,19336
ADD_RUN_00448__v3,A2_20s,ADD_RUN_00448,BY2,ADDENDUM,D62_20s_seed_04,A2,seed_04,A06,AB1110,v3,error_series,semisynthetic,pitch_err_deg,56642,56642,0,0,0,0,-8.569805389754464,8.516099713542644,37043
ADD_RUN_00448__v3,A2_20s,ADD_RUN_00448,BY2,ADDENDUM,D62_20s_seed_04,A2,seed_04,A06,AB1110,v3,error_series,semisynthetic,yaw_err_deg,56642,56642,0,0,0,0,-8.769687971238397,3.8466760922653123,42135
ADD_RUN_00448__v3,A2_20s,ADD_RUN_00448,BY2,ADDENDUM,D62_20s_seed_04,A2,seed_04,A06,AB1110,v3,error_series,semisynthetic,horizontal_3sigma_m,56642,56642,0,0,0,0,0.04650587644549821,42.43457969268709,0
ADD_RUN_00448__v3,A2_20s,ADD_RUN_00448,BY2,ADDENDUM,D62_20s_seed_04,A2,seed_04,A06,AB1110,v3,error_series,semisynthetic,roll_3sigma_deg,56642,56642,0,0,0,0,0.32284353899999996,6.0000398189999995,0
ADD_RUN_00448__v3,A2_20s,ADD_RUN_00448,BY2,ADDENDUM,D62_20s_seed_04,A2,seed_04,A06,AB1110,v3,error_series,semisynthetic,pitch_3sigma_deg,56642,56642,0,0,0,0,0.32475312300000003,6.0000398189999995,0
ADD_RUN_00448__v3,A2_20s,ADD_RUN_00448,BY2,ADDENDUM,D62_20s_seed_04,A2,seed_04,A06,AB1110,v3,error_series,semisynthetic,yaw_3sigma_deg,56642,56642,0,0,0,0,0.544827591,6.0000398189999995,0
ADD_RUN_00448__v2,A2_20s,ADD_RUN_00448,BY2,ADDENDUM,D62_20s_seed_04,A2,seed_04,A06,AB1110,v2,error_series,semisynthetic,time,56642,56642,0,0,0,0,66.005054,339.997056,0
ADD_RUN_00448__v2,A2_20s,ADD_RUN_00448,BY2,ADDENDUM,D62_20s_seed_04,A2,seed_04,A06,AB1110,v2,error_series,semisynthetic,err_n_m,56642,56642,0,0,0,0,-28.420817150402307,0.22246372261314384,31201
ADD_RUN_00448__v2,A2_20s,ADD_RUN_00448,BY2,ADDENDUM,D62_20s_seed_04,A2,seed_04,A06,AB1110,v2,error_series,semisynthetic,err_e_m,56642,56642,0,0,0,0,-0.2216429892856553,55.14277170247113,24723
ADD_RUN_00448__v2,A2_20s,ADD_RUN_00448,BY2,ADDENDUM,D62_20s_seed_04,A2,seed_04,A06,AB1110,v2,error_series,semisynthetic,err_u_m,56642,56642,0,0,0,0,-17.803269839350314,0.04139467741025951,56600
ADD_RUN_00448__v2,A2_20s,ADD_RUN_00448,BY2,ADDENDUM,D62_20s_seed_04,A2,seed_04,A06,AB1110,v2,error_series,semisynthetic,horizontal_err_m,56642,56642,0,0,0,0,0.011136797575479,62.03602274910484,0
ADD_RUN_00448__v2,A2_20s,ADD_RUN_00448,BY2,ADDENDUM,D62_20s_seed_04,A2,seed_04,A06,AB1110,v2,error_series,semisynthetic,position_3d_err_m,56642,56642,0,0,0,0,0.1568096404204199,64.54010021296972,0
ADD_RUN_00448__v2,A2_20s,ADD_RUN_00448,BY2,ADDENDUM,D62_20s_seed_04,A2,seed_04,A06,AB1110,v2,error_series,semisynthetic,roll_err_deg,56642,56642,0,0,0,0,-4.085588037563269,6.87459694429657,19336
ADD_RUN_00448__v2,A2_20s,ADD_RUN_00448,BY2,ADDENDUM,D62_20s_seed_04,A2,seed_04,A06,AB1110,v2,error_series,semisynthetic,pitch_err_deg,56642,56642,0,0,0,0,-8.569805389754464,8.516099713542644,37043
ADD_RUN_00448__v2,A2_20s,ADD_RUN_00448,BY2,ADDENDUM,D62_20s_seed_04,A2,seed_04,A06,AB1110,v2,error_series,semisynthetic,yaw_err_deg,56642,56642,0,0,0,0,-8.769687971238397,3.8466760922653123,42135
ADD_RUN_00448__v2,A2_20s,ADD_RUN_00448,BY2,ADDENDUM,D62_20s_seed_04,A2,seed_04,A06,AB1110,v2,error_series,semisynthetic,horizontal_3sigma_m,56642,56642,0,0,0,0,0.04650587644549821,42.43457969268709,0
ADD_RUN_00448__v2,A2_20s,ADD_RUN_00448,BY2,ADDENDUM,D62_20s_seed_04,A2,seed_04,A06,AB1110,v2,error_series,semisynthetic,roll_3sigma_deg,56642,56642,0,0,0,0,0.32284353899999996,6.0000398189999995,0
ADD_RUN_00448__v2,A2_20s,ADD_RUN_00448,BY2,ADDENDUM,D62_20s_seed_04,A2,seed_04,A06,AB1110,v2,error_series,semisynthetic,pitch_3sigma_deg,56642,56642,0,0,0,0,0.32475312300000003,6.0000398189999995,0
ADD_RUN_00448__v2,A2_20s,ADD_RUN_00448,BY2,ADDENDUM,D62_20s_seed_04,A2,seed_04,A06,AB1110,v2,error_series,semisynthetic,yaw_3sigma_deg,56642,56642,0,0,0,0,0.544827591,6.0000398189999995,0
ADD_RUN_00449__v3,A2_20s,ADD_RUN_00449,BY2,ADDENDUM,D62_20s_seed_04,A2,seed_04,A07,AB1100,v3,error_series,semisynthetic,time,56642,56642,0,0,0,0,66.005054,339.997056,0
ADD_RUN_00449__v3,A2_20s,ADD_RUN_00449,BY2,ADDENDUM,D62_20s_seed_04,A2,seed_04,A07,AB1100,v3,error_series,semisynthetic,err_n_m,56642,56642,0,0,0,0,-42.936168355765815,0.18086224864444134,38976
ADD_RUN_00449__v3,A2_20s,ADD_RUN_00449,BY2,ADDENDUM,D62_20s_seed_04,A2,seed_04,A07,AB1100,v3,error_series,semisynthetic,err_e_m,56642,56642,0,0,0,0,-0.18567049096064805,78.06888141417133,23723
ADD_RUN_00449__v3,A2_20s,ADD_RUN_00449,BY2,ADDENDUM,D62_20s_seed_04,A2,seed_04,A07,AB1100,v3,error_series,semisynthetic,err_u_m,56642,56642,0,0,0,0,-18.60599610647266,0.3415064349426196,39075
ADD_RUN_00449__v3,A2_20s,ADD_RUN_00449,BY2,ADDENDUM,D62_20s_seed_04,A2,seed_04,A07,AB1100,v3,error_series,semisynthetic,horizontal_err_m,56642,56642,0,0,0,0,8.482134249018355e-05,89.09694045439838,0
ADD_RUN_00449__v3,A2_20s,ADD_RUN_00449,BY2,ADDENDUM,D62_20s_seed_04,A2,seed_04,A07,AB1100,v3,error_series,semisynthetic,position_3d_err_m,56642,56642,0,0,0,0,0.0008092679491810451,91.0189424759961,0
ADD_RUN_00449__v3,A2_20s,ADD_RUN_00449,BY2,ADDENDUM,D62_20s_seed_04,A2,seed_04,A07,AB1100,v3,error_series,semisynthetic,roll_err_deg,56642,56642,0,0,0,0,-4.388657263563289,9.29177055429659,16259
ADD_RUN_00449__v3,A2_20s,ADD_RUN_00449,BY2,ADDENDUM,D62_20s_seed_04,A2,seed_04,A07,AB1100,v3,error_series,semisynthetic,pitch_err_deg,56642,56642,0,0,0,0,-9.984258896754454,8.46400124454263,37201
ADD_RUN_00449__v3,A2_20s,ADD_RUN_00449,BY2,ADDENDUM,D62_20s_seed_04,A2,seed_04,A07,AB1100,v3,error_series,semisynthetic,yaw_err_deg,56642,56642,0,0,0,0,-8.841724082238414,3.819632683265297,42247
ADD_RUN_00449__v3,A2_20s,ADD_RUN_00449,BY2,ADDENDUM,D62_20s_seed_04,A2,seed_04,A07,AB1100,v3,error_series,semisynthetic,horizontal_3sigma_m,56642,56642,0,0,0,0,0.0465453969656852,44.08025605995047,0
ADD_RUN_00449__v3,A2_20s,ADD_RUN_00449,BY2,ADDENDUM,D62_20s_seed_04,A2,seed_04,A07,AB1100,v3,error_series,semisynthetic,roll_3sigma_deg,56642,56642,0,0,0,0,0.399530829,6.0000398189999995,0
ADD_RUN_00449__v3,A2_20s,ADD_RUN_00449,BY2,ADDENDUM,D62_20s_seed_04,A2,seed_04,A07,AB1100,v3,error_series,semisynthetic,pitch_3sigma_deg,56642,56642,0,0,0,0,0.407657787,6.0000398189999995,0
ADD_RUN_00449__v3,A2_20s,ADD_RUN_00449,BY2,ADDENDUM,D62_20s_seed_04,A2,seed_04,A07,AB1100,v3,error_series,semisynthetic,yaw_3sigma_deg,56642,56642,0,0,0,0,0.5450416499999999,6.0000398189999995,0
ADD_RUN_00449__v2,A2_20s,ADD_RUN_00449,BY2,ADDENDUM,D62_20s_seed_04,A2,seed_04,A07,AB1100,v2,error_series,semisynthetic,time,56642,56642,0,0,0,0,66.005054,339.997056,0
ADD_RUN_00449__v2,A2_20s,ADD_RUN_00449,BY2,ADDENDUM,D62_20s_seed_04,A2,seed_04,A07,AB1100,v2,error_series,semisynthetic,err_n_m,56642,56642,0,0,0,0,-42.755848946303665,0.22235268794209873,30805
ADD_RUN_00449__v2,A2_20s,ADD_RUN_00449,BY2,ADDENDUM,D62_20s_seed_04,A2,seed_04,A07,AB1100,v2,error_series,semisynthetic,err_e_m,56642,56642,0,0,0,0,-0.22113049488859815,78.0651804805099,25495
ADD_RUN_00449__v2,A2_20s,ADD_RUN_00449,BY2,ADDENDUM,D62_20s_seed_04,A2,seed_04,A07,AB1100,v2,error_series,semisynthetic,err_u_m,56642,56642,0,0,0,0,-18.88937543223542,0.04139467741025951,56600
ADD_RUN_00449__v2,A2_20s,ADD_RUN_00449,BY2,ADDENDUM,D62_20s_seed_04,A2,seed_04,A07,AB1100,v2,error_series,semisynthetic,horizontal_err_m,56642,56642,0,0,0,0,0.008921075088357877,89.00693805863517,0
ADD_RUN_00449__v2,A2_20s,ADD_RUN_00449,BY2,ADDENDUM,D62_20s_seed_04,A2,seed_04,A07,AB1100,v2,error_series,semisynthetic,position_3d_err_m,56642,56642,0,0,0,0,0.15484376100977387,90.98924951220148,0
ADD_RUN_00449__v2,A2_20s,ADD_RUN_00449,BY2,ADDENDUM,D62_20s_seed_04,A2,seed_04,A07,AB1100,v2,error_series,semisynthetic,roll_err_deg,56642,56642,0,0,0,0,-4.388657263563289,9.29177055429659,16259
ADD_RUN_00449__v2,A2_20s,ADD_RUN_00449,BY2,ADDENDUM,D62_20s_seed_04,A2,seed_04,A07,AB1100,v2,error_series,semisynthetic,pitch_err_deg,56642,56642,0,0,0,0,-9.984258896754454,8.46400124454263,37201
ADD_RUN_00449__v2,A2_20s,ADD_RUN_00449,BY2,ADDENDUM,D62_20s_seed_04,A2,seed_04,A07,AB1100,v2,error_series,semisynthetic,yaw_err_deg,56642,56642,0,0,0,0,-8.841724082238414,3.819632683265297,42247
ADD_RUN_00449__v2,A2_20s,ADD_RUN_00449,BY2,ADDENDUM,D62_20s_seed_04,A2,seed_04,A07,AB1100,v2,error_series,semisynthetic,horizontal_3sigma_m,56642,56642,0,0,0,0,0.0465453969656852,44.08025605995047,0
ADD_RUN_00449__v2,A2_20s,ADD_RUN_00449,BY2,ADDENDUM,D62_20s_seed_04,A2,seed_04,A07,AB1100,v2,error_series,semisynthetic,roll_3sigma_deg,56642,56642,0,0,0,0,0.399530829,6.0000398189999995,0
ADD_RUN_00449__v2,A2_20s,ADD_RUN_00449,BY2,ADDENDUM,D62_20s_seed_04,A2,seed_04,A07,AB1100,v2,error_series,semisynthetic,pitch_3sigma_deg,56642,56642,0,0,0,0,0.407657787,6.0000398189999995,0
ADD_RUN_00449__v2,A2_20s,ADD_RUN_00449,BY2,ADDENDUM,D62_20s_seed_04,A2,seed_04,A07,AB1100,v2,error_series,semisynthetic,yaw_3sigma_deg,56642,56642,0,0,0,0,0.5450416499999999,6.0000398189999995,0
ADD_RUN_00450__v3,A2_20s,ADD_RUN_00450,BY2,ADDENDUM,D62_20s_seed_04,A2,seed_04,A08,AB1000,v3,error_series,semisynthetic,time,56642,56642,0,0,0,0,66.005054,339.997056,0
ADD_RUN_00450__v3,A2_20s,ADD_RUN_00450,BY2,ADDENDUM,D62_20s_seed_04,A2,seed_04,A08,AB1000,v3,error_series,semisynthetic,err_n_m,56642,56642,0,0,0,0,-42.92807082851974,0.18086964472402656,38756
ADD_RUN_00450__v3,A2_20s,ADD_RUN_00450,BY2,ADDENDUM,D62_20s_seed_04,A2,seed_04,A08,AB1000,v3,error_series,semisynthetic,err_e_m,56642,56642,0,0,0,0,-0.18567049096064805,78.11938567456743,23920
ADD_RUN_00450__v3,A2_20s,ADD_RUN_00450,BY2,ADDENDUM,D62_20s_seed_04,A2,seed_04,A08,AB1000,v3,error_series,semisynthetic,err_u_m,56642,56642,0,0,0,0,-18.607517526441896,0.3415064349426196,38998
ADD_RUN_00450__v3,A2_20s,ADD_RUN_00450,BY2,ADDENDUM,D62_20s_seed_04,A2,seed_04,A08,AB1000,v3,error_series,semisynthetic,horizontal_err_m,56642,56642,0,0,0,0,0.00014780506561989977,89.13729681356855,0
ADD_RUN_00450__v3,A2_20s,ADD_RUN_00450,BY2,ADDENDUM,D62_20s_seed_04,A2,seed_04,A08,AB1000,v3,error_series,semisynthetic,position_3d_err_m,56642,56642,0,0,0,0,0.0008661186109008281,91.05875790788639,0
ADD_RUN_00450__v3,A2_20s,ADD_RUN_00450,BY2,ADDENDUM,D62_20s_seed_04,A2,seed_04,A08,AB1000,v3,error_series,semisynthetic,roll_err_deg,56642,56642,0,0,0,0,-4.391545683563265,9.287718263296568,16286
ADD_RUN_00450__v3,A2_20s,ADD_RUN_00450,BY2,ADDENDUM,D62_20s_seed_04,A2,seed_04,A08,AB1000,v3,error_series,semisynthetic,pitch_err_deg,56642,56642,0,0,0,0,-9.982389130754456,8.464383034542635,37199
ADD_RUN_00450__v3,A2_20s,ADD_RUN_00450,BY2,ADDENDUM,D62_20s_seed_04,A2,seed_04,A08,AB1000,v3,error_series,semisynthetic,yaw_err_deg,56642,56642,0,0,0,0,-8.843859162238402,3.819116498265288,42275
ADD_RUN_00450__v3,A2_20s,ADD_RUN_00450,BY2,ADDENDUM,D62_20s_seed_04,A2,seed_04,A08,AB1000,v3,error_series,semisynthetic,horizontal_3sigma_m,56642,56642,0,0,0,0,0.046344498670501916,44.08017282633934,0
ADD_RUN_00450__v3,A2_20s,ADD_RUN_00450,BY2,ADDENDUM,D62_20s_seed_04,A2,seed_04,A08,AB1000,v3,error_series,semisynthetic,roll_3sigma_deg,56642,56642,0,0,0,0,0.399521301,6.0000398189999995,0
ADD_RUN_00450__v3,A2_20s,ADD_RUN_00450,BY2,ADDENDUM,D62_20s_seed_04,A2,seed_04,A08,AB1000,v3,error_series,semisynthetic,pitch_3sigma_deg,56642,56642,0,0,0,0,0.407644317,6.0000398189999995,0
ADD_RUN_00450__v3,A2_20s,ADD_RUN_00450,BY2,ADDENDUM,D62_20s_seed_04,A2,seed_04,A08,AB1000,v3,error_series,semisynthetic,yaw_3sigma_deg,56642,56642,0,0,0,0,0.544904859,6.0000398189999995,0
ADD_RUN_00450__v2,A2_20s,ADD_RUN_00450,BY2,ADDENDUM,D62_20s_seed_04,A2,seed_04,A08,AB1000,v2,error_series,semisynthetic,time,56642,56642,0,0,0,0,66.005054,339.997056,0
ADD_RUN_00450__v2,A2_20s,ADD_RUN_00450,BY2,ADDENDUM,D62_20s_seed_04,A2,seed_04,A08,AB1000,v2,error_series,semisynthetic,err_n_m,56642,56642,0,0,0,0,-42.747743585789316,0.22246372345168197,30610
ADD_RUN_00450__v2,A2_20s,ADD_RUN_00450,BY2,ADDENDUM,D62_20s_seed_04,A2,seed_04,A08,AB1000,v2,error_series,semisynthetic,err_e_m,56642,56642,0,0,0,0,-0.2212159072142299,78.11565987275236,25688
ADD_RUN_00450__v2,A2_20s,ADD_RUN_00450,BY2,ADDENDUM,D62_20s_seed_04,A2,seed_04,A08,AB1000,v2,error_series,semisynthetic,err_u_m,56642,56642,0,0,0,0,-18.890891544091346,0.04139467741025951,56600
ADD_RUN_00450__v2,A2_20s,ADD_RUN_00450,BY2,ADDENDUM,D62_20s_seed_04,A2,seed_04,A08,AB1000,v2,error_series,semisynthetic,horizontal_err_m,56642,56642,0,0,0,0,0.008921075403886989,89.04732392964948,0
ADD_RUN_00450__v2,A2_20s,ADD_RUN_00450,BY2,ADDENDUM,D62_20s_seed_04,A2,seed_04,A08,AB1000,v2,error_series,semisynthetic,position_3d_err_m,56642,56642,0,0,0,0,0.15480646685367852,91.02907053443174,0
ADD_RUN_00450__v2,A2_20s,ADD_RUN_00450,BY2,ADDENDUM,D62_20s_seed_04,A2,seed_04,A08,AB1000,v2,error_series,semisynthetic,roll_err_deg,56642,56642,0,0,0,0,-4.391545683563265,9.287718263296568,16286
ADD_RUN_00450__v2,A2_20s,ADD_RUN_00450,BY2,ADDENDUM,D62_20s_seed_04,A2,seed_04,A08,AB1000,v2,error_series,semisynthetic,pitch_err_deg,56642,56642,0,0,0,0,-9.982389130754456,8.464383034542635,37199
ADD_RUN_00450__v2,A2_20s,ADD_RUN_00450,BY2,ADDENDUM,D62_20s_seed_04,A2,seed_04,A08,AB1000,v2,error_series,semisynthetic,yaw_err_deg,56642,56642,0,0,0,0,-8.843859162238402,3.819116498265288,42275
ADD_RUN_00450__v2,A2_20s,ADD_RUN_00450,BY2,ADDENDUM,D62_20s_seed_04,A2,seed_04,A08,AB1000,v2,error_series,semisynthetic,horizontal_3sigma_m,56642,56642,0,0,0,0,0.046344498670501916,44.08017282633934,0
ADD_RUN_00450__v2,A2_20s,ADD_RUN_00450,BY2,ADDENDUM,D62_20s_seed_04,A2,seed_04,A08,AB1000,v2,error_series,semisynthetic,roll_3sigma_deg,56642,56642,0,0,0,0,0.399521301,6.0000398189999995,0
ADD_RUN_00450__v2,A2_20s,ADD_RUN_00450,BY2,ADDENDUM,D62_20s_seed_04,A2,seed_04,A08,AB1000,v2,error_series,semisynthetic,pitch_3sigma_deg,56642,56642,0,0,0,0,0.407644317,6.0000398189999995,0
ADD_RUN_00450__v2,A2_20s,ADD_RUN_00450,BY2,ADDENDUM,D62_20s_seed_04,A2,seed_04,A08,AB1000,v2,error_series,semisynthetic,yaw_3sigma_deg,56642,56642,0,0,0,0,0.544904859,6.0000398189999995,0
ADD_RUN_00451__v3,A2_20s,ADD_RUN_00451,BY2,ADDENDUM,D62_20s_seed_04,A2,seed_04,A09,AB0100,v3,error_series,semisynthetic,time,56642,56642,0,0,0,0,66.005054,339.997056,0
ADD_RUN_00451__v3,A2_20s,ADD_RUN_00451,BY2,ADDENDUM,D62_20s_seed_04,A2,seed_04,A09,AB0100,v3,error_series,semisynthetic,err_n_m,56642,56642,0,0,0,0,-42.755509565917535,0.180844687337391,39183
ADD_RUN_00451__v3,A2_20s,ADD_RUN_00451,BY2,ADDENDUM,D62_20s_seed_04,A2,seed_04,A09,AB0100,v3,error_series,semisynthetic,err_e_m,56642,56642,0,0,0,0,-0.18567049096064805,78.24136347595933,23971
ADD_RUN_00451__v3,A2_20s,ADD_RUN_00451,BY2,ADDENDUM,D62_20s_seed_04,A2,seed_04,A09,AB0100,v3,error_series,semisynthetic,err_u_m,56642,56642,0,0,0,0,-18.64649018067854,0.3415064349426196,39227
ADD_RUN_00451__v3,A2_20s,ADD_RUN_00451,BY2,ADDENDUM,D62_20s_seed_04,A2,seed_04,A09,AB0100,v3,error_series,semisynthetic,horizontal_err_m,56642,56642,0,0,0,0,0.0003235079658039625,89.16134003489657,0
ADD_RUN_00451__v3,A2_20s,ADD_RUN_00451,BY2,ADDENDUM,D62_20s_seed_04,A2,seed_04,A09,AB0100,v3,error_series,semisynthetic,position_3d_err_m,56642,56642,0,0,0,0,0.0012087659881074193,91.09026376554516,0
ADD_RUN_00451__v3,A2_20s,ADD_RUN_00451,BY2,ADDENDUM,D62_20s_seed_04,A2,seed_04,A09,AB0100,v3,error_series,semisynthetic,roll_err_deg,56642,56642,0,0,0,0,-4.386820221563283,9.28679987129658,16250
ADD_RUN_00451__v3,A2_20s,ADD_RUN_00451,BY2,ADDENDUM,D62_20s_seed_04,A2,seed_04,A09,AB0100,v3,error_series,semisynthetic,pitch_err_deg,56642,56642,0,0,0,0,-9.98245359975445,8.452458329542651,37235
ADD_RUN_00451__v3,A2_20s,ADD_RUN_00451,BY2,ADDENDUM,D62_20s_seed_04,A2,seed_04,A09,AB0100,v3,error_series,semisynthetic,yaw_err_deg,56642,56642,0,0,0,0,-8.845727800238421,3.8164961382653075,42193
ADD_RUN_00451__v3,A2_20s,ADD_RUN_00451,BY2,ADDENDUM,D62_20s_seed_04,A2,seed_04,A09,AB0100,v3,error_series,semisynthetic,horizontal_3sigma_m,56642,56642,0,0,0,0,0.04694367153773145,44.10036658336365,0
ADD_RUN_00451__v3,A2_20s,ADD_RUN_00451,BY2,ADDENDUM,D62_20s_seed_04,A2,seed_04,A09,AB0100,v3,error_series,semisynthetic,roll_3sigma_deg,56642,56642,0,0,0,0,0.39957843299999996,6.0000398189999995,0
ADD_RUN_00451__v3,A2_20s,ADD_RUN_00451,BY2,ADDENDUM,D62_20s_seed_04,A2,seed_04,A09,AB0100,v3,error_series,semisynthetic,pitch_3sigma_deg,56642,56642,0,0,0,0,0.40769099099999995,6.0000398189999995,0
ADD_RUN_00451__v3,A2_20s,ADD_RUN_00451,BY2,ADDENDUM,D62_20s_seed_04,A2,seed_04,A09,AB0100,v3,error_series,semisynthetic,yaw_3sigma_deg,56642,56642,0,0,0,0,0.545108937,6.0000398189999995,0
ADD_RUN_00451__v2,A2_20s,ADD_RUN_00451,BY2,ADDENDUM,D62_20s_seed_04,A2,seed_04,A09,AB0100,v2,error_series,semisynthetic,time,56642,56642,0,0,0,0,66.005054,339.997056,0
ADD_RUN_00451__v2,A2_20s,ADD_RUN_00451,BY2,ADDENDUM,D62_20s_seed_04,A2,seed_04,A09,AB0100,v2,error_series,semisynthetic,err_n_m,56642,56642,0,0,0,0,-42.575195832153355,0.21944779768993605,31041
ADD_RUN_00451__v2,A2_20s,ADD_RUN_00451,BY2,ADDENDUM,D62_20s_seed_04,A2,seed_04,A09,AB0100,v2,error_series,semisynthetic,err_e_m,56642,56642,0,0,0,0,-0.2237782891410518,78.23771649954242,25283
ADD_RUN_00451__v2,A2_20s,ADD_RUN_00451,BY2,ADDENDUM,D62_20s_seed_04,A2,seed_04,A09,AB0100,v2,error_series,semisynthetic,err_u_m,56642,56642,0,0,0,0,-18.92987381751005,0.04139467741025951,56600
ADD_RUN_00451__v2,A2_20s,ADD_RUN_00451,BY2,ADDENDUM,D62_20s_seed_04,A2,seed_04,A09,AB0100,v2,error_series,semisynthetic,horizontal_err_m,56642,56642,0,0,0,0,0.008921075303323653,89.07181138389956,0
ADD_RUN_00451__v2,A2_20s,ADD_RUN_00451,BY2,ADDENDUM,D62_20s_seed_04,A2,seed_04,A09,AB0100,v2,error_series,semisynthetic,position_3d_err_m,56642,56642,0,0,0,0,0.15594190788662482,91.0611207154614,0
ADD_RUN_00451__v2,A2_20s,ADD_RUN_00451,BY2,ADDENDUM,D62_20s_seed_04,A2,seed_04,A09,AB0100,v2,error_series,semisynthetic,roll_err_deg,56642,56642,0,0,0,0,-4.386820221563283,9.28679987129658,16250
ADD_RUN_00451__v2,A2_20s,ADD_RUN_00451,BY2,ADDENDUM,D62_20s_seed_04,A2,seed_04,A09,AB0100,v2,error_series,semisynthetic,pitch_err_deg,56642,56642,0,0,0,0,-9.98245359975445,8.452458329542651,37235
ADD_RUN_00451__v2,A2_20s,ADD_RUN_00451,BY2,ADDENDUM,D62_20s_seed_04,A2,seed_04,A09,AB0100,v2,error_series,semisynthetic,yaw_err_deg,56642,56642,0,0,0,0,-8.845727800238421,3.8164961382653075,42193
ADD_RUN_00451__v2,A2_20s,ADD_RUN_00451,BY2,ADDENDUM,D62_20s_seed_04,A2,seed_04,A09,AB0100,v2,error_series,semisynthetic,horizontal_3sigma_m,56642,56642,0,0,0,0,0.04694367153773145,44.10036658336365,0
ADD_RUN_00451__v2,A2_20s,ADD_RUN_00451,BY2,ADDENDUM,D62_20s_seed_04,A2,seed_04,A09,AB0100,v2,error_series,semisynthetic,roll_3sigma_deg,56642,56642,0,0,0,0,0.39957843299999996,6.0000398189999995,0
ADD_RUN_00451__v2,A2_20s,ADD_RUN_00451,BY2,ADDENDUM,D62_20s_seed_04,A2,seed_04,A09,AB0100,v2,error_series,semisynthetic,pitch_3sigma_deg,56642,56642,0,0,0,0,0.40769099099999995,6.0000398189999995,0
ADD_RUN_00451__v2,A2_20s,ADD_RUN_00451,BY2,ADDENDUM,D62_20s_seed_04,A2,seed_04,A09,AB0100,v2,error_series,semisynthetic,yaw_3sigma_deg,56642,56642,0,0,0,0,0.545108937,6.0000398189999995,0
ADD_RUN_00452__v3,A2_20s,ADD_RUN_00452,BY2,ADDENDUM,D62_20s_seed_05,A2,seed_05,F01,single_antenna_EKF,v3,error_series,semisynthetic,time,56642,56642,0,0,0,0,66.005054,339.997056,0
ADD_RUN_00452__v3,A2_20s,ADD_RUN_00452,BY2,ADDENDUM,D62_20s_seed_05,A2,seed_05,F01,single_antenna_EKF,v3,error_series,semisynthetic,err_n_m,56642,56642,0,0,0,0,-34.42688431484049,0.1753819497185347,39073
ADD_RUN_00452__v3,A2_20s,ADD_RUN_00452,BY2,ADDENDUM,D62_20s_seed_05,A2,seed_05,F01,single_antenna_EKF,v3,error_series,semisynthetic,err_e_m,56642,56642,0,0,0,0,-0.18567049096064805,86.64343412996452,25370
ADD_RUN_00452__v3,A2_20s,ADD_RUN_00452,BY2,ADDENDUM,D62_20s_seed_05,A2,seed_05,F01,single_antenna_EKF,v3,error_series,semisynthetic,err_u_m,56642,56642,0,0,0,0,-0.7694171467319464,3.09972598379386,37621
ADD_RUN_00452__v3,A2_20s,ADD_RUN_00452,BY2,ADDENDUM,D62_20s_seed_05,A2,seed_05,F01,single_antenna_EKF,v3,error_series,semisynthetic,horizontal_err_m,56642,56642,0,0,0,0,0.00014181290881221632,93.23247846893759,0
ADD_RUN_00452__v3,A2_20s,ADD_RUN_00452,BY2,ADDENDUM,D62_20s_seed_05,A2,seed_05,F01,single_antenna_EKF,v3,error_series,semisynthetic,position_3d_err_m,56642,56642,0,0,0,0,0.00078425699127759,93.28399296039765,0
ADD_RUN_00452__v3,A2_20s,ADD_RUN_00452,BY2,ADDENDUM,D62_20s_seed_05,A2,seed_05,F01,single_antenna_EKF,v3,error_series,semisynthetic,roll_err_deg,56642,56642,0,0,0,0,-4.456687683563274,9.293130548296574,16418
ADD_RUN_00452__v3,A2_20s,ADD_RUN_00452,BY2,ADDENDUM,D62_20s_seed_05,A2,seed_05,F01,single_antenna_EKF,v3,error_series,semisynthetic,pitch_err_deg,56642,56642,0,0,0,0,-9.989599766754452,8.452295398542645,37765
ADD_RUN_00452__v3,A2_20s,ADD_RUN_00452,BY2,ADDENDUM,D62_20s_seed_05,A2,seed_05,F01,single_antenna_EKF,v3,error_series,semisynthetic,yaw_err_deg,56642,56642,0,0,0,0,-17.940865533238423,1.0895758841452334,56301
ADD_RUN_00452__v3,A2_20s,ADD_RUN_00452,BY2,ADDENDUM,D62_20s_seed_05,A2,seed_05,F01,single_antenna_EKF,v3,error_series,semisynthetic,horizontal_3sigma_m,56642,56642,0,0,0,0,0.04700990880282893,43.379176661512126,0
ADD_RUN_00452__v3,A2_20s,ADD_RUN_00452,BY2,ADDENDUM,D62_20s_seed_05,A2,seed_05,F01,single_antenna_EKF,v3,error_series,semisynthetic,roll_3sigma_deg,56642,56642,0,0,0,0,0.411212793,6.0000398189999995,0
ADD_RUN_00452__v3,A2_20s,ADD_RUN_00452,BY2,ADDENDUM,D62_20s_seed_05,A2,seed_05,F01,single_antenna_EKF,v3,error_series,semisynthetic,pitch_3sigma_deg,56642,56642,0,0,0,0,0.41119739699999996,6.0000398189999995,0
ADD_RUN_00452__v3,A2_20s,ADD_RUN_00452,BY2,ADDENDUM,D62_20s_seed_05,A2,seed_05,F01,single_antenna_EKF,v3,error_series,semisynthetic,yaw_3sigma_deg,56642,56642,0,0,0,0,2.656212717,6.0000398189999995,0
ADD_RUN_00452__v2,A2_20s,ADD_RUN_00452,BY2,ADDENDUM,D62_20s_seed_05,A2,seed_05,F01,single_antenna_EKF,v2,error_series,semisynthetic,time,56642,56642,0,0,0,0,66.005054,339.997056,0
ADD_RUN_00452__v2,A2_20s,ADD_RUN_00452,BY2,ADDENDUM,D62_20s_seed_05,A2,seed_05,F01,single_antenna_EKF,v2,error_series,semisynthetic,err_n_m,56642,56642,0,0,0,0,-34.40154704522827,0.22078020549652067,28502
ADD_RUN_00452__v2,A2_20s,ADD_RUN_00452,BY2,ADDENDUM,D62_20s_seed_05,A2,seed_05,F01,single_antenna_EKF,v2,error_series,semisynthetic,err_e_m,56642,56642,0,0,0,0,-0.22634062683296463,86.48425242802284,24788
ADD_RUN_00452__v2,A2_20s,ADD_RUN_00452,BY2,ADDENDUM,D62_20s_seed_05,A2,seed_05,F01,single_antenna_EKF,v2,error_series,semisynthetic,err_u_m,56642,56642,0,0,0,0,-1.0555560643777433,2.8050200990171845,55243
ADD_RUN_00452__v2,A2_20s,ADD_RUN_00452,BY2,ADDENDUM,D62_20s_seed_05,A2,seed_05,F01,single_antenna_EKF,v2,error_series,semisynthetic,horizontal_err_m,56642,56642,0,0,0,0,0.005681373137439572,93.07519732527581,0
ADD_RUN_00452__v2,A2_20s,ADD_RUN_00452,BY2,ADDENDUM,D62_20s_seed_05,A2,seed_05,F01,single_antenna_EKF,v2,error_series,semisynthetic,position_3d_err_m,56642,56642,0,0,0,0,0.159046209054616,93.1174553716698,0
ADD_RUN_00452__v2,A2_20s,ADD_RUN_00452,BY2,ADDENDUM,D62_20s_seed_05,A2,seed_05,F01,single_antenna_EKF,v2,error_series,semisynthetic,roll_err_deg,56642,56642,0,0,0,0,-4.456687683563274,9.293130548296574,16418
ADD_RUN_00452__v2,A2_20s,ADD_RUN_00452,BY2,ADDENDUM,D62_20s_seed_05,A2,seed_05,F01,single_antenna_EKF,v2,error_series,semisynthetic,pitch_err_deg,56642,56642,0,0,0,0,-9.989599766754452,8.452295398542645,37765
ADD_RUN_00452__v2,A2_20s,ADD_RUN_00452,BY2,ADDENDUM,D62_20s_seed_05,A2,seed_05,F01,single_antenna_EKF,v2,error_series,semisynthetic,yaw_err_deg,56642,56642,0,0,0,0,-17.940865533238423,1.0895758841452334,56301
ADD_RUN_00452__v2,A2_20s,ADD_RUN_00452,BY2,ADDENDUM,D62_20s_seed_05,A2,seed_05,F01,single_antenna_EKF,v2,error_series,semisynthetic,horizontal_3sigma_m,56642,56642,0,0,0,0,0.04700990880282893,43.379176661512126,0
ADD_RUN_00452__v2,A2_20s,ADD_RUN_00452,BY2,ADDENDUM,D62_20s_seed_05,A2,seed_05,F01,single_antenna_EKF,v2,error_series,semisynthetic,roll_3sigma_deg,56642,56642,0,0,0,0,0.411212793,6.0000398189999995,0
ADD_RUN_00452__v2,A2_20s,ADD_RUN_00452,BY2,ADDENDUM,D62_20s_seed_05,A2,seed_05,F01,single_antenna_EKF,v2,error_series,semisynthetic,pitch_3sigma_deg,56642,56642,0,0,0,0,0.41119739699999996,6.0000398189999995,0
ADD_RUN_00452__v2,A2_20s,ADD_RUN_00452,BY2,ADDENDUM,D62_20s_seed_05,A2,seed_05,F01,single_antenna_EKF,v2,error_series,semisynthetic,yaw_3sigma_deg,56642,56642,0,0,0,0,2.656212717,6.0000398189999995,0
ADD_RUN_00453__v3,A2_20s,ADD_RUN_00453,BY2,ADDENDUM,D62_20s_seed_05,A2,seed_05,F02,basic_dual_yaw_EKF,v3,error_series,semisynthetic,time,56642,56642,0,0,0,0,66.005054,339.997056,0
ADD_RUN_00453__v3,A2_20s,ADD_RUN_00453,BY2,ADDENDUM,D62_20s_seed_05,A2,seed_05,F02,basic_dual_yaw_EKF,v3,error_series,semisynthetic,err_n_m,56642,56642,0,0,0,0,-39.74698878912747,0.1812282680602948,41300
ADD_RUN_00453__v3,A2_20s,ADD_RUN_00453,BY2,ADDENDUM,D62_20s_seed_05,A2,seed_05,F02,basic_dual_yaw_EKF,v3,error_series,semisynthetic,err_e_m,56642,56642,0,0,0,0,-0.18567049096064805,80.69083295523986,26182
ADD_RUN_00453__v3,A2_20s,ADD_RUN_00453,BY2,ADDENDUM,D62_20s_seed_05,A2,seed_05,F02,basic_dual_yaw_EKF,v3,error_series,semisynthetic,err_u_m,56642,56642,0,0,0,0,-0.9709637535310449,2.2406299602059647,37873
ADD_RUN_00453__v3,A2_20s,ADD_RUN_00453,BY2,ADDENDUM,D62_20s_seed_05,A2,seed_05,F02,basic_dual_yaw_EKF,v3,error_series,semisynthetic,horizontal_err_m,56642,56642,0,0,0,0,0.0003882620857329156,89.94906136705067,0
ADD_RUN_00453__v3,A2_20s,ADD_RUN_00453,BY2,ADDENDUM,D62_20s_seed_05,A2,seed_05,F02,basic_dual_yaw_EKF,v3,error_series,semisynthetic,position_3d_err_m,56642,56642,0,0,0,0,0.0025943769162666192,89.97696407098886,0
ADD_RUN_00453__v3,A2_20s,ADD_RUN_00453,BY2,ADDENDUM,D62_20s_seed_05,A2,seed_05,F02,basic_dual_yaw_EKF,v3,error_series,semisynthetic,roll_err_deg,56642,56642,0,0,0,0,-4.332691531563285,9.329797238296578,16422
ADD_RUN_00453__v3,A2_20s,ADD_RUN_00453,BY2,ADDENDUM,D62_20s_seed_05,A2,seed_05,F02,basic_dual_yaw_EKF,v3,error_series,semisynthetic,pitch_err_deg,56642,56642,0,0,0,0,-9.992183550754476,8.416588180542647,37636
ADD_RUN_00453__v3,A2_20s,ADD_RUN_00453,BY2,ADDENDUM,D62_20s_seed_05,A2,seed_05,F02,basic_dual_yaw_EKF,v3,error_series,semisynthetic,yaw_err_deg,56642,56642,0,0,0,0,-10.132270232238398,3.872145941265302,43779
ADD_RUN_00453__v3,A2_20s,ADD_RUN_00453,BY2,ADDENDUM,D62_20s_seed_05,A2,seed_05,F02,basic_dual_yaw_EKF,v3,error_series,semisynthetic,horizontal_3sigma_m,56642,56642,0,0,0,0,0.05178557145809494,43.575883216775104,0
ADD_RUN_00453__v3,A2_20s,ADD_RUN_00453,BY2,ADDENDUM,D62_20s_seed_05,A2,seed_05,F02,basic_dual_yaw_EKF,v3,error_series,semisynthetic,roll_3sigma_deg,56642,56642,0,0,0,0,0.401830605,6.000072272999999,0
ADD_RUN_00453__v3,A2_20s,ADD_RUN_00453,BY2,ADDENDUM,D62_20s_seed_05,A2,seed_05,F02,basic_dual_yaw_EKF,v3,error_series,semisynthetic,pitch_3sigma_deg,56642,56642,0,0,0,0,0.408779139,6.000072231,0
ADD_RUN_00453__v3,A2_20s,ADD_RUN_00453,BY2,ADDENDUM,D62_20s_seed_05,A2,seed_05,F02,basic_dual_yaw_EKF,v3,error_series,semisynthetic,yaw_3sigma_deg,56642,56642,0,0,0,0,0.5284257029999999,6.0000398189999995,0
ADD_RUN_00453__v2,A2_20s,ADD_RUN_00453,BY2,ADDENDUM,D62_20s_seed_05,A2,seed_05,F02,basic_dual_yaw_EKF,v2,error_series,semisynthetic,time,56642,56642,0,0,0,0,66.005054,339.997056,0
ADD_RUN_00453__v2,A2_20s,ADD_RUN_00453,BY2,ADDENDUM,D62_20s_seed_05,A2,seed_05,F02,basic_dual_yaw_EKF,v2,error_series,semisynthetic,err_n_m,56642,56642,0,0,0,0,-39.70513719426455,0.20312558349953314,29587
ADD_RUN_00453__v2,A2_20s,ADD_RUN_00453,BY2,ADDENDUM,D62_20s_seed_05,A2,seed_05,F02,basic_dual_yaw_EKF,v2,error_series,semisynthetic,err_e_m,56642,56642,0,0,0,0,-0.22277594717550642,80.5355001798362,24043
ADD_RUN_00453__v2,A2_20s,ADD_RUN_00453,BY2,ADDENDUM,D62_20s_seed_05,A2,seed_05,F02,basic_dual_yaw_EKF,v2,error_series,semisynthetic,err_u_m,56642,56642,0,0,0,0,-1.2793430859762331,1.9457528322891733,55463
ADD_RUN_00453__v2,A2_20s,ADD_RUN_00453,BY2,ADDENDUM,D62_20s_seed_05,A2,seed_05,F02,basic_dual_yaw_EKF,v2,error_series,semisynthetic,horizontal_err_m,56642,56642,0,0,0,0,0.016377360333499767,89.79122846264977,0
ADD_RUN_00453__v2,A2_20s,ADD_RUN_00453,BY2,ADDENDUM,D62_20s_seed_05,A2,seed_05,F02,basic_dual_yaw_EKF,v2,error_series,semisynthetic,position_3d_err_m,56642,56642,0,0,0,0,0.1672384041992247,89.81230797010022,0
ADD_RUN_00453__v2,A2_20s,ADD_RUN_00453,BY2,ADDENDUM,D62_20s_seed_05,A2,seed_05,F02,basic_dual_yaw_EKF,v2,error_series,semisynthetic,roll_err_deg,56642,56642,0,0,0,0,-4.332691531563285,9.329797238296578,16422
ADD_RUN_00453__v2,A2_20s,ADD_RUN_00453,BY2,ADDENDUM,D62_20s_seed_05,A2,seed_05,F02,basic_dual_yaw_EKF,v2,error_series,semisynthetic,pitch_err_deg,56642,56642,0,0,0,0,-9.992183550754476,8.416588180542647,37636
ADD_RUN_00453__v2,A2_20s,ADD_RUN_00453,BY2,ADDENDUM,D62_20s_seed_05,A2,seed_05,F02,basic_dual_yaw_EKF,v2,error_series,semisynthetic,yaw_err_deg,56642,56642,0,0,0,0,-10.132270232238398,3.872145941265302,43779
ADD_RUN_00453__v2,A2_20s,ADD_RUN_00453,BY2,ADDENDUM,D62_20s_seed_05,A2,seed_05,F02,basic_dual_yaw_EKF,v2,error_series,semisynthetic,horizontal_3sigma_m,56642,56642,0,0,0,0,0.05178557145809494,43.575883216775104,0
ADD_RUN_00453__v2,A2_20s,ADD_RUN_00453,BY2,ADDENDUM,D62_20s_seed_05,A2,seed_05,F02,basic_dual_yaw_EKF,v2,error_series,semisynthetic,roll_3sigma_deg,56642,56642,0,0,0,0,0.401830605,6.000072272999999,0
ADD_RUN_00453__v2,A2_20s,ADD_RUN_00453,BY2,ADDENDUM,D62_20s_seed_05,A2,seed_05,F02,basic_dual_yaw_EKF,v2,error_series,semisynthetic,pitch_3sigma_deg,56642,56642,0,0,0,0,0.408779139,6.000072231,0
ADD_RUN_00453__v2,A2_20s,ADD_RUN_00453,BY2,ADDENDUM,D62_20s_seed_05,A2,seed_05,F02,basic_dual_yaw_EKF,v2,error_series,semisynthetic,yaw_3sigma_deg,56642,56642,0,0,0,0,0.5284257029999999,6.0000398189999995,0
ADD_RUN_00454__v3,A2_20s,ADD_RUN_00454,BY2,ADDENDUM,D62_20s_seed_05,A2,seed_05,F03,AB0000,v3,error_series,semisynthetic,time,56642,56642,0,0,0,0,66.005054,339.997056,0
ADD_RUN_00454__v3,A2_20s,ADD_RUN_00454,BY2,ADDENDUM,D62_20s_seed_05,A2,seed_05,F03,AB0000,v3,error_series,semisynthetic,err_n_m,56642,56642,0,0,0,0,-40.81027815422671,0.18083679678876763,38460
ADD_RUN_00454__v3,A2_20s,ADD_RUN_00454,BY2,ADDENDUM,D62_20s_seed_05,A2,seed_05,F03,AB0000,v3,error_series,semisynthetic,err_e_m,56642,56642,0,0,0,0,-0.18567049096064805,80.25561328578043,26544
ADD_RUN_00454__v3,A2_20s,ADD_RUN_00454,BY2,ADDENDUM,D62_20s_seed_05,A2,seed_05,F03,AB0000,v3,error_series,semisynthetic,err_u_m,56642,56642,0,0,0,0,-0.762087400972753,3.158322139785156,37610
ADD_RUN_00454__v3,A2_20s,ADD_RUN_00454,BY2,ADDENDUM,D62_20s_seed_05,A2,seed_05,F03,AB0000,v3,error_series,semisynthetic,horizontal_err_m,56642,56642,0,0,0,0,0.00032457302228820875,90.03578325811405,0
ADD_RUN_00454__v3,A2_20s,ADD_RUN_00454,BY2,ADDENDUM,D62_20s_seed_05,A2,seed_05,F03,AB0000,v3,error_series,semisynthetic,position_3d_err_m,56642,56642,0,0,0,0,0.0012121637699487886,90.0911608629878,0
ADD_RUN_00454__v3,A2_20s,ADD_RUN_00454,BY2,ADDENDUM,D62_20s_seed_05,A2,seed_05,F03,AB0000,v3,error_series,semisynthetic,roll_err_deg,56642,56642,0,0,0,0,-4.396087762563269,9.296625202296582,16391
ADD_RUN_00454__v3,A2_20s,ADD_RUN_00454,BY2,ADDENDUM,D62_20s_seed_05,A2,seed_05,F03,AB0000,v3,error_series,semisynthetic,pitch_err_deg,56642,56642,0,0,0,0,-9.990301874754465,8.452381553542637,37625
ADD_RUN_00454__v3,A2_20s,ADD_RUN_00454,BY2,ADDENDUM,D62_20s_seed_05,A2,seed_05,F03,AB0000,v3,error_series,semisynthetic,yaw_err_deg,56642,56642,0,0,0,0,-8.848008968238418,3.8361027802652927,42218
ADD_RUN_00454__v3,A2_20s,ADD_RUN_00454,BY2,ADDENDUM,D62_20s_seed_05,A2,seed_05,F03,AB0000,v3,error_series,semisynthetic,horizontal_3sigma_m,56642,56642,0,0,0,0,0.0469311302178147,43.29400218167039,0
ADD_RUN_00454__v3,A2_20s,ADD_RUN_00454,BY2,ADDENDUM,D62_20s_seed_05,A2,seed_05,F03,AB0000,v3,error_series,semisynthetic,roll_3sigma_deg,56642,56642,0,0,0,0,0.40117796699999997,6.0000398189999995,0
ADD_RUN_00454__v3,A2_20s,ADD_RUN_00454,BY2,ADDENDUM,D62_20s_seed_05,A2,seed_05,F03,AB0000,v3,error_series,semisynthetic,pitch_3sigma_deg,56642,56642,0,0,0,0,0.408169887,6.0000398189999995,0
ADD_RUN_00454__v3,A2_20s,ADD_RUN_00454,BY2,ADDENDUM,D62_20s_seed_05,A2,seed_05,F03,AB0000,v3,error_series,semisynthetic,yaw_3sigma_deg,56642,56642,0,0,0,0,0.54502191,6.0000398189999995,0
ADD_RUN_00454__v2,A2_20s,ADD_RUN_00454,BY2,ADDENDUM,D62_20s_seed_05,A2,seed_05,F03,AB0000,v2,error_series,semisynthetic,time,56642,56642,0,0,0,0,66.005054,339.997056,0
ADD_RUN_00454__v2,A2_20s,ADD_RUN_00454,BY2,ADDENDUM,D62_20s_seed_05,A2,seed_05,F03,AB0000,v2,error_series,semisynthetic,err_n_m,56642,56642,0,0,0,0,-40.768532616635596,0.21944779831282624,28191
ADD_RUN_00454__v2,A2_20s,ADD_RUN_00454,BY2,ADDENDUM,D62_20s_seed_05,A2,seed_05,F03,AB0000,v2,error_series,semisynthetic,err_e_m,56642,56642,0,0,0,0,-0.22377828985278825,80.10023152274098,24778
ADD_RUN_00454__v2,A2_20s,ADD_RUN_00454,BY2,ADDENDUM,D62_20s_seed_05,A2,seed_05,F03,AB0000,v2,error_series,semisynthetic,err_u_m,56642,56642,0,0,0,0,-1.0482830591396457,2.8634557849169155,55235
ADD_RUN_00454__v2,A2_20s,ADD_RUN_00454,BY2,ADDENDUM,D62_20s_seed_05,A2,seed_05,F03,AB0000,v2,error_series,semisynthetic,horizontal_err_m,56642,56642,0,0,0,0,0.008785069767067695,89.87836414683119,0
ADD_RUN_00454__v2,A2_20s,ADD_RUN_00454,BY2,ADDENDUM,D62_20s_seed_05,A2,seed_05,F03,AB0000,v2,error_series,semisynthetic,position_3d_err_m,56642,56642,0,0,0,0,0.15589116479641318,89.92396633124321,0
ADD_RUN_00454__v2,A2_20s,ADD_RUN_00454,BY2,ADDENDUM,D62_20s_seed_05,A2,seed_05,F03,AB0000,v2,error_series,semisynthetic,roll_err_deg,56642,56642,0,0,0,0,-4.396087762563269,9.296625202296582,16391
ADD_RUN_00454__v2,A2_20s,ADD_RUN_00454,BY2,ADDENDUM,D62_20s_seed_05,A2,seed_05,F03,AB0000,v2,error_series,semisynthetic,pitch_err_deg,56642,56642,0,0,0,0,-9.990301874754465,8.452381553542637,37625
ADD_RUN_00454__v2,A2_20s,ADD_RUN_00454,BY2,ADDENDUM,D62_20s_seed_05,A2,seed_05,F03,AB0000,v2,error_series,semisynthetic,yaw_err_deg,56642,56642,0,0,0,0,-8.848008968238418,3.8361027802652927,42218
ADD_RUN_00454__v2,A2_20s,ADD_RUN_00454,BY2,ADDENDUM,D62_20s_seed_05,A2,seed_05,F03,AB0000,v2,error_series,semisynthetic,horizontal_3sigma_m,56642,56642,0,0,0,0,0.0469311302178147,43.29400218167039,0
ADD_RUN_00454__v2,A2_20s,ADD_RUN_00454,BY2,ADDENDUM,D62_20s_seed_05,A2,seed_05,F03,AB0000,v2,error_series,semisynthetic,roll_3sigma_deg,56642,56642,0,0,0,0,0.40117796699999997,6.0000398189999995,0
ADD_RUN_00454__v2,A2_20s,ADD_RUN_00454,BY2,ADDENDUM,D62_20s_seed_05,A2,seed_05,F03,AB0000,v2,error_series,semisynthetic,pitch_3sigma_deg,56642,56642,0,0,0,0,0.408169887,6.0000398189999995,0
ADD_RUN_00454__v2,A2_20s,ADD_RUN_00454,BY2,ADDENDUM,D62_20s_seed_05,A2,seed_05,F03,AB0000,v2,error_series,semisynthetic,yaw_3sigma_deg,56642,56642,0,0,0,0,0.54502191,6.0000398189999995,0
ADD_RUN_00455__v3,A2_20s,ADD_RUN_00455,BY2,ADDENDUM,D62_20s_seed_05,A2,seed_05,F04,AB1111,v3,error_series,semisynthetic,time,56642,56642,0,0,0,0,66.005054,339.997056,0
ADD_RUN_00455__v3,A2_20s,ADD_RUN_00455,BY2,ADDENDUM,D62_20s_seed_05,A2,seed_05,F04,AB1111,v3,error_series,semisynthetic,err_n_m,56642,56642,0,0,0,0,-0.42495842675701795,0.9802266302320888,33656
ADD_RUN_00455__v3,A2_20s,ADD_RUN_00455,BY2,ADDENDUM,D62_20s_seed_05,A2,seed_05,F04,AB1111,v3,error_series,semisynthetic,err_e_m,56642,56642,0,0,0,0,-0.18567049096064805,0.7238318174208587,27523
ADD_RUN_00455__v3,A2_20s,ADD_RUN_00455,BY2,ADDENDUM,D62_20s_seed_05,A2,seed_05,F04,AB1111,v3,error_series,semisynthetic,err_u_m,56642,56642,0,0,0,0,-0.712293185388587,4.748670976636287,38686
ADD_RUN_00455__v3,A2_20s,ADD_RUN_00455,BY2,ADDENDUM,D62_20s_seed_05,A2,seed_05,F04,AB1111,v3,error_series,semisynthetic,horizontal_err_m,56642,56642,0,0,0,0,7.394428791593372e-05,1.1890483458531014,0
ADD_RUN_00455__v3,A2_20s,ADD_RUN_00455,BY2,ADDENDUM,D62_20s_seed_05,A2,seed_05,F04,AB1111,v3,error_series,semisynthetic,position_3d_err_m,56642,56642,0,0,0,0,0.0018047482216479252,4.895274457384777,0
ADD_RUN_00455__v3,A2_20s,ADD_RUN_00455,BY2,ADDENDUM,D62_20s_seed_05,A2,seed_05,F04,AB1111,v3,error_series,semisynthetic,roll_err_deg,56642,56642,0,0,0,0,-4.086152222563271,6.870042720296567,19310
ADD_RUN_00455__v3,A2_20s,ADD_RUN_00455,BY2,ADDENDUM,D62_20s_seed_05,A2,seed_05,F04,AB1111,v3,error_series,semisynthetic,pitch_err_deg,56642,56642,0,0,0,0,-8.568301862754453,8.513640839542632,37201
ADD_RUN_00455__v3,A2_20s,ADD_RUN_00455,BY2,ADDENDUM,D62_20s_seed_05,A2,seed_05,F04,AB1111,v3,error_series,semisynthetic,yaw_err_deg,56642,56642,0,0,0,0,-8.767791271238423,3.8376563952652987,42185
ADD_RUN_00455__v3,A2_20s,ADD_RUN_00455,BY2,ADDENDUM,D62_20s_seed_05,A2,seed_05,F04,AB1111,v3,error_series,semisynthetic,horizontal_3sigma_m,56642,56642,0,0,0,0,0.04567880694221289,42.43457969268709,0
ADD_RUN_00455__v3,A2_20s,ADD_RUN_00455,BY2,ADDENDUM,D62_20s_seed_05,A2,seed_05,F04,AB1111,v3,error_series,semisynthetic,roll_3sigma_deg,56642,56642,0,0,0,0,0.322797831,6.0000398189999995,0
ADD_RUN_00455__v3,A2_20s,ADD_RUN_00455,BY2,ADDENDUM,D62_20s_seed_05,A2,seed_05,F04,AB1111,v3,error_series,semisynthetic,pitch_3sigma_deg,56642,56642,0,0,0,0,0.324712884,6.0000398189999995,0
ADD_RUN_00455__v3,A2_20s,ADD_RUN_00455,BY2,ADDENDUM,D62_20s_seed_05,A2,seed_05,F04,AB1111,v3,error_series,semisynthetic,yaw_3sigma_deg,56642,56642,0,0,0,0,0.544816353,6.0000398189999995,0
ADD_RUN_00455__v2,A2_20s,ADD_RUN_00455,BY2,ADDENDUM,D62_20s_seed_05,A2,seed_05,F04,AB1111,v2,error_series,semisynthetic,time,56642,56642,0,0,0,0,66.005054,339.997056,0
ADD_RUN_00455__v2,A2_20s,ADD_RUN_00455,BY2,ADDENDUM,D62_20s_seed_05,A2,seed_05,F04,AB1111,v2,error_series,semisynthetic,err_n_m,56642,56642,0,0,0,0,-0.4534930991605105,0.9930330469087139,25420
ADD_RUN_00455__v2,A2_20s,ADD_RUN_00455,BY2,ADDENDUM,D62_20s_seed_05,A2,seed_05,F04,AB1111,v2,error_series,semisynthetic,err_e_m,56642,56642,0,0,0,0,-0.2158348743199099,0.5759060244098322,25468
ADD_RUN_00455__v2,A2_20s,ADD_RUN_00455,BY2,ADDENDUM,D62_20s_seed_05,A2,seed_05,F04,AB1111,v2,error_series,semisynthetic,err_u_m,56642,56642,0,0,0,0,-1.0081817900834213,4.448839312227374,55072
ADD_RUN_00455__v2,A2_20s,ADD_RUN_00455,BY2,ADDENDUM,D62_20s_seed_05,A2,seed_05,F04,AB1111,v2,error_series,semisynthetic,horizontal_err_m,56642,56642,0,0,0,0,0.013466075213709997,1.1330470923677827,0
ADD_RUN_00455__v2,A2_20s,ADD_RUN_00455,BY2,ADDENDUM,D62_20s_seed_05,A2,seed_05,F04,AB1111,v2,error_series,semisynthetic,position_3d_err_m,56642,56642,0,0,0,0,0.15882517701845567,4.5908568851079234,0
ADD_RUN_00455__v2,A2_20s,ADD_RUN_00455,BY2,ADDENDUM,D62_20s_seed_05,A2,seed_05,F04,AB1111,v2,error_series,semisynthetic,roll_err_deg,56642,56642,0,0,0,0,-4.086152222563271,6.870042720296567,19310
ADD_RUN_00455__v2,A2_20s,ADD_RUN_00455,BY2,ADDENDUM,D62_20s_seed_05,A2,seed_05,F04,AB1111,v2,error_series,semisynthetic,pitch_err_deg,56642,56642,0,0,0,0,-8.568301862754453,8.513640839542632,37201
ADD_RUN_00455__v2,A2_20s,ADD_RUN_00455,BY2,ADDENDUM,D62_20s_seed_05,A2,seed_05,F04,AB1111,v2,error_series,semisynthetic,yaw_err_deg,56642,56642,0,0,0,0,-8.767791271238423,3.8376563952652987,42185
ADD_RUN_00455__v2,A2_20s,ADD_RUN_00455,BY2,ADDENDUM,D62_20s_seed_05,A2,seed_05,F04,AB1111,v2,error_series,semisynthetic,horizontal_3sigma_m,56642,56642,0,0,0,0,0.04567880694221289,42.43457969268709,0
ADD_RUN_00455__v2,A2_20s,ADD_RUN_00455,BY2,ADDENDUM,D62_20s_seed_05,A2,seed_05,F04,AB1111,v2,error_series,semisynthetic,roll_3sigma_deg,56642,56642,0,0,0,0,0.322797831,6.0000398189999995,0
ADD_RUN_00455__v2,A2_20s,ADD_RUN_00455,BY2,ADDENDUM,D62_20s_seed_05,A2,seed_05,F04,AB1111,v2,error_series,semisynthetic,pitch_3sigma_deg,56642,56642,0,0,0,0,0.324712884,6.0000398189999995,0
ADD_RUN_00455__v2,A2_20s,ADD_RUN_00455,BY2,ADDENDUM,D62_20s_seed_05,A2,seed_05,F04,AB1111,v2,error_series,semisynthetic,yaw_3sigma_deg,56642,56642,0,0,0,0,0.544816353,6.0000398189999995,0
ADD_RUN_00456__v3,A2_20s,ADD_RUN_00456,BY2,ADDENDUM,D62_20s_seed_05,A2,seed_05,A03,AB0111,v3,error_series,semisynthetic,time,56642,56642,0,0,0,0,66.005054,339.997056,0
ADD_RUN_00456__v3,A2_20s,ADD_RUN_00456,BY2,ADDENDUM,D62_20s_seed_05,A2,seed_05,A03,AB0111,v3,error_series,semisynthetic,err_n_m,56642,56642,0,0,0,0,-0.42495842675701795,0.9807276205381896,33863
ADD_RUN_00456__v3,A2_20s,ADD_RUN_00456,BY2,ADDENDUM,D62_20s_seed_05,A2,seed_05,A03,AB0111,v3,error_series,semisynthetic,err_e_m,56642,56642,0,0,0,0,-0.18567049096064805,0.7403128920885678,27355
ADD_RUN_00456__v3,A2_20s,ADD_RUN_00456,BY2,ADDENDUM,D62_20s_seed_05,A2,seed_05,A03,AB0111,v3,error_series,semisynthetic,err_u_m,56642,56642,0,0,0,0,-0.6494645459167998,4.954507276465009,38919
ADD_RUN_00456__v3,A2_20s,ADD_RUN_00456,BY2,ADDENDUM,D62_20s_seed_05,A2,seed_05,A03,AB0111,v3,error_series,semisynthetic,horizontal_err_m,56642,56642,0,0,0,0,0.00015503417145394338,1.199503667651751,0
ADD_RUN_00456__v3,A2_20s,ADD_RUN_00456,BY2,ADDENDUM,D62_20s_seed_05,A2,seed_05,A03,AB0111,v3,error_series,semisynthetic,position_3d_err_m,56642,56642,0,0,0,0,0.0027066303508980196,5.0976417490104895,0
ADD_RUN_00456__v3,A2_20s,ADD_RUN_00456,BY2,ADDENDUM,D62_20s_seed_05,A2,seed_05,A03,AB0111,v3,error_series,semisynthetic,roll_err_deg,56642,56642,0,0,0,0,-4.086950923563279,6.868591411296592,19310
ADD_RUN_00456__v3,A2_20s,ADD_RUN_00456,BY2,ADDENDUM,D62_20s_seed_05,A2,seed_05,A03,AB0111,v3,error_series,semisynthetic,pitch_err_deg,56642,56642,0,0,0,0,-8.568895203754465,8.511179691542623,37212
ADD_RUN_00456__v3,A2_20s,ADD_RUN_00456,BY2,ADDENDUM,D62_20s_seed_05,A2,seed_05,A03,AB0111,v3,error_series,semisynthetic,yaw_err_deg,56642,56642,0,0,0,0,-8.770454471238395,3.838254436265288,42119
ADD_RUN_00456__v3,A2_20s,ADD_RUN_00456,BY2,ADDENDUM,D62_20s_seed_05,A2,seed_05,A03,AB0111,v3,error_series,semisynthetic,horizontal_3sigma_m,56642,56642,0,0,0,0,0.046018764879759144,42.43457969268709,0
ADD_RUN_00456__v3,A2_20s,ADD_RUN_00456,BY2,ADDENDUM,D62_20s_seed_05,A2,seed_05,A03,AB0111,v3,error_series,semisynthetic,roll_3sigma_deg,56642,56642,0,0,0,0,0.322807059,6.0000398189999995,0
ADD_RUN_00456__v3,A2_20s,ADD_RUN_00456,BY2,ADDENDUM,D62_20s_seed_05,A2,seed_05,A03,AB0111,v3,error_series,semisynthetic,pitch_3sigma_deg,56642,56642,0,0,0,0,0.324721902,6.0000398189999995,0
ADD_RUN_00456__v3,A2_20s,ADD_RUN_00456,BY2,ADDENDUM,D62_20s_seed_05,A2,seed_05,A03,AB0111,v3,error_series,semisynthetic,yaw_3sigma_deg,56642,56642,0,0,0,0,0.544879869,6.0000398189999995,0
ADD_RUN_00456__v2,A2_20s,ADD_RUN_00456,BY2,ADDENDUM,D62_20s_seed_05,A2,seed_05,A03,AB0111,v2,error_series,semisynthetic,time,56642,56642,0,0,0,0,66.005054,339.997056,0
ADD_RUN_00456__v2,A2_20s,ADD_RUN_00456,BY2,ADDENDUM,D62_20s_seed_05,A2,seed_05,A03,AB0111,v2,error_series,semisynthetic,err_n_m,56642,56642,0,0,0,0,-0.4534930991605105,0.9935869677479516,25618
ADD_RUN_00456__v2,A2_20s,ADD_RUN_00456,BY2,ADDENDUM,D62_20s_seed_05,A2,seed_05,A03,AB0111,v2,error_series,semisynthetic,err_e_m,56642,56642,0,0,0,0,-0.21805560164143856,0.5923885993473732,25138
ADD_RUN_00456__v2,A2_20s,ADD_RUN_00456,BY2,ADDENDUM,D62_20s_seed_05,A2,seed_05,A03,AB0111,v2,error_series,semisynthetic,err_u_m,56642,56642,0,0,0,0,-0.9481916789864755,4.654674473950237,55017
ADD_RUN_00456__v2,A2_20s,ADD_RUN_00456,BY2,ADDENDUM,D62_20s_seed_05,A2,seed_05,A03,AB0111,v2,error_series,semisynthetic,horizontal_err_m,56642,56642,0,0,0,0,0.013466075038932959,1.141891554624087,0
ADD_RUN_00456__v2,A2_20s,ADD_RUN_00456,BY2,ADDENDUM,D62_20s_seed_05,A2,seed_05,A03,AB0111,v2,error_series,semisynthetic,position_3d_err_m,56642,56642,0,0,0,0,0.1597403916212899,4.792693478720054,0
ADD_RUN_00456__v2,A2_20s,ADD_RUN_00456,BY2,ADDENDUM,D62_20s_seed_05,A2,seed_05,A03,AB0111,v2,error_series,semisynthetic,roll_err_deg,56642,56642,0,0,0,0,-4.086950923563279,6.868591411296592,19310
ADD_RUN_00456__v2,A2_20s,ADD_RUN_00456,BY2,ADDENDUM,D62_20s_seed_05,A2,seed_05,A03,AB0111,v2,error_series,semisynthetic,pitch_err_deg,56642,56642,0,0,0,0,-8.568895203754465,8.511179691542623,37212
ADD_RUN_00456__v2,A2_20s,ADD_RUN_00456,BY2,ADDENDUM,D62_20s_seed_05,A2,seed_05,A03,AB0111,v2,error_series,semisynthetic,yaw_err_deg,56642,56642,0,0,0,0,-8.770454471238395,3.838254436265288,42119
ADD_RUN_00456__v2,A2_20s,ADD_RUN_00456,BY2,ADDENDUM,D62_20s_seed_05,A2,seed_05,A03,AB0111,v2,error_series,semisynthetic,horizontal_3sigma_m,56642,56642,0,0,0,0,0.046018764879759144,42.43457969268709,0
ADD_RUN_00456__v2,A2_20s,ADD_RUN_00456,BY2,ADDENDUM,D62_20s_seed_05,A2,seed_05,A03,AB0111,v2,error_series,semisynthetic,roll_3sigma_deg,56642,56642,0,0,0,0,0.322807059,6.0000398189999995,0
ADD_RUN_00456__v2,A2_20s,ADD_RUN_00456,BY2,ADDENDUM,D62_20s_seed_05,A2,seed_05,A03,AB0111,v2,error_series,semisynthetic,pitch_3sigma_deg,56642,56642,0,0,0,0,0.324721902,6.0000398189999995,0
ADD_RUN_00456__v2,A2_20s,ADD_RUN_00456,BY2,ADDENDUM,D62_20s_seed_05,A2,seed_05,A03,AB0111,v2,error_series,semisynthetic,yaw_3sigma_deg,56642,56642,0,0,0,0,0.544879869,6.0000398189999995,0
ADD_RUN_00457__v3,A2_20s,ADD_RUN_00457,BY2,ADDENDUM,D62_20s_seed_05,A2,seed_05,A04,AB1011,v3,error_series,semisynthetic,time,56642,56642,0,0,0,0,66.005054,339.997056,0
ADD_RUN_00457__v3,A2_20s,ADD_RUN_00457,BY2,ADDENDUM,D62_20s_seed_05,A2,seed_05,A04,AB1011,v3,error_series,semisynthetic,err_n_m,56642,56642,0,0,0,0,-0.42495842675701795,1.005430385791854,32993
ADD_RUN_00457__v3,A2_20s,ADD_RUN_00457,BY2,ADDENDUM,D62_20s_seed_05,A2,seed_05,A04,AB1011,v3,error_series,semisynthetic,err_e_m,56642,56642,0,0,0,0,-0.18567049096064805,0.6924980072497391,28180
ADD_RUN_00457__v3,A2_20s,ADD_RUN_00457,BY2,ADDENDUM,D62_20s_seed_05,A2,seed_05,A04,AB1011,v3,error_series,semisynthetic,err_u_m,56642,56642,0,0,0,0,-0.7341276772860272,4.7442129868132845,38823
ADD_RUN_00457__v3,A2_20s,ADD_RUN_00457,BY2,ADDENDUM,D62_20s_seed_05,A2,seed_05,A04,AB1011,v3,error_series,semisynthetic,horizontal_err_m,56642,56642,0,0,0,0,0.00029765902173678954,1.1976983172986644,0
ADD_RUN_00457__v3,A2_20s,ADD_RUN_00457,BY2,ADDENDUM,D62_20s_seed_05,A2,seed_05,A04,AB1011,v3,error_series,semisynthetic,position_3d_err_m,56642,56642,0,0,0,0,0.0018880529824719095,4.89306020027425,0
ADD_RUN_00457__v3,A2_20s,ADD_RUN_00457,BY2,ADDENDUM,D62_20s_seed_05,A2,seed_05,A04,AB1011,v3,error_series,semisynthetic,roll_err_deg,56642,56642,0,0,0,0,-3.9438510975632823,6.5617208431394545,19955
ADD_RUN_00457__v3,A2_20s,ADD_RUN_00457,BY2,ADDENDUM,D62_20s_seed_05,A2,seed_05,A04,AB1011,v3,error_series,semisynthetic,pitch_err_deg,56642,56642,0,0,0,0,-8.221548180754468,8.498578684542622,37057
ADD_RUN_00457__v3,A2_20s,ADD_RUN_00457,BY2,ADDENDUM,D62_20s_seed_05,A2,seed_05,A04,AB1011,v3,error_series,semisynthetic,yaw_err_deg,56642,56642,0,0,0,0,-8.774101126238406,3.8343246482652944,42233
ADD_RUN_00457__v3,A2_20s,ADD_RUN_00457,BY2,ADDENDUM,D62_20s_seed_05,A2,seed_05,A04,AB1011,v3,error_series,semisynthetic,horizontal_3sigma_m,56642,56642,0,0,0,0,0.04477668007951068,42.43457969268709,0
ADD_RUN_00457__v3,A2_20s,ADD_RUN_00457,BY2,ADDENDUM,D62_20s_seed_05,A2,seed_05,A04,AB1011,v3,error_series,semisynthetic,roll_3sigma_deg,56642,56642,0,0,0,0,0.302972832,6.0000398189999995,0
ADD_RUN_00457__v3,A2_20s,ADD_RUN_00457,BY2,ADDENDUM,D62_20s_seed_05,A2,seed_05,A04,AB1011,v3,error_series,semisynthetic,pitch_3sigma_deg,56642,56642,0,0,0,0,0.304141608,6.0000398189999995,0
ADD_RUN_00457__v3,A2_20s,ADD_RUN_00457,BY2,ADDENDUM,D62_20s_seed_05,A2,seed_05,A04,AB1011,v3,error_series,semisynthetic,yaw_3sigma_deg,56642,56642,0,0,0,0,0.544678242,6.0000398189999995,0
ADD_RUN_00457__v2,A2_20s,ADD_RUN_00457,BY2,ADDENDUM,D62_20s_seed_05,A2,seed_05,A04,AB1011,v2,error_series,semisynthetic,time,56642,56642,0,0,0,0,66.005054,339.997056,0
ADD_RUN_00457__v2,A2_20s,ADD_RUN_00457,BY2,ADDENDUM,D62_20s_seed_05,A2,seed_05,A04,AB1011,v2,error_series,semisynthetic,err_n_m,56642,56642,0,0,0,0,-0.4534930991605105,1.0163506918590173,25192
ADD_RUN_00457__v2,A2_20s,ADD_RUN_00457,BY2,ADDENDUM,D62_20s_seed_05,A2,seed_05,A04,AB1011,v2,error_series,semisynthetic,err_e_m,56642,56642,0,0,0,0,-0.21089642084939442,0.5454990627700482,25848
ADD_RUN_00457__v2,A2_20s,ADD_RUN_00457,BY2,ADDENDUM,D62_20s_seed_05,A2,seed_05,A04,AB1011,v2,error_series,semisynthetic,err_u_m,56642,56642,0,0,0,0,-1.027240424765015,4.443751580946092,55085
ADD_RUN_00457__v2,A2_20s,ADD_RUN_00457,BY2,ADDENDUM,D62_20s_seed_05,A2,seed_05,A04,AB1011,v2,error_series,semisynthetic,horizontal_err_m,56642,56642,0,0,0,0,0.0053592671845463175,1.1461128536117504,0
ADD_RUN_00457__v2,A2_20s,ADD_RUN_00457,BY2,ADDENDUM,D62_20s_seed_05,A2,seed_05,A04,AB1011,v2,error_series,semisynthetic,position_3d_err_m,56642,56642,0,0,0,0,0.16095223046429546,4.589172342195808,0
ADD_RUN_00457__v2,A2_20s,ADD_RUN_00457,BY2,ADDENDUM,D62_20s_seed_05,A2,seed_05,A04,AB1011,v2,error_series,semisynthetic,roll_err_deg,56642,56642,0,0,0,0,-3.9438510975632823,6.5617208431394545,19955
ADD_RUN_00457__v2,A2_20s,ADD_RUN_00457,BY2,ADDENDUM,D62_20s_seed_05,A2,seed_05,A04,AB1011,v2,error_series,semisynthetic,pitch_err_deg,56642,56642,0,0,0,0,-8.221548180754468,8.498578684542622,37057
ADD_RUN_00457__v2,A2_20s,ADD_RUN_00457,BY2,ADDENDUM,D62_20s_seed_05,A2,seed_05,A04,AB1011,v2,error_series,semisynthetic,yaw_err_deg,56642,56642,0,0,0,0,-8.774101126238406,3.8343246482652944,42233
ADD_RUN_00457__v2,A2_20s,ADD_RUN_00457,BY2,ADDENDUM,D62_20s_seed_05,A2,seed_05,A04,AB1011,v2,error_series,semisynthetic,horizontal_3sigma_m,56642,56642,0,0,0,0,0.04477668007951068,42.43457969268709,0
ADD_RUN_00457__v2,A2_20s,ADD_RUN_00457,BY2,ADDENDUM,D62_20s_seed_05,A2,seed_05,A04,AB1011,v2,error_series,semisynthetic,roll_3sigma_deg,56642,56642,0,0,0,0,0.302972832,6.0000398189999995,0
ADD_RUN_00457__v2,A2_20s,ADD_RUN_00457,BY2,ADDENDUM,D62_20s_seed_05,A2,seed_05,A04,AB1011,v2,error_series,semisynthetic,pitch_3sigma_deg,56642,56642,0,0,0,0,0.304141608,6.0000398189999995,0
ADD_RUN_00457__v2,A2_20s,ADD_RUN_00457,BY2,ADDENDUM,D62_20s_seed_05,A2,seed_05,A04,AB1011,v2,error_series,semisynthetic,yaw_3sigma_deg,56642,56642,0,0,0,0,0.544678242,6.0000398189999995,0
ADD_RUN_00458__v3,A2_20s,ADD_RUN_00458,BY2,ADDENDUM,D62_20s_seed_05,A2,seed_05,A05,AB1101,v3,error_series,semisynthetic,time,56642,56642,0,0,0,0,66.005054,339.997056,0
ADD_RUN_00458__v3,A2_20s,ADD_RUN_00458,BY2,ADDENDUM,D62_20s_seed_05,A2,seed_05,A05,AB1101,v3,error_series,semisynthetic,err_n_m,56642,56642,0,0,0,0,-0.42495842675701795,0.9664330833483419,35307
ADD_RUN_00458__v3,A2_20s,ADD_RUN_00458,BY2,ADDENDUM,D62_20s_seed_05,A2,seed_05,A05,AB1101,v3,error_series,semisynthetic,err_e_m,56642,56642,0,0,0,0,-0.18567049096064805,0.7136814566113685,27365
ADD_RUN_00458__v3,A2_20s,ADD_RUN_00458,BY2,ADDENDUM,D62_20s_seed_05,A2,seed_05,A05,AB1101,v3,error_series,semisynthetic,err_u_m,56642,56642,0,0,0,0,-0.6513685420492212,4.886352516654068,37159
ADD_RUN_00458__v3,A2_20s,ADD_RUN_00458,BY2,ADDENDUM,D62_20s_seed_05,A2,seed_05,A05,AB1101,v3,error_series,semisynthetic,horizontal_err_m,56642,56642,0,0,0,0,0.00015089662100939172,1.1663139572057306,0
ADD_RUN_00458__v3,A2_20s,ADD_RUN_00458,BY2,ADDENDUM,D62_20s_seed_05,A2,seed_05,A05,AB1101,v3,error_series,semisynthetic,position_3d_err_m,56642,56642,0,0,0,0,0.0018681229755113861,5.023617139450859,0
ADD_RUN_00458__v3,A2_20s,ADD_RUN_00458,BY2,ADDENDUM,D62_20s_seed_05,A2,seed_05,A05,AB1101,v3,error_series,semisynthetic,roll_err_deg,56642,56642,0,0,0,0,-4.380143668563278,9.284204903296569,16189
ADD_RUN_00458__v3,A2_20s,ADD_RUN_00458,BY2,ADDENDUM,D62_20s_seed_05,A2,seed_05,A05,AB1101,v3,error_series,semisynthetic,pitch_err_deg,56642,56642,0,0,0,0,-9.983388312754471,8.448945113542635,37570
ADD_RUN_00458__v3,A2_20s,ADD_RUN_00458,BY2,ADDENDUM,D62_20s_seed_05,A2,seed_05,A05,AB1101,v3,error_series,semisynthetic,yaw_err_deg,56642,56642,0,0,0,0,-8.838832319238406,3.811592619265298,42287
ADD_RUN_00458__v3,A2_20s,ADD_RUN_00458,BY2,ADDENDUM,D62_20s_seed_05,A2,seed_05,A05,AB1101,v3,error_series,semisynthetic,horizontal_3sigma_m,56642,56642,0,0,0,0,0.04572219353110632,42.43457969268709,0
ADD_RUN_00458__v3,A2_20s,ADD_RUN_00458,BY2,ADDENDUM,D62_20s_seed_05,A2,seed_05,A05,AB1101,v3,error_series,semisynthetic,roll_3sigma_deg,56642,56642,0,0,0,0,0.400441665,6.0000398189999995,0
ADD_RUN_00458__v3,A2_20s,ADD_RUN_00458,BY2,ADDENDUM,D62_20s_seed_05,A2,seed_05,A05,AB1101,v3,error_series,semisynthetic,pitch_3sigma_deg,56642,56642,0,0,0,0,0.408067902,6.0000398189999995,0
ADD_RUN_00458__v3,A2_20s,ADD_RUN_00458,BY2,ADDENDUM,D62_20s_seed_05,A2,seed_05,A05,AB1101,v3,error_series,semisynthetic,yaw_3sigma_deg,56642,56642,0,0,0,0,0.5450247029999999,6.0000398189999995,0
ADD_RUN_00458__v2,A2_20s,ADD_RUN_00458,BY2,ADDENDUM,D62_20s_seed_05,A2,seed_05,A05,AB1101,v2,error_series,semisynthetic,time,56642,56642,0,0,0,0,66.005054,339.997056,0
ADD_RUN_00458__v2,A2_20s,ADD_RUN_00458,BY2,ADDENDUM,D62_20s_seed_05,A2,seed_05,A05,AB1101,v2,error_series,semisynthetic,err_n_m,56642,56642,0,0,0,0,-0.4534930991605105,0.9855929823317027,25071
ADD_RUN_00458__v2,A2_20s,ADD_RUN_00458,BY2,ADDENDUM,D62_20s_seed_05,A2,seed_05,A05,AB1101,v2,error_series,semisynthetic,err_e_m,56642,56642,0,0,0,0,-0.21542331550037375,0.5624089407610171,26363
ADD_RUN_00458__v2,A2_20s,ADD_RUN_00458,BY2,ADDENDUM,D62_20s_seed_05,A2,seed_05,A05,AB1101,v2,error_series,semisynthetic,err_u_m,56642,56642,0,0,0,0,-0.9524310584760052,4.588966714774379,55015
ADD_RUN_00458__v2,A2_20s,ADD_RUN_00458,BY2,ADDENDUM,D62_20s_seed_05,A2,seed_05,A05,AB1101,v2,error_series,semisynthetic,horizontal_err_m,56642,56642,0,0,0,0,0.0011909932825901173,1.1137634489560775,0
ADD_RUN_00458__v2,A2_20s,ADD_RUN_00458,BY2,ADDENDUM,D62_20s_seed_05,A2,seed_05,A05,AB1101,v2,error_series,semisynthetic,position_3d_err_m,56642,56642,0,0,0,0,0.1565827265459638,4.722190649427202,0
ADD_RUN_00458__v2,A2_20s,ADD_RUN_00458,BY2,ADDENDUM,D62_20s_seed_05,A2,seed_05,A05,AB1101,v2,error_series,semisynthetic,roll_err_deg,56642,56642,0,0,0,0,-4.380143668563278,9.284204903296569,16189
ADD_RUN_00458__v2,A2_20s,ADD_RUN_00458,BY2,ADDENDUM,D62_20s_seed_05,A2,seed_05,A05,AB1101,v2,error_series,semisynthetic,pitch_err_deg,56642,56642,0,0,0,0,-9.983388312754471,8.448945113542635,37570
ADD_RUN_00458__v2,A2_20s,ADD_RUN_00458,BY2,ADDENDUM,D62_20s_seed_05,A2,seed_05,A05,AB1101,v2,error_series,semisynthetic,yaw_err_deg,56642,56642,0,0,0,0,-8.838832319238406,3.811592619265298,42287
ADD_RUN_00458__v2,A2_20s,ADD_RUN_00458,BY2,ADDENDUM,D62_20s_seed_05,A2,seed_05,A05,AB1101,v2,error_series,semisynthetic,horizontal_3sigma_m,56642,56642,0,0,0,0,0.04572219353110632,42.43457969268709,0
ADD_RUN_00458__v2,A2_20s,ADD_RUN_00458,BY2,ADDENDUM,D62_20s_seed_05,A2,seed_05,A05,AB1101,v2,error_series,semisynthetic,roll_3sigma_deg,56642,56642,0,0,0,0,0.400441665,6.0000398189999995,0
ADD_RUN_00458__v2,A2_20s,ADD_RUN_00458,BY2,ADDENDUM,D62_20s_seed_05,A2,seed_05,A05,AB1101,v2,error_series,semisynthetic,pitch_3sigma_deg,56642,56642,0,0,0,0,0.408067902,6.0000398189999995,0
ADD_RUN_00458__v2,A2_20s,ADD_RUN_00458,BY2,ADDENDUM,D62_20s_seed_05,A2,seed_05,A05,AB1101,v2,error_series,semisynthetic,yaw_3sigma_deg,56642,56642,0,0,0,0,0.5450247029999999,6.0000398189999995,0
ADD_RUN_00459__v3,A2_20s,ADD_RUN_00459,BY2,ADDENDUM,D62_20s_seed_05,A2,seed_05,A06,AB1110,v3,error_series,semisynthetic,time,56642,56642,0,0,0,0,66.005054,339.997056,0
ADD_RUN_00459__v3,A2_20s,ADD_RUN_00459,BY2,ADDENDUM,D62_20s_seed_05,A2,seed_05,A06,AB1110,v3,error_series,semisynthetic,err_n_m,56642,56642,0,0,0,0,-21.54931498630259,0.1851540637075466,36562
ADD_RUN_00459__v3,A2_20s,ADD_RUN_00459,BY2,ADDENDUM,D62_20s_seed_05,A2,seed_05,A06,AB1110,v3,error_series,semisynthetic,err_e_m,56642,56642,0,0,0,0,-0.18567049096064805,66.33888155048243,26787
ADD_RUN_00459__v3,A2_20s,ADD_RUN_00459,BY2,ADDENDUM,D62_20s_seed_05,A2,seed_05,A06,AB1110,v3,error_series,semisynthetic,err_u_m,56642,56642,0,0,0,0,-0.8613872029329457,3.7387054698575,38896
ADD_RUN_00459__v3,A2_20s,ADD_RUN_00459,BY2,ADDENDUM,D62_20s_seed_05,A2,seed_05,A06,AB1110,v3,error_series,semisynthetic,horizontal_err_m,56642,56642,0,0,0,0,0.0004254643792734839,69.75113032595115,0
ADD_RUN_00459__v3,A2_20s,ADD_RUN_00459,BY2,ADDENDUM,D62_20s_seed_05,A2,seed_05,A06,AB1110,v3,error_series,semisynthetic,position_3d_err_m,56642,56642,0,0,0,0,0.0018920737236999348,69.85125697035211,0
ADD_RUN_00459__v3,A2_20s,ADD_RUN_00459,BY2,ADDENDUM,D62_20s_seed_05,A2,seed_05,A06,AB1110,v3,error_series,semisynthetic,roll_err_deg,56642,56642,0,0,0,0,-4.088772287563273,6.871283332296571,19449
ADD_RUN_00459__v3,A2_20s,ADD_RUN_00459,BY2,ADDENDUM,D62_20s_seed_05,A2,seed_05,A06,AB1110,v3,error_series,semisynthetic,pitch_err_deg,56642,56642,0,0,0,0,-8.56674260975447,8.516099713542644,37219
ADD_RUN_00459__v3,A2_20s,ADD_RUN_00459,BY2,ADDENDUM,D62_20s_seed_05,A2,seed_05,A06,AB1110,v3,error_series,semisynthetic,yaw_err_deg,56642,56642,0,0,0,0,-8.765894229238427,3.84497521826529,42178
ADD_RUN_00459__v3,A2_20s,ADD_RUN_00459,BY2,ADDENDUM,D62_20s_seed_05,A2,seed_05,A06,AB1110,v3,error_series,semisynthetic,horizontal_3sigma_m,56642,56642,0,0,0,0,0.04652759406408223,42.43457969268709,0
ADD_RUN_00459__v3,A2_20s,ADD_RUN_00459,BY2,ADDENDUM,D62_20s_seed_05,A2,seed_05,A06,AB1110,v3,error_series,semisynthetic,roll_3sigma_deg,56642,56642,0,0,0,0,0.32282875499999997,6.0000398189999995,0
ADD_RUN_00459__v3,A2_20s,ADD_RUN_00459,BY2,ADDENDUM,D62_20s_seed_05,A2,seed_05,A06,AB1110,v3,error_series,semisynthetic,pitch_3sigma_deg,56642,56642,0,0,0,0,0.324740514,6.0000398189999995,0
ADD_RUN_00459__v3,A2_20s,ADD_RUN_00459,BY2,ADDENDUM,D62_20s_seed_05,A2,seed_05,A06,AB1110,v3,error_series,semisynthetic,yaw_3sigma_deg,56642,56642,0,0,0,0,0.544870482,6.0000398189999995,0
ADD_RUN_00459__v2,A2_20s,ADD_RUN_00459,BY2,ADDENDUM,D62_20s_seed_05,A2,seed_05,A06,AB1110,v2,error_series,semisynthetic,time,56642,56642,0,0,0,0,66.005054,339.997056,0
ADD_RUN_00459__v2,A2_20s,ADD_RUN_00459,BY2,ADDENDUM,D62_20s_seed_05,A2,seed_05,A06,AB1110,v2,error_series,semisynthetic,err_n_m,56642,56642,0,0,0,0,-21.515718551359456,0.22246372261314384,28319
ADD_RUN_00459__v2,A2_20s,ADD_RUN_00459,BY2,ADDENDUM,D62_20s_seed_05,A2,seed_05,A06,AB1110,v2,error_series,semisynthetic,err_e_m,56642,56642,0,0,0,0,-0.22164298945870087,66.18925049598336,24276
ADD_RUN_00459__v2,A2_20s,ADD_RUN_00459,BY2,ADDENDUM,D62_20s_seed_05,A2,seed_05,A06,AB1110,v2,error_series,semisynthetic,err_u_m,56642,56642,0,0,0,0,-1.14498485042175,3.43985069450866,55266
ADD_RUN_00459__v2,A2_20s,ADD_RUN_00459,BY2,ADDENDUM,D62_20s_seed_05,A2,seed_05,A06,AB1110,v2,error_series,semisynthetic,horizontal_err_m,56642,56642,0,0,0,0,0.011136798041639646,69.5984412612908,0
ADD_RUN_00459__v2,A2_20s,ADD_RUN_00459,BY2,ADDENDUM,D62_20s_seed_05,A2,seed_05,A06,AB1110,v2,error_series,semisynthetic,position_3d_err_m,56642,56642,0,0,0,0,0.1568391526091733,69.68339543106276,0
ADD_RUN_00459__v2,A2_20s,ADD_RUN_00459,BY2,ADDENDUM,D62_20s_seed_05,A2,seed_05,A06,AB1110,v2,error_series,semisynthetic,roll_err_deg,56642,56642,0,0,0,0,-4.088772287563273,6.871283332296571,19449
ADD_RUN_00459__v2,A2_20s,ADD_RUN_00459,BY2,ADDENDUM,D62_20s_seed_05,A2,seed_05,A06,AB1110,v2,error_series,semisynthetic,pitch_err_deg,56642,56642,0,0,0,0,-8.56674260975447,8.516099713542644,37219
ADD_RUN_00459__v2,A2_20s,ADD_RUN_00459,BY2,ADDENDUM,D62_20s_seed_05,A2,seed_05,A06,AB1110,v2,error_series,semisynthetic,yaw_err_deg,56642,56642,0,0,0,0,-8.765894229238427,3.84497521826529,42178
ADD_RUN_00459__v2,A2_20s,ADD_RUN_00459,BY2,ADDENDUM,D62_20s_seed_05,A2,seed_05,A06,AB1110,v2,error_series,semisynthetic,horizontal_3sigma_m,56642,56642,0,0,0,0,0.04652759406408223,42.43457969268709,0
ADD_RUN_00459__v2,A2_20s,ADD_RUN_00459,BY2,ADDENDUM,D62_20s_seed_05,A2,seed_05,A06,AB1110,v2,error_series,semisynthetic,roll_3sigma_deg,56642,56642,0,0,0,0,0.32282875499999997,6.0000398189999995,0
ADD_RUN_00459__v2,A2_20s,ADD_RUN_00459,BY2,ADDENDUM,D62_20s_seed_05,A2,seed_05,A06,AB1110,v2,error_series,semisynthetic,pitch_3sigma_deg,56642,56642,0,0,0,0,0.324740514,6.0000398189999995,0
ADD_RUN_00459__v2,A2_20s,ADD_RUN_00459,BY2,ADDENDUM,D62_20s_seed_05,A2,seed_05,A06,AB1110,v2,error_series,semisynthetic,yaw_3sigma_deg,56642,56642,0,0,0,0,0.544870482,6.0000398189999995,0
ADD_RUN_00460__v3,A2_20s,ADD_RUN_00460,BY2,ADDENDUM,D62_20s_seed_05,A2,seed_05,A07,AB1100,v3,error_series,semisynthetic,time,56642,56642,0,0,0,0,66.005054,339.997056,0
ADD_RUN_00460__v3,A2_20s,ADD_RUN_00460,BY2,ADDENDUM,D62_20s_seed_05,A2,seed_05,A07,AB1100,v3,error_series,semisynthetic,err_n_m,56642,56642,0,0,0,0,-40.62962807618476,0.18085981667689666,38208
ADD_RUN_00460__v3,A2_20s,ADD_RUN_00460,BY2,ADDENDUM,D62_20s_seed_05,A2,seed_05,A07,AB1100,v3,error_series,semisynthetic,err_e_m,56642,56642,0,0,0,0,-0.18567049096064805,79.30313650720313,26337
ADD_RUN_00460__v3,A2_20s,ADD_RUN_00460,BY2,ADDENDUM,D62_20s_seed_05,A2,seed_05,A07,AB1100,v3,error_series,semisynthetic,err_u_m,56642,56642,0,0,0,0,-0.8242129069772055,2.969885976332378,37436
ADD_RUN_00460__v3,A2_20s,ADD_RUN_00460,BY2,ADDENDUM,D62_20s_seed_05,A2,seed_05,A07,AB1100,v3,error_series,semisynthetic,horizontal_err_m,56642,56642,0,0,0,0,0.0003292563046502864,89.10529803266019,0
ADD_RUN_00460__v3,A2_20s,ADD_RUN_00460,BY2,ADDENDUM,D62_20s_seed_05,A2,seed_05,A07,AB1100,v3,error_series,semisynthetic,position_3d_err_m,56642,56642,0,0,0,0,0.0008080638536960694,89.15477755118685,0
ADD_RUN_00460__v3,A2_20s,ADD_RUN_00460,BY2,ADDENDUM,D62_20s_seed_05,A2,seed_05,A07,AB1100,v3,error_series,semisynthetic,roll_err_deg,56642,56642,0,0,0,0,-4.396649792563267,9.300523105296577,16395
ADD_RUN_00460__v3,A2_20s,ADD_RUN_00460,BY2,ADDENDUM,D62_20s_seed_05,A2,seed_05,A07,AB1100,v3,error_series,semisynthetic,pitch_err_deg,56642,56642,0,0,0,0,-9.988871474754461,8.46400124454263,37584
ADD_RUN_00460__v3,A2_20s,ADD_RUN_00460,BY2,ADDENDUM,D62_20s_seed_05,A2,seed_05,A07,AB1100,v3,error_series,semisynthetic,yaw_err_deg,56642,56642,0,0,0,0,-8.8377920682384,3.8348436792653047,42269
ADD_RUN_00460__v3,A2_20s,ADD_RUN_00460,BY2,ADDENDUM,D62_20s_seed_05,A2,seed_05,A07,AB1100,v3,error_series,semisynthetic,horizontal_3sigma_m,56642,56642,0,0,0,0,0.04657509938328112,43.27447261689605,0
ADD_RUN_00460__v3,A2_20s,ADD_RUN_00460,BY2,ADDENDUM,D62_20s_seed_05,A2,seed_05,A07,AB1100,v3,error_series,semisynthetic,roll_3sigma_deg,56642,56642,0,0,0,0,0.40113391200000004,6.0000398189999995,0
ADD_RUN_00460__v3,A2_20s,ADD_RUN_00460,BY2,ADDENDUM,D62_20s_seed_05,A2,seed_05,A07,AB1100,v3,error_series,semisynthetic,pitch_3sigma_deg,56642,56642,0,0,0,0,0.408129897,6.0000398189999995,0
ADD_RUN_00460__v3,A2_20s,ADD_RUN_00460,BY2,ADDENDUM,D62_20s_seed_05,A2,seed_05,A07,AB1100,v3,error_series,semisynthetic,yaw_3sigma_deg,56642,56642,0,0,0,0,0.54508362,6.0000398189999995,0
ADD_RUN_00460__v2,A2_20s,ADD_RUN_00460,BY2,ADDENDUM,D62_20s_seed_05,A2,seed_05,A07,AB1100,v2,error_series,semisynthetic,time,56642,56642,0,0,0,0,66.005054,339.997056,0
ADD_RUN_00460__v2,A2_20s,ADD_RUN_00460,BY2,ADDENDUM,D62_20s_seed_05,A2,seed_05,A07,AB1100,v2,error_series,semisynthetic,err_n_m,56642,56642,0,0,0,0,-40.587877036827095,0.22235268794209873,27956
ADD_RUN_00460__v2,A2_20s,ADD_RUN_00460,BY2,ADDENDUM,D62_20s_seed_05,A2,seed_05,A07,AB1100,v2,error_series,semisynthetic,err_e_m,56642,56642,0,0,0,0,-0.22121590848136918,79.14777662746306,24983
ADD_RUN_00460__v2,A2_20s,ADD_RUN_00460,BY2,ADDENDUM,D62_20s_seed_05,A2,seed_05,A07,AB1100,v2,error_series,semisynthetic,err_u_m,56642,56642,0,0,0,0,-1.1104135484040079,2.675008871876429,55286
ADD_RUN_00460__v2,A2_20s,ADD_RUN_00460,BY2,ADDENDUM,D62_20s_seed_05,A2,seed_05,A07,AB1100,v2,error_series,semisynthetic,horizontal_err_m,56642,56642,0,0,0,0,0.008785069862730616,88.94799777076145,0
ADD_RUN_00460__v2,A2_20s,ADD_RUN_00460,BY2,ADDENDUM,D62_20s_seed_05,A2,seed_05,A07,AB1100,v2,error_series,semisynthetic,position_3d_err_m,56642,56642,0,0,0,0,0.15481010507073711,88.98821258960089,0
ADD_RUN_00460__v2,A2_20s,ADD_RUN_00460,BY2,ADDENDUM,D62_20s_seed_05,A2,seed_05,A07,AB1100,v2,error_series,semisynthetic,roll_err_deg,56642,56642,0,0,0,0,-4.396649792563267,9.300523105296577,16395
ADD_RUN_00460__v2,A2_20s,ADD_RUN_00460,BY2,ADDENDUM,D62_20s_seed_05,A2,seed_05,A07,AB1100,v2,error_series,semisynthetic,pitch_err_deg,56642,56642,0,0,0,0,-9.988871474754461,8.46400124454263,37584
ADD_RUN_00460__v2,A2_20s,ADD_RUN_00460,BY2,ADDENDUM,D62_20s_seed_05,A2,seed_05,A07,AB1100,v2,error_series,semisynthetic,yaw_err_deg,56642,56642,0,0,0,0,-8.8377920682384,3.8348436792653047,42269
ADD_RUN_00460__v2,A2_20s,ADD_RUN_00460,BY2,ADDENDUM,D62_20s_seed_05,A2,seed_05,A07,AB1100,v2,error_series,semisynthetic,horizontal_3sigma_m,56642,56642,0,0,0,0,0.04657509938328112,43.27447261689605,0
ADD_RUN_00460__v2,A2_20s,ADD_RUN_00460,BY2,ADDENDUM,D62_20s_seed_05,A2,seed_05,A07,AB1100,v2,error_series,semisynthetic,roll_3sigma_deg,56642,56642,0,0,0,0,0.40113391200000004,6.0000398189999995,0
ADD_RUN_00460__v2,A2_20s,ADD_RUN_00460,BY2,ADDENDUM,D62_20s_seed_05,A2,seed_05,A07,AB1100,v2,error_series,semisynthetic,pitch_3sigma_deg,56642,56642,0,0,0,0,0.408129897,6.0000398189999995,0
ADD_RUN_00460__v2,A2_20s,ADD_RUN_00460,BY2,ADDENDUM,D62_20s_seed_05,A2,seed_05,A07,AB1100,v2,error_series,semisynthetic,yaw_3sigma_deg,56642,56642,0,0,0,0,0.54508362,6.0000398189999995,0
ADD_RUN_00461__v3,A2_20s,ADD_RUN_00461,BY2,ADDENDUM,D62_20s_seed_05,A2,seed_05,A08,AB1000,v3,error_series,semisynthetic,time,56642,56642,0,0,0,0,66.005054,339.997056,0
ADD_RUN_00461__v3,A2_20s,ADD_RUN_00461,BY2,ADDENDUM,D62_20s_seed_05,A2,seed_05,A08,AB1000,v3,error_series,semisynthetic,err_n_m,56642,56642,0,0,0,0,-40.68059793756187,0.18086234450872496,38000
ADD_RUN_00461__v3,A2_20s,ADD_RUN_00461,BY2,ADDENDUM,D62_20s_seed_05,A2,seed_05,A08,AB1000,v3,error_series,semisynthetic,err_e_m,56642,56642,0,0,0,0,-0.18567049096064805,79.17970644113325,26515
ADD_RUN_00461__v3,A2_20s,ADD_RUN_00461,BY2,ADDENDUM,D62_20s_seed_05,A2,seed_05,A08,AB1000,v3,error_series,semisynthetic,err_u_m,56642,56642,0,0,0,0,-0.8417672557422264,2.919047656879286,37384
ADD_RUN_00461__v3,A2_20s,ADD_RUN_00461,BY2,ADDENDUM,D62_20s_seed_05,A2,seed_05,A08,AB1000,v3,error_series,semisynthetic,horizontal_err_m,56642,56642,0,0,0,0,0.00016734025046683402,89.01874499599285,0
ADD_RUN_00461__v3,A2_20s,ADD_RUN_00461,BY2,ADDENDUM,D62_20s_seed_05,A2,seed_05,A08,AB1000,v3,error_series,semisynthetic,position_3d_err_m,56642,56642,0,0,0,0,0.0008631566567788827,89.06659194043934,0
ADD_RUN_00461__v3,A2_20s,ADD_RUN_00461,BY2,ADDENDUM,D62_20s_seed_05,A2,seed_05,A08,AB1000,v3,error_series,semisynthetic,roll_err_deg,56642,56642,0,0,0,0,-4.39600614756327,9.296753816296587,16422
ADD_RUN_00461__v3,A2_20s,ADD_RUN_00461,BY2,ADDENDUM,D62_20s_seed_05,A2,seed_05,A08,AB1000,v3,error_series,semisynthetic,pitch_err_deg,56642,56642,0,0,0,0,-9.98686457675447,8.464383034542635,37579
ADD_RUN_00461__v3,A2_20s,ADD_RUN_00461,BY2,ADDENDUM,D62_20s_seed_05,A2,seed_05,A08,AB1000,v3,error_series,semisynthetic,yaw_err_deg,56642,56642,0,0,0,0,-8.841422922238394,3.833259152265299,42304
ADD_RUN_00461__v3,A2_20s,ADD_RUN_00461,BY2,ADDENDUM,D62_20s_seed_05,A2,seed_05,A08,AB1000,v3,error_series,semisynthetic,horizontal_3sigma_m,56642,56642,0,0,0,0,0.046349343335093,43.27348691406705,0
ADD_RUN_00461__v3,A2_20s,ADD_RUN_00461,BY2,ADDENDUM,D62_20s_seed_05,A2,seed_05,A08,AB1000,v3,error_series,semisynthetic,roll_3sigma_deg,56642,56642,0,0,0,0,0.40112230800000004,6.0000398189999995,0
ADD_RUN_00461__v3,A2_20s,ADD_RUN_00461,BY2,ADDENDUM,D62_20s_seed_05,A2,seed_05,A08,AB1000,v3,error_series,semisynthetic,pitch_3sigma_deg,56642,56642,0,0,0,0,0.40812038700000003,6.0000398189999995,0
ADD_RUN_00461__v3,A2_20s,ADD_RUN_00461,BY2,ADDENDUM,D62_20s_seed_05,A2,seed_05,A08,AB1000,v3,error_series,semisynthetic,yaw_3sigma_deg,56642,56642,0,0,0,0,0.5449473899999999,6.0000398189999995,0
ADD_RUN_00461__v2,A2_20s,ADD_RUN_00461,BY2,ADDENDUM,D62_20s_seed_05,A2,seed_05,A08,AB1000,v2,error_series,semisynthetic,time,56642,56642,0,0,0,0,66.005054,339.997056,0
ADD_RUN_00461__v2,A2_20s,ADD_RUN_00461,BY2,ADDENDUM,D62_20s_seed_05,A2,seed_05,A08,AB1000,v2,error_series,semisynthetic,err_n_m,56642,56642,0,0,0,0,-40.638841612816705,0.22246372345168197,27795
ADD_RUN_00461__v2,A2_20s,ADD_RUN_00461,BY2,ADDENDUM,D62_20s_seed_05,A2,seed_05,A08,AB1000,v2,error_series,semisynthetic,err_e_m,56642,56642,0,0,0,0,-0.22121590808166047,79.02435300534555,25165
ADD_RUN_00461__v2,A2_20s,ADD_RUN_00461,BY2,ADDENDUM,D62_20s_seed_05,A2,seed_05,A08,AB1000,v2,error_series,semisynthetic,err_u_m,56642,56642,0,0,0,0,-1.1279731512243956,2.624167905386834,55307
ADD_RUN_00461__v2,A2_20s,ADD_RUN_00461,BY2,ADDENDUM,D62_20s_seed_05,A2,seed_05,A08,AB1000,v2,error_series,semisynthetic,horizontal_err_m,56642,56642,0,0,0,0,0.008785069731932198,88.86148668318052,0
ADD_RUN_00461__v2,A2_20s,ADD_RUN_00461,BY2,ADDENDUM,D62_20s_seed_05,A2,seed_05,A08,AB1000,v2,error_series,semisynthetic,position_3d_err_m,56642,56642,0,0,0,0,0.15477111819429284,88.90022538070829,0
ADD_RUN_00461__v2,A2_20s,ADD_RUN_00461,BY2,ADDENDUM,D62_20s_seed_05,A2,seed_05,A08,AB1000,v2,error_series,semisynthetic,roll_err_deg,56642,56642,0,0,0,0,-4.39600614756327,9.296753816296587,16422
ADD_RUN_00461__v2,A2_20s,ADD_RUN_00461,BY2,ADDENDUM,D62_20s_seed_05,A2,seed_05,A08,AB1000,v2,error_series,semisynthetic,pitch_err_deg,56642,56642,0,0,0,0,-9.98686457675447,8.464383034542635,37579
ADD_RUN_00461__v2,A2_20s,ADD_RUN_00461,BY2,ADDENDUM,D62_20s_seed_05,A2,seed_05,A08,AB1000,v2,error_series,semisynthetic,yaw_err_deg,56642,56642,0,0,0,0,-8.841422922238394,3.833259152265299,42304
ADD_RUN_00461__v2,A2_20s,ADD_RUN_00461,BY2,ADDENDUM,D62_20s_seed_05,A2,seed_05,A08,AB1000,v2,error_series,semisynthetic,horizontal_3sigma_m,56642,56642,0,0,0,0,0.046349343335093,43.27348691406705,0
ADD_RUN_00461__v2,A2_20s,ADD_RUN_00461,BY2,ADDENDUM,D62_20s_seed_05,A2,seed_05,A08,AB1000,v2,error_series,semisynthetic,roll_3sigma_deg,56642,56642,0,0,0,0,0.40112230800000004,6.0000398189999995,0
ADD_RUN_00461__v2,A2_20s,ADD_RUN_00461,BY2,ADDENDUM,D62_20s_seed_05,A2,seed_05,A08,AB1000,v2,error_series,semisynthetic,pitch_3sigma_deg,56642,56642,0,0,0,0,0.40812038700000003,6.0000398189999995,0
ADD_RUN_00461__v2,A2_20s,ADD_RUN_00461,BY2,ADDENDUM,D62_20s_seed_05,A2,seed_05,A08,AB1000,v2,error_series,semisynthetic,yaw_3sigma_deg,56642,56642,0,0,0,0,0.5449473899999999,6.0000398189999995,0
ADD_RUN_00462__v3,A2_20s,ADD_RUN_00462,BY2,ADDENDUM,D62_20s_seed_05,A2,seed_05,A09,AB0100,v3,error_series,semisynthetic,time,56642,56642,0,0,0,0,66.005054,339.997056,0
ADD_RUN_00462__v3,A2_20s,ADD_RUN_00462,BY2,ADDENDUM,D62_20s_seed_05,A2,seed_05,A09,AB0100,v3,error_series,semisynthetic,err_n_m,56642,56642,0,0,0,0,-40.81161020944957,0.180850162746232,38506
ADD_RUN_00462__v3,A2_20s,ADD_RUN_00462,BY2,ADDENDUM,D62_20s_seed_05,A2,seed_05,A09,AB0100,v3,error_series,semisynthetic,err_e_m,56642,56642,0,0,0,0,-0.18567049096064805,80.25928626863468,26527
ADD_RUN_00462__v3,A2_20s,ADD_RUN_00462,BY2,ADDENDUM,D62_20s_seed_05,A2,seed_05,A09,AB0100,v3,error_series,semisynthetic,err_u_m,56642,56642,0,0,0,0,-0.7622493204355898,3.156312545657137,37610
ADD_RUN_00462__v3,A2_20s,ADD_RUN_00462,BY2,ADDENDUM,D62_20s_seed_05,A2,seed_05,A09,AB0100,v3,error_series,semisynthetic,horizontal_err_m,56642,56642,0,0,0,0,0.0003235079658039625,90.0396610402255,0
ADD_RUN_00462__v3,A2_20s,ADD_RUN_00462,BY2,ADDENDUM,D62_20s_seed_05,A2,seed_05,A09,AB0100,v3,error_series,semisynthetic,position_3d_err_m,56642,56642,0,0,0,0,0.0011168483678735555,90.0949658367468,0
ADD_RUN_00462__v3,A2_20s,ADD_RUN_00462,BY2,ADDENDUM,D62_20s_seed_05,A2,seed_05,A09,AB0100,v3,error_series,semisynthetic,roll_err_deg,56642,56642,0,0,0,0,-4.395951929563267,9.297361479296569,16391
ADD_RUN_00462__v3,A2_20s,ADD_RUN_00462,BY2,ADDENDUM,D62_20s_seed_05,A2,seed_05,A09,AB0100,v3,error_series,semisynthetic,pitch_err_deg,56642,56642,0,0,0,0,-9.990566378754465,8.452458329542651,37625
ADD_RUN_00462__v3,A2_20s,ADD_RUN_00462,BY2,ADDENDUM,D62_20s_seed_05,A2,seed_05,A09,AB0100,v3,error_series,semisynthetic,yaw_err_deg,56642,56642,0,0,0,0,-8.840376101238405,3.8359189862653125,42204
ADD_RUN_00462__v3,A2_20s,ADD_RUN_00462,BY2,ADDENDUM,D62_20s_seed_05,A2,seed_05,A09,AB0100,v3,error_series,semisynthetic,horizontal_3sigma_m,56642,56642,0,0,0,0,0.046943777603695974,43.294082777137,0
ADD_RUN_00462__v3,A2_20s,ADD_RUN_00462,BY2,ADDENDUM,D62_20s_seed_05,A2,seed_05,A09,AB0100,v3,error_series,semisynthetic,roll_3sigma_deg,56642,56642,0,0,0,0,0.401181264,6.0000398189999995,0
ADD_RUN_00462__v3,A2_20s,ADD_RUN_00462,BY2,ADDENDUM,D62_20s_seed_05,A2,seed_05,A09,AB0100,v3,error_series,semisynthetic,pitch_3sigma_deg,56642,56642,0,0,0,0,0.408172671,6.0000398189999995,0
ADD_RUN_00462__v3,A2_20s,ADD_RUN_00462,BY2,ADDENDUM,D62_20s_seed_05,A2,seed_05,A09,AB0100,v3,error_series,semisynthetic,yaw_3sigma_deg,56642,56642,0,0,0,0,0.5451481229999999,6.0000398189999995,0
ADD_RUN_00462__v2,A2_20s,ADD_RUN_00462,BY2,ADDENDUM,D62_20s_seed_05,A2,seed_05,A09,AB0100,v2,error_series,semisynthetic,time,56642,56642,0,0,0,0,66.005054,339.997056,0
ADD_RUN_00462__v2,A2_20s,ADD_RUN_00462,BY2,ADDENDUM,D62_20s_seed_05,A2,seed_05,A09,AB0100,v2,error_series,semisynthetic,err_n_m,56642,56642,0,0,0,0,-40.769865008543846,0.21944779768993605,28193
ADD_RUN_00462__v2,A2_20s,ADD_RUN_00462,BY2,ADDENDUM,D62_20s_seed_05,A2,seed_05,A09,AB0100,v2,error_series,semisynthetic,err_e_m,56642,56642,0,0,0,0,-0.22377829014556028,80.10390433496077,24744
ADD_RUN_00462__v2,A2_20s,ADD_RUN_00462,BY2,ADDENDUM,D62_20s_seed_05,A2,seed_05,A09,AB0100,v2,error_series,semisynthetic,err_u_m,56642,56642,0,0,0,0,-1.0484450456934091,2.861446233539553,55235
ADD_RUN_00462__v2,A2_20s,ADD_RUN_00462,BY2,ADDENDUM,D62_20s_seed_05,A2,seed_05,A09,AB0100,v2,error_series,semisynthetic,horizontal_err_m,56642,56642,0,0,0,0,0.008785069859898902,89.88224175285926,0
ADD_RUN_00462__v2,A2_20s,ADD_RUN_00462,BY2,ADDENDUM,D62_20s_seed_05,A2,seed_05,A09,AB0100,v2,error_series,semisynthetic,position_3d_err_m,56642,56642,0,0,0,0,0.15592052992726277,89.92777800583573,0
ADD_RUN_00462__v2,A2_20s,ADD_RUN_00462,BY2,ADDENDUM,D62_20s_seed_05,A2,seed_05,A09,AB0100,v2,error_series,semisynthetic,roll_err_deg,56642,56642,0,0,0,0,-4.395951929563267,9.297361479296569,16391
ADD_RUN_00462__v2,A2_20s,ADD_RUN_00462,BY2,ADDENDUM,D62_20s_seed_05,A2,seed_05,A09,AB0100,v2,error_series,semisynthetic,pitch_err_deg,56642,56642,0,0,0,0,-9.990566378754465,8.452458329542651,37625
ADD_RUN_00462__v2,A2_20s,ADD_RUN_00462,BY2,ADDENDUM,D62_20s_seed_05,A2,seed_05,A09,AB0100,v2,error_series,semisynthetic,yaw_err_deg,56642,56642,0,0,0,0,-8.840376101238405,3.8359189862653125,42204
ADD_RUN_00462__v2,A2_20s,ADD_RUN_00462,BY2,ADDENDUM,D62_20s_seed_05,A2,seed_05,A09,AB0100,v2,error_series,semisynthetic,horizontal_3sigma_m,56642,56642,0,0,0,0,0.046943777603695974,43.294082777137,0
ADD_RUN_00462__v2,A2_20s,ADD_RUN_00462,BY2,ADDENDUM,D62_20s_seed_05,A2,seed_05,A09,AB0100,v2,error_series,semisynthetic,roll_3sigma_deg,56642,56642,0,0,0,0,0.401181264,6.0000398189999995,0
ADD_RUN_00462__v2,A2_20s,ADD_RUN_00462,BY2,ADDENDUM,D62_20s_seed_05,A2,seed_05,A09,AB0100,v2,error_series,semisynthetic,pitch_3sigma_deg,56642,56642,0,0,0,0,0.408172671,6.0000398189999995,0
ADD_RUN_00462__v2,A2_20s,ADD_RUN_00462,BY2,ADDENDUM,D62_20s_seed_05,A2,seed_05,A09,AB0100,v2,error_series,semisynthetic,yaw_3sigma_deg,56642,56642,0,0,0,0,0.5451481229999999,6.0000398189999995,0
ADD_RUN_00463__v3,A2_20s,ADD_RUN_00463,BY2,ADDENDUM,D62_20s_seed_06,A2,seed_06,F01,single_antenna_EKF,v3,error_series,semisynthetic,time,56642,56642,0,0,0,0,66.005054,339.997056,0
ADD_RUN_00463__v3,A2_20s,ADD_RUN_00463,BY2,ADDENDUM,D62_20s_seed_06,A2,seed_06,F01,single_antenna_EKF,v3,error_series,semisynthetic,err_n_m,56642,56642,0,0,0,0,-110.94754108300678,0.17557648835121853,38718
ADD_RUN_00463__v3,A2_20s,ADD_RUN_00463,BY2,ADDENDUM,D62_20s_seed_06,A2,seed_06,F01,single_antenna_EKF,v3,error_series,semisynthetic,err_e_m,56642,56642,0,0,0,0,-0.18567049096064805,109.5552187371984,24616
ADD_RUN_00463__v3,A2_20s,ADD_RUN_00463,BY2,ADDENDUM,D62_20s_seed_06,A2,seed_06,F01,single_antenna_EKF,v3,error_series,semisynthetic,err_u_m,56642,56642,0,0,0,0,-8.675468015484945,0.3415064349426196,39612
ADD_RUN_00463__v3,A2_20s,ADD_RUN_00463,BY2,ADDENDUM,D62_20s_seed_06,A2,seed_06,F01,single_antenna_EKF,v3,error_series,semisynthetic,horizontal_err_m,56642,56642,0,0,0,0,0.00014181290881221632,155.92210499130925,0
ADD_RUN_00463__v3,A2_20s,ADD_RUN_00463,BY2,ADDENDUM,D62_20s_seed_06,A2,seed_06,F01,single_antenna_EKF,v3,error_series,semisynthetic,position_3d_err_m,56642,56642,0,0,0,0,0.00078425699127759,156.1632689533892,0
ADD_RUN_00463__v3,A2_20s,ADD_RUN_00463,BY2,ADDENDUM,D62_20s_seed_06,A2,seed_06,F01,single_antenna_EKF,v3,error_series,semisynthetic,roll_err_deg,56642,56642,0,0,0,0,-4.456687683563274,9.283393087296588,16202
ADD_RUN_00463__v3,A2_20s,ADD_RUN_00463,BY2,ADDENDUM,D62_20s_seed_06,A2,seed_06,F01,single_antenna_EKF,v3,error_series,semisynthetic,pitch_err_deg,56642,56642,0,0,0,0,-9.986784759754471,8.452295398542645,37725
ADD_RUN_00463__v3,A2_20s,ADD_RUN_00463,BY2,ADDENDUM,D62_20s_seed_06,A2,seed_06,F01,single_antenna_EKF,v3,error_series,semisynthetic,yaw_err_deg,56642,56642,0,0,0,0,-17.83297652823842,1.0895758841452334,56301
ADD_RUN_00463__v3,A2_20s,ADD_RUN_00463,BY2,ADDENDUM,D62_20s_seed_06,A2,seed_06,F01,single_antenna_EKF,v3,error_series,semisynthetic,horizontal_3sigma_m,56642,56642,0,0,0,0,0.04700990880282893,43.57222972292209,0
ADD_RUN_00463__v3,A2_20s,ADD_RUN_00463,BY2,ADDENDUM,D62_20s_seed_06,A2,seed_06,F01,single_antenna_EKF,v3,error_series,semisynthetic,roll_3sigma_deg,56642,56642,0,0,0,0,0.407034432,6.0000398189999995,0
ADD_RUN_00463__v3,A2_20s,ADD_RUN_00463,BY2,ADDENDUM,D62_20s_seed_06,A2,seed_06,F01,single_antenna_EKF,v3,error_series,semisynthetic,pitch_3sigma_deg,56642,56642,0,0,0,0,0.410559972,6.0000398189999995,0
ADD_RUN_00463__v3,A2_20s,ADD_RUN_00463,BY2,ADDENDUM,D62_20s_seed_06,A2,seed_06,F01,single_antenna_EKF,v3,error_series,semisynthetic,yaw_3sigma_deg,56642,56642,0,0,0,0,2.6299667820000003,6.0000398189999995,0
ADD_RUN_00463__v2,A2_20s,ADD_RUN_00463,BY2,ADDENDUM,D62_20s_seed_06,A2,seed_06,F01,single_antenna_EKF,v2,error_series,semisynthetic,time,56642,56642,0,0,0,0,66.005054,339.997056,0
ADD_RUN_00463__v2,A2_20s,ADD_RUN_00463,BY2,ADDENDUM,D62_20s_seed_06,A2,seed_06,F01,single_antenna_EKF,v2,error_series,semisynthetic,err_n_m,56642,56642,0,0,0,0,-111.05852858643739,0.22078020549652067,27745
ADD_RUN_00463__v2,A2_20s,ADD_RUN_00463,BY2,ADDENDUM,D62_20s_seed_06,A2,seed_06,F01,single_antenna_EKF,v2,error_series,semisynthetic,err_e_m,56642,56642,0,0,0,0,-0.22634062683296463,109.5323501006572,24338
ADD_RUN_00463__v2,A2_20s,ADD_RUN_00463,BY2,ADDENDUM,D62_20s_seed_06,A2,seed_06,F01,single_antenna_EKF,v2,error_series,semisynthetic,err_u_m,56642,56642,0,0,0,0,-8.991681785073574,0.04139467741025951,56600
ADD_RUN_00463__v2,A2_20s,ADD_RUN_00463,BY2,ADDENDUM,D62_20s_seed_06,A2,seed_06,F01,single_antenna_EKF,v2,error_series,semisynthetic,horizontal_err_m,56642,56642,0,0,0,0,0.005684004450868225,155.98503931581857,0
ADD_RUN_00463__v2,A2_20s,ADD_RUN_00463,BY2,ADDENDUM,D62_20s_seed_06,A2,seed_06,F01,single_antenna_EKF,v2,error_series,semisynthetic,position_3d_err_m,56642,56642,0,0,0,0,0.15900464336284534,156.24398494560197,0
ADD_RUN_00463__v2,A2_20s,ADD_RUN_00463,BY2,ADDENDUM,D62_20s_seed_06,A2,seed_06,F01,single_antenna_EKF,v2,error_series,semisynthetic,roll_err_deg,56642,56642,0,0,0,0,-4.456687683563274,9.283393087296588,16202
ADD_RUN_00463__v2,A2_20s,ADD_RUN_00463,BY2,ADDENDUM,D62_20s_seed_06,A2,seed_06,F01,single_antenna_EKF,v2,error_series,semisynthetic,pitch_err_deg,56642,56642,0,0,0,0,-9.986784759754471,8.452295398542645,37725
ADD_RUN_00463__v2,A2_20s,ADD_RUN_00463,BY2,ADDENDUM,D62_20s_seed_06,A2,seed_06,F01,single_antenna_EKF,v2,error_series,semisynthetic,yaw_err_deg,56642,56642,0,0,0,0,-17.83297652823842,1.0895758841452334,56301
ADD_RUN_00463__v2,A2_20s,ADD_RUN_00463,BY2,ADDENDUM,D62_20s_seed_06,A2,seed_06,F01,single_antenna_EKF,v2,error_series,semisynthetic,horizontal_3sigma_m,56642,56642,0,0,0,0,0.04700990880282893,43.57222972292209,0
ADD_RUN_00463__v2,A2_20s,ADD_RUN_00463,BY2,ADDENDUM,D62_20s_seed_06,A2,seed_06,F01,single_antenna_EKF,v2,error_series,semisynthetic,roll_3sigma_deg,56642,56642,0,0,0,0,0.407034432,6.0000398189999995,0
ADD_RUN_00463__v2,A2_20s,ADD_RUN_00463,BY2,ADDENDUM,D62_20s_seed_06,A2,seed_06,F01,single_antenna_EKF,v2,error_series,semisynthetic,pitch_3sigma_deg,56642,56642,0,0,0,0,0.410559972,6.0000398189999995,0
ADD_RUN_00463__v2,A2_20s,ADD_RUN_00463,BY2,ADDENDUM,D62_20s_seed_06,A2,seed_06,F01,single_antenna_EKF,v2,error_series,semisynthetic,yaw_3sigma_deg,56642,56642,0,0,0,0,2.6299667820000003,6.0000398189999995,0
ADD_RUN_00464__v3,A2_20s,ADD_RUN_00464,BY2,ADDENDUM,D62_20s_seed_06,A2,seed_06,F02,basic_dual_yaw_EKF,v3,error_series,semisynthetic,time,56642,56642,0,0,0,0,66.005054,339.997056,0
ADD_RUN_00464__v3,A2_20s,ADD_RUN_00464,BY2,ADDENDUM,D62_20s_seed_06,A2,seed_06,F02,basic_dual_yaw_EKF,v3,error_series,semisynthetic,err_n_m,56642,56642,0,0,0,0,-124.12920419207815,0.18122861403067958,41546
ADD_RUN_00464__v3,A2_20s,ADD_RUN_00464,BY2,ADDENDUM,D62_20s_seed_06,A2,seed_06,F02,basic_dual_yaw_EKF,v3,error_series,semisynthetic,err_e_m,56642,56642,0,0,0,0,-0.18567049096064805,93.1809529791399,26267
ADD_RUN_00464__v3,A2_20s,ADD_RUN_00464,BY2,ADDENDUM,D62_20s_seed_06,A2,seed_06,F02,basic_dual_yaw_EKF,v3,error_series,semisynthetic,err_u_m,56642,56642,0,0,0,0,-9.729395231172,0.3415064349426196,40038
ADD_RUN_00464__v3,A2_20s,ADD_RUN_00464,BY2,ADDENDUM,D62_20s_seed_06,A2,seed_06,F02,basic_dual_yaw_EKF,v3,error_series,semisynthetic,horizontal_err_m,56642,56642,0,0,0,0,0.0003882620857329156,155.21194970574692,0
ADD_RUN_00464__v3,A2_20s,ADD_RUN_00464,BY2,ADDENDUM,D62_20s_seed_06,A2,seed_06,F02,basic_dual_yaw_EKF,v3,error_series,semisynthetic,position_3d_err_m,56642,56642,0,0,0,0,0.0025943769162666192,155.51659224347628,0
ADD_RUN_00464__v3,A2_20s,ADD_RUN_00464,BY2,ADDENDUM,D62_20s_seed_06,A2,seed_06,F02,basic_dual_yaw_EKF,v3,error_series,semisynthetic,roll_err_deg,56642,56642,0,0,0,0,-4.332691531563285,9.328605319296571,16220
ADD_RUN_00464__v3,A2_20s,ADD_RUN_00464,BY2,ADDENDUM,D62_20s_seed_06,A2,seed_06,F02,basic_dual_yaw_EKF,v3,error_series,semisynthetic,pitch_err_deg,56642,56642,0,0,0,0,-9.987104978754473,8.416588180542647,37580
ADD_RUN_00464__v3,A2_20s,ADD_RUN_00464,BY2,ADDENDUM,D62_20s_seed_06,A2,seed_06,F02,basic_dual_yaw_EKF,v3,error_series,semisynthetic,yaw_err_deg,56642,56642,0,0,0,0,-10.127262364238419,3.84525309626531,43805
ADD_RUN_00464__v3,A2_20s,ADD_RUN_00464,BY2,ADDENDUM,D62_20s_seed_06,A2,seed_06,F02,basic_dual_yaw_EKF,v3,error_series,semisynthetic,horizontal_3sigma_m,56642,56642,0,0,0,0,0.05178557145809494,43.64663828787526,0
ADD_RUN_00464__v3,A2_20s,ADD_RUN_00464,BY2,ADDENDUM,D62_20s_seed_06,A2,seed_06,F02,basic_dual_yaw_EKF,v3,error_series,semisynthetic,roll_3sigma_deg,56642,56642,0,0,0,0,0.400134102,6.000072272999999,0
ADD_RUN_00464__v3,A2_20s,ADD_RUN_00464,BY2,ADDENDUM,D62_20s_seed_06,A2,seed_06,F02,basic_dual_yaw_EKF,v3,error_series,semisynthetic,pitch_3sigma_deg,56642,56642,0,0,0,0,0.40819107299999996,6.000072231,0
ADD_RUN_00464__v3,A2_20s,ADD_RUN_00464,BY2,ADDENDUM,D62_20s_seed_06,A2,seed_06,F02,basic_dual_yaw_EKF,v3,error_series,semisynthetic,yaw_3sigma_deg,56642,56642,0,0,0,0,0.5283964680000001,6.0000398189999995,0
ADD_RUN_00464__v2,A2_20s,ADD_RUN_00464,BY2,ADDENDUM,D62_20s_seed_06,A2,seed_06,F02,basic_dual_yaw_EKF,v2,error_series,semisynthetic,time,56642,56642,0,0,0,0,66.005054,339.997056,0
ADD_RUN_00464__v2,A2_20s,ADD_RUN_00464,BY2,ADDENDUM,D62_20s_seed_06,A2,seed_06,F02,basic_dual_yaw_EKF,v2,error_series,semisynthetic,err_n_m,56642,56642,0,0,0,0,-124.23524982475469,0.20312558349953314,29117
ADD_RUN_00464__v2,A2_20s,ADD_RUN_00464,BY2,ADDENDUM,D62_20s_seed_06,A2,seed_06,F02,basic_dual_yaw_EKF,v2,error_series,semisynthetic,err_e_m,56642,56642,0,0,0,0,-0.22277594717550642,93.14094706143052,24247
ADD_RUN_00464__v2,A2_20s,ADD_RUN_00464,BY2,ADDENDUM,D62_20s_seed_06,A2,seed_06,F02,basic_dual_yaw_EKF,v2,error_series,semisynthetic,err_u_m,56642,56642,0,0,0,0,-10.045601175487683,0.04139467741025951,56600
ADD_RUN_00464__v2,A2_20s,ADD_RUN_00464,BY2,ADDENDUM,D62_20s_seed_06,A2,seed_06,F02,basic_dual_yaw_EKF,v2,error_series,semisynthetic,horizontal_err_m,56642,56642,0,0,0,0,0.016306222256901474,155.2727706924798,0
ADD_RUN_00464__v2,A2_20s,ADD_RUN_00464,BY2,ADDENDUM,D62_20s_seed_06,A2,seed_06,F02,basic_dual_yaw_EKF,v2,error_series,semisynthetic,position_3d_err_m,56642,56642,0,0,0,0,0.1673127581032381,155.59738886464766,0
ADD_RUN_00464__v2,A2_20s,ADD_RUN_00464,BY2,ADDENDUM,D62_20s_seed_06,A2,seed_06,F02,basic_dual_yaw_EKF,v2,error_series,semisynthetic,roll_err_deg,56642,56642,0,0,0,0,-4.332691531563285,9.328605319296571,16220
ADD_RUN_00464__v2,A2_20s,ADD_RUN_00464,BY2,ADDENDUM,D62_20s_seed_06,A2,seed_06,F02,basic_dual_yaw_EKF,v2,error_series,semisynthetic,pitch_err_deg,56642,56642,0,0,0,0,-9.987104978754473,8.416588180542647,37580
ADD_RUN_00464__v2,A2_20s,ADD_RUN_00464,BY2,ADDENDUM,D62_20s_seed_06,A2,seed_06,F02,basic_dual_yaw_EKF,v2,error_series,semisynthetic,yaw_err_deg,56642,56642,0,0,0,0,-10.127262364238419,3.84525309626531,43805
ADD_RUN_00464__v2,A2_20s,ADD_RUN_00464,BY2,ADDENDUM,D62_20s_seed_06,A2,seed_06,F02,basic_dual_yaw_EKF,v2,error_series,semisynthetic,horizontal_3sigma_m,56642,56642,0,0,0,0,0.05178557145809494,43.64663828787526,0
ADD_RUN_00464__v2,A2_20s,ADD_RUN_00464,BY2,ADDENDUM,D62_20s_seed_06,A2,seed_06,F02,basic_dual_yaw_EKF,v2,error_series,semisynthetic,roll_3sigma_deg,56642,56642,0,0,0,0,0.400134102,6.000072272999999,0
ADD_RUN_00464__v2,A2_20s,ADD_RUN_00464,BY2,ADDENDUM,D62_20s_seed_06,A2,seed_06,F02,basic_dual_yaw_EKF,v2,error_series,semisynthetic,pitch_3sigma_deg,56642,56642,0,0,0,0,0.40819107299999996,6.000072231,0
ADD_RUN_00464__v2,A2_20s,ADD_RUN_00464,BY2,ADDENDUM,D62_20s_seed_06,A2,seed_06,F02,basic_dual_yaw_EKF,v2,error_series,semisynthetic,yaw_3sigma_deg,56642,56642,0,0,0,0,0.5283964680000001,6.0000398189999995,0
ADD_RUN_00465__v3,A2_20s,ADD_RUN_00465,BY2,ADDENDUM,D62_20s_seed_06,A2,seed_06,F03,AB0000,v3,error_series,semisynthetic,time,56642,56642,0,0,0,0,66.005054,339.997056,0
ADD_RUN_00465__v3,A2_20s,ADD_RUN_00465,BY2,ADDENDUM,D62_20s_seed_06,A2,seed_06,F03,AB0000,v3,error_series,semisynthetic,err_n_m,56642,56642,0,0,0,0,-125.31731651894962,0.1808932966500194,38754
ADD_RUN_00465__v3,A2_20s,ADD_RUN_00465,BY2,ADDENDUM,D62_20s_seed_06,A2,seed_06,F03,AB0000,v3,error_series,semisynthetic,err_e_m,56642,56642,0,0,0,0,-0.18567049096064805,92.95967376258864,26578
ADD_RUN_00465__v3,A2_20s,ADD_RUN_00465,BY2,ADDENDUM,D62_20s_seed_06,A2,seed_06,F03,AB0000,v3,error_series,semisynthetic,err_u_m,56642,56642,0,0,0,0,-8.618013036289717,0.3415064349426196,39608
ADD_RUN_00465__v3,A2_20s,ADD_RUN_00465,BY2,ADDENDUM,D62_20s_seed_06,A2,seed_06,F03,AB0000,v3,error_series,semisynthetic,horizontal_err_m,56642,56642,0,0,0,0,0.00032457302228820875,156.0318261303043,0
ADD_RUN_00465__v3,A2_20s,ADD_RUN_00465,BY2,ADDENDUM,D62_20s_seed_06,A2,seed_06,F03,AB0000,v3,error_series,semisynthetic,position_3d_err_m,56642,56642,0,0,0,0,0.0012405799804984987,156.26964169105648,0
ADD_RUN_00465__v3,A2_20s,ADD_RUN_00465,BY2,ADDENDUM,D62_20s_seed_06,A2,seed_06,F03,AB0000,v3,error_series,semisynthetic,roll_err_deg,56642,56642,0,0,0,0,-4.396087762563269,9.291741330296588,16196
ADD_RUN_00465__v3,A2_20s,ADD_RUN_00465,BY2,ADDENDUM,D62_20s_seed_06,A2,seed_06,F03,AB0000,v3,error_series,semisynthetic,pitch_err_deg,56642,56642,0,0,0,0,-9.984488990754471,8.452381553542637,37571
ADD_RUN_00465__v3,A2_20s,ADD_RUN_00465,BY2,ADDENDUM,D62_20s_seed_06,A2,seed_06,F03,AB0000,v3,error_series,semisynthetic,yaw_err_deg,56642,56642,0,0,0,0,-8.832234868238402,3.8090273162653148,42194
ADD_RUN_00465__v3,A2_20s,ADD_RUN_00465,BY2,ADDENDUM,D62_20s_seed_06,A2,seed_06,F03,AB0000,v3,error_series,semisynthetic,horizontal_3sigma_m,56642,56642,0,0,0,0,0.0469311302178147,43.38199396577252,0
ADD_RUN_00465__v3,A2_20s,ADD_RUN_00465,BY2,ADDENDUM,D62_20s_seed_06,A2,seed_06,F03,AB0000,v3,error_series,semisynthetic,roll_3sigma_deg,56642,56642,0,0,0,0,0.39950519399999995,6.0000398189999995,0
ADD_RUN_00465__v3,A2_20s,ADD_RUN_00465,BY2,ADDENDUM,D62_20s_seed_06,A2,seed_06,F03,AB0000,v3,error_series,semisynthetic,pitch_3sigma_deg,56642,56642,0,0,0,0,0.40761849,6.0000398189999995,0
ADD_RUN_00465__v3,A2_20s,ADD_RUN_00465,BY2,ADDENDUM,D62_20s_seed_06,A2,seed_06,F03,AB0000,v3,error_series,semisynthetic,yaw_3sigma_deg,56642,56642,0,0,0,0,0.545028708,6.0000398189999995,0
ADD_RUN_00465__v2,A2_20s,ADD_RUN_00465,BY2,ADDENDUM,D62_20s_seed_06,A2,seed_06,F03,AB0000,v2,error_series,semisynthetic,time,56642,56642,0,0,0,0,66.005054,339.997056,0
ADD_RUN_00465__v2,A2_20s,ADD_RUN_00465,BY2,ADDENDUM,D62_20s_seed_06,A2,seed_06,F03,AB0000,v2,error_series,semisynthetic,err_n_m,56642,56642,0,0,0,0,-125.42335549190092,0.21944779831282624,27567
ADD_RUN_00465__v2,A2_20s,ADD_RUN_00465,BY2,ADDENDUM,D62_20s_seed_06,A2,seed_06,F03,AB0000,v2,error_series,semisynthetic,err_e_m,56642,56642,0,0,0,0,-0.22377828985278825,92.91956807209091,24573
ADD_RUN_00465__v2,A2_20s,ADD_RUN_00465,BY2,ADDENDUM,D62_20s_seed_06,A2,seed_06,F03,AB0000,v2,error_series,semisynthetic,err_u_m,56642,56642,0,0,0,0,-8.934208574455177,0.04139467741025951,56600
ADD_RUN_00465__v2,A2_20s,ADD_RUN_00465,BY2,ADDENDUM,D62_20s_seed_06,A2,seed_06,F03,AB0000,v2,error_series,semisynthetic,horizontal_err_m,56642,56642,0,0,0,0,0.008852113453498978,156.09312679792052,0
ADD_RUN_00465__v2,A2_20s,ADD_RUN_00465,BY2,ADDENDUM,D62_20s_seed_06,A2,seed_06,F03,AB0000,v2,error_series,semisynthetic,position_3d_err_m,56642,56642,0,0,0,0,0.15594579920579305,156.34859870303782,0
ADD_RUN_00465__v2,A2_20s,ADD_RUN_00465,BY2,ADDENDUM,D62_20s_seed_06,A2,seed_06,F03,AB0000,v2,error_series,semisynthetic,roll_err_deg,56642,56642,0,0,0,0,-4.396087762563269,9.291741330296588,16196
ADD_RUN_00465__v2,A2_20s,ADD_RUN_00465,BY2,ADDENDUM,D62_20s_seed_06,A2,seed_06,F03,AB0000,v2,error_series,semisynthetic,pitch_err_deg,56642,56642,0,0,0,0,-9.984488990754471,8.452381553542637,37571
ADD_RUN_00465__v2,A2_20s,ADD_RUN_00465,BY2,ADDENDUM,D62_20s_seed_06,A2,seed_06,F03,AB0000,v2,error_series,semisynthetic,yaw_err_deg,56642,56642,0,0,0,0,-8.832234868238402,3.8090273162653148,42194
ADD_RUN_00465__v2,A2_20s,ADD_RUN_00465,BY2,ADDENDUM,D62_20s_seed_06,A2,seed_06,F03,AB0000,v2,error_series,semisynthetic,horizontal_3sigma_m,56642,56642,0,0,0,0,0.0469311302178147,43.38199396577252,0
ADD_RUN_00465__v2,A2_20s,ADD_RUN_00465,BY2,ADDENDUM,D62_20s_seed_06,A2,seed_06,F03,AB0000,v2,error_series,semisynthetic,roll_3sigma_deg,56642,56642,0,0,0,0,0.39950519399999995,6.0000398189999995,0
ADD_RUN_00465__v2,A2_20s,ADD_RUN_00465,BY2,ADDENDUM,D62_20s_seed_06,A2,seed_06,F03,AB0000,v2,error_series,semisynthetic,pitch_3sigma_deg,56642,56642,0,0,0,0,0.40761849,6.0000398189999995,0
ADD_RUN_00465__v2,A2_20s,ADD_RUN_00465,BY2,ADDENDUM,D62_20s_seed_06,A2,seed_06,F03,AB0000,v2,error_series,semisynthetic,yaw_3sigma_deg,56642,56642,0,0,0,0,0.545028708,6.0000398189999995,0
ADD_RUN_00466__v3,A2_20s,ADD_RUN_00466,BY2,ADDENDUM,D62_20s_seed_06,A2,seed_06,F04,AB1111,v3,error_series,semisynthetic,time,56642,56642,0,0,0,0,66.005054,339.997056,0
ADD_RUN_00466__v3,A2_20s,ADD_RUN_00466,BY2,ADDENDUM,D62_20s_seed_06,A2,seed_06,F04,AB1111,v3,error_series,semisynthetic,err_n_m,56642,56642,0,0,0,0,-0.42495842675701795,1.6431410665726602,32904
ADD_RUN_00466__v3,A2_20s,ADD_RUN_00466,BY2,ADDENDUM,D62_20s_seed_06,A2,seed_06,F04,AB1111,v3,error_series,semisynthetic,err_e_m,56642,56642,0,0,0,0,-0.18567049096064805,0.5178063372552657,27672
ADD_RUN_00466__v3,A2_20s,ADD_RUN_00466,BY2,ADDENDUM,D62_20s_seed_06,A2,seed_06,F04,AB1111,v3,error_series,semisynthetic,err_u_m,56642,56642,0,0,0,0,-1.4772311244924943,0.3415064349426196,39341
ADD_RUN_00466__v3,A2_20s,ADD_RUN_00466,BY2,ADDENDUM,D62_20s_seed_06,A2,seed_06,F04,AB1111,v3,error_series,semisynthetic,horizontal_err_m,56642,56642,0,0,0,0,7.394428791593372e-05,1.6438764964612482,0
ADD_RUN_00466__v3,A2_20s,ADD_RUN_00466,BY2,ADDENDUM,D62_20s_seed_06,A2,seed_06,F04,AB1111,v3,error_series,semisynthetic,position_3d_err_m,56642,56642,0,0,0,0,0.0018020297162967577,2.182800489420974,0
ADD_RUN_00466__v3,A2_20s,ADD_RUN_00466,BY2,ADDENDUM,D62_20s_seed_06,A2,seed_06,F04,AB1111,v3,error_series,semisynthetic,roll_err_deg,56642,56642,0,0,0,0,-4.086152222563271,6.868281327296586,19305
ADD_RUN_00466__v3,A2_20s,ADD_RUN_00466,BY2,ADDENDUM,D62_20s_seed_06,A2,seed_06,F04,AB1111,v3,error_series,semisynthetic,pitch_err_deg,56642,56642,0,0,0,0,-8.570146205754469,8.513640839542632,37208
ADD_RUN_00466__v3,A2_20s,ADD_RUN_00466,BY2,ADDENDUM,D62_20s_seed_06,A2,seed_06,F04,AB1111,v3,error_series,semisynthetic,yaw_err_deg,56642,56642,0,0,0,0,-8.75918232723842,3.838451921265289,42152
ADD_RUN_00466__v3,A2_20s,ADD_RUN_00466,BY2,ADDENDUM,D62_20s_seed_06,A2,seed_06,F04,AB1111,v3,error_series,semisynthetic,horizontal_3sigma_m,56642,56642,0,0,0,0,0.045663065595990295,42.43457969268709,0
ADD_RUN_00466__v3,A2_20s,ADD_RUN_00466,BY2,ADDENDUM,D62_20s_seed_06,A2,seed_06,F04,AB1111,v3,error_series,semisynthetic,roll_3sigma_deg,56642,56642,0,0,0,0,0.322797831,6.0000398189999995,0
ADD_RUN_00466__v3,A2_20s,ADD_RUN_00466,BY2,ADDENDUM,D62_20s_seed_06,A2,seed_06,F04,AB1111,v3,error_series,semisynthetic,pitch_3sigma_deg,56642,56642,0,0,0,0,0.324712884,6.0000398189999995,0
ADD_RUN_00466__v3,A2_20s,ADD_RUN_00466,BY2,ADDENDUM,D62_20s_seed_06,A2,seed_06,F04,AB1111,v3,error_series,semisynthetic,yaw_3sigma_deg,56642,56642,0,0,0,0,0.544862349,6.0000398189999995,0
ADD_RUN_00466__v2,A2_20s,ADD_RUN_00466,BY2,ADDENDUM,D62_20s_seed_06,A2,seed_06,F04,AB1111,v2,error_series,semisynthetic,time,56642,56642,0,0,0,0,66.005054,339.997056,0
ADD_RUN_00466__v2,A2_20s,ADD_RUN_00466,BY2,ADDENDUM,D62_20s_seed_06,A2,seed_06,F04,AB1111,v2,error_series,semisynthetic,err_n_m,56642,56642,0,0,0,0,-0.4534930991605105,1.5194603048630242,23452
ADD_RUN_00466__v2,A2_20s,ADD_RUN_00466,BY2,ADDENDUM,D62_20s_seed_06,A2,seed_06,F04,AB1111,v2,error_series,semisynthetic,err_e_m,56642,56642,0,0,0,0,-0.2158348743199099,0.4962708113975687,25267
ADD_RUN_00466__v2,A2_20s,ADD_RUN_00466,BY2,ADDENDUM,D62_20s_seed_06,A2,seed_06,F04,AB1111,v2,error_series,semisynthetic,err_u_m,56642,56642,0,0,0,0,-1.7889057570241675,0.04139467741025951,56600
ADD_RUN_00466__v2,A2_20s,ADD_RUN_00466,BY2,ADDENDUM,D62_20s_seed_06,A2,seed_06,F04,AB1111,v2,error_series,semisynthetic,horizontal_err_m,56642,56642,0,0,0,0,0.013466074909958069,1.5217315793983024,0
ADD_RUN_00466__v2,A2_20s,ADD_RUN_00466,BY2,ADDENDUM,D62_20s_seed_06,A2,seed_06,F04,AB1111,v2,error_series,semisynthetic,position_3d_err_m,56642,56642,0,0,0,0,0.158834701267614,2.317129946506982,0
ADD_RUN_00466__v2,A2_20s,ADD_RUN_00466,BY2,ADDENDUM,D62_20s_seed_06,A2,seed_06,F04,AB1111,v2,error_series,semisynthetic,roll_err_deg,56642,56642,0,0,0,0,-4.086152222563271,6.868281327296586,19305
ADD_RUN_00466__v2,A2_20s,ADD_RUN_00466,BY2,ADDENDUM,D62_20s_seed_06,A2,seed_06,F04,AB1111,v2,error_series,semisynthetic,pitch_err_deg,56642,56642,0,0,0,0,-8.570146205754469,8.513640839542632,37208
ADD_RUN_00466__v2,A2_20s,ADD_RUN_00466,BY2,ADDENDUM,D62_20s_seed_06,A2,seed_06,F04,AB1111,v2,error_series,semisynthetic,yaw_err_deg,56642,56642,0,0,0,0,-8.75918232723842,3.838451921265289,42152
ADD_RUN_00466__v2,A2_20s,ADD_RUN_00466,BY2,ADDENDUM,D62_20s_seed_06,A2,seed_06,F04,AB1111,v2,error_series,semisynthetic,horizontal_3sigma_m,56642,56642,0,0,0,0,0.045663065595990295,42.43457969268709,0
ADD_RUN_00466__v2,A2_20s,ADD_RUN_00466,BY2,ADDENDUM,D62_20s_seed_06,A2,seed_06,F04,AB1111,v2,error_series,semisynthetic,roll_3sigma_deg,56642,56642,0,0,0,0,0.322797831,6.0000398189999995,0
ADD_RUN_00466__v2,A2_20s,ADD_RUN_00466,BY2,ADDENDUM,D62_20s_seed_06,A2,seed_06,F04,AB1111,v2,error_series,semisynthetic,pitch_3sigma_deg,56642,56642,0,0,0,0,0.324712884,6.0000398189999995,0
ADD_RUN_00466__v2,A2_20s,ADD_RUN_00466,BY2,ADDENDUM,D62_20s_seed_06,A2,seed_06,F04,AB1111,v2,error_series,semisynthetic,yaw_3sigma_deg,56642,56642,0,0,0,0,0.544862349,6.0000398189999995,0
ADD_RUN_00467__v3,A2_20s,ADD_RUN_00467,BY2,ADDENDUM,D62_20s_seed_06,A2,seed_06,A03,AB0111,v3,error_series,semisynthetic,time,56642,56642,0,0,0,0,66.005054,339.997056,0
ADD_RUN_00467__v3,A2_20s,ADD_RUN_00467,BY2,ADDENDUM,D62_20s_seed_06,A2,seed_06,A03,AB0111,v3,error_series,semisynthetic,err_n_m,56642,56642,0,0,0,0,-0.42495842675701795,1.6473706544923985,33136
ADD_RUN_00467__v3,A2_20s,ADD_RUN_00467,BY2,ADDENDUM,D62_20s_seed_06,A2,seed_06,A03,AB0111,v3,error_series,semisynthetic,err_e_m,56642,56642,0,0,0,0,-0.18567049096064805,0.5177883028150845,27854
ADD_RUN_00467__v3,A2_20s,ADD_RUN_00467,BY2,ADDENDUM,D62_20s_seed_06,A2,seed_06,A03,AB0111,v3,error_series,semisynthetic,err_u_m,56642,56642,0,0,0,0,-1.8396333940887502,0.3415064349426196,39837
ADD_RUN_00467__v3,A2_20s,ADD_RUN_00467,BY2,ADDENDUM,D62_20s_seed_06,A2,seed_06,A03,AB0111,v3,error_series,semisynthetic,horizontal_err_m,56642,56642,0,0,0,0,0.00016488493734792466,1.648135449537281,0
ADD_RUN_00467__v3,A2_20s,ADD_RUN_00467,BY2,ADDENDUM,D62_20s_seed_06,A2,seed_06,A03,AB0111,v3,error_series,semisynthetic,position_3d_err_m,56642,56642,0,0,0,0,0.0026979451689692928,2.438407385085792,0
ADD_RUN_00467__v3,A2_20s,ADD_RUN_00467,BY2,ADDENDUM,D62_20s_seed_06,A2,seed_06,A03,AB0111,v3,error_series,semisynthetic,roll_err_deg,56642,56642,0,0,0,0,-4.086950923563279,6.866910720296573,19303
ADD_RUN_00467__v3,A2_20s,ADD_RUN_00467,BY2,ADDENDUM,D62_20s_seed_06,A2,seed_06,A03,AB0111,v3,error_series,semisynthetic,pitch_err_deg,56642,56642,0,0,0,0,-8.569117328754459,8.511179691542623,37214
ADD_RUN_00467__v3,A2_20s,ADD_RUN_00467,BY2,ADDENDUM,D62_20s_seed_06,A2,seed_06,A03,AB0111,v3,error_series,semisynthetic,yaw_err_deg,56642,56642,0,0,0,0,-8.761884451238416,3.8363134442653006,42095
ADD_RUN_00467__v3,A2_20s,ADD_RUN_00467,BY2,ADDENDUM,D62_20s_seed_06,A2,seed_06,A03,AB0111,v3,error_series,semisynthetic,horizontal_3sigma_m,56642,56642,0,0,0,0,0.046018764879759144,42.43457969268709,0
ADD_RUN_00467__v3,A2_20s,ADD_RUN_00467,BY2,ADDENDUM,D62_20s_seed_06,A2,seed_06,A03,AB0111,v3,error_series,semisynthetic,roll_3sigma_deg,56642,56642,0,0,0,0,0.322807059,6.0000398189999995,0
ADD_RUN_00467__v3,A2_20s,ADD_RUN_00467,BY2,ADDENDUM,D62_20s_seed_06,A2,seed_06,A03,AB0111,v3,error_series,semisynthetic,pitch_3sigma_deg,56642,56642,0,0,0,0,0.324721902,6.0000398189999995,0
ADD_RUN_00467__v3,A2_20s,ADD_RUN_00467,BY2,ADDENDUM,D62_20s_seed_06,A2,seed_06,A03,AB0111,v3,error_series,semisynthetic,yaw_3sigma_deg,56642,56642,0,0,0,0,0.544926912,6.0000398189999995,0
ADD_RUN_00467__v2,A2_20s,ADD_RUN_00467,BY2,ADDENDUM,D62_20s_seed_06,A2,seed_06,A03,AB0111,v2,error_series,semisynthetic,time,56642,56642,0,0,0,0,66.005054,339.997056,0
ADD_RUN_00467__v2,A2_20s,ADD_RUN_00467,BY2,ADDENDUM,D62_20s_seed_06,A2,seed_06,A03,AB0111,v2,error_series,semisynthetic,err_n_m,56642,56642,0,0,0,0,-0.4534930991605105,1.5236824912396187,23699
ADD_RUN_00467__v2,A2_20s,ADD_RUN_00467,BY2,ADDENDUM,D62_20s_seed_06,A2,seed_06,A03,AB0111,v2,error_series,semisynthetic,err_e_m,56642,56642,0,0,0,0,-0.21805560164143856,0.4962708119078094,25213
ADD_RUN_00467__v2,A2_20s,ADD_RUN_00467,BY2,ADDENDUM,D62_20s_seed_06,A2,seed_06,A03,AB0111,v2,error_series,semisynthetic,err_u_m,56642,56642,0,0,0,0,-2.151306412217636,0.04139467741025951,56600
ADD_RUN_00467__v2,A2_20s,ADD_RUN_00467,BY2,ADDENDUM,D62_20s_seed_06,A2,seed_06,A03,AB0111,v2,error_series,semisynthetic,horizontal_err_m,56642,56642,0,0,0,0,0.01346607537998888,1.5260035203476647,0
ADD_RUN_00467__v2,A2_20s,ADD_RUN_00467,BY2,ADDENDUM,D62_20s_seed_06,A2,seed_06,A03,AB0111,v2,error_series,semisynthetic,position_3d_err_m,56642,56642,0,0,0,0,0.15974577040949317,2.609516692860736,0
ADD_RUN_00467__v2,A2_20s,ADD_RUN_00467,BY2,ADDENDUM,D62_20s_seed_06,A2,seed_06,A03,AB0111,v2,error_series,semisynthetic,roll_err_deg,56642,56642,0,0,0,0,-4.086950923563279,6.866910720296573,19303
ADD_RUN_00467__v2,A2_20s,ADD_RUN_00467,BY2,ADDENDUM,D62_20s_seed_06,A2,seed_06,A03,AB0111,v2,error_series,semisynthetic,pitch_err_deg,56642,56642,0,0,0,0,-8.569117328754459,8.511179691542623,37214
ADD_RUN_00467__v2,A2_20s,ADD_RUN_00467,BY2,ADDENDUM,D62_20s_seed_06,A2,seed_06,A03,AB0111,v2,error_series,semisynthetic,yaw_err_deg,56642,56642,0,0,0,0,-8.761884451238416,3.8363134442653006,42095
ADD_RUN_00467__v2,A2_20s,ADD_RUN_00467,BY2,ADDENDUM,D62_20s_seed_06,A2,seed_06,A03,AB0111,v2,error_series,semisynthetic,horizontal_3sigma_m,56642,56642,0,0,0,0,0.046018764879759144,42.43457969268709,0
ADD_RUN_00467__v2,A2_20s,ADD_RUN_00467,BY2,ADDENDUM,D62_20s_seed_06,A2,seed_06,A03,AB0111,v2,error_series,semisynthetic,roll_3sigma_deg,56642,56642,0,0,0,0,0.322807059,6.0000398189999995,0
ADD_RUN_00467__v2,A2_20s,ADD_RUN_00467,BY2,ADDENDUM,D62_20s_seed_06,A2,seed_06,A03,AB0111,v2,error_series,semisynthetic,pitch_3sigma_deg,56642,56642,0,0,0,0,0.324721902,6.0000398189999995,0
ADD_RUN_00467__v2,A2_20s,ADD_RUN_00467,BY2,ADDENDUM,D62_20s_seed_06,A2,seed_06,A03,AB0111,v2,error_series,semisynthetic,yaw_3sigma_deg,56642,56642,0,0,0,0,0.544926912,6.0000398189999995,0
ADD_RUN_00468__v3,A2_20s,ADD_RUN_00468,BY2,ADDENDUM,D62_20s_seed_06,A2,seed_06,A04,AB1011,v3,error_series,semisynthetic,time,56642,56642,0,0,0,0,66.005054,339.997056,0
ADD_RUN_00468__v3,A2_20s,ADD_RUN_00468,BY2,ADDENDUM,D62_20s_seed_06,A2,seed_06,A04,AB1011,v3,error_series,semisynthetic,err_n_m,56642,56642,0,0,0,0,-0.42495842675701795,1.6689611226905399,32624
ADD_RUN_00468__v3,A2_20s,ADD_RUN_00468,BY2,ADDENDUM,D62_20s_seed_06,A2,seed_06,A04,AB1011,v3,error_series,semisynthetic,err_e_m,56642,56642,0,0,0,0,-0.18567049096064805,0.5155535367097457,28379
ADD_RUN_00468__v3,A2_20s,ADD_RUN_00468,BY2,ADDENDUM,D62_20s_seed_06,A2,seed_06,A04,AB1011,v3,error_series,semisynthetic,err_u_m,56642,56642,0,0,0,0,-1.0137458668647596,0.6018430536301729,38546
ADD_RUN_00468__v3,A2_20s,ADD_RUN_00468,BY2,ADDENDUM,D62_20s_seed_06,A2,seed_06,A04,AB1011,v3,error_series,semisynthetic,horizontal_err_m,56642,56642,0,0,0,0,0.00030627214289051876,1.6708725079755296,0
ADD_RUN_00468__v3,A2_20s,ADD_RUN_00468,BY2,ADDENDUM,D62_20s_seed_06,A2,seed_06,A04,AB1011,v3,error_series,semisynthetic,position_3d_err_m,56642,56642,0,0,0,0,0.0018880529824719095,1.9334709661646767,0
ADD_RUN_00468__v3,A2_20s,ADD_RUN_00468,BY2,ADDENDUM,D62_20s_seed_06,A2,seed_06,A04,AB1011,v3,error_series,semisynthetic,roll_err_deg,56642,56642,0,0,0,0,-3.9438510975632823,6.5617208431394545,19954
ADD_RUN_00468__v3,A2_20s,ADD_RUN_00468,BY2,ADDENDUM,D62_20s_seed_06,A2,seed_06,A04,AB1011,v3,error_series,semisynthetic,pitch_err_deg,56642,56642,0,0,0,0,-8.223180619754459,8.498578684542622,37055
ADD_RUN_00468__v3,A2_20s,ADD_RUN_00468,BY2,ADDENDUM,D62_20s_seed_06,A2,seed_06,A04,AB1011,v3,error_series,semisynthetic,yaw_err_deg,56642,56642,0,0,0,0,-8.768263456238401,3.836140814265292,42217
ADD_RUN_00468__v3,A2_20s,ADD_RUN_00468,BY2,ADDENDUM,D62_20s_seed_06,A2,seed_06,A04,AB1011,v3,error_series,semisynthetic,horizontal_3sigma_m,56642,56642,0,0,0,0,0.044773485660200424,42.43457969268709,0
ADD_RUN_00468__v3,A2_20s,ADD_RUN_00468,BY2,ADDENDUM,D62_20s_seed_06,A2,seed_06,A04,AB1011,v3,error_series,semisynthetic,roll_3sigma_deg,56642,56642,0,0,0,0,0.302972832,6.0000398189999995,0
ADD_RUN_00468__v3,A2_20s,ADD_RUN_00468,BY2,ADDENDUM,D62_20s_seed_06,A2,seed_06,A04,AB1011,v3,error_series,semisynthetic,pitch_3sigma_deg,56642,56642,0,0,0,0,0.304141608,6.0000398189999995,0
ADD_RUN_00468__v3,A2_20s,ADD_RUN_00468,BY2,ADDENDUM,D62_20s_seed_06,A2,seed_06,A04,AB1011,v3,error_series,semisynthetic,yaw_3sigma_deg,56642,56642,0,0,0,0,0.5447246459999999,6.0000398189999995,0
ADD_RUN_00468__v2,A2_20s,ADD_RUN_00468,BY2,ADDENDUM,D62_20s_seed_06,A2,seed_06,A04,AB1011,v2,error_series,semisynthetic,time,56642,56642,0,0,0,0,66.005054,339.997056,0
ADD_RUN_00468__v2,A2_20s,ADD_RUN_00468,BY2,ADDENDUM,D62_20s_seed_06,A2,seed_06,A04,AB1011,v2,error_series,semisynthetic,err_n_m,56642,56642,0,0,0,0,-0.4534930991605105,1.5429962034684976,23090
ADD_RUN_00468__v2,A2_20s,ADD_RUN_00468,BY2,ADDENDUM,D62_20s_seed_06,A2,seed_06,A04,AB1011,v2,error_series,semisynthetic,err_e_m,56642,56642,0,0,0,0,-0.21089642084939442,0.4951604333192101,26687
ADD_RUN_00468__v2,A2_20s,ADD_RUN_00468,BY2,ADDENDUM,D62_20s_seed_06,A2,seed_06,A04,AB1011,v2,error_series,semisynthetic,err_u_m,56642,56642,0,0,0,0,-1.3246409180420393,0.29465651430566453,55669
ADD_RUN_00468__v2,A2_20s,ADD_RUN_00468,BY2,ADDENDUM,D62_20s_seed_06,A2,seed_06,A04,AB1011,v2,error_series,semisynthetic,horizontal_err_m,56642,56642,0,0,0,0,0.01314437434672233,1.547073050862737,0
ADD_RUN_00468__v2,A2_20s,ADD_RUN_00468,BY2,ADDENDUM,D62_20s_seed_06,A2,seed_06,A04,AB1011,v2,error_series,semisynthetic,position_3d_err_m,56642,56642,0,0,0,0,0.16096304672540437,2.012166800521556,0
ADD_RUN_00468__v2,A2_20s,ADD_RUN_00468,BY2,ADDENDUM,D62_20s_seed_06,A2,seed_06,A04,AB1011,v2,error_series,semisynthetic,roll_err_deg,56642,56642,0,0,0,0,-3.9438510975632823,6.5617208431394545,19954
ADD_RUN_00468__v2,A2_20s,ADD_RUN_00468,BY2,ADDENDUM,D62_20s_seed_06,A2,seed_06,A04,AB1011,v2,error_series,semisynthetic,pitch_err_deg,56642,56642,0,0,0,0,-8.223180619754459,8.498578684542622,37055
ADD_RUN_00468__v2,A2_20s,ADD_RUN_00468,BY2,ADDENDUM,D62_20s_seed_06,A2,seed_06,A04,AB1011,v2,error_series,semisynthetic,yaw_err_deg,56642,56642,0,0,0,0,-8.768263456238401,3.836140814265292,42217
ADD_RUN_00468__v2,A2_20s,ADD_RUN_00468,BY2,ADDENDUM,D62_20s_seed_06,A2,seed_06,A04,AB1011,v2,error_series,semisynthetic,horizontal_3sigma_m,56642,56642,0,0,0,0,0.044773485660200424,42.43457969268709,0
ADD_RUN_00468__v2,A2_20s,ADD_RUN_00468,BY2,ADDENDUM,D62_20s_seed_06,A2,seed_06,A04,AB1011,v2,error_series,semisynthetic,roll_3sigma_deg,56642,56642,0,0,0,0,0.302972832,6.0000398189999995,0
ADD_RUN_00468__v2,A2_20s,ADD_RUN_00468,BY2,ADDENDUM,D62_20s_seed_06,A2,seed_06,A04,AB1011,v2,error_series,semisynthetic,pitch_3sigma_deg,56642,56642,0,0,0,0,0.304141608,6.0000398189999995,0
ADD_RUN_00468__v2,A2_20s,ADD_RUN_00468,BY2,ADDENDUM,D62_20s_seed_06,A2,seed_06,A04,AB1011,v2,error_series,semisynthetic,yaw_3sigma_deg,56642,56642,0,0,0,0,0.5447246459999999,6.0000398189999995,0
ADD_RUN_00469__v3,A2_20s,ADD_RUN_00469,BY2,ADDENDUM,D62_20s_seed_06,A2,seed_06,A05,AB1101,v3,error_series,semisynthetic,time,56642,56642,0,0,0,0,66.005054,339.997056,0
ADD_RUN_00469__v3,A2_20s,ADD_RUN_00469,BY2,ADDENDUM,D62_20s_seed_06,A2,seed_06,A05,AB1101,v3,error_series,semisynthetic,err_n_m,56642,56642,0,0,0,0,-0.42495842675701795,1.6242242829994709,34386
ADD_RUN_00469__v3,A2_20s,ADD_RUN_00469,BY2,ADDENDUM,D62_20s_seed_06,A2,seed_06,A05,AB1101,v3,error_series,semisynthetic,err_e_m,56642,56642,0,0,0,0,-0.18567049096064805,0.524377112011198,26626
ADD_RUN_00469__v3,A2_20s,ADD_RUN_00469,BY2,ADDENDUM,D62_20s_seed_06,A2,seed_06,A05,AB1101,v3,error_series,semisynthetic,err_u_m,56642,56642,0,0,0,0,-0.4893782753139888,0.6079274543976574,37631
ADD_RUN_00469__v3,A2_20s,ADD_RUN_00469,BY2,ADDENDUM,D62_20s_seed_06,A2,seed_06,A05,AB1101,v3,error_series,semisynthetic,horizontal_err_m,56642,56642,0,0,0,0,0.00015089662100939172,1.6242932181709462,0
ADD_RUN_00469__v3,A2_20s,ADD_RUN_00469,BY2,ADDENDUM,D62_20s_seed_06,A2,seed_06,A05,AB1101,v3,error_series,semisynthetic,position_3d_err_m,56642,56642,0,0,0,0,0.0018298737964766937,1.6243128977120034,0
ADD_RUN_00469__v3,A2_20s,ADD_RUN_00469,BY2,ADDENDUM,D62_20s_seed_06,A2,seed_06,A05,AB1101,v3,error_series,semisynthetic,roll_err_deg,56642,56642,0,0,0,0,-4.380143668563278,9.280556968296594,16185
ADD_RUN_00469__v3,A2_20s,ADD_RUN_00469,BY2,ADDENDUM,D62_20s_seed_06,A2,seed_06,A05,AB1101,v3,error_series,semisynthetic,pitch_err_deg,56642,56642,0,0,0,0,-9.986099416754456,8.448945113542635,37571
ADD_RUN_00469__v3,A2_20s,ADD_RUN_00469,BY2,ADDENDUM,D62_20s_seed_06,A2,seed_06,A05,AB1101,v3,error_series,semisynthetic,yaw_err_deg,56642,56642,0,0,0,0,-8.830183137238407,3.8119189242653135,42252
ADD_RUN_00469__v3,A2_20s,ADD_RUN_00469,BY2,ADDENDUM,D62_20s_seed_06,A2,seed_06,A05,AB1101,v3,error_series,semisynthetic,horizontal_3sigma_m,56642,56642,0,0,0,0,0.045696550842165624,42.43457969268709,0
ADD_RUN_00469__v3,A2_20s,ADD_RUN_00469,BY2,ADDENDUM,D62_20s_seed_06,A2,seed_06,A05,AB1101,v3,error_series,semisynthetic,roll_3sigma_deg,56642,56642,0,0,0,0,0.39938469,6.0000398189999995,0
ADD_RUN_00469__v3,A2_20s,ADD_RUN_00469,BY2,ADDENDUM,D62_20s_seed_06,A2,seed_06,A05,AB1101,v3,error_series,semisynthetic,pitch_3sigma_deg,56642,56642,0,0,0,0,0.40752758699999997,6.0000398189999995,0
ADD_RUN_00469__v3,A2_20s,ADD_RUN_00469,BY2,ADDENDUM,D62_20s_seed_06,A2,seed_06,A05,AB1101,v3,error_series,semisynthetic,yaw_3sigma_deg,56642,56642,0,0,0,0,0.5450706089999999,6.0000398189999995,0
ADD_RUN_00469__v2,A2_20s,ADD_RUN_00469,BY2,ADDENDUM,D62_20s_seed_06,A2,seed_06,A05,AB1101,v2,error_series,semisynthetic,time,56642,56642,0,0,0,0,66.005054,339.997056,0
ADD_RUN_00469__v2,A2_20s,ADD_RUN_00469,BY2,ADDENDUM,D62_20s_seed_06,A2,seed_06,A05,AB1101,v2,error_series,semisynthetic,err_n_m,56642,56642,0,0,0,0,-0.4534930991605105,1.5111214554874124,22986
ADD_RUN_00469__v2,A2_20s,ADD_RUN_00469,BY2,ADDENDUM,D62_20s_seed_06,A2,seed_06,A05,AB1101,v2,error_series,semisynthetic,err_e_m,56642,56642,0,0,0,0,-0.21542331550037375,0.49328132195986285,25362
ADD_RUN_00469__v2,A2_20s,ADD_RUN_00469,BY2,ADDENDUM,D62_20s_seed_06,A2,seed_06,A05,AB1101,v2,error_series,semisynthetic,err_u_m,56642,56642,0,0,0,0,-0.8064469888443639,0.2971460387935245,55680
ADD_RUN_00469__v2,A2_20s,ADD_RUN_00469,BY2,ADDENDUM,D62_20s_seed_06,A2,seed_06,A05,AB1101,v2,error_series,semisynthetic,horizontal_err_m,56642,56642,0,0,0,0,0.008272324218491691,1.5122019112882197,0
ADD_RUN_00469__v2,A2_20s,ADD_RUN_00469,BY2,ADDENDUM,D62_20s_seed_06,A2,seed_06,A05,AB1101,v2,error_series,semisynthetic,position_3d_err_m,56642,56642,0,0,0,0,0.1565906317164476,1.5459920573931798,0
ADD_RUN_00469__v2,A2_20s,ADD_RUN_00469,BY2,ADDENDUM,D62_20s_seed_06,A2,seed_06,A05,AB1101,v2,error_series,semisynthetic,roll_err_deg,56642,56642,0,0,0,0,-4.380143668563278,9.280556968296594,16185
ADD_RUN_00469__v2,A2_20s,ADD_RUN_00469,BY2,ADDENDUM,D62_20s_seed_06,A2,seed_06,A05,AB1101,v2,error_series,semisynthetic,pitch_err_deg,56642,56642,0,0,0,0,-9.986099416754456,8.448945113542635,37571
ADD_RUN_00469__v2,A2_20s,ADD_RUN_00469,BY2,ADDENDUM,D62_20s_seed_06,A2,seed_06,A05,AB1101,v2,error_series,semisynthetic,yaw_err_deg,56642,56642,0,0,0,0,-8.830183137238407,3.8119189242653135,42252
ADD_RUN_00469__v2,A2_20s,ADD_RUN_00469,BY2,ADDENDUM,D62_20s_seed_06,A2,seed_06,A05,AB1101,v2,error_series,semisynthetic,horizontal_3sigma_m,56642,56642,0,0,0,0,0.045696550842165624,42.43457969268709,0
ADD_RUN_00469__v2,A2_20s,ADD_RUN_00469,BY2,ADDENDUM,D62_20s_seed_06,A2,seed_06,A05,AB1101,v2,error_series,semisynthetic,roll_3sigma_deg,56642,56642,0,0,0,0,0.39938469,6.0000398189999995,0
ADD_RUN_00469__v2,A2_20s,ADD_RUN_00469,BY2,ADDENDUM,D62_20s_seed_06,A2,seed_06,A05,AB1101,v2,error_series,semisynthetic,pitch_3sigma_deg,56642,56642,0,0,0,0,0.40752758699999997,6.0000398189999995,0
ADD_RUN_00469__v2,A2_20s,ADD_RUN_00469,BY2,ADDENDUM,D62_20s_seed_06,A2,seed_06,A05,AB1101,v2,error_series,semisynthetic,yaw_3sigma_deg,56642,56642,0,0,0,0,0.5450706089999999,6.0000398189999995,0
ADD_RUN_00470__v3,A2_20s,ADD_RUN_00470,BY2,ADDENDUM,D62_20s_seed_06,A2,seed_06,A06,AB1110,v3,error_series,semisynthetic,time,56642,56642,0,0,0,0,66.005054,339.997056,0
ADD_RUN_00470__v3,A2_20s,ADD_RUN_00470,BY2,ADDENDUM,D62_20s_seed_06,A2,seed_06,A06,AB1110,v3,error_series,semisynthetic,err_n_m,56642,56642,0,0,0,0,-62.505659505730236,0.18507602077680474,37032
ADD_RUN_00470__v3,A2_20s,ADD_RUN_00470,BY2,ADDENDUM,D62_20s_seed_06,A2,seed_06,A06,AB1110,v3,error_series,semisynthetic,err_e_m,56642,56642,0,0,0,0,-0.18567049096064805,65.82312068313739,26818
ADD_RUN_00470__v3,A2_20s,ADD_RUN_00470,BY2,ADDENDUM,D62_20s_seed_06,A2,seed_06,A06,AB1110,v3,error_series,semisynthetic,err_u_m,56642,56642,0,0,0,0,-4.662942421558455,0.3415064349426196,40566
ADD_RUN_00470__v3,A2_20s,ADD_RUN_00470,BY2,ADDENDUM,D62_20s_seed_06,A2,seed_06,A06,AB1110,v3,error_series,semisynthetic,horizontal_err_m,56642,56642,0,0,0,0,0.0004254643792734839,90.77246656730858,0
ADD_RUN_00470__v3,A2_20s,ADD_RUN_00470,BY2,ADDENDUM,D62_20s_seed_06,A2,seed_06,A06,AB1110,v3,error_series,semisynthetic,position_3d_err_m,56642,56642,0,0,0,0,0.0019173063791262214,90.8921543299526,0
ADD_RUN_00470__v3,A2_20s,ADD_RUN_00470,BY2,ADDENDUM,D62_20s_seed_06,A2,seed_06,A06,AB1110,v3,error_series,semisynthetic,roll_err_deg,56642,56642,0,0,0,0,-4.088772287563273,6.872311629296576,19311
ADD_RUN_00470__v3,A2_20s,ADD_RUN_00470,BY2,ADDENDUM,D62_20s_seed_06,A2,seed_06,A06,AB1110,v3,error_series,semisynthetic,pitch_err_deg,56642,56642,0,0,0,0,-8.570260319754453,8.516099713542644,37197
ADD_RUN_00470__v3,A2_20s,ADD_RUN_00470,BY2,ADDENDUM,D62_20s_seed_06,A2,seed_06,A06,AB1110,v3,error_series,semisynthetic,yaw_err_deg,56642,56642,0,0,0,0,-8.753625347238426,3.837364868265297,42145
ADD_RUN_00470__v3,A2_20s,ADD_RUN_00470,BY2,ADDENDUM,D62_20s_seed_06,A2,seed_06,A06,AB1110,v3,error_series,semisynthetic,horizontal_3sigma_m,56642,56642,0,0,0,0,0.046505850993994124,42.43457969268709,0
ADD_RUN_00470__v3,A2_20s,ADD_RUN_00470,BY2,ADDENDUM,D62_20s_seed_06,A2,seed_06,A06,AB1110,v3,error_series,semisynthetic,roll_3sigma_deg,56642,56642,0,0,0,0,0.32282875499999997,6.0000398189999995,0
ADD_RUN_00470__v3,A2_20s,ADD_RUN_00470,BY2,ADDENDUM,D62_20s_seed_06,A2,seed_06,A06,AB1110,v3,error_series,semisynthetic,pitch_3sigma_deg,56642,56642,0,0,0,0,0.324740514,6.0000398189999995,0
ADD_RUN_00470__v3,A2_20s,ADD_RUN_00470,BY2,ADDENDUM,D62_20s_seed_06,A2,seed_06,A06,AB1110,v3,error_series,semisynthetic,yaw_3sigma_deg,56642,56642,0,0,0,0,0.544896159,6.0000398189999995,0
ADD_RUN_00470__v2,A2_20s,ADD_RUN_00470,BY2,ADDENDUM,D62_20s_seed_06,A2,seed_06,A06,AB1110,v2,error_series,semisynthetic,time,56642,56642,0,0,0,0,66.005054,339.997056,0
ADD_RUN_00470__v2,A2_20s,ADD_RUN_00470,BY2,ADDENDUM,D62_20s_seed_06,A2,seed_06,A06,AB1110,v2,error_series,semisynthetic,err_n_m,56642,56642,0,0,0,0,-62.626226443090545,0.22246372261314384,27786
ADD_RUN_00470__v2,A2_20s,ADD_RUN_00470,BY2,ADDENDUM,D62_20s_seed_06,A2,seed_06,A06,AB1110,v2,error_series,semisynthetic,err_e_m,56642,56642,0,0,0,0,-0.22164298945870087,65.79484850842046,24268
ADD_RUN_00470__v2,A2_20s,ADD_RUN_00470,BY2,ADDENDUM,D62_20s_seed_06,A2,seed_06,A06,AB1110,v2,error_series,semisynthetic,err_u_m,56642,56642,0,0,0,0,-4.975186952625876,0.04139467741025951,56600
ADD_RUN_00470__v2,A2_20s,ADD_RUN_00470,BY2,ADDENDUM,D62_20s_seed_06,A2,seed_06,A06,AB1110,v2,error_series,semisynthetic,horizontal_err_m,56642,56642,0,0,0,0,0.011136797439273842,90.83505011143689,0
ADD_RUN_00470__v2,A2_20s,ADD_RUN_00470,BY2,ADDENDUM,D62_20s_seed_06,A2,seed_06,A06,AB1110,v2,error_series,semisynthetic,position_3d_err_m,56642,56642,0,0,0,0,0.15686982968890975,90.97119771642468,0
ADD_RUN_00470__v2,A2_20s,ADD_RUN_00470,BY2,ADDENDUM,D62_20s_seed_06,A2,seed_06,A06,AB1110,v2,error_series,semisynthetic,roll_err_deg,56642,56642,0,0,0,0,-4.088772287563273,6.872311629296576,19311
ADD_RUN_00470__v2,A2_20s,ADD_RUN_00470,BY2,ADDENDUM,D62_20s_seed_06,A2,seed_06,A06,AB1110,v2,error_series,semisynthetic,pitch_err_deg,56642,56642,0,0,0,0,-8.570260319754453,8.516099713542644,37197
ADD_RUN_00470__v2,A2_20s,ADD_RUN_00470,BY2,ADDENDUM,D62_20s_seed_06,A2,seed_06,A06,AB1110,v2,error_series,semisynthetic,yaw_err_deg,56642,56642,0,0,0,0,-8.753625347238426,3.837364868265297,42145
ADD_RUN_00470__v2,A2_20s,ADD_RUN_00470,BY2,ADDENDUM,D62_20s_seed_06,A2,seed_06,A06,AB1110,v2,error_series,semisynthetic,horizontal_3sigma_m,56642,56642,0,0,0,0,0.046505850993994124,42.43457969268709,0
ADD_RUN_00470__v2,A2_20s,ADD_RUN_00470,BY2,ADDENDUM,D62_20s_seed_06,A2,seed_06,A06,AB1110,v2,error_series,semisynthetic,roll_3sigma_deg,56642,56642,0,0,0,0,0.32282875499999997,6.0000398189999995,0
ADD_RUN_00470__v2,A2_20s,ADD_RUN_00470,BY2,ADDENDUM,D62_20s_seed_06,A2,seed_06,A06,AB1110,v2,error_series,semisynthetic,pitch_3sigma_deg,56642,56642,0,0,0,0,0.324740514,6.0000398189999995,0
ADD_RUN_00470__v2,A2_20s,ADD_RUN_00470,BY2,ADDENDUM,D62_20s_seed_06,A2,seed_06,A06,AB1110,v2,error_series,semisynthetic,yaw_3sigma_deg,56642,56642,0,0,0,0,0.544896159,6.0000398189999995,0
ADD_RUN_00471__v3,A2_20s,ADD_RUN_00471,BY2,ADDENDUM,D62_20s_seed_06,A2,seed_06,A07,AB1100,v3,error_series,semisynthetic,time,56642,56642,0,0,0,0,66.005054,339.997056,0
ADD_RUN_00471__v3,A2_20s,ADD_RUN_00471,BY2,ADDENDUM,D62_20s_seed_06,A2,seed_06,A07,AB1100,v3,error_series,semisynthetic,err_n_m,56642,56642,0,0,0,0,-125.58516618625903,0.180923549575553,38426
ADD_RUN_00471__v3,A2_20s,ADD_RUN_00471,BY2,ADDENDUM,D62_20s_seed_06,A2,seed_06,A07,AB1100,v3,error_series,semisynthetic,err_e_m,56642,56642,0,0,0,0,-0.18567049096064805,93.06912683279636,26226
ADD_RUN_00471__v3,A2_20s,ADD_RUN_00471,BY2,ADDENDUM,D62_20s_seed_06,A2,seed_06,A07,AB1100,v3,error_series,semisynthetic,err_u_m,56642,56642,0,0,0,0,-8.266269325404046,0.3415064349426196,39465
ADD_RUN_00471__v3,A2_20s,ADD_RUN_00471,BY2,ADDENDUM,D62_20s_seed_06,A2,seed_06,A07,AB1100,v3,error_series,semisynthetic,horizontal_err_m,56642,56642,0,0,0,0,8.387911682309977e-05,156.31217590274096,0
ADD_RUN_00471__v3,A2_20s,ADD_RUN_00471,BY2,ADDENDUM,D62_20s_seed_06,A2,seed_06,A07,AB1100,v3,error_series,semisynthetic,position_3d_err_m,56642,56642,0,0,0,0,0.0008449979655927203,156.5305961913183,0
ADD_RUN_00471__v3,A2_20s,ADD_RUN_00471,BY2,ADDENDUM,D62_20s_seed_06,A2,seed_06,A07,AB1100,v3,error_series,semisynthetic,roll_err_deg,56642,56642,0,0,0,0,-4.396649792563267,9.295908866296571,16204
ADD_RUN_00471__v3,A2_20s,ADD_RUN_00471,BY2,ADDENDUM,D62_20s_seed_06,A2,seed_06,A07,AB1100,v3,error_series,semisynthetic,pitch_err_deg,56642,56642,0,0,0,0,-9.986168537754452,8.46400124454263,37534
ADD_RUN_00471__v3,A2_20s,ADD_RUN_00471,BY2,ADDENDUM,D62_20s_seed_06,A2,seed_06,A07,AB1100,v3,error_series,semisynthetic,yaw_err_deg,56642,56642,0,0,0,0,-8.821288254238425,3.8108172472653052,42236
ADD_RUN_00471__v3,A2_20s,ADD_RUN_00471,BY2,ADDENDUM,D62_20s_seed_06,A2,seed_06,A07,AB1100,v3,error_series,semisynthetic,horizontal_3sigma_m,56642,56642,0,0,0,0,0.04654535031407929,43.37832149220081,0
ADD_RUN_00471__v3,A2_20s,ADD_RUN_00471,BY2,ADDENDUM,D62_20s_seed_06,A2,seed_06,A07,AB1100,v3,error_series,semisynthetic,roll_3sigma_deg,56642,56642,0,0,0,0,0.399458472,6.0000398189999995,0
ADD_RUN_00471__v3,A2_20s,ADD_RUN_00471,BY2,ADDENDUM,D62_20s_seed_06,A2,seed_06,A07,AB1100,v3,error_series,semisynthetic,pitch_3sigma_deg,56642,56642,0,0,0,0,0.407586231,6.0000398189999995,0
ADD_RUN_00471__v3,A2_20s,ADD_RUN_00471,BY2,ADDENDUM,D62_20s_seed_06,A2,seed_06,A07,AB1100,v3,error_series,semisynthetic,yaw_3sigma_deg,56642,56642,0,0,0,0,0.545088096,6.0000398189999995,0
ADD_RUN_00471__v2,A2_20s,ADD_RUN_00471,BY2,ADDENDUM,D62_20s_seed_06,A2,seed_06,A07,AB1100,v2,error_series,semisynthetic,time,56642,56642,0,0,0,0,66.005054,339.997056,0
ADD_RUN_00471__v2,A2_20s,ADD_RUN_00471,BY2,ADDENDUM,D62_20s_seed_06,A2,seed_06,A07,AB1100,v2,error_series,semisynthetic,err_n_m,56642,56642,0,0,0,0,-125.69118074512367,0.22235268794209873,27302
ADD_RUN_00471__v2,A2_20s,ADD_RUN_00471,BY2,ADDENDUM,D62_20s_seed_06,A2,seed_06,A07,AB1100,v2,error_series,semisynthetic,err_e_m,56642,56642,0,0,0,0,-0.22121590848136918,93.02898960812479,24723
ADD_RUN_00471__v2,A2_20s,ADD_RUN_00471,BY2,ADDENDUM,D62_20s_seed_06,A2,seed_06,A07,AB1100,v2,error_series,semisynthetic,err_u_m,56642,56642,0,0,0,0,-8.58246904835233,0.04139467741025951,56600
ADD_RUN_00471__v2,A2_20s,ADD_RUN_00471,BY2,ADDENDUM,D62_20s_seed_06,A2,seed_06,A07,AB1100,v2,error_series,semisynthetic,horizontal_err_m,56642,56642,0,0,0,0,0.008785069726385722,156.37348184590616,0
ADD_RUN_00471__v2,A2_20s,ADD_RUN_00471,BY2,ADDENDUM,D62_20s_seed_06,A2,seed_06,A07,AB1100,v2,error_series,semisynthetic,position_3d_err_m,56642,56642,0,0,0,0,0.1549014454015437,156.6088266975328,0
ADD_RUN_00471__v2,A2_20s,ADD_RUN_00471,BY2,ADDENDUM,D62_20s_seed_06,A2,seed_06,A07,AB1100,v2,error_series,semisynthetic,roll_err_deg,56642,56642,0,0,0,0,-4.396649792563267,9.295908866296571,16204
ADD_RUN_00471__v2,A2_20s,ADD_RUN_00471,BY2,ADDENDUM,D62_20s_seed_06,A2,seed_06,A07,AB1100,v2,error_series,semisynthetic,pitch_err_deg,56642,56642,0,0,0,0,-9.986168537754452,8.46400124454263,37534
ADD_RUN_00471__v2,A2_20s,ADD_RUN_00471,BY2,ADDENDUM,D62_20s_seed_06,A2,seed_06,A07,AB1100,v2,error_series,semisynthetic,yaw_err_deg,56642,56642,0,0,0,0,-8.821288254238425,3.8108172472653052,42236
ADD_RUN_00471__v2,A2_20s,ADD_RUN_00471,BY2,ADDENDUM,D62_20s_seed_06,A2,seed_06,A07,AB1100,v2,error_series,semisynthetic,horizontal_3sigma_m,56642,56642,0,0,0,0,0.04654535031407929,43.37832149220081,0
ADD_RUN_00471__v2,A2_20s,ADD_RUN_00471,BY2,ADDENDUM,D62_20s_seed_06,A2,seed_06,A07,AB1100,v2,error_series,semisynthetic,roll_3sigma_deg,56642,56642,0,0,0,0,0.399458472,6.0000398189999995,0
ADD_RUN_00471__v2,A2_20s,ADD_RUN_00471,BY2,ADDENDUM,D62_20s_seed_06,A2,seed_06,A07,AB1100,v2,error_series,semisynthetic,pitch_3sigma_deg,56642,56642,0,0,0,0,0.407586231,6.0000398189999995,0
ADD_RUN_00471__v2,A2_20s,ADD_RUN_00471,BY2,ADDENDUM,D62_20s_seed_06,A2,seed_06,A07,AB1100,v2,error_series,semisynthetic,yaw_3sigma_deg,56642,56642,0,0,0,0,0.545088096,6.0000398189999995,0
ADD_RUN_00472__v3,A2_20s,ADD_RUN_00472,BY2,ADDENDUM,D62_20s_seed_06,A2,seed_06,A08,AB1000,v3,error_series,semisynthetic,time,56642,56642,0,0,0,0,66.005054,339.997056,0
ADD_RUN_00472__v3,A2_20s,ADD_RUN_00472,BY2,ADDENDUM,D62_20s_seed_06,A2,seed_06,A08,AB1000,v3,error_series,semisynthetic,err_n_m,56642,56642,0,0,0,0,-125.91284710580912,0.18092161879709323,38239
ADD_RUN_00472__v3,A2_20s,ADD_RUN_00472,BY2,ADDENDUM,D62_20s_seed_06,A2,seed_06,A08,AB1000,v3,error_series,semisynthetic,err_e_m,56642,56642,0,0,0,0,-0.18567049096064805,93.1392689841532,26337
ADD_RUN_00472__v3,A2_20s,ADD_RUN_00472,BY2,ADDENDUM,D62_20s_seed_06,A2,seed_06,A08,AB1000,v3,error_series,semisynthetic,err_u_m,56642,56642,0,0,0,0,-7.6849922501413985,0.3415064349426196,39339
ADD_RUN_00472__v3,A2_20s,ADD_RUN_00472,BY2,ADDENDUM,D62_20s_seed_06,A2,seed_06,A08,AB1000,v3,error_series,semisynthetic,horizontal_err_m,56642,56642,0,0,0,0,0.00015876875156834553,156.61726754478036,0
ADD_RUN_00472__v3,A2_20s,ADD_RUN_00472,BY2,ADDENDUM,D62_20s_seed_06,A2,seed_06,A08,AB1000,v3,error_series,semisynthetic,position_3d_err_m,56642,56642,0,0,0,0,0.0009003441830117565,156.8057001485534,0
ADD_RUN_00472__v3,A2_20s,ADD_RUN_00472,BY2,ADDENDUM,D62_20s_seed_06,A2,seed_06,A08,AB1000,v3,error_series,semisynthetic,roll_err_deg,56642,56642,0,0,0,0,-4.39600614756327,9.293862933296566,16232
ADD_RUN_00472__v3,A2_20s,ADD_RUN_00472,BY2,ADDENDUM,D62_20s_seed_06,A2,seed_06,A08,AB1000,v3,error_series,semisynthetic,pitch_err_deg,56642,56642,0,0,0,0,-9.984311964754454,8.464383034542635,37530
ADD_RUN_00472__v3,A2_20s,ADD_RUN_00472,BY2,ADDENDUM,D62_20s_seed_06,A2,seed_06,A08,AB1000,v3,error_series,semisynthetic,yaw_err_deg,56642,56642,0,0,0,0,-8.828195415238412,3.810318644265294,42275
ADD_RUN_00472__v3,A2_20s,ADD_RUN_00472,BY2,ADDENDUM,D62_20s_seed_06,A2,seed_06,A08,AB1000,v3,error_series,semisynthetic,horizontal_3sigma_m,56642,56642,0,0,0,0,0.046344483832472284,43.37288748905998,0
ADD_RUN_00472__v3,A2_20s,ADD_RUN_00472,BY2,ADDENDUM,D62_20s_seed_06,A2,seed_06,A08,AB1000,v3,error_series,semisynthetic,roll_3sigma_deg,56642,56642,0,0,0,0,0.39944921099999997,6.0000398189999995,0
ADD_RUN_00472__v3,A2_20s,ADD_RUN_00472,BY2,ADDENDUM,D62_20s_seed_06,A2,seed_06,A08,AB1000,v3,error_series,semisynthetic,pitch_3sigma_deg,56642,56642,0,0,0,0,0.407573619,6.0000398189999995,0
ADD_RUN_00472__v3,A2_20s,ADD_RUN_00472,BY2,ADDENDUM,D62_20s_seed_06,A2,seed_06,A08,AB1000,v3,error_series,semisynthetic,yaw_3sigma_deg,56642,56642,0,0,0,0,0.544952931,6.0000398189999995,0
ADD_RUN_00472__v2,A2_20s,ADD_RUN_00472,BY2,ADDENDUM,D62_20s_seed_06,A2,seed_06,A08,AB1000,v2,error_series,semisynthetic,time,56642,56642,0,0,0,0,66.005054,339.997056,0
ADD_RUN_00472__v2,A2_20s,ADD_RUN_00472,BY2,ADDENDUM,D62_20s_seed_06,A2,seed_06,A08,AB1000,v2,error_series,semisynthetic,err_n_m,56642,56642,0,0,0,0,-126.01886054626742,0.22246372345168197,27108
ADD_RUN_00472__v2,A2_20s,ADD_RUN_00472,BY2,ADDENDUM,D62_20s_seed_06,A2,seed_06,A08,AB1000,v2,error_series,semisynthetic,err_e_m,56642,56642,0,0,0,0,-0.22121590808166047,93.09912244733245,24742
ADD_RUN_00472__v2,A2_20s,ADD_RUN_00472,BY2,ADDENDUM,D62_20s_seed_06,A2,seed_06,A08,AB1000,v2,error_series,semisynthetic,err_u_m,56642,56642,0,0,0,0,-8.0011911652743,0.04139467741025951,56600
ADD_RUN_00472__v2,A2_20s,ADD_RUN_00472,BY2,ADDENDUM,D62_20s_seed_06,A2,seed_06,A08,AB1000,v2,error_series,semisynthetic,horizontal_err_m,56642,56642,0,0,0,0,0.008785069893106312,156.67865142974327,0
ADD_RUN_00472__v2,A2_20s,ADD_RUN_00472,BY2,ADDENDUM,D62_20s_seed_06,A2,seed_06,A08,AB1000,v2,error_series,semisynthetic,position_3d_err_m,56642,56642,0,0,0,0,0.1548324993115642,156.88281892516548,0
ADD_RUN_00472__v2,A2_20s,ADD_RUN_00472,BY2,ADDENDUM,D62_20s_seed_06,A2,seed_06,A08,AB1000,v2,error_series,semisynthetic,roll_err_deg,56642,56642,0,0,0,0,-4.39600614756327,9.293862933296566,16232
ADD_RUN_00472__v2,A2_20s,ADD_RUN_00472,BY2,ADDENDUM,D62_20s_seed_06,A2,seed_06,A08,AB1000,v2,error_series,semisynthetic,pitch_err_deg,56642,56642,0,0,0,0,-9.984311964754454,8.464383034542635,37530
ADD_RUN_00472__v2,A2_20s,ADD_RUN_00472,BY2,ADDENDUM,D62_20s_seed_06,A2,seed_06,A08,AB1000,v2,error_series,semisynthetic,yaw_err_deg,56642,56642,0,0,0,0,-8.828195415238412,3.810318644265294,42275
ADD_RUN_00472__v2,A2_20s,ADD_RUN_00472,BY2,ADDENDUM,D62_20s_seed_06,A2,seed_06,A08,AB1000,v2,error_series,semisynthetic,horizontal_3sigma_m,56642,56642,0,0,0,0,0.046344483832472284,43.37288748905998,0
ADD_RUN_00472__v2,A2_20s,ADD_RUN_00472,BY2,ADDENDUM,D62_20s_seed_06,A2,seed_06,A08,AB1000,v2,error_series,semisynthetic,roll_3sigma_deg,56642,56642,0,0,0,0,0.39944921099999997,6.0000398189999995,0
ADD_RUN_00472__v2,A2_20s,ADD_RUN_00472,BY2,ADDENDUM,D62_20s_seed_06,A2,seed_06,A08,AB1000,v2,error_series,semisynthetic,pitch_3sigma_deg,56642,56642,0,0,0,0,0.407573619,6.0000398189999995,0
ADD_RUN_00472__v2,A2_20s,ADD_RUN_00472,BY2,ADDENDUM,D62_20s_seed_06,A2,seed_06,A08,AB1000,v2,error_series,semisynthetic,yaw_3sigma_deg,56642,56642,0,0,0,0,0.544952931,6.0000398189999995,0
ADD_RUN_00473__v3,A2_20s,ADD_RUN_00473,BY2,ADDENDUM,D62_20s_seed_06,A2,seed_06,A09,AB0100,v3,error_series,semisynthetic,time,56642,56642,0,0,0,0,66.005054,339.997056,0
ADD_RUN_00473__v3,A2_20s,ADD_RUN_00473,BY2,ADDENDUM,D62_20s_seed_06,A2,seed_06,A09,AB0100,v3,error_series,semisynthetic,err_n_m,56642,56642,0,0,0,0,-125.31642935822266,0.18090829180062684,38783
ADD_RUN_00473__v3,A2_20s,ADD_RUN_00473,BY2,ADDENDUM,D62_20s_seed_06,A2,seed_06,A09,AB0100,v3,error_series,semisynthetic,err_e_m,56642,56642,0,0,0,0,-0.18567049096064805,92.9637773264306,26563
ADD_RUN_00473__v3,A2_20s,ADD_RUN_00473,BY2,ADDENDUM,D62_20s_seed_06,A2,seed_06,A09,AB0100,v3,error_series,semisynthetic,err_u_m,56642,56642,0,0,0,0,-8.621588060970446,0.3415064349426196,39644
ADD_RUN_00473__v3,A2_20s,ADD_RUN_00473,BY2,ADDENDUM,D62_20s_seed_06,A2,seed_06,A09,AB0100,v3,error_series,semisynthetic,horizontal_err_m,56642,56642,0,0,0,0,0.0003235079658039625,156.03355844783064,0
ADD_RUN_00473__v3,A2_20s,ADD_RUN_00473,BY2,ADDENDUM,D62_20s_seed_06,A2,seed_06,A09,AB0100,v3,error_series,semisynthetic,position_3d_err_m,56642,56642,0,0,0,0,0.0012458781033253853,156.27156856762414,0
ADD_RUN_00473__v3,A2_20s,ADD_RUN_00473,BY2,ADDENDUM,D62_20s_seed_06,A2,seed_06,A09,AB0100,v3,error_series,semisynthetic,roll_err_deg,56642,56642,0,0,0,0,-4.395951929563267,9.292656492296572,16196
ADD_RUN_00473__v3,A2_20s,ADD_RUN_00473,BY2,ADDENDUM,D62_20s_seed_06,A2,seed_06,A09,AB0100,v3,error_series,semisynthetic,pitch_err_deg,56642,56642,0,0,0,0,-9.984585009754454,8.452458329542651,37572
ADD_RUN_00473__v3,A2_20s,ADD_RUN_00473,BY2,ADDENDUM,D62_20s_seed_06,A2,seed_06,A09,AB0100,v3,error_series,semisynthetic,yaw_err_deg,56642,56642,0,0,0,0,-8.824064044238412,3.8087338502652983,42170
ADD_RUN_00473__v3,A2_20s,ADD_RUN_00473,BY2,ADDENDUM,D62_20s_seed_06,A2,seed_06,A09,AB0100,v3,error_series,semisynthetic,horizontal_3sigma_m,56642,56642,0,0,0,0,0.046943777603695974,43.38201313839613,0
ADD_RUN_00473__v3,A2_20s,ADD_RUN_00473,BY2,ADDENDUM,D62_20s_seed_06,A2,seed_06,A09,AB0100,v3,error_series,semisynthetic,roll_3sigma_deg,56642,56642,0,0,0,0,0.399507849,6.0000398189999995,0
ADD_RUN_00473__v3,A2_20s,ADD_RUN_00473,BY2,ADDENDUM,D62_20s_seed_06,A2,seed_06,A09,AB0100,v3,error_series,semisynthetic,pitch_3sigma_deg,56642,56642,0,0,0,0,0.407620914,6.0000398189999995,0
ADD_RUN_00473__v3,A2_20s,ADD_RUN_00473,BY2,ADDENDUM,D62_20s_seed_06,A2,seed_06,A09,AB0100,v3,error_series,semisynthetic,yaw_3sigma_deg,56642,56642,0,0,0,0,0.545153808,6.0000398189999995,0
ADD_RUN_00473__v2,A2_20s,ADD_RUN_00473,BY2,ADDENDUM,D62_20s_seed_06,A2,seed_06,A09,AB0100,v2,error_series,semisynthetic,time,56642,56642,0,0,0,0,66.005054,339.997056,0
ADD_RUN_00473__v2,A2_20s,ADD_RUN_00473,BY2,ADDENDUM,D62_20s_seed_06,A2,seed_06,A09,AB0100,v2,error_series,semisynthetic,err_n_m,56642,56642,0,0,0,0,-125.4224670838124,0.21944779768993605,27570
ADD_RUN_00473__v2,A2_20s,ADD_RUN_00473,BY2,ADDENDUM,D62_20s_seed_06,A2,seed_06,A09,AB0100,v2,error_series,semisynthetic,err_e_m,56642,56642,0,0,0,0,-0.22377829014556028,92.92366796773857,24575
ADD_RUN_00473__v2,A2_20s,ADD_RUN_00473,BY2,ADDENDUM,D62_20s_seed_06,A2,seed_06,A09,AB0100,v2,error_series,semisynthetic,err_u_m,56642,56642,0,0,0,0,-8.937783552358646,0.04139467741025951,56600
ADD_RUN_00473__v2,A2_20s,ADD_RUN_00473,BY2,ADDENDUM,D62_20s_seed_06,A2,seed_06,A09,AB0100,v2,error_series,semisynthetic,horizontal_err_m,56642,56642,0,0,0,0,0.008852113657888828,156.09485359219417,0
ADD_RUN_00473__v2,A2_20s,ADD_RUN_00473,BY2,ADDENDUM,D62_20s_seed_06,A2,seed_06,A09,AB0100,v2,error_series,semisynthetic,position_3d_err_m,56642,56642,0,0,0,0,0.15597495303879286,156.35052699878355,0
ADD_RUN_00473__v2,A2_20s,ADD_RUN_00473,BY2,ADDENDUM,D62_20s_seed_06,A2,seed_06,A09,AB0100,v2,error_series,semisynthetic,roll_err_deg,56642,56642,0,0,0,0,-4.395951929563267,9.292656492296572,16196
ADD_RUN_00473__v2,A2_20s,ADD_RUN_00473,BY2,ADDENDUM,D62_20s_seed_06,A2,seed_06,A09,AB0100,v2,error_series,semisynthetic,pitch_err_deg,56642,56642,0,0,0,0,-9.984585009754454,8.452458329542651,37572
ADD_RUN_00473__v2,A2_20s,ADD_RUN_00473,BY2,ADDENDUM,D62_20s_seed_06,A2,seed_06,A09,AB0100,v2,error_series,semisynthetic,yaw_err_deg,56642,56642,0,0,0,0,-8.824064044238412,3.8087338502652983,42170
ADD_RUN_00473__v2,A2_20s,ADD_RUN_00473,BY2,ADDENDUM,D62_20s_seed_06,A2,seed_06,A09,AB0100,v2,error_series,semisynthetic,horizontal_3sigma_m,56642,56642,0,0,0,0,0.046943777603695974,43.38201313839613,0
ADD_RUN_00473__v2,A2_20s,ADD_RUN_00473,BY2,ADDENDUM,D62_20s_seed_06,A2,seed_06,A09,AB0100,v2,error_series,semisynthetic,roll_3sigma_deg,56642,56642,0,0,0,0,0.399507849,6.0000398189999995,0
ADD_RUN_00473__v2,A2_20s,ADD_RUN_00473,BY2,ADDENDUM,D62_20s_seed_06,A2,seed_06,A09,AB0100,v2,error_series,semisynthetic,pitch_3sigma_deg,56642,56642,0,0,0,0,0.407620914,6.0000398189999995,0
ADD_RUN_00473__v2,A2_20s,ADD_RUN_00473,BY2,ADDENDUM,D62_20s_seed_06,A2,seed_06,A09,AB0100,v2,error_series,semisynthetic,yaw_3sigma_deg,56642,56642,0,0,0,0,0.545153808,6.0000398189999995,0
ADD_RUN_00474__v3,A2_20s,ADD_RUN_00474,BY2,ADDENDUM,D62_20s_seed_07,A2,seed_07,F01,single_antenna_EKF,v3,error_series,semisynthetic,time,56642,56642,0,0,0,0,66.005054,339.997056,0
ADD_RUN_00474__v3,A2_20s,ADD_RUN_00474,BY2,ADDENDUM,D62_20s_seed_07,A2,seed_07,F01,single_antenna_EKF,v3,error_series,semisynthetic,err_n_m,56642,56642,0,0,0,0,-73.68635561959185,0.17590821465157092,38953
ADD_RUN_00474__v3,A2_20s,ADD_RUN_00474,BY2,ADDENDUM,D62_20s_seed_07,A2,seed_07,F01,single_antenna_EKF,v3,error_series,semisynthetic,err_e_m,56642,56642,0,0,0,0,-0.18567049096064805,108.26856461534959,24753
ADD_RUN_00474__v3,A2_20s,ADD_RUN_00474,BY2,ADDENDUM,D62_20s_seed_07,A2,seed_07,F01,single_antenna_EKF,v3,error_series,semisynthetic,err_u_m,56642,56642,0,0,0,0,-1.2659635810494194,0.3415064349426196,39173
ADD_RUN_00474__v3,A2_20s,ADD_RUN_00474,BY2,ADDENDUM,D62_20s_seed_07,A2,seed_07,F01,single_antenna_EKF,v3,error_series,semisynthetic,horizontal_err_m,56642,56642,0,0,0,0,0.00014181290881221632,130.9647322311052,0
ADD_RUN_00474__v3,A2_20s,ADD_RUN_00474,BY2,ADDENDUM,D62_20s_seed_07,A2,seed_07,F01,single_antenna_EKF,v3,error_series,semisynthetic,position_3d_err_m,56642,56642,0,0,0,0,0.00078425699127759,130.97085077280985,0
ADD_RUN_00474__v3,A2_20s,ADD_RUN_00474,BY2,ADDENDUM,D62_20s_seed_07,A2,seed_07,F01,single_antenna_EKF,v3,error_series,semisynthetic,roll_err_deg,56642,56642,0,0,0,0,-4.456687683563274,9.274552736296584,16234
ADD_RUN_00474__v3,A2_20s,ADD_RUN_00474,BY2,ADDENDUM,D62_20s_seed_07,A2,seed_07,F01,single_antenna_EKF,v3,error_series,semisynthetic,pitch_err_deg,56642,56642,0,0,0,0,-10.125423213036498,8.452295398542645,37710
ADD_RUN_00474__v3,A2_20s,ADD_RUN_00474,BY2,ADDENDUM,D62_20s_seed_07,A2,seed_07,F01,single_antenna_EKF,v3,error_series,semisynthetic,yaw_err_deg,56642,56642,0,0,0,0,-17.310250441238395,1.0895758841452334,56301
ADD_RUN_00474__v3,A2_20s,ADD_RUN_00474,BY2,ADDENDUM,D62_20s_seed_07,A2,seed_07,F01,single_antenna_EKF,v3,error_series,semisynthetic,horizontal_3sigma_m,56642,56642,0,0,0,0,0.04700990880282893,43.09790982893996,0
ADD_RUN_00474__v3,A2_20s,ADD_RUN_00474,BY2,ADDENDUM,D62_20s_seed_07,A2,seed_07,F01,single_antenna_EKF,v3,error_series,semisynthetic,roll_3sigma_deg,56642,56642,0,0,0,0,0.407034432,6.0000398189999995,0
ADD_RUN_00474__v3,A2_20s,ADD_RUN_00474,BY2,ADDENDUM,D62_20s_seed_07,A2,seed_07,F01,single_antenna_EKF,v3,error_series,semisynthetic,pitch_3sigma_deg,56642,56642,0,0,0,0,0.410559972,6.0000398189999995,0
ADD_RUN_00474__v3,A2_20s,ADD_RUN_00474,BY2,ADDENDUM,D62_20s_seed_07,A2,seed_07,F01,single_antenna_EKF,v3,error_series,semisynthetic,yaw_3sigma_deg,56642,56642,0,0,0,0,2.647092201,6.0000398189999995,0
ADD_RUN_00474__v2,A2_20s,ADD_RUN_00474,BY2,ADDENDUM,D62_20s_seed_07,A2,seed_07,F01,single_antenna_EKF,v2,error_series,semisynthetic,time,56642,56642,0,0,0,0,66.005054,339.997056,0
ADD_RUN_00474__v2,A2_20s,ADD_RUN_00474,BY2,ADDENDUM,D62_20s_seed_07,A2,seed_07,F01,single_antenna_EKF,v2,error_series,semisynthetic,err_n_m,56642,56642,0,0,0,0,-73.80513653684439,0.22078020549652067,28050
ADD_RUN_00474__v2,A2_20s,ADD_RUN_00474,BY2,ADDENDUM,D62_20s_seed_07,A2,seed_07,F01,single_antenna_EKF,v2,error_series,semisynthetic,err_e_m,56642,56642,0,0,0,0,-0.22634062683296463,108.24165589955126,24439
ADD_RUN_00474__v2,A2_20s,ADD_RUN_00474,BY2,ADDENDUM,D62_20s_seed_07,A2,seed_07,F01,single_antenna_EKF,v2,error_series,semisynthetic,err_u_m,56642,56642,0,0,0,0,-1.579012080147102,0.04139467741025951,56600
ADD_RUN_00474__v2,A2_20s,ADD_RUN_00474,BY2,ADDENDUM,D62_20s_seed_07,A2,seed_07,F01,single_antenna_EKF,v2,error_series,semisynthetic,horizontal_err_m,56642,56642,0,0,0,0,0.006055789768952627,131.00936703571656,0
ADD_RUN_00474__v2,A2_20s,ADD_RUN_00474,BY2,ADDENDUM,D62_20s_seed_07,A2,seed_07,F01,single_antenna_EKF,v2,error_series,semisynthetic,position_3d_err_m,56642,56642,0,0,0,0,0.15886241023712322,131.0188823423874,0
ADD_RUN_00474__v2,A2_20s,ADD_RUN_00474,BY2,ADDENDUM,D62_20s_seed_07,A2,seed_07,F01,single_antenna_EKF,v2,error_series,semisynthetic,roll_err_deg,56642,56642,0,0,0,0,-4.456687683563274,9.274552736296584,16234
ADD_RUN_00474__v2,A2_20s,ADD_RUN_00474,BY2,ADDENDUM,D62_20s_seed_07,A2,seed_07,F01,single_antenna_EKF,v2,error_series,semisynthetic,pitch_err_deg,56642,56642,0,0,0,0,-10.125423213036498,8.452295398542645,37710
ADD_RUN_00474__v2,A2_20s,ADD_RUN_00474,BY2,ADDENDUM,D62_20s_seed_07,A2,seed_07,F01,single_antenna_EKF,v2,error_series,semisynthetic,yaw_err_deg,56642,56642,0,0,0,0,-17.310250441238395,1.0895758841452334,56301
ADD_RUN_00474__v2,A2_20s,ADD_RUN_00474,BY2,ADDENDUM,D62_20s_seed_07,A2,seed_07,F01,single_antenna_EKF,v2,error_series,semisynthetic,horizontal_3sigma_m,56642,56642,0,0,0,0,0.04700990880282893,43.09790982893996,0
ADD_RUN_00474__v2,A2_20s,ADD_RUN_00474,BY2,ADDENDUM,D62_20s_seed_07,A2,seed_07,F01,single_antenna_EKF,v2,error_series,semisynthetic,roll_3sigma_deg,56642,56642,0,0,0,0,0.407034432,6.0000398189999995,0
ADD_RUN_00474__v2,A2_20s,ADD_RUN_00474,BY2,ADDENDUM,D62_20s_seed_07,A2,seed_07,F01,single_antenna_EKF,v2,error_series,semisynthetic,pitch_3sigma_deg,56642,56642,0,0,0,0,0.410559972,6.0000398189999995,0
ADD_RUN_00474__v2,A2_20s,ADD_RUN_00474,BY2,ADDENDUM,D62_20s_seed_07,A2,seed_07,F01,single_antenna_EKF,v2,error_series,semisynthetic,yaw_3sigma_deg,56642,56642,0,0,0,0,2.647092201,6.0000398189999995,0
ADD_RUN_00475__v3,A2_20s,ADD_RUN_00475,BY2,ADDENDUM,D62_20s_seed_07,A2,seed_07,F02,basic_dual_yaw_EKF,v3,error_series,semisynthetic,time,56642,56642,0,0,0,0,66.005054,339.997056,0
ADD_RUN_00475__v3,A2_20s,ADD_RUN_00475,BY2,ADDENDUM,D62_20s_seed_07,A2,seed_07,F02,basic_dual_yaw_EKF,v3,error_series,semisynthetic,err_n_m,56642,56642,0,0,0,0,-88.26285948719205,0.18127360800215087,41528
ADD_RUN_00475__v3,A2_20s,ADD_RUN_00475,BY2,ADDENDUM,D62_20s_seed_07,A2,seed_07,F02,basic_dual_yaw_EKF,v3,error_series,semisynthetic,err_e_m,56642,56642,0,0,0,0,-0.18567049096064805,100.9466311500141,25889
ADD_RUN_00475__v3,A2_20s,ADD_RUN_00475,BY2,ADDENDUM,D62_20s_seed_07,A2,seed_07,F02,basic_dual_yaw_EKF,v3,error_series,semisynthetic,err_u_m,56642,56642,0,0,0,0,-1.634064418387318,0.3415064349426196,39037
ADD_RUN_00475__v3,A2_20s,ADD_RUN_00475,BY2,ADDENDUM,D62_20s_seed_07,A2,seed_07,F02,basic_dual_yaw_EKF,v3,error_series,semisynthetic,horizontal_err_m,56642,56642,0,0,0,0,0.0003882620857329156,134.09159073332228,0
ADD_RUN_00475__v3,A2_20s,ADD_RUN_00475,BY2,ADDENDUM,D62_20s_seed_07,A2,seed_07,F02,basic_dual_yaw_EKF,v3,error_series,semisynthetic,position_3d_err_m,56642,56642,0,0,0,0,0.0025943769162666192,134.1015468662321,0
ADD_RUN_00475__v3,A2_20s,ADD_RUN_00475,BY2,ADDENDUM,D62_20s_seed_07,A2,seed_07,F02,basic_dual_yaw_EKF,v3,error_series,semisynthetic,roll_err_deg,56642,56642,0,0,0,0,-4.332691531563285,9.324332208296568,16249
ADD_RUN_00475__v3,A2_20s,ADD_RUN_00475,BY2,ADDENDUM,D62_20s_seed_07,A2,seed_07,F02,basic_dual_yaw_EKF,v3,error_series,semisynthetic,pitch_err_deg,56642,56642,0,0,0,0,-10.11265570975445,8.416588180542647,37565
ADD_RUN_00475__v3,A2_20s,ADD_RUN_00475,BY2,ADDENDUM,D62_20s_seed_07,A2,seed_07,F02,basic_dual_yaw_EKF,v3,error_series,semisynthetic,yaw_err_deg,56642,56642,0,0,0,0,-10.126591075238423,3.84525309626531,43800
ADD_RUN_00475__v3,A2_20s,ADD_RUN_00475,BY2,ADDENDUM,D62_20s_seed_07,A2,seed_07,F02,basic_dual_yaw_EKF,v3,error_series,semisynthetic,horizontal_3sigma_m,56642,56642,0,0,0,0,0.05178557145809494,43.172399208059794,0
ADD_RUN_00475__v3,A2_20s,ADD_RUN_00475,BY2,ADDENDUM,D62_20s_seed_07,A2,seed_07,F02,basic_dual_yaw_EKF,v3,error_series,semisynthetic,roll_3sigma_deg,56642,56642,0,0,0,0,0.400134102,6.000072272999999,0
ADD_RUN_00475__v3,A2_20s,ADD_RUN_00475,BY2,ADDENDUM,D62_20s_seed_07,A2,seed_07,F02,basic_dual_yaw_EKF,v3,error_series,semisynthetic,pitch_3sigma_deg,56642,56642,0,0,0,0,0.40819107299999996,6.000072231,0
ADD_RUN_00475__v3,A2_20s,ADD_RUN_00475,BY2,ADDENDUM,D62_20s_seed_07,A2,seed_07,F02,basic_dual_yaw_EKF,v3,error_series,semisynthetic,yaw_3sigma_deg,56642,56642,0,0,0,0,0.5284222319999999,6.0000398189999995,0
ADD_RUN_00475__v2,A2_20s,ADD_RUN_00475,BY2,ADDENDUM,D62_20s_seed_07,A2,seed_07,F02,basic_dual_yaw_EKF,v2,error_series,semisynthetic,time,56642,56642,0,0,0,0,66.005054,339.997056,0
ADD_RUN_00475__v2,A2_20s,ADD_RUN_00475,BY2,ADDENDUM,D62_20s_seed_07,A2,seed_07,F02,basic_dual_yaw_EKF,v2,error_series,semisynthetic,err_n_m,56642,56642,0,0,0,0,-88.37685749861232,0.20312558349953314,29321
ADD_RUN_00475__v2,A2_20s,ADD_RUN_00475,BY2,ADDENDUM,D62_20s_seed_07,A2,seed_07,F02,basic_dual_yaw_EKF,v2,error_series,semisynthetic,err_e_m,56642,56642,0,0,0,0,-0.22277594717550642,100.90419117756446,23657
ADD_RUN_00475__v2,A2_20s,ADD_RUN_00475,BY2,ADDENDUM,D62_20s_seed_07,A2,seed_07,F02,basic_dual_yaw_EKF,v2,error_series,semisynthetic,err_u_m,56642,56642,0,0,0,0,-1.9471708717424931,0.04139467741025951,56600
ADD_RUN_00475__v2,A2_20s,ADD_RUN_00475,BY2,ADDENDUM,D62_20s_seed_07,A2,seed_07,F02,basic_dual_yaw_EKF,v2,error_series,semisynthetic,horizontal_err_m,56642,56642,0,0,0,0,0.016280753967534863,134.13472607243997,0
ADD_RUN_00475__v2,A2_20s,ADD_RUN_00475,BY2,ADDENDUM,D62_20s_seed_07,A2,seed_07,F02,basic_dual_yaw_EKF,v2,error_series,semisynthetic,position_3d_err_m,56642,56642,0,0,0,0,0.16734563336231614,134.1488584108425,0
ADD_RUN_00475__v2,A2_20s,ADD_RUN_00475,BY2,ADDENDUM,D62_20s_seed_07,A2,seed_07,F02,basic_dual_yaw_EKF,v2,error_series,semisynthetic,roll_err_deg,56642,56642,0,0,0,0,-4.332691531563285,9.324332208296568,16249
ADD_RUN_00475__v2,A2_20s,ADD_RUN_00475,BY2,ADDENDUM,D62_20s_seed_07,A2,seed_07,F02,basic_dual_yaw_EKF,v2,error_series,semisynthetic,pitch_err_deg,56642,56642,0,0,0,0,-10.11265570975445,8.416588180542647,37565
ADD_RUN_00475__v2,A2_20s,ADD_RUN_00475,BY2,ADDENDUM,D62_20s_seed_07,A2,seed_07,F02,basic_dual_yaw_EKF,v2,error_series,semisynthetic,yaw_err_deg,56642,56642,0,0,0,0,-10.126591075238423,3.84525309626531,43800
ADD_RUN_00475__v2,A2_20s,ADD_RUN_00475,BY2,ADDENDUM,D62_20s_seed_07,A2,seed_07,F02,basic_dual_yaw_EKF,v2,error_series,semisynthetic,horizontal_3sigma_m,56642,56642,0,0,0,0,0.05178557145809494,43.172399208059794,0
ADD_RUN_00475__v2,A2_20s,ADD_RUN_00475,BY2,ADDENDUM,D62_20s_seed_07,A2,seed_07,F02,basic_dual_yaw_EKF,v2,error_series,semisynthetic,roll_3sigma_deg,56642,56642,0,0,0,0,0.400134102,6.000072272999999,0
ADD_RUN_00475__v2,A2_20s,ADD_RUN_00475,BY2,ADDENDUM,D62_20s_seed_07,A2,seed_07,F02,basic_dual_yaw_EKF,v2,error_series,semisynthetic,pitch_3sigma_deg,56642,56642,0,0,0,0,0.40819107299999996,6.000072231,0
ADD_RUN_00475__v2,A2_20s,ADD_RUN_00475,BY2,ADDENDUM,D62_20s_seed_07,A2,seed_07,F02,basic_dual_yaw_EKF,v2,error_series,semisynthetic,yaw_3sigma_deg,56642,56642,0,0,0,0,0.5284222319999999,6.0000398189999995,0
ADD_RUN_00476__v3,A2_20s,ADD_RUN_00476,BY2,ADDENDUM,D62_20s_seed_07,A2,seed_07,F03,AB0000,v3,error_series,semisynthetic,time,56642,56642,0,0,0,0,66.005054,339.997056,0
ADD_RUN_00476__v3,A2_20s,ADD_RUN_00476,BY2,ADDENDUM,D62_20s_seed_07,A2,seed_07,F03,AB0000,v3,error_series,semisynthetic,err_n_m,56642,56642,0,0,0,0,-89.67827507253385,0.18081457012874225,38640
ADD_RUN_00476__v3,A2_20s,ADD_RUN_00476,BY2,ADDENDUM,D62_20s_seed_07,A2,seed_07,F03,AB0000,v3,error_series,semisynthetic,err_e_m,56642,56642,0,0,0,0,-0.18567049096064805,100.06143946540482,26106
ADD_RUN_00476__v3,A2_20s,ADD_RUN_00476,BY2,ADDENDUM,D62_20s_seed_07,A2,seed_07,F03,AB0000,v3,error_series,semisynthetic,err_u_m,56642,56642,0,0,0,0,-1.3233206956813248,0.3415064349426196,39164
ADD_RUN_00476__v3,A2_20s,ADD_RUN_00476,BY2,ADDENDUM,D62_20s_seed_07,A2,seed_07,F03,AB0000,v3,error_series,semisynthetic,horizontal_err_m,56642,56642,0,0,0,0,0.00032457302228820875,134.3669776688972,0
ADD_RUN_00476__v3,A2_20s,ADD_RUN_00476,BY2,ADDENDUM,D62_20s_seed_07,A2,seed_07,F03,AB0000,v3,error_series,semisynthetic,position_3d_err_m,56642,56642,0,0,0,0,0.0011984081425930517,134.373493909839,0
ADD_RUN_00476__v3,A2_20s,ADD_RUN_00476,BY2,ADDENDUM,D62_20s_seed_07,A2,seed_07,F03,AB0000,v3,error_series,semisynthetic,roll_err_deg,56642,56642,0,0,0,0,-4.396087762563269,9.290765860296574,16223
ADD_RUN_00476__v3,A2_20s,ADD_RUN_00476,BY2,ADDENDUM,D62_20s_seed_07,A2,seed_07,F03,AB0000,v3,error_series,semisynthetic,pitch_err_deg,56642,56642,0,0,0,0,-10.114863496754452,8.452381553542637,37551
ADD_RUN_00476__v3,A2_20s,ADD_RUN_00476,BY2,ADDENDUM,D62_20s_seed_07,A2,seed_07,F03,AB0000,v3,error_series,semisynthetic,yaw_err_deg,56642,56642,0,0,0,0,-8.829729468238412,3.8090273162653148,42176
ADD_RUN_00476__v3,A2_20s,ADD_RUN_00476,BY2,ADDENDUM,D62_20s_seed_07,A2,seed_07,F03,AB0000,v3,error_series,semisynthetic,horizontal_3sigma_m,56642,56642,0,0,0,0,0.0469311302178147,42.90906395225235,0
ADD_RUN_00476__v3,A2_20s,ADD_RUN_00476,BY2,ADDENDUM,D62_20s_seed_07,A2,seed_07,F03,AB0000,v3,error_series,semisynthetic,roll_3sigma_deg,56642,56642,0,0,0,0,0.39950519399999995,6.0000398189999995,0
ADD_RUN_00476__v3,A2_20s,ADD_RUN_00476,BY2,ADDENDUM,D62_20s_seed_07,A2,seed_07,F03,AB0000,v3,error_series,semisynthetic,pitch_3sigma_deg,56642,56642,0,0,0,0,0.40761849,6.0000398189999995,0
ADD_RUN_00476__v3,A2_20s,ADD_RUN_00476,BY2,ADDENDUM,D62_20s_seed_07,A2,seed_07,F03,AB0000,v3,error_series,semisynthetic,yaw_3sigma_deg,56642,56642,0,0,0,0,0.545038749,6.0000398189999995,0
ADD_RUN_00476__v2,A2_20s,ADD_RUN_00476,BY2,ADDENDUM,D62_20s_seed_07,A2,seed_07,F03,AB0000,v2,error_series,semisynthetic,time,56642,56642,0,0,0,0,66.005054,339.997056,0
ADD_RUN_00476__v2,A2_20s,ADD_RUN_00476,BY2,ADDENDUM,D62_20s_seed_07,A2,seed_07,F03,AB0000,v2,error_series,semisynthetic,err_n_m,56642,56642,0,0,0,0,-89.7922331013897,0.21944779831282624,27880
ADD_RUN_00476__v2,A2_20s,ADD_RUN_00476,BY2,ADDENDUM,D62_20s_seed_07,A2,seed_07,F03,AB0000,v2,error_series,semisynthetic,err_e_m,56642,56642,0,0,0,0,-0.22377828985278825,100.01887671783925,24426
ADD_RUN_00476__v2,A2_20s,ADD_RUN_00476,BY2,ADDENDUM,D62_20s_seed_07,A2,seed_07,F03,AB0000,v2,error_series,semisynthetic,err_u_m,56642,56642,0,0,0,0,-1.6364250392655677,0.04139467741025951,56600
ADD_RUN_00476__v2,A2_20s,ADD_RUN_00476,BY2,ADDENDUM,D62_20s_seed_07,A2,seed_07,F03,AB0000,v2,error_series,semisynthetic,horizontal_err_m,56642,56642,0,0,0,0,0.008854553517453213,134.4113865162942,0
ADD_RUN_00476__v2,A2_20s,ADD_RUN_00476,BY2,ADDENDUM,D62_20s_seed_07,A2,seed_07,F03,AB0000,v2,error_series,semisynthetic,position_3d_err_m,56642,56642,0,0,0,0,0.15593660342149818,134.42134768012767,0
ADD_RUN_00476__v2,A2_20s,ADD_RUN_00476,BY2,ADDENDUM,D62_20s_seed_07,A2,seed_07,F03,AB0000,v2,error_series,semisynthetic,roll_err_deg,56642,56642,0,0,0,0,-4.396087762563269,9.290765860296574,16223
ADD_RUN_00476__v2,A2_20s,ADD_RUN_00476,BY2,ADDENDUM,D62_20s_seed_07,A2,seed_07,F03,AB0000,v2,error_series,semisynthetic,pitch_err_deg,56642,56642,0,0,0,0,-10.114863496754452,8.452381553542637,37551
ADD_RUN_00476__v2,A2_20s,ADD_RUN_00476,BY2,ADDENDUM,D62_20s_seed_07,A2,seed_07,F03,AB0000,v2,error_series,semisynthetic,yaw_err_deg,56642,56642,0,0,0,0,-8.829729468238412,3.8090273162653148,42176
ADD_RUN_00476__v2,A2_20s,ADD_RUN_00476,BY2,ADDENDUM,D62_20s_seed_07,A2,seed_07,F03,AB0000,v2,error_series,semisynthetic,horizontal_3sigma_m,56642,56642,0,0,0,0,0.0469311302178147,42.90906395225235,0
ADD_RUN_00476__v2,A2_20s,ADD_RUN_00476,BY2,ADDENDUM,D62_20s_seed_07,A2,seed_07,F03,AB0000,v2,error_series,semisynthetic,roll_3sigma_deg,56642,56642,0,0,0,0,0.39950519399999995,6.0000398189999995,0
ADD_RUN_00476__v2,A2_20s,ADD_RUN_00476,BY2,ADDENDUM,D62_20s_seed_07,A2,seed_07,F03,AB0000,v2,error_series,semisynthetic,pitch_3sigma_deg,56642,56642,0,0,0,0,0.40761849,6.0000398189999995,0
ADD_RUN_00476__v2,A2_20s,ADD_RUN_00476,BY2,ADDENDUM,D62_20s_seed_07,A2,seed_07,F03,AB0000,v2,error_series,semisynthetic,yaw_3sigma_deg,56642,56642,0,0,0,0,0.545038749,6.0000398189999995,0
ADD_RUN_00477__v3,A2_20s,ADD_RUN_00477,BY2,ADDENDUM,D62_20s_seed_07,A2,seed_07,F04,AB1111,v3,error_series,semisynthetic,time,56642,56642,0,0,0,0,66.005054,339.997056,0
ADD_RUN_00477__v3,A2_20s,ADD_RUN_00477,BY2,ADDENDUM,D62_20s_seed_07,A2,seed_07,F04,AB1111,v3,error_series,semisynthetic,err_n_m,56642,56642,0,0,0,0,-0.42495842675701795,1.3399290368145245,33556
ADD_RUN_00477__v3,A2_20s,ADD_RUN_00477,BY2,ADDENDUM,D62_20s_seed_07,A2,seed_07,F04,AB1111,v3,error_series,semisynthetic,err_e_m,56642,56642,0,0,0,0,-0.18567049096064805,0.838859532149911,26581
ADD_RUN_00477__v3,A2_20s,ADD_RUN_00477,BY2,ADDENDUM,D62_20s_seed_07,A2,seed_07,F04,AB1111,v3,error_series,semisynthetic,err_u_m,56642,56642,0,0,0,0,-0.5587912801396548,3.3565076376910454,38039
ADD_RUN_00477__v3,A2_20s,ADD_RUN_00477,BY2,ADDENDUM,D62_20s_seed_07,A2,seed_07,F04,AB1111,v3,error_series,semisynthetic,horizontal_err_m,56642,56642,0,0,0,0,7.394428791593372e-05,1.4484879470258107,0
ADD_RUN_00477__v3,A2_20s,ADD_RUN_00477,BY2,ADDENDUM,D62_20s_seed_07,A2,seed_07,F04,AB1111,v3,error_series,semisynthetic,position_3d_err_m,56642,56642,0,0,0,0,0.0018030216174663282,3.651635986861935,0
ADD_RUN_00477__v3,A2_20s,ADD_RUN_00477,BY2,ADDENDUM,D62_20s_seed_07,A2,seed_07,F04,AB1111,v3,error_series,semisynthetic,roll_err_deg,56642,56642,0,0,0,0,-4.086152222563271,6.8687984662965675,19306
ADD_RUN_00477__v3,A2_20s,ADD_RUN_00477,BY2,ADDENDUM,D62_20s_seed_07,A2,seed_07,F04,AB1111,v3,error_series,semisynthetic,pitch_err_deg,56642,56642,0,0,0,0,-8.57699244975447,8.513640839542632,37207
ADD_RUN_00477__v3,A2_20s,ADD_RUN_00477,BY2,ADDENDUM,D62_20s_seed_07,A2,seed_07,F04,AB1111,v3,error_series,semisynthetic,yaw_err_deg,56642,56642,0,0,0,0,-8.75431214623842,3.838451921265289,42125
ADD_RUN_00477__v3,A2_20s,ADD_RUN_00477,BY2,ADDENDUM,D62_20s_seed_07,A2,seed_07,F04,AB1111,v3,error_series,semisynthetic,horizontal_3sigma_m,56642,56642,0,0,0,0,0.045663065595990295,42.43457969268709,0
ADD_RUN_00477__v3,A2_20s,ADD_RUN_00477,BY2,ADDENDUM,D62_20s_seed_07,A2,seed_07,F04,AB1111,v3,error_series,semisynthetic,roll_3sigma_deg,56642,56642,0,0,0,0,0.322797831,6.0000398189999995,0
ADD_RUN_00477__v3,A2_20s,ADD_RUN_00477,BY2,ADDENDUM,D62_20s_seed_07,A2,seed_07,F04,AB1111,v3,error_series,semisynthetic,pitch_3sigma_deg,56642,56642,0,0,0,0,0.324712884,6.0000398189999995,0
ADD_RUN_00477__v3,A2_20s,ADD_RUN_00477,BY2,ADDENDUM,D62_20s_seed_07,A2,seed_07,F04,AB1111,v3,error_series,semisynthetic,yaw_3sigma_deg,56642,56642,0,0,0,0,0.544842594,6.0000398189999995,0
ADD_RUN_00477__v2,A2_20s,ADD_RUN_00477,BY2,ADDENDUM,D62_20s_seed_07,A2,seed_07,F04,AB1111,v2,error_series,semisynthetic,time,56642,56642,0,0,0,0,66.005054,339.997056,0
ADD_RUN_00477__v2,A2_20s,ADD_RUN_00477,BY2,ADDENDUM,D62_20s_seed_07,A2,seed_07,F04,AB1111,v2,error_series,semisynthetic,err_n_m,56642,56642,0,0,0,0,-0.4534930991605105,1.2136040236256491,24673
ADD_RUN_00477__v2,A2_20s,ADD_RUN_00477,BY2,ADDENDUM,D62_20s_seed_07,A2,seed_07,F04,AB1111,v2,error_series,semisynthetic,err_e_m,56642,56642,0,0,0,0,-0.2158348743199099,0.7306205016389242,24024
ADD_RUN_00477__v2,A2_20s,ADD_RUN_00477,BY2,ADDENDUM,D62_20s_seed_07,A2,seed_07,F04,AB1111,v2,error_series,semisynthetic,err_u_m,56642,56642,0,0,0,0,-0.8443985220430541,3.047390074815688,54494
ADD_RUN_00477__v2,A2_20s,ADD_RUN_00477,BY2,ADDENDUM,D62_20s_seed_07,A2,seed_07,F04,AB1111,v2,error_series,semisynthetic,horizontal_err_m,56642,56642,0,0,0,0,0.013466074837986607,1.3199162611462856,0
ADD_RUN_00477__v2,A2_20s,ADD_RUN_00477,BY2,ADDENDUM,D62_20s_seed_07,A2,seed_07,F04,AB1111,v2,error_series,semisynthetic,position_3d_err_m,56642,56642,0,0,0,0,0.1588366025867769,3.3164670874079256,0
ADD_RUN_00477__v2,A2_20s,ADD_RUN_00477,BY2,ADDENDUM,D62_20s_seed_07,A2,seed_07,F04,AB1111,v2,error_series,semisynthetic,roll_err_deg,56642,56642,0,0,0,0,-4.086152222563271,6.8687984662965675,19306
ADD_RUN_00477__v2,A2_20s,ADD_RUN_00477,BY2,ADDENDUM,D62_20s_seed_07,A2,seed_07,F04,AB1111,v2,error_series,semisynthetic,pitch_err_deg,56642,56642,0,0,0,0,-8.57699244975447,8.513640839542632,37207
ADD_RUN_00477__v2,A2_20s,ADD_RUN_00477,BY2,ADDENDUM,D62_20s_seed_07,A2,seed_07,F04,AB1111,v2,error_series,semisynthetic,yaw_err_deg,56642,56642,0,0,0,0,-8.75431214623842,3.838451921265289,42125
ADD_RUN_00477__v2,A2_20s,ADD_RUN_00477,BY2,ADDENDUM,D62_20s_seed_07,A2,seed_07,F04,AB1111,v2,error_series,semisynthetic,horizontal_3sigma_m,56642,56642,0,0,0,0,0.045663065595990295,42.43457969268709,0
ADD_RUN_00477__v2,A2_20s,ADD_RUN_00477,BY2,ADDENDUM,D62_20s_seed_07,A2,seed_07,F04,AB1111,v2,error_series,semisynthetic,roll_3sigma_deg,56642,56642,0,0,0,0,0.322797831,6.0000398189999995,0
ADD_RUN_00477__v2,A2_20s,ADD_RUN_00477,BY2,ADDENDUM,D62_20s_seed_07,A2,seed_07,F04,AB1111,v2,error_series,semisynthetic,pitch_3sigma_deg,56642,56642,0,0,0,0,0.324712884,6.0000398189999995,0
ADD_RUN_00477__v2,A2_20s,ADD_RUN_00477,BY2,ADDENDUM,D62_20s_seed_07,A2,seed_07,F04,AB1111,v2,error_series,semisynthetic,yaw_3sigma_deg,56642,56642,0,0,0,0,0.544842594,6.0000398189999995,0
ADD_RUN_00478__v3,A2_20s,ADD_RUN_00478,BY2,ADDENDUM,D62_20s_seed_07,A2,seed_07,A03,AB0111,v3,error_series,semisynthetic,time,56642,56642,0,0,0,0,66.005054,339.997056,0
ADD_RUN_00478__v3,A2_20s,ADD_RUN_00478,BY2,ADDENDUM,D62_20s_seed_07,A2,seed_07,A03,AB0111,v3,error_series,semisynthetic,err_n_m,56642,56642,0,0,0,0,-0.42495842675701795,1.3361616439021304,33796
ADD_RUN_00478__v3,A2_20s,ADD_RUN_00478,BY2,ADDENDUM,D62_20s_seed_07,A2,seed_07,A03,AB0111,v3,error_series,semisynthetic,err_e_m,56642,56642,0,0,0,0,-0.18567049096064805,0.8313252250434715,26704
ADD_RUN_00478__v3,A2_20s,ADD_RUN_00478,BY2,ADDENDUM,D62_20s_seed_07,A2,seed_07,A03,AB0111,v3,error_series,semisynthetic,err_u_m,56642,56642,0,0,0,0,-0.5165016165959635,3.4826858669674685,38121
ADD_RUN_00478__v3,A2_20s,ADD_RUN_00478,BY2,ADDENDUM,D62_20s_seed_07,A2,seed_07,A03,AB0111,v3,error_series,semisynthetic,horizontal_err_m,56642,56642,0,0,0,0,0.00016488493734792466,1.4420994813005281,0
ADD_RUN_00478__v3,A2_20s,ADD_RUN_00478,BY2,ADDENDUM,D62_20s_seed_07,A2,seed_07,A03,AB0111,v3,error_series,semisynthetic,position_3d_err_m,56642,56642,0,0,0,0,0.002695934989962925,3.765520720586544,0
ADD_RUN_00478__v3,A2_20s,ADD_RUN_00478,BY2,ADDENDUM,D62_20s_seed_07,A2,seed_07,A03,AB0111,v3,error_series,semisynthetic,roll_err_deg,56642,56642,0,0,0,0,-4.086950923563279,6.867497364296582,19304
ADD_RUN_00478__v3,A2_20s,ADD_RUN_00478,BY2,ADDENDUM,D62_20s_seed_07,A2,seed_07,A03,AB0111,v3,error_series,semisynthetic,pitch_err_deg,56642,56642,0,0,0,0,-8.574606720754474,8.511179691542623,37213
ADD_RUN_00478__v3,A2_20s,ADD_RUN_00478,BY2,ADDENDUM,D62_20s_seed_07,A2,seed_07,A03,AB0111,v3,error_series,semisynthetic,yaw_err_deg,56642,56642,0,0,0,0,-8.759008700238411,3.8363134442653006,42076
ADD_RUN_00478__v3,A2_20s,ADD_RUN_00478,BY2,ADDENDUM,D62_20s_seed_07,A2,seed_07,A03,AB0111,v3,error_series,semisynthetic,horizontal_3sigma_m,56642,56642,0,0,0,0,0.046018764879759144,42.43457969268709,0
ADD_RUN_00478__v3,A2_20s,ADD_RUN_00478,BY2,ADDENDUM,D62_20s_seed_07,A2,seed_07,A03,AB0111,v3,error_series,semisynthetic,roll_3sigma_deg,56642,56642,0,0,0,0,0.322807059,6.0000398189999995,0
ADD_RUN_00478__v3,A2_20s,ADD_RUN_00478,BY2,ADDENDUM,D62_20s_seed_07,A2,seed_07,A03,AB0111,v3,error_series,semisynthetic,pitch_3sigma_deg,56642,56642,0,0,0,0,0.324721902,6.0000398189999995,0
ADD_RUN_00478__v3,A2_20s,ADD_RUN_00478,BY2,ADDENDUM,D62_20s_seed_07,A2,seed_07,A03,AB0111,v3,error_series,semisynthetic,yaw_3sigma_deg,56642,56642,0,0,0,0,0.544907043,6.0000398189999995,0
ADD_RUN_00478__v2,A2_20s,ADD_RUN_00478,BY2,ADDENDUM,D62_20s_seed_07,A2,seed_07,A03,AB0111,v2,error_series,semisynthetic,time,56642,56642,0,0,0,0,66.005054,339.997056,0
ADD_RUN_00478__v2,A2_20s,ADD_RUN_00478,BY2,ADDENDUM,D62_20s_seed_07,A2,seed_07,A03,AB0111,v2,error_series,semisynthetic,err_n_m,56642,56642,0,0,0,0,-0.4534930991605105,1.2098278706974526,24940
ADD_RUN_00478__v2,A2_20s,ADD_RUN_00478,BY2,ADDENDUM,D62_20s_seed_07,A2,seed_07,A03,AB0111,v2,error_series,semisynthetic,err_e_m,56642,56642,0,0,0,0,-0.21805560164143856,0.7231033419630961,23869
ADD_RUN_00478__v2,A2_20s,ADD_RUN_00478,BY2,ADDENDUM,D62_20s_seed_07,A2,seed_07,A03,AB0111,v2,error_series,semisynthetic,err_u_m,56642,56642,0,0,0,0,-0.8044732024285111,3.1735702407575985,54449
ADD_RUN_00478__v2,A2_20s,ADD_RUN_00478,BY2,ADDENDUM,D62_20s_seed_07,A2,seed_07,A03,AB0111,v2,error_series,semisynthetic,horizontal_err_m,56642,56642,0,0,0,0,0.013466075137659145,1.313438187723958,0
ADD_RUN_00478__v2,A2_20s,ADD_RUN_00478,BY2,ADDENDUM,D62_20s_seed_07,A2,seed_07,A03,AB0111,v2,error_series,semisynthetic,position_3d_err_m,56642,56642,0,0,0,0,0.15975161088829412,3.43031818893661,0
ADD_RUN_00478__v2,A2_20s,ADD_RUN_00478,BY2,ADDENDUM,D62_20s_seed_07,A2,seed_07,A03,AB0111,v2,error_series,semisynthetic,roll_err_deg,56642,56642,0,0,0,0,-4.086950923563279,6.867497364296582,19304
ADD_RUN_00478__v2,A2_20s,ADD_RUN_00478,BY2,ADDENDUM,D62_20s_seed_07,A2,seed_07,A03,AB0111,v2,error_series,semisynthetic,pitch_err_deg,56642,56642,0,0,0,0,-8.574606720754474,8.511179691542623,37213
ADD_RUN_00478__v2,A2_20s,ADD_RUN_00478,BY2,ADDENDUM,D62_20s_seed_07,A2,seed_07,A03,AB0111,v2,error_series,semisynthetic,yaw_err_deg,56642,56642,0,0,0,0,-8.759008700238411,3.8363134442653006,42076
ADD_RUN_00478__v2,A2_20s,ADD_RUN_00478,BY2,ADDENDUM,D62_20s_seed_07,A2,seed_07,A03,AB0111,v2,error_series,semisynthetic,horizontal_3sigma_m,56642,56642,0,0,0,0,0.046018764879759144,42.43457969268709,0
ADD_RUN_00478__v2,A2_20s,ADD_RUN_00478,BY2,ADDENDUM,D62_20s_seed_07,A2,seed_07,A03,AB0111,v2,error_series,semisynthetic,roll_3sigma_deg,56642,56642,0,0,0,0,0.322807059,6.0000398189999995,0
ADD_RUN_00478__v2,A2_20s,ADD_RUN_00478,BY2,ADDENDUM,D62_20s_seed_07,A2,seed_07,A03,AB0111,v2,error_series,semisynthetic,pitch_3sigma_deg,56642,56642,0,0,0,0,0.324721902,6.0000398189999995,0
ADD_RUN_00478__v2,A2_20s,ADD_RUN_00478,BY2,ADDENDUM,D62_20s_seed_07,A2,seed_07,A03,AB0111,v2,error_series,semisynthetic,yaw_3sigma_deg,56642,56642,0,0,0,0,0.544907043,6.0000398189999995,0
ADD_RUN_00479__v3,A2_20s,ADD_RUN_00479,BY2,ADDENDUM,D62_20s_seed_07,A2,seed_07,A04,AB1011,v3,error_series,semisynthetic,time,56642,56642,0,0,0,0,66.005054,339.997056,0
ADD_RUN_00479__v3,A2_20s,ADD_RUN_00479,BY2,ADDENDUM,D62_20s_seed_07,A2,seed_07,A04,AB1011,v3,error_series,semisynthetic,err_n_m,56642,56642,0,0,0,0,-0.42495842675701795,1.3923875815821845,32852
ADD_RUN_00479__v3,A2_20s,ADD_RUN_00479,BY2,ADDENDUM,D62_20s_seed_07,A2,seed_07,A04,AB1011,v3,error_series,semisynthetic,err_e_m,56642,56642,0,0,0,0,-0.18567049096064805,0.8183857614884005,26864
ADD_RUN_00479__v3,A2_20s,ADD_RUN_00479,BY2,ADDENDUM,D62_20s_seed_07,A2,seed_07,A04,AB1011,v3,error_series,semisynthetic,err_u_m,56642,56642,0,0,0,0,-1.0933623725207617,1.6297078011133976,38963
ADD_RUN_00479__v3,A2_20s,ADD_RUN_00479,BY2,ADDENDUM,D62_20s_seed_07,A2,seed_07,A04,AB1011,v3,error_series,semisynthetic,horizontal_err_m,56642,56642,0,0,0,0,0.0006134015765558748,1.498657196836753,0
ADD_RUN_00479__v3,A2_20s,ADD_RUN_00479,BY2,ADDENDUM,D62_20s_seed_07,A2,seed_07,A04,AB1011,v3,error_series,semisynthetic,position_3d_err_m,56642,56642,0,0,0,0,0.0018880529824719095,2.2107223336675634,0
ADD_RUN_00479__v3,A2_20s,ADD_RUN_00479,BY2,ADDENDUM,D62_20s_seed_07,A2,seed_07,A04,AB1011,v3,error_series,semisynthetic,roll_err_deg,56642,56642,0,0,0,0,-3.9438510975632823,6.5617208431394545,19961
ADD_RUN_00479__v3,A2_20s,ADD_RUN_00479,BY2,ADDENDUM,D62_20s_seed_07,A2,seed_07,A04,AB1011,v3,error_series,semisynthetic,pitch_err_deg,56642,56642,0,0,0,0,-8.226197976754463,8.498578684542622,37051
ADD_RUN_00479__v3,A2_20s,ADD_RUN_00479,BY2,ADDENDUM,D62_20s_seed_07,A2,seed_07,A04,AB1011,v3,error_series,semisynthetic,yaw_err_deg,56642,56642,0,0,0,0,-8.7589950782384,3.836140814265292,42168
ADD_RUN_00479__v3,A2_20s,ADD_RUN_00479,BY2,ADDENDUM,D62_20s_seed_07,A2,seed_07,A04,AB1011,v3,error_series,semisynthetic,horizontal_3sigma_m,56642,56642,0,0,0,0,0.04478470958810529,42.43457969268709,0
ADD_RUN_00479__v3,A2_20s,ADD_RUN_00479,BY2,ADDENDUM,D62_20s_seed_07,A2,seed_07,A04,AB1011,v3,error_series,semisynthetic,roll_3sigma_deg,56642,56642,0,0,0,0,0.302972832,6.0000398189999995,0
ADD_RUN_00479__v3,A2_20s,ADD_RUN_00479,BY2,ADDENDUM,D62_20s_seed_07,A2,seed_07,A04,AB1011,v3,error_series,semisynthetic,pitch_3sigma_deg,56642,56642,0,0,0,0,0.304141608,6.0000398189999995,0
ADD_RUN_00479__v3,A2_20s,ADD_RUN_00479,BY2,ADDENDUM,D62_20s_seed_07,A2,seed_07,A04,AB1011,v3,error_series,semisynthetic,yaw_3sigma_deg,56642,56642,0,0,0,0,0.544703394,6.0000398189999995,0
ADD_RUN_00479__v2,A2_20s,ADD_RUN_00479,BY2,ADDENDUM,D62_20s_seed_07,A2,seed_07,A04,AB1011,v2,error_series,semisynthetic,time,56642,56642,0,0,0,0,66.005054,339.997056,0
ADD_RUN_00479__v2,A2_20s,ADD_RUN_00479,BY2,ADDENDUM,D62_20s_seed_07,A2,seed_07,A04,AB1011,v2,error_series,semisynthetic,err_n_m,56642,56642,0,0,0,0,-0.4534930991605105,1.2641388356539167,23692
ADD_RUN_00479__v2,A2_20s,ADD_RUN_00479,BY2,ADDENDUM,D62_20s_seed_07,A2,seed_07,A04,AB1011,v2,error_series,semisynthetic,err_e_m,56642,56642,0,0,0,0,-0.21089642084939442,0.711070303938186,24086
ADD_RUN_00479__v2,A2_20s,ADD_RUN_00479,BY2,ADDENDUM,D62_20s_seed_07,A2,seed_07,A04,AB1011,v2,error_series,semisynthetic,err_u_m,56642,56642,0,0,0,0,-1.3917968707219863,1.3212565155243112,55260
ADD_RUN_00479__v2,A2_20s,ADD_RUN_00479,BY2,ADDENDUM,D62_20s_seed_07,A2,seed_07,A04,AB1011,v2,error_series,semisynthetic,horizontal_err_m,56642,56642,0,0,0,0,0.01364814108880074,1.3680923891486203,0
ADD_RUN_00479__v2,A2_20s,ADD_RUN_00479,BY2,ADDENDUM,D62_20s_seed_07,A2,seed_07,A04,AB1011,v2,error_series,semisynthetic,position_3d_err_m,56642,56642,0,0,0,0,0.16096363276125533,1.8978367765604618,0
ADD_RUN_00479__v2,A2_20s,ADD_RUN_00479,BY2,ADDENDUM,D62_20s_seed_07,A2,seed_07,A04,AB1011,v2,error_series,semisynthetic,roll_err_deg,56642,56642,0,0,0,0,-3.9438510975632823,6.5617208431394545,19961
ADD_RUN_00479__v2,A2_20s,ADD_RUN_00479,BY2,ADDENDUM,D62_20s_seed_07,A2,seed_07,A04,AB1011,v2,error_series,semisynthetic,pitch_err_deg,56642,56642,0,0,0,0,-8.226197976754463,8.498578684542622,37051
ADD_RUN_00479__v2,A2_20s,ADD_RUN_00479,BY2,ADDENDUM,D62_20s_seed_07,A2,seed_07,A04,AB1011,v2,error_series,semisynthetic,yaw_err_deg,56642,56642,0,0,0,0,-8.7589950782384,3.836140814265292,42168
ADD_RUN_00479__v2,A2_20s,ADD_RUN_00479,BY2,ADDENDUM,D62_20s_seed_07,A2,seed_07,A04,AB1011,v2,error_series,semisynthetic,horizontal_3sigma_m,56642,56642,0,0,0,0,0.04478470958810529,42.43457969268709,0
ADD_RUN_00479__v2,A2_20s,ADD_RUN_00479,BY2,ADDENDUM,D62_20s_seed_07,A2,seed_07,A04,AB1011,v2,error_series,semisynthetic,roll_3sigma_deg,56642,56642,0,0,0,0,0.302972832,6.0000398189999995,0
ADD_RUN_00479__v2,A2_20s,ADD_RUN_00479,BY2,ADDENDUM,D62_20s_seed_07,A2,seed_07,A04,AB1011,v2,error_series,semisynthetic,pitch_3sigma_deg,56642,56642,0,0,0,0,0.304141608,6.0000398189999995,0
ADD_RUN_00479__v2,A2_20s,ADD_RUN_00479,BY2,ADDENDUM,D62_20s_seed_07,A2,seed_07,A04,AB1011,v2,error_series,semisynthetic,yaw_3sigma_deg,56642,56642,0,0,0,0,0.544703394,6.0000398189999995,0
ADD_RUN_00480__v3,A2_20s,ADD_RUN_00480,BY2,ADDENDUM,D62_20s_seed_07,A2,seed_07,A05,AB1101,v3,error_series,semisynthetic,time,56642,56642,0,0,0,0,66.005054,339.997056,0
ADD_RUN_00480__v3,A2_20s,ADD_RUN_00480,BY2,ADDENDUM,D62_20s_seed_07,A2,seed_07,A05,AB1101,v3,error_series,semisynthetic,err_n_m,56642,56642,0,0,0,0,-0.42495842675701795,1.3212620019348051,35195
ADD_RUN_00480__v3,A2_20s,ADD_RUN_00480,BY2,ADDENDUM,D62_20s_seed_07,A2,seed_07,A05,AB1101,v3,error_series,semisynthetic,err_e_m,56642,56642,0,0,0,0,-0.18567049096064805,0.8984629195999929,26089
ADD_RUN_00480__v3,A2_20s,ADD_RUN_00480,BY2,ADDENDUM,D62_20s_seed_07,A2,seed_07,A05,AB1101,v3,error_series,semisynthetic,err_u_m,56642,56642,0,0,0,0,-0.5977463188883085,3.587200350992209,36708
ADD_RUN_00480__v3,A2_20s,ADD_RUN_00480,BY2,ADDENDUM,D62_20s_seed_07,A2,seed_07,A05,AB1101,v3,error_series,semisynthetic,horizontal_err_m,56642,56642,0,0,0,0,0.00015089662100939172,1.4550559909388532,0
ADD_RUN_00480__v3,A2_20s,ADD_RUN_00480,BY2,ADDENDUM,D62_20s_seed_07,A2,seed_07,A05,AB1101,v3,error_series,semisynthetic,position_3d_err_m,56642,56642,0,0,0,0,0.0018248908051414856,3.8633081841843198,0
ADD_RUN_00480__v3,A2_20s,ADD_RUN_00480,BY2,ADDENDUM,D62_20s_seed_07,A2,seed_07,A05,AB1101,v3,error_series,semisynthetic,roll_err_deg,56642,56642,0,0,0,0,-4.380143668563278,9.281982433296577,16191
ADD_RUN_00480__v3,A2_20s,ADD_RUN_00480,BY2,ADDENDUM,D62_20s_seed_07,A2,seed_07,A05,AB1101,v3,error_series,semisynthetic,pitch_err_deg,56642,56642,0,0,0,0,-10.001847299754473,8.448945113542635,37572
ADD_RUN_00480__v3,A2_20s,ADD_RUN_00480,BY2,ADDENDUM,D62_20s_seed_07,A2,seed_07,A05,AB1101,v3,error_series,semisynthetic,yaw_err_deg,56642,56642,0,0,0,0,-8.825251939238399,3.8119189242653135,42233
ADD_RUN_00480__v3,A2_20s,ADD_RUN_00480,BY2,ADDENDUM,D62_20s_seed_07,A2,seed_07,A05,AB1101,v3,error_series,semisynthetic,horizontal_3sigma_m,56642,56642,0,0,0,0,0.045696550842165624,42.43457969268709,0
ADD_RUN_00480__v3,A2_20s,ADD_RUN_00480,BY2,ADDENDUM,D62_20s_seed_07,A2,seed_07,A05,AB1101,v3,error_series,semisynthetic,roll_3sigma_deg,56642,56642,0,0,0,0,0.39938469,6.0000398189999995,0
ADD_RUN_00480__v3,A2_20s,ADD_RUN_00480,BY2,ADDENDUM,D62_20s_seed_07,A2,seed_07,A05,AB1101,v3,error_series,semisynthetic,pitch_3sigma_deg,56642,56642,0,0,0,0,0.40752758699999997,6.0000398189999995,0
ADD_RUN_00480__v3,A2_20s,ADD_RUN_00480,BY2,ADDENDUM,D62_20s_seed_07,A2,seed_07,A05,AB1101,v3,error_series,semisynthetic,yaw_3sigma_deg,56642,56642,0,0,0,0,0.545051139,6.0000398189999995,0
ADD_RUN_00480__v2,A2_20s,ADD_RUN_00480,BY2,ADDENDUM,D62_20s_seed_07,A2,seed_07,A05,AB1101,v2,error_series,semisynthetic,time,56642,56642,0,0,0,0,66.005054,339.997056,0
ADD_RUN_00480__v2,A2_20s,ADD_RUN_00480,BY2,ADDENDUM,D62_20s_seed_07,A2,seed_07,A05,AB1101,v2,error_series,semisynthetic,err_n_m,56642,56642,0,0,0,0,-0.4534930991605105,1.2038307491487714,24354
ADD_RUN_00480__v2,A2_20s,ADD_RUN_00480,BY2,ADDENDUM,D62_20s_seed_07,A2,seed_07,A05,AB1101,v2,error_series,semisynthetic,err_e_m,56642,56642,0,0,0,0,-0.21542331550037375,0.7857954044443858,24687
ADD_RUN_00480__v2,A2_20s,ADD_RUN_00480,BY2,ADDENDUM,D62_20s_seed_07,A2,seed_07,A05,AB1101,v2,error_series,semisynthetic,err_u_m,56642,56642,0,0,0,0,-0.8846390166745337,3.2752477418830352,54511
ADD_RUN_00480__v2,A2_20s,ADD_RUN_00480,BY2,ADDENDUM,D62_20s_seed_07,A2,seed_07,A05,AB1101,v2,error_series,semisynthetic,horizontal_err_m,56642,56642,0,0,0,0,0.00827232415898338,1.3350946989114538,0
ADD_RUN_00480__v2,A2_20s,ADD_RUN_00480,BY2,ADDENDUM,D62_20s_seed_07,A2,seed_07,A05,AB1101,v2,error_series,semisynthetic,position_3d_err_m,56642,56642,0,0,0,0,0.15659344448916485,3.5279640361204927,0
ADD_RUN_00480__v2,A2_20s,ADD_RUN_00480,BY2,ADDENDUM,D62_20s_seed_07,A2,seed_07,A05,AB1101,v2,error_series,semisynthetic,roll_err_deg,56642,56642,0,0,0,0,-4.380143668563278,9.281982433296577,16191
ADD_RUN_00480__v2,A2_20s,ADD_RUN_00480,BY2,ADDENDUM,D62_20s_seed_07,A2,seed_07,A05,AB1101,v2,error_series,semisynthetic,pitch_err_deg,56642,56642,0,0,0,0,-10.001847299754473,8.448945113542635,37572
ADD_RUN_00480__v2,A2_20s,ADD_RUN_00480,BY2,ADDENDUM,D62_20s_seed_07,A2,seed_07,A05,AB1101,v2,error_series,semisynthetic,yaw_err_deg,56642,56642,0,0,0,0,-8.825251939238399,3.8119189242653135,42233
ADD_RUN_00480__v2,A2_20s,ADD_RUN_00480,BY2,ADDENDUM,D62_20s_seed_07,A2,seed_07,A05,AB1101,v2,error_series,semisynthetic,horizontal_3sigma_m,56642,56642,0,0,0,0,0.045696550842165624,42.43457969268709,0
ADD_RUN_00480__v2,A2_20s,ADD_RUN_00480,BY2,ADDENDUM,D62_20s_seed_07,A2,seed_07,A05,AB1101,v2,error_series,semisynthetic,roll_3sigma_deg,56642,56642,0,0,0,0,0.39938469,6.0000398189999995,0
ADD_RUN_00480__v2,A2_20s,ADD_RUN_00480,BY2,ADDENDUM,D62_20s_seed_07,A2,seed_07,A05,AB1101,v2,error_series,semisynthetic,pitch_3sigma_deg,56642,56642,0,0,0,0,0.40752758699999997,6.0000398189999995,0
ADD_RUN_00480__v2,A2_20s,ADD_RUN_00480,BY2,ADDENDUM,D62_20s_seed_07,A2,seed_07,A05,AB1101,v2,error_series,semisynthetic,yaw_3sigma_deg,56642,56642,0,0,0,0,0.545051139,6.0000398189999995,0
ADD_RUN_00481__v3,A2_20s,ADD_RUN_00481,BY2,ADDENDUM,D62_20s_seed_07,A2,seed_07,A06,AB1110,v3,error_series,semisynthetic,time,56642,56642,0,0,0,0,66.005054,339.997056,0
ADD_RUN_00481__v3,A2_20s,ADD_RUN_00481,BY2,ADDENDUM,D62_20s_seed_07,A2,seed_07,A06,AB1110,v3,error_series,semisynthetic,err_n_m,56642,56642,0,0,0,0,-52.10201348888525,0.18509456105152822,36859
ADD_RUN_00481__v3,A2_20s,ADD_RUN_00481,BY2,ADDENDUM,D62_20s_seed_07,A2,seed_07,A06,AB1110,v3,error_series,semisynthetic,err_e_m,56642,56642,0,0,0,0,-0.18567049096064805,48.48110771232159,26376
ADD_RUN_00481__v3,A2_20s,ADD_RUN_00481,BY2,ADDENDUM,D62_20s_seed_07,A2,seed_07,A06,AB1110,v3,error_series,semisynthetic,err_u_m,56642,56642,0,0,0,0,-0.7165070004052723,1.6684699286962186,38465
ADD_RUN_00481__v3,A2_20s,ADD_RUN_00481,BY2,ADDENDUM,D62_20s_seed_07,A2,seed_07,A06,AB1110,v3,error_series,semisynthetic,horizontal_err_m,56642,56642,0,0,0,0,0.0004254643792734839,71.16907765743285,0
ADD_RUN_00481__v3,A2_20s,ADD_RUN_00481,BY2,ADDENDUM,D62_20s_seed_07,A2,seed_07,A06,AB1110,v3,error_series,semisynthetic,position_3d_err_m,56642,56642,0,0,0,0,0.0018777812181672274,71.18863256526755,0
ADD_RUN_00481__v3,A2_20s,ADD_RUN_00481,BY2,ADDENDUM,D62_20s_seed_07,A2,seed_07,A06,AB1110,v3,error_series,semisynthetic,roll_err_deg,56642,56642,0,0,0,0,-4.088772287563273,6.87196367429658,19311
ADD_RUN_00481__v3,A2_20s,ADD_RUN_00481,BY2,ADDENDUM,D62_20s_seed_07,A2,seed_07,A06,AB1110,v3,error_series,semisynthetic,pitch_err_deg,56642,56642,0,0,0,0,-8.634689509754452,8.516099713542644,37195
ADD_RUN_00481__v3,A2_20s,ADD_RUN_00481,BY2,ADDENDUM,D62_20s_seed_07,A2,seed_07,A06,AB1110,v3,error_series,semisynthetic,yaw_err_deg,56642,56642,0,0,0,0,-8.749939006238407,3.837364868265297,42120
ADD_RUN_00481__v3,A2_20s,ADD_RUN_00481,BY2,ADDENDUM,D62_20s_seed_07,A2,seed_07,A06,AB1110,v3,error_series,semisynthetic,horizontal_3sigma_m,56642,56642,0,0,0,0,0.046505850993994124,42.43457969268709,0
ADD_RUN_00481__v3,A2_20s,ADD_RUN_00481,BY2,ADDENDUM,D62_20s_seed_07,A2,seed_07,A06,AB1110,v3,error_series,semisynthetic,roll_3sigma_deg,56642,56642,0,0,0,0,0.32282875499999997,6.0000398189999995,0
ADD_RUN_00481__v3,A2_20s,ADD_RUN_00481,BY2,ADDENDUM,D62_20s_seed_07,A2,seed_07,A06,AB1110,v3,error_series,semisynthetic,pitch_3sigma_deg,56642,56642,0,0,0,0,0.324740514,6.0000398189999995,0
ADD_RUN_00481__v3,A2_20s,ADD_RUN_00481,BY2,ADDENDUM,D62_20s_seed_07,A2,seed_07,A06,AB1110,v3,error_series,semisynthetic,yaw_3sigma_deg,56642,56642,0,0,0,0,0.544891107,6.0000398189999995,0
ADD_RUN_00481__v2,A2_20s,ADD_RUN_00481,BY2,ADDENDUM,D62_20s_seed_07,A2,seed_07,A06,AB1110,v2,error_series,semisynthetic,time,56642,56642,0,0,0,0,66.005054,339.997056,0
ADD_RUN_00481__v2,A2_20s,ADD_RUN_00481,BY2,ADDENDUM,D62_20s_seed_07,A2,seed_07,A06,AB1110,v2,error_series,semisynthetic,err_n_m,56642,56642,0,0,0,0,-52.22804483720479,0.22246372261314384,28073
ADD_RUN_00481__v2,A2_20s,ADD_RUN_00481,BY2,ADDENDUM,D62_20s_seed_07,A2,seed_07,A06,AB1110,v2,error_series,semisynthetic,err_e_m,56642,56642,0,0,0,0,-0.22164298945870087,48.44804509089708,23973
ADD_RUN_00481__v2,A2_20s,ADD_RUN_00481,BY2,ADDENDUM,D62_20s_seed_07,A2,seed_07,A06,AB1110,v2,error_series,semisynthetic,err_u_m,56642,56642,0,0,0,0,-1.010663848888285,1.3588648397266212,54916
ADD_RUN_00481__v2,A2_20s,ADD_RUN_00481,BY2,ADDENDUM,D62_20s_seed_07,A2,seed_07,A06,AB1110,v2,error_series,semisynthetic,horizontal_err_m,56642,56642,0,0,0,0,0.011136797391647128,71.2389060882231,0
ADD_RUN_00481__v2,A2_20s,ADD_RUN_00481,BY2,ADDENDUM,D62_20s_seed_07,A2,seed_07,A06,AB1110,v2,error_series,semisynthetic,position_3d_err_m,56642,56642,0,0,0,0,0.15686489769199538,71.25186491804489,0
ADD_RUN_00481__v2,A2_20s,ADD_RUN_00481,BY2,ADDENDUM,D62_20s_seed_07,A2,seed_07,A06,AB1110,v2,error_series,semisynthetic,roll_err_deg,56642,56642,0,0,0,0,-4.088772287563273,6.87196367429658,19311
ADD_RUN_00481__v2,A2_20s,ADD_RUN_00481,BY2,ADDENDUM,D62_20s_seed_07,A2,seed_07,A06,AB1110,v2,error_series,semisynthetic,pitch_err_deg,56642,56642,0,0,0,0,-8.634689509754452,8.516099713542644,37195
ADD_RUN_00481__v2,A2_20s,ADD_RUN_00481,BY2,ADDENDUM,D62_20s_seed_07,A2,seed_07,A06,AB1110,v2,error_series,semisynthetic,yaw_err_deg,56642,56642,0,0,0,0,-8.749939006238407,3.837364868265297,42120
ADD_RUN_00481__v2,A2_20s,ADD_RUN_00481,BY2,ADDENDUM,D62_20s_seed_07,A2,seed_07,A06,AB1110,v2,error_series,semisynthetic,horizontal_3sigma_m,56642,56642,0,0,0,0,0.046505850993994124,42.43457969268709,0
ADD_RUN_00481__v2,A2_20s,ADD_RUN_00481,BY2,ADDENDUM,D62_20s_seed_07,A2,seed_07,A06,AB1110,v2,error_series,semisynthetic,roll_3sigma_deg,56642,56642,0,0,0,0,0.32282875499999997,6.0000398189999995,0
ADD_RUN_00481__v2,A2_20s,ADD_RUN_00481,BY2,ADDENDUM,D62_20s_seed_07,A2,seed_07,A06,AB1110,v2,error_series,semisynthetic,pitch_3sigma_deg,56642,56642,0,0,0,0,0.324740514,6.0000398189999995,0
ADD_RUN_00481__v2,A2_20s,ADD_RUN_00481,BY2,ADDENDUM,D62_20s_seed_07,A2,seed_07,A06,AB1110,v2,error_series,semisynthetic,yaw_3sigma_deg,56642,56642,0,0,0,0,0.544891107,6.0000398189999995,0
ADD_RUN_00482__v3,A2_20s,ADD_RUN_00482,BY2,ADDENDUM,D62_20s_seed_07,A2,seed_07,A07,AB1100,v3,error_series,semisynthetic,time,56642,56642,0,0,0,0,66.005054,339.997056,0
ADD_RUN_00482__v3,A2_20s,ADD_RUN_00482,BY2,ADDENDUM,D62_20s_seed_07,A2,seed_07,A07,AB1100,v3,error_series,semisynthetic,err_n_m,56642,56642,0,0,0,0,-89.5778016245181,0.18084801757566638,38340
ADD_RUN_00482__v3,A2_20s,ADD_RUN_00482,BY2,ADDENDUM,D62_20s_seed_07,A2,seed_07,A07,AB1100,v3,error_series,semisynthetic,err_e_m,56642,56642,0,0,0,0,-0.18567049096064805,100.4198834915156,25790
ADD_RUN_00482__v3,A2_20s,ADD_RUN_00482,BY2,ADDENDUM,D62_20s_seed_07,A2,seed_07,A07,AB1100,v3,error_series,semisynthetic,err_u_m,56642,56642,0,0,0,0,-1.4557164726660332,0.3415064349426196,39047
ADD_RUN_00482__v3,A2_20s,ADD_RUN_00482,BY2,ADDENDUM,D62_20s_seed_07,A2,seed_07,A07,AB1100,v3,error_series,semisynthetic,horizontal_err_m,56642,56642,0,0,0,0,8.387911682309977e-05,134.56721571144692,0
ADD_RUN_00482__v3,A2_20s,ADD_RUN_00482,BY2,ADDENDUM,D62_20s_seed_07,A2,seed_07,A07,AB1100,v3,error_series,semisynthetic,position_3d_err_m,56642,56642,0,0,0,0,0.0007854606968295091,134.57508928022258,0
ADD_RUN_00482__v3,A2_20s,ADD_RUN_00482,BY2,ADDENDUM,D62_20s_seed_07,A2,seed_07,A07,AB1100,v3,error_series,semisynthetic,roll_err_deg,56642,56642,0,0,0,0,-4.396649792563267,9.294538357296574,16233
ADD_RUN_00482__v3,A2_20s,ADD_RUN_00482,BY2,ADDENDUM,D62_20s_seed_07,A2,seed_07,A07,AB1100,v3,error_series,semisynthetic,pitch_err_deg,56642,56642,0,0,0,0,-10.118687894754459,8.46400124454263,37513
ADD_RUN_00482__v3,A2_20s,ADD_RUN_00482,BY2,ADDENDUM,D62_20s_seed_07,A2,seed_07,A07,AB1100,v3,error_series,semisynthetic,yaw_err_deg,56642,56642,0,0,0,0,-8.8168261232384,3.8108172472653052,42214
ADD_RUN_00482__v3,A2_20s,ADD_RUN_00482,BY2,ADDENDUM,D62_20s_seed_07,A2,seed_07,A07,AB1100,v3,error_series,semisynthetic,horizontal_3sigma_m,56642,56642,0,0,0,0,0.04654535031407929,42.90245489656195,0
ADD_RUN_00482__v3,A2_20s,ADD_RUN_00482,BY2,ADDENDUM,D62_20s_seed_07,A2,seed_07,A07,AB1100,v3,error_series,semisynthetic,roll_3sigma_deg,56642,56642,0,0,0,0,0.399458472,6.0000398189999995,0
ADD_RUN_00482__v3,A2_20s,ADD_RUN_00482,BY2,ADDENDUM,D62_20s_seed_07,A2,seed_07,A07,AB1100,v3,error_series,semisynthetic,pitch_3sigma_deg,56642,56642,0,0,0,0,0.407586231,6.0000398189999995,0
ADD_RUN_00482__v3,A2_20s,ADD_RUN_00482,BY2,ADDENDUM,D62_20s_seed_07,A2,seed_07,A07,AB1100,v3,error_series,semisynthetic,yaw_3sigma_deg,56642,56642,0,0,0,0,0.54509892,6.0000398189999995,0
ADD_RUN_00482__v2,A2_20s,ADD_RUN_00482,BY2,ADDENDUM,D62_20s_seed_07,A2,seed_07,A07,AB1100,v2,error_series,semisynthetic,time,56642,56642,0,0,0,0,66.005054,339.997056,0
ADD_RUN_00482__v2,A2_20s,ADD_RUN_00482,BY2,ADDENDUM,D62_20s_seed_07,A2,seed_07,A07,AB1100,v2,error_series,semisynthetic,err_n_m,56642,56642,0,0,0,0,-89.69174130676102,0.22235268794209873,27643
ADD_RUN_00482__v2,A2_20s,ADD_RUN_00482,BY2,ADDENDUM,D62_20s_seed_07,A2,seed_07,A07,AB1100,v2,error_series,semisynthetic,err_e_m,56642,56642,0,0,0,0,-0.22121590848136918,100.37727602696633,24633
ADD_RUN_00482__v2,A2_20s,ADD_RUN_00482,BY2,ADDENDUM,D62_20s_seed_07,A2,seed_07,A07,AB1100,v2,error_series,semisynthetic,err_u_m,56642,56642,0,0,0,0,-1.7688214105712703,0.04139467741025951,56600
ADD_RUN_00482__v2,A2_20s,ADD_RUN_00482,BY2,ADDENDUM,D62_20s_seed_07,A2,seed_07,A07,AB1100,v2,error_series,semisynthetic,horizontal_err_m,56642,56642,0,0,0,0,0.008785069621468784,134.61131453645615,0
ADD_RUN_00482__v2,A2_20s,ADD_RUN_00482,BY2,ADDENDUM,D62_20s_seed_07,A2,seed_07,A07,AB1100,v2,error_series,semisynthetic,position_3d_err_m,56642,56642,0,0,0,0,0.1548808074614009,134.62293538032523,0
ADD_RUN_00482__v2,A2_20s,ADD_RUN_00482,BY2,ADDENDUM,D62_20s_seed_07,A2,seed_07,A07,AB1100,v2,error_series,semisynthetic,roll_err_deg,56642,56642,0,0,0,0,-4.396649792563267,9.294538357296574,16233
ADD_RUN_00482__v2,A2_20s,ADD_RUN_00482,BY2,ADDENDUM,D62_20s_seed_07,A2,seed_07,A07,AB1100,v2,error_series,semisynthetic,pitch_err_deg,56642,56642,0,0,0,0,-10.118687894754459,8.46400124454263,37513
ADD_RUN_00482__v2,A2_20s,ADD_RUN_00482,BY2,ADDENDUM,D62_20s_seed_07,A2,seed_07,A07,AB1100,v2,error_series,semisynthetic,yaw_err_deg,56642,56642,0,0,0,0,-8.8168261232384,3.8108172472653052,42214
ADD_RUN_00482__v2,A2_20s,ADD_RUN_00482,BY2,ADDENDUM,D62_20s_seed_07,A2,seed_07,A07,AB1100,v2,error_series,semisynthetic,horizontal_3sigma_m,56642,56642,0,0,0,0,0.04654535031407929,42.90245489656195,0
ADD_RUN_00482__v2,A2_20s,ADD_RUN_00482,BY2,ADDENDUM,D62_20s_seed_07,A2,seed_07,A07,AB1100,v2,error_series,semisynthetic,roll_3sigma_deg,56642,56642,0,0,0,0,0.399458472,6.0000398189999995,0
ADD_RUN_00482__v2,A2_20s,ADD_RUN_00482,BY2,ADDENDUM,D62_20s_seed_07,A2,seed_07,A07,AB1100,v2,error_series,semisynthetic,pitch_3sigma_deg,56642,56642,0,0,0,0,0.407586231,6.0000398189999995,0
ADD_RUN_00482__v2,A2_20s,ADD_RUN_00482,BY2,ADDENDUM,D62_20s_seed_07,A2,seed_07,A07,AB1100,v2,error_series,semisynthetic,yaw_3sigma_deg,56642,56642,0,0,0,0,0.54509892,6.0000398189999995,0
ADD_RUN_00483__v3,A2_20s,ADD_RUN_00483,BY2,ADDENDUM,D62_20s_seed_07,A2,seed_07,A08,AB1000,v3,error_series,semisynthetic,time,56642,56642,0,0,0,0,66.005054,339.997056,0
ADD_RUN_00483__v3,A2_20s,ADD_RUN_00483,BY2,ADDENDUM,D62_20s_seed_07,A2,seed_07,A08,AB1000,v3,error_series,semisynthetic,err_n_m,56642,56642,0,0,0,0,-88.89243754862947,0.18085592545772755,38136
ADD_RUN_00483__v3,A2_20s,ADD_RUN_00483,BY2,ADDENDUM,D62_20s_seed_07,A2,seed_07,A08,AB1000,v3,error_series,semisynthetic,err_e_m,56642,56642,0,0,0,0,-0.18567049096064805,100.68714844612751,25976
ADD_RUN_00483__v3,A2_20s,ADD_RUN_00483,BY2,ADDENDUM,D62_20s_seed_07,A2,seed_07,A08,AB1000,v3,error_series,semisynthetic,err_u_m,56642,56642,0,0,0,0,-3.210907015229701,0.3415064349426196,38972
ADD_RUN_00483__v3,A2_20s,ADD_RUN_00483,BY2,ADDENDUM,D62_20s_seed_07,A2,seed_07,A08,AB1000,v3,error_series,semisynthetic,horizontal_err_m,56642,56642,0,0,0,0,0.00015876875156834553,134.31220091841809,0
ADD_RUN_00483__v3,A2_20s,ADD_RUN_00483,BY2,ADDENDUM,D62_20s_seed_07,A2,seed_07,A08,AB1000,v3,error_series,semisynthetic,position_3d_err_m,56642,56642,0,0,0,0,0.0008426975216484332,134.35057588045524,0
ADD_RUN_00483__v3,A2_20s,ADD_RUN_00483,BY2,ADDENDUM,D62_20s_seed_07,A2,seed_07,A08,AB1000,v3,error_series,semisynthetic,roll_err_deg,56642,56642,0,0,0,0,-4.39600614756327,9.290921433296575,16261
ADD_RUN_00483__v3,A2_20s,ADD_RUN_00483,BY2,ADDENDUM,D62_20s_seed_07,A2,seed_07,A08,AB1000,v3,error_series,semisynthetic,pitch_err_deg,56642,56642,0,0,0,0,-10.117093579754453,8.464383034542635,37509
ADD_RUN_00483__v3,A2_20s,ADD_RUN_00483,BY2,ADDENDUM,D62_20s_seed_07,A2,seed_07,A08,AB1000,v3,error_series,semisynthetic,yaw_err_deg,56642,56642,0,0,0,0,-8.819171405238421,3.810318644265294,42240
ADD_RUN_00483__v3,A2_20s,ADD_RUN_00483,BY2,ADDENDUM,D62_20s_seed_07,A2,seed_07,A08,AB1000,v3,error_series,semisynthetic,horizontal_3sigma_m,56642,56642,0,0,0,0,0.046355158176222516,42.87913717622418,0
ADD_RUN_00483__v3,A2_20s,ADD_RUN_00483,BY2,ADDENDUM,D62_20s_seed_07,A2,seed_07,A08,AB1000,v3,error_series,semisynthetic,roll_3sigma_deg,56642,56642,0,0,0,0,0.39944921099999997,6.0000398189999995,0
ADD_RUN_00483__v3,A2_20s,ADD_RUN_00483,BY2,ADDENDUM,D62_20s_seed_07,A2,seed_07,A08,AB1000,v3,error_series,semisynthetic,pitch_3sigma_deg,56642,56642,0,0,0,0,0.407573619,6.0000398189999995,0
ADD_RUN_00483__v3,A2_20s,ADD_RUN_00483,BY2,ADDENDUM,D62_20s_seed_07,A2,seed_07,A08,AB1000,v3,error_series,semisynthetic,yaw_3sigma_deg,56642,56642,0,0,0,0,0.544962639,6.0000398189999995,0
ADD_RUN_00483__v2,A2_20s,ADD_RUN_00483,BY2,ADDENDUM,D62_20s_seed_07,A2,seed_07,A08,AB1000,v2,error_series,semisynthetic,time,56642,56642,0,0,0,0,66.005054,339.997056,0
ADD_RUN_00483__v2,A2_20s,ADD_RUN_00483,BY2,ADDENDUM,D62_20s_seed_07,A2,seed_07,A08,AB1000,v2,error_series,semisynthetic,err_n_m,56642,56642,0,0,0,0,-89.0063924655641,0.22246372345168197,27467
ADD_RUN_00483__v2,A2_20s,ADD_RUN_00483,BY2,ADDENDUM,D62_20s_seed_07,A2,seed_07,A08,AB1000,v2,error_series,semisynthetic,err_e_m,56642,56642,0,0,0,0,-0.22121590808166047,100.64452245240284,24804
ADD_RUN_00483__v2,A2_20s,ADD_RUN_00483,BY2,ADDENDUM,D62_20s_seed_07,A2,seed_07,A08,AB1000,v2,error_series,semisynthetic,err_u_m,56642,56642,0,0,0,0,-3.5240038849102078,0.04139467741025951,56600
ADD_RUN_00483__v2,A2_20s,ADD_RUN_00483,BY2,ADDENDUM,D62_20s_seed_07,A2,seed_07,A08,AB1000,v2,error_series,semisynthetic,horizontal_err_m,56642,56642,0,0,0,0,0.008854553580301641,134.35571368351347,0
ADD_RUN_00483__v2,A2_20s,ADD_RUN_00483,BY2,ADDENDUM,D62_20s_seed_07,A2,seed_07,A08,AB1000,v2,error_series,semisynthetic,position_3d_err_m,56642,56642,0,0,0,0,0.15485182447524426,134.4019211275907,0
ADD_RUN_00483__v2,A2_20s,ADD_RUN_00483,BY2,ADDENDUM,D62_20s_seed_07,A2,seed_07,A08,AB1000,v2,error_series,semisynthetic,roll_err_deg,56642,56642,0,0,0,0,-4.39600614756327,9.290921433296575,16261
ADD_RUN_00483__v2,A2_20s,ADD_RUN_00483,BY2,ADDENDUM,D62_20s_seed_07,A2,seed_07,A08,AB1000,v2,error_series,semisynthetic,pitch_err_deg,56642,56642,0,0,0,0,-10.117093579754453,8.464383034542635,37509
ADD_RUN_00483__v2,A2_20s,ADD_RUN_00483,BY2,ADDENDUM,D62_20s_seed_07,A2,seed_07,A08,AB1000,v2,error_series,semisynthetic,yaw_err_deg,56642,56642,0,0,0,0,-8.819171405238421,3.810318644265294,42240
ADD_RUN_00483__v2,A2_20s,ADD_RUN_00483,BY2,ADDENDUM,D62_20s_seed_07,A2,seed_07,A08,AB1000,v2,error_series,semisynthetic,horizontal_3sigma_m,56642,56642,0,0,0,0,0.046355158176222516,42.87913717622418,0
ADD_RUN_00483__v2,A2_20s,ADD_RUN_00483,BY2,ADDENDUM,D62_20s_seed_07,A2,seed_07,A08,AB1000,v2,error_series,semisynthetic,roll_3sigma_deg,56642,56642,0,0,0,0,0.39944921099999997,6.0000398189999995,0
ADD_RUN_00483__v2,A2_20s,ADD_RUN_00483,BY2,ADDENDUM,D62_20s_seed_07,A2,seed_07,A08,AB1000,v2,error_series,semisynthetic,pitch_3sigma_deg,56642,56642,0,0,0,0,0.407573619,6.0000398189999995,0
ADD_RUN_00483__v2,A2_20s,ADD_RUN_00483,BY2,ADDENDUM,D62_20s_seed_07,A2,seed_07,A08,AB1000,v2,error_series,semisynthetic,yaw_3sigma_deg,56642,56642,0,0,0,0,0.544962639,6.0000398189999995,0
ADD_RUN_00484__v3,A2_20s,ADD_RUN_00484,BY2,ADDENDUM,D62_20s_seed_07,A2,seed_07,A09,AB0100,v3,error_series,semisynthetic,time,56642,56642,0,0,0,0,66.005054,339.997056,0
ADD_RUN_00484__v3,A2_20s,ADD_RUN_00484,BY2,ADDENDUM,D62_20s_seed_07,A2,seed_07,A09,AB0100,v3,error_series,semisynthetic,err_n_m,56642,56642,0,0,0,0,-89.68427189614242,0.1808278157680192,38673
ADD_RUN_00484__v3,A2_20s,ADD_RUN_00484,BY2,ADDENDUM,D62_20s_seed_07,A2,seed_07,A09,AB0100,v3,error_series,semisynthetic,err_e_m,56642,56642,0,0,0,0,-0.18567049096064805,100.06605636318034,26077
ADD_RUN_00484__v3,A2_20s,ADD_RUN_00484,BY2,ADDENDUM,D62_20s_seed_07,A2,seed_07,A09,AB0100,v3,error_series,semisynthetic,err_u_m,56642,56642,0,0,0,0,-1.328365025977952,0.3415064349426196,39162
ADD_RUN_00484__v3,A2_20s,ADD_RUN_00484,BY2,ADDENDUM,D62_20s_seed_07,A2,seed_07,A09,AB0100,v3,error_series,semisynthetic,horizontal_err_m,56642,56642,0,0,0,0,0.0003235079658039625,134.37441818151393,0
ADD_RUN_00484__v3,A2_20s,ADD_RUN_00484,BY2,ADDENDUM,D62_20s_seed_07,A2,seed_07,A09,AB0100,v3,error_series,semisynthetic,position_3d_err_m,56642,56642,0,0,0,0,0.0011959357580047768,134.38098383053543,0
ADD_RUN_00484__v3,A2_20s,ADD_RUN_00484,BY2,ADDENDUM,D62_20s_seed_07,A2,seed_07,A09,AB0100,v3,error_series,semisynthetic,roll_err_deg,56642,56642,0,0,0,0,-4.395951929563267,9.291630909296572,16223
ADD_RUN_00484__v3,A2_20s,ADD_RUN_00484,BY2,ADDENDUM,D62_20s_seed_07,A2,seed_07,A09,AB0100,v3,error_series,semisynthetic,pitch_err_deg,56642,56642,0,0,0,0,-10.114867905754465,8.452458329542651,37551
ADD_RUN_00484__v3,A2_20s,ADD_RUN_00484,BY2,ADDENDUM,D62_20s_seed_07,A2,seed_07,A09,AB0100,v3,error_series,semisynthetic,yaw_err_deg,56642,56642,0,0,0,0,-8.821653717238405,3.8087338502652983,42157
ADD_RUN_00484__v3,A2_20s,ADD_RUN_00484,BY2,ADDENDUM,D62_20s_seed_07,A2,seed_07,A09,AB0100,v3,error_series,semisynthetic,horizontal_3sigma_m,56642,56642,0,0,0,0,0.046943777603695974,42.90915934616562,0
ADD_RUN_00484__v3,A2_20s,ADD_RUN_00484,BY2,ADDENDUM,D62_20s_seed_07,A2,seed_07,A09,AB0100,v3,error_series,semisynthetic,roll_3sigma_deg,56642,56642,0,0,0,0,0.399507849,6.0000398189999995,0
ADD_RUN_00484__v3,A2_20s,ADD_RUN_00484,BY2,ADDENDUM,D62_20s_seed_07,A2,seed_07,A09,AB0100,v3,error_series,semisynthetic,pitch_3sigma_deg,56642,56642,0,0,0,0,0.407620914,6.0000398189999995,0
ADD_RUN_00484__v3,A2_20s,ADD_RUN_00484,BY2,ADDENDUM,D62_20s_seed_07,A2,seed_07,A09,AB0100,v3,error_series,semisynthetic,yaw_3sigma_deg,56642,56642,0,0,0,0,0.545164413,6.0000398189999995,0
ADD_RUN_00484__v2,A2_20s,ADD_RUN_00484,BY2,ADDENDUM,D62_20s_seed_07,A2,seed_07,A09,AB0100,v2,error_series,semisynthetic,time,56642,56642,0,0,0,0,66.005054,339.997056,0
ADD_RUN_00484__v2,A2_20s,ADD_RUN_00484,BY2,ADDENDUM,D62_20s_seed_07,A2,seed_07,A09,AB0100,v2,error_series,semisynthetic,err_n_m,56642,56642,0,0,0,0,-89.79822885276458,0.21944779768993605,27880
ADD_RUN_00484__v2,A2_20s,ADD_RUN_00484,BY2,ADDENDUM,D62_20s_seed_07,A2,seed_07,A09,AB0100,v2,error_series,semisynthetic,err_e_m,56642,56642,0,0,0,0,-0.22377829014556028,100.0234891207831,24397
ADD_RUN_00484__v2,A2_20s,ADD_RUN_00484,BY2,ADDENDUM,D62_20s_seed_07,A2,seed_07,A09,AB0100,v2,error_series,semisynthetic,err_u_m,56642,56642,0,0,0,0,-1.6414691480228996,0.04139467741025951,56600
ADD_RUN_00484__v2,A2_20s,ADD_RUN_00484,BY2,ADDENDUM,D62_20s_seed_07,A2,seed_07,A09,AB0100,v2,error_series,semisynthetic,horizontal_err_m,56642,56642,0,0,0,0,0.008854553731292666,134.4188241318488,0
ADD_RUN_00484__v2,A2_20s,ADD_RUN_00484,BY2,ADDENDUM,D62_20s_seed_07,A2,seed_07,A09,AB0100,v2,error_series,semisynthetic,position_3d_err_m,56642,56642,0,0,0,0,0.15598933241857169,134.4288462419908,0
ADD_RUN_00484__v2,A2_20s,ADD_RUN_00484,BY2,ADDENDUM,D62_20s_seed_07,A2,seed_07,A09,AB0100,v2,error_series,semisynthetic,roll_err_deg,56642,56642,0,0,0,0,-4.395951929563267,9.291630909296572,16223
ADD_RUN_00484__v2,A2_20s,ADD_RUN_00484,BY2,ADDENDUM,D62_20s_seed_07,A2,seed_07,A09,AB0100,v2,error_series,semisynthetic,pitch_err_deg,56642,56642,0,0,0,0,-10.114867905754465,8.452458329542651,37551
ADD_RUN_00484__v2,A2_20s,ADD_RUN_00484,BY2,ADDENDUM,D62_20s_seed_07,A2,seed_07,A09,AB0100,v2,error_series,semisynthetic,yaw_err_deg,56642,56642,0,0,0,0,-8.821653717238405,3.8087338502652983,42157
ADD_RUN_00484__v2,A2_20s,ADD_RUN_00484,BY2,ADDENDUM,D62_20s_seed_07,A2,seed_07,A09,AB0100,v2,error_series,semisynthetic,horizontal_3sigma_m,56642,56642,0,0,0,0,0.046943777603695974,42.90915934616562,0
ADD_RUN_00484__v2,A2_20s,ADD_RUN_00484,BY2,ADDENDUM,D62_20s_seed_07,A2,seed_07,A09,AB0100,v2,error_series,semisynthetic,roll_3sigma_deg,56642,56642,0,0,0,0,0.399507849,6.0000398189999995,0
ADD_RUN_00484__v2,A2_20s,ADD_RUN_00484,BY2,ADDENDUM,D62_20s_seed_07,A2,seed_07,A09,AB0100,v2,error_series,semisynthetic,pitch_3sigma_deg,56642,56642,0,0,0,0,0.407620914,6.0000398189999995,0
ADD_RUN_00484__v2,A2_20s,ADD_RUN_00484,BY2,ADDENDUM,D62_20s_seed_07,A2,seed_07,A09,AB0100,v2,error_series,semisynthetic,yaw_3sigma_deg,56642,56642,0,0,0,0,0.545164413,6.0000398189999995,0
ADD_RUN_00485__v3,A2_20s,ADD_RUN_00485,BY2,ADDENDUM,D62_20s_seed_08,A2,seed_08,F01,single_antenna_EKF,v3,error_series,semisynthetic,time,56642,56642,0,0,0,0,66.005054,339.997056,0
ADD_RUN_00485__v3,A2_20s,ADD_RUN_00485,BY2,ADDENDUM,D62_20s_seed_08,A2,seed_08,F01,single_antenna_EKF,v3,error_series,semisynthetic,err_n_m,56642,56642,0,0,0,0,-17.910320373064238,0.16333490587647503,38900
ADD_RUN_00485__v3,A2_20s,ADD_RUN_00485,BY2,ADDENDUM,D62_20s_seed_08,A2,seed_08,F01,single_antenna_EKF,v3,error_series,semisynthetic,err_e_m,56642,56642,0,0,0,0,-0.214785726426161,2.5245053501290595,24453
ADD_RUN_00485__v3,A2_20s,ADD_RUN_00485,BY2,ADDENDUM,D62_20s_seed_08,A2,seed_08,F01,single_antenna_EKF,v3,error_series,semisynthetic,err_u_m,56642,56642,0,0,0,0,-12.707974038111242,0.3415064349426196,39475
ADD_RUN_00485__v3,A2_20s,ADD_RUN_00485,BY2,ADDENDUM,D62_20s_seed_08,A2,seed_08,F01,single_antenna_EKF,v3,error_series,semisynthetic,horizontal_err_m,56642,56642,0,0,0,0,0.00011391470982764883,17.911608212946046,0
ADD_RUN_00485__v3,A2_20s,ADD_RUN_00485,BY2,ADDENDUM,D62_20s_seed_08,A2,seed_08,F01,single_antenna_EKF,v3,error_series,semisynthetic,position_3d_err_m,56642,56642,0,0,0,0,0.00078425699127759,21.961746581895202,0
ADD_RUN_00485__v3,A2_20s,ADD_RUN_00485,BY2,ADDENDUM,D62_20s_seed_08,A2,seed_08,F01,single_antenna_EKF,v3,error_series,semisynthetic,roll_err_deg,56642,56642,0,0,0,0,-4.456687683563274,9.286119643296587,16202
ADD_RUN_00485__v3,A2_20s,ADD_RUN_00485,BY2,ADDENDUM,D62_20s_seed_08,A2,seed_08,F01,single_antenna_EKF,v3,error_series,semisynthetic,pitch_err_deg,56642,56642,0,0,0,0,-9.986784759754471,8.452295398542645,37599
ADD_RUN_00485__v3,A2_20s,ADD_RUN_00485,BY2,ADDENDUM,D62_20s_seed_08,A2,seed_08,F01,single_antenna_EKF,v3,error_series,semisynthetic,yaw_err_deg,56642,56642,0,0,0,0,-18.14221261923842,1.0895758841452334,56301
ADD_RUN_00485__v3,A2_20s,ADD_RUN_00485,BY2,ADDENDUM,D62_20s_seed_08,A2,seed_08,F01,single_antenna_EKF,v3,error_series,semisynthetic,horizontal_3sigma_m,56642,56642,0,0,0,0,0.04700990880282893,43.26418207561915,0
ADD_RUN_00485__v3,A2_20s,ADD_RUN_00485,BY2,ADDENDUM,D62_20s_seed_08,A2,seed_08,F01,single_antenna_EKF,v3,error_series,semisynthetic,roll_3sigma_deg,56642,56642,0,0,0,0,0.407034432,6.0000398189999995,0
ADD_RUN_00485__v3,A2_20s,ADD_RUN_00485,BY2,ADDENDUM,D62_20s_seed_08,A2,seed_08,F01,single_antenna_EKF,v3,error_series,semisynthetic,pitch_3sigma_deg,56642,56642,0,0,0,0,0.410559972,6.0000398189999995,0
ADD_RUN_00485__v3,A2_20s,ADD_RUN_00485,BY2,ADDENDUM,D62_20s_seed_08,A2,seed_08,F01,single_antenna_EKF,v3,error_series,semisynthetic,yaw_3sigma_deg,56642,56642,0,0,0,0,2.6694354209999998,6.0000398189999995,0
ADD_RUN_00485__v2,A2_20s,ADD_RUN_00485,BY2,ADDENDUM,D62_20s_seed_08,A2,seed_08,F01,single_antenna_EKF,v2,error_series,semisynthetic,time,56642,56642,0,0,0,0,66.005054,339.997056,0
ADD_RUN_00485__v2,A2_20s,ADD_RUN_00485,BY2,ADDENDUM,D62_20s_seed_08,A2,seed_08,F01,single_antenna_EKF,v2,error_series,semisynthetic,err_n_m,56642,56642,0,0,0,0,-17.894004325173782,0.22078020549652067,28278
ADD_RUN_00485__v2,A2_20s,ADD_RUN_00485,BY2,ADDENDUM,D62_20s_seed_08,A2,seed_08,F01,single_antenna_EKF,v2,error_series,semisynthetic,err_e_m,56642,56642,0,0,0,0,-0.22634062683296463,2.542874690393706,26451
ADD_RUN_00485__v2,A2_20s,ADD_RUN_00485,BY2,ADDENDUM,D62_20s_seed_08,A2,seed_08,F01,single_antenna_EKF,v2,error_series,semisynthetic,err_u_m,56642,56642,0,0,0,0,-13.01851105044154,0.04139467741025951,56600
ADD_RUN_00485__v2,A2_20s,ADD_RUN_00485,BY2,ADDENDUM,D62_20s_seed_08,A2,seed_08,F01,single_antenna_EKF,v2,error_series,semisynthetic,horizontal_err_m,56642,56642,0,0,0,0,0.04742278334673813,17.894219581412454,0
ADD_RUN_00485__v2,A2_20s,ADD_RUN_00485,BY2,ADDENDUM,D62_20s_seed_08,A2,seed_08,F01,single_antenna_EKF,v2,error_series,semisynthetic,position_3d_err_m,56642,56642,0,0,0,0,0.1591999496715133,22.128821125362133,0
ADD_RUN_00485__v2,A2_20s,ADD_RUN_00485,BY2,ADDENDUM,D62_20s_seed_08,A2,seed_08,F01,single_antenna_EKF,v2,error_series,semisynthetic,roll_err_deg,56642,56642,0,0,0,0,-4.456687683563274,9.286119643296587,16202
ADD_RUN_00485__v2,A2_20s,ADD_RUN_00485,BY2,ADDENDUM,D62_20s_seed_08,A2,seed_08,F01,single_antenna_EKF,v2,error_series,semisynthetic,pitch_err_deg,56642,56642,0,0,0,0,-9.986784759754471,8.452295398542645,37599
ADD_RUN_00485__v2,A2_20s,ADD_RUN_00485,BY2,ADDENDUM,D62_20s_seed_08,A2,seed_08,F01,single_antenna_EKF,v2,error_series,semisynthetic,yaw_err_deg,56642,56642,0,0,0,0,-18.14221261923842,1.0895758841452334,56301
ADD_RUN_00485__v2,A2_20s,ADD_RUN_00485,BY2,ADDENDUM,D62_20s_seed_08,A2,seed_08,F01,single_antenna_EKF,v2,error_series,semisynthetic,horizontal_3sigma_m,56642,56642,0,0,0,0,0.04700990880282893,43.26418207561915,0
ADD_RUN_00485__v2,A2_20s,ADD_RUN_00485,BY2,ADDENDUM,D62_20s_seed_08,A2,seed_08,F01,single_antenna_EKF,v2,error_series,semisynthetic,roll_3sigma_deg,56642,56642,0,0,0,0,0.407034432,6.0000398189999995,0
ADD_RUN_00485__v2,A2_20s,ADD_RUN_00485,BY2,ADDENDUM,D62_20s_seed_08,A2,seed_08,F01,single_antenna_EKF,v2,error_series,semisynthetic,pitch_3sigma_deg,56642,56642,0,0,0,0,0.410559972,6.0000398189999995,0
ADD_RUN_00485__v2,A2_20s,ADD_RUN_00485,BY2,ADDENDUM,D62_20s_seed_08,A2,seed_08,F01,single_antenna_EKF,v2,error_series,semisynthetic,yaw_3sigma_deg,56642,56642,0,0,0,0,2.6694354209999998,6.0000398189999995,0
ADD_RUN_00486__v3,A2_20s,ADD_RUN_00486,BY2,ADDENDUM,D62_20s_seed_08,A2,seed_08,F02,basic_dual_yaw_EKF,v3,error_series,semisynthetic,time,56642,56642,0,0,0,0,66.005054,339.997056,0
ADD_RUN_00486__v3,A2_20s,ADD_RUN_00486,BY2,ADDENDUM,D62_20s_seed_08,A2,seed_08,F02,basic_dual_yaw_EKF,v3,error_series,semisynthetic,err_n_m,56642,56642,0,0,0,0,-18.013003410015685,0.1735606584068421,42741
ADD_RUN_00486__v3,A2_20s,ADD_RUN_00486,BY2,ADDENDUM,D62_20s_seed_08,A2,seed_08,F02,basic_dual_yaw_EKF,v3,error_series,semisynthetic,err_e_m,56642,56642,0,0,0,0,-1.30912611942475,2.8984631135484964,25721
ADD_RUN_00486__v3,A2_20s,ADD_RUN_00486,BY2,ADDENDUM,D62_20s_seed_08,A2,seed_08,F02,basic_dual_yaw_EKF,v3,error_series,semisynthetic,err_u_m,56642,56642,0,0,0,0,-12.29790381653973,0.3415064349426196,39508
ADD_RUN_00486__v3,A2_20s,ADD_RUN_00486,BY2,ADDENDUM,D62_20s_seed_08,A2,seed_08,F02,basic_dual_yaw_EKF,v3,error_series,semisynthetic,horizontal_err_m,56642,56642,0,0,0,0,0.0003882620857329156,18.060512258676297,0
ADD_RUN_00486__v3,A2_20s,ADD_RUN_00486,BY2,ADDENDUM,D62_20s_seed_08,A2,seed_08,F02,basic_dual_yaw_EKF,v3,error_series,semisynthetic,position_3d_err_m,56642,56642,0,0,0,0,0.0025943769162666192,21.849955179053783,0
ADD_RUN_00486__v3,A2_20s,ADD_RUN_00486,BY2,ADDENDUM,D62_20s_seed_08,A2,seed_08,F02,basic_dual_yaw_EKF,v3,error_series,semisynthetic,roll_err_deg,56642,56642,0,0,0,0,-4.332691531563285,9.318982545296592,16220
ADD_RUN_00486__v3,A2_20s,ADD_RUN_00486,BY2,ADDENDUM,D62_20s_seed_08,A2,seed_08,F02,basic_dual_yaw_EKF,v3,error_series,semisynthetic,pitch_err_deg,56642,56642,0,0,0,0,-9.987104978754473,8.416588180542647,37482
ADD_RUN_00486__v3,A2_20s,ADD_RUN_00486,BY2,ADDENDUM,D62_20s_seed_08,A2,seed_08,F02,basic_dual_yaw_EKF,v3,error_series,semisynthetic,yaw_err_deg,56642,56642,0,0,0,0,-10.135850707238404,3.84525309626531,43820
ADD_RUN_00486__v3,A2_20s,ADD_RUN_00486,BY2,ADDENDUM,D62_20s_seed_08,A2,seed_08,F02,basic_dual_yaw_EKF,v3,error_series,semisynthetic,horizontal_3sigma_m,56642,56642,0,0,0,0,0.05178557145809494,43.282746932034605,0
ADD_RUN_00486__v3,A2_20s,ADD_RUN_00486,BY2,ADDENDUM,D62_20s_seed_08,A2,seed_08,F02,basic_dual_yaw_EKF,v3,error_series,semisynthetic,roll_3sigma_deg,56642,56642,0,0,0,0,0.400134102,6.000072272999999,0
ADD_RUN_00486__v3,A2_20s,ADD_RUN_00486,BY2,ADDENDUM,D62_20s_seed_08,A2,seed_08,F02,basic_dual_yaw_EKF,v3,error_series,semisynthetic,pitch_3sigma_deg,56642,56642,0,0,0,0,0.40819107299999996,6.000072231,0
ADD_RUN_00486__v3,A2_20s,ADD_RUN_00486,BY2,ADDENDUM,D62_20s_seed_08,A2,seed_08,F02,basic_dual_yaw_EKF,v3,error_series,semisynthetic,yaw_3sigma_deg,56642,56642,0,0,0,0,0.528500637,6.0000398189999995,0
ADD_RUN_00486__v2,A2_20s,ADD_RUN_00486,BY2,ADDENDUM,D62_20s_seed_08,A2,seed_08,F02,basic_dual_yaw_EKF,v2,error_series,semisynthetic,time,56642,56642,0,0,0,0,66.005054,339.997056,0
ADD_RUN_00486__v2,A2_20s,ADD_RUN_00486,BY2,ADDENDUM,D62_20s_seed_08,A2,seed_08,F02,basic_dual_yaw_EKF,v2,error_series,semisynthetic,err_n_m,56642,56642,0,0,0,0,-18.015036889244172,0.20312558349953314,29705
ADD_RUN_00486__v2,A2_20s,ADD_RUN_00486,BY2,ADDENDUM,D62_20s_seed_08,A2,seed_08,F02,basic_dual_yaw_EKF,v2,error_series,semisynthetic,err_e_m,56642,56642,0,0,0,0,-1.1808961482725593,2.9723059632850504,25905
ADD_RUN_00486__v2,A2_20s,ADD_RUN_00486,BY2,ADDENDUM,D62_20s_seed_08,A2,seed_08,F02,basic_dual_yaw_EKF,v2,error_series,semisynthetic,err_u_m,56642,56642,0,0,0,0,-12.608363617893275,0.04139467741025951,56600
ADD_RUN_00486__v2,A2_20s,ADD_RUN_00486,BY2,ADDENDUM,D62_20s_seed_08,A2,seed_08,F02,basic_dual_yaw_EKF,v2,error_series,semisynthetic,horizontal_err_m,56642,56642,0,0,0,0,0.032989701474100276,18.053699616251325,0
ADD_RUN_00486__v2,A2_20s,ADD_RUN_00486,BY2,ADDENDUM,D62_20s_seed_08,A2,seed_08,F02,basic_dual_yaw_EKF,v2,error_series,semisynthetic,position_3d_err_m,56642,56642,0,0,0,0,0.16727962698990906,22.02060178457546,0
ADD_RUN_00486__v2,A2_20s,ADD_RUN_00486,BY2,ADDENDUM,D62_20s_seed_08,A2,seed_08,F02,basic_dual_yaw_EKF,v2,error_series,semisynthetic,roll_err_deg,56642,56642,0,0,0,0,-4.332691531563285,9.318982545296592,16220
ADD_RUN_00486__v2,A2_20s,ADD_RUN_00486,BY2,ADDENDUM,D62_20s_seed_08,A2,seed_08,F02,basic_dual_yaw_EKF,v2,error_series,semisynthetic,pitch_err_deg,56642,56642,0,0,0,0,-9.987104978754473,8.416588180542647,37482
ADD_RUN_00486__v2,A2_20s,ADD_RUN_00486,BY2,ADDENDUM,D62_20s_seed_08,A2,seed_08,F02,basic_dual_yaw_EKF,v2,error_series,semisynthetic,yaw_err_deg,56642,56642,0,0,0,0,-10.135850707238404,3.84525309626531,43820
ADD_RUN_00486__v2,A2_20s,ADD_RUN_00486,BY2,ADDENDUM,D62_20s_seed_08,A2,seed_08,F02,basic_dual_yaw_EKF,v2,error_series,semisynthetic,horizontal_3sigma_m,56642,56642,0,0,0,0,0.05178557145809494,43.282746932034605,0
ADD_RUN_00486__v2,A2_20s,ADD_RUN_00486,BY2,ADDENDUM,D62_20s_seed_08,A2,seed_08,F02,basic_dual_yaw_EKF,v2,error_series,semisynthetic,roll_3sigma_deg,56642,56642,0,0,0,0,0.400134102,6.000072272999999,0
ADD_RUN_00486__v2,A2_20s,ADD_RUN_00486,BY2,ADDENDUM,D62_20s_seed_08,A2,seed_08,F02,basic_dual_yaw_EKF,v2,error_series,semisynthetic,pitch_3sigma_deg,56642,56642,0,0,0,0,0.40819107299999996,6.000072231,0
ADD_RUN_00486__v2,A2_20s,ADD_RUN_00486,BY2,ADDENDUM,D62_20s_seed_08,A2,seed_08,F02,basic_dual_yaw_EKF,v2,error_series,semisynthetic,yaw_3sigma_deg,56642,56642,0,0,0,0,0.528500637,6.0000398189999995,0
ADD_RUN_00487__v3,A2_20s,ADD_RUN_00487,BY2,ADDENDUM,D62_20s_seed_08,A2,seed_08,F03,AB0000,v3,error_series,semisynthetic,time,56642,56642,0,0,0,0,66.005054,339.997056,0
ADD_RUN_00487__v3,A2_20s,ADD_RUN_00487,BY2,ADDENDUM,D62_20s_seed_08,A2,seed_08,F03,AB0000,v3,error_series,semisynthetic,err_n_m,56642,56642,0,0,0,0,-17.019776984372726,0.18083620457769456,39585
ADD_RUN_00487__v3,A2_20s,ADD_RUN_00487,BY2,ADDENDUM,D62_20s_seed_08,A2,seed_08,F03,AB0000,v3,error_series,semisynthetic,err_e_m,56642,56642,0,0,0,0,-2.226877502771581,2.3719101186961353,26546
ADD_RUN_00487__v3,A2_20s,ADD_RUN_00487,BY2,ADDENDUM,D62_20s_seed_08,A2,seed_08,F03,AB0000,v3,error_series,semisynthetic,err_u_m,56642,56642,0,0,0,0,-12.732608109211537,0.3415064349426196,39470
ADD_RUN_00487__v3,A2_20s,ADD_RUN_00487,BY2,ADDENDUM,D62_20s_seed_08,A2,seed_08,F03,AB0000,v3,error_series,semisynthetic,horizontal_err_m,56642,56642,0,0,0,0,0.00032457302228820875,17.164841741482316,0
ADD_RUN_00487__v3,A2_20s,ADD_RUN_00487,BY2,ADDENDUM,D62_20s_seed_08,A2,seed_08,F03,AB0000,v3,error_series,semisynthetic,position_3d_err_m,56642,56642,0,0,0,0,0.001237357394476833,21.37173603788174,0
ADD_RUN_00487__v3,A2_20s,ADD_RUN_00487,BY2,ADDENDUM,D62_20s_seed_08,A2,seed_08,F03,AB0000,v3,error_series,semisynthetic,roll_err_deg,56642,56642,0,0,0,0,-4.396087762563269,9.285789028296591,16196
ADD_RUN_00487__v3,A2_20s,ADD_RUN_00487,BY2,ADDENDUM,D62_20s_seed_08,A2,seed_08,F03,AB0000,v3,error_series,semisynthetic,pitch_err_deg,56642,56642,0,0,0,0,-9.984488990754471,8.452381553542637,37463
ADD_RUN_00487__v3,A2_20s,ADD_RUN_00487,BY2,ADDENDUM,D62_20s_seed_08,A2,seed_08,F03,AB0000,v3,error_series,semisynthetic,yaw_err_deg,56642,56642,0,0,0,0,-8.846969649238417,3.8090273162653148,42251
ADD_RUN_00487__v3,A2_20s,ADD_RUN_00487,BY2,ADDENDUM,D62_20s_seed_08,A2,seed_08,F03,AB0000,v3,error_series,semisynthetic,horizontal_3sigma_m,56642,56642,0,0,0,0,0.0469311302178147,43.020227639666246,0
ADD_RUN_00487__v3,A2_20s,ADD_RUN_00487,BY2,ADDENDUM,D62_20s_seed_08,A2,seed_08,F03,AB0000,v3,error_series,semisynthetic,roll_3sigma_deg,56642,56642,0,0,0,0,0.39950519399999995,6.0000398189999995,0
ADD_RUN_00487__v3,A2_20s,ADD_RUN_00487,BY2,ADDENDUM,D62_20s_seed_08,A2,seed_08,F03,AB0000,v3,error_series,semisynthetic,pitch_3sigma_deg,56642,56642,0,0,0,0,0.40761849,6.0000398189999995,0
ADD_RUN_00487__v3,A2_20s,ADD_RUN_00487,BY2,ADDENDUM,D62_20s_seed_08,A2,seed_08,F03,AB0000,v3,error_series,semisynthetic,yaw_3sigma_deg,56642,56642,0,0,0,0,0.545289912,6.0000398189999995,0
ADD_RUN_00487__v2,A2_20s,ADD_RUN_00487,BY2,ADDENDUM,D62_20s_seed_08,A2,seed_08,F03,AB0000,v2,error_series,semisynthetic,time,56642,56642,0,0,0,0,66.005054,339.997056,0
ADD_RUN_00487__v2,A2_20s,ADD_RUN_00487,BY2,ADDENDUM,D62_20s_seed_08,A2,seed_08,F03,AB0000,v2,error_series,semisynthetic,err_n_m,56642,56642,0,0,0,0,-17.024602395039693,0.21944779831282624,28098
ADD_RUN_00487__v2,A2_20s,ADD_RUN_00487,BY2,ADDENDUM,D62_20s_seed_08,A2,seed_08,F03,AB0000,v2,error_series,semisynthetic,err_e_m,56642,56642,0,0,0,0,-2.0988391317062174,2.4126308557950082,26865
ADD_RUN_00487__v2,A2_20s,ADD_RUN_00487,BY2,ADDENDUM,D62_20s_seed_08,A2,seed_08,F03,AB0000,v2,error_series,semisynthetic,err_u_m,56642,56642,0,0,0,0,-13.04311614678334,0.04139467741025951,56600
ADD_RUN_00487__v2,A2_20s,ADD_RUN_00487,BY2,ADDENDUM,D62_20s_seed_08,A2,seed_08,F03,AB0000,v2,error_series,semisynthetic,horizontal_err_m,56642,56642,0,0,0,0,0.04707955662627328,17.15348980266035,0
ADD_RUN_00487__v2,A2_20s,ADD_RUN_00487,BY2,ADDENDUM,D62_20s_seed_08,A2,seed_08,F03,AB0000,v2,error_series,semisynthetic,position_3d_err_m,56642,56642,0,0,0,0,0.15590987774151394,21.54913202958423,0
ADD_RUN_00487__v2,A2_20s,ADD_RUN_00487,BY2,ADDENDUM,D62_20s_seed_08,A2,seed_08,F03,AB0000,v2,error_series,semisynthetic,roll_err_deg,56642,56642,0,0,0,0,-4.396087762563269,9.285789028296591,16196
ADD_RUN_00487__v2,A2_20s,ADD_RUN_00487,BY2,ADDENDUM,D62_20s_seed_08,A2,seed_08,F03,AB0000,v2,error_series,semisynthetic,pitch_err_deg,56642,56642,0,0,0,0,-9.984488990754471,8.452381553542637,37463
ADD_RUN_00487__v2,A2_20s,ADD_RUN_00487,BY2,ADDENDUM,D62_20s_seed_08,A2,seed_08,F03,AB0000,v2,error_series,semisynthetic,yaw_err_deg,56642,56642,0,0,0,0,-8.846969649238417,3.8090273162653148,42251
ADD_RUN_00487__v2,A2_20s,ADD_RUN_00487,BY2,ADDENDUM,D62_20s_seed_08,A2,seed_08,F03,AB0000,v2,error_series,semisynthetic,horizontal_3sigma_m,56642,56642,0,0,0,0,0.0469311302178147,43.020227639666246,0
ADD_RUN_00487__v2,A2_20s,ADD_RUN_00487,BY2,ADDENDUM,D62_20s_seed_08,A2,seed_08,F03,AB0000,v2,error_series,semisynthetic,roll_3sigma_deg,56642,56642,0,0,0,0,0.39950519399999995,6.0000398189999995,0
ADD_RUN_00487__v2,A2_20s,ADD_RUN_00487,BY2,ADDENDUM,D62_20s_seed_08,A2,seed_08,F03,AB0000,v2,error_series,semisynthetic,pitch_3sigma_deg,56642,56642,0,0,0,0,0.40761849,6.0000398189999995,0
ADD_RUN_00487__v2,A2_20s,ADD_RUN_00487,BY2,ADDENDUM,D62_20s_seed_08,A2,seed_08,F03,AB0000,v2,error_series,semisynthetic,yaw_3sigma_deg,56642,56642,0,0,0,0,0.545289912,6.0000398189999995,0
ADD_RUN_00488__v3,A2_20s,ADD_RUN_00488,BY2,ADDENDUM,D62_20s_seed_08,A2,seed_08,F04,AB1111,v3,error_series,semisynthetic,time,56642,56642,0,0,0,0,66.005054,339.997056,0
ADD_RUN_00488__v3,A2_20s,ADD_RUN_00488,BY2,ADDENDUM,D62_20s_seed_08,A2,seed_08,F04,AB1111,v3,error_series,semisynthetic,err_n_m,56642,56642,0,0,0,0,-0.42495842675701795,1.0188671697565894,34377
ADD_RUN_00488__v3,A2_20s,ADD_RUN_00488,BY2,ADDENDUM,D62_20s_seed_08,A2,seed_08,F04,AB1111,v3,error_series,semisynthetic,err_e_m,56642,56642,0,0,0,0,-0.7474885302262164,0.5177716405465098,30155
ADD_RUN_00488__v3,A2_20s,ADD_RUN_00488,BY2,ADDENDUM,D62_20s_seed_08,A2,seed_08,F04,AB1111,v3,error_series,semisynthetic,err_u_m,56642,56642,0,0,0,0,-15.410173308663678,0.3415064349426196,40318
ADD_RUN_00488__v3,A2_20s,ADD_RUN_00488,BY2,ADDENDUM,D62_20s_seed_08,A2,seed_08,F04,AB1111,v3,error_series,semisynthetic,horizontal_err_m,56642,56642,0,0,0,0,7.394428791593372e-05,1.2294884863080924,0
ADD_RUN_00488__v3,A2_20s,ADD_RUN_00488,BY2,ADDENDUM,D62_20s_seed_08,A2,seed_08,F04,AB1111,v3,error_series,semisynthetic,position_3d_err_m,56642,56642,0,0,0,0,0.0033839373676261184,15.456956919610134,0
ADD_RUN_00488__v3,A2_20s,ADD_RUN_00488,BY2,ADDENDUM,D62_20s_seed_08,A2,seed_08,F04,AB1111,v3,error_series,semisynthetic,roll_err_deg,56642,56642,0,0,0,0,-4.086152222563271,6.872141904296569,19326
ADD_RUN_00488__v3,A2_20s,ADD_RUN_00488,BY2,ADDENDUM,D62_20s_seed_08,A2,seed_08,F04,AB1111,v3,error_series,semisynthetic,pitch_err_deg,56642,56642,0,0,0,0,-8.570146205754469,8.513640839542632,37202
ADD_RUN_00488__v3,A2_20s,ADD_RUN_00488,BY2,ADDENDUM,D62_20s_seed_08,A2,seed_08,F04,AB1111,v3,error_series,semisynthetic,yaw_err_deg,56642,56642,0,0,0,0,-8.764296038238399,3.838451921265289,42174
ADD_RUN_00488__v3,A2_20s,ADD_RUN_00488,BY2,ADDENDUM,D62_20s_seed_08,A2,seed_08,F04,AB1111,v3,error_series,semisynthetic,horizontal_3sigma_m,56642,56642,0,0,0,0,0.045663065595990295,42.43457969268709,0
ADD_RUN_00488__v3,A2_20s,ADD_RUN_00488,BY2,ADDENDUM,D62_20s_seed_08,A2,seed_08,F04,AB1111,v3,error_series,semisynthetic,roll_3sigma_deg,56642,56642,0,0,0,0,0.322797831,6.0000398189999995,0
ADD_RUN_00488__v3,A2_20s,ADD_RUN_00488,BY2,ADDENDUM,D62_20s_seed_08,A2,seed_08,F04,AB1111,v3,error_series,semisynthetic,pitch_3sigma_deg,56642,56642,0,0,0,0,0.324712884,6.0000398189999995,0
ADD_RUN_00488__v3,A2_20s,ADD_RUN_00488,BY2,ADDENDUM,D62_20s_seed_08,A2,seed_08,F04,AB1111,v3,error_series,semisynthetic,yaw_3sigma_deg,56642,56642,0,0,0,0,0.54504993,6.0000398189999995,0
ADD_RUN_00488__v2,A2_20s,ADD_RUN_00488,BY2,ADDENDUM,D62_20s_seed_08,A2,seed_08,F04,AB1111,v2,error_series,semisynthetic,time,56642,56642,0,0,0,0,66.005054,339.997056,0
ADD_RUN_00488__v2,A2_20s,ADD_RUN_00488,BY2,ADDENDUM,D62_20s_seed_08,A2,seed_08,F04,AB1111,v2,error_series,semisynthetic,err_n_m,56642,56642,0,0,0,0,-0.4534930991605105,0.9670790999569618,23796
ADD_RUN_00488__v2,A2_20s,ADD_RUN_00488,BY2,ADDENDUM,D62_20s_seed_08,A2,seed_08,F04,AB1111,v2,error_series,semisynthetic,err_e_m,56642,56642,0,0,0,0,-0.6044512852384987,0.4962708116635852,29843
ADD_RUN_00488__v2,A2_20s,ADD_RUN_00488,BY2,ADDENDUM,D62_20s_seed_08,A2,seed_08,F04,AB1111,v2,error_series,semisynthetic,err_u_m,56642,56642,0,0,0,0,-15.715088150202153,0.04139467741025951,56600
ADD_RUN_00488__v2,A2_20s,ADD_RUN_00488,BY2,ADDENDUM,D62_20s_seed_08,A2,seed_08,F04,AB1111,v2,error_series,semisynthetic,horizontal_err_m,56642,56642,0,0,0,0,0.04820000999299283,1.1204409047634984,0
ADD_RUN_00488__v2,A2_20s,ADD_RUN_00488,BY2,ADDENDUM,D62_20s_seed_08,A2,seed_08,F04,AB1111,v2,error_series,semisynthetic,position_3d_err_m,56642,56642,0,0,0,0,0.1589025937020703,15.753905875082578,0
ADD_RUN_00488__v2,A2_20s,ADD_RUN_00488,BY2,ADDENDUM,D62_20s_seed_08,A2,seed_08,F04,AB1111,v2,error_series,semisynthetic,roll_err_deg,56642,56642,0,0,0,0,-4.086152222563271,6.872141904296569,19326
ADD_RUN_00488__v2,A2_20s,ADD_RUN_00488,BY2,ADDENDUM,D62_20s_seed_08,A2,seed_08,F04,AB1111,v2,error_series,semisynthetic,pitch_err_deg,56642,56642,0,0,0,0,-8.570146205754469,8.513640839542632,37202
ADD_RUN_00488__v2,A2_20s,ADD_RUN_00488,BY2,ADDENDUM,D62_20s_seed_08,A2,seed_08,F04,AB1111,v2,error_series,semisynthetic,yaw_err_deg,56642,56642,0,0,0,0,-8.764296038238399,3.838451921265289,42174
ADD_RUN_00488__v2,A2_20s,ADD_RUN_00488,BY2,ADDENDUM,D62_20s_seed_08,A2,seed_08,F04,AB1111,v2,error_series,semisynthetic,horizontal_3sigma_m,56642,56642,0,0,0,0,0.045663065595990295,42.43457969268709,0
ADD_RUN_00488__v2,A2_20s,ADD_RUN_00488,BY2,ADDENDUM,D62_20s_seed_08,A2,seed_08,F04,AB1111,v2,error_series,semisynthetic,roll_3sigma_deg,56642,56642,0,0,0,0,0.322797831,6.0000398189999995,0
ADD_RUN_00488__v2,A2_20s,ADD_RUN_00488,BY2,ADDENDUM,D62_20s_seed_08,A2,seed_08,F04,AB1111,v2,error_series,semisynthetic,pitch_3sigma_deg,56642,56642,0,0,0,0,0.324712884,6.0000398189999995,0
ADD_RUN_00488__v2,A2_20s,ADD_RUN_00488,BY2,ADDENDUM,D62_20s_seed_08,A2,seed_08,F04,AB1111,v2,error_series,semisynthetic,yaw_3sigma_deg,56642,56642,0,0,0,0,0.54504993,6.0000398189999995,0
ADD_RUN_00489__v3,A2_20s,ADD_RUN_00489,BY2,ADDENDUM,D62_20s_seed_08,A2,seed_08,A03,AB0111,v3,error_series,semisynthetic,time,56642,56642,0,0,0,0,66.005054,339.997056,0
ADD_RUN_00489__v3,A2_20s,ADD_RUN_00489,BY2,ADDENDUM,D62_20s_seed_08,A2,seed_08,A03,AB0111,v3,error_series,semisynthetic,err_n_m,56642,56642,0,0,0,0,-0.42495842675701795,1.0187506883560076,34573
ADD_RUN_00489__v3,A2_20s,ADD_RUN_00489,BY2,ADDENDUM,D62_20s_seed_08,A2,seed_08,A03,AB0111,v3,error_series,semisynthetic,err_e_m,56642,56642,0,0,0,0,-0.7475002866173153,0.5177494401691085,30233
ADD_RUN_00489__v3,A2_20s,ADD_RUN_00489,BY2,ADDENDUM,D62_20s_seed_08,A2,seed_08,A03,AB0111,v3,error_series,semisynthetic,err_u_m,56642,56642,0,0,0,0,-15.428592419687515,0.3415064349426196,40511
ADD_RUN_00489__v3,A2_20s,ADD_RUN_00489,BY2,ADDENDUM,D62_20s_seed_08,A2,seed_08,A03,AB0111,v3,error_series,semisynthetic,horizontal_err_m,56642,56642,0,0,0,0,0.00015369454827346714,1.2293504292472053,0
ADD_RUN_00489__v3,A2_20s,ADD_RUN_00489,BY2,ADDENDUM,D62_20s_seed_08,A2,seed_08,A03,AB0111,v3,error_series,semisynthetic,position_3d_err_m,56642,56642,0,0,0,0,0.0036649749219759093,15.475320482773869,0
ADD_RUN_00489__v3,A2_20s,ADD_RUN_00489,BY2,ADDENDUM,D62_20s_seed_08,A2,seed_08,A03,AB0111,v3,error_series,semisynthetic,roll_err_deg,56642,56642,0,0,0,0,-4.086950923563279,6.870068426296569,19325
ADD_RUN_00489__v3,A2_20s,ADD_RUN_00489,BY2,ADDENDUM,D62_20s_seed_08,A2,seed_08,A03,AB0111,v3,error_series,semisynthetic,pitch_err_deg,56642,56642,0,0,0,0,-8.569117328754459,8.511179691542623,37209
ADD_RUN_00489__v3,A2_20s,ADD_RUN_00489,BY2,ADDENDUM,D62_20s_seed_08,A2,seed_08,A03,AB0111,v3,error_series,semisynthetic,yaw_err_deg,56642,56642,0,0,0,0,-8.768252665238407,3.8363134442653006,42118
ADD_RUN_00489__v3,A2_20s,ADD_RUN_00489,BY2,ADDENDUM,D62_20s_seed_08,A2,seed_08,A03,AB0111,v3,error_series,semisynthetic,horizontal_3sigma_m,56642,56642,0,0,0,0,0.046018764879759144,42.43457969268709,0
ADD_RUN_00489__v3,A2_20s,ADD_RUN_00489,BY2,ADDENDUM,D62_20s_seed_08,A2,seed_08,A03,AB0111,v3,error_series,semisynthetic,roll_3sigma_deg,56642,56642,0,0,0,0,0.322807059,6.0000398189999995,0
ADD_RUN_00489__v3,A2_20s,ADD_RUN_00489,BY2,ADDENDUM,D62_20s_seed_08,A2,seed_08,A03,AB0111,v3,error_series,semisynthetic,pitch_3sigma_deg,56642,56642,0,0,0,0,0.324721902,6.0000398189999995,0
ADD_RUN_00489__v3,A2_20s,ADD_RUN_00489,BY2,ADDENDUM,D62_20s_seed_08,A2,seed_08,A03,AB0111,v3,error_series,semisynthetic,yaw_3sigma_deg,56642,56642,0,0,0,0,0.545105991,6.0000398189999995,0
ADD_RUN_00489__v2,A2_20s,ADD_RUN_00489,BY2,ADDENDUM,D62_20s_seed_08,A2,seed_08,A03,AB0111,v2,error_series,semisynthetic,time,56642,56642,0,0,0,0,66.005054,339.997056,0
ADD_RUN_00489__v2,A2_20s,ADD_RUN_00489,BY2,ADDENDUM,D62_20s_seed_08,A2,seed_08,A03,AB0111,v2,error_series,semisynthetic,err_n_m,56642,56642,0,0,0,0,-0.4534930991605105,0.967068142826129,24043
ADD_RUN_00489__v2,A2_20s,ADD_RUN_00489,BY2,ADDENDUM,D62_20s_seed_08,A2,seed_08,A03,AB0111,v2,error_series,semisynthetic,err_e_m,56642,56642,0,0,0,0,-0.6044512977945891,0.4962708118620647,29663
ADD_RUN_00489__v2,A2_20s,ADD_RUN_00489,BY2,ADDENDUM,D62_20s_seed_08,A2,seed_08,A03,AB0111,v2,error_series,semisynthetic,err_u_m,56642,56642,0,0,0,0,-15.733502554296722,0.04139467741025951,56600
ADD_RUN_00489__v2,A2_20s,ADD_RUN_00489,BY2,ADDENDUM,D62_20s_seed_08,A2,seed_08,A03,AB0111,v2,error_series,semisynthetic,horizontal_err_m,56642,56642,0,0,0,0,0.04812677045392001,1.1203966034713466,0
ADD_RUN_00489__v2,A2_20s,ADD_RUN_00489,BY2,ADDENDUM,D62_20s_seed_08,A2,seed_08,A03,AB0111,v2,error_series,semisynthetic,position_3d_err_m,56642,56642,0,0,0,0,0.15981746734418753,15.772274966598701,0
ADD_RUN_00489__v2,A2_20s,ADD_RUN_00489,BY2,ADDENDUM,D62_20s_seed_08,A2,seed_08,A03,AB0111,v2,error_series,semisynthetic,roll_err_deg,56642,56642,0,0,0,0,-4.086950923563279,6.870068426296569,19325
ADD_RUN_00489__v2,A2_20s,ADD_RUN_00489,BY2,ADDENDUM,D62_20s_seed_08,A2,seed_08,A03,AB0111,v2,error_series,semisynthetic,pitch_err_deg,56642,56642,0,0,0,0,-8.569117328754459,8.511179691542623,37209
ADD_RUN_00489__v2,A2_20s,ADD_RUN_00489,BY2,ADDENDUM,D62_20s_seed_08,A2,seed_08,A03,AB0111,v2,error_series,semisynthetic,yaw_err_deg,56642,56642,0,0,0,0,-8.768252665238407,3.8363134442653006,42118
ADD_RUN_00489__v2,A2_20s,ADD_RUN_00489,BY2,ADDENDUM,D62_20s_seed_08,A2,seed_08,A03,AB0111,v2,error_series,semisynthetic,horizontal_3sigma_m,56642,56642,0,0,0,0,0.046018764879759144,42.43457969268709,0
ADD_RUN_00489__v2,A2_20s,ADD_RUN_00489,BY2,ADDENDUM,D62_20s_seed_08,A2,seed_08,A03,AB0111,v2,error_series,semisynthetic,roll_3sigma_deg,56642,56642,0,0,0,0,0.322807059,6.0000398189999995,0
ADD_RUN_00489__v2,A2_20s,ADD_RUN_00489,BY2,ADDENDUM,D62_20s_seed_08,A2,seed_08,A03,AB0111,v2,error_series,semisynthetic,pitch_3sigma_deg,56642,56642,0,0,0,0,0.324721902,6.0000398189999995,0
ADD_RUN_00489__v2,A2_20s,ADD_RUN_00489,BY2,ADDENDUM,D62_20s_seed_08,A2,seed_08,A03,AB0111,v2,error_series,semisynthetic,yaw_3sigma_deg,56642,56642,0,0,0,0,0.545105991,6.0000398189999995,0
ADD_RUN_00490__v3,A2_20s,ADD_RUN_00490,BY2,ADDENDUM,D62_20s_seed_08,A2,seed_08,A04,AB1011,v3,error_series,semisynthetic,time,56642,56642,0,0,0,0,66.005054,339.997056,0
ADD_RUN_00490__v3,A2_20s,ADD_RUN_00490,BY2,ADDENDUM,D62_20s_seed_08,A2,seed_08,A04,AB1011,v3,error_series,semisynthetic,err_n_m,56642,56642,0,0,0,0,-0.42495842675701795,0.9995998502271775,34190
ADD_RUN_00490__v3,A2_20s,ADD_RUN_00490,BY2,ADDENDUM,D62_20s_seed_08,A2,seed_08,A04,AB1011,v3,error_series,semisynthetic,err_e_m,56642,56642,0,0,0,0,-0.7390910056597617,0.5155252406147497,30340
ADD_RUN_00490__v3,A2_20s,ADD_RUN_00490,BY2,ADDENDUM,D62_20s_seed_08,A2,seed_08,A04,AB1011,v3,error_series,semisynthetic,err_u_m,56642,56642,0,0,0,0,-15.469418965205303,0.3415064349426196,40397
ADD_RUN_00490__v3,A2_20s,ADD_RUN_00490,BY2,ADDENDUM,D62_20s_seed_08,A2,seed_08,A04,AB1011,v3,error_series,semisynthetic,horizontal_err_m,56642,56642,0,0,0,0,0.00030627214289051876,1.2147163874354594,0
ADD_RUN_00490__v3,A2_20s,ADD_RUN_00490,BY2,ADDENDUM,D62_20s_seed_08,A2,seed_08,A04,AB1011,v3,error_series,semisynthetic,position_3d_err_m,56642,56642,0,0,0,0,0.0018880529824719095,15.5151725924192,0
ADD_RUN_00490__v3,A2_20s,ADD_RUN_00490,BY2,ADDENDUM,D62_20s_seed_08,A2,seed_08,A04,AB1011,v3,error_series,semisynthetic,roll_err_deg,56642,56642,0,0,0,0,-3.9438510975632823,6.5617208431394545,19965
ADD_RUN_00490__v3,A2_20s,ADD_RUN_00490,BY2,ADDENDUM,D62_20s_seed_08,A2,seed_08,A04,AB1011,v3,error_series,semisynthetic,pitch_err_deg,56642,56642,0,0,0,0,-8.223180619754459,8.498578684542622,37051
ADD_RUN_00490__v3,A2_20s,ADD_RUN_00490,BY2,ADDENDUM,D62_20s_seed_08,A2,seed_08,A04,AB1011,v3,error_series,semisynthetic,yaw_err_deg,56642,56642,0,0,0,0,-8.768590177238423,3.836140814265292,42221
ADD_RUN_00490__v3,A2_20s,ADD_RUN_00490,BY2,ADDENDUM,D62_20s_seed_08,A2,seed_08,A04,AB1011,v3,error_series,semisynthetic,horizontal_3sigma_m,56642,56642,0,0,0,0,0.044773485660200424,42.43457969268709,0
ADD_RUN_00490__v3,A2_20s,ADD_RUN_00490,BY2,ADDENDUM,D62_20s_seed_08,A2,seed_08,A04,AB1011,v3,error_series,semisynthetic,roll_3sigma_deg,56642,56642,0,0,0,0,0.302972832,6.0000398189999995,0
ADD_RUN_00490__v3,A2_20s,ADD_RUN_00490,BY2,ADDENDUM,D62_20s_seed_08,A2,seed_08,A04,AB1011,v3,error_series,semisynthetic,pitch_3sigma_deg,56642,56642,0,0,0,0,0.304141608,6.0000398189999995,0
ADD_RUN_00490__v3,A2_20s,ADD_RUN_00490,BY2,ADDENDUM,D62_20s_seed_08,A2,seed_08,A04,AB1011,v3,error_series,semisynthetic,yaw_3sigma_deg,56642,56642,0,0,0,0,0.544904877,6.0000398189999995,0
ADD_RUN_00490__v2,A2_20s,ADD_RUN_00490,BY2,ADDENDUM,D62_20s_seed_08,A2,seed_08,A04,AB1011,v2,error_series,semisynthetic,time,56642,56642,0,0,0,0,66.005054,339.997056,0
ADD_RUN_00490__v2,A2_20s,ADD_RUN_00490,BY2,ADDENDUM,D62_20s_seed_08,A2,seed_08,A04,AB1011,v2,error_series,semisynthetic,err_n_m,56642,56642,0,0,0,0,-0.4534930991605105,0.9457846186595802,23664
ADD_RUN_00490__v2,A2_20s,ADD_RUN_00490,BY2,ADDENDUM,D62_20s_seed_08,A2,seed_08,A04,AB1011,v2,error_series,semisynthetic,err_e_m,56642,56642,0,0,0,0,-0.5942871061422403,0.4951604335795281,29964
ADD_RUN_00490__v2,A2_20s,ADD_RUN_00490,BY2,ADDENDUM,D62_20s_seed_08,A2,seed_08,A04,AB1011,v2,error_series,semisynthetic,err_u_m,56642,56642,0,0,0,0,-15.773692554310113,0.04139467741025951,56600
ADD_RUN_00490__v2,A2_20s,ADD_RUN_00490,BY2,ADDENDUM,D62_20s_seed_08,A2,seed_08,A04,AB1011,v2,error_series,semisynthetic,horizontal_err_m,56642,56642,0,0,0,0,0.04879869631830113,1.1008773027717207,0
ADD_RUN_00490__v2,A2_20s,ADD_RUN_00490,BY2,ADDENDUM,D62_20s_seed_08,A2,seed_08,A04,AB1011,v2,error_series,semisynthetic,position_3d_err_m,56642,56642,0,0,0,0,0.16103182061896168,15.811483138202005,0
ADD_RUN_00490__v2,A2_20s,ADD_RUN_00490,BY2,ADDENDUM,D62_20s_seed_08,A2,seed_08,A04,AB1011,v2,error_series,semisynthetic,roll_err_deg,56642,56642,0,0,0,0,-3.9438510975632823,6.5617208431394545,19965
ADD_RUN_00490__v2,A2_20s,ADD_RUN_00490,BY2,ADDENDUM,D62_20s_seed_08,A2,seed_08,A04,AB1011,v2,error_series,semisynthetic,pitch_err_deg,56642,56642,0,0,0,0,-8.223180619754459,8.498578684542622,37051
ADD_RUN_00490__v2,A2_20s,ADD_RUN_00490,BY2,ADDENDUM,D62_20s_seed_08,A2,seed_08,A04,AB1011,v2,error_series,semisynthetic,yaw_err_deg,56642,56642,0,0,0,0,-8.768590177238423,3.836140814265292,42221
ADD_RUN_00490__v2,A2_20s,ADD_RUN_00490,BY2,ADDENDUM,D62_20s_seed_08,A2,seed_08,A04,AB1011,v2,error_series,semisynthetic,horizontal_3sigma_m,56642,56642,0,0,0,0,0.044773485660200424,42.43457969268709,0
ADD_RUN_00490__v2,A2_20s,ADD_RUN_00490,BY2,ADDENDUM,D62_20s_seed_08,A2,seed_08,A04,AB1011,v2,error_series,semisynthetic,roll_3sigma_deg,56642,56642,0,0,0,0,0.302972832,6.0000398189999995,0
ADD_RUN_00490__v2,A2_20s,ADD_RUN_00490,BY2,ADDENDUM,D62_20s_seed_08,A2,seed_08,A04,AB1011,v2,error_series,semisynthetic,pitch_3sigma_deg,56642,56642,0,0,0,0,0.304141608,6.0000398189999995,0
ADD_RUN_00490__v2,A2_20s,ADD_RUN_00490,BY2,ADDENDUM,D62_20s_seed_08,A2,seed_08,A04,AB1011,v2,error_series,semisynthetic,yaw_3sigma_deg,56642,56642,0,0,0,0,0.544904877,6.0000398189999995,0
ADD_RUN_00491__v3,A2_20s,ADD_RUN_00491,BY2,ADDENDUM,D62_20s_seed_08,A2,seed_08,A05,AB1101,v3,error_series,semisynthetic,time,56642,56642,0,0,0,0,66.005054,339.997056,0
ADD_RUN_00491__v3,A2_20s,ADD_RUN_00491,BY2,ADDENDUM,D62_20s_seed_08,A2,seed_08,A05,AB1101,v3,error_series,semisynthetic,err_n_m,56642,56642,0,0,0,0,-0.42495842675701795,1.0121378060897683,35471
ADD_RUN_00491__v3,A2_20s,ADD_RUN_00491,BY2,ADDENDUM,D62_20s_seed_08,A2,seed_08,A05,AB1101,v3,error_series,semisynthetic,err_e_m,56642,56642,0,0,0,0,-0.7115797338436769,0.5243367604449141,29629
ADD_RUN_00491__v3,A2_20s,ADD_RUN_00491,BY2,ADDENDUM,D62_20s_seed_08,A2,seed_08,A05,AB1101,v3,error_series,semisynthetic,err_u_m,56642,56642,0,0,0,0,-12.915191940720149,0.3415064349426196,39262
ADD_RUN_00491__v3,A2_20s,ADD_RUN_00491,BY2,ADDENDUM,D62_20s_seed_08,A2,seed_08,A05,AB1101,v3,error_series,semisynthetic,horizontal_err_m,56642,56642,0,0,0,0,0.00015089662100939172,1.2033115581808969,0
ADD_RUN_00491__v3,A2_20s,ADD_RUN_00491,BY2,ADDENDUM,D62_20s_seed_08,A2,seed_08,A05,AB1101,v3,error_series,semisynthetic,position_3d_err_m,56642,56642,0,0,0,0,0.0018029040972783682,12.965274884539646,0
ADD_RUN_00491__v3,A2_20s,ADD_RUN_00491,BY2,ADDENDUM,D62_20s_seed_08,A2,seed_08,A05,AB1101,v3,error_series,semisynthetic,roll_err_deg,56642,56642,0,0,0,0,-4.380143668563278,9.287103188296584,16185
ADD_RUN_00491__v3,A2_20s,ADD_RUN_00491,BY2,ADDENDUM,D62_20s_seed_08,A2,seed_08,A05,AB1101,v3,error_series,semisynthetic,pitch_err_deg,56642,56642,0,0,0,0,-9.986099416754456,8.448945113542635,37566
ADD_RUN_00491__v3,A2_20s,ADD_RUN_00491,BY2,ADDENDUM,D62_20s_seed_08,A2,seed_08,A05,AB1101,v3,error_series,semisynthetic,yaw_err_deg,56642,56642,0,0,0,0,-8.835381839238408,3.8119189242653135,42280
ADD_RUN_00491__v3,A2_20s,ADD_RUN_00491,BY2,ADDENDUM,D62_20s_seed_08,A2,seed_08,A05,AB1101,v3,error_series,semisynthetic,horizontal_3sigma_m,56642,56642,0,0,0,0,0.045696550842165624,42.43457969268709,0
ADD_RUN_00491__v3,A2_20s,ADD_RUN_00491,BY2,ADDENDUM,D62_20s_seed_08,A2,seed_08,A05,AB1101,v3,error_series,semisynthetic,roll_3sigma_deg,56642,56642,0,0,0,0,0.39938469,6.0000398189999995,0
ADD_RUN_00491__v3,A2_20s,ADD_RUN_00491,BY2,ADDENDUM,D62_20s_seed_08,A2,seed_08,A05,AB1101,v3,error_series,semisynthetic,pitch_3sigma_deg,56642,56642,0,0,0,0,0.40752758699999997,6.0000398189999995,0
ADD_RUN_00491__v3,A2_20s,ADD_RUN_00491,BY2,ADDENDUM,D62_20s_seed_08,A2,seed_08,A05,AB1101,v3,error_series,semisynthetic,yaw_3sigma_deg,56642,56642,0,0,0,0,0.545260482,6.0000398189999995,0
ADD_RUN_00491__v2,A2_20s,ADD_RUN_00491,BY2,ADDENDUM,D62_20s_seed_08,A2,seed_08,A05,AB1101,v2,error_series,semisynthetic,time,56642,56642,0,0,0,0,66.005054,339.997056,0
ADD_RUN_00491__v2,A2_20s,ADD_RUN_00491,BY2,ADDENDUM,D62_20s_seed_08,A2,seed_08,A05,AB1101,v2,error_series,semisynthetic,err_n_m,56642,56642,0,0,0,0,-0.4534930991605105,0.9726144110744812,23520
ADD_RUN_00491__v2,A2_20s,ADD_RUN_00491,BY2,ADDENDUM,D62_20s_seed_08,A2,seed_08,A05,AB1101,v2,error_series,semisynthetic,err_e_m,56642,56642,0,0,0,0,-0.5793379499331834,0.49328132159962834,30386
ADD_RUN_00491__v2,A2_20s,ADD_RUN_00491,BY2,ADDENDUM,D62_20s_seed_08,A2,seed_08,A05,AB1101,v2,error_series,semisynthetic,err_u_m,56642,56642,0,0,0,0,-13.225664053444392,0.04139467741025951,56600
ADD_RUN_00491__v2,A2_20s,ADD_RUN_00491,BY2,ADDENDUM,D62_20s_seed_08,A2,seed_08,A05,AB1101,v2,error_series,semisynthetic,horizontal_err_m,56642,56642,0,0,0,0,0.04770830040491722,1.1140718371980067,0
ADD_RUN_00491__v2,A2_20s,ADD_RUN_00491,BY2,ADDENDUM,D62_20s_seed_08,A2,seed_08,A05,AB1101,v2,error_series,semisynthetic,position_3d_err_m,56642,56642,0,0,0,0,0.15666282086600167,13.267820328062705,0
ADD_RUN_00491__v2,A2_20s,ADD_RUN_00491,BY2,ADDENDUM,D62_20s_seed_08,A2,seed_08,A05,AB1101,v2,error_series,semisynthetic,roll_err_deg,56642,56642,0,0,0,0,-4.380143668563278,9.287103188296584,16185
ADD_RUN_00491__v2,A2_20s,ADD_RUN_00491,BY2,ADDENDUM,D62_20s_seed_08,A2,seed_08,A05,AB1101,v2,error_series,semisynthetic,pitch_err_deg,56642,56642,0,0,0,0,-9.986099416754456,8.448945113542635,37566
ADD_RUN_00491__v2,A2_20s,ADD_RUN_00491,BY2,ADDENDUM,D62_20s_seed_08,A2,seed_08,A05,AB1101,v2,error_series,semisynthetic,yaw_err_deg,56642,56642,0,0,0,0,-8.835381839238408,3.8119189242653135,42280
ADD_RUN_00491__v2,A2_20s,ADD_RUN_00491,BY2,ADDENDUM,D62_20s_seed_08,A2,seed_08,A05,AB1101,v2,error_series,semisynthetic,horizontal_3sigma_m,56642,56642,0,0,0,0,0.045696550842165624,42.43457969268709,0
ADD_RUN_00491__v2,A2_20s,ADD_RUN_00491,BY2,ADDENDUM,D62_20s_seed_08,A2,seed_08,A05,AB1101,v2,error_series,semisynthetic,roll_3sigma_deg,56642,56642,0,0,0,0,0.39938469,6.0000398189999995,0
ADD_RUN_00491__v2,A2_20s,ADD_RUN_00491,BY2,ADDENDUM,D62_20s_seed_08,A2,seed_08,A05,AB1101,v2,error_series,semisynthetic,pitch_3sigma_deg,56642,56642,0,0,0,0,0.40752758699999997,6.0000398189999995,0
ADD_RUN_00491__v2,A2_20s,ADD_RUN_00491,BY2,ADDENDUM,D62_20s_seed_08,A2,seed_08,A05,AB1101,v2,error_series,semisynthetic,yaw_3sigma_deg,56642,56642,0,0,0,0,0.545260482,6.0000398189999995,0
ADD_RUN_00492__v3,A2_20s,ADD_RUN_00492,BY2,ADDENDUM,D62_20s_seed_08,A2,seed_08,A06,AB1110,v3,error_series,semisynthetic,time,56642,56642,0,0,0,0,66.005054,339.997056,0
ADD_RUN_00492__v3,A2_20s,ADD_RUN_00492,BY2,ADDENDUM,D62_20s_seed_08,A2,seed_08,A06,AB1110,v3,error_series,semisynthetic,err_n_m,56642,56642,0,0,0,0,-0.42495842675701795,27.976796037131525,34162
ADD_RUN_00492__v3,A2_20s,ADD_RUN_00492,BY2,ADDENDUM,D62_20s_seed_08,A2,seed_08,A06,AB1110,v3,error_series,semisynthetic,err_e_m,56642,56642,0,0,0,0,-30.388601269199896,0.5192727846530154,30528
ADD_RUN_00492__v3,A2_20s,ADD_RUN_00492,BY2,ADDENDUM,D62_20s_seed_08,A2,seed_08,A06,AB1110,v3,error_series,semisynthetic,err_u_m,56642,56642,0,0,0,0,-15.081983851829627,0.3415064349426196,40320
ADD_RUN_00492__v3,A2_20s,ADD_RUN_00492,BY2,ADDENDUM,D62_20s_seed_08,A2,seed_08,A06,AB1110,v3,error_series,semisynthetic,horizontal_err_m,56642,56642,0,0,0,0,0.0004254643792734839,41.30578898413243,0
ADD_RUN_00492__v3,A2_20s,ADD_RUN_00492,BY2,ADDENDUM,D62_20s_seed_08,A2,seed_08,A06,AB1110,v3,error_series,semisynthetic,position_3d_err_m,56642,56642,0,0,0,0,0.002469029337541263,43.973110425674065,0
ADD_RUN_00492__v3,A2_20s,ADD_RUN_00492,BY2,ADDENDUM,D62_20s_seed_08,A2,seed_08,A06,AB1110,v3,error_series,semisynthetic,roll_err_deg,56642,56642,0,0,0,0,-4.088772287563273,6.874443143296588,19440
ADD_RUN_00492__v3,A2_20s,ADD_RUN_00492,BY2,ADDENDUM,D62_20s_seed_08,A2,seed_08,A06,AB1110,v3,error_series,semisynthetic,pitch_err_deg,56642,56642,0,0,0,0,-8.570260319754453,8.516099713542644,37122
ADD_RUN_00492__v3,A2_20s,ADD_RUN_00492,BY2,ADDENDUM,D62_20s_seed_08,A2,seed_08,A06,AB1110,v3,error_series,semisynthetic,yaw_err_deg,56642,56642,0,0,0,0,-8.765104427238413,3.837364868265297,42187
ADD_RUN_00492__v3,A2_20s,ADD_RUN_00492,BY2,ADDENDUM,D62_20s_seed_08,A2,seed_08,A06,AB1110,v3,error_series,semisynthetic,horizontal_3sigma_m,56642,56642,0,0,0,0,0.046505850993994124,42.43457969268709,0
ADD_RUN_00492__v3,A2_20s,ADD_RUN_00492,BY2,ADDENDUM,D62_20s_seed_08,A2,seed_08,A06,AB1110,v3,error_series,semisynthetic,roll_3sigma_deg,56642,56642,0,0,0,0,0.32282875499999997,6.0000398189999995,0
ADD_RUN_00492__v3,A2_20s,ADD_RUN_00492,BY2,ADDENDUM,D62_20s_seed_08,A2,seed_08,A06,AB1110,v3,error_series,semisynthetic,pitch_3sigma_deg,56642,56642,0,0,0,0,0.324740514,6.0000398189999995,0
ADD_RUN_00492__v3,A2_20s,ADD_RUN_00492,BY2,ADDENDUM,D62_20s_seed_08,A2,seed_08,A06,AB1110,v3,error_series,semisynthetic,yaw_3sigma_deg,56642,56642,0,0,0,0,0.5451265949999999,6.0000398189999995,0
ADD_RUN_00492__v2,A2_20s,ADD_RUN_00492,BY2,ADDENDUM,D62_20s_seed_08,A2,seed_08,A06,AB1110,v2,error_series,semisynthetic,time,56642,56642,0,0,0,0,66.005054,339.997056,0
ADD_RUN_00492__v2,A2_20s,ADD_RUN_00492,BY2,ADDENDUM,D62_20s_seed_08,A2,seed_08,A06,AB1110,v2,error_series,semisynthetic,err_n_m,56642,56642,0,0,0,0,-0.4534930991605105,27.958654007366412,23783
ADD_RUN_00492__v2,A2_20s,ADD_RUN_00492,BY2,ADDENDUM,D62_20s_seed_08,A2,seed_08,A06,AB1110,v2,error_series,semisynthetic,err_e_m,56642,56642,0,0,0,0,-30.24791248164042,0.4980644991140295,30312
ADD_RUN_00492__v2,A2_20s,ADD_RUN_00492,BY2,ADDENDUM,D62_20s_seed_08,A2,seed_08,A06,AB1110,v2,error_series,semisynthetic,err_u_m,56642,56642,0,0,0,0,-15.386466824442184,0.04139467741025951,56600
ADD_RUN_00492__v2,A2_20s,ADD_RUN_00492,BY2,ADDENDUM,D62_20s_seed_08,A2,seed_08,A06,AB1110,v2,error_series,semisynthetic,horizontal_err_m,56642,56642,0,0,0,0,0.04784666873818325,41.19007821551938,0
ADD_RUN_00492__v2,A2_20s,ADD_RUN_00492,BY2,ADDENDUM,D62_20s_seed_08,A2,seed_08,A06,AB1110,v2,error_series,semisynthetic,position_3d_err_m,56642,56642,0,0,0,0,0.1568578993866503,43.97005691081448,0
ADD_RUN_00492__v2,A2_20s,ADD_RUN_00492,BY2,ADDENDUM,D62_20s_seed_08,A2,seed_08,A06,AB1110,v2,error_series,semisynthetic,roll_err_deg,56642,56642,0,0,0,0,-4.088772287563273,6.874443143296588,19440
ADD_RUN_00492__v2,A2_20s,ADD_RUN_00492,BY2,ADDENDUM,D62_20s_seed_08,A2,seed_08,A06,AB1110,v2,error_series,semisynthetic,pitch_err_deg,56642,56642,0,0,0,0,-8.570260319754453,8.516099713542644,37122
ADD_RUN_00492__v2,A2_20s,ADD_RUN_00492,BY2,ADDENDUM,D62_20s_seed_08,A2,seed_08,A06,AB1110,v2,error_series,semisynthetic,yaw_err_deg,56642,56642,0,0,0,0,-8.765104427238413,3.837364868265297,42187
ADD_RUN_00492__v2,A2_20s,ADD_RUN_00492,BY2,ADDENDUM,D62_20s_seed_08,A2,seed_08,A06,AB1110,v2,error_series,semisynthetic,horizontal_3sigma_m,56642,56642,0,0,0,0,0.046505850993994124,42.43457969268709,0
ADD_RUN_00492__v2,A2_20s,ADD_RUN_00492,BY2,ADDENDUM,D62_20s_seed_08,A2,seed_08,A06,AB1110,v2,error_series,semisynthetic,roll_3sigma_deg,56642,56642,0,0,0,0,0.32282875499999997,6.0000398189999995,0
ADD_RUN_00492__v2,A2_20s,ADD_RUN_00492,BY2,ADDENDUM,D62_20s_seed_08,A2,seed_08,A06,AB1110,v2,error_series,semisynthetic,pitch_3sigma_deg,56642,56642,0,0,0,0,0.324740514,6.0000398189999995,0
ADD_RUN_00492__v2,A2_20s,ADD_RUN_00492,BY2,ADDENDUM,D62_20s_seed_08,A2,seed_08,A06,AB1110,v2,error_series,semisynthetic,yaw_3sigma_deg,56642,56642,0,0,0,0,0.5451265949999999,6.0000398189999995,0
ADD_RUN_00493__v3,A2_20s,ADD_RUN_00493,BY2,ADDENDUM,D62_20s_seed_08,A2,seed_08,A07,AB1100,v3,error_series,semisynthetic,time,56642,56642,0,0,0,0,66.005054,339.997056,0
ADD_RUN_00493__v3,A2_20s,ADD_RUN_00493,BY2,ADDENDUM,D62_20s_seed_08,A2,seed_08,A07,AB1100,v3,error_series,semisynthetic,err_n_m,56642,56642,0,0,0,0,-17.091167136029767,0.18086940508768024,39412
ADD_RUN_00493__v3,A2_20s,ADD_RUN_00493,BY2,ADDENDUM,D62_20s_seed_08,A2,seed_08,A07,AB1100,v3,error_series,semisynthetic,err_e_m,56642,56642,0,0,0,0,-2.138951396708288,2.4034597492133525,26241
ADD_RUN_00493__v3,A2_20s,ADD_RUN_00493,BY2,ADDENDUM,D62_20s_seed_08,A2,seed_08,A07,AB1100,v3,error_series,semisynthetic,err_u_m,56642,56642,0,0,0,0,-12.713319306370803,0.3415064349426196,39266
ADD_RUN_00493__v3,A2_20s,ADD_RUN_00493,BY2,ADDENDUM,D62_20s_seed_08,A2,seed_08,A07,AB1100,v3,error_series,semisynthetic,horizontal_err_m,56642,56642,0,0,0,0,8.387911682309977e-05,17.224491491744665,0
ADD_RUN_00493__v3,A2_20s,ADD_RUN_00493,BY2,ADDENDUM,D62_20s_seed_08,A2,seed_08,A07,AB1100,v3,error_series,semisynthetic,position_3d_err_m,56642,56642,0,0,0,0,0.0007300372745444099,21.408213258815525,0
ADD_RUN_00493__v3,A2_20s,ADD_RUN_00493,BY2,ADDENDUM,D62_20s_seed_08,A2,seed_08,A07,AB1100,v3,error_series,semisynthetic,roll_err_deg,56642,56642,0,0,0,0,-4.396649792563267,9.291092262296587,16204
ADD_RUN_00493__v3,A2_20s,ADD_RUN_00493,BY2,ADDENDUM,D62_20s_seed_08,A2,seed_08,A07,AB1100,v3,error_series,semisynthetic,pitch_err_deg,56642,56642,0,0,0,0,-9.986168537754452,8.46400124454263,37425
ADD_RUN_00493__v3,A2_20s,ADD_RUN_00493,BY2,ADDENDUM,D62_20s_seed_08,A2,seed_08,A07,AB1100,v3,error_series,semisynthetic,yaw_err_deg,56642,56642,0,0,0,0,-8.83539117723842,3.8108172472653052,42292
ADD_RUN_00493__v3,A2_20s,ADD_RUN_00493,BY2,ADDENDUM,D62_20s_seed_08,A2,seed_08,A07,AB1100,v3,error_series,semisynthetic,horizontal_3sigma_m,56642,56642,0,0,0,0,0.04654535031407929,43.02015344795971,0
ADD_RUN_00493__v3,A2_20s,ADD_RUN_00493,BY2,ADDENDUM,D62_20s_seed_08,A2,seed_08,A07,AB1100,v3,error_series,semisynthetic,roll_3sigma_deg,56642,56642,0,0,0,0,0.399458472,6.0000398189999995,0
ADD_RUN_00493__v3,A2_20s,ADD_RUN_00493,BY2,ADDENDUM,D62_20s_seed_08,A2,seed_08,A07,AB1100,v3,error_series,semisynthetic,pitch_3sigma_deg,56642,56642,0,0,0,0,0.407586231,6.0000398189999995,0
ADD_RUN_00493__v3,A2_20s,ADD_RUN_00493,BY2,ADDENDUM,D62_20s_seed_08,A2,seed_08,A07,AB1100,v3,error_series,semisynthetic,yaw_3sigma_deg,56642,56642,0,0,0,0,0.5453587950000001,6.0000398189999995,0
ADD_RUN_00493__v2,A2_20s,ADD_RUN_00493,BY2,ADDENDUM,D62_20s_seed_08,A2,seed_08,A07,AB1100,v2,error_series,semisynthetic,time,56642,56642,0,0,0,0,66.005054,339.997056,0
ADD_RUN_00493__v2,A2_20s,ADD_RUN_00493,BY2,ADDENDUM,D62_20s_seed_08,A2,seed_08,A07,AB1100,v2,error_series,semisynthetic,err_n_m,56642,56642,0,0,0,0,-17.0959979410259,0.22235268794209873,27874
ADD_RUN_00493__v2,A2_20s,ADD_RUN_00493,BY2,ADDENDUM,D62_20s_seed_08,A2,seed_08,A07,AB1100,v2,error_series,semisynthetic,err_e_m,56642,56642,0,0,0,0,-2.0109482812793704,2.450298361462309,27072
ADD_RUN_00493__v2,A2_20s,ADD_RUN_00493,BY2,ADDENDUM,D62_20s_seed_08,A2,seed_08,A07,AB1100,v2,error_series,semisynthetic,err_u_m,56642,56642,0,0,0,0,-13.023841793836326,0.04139467741025951,56600
ADD_RUN_00493__v2,A2_20s,ADD_RUN_00493,BY2,ADDENDUM,D62_20s_seed_08,A2,seed_08,A07,AB1100,v2,error_series,semisynthetic,horizontal_err_m,56642,56642,0,0,0,0,0.04731438644249634,17.213862396032514,0
ADD_RUN_00493__v2,A2_20s,ADD_RUN_00493,BY2,ADDENDUM,D62_20s_seed_08,A2,seed_08,A07,AB1100,v2,error_series,semisynthetic,position_3d_err_m,56642,56642,0,0,0,0,0.15486159198502578,21.585585784509536,0
ADD_RUN_00493__v2,A2_20s,ADD_RUN_00493,BY2,ADDENDUM,D62_20s_seed_08,A2,seed_08,A07,AB1100,v2,error_series,semisynthetic,roll_err_deg,56642,56642,0,0,0,0,-4.396649792563267,9.291092262296587,16204
ADD_RUN_00493__v2,A2_20s,ADD_RUN_00493,BY2,ADDENDUM,D62_20s_seed_08,A2,seed_08,A07,AB1100,v2,error_series,semisynthetic,pitch_err_deg,56642,56642,0,0,0,0,-9.986168537754452,8.46400124454263,37425
ADD_RUN_00493__v2,A2_20s,ADD_RUN_00493,BY2,ADDENDUM,D62_20s_seed_08,A2,seed_08,A07,AB1100,v2,error_series,semisynthetic,yaw_err_deg,56642,56642,0,0,0,0,-8.83539117723842,3.8108172472653052,42292
ADD_RUN_00493__v2,A2_20s,ADD_RUN_00493,BY2,ADDENDUM,D62_20s_seed_08,A2,seed_08,A07,AB1100,v2,error_series,semisynthetic,horizontal_3sigma_m,56642,56642,0,0,0,0,0.04654535031407929,43.02015344795971,0
ADD_RUN_00493__v2,A2_20s,ADD_RUN_00493,BY2,ADDENDUM,D62_20s_seed_08,A2,seed_08,A07,AB1100,v2,error_series,semisynthetic,roll_3sigma_deg,56642,56642,0,0,0,0,0.399458472,6.0000398189999995,0
ADD_RUN_00493__v2,A2_20s,ADD_RUN_00493,BY2,ADDENDUM,D62_20s_seed_08,A2,seed_08,A07,AB1100,v2,error_series,semisynthetic,pitch_3sigma_deg,56642,56642,0,0,0,0,0.407586231,6.0000398189999995,0
ADD_RUN_00493__v2,A2_20s,ADD_RUN_00493,BY2,ADDENDUM,D62_20s_seed_08,A2,seed_08,A07,AB1100,v2,error_series,semisynthetic,yaw_3sigma_deg,56642,56642,0,0,0,0,0.5453587950000001,6.0000398189999995,0
ADD_RUN_00494__v3,A2_20s,ADD_RUN_00494,BY2,ADDENDUM,D62_20s_seed_08,A2,seed_08,A08,AB1000,v3,error_series,semisynthetic,time,56642,56642,0,0,0,0,66.005054,339.997056,0
ADD_RUN_00494__v3,A2_20s,ADD_RUN_00494,BY2,ADDENDUM,D62_20s_seed_08,A2,seed_08,A08,AB1000,v3,error_series,semisynthetic,err_n_m,56642,56642,0,0,0,0,-17.069507008118833,0.18075831651626828,39176
ADD_RUN_00494__v3,A2_20s,ADD_RUN_00494,BY2,ADDENDUM,D62_20s_seed_08,A2,seed_08,A08,AB1000,v3,error_series,semisynthetic,err_e_m,56642,56642,0,0,0,0,-2.226511391190483,2.3701611939314393,26386
ADD_RUN_00494__v3,A2_20s,ADD_RUN_00494,BY2,ADDENDUM,D62_20s_seed_08,A2,seed_08,A08,AB1000,v3,error_series,semisynthetic,err_u_m,56642,56642,0,0,0,0,-12.70256079798417,0.3415064349426196,39187
ADD_RUN_00494__v3,A2_20s,ADD_RUN_00494,BY2,ADDENDUM,D62_20s_seed_08,A2,seed_08,A08,AB1000,v3,error_series,semisynthetic,horizontal_err_m,56642,56642,0,0,0,0,0.00015876875156834553,17.214105334734043,0
ADD_RUN_00494__v3,A2_20s,ADD_RUN_00494,BY2,ADDENDUM,D62_20s_seed_08,A2,seed_08,A08,AB1000,v3,error_series,semisynthetic,position_3d_err_m,56642,56642,0,0,0,0,0.0008634449348604873,21.393468005487172,0
ADD_RUN_00494__v3,A2_20s,ADD_RUN_00494,BY2,ADDENDUM,D62_20s_seed_08,A2,seed_08,A08,AB1000,v3,error_series,semisynthetic,roll_err_deg,56642,56642,0,0,0,0,-4.39600614756327,9.28726833029657,16232
ADD_RUN_00494__v3,A2_20s,ADD_RUN_00494,BY2,ADDENDUM,D62_20s_seed_08,A2,seed_08,A08,AB1000,v3,error_series,semisynthetic,pitch_err_deg,56642,56642,0,0,0,0,-9.984311964754454,8.464383034542635,37422
ADD_RUN_00494__v3,A2_20s,ADD_RUN_00494,BY2,ADDENDUM,D62_20s_seed_08,A2,seed_08,A08,AB1000,v3,error_series,semisynthetic,yaw_err_deg,56642,56642,0,0,0,0,-8.836913974238428,3.810318644265294,42317
ADD_RUN_00494__v3,A2_20s,ADD_RUN_00494,BY2,ADDENDUM,D62_20s_seed_08,A2,seed_08,A08,AB1000,v3,error_series,semisynthetic,horizontal_3sigma_m,56642,56642,0,0,0,0,0.046344483832472284,43.02005460247371,0
ADD_RUN_00494__v3,A2_20s,ADD_RUN_00494,BY2,ADDENDUM,D62_20s_seed_08,A2,seed_08,A08,AB1000,v3,error_series,semisynthetic,roll_3sigma_deg,56642,56642,0,0,0,0,0.39944921099999997,6.0000398189999995,0
ADD_RUN_00494__v3,A2_20s,ADD_RUN_00494,BY2,ADDENDUM,D62_20s_seed_08,A2,seed_08,A08,AB1000,v3,error_series,semisynthetic,pitch_3sigma_deg,56642,56642,0,0,0,0,0.407573619,6.0000398189999995,0
ADD_RUN_00494__v3,A2_20s,ADD_RUN_00494,BY2,ADDENDUM,D62_20s_seed_08,A2,seed_08,A08,AB1000,v3,error_series,semisynthetic,yaw_3sigma_deg,56642,56642,0,0,0,0,0.5452244430000001,6.0000398189999995,0
ADD_RUN_00494__v2,A2_20s,ADD_RUN_00494,BY2,ADDENDUM,D62_20s_seed_08,A2,seed_08,A08,AB1000,v2,error_series,semisynthetic,time,56642,56642,0,0,0,0,66.005054,339.997056,0
ADD_RUN_00494__v2,A2_20s,ADD_RUN_00494,BY2,ADDENDUM,D62_20s_seed_08,A2,seed_08,A08,AB1000,v2,error_series,semisynthetic,err_n_m,56642,56642,0,0,0,0,-17.074346285981072,0.22246372345168197,27642
ADD_RUN_00494__v2,A2_20s,ADD_RUN_00494,BY2,ADDENDUM,D62_20s_seed_08,A2,seed_08,A08,AB1000,v2,error_series,semisynthetic,err_e_m,56642,56642,0,0,0,0,-2.098497442344156,2.4107517623139962,27272
ADD_RUN_00494__v2,A2_20s,ADD_RUN_00494,BY2,ADDENDUM,D62_20s_seed_08,A2,seed_08,A08,AB1000,v2,error_series,semisynthetic,err_u_m,56642,56642,0,0,0,0,-13.013078686311854,0.04139467741025951,56600
ADD_RUN_00494__v2,A2_20s,ADD_RUN_00494,BY2,ADDENDUM,D62_20s_seed_08,A2,seed_08,A08,AB1000,v2,error_series,semisynthetic,horizontal_err_m,56642,56642,0,0,0,0,0.04548273069194867,17.20281932152752,0
ADD_RUN_00494__v2,A2_20s,ADD_RUN_00494,BY2,ADDENDUM,D62_20s_seed_08,A2,seed_08,A08,AB1000,v2,error_series,semisynthetic,position_3d_err_m,56642,56642,0,0,0,0,0.15479004869047863,21.570285336667766,0
ADD_RUN_00494__v2,A2_20s,ADD_RUN_00494,BY2,ADDENDUM,D62_20s_seed_08,A2,seed_08,A08,AB1000,v2,error_series,semisynthetic,roll_err_deg,56642,56642,0,0,0,0,-4.39600614756327,9.28726833029657,16232
ADD_RUN_00494__v2,A2_20s,ADD_RUN_00494,BY2,ADDENDUM,D62_20s_seed_08,A2,seed_08,A08,AB1000,v2,error_series,semisynthetic,pitch_err_deg,56642,56642,0,0,0,0,-9.984311964754454,8.464383034542635,37422
ADD_RUN_00494__v2,A2_20s,ADD_RUN_00494,BY2,ADDENDUM,D62_20s_seed_08,A2,seed_08,A08,AB1000,v2,error_series,semisynthetic,yaw_err_deg,56642,56642,0,0,0,0,-8.836913974238428,3.810318644265294,42317
ADD_RUN_00494__v2,A2_20s,ADD_RUN_00494,BY2,ADDENDUM,D62_20s_seed_08,A2,seed_08,A08,AB1000,v2,error_series,semisynthetic,horizontal_3sigma_m,56642,56642,0,0,0,0,0.046344483832472284,43.02005460247371,0
ADD_RUN_00494__v2,A2_20s,ADD_RUN_00494,BY2,ADDENDUM,D62_20s_seed_08,A2,seed_08,A08,AB1000,v2,error_series,semisynthetic,roll_3sigma_deg,56642,56642,0,0,0,0,0.39944921099999997,6.0000398189999995,0
ADD_RUN_00494__v2,A2_20s,ADD_RUN_00494,BY2,ADDENDUM,D62_20s_seed_08,A2,seed_08,A08,AB1000,v2,error_series,semisynthetic,pitch_3sigma_deg,56642,56642,0,0,0,0,0.407573619,6.0000398189999995,0
ADD_RUN_00494__v2,A2_20s,ADD_RUN_00494,BY2,ADDENDUM,D62_20s_seed_08,A2,seed_08,A08,AB1000,v2,error_series,semisynthetic,yaw_3sigma_deg,56642,56642,0,0,0,0,0.5452244430000001,6.0000398189999995,0
ADD_RUN_00495__v3,A2_20s,ADD_RUN_00495,BY2,ADDENDUM,D62_20s_seed_08,A2,seed_08,A09,AB0100,v3,error_series,semisynthetic,time,56642,56642,0,0,0,0,66.005054,339.997056,0
ADD_RUN_00495__v3,A2_20s,ADD_RUN_00495,BY2,ADDENDUM,D62_20s_seed_08,A2,seed_08,A09,AB0100,v3,error_series,semisynthetic,err_n_m,56642,56642,0,0,0,0,-17.020095326960572,0.18085214143543027,39661
ADD_RUN_00495__v3,A2_20s,ADD_RUN_00495,BY2,ADDENDUM,D62_20s_seed_08,A2,seed_08,A09,AB0100,v3,error_series,semisynthetic,err_e_m,56642,56642,0,0,0,0,-2.2083393323964984,2.3793612614087856,26543
ADD_RUN_00495__v3,A2_20s,ADD_RUN_00495,BY2,ADDENDUM,D62_20s_seed_08,A2,seed_08,A09,AB0100,v3,error_series,semisynthetic,err_u_m,56642,56642,0,0,0,0,-12.73610751013759,0.3415064349426196,39476
ADD_RUN_00495__v3,A2_20s,ADD_RUN_00495,BY2,ADDENDUM,D62_20s_seed_08,A2,seed_08,A09,AB0100,v3,error_series,semisynthetic,horizontal_err_m,56642,56642,0,0,0,0,0.0003235079658039625,17.162762235311497,0
ADD_RUN_00495__v3,A2_20s,ADD_RUN_00495,BY2,ADDENDUM,D62_20s_seed_08,A2,seed_08,A09,AB0100,v3,error_series,semisynthetic,position_3d_err_m,56642,56642,0,0,0,0,0.0011390434075983801,21.37215108629961,0
ADD_RUN_00495__v3,A2_20s,ADD_RUN_00495,BY2,ADDENDUM,D62_20s_seed_08,A2,seed_08,A09,AB0100,v3,error_series,semisynthetic,roll_err_deg,56642,56642,0,0,0,0,-4.395951929563267,9.286235740296576,16196
ADD_RUN_00495__v3,A2_20s,ADD_RUN_00495,BY2,ADDENDUM,D62_20s_seed_08,A2,seed_08,A09,AB0100,v3,error_series,semisynthetic,pitch_err_deg,56642,56642,0,0,0,0,-9.984585009754454,8.452458329542651,37463
ADD_RUN_00495__v3,A2_20s,ADD_RUN_00495,BY2,ADDENDUM,D62_20s_seed_08,A2,seed_08,A09,AB0100,v3,error_series,semisynthetic,yaw_err_deg,56642,56642,0,0,0,0,-8.839250366238417,3.8087338502652983,42230
ADD_RUN_00495__v3,A2_20s,ADD_RUN_00495,BY2,ADDENDUM,D62_20s_seed_08,A2,seed_08,A09,AB0100,v3,error_series,semisynthetic,horizontal_3sigma_m,56642,56642,0,0,0,0,0.046943777603695974,43.0203585642022,0
ADD_RUN_00495__v3,A2_20s,ADD_RUN_00495,BY2,ADDENDUM,D62_20s_seed_08,A2,seed_08,A09,AB0100,v3,error_series,semisynthetic,roll_3sigma_deg,56642,56642,0,0,0,0,0.399507849,6.0000398189999995,0
ADD_RUN_00495__v3,A2_20s,ADD_RUN_00495,BY2,ADDENDUM,D62_20s_seed_08,A2,seed_08,A09,AB0100,v3,error_series,semisynthetic,pitch_3sigma_deg,56642,56642,0,0,0,0,0.407620914,6.0000398189999995,0
ADD_RUN_00495__v3,A2_20s,ADD_RUN_00495,BY2,ADDENDUM,D62_20s_seed_08,A2,seed_08,A09,AB0100,v3,error_series,semisynthetic,yaw_3sigma_deg,56642,56642,0,0,0,0,0.545415762,6.0000398189999995,0
ADD_RUN_00495__v2,A2_20s,ADD_RUN_00495,BY2,ADDENDUM,D62_20s_seed_08,A2,seed_08,A09,AB0100,v2,error_series,semisynthetic,time,56642,56642,0,0,0,0,66.005054,339.997056,0
ADD_RUN_00495__v2,A2_20s,ADD_RUN_00495,BY2,ADDENDUM,D62_20s_seed_08,A2,seed_08,A09,AB0100,v2,error_series,semisynthetic,err_n_m,56642,56642,0,0,0,0,-17.0249354598227,0.21944779768993605,28141
ADD_RUN_00495__v2,A2_20s,ADD_RUN_00495,BY2,ADDENDUM,D62_20s_seed_08,A2,seed_08,A09,AB0100,v2,error_series,semisynthetic,err_e_m,56642,56642,0,0,0,0,-2.080304335545934,2.4215138915079706,26845
ADD_RUN_00495__v2,A2_20s,ADD_RUN_00495,BY2,ADDENDUM,D62_20s_seed_08,A2,seed_08,A09,AB0100,v2,error_series,semisynthetic,err_u_m,56642,56642,0,0,0,0,-13.046616708346665,0.04139467741025951,56600
ADD_RUN_00495__v2,A2_20s,ADD_RUN_00495,BY2,ADDENDUM,D62_20s_seed_08,A2,seed_08,A09,AB0100,v2,error_series,semisynthetic,horizontal_err_m,56642,56642,0,0,0,0,0.047079556892685066,17.15156242269548,0
ADD_RUN_00495__v2,A2_20s,ADD_RUN_00495,BY2,ADDENDUM,D62_20s_seed_08,A2,seed_08,A09,AB0100,v2,error_series,semisynthetic,position_3d_err_m,56642,56642,0,0,0,0,0.15593982983649046,21.549716960418063,0
ADD_RUN_00495__v2,A2_20s,ADD_RUN_00495,BY2,ADDENDUM,D62_20s_seed_08,A2,seed_08,A09,AB0100,v2,error_series,semisynthetic,roll_err_deg,56642,56642,0,0,0,0,-4.395951929563267,9.286235740296576,16196
ADD_RUN_00495__v2,A2_20s,ADD_RUN_00495,BY2,ADDENDUM,D62_20s_seed_08,A2,seed_08,A09,AB0100,v2,error_series,semisynthetic,pitch_err_deg,56642,56642,0,0,0,0,-9.984585009754454,8.452458329542651,37463
ADD_RUN_00495__v2,A2_20s,ADD_RUN_00495,BY2,ADDENDUM,D62_20s_seed_08,A2,seed_08,A09,AB0100,v2,error_series,semisynthetic,yaw_err_deg,56642,56642,0,0,0,0,-8.839250366238417,3.8087338502652983,42230
ADD_RUN_00495__v2,A2_20s,ADD_RUN_00495,BY2,ADDENDUM,D62_20s_seed_08,A2,seed_08,A09,AB0100,v2,error_series,semisynthetic,horizontal_3sigma_m,56642,56642,0,0,0,0,0.046943777603695974,43.0203585642022,0
ADD_RUN_00495__v2,A2_20s,ADD_RUN_00495,BY2,ADDENDUM,D62_20s_seed_08,A2,seed_08,A09,AB0100,v2,error_series,semisynthetic,roll_3sigma_deg,56642,56642,0,0,0,0,0.399507849,6.0000398189999995,0
ADD_RUN_00495__v2,A2_20s,ADD_RUN_00495,BY2,ADDENDUM,D62_20s_seed_08,A2,seed_08,A09,AB0100,v2,error_series,semisynthetic,pitch_3sigma_deg,56642,56642,0,0,0,0,0.407620914,6.0000398189999995,0
ADD_RUN_00495__v2,A2_20s,ADD_RUN_00495,BY2,ADDENDUM,D62_20s_seed_08,A2,seed_08,A09,AB0100,v2,error_series,semisynthetic,yaw_3sigma_deg,56642,56642,0,0,0,0,0.545415762,6.0000398189999995,0
