run_id,method_id,data_mode,synthetic_data_used,semisynthetic_data_used,evidence_type,finding,witness_key,event_seq,event_type,source_path,json_pointer,field,source_value,unit,status,note
RUN_00003,F03,real_clean,false,false,replay_observed_snapshot_transcription,N11,N11:VELOCITY_KINEMATICS:2:True:False,282,VELOCITY_KINEMATICS,<MECHANISM_ROOT>/analysis/RUN_00003/schedule/SCHEDULE_WITNESSES.json,/N11:VELOCITY_KINEMATICS:2:True:False/event/data/context/source,context/source,"""receiver_velocity""",source_id,RECORDED_VALUE,First existing witness of its res/compensated/bias class; no extremum selection or correction calculation.
RUN_00003,F03,real_clean,false,false,replay_observed_snapshot_transcription,N11,N11:VELOCITY_KINEMATICS:2:True:False,282,VELOCITY_KINEMATICS,<MECHANISM_ROOT>/analysis/RUN_00003/schedule/SCHEDULE_WITNESSES.json,/N11:VELOCITY_KINEMATICS:2:True:False/event/data/context/row_id,context/row_id,-1,zero_based_loaded_vector_or_-1,RECORDED_VALUE,First existing witness of its res/compensated/bias class; no extremum selection or correction calculation.
RUN_00003,F03,real_clean,false,false,replay_observed_snapshot_transcription,N11,N11:VELOCITY_KINEMATICS:2:True:False,282,VELOCITY_KINEMATICS,<MECHANISM_ROOT>/analysis/RUN_00003/schedule/SCHEDULE_WITNESSES.json,/N11:VELOCITY_KINEMATICS:2:True:False/event/data/context/res,context/res,2,branch_id,RECORDED_VALUE,First existing witness of its res/compensated/bias class; no extremum selection or correction calculation.
RUN_00003,F03,real_clean,false,false,replay_observed_snapshot_transcription,N11,N11:VELOCITY_KINEMATICS:2:True:False,282,VELOCITY_KINEMATICS,<MECHANISM_ROOT>/analysis/RUN_00003/schedule/SCHEDULE_WITNESSES.json,/N11:VELOCITY_KINEMATICS:2:True:False/event/data/context/gnss_input_seq,context/gnss_input_seq,1,count,RECORDED_VALUE,First existing witness of its res/compensated/bias class; no extremum selection or correction calculation.
RUN_00003,F03,real_clean,false,false,replay_observed_snapshot_transcription,N11,N11:VELOCITY_KINEMATICS:2:True:False,282,VELOCITY_KINEMATICS,<MECHANISM_ROOT>/analysis/RUN_00003/schedule/SCHEDULE_WITNESSES.json,/N11:VELOCITY_KINEMATICS:2:True:False/event/data/context/measurement_attempt_seq,context/measurement_attempt_seq,3,count,RECORDED_VALUE,First existing witness of its res/compensated/bias class; no extremum selection or correction calculation.
RUN_00003,F03,real_clean,false,false,replay_observed_snapshot_transcription,N11,N11:VELOCITY_KINEMATICS:2:True:False,282,VELOCITY_KINEMATICS,<MECHANISM_ROOT>/analysis/RUN_00003/schedule/SCHEDULE_WITNESSES.json,/N11:VELOCITY_KINEMATICS:2:True:False/event/data/context/gnss_time,context/gnss_time,66.200000048,s,RECORDED_VALUE,First existing witness of its res/compensated/bias class; no extremum selection or correction calculation.
RUN_00003,F03,real_clean,false,false,replay_observed_snapshot_transcription,N11,N11:VELOCITY_KINEMATICS:2:True:False,282,VELOCITY_KINEMATICS,<MECHANISM_ROOT>/analysis/RUN_00003/schedule/SCHEDULE_WITNESSES.json,/N11:VELOCITY_KINEMATICS:2:True:False/event/data/context/measurement_time,context/measurement_time,66.200000048,s,RECORDED_VALUE,First existing witness of its res/compensated/bias class; no extremum selection or correction calculation.
RUN_00003,F03,real_clean,false,false,replay_observed_snapshot_transcription,N11,N11:VELOCITY_KINEMATICS:2:True:False,282,VELOCITY_KINEMATICS,<MECHANISM_ROOT>/analysis/RUN_00003/schedule/SCHEDULE_WITNESSES.json,/N11:VELOCITY_KINEMATICS:2:True:False/event/data/context/imu_previous_time,context/imu_previous_time,66.19706,s,RECORDED_VALUE,First existing witness of its res/compensated/bias class; no extremum selection or correction calculation.
RUN_00003,F03,real_clean,false,false,replay_observed_snapshot_transcription,N11,N11:VELOCITY_KINEMATICS:2:True:False,282,VELOCITY_KINEMATICS,<MECHANISM_ROOT>/analysis/RUN_00003/schedule/SCHEDULE_WITNESSES.json,/N11:VELOCITY_KINEMATICS:2:True:False/event/data/context/imu_current_time,context/imu_current_time,66.199046,s,RECORDED_VALUE,First existing witness of its res/compensated/bias class; no extremum selection or correction calculation.
RUN_00003,F03,real_clean,false,false,replay_observed_snapshot_transcription,N11,N11:VELOCITY_KINEMATICS:2:True:False,282,VELOCITY_KINEMATICS,<MECHANISM_ROOT>/analysis/RUN_00003/schedule/SCHEDULE_WITNESSES.json,/N11:VELOCITY_KINEMATICS:2:True:False/event/data/context/state_time,context/state_time,66.199046,s,RECORDED_VALUE,First existing witness of its res/compensated/bias class; no extremum selection or correction calculation.
RUN_00003,F03,real_clean,false,false,replay_observed_snapshot_transcription,N11,N11:VELOCITY_KINEMATICS:2:True:False,282,VELOCITY_KINEMATICS,<MECHANISM_ROOT>/analysis/RUN_00003/schedule/SCHEDULE_WITNESSES.json,/N11:VELOCITY_KINEMATICS:2:True:False/event/data/context/yaw_attempt_count,context/yaw_attempt_count,1,count,RECORDED_VALUE,First existing witness of its res/compensated/bias class; no extremum selection or correction calculation.
RUN_00003,F03,real_clean,false,false,replay_observed_snapshot_transcription,N11,N11:VELOCITY_KINEMATICS:2:True:False,282,VELOCITY_KINEMATICS,<MECHANISM_ROOT>/analysis/RUN_00003/schedule/SCHEDULE_WITNESSES.json,/N11:VELOCITY_KINEMATICS:2:True:False/event/data/context/yaw_reject_count,context/yaw_reject_count,0,count,RECORDED_VALUE,First existing witness of its res/compensated/bias class; no extremum selection or correction calculation.
RUN_00003,F03,real_clean,false,false,replay_observed_snapshot_transcription,N11,N11:VELOCITY_KINEMATICS:2:True:False,282,VELOCITY_KINEMATICS,<MECHANISM_ROOT>/analysis/RUN_00003/schedule/SCHEDULE_WITNESSES.json,/N11:VELOCITY_KINEMATICS:2:True:False/event/data/snapshot/actual_dt_used,snapshot/actual_dt_used,0.0019860000000022637,s,RECORDED_VALUE,First existing witness of its res/compensated/bias class; no extremum selection or correction calculation.
RUN_00003,F03,real_clean,false,false,replay_observed_snapshot_transcription,N11,N11:VELOCITY_KINEMATICS:2:True:False,282,VELOCITY_KINEMATICS,<MECHANISM_ROOT>/analysis/RUN_00003/schedule/SCHEDULE_WITNESSES.json,/N11:VELOCITY_KINEMATICS:2:True:False/event/data/snapshot/actual_omega_b,snapshot/actual_omega_b,"[0.1599446122858197,-0.04716012084586769,-0.2929959718022843]",rad/s,RECORDED_VALUE,First existing witness of its res/compensated/bias class; no extremum selection or correction calculation.
RUN_00003,F03,real_clean,false,false,replay_observed_snapshot_transcription,N11,N11:VELOCITY_KINEMATICS:2:True:False,282,VELOCITY_KINEMATICS,<MECHANISM_ROOT>/analysis/RUN_00003/schedule/SCHEDULE_WITNESSES.json,/N11:VELOCITY_KINEMATICS:2:True:False/event/data/snapshot,snapshot/actual_lever_velocity,UNKNOWN_NOT_RECORDED_IN_THIS_EVENT,m/s,NOT_RECORDED,Field is absent; pointer resolves its actual containing snapshot. No subtraction or other replacement calculation.
RUN_00003,F03,real_clean,false,false,replay_observed_snapshot_transcription,N11,N11:VELOCITY_KINEMATICS:2:True:False,282,VELOCITY_KINEMATICS,<MECHANISM_ROOT>/analysis/RUN_00003/schedule/SCHEDULE_WITNESSES.json,/N11:VELOCITY_KINEMATICS:2:True:False/event/data/snapshot/actual_antenna_velocity,snapshot/actual_antenna_velocity,"[0.14960779694985157,0.06892230090441957,-0.07407061509555656]",m/s,RECORDED_VALUE,First existing witness of its res/compensated/bias class; no extremum selection or correction calculation.
RUN_00003,F03,real_clean,false,false,replay_observed_snapshot_transcription,N11,N11:VELOCITY_KINEMATICS:2:True:False,282,VELOCITY_KINEMATICS,<MECHANISM_ROOT>/analysis/RUN_00003/schedule/SCHEDULE_WITNESSES.json,/N11:VELOCITY_KINEMATICS:2:True:False/event/data/snapshot/imu_at_update/time,snapshot/imu_at_update/time,66.199046,s,RECORDED_VALUE,First existing witness of its res/compensated/bias class; no extremum selection or correction calculation.
RUN_00003,F03,real_clean,false,false,replay_observed_snapshot_transcription,N11,N11:VELOCITY_KINEMATICS:2:True:False,282,VELOCITY_KINEMATICS,<MECHANISM_ROOT>/analysis/RUN_00003/schedule/SCHEDULE_WITNESSES.json,/N11:VELOCITY_KINEMATICS:2:True:False/event/data/snapshot/imu_at_update/dt,snapshot/imu_at_update/dt,0.0019860000000022637,s,RECORDED_VALUE,First existing witness of its res/compensated/bias class; no extremum selection or correction calculation.
RUN_00003,F03,real_clean,false,false,replay_observed_snapshot_transcription,N11,N11:VELOCITY_KINEMATICS:2:True:False,282,VELOCITY_KINEMATICS,<MECHANISM_ROOT>/analysis/RUN_00003/schedule/SCHEDULE_WITNESSES.json,/N11:VELOCITY_KINEMATICS:2:True:False/event/data/snapshot/imu_at_update/dtheta,snapshot/imu_at_update/dtheta,"[0.00031765,-0.00009366,-0.00058189]",rad,RECORDED_VALUE,First existing witness of its res/compensated/bias class; no extremum selection or correction calculation.
RUN_00003,F03,real_clean,false,false,replay_observed_snapshot_transcription,N11,N11:VELOCITY_KINEMATICS:2:True:False,282,VELOCITY_KINEMATICS,<MECHANISM_ROOT>/analysis/RUN_00003/schedule/SCHEDULE_WITNESSES.json,/N11:VELOCITY_KINEMATICS:2:True:False/event/data/snapshot/imu_at_update/dvel,snapshot/imu_at_update/dvel,"[-0.0006199,-0.00013523,-0.01729383]",m/s,RECORDED_VALUE,First existing witness of its res/compensated/bias class; no extremum selection or correction calculation.
RUN_00003,F03,real_clean,false,false,replay_observed_snapshot_transcription,N11,N11:VELOCITY_KINEMATICS:2:True:False,282,VELOCITY_KINEMATICS,<MECHANISM_ROOT>/analysis/RUN_00003/schedule/SCHEDULE_WITNESSES.json,/N11:VELOCITY_KINEMATICS:2:True:False/event/data/snapshot/imu_at_update/compensated,snapshot/imu_at_update/compensated,true,boolean,RECORDED_VALUE,First existing witness of its res/compensated/bias class; no extremum selection or correction calculation.
RUN_00003,F03,real_clean,false,false,replay_observed_snapshot_transcription,N11,N11:VELOCITY_KINEMATICS:2:True:False,282,VELOCITY_KINEMATICS,<MECHANISM_ROOT>/analysis/RUN_00003/schedule/SCHEDULE_WITNESSES.json,/N11:VELOCITY_KINEMATICS:2:True:False/event/data/snapshot/state/time,snapshot/state/time,66.199046,s,RECORDED_VALUE,First existing witness of its res/compensated/bias class; no extremum selection or correction calculation.
RUN_00003,F03,real_clean,false,false,replay_observed_snapshot_transcription,N11;N01;N02,N11:VELOCITY_KINEMATICS:2:True:False,282,VELOCITY_KINEMATICS,<MECHANISM_ROOT>/analysis/RUN_00003/schedule/SCHEDULE_WITNESSES.json,/N11:VELOCITY_KINEMATICS:2:True:False/event/data/snapshot/state/rpy_rad,snapshot/state/rpy_rad,"[0.001209029448133376,-0.0007603463065303529,6.271349116813819]",rad,RECORDED_VALUE,First existing witness of its res/compensated/bias class; no extremum selection or correction calculation.
RUN_00003,F03,real_clean,false,false,replay_observed_snapshot_transcription,N11,N11:VELOCITY_KINEMATICS:2:True:False,282,VELOCITY_KINEMATICS,<MECHANISM_ROOT>/analysis/RUN_00003/schedule/SCHEDULE_WITNESSES.json,/N11:VELOCITY_KINEMATICS:2:True:False/event/data/snapshot/state/gyr_bias,snapshot/state/gyr_bias,"[0,0,0]",rad/s,RECORDED_VALUE,First existing witness of its res/compensated/bias class; no extremum selection or correction calculation.
RUN_00003,F03,real_clean,false,false,replay_observed_snapshot_transcription,N11,N11:VELOCITY_KINEMATICS:2:True:False,282,VELOCITY_KINEMATICS,<MECHANISM_ROOT>/analysis/RUN_00003/schedule/SCHEDULE_WITNESSES.json,/N11:VELOCITY_KINEMATICS:2:True:False/event/data/snapshot/state/acc_bias,snapshot/state/acc_bias,"[0,0,0]",m/s^2,RECORDED_VALUE,First existing witness of its res/compensated/bias class; no extremum selection or correction calculation.
RUN_00003,F03,real_clean,false,false,replay_observed_snapshot_transcription,N11,N11:VELOCITY_KINEMATICS:2:True:False,282,VELOCITY_KINEMATICS,<MECHANISM_ROOT>/analysis/RUN_00003/schedule/SCHEDULE_WITNESSES.json,/N11:VELOCITY_KINEMATICS:2:True:False/event/data/snapshot/state/gyr_scale,snapshot/state/gyr_scale,"[0,0,0]",dimensionless,RECORDED_VALUE,First existing witness of its res/compensated/bias class; no extremum selection or correction calculation.
RUN_00003,F03,real_clean,false,false,replay_observed_snapshot_transcription,N11,N11:VELOCITY_KINEMATICS:2:True:False,282,VELOCITY_KINEMATICS,<MECHANISM_ROOT>/analysis/RUN_00003/schedule/SCHEDULE_WITNESSES.json,/N11:VELOCITY_KINEMATICS:2:True:False/event/data/snapshot/state/acc_scale,snapshot/state/acc_scale,"[0,0,0]",dimensionless,RECORDED_VALUE,First existing witness of its res/compensated/bias class; no extremum selection or correction calculation.
RUN_00003,F03,real_clean,false,false,replay_observed_snapshot_transcription,N11,N11:VELOCITY_KINEMATICS:2:True:False,282,VELOCITY_KINEMATICS,<MECHANISM_ROOT>/analysis/RUN_00003/schedule/SCHEDULE_WITNESSES.json,/N11:VELOCITY_KINEMATICS:2:True:False/event/data/snapshot/state/antlever_m,snapshot/state/antlever_m,"[0.03,0.03,-0.3]",m,RECORDED_VALUE,First existing witness of its res/compensated/bias class; no extremum selection or correction calculation.
RUN_00003,F03,real_clean,false,false,replay_observed_snapshot_transcription,N11;N01;N02,N11:VELOCITY_KINEMATICS:2:True:False,282,VELOCITY_KINEMATICS,<MECHANISM_ROOT>/analysis/RUN_00003/schedule/SCHEDULE_WITNESSES.json,/N11:VELOCITY_KINEMATICS:2:True:False/event/data/snapshot/state/Cbn,snapshot/state/Cbn,"[[0.9999296640735978,0.011834986134772251,-0.0007746023827911701],[-0.011835910580400347,0.9999292331722983,-0.001199945078807939],[0.0007603462332676296,0.0012090288040972706,0.9999989800609581]]",dimensionless,RECORDED_VALUE,First existing witness of its res/compensated/bias class; no extremum selection or correction calculation.
RUN_00003,F03,real_clean,false,false,replay_observed_snapshot_transcription,N11,N11:VELOCITY_KINEMATICS:3:False:True,562,VELOCITY_KINEMATICS,<MECHANISM_ROOT>/analysis/RUN_00003/schedule/SCHEDULE_WITNESSES.json,/N11:VELOCITY_KINEMATICS:3:False:True/event/data/context/source,context/source,"""receiver_velocity""",source_id,RECORDED_VALUE,First existing witness of its res/compensated/bias class; no extremum selection or correction calculation.
RUN_00003,F03,real_clean,false,false,replay_observed_snapshot_transcription,N11,N11:VELOCITY_KINEMATICS:3:False:True,562,VELOCITY_KINEMATICS,<MECHANISM_ROOT>/analysis/RUN_00003/schedule/SCHEDULE_WITNESSES.json,/N11:VELOCITY_KINEMATICS:3:False:True/event/data/context/row_id,context/row_id,-1,zero_based_loaded_vector_or_-1,RECORDED_VALUE,First existing witness of its res/compensated/bias class; no extremum selection or correction calculation.
RUN_00003,F03,real_clean,false,false,replay_observed_snapshot_transcription,N11,N11:VELOCITY_KINEMATICS:3:False:True,562,VELOCITY_KINEMATICS,<MECHANISM_ROOT>/analysis/RUN_00003/schedule/SCHEDULE_WITNESSES.json,/N11:VELOCITY_KINEMATICS:3:False:True/event/data/context/res,context/res,3,branch_id,RECORDED_VALUE,First existing witness of its res/compensated/bias class; no extremum selection or correction calculation.
RUN_00003,F03,real_clean,false,false,replay_observed_snapshot_transcription,N11,N11:VELOCITY_KINEMATICS:3:False:True,562,VELOCITY_KINEMATICS,<MECHANISM_ROOT>/analysis/RUN_00003/schedule/SCHEDULE_WITNESSES.json,/N11:VELOCITY_KINEMATICS:3:False:True/event/data/context/gnss_input_seq,context/gnss_input_seq,2,count,RECORDED_VALUE,First existing witness of its res/compensated/bias class; no extremum selection or correction calculation.
RUN_00003,F03,real_clean,false,false,replay_observed_snapshot_transcription,N11,N11:VELOCITY_KINEMATICS:3:False:True,562,VELOCITY_KINEMATICS,<MECHANISM_ROOT>/analysis/RUN_00003/schedule/SCHEDULE_WITNESSES.json,/N11:VELOCITY_KINEMATICS:3:False:True/event/data/context/measurement_attempt_seq,context/measurement_attempt_seq,9,count,RECORDED_VALUE,First existing witness of its res/compensated/bias class; no extremum selection or correction calculation.
RUN_00003,F03,real_clean,false,false,replay_observed_snapshot_transcription,N11,N11:VELOCITY_KINEMATICS:3:False:True,562,VELOCITY_KINEMATICS,<MECHANISM_ROOT>/analysis/RUN_00003/schedule/SCHEDULE_WITNESSES.json,/N11:VELOCITY_KINEMATICS:3:False:True/event/data/context/gnss_time,context/gnss_time,66.400000095,s,RECORDED_VALUE,First existing witness of its res/compensated/bias class; no extremum selection or correction calculation.
RUN_00003,F03,real_clean,false,false,replay_observed_snapshot_transcription,N11,N11:VELOCITY_KINEMATICS:3:False:True,562,VELOCITY_KINEMATICS,<MECHANISM_ROOT>/analysis/RUN_00003/schedule/SCHEDULE_WITNESSES.json,/N11:VELOCITY_KINEMATICS:3:False:True/event/data/context/measurement_time,context/measurement_time,66.400000095,s,RECORDED_VALUE,First existing witness of its res/compensated/bias class; no extremum selection or correction calculation.
RUN_00003,F03,real_clean,false,false,replay_observed_snapshot_transcription,N11,N11:VELOCITY_KINEMATICS:3:False:True,562,VELOCITY_KINEMATICS,<MECHANISM_ROOT>/analysis/RUN_00003/schedule/SCHEDULE_WITNESSES.json,/N11:VELOCITY_KINEMATICS:3:False:True/event/data/context/imu_previous_time,context/imu_previous_time,66.397071,s,RECORDED_VALUE,First existing witness of its res/compensated/bias class; no extremum selection or correction calculation.
RUN_00003,F03,real_clean,false,false,replay_observed_snapshot_transcription,N11,N11:VELOCITY_KINEMATICS:3:False:True,562,VELOCITY_KINEMATICS,<MECHANISM_ROOT>/analysis/RUN_00003/schedule/SCHEDULE_WITNESSES.json,/N11:VELOCITY_KINEMATICS:3:False:True/event/data/context/imu_current_time,context/imu_current_time,66.403074,s,RECORDED_VALUE,First existing witness of its res/compensated/bias class; no extremum selection or correction calculation.
RUN_00003,F03,real_clean,false,false,replay_observed_snapshot_transcription,N11,N11:VELOCITY_KINEMATICS:3:False:True,562,VELOCITY_KINEMATICS,<MECHANISM_ROOT>/analysis/RUN_00003/schedule/SCHEDULE_WITNESSES.json,/N11:VELOCITY_KINEMATICS:3:False:True/event/data/context/state_time,context/state_time,66.400000095,s,RECORDED_VALUE,First existing witness of its res/compensated/bias class; no extremum selection or correction calculation.
RUN_00003,F03,real_clean,false,false,replay_observed_snapshot_transcription,N11,N11:VELOCITY_KINEMATICS:3:False:True,562,VELOCITY_KINEMATICS,<MECHANISM_ROOT>/analysis/RUN_00003/schedule/SCHEDULE_WITNESSES.json,/N11:VELOCITY_KINEMATICS:3:False:True/event/data/context/yaw_attempt_count,context/yaw_attempt_count,2,count,RECORDED_VALUE,First existing witness of its res/compensated/bias class; no extremum selection or correction calculation.
RUN_00003,F03,real_clean,false,false,replay_observed_snapshot_transcription,N11,N11:VELOCITY_KINEMATICS:3:False:True,562,VELOCITY_KINEMATICS,<MECHANISM_ROOT>/analysis/RUN_00003/schedule/SCHEDULE_WITNESSES.json,/N11:VELOCITY_KINEMATICS:3:False:True/event/data/context/yaw_reject_count,context/yaw_reject_count,0,count,RECORDED_VALUE,First existing witness of its res/compensated/bias class; no extremum selection or correction calculation.
RUN_00003,F03,real_clean,false,false,replay_observed_snapshot_transcription,N11,N11:VELOCITY_KINEMATICS:3:False:True,562,VELOCITY_KINEMATICS,<MECHANISM_ROOT>/analysis/RUN_00003/schedule/SCHEDULE_WITNESSES.json,/N11:VELOCITY_KINEMATICS:3:False:True/event/data/snapshot/actual_dt_used,snapshot/actual_dt_used,0.003073905000007926,s,RECORDED_VALUE,First existing witness of its res/compensated/bias class; no extremum selection or correction calculation.
RUN_00003,F03,real_clean,false,false,replay_observed_snapshot_transcription,N11,N11:VELOCITY_KINEMATICS:3:False:True,562,VELOCITY_KINEMATICS,<MECHANISM_ROOT>/analysis/RUN_00003/schedule/SCHEDULE_WITNESSES.json,/N11:VELOCITY_KINEMATICS:3:False:True/event/data/snapshot/actual_omega_b,snapshot/actual_omega_b,"[-0.38864067965972554,0.19575712143905652,0.5007146426780882]",rad/s,RECORDED_VALUE,First existing witness of its res/compensated/bias class; no extremum selection or correction calculation.
RUN_00003,F03,real_clean,false,false,replay_observed_snapshot_transcription,N11,N11:VELOCITY_KINEMATICS:3:False:True,562,VELOCITY_KINEMATICS,<MECHANISM_ROOT>/analysis/RUN_00003/schedule/SCHEDULE_WITNESSES.json,/N11:VELOCITY_KINEMATICS:3:False:True/event/data/snapshot,snapshot/actual_lever_velocity,UNKNOWN_NOT_RECORDED_IN_THIS_EVENT,m/s,NOT_RECORDED,Field is absent; pointer resolves its actual containing snapshot. No subtraction or other replacement calculation.
RUN_00003,F03,real_clean,false,false,replay_observed_snapshot_transcription,N11,N11:VELOCITY_KINEMATICS:3:False:True,562,VELOCITY_KINEMATICS,<MECHANISM_ROOT>/analysis/RUN_00003/schedule/SCHEDULE_WITNESSES.json,/N11:VELOCITY_KINEMATICS:3:False:True/event/data/snapshot/actual_antenna_velocity,snapshot/actual_antenna_velocity,"[0.8013199824754833,-0.2955227640964576,0.09906802870741757]",m/s,RECORDED_VALUE,First existing witness of its res/compensated/bias class; no extremum selection or correction calculation.
RUN_00003,F03,real_clean,false,false,replay_observed_snapshot_transcription,N11,N11:VELOCITY_KINEMATICS:3:False:True,562,VELOCITY_KINEMATICS,<MECHANISM_ROOT>/analysis/RUN_00003/schedule/SCHEDULE_WITNESSES.json,/N11:VELOCITY_KINEMATICS:3:False:True/event/data/snapshot/imu_at_update/time,snapshot/imu_at_update/time,66.403074,s,RECORDED_VALUE,First existing witness of its res/compensated/bias class; no extremum selection or correction calculation.
RUN_00003,F03,real_clean,false,false,replay_observed_snapshot_transcription,N11,N11:VELOCITY_KINEMATICS:3:False:True,562,VELOCITY_KINEMATICS,<MECHANISM_ROOT>/analysis/RUN_00003/schedule/SCHEDULE_WITNESSES.json,/N11:VELOCITY_KINEMATICS:3:False:True/event/data/snapshot/imu_at_update/dt,snapshot/imu_at_update/dt,0.003073905000007926,s,RECORDED_VALUE,First existing witness of its res/compensated/bias class; no extremum selection or correction calculation.
RUN_00003,F03,real_clean,false,false,replay_observed_snapshot_transcription,N11,N11:VELOCITY_KINEMATICS:3:False:True,562,VELOCITY_KINEMATICS,<MECHANISM_ROOT>/analysis/RUN_00003/schedule/SCHEDULE_WITNESSES.json,/N11:VELOCITY_KINEMATICS:3:False:True/event/data/snapshot/imu_at_update/dtheta,snapshot/imu_at_update/dtheta,"[-0.001194644528412509,0.0006017387943786746,0.0015391492437053572]",rad,RECORDED_VALUE,First existing witness of its res/compensated/bias class; no extremum selection or correction calculation.
RUN_00003,F03,real_clean,false,false,replay_observed_snapshot_transcription,N11,N11:VELOCITY_KINEMATICS:3:False:True,562,VELOCITY_KINEMATICS,<MECHANISM_ROOT>/analysis/RUN_00003/schedule/SCHEDULE_WITNESSES.json,/N11:VELOCITY_KINEMATICS:3:False:True/event/data/snapshot/imu_at_update/dvel,snapshot/imu_at_update/dvel,"[-0.0022532496862850923,-0.019598953032187047,-0.020839386097181327]",m/s,RECORDED_VALUE,First existing witness of its res/compensated/bias class; no extremum selection or correction calculation.
RUN_00003,F03,real_clean,false,false,replay_observed_snapshot_transcription,N11,N11:VELOCITY_KINEMATICS:3:False:True,562,VELOCITY_KINEMATICS,<MECHANISM_ROOT>/analysis/RUN_00003/schedule/SCHEDULE_WITNESSES.json,/N11:VELOCITY_KINEMATICS:3:False:True/event/data/snapshot/imu_at_update/compensated,snapshot/imu_at_update/compensated,false,boolean,RECORDED_VALUE,First existing witness of its res/compensated/bias class; no extremum selection or correction calculation.
RUN_00003,F03,real_clean,false,false,replay_observed_snapshot_transcription,N11,N11:VELOCITY_KINEMATICS:3:False:True,562,VELOCITY_KINEMATICS,<MECHANISM_ROOT>/analysis/RUN_00003/schedule/SCHEDULE_WITNESSES.json,/N11:VELOCITY_KINEMATICS:3:False:True/event/data/snapshot/state/time,snapshot/state/time,66.400000095,s,RECORDED_VALUE,First existing witness of its res/compensated/bias class; no extremum selection or correction calculation.
RUN_00003,F03,real_clean,false,false,replay_observed_snapshot_transcription,N11;N01;N02,N11:VELOCITY_KINEMATICS:3:False:True,562,VELOCITY_KINEMATICS,<MECHANISM_ROOT>/analysis/RUN_00003/schedule/SCHEDULE_WITNESSES.json,/N11:VELOCITY_KINEMATICS:3:False:True/event/data/snapshot/state/rpy_rad,snapshot/state/rpy_rad,"[0.02381539616962096,-0.0028144185551707565,6.276137516271896]",rad,RECORDED_VALUE,First existing witness of its res/compensated/bias class; no extremum selection or correction calculation.
RUN_00003,F03,real_clean,false,false,replay_observed_snapshot_transcription,N11,N11:VELOCITY_KINEMATICS:3:False:True,562,VELOCITY_KINEMATICS,<MECHANISM_ROOT>/analysis/RUN_00003/schedule/SCHEDULE_WITNESSES.json,/N11:VELOCITY_KINEMATICS:3:False:True/event/data/snapshot/state/gyr_bias,snapshot/state/gyr_bias,"[3.033038443986528E-11,2.8425621516878905E-10,1.6359150385403258E-9]",rad/s,RECORDED_VALUE,First existing witness of its res/compensated/bias class; no extremum selection or correction calculation.
RUN_00003,F03,real_clean,false,false,replay_observed_snapshot_transcription,N11,N11:VELOCITY_KINEMATICS:3:False:True,562,VELOCITY_KINEMATICS,<MECHANISM_ROOT>/analysis/RUN_00003/schedule/SCHEDULE_WITNESSES.json,/N11:VELOCITY_KINEMATICS:3:False:True/event/data/snapshot/state/acc_bias,snapshot/state/acc_bias,"[-0.00031356596472550995,0.00004601664578327293,-0.00007236979177356736]",m/s^2,RECORDED_VALUE,First existing witness of its res/compensated/bias class; no extremum selection or correction calculation.
RUN_00003,F03,real_clean,false,false,replay_observed_snapshot_transcription,N11,N11:VELOCITY_KINEMATICS:3:False:True,562,VELOCITY_KINEMATICS,<MECHANISM_ROOT>/analysis/RUN_00003/schedule/SCHEDULE_WITNESSES.json,/N11:VELOCITY_KINEMATICS:3:False:True/event/data/snapshot/state/gyr_scale,snapshot/state/gyr_scale,"[0,0,0]",dimensionless,RECORDED_VALUE,First existing witness of its res/compensated/bias class; no extremum selection or correction calculation.
RUN_00003,F03,real_clean,false,false,replay_observed_snapshot_transcription,N11,N11:VELOCITY_KINEMATICS:3:False:True,562,VELOCITY_KINEMATICS,<MECHANISM_ROOT>/analysis/RUN_00003/schedule/SCHEDULE_WITNESSES.json,/N11:VELOCITY_KINEMATICS:3:False:True/event/data/snapshot/state/acc_scale,snapshot/state/acc_scale,"[0,0,0]",dimensionless,RECORDED_VALUE,First existing witness of its res/compensated/bias class; no extremum selection or correction calculation.
RUN_00003,F03,real_clean,false,false,replay_observed_snapshot_transcription,N11,N11:VELOCITY_KINEMATICS:3:False:True,562,VELOCITY_KINEMATICS,<MECHANISM_ROOT>/analysis/RUN_00003/schedule/SCHEDULE_WITNESSES.json,/N11:VELOCITY_KINEMATICS:3:False:True/event/data/snapshot/state/antlever_m,snapshot/state/antlever_m,"[0.03,0.03,-0.3]",m,RECORDED_VALUE,First existing witness of its res/compensated/bias class; no extremum selection or correction calculation.
RUN_00003,F03,real_clean,false,false,replay_observed_snapshot_transcription,N11;N01;N02,N11:VELOCITY_KINEMATICS:3:False:True,562,VELOCITY_KINEMATICS,<MECHANISM_ROOT>/analysis/RUN_00003/schedule/SCHEDULE_WITNESSES.json,/N11:VELOCITY_KINEMATICS:3:False:True/event/data/snapshot/state/Cbn,snapshot/state/Cbn,"[[0.9999712040495354,0.006978715610436437,-0.0029813755468039126],[-0.0070477046499228275,0.9996920706626283,-0.023792723959942617],[0.0028144148396932727,0.023813050680146424,0.9997124675057398]]",dimensionless,RECORDED_VALUE,First existing witness of its res/compensated/bias class; no extremum selection or correction calculation.
RUN_00003,F03,real_clean,false,false,replay_observed_snapshot_transcription,N11,N11:VELOCITY_KINEMATICS:2:True:True,1962,VELOCITY_KINEMATICS,<MECHANISM_ROOT>/analysis/RUN_00003/schedule/SCHEDULE_WITNESSES.json,/N11:VELOCITY_KINEMATICS:2:True:True/event/data/context/source,context/source,"""receiver_velocity""",source_id,RECORDED_VALUE,First existing witness of its res/compensated/bias class; no extremum selection or correction calculation.
RUN_00003,F03,real_clean,false,false,replay_observed_snapshot_transcription,N11,N11:VELOCITY_KINEMATICS:2:True:True,1962,VELOCITY_KINEMATICS,<MECHANISM_ROOT>/analysis/RUN_00003/schedule/SCHEDULE_WITNESSES.json,/N11:VELOCITY_KINEMATICS:2:True:True/event/data/context/row_id,context/row_id,-1,zero_based_loaded_vector_or_-1,RECORDED_VALUE,First existing witness of its res/compensated/bias class; no extremum selection or correction calculation.
RUN_00003,F03,real_clean,false,false,replay_observed_snapshot_transcription,N11,N11:VELOCITY_KINEMATICS:2:True:True,1962,VELOCITY_KINEMATICS,<MECHANISM_ROOT>/analysis/RUN_00003/schedule/SCHEDULE_WITNESSES.json,/N11:VELOCITY_KINEMATICS:2:True:True/event/data/context/res,context/res,2,branch_id,RECORDED_VALUE,First existing witness of its res/compensated/bias class; no extremum selection or correction calculation.
RUN_00003,F03,real_clean,false,false,replay_observed_snapshot_transcription,N11,N11:VELOCITY_KINEMATICS:2:True:True,1962,VELOCITY_KINEMATICS,<MECHANISM_ROOT>/analysis/RUN_00003/schedule/SCHEDULE_WITNESSES.json,/N11:VELOCITY_KINEMATICS:2:True:True/event/data/context/gnss_input_seq,context/gnss_input_seq,7,count,RECORDED_VALUE,First existing witness of its res/compensated/bias class; no extremum selection or correction calculation.
RUN_00003,F03,real_clean,false,false,replay_observed_snapshot_transcription,N11,N11:VELOCITY_KINEMATICS:2:True:True,1962,VELOCITY_KINEMATICS,<MECHANISM_ROOT>/analysis/RUN_00003/schedule/SCHEDULE_WITNESSES.json,/N11:VELOCITY_KINEMATICS:2:True:True/event/data/context/measurement_attempt_seq,context/measurement_attempt_seq,39,count,RECORDED_VALUE,First existing witness of its res/compensated/bias class; no extremum selection or correction calculation.
RUN_00003,F03,real_clean,false,false,replay_observed_snapshot_transcription,N11,N11:VELOCITY_KINEMATICS:2:True:True,1962,VELOCITY_KINEMATICS,<MECHANISM_ROOT>/analysis/RUN_00003/schedule/SCHEDULE_WITNESSES.json,/N11:VELOCITY_KINEMATICS:2:True:True/event/data/context/gnss_time,context/gnss_time,67.400000095,s,RECORDED_VALUE,First existing witness of its res/compensated/bias class; no extremum selection or correction calculation.
RUN_00003,F03,real_clean,false,false,replay_observed_snapshot_transcription,N11,N11:VELOCITY_KINEMATICS:2:True:True,1962,VELOCITY_KINEMATICS,<MECHANISM_ROOT>/analysis/RUN_00003/schedule/SCHEDULE_WITNESSES.json,/N11:VELOCITY_KINEMATICS:2:True:True/event/data/context/measurement_time,context/measurement_time,67.400000095,s,RECORDED_VALUE,First existing witness of its res/compensated/bias class; no extremum selection or correction calculation.
RUN_00003,F03,real_clean,false,false,replay_observed_snapshot_transcription,N11,N11:VELOCITY_KINEMATICS:2:True:True,1962,VELOCITY_KINEMATICS,<MECHANISM_ROOT>/analysis/RUN_00003/schedule/SCHEDULE_WITNESSES.json,/N11:VELOCITY_KINEMATICS:2:True:True/event/data/context/imu_previous_time,context/imu_previous_time,67.396515,s,RECORDED_VALUE,First existing witness of its res/compensated/bias class; no extremum selection or correction calculation.
RUN_00003,F03,real_clean,false,false,replay_observed_snapshot_transcription,N11,N11:VELOCITY_KINEMATICS:2:True:True,1962,VELOCITY_KINEMATICS,<MECHANISM_ROOT>/analysis/RUN_00003/schedule/SCHEDULE_WITNESSES.json,/N11:VELOCITY_KINEMATICS:2:True:True/event/data/context/imu_current_time,context/imu_current_time,67.399036,s,RECORDED_VALUE,First existing witness of its res/compensated/bias class; no extremum selection or correction calculation.
RUN_00003,F03,real_clean,false,false,replay_observed_snapshot_transcription,N11,N11:VELOCITY_KINEMATICS:2:True:True,1962,VELOCITY_KINEMATICS,<MECHANISM_ROOT>/analysis/RUN_00003/schedule/SCHEDULE_WITNESSES.json,/N11:VELOCITY_KINEMATICS:2:True:True/event/data/context/state_time,context/state_time,67.399036,s,RECORDED_VALUE,First existing witness of its res/compensated/bias class; no extremum selection or correction calculation.
RUN_00003,F03,real_clean,false,false,replay_observed_snapshot_transcription,N11,N11:VELOCITY_KINEMATICS:2:True:True,1962,VELOCITY_KINEMATICS,<MECHANISM_ROOT>/analysis/RUN_00003/schedule/SCHEDULE_WITNESSES.json,/N11:VELOCITY_KINEMATICS:2:True:True/event/data/context/yaw_attempt_count,context/yaw_attempt_count,7,count,RECORDED_VALUE,First existing witness of its res/compensated/bias class; no extremum selection or correction calculation.
RUN_00003,F03,real_clean,false,false,replay_observed_snapshot_transcription,N11,N11:VELOCITY_KINEMATICS:2:True:True,1962,VELOCITY_KINEMATICS,<MECHANISM_ROOT>/analysis/RUN_00003/schedule/SCHEDULE_WITNESSES.json,/N11:VELOCITY_KINEMATICS:2:True:True/event/data/context/yaw_reject_count,context/yaw_reject_count,0,count,RECORDED_VALUE,First existing witness of its res/compensated/bias class; no extremum selection or correction calculation.
RUN_00003,F03,real_clean,false,false,replay_observed_snapshot_transcription,N11,N11:VELOCITY_KINEMATICS:2:True:True,1962,VELOCITY_KINEMATICS,<MECHANISM_ROOT>/analysis/RUN_00003/schedule/SCHEDULE_WITNESSES.json,/N11:VELOCITY_KINEMATICS:2:True:True/event/data/snapshot/actual_dt_used,snapshot/actual_dt_used,0.0025210000000015498,s,RECORDED_VALUE,First existing witness of its res/compensated/bias class; no extremum selection or correction calculation.
RUN_00003,F03,real_clean,false,false,replay_observed_snapshot_transcription,N11,N11:VELOCITY_KINEMATICS:2:True:True,1962,VELOCITY_KINEMATICS,<MECHANISM_ROOT>/analysis/RUN_00003/schedule/SCHEDULE_WITNESSES.json,/N11:VELOCITY_KINEMATICS:2:True:True/event/data/snapshot/actual_omega_b,snapshot/actual_omega_b,"[-0.35355017815348194,-0.3198531708370475,0.4469338074743918]",rad/s,RECORDED_VALUE,First existing witness of its res/compensated/bias class; no extremum selection or correction calculation.
RUN_00003,F03,real_clean,false,false,replay_observed_snapshot_transcription,N11,N11:VELOCITY_KINEMATICS:2:True:True,1962,VELOCITY_KINEMATICS,<MECHANISM_ROOT>/analysis/RUN_00003/schedule/SCHEDULE_WITNESSES.json,/N11:VELOCITY_KINEMATICS:2:True:True/event/data/snapshot,snapshot/actual_lever_velocity,UNKNOWN_NOT_RECORDED_IN_THIS_EVENT,m/s,NOT_RECORDED,Field is absent; pointer resolves its actual containing snapshot. No subtraction or other replacement calculation.
RUN_00003,F03,real_clean,false,false,replay_observed_snapshot_transcription,N11,N11:VELOCITY_KINEMATICS:2:True:True,1962,VELOCITY_KINEMATICS,<MECHANISM_ROOT>/analysis/RUN_00003/schedule/SCHEDULE_WITNESSES.json,/N11:VELOCITY_KINEMATICS:2:True:True/event/data/snapshot/actual_antenna_velocity,snapshot/actual_antenna_velocity,"[1.1210032091959867,-0.03244129666281448,-0.24944634772931237]",m/s,RECORDED_VALUE,First existing witness of its res/compensated/bias class; no extremum selection or correction calculation.
RUN_00003,F03,real_clean,false,false,replay_observed_snapshot_transcription,N11,N11:VELOCITY_KINEMATICS:2:True:True,1962,VELOCITY_KINEMATICS,<MECHANISM_ROOT>/analysis/RUN_00003/schedule/SCHEDULE_WITNESSES.json,/N11:VELOCITY_KINEMATICS:2:True:True/event/data/snapshot/imu_at_update/time,snapshot/imu_at_update/time,67.399036,s,RECORDED_VALUE,First existing witness of its res/compensated/bias class; no extremum selection or correction calculation.
RUN_00003,F03,real_clean,false,false,replay_observed_snapshot_transcription,N11,N11:VELOCITY_KINEMATICS:2:True:True,1962,VELOCITY_KINEMATICS,<MECHANISM_ROOT>/analysis/RUN_00003/schedule/SCHEDULE_WITNESSES.json,/N11:VELOCITY_KINEMATICS:2:True:True/event/data/snapshot/imu_at_update/dt,snapshot/imu_at_update/dt,0.0025210000000015498,s,RECORDED_VALUE,First existing witness of its res/compensated/bias class; no extremum selection or correction calculation.
RUN_00003,F03,real_clean,false,false,replay_observed_snapshot_transcription,N11,N11:VELOCITY_KINEMATICS:2:True:True,1962,VELOCITY_KINEMATICS,<MECHANISM_ROOT>/analysis/RUN_00003/schedule/SCHEDULE_WITNESSES.json,/N11:VELOCITY_KINEMATICS:2:True:True/event/data/snapshot/imu_at_update/dtheta,snapshot/imu_at_update/dtheta,"[-0.000891299999125476,-0.0008063498436806925,0.0011267201286436345]",rad,RECORDED_VALUE,First existing witness of its res/compensated/bias class; no extremum selection or correction calculation.
RUN_00003,F03,real_clean,false,false,replay_observed_snapshot_transcription,N11,N11:VELOCITY_KINEMATICS:2:True:True,1962,VELOCITY_KINEMATICS,<MECHANISM_ROOT>/analysis/RUN_00003/schedule/SCHEDULE_WITNESSES.json,/N11:VELOCITY_KINEMATICS:2:True:True/event/data/snapshot/imu_at_update/dvel,snapshot/imu_at_update/dvel,"[-0.0011632099595720725,-0.015058105201458005,-0.03966704612512284]",m/s,RECORDED_VALUE,First existing witness of its res/compensated/bias class; no extremum selection or correction calculation.
RUN_00003,F03,real_clean,false,false,replay_observed_snapshot_transcription,N11,N11:VELOCITY_KINEMATICS:2:True:True,1962,VELOCITY_KINEMATICS,<MECHANISM_ROOT>/analysis/RUN_00003/schedule/SCHEDULE_WITNESSES.json,/N11:VELOCITY_KINEMATICS:2:True:True/event/data/snapshot/imu_at_update/compensated,snapshot/imu_at_update/compensated,true,boolean,RECORDED_VALUE,First existing witness of its res/compensated/bias class; no extremum selection or correction calculation.
RUN_00003,F03,real_clean,false,false,replay_observed_snapshot_transcription,N11,N11:VELOCITY_KINEMATICS:2:True:True,1962,VELOCITY_KINEMATICS,<MECHANISM_ROOT>/analysis/RUN_00003/schedule/SCHEDULE_WITNESSES.json,/N11:VELOCITY_KINEMATICS:2:True:True/event/data/snapshot/state/time,snapshot/state/time,67.399036,s,RECORDED_VALUE,First existing witness of its res/compensated/bias class; no extremum selection or correction calculation.
RUN_00003,F03,real_clean,false,false,replay_observed_snapshot_transcription,N11;N01;N02,N11:VELOCITY_KINEMATICS:2:True:True,1962,VELOCITY_KINEMATICS,<MECHANISM_ROOT>/analysis/RUN_00003/schedule/SCHEDULE_WITNESSES.json,/N11:VELOCITY_KINEMATICS:2:True:True/event/data/snapshot/state/rpy_rad,snapshot/state/rpy_rad,"[0.0431989898232646,0.0006021928465486544,6.234080110195079]",rad,RECORDED_VALUE,First existing witness of its res/compensated/bias class; no extremum selection or correction calculation.
RUN_00003,F03,real_clean,false,false,replay_observed_snapshot_transcription,N11,N11:VELOCITY_KINEMATICS:2:True:True,1962,VELOCITY_KINEMATICS,<MECHANISM_ROOT>/analysis/RUN_00003/schedule/SCHEDULE_WITNESSES.json,/N11:VELOCITY_KINEMATICS:2:True:True/event/data/snapshot/state/gyr_bias,snapshot/state/gyr_bias,"[-3.4689570902576925E-10,-6.200686529724184E-8,-5.102881178241872E-8]",rad/s,RECORDED_VALUE,First existing witness of its res/compensated/bias class; no extremum selection or correction calculation.
RUN_00003,F03,real_clean,false,false,replay_observed_snapshot_transcription,N11,N11:VELOCITY_KINEMATICS:2:True:True,1962,VELOCITY_KINEMATICS,<MECHANISM_ROOT>/analysis/RUN_00003/schedule/SCHEDULE_WITNESSES.json,/N11:VELOCITY_KINEMATICS:2:True:True/event/data/snapshot/state/acc_bias,snapshot/state/acc_bias,"[0.0010233873748794241,-0.007471161658859093,-0.012655245885417655]",m/s^2,RECORDED_VALUE,First existing witness of its res/compensated/bias class; no extremum selection or correction calculation.
RUN_00003,F03,real_clean,false,false,replay_observed_snapshot_transcription,N11,N11:VELOCITY_KINEMATICS:2:True:True,1962,VELOCITY_KINEMATICS,<MECHANISM_ROOT>/analysis/RUN_00003/schedule/SCHEDULE_WITNESSES.json,/N11:VELOCITY_KINEMATICS:2:True:True/event/data/snapshot/state/gyr_scale,snapshot/state/gyr_scale,"[0,0,0]",dimensionless,RECORDED_VALUE,First existing witness of its res/compensated/bias class; no extremum selection or correction calculation.
RUN_00003,F03,real_clean,false,false,replay_observed_snapshot_transcription,N11,N11:VELOCITY_KINEMATICS:2:True:True,1962,VELOCITY_KINEMATICS,<MECHANISM_ROOT>/analysis/RUN_00003/schedule/SCHEDULE_WITNESSES.json,/N11:VELOCITY_KINEMATICS:2:True:True/event/data/snapshot/state/acc_scale,snapshot/state/acc_scale,"[0,0,0]",dimensionless,RECORDED_VALUE,First existing witness of its res/compensated/bias class; no extremum selection or correction calculation.
RUN_00003,F03,real_clean,false,false,replay_observed_snapshot_transcription,N11,N11:VELOCITY_KINEMATICS:2:True:True,1962,VELOCITY_KINEMATICS,<MECHANISM_ROOT>/analysis/RUN_00003/schedule/SCHEDULE_WITNESSES.json,/N11:VELOCITY_KINEMATICS:2:True:True/event/data/snapshot/state/antlever_m,snapshot/state/antlever_m,"[0.03,0.03,-0.3]",m,RECORDED_VALUE,First existing witness of its res/compensated/bias class; no extremum selection or correction calculation.
RUN_00003,F03,real_clean,false,false,replay_observed_snapshot_transcription,N11;N01;N02,N11:VELOCITY_KINEMATICS:2:True:True,1962,VELOCITY_KINEMATICS,<MECHANISM_ROOT>/analysis/RUN_00003/schedule/SCHEDULE_WITNESSES.json,/N11:VELOCITY_KINEMATICS:2:True:True/event/data/snapshot/state/Cbn,snapshot/state/Cbn,"[[0.9987944009649554,0.04906564595478348,-0.0015188772484132059],[-0.049085455736656944,0.9978614988538209,-0.043163029786273455],[-0.0006021928101524982,0.04318554726115992,0.9990668875863985]]",dimensionless,RECORDED_VALUE,First existing witness of its res/compensated/bias class; no extremum selection or correction calculation.
RUN_00006,A04,real_clean,false,false,replay_observed_snapshot_transcription,N11,N11:VELOCITY_KINEMATICS:2:True:False,282,VELOCITY_KINEMATICS,<MECHANISM_ROOT>/analysis/RUN_00006/schedule/SCHEDULE_WITNESSES.json,/N11:VELOCITY_KINEMATICS:2:True:False/event/data/context/source,context/source,"""receiver_velocity""",source_id,RECORDED_VALUE,First existing witness of its res/compensated/bias class; no extremum selection or correction calculation.
RUN_00006,A04,real_clean,false,false,replay_observed_snapshot_transcription,N11,N11:VELOCITY_KINEMATICS:2:True:False,282,VELOCITY_KINEMATICS,<MECHANISM_ROOT>/analysis/RUN_00006/schedule/SCHEDULE_WITNESSES.json,/N11:VELOCITY_KINEMATICS:2:True:False/event/data/context/row_id,context/row_id,-1,zero_based_loaded_vector_or_-1,RECORDED_VALUE,First existing witness of its res/compensated/bias class; no extremum selection or correction calculation.
RUN_00006,A04,real_clean,false,false,replay_observed_snapshot_transcription,N11,N11:VELOCITY_KINEMATICS:2:True:False,282,VELOCITY_KINEMATICS,<MECHANISM_ROOT>/analysis/RUN_00006/schedule/SCHEDULE_WITNESSES.json,/N11:VELOCITY_KINEMATICS:2:True:False/event/data/context/res,context/res,2,branch_id,RECORDED_VALUE,First existing witness of its res/compensated/bias class; no extremum selection or correction calculation.
RUN_00006,A04,real_clean,false,false,replay_observed_snapshot_transcription,N11,N11:VELOCITY_KINEMATICS:2:True:False,282,VELOCITY_KINEMATICS,<MECHANISM_ROOT>/analysis/RUN_00006/schedule/SCHEDULE_WITNESSES.json,/N11:VELOCITY_KINEMATICS:2:True:False/event/data/context/gnss_input_seq,context/gnss_input_seq,1,count,RECORDED_VALUE,First existing witness of its res/compensated/bias class; no extremum selection or correction calculation.
RUN_00006,A04,real_clean,false,false,replay_observed_snapshot_transcription,N11,N11:VELOCITY_KINEMATICS:2:True:False,282,VELOCITY_KINEMATICS,<MECHANISM_ROOT>/analysis/RUN_00006/schedule/SCHEDULE_WITNESSES.json,/N11:VELOCITY_KINEMATICS:2:True:False/event/data/context/measurement_attempt_seq,context/measurement_attempt_seq,3,count,RECORDED_VALUE,First existing witness of its res/compensated/bias class; no extremum selection or correction calculation.
RUN_00006,A04,real_clean,false,false,replay_observed_snapshot_transcription,N11,N11:VELOCITY_KINEMATICS:2:True:False,282,VELOCITY_KINEMATICS,<MECHANISM_ROOT>/analysis/RUN_00006/schedule/SCHEDULE_WITNESSES.json,/N11:VELOCITY_KINEMATICS:2:True:False/event/data/context/gnss_time,context/gnss_time,66.200000048,s,RECORDED_VALUE,First existing witness of its res/compensated/bias class; no extremum selection or correction calculation.
RUN_00006,A04,real_clean,false,false,replay_observed_snapshot_transcription,N11,N11:VELOCITY_KINEMATICS:2:True:False,282,VELOCITY_KINEMATICS,<MECHANISM_ROOT>/analysis/RUN_00006/schedule/SCHEDULE_WITNESSES.json,/N11:VELOCITY_KINEMATICS:2:True:False/event/data/context/measurement_time,context/measurement_time,66.200000048,s,RECORDED_VALUE,First existing witness of its res/compensated/bias class; no extremum selection or correction calculation.
RUN_00006,A04,real_clean,false,false,replay_observed_snapshot_transcription,N11,N11:VELOCITY_KINEMATICS:2:True:False,282,VELOCITY_KINEMATICS,<MECHANISM_ROOT>/analysis/RUN_00006/schedule/SCHEDULE_WITNESSES.json,/N11:VELOCITY_KINEMATICS:2:True:False/event/data/context/imu_previous_time,context/imu_previous_time,66.19706,s,RECORDED_VALUE,First existing witness of its res/compensated/bias class; no extremum selection or correction calculation.
RUN_00006,A04,real_clean,false,false,replay_observed_snapshot_transcription,N11,N11:VELOCITY_KINEMATICS:2:True:False,282,VELOCITY_KINEMATICS,<MECHANISM_ROOT>/analysis/RUN_00006/schedule/SCHEDULE_WITNESSES.json,/N11:VELOCITY_KINEMATICS:2:True:False/event/data/context/imu_current_time,context/imu_current_time,66.199046,s,RECORDED_VALUE,First existing witness of its res/compensated/bias class; no extremum selection or correction calculation.
RUN_00006,A04,real_clean,false,false,replay_observed_snapshot_transcription,N11,N11:VELOCITY_KINEMATICS:2:True:False,282,VELOCITY_KINEMATICS,<MECHANISM_ROOT>/analysis/RUN_00006/schedule/SCHEDULE_WITNESSES.json,/N11:VELOCITY_KINEMATICS:2:True:False/event/data/context/state_time,context/state_time,66.199046,s,RECORDED_VALUE,First existing witness of its res/compensated/bias class; no extremum selection or correction calculation.
RUN_00006,A04,real_clean,false,false,replay_observed_snapshot_transcription,N11,N11:VELOCITY_KINEMATICS:2:True:False,282,VELOCITY_KINEMATICS,<MECHANISM_ROOT>/analysis/RUN_00006/schedule/SCHEDULE_WITNESSES.json,/N11:VELOCITY_KINEMATICS:2:True:False/event/data/context/yaw_attempt_count,context/yaw_attempt_count,1,count,RECORDED_VALUE,First existing witness of its res/compensated/bias class; no extremum selection or correction calculation.
RUN_00006,A04,real_clean,false,false,replay_observed_snapshot_transcription,N11,N11:VELOCITY_KINEMATICS:2:True:False,282,VELOCITY_KINEMATICS,<MECHANISM_ROOT>/analysis/RUN_00006/schedule/SCHEDULE_WITNESSES.json,/N11:VELOCITY_KINEMATICS:2:True:False/event/data/context/yaw_reject_count,context/yaw_reject_count,0,count,RECORDED_VALUE,First existing witness of its res/compensated/bias class; no extremum selection or correction calculation.
RUN_00006,A04,real_clean,false,false,replay_observed_snapshot_transcription,N11,N11:VELOCITY_KINEMATICS:2:True:False,282,VELOCITY_KINEMATICS,<MECHANISM_ROOT>/analysis/RUN_00006/schedule/SCHEDULE_WITNESSES.json,/N11:VELOCITY_KINEMATICS:2:True:False/event/data/snapshot/actual_dt_used,snapshot/actual_dt_used,0.0019860000000022637,s,RECORDED_VALUE,First existing witness of its res/compensated/bias class; no extremum selection or correction calculation.
RUN_00006,A04,real_clean,false,false,replay_observed_snapshot_transcription,N11,N11:VELOCITY_KINEMATICS:2:True:False,282,VELOCITY_KINEMATICS,<MECHANISM_ROOT>/analysis/RUN_00006/schedule/SCHEDULE_WITNESSES.json,/N11:VELOCITY_KINEMATICS:2:True:False/event/data/snapshot/actual_omega_b,snapshot/actual_omega_b,"[0.1599446122858197,-0.04716012084586769,-0.2929959718022843]",rad/s,RECORDED_VALUE,First existing witness of its res/compensated/bias class; no extremum selection or correction calculation.
RUN_00006,A04,real_clean,false,false,replay_observed_snapshot_transcription,N11,N11:VELOCITY_KINEMATICS:2:True:False,282,VELOCITY_KINEMATICS,<MECHANISM_ROOT>/analysis/RUN_00006/schedule/SCHEDULE_WITNESSES.json,/N11:VELOCITY_KINEMATICS:2:True:False/event/data/snapshot,snapshot/actual_lever_velocity,UNKNOWN_NOT_RECORDED_IN_THIS_EVENT,m/s,NOT_RECORDED,Field is absent; pointer resolves its actual containing snapshot. No subtraction or other replacement calculation.
RUN_00006,A04,real_clean,false,false,replay_observed_snapshot_transcription,N11,N11:VELOCITY_KINEMATICS:2:True:False,282,VELOCITY_KINEMATICS,<MECHANISM_ROOT>/analysis/RUN_00006/schedule/SCHEDULE_WITNESSES.json,/N11:VELOCITY_KINEMATICS:2:True:False/event/data/snapshot/actual_antenna_velocity,snapshot/actual_antenna_velocity,"[0.14960779694985157,0.06892230090441957,-0.07407061509555656]",m/s,RECORDED_VALUE,First existing witness of its res/compensated/bias class; no extremum selection or correction calculation.
RUN_00006,A04,real_clean,false,false,replay_observed_snapshot_transcription,N11,N11:VELOCITY_KINEMATICS:2:True:False,282,VELOCITY_KINEMATICS,<MECHANISM_ROOT>/analysis/RUN_00006/schedule/SCHEDULE_WITNESSES.json,/N11:VELOCITY_KINEMATICS:2:True:False/event/data/snapshot/imu_at_update/time,snapshot/imu_at_update/time,66.199046,s,RECORDED_VALUE,First existing witness of its res/compensated/bias class; no extremum selection or correction calculation.
RUN_00006,A04,real_clean,false,false,replay_observed_snapshot_transcription,N11,N11:VELOCITY_KINEMATICS:2:True:False,282,VELOCITY_KINEMATICS,<MECHANISM_ROOT>/analysis/RUN_00006/schedule/SCHEDULE_WITNESSES.json,/N11:VELOCITY_KINEMATICS:2:True:False/event/data/snapshot/imu_at_update/dt,snapshot/imu_at_update/dt,0.0019860000000022637,s,RECORDED_VALUE,First existing witness of its res/compensated/bias class; no extremum selection or correction calculation.
RUN_00006,A04,real_clean,false,false,replay_observed_snapshot_transcription,N11,N11:VELOCITY_KINEMATICS:2:True:False,282,VELOCITY_KINEMATICS,<MECHANISM_ROOT>/analysis/RUN_00006/schedule/SCHEDULE_WITNESSES.json,/N11:VELOCITY_KINEMATICS:2:True:False/event/data/snapshot/imu_at_update/dtheta,snapshot/imu_at_update/dtheta,"[0.00031765,-0.00009366,-0.00058189]",rad,RECORDED_VALUE,First existing witness of its res/compensated/bias class; no extremum selection or correction calculation.
RUN_00006,A04,real_clean,false,false,replay_observed_snapshot_transcription,N11,N11:VELOCITY_KINEMATICS:2:True:False,282,VELOCITY_KINEMATICS,<MECHANISM_ROOT>/analysis/RUN_00006/schedule/SCHEDULE_WITNESSES.json,/N11:VELOCITY_KINEMATICS:2:True:False/event/data/snapshot/imu_at_update/dvel,snapshot/imu_at_update/dvel,"[-0.0006199,-0.00013523,-0.01729383]",m/s,RECORDED_VALUE,First existing witness of its res/compensated/bias class; no extremum selection or correction calculation.
RUN_00006,A04,real_clean,false,false,replay_observed_snapshot_transcription,N11,N11:VELOCITY_KINEMATICS:2:True:False,282,VELOCITY_KINEMATICS,<MECHANISM_ROOT>/analysis/RUN_00006/schedule/SCHEDULE_WITNESSES.json,/N11:VELOCITY_KINEMATICS:2:True:False/event/data/snapshot/imu_at_update/compensated,snapshot/imu_at_update/compensated,true,boolean,RECORDED_VALUE,First existing witness of its res/compensated/bias class; no extremum selection or correction calculation.
RUN_00006,A04,real_clean,false,false,replay_observed_snapshot_transcription,N11,N11:VELOCITY_KINEMATICS:2:True:False,282,VELOCITY_KINEMATICS,<MECHANISM_ROOT>/analysis/RUN_00006/schedule/SCHEDULE_WITNESSES.json,/N11:VELOCITY_KINEMATICS:2:True:False/event/data/snapshot/state/time,snapshot/state/time,66.199046,s,RECORDED_VALUE,First existing witness of its res/compensated/bias class; no extremum selection or correction calculation.
RUN_00006,A04,real_clean,false,false,replay_observed_snapshot_transcription,N11;N01;N02,N11:VELOCITY_KINEMATICS:2:True:False,282,VELOCITY_KINEMATICS,<MECHANISM_ROOT>/analysis/RUN_00006/schedule/SCHEDULE_WITNESSES.json,/N11:VELOCITY_KINEMATICS:2:True:False/event/data/snapshot/state/rpy_rad,snapshot/state/rpy_rad,"[0.001209029448133376,-0.0007603463065303529,6.271349116813819]",rad,RECORDED_VALUE,First existing witness of its res/compensated/bias class; no extremum selection or correction calculation.
RUN_00006,A04,real_clean,false,false,replay_observed_snapshot_transcription,N11,N11:VELOCITY_KINEMATICS:2:True:False,282,VELOCITY_KINEMATICS,<MECHANISM_ROOT>/analysis/RUN_00006/schedule/SCHEDULE_WITNESSES.json,/N11:VELOCITY_KINEMATICS:2:True:False/event/data/snapshot/state/gyr_bias,snapshot/state/gyr_bias,"[0,0,0]",rad/s,RECORDED_VALUE,First existing witness of its res/compensated/bias class; no extremum selection or correction calculation.
RUN_00006,A04,real_clean,false,false,replay_observed_snapshot_transcription,N11,N11:VELOCITY_KINEMATICS:2:True:False,282,VELOCITY_KINEMATICS,<MECHANISM_ROOT>/analysis/RUN_00006/schedule/SCHEDULE_WITNESSES.json,/N11:VELOCITY_KINEMATICS:2:True:False/event/data/snapshot/state/acc_bias,snapshot/state/acc_bias,"[0,0,0]",m/s^2,RECORDED_VALUE,First existing witness of its res/compensated/bias class; no extremum selection or correction calculation.
RUN_00006,A04,real_clean,false,false,replay_observed_snapshot_transcription,N11,N11:VELOCITY_KINEMATICS:2:True:False,282,VELOCITY_KINEMATICS,<MECHANISM_ROOT>/analysis/RUN_00006/schedule/SCHEDULE_WITNESSES.json,/N11:VELOCITY_KINEMATICS:2:True:False/event/data/snapshot/state/gyr_scale,snapshot/state/gyr_scale,"[0,0,0]",dimensionless,RECORDED_VALUE,First existing witness of its res/compensated/bias class; no extremum selection or correction calculation.
RUN_00006,A04,real_clean,false,false,replay_observed_snapshot_transcription,N11,N11:VELOCITY_KINEMATICS:2:True:False,282,VELOCITY_KINEMATICS,<MECHANISM_ROOT>/analysis/RUN_00006/schedule/SCHEDULE_WITNESSES.json,/N11:VELOCITY_KINEMATICS:2:True:False/event/data/snapshot/state/acc_scale,snapshot/state/acc_scale,"[0,0,0]",dimensionless,RECORDED_VALUE,First existing witness of its res/compensated/bias class; no extremum selection or correction calculation.
RUN_00006,A04,real_clean,false,false,replay_observed_snapshot_transcription,N11,N11:VELOCITY_KINEMATICS:2:True:False,282,VELOCITY_KINEMATICS,<MECHANISM_ROOT>/analysis/RUN_00006/schedule/SCHEDULE_WITNESSES.json,/N11:VELOCITY_KINEMATICS:2:True:False/event/data/snapshot/state/antlever_m,snapshot/state/antlever_m,"[0.03,0.03,-0.3]",m,RECORDED_VALUE,First existing witness of its res/compensated/bias class; no extremum selection or correction calculation.
RUN_00006,A04,real_clean,false,false,replay_observed_snapshot_transcription,N11;N01;N02,N11:VELOCITY_KINEMATICS:2:True:False,282,VELOCITY_KINEMATICS,<MECHANISM_ROOT>/analysis/RUN_00006/schedule/SCHEDULE_WITNESSES.json,/N11:VELOCITY_KINEMATICS:2:True:False/event/data/snapshot/state/Cbn,snapshot/state/Cbn,"[[0.9999296640735978,0.011834986134772251,-0.0007746023827911701],[-0.011835910580400347,0.9999292331722983,-0.001199945078807939],[0.0007603462332676296,0.0012090288040972706,0.9999989800609581]]",dimensionless,RECORDED_VALUE,First existing witness of its res/compensated/bias class; no extremum selection or correction calculation.
RUN_00006,A04,real_clean,false,false,replay_observed_snapshot_transcription,N11,N11:RAW_DOPPLER_KINEMATICS:2:True:False,290,RAW_DOPPLER_KINEMATICS,<MECHANISM_ROOT>/analysis/RUN_00006/schedule/SCHEDULE_WITNESSES.json,/N11:RAW_DOPPLER_KINEMATICS:2:True:False/event/data/context/source,context/source,"""raw_doppler_velocity""",source_id,RECORDED_VALUE,First existing witness of its res/compensated/bias class; no extremum selection or correction calculation.
RUN_00006,A04,real_clean,false,false,replay_observed_snapshot_transcription,N11,N11:RAW_DOPPLER_KINEMATICS:2:True:False,290,RAW_DOPPLER_KINEMATICS,<MECHANISM_ROOT>/analysis/RUN_00006/schedule/SCHEDULE_WITNESSES.json,/N11:RAW_DOPPLER_KINEMATICS:2:True:False/event/data/context/row_id,context/row_id,51,zero_based_loaded_vector_or_-1,RECORDED_VALUE,First existing witness of its res/compensated/bias class; no extremum selection or correction calculation.
RUN_00006,A04,real_clean,false,false,replay_observed_snapshot_transcription,N11,N11:RAW_DOPPLER_KINEMATICS:2:True:False,290,RAW_DOPPLER_KINEMATICS,<MECHANISM_ROOT>/analysis/RUN_00006/schedule/SCHEDULE_WITNESSES.json,/N11:RAW_DOPPLER_KINEMATICS:2:True:False/event/data/context/res,context/res,2,branch_id,RECORDED_VALUE,First existing witness of its res/compensated/bias class; no extremum selection or correction calculation.
RUN_00006,A04,real_clean,false,false,replay_observed_snapshot_transcription,N11,N11:RAW_DOPPLER_KINEMATICS:2:True:False,290,RAW_DOPPLER_KINEMATICS,<MECHANISM_ROOT>/analysis/RUN_00006/schedule/SCHEDULE_WITNESSES.json,/N11:RAW_DOPPLER_KINEMATICS:2:True:False/event/data/context/gnss_input_seq,context/gnss_input_seq,1,count,RECORDED_VALUE,First existing witness of its res/compensated/bias class; no extremum selection or correction calculation.
RUN_00006,A04,real_clean,false,false,replay_observed_snapshot_transcription,N11,N11:RAW_DOPPLER_KINEMATICS:2:True:False,290,RAW_DOPPLER_KINEMATICS,<MECHANISM_ROOT>/analysis/RUN_00006/schedule/SCHEDULE_WITNESSES.json,/N11:RAW_DOPPLER_KINEMATICS:2:True:False/event/data/context/measurement_attempt_seq,context/measurement_attempt_seq,4,count,RECORDED_VALUE,First existing witness of its res/compensated/bias class; no extremum selection or correction calculation.
RUN_00006,A04,real_clean,false,false,replay_observed_snapshot_transcription,N11,N11:RAW_DOPPLER_KINEMATICS:2:True:False,290,RAW_DOPPLER_KINEMATICS,<MECHANISM_ROOT>/analysis/RUN_00006/schedule/SCHEDULE_WITNESSES.json,/N11:RAW_DOPPLER_KINEMATICS:2:True:False/event/data/context/gnss_time,context/gnss_time,66.200000048,s,RECORDED_VALUE,First existing witness of its res/compensated/bias class; no extremum selection or correction calculation.
RUN_00006,A04,real_clean,false,false,replay_observed_snapshot_transcription,N11,N11:RAW_DOPPLER_KINEMATICS:2:True:False,290,RAW_DOPPLER_KINEMATICS,<MECHANISM_ROOT>/analysis/RUN_00006/schedule/SCHEDULE_WITNESSES.json,/N11:RAW_DOPPLER_KINEMATICS:2:True:False/event/data/context/measurement_time,context/measurement_time,66.200000048,s,RECORDED_VALUE,First existing witness of its res/compensated/bias class; no extremum selection or correction calculation.
RUN_00006,A04,real_clean,false,false,replay_observed_snapshot_transcription,N11,N11:RAW_DOPPLER_KINEMATICS:2:True:False,290,RAW_DOPPLER_KINEMATICS,<MECHANISM_ROOT>/analysis/RUN_00006/schedule/SCHEDULE_WITNESSES.json,/N11:RAW_DOPPLER_KINEMATICS:2:True:False/event/data/context/imu_previous_time,context/imu_previous_time,66.19706,s,RECORDED_VALUE,First existing witness of its res/compensated/bias class; no extremum selection or correction calculation.
RUN_00006,A04,real_clean,false,false,replay_observed_snapshot_transcription,N11,N11:RAW_DOPPLER_KINEMATICS:2:True:False,290,RAW_DOPPLER_KINEMATICS,<MECHANISM_ROOT>/analysis/RUN_00006/schedule/SCHEDULE_WITNESSES.json,/N11:RAW_DOPPLER_KINEMATICS:2:True:False/event/data/context/imu_current_time,context/imu_current_time,66.199046,s,RECORDED_VALUE,First existing witness of its res/compensated/bias class; no extremum selection or correction calculation.
RUN_00006,A04,real_clean,false,false,replay_observed_snapshot_transcription,N11,N11:RAW_DOPPLER_KINEMATICS:2:True:False,290,RAW_DOPPLER_KINEMATICS,<MECHANISM_ROOT>/analysis/RUN_00006/schedule/SCHEDULE_WITNESSES.json,/N11:RAW_DOPPLER_KINEMATICS:2:True:False/event/data/context/state_time,context/state_time,66.199046,s,RECORDED_VALUE,First existing witness of its res/compensated/bias class; no extremum selection or correction calculation.
RUN_00006,A04,real_clean,false,false,replay_observed_snapshot_transcription,N11,N11:RAW_DOPPLER_KINEMATICS:2:True:False,290,RAW_DOPPLER_KINEMATICS,<MECHANISM_ROOT>/analysis/RUN_00006/schedule/SCHEDULE_WITNESSES.json,/N11:RAW_DOPPLER_KINEMATICS:2:True:False/event/data/context/yaw_attempt_count,context/yaw_attempt_count,1,count,RECORDED_VALUE,First existing witness of its res/compensated/bias class; no extremum selection or correction calculation.
RUN_00006,A04,real_clean,false,false,replay_observed_snapshot_transcription,N11,N11:RAW_DOPPLER_KINEMATICS:2:True:False,290,RAW_DOPPLER_KINEMATICS,<MECHANISM_ROOT>/analysis/RUN_00006/schedule/SCHEDULE_WITNESSES.json,/N11:RAW_DOPPLER_KINEMATICS:2:True:False/event/data/context/yaw_reject_count,context/yaw_reject_count,0,count,RECORDED_VALUE,First existing witness of its res/compensated/bias class; no extremum selection or correction calculation.
RUN_00006,A04,real_clean,false,false,replay_observed_snapshot_transcription,N11,N11:RAW_DOPPLER_KINEMATICS:2:True:False,290,RAW_DOPPLER_KINEMATICS,<MECHANISM_ROOT>/analysis/RUN_00006/schedule/SCHEDULE_WITNESSES.json,/N11:RAW_DOPPLER_KINEMATICS:2:True:False/event/data/snapshot/actual_dt_used,snapshot/actual_dt_used,0.0019860000000022637,s,RECORDED_VALUE,First existing witness of its res/compensated/bias class; no extremum selection or correction calculation.
RUN_00006,A04,real_clean,false,false,replay_observed_snapshot_transcription,N11,N11:RAW_DOPPLER_KINEMATICS:2:True:False,290,RAW_DOPPLER_KINEMATICS,<MECHANISM_ROOT>/analysis/RUN_00006/schedule/SCHEDULE_WITNESSES.json,/N11:RAW_DOPPLER_KINEMATICS:2:True:False/event/data/snapshot/actual_omega_b,snapshot/actual_omega_b,"[0.1599446122858197,-0.04716012084586769,-0.2929959718022843]",rad/s,RECORDED_VALUE,First existing witness of its res/compensated/bias class; no extremum selection or correction calculation.
RUN_00006,A04,real_clean,false,false,replay_observed_snapshot_transcription,N11,N11:RAW_DOPPLER_KINEMATICS:2:True:False,290,RAW_DOPPLER_KINEMATICS,<MECHANISM_ROOT>/analysis/RUN_00006/schedule/SCHEDULE_WITNESSES.json,/N11:RAW_DOPPLER_KINEMATICS:2:True:False/event/data/snapshot/actual_lever_velocity,snapshot/actual_lever_velocity,"[0.023395343916411293,0.03891178438686772,0.006277962490416198]",m/s,RECORDED_VALUE,First existing witness of its res/compensated/bias class; no extremum selection or correction calculation.
RUN_00006,A04,real_clean,false,false,replay_observed_snapshot_transcription,N11,N11:RAW_DOPPLER_KINEMATICS:2:True:False,290,RAW_DOPPLER_KINEMATICS,<MECHANISM_ROOT>/analysis/RUN_00006/schedule/SCHEDULE_WITNESSES.json,/N11:RAW_DOPPLER_KINEMATICS:2:True:False/event/data/snapshot/actual_antenna_velocity,snapshot/actual_antenna_velocity,"[0.14960779694985157,0.06892230090441957,-0.07407061509555656]",m/s,RECORDED_VALUE,First existing witness of its res/compensated/bias class; no extremum selection or correction calculation.
RUN_00006,A04,real_clean,false,false,replay_observed_snapshot_transcription,N11,N11:RAW_DOPPLER_KINEMATICS:2:True:False,290,RAW_DOPPLER_KINEMATICS,<MECHANISM_ROOT>/analysis/RUN_00006/schedule/SCHEDULE_WITNESSES.json,/N11:RAW_DOPPLER_KINEMATICS:2:True:False/event/data/snapshot/imu_at_update/time,snapshot/imu_at_update/time,66.199046,s,RECORDED_VALUE,First existing witness of its res/compensated/bias class; no extremum selection or correction calculation.
RUN_00006,A04,real_clean,false,false,replay_observed_snapshot_transcription,N11,N11:RAW_DOPPLER_KINEMATICS:2:True:False,290,RAW_DOPPLER_KINEMATICS,<MECHANISM_ROOT>/analysis/RUN_00006/schedule/SCHEDULE_WITNESSES.json,/N11:RAW_DOPPLER_KINEMATICS:2:True:False/event/data/snapshot/imu_at_update/dt,snapshot/imu_at_update/dt,0.0019860000000022637,s,RECORDED_VALUE,First existing witness of its res/compensated/bias class; no extremum selection or correction calculation.
RUN_00006,A04,real_clean,false,false,replay_observed_snapshot_transcription,N11,N11:RAW_DOPPLER_KINEMATICS:2:True:False,290,RAW_DOPPLER_KINEMATICS,<MECHANISM_ROOT>/analysis/RUN_00006/schedule/SCHEDULE_WITNESSES.json,/N11:RAW_DOPPLER_KINEMATICS:2:True:False/event/data/snapshot/imu_at_update/dtheta,snapshot/imu_at_update/dtheta,"[0.00031765,-0.00009366,-0.00058189]",rad,RECORDED_VALUE,First existing witness of its res/compensated/bias class; no extremum selection or correction calculation.
RUN_00006,A04,real_clean,false,false,replay_observed_snapshot_transcription,N11,N11:RAW_DOPPLER_KINEMATICS:2:True:False,290,RAW_DOPPLER_KINEMATICS,<MECHANISM_ROOT>/analysis/RUN_00006/schedule/SCHEDULE_WITNESSES.json,/N11:RAW_DOPPLER_KINEMATICS:2:True:False/event/data/snapshot/imu_at_update/dvel,snapshot/imu_at_update/dvel,"[-0.0006199,-0.00013523,-0.01729383]",m/s,RECORDED_VALUE,First existing witness of its res/compensated/bias class; no extremum selection or correction calculation.
RUN_00006,A04,real_clean,false,false,replay_observed_snapshot_transcription,N11,N11:RAW_DOPPLER_KINEMATICS:2:True:False,290,RAW_DOPPLER_KINEMATICS,<MECHANISM_ROOT>/analysis/RUN_00006/schedule/SCHEDULE_WITNESSES.json,/N11:RAW_DOPPLER_KINEMATICS:2:True:False/event/data/snapshot/imu_at_update/compensated,snapshot/imu_at_update/compensated,true,boolean,RECORDED_VALUE,First existing witness of its res/compensated/bias class; no extremum selection or correction calculation.
RUN_00006,A04,real_clean,false,false,replay_observed_snapshot_transcription,N11,N11:RAW_DOPPLER_KINEMATICS:2:True:False,290,RAW_DOPPLER_KINEMATICS,<MECHANISM_ROOT>/analysis/RUN_00006/schedule/SCHEDULE_WITNESSES.json,/N11:RAW_DOPPLER_KINEMATICS:2:True:False/event/data/snapshot/state/time,snapshot/state/time,66.199046,s,RECORDED_VALUE,First existing witness of its res/compensated/bias class; no extremum selection or correction calculation.
RUN_00006,A04,real_clean,false,false,replay_observed_snapshot_transcription,N11;N01;N02,N11:RAW_DOPPLER_KINEMATICS:2:True:False,290,RAW_DOPPLER_KINEMATICS,<MECHANISM_ROOT>/analysis/RUN_00006/schedule/SCHEDULE_WITNESSES.json,/N11:RAW_DOPPLER_KINEMATICS:2:True:False/event/data/snapshot/state/rpy_rad,snapshot/state/rpy_rad,"[0.001209029448133376,-0.0007603463065303529,6.271349116813819]",rad,RECORDED_VALUE,First existing witness of its res/compensated/bias class; no extremum selection or correction calculation.
RUN_00006,A04,real_clean,false,false,replay_observed_snapshot_transcription,N11,N11:RAW_DOPPLER_KINEMATICS:2:True:False,290,RAW_DOPPLER_KINEMATICS,<MECHANISM_ROOT>/analysis/RUN_00006/schedule/SCHEDULE_WITNESSES.json,/N11:RAW_DOPPLER_KINEMATICS:2:True:False/event/data/snapshot/state/gyr_bias,snapshot/state/gyr_bias,"[0,0,0]",rad/s,RECORDED_VALUE,First existing witness of its res/compensated/bias class; no extremum selection or correction calculation.
RUN_00006,A04,real_clean,false,false,replay_observed_snapshot_transcription,N11,N11:RAW_DOPPLER_KINEMATICS:2:True:False,290,RAW_DOPPLER_KINEMATICS,<MECHANISM_ROOT>/analysis/RUN_00006/schedule/SCHEDULE_WITNESSES.json,/N11:RAW_DOPPLER_KINEMATICS:2:True:False/event/data/snapshot/state/acc_bias,snapshot/state/acc_bias,"[0,0,0]",m/s^2,RECORDED_VALUE,First existing witness of its res/compensated/bias class; no extremum selection or correction calculation.
RUN_00006,A04,real_clean,false,false,replay_observed_snapshot_transcription,N11,N11:RAW_DOPPLER_KINEMATICS:2:True:False,290,RAW_DOPPLER_KINEMATICS,<MECHANISM_ROOT>/analysis/RUN_00006/schedule/SCHEDULE_WITNESSES.json,/N11:RAW_DOPPLER_KINEMATICS:2:True:False/event/data/snapshot/state/gyr_scale,snapshot/state/gyr_scale,"[0,0,0]",dimensionless,RECORDED_VALUE,First existing witness of its res/compensated/bias class; no extremum selection or correction calculation.
RUN_00006,A04,real_clean,false,false,replay_observed_snapshot_transcription,N11,N11:RAW_DOPPLER_KINEMATICS:2:True:False,290,RAW_DOPPLER_KINEMATICS,<MECHANISM_ROOT>/analysis/RUN_00006/schedule/SCHEDULE_WITNESSES.json,/N11:RAW_DOPPLER_KINEMATICS:2:True:False/event/data/snapshot/state/acc_scale,snapshot/state/acc_scale,"[0,0,0]",dimensionless,RECORDED_VALUE,First existing witness of its res/compensated/bias class; no extremum selection or correction calculation.
RUN_00006,A04,real_clean,false,false,replay_observed_snapshot_transcription,N11,N11:RAW_DOPPLER_KINEMATICS:2:True:False,290,RAW_DOPPLER_KINEMATICS,<MECHANISM_ROOT>/analysis/RUN_00006/schedule/SCHEDULE_WITNESSES.json,/N11:RAW_DOPPLER_KINEMATICS:2:True:False/event/data/snapshot/state/antlever_m,snapshot/state/antlever_m,"[0.03,0.03,-0.3]",m,RECORDED_VALUE,First existing witness of its res/compensated/bias class; no extremum selection or correction calculation.
RUN_00006,A04,real_clean,false,false,replay_observed_snapshot_transcription,N11;N01;N02,N11:RAW_DOPPLER_KINEMATICS:2:True:False,290,RAW_DOPPLER_KINEMATICS,<MECHANISM_ROOT>/analysis/RUN_00006/schedule/SCHEDULE_WITNESSES.json,/N11:RAW_DOPPLER_KINEMATICS:2:True:False/event/data/snapshot/state/Cbn,snapshot/state/Cbn,"[[0.9999296640735978,0.011834986134772251,-0.0007746023827911701],[-0.011835910580400347,0.9999292331722983,-0.001199945078807939],[0.0007603462332676296,0.0012090288040972706,0.9999989800609581]]",dimensionless,RECORDED_VALUE,First existing witness of its res/compensated/bias class; no extremum selection or correction calculation.
RUN_00006,A04,real_clean,false,false,replay_observed_snapshot_transcription,N11,N11:VELOCITY_KINEMATICS:3:False:True,578,VELOCITY_KINEMATICS,<MECHANISM_ROOT>/analysis/RUN_00006/schedule/SCHEDULE_WITNESSES.json,/N11:VELOCITY_KINEMATICS:3:False:True/event/data/context/source,context/source,"""receiver_velocity""",source_id,RECORDED_VALUE,First existing witness of its res/compensated/bias class; no extremum selection or correction calculation.
RUN_00006,A04,real_clean,false,false,replay_observed_snapshot_transcription,N11,N11:VELOCITY_KINEMATICS:3:False:True,578,VELOCITY_KINEMATICS,<MECHANISM_ROOT>/analysis/RUN_00006/schedule/SCHEDULE_WITNESSES.json,/N11:VELOCITY_KINEMATICS:3:False:True/event/data/context/row_id,context/row_id,-1,zero_based_loaded_vector_or_-1,RECORDED_VALUE,First existing witness of its res/compensated/bias class; no extremum selection or correction calculation.
RUN_00006,A04,real_clean,false,false,replay_observed_snapshot_transcription,N11,N11:VELOCITY_KINEMATICS:3:False:True,578,VELOCITY_KINEMATICS,<MECHANISM_ROOT>/analysis/RUN_00006/schedule/SCHEDULE_WITNESSES.json,/N11:VELOCITY_KINEMATICS:3:False:True/event/data/context/res,context/res,3,branch_id,RECORDED_VALUE,First existing witness of its res/compensated/bias class; no extremum selection or correction calculation.
RUN_00006,A04,real_clean,false,false,replay_observed_snapshot_transcription,N11,N11:VELOCITY_KINEMATICS:3:False:True,578,VELOCITY_KINEMATICS,<MECHANISM_ROOT>/analysis/RUN_00006/schedule/SCHEDULE_WITNESSES.json,/N11:VELOCITY_KINEMATICS:3:False:True/event/data/context/gnss_input_seq,context/gnss_input_seq,2,count,RECORDED_VALUE,First existing witness of its res/compensated/bias class; no extremum selection or correction calculation.
RUN_00006,A04,real_clean,false,false,replay_observed_snapshot_transcription,N11,N11:VELOCITY_KINEMATICS:3:False:True,578,VELOCITY_KINEMATICS,<MECHANISM_ROOT>/analysis/RUN_00006/schedule/SCHEDULE_WITNESSES.json,/N11:VELOCITY_KINEMATICS:3:False:True/event/data/context/measurement_attempt_seq,context/measurement_attempt_seq,9,count,RECORDED_VALUE,First existing witness of its res/compensated/bias class; no extremum selection or correction calculation.
RUN_00006,A04,real_clean,false,false,replay_observed_snapshot_transcription,N11,N11:VELOCITY_KINEMATICS:3:False:True,578,VELOCITY_KINEMATICS,<MECHANISM_ROOT>/analysis/RUN_00006/schedule/SCHEDULE_WITNESSES.json,/N11:VELOCITY_KINEMATICS:3:False:True/event/data/context/gnss_time,context/gnss_time,66.400000095,s,RECORDED_VALUE,First existing witness of its res/compensated/bias class; no extremum selection or correction calculation.
RUN_00006,A04,real_clean,false,false,replay_observed_snapshot_transcription,N11,N11:VELOCITY_KINEMATICS:3:False:True,578,VELOCITY_KINEMATICS,<MECHANISM_ROOT>/analysis/RUN_00006/schedule/SCHEDULE_WITNESSES.json,/N11:VELOCITY_KINEMATICS:3:False:True/event/data/context/measurement_time,context/measurement_time,66.400000095,s,RECORDED_VALUE,First existing witness of its res/compensated/bias class; no extremum selection or correction calculation.
RUN_00006,A04,real_clean,false,false,replay_observed_snapshot_transcription,N11,N11:VELOCITY_KINEMATICS:3:False:True,578,VELOCITY_KINEMATICS,<MECHANISM_ROOT>/analysis/RUN_00006/schedule/SCHEDULE_WITNESSES.json,/N11:VELOCITY_KINEMATICS:3:False:True/event/data/context/imu_previous_time,context/imu_previous_time,66.397071,s,RECORDED_VALUE,First existing witness of its res/compensated/bias class; no extremum selection or correction calculation.
RUN_00006,A04,real_clean,false,false,replay_observed_snapshot_transcription,N11,N11:VELOCITY_KINEMATICS:3:False:True,578,VELOCITY_KINEMATICS,<MECHANISM_ROOT>/analysis/RUN_00006/schedule/SCHEDULE_WITNESSES.json,/N11:VELOCITY_KINEMATICS:3:False:True/event/data/context/imu_current_time,context/imu_current_time,66.403074,s,RECORDED_VALUE,First existing witness of its res/compensated/bias class; no extremum selection or correction calculation.
RUN_00006,A04,real_clean,false,false,replay_observed_snapshot_transcription,N11,N11:VELOCITY_KINEMATICS:3:False:True,578,VELOCITY_KINEMATICS,<MECHANISM_ROOT>/analysis/RUN_00006/schedule/SCHEDULE_WITNESSES.json,/N11:VELOCITY_KINEMATICS:3:False:True/event/data/context/state_time,context/state_time,66.400000095,s,RECORDED_VALUE,First existing witness of its res/compensated/bias class; no extremum selection or correction calculation.
RUN_00006,A04,real_clean,false,false,replay_observed_snapshot_transcription,N11,N11:VELOCITY_KINEMATICS:3:False:True,578,VELOCITY_KINEMATICS,<MECHANISM_ROOT>/analysis/RUN_00006/schedule/SCHEDULE_WITNESSES.json,/N11:VELOCITY_KINEMATICS:3:False:True/event/data/context/yaw_attempt_count,context/yaw_attempt_count,2,count,RECORDED_VALUE,First existing witness of its res/compensated/bias class; no extremum selection or correction calculation.
RUN_00006,A04,real_clean,false,false,replay_observed_snapshot_transcription,N11,N11:VELOCITY_KINEMATICS:3:False:True,578,VELOCITY_KINEMATICS,<MECHANISM_ROOT>/analysis/RUN_00006/schedule/SCHEDULE_WITNESSES.json,/N11:VELOCITY_KINEMATICS:3:False:True/event/data/context/yaw_reject_count,context/yaw_reject_count,0,count,RECORDED_VALUE,First existing witness of its res/compensated/bias class; no extremum selection or correction calculation.
RUN_00006,A04,real_clean,false,false,replay_observed_snapshot_transcription,N11,N11:VELOCITY_KINEMATICS:3:False:True,578,VELOCITY_KINEMATICS,<MECHANISM_ROOT>/analysis/RUN_00006/schedule/SCHEDULE_WITNESSES.json,/N11:VELOCITY_KINEMATICS:3:False:True/event/data/snapshot/actual_dt_used,snapshot/actual_dt_used,0.003073905000007926,s,RECORDED_VALUE,First existing witness of its res/compensated/bias class; no extremum selection or correction calculation.
RUN_00006,A04,real_clean,false,false,replay_observed_snapshot_transcription,N11,N11:VELOCITY_KINEMATICS:3:False:True,578,VELOCITY_KINEMATICS,<MECHANISM_ROOT>/analysis/RUN_00006/schedule/SCHEDULE_WITNESSES.json,/N11:VELOCITY_KINEMATICS:3:False:True/event/data/snapshot/actual_omega_b,snapshot/actual_omega_b,"[-0.38864067965972554,0.19575712143905652,0.5007146426780882]",rad/s,RECORDED_VALUE,First existing witness of its res/compensated/bias class; no extremum selection or correction calculation.
RUN_00006,A04,real_clean,false,false,replay_observed_snapshot_transcription,N11,N11:VELOCITY_KINEMATICS:3:False:True,578,VELOCITY_KINEMATICS,<MECHANISM_ROOT>/analysis/RUN_00006/schedule/SCHEDULE_WITNESSES.json,/N11:VELOCITY_KINEMATICS:3:False:True/event/data/snapshot,snapshot/actual_lever_velocity,UNKNOWN_NOT_RECORDED_IN_THIS_EVENT,m/s,NOT_RECORDED,Field is absent; pointer resolves its actual containing snapshot. No subtraction or other replacement calculation.
RUN_00006,A04,real_clean,false,false,replay_observed_snapshot_transcription,N11,N11:VELOCITY_KINEMATICS:3:False:True,578,VELOCITY_KINEMATICS,<MECHANISM_ROOT>/analysis/RUN_00006/schedule/SCHEDULE_WITNESSES.json,/N11:VELOCITY_KINEMATICS:3:False:True/event/data/snapshot/actual_antenna_velocity,snapshot/actual_antenna_velocity,"[0.840476877852955,-0.13492504566351227,0.09477625278714533]",m/s,RECORDED_VALUE,First existing witness of its res/compensated/bias class; no extremum selection or correction calculation.
RUN_00006,A04,real_clean,false,false,replay_observed_snapshot_transcription,N11,N11:VELOCITY_KINEMATICS:3:False:True,578,VELOCITY_KINEMATICS,<MECHANISM_ROOT>/analysis/RUN_00006/schedule/SCHEDULE_WITNESSES.json,/N11:VELOCITY_KINEMATICS:3:False:True/event/data/snapshot/imu_at_update/time,snapshot/imu_at_update/time,66.403074,s,RECORDED_VALUE,First existing witness of its res/compensated/bias class; no extremum selection or correction calculation.
RUN_00006,A04,real_clean,false,false,replay_observed_snapshot_transcription,N11,N11:VELOCITY_KINEMATICS:3:False:True,578,VELOCITY_KINEMATICS,<MECHANISM_ROOT>/analysis/RUN_00006/schedule/SCHEDULE_WITNESSES.json,/N11:VELOCITY_KINEMATICS:3:False:True/event/data/snapshot/imu_at_update/dt,snapshot/imu_at_update/dt,0.003073905000007926,s,RECORDED_VALUE,First existing witness of its res/compensated/bias class; no extremum selection or correction calculation.
RUN_00006,A04,real_clean,false,false,replay_observed_snapshot_transcription,N11,N11:VELOCITY_KINEMATICS:3:False:True,578,VELOCITY_KINEMATICS,<MECHANISM_ROOT>/analysis/RUN_00006/schedule/SCHEDULE_WITNESSES.json,/N11:VELOCITY_KINEMATICS:3:False:True/event/data/snapshot/imu_at_update/dtheta,snapshot/imu_at_update/dtheta,"[-0.001194644528412509,0.0006017387943786746,0.0015391492437053572]",rad,RECORDED_VALUE,First existing witness of its res/compensated/bias class; no extremum selection or correction calculation.
RUN_00006,A04,real_clean,false,false,replay_observed_snapshot_transcription,N11,N11:VELOCITY_KINEMATICS:3:False:True,578,VELOCITY_KINEMATICS,<MECHANISM_ROOT>/analysis/RUN_00006/schedule/SCHEDULE_WITNESSES.json,/N11:VELOCITY_KINEMATICS:3:False:True/event/data/snapshot/imu_at_update/dvel,snapshot/imu_at_update/dvel,"[-0.0022532496862850923,-0.019598953032187047,-0.020839386097181327]",m/s,RECORDED_VALUE,First existing witness of its res/compensated/bias class; no extremum selection or correction calculation.
RUN_00006,A04,real_clean,false,false,replay_observed_snapshot_transcription,N11,N11:VELOCITY_KINEMATICS:3:False:True,578,VELOCITY_KINEMATICS,<MECHANISM_ROOT>/analysis/RUN_00006/schedule/SCHEDULE_WITNESSES.json,/N11:VELOCITY_KINEMATICS:3:False:True/event/data/snapshot/imu_at_update/compensated,snapshot/imu_at_update/compensated,false,boolean,RECORDED_VALUE,First existing witness of its res/compensated/bias class; no extremum selection or correction calculation.
RUN_00006,A04,real_clean,false,false,replay_observed_snapshot_transcription,N11,N11:VELOCITY_KINEMATICS:3:False:True,578,VELOCITY_KINEMATICS,<MECHANISM_ROOT>/analysis/RUN_00006/schedule/SCHEDULE_WITNESSES.json,/N11:VELOCITY_KINEMATICS:3:False:True/event/data/snapshot/state/time,snapshot/state/time,66.400000095,s,RECORDED_VALUE,First existing witness of its res/compensated/bias class; no extremum selection or correction calculation.
RUN_00006,A04,real_clean,false,false,replay_observed_snapshot_transcription,N11;N01;N02,N11:VELOCITY_KINEMATICS:3:False:True,578,VELOCITY_KINEMATICS,<MECHANISM_ROOT>/analysis/RUN_00006/schedule/SCHEDULE_WITNESSES.json,/N11:VELOCITY_KINEMATICS:3:False:True/event/data/snapshot/state/rpy_rad,snapshot/state/rpy_rad,"[0.042344842128042924,-0.0007848737519905311,6.2759402942159]",rad,RECORDED_VALUE,First existing witness of its res/compensated/bias class; no extremum selection or correction calculation.
RUN_00006,A04,real_clean,false,false,replay_observed_snapshot_transcription,N11,N11:VELOCITY_KINEMATICS:3:False:True,578,VELOCITY_KINEMATICS,<MECHANISM_ROOT>/analysis/RUN_00006/schedule/SCHEDULE_WITNESSES.json,/N11:VELOCITY_KINEMATICS:3:False:True/event/data/snapshot/state/gyr_bias,snapshot/state/gyr_bias,"[-6.17028231984871E-9,-3.36135329500084E-10,1.6613002820539526E-9]",rad/s,RECORDED_VALUE,First existing witness of its res/compensated/bias class; no extremum selection or correction calculation.
RUN_00006,A04,real_clean,false,false,replay_observed_snapshot_transcription,N11,N11:VELOCITY_KINEMATICS:3:False:True,578,VELOCITY_KINEMATICS,<MECHANISM_ROOT>/analysis/RUN_00006/schedule/SCHEDULE_WITNESSES.json,/N11:VELOCITY_KINEMATICS:3:False:True/event/data/snapshot/state/acc_bias,snapshot/state/acc_bias,"[-0.000335296681967951,0.00000640316281879296,-0.00007242729319621164]",m/s^2,RECORDED_VALUE,First existing witness of its res/compensated/bias class; no extremum selection or correction calculation.
RUN_00006,A04,real_clean,false,false,replay_observed_snapshot_transcription,N11,N11:VELOCITY_KINEMATICS:3:False:True,578,VELOCITY_KINEMATICS,<MECHANISM_ROOT>/analysis/RUN_00006/schedule/SCHEDULE_WITNESSES.json,/N11:VELOCITY_KINEMATICS:3:False:True/event/data/snapshot/state/gyr_scale,snapshot/state/gyr_scale,"[0,0,0]",dimensionless,RECORDED_VALUE,First existing witness of its res/compensated/bias class; no extremum selection or correction calculation.
RUN_00006,A04,real_clean,false,false,replay_observed_snapshot_transcription,N11,N11:VELOCITY_KINEMATICS:3:False:True,578,VELOCITY_KINEMATICS,<MECHANISM_ROOT>/analysis/RUN_00006/schedule/SCHEDULE_WITNESSES.json,/N11:VELOCITY_KINEMATICS:3:False:True/event/data/snapshot/state/acc_scale,snapshot/state/acc_scale,"[0,0,0]",dimensionless,RECORDED_VALUE,First existing witness of its res/compensated/bias class; no extremum selection or correction calculation.
RUN_00006,A04,real_clean,false,false,replay_observed_snapshot_transcription,N11,N11:VELOCITY_KINEMATICS:3:False:True,578,VELOCITY_KINEMATICS,<MECHANISM_ROOT>/analysis/RUN_00006/schedule/SCHEDULE_WITNESSES.json,/N11:VELOCITY_KINEMATICS:3:False:True/event/data/snapshot/state/antlever_m,snapshot/state/antlever_m,"[0.03,0.03,-0.3]",m,RECORDED_VALUE,First existing witness of its res/compensated/bias class; no extremum selection or correction calculation.
RUN_00006,A04,real_clean,false,false,replay_observed_snapshot_transcription,N11;N01;N02,N11:VELOCITY_KINEMATICS:3:False:True,578,VELOCITY_KINEMATICS,<MECHANISM_ROOT>/analysis/RUN_00006/schedule/SCHEDULE_WITNESSES.json,/N11:VELOCITY_KINEMATICS:3:False:True/event/data/snapshot/state/Cbn,snapshot/state/Cbn,"[[0.9999734470030751,0.00720523059644453,-0.001090844095297908],[-0.007244947350265517,0.9990776103805259,-0.04232539632690898],[0.000784873671406655,0.04233217556882824,0.9991032833921275]]",dimensionless,RECORDED_VALUE,First existing witness of its res/compensated/bias class; no extremum selection or correction calculation.
RUN_00006,A04,real_clean,false,false,replay_observed_snapshot_transcription,N11,N11:RAW_DOPPLER_KINEMATICS:3:False:True,586,RAW_DOPPLER_KINEMATICS,<MECHANISM_ROOT>/analysis/RUN_00006/schedule/SCHEDULE_WITNESSES.json,/N11:RAW_DOPPLER_KINEMATICS:3:False:True/event/data/context/source,context/source,"""raw_doppler_velocity""",source_id,RECORDED_VALUE,First existing witness of its res/compensated/bias class; no extremum selection or correction calculation.
RUN_00006,A04,real_clean,false,false,replay_observed_snapshot_transcription,N11,N11:RAW_DOPPLER_KINEMATICS:3:False:True,586,RAW_DOPPLER_KINEMATICS,<MECHANISM_ROOT>/analysis/RUN_00006/schedule/SCHEDULE_WITNESSES.json,/N11:RAW_DOPPLER_KINEMATICS:3:False:True/event/data/context/row_id,context/row_id,52,zero_based_loaded_vector_or_-1,RECORDED_VALUE,First existing witness of its res/compensated/bias class; no extremum selection or correction calculation.
RUN_00006,A04,real_clean,false,false,replay_observed_snapshot_transcription,N11,N11:RAW_DOPPLER_KINEMATICS:3:False:True,586,RAW_DOPPLER_KINEMATICS,<MECHANISM_ROOT>/analysis/RUN_00006/schedule/SCHEDULE_WITNESSES.json,/N11:RAW_DOPPLER_KINEMATICS:3:False:True/event/data/context/res,context/res,3,branch_id,RECORDED_VALUE,First existing witness of its res/compensated/bias class; no extremum selection or correction calculation.
RUN_00006,A04,real_clean,false,false,replay_observed_snapshot_transcription,N11,N11:RAW_DOPPLER_KINEMATICS:3:False:True,586,RAW_DOPPLER_KINEMATICS,<MECHANISM_ROOT>/analysis/RUN_00006/schedule/SCHEDULE_WITNESSES.json,/N11:RAW_DOPPLER_KINEMATICS:3:False:True/event/data/context/gnss_input_seq,context/gnss_input_seq,2,count,RECORDED_VALUE,First existing witness of its res/compensated/bias class; no extremum selection or correction calculation.
RUN_00006,A04,real_clean,false,false,replay_observed_snapshot_transcription,N11,N11:RAW_DOPPLER_KINEMATICS:3:False:True,586,RAW_DOPPLER_KINEMATICS,<MECHANISM_ROOT>/analysis/RUN_00006/schedule/SCHEDULE_WITNESSES.json,/N11:RAW_DOPPLER_KINEMATICS:3:False:True/event/data/context/measurement_attempt_seq,context/measurement_attempt_seq,10,count,RECORDED_VALUE,First existing witness of its res/compensated/bias class; no extremum selection or correction calculation.
RUN_00006,A04,real_clean,false,false,replay_observed_snapshot_transcription,N11,N11:RAW_DOPPLER_KINEMATICS:3:False:True,586,RAW_DOPPLER_KINEMATICS,<MECHANISM_ROOT>/analysis/RUN_00006/schedule/SCHEDULE_WITNESSES.json,/N11:RAW_DOPPLER_KINEMATICS:3:False:True/event/data/context/gnss_time,context/gnss_time,66.400000095,s,RECORDED_VALUE,First existing witness of its res/compensated/bias class; no extremum selection or correction calculation.
RUN_00006,A04,real_clean,false,false,replay_observed_snapshot_transcription,N11,N11:RAW_DOPPLER_KINEMATICS:3:False:True,586,RAW_DOPPLER_KINEMATICS,<MECHANISM_ROOT>/analysis/RUN_00006/schedule/SCHEDULE_WITNESSES.json,/N11:RAW_DOPPLER_KINEMATICS:3:False:True/event/data/context/measurement_time,context/measurement_time,66.400000095,s,RECORDED_VALUE,First existing witness of its res/compensated/bias class; no extremum selection or correction calculation.
RUN_00006,A04,real_clean,false,false,replay_observed_snapshot_transcription,N11,N11:RAW_DOPPLER_KINEMATICS:3:False:True,586,RAW_DOPPLER_KINEMATICS,<MECHANISM_ROOT>/analysis/RUN_00006/schedule/SCHEDULE_WITNESSES.json,/N11:RAW_DOPPLER_KINEMATICS:3:False:True/event/data/context/imu_previous_time,context/imu_previous_time,66.397071,s,RECORDED_VALUE,First existing witness of its res/compensated/bias class; no extremum selection or correction calculation.
RUN_00006,A04,real_clean,false,false,replay_observed_snapshot_transcription,N11,N11:RAW_DOPPLER_KINEMATICS:3:False:True,586,RAW_DOPPLER_KINEMATICS,<MECHANISM_ROOT>/analysis/RUN_00006/schedule/SCHEDULE_WITNESSES.json,/N11:RAW_DOPPLER_KINEMATICS:3:False:True/event/data/context/imu_current_time,context/imu_current_time,66.403074,s,RECORDED_VALUE,First existing witness of its res/compensated/bias class; no extremum selection or correction calculation.
RUN_00006,A04,real_clean,false,false,replay_observed_snapshot_transcription,N11,N11:RAW_DOPPLER_KINEMATICS:3:False:True,586,RAW_DOPPLER_KINEMATICS,<MECHANISM_ROOT>/analysis/RUN_00006/schedule/SCHEDULE_WITNESSES.json,/N11:RAW_DOPPLER_KINEMATICS:3:False:True/event/data/context/state_time,context/state_time,66.400000095,s,RECORDED_VALUE,First existing witness of its res/compensated/bias class; no extremum selection or correction calculation.
RUN_00006,A04,real_clean,false,false,replay_observed_snapshot_transcription,N11,N11:RAW_DOPPLER_KINEMATICS:3:False:True,586,RAW_DOPPLER_KINEMATICS,<MECHANISM_ROOT>/analysis/RUN_00006/schedule/SCHEDULE_WITNESSES.json,/N11:RAW_DOPPLER_KINEMATICS:3:False:True/event/data/context/yaw_attempt_count,context/yaw_attempt_count,2,count,RECORDED_VALUE,First existing witness of its res/compensated/bias class; no extremum selection or correction calculation.
RUN_00006,A04,real_clean,false,false,replay_observed_snapshot_transcription,N11,N11:RAW_DOPPLER_KINEMATICS:3:False:True,586,RAW_DOPPLER_KINEMATICS,<MECHANISM_ROOT>/analysis/RUN_00006/schedule/SCHEDULE_WITNESSES.json,/N11:RAW_DOPPLER_KINEMATICS:3:False:True/event/data/context/yaw_reject_count,context/yaw_reject_count,0,count,RECORDED_VALUE,First existing witness of its res/compensated/bias class; no extremum selection or correction calculation.
RUN_00006,A04,real_clean,false,false,replay_observed_snapshot_transcription,N11,N11:RAW_DOPPLER_KINEMATICS:3:False:True,586,RAW_DOPPLER_KINEMATICS,<MECHANISM_ROOT>/analysis/RUN_00006/schedule/SCHEDULE_WITNESSES.json,/N11:RAW_DOPPLER_KINEMATICS:3:False:True/event/data/snapshot/actual_dt_used,snapshot/actual_dt_used,0.003073905000007926,s,RECORDED_VALUE,First existing witness of its res/compensated/bias class; no extremum selection or correction calculation.
RUN_00006,A04,real_clean,false,false,replay_observed_snapshot_transcription,N11,N11:RAW_DOPPLER_KINEMATICS:3:False:True,586,RAW_DOPPLER_KINEMATICS,<MECHANISM_ROOT>/analysis/RUN_00006/schedule/SCHEDULE_WITNESSES.json,/N11:RAW_DOPPLER_KINEMATICS:3:False:True/event/data/snapshot/actual_omega_b,snapshot/actual_omega_b,"[-0.38864067965972554,0.19575712143905652,0.5007146426780882]",rad/s,RECORDED_VALUE,First existing witness of its res/compensated/bias class; no extremum selection or correction calculation.
RUN_00006,A04,real_clean,false,false,replay_observed_snapshot_transcription,N11,N11:RAW_DOPPLER_KINEMATICS:3:False:True,586,RAW_DOPPLER_KINEMATICS,<MECHANISM_ROOT>/analysis/RUN_00006/schedule/SCHEDULE_WITNESSES.json,/N11:RAW_DOPPLER_KINEMATICS:3:False:True/event/data/snapshot/actual_lever_velocity,snapshot/actual_lever_velocity,"[-0.07445933364056333,-0.10020072619413638,-0.021873807612379427]",m/s,RECORDED_VALUE,First existing witness of its res/compensated/bias class; no extremum selection or correction calculation.
RUN_00006,A04,real_clean,false,false,replay_observed_snapshot_transcription,N11,N11:RAW_DOPPLER_KINEMATICS:3:False:True,586,RAW_DOPPLER_KINEMATICS,<MECHANISM_ROOT>/analysis/RUN_00006/schedule/SCHEDULE_WITNESSES.json,/N11:RAW_DOPPLER_KINEMATICS:3:False:True/event/data/snapshot/actual_antenna_velocity,snapshot/actual_antenna_velocity,"[0.840476877852955,-0.13492504566351227,0.09477625278714533]",m/s,RECORDED_VALUE,First existing witness of its res/compensated/bias class; no extremum selection or correction calculation.
RUN_00006,A04,real_clean,false,false,replay_observed_snapshot_transcription,N11,N11:RAW_DOPPLER_KINEMATICS:3:False:True,586,RAW_DOPPLER_KINEMATICS,<MECHANISM_ROOT>/analysis/RUN_00006/schedule/SCHEDULE_WITNESSES.json,/N11:RAW_DOPPLER_KINEMATICS:3:False:True/event/data/snapshot/imu_at_update/time,snapshot/imu_at_update/time,66.403074,s,RECORDED_VALUE,First existing witness of its res/compensated/bias class; no extremum selection or correction calculation.
RUN_00006,A04,real_clean,false,false,replay_observed_snapshot_transcription,N11,N11:RAW_DOPPLER_KINEMATICS:3:False:True,586,RAW_DOPPLER_KINEMATICS,<MECHANISM_ROOT>/analysis/RUN_00006/schedule/SCHEDULE_WITNESSES.json,/N11:RAW_DOPPLER_KINEMATICS:3:False:True/event/data/snapshot/imu_at_update/dt,snapshot/imu_at_update/dt,0.003073905000007926,s,RECORDED_VALUE,First existing witness of its res/compensated/bias class; no extremum selection or correction calculation.
RUN_00006,A04,real_clean,false,false,replay_observed_snapshot_transcription,N11,N11:RAW_DOPPLER_KINEMATICS:3:False:True,586,RAW_DOPPLER_KINEMATICS,<MECHANISM_ROOT>/analysis/RUN_00006/schedule/SCHEDULE_WITNESSES.json,/N11:RAW_DOPPLER_KINEMATICS:3:False:True/event/data/snapshot/imu_at_update/dtheta,snapshot/imu_at_update/dtheta,"[-0.001194644528412509,0.0006017387943786746,0.0015391492437053572]",rad,RECORDED_VALUE,First existing witness of its res/compensated/bias class; no extremum selection or correction calculation.
RUN_00006,A04,real_clean,false,false,replay_observed_snapshot_transcription,N11,N11:RAW_DOPPLER_KINEMATICS:3:False:True,586,RAW_DOPPLER_KINEMATICS,<MECHANISM_ROOT>/analysis/RUN_00006/schedule/SCHEDULE_WITNESSES.json,/N11:RAW_DOPPLER_KINEMATICS:3:False:True/event/data/snapshot/imu_at_update/dvel,snapshot/imu_at_update/dvel,"[-0.0022532496862850923,-0.019598953032187047,-0.020839386097181327]",m/s,RECORDED_VALUE,First existing witness of its res/compensated/bias class; no extremum selection or correction calculation.
RUN_00006,A04,real_clean,false,false,replay_observed_snapshot_transcription,N11,N11:RAW_DOPPLER_KINEMATICS:3:False:True,586,RAW_DOPPLER_KINEMATICS,<MECHANISM_ROOT>/analysis/RUN_00006/schedule/SCHEDULE_WITNESSES.json,/N11:RAW_DOPPLER_KINEMATICS:3:False:True/event/data/snapshot/imu_at_update/compensated,snapshot/imu_at_update/compensated,false,boolean,RECORDED_VALUE,First existing witness of its res/compensated/bias class; no extremum selection or correction calculation.
RUN_00006,A04,real_clean,false,false,replay_observed_snapshot_transcription,N11,N11:RAW_DOPPLER_KINEMATICS:3:False:True,586,RAW_DOPPLER_KINEMATICS,<MECHANISM_ROOT>/analysis/RUN_00006/schedule/SCHEDULE_WITNESSES.json,/N11:RAW_DOPPLER_KINEMATICS:3:False:True/event/data/snapshot/state/time,snapshot/state/time,66.400000095,s,RECORDED_VALUE,First existing witness of its res/compensated/bias class; no extremum selection or correction calculation.
RUN_00006,A04,real_clean,false,false,replay_observed_snapshot_transcription,N11;N01;N02,N11:RAW_DOPPLER_KINEMATICS:3:False:True,586,RAW_DOPPLER_KINEMATICS,<MECHANISM_ROOT>/analysis/RUN_00006/schedule/SCHEDULE_WITNESSES.json,/N11:RAW_DOPPLER_KINEMATICS:3:False:True/event/data/snapshot/state/rpy_rad,snapshot/state/rpy_rad,"[0.042344842128042924,-0.0007848737519905311,6.2759402942159]",rad,RECORDED_VALUE,First existing witness of its res/compensated/bias class; no extremum selection or correction calculation.
RUN_00006,A04,real_clean,false,false,replay_observed_snapshot_transcription,N11,N11:RAW_DOPPLER_KINEMATICS:3:False:True,586,RAW_DOPPLER_KINEMATICS,<MECHANISM_ROOT>/analysis/RUN_00006/schedule/SCHEDULE_WITNESSES.json,/N11:RAW_DOPPLER_KINEMATICS:3:False:True/event/data/snapshot/state/gyr_bias,snapshot/state/gyr_bias,"[-6.17028231984871E-9,-3.36135329500084E-10,1.6613002820539526E-9]",rad/s,RECORDED_VALUE,First existing witness of its res/compensated/bias class; no extremum selection or correction calculation.
RUN_00006,A04,real_clean,false,false,replay_observed_snapshot_transcription,N11,N11:RAW_DOPPLER_KINEMATICS:3:False:True,586,RAW_DOPPLER_KINEMATICS,<MECHANISM_ROOT>/analysis/RUN_00006/schedule/SCHEDULE_WITNESSES.json,/N11:RAW_DOPPLER_KINEMATICS:3:False:True/event/data/snapshot/state/acc_bias,snapshot/state/acc_bias,"[-0.000335296681967951,0.00000640316281879296,-0.00007242729319621164]",m/s^2,RECORDED_VALUE,First existing witness of its res/compensated/bias class; no extremum selection or correction calculation.
RUN_00006,A04,real_clean,false,false,replay_observed_snapshot_transcription,N11,N11:RAW_DOPPLER_KINEMATICS:3:False:True,586,RAW_DOPPLER_KINEMATICS,<MECHANISM_ROOT>/analysis/RUN_00006/schedule/SCHEDULE_WITNESSES.json,/N11:RAW_DOPPLER_KINEMATICS:3:False:True/event/data/snapshot/state/gyr_scale,snapshot/state/gyr_scale,"[0,0,0]",dimensionless,RECORDED_VALUE,First existing witness of its res/compensated/bias class; no extremum selection or correction calculation.
RUN_00006,A04,real_clean,false,false,replay_observed_snapshot_transcription,N11,N11:RAW_DOPPLER_KINEMATICS:3:False:True,586,RAW_DOPPLER_KINEMATICS,<MECHANISM_ROOT>/analysis/RUN_00006/schedule/SCHEDULE_WITNESSES.json,/N11:RAW_DOPPLER_KINEMATICS:3:False:True/event/data/snapshot/state/acc_scale,snapshot/state/acc_scale,"[0,0,0]",dimensionless,RECORDED_VALUE,First existing witness of its res/compensated/bias class; no extremum selection or correction calculation.
RUN_00006,A04,real_clean,false,false,replay_observed_snapshot_transcription,N11,N11:RAW_DOPPLER_KINEMATICS:3:False:True,586,RAW_DOPPLER_KINEMATICS,<MECHANISM_ROOT>/analysis/RUN_00006/schedule/SCHEDULE_WITNESSES.json,/N11:RAW_DOPPLER_KINEMATICS:3:False:True/event/data/snapshot/state/antlever_m,snapshot/state/antlever_m,"[0.03,0.03,-0.3]",m,RECORDED_VALUE,First existing witness of its res/compensated/bias class; no extremum selection or correction calculation.
RUN_00006,A04,real_clean,false,false,replay_observed_snapshot_transcription,N11;N01;N02,N11:RAW_DOPPLER_KINEMATICS:3:False:True,586,RAW_DOPPLER_KINEMATICS,<MECHANISM_ROOT>/analysis/RUN_00006/schedule/SCHEDULE_WITNESSES.json,/N11:RAW_DOPPLER_KINEMATICS:3:False:True/event/data/snapshot/state/Cbn,snapshot/state/Cbn,"[[0.9999734470030751,0.00720523059644453,-0.001090844095297908],[-0.007244947350265517,0.9990776103805259,-0.04232539632690898],[0.000784873671406655,0.04233217556882824,0.9991032833921275]]",dimensionless,RECORDED_VALUE,First existing witness of its res/compensated/bias class; no extremum selection or correction calculation.
RUN_00006,A04,real_clean,false,false,replay_observed_snapshot_transcription,N11,N11:VELOCITY_KINEMATICS:2:True:True,2058,VELOCITY_KINEMATICS,<MECHANISM_ROOT>/analysis/RUN_00006/schedule/SCHEDULE_WITNESSES.json,/N11:VELOCITY_KINEMATICS:2:True:True/event/data/context/source,context/source,"""receiver_velocity""",source_id,RECORDED_VALUE,First existing witness of its res/compensated/bias class; no extremum selection or correction calculation.
RUN_00006,A04,real_clean,false,false,replay_observed_snapshot_transcription,N11,N11:VELOCITY_KINEMATICS:2:True:True,2058,VELOCITY_KINEMATICS,<MECHANISM_ROOT>/analysis/RUN_00006/schedule/SCHEDULE_WITNESSES.json,/N11:VELOCITY_KINEMATICS:2:True:True/event/data/context/row_id,context/row_id,-1,zero_based_loaded_vector_or_-1,RECORDED_VALUE,First existing witness of its res/compensated/bias class; no extremum selection or correction calculation.
RUN_00006,A04,real_clean,false,false,replay_observed_snapshot_transcription,N11,N11:VELOCITY_KINEMATICS:2:True:True,2058,VELOCITY_KINEMATICS,<MECHANISM_ROOT>/analysis/RUN_00006/schedule/SCHEDULE_WITNESSES.json,/N11:VELOCITY_KINEMATICS:2:True:True/event/data/context/res,context/res,2,branch_id,RECORDED_VALUE,First existing witness of its res/compensated/bias class; no extremum selection or correction calculation.
RUN_00006,A04,real_clean,false,false,replay_observed_snapshot_transcription,N11,N11:VELOCITY_KINEMATICS:2:True:True,2058,VELOCITY_KINEMATICS,<MECHANISM_ROOT>/analysis/RUN_00006/schedule/SCHEDULE_WITNESSES.json,/N11:VELOCITY_KINEMATICS:2:True:True/event/data/context/gnss_input_seq,context/gnss_input_seq,7,count,RECORDED_VALUE,First existing witness of its res/compensated/bias class; no extremum selection or correction calculation.
RUN_00006,A04,real_clean,false,false,replay_observed_snapshot_transcription,N11,N11:VELOCITY_KINEMATICS:2:True:True,2058,VELOCITY_KINEMATICS,<MECHANISM_ROOT>/analysis/RUN_00006/schedule/SCHEDULE_WITNESSES.json,/N11:VELOCITY_KINEMATICS:2:True:True/event/data/context/measurement_attempt_seq,context/measurement_attempt_seq,39,count,RECORDED_VALUE,First existing witness of its res/compensated/bias class; no extremum selection or correction calculation.
RUN_00006,A04,real_clean,false,false,replay_observed_snapshot_transcription,N11,N11:VELOCITY_KINEMATICS:2:True:True,2058,VELOCITY_KINEMATICS,<MECHANISM_ROOT>/analysis/RUN_00006/schedule/SCHEDULE_WITNESSES.json,/N11:VELOCITY_KINEMATICS:2:True:True/event/data/context/gnss_time,context/gnss_time,67.400000095,s,RECORDED_VALUE,First existing witness of its res/compensated/bias class; no extremum selection or correction calculation.
RUN_00006,A04,real_clean,false,false,replay_observed_snapshot_transcription,N11,N11:VELOCITY_KINEMATICS:2:True:True,2058,VELOCITY_KINEMATICS,<MECHANISM_ROOT>/analysis/RUN_00006/schedule/SCHEDULE_WITNESSES.json,/N11:VELOCITY_KINEMATICS:2:True:True/event/data/context/measurement_time,context/measurement_time,67.400000095,s,RECORDED_VALUE,First existing witness of its res/compensated/bias class; no extremum selection or correction calculation.
RUN_00006,A04,real_clean,false,false,replay_observed_snapshot_transcription,N11,N11:VELOCITY_KINEMATICS:2:True:True,2058,VELOCITY_KINEMATICS,<MECHANISM_ROOT>/analysis/RUN_00006/schedule/SCHEDULE_WITNESSES.json,/N11:VELOCITY_KINEMATICS:2:True:True/event/data/context/imu_previous_time,context/imu_previous_time,67.396515,s,RECORDED_VALUE,First existing witness of its res/compensated/bias class; no extremum selection or correction calculation.
RUN_00006,A04,real_clean,false,false,replay_observed_snapshot_transcription,N11,N11:VELOCITY_KINEMATICS:2:True:True,2058,VELOCITY_KINEMATICS,<MECHANISM_ROOT>/analysis/RUN_00006/schedule/SCHEDULE_WITNESSES.json,/N11:VELOCITY_KINEMATICS:2:True:True/event/data/context/imu_current_time,context/imu_current_time,67.399036,s,RECORDED_VALUE,First existing witness of its res/compensated/bias class; no extremum selection or correction calculation.
RUN_00006,A04,real_clean,false,false,replay_observed_snapshot_transcription,N11,N11:VELOCITY_KINEMATICS:2:True:True,2058,VELOCITY_KINEMATICS,<MECHANISM_ROOT>/analysis/RUN_00006/schedule/SCHEDULE_WITNESSES.json,/N11:VELOCITY_KINEMATICS:2:True:True/event/data/context/state_time,context/state_time,67.399036,s,RECORDED_VALUE,First existing witness of its res/compensated/bias class; no extremum selection or correction calculation.
RUN_00006,A04,real_clean,false,false,replay_observed_snapshot_transcription,N11,N11:VELOCITY_KINEMATICS:2:True:True,2058,VELOCITY_KINEMATICS,<MECHANISM_ROOT>/analysis/RUN_00006/schedule/SCHEDULE_WITNESSES.json,/N11:VELOCITY_KINEMATICS:2:True:True/event/data/context/yaw_attempt_count,context/yaw_attempt_count,7,count,RECORDED_VALUE,First existing witness of its res/compensated/bias class; no extremum selection or correction calculation.
RUN_00006,A04,real_clean,false,false,replay_observed_snapshot_transcription,N11,N11:VELOCITY_KINEMATICS:2:True:True,2058,VELOCITY_KINEMATICS,<MECHANISM_ROOT>/analysis/RUN_00006/schedule/SCHEDULE_WITNESSES.json,/N11:VELOCITY_KINEMATICS:2:True:True/event/data/context/yaw_reject_count,context/yaw_reject_count,0,count,RECORDED_VALUE,First existing witness of its res/compensated/bias class; no extremum selection or correction calculation.
RUN_00006,A04,real_clean,false,false,replay_observed_snapshot_transcription,N11,N11:VELOCITY_KINEMATICS:2:True:True,2058,VELOCITY_KINEMATICS,<MECHANISM_ROOT>/analysis/RUN_00006/schedule/SCHEDULE_WITNESSES.json,/N11:VELOCITY_KINEMATICS:2:True:True/event/data/snapshot/actual_dt_used,snapshot/actual_dt_used,0.0025210000000015498,s,RECORDED_VALUE,First existing witness of its res/compensated/bias class; no extremum selection or correction calculation.
RUN_00006,A04,real_clean,false,false,replay_observed_snapshot_transcription,N11,N11:VELOCITY_KINEMATICS:2:True:True,2058,VELOCITY_KINEMATICS,<MECHANISM_ROOT>/analysis/RUN_00006/schedule/SCHEDULE_WITNESSES.json,/N11:VELOCITY_KINEMATICS:2:True:True/event/data/snapshot/actual_omega_b,snapshot/actual_omega_b,"[-0.35355017667738453,-0.3198531783897218,0.44693380523004317]",rad/s,RECORDED_VALUE,First existing witness of its res/compensated/bias class; no extremum selection or correction calculation.
RUN_00006,A04,real_clean,false,false,replay_observed_snapshot_transcription,N11,N11:VELOCITY_KINEMATICS:2:True:True,2058,VELOCITY_KINEMATICS,<MECHANISM_ROOT>/analysis/RUN_00006/schedule/SCHEDULE_WITNESSES.json,/N11:VELOCITY_KINEMATICS:2:True:True/event/data/snapshot,snapshot/actual_lever_velocity,UNKNOWN_NOT_RECORDED_IN_THIS_EVENT,m/s,NOT_RECORDED,Field is absent; pointer resolves its actual containing snapshot. No subtraction or other replacement calculation.
RUN_00006,A04,real_clean,false,false,replay_observed_snapshot_transcription,N11,N11:VELOCITY_KINEMATICS:2:True:True,2058,VELOCITY_KINEMATICS,<MECHANISM_ROOT>/analysis/RUN_00006/schedule/SCHEDULE_WITNESSES.json,/N11:VELOCITY_KINEMATICS:2:True:True/event/data/snapshot/actual_antenna_velocity,snapshot/actual_antenna_velocity,"[1.1544007611632117,-0.04087836487899307,-0.24493007341033993]",m/s,RECORDED_VALUE,First existing witness of its res/compensated/bias class; no extremum selection or correction calculation.
RUN_00006,A04,real_clean,false,false,replay_observed_snapshot_transcription,N11,N11:VELOCITY_KINEMATICS:2:True:True,2058,VELOCITY_KINEMATICS,<MECHANISM_ROOT>/analysis/RUN_00006/schedule/SCHEDULE_WITNESSES.json,/N11:VELOCITY_KINEMATICS:2:True:True/event/data/snapshot/imu_at_update/time,snapshot/imu_at_update/time,67.399036,s,RECORDED_VALUE,First existing witness of its res/compensated/bias class; no extremum selection or correction calculation.
RUN_00006,A04,real_clean,false,false,replay_observed_snapshot_transcription,N11,N11:VELOCITY_KINEMATICS:2:True:True,2058,VELOCITY_KINEMATICS,<MECHANISM_ROOT>/analysis/RUN_00006/schedule/SCHEDULE_WITNESSES.json,/N11:VELOCITY_KINEMATICS:2:True:True/event/data/snapshot/imu_at_update/dt,snapshot/imu_at_update/dt,0.0025210000000015498,s,RECORDED_VALUE,First existing witness of its res/compensated/bias class; no extremum selection or correction calculation.
RUN_00006,A04,real_clean,false,false,replay_observed_snapshot_transcription,N11,N11:VELOCITY_KINEMATICS:2:True:True,2058,VELOCITY_KINEMATICS,<MECHANISM_ROOT>/analysis/RUN_00006/schedule/SCHEDULE_WITNESSES.json,/N11:VELOCITY_KINEMATICS:2:True:True/event/data/snapshot/imu_at_update/dtheta,snapshot/imu_at_update/dtheta,"[-0.0008912999954042343,-0.0008063498627209845,0.0011267201229856316]",rad,RECORDED_VALUE,First existing witness of its res/compensated/bias class; no extremum selection or correction calculation.
RUN_00006,A04,real_clean,false,false,replay_observed_snapshot_transcription,N11,N11:VELOCITY_KINEMATICS:2:True:True,2058,VELOCITY_KINEMATICS,<MECHANISM_ROOT>/analysis/RUN_00006/schedule/SCHEDULE_WITNESSES.json,/N11:VELOCITY_KINEMATICS:2:True:True/event/data/snapshot/imu_at_update/dvel,snapshot/imu_at_update/dvel,"[-0.0011631207994745644,-0.015063085703767468,-0.039668775117811216]",m/s,RECORDED_VALUE,First existing witness of its res/compensated/bias class; no extremum selection or correction calculation.
RUN_00006,A04,real_clean,false,false,replay_observed_snapshot_transcription,N11,N11:VELOCITY_KINEMATICS:2:True:True,2058,VELOCITY_KINEMATICS,<MECHANISM_ROOT>/analysis/RUN_00006/schedule/SCHEDULE_WITNESSES.json,/N11:VELOCITY_KINEMATICS:2:True:True/event/data/snapshot/imu_at_update/compensated,snapshot/imu_at_update/compensated,true,boolean,RECORDED_VALUE,First existing witness of its res/compensated/bias class; no extremum selection or correction calculation.
RUN_00006,A04,real_clean,false,false,replay_observed_snapshot_transcription,N11,N11:VELOCITY_KINEMATICS:2:True:True,2058,VELOCITY_KINEMATICS,<MECHANISM_ROOT>/analysis/RUN_00006/schedule/SCHEDULE_WITNESSES.json,/N11:VELOCITY_KINEMATICS:2:True:True/event/data/snapshot/state/time,snapshot/state/time,67.399036,s,RECORDED_VALUE,First existing witness of its res/compensated/bias class; no extremum selection or correction calculation.
RUN_00006,A04,real_clean,false,false,replay_observed_snapshot_transcription,N11;N01;N02,N11:VELOCITY_KINEMATICS:2:True:True,2058,VELOCITY_KINEMATICS,<MECHANISM_ROOT>/analysis/RUN_00006/schedule/SCHEDULE_WITNESSES.json,/N11:VELOCITY_KINEMATICS:2:True:True/event/data/snapshot/state/rpy_rad,snapshot/state/rpy_rad,"[0.04230442848461906,-0.003239040783457761,6.233734288750835]",rad,RECORDED_VALUE,First existing witness of its res/compensated/bias class; no extremum selection or correction calculation.
RUN_00006,A04,real_clean,false,false,replay_observed_snapshot_transcription,N11,N11:VELOCITY_KINEMATICS:2:True:True,2058,VELOCITY_KINEMATICS,<MECHANISM_ROOT>/analysis/RUN_00006/schedule/SCHEDULE_WITNESSES.json,/N11:VELOCITY_KINEMATICS:2:True:True/event/data/snapshot/state/gyr_bias,snapshot/state/gyr_bias,"[-1.8229931307933818E-9,-5.445419097223316E-8,-4.8784463207402496E-8]",rad/s,RECORDED_VALUE,First existing witness of its res/compensated/bias class; no extremum selection or correction calculation.
RUN_00006,A04,real_clean,false,false,replay_observed_snapshot_transcription,N11,N11:VELOCITY_KINEMATICS:2:True:True,2058,VELOCITY_KINEMATICS,<MECHANISM_ROOT>/analysis/RUN_00006/schedule/SCHEDULE_WITNESSES.json,/N11:VELOCITY_KINEMATICS:2:True:True/event/data/snapshot/state/acc_bias,snapshot/state/acc_bias,"[0.0009880204183112997,-0.0054955558240871605,-0.0119694098329086]",m/s^2,RECORDED_VALUE,First existing witness of its res/compensated/bias class; no extremum selection or correction calculation.
RUN_00006,A04,real_clean,false,false,replay_observed_snapshot_transcription,N11,N11:VELOCITY_KINEMATICS:2:True:True,2058,VELOCITY_KINEMATICS,<MECHANISM_ROOT>/analysis/RUN_00006/schedule/SCHEDULE_WITNESSES.json,/N11:VELOCITY_KINEMATICS:2:True:True/event/data/snapshot/state/gyr_scale,snapshot/state/gyr_scale,"[0,0,0]",dimensionless,RECORDED_VALUE,First existing witness of its res/compensated/bias class; no extremum selection or correction calculation.
RUN_00006,A04,real_clean,false,false,replay_observed_snapshot_transcription,N11,N11:VELOCITY_KINEMATICS:2:True:True,2058,VELOCITY_KINEMATICS,<MECHANISM_ROOT>/analysis/RUN_00006/schedule/SCHEDULE_WITNESSES.json,/N11:VELOCITY_KINEMATICS:2:True:True/event/data/snapshot/state/acc_scale,snapshot/state/acc_scale,"[0,0,0]",dimensionless,RECORDED_VALUE,First existing witness of its res/compensated/bias class; no extremum selection or correction calculation.
RUN_00006,A04,real_clean,false,false,replay_observed_snapshot_transcription,N11,N11:VELOCITY_KINEMATICS:2:True:True,2058,VELOCITY_KINEMATICS,<MECHANISM_ROOT>/analysis/RUN_00006/schedule/SCHEDULE_WITNESSES.json,/N11:VELOCITY_KINEMATICS:2:True:True/event/data/snapshot/state/antlever_m,snapshot/state/antlever_m,"[0.03,0.03,-0.3]",m,RECORDED_VALUE,First existing witness of its res/compensated/bias class; no extremum selection or correction calculation.
RUN_00006,A04,real_clean,false,false,replay_observed_snapshot_transcription,N11;N01;N02,N11:VELOCITY_KINEMATICS:2:True:True,2058,VELOCITY_KINEMATICS,<MECHANISM_ROOT>/analysis/RUN_00006/schedule/SCHEDULE_WITNESSES.json,/N11:VELOCITY_KINEMATICS:2:True:True/event/data/snapshot/state/Cbn,snapshot/state/Cbn,"[[0.9987723082590008,0.049249823334104444,-0.005322701996837513],[-0.04943060698069975,0.9978907136432468,-0.042080146364899214],[0.0032390351197899773,0.042291589307228046,0.9991000601167841]]",dimensionless,RECORDED_VALUE,First existing witness of its res/compensated/bias class; no extremum selection or correction calculation.
RUN_00006,A04,real_clean,false,false,replay_observed_snapshot_transcription,N11,N11:RAW_DOPPLER_KINEMATICS:2:True:True,2066,RAW_DOPPLER_KINEMATICS,<MECHANISM_ROOT>/analysis/RUN_00006/schedule/SCHEDULE_WITNESSES.json,/N11:RAW_DOPPLER_KINEMATICS:2:True:True/event/data/context/source,context/source,"""raw_doppler_velocity""",source_id,RECORDED_VALUE,First existing witness of its res/compensated/bias class; no extremum selection or correction calculation.
RUN_00006,A04,real_clean,false,false,replay_observed_snapshot_transcription,N11,N11:RAW_DOPPLER_KINEMATICS:2:True:True,2066,RAW_DOPPLER_KINEMATICS,<MECHANISM_ROOT>/analysis/RUN_00006/schedule/SCHEDULE_WITNESSES.json,/N11:RAW_DOPPLER_KINEMATICS:2:True:True/event/data/context/row_id,context/row_id,57,zero_based_loaded_vector_or_-1,RECORDED_VALUE,First existing witness of its res/compensated/bias class; no extremum selection or correction calculation.
RUN_00006,A04,real_clean,false,false,replay_observed_snapshot_transcription,N11,N11:RAW_DOPPLER_KINEMATICS:2:True:True,2066,RAW_DOPPLER_KINEMATICS,<MECHANISM_ROOT>/analysis/RUN_00006/schedule/SCHEDULE_WITNESSES.json,/N11:RAW_DOPPLER_KINEMATICS:2:True:True/event/data/context/res,context/res,2,branch_id,RECORDED_VALUE,First existing witness of its res/compensated/bias class; no extremum selection or correction calculation.
RUN_00006,A04,real_clean,false,false,replay_observed_snapshot_transcription,N11,N11:RAW_DOPPLER_KINEMATICS:2:True:True,2066,RAW_DOPPLER_KINEMATICS,<MECHANISM_ROOT>/analysis/RUN_00006/schedule/SCHEDULE_WITNESSES.json,/N11:RAW_DOPPLER_KINEMATICS:2:True:True/event/data/context/gnss_input_seq,context/gnss_input_seq,7,count,RECORDED_VALUE,First existing witness of its res/compensated/bias class; no extremum selection or correction calculation.
RUN_00006,A04,real_clean,false,false,replay_observed_snapshot_transcription,N11,N11:RAW_DOPPLER_KINEMATICS:2:True:True,2066,RAW_DOPPLER_KINEMATICS,<MECHANISM_ROOT>/analysis/RUN_00006/schedule/SCHEDULE_WITNESSES.json,/N11:RAW_DOPPLER_KINEMATICS:2:True:True/event/data/context/measurement_attempt_seq,context/measurement_attempt_seq,40,count,RECORDED_VALUE,First existing witness of its res/compensated/bias class; no extremum selection or correction calculation.
RUN_00006,A04,real_clean,false,false,replay_observed_snapshot_transcription,N11,N11:RAW_DOPPLER_KINEMATICS:2:True:True,2066,RAW_DOPPLER_KINEMATICS,<MECHANISM_ROOT>/analysis/RUN_00006/schedule/SCHEDULE_WITNESSES.json,/N11:RAW_DOPPLER_KINEMATICS:2:True:True/event/data/context/gnss_time,context/gnss_time,67.400000095,s,RECORDED_VALUE,First existing witness of its res/compensated/bias class; no extremum selection or correction calculation.
RUN_00006,A04,real_clean,false,false,replay_observed_snapshot_transcription,N11,N11:RAW_DOPPLER_KINEMATICS:2:True:True,2066,RAW_DOPPLER_KINEMATICS,<MECHANISM_ROOT>/analysis/RUN_00006/schedule/SCHEDULE_WITNESSES.json,/N11:RAW_DOPPLER_KINEMATICS:2:True:True/event/data/context/measurement_time,context/measurement_time,67.400000095,s,RECORDED_VALUE,First existing witness of its res/compensated/bias class; no extremum selection or correction calculation.
RUN_00006,A04,real_clean,false,false,replay_observed_snapshot_transcription,N11,N11:RAW_DOPPLER_KINEMATICS:2:True:True,2066,RAW_DOPPLER_KINEMATICS,<MECHANISM_ROOT>/analysis/RUN_00006/schedule/SCHEDULE_WITNESSES.json,/N11:RAW_DOPPLER_KINEMATICS:2:True:True/event/data/context/imu_previous_time,context/imu_previous_time,67.396515,s,RECORDED_VALUE,First existing witness of its res/compensated/bias class; no extremum selection or correction calculation.
RUN_00006,A04,real_clean,false,false,replay_observed_snapshot_transcription,N11,N11:RAW_DOPPLER_KINEMATICS:2:True:True,2066,RAW_DOPPLER_KINEMATICS,<MECHANISM_ROOT>/analysis/RUN_00006/schedule/SCHEDULE_WITNESSES.json,/N11:RAW_DOPPLER_KINEMATICS:2:True:True/event/data/context/imu_current_time,context/imu_current_time,67.399036,s,RECORDED_VALUE,First existing witness of its res/compensated/bias class; no extremum selection or correction calculation.
RUN_00006,A04,real_clean,false,false,replay_observed_snapshot_transcription,N11,N11:RAW_DOPPLER_KINEMATICS:2:True:True,2066,RAW_DOPPLER_KINEMATICS,<MECHANISM_ROOT>/analysis/RUN_00006/schedule/SCHEDULE_WITNESSES.json,/N11:RAW_DOPPLER_KINEMATICS:2:True:True/event/data/context/state_time,context/state_time,67.399036,s,RECORDED_VALUE,First existing witness of its res/compensated/bias class; no extremum selection or correction calculation.
RUN_00006,A04,real_clean,false,false,replay_observed_snapshot_transcription,N11,N11:RAW_DOPPLER_KINEMATICS:2:True:True,2066,RAW_DOPPLER_KINEMATICS,<MECHANISM_ROOT>/analysis/RUN_00006/schedule/SCHEDULE_WITNESSES.json,/N11:RAW_DOPPLER_KINEMATICS:2:True:True/event/data/context/yaw_attempt_count,context/yaw_attempt_count,7,count,RECORDED_VALUE,First existing witness of its res/compensated/bias class; no extremum selection or correction calculation.
RUN_00006,A04,real_clean,false,false,replay_observed_snapshot_transcription,N11,N11:RAW_DOPPLER_KINEMATICS:2:True:True,2066,RAW_DOPPLER_KINEMATICS,<MECHANISM_ROOT>/analysis/RUN_00006/schedule/SCHEDULE_WITNESSES.json,/N11:RAW_DOPPLER_KINEMATICS:2:True:True/event/data/context/yaw_reject_count,context/yaw_reject_count,0,count,RECORDED_VALUE,First existing witness of its res/compensated/bias class; no extremum selection or correction calculation.
RUN_00006,A04,real_clean,false,false,replay_observed_snapshot_transcription,N11,N11:RAW_DOPPLER_KINEMATICS:2:True:True,2066,RAW_DOPPLER_KINEMATICS,<MECHANISM_ROOT>/analysis/RUN_00006/schedule/SCHEDULE_WITNESSES.json,/N11:RAW_DOPPLER_KINEMATICS:2:True:True/event/data/snapshot/actual_dt_used,snapshot/actual_dt_used,0.0025210000000015498,s,RECORDED_VALUE,First existing witness of its res/compensated/bias class; no extremum selection or correction calculation.
RUN_00006,A04,real_clean,false,false,replay_observed_snapshot_transcription,N11,N11:RAW_DOPPLER_KINEMATICS:2:True:True,2066,RAW_DOPPLER_KINEMATICS,<MECHANISM_ROOT>/analysis/RUN_00006/schedule/SCHEDULE_WITNESSES.json,/N11:RAW_DOPPLER_KINEMATICS:2:True:True/event/data/snapshot/actual_omega_b,snapshot/actual_omega_b,"[-0.35355017667738453,-0.3198531783897218,0.44693380523004317]",rad/s,RECORDED_VALUE,First existing witness of its res/compensated/bias class; no extremum selection or correction calculation.
RUN_00006,A04,real_clean,false,false,replay_observed_snapshot_transcription,N11,N11:RAW_DOPPLER_KINEMATICS:2:True:True,2066,RAW_DOPPLER_KINEMATICS,<MECHANISM_ROOT>/analysis/RUN_00006/schedule/SCHEDULE_WITNESSES.json,/N11:RAW_DOPPLER_KINEMATICS:2:True:True/event/data/snapshot/actual_lever_velocity,snapshot/actual_lever_velocity,"[0.07788863391518643,-0.09649945412738985,-0.004661237949107575]",m/s,RECORDED_VALUE,First existing witness of its res/compensated/bias class; no extremum selection or correction calculation.
RUN_00006,A04,real_clean,false,false,replay_observed_snapshot_transcription,N11,N11:RAW_DOPPLER_KINEMATICS:2:True:True,2066,RAW_DOPPLER_KINEMATICS,<MECHANISM_ROOT>/analysis/RUN_00006/schedule/SCHEDULE_WITNESSES.json,/N11:RAW_DOPPLER_KINEMATICS:2:True:True/event/data/snapshot/actual_antenna_velocity,snapshot/actual_antenna_velocity,"[1.1544007611632117,-0.04087836487899307,-0.24493007341033993]",m/s,RECORDED_VALUE,First existing witness of its res/compensated/bias class; no extremum selection or correction calculation.
RUN_00006,A04,real_clean,false,false,replay_observed_snapshot_transcription,N11,N11:RAW_DOPPLER_KINEMATICS:2:True:True,2066,RAW_DOPPLER_KINEMATICS,<MECHANISM_ROOT>/analysis/RUN_00006/schedule/SCHEDULE_WITNESSES.json,/N11:RAW_DOPPLER_KINEMATICS:2:True:True/event/data/snapshot/imu_at_update/time,snapshot/imu_at_update/time,67.399036,s,RECORDED_VALUE,First existing witness of its res/compensated/bias class; no extremum selection or correction calculation.
RUN_00006,A04,real_clean,false,false,replay_observed_snapshot_transcription,N11,N11:RAW_DOPPLER_KINEMATICS:2:True:True,2066,RAW_DOPPLER_KINEMATICS,<MECHANISM_ROOT>/analysis/RUN_00006/schedule/SCHEDULE_WITNESSES.json,/N11:RAW_DOPPLER_KINEMATICS:2:True:True/event/data/snapshot/imu_at_update/dt,snapshot/imu_at_update/dt,0.0025210000000015498,s,RECORDED_VALUE,First existing witness of its res/compensated/bias class; no extremum selection or correction calculation.
RUN_00006,A04,real_clean,false,false,replay_observed_snapshot_transcription,N11,N11:RAW_DOPPLER_KINEMATICS:2:True:True,2066,RAW_DOPPLER_KINEMATICS,<MECHANISM_ROOT>/analysis/RUN_00006/schedule/SCHEDULE_WITNESSES.json,/N11:RAW_DOPPLER_KINEMATICS:2:True:True/event/data/snapshot/imu_at_update/dtheta,snapshot/imu_at_update/dtheta,"[-0.0008912999954042343,-0.0008063498627209845,0.0011267201229856316]",rad,RECORDED_VALUE,First existing witness of its res/compensated/bias class; no extremum selection or correction calculation.
RUN_00006,A04,real_clean,false,false,replay_observed_snapshot_transcription,N11,N11:RAW_DOPPLER_KINEMATICS:2:True:True,2066,RAW_DOPPLER_KINEMATICS,<MECHANISM_ROOT>/analysis/RUN_00006/schedule/SCHEDULE_WITNESSES.json,/N11:RAW_DOPPLER_KINEMATICS:2:True:True/event/data/snapshot/imu_at_update/dvel,snapshot/imu_at_update/dvel,"[-0.0011631207994745644,-0.015063085703767468,-0.039668775117811216]",m/s,RECORDED_VALUE,First existing witness of its res/compensated/bias class; no extremum selection or correction calculation.
RUN_00006,A04,real_clean,false,false,replay_observed_snapshot_transcription,N11,N11:RAW_DOPPLER_KINEMATICS:2:True:True,2066,RAW_DOPPLER_KINEMATICS,<MECHANISM_ROOT>/analysis/RUN_00006/schedule/SCHEDULE_WITNESSES.json,/N11:RAW_DOPPLER_KINEMATICS:2:True:True/event/data/snapshot/imu_at_update/compensated,snapshot/imu_at_update/compensated,true,boolean,RECORDED_VALUE,First existing witness of its res/compensated/bias class; no extremum selection or correction calculation.
RUN_00006,A04,real_clean,false,false,replay_observed_snapshot_transcription,N11,N11:RAW_DOPPLER_KINEMATICS:2:True:True,2066,RAW_DOPPLER_KINEMATICS,<MECHANISM_ROOT>/analysis/RUN_00006/schedule/SCHEDULE_WITNESSES.json,/N11:RAW_DOPPLER_KINEMATICS:2:True:True/event/data/snapshot/state/time,snapshot/state/time,67.399036,s,RECORDED_VALUE,First existing witness of its res/compensated/bias class; no extremum selection or correction calculation.
RUN_00006,A04,real_clean,false,false,replay_observed_snapshot_transcription,N11;N01;N02,N11:RAW_DOPPLER_KINEMATICS:2:True:True,2066,RAW_DOPPLER_KINEMATICS,<MECHANISM_ROOT>/analysis/RUN_00006/schedule/SCHEDULE_WITNESSES.json,/N11:RAW_DOPPLER_KINEMATICS:2:True:True/event/data/snapshot/state/rpy_rad,snapshot/state/rpy_rad,"[0.04230442848461906,-0.003239040783457761,6.233734288750835]",rad,RECORDED_VALUE,First existing witness of its res/compensated/bias class; no extremum selection or correction calculation.
RUN_00006,A04,real_clean,false,false,replay_observed_snapshot_transcription,N11,N11:RAW_DOPPLER_KINEMATICS:2:True:True,2066,RAW_DOPPLER_KINEMATICS,<MECHANISM_ROOT>/analysis/RUN_00006/schedule/SCHEDULE_WITNESSES.json,/N11:RAW_DOPPLER_KINEMATICS:2:True:True/event/data/snapshot/state/gyr_bias,snapshot/state/gyr_bias,"[-1.8229931307933818E-9,-5.445419097223316E-8,-4.8784463207402496E-8]",rad/s,RECORDED_VALUE,First existing witness of its res/compensated/bias class; no extremum selection or correction calculation.
RUN_00006,A04,real_clean,false,false,replay_observed_snapshot_transcription,N11,N11:RAW_DOPPLER_KINEMATICS:2:True:True,2066,RAW_DOPPLER_KINEMATICS,<MECHANISM_ROOT>/analysis/RUN_00006/schedule/SCHEDULE_WITNESSES.json,/N11:RAW_DOPPLER_KINEMATICS:2:True:True/event/data/snapshot/state/acc_bias,snapshot/state/acc_bias,"[0.0009880204183112997,-0.0054955558240871605,-0.0119694098329086]",m/s^2,RECORDED_VALUE,First existing witness of its res/compensated/bias class; no extremum selection or correction calculation.
RUN_00006,A04,real_clean,false,false,replay_observed_snapshot_transcription,N11,N11:RAW_DOPPLER_KINEMATICS:2:True:True,2066,RAW_DOPPLER_KINEMATICS,<MECHANISM_ROOT>/analysis/RUN_00006/schedule/SCHEDULE_WITNESSES.json,/N11:RAW_DOPPLER_KINEMATICS:2:True:True/event/data/snapshot/state/gyr_scale,snapshot/state/gyr_scale,"[0,0,0]",dimensionless,RECORDED_VALUE,First existing witness of its res/compensated/bias class; no extremum selection or correction calculation.
RUN_00006,A04,real_clean,false,false,replay_observed_snapshot_transcription,N11,N11:RAW_DOPPLER_KINEMATICS:2:True:True,2066,RAW_DOPPLER_KINEMATICS,<MECHANISM_ROOT>/analysis/RUN_00006/schedule/SCHEDULE_WITNESSES.json,/N11:RAW_DOPPLER_KINEMATICS:2:True:True/event/data/snapshot/state/acc_scale,snapshot/state/acc_scale,"[0,0,0]",dimensionless,RECORDED_VALUE,First existing witness of its res/compensated/bias class; no extremum selection or correction calculation.
RUN_00006,A04,real_clean,false,false,replay_observed_snapshot_transcription,N11,N11:RAW_DOPPLER_KINEMATICS:2:True:True,2066,RAW_DOPPLER_KINEMATICS,<MECHANISM_ROOT>/analysis/RUN_00006/schedule/SCHEDULE_WITNESSES.json,/N11:RAW_DOPPLER_KINEMATICS:2:True:True/event/data/snapshot/state/antlever_m,snapshot/state/antlever_m,"[0.03,0.03,-0.3]",m,RECORDED_VALUE,First existing witness of its res/compensated/bias class; no extremum selection or correction calculation.
RUN_00006,A04,real_clean,false,false,replay_observed_snapshot_transcription,N11;N01;N02,N11:RAW_DOPPLER_KINEMATICS:2:True:True,2066,RAW_DOPPLER_KINEMATICS,<MECHANISM_ROOT>/analysis/RUN_00006/schedule/SCHEDULE_WITNESSES.json,/N11:RAW_DOPPLER_KINEMATICS:2:True:True/event/data/snapshot/state/Cbn,snapshot/state/Cbn,"[[0.9987723082590008,0.049249823334104444,-0.005322701996837513],[-0.04943060698069975,0.9978907136432468,-0.042080146364899214],[0.0032390351197899773,0.042291589307228046,0.9991000601167841]]",dimensionless,RECORDED_VALUE,First existing witness of its res/compensated/bias class; no extremum selection or correction calculation.
