run_id,case_id,case_family,degradation_type_id,seed_index,method_id,effective_profile,data_mode,synthetic_data_used,semisynthetic_data_used,evaluation_status,failure_classification,metrics_admitted,evaluation_invoked,output_epoch_count,matched_epoch_count,reference_epoch_count,time_start,time_end,coverage_ratio,sequence_window_start_s,sequence_window_end_s,source_path,source_row_key,source_json_pointer,evaluator_version,native_status,native_failure_classification,native_source_path,native_source_row_key,read_source_path,read_source_data_row,horizontal_rmse_m,position_3d_rmse_m,up_rmse_m,yaw_rmse_deg,yaw_p95_absolute_deg,roll_rmse_deg,pitch_rmse_deg
RUN_04962,D51_seed_00,go2_prior_metadata,D51,seed_00,F01,single_antenna_EKF,semisynthetic,false,true,COMPLETED,NONE,true,true,56642,56642,5480,66.005054,339.997056,1.0,66.0,340.0,<V3_ROOT>/FINAL_EVALUATION_RECORDS.json,RUN_04962|v3,/10913/row,v3,COMPLETED,NONE,<V3_ROOT>/FINAL_RUN_RECORDS.json,RUN_04962,<RESULTS_ROOT>/run_statistics/EVALUATION_CORE_v3_F01.csv,452,0.09177145533263088,0.10351109355664635,0.04788054380877193,8.089647422454789,12.27610934742262,3.3312964026882526,2.933247658474164
RUN_04973,D51_seed_01,go2_prior_metadata,D51,seed_01,F01,single_antenna_EKF,semisynthetic,false,true,COMPLETED,NONE,true,true,56642,56642,5480,66.005054,339.997056,1.0,66.0,340.0,<V3_ROOT>/FINAL_EVALUATION_RECORDS.json,RUN_04973|v3,/10935/row,v3,COMPLETED,NONE,<V3_ROOT>/FINAL_RUN_RECORDS.json,RUN_04973,<RESULTS_ROOT>/run_statistics/EVALUATION_CORE_v3_F01.csv,453,0.09177145533263088,0.10351109355664635,0.04788054380877193,8.089647422454789,12.27610934742262,3.3312964026882526,2.933247658474164
RUN_04984,D51_seed_02,go2_prior_metadata,D51,seed_02,F01,single_antenna_EKF,semisynthetic,false,true,COMPLETED,NONE,true,true,56642,56642,5480,66.005054,339.997056,1.0,66.0,340.0,<V3_ROOT>/FINAL_EVALUATION_RECORDS.json,RUN_04984|v3,/10957/row,v3,COMPLETED,NONE,<V3_ROOT>/FINAL_RUN_RECORDS.json,RUN_04984,<RESULTS_ROOT>/run_statistics/EVALUATION_CORE_v3_F01.csv,454,0.09177145533263088,0.10351109355664635,0.04788054380877193,8.089647422454789,12.27610934742262,3.3312964026882526,2.933247658474164
RUN_04995,D51_seed_03,go2_prior_metadata,D51,seed_03,F01,single_antenna_EKF,semisynthetic,false,true,COMPLETED,NONE,true,true,56642,56642,5480,66.005054,339.997056,1.0,66.0,340.0,<V3_ROOT>/FINAL_EVALUATION_RECORDS.json,RUN_04995|v3,/10979/row,v3,COMPLETED,NONE,<V3_ROOT>/FINAL_RUN_RECORDS.json,RUN_04995,<RESULTS_ROOT>/run_statistics/EVALUATION_CORE_v3_F01.csv,455,0.09177145533263088,0.10351109355664635,0.04788054380877193,8.089647422454789,12.27610934742262,3.3312964026882526,2.933247658474164
RUN_05006,D51_seed_04,go2_prior_metadata,D51,seed_04,F01,single_antenna_EKF,semisynthetic,false,true,COMPLETED,NONE,true,true,56642,56642,5480,66.005054,339.997056,1.0,66.0,340.0,<V3_ROOT>/FINAL_EVALUATION_RECORDS.json,RUN_05006|v3,/11001/row,v3,COMPLETED,NONE,<V3_ROOT>/FINAL_RUN_RECORDS.json,RUN_05006,<RESULTS_ROOT>/run_statistics/EVALUATION_CORE_v3_F01.csv,456,0.09177145533263088,0.10351109355664635,0.04788054380877193,8.089647422454789,12.27610934742262,3.3312964026882526,2.933247658474164
RUN_05017,D51_seed_05,go2_prior_metadata,D51,seed_05,F01,single_antenna_EKF,semisynthetic,false,true,COMPLETED,NONE,true,true,56642,56642,5480,66.005054,339.997056,1.0,66.0,340.0,<V3_ROOT>/FINAL_EVALUATION_RECORDS.json,RUN_05017|v3,/11023/row,v3,COMPLETED,NONE,<V3_ROOT>/FINAL_RUN_RECORDS.json,RUN_05017,<RESULTS_ROOT>/run_statistics/EVALUATION_CORE_v3_F01.csv,457,0.09177145533263088,0.10351109355664635,0.04788054380877193,8.089647422454789,12.27610934742262,3.3312964026882526,2.933247658474164
RUN_05028,D51_seed_06,go2_prior_metadata,D51,seed_06,F01,single_antenna_EKF,semisynthetic,false,true,COMPLETED,NONE,true,true,56642,56642,5480,66.005054,339.997056,1.0,66.0,340.0,<V3_ROOT>/FINAL_EVALUATION_RECORDS.json,RUN_05028|v3,/11045/row,v3,COMPLETED,NONE,<V3_ROOT>/FINAL_RUN_RECORDS.json,RUN_05028,<RESULTS_ROOT>/run_statistics/EVALUATION_CORE_v3_F01.csv,458,0.09177145533263088,0.10351109355664635,0.04788054380877193,8.089647422454789,12.27610934742262,3.3312964026882526,2.933247658474164
RUN_05039,D51_seed_07,go2_prior_metadata,D51,seed_07,F01,single_antenna_EKF,semisynthetic,false,true,COMPLETED,NONE,true,true,56642,56642,5480,66.005054,339.997056,1.0,66.0,340.0,<V3_ROOT>/FINAL_EVALUATION_RECORDS.json,RUN_05039|v3,/11067/row,v3,COMPLETED,NONE,<V3_ROOT>/FINAL_RUN_RECORDS.json,RUN_05039,<RESULTS_ROOT>/run_statistics/EVALUATION_CORE_v3_F01.csv,459,0.09177145533263088,0.10351109355664635,0.04788054380877193,8.089647422454789,12.27610934742262,3.3312964026882526,2.933247658474164
RUN_05050,D51_seed_08,go2_prior_metadata,D51,seed_08,F01,single_antenna_EKF,semisynthetic,false,true,COMPLETED,NONE,true,true,56642,56642,5480,66.005054,339.997056,1.0,66.0,340.0,<V3_ROOT>/FINAL_EVALUATION_RECORDS.json,RUN_05050|v3,/11089/row,v3,COMPLETED,NONE,<V3_ROOT>/FINAL_RUN_RECORDS.json,RUN_05050,<RESULTS_ROOT>/run_statistics/EVALUATION_CORE_v3_F01.csv,460,0.09177145533263088,0.10351109355664635,0.04788054380877193,8.089647422454789,12.27610934742262,3.3312964026882526,2.933247658474164
RUN_05061,D52_seed_00,go2_prior_metadata,D52,seed_00,F01,single_antenna_EKF,semisynthetic,false,true,COMPLETED,NONE,true,true,56642,56642,5480,66.005054,339.997056,1.0,66.0,340.0,<V3_ROOT>/FINAL_EVALUATION_RECORDS.json,RUN_05061|v3,/11111/row,v3,COMPLETED,NONE,<V3_ROOT>/FINAL_RUN_RECORDS.json,RUN_05061,<RESULTS_ROOT>/run_statistics/EVALUATION_CORE_v3_F01.csv,461,0.09177145533263088,0.10351109355664635,0.04788054380877193,8.089647422454789,12.27610934742262,3.3312964026882526,2.933247658474164
RUN_05072,D52_seed_01,go2_prior_metadata,D52,seed_01,F01,single_antenna_EKF,semisynthetic,false,true,COMPLETED,NONE,true,true,56642,56642,5480,66.005054,339.997056,1.0,66.0,340.0,<V3_ROOT>/FINAL_EVALUATION_RECORDS.json,RUN_05072|v3,/11133/row,v3,COMPLETED,NONE,<V3_ROOT>/FINAL_RUN_RECORDS.json,RUN_05072,<RESULTS_ROOT>/run_statistics/EVALUATION_CORE_v3_F01.csv,462,0.09177145533263088,0.10351109355664635,0.04788054380877193,8.089647422454789,12.27610934742262,3.3312964026882526,2.933247658474164
RUN_05083,D52_seed_02,go2_prior_metadata,D52,seed_02,F01,single_antenna_EKF,semisynthetic,false,true,COMPLETED,NONE,true,true,56642,56642,5480,66.005054,339.997056,1.0,66.0,340.0,<V3_ROOT>/FINAL_EVALUATION_RECORDS.json,RUN_05083|v3,/11155/row,v3,COMPLETED,NONE,<V3_ROOT>/FINAL_RUN_RECORDS.json,RUN_05083,<RESULTS_ROOT>/run_statistics/EVALUATION_CORE_v3_F01.csv,463,0.09177145533263088,0.10351109355664635,0.04788054380877193,8.089647422454789,12.27610934742262,3.3312964026882526,2.933247658474164
RUN_05094,D52_seed_03,go2_prior_metadata,D52,seed_03,F01,single_antenna_EKF,semisynthetic,false,true,COMPLETED,NONE,true,true,56642,56642,5480,66.005054,339.997056,1.0,66.0,340.0,<V3_ROOT>/FINAL_EVALUATION_RECORDS.json,RUN_05094|v3,/11177/row,v3,COMPLETED,NONE,<V3_ROOT>/FINAL_RUN_RECORDS.json,RUN_05094,<RESULTS_ROOT>/run_statistics/EVALUATION_CORE_v3_F01.csv,464,0.09177145533263088,0.10351109355664635,0.04788054380877193,8.089647422454789,12.27610934742262,3.3312964026882526,2.933247658474164
RUN_05105,D52_seed_04,go2_prior_metadata,D52,seed_04,F01,single_antenna_EKF,semisynthetic,false,true,COMPLETED,NONE,true,true,56642,56642,5480,66.005054,339.997056,1.0,66.0,340.0,<V3_ROOT>/FINAL_EVALUATION_RECORDS.json,RUN_05105|v3,/11199/row,v3,COMPLETED,NONE,<V3_ROOT>/FINAL_RUN_RECORDS.json,RUN_05105,<RESULTS_ROOT>/run_statistics/EVALUATION_CORE_v3_F01.csv,465,0.09177145533263088,0.10351109355664635,0.04788054380877193,8.089647422454789,12.27610934742262,3.3312964026882526,2.933247658474164
RUN_05116,D52_seed_05,go2_prior_metadata,D52,seed_05,F01,single_antenna_EKF,semisynthetic,false,true,COMPLETED,NONE,true,true,56642,56642,5480,66.005054,339.997056,1.0,66.0,340.0,<V3_ROOT>/FINAL_EVALUATION_RECORDS.json,RUN_05116|v3,/11221/row,v3,COMPLETED,NONE,<V3_ROOT>/FINAL_RUN_RECORDS.json,RUN_05116,<RESULTS_ROOT>/run_statistics/EVALUATION_CORE_v3_F01.csv,466,0.09177145533263088,0.10351109355664635,0.04788054380877193,8.089647422454789,12.27610934742262,3.3312964026882526,2.933247658474164
RUN_05127,D52_seed_06,go2_prior_metadata,D52,seed_06,F01,single_antenna_EKF,semisynthetic,false,true,COMPLETED,NONE,true,true,56642,56642,5480,66.005054,339.997056,1.0,66.0,340.0,<V3_ROOT>/FINAL_EVALUATION_RECORDS.json,RUN_05127|v3,/11243/row,v3,COMPLETED,NONE,<V3_ROOT>/FINAL_RUN_RECORDS.json,RUN_05127,<RESULTS_ROOT>/run_statistics/EVALUATION_CORE_v3_F01.csv,467,0.09177145533263088,0.10351109355664635,0.04788054380877193,8.089647422454789,12.27610934742262,3.3312964026882526,2.933247658474164
RUN_05138,D52_seed_07,go2_prior_metadata,D52,seed_07,F01,single_antenna_EKF,semisynthetic,false,true,COMPLETED,NONE,true,true,56642,56642,5480,66.005054,339.997056,1.0,66.0,340.0,<V3_ROOT>/FINAL_EVALUATION_RECORDS.json,RUN_05138|v3,/11265/row,v3,COMPLETED,NONE,<V3_ROOT>/FINAL_RUN_RECORDS.json,RUN_05138,<RESULTS_ROOT>/run_statistics/EVALUATION_CORE_v3_F01.csv,468,0.09177145533263088,0.10351109355664635,0.04788054380877193,8.089647422454789,12.27610934742262,3.3312964026882526,2.933247658474164
RUN_05149,D52_seed_08,go2_prior_metadata,D52,seed_08,F01,single_antenna_EKF,semisynthetic,false,true,COMPLETED,NONE,true,true,56642,56642,5480,66.005054,339.997056,1.0,66.0,340.0,<V3_ROOT>/FINAL_EVALUATION_RECORDS.json,RUN_05149|v3,/11287/row,v3,COMPLETED,NONE,<V3_ROOT>/FINAL_RUN_RECORDS.json,RUN_05149,<RESULTS_ROOT>/run_statistics/EVALUATION_CORE_v3_F01.csv,469,0.09177145533263088,0.10351109355664635,0.04788054380877193,8.089647422454789,12.27610934742262,3.3312964026882526,2.933247658474164
RUN_05160,D53_seed_00,go2_prior_metadata,D53,seed_00,F01,single_antenna_EKF,semisynthetic,false,true,COMPLETED,NONE,true,true,56642,56642,5480,66.005054,339.997056,1.0,66.0,340.0,<V3_ROOT>/FINAL_EVALUATION_RECORDS.json,RUN_05160|v3,/11309/row,v3,COMPLETED,NONE,<V3_ROOT>/FINAL_RUN_RECORDS.json,RUN_05160,<RESULTS_ROOT>/run_statistics/EVALUATION_CORE_v3_F01.csv,470,0.09177145533263088,0.10351109355664635,0.04788054380877193,8.089647422454789,12.27610934742262,3.3312964026882526,2.933247658474164
RUN_05171,D53_seed_01,go2_prior_metadata,D53,seed_01,F01,single_antenna_EKF,semisynthetic,false,true,COMPLETED,NONE,true,true,56642,56642,5480,66.005054,339.997056,1.0,66.0,340.0,<V3_ROOT>/FINAL_EVALUATION_RECORDS.json,RUN_05171|v3,/11331/row,v3,COMPLETED,NONE,<V3_ROOT>/FINAL_RUN_RECORDS.json,RUN_05171,<RESULTS_ROOT>/run_statistics/EVALUATION_CORE_v3_F01.csv,471,0.09177145533263088,0.10351109355664635,0.04788054380877193,8.089647422454789,12.27610934742262,3.3312964026882526,2.933247658474164
RUN_05182,D53_seed_02,go2_prior_metadata,D53,seed_02,F01,single_antenna_EKF,semisynthetic,false,true,COMPLETED,NONE,true,true,56642,56642,5480,66.005054,339.997056,1.0,66.0,340.0,<V3_ROOT>/FINAL_EVALUATION_RECORDS.json,RUN_05182|v3,/11353/row,v3,COMPLETED,NONE,<V3_ROOT>/FINAL_RUN_RECORDS.json,RUN_05182,<RESULTS_ROOT>/run_statistics/EVALUATION_CORE_v3_F01.csv,472,0.09177145533263088,0.10351109355664635,0.04788054380877193,8.089647422454789,12.27610934742262,3.3312964026882526,2.933247658474164
RUN_05193,D53_seed_03,go2_prior_metadata,D53,seed_03,F01,single_antenna_EKF,semisynthetic,false,true,COMPLETED,NONE,true,true,56642,56642,5480,66.005054,339.997056,1.0,66.0,340.0,<V3_ROOT>/FINAL_EVALUATION_RECORDS.json,RUN_05193|v3,/11375/row,v3,COMPLETED,NONE,<V3_ROOT>/FINAL_RUN_RECORDS.json,RUN_05193,<RESULTS_ROOT>/run_statistics/EVALUATION_CORE_v3_F01.csv,473,0.09177145533263088,0.10351109355664635,0.04788054380877193,8.089647422454789,12.27610934742262,3.3312964026882526,2.933247658474164
RUN_05204,D53_seed_04,go2_prior_metadata,D53,seed_04,F01,single_antenna_EKF,semisynthetic,false,true,COMPLETED,NONE,true,true,56642,56642,5480,66.005054,339.997056,1.0,66.0,340.0,<V3_ROOT>/FINAL_EVALUATION_RECORDS.json,RUN_05204|v3,/11397/row,v3,COMPLETED,NONE,<V3_ROOT>/FINAL_RUN_RECORDS.json,RUN_05204,<RESULTS_ROOT>/run_statistics/EVALUATION_CORE_v3_F01.csv,474,0.09177145533263088,0.10351109355664635,0.04788054380877193,8.089647422454789,12.27610934742262,3.3312964026882526,2.933247658474164
RUN_05215,D53_seed_05,go2_prior_metadata,D53,seed_05,F01,single_antenna_EKF,semisynthetic,false,true,COMPLETED,NONE,true,true,56642,56642,5480,66.005054,339.997056,1.0,66.0,340.0,<V3_ROOT>/FINAL_EVALUATION_RECORDS.json,RUN_05215|v3,/11419/row,v3,COMPLETED,NONE,<V3_ROOT>/FINAL_RUN_RECORDS.json,RUN_05215,<RESULTS_ROOT>/run_statistics/EVALUATION_CORE_v3_F01.csv,475,0.09177145533263088,0.10351109355664635,0.04788054380877193,8.089647422454789,12.27610934742262,3.3312964026882526,2.933247658474164
RUN_05226,D53_seed_06,go2_prior_metadata,D53,seed_06,F01,single_antenna_EKF,semisynthetic,false,true,COMPLETED,NONE,true,true,56642,56642,5480,66.005054,339.997056,1.0,66.0,340.0,<V3_ROOT>/FINAL_EVALUATION_RECORDS.json,RUN_05226|v3,/11441/row,v3,COMPLETED,NONE,<V3_ROOT>/FINAL_RUN_RECORDS.json,RUN_05226,<RESULTS_ROOT>/run_statistics/EVALUATION_CORE_v3_F01.csv,476,0.09177145533263088,0.10351109355664635,0.04788054380877193,8.089647422454789,12.27610934742262,3.3312964026882526,2.933247658474164
RUN_05237,D53_seed_07,go2_prior_metadata,D53,seed_07,F01,single_antenna_EKF,semisynthetic,false,true,COMPLETED,NONE,true,true,56642,56642,5480,66.005054,339.997056,1.0,66.0,340.0,<V3_ROOT>/FINAL_EVALUATION_RECORDS.json,RUN_05237|v3,/11463/row,v3,COMPLETED,NONE,<V3_ROOT>/FINAL_RUN_RECORDS.json,RUN_05237,<RESULTS_ROOT>/run_statistics/EVALUATION_CORE_v3_F01.csv,477,0.09177145533263088,0.10351109355664635,0.04788054380877193,8.089647422454789,12.27610934742262,3.3312964026882526,2.933247658474164
RUN_05248,D53_seed_08,go2_prior_metadata,D53,seed_08,F01,single_antenna_EKF,semisynthetic,false,true,COMPLETED,NONE,true,true,56642,56642,5480,66.005054,339.997056,1.0,66.0,340.0,<V3_ROOT>/FINAL_EVALUATION_RECORDS.json,RUN_05248|v3,/11485/row,v3,COMPLETED,NONE,<V3_ROOT>/FINAL_RUN_RECORDS.json,RUN_05248,<RESULTS_ROOT>/run_statistics/EVALUATION_CORE_v3_F01.csv,478,0.09177145533263088,0.10351109355664635,0.04788054380877193,8.089647422454789,12.27610934742262,3.3312964026882526,2.933247658474164
RUN_05259,D54_seed_00,go2_prior_metadata,D54,seed_00,F01,single_antenna_EKF,semisynthetic,false,true,COMPLETED,NONE,true,true,56642,56642,5480,66.005054,339.997056,1.0,66.0,340.0,<V3_ROOT>/FINAL_EVALUATION_RECORDS.json,RUN_05259|v3,/11507/row,v3,COMPLETED,NONE,<V3_ROOT>/FINAL_RUN_RECORDS.json,RUN_05259,<RESULTS_ROOT>/run_statistics/EVALUATION_CORE_v3_F01.csv,479,0.09177145533263088,0.10351109355664635,0.04788054380877193,8.089647422454789,12.27610934742262,3.3312964026882526,2.933247658474164
RUN_05270,D54_seed_01,go2_prior_metadata,D54,seed_01,F01,single_antenna_EKF,semisynthetic,false,true,COMPLETED,NONE,true,true,56642,56642,5480,66.005054,339.997056,1.0,66.0,340.0,<V3_ROOT>/FINAL_EVALUATION_RECORDS.json,RUN_05270|v3,/11529/row,v3,COMPLETED,NONE,<V3_ROOT>/FINAL_RUN_RECORDS.json,RUN_05270,<RESULTS_ROOT>/run_statistics/EVALUATION_CORE_v3_F01.csv,480,0.09177145533263088,0.10351109355664635,0.04788054380877193,8.089647422454789,12.27610934742262,3.3312964026882526,2.933247658474164
RUN_05281,D54_seed_02,go2_prior_metadata,D54,seed_02,F01,single_antenna_EKF,semisynthetic,false,true,COMPLETED,NONE,true,true,56642,56642,5480,66.005054,339.997056,1.0,66.0,340.0,<V3_ROOT>/FINAL_EVALUATION_RECORDS.json,RUN_05281|v3,/11551/row,v3,COMPLETED,NONE,<V3_ROOT>/FINAL_RUN_RECORDS.json,RUN_05281,<RESULTS_ROOT>/run_statistics/EVALUATION_CORE_v3_F01.csv,481,0.09177145533263088,0.10351109355664635,0.04788054380877193,8.089647422454789,12.27610934742262,3.3312964026882526,2.933247658474164
RUN_05292,D54_seed_03,go2_prior_metadata,D54,seed_03,F01,single_antenna_EKF,semisynthetic,false,true,COMPLETED,NONE,true,true,56642,56642,5480,66.005054,339.997056,1.0,66.0,340.0,<V3_ROOT>/FINAL_EVALUATION_RECORDS.json,RUN_05292|v3,/11573/row,v3,COMPLETED,NONE,<V3_ROOT>/FINAL_RUN_RECORDS.json,RUN_05292,<RESULTS_ROOT>/run_statistics/EVALUATION_CORE_v3_F01.csv,482,0.09177145533263088,0.10351109355664635,0.04788054380877193,8.089647422454789,12.27610934742262,3.3312964026882526,2.933247658474164
RUN_05303,D54_seed_04,go2_prior_metadata,D54,seed_04,F01,single_antenna_EKF,semisynthetic,false,true,COMPLETED,NONE,true,true,56642,56642,5480,66.005054,339.997056,1.0,66.0,340.0,<V3_ROOT>/FINAL_EVALUATION_RECORDS.json,RUN_05303|v3,/11595/row,v3,COMPLETED,NONE,<V3_ROOT>/FINAL_RUN_RECORDS.json,RUN_05303,<RESULTS_ROOT>/run_statistics/EVALUATION_CORE_v3_F01.csv,483,0.09177145533263088,0.10351109355664635,0.04788054380877193,8.089647422454789,12.27610934742262,3.3312964026882526,2.933247658474164
RUN_05314,D54_seed_05,go2_prior_metadata,D54,seed_05,F01,single_antenna_EKF,semisynthetic,false,true,COMPLETED,NONE,true,true,56642,56642,5480,66.005054,339.997056,1.0,66.0,340.0,<V3_ROOT>/FINAL_EVALUATION_RECORDS.json,RUN_05314|v3,/11617/row,v3,COMPLETED,NONE,<V3_ROOT>/FINAL_RUN_RECORDS.json,RUN_05314,<RESULTS_ROOT>/run_statistics/EVALUATION_CORE_v3_F01.csv,484,0.09177145533263088,0.10351109355664635,0.04788054380877193,8.089647422454789,12.27610934742262,3.3312964026882526,2.933247658474164
RUN_05325,D54_seed_06,go2_prior_metadata,D54,seed_06,F01,single_antenna_EKF,semisynthetic,false,true,COMPLETED,NONE,true,true,56642,56642,5480,66.005054,339.997056,1.0,66.0,340.0,<V3_ROOT>/FINAL_EVALUATION_RECORDS.json,RUN_05325|v3,/11639/row,v3,COMPLETED,NONE,<V3_ROOT>/FINAL_RUN_RECORDS.json,RUN_05325,<RESULTS_ROOT>/run_statistics/EVALUATION_CORE_v3_F01.csv,485,0.09177145533263088,0.10351109355664635,0.04788054380877193,8.089647422454789,12.27610934742262,3.3312964026882526,2.933247658474164
RUN_05336,D54_seed_07,go2_prior_metadata,D54,seed_07,F01,single_antenna_EKF,semisynthetic,false,true,COMPLETED,NONE,true,true,56642,56642,5480,66.005054,339.997056,1.0,66.0,340.0,<V3_ROOT>/FINAL_EVALUATION_RECORDS.json,RUN_05336|v3,/11661/row,v3,COMPLETED,NONE,<V3_ROOT>/FINAL_RUN_RECORDS.json,RUN_05336,<RESULTS_ROOT>/run_statistics/EVALUATION_CORE_v3_F01.csv,486,0.09177145533263088,0.10351109355664635,0.04788054380877193,8.089647422454789,12.27610934742262,3.3312964026882526,2.933247658474164
RUN_05347,D54_seed_08,go2_prior_metadata,D54,seed_08,F01,single_antenna_EKF,semisynthetic,false,true,COMPLETED,NONE,true,true,56642,56642,5480,66.005054,339.997056,1.0,66.0,340.0,<V3_ROOT>/FINAL_EVALUATION_RECORDS.json,RUN_05347|v3,/11683/row,v3,COMPLETED,NONE,<V3_ROOT>/FINAL_RUN_RECORDS.json,RUN_05347,<RESULTS_ROOT>/run_statistics/EVALUATION_CORE_v3_F01.csv,487,0.09177145533263088,0.10351109355664635,0.04788054380877193,8.089647422454789,12.27610934742262,3.3312964026882526,2.933247658474164
RUN_05358,D55_seed_00,go2_prior_metadata,D55,seed_00,F01,single_antenna_EKF,semisynthetic,false,true,COMPLETED,NONE,true,true,56642,56642,5480,66.005054,339.997056,1.0,66.0,340.0,<V3_ROOT>/FINAL_EVALUATION_RECORDS.json,RUN_05358|v3,/11705/row,v3,COMPLETED,NONE,<V3_ROOT>/FINAL_RUN_RECORDS.json,RUN_05358,<RESULTS_ROOT>/run_statistics/EVALUATION_CORE_v3_F01.csv,488,0.09177145533263088,0.10351109355664635,0.04788054380877193,8.089647422454789,12.27610934742262,3.3312964026882526,2.933247658474164
RUN_05369,D55_seed_01,go2_prior_metadata,D55,seed_01,F01,single_antenna_EKF,semisynthetic,false,true,COMPLETED,NONE,true,true,56642,56642,5480,66.005054,339.997056,1.0,66.0,340.0,<V3_ROOT>/FINAL_EVALUATION_RECORDS.json,RUN_05369|v3,/11727/row,v3,COMPLETED,NONE,<V3_ROOT>/FINAL_RUN_RECORDS.json,RUN_05369,<RESULTS_ROOT>/run_statistics/EVALUATION_CORE_v3_F01.csv,489,0.09177145533263088,0.10351109355664635,0.04788054380877193,8.089647422454789,12.27610934742262,3.3312964026882526,2.933247658474164
RUN_05380,D55_seed_02,go2_prior_metadata,D55,seed_02,F01,single_antenna_EKF,semisynthetic,false,true,COMPLETED,NONE,true,true,56642,56642,5480,66.005054,339.997056,1.0,66.0,340.0,<V3_ROOT>/FINAL_EVALUATION_RECORDS.json,RUN_05380|v3,/11749/row,v3,COMPLETED,NONE,<V3_ROOT>/FINAL_RUN_RECORDS.json,RUN_05380,<RESULTS_ROOT>/run_statistics/EVALUATION_CORE_v3_F01.csv,490,0.09177145533263088,0.10351109355664635,0.04788054380877193,8.089647422454789,12.27610934742262,3.3312964026882526,2.933247658474164
RUN_05391,D55_seed_03,go2_prior_metadata,D55,seed_03,F01,single_antenna_EKF,semisynthetic,false,true,COMPLETED,NONE,true,true,56642,56642,5480,66.005054,339.997056,1.0,66.0,340.0,<V3_ROOT>/FINAL_EVALUATION_RECORDS.json,RUN_05391|v3,/11771/row,v3,COMPLETED,NONE,<V3_ROOT>/FINAL_RUN_RECORDS.json,RUN_05391,<RESULTS_ROOT>/run_statistics/EVALUATION_CORE_v3_F01.csv,491,0.09177145533263088,0.10351109355664635,0.04788054380877193,8.089647422454789,12.27610934742262,3.3312964026882526,2.933247658474164
RUN_05402,D55_seed_04,go2_prior_metadata,D55,seed_04,F01,single_antenna_EKF,semisynthetic,false,true,COMPLETED,NONE,true,true,56642,56642,5480,66.005054,339.997056,1.0,66.0,340.0,<V3_ROOT>/FINAL_EVALUATION_RECORDS.json,RUN_05402|v3,/11793/row,v3,COMPLETED,NONE,<V3_ROOT>/FINAL_RUN_RECORDS.json,RUN_05402,<RESULTS_ROOT>/run_statistics/EVALUATION_CORE_v3_F01.csv,492,0.09177145533263088,0.10351109355664635,0.04788054380877193,8.089647422454789,12.27610934742262,3.3312964026882526,2.933247658474164
RUN_05413,D55_seed_05,go2_prior_metadata,D55,seed_05,F01,single_antenna_EKF,semisynthetic,false,true,COMPLETED,NONE,true,true,56642,56642,5480,66.005054,339.997056,1.0,66.0,340.0,<V3_ROOT>/FINAL_EVALUATION_RECORDS.json,RUN_05413|v3,/11815/row,v3,COMPLETED,NONE,<V3_ROOT>/FINAL_RUN_RECORDS.json,RUN_05413,<RESULTS_ROOT>/run_statistics/EVALUATION_CORE_v3_F01.csv,493,0.09177145533263088,0.10351109355664635,0.04788054380877193,8.089647422454789,12.27610934742262,3.3312964026882526,2.933247658474164
RUN_05424,D55_seed_06,go2_prior_metadata,D55,seed_06,F01,single_antenna_EKF,semisynthetic,false,true,COMPLETED,NONE,true,true,56642,56642,5480,66.005054,339.997056,1.0,66.0,340.0,<V3_ROOT>/FINAL_EVALUATION_RECORDS.json,RUN_05424|v3,/11837/row,v3,COMPLETED,NONE,<V3_ROOT>/FINAL_RUN_RECORDS.json,RUN_05424,<RESULTS_ROOT>/run_statistics/EVALUATION_CORE_v3_F01.csv,494,0.09177145533263088,0.10351109355664635,0.04788054380877193,8.089647422454789,12.27610934742262,3.3312964026882526,2.933247658474164
RUN_05435,D55_seed_07,go2_prior_metadata,D55,seed_07,F01,single_antenna_EKF,semisynthetic,false,true,COMPLETED,NONE,true,true,56642,56642,5480,66.005054,339.997056,1.0,66.0,340.0,<V3_ROOT>/FINAL_EVALUATION_RECORDS.json,RUN_05435|v3,/11859/row,v3,COMPLETED,NONE,<V3_ROOT>/FINAL_RUN_RECORDS.json,RUN_05435,<RESULTS_ROOT>/run_statistics/EVALUATION_CORE_v3_F01.csv,495,0.09177145533263088,0.10351109355664635,0.04788054380877193,8.089647422454789,12.27610934742262,3.3312964026882526,2.933247658474164
RUN_05446,D55_seed_08,go2_prior_metadata,D55,seed_08,F01,single_antenna_EKF,semisynthetic,false,true,COMPLETED,NONE,true,true,56642,56642,5480,66.005054,339.997056,1.0,66.0,340.0,<V3_ROOT>/FINAL_EVALUATION_RECORDS.json,RUN_05446|v3,/11881/row,v3,COMPLETED,NONE,<V3_ROOT>/FINAL_RUN_RECORDS.json,RUN_05446,<RESULTS_ROOT>/run_statistics/EVALUATION_CORE_v3_F01.csv,496,0.09177145533263088,0.10351109355664635,0.04788054380877193,8.089647422454789,12.27610934742262,3.3312964026882526,2.933247658474164
RUN_05457,D56_seed_00,go2_prior_metadata,D56,seed_00,F01,single_antenna_EKF,semisynthetic,false,true,COMPLETED,NONE,true,true,56642,56642,5480,66.005054,339.997056,1.0,66.0,340.0,<V3_ROOT>/FINAL_EVALUATION_RECORDS.json,RUN_05457|v3,/11903/row,v3,COMPLETED,NONE,<V3_ROOT>/FINAL_RUN_RECORDS.json,RUN_05457,<RESULTS_ROOT>/run_statistics/EVALUATION_CORE_v3_F01.csv,497,0.09177145533263088,0.10351109355664635,0.04788054380877193,8.089647422454789,12.27610934742262,3.3312964026882526,2.933247658474164
RUN_05468,D56_seed_01,go2_prior_metadata,D56,seed_01,F01,single_antenna_EKF,semisynthetic,false,true,COMPLETED,NONE,true,true,56642,56642,5480,66.005054,339.997056,1.0,66.0,340.0,<V3_ROOT>/FINAL_EVALUATION_RECORDS.json,RUN_05468|v3,/11925/row,v3,COMPLETED,NONE,<V3_ROOT>/FINAL_RUN_RECORDS.json,RUN_05468,<RESULTS_ROOT>/run_statistics/EVALUATION_CORE_v3_F01.csv,498,0.09177145533263088,0.10351109355664635,0.04788054380877193,8.089647422454789,12.27610934742262,3.3312964026882526,2.933247658474164
RUN_05479,D56_seed_02,go2_prior_metadata,D56,seed_02,F01,single_antenna_EKF,semisynthetic,false,true,COMPLETED,NONE,true,true,56642,56642,5480,66.005054,339.997056,1.0,66.0,340.0,<V3_ROOT>/FINAL_EVALUATION_RECORDS.json,RUN_05479|v3,/11947/row,v3,COMPLETED,NONE,<V3_ROOT>/FINAL_RUN_RECORDS.json,RUN_05479,<RESULTS_ROOT>/run_statistics/EVALUATION_CORE_v3_F01.csv,499,0.09177145533263088,0.10351109355664635,0.04788054380877193,8.089647422454789,12.27610934742262,3.3312964026882526,2.933247658474164
RUN_05490,D56_seed_03,go2_prior_metadata,D56,seed_03,F01,single_antenna_EKF,semisynthetic,false,true,COMPLETED,NONE,true,true,56642,56642,5480,66.005054,339.997056,1.0,66.0,340.0,<V3_ROOT>/FINAL_EVALUATION_RECORDS.json,RUN_05490|v3,/11969/row,v3,COMPLETED,NONE,<V3_ROOT>/FINAL_RUN_RECORDS.json,RUN_05490,<RESULTS_ROOT>/run_statistics/EVALUATION_CORE_v3_F01.csv,500,0.09177145533263088,0.10351109355664635,0.04788054380877193,8.089647422454789,12.27610934742262,3.3312964026882526,2.933247658474164
RUN_05501,D56_seed_04,go2_prior_metadata,D56,seed_04,F01,single_antenna_EKF,semisynthetic,false,true,COMPLETED,NONE,true,true,56642,56642,5480,66.005054,339.997056,1.0,66.0,340.0,<V3_ROOT>/FINAL_EVALUATION_RECORDS.json,RUN_05501|v3,/11991/row,v3,COMPLETED,NONE,<V3_ROOT>/FINAL_RUN_RECORDS.json,RUN_05501,<RESULTS_ROOT>/run_statistics/EVALUATION_CORE_v3_F01.csv,501,0.09177145533263088,0.10351109355664635,0.04788054380877193,8.089647422454789,12.27610934742262,3.3312964026882526,2.933247658474164
RUN_05512,D56_seed_05,go2_prior_metadata,D56,seed_05,F01,single_antenna_EKF,semisynthetic,false,true,COMPLETED,NONE,true,true,56642,56642,5480,66.005054,339.997056,1.0,66.0,340.0,<V3_ROOT>/FINAL_EVALUATION_RECORDS.json,RUN_05512|v3,/12013/row,v3,COMPLETED,NONE,<V3_ROOT>/FINAL_RUN_RECORDS.json,RUN_05512,<RESULTS_ROOT>/run_statistics/EVALUATION_CORE_v3_F01.csv,502,0.09177145533263088,0.10351109355664635,0.04788054380877193,8.089647422454789,12.27610934742262,3.3312964026882526,2.933247658474164
RUN_05523,D56_seed_06,go2_prior_metadata,D56,seed_06,F01,single_antenna_EKF,semisynthetic,false,true,COMPLETED,NONE,true,true,56642,56642,5480,66.005054,339.997056,1.0,66.0,340.0,<V3_ROOT>/FINAL_EVALUATION_RECORDS.json,RUN_05523|v3,/12035/row,v3,COMPLETED,NONE,<V3_ROOT>/FINAL_RUN_RECORDS.json,RUN_05523,<RESULTS_ROOT>/run_statistics/EVALUATION_CORE_v3_F01.csv,503,0.09177145533263088,0.10351109355664635,0.04788054380877193,8.089647422454789,12.27610934742262,3.3312964026882526,2.933247658474164
RUN_05534,D56_seed_07,go2_prior_metadata,D56,seed_07,F01,single_antenna_EKF,semisynthetic,false,true,COMPLETED,NONE,true,true,56642,56642,5480,66.005054,339.997056,1.0,66.0,340.0,<V3_ROOT>/FINAL_EVALUATION_RECORDS.json,RUN_05534|v3,/12057/row,v3,COMPLETED,NONE,<V3_ROOT>/FINAL_RUN_RECORDS.json,RUN_05534,<RESULTS_ROOT>/run_statistics/EVALUATION_CORE_v3_F01.csv,504,0.09177145533263088,0.10351109355664635,0.04788054380877193,8.089647422454789,12.27610934742262,3.3312964026882526,2.933247658474164
RUN_05545,D56_seed_08,go2_prior_metadata,D56,seed_08,F01,single_antenna_EKF,semisynthetic,false,true,COMPLETED,NONE,true,true,56642,56642,5480,66.005054,339.997056,1.0,66.0,340.0,<V3_ROOT>/FINAL_EVALUATION_RECORDS.json,RUN_05545|v3,/12079/row,v3,COMPLETED,NONE,<V3_ROOT>/FINAL_RUN_RECORDS.json,RUN_05545,<RESULTS_ROOT>/run_statistics/EVALUATION_CORE_v3_F01.csv,505,0.09177145533263088,0.10351109355664635,0.04788054380877193,8.089647422454789,12.27610934742262,3.3312964026882526,2.933247658474164
RUN_04963,D51_seed_00,go2_prior_metadata,D51,seed_00,F02,basic_dual_yaw_EKF,semisynthetic,false,true,COMPLETED,NONE,true,true,56642,56642,5480,66.005054,339.997056,1.0,66.0,340.0,<V3_ROOT>/FINAL_EVALUATION_RECORDS.json,RUN_04963|v3,/10915/row,v3,COMPLETED,NONE,<V3_ROOT>/FINAL_RUN_RECORDS.json,RUN_04963,<RESULTS_ROOT>/run_statistics/EVALUATION_CORE_v3_F02.csv,452,0.10192187334932777,0.11268824904758423,0.04806842213318387,2.231952255808013,4.321521988649086,3.3352522481511127,2.9227955239249788
RUN_04974,D51_seed_01,go2_prior_metadata,D51,seed_01,F02,basic_dual_yaw_EKF,semisynthetic,false,true,COMPLETED,NONE,true,true,56642,56642,5480,66.005054,339.997056,1.0,66.0,340.0,<V3_ROOT>/FINAL_EVALUATION_RECORDS.json,RUN_04974|v3,/10937/row,v3,COMPLETED,NONE,<V3_ROOT>/FINAL_RUN_RECORDS.json,RUN_04974,<RESULTS_ROOT>/run_statistics/EVALUATION_CORE_v3_F02.csv,453,0.10192187334932777,0.11268824904758423,0.04806842213318387,2.231952255808013,4.321521988649086,3.3352522481511127,2.9227955239249788
RUN_04985,D51_seed_02,go2_prior_metadata,D51,seed_02,F02,basic_dual_yaw_EKF,semisynthetic,false,true,COMPLETED,NONE,true,true,56642,56642,5480,66.005054,339.997056,1.0,66.0,340.0,<V3_ROOT>/FINAL_EVALUATION_RECORDS.json,RUN_04985|v3,/10959/row,v3,COMPLETED,NONE,<V3_ROOT>/FINAL_RUN_RECORDS.json,RUN_04985,<RESULTS_ROOT>/run_statistics/EVALUATION_CORE_v3_F02.csv,454,0.10192187334932777,0.11268824904758423,0.04806842213318387,2.231952255808013,4.321521988649086,3.3352522481511127,2.9227955239249788
RUN_04996,D51_seed_03,go2_prior_metadata,D51,seed_03,F02,basic_dual_yaw_EKF,semisynthetic,false,true,COMPLETED,NONE,true,true,56642,56642,5480,66.005054,339.997056,1.0,66.0,340.0,<V3_ROOT>/FINAL_EVALUATION_RECORDS.json,RUN_04996|v3,/10981/row,v3,COMPLETED,NONE,<V3_ROOT>/FINAL_RUN_RECORDS.json,RUN_04996,<RESULTS_ROOT>/run_statistics/EVALUATION_CORE_v3_F02.csv,455,0.10192187334932777,0.11268824904758423,0.04806842213318387,2.231952255808013,4.321521988649086,3.3352522481511127,2.9227955239249788
RUN_05007,D51_seed_04,go2_prior_metadata,D51,seed_04,F02,basic_dual_yaw_EKF,semisynthetic,false,true,COMPLETED,NONE,true,true,56642,56642,5480,66.005054,339.997056,1.0,66.0,340.0,<V3_ROOT>/FINAL_EVALUATION_RECORDS.json,RUN_05007|v3,/11003/row,v3,COMPLETED,NONE,<V3_ROOT>/FINAL_RUN_RECORDS.json,RUN_05007,<RESULTS_ROOT>/run_statistics/EVALUATION_CORE_v3_F02.csv,456,0.10192187334932777,0.11268824904758423,0.04806842213318387,2.231952255808013,4.321521988649086,3.3352522481511127,2.9227955239249788
RUN_05018,D51_seed_05,go2_prior_metadata,D51,seed_05,F02,basic_dual_yaw_EKF,semisynthetic,false,true,COMPLETED,NONE,true,true,56642,56642,5480,66.005054,339.997056,1.0,66.0,340.0,<V3_ROOT>/FINAL_EVALUATION_RECORDS.json,RUN_05018|v3,/11025/row,v3,COMPLETED,NONE,<V3_ROOT>/FINAL_RUN_RECORDS.json,RUN_05018,<RESULTS_ROOT>/run_statistics/EVALUATION_CORE_v3_F02.csv,457,0.10192187334932777,0.11268824904758423,0.04806842213318387,2.231952255808013,4.321521988649086,3.3352522481511127,2.9227955239249788
RUN_05029,D51_seed_06,go2_prior_metadata,D51,seed_06,F02,basic_dual_yaw_EKF,semisynthetic,false,true,COMPLETED,NONE,true,true,56642,56642,5480,66.005054,339.997056,1.0,66.0,340.0,<V3_ROOT>/FINAL_EVALUATION_RECORDS.json,RUN_05029|v3,/11047/row,v3,COMPLETED,NONE,<V3_ROOT>/FINAL_RUN_RECORDS.json,RUN_05029,<RESULTS_ROOT>/run_statistics/EVALUATION_CORE_v3_F02.csv,458,0.10192187334932777,0.11268824904758423,0.04806842213318387,2.231952255808013,4.321521988649086,3.3352522481511127,2.9227955239249788
RUN_05040,D51_seed_07,go2_prior_metadata,D51,seed_07,F02,basic_dual_yaw_EKF,semisynthetic,false,true,COMPLETED,NONE,true,true,56642,56642,5480,66.005054,339.997056,1.0,66.0,340.0,<V3_ROOT>/FINAL_EVALUATION_RECORDS.json,RUN_05040|v3,/11069/row,v3,COMPLETED,NONE,<V3_ROOT>/FINAL_RUN_RECORDS.json,RUN_05040,<RESULTS_ROOT>/run_statistics/EVALUATION_CORE_v3_F02.csv,459,0.10192187334932777,0.11268824904758423,0.04806842213318387,2.231952255808013,4.321521988649086,3.3352522481511127,2.9227955239249788
RUN_05051,D51_seed_08,go2_prior_metadata,D51,seed_08,F02,basic_dual_yaw_EKF,semisynthetic,false,true,COMPLETED,NONE,true,true,56642,56642,5480,66.005054,339.997056,1.0,66.0,340.0,<V3_ROOT>/FINAL_EVALUATION_RECORDS.json,RUN_05051|v3,/11091/row,v3,COMPLETED,NONE,<V3_ROOT>/FINAL_RUN_RECORDS.json,RUN_05051,<RESULTS_ROOT>/run_statistics/EVALUATION_CORE_v3_F02.csv,460,0.10192187334932777,0.11268824904758423,0.04806842213318387,2.231952255808013,4.321521988649086,3.3352522481511127,2.9227955239249788
RUN_05062,D52_seed_00,go2_prior_metadata,D52,seed_00,F02,basic_dual_yaw_EKF,semisynthetic,false,true,COMPLETED,NONE,true,true,56642,56642,5480,66.005054,339.997056,1.0,66.0,340.0,<V3_ROOT>/FINAL_EVALUATION_RECORDS.json,RUN_05062|v3,/11113/row,v3,COMPLETED,NONE,<V3_ROOT>/FINAL_RUN_RECORDS.json,RUN_05062,<RESULTS_ROOT>/run_statistics/EVALUATION_CORE_v3_F02.csv,461,0.10192187334932777,0.11268824904758423,0.04806842213318387,2.231952255808013,4.321521988649086,3.3352522481511127,2.9227955239249788
RUN_05073,D52_seed_01,go2_prior_metadata,D52,seed_01,F02,basic_dual_yaw_EKF,semisynthetic,false,true,COMPLETED,NONE,true,true,56642,56642,5480,66.005054,339.997056,1.0,66.0,340.0,<V3_ROOT>/FINAL_EVALUATION_RECORDS.json,RUN_05073|v3,/11135/row,v3,COMPLETED,NONE,<V3_ROOT>/FINAL_RUN_RECORDS.json,RUN_05073,<RESULTS_ROOT>/run_statistics/EVALUATION_CORE_v3_F02.csv,462,0.10192187334932777,0.11268824904758423,0.04806842213318387,2.231952255808013,4.321521988649086,3.3352522481511127,2.9227955239249788
RUN_05084,D52_seed_02,go2_prior_metadata,D52,seed_02,F02,basic_dual_yaw_EKF,semisynthetic,false,true,COMPLETED,NONE,true,true,56642,56642,5480,66.005054,339.997056,1.0,66.0,340.0,<V3_ROOT>/FINAL_EVALUATION_RECORDS.json,RUN_05084|v3,/11157/row,v3,COMPLETED,NONE,<V3_ROOT>/FINAL_RUN_RECORDS.json,RUN_05084,<RESULTS_ROOT>/run_statistics/EVALUATION_CORE_v3_F02.csv,463,0.10192187334932777,0.11268824904758423,0.04806842213318387,2.231952255808013,4.321521988649086,3.3352522481511127,2.9227955239249788
RUN_05095,D52_seed_03,go2_prior_metadata,D52,seed_03,F02,basic_dual_yaw_EKF,semisynthetic,false,true,COMPLETED,NONE,true,true,56642,56642,5480,66.005054,339.997056,1.0,66.0,340.0,<V3_ROOT>/FINAL_EVALUATION_RECORDS.json,RUN_05095|v3,/11179/row,v3,COMPLETED,NONE,<V3_ROOT>/FINAL_RUN_RECORDS.json,RUN_05095,<RESULTS_ROOT>/run_statistics/EVALUATION_CORE_v3_F02.csv,464,0.10192187334932777,0.11268824904758423,0.04806842213318387,2.231952255808013,4.321521988649086,3.3352522481511127,2.9227955239249788
RUN_05106,D52_seed_04,go2_prior_metadata,D52,seed_04,F02,basic_dual_yaw_EKF,semisynthetic,false,true,COMPLETED,NONE,true,true,56642,56642,5480,66.005054,339.997056,1.0,66.0,340.0,<V3_ROOT>/FINAL_EVALUATION_RECORDS.json,RUN_05106|v3,/11201/row,v3,COMPLETED,NONE,<V3_ROOT>/FINAL_RUN_RECORDS.json,RUN_05106,<RESULTS_ROOT>/run_statistics/EVALUATION_CORE_v3_F02.csv,465,0.10192187334932777,0.11268824904758423,0.04806842213318387,2.231952255808013,4.321521988649086,3.3352522481511127,2.9227955239249788
RUN_05117,D52_seed_05,go2_prior_metadata,D52,seed_05,F02,basic_dual_yaw_EKF,semisynthetic,false,true,COMPLETED,NONE,true,true,56642,56642,5480,66.005054,339.997056,1.0,66.0,340.0,<V3_ROOT>/FINAL_EVALUATION_RECORDS.json,RUN_05117|v3,/11223/row,v3,COMPLETED,NONE,<V3_ROOT>/FINAL_RUN_RECORDS.json,RUN_05117,<RESULTS_ROOT>/run_statistics/EVALUATION_CORE_v3_F02.csv,466,0.10192187334932777,0.11268824904758423,0.04806842213318387,2.231952255808013,4.321521988649086,3.3352522481511127,2.9227955239249788
RUN_05128,D52_seed_06,go2_prior_metadata,D52,seed_06,F02,basic_dual_yaw_EKF,semisynthetic,false,true,COMPLETED,NONE,true,true,56642,56642,5480,66.005054,339.997056,1.0,66.0,340.0,<V3_ROOT>/FINAL_EVALUATION_RECORDS.json,RUN_05128|v3,/11245/row,v3,COMPLETED,NONE,<V3_ROOT>/FINAL_RUN_RECORDS.json,RUN_05128,<RESULTS_ROOT>/run_statistics/EVALUATION_CORE_v3_F02.csv,467,0.10192187334932777,0.11268824904758423,0.04806842213318387,2.231952255808013,4.321521988649086,3.3352522481511127,2.9227955239249788
RUN_05139,D52_seed_07,go2_prior_metadata,D52,seed_07,F02,basic_dual_yaw_EKF,semisynthetic,false,true,COMPLETED,NONE,true,true,56642,56642,5480,66.005054,339.997056,1.0,66.0,340.0,<V3_ROOT>/FINAL_EVALUATION_RECORDS.json,RUN_05139|v3,/11267/row,v3,COMPLETED,NONE,<V3_ROOT>/FINAL_RUN_RECORDS.json,RUN_05139,<RESULTS_ROOT>/run_statistics/EVALUATION_CORE_v3_F02.csv,468,0.10192187334932777,0.11268824904758423,0.04806842213318387,2.231952255808013,4.321521988649086,3.3352522481511127,2.9227955239249788
RUN_05150,D52_seed_08,go2_prior_metadata,D52,seed_08,F02,basic_dual_yaw_EKF,semisynthetic,false,true,COMPLETED,NONE,true,true,56642,56642,5480,66.005054,339.997056,1.0,66.0,340.0,<V3_ROOT>/FINAL_EVALUATION_RECORDS.json,RUN_05150|v3,/11289/row,v3,COMPLETED,NONE,<V3_ROOT>/FINAL_RUN_RECORDS.json,RUN_05150,<RESULTS_ROOT>/run_statistics/EVALUATION_CORE_v3_F02.csv,469,0.10192187334932777,0.11268824904758423,0.04806842213318387,2.231952255808013,4.321521988649086,3.3352522481511127,2.9227955239249788
RUN_05161,D53_seed_00,go2_prior_metadata,D53,seed_00,F02,basic_dual_yaw_EKF,semisynthetic,false,true,COMPLETED,NONE,true,true,56642,56642,5480,66.005054,339.997056,1.0,66.0,340.0,<V3_ROOT>/FINAL_EVALUATION_RECORDS.json,RUN_05161|v3,/11311/row,v3,COMPLETED,NONE,<V3_ROOT>/FINAL_RUN_RECORDS.json,RUN_05161,<RESULTS_ROOT>/run_statistics/EVALUATION_CORE_v3_F02.csv,470,0.10192187334932777,0.11268824904758423,0.04806842213318387,2.231952255808013,4.321521988649086,3.3352522481511127,2.9227955239249788
RUN_05172,D53_seed_01,go2_prior_metadata,D53,seed_01,F02,basic_dual_yaw_EKF,semisynthetic,false,true,COMPLETED,NONE,true,true,56642,56642,5480,66.005054,339.997056,1.0,66.0,340.0,<V3_ROOT>/FINAL_EVALUATION_RECORDS.json,RUN_05172|v3,/11333/row,v3,COMPLETED,NONE,<V3_ROOT>/FINAL_RUN_RECORDS.json,RUN_05172,<RESULTS_ROOT>/run_statistics/EVALUATION_CORE_v3_F02.csv,471,0.10192187334932777,0.11268824904758423,0.04806842213318387,2.231952255808013,4.321521988649086,3.3352522481511127,2.9227955239249788
RUN_05183,D53_seed_02,go2_prior_metadata,D53,seed_02,F02,basic_dual_yaw_EKF,semisynthetic,false,true,COMPLETED,NONE,true,true,56642,56642,5480,66.005054,339.997056,1.0,66.0,340.0,<V3_ROOT>/FINAL_EVALUATION_RECORDS.json,RUN_05183|v3,/11355/row,v3,COMPLETED,NONE,<V3_ROOT>/FINAL_RUN_RECORDS.json,RUN_05183,<RESULTS_ROOT>/run_statistics/EVALUATION_CORE_v3_F02.csv,472,0.10192187334932777,0.11268824904758423,0.04806842213318387,2.231952255808013,4.321521988649086,3.3352522481511127,2.9227955239249788
RUN_05194,D53_seed_03,go2_prior_metadata,D53,seed_03,F02,basic_dual_yaw_EKF,semisynthetic,false,true,COMPLETED,NONE,true,true,56642,56642,5480,66.005054,339.997056,1.0,66.0,340.0,<V3_ROOT>/FINAL_EVALUATION_RECORDS.json,RUN_05194|v3,/11377/row,v3,COMPLETED,NONE,<V3_ROOT>/FINAL_RUN_RECORDS.json,RUN_05194,<RESULTS_ROOT>/run_statistics/EVALUATION_CORE_v3_F02.csv,473,0.10192187334932777,0.11268824904758423,0.04806842213318387,2.231952255808013,4.321521988649086,3.3352522481511127,2.9227955239249788
RUN_05205,D53_seed_04,go2_prior_metadata,D53,seed_04,F02,basic_dual_yaw_EKF,semisynthetic,false,true,COMPLETED,NONE,true,true,56642,56642,5480,66.005054,339.997056,1.0,66.0,340.0,<V3_ROOT>/FINAL_EVALUATION_RECORDS.json,RUN_05205|v3,/11399/row,v3,COMPLETED,NONE,<V3_ROOT>/FINAL_RUN_RECORDS.json,RUN_05205,<RESULTS_ROOT>/run_statistics/EVALUATION_CORE_v3_F02.csv,474,0.10192187334932777,0.11268824904758423,0.04806842213318387,2.231952255808013,4.321521988649086,3.3352522481511127,2.9227955239249788
RUN_05216,D53_seed_05,go2_prior_metadata,D53,seed_05,F02,basic_dual_yaw_EKF,semisynthetic,false,true,COMPLETED,NONE,true,true,56642,56642,5480,66.005054,339.997056,1.0,66.0,340.0,<V3_ROOT>/FINAL_EVALUATION_RECORDS.json,RUN_05216|v3,/11421/row,v3,COMPLETED,NONE,<V3_ROOT>/FINAL_RUN_RECORDS.json,RUN_05216,<RESULTS_ROOT>/run_statistics/EVALUATION_CORE_v3_F02.csv,475,0.10192187334932777,0.11268824904758423,0.04806842213318387,2.231952255808013,4.321521988649086,3.3352522481511127,2.9227955239249788
RUN_05227,D53_seed_06,go2_prior_metadata,D53,seed_06,F02,basic_dual_yaw_EKF,semisynthetic,false,true,COMPLETED,NONE,true,true,56642,56642,5480,66.005054,339.997056,1.0,66.0,340.0,<V3_ROOT>/FINAL_EVALUATION_RECORDS.json,RUN_05227|v3,/11443/row,v3,COMPLETED,NONE,<V3_ROOT>/FINAL_RUN_RECORDS.json,RUN_05227,<RESULTS_ROOT>/run_statistics/EVALUATION_CORE_v3_F02.csv,476,0.10192187334932777,0.11268824904758423,0.04806842213318387,2.231952255808013,4.321521988649086,3.3352522481511127,2.9227955239249788
RUN_05238,D53_seed_07,go2_prior_metadata,D53,seed_07,F02,basic_dual_yaw_EKF,semisynthetic,false,true,COMPLETED,NONE,true,true,56642,56642,5480,66.005054,339.997056,1.0,66.0,340.0,<V3_ROOT>/FINAL_EVALUATION_RECORDS.json,RUN_05238|v3,/11465/row,v3,COMPLETED,NONE,<V3_ROOT>/FINAL_RUN_RECORDS.json,RUN_05238,<RESULTS_ROOT>/run_statistics/EVALUATION_CORE_v3_F02.csv,477,0.10192187334932777,0.11268824904758423,0.04806842213318387,2.231952255808013,4.321521988649086,3.3352522481511127,2.9227955239249788
RUN_05249,D53_seed_08,go2_prior_metadata,D53,seed_08,F02,basic_dual_yaw_EKF,semisynthetic,false,true,COMPLETED,NONE,true,true,56642,56642,5480,66.005054,339.997056,1.0,66.0,340.0,<V3_ROOT>/FINAL_EVALUATION_RECORDS.json,RUN_05249|v3,/11487/row,v3,COMPLETED,NONE,<V3_ROOT>/FINAL_RUN_RECORDS.json,RUN_05249,<RESULTS_ROOT>/run_statistics/EVALUATION_CORE_v3_F02.csv,478,0.10192187334932777,0.11268824904758423,0.04806842213318387,2.231952255808013,4.321521988649086,3.3352522481511127,2.9227955239249788
RUN_05260,D54_seed_00,go2_prior_metadata,D54,seed_00,F02,basic_dual_yaw_EKF,semisynthetic,false,true,COMPLETED,NONE,true,true,56642,56642,5480,66.005054,339.997056,1.0,66.0,340.0,<V3_ROOT>/FINAL_EVALUATION_RECORDS.json,RUN_05260|v3,/11509/row,v3,COMPLETED,NONE,<V3_ROOT>/FINAL_RUN_RECORDS.json,RUN_05260,<RESULTS_ROOT>/run_statistics/EVALUATION_CORE_v3_F02.csv,479,0.10192187334932777,0.11268824904758423,0.04806842213318387,2.231952255808013,4.321521988649086,3.3352522481511127,2.9227955239249788
RUN_05271,D54_seed_01,go2_prior_metadata,D54,seed_01,F02,basic_dual_yaw_EKF,semisynthetic,false,true,COMPLETED,NONE,true,true,56642,56642,5480,66.005054,339.997056,1.0,66.0,340.0,<V3_ROOT>/FINAL_EVALUATION_RECORDS.json,RUN_05271|v3,/11531/row,v3,COMPLETED,NONE,<V3_ROOT>/FINAL_RUN_RECORDS.json,RUN_05271,<RESULTS_ROOT>/run_statistics/EVALUATION_CORE_v3_F02.csv,480,0.10192187334932777,0.11268824904758423,0.04806842213318387,2.231952255808013,4.321521988649086,3.3352522481511127,2.9227955239249788
RUN_05282,D54_seed_02,go2_prior_metadata,D54,seed_02,F02,basic_dual_yaw_EKF,semisynthetic,false,true,COMPLETED,NONE,true,true,56642,56642,5480,66.005054,339.997056,1.0,66.0,340.0,<V3_ROOT>/FINAL_EVALUATION_RECORDS.json,RUN_05282|v3,/11553/row,v3,COMPLETED,NONE,<V3_ROOT>/FINAL_RUN_RECORDS.json,RUN_05282,<RESULTS_ROOT>/run_statistics/EVALUATION_CORE_v3_F02.csv,481,0.10192187334932777,0.11268824904758423,0.04806842213318387,2.231952255808013,4.321521988649086,3.3352522481511127,2.9227955239249788
RUN_05293,D54_seed_03,go2_prior_metadata,D54,seed_03,F02,basic_dual_yaw_EKF,semisynthetic,false,true,COMPLETED,NONE,true,true,56642,56642,5480,66.005054,339.997056,1.0,66.0,340.0,<V3_ROOT>/FINAL_EVALUATION_RECORDS.json,RUN_05293|v3,/11575/row,v3,COMPLETED,NONE,<V3_ROOT>/FINAL_RUN_RECORDS.json,RUN_05293,<RESULTS_ROOT>/run_statistics/EVALUATION_CORE_v3_F02.csv,482,0.10192187334932777,0.11268824904758423,0.04806842213318387,2.231952255808013,4.321521988649086,3.3352522481511127,2.9227955239249788
RUN_05304,D54_seed_04,go2_prior_metadata,D54,seed_04,F02,basic_dual_yaw_EKF,semisynthetic,false,true,COMPLETED,NONE,true,true,56642,56642,5480,66.005054,339.997056,1.0,66.0,340.0,<V3_ROOT>/FINAL_EVALUATION_RECORDS.json,RUN_05304|v3,/11597/row,v3,COMPLETED,NONE,<V3_ROOT>/FINAL_RUN_RECORDS.json,RUN_05304,<RESULTS_ROOT>/run_statistics/EVALUATION_CORE_v3_F02.csv,483,0.10192187334932777,0.11268824904758423,0.04806842213318387,2.231952255808013,4.321521988649086,3.3352522481511127,2.9227955239249788
RUN_05315,D54_seed_05,go2_prior_metadata,D54,seed_05,F02,basic_dual_yaw_EKF,semisynthetic,false,true,COMPLETED,NONE,true,true,56642,56642,5480,66.005054,339.997056,1.0,66.0,340.0,<V3_ROOT>/FINAL_EVALUATION_RECORDS.json,RUN_05315|v3,/11619/row,v3,COMPLETED,NONE,<V3_ROOT>/FINAL_RUN_RECORDS.json,RUN_05315,<RESULTS_ROOT>/run_statistics/EVALUATION_CORE_v3_F02.csv,484,0.10192187334932777,0.11268824904758423,0.04806842213318387,2.231952255808013,4.321521988649086,3.3352522481511127,2.9227955239249788
RUN_05326,D54_seed_06,go2_prior_metadata,D54,seed_06,F02,basic_dual_yaw_EKF,semisynthetic,false,true,COMPLETED,NONE,true,true,56642,56642,5480,66.005054,339.997056,1.0,66.0,340.0,<V3_ROOT>/FINAL_EVALUATION_RECORDS.json,RUN_05326|v3,/11641/row,v3,COMPLETED,NONE,<V3_ROOT>/FINAL_RUN_RECORDS.json,RUN_05326,<RESULTS_ROOT>/run_statistics/EVALUATION_CORE_v3_F02.csv,485,0.10192187334932777,0.11268824904758423,0.04806842213318387,2.231952255808013,4.321521988649086,3.3352522481511127,2.9227955239249788
RUN_05337,D54_seed_07,go2_prior_metadata,D54,seed_07,F02,basic_dual_yaw_EKF,semisynthetic,false,true,COMPLETED,NONE,true,true,56642,56642,5480,66.005054,339.997056,1.0,66.0,340.0,<V3_ROOT>/FINAL_EVALUATION_RECORDS.json,RUN_05337|v3,/11663/row,v3,COMPLETED,NONE,<V3_ROOT>/FINAL_RUN_RECORDS.json,RUN_05337,<RESULTS_ROOT>/run_statistics/EVALUATION_CORE_v3_F02.csv,486,0.10192187334932777,0.11268824904758423,0.04806842213318387,2.231952255808013,4.321521988649086,3.3352522481511127,2.9227955239249788
RUN_05348,D54_seed_08,go2_prior_metadata,D54,seed_08,F02,basic_dual_yaw_EKF,semisynthetic,false,true,COMPLETED,NONE,true,true,56642,56642,5480,66.005054,339.997056,1.0,66.0,340.0,<V3_ROOT>/FINAL_EVALUATION_RECORDS.json,RUN_05348|v3,/11685/row,v3,COMPLETED,NONE,<V3_ROOT>/FINAL_RUN_RECORDS.json,RUN_05348,<RESULTS_ROOT>/run_statistics/EVALUATION_CORE_v3_F02.csv,487,0.10192187334932777,0.11268824904758423,0.04806842213318387,2.231952255808013,4.321521988649086,3.3352522481511127,2.9227955239249788
RUN_05359,D55_seed_00,go2_prior_metadata,D55,seed_00,F02,basic_dual_yaw_EKF,semisynthetic,false,true,COMPLETED,NONE,true,true,56642,56642,5480,66.005054,339.997056,1.0,66.0,340.0,<V3_ROOT>/FINAL_EVALUATION_RECORDS.json,RUN_05359|v3,/11707/row,v3,COMPLETED,NONE,<V3_ROOT>/FINAL_RUN_RECORDS.json,RUN_05359,<RESULTS_ROOT>/run_statistics/EVALUATION_CORE_v3_F02.csv,488,0.10192187334932777,0.11268824904758423,0.04806842213318387,2.231952255808013,4.321521988649086,3.3352522481511127,2.9227955239249788
RUN_05370,D55_seed_01,go2_prior_metadata,D55,seed_01,F02,basic_dual_yaw_EKF,semisynthetic,false,true,COMPLETED,NONE,true,true,56642,56642,5480,66.005054,339.997056,1.0,66.0,340.0,<V3_ROOT>/FINAL_EVALUATION_RECORDS.json,RUN_05370|v3,/11729/row,v3,COMPLETED,NONE,<V3_ROOT>/FINAL_RUN_RECORDS.json,RUN_05370,<RESULTS_ROOT>/run_statistics/EVALUATION_CORE_v3_F02.csv,489,0.10192187334932777,0.11268824904758423,0.04806842213318387,2.231952255808013,4.321521988649086,3.3352522481511127,2.9227955239249788
RUN_05381,D55_seed_02,go2_prior_metadata,D55,seed_02,F02,basic_dual_yaw_EKF,semisynthetic,false,true,COMPLETED,NONE,true,true,56642,56642,5480,66.005054,339.997056,1.0,66.0,340.0,<V3_ROOT>/FINAL_EVALUATION_RECORDS.json,RUN_05381|v3,/11751/row,v3,COMPLETED,NONE,<V3_ROOT>/FINAL_RUN_RECORDS.json,RUN_05381,<RESULTS_ROOT>/run_statistics/EVALUATION_CORE_v3_F02.csv,490,0.10192187334932777,0.11268824904758423,0.04806842213318387,2.231952255808013,4.321521988649086,3.3352522481511127,2.9227955239249788
RUN_05392,D55_seed_03,go2_prior_metadata,D55,seed_03,F02,basic_dual_yaw_EKF,semisynthetic,false,true,COMPLETED,NONE,true,true,56642,56642,5480,66.005054,339.997056,1.0,66.0,340.0,<V3_ROOT>/FINAL_EVALUATION_RECORDS.json,RUN_05392|v3,/11773/row,v3,COMPLETED,NONE,<V3_ROOT>/FINAL_RUN_RECORDS.json,RUN_05392,<RESULTS_ROOT>/run_statistics/EVALUATION_CORE_v3_F02.csv,491,0.10192187334932777,0.11268824904758423,0.04806842213318387,2.231952255808013,4.321521988649086,3.3352522481511127,2.9227955239249788
RUN_05403,D55_seed_04,go2_prior_metadata,D55,seed_04,F02,basic_dual_yaw_EKF,semisynthetic,false,true,COMPLETED,NONE,true,true,56642,56642,5480,66.005054,339.997056,1.0,66.0,340.0,<V3_ROOT>/FINAL_EVALUATION_RECORDS.json,RUN_05403|v3,/11795/row,v3,COMPLETED,NONE,<V3_ROOT>/FINAL_RUN_RECORDS.json,RUN_05403,<RESULTS_ROOT>/run_statistics/EVALUATION_CORE_v3_F02.csv,492,0.10192187334932777,0.11268824904758423,0.04806842213318387,2.231952255808013,4.321521988649086,3.3352522481511127,2.9227955239249788
RUN_05414,D55_seed_05,go2_prior_metadata,D55,seed_05,F02,basic_dual_yaw_EKF,semisynthetic,false,true,COMPLETED,NONE,true,true,56642,56642,5480,66.005054,339.997056,1.0,66.0,340.0,<V3_ROOT>/FINAL_EVALUATION_RECORDS.json,RUN_05414|v3,/11817/row,v3,COMPLETED,NONE,<V3_ROOT>/FINAL_RUN_RECORDS.json,RUN_05414,<RESULTS_ROOT>/run_statistics/EVALUATION_CORE_v3_F02.csv,493,0.10192187334932777,0.11268824904758423,0.04806842213318387,2.231952255808013,4.321521988649086,3.3352522481511127,2.9227955239249788
RUN_05425,D55_seed_06,go2_prior_metadata,D55,seed_06,F02,basic_dual_yaw_EKF,semisynthetic,false,true,COMPLETED,NONE,true,true,56642,56642,5480,66.005054,339.997056,1.0,66.0,340.0,<V3_ROOT>/FINAL_EVALUATION_RECORDS.json,RUN_05425|v3,/11839/row,v3,COMPLETED,NONE,<V3_ROOT>/FINAL_RUN_RECORDS.json,RUN_05425,<RESULTS_ROOT>/run_statistics/EVALUATION_CORE_v3_F02.csv,494,0.10192187334932777,0.11268824904758423,0.04806842213318387,2.231952255808013,4.321521988649086,3.3352522481511127,2.9227955239249788
RUN_05436,D55_seed_07,go2_prior_metadata,D55,seed_07,F02,basic_dual_yaw_EKF,semisynthetic,false,true,COMPLETED,NONE,true,true,56642,56642,5480,66.005054,339.997056,1.0,66.0,340.0,<V3_ROOT>/FINAL_EVALUATION_RECORDS.json,RUN_05436|v3,/11861/row,v3,COMPLETED,NONE,<V3_ROOT>/FINAL_RUN_RECORDS.json,RUN_05436,<RESULTS_ROOT>/run_statistics/EVALUATION_CORE_v3_F02.csv,495,0.10192187334932777,0.11268824904758423,0.04806842213318387,2.231952255808013,4.321521988649086,3.3352522481511127,2.9227955239249788
RUN_05447,D55_seed_08,go2_prior_metadata,D55,seed_08,F02,basic_dual_yaw_EKF,semisynthetic,false,true,COMPLETED,NONE,true,true,56642,56642,5480,66.005054,339.997056,1.0,66.0,340.0,<V3_ROOT>/FINAL_EVALUATION_RECORDS.json,RUN_05447|v3,/11883/row,v3,COMPLETED,NONE,<V3_ROOT>/FINAL_RUN_RECORDS.json,RUN_05447,<RESULTS_ROOT>/run_statistics/EVALUATION_CORE_v3_F02.csv,496,0.10192187334932777,0.11268824904758423,0.04806842213318387,2.231952255808013,4.321521988649086,3.3352522481511127,2.9227955239249788
RUN_05458,D56_seed_00,go2_prior_metadata,D56,seed_00,F02,basic_dual_yaw_EKF,semisynthetic,false,true,COMPLETED,NONE,true,true,56642,56642,5480,66.005054,339.997056,1.0,66.0,340.0,<V3_ROOT>/FINAL_EVALUATION_RECORDS.json,RUN_05458|v3,/11905/row,v3,COMPLETED,NONE,<V3_ROOT>/FINAL_RUN_RECORDS.json,RUN_05458,<RESULTS_ROOT>/run_statistics/EVALUATION_CORE_v3_F02.csv,497,0.10192187334932777,0.11268824904758423,0.04806842213318387,2.231952255808013,4.321521988649086,3.3352522481511127,2.9227955239249788
RUN_05469,D56_seed_01,go2_prior_metadata,D56,seed_01,F02,basic_dual_yaw_EKF,semisynthetic,false,true,COMPLETED,NONE,true,true,56642,56642,5480,66.005054,339.997056,1.0,66.0,340.0,<V3_ROOT>/FINAL_EVALUATION_RECORDS.json,RUN_05469|v3,/11927/row,v3,COMPLETED,NONE,<V3_ROOT>/FINAL_RUN_RECORDS.json,RUN_05469,<RESULTS_ROOT>/run_statistics/EVALUATION_CORE_v3_F02.csv,498,0.10192187334932777,0.11268824904758423,0.04806842213318387,2.231952255808013,4.321521988649086,3.3352522481511127,2.9227955239249788
RUN_05480,D56_seed_02,go2_prior_metadata,D56,seed_02,F02,basic_dual_yaw_EKF,semisynthetic,false,true,COMPLETED,NONE,true,true,56642,56642,5480,66.005054,339.997056,1.0,66.0,340.0,<V3_ROOT>/FINAL_EVALUATION_RECORDS.json,RUN_05480|v3,/11949/row,v3,COMPLETED,NONE,<V3_ROOT>/FINAL_RUN_RECORDS.json,RUN_05480,<RESULTS_ROOT>/run_statistics/EVALUATION_CORE_v3_F02.csv,499,0.10192187334932777,0.11268824904758423,0.04806842213318387,2.231952255808013,4.321521988649086,3.3352522481511127,2.9227955239249788
RUN_05491,D56_seed_03,go2_prior_metadata,D56,seed_03,F02,basic_dual_yaw_EKF,semisynthetic,false,true,COMPLETED,NONE,true,true,56642,56642,5480,66.005054,339.997056,1.0,66.0,340.0,<V3_ROOT>/FINAL_EVALUATION_RECORDS.json,RUN_05491|v3,/11971/row,v3,COMPLETED,NONE,<V3_ROOT>/FINAL_RUN_RECORDS.json,RUN_05491,<RESULTS_ROOT>/run_statistics/EVALUATION_CORE_v3_F02.csv,500,0.10192187334932777,0.11268824904758423,0.04806842213318387,2.231952255808013,4.321521988649086,3.3352522481511127,2.9227955239249788
RUN_05502,D56_seed_04,go2_prior_metadata,D56,seed_04,F02,basic_dual_yaw_EKF,semisynthetic,false,true,COMPLETED,NONE,true,true,56642,56642,5480,66.005054,339.997056,1.0,66.0,340.0,<V3_ROOT>/FINAL_EVALUATION_RECORDS.json,RUN_05502|v3,/11993/row,v3,COMPLETED,NONE,<V3_ROOT>/FINAL_RUN_RECORDS.json,RUN_05502,<RESULTS_ROOT>/run_statistics/EVALUATION_CORE_v3_F02.csv,501,0.10192187334932777,0.11268824904758423,0.04806842213318387,2.231952255808013,4.321521988649086,3.3352522481511127,2.9227955239249788
RUN_05513,D56_seed_05,go2_prior_metadata,D56,seed_05,F02,basic_dual_yaw_EKF,semisynthetic,false,true,COMPLETED,NONE,true,true,56642,56642,5480,66.005054,339.997056,1.0,66.0,340.0,<V3_ROOT>/FINAL_EVALUATION_RECORDS.json,RUN_05513|v3,/12015/row,v3,COMPLETED,NONE,<V3_ROOT>/FINAL_RUN_RECORDS.json,RUN_05513,<RESULTS_ROOT>/run_statistics/EVALUATION_CORE_v3_F02.csv,502,0.10192187334932777,0.11268824904758423,0.04806842213318387,2.231952255808013,4.321521988649086,3.3352522481511127,2.9227955239249788
RUN_05524,D56_seed_06,go2_prior_metadata,D56,seed_06,F02,basic_dual_yaw_EKF,semisynthetic,false,true,COMPLETED,NONE,true,true,56642,56642,5480,66.005054,339.997056,1.0,66.0,340.0,<V3_ROOT>/FINAL_EVALUATION_RECORDS.json,RUN_05524|v3,/12037/row,v3,COMPLETED,NONE,<V3_ROOT>/FINAL_RUN_RECORDS.json,RUN_05524,<RESULTS_ROOT>/run_statistics/EVALUATION_CORE_v3_F02.csv,503,0.10192187334932777,0.11268824904758423,0.04806842213318387,2.231952255808013,4.321521988649086,3.3352522481511127,2.9227955239249788
RUN_05535,D56_seed_07,go2_prior_metadata,D56,seed_07,F02,basic_dual_yaw_EKF,semisynthetic,false,true,COMPLETED,NONE,true,true,56642,56642,5480,66.005054,339.997056,1.0,66.0,340.0,<V3_ROOT>/FINAL_EVALUATION_RECORDS.json,RUN_05535|v3,/12059/row,v3,COMPLETED,NONE,<V3_ROOT>/FINAL_RUN_RECORDS.json,RUN_05535,<RESULTS_ROOT>/run_statistics/EVALUATION_CORE_v3_F02.csv,504,0.10192187334932777,0.11268824904758423,0.04806842213318387,2.231952255808013,4.321521988649086,3.3352522481511127,2.9227955239249788
RUN_05546,D56_seed_08,go2_prior_metadata,D56,seed_08,F02,basic_dual_yaw_EKF,semisynthetic,false,true,COMPLETED,NONE,true,true,56642,56642,5480,66.005054,339.997056,1.0,66.0,340.0,<V3_ROOT>/FINAL_EVALUATION_RECORDS.json,RUN_05546|v3,/12081/row,v3,COMPLETED,NONE,<V3_ROOT>/FINAL_RUN_RECORDS.json,RUN_05546,<RESULTS_ROOT>/run_statistics/EVALUATION_CORE_v3_F02.csv,505,0.10192187334932777,0.11268824904758423,0.04806842213318387,2.231952255808013,4.321521988649086,3.3352522481511127,2.9227955239249788
RUN_04964,D51_seed_00,go2_prior_metadata,D51,seed_00,F03,AB0000,semisynthetic,false,true,COMPLETED,NONE,true,true,56642,56642,5480,66.005054,339.997056,1.0,66.0,340.0,<V3_ROOT>/FINAL_EVALUATION_RECORDS.json,RUN_04964|v3,/10917/row,v3,COMPLETED,NONE,<V3_ROOT>/FINAL_RUN_RECORDS.json,RUN_04964,<RESULTS_ROOT>/run_statistics/EVALUATION_CORE_v3_F03.csv,452,0.09992032386709424,0.11079692420466428,0.047873659683683206,1.9155910498740765,3.6217243044548266,3.324661278109598,2.9289100041971015
RUN_04975,D51_seed_01,go2_prior_metadata,D51,seed_01,F03,AB0000,semisynthetic,false,true,COMPLETED,NONE,true,true,56642,56642,5480,66.005054,339.997056,1.0,66.0,340.0,<V3_ROOT>/FINAL_EVALUATION_RECORDS.json,RUN_04975|v3,/10939/row,v3,COMPLETED,NONE,<V3_ROOT>/FINAL_RUN_RECORDS.json,RUN_04975,<RESULTS_ROOT>/run_statistics/EVALUATION_CORE_v3_F03.csv,453,0.09992032386709424,0.11079692420466428,0.047873659683683206,1.9155910498740765,3.6217243044548266,3.324661278109598,2.9289100041971015
RUN_04986,D51_seed_02,go2_prior_metadata,D51,seed_02,F03,AB0000,semisynthetic,false,true,COMPLETED,NONE,true,true,56642,56642,5480,66.005054,339.997056,1.0,66.0,340.0,<V3_ROOT>/FINAL_EVALUATION_RECORDS.json,RUN_04986|v3,/10961/row,v3,COMPLETED,NONE,<V3_ROOT>/FINAL_RUN_RECORDS.json,RUN_04986,<RESULTS_ROOT>/run_statistics/EVALUATION_CORE_v3_F03.csv,454,0.09992032386709424,0.11079692420466428,0.047873659683683206,1.9155910498740765,3.6217243044548266,3.324661278109598,2.9289100041971015
RUN_04997,D51_seed_03,go2_prior_metadata,D51,seed_03,F03,AB0000,semisynthetic,false,true,COMPLETED,NONE,true,true,56642,56642,5480,66.005054,339.997056,1.0,66.0,340.0,<V3_ROOT>/FINAL_EVALUATION_RECORDS.json,RUN_04997|v3,/10983/row,v3,COMPLETED,NONE,<V3_ROOT>/FINAL_RUN_RECORDS.json,RUN_04997,<RESULTS_ROOT>/run_statistics/EVALUATION_CORE_v3_F03.csv,455,0.09992032386709424,0.11079692420466428,0.047873659683683206,1.9155910498740765,3.6217243044548266,3.324661278109598,2.9289100041971015
RUN_05008,D51_seed_04,go2_prior_metadata,D51,seed_04,F03,AB0000,semisynthetic,false,true,COMPLETED,NONE,true,true,56642,56642,5480,66.005054,339.997056,1.0,66.0,340.0,<V3_ROOT>/FINAL_EVALUATION_RECORDS.json,RUN_05008|v3,/11005/row,v3,COMPLETED,NONE,<V3_ROOT>/FINAL_RUN_RECORDS.json,RUN_05008,<RESULTS_ROOT>/run_statistics/EVALUATION_CORE_v3_F03.csv,456,0.09992032386709424,0.11079692420466428,0.047873659683683206,1.9155910498740765,3.6217243044548266,3.324661278109598,2.9289100041971015
RUN_05019,D51_seed_05,go2_prior_metadata,D51,seed_05,F03,AB0000,semisynthetic,false,true,COMPLETED,NONE,true,true,56642,56642,5480,66.005054,339.997056,1.0,66.0,340.0,<V3_ROOT>/FINAL_EVALUATION_RECORDS.json,RUN_05019|v3,/11027/row,v3,COMPLETED,NONE,<V3_ROOT>/FINAL_RUN_RECORDS.json,RUN_05019,<RESULTS_ROOT>/run_statistics/EVALUATION_CORE_v3_F03.csv,457,0.09992032386709424,0.11079692420466428,0.047873659683683206,1.9155910498740765,3.6217243044548266,3.324661278109598,2.9289100041971015
RUN_05030,D51_seed_06,go2_prior_metadata,D51,seed_06,F03,AB0000,semisynthetic,false,true,COMPLETED,NONE,true,true,56642,56642,5480,66.005054,339.997056,1.0,66.0,340.0,<V3_ROOT>/FINAL_EVALUATION_RECORDS.json,RUN_05030|v3,/11049/row,v3,COMPLETED,NONE,<V3_ROOT>/FINAL_RUN_RECORDS.json,RUN_05030,<RESULTS_ROOT>/run_statistics/EVALUATION_CORE_v3_F03.csv,458,0.09992032386709424,0.11079692420466428,0.047873659683683206,1.9155910498740765,3.6217243044548266,3.324661278109598,2.9289100041971015
RUN_05041,D51_seed_07,go2_prior_metadata,D51,seed_07,F03,AB0000,semisynthetic,false,true,COMPLETED,NONE,true,true,56642,56642,5480,66.005054,339.997056,1.0,66.0,340.0,<V3_ROOT>/FINAL_EVALUATION_RECORDS.json,RUN_05041|v3,/11071/row,v3,COMPLETED,NONE,<V3_ROOT>/FINAL_RUN_RECORDS.json,RUN_05041,<RESULTS_ROOT>/run_statistics/EVALUATION_CORE_v3_F03.csv,459,0.09992032386709424,0.11079692420466428,0.047873659683683206,1.9155910498740765,3.6217243044548266,3.324661278109598,2.9289100041971015
RUN_05052,D51_seed_08,go2_prior_metadata,D51,seed_08,F03,AB0000,semisynthetic,false,true,COMPLETED,NONE,true,true,56642,56642,5480,66.005054,339.997056,1.0,66.0,340.0,<V3_ROOT>/FINAL_EVALUATION_RECORDS.json,RUN_05052|v3,/11093/row,v3,COMPLETED,NONE,<V3_ROOT>/FINAL_RUN_RECORDS.json,RUN_05052,<RESULTS_ROOT>/run_statistics/EVALUATION_CORE_v3_F03.csv,460,0.09992032386709424,0.11079692420466428,0.047873659683683206,1.9155910498740765,3.6217243044548266,3.324661278109598,2.9289100041971015
RUN_05063,D52_seed_00,go2_prior_metadata,D52,seed_00,F03,AB0000,semisynthetic,false,true,COMPLETED,NONE,true,true,56642,56642,5480,66.005054,339.997056,1.0,66.0,340.0,<V3_ROOT>/FINAL_EVALUATION_RECORDS.json,RUN_05063|v3,/11115/row,v3,COMPLETED,NONE,<V3_ROOT>/FINAL_RUN_RECORDS.json,RUN_05063,<RESULTS_ROOT>/run_statistics/EVALUATION_CORE_v3_F03.csv,461,0.09992032386709424,0.11079692420466428,0.047873659683683206,1.9155910498740765,3.6217243044548266,3.324661278109598,2.9289100041971015
RUN_05074,D52_seed_01,go2_prior_metadata,D52,seed_01,F03,AB0000,semisynthetic,false,true,COMPLETED,NONE,true,true,56642,56642,5480,66.005054,339.997056,1.0,66.0,340.0,<V3_ROOT>/FINAL_EVALUATION_RECORDS.json,RUN_05074|v3,/11137/row,v3,COMPLETED,NONE,<V3_ROOT>/FINAL_RUN_RECORDS.json,RUN_05074,<RESULTS_ROOT>/run_statistics/EVALUATION_CORE_v3_F03.csv,462,0.09992032386709424,0.11079692420466428,0.047873659683683206,1.9155910498740765,3.6217243044548266,3.324661278109598,2.9289100041971015
RUN_05085,D52_seed_02,go2_prior_metadata,D52,seed_02,F03,AB0000,semisynthetic,false,true,COMPLETED,NONE,true,true,56642,56642,5480,66.005054,339.997056,1.0,66.0,340.0,<V3_ROOT>/FINAL_EVALUATION_RECORDS.json,RUN_05085|v3,/11159/row,v3,COMPLETED,NONE,<V3_ROOT>/FINAL_RUN_RECORDS.json,RUN_05085,<RESULTS_ROOT>/run_statistics/EVALUATION_CORE_v3_F03.csv,463,0.09992032386709424,0.11079692420466428,0.047873659683683206,1.9155910498740765,3.6217243044548266,3.324661278109598,2.9289100041971015
RUN_05096,D52_seed_03,go2_prior_metadata,D52,seed_03,F03,AB0000,semisynthetic,false,true,COMPLETED,NONE,true,true,56642,56642,5480,66.005054,339.997056,1.0,66.0,340.0,<V3_ROOT>/FINAL_EVALUATION_RECORDS.json,RUN_05096|v3,/11181/row,v3,COMPLETED,NONE,<V3_ROOT>/FINAL_RUN_RECORDS.json,RUN_05096,<RESULTS_ROOT>/run_statistics/EVALUATION_CORE_v3_F03.csv,464,0.09992032386709424,0.11079692420466428,0.047873659683683206,1.9155910498740765,3.6217243044548266,3.324661278109598,2.9289100041971015
RUN_05107,D52_seed_04,go2_prior_metadata,D52,seed_04,F03,AB0000,semisynthetic,false,true,COMPLETED,NONE,true,true,56642,56642,5480,66.005054,339.997056,1.0,66.0,340.0,<V3_ROOT>/FINAL_EVALUATION_RECORDS.json,RUN_05107|v3,/11203/row,v3,COMPLETED,NONE,<V3_ROOT>/FINAL_RUN_RECORDS.json,RUN_05107,<RESULTS_ROOT>/run_statistics/EVALUATION_CORE_v3_F03.csv,465,0.09992032386709424,0.11079692420466428,0.047873659683683206,1.9155910498740765,3.6217243044548266,3.324661278109598,2.9289100041971015
RUN_05118,D52_seed_05,go2_prior_metadata,D52,seed_05,F03,AB0000,semisynthetic,false,true,COMPLETED,NONE,true,true,56642,56642,5480,66.005054,339.997056,1.0,66.0,340.0,<V3_ROOT>/FINAL_EVALUATION_RECORDS.json,RUN_05118|v3,/11225/row,v3,COMPLETED,NONE,<V3_ROOT>/FINAL_RUN_RECORDS.json,RUN_05118,<RESULTS_ROOT>/run_statistics/EVALUATION_CORE_v3_F03.csv,466,0.09992032386709424,0.11079692420466428,0.047873659683683206,1.9155910498740765,3.6217243044548266,3.324661278109598,2.9289100041971015
RUN_05129,D52_seed_06,go2_prior_metadata,D52,seed_06,F03,AB0000,semisynthetic,false,true,COMPLETED,NONE,true,true,56642,56642,5480,66.005054,339.997056,1.0,66.0,340.0,<V3_ROOT>/FINAL_EVALUATION_RECORDS.json,RUN_05129|v3,/11247/row,v3,COMPLETED,NONE,<V3_ROOT>/FINAL_RUN_RECORDS.json,RUN_05129,<RESULTS_ROOT>/run_statistics/EVALUATION_CORE_v3_F03.csv,467,0.09992032386709424,0.11079692420466428,0.047873659683683206,1.9155910498740765,3.6217243044548266,3.324661278109598,2.9289100041971015
RUN_05140,D52_seed_07,go2_prior_metadata,D52,seed_07,F03,AB0000,semisynthetic,false,true,COMPLETED,NONE,true,true,56642,56642,5480,66.005054,339.997056,1.0,66.0,340.0,<V3_ROOT>/FINAL_EVALUATION_RECORDS.json,RUN_05140|v3,/11269/row,v3,COMPLETED,NONE,<V3_ROOT>/FINAL_RUN_RECORDS.json,RUN_05140,<RESULTS_ROOT>/run_statistics/EVALUATION_CORE_v3_F03.csv,468,0.09992032386709424,0.11079692420466428,0.047873659683683206,1.9155910498740765,3.6217243044548266,3.324661278109598,2.9289100041971015
RUN_05151,D52_seed_08,go2_prior_metadata,D52,seed_08,F03,AB0000,semisynthetic,false,true,COMPLETED,NONE,true,true,56642,56642,5480,66.005054,339.997056,1.0,66.0,340.0,<V3_ROOT>/FINAL_EVALUATION_RECORDS.json,RUN_05151|v3,/11291/row,v3,COMPLETED,NONE,<V3_ROOT>/FINAL_RUN_RECORDS.json,RUN_05151,<RESULTS_ROOT>/run_statistics/EVALUATION_CORE_v3_F03.csv,469,0.09992032386709424,0.11079692420466428,0.047873659683683206,1.9155910498740765,3.6217243044548266,3.324661278109598,2.9289100041971015
RUN_05162,D53_seed_00,go2_prior_metadata,D53,seed_00,F03,AB0000,semisynthetic,false,true,COMPLETED,NONE,true,true,56642,56642,5480,66.005054,339.997056,1.0,66.0,340.0,<V3_ROOT>/FINAL_EVALUATION_RECORDS.json,RUN_05162|v3,/11313/row,v3,COMPLETED,NONE,<V3_ROOT>/FINAL_RUN_RECORDS.json,RUN_05162,<RESULTS_ROOT>/run_statistics/EVALUATION_CORE_v3_F03.csv,470,0.09992032386709424,0.11079692420466428,0.047873659683683206,1.9155910498740765,3.6217243044548266,3.324661278109598,2.9289100041971015
RUN_05173,D53_seed_01,go2_prior_metadata,D53,seed_01,F03,AB0000,semisynthetic,false,true,COMPLETED,NONE,true,true,56642,56642,5480,66.005054,339.997056,1.0,66.0,340.0,<V3_ROOT>/FINAL_EVALUATION_RECORDS.json,RUN_05173|v3,/11335/row,v3,COMPLETED,NONE,<V3_ROOT>/FINAL_RUN_RECORDS.json,RUN_05173,<RESULTS_ROOT>/run_statistics/EVALUATION_CORE_v3_F03.csv,471,0.09992032386709424,0.11079692420466428,0.047873659683683206,1.9155910498740765,3.6217243044548266,3.324661278109598,2.9289100041971015
RUN_05184,D53_seed_02,go2_prior_metadata,D53,seed_02,F03,AB0000,semisynthetic,false,true,COMPLETED,NONE,true,true,56642,56642,5480,66.005054,339.997056,1.0,66.0,340.0,<V3_ROOT>/FINAL_EVALUATION_RECORDS.json,RUN_05184|v3,/11357/row,v3,COMPLETED,NONE,<V3_ROOT>/FINAL_RUN_RECORDS.json,RUN_05184,<RESULTS_ROOT>/run_statistics/EVALUATION_CORE_v3_F03.csv,472,0.09992032386709424,0.11079692420466428,0.047873659683683206,1.9155910498740765,3.6217243044548266,3.324661278109598,2.9289100041971015
RUN_05195,D53_seed_03,go2_prior_metadata,D53,seed_03,F03,AB0000,semisynthetic,false,true,COMPLETED,NONE,true,true,56642,56642,5480,66.005054,339.997056,1.0,66.0,340.0,<V3_ROOT>/FINAL_EVALUATION_RECORDS.json,RUN_05195|v3,/11379/row,v3,COMPLETED,NONE,<V3_ROOT>/FINAL_RUN_RECORDS.json,RUN_05195,<RESULTS_ROOT>/run_statistics/EVALUATION_CORE_v3_F03.csv,473,0.09992032386709424,0.11079692420466428,0.047873659683683206,1.9155910498740765,3.6217243044548266,3.324661278109598,2.9289100041971015
RUN_05206,D53_seed_04,go2_prior_metadata,D53,seed_04,F03,AB0000,semisynthetic,false,true,COMPLETED,NONE,true,true,56642,56642,5480,66.005054,339.997056,1.0,66.0,340.0,<V3_ROOT>/FINAL_EVALUATION_RECORDS.json,RUN_05206|v3,/11401/row,v3,COMPLETED,NONE,<V3_ROOT>/FINAL_RUN_RECORDS.json,RUN_05206,<RESULTS_ROOT>/run_statistics/EVALUATION_CORE_v3_F03.csv,474,0.09992032386709424,0.11079692420466428,0.047873659683683206,1.9155910498740765,3.6217243044548266,3.324661278109598,2.9289100041971015
RUN_05217,D53_seed_05,go2_prior_metadata,D53,seed_05,F03,AB0000,semisynthetic,false,true,COMPLETED,NONE,true,true,56642,56642,5480,66.005054,339.997056,1.0,66.0,340.0,<V3_ROOT>/FINAL_EVALUATION_RECORDS.json,RUN_05217|v3,/11423/row,v3,COMPLETED,NONE,<V3_ROOT>/FINAL_RUN_RECORDS.json,RUN_05217,<RESULTS_ROOT>/run_statistics/EVALUATION_CORE_v3_F03.csv,475,0.09992032386709424,0.11079692420466428,0.047873659683683206,1.9155910498740765,3.6217243044548266,3.324661278109598,2.9289100041971015
RUN_05228,D53_seed_06,go2_prior_metadata,D53,seed_06,F03,AB0000,semisynthetic,false,true,COMPLETED,NONE,true,true,56642,56642,5480,66.005054,339.997056,1.0,66.0,340.0,<V3_ROOT>/FINAL_EVALUATION_RECORDS.json,RUN_05228|v3,/11445/row,v3,COMPLETED,NONE,<V3_ROOT>/FINAL_RUN_RECORDS.json,RUN_05228,<RESULTS_ROOT>/run_statistics/EVALUATION_CORE_v3_F03.csv,476,0.09992032386709424,0.11079692420466428,0.047873659683683206,1.9155910498740765,3.6217243044548266,3.324661278109598,2.9289100041971015
RUN_05239,D53_seed_07,go2_prior_metadata,D53,seed_07,F03,AB0000,semisynthetic,false,true,COMPLETED,NONE,true,true,56642,56642,5480,66.005054,339.997056,1.0,66.0,340.0,<V3_ROOT>/FINAL_EVALUATION_RECORDS.json,RUN_05239|v3,/11467/row,v3,COMPLETED,NONE,<V3_ROOT>/FINAL_RUN_RECORDS.json,RUN_05239,<RESULTS_ROOT>/run_statistics/EVALUATION_CORE_v3_F03.csv,477,0.09992032386709424,0.11079692420466428,0.047873659683683206,1.9155910498740765,3.6217243044548266,3.324661278109598,2.9289100041971015
RUN_05250,D53_seed_08,go2_prior_metadata,D53,seed_08,F03,AB0000,semisynthetic,false,true,COMPLETED,NONE,true,true,56642,56642,5480,66.005054,339.997056,1.0,66.0,340.0,<V3_ROOT>/FINAL_EVALUATION_RECORDS.json,RUN_05250|v3,/11489/row,v3,COMPLETED,NONE,<V3_ROOT>/FINAL_RUN_RECORDS.json,RUN_05250,<RESULTS_ROOT>/run_statistics/EVALUATION_CORE_v3_F03.csv,478,0.09992032386709424,0.11079692420466428,0.047873659683683206,1.9155910498740765,3.6217243044548266,3.324661278109598,2.9289100041971015
RUN_05261,D54_seed_00,go2_prior_metadata,D54,seed_00,F03,AB0000,semisynthetic,false,true,COMPLETED,NONE,true,true,56642,56642,5480,66.005054,339.997056,1.0,66.0,340.0,<V3_ROOT>/FINAL_EVALUATION_RECORDS.json,RUN_05261|v3,/11511/row,v3,COMPLETED,NONE,<V3_ROOT>/FINAL_RUN_RECORDS.json,RUN_05261,<RESULTS_ROOT>/run_statistics/EVALUATION_CORE_v3_F03.csv,479,0.09992032386709424,0.11079692420466428,0.047873659683683206,1.9155910498740765,3.6217243044548266,3.324661278109598,2.9289100041971015
RUN_05272,D54_seed_01,go2_prior_metadata,D54,seed_01,F03,AB0000,semisynthetic,false,true,COMPLETED,NONE,true,true,56642,56642,5480,66.005054,339.997056,1.0,66.0,340.0,<V3_ROOT>/FINAL_EVALUATION_RECORDS.json,RUN_05272|v3,/11533/row,v3,COMPLETED,NONE,<V3_ROOT>/FINAL_RUN_RECORDS.json,RUN_05272,<RESULTS_ROOT>/run_statistics/EVALUATION_CORE_v3_F03.csv,480,0.09992032386709424,0.11079692420466428,0.047873659683683206,1.9155910498740765,3.6217243044548266,3.324661278109598,2.9289100041971015
RUN_05283,D54_seed_02,go2_prior_metadata,D54,seed_02,F03,AB0000,semisynthetic,false,true,COMPLETED,NONE,true,true,56642,56642,5480,66.005054,339.997056,1.0,66.0,340.0,<V3_ROOT>/FINAL_EVALUATION_RECORDS.json,RUN_05283|v3,/11555/row,v3,COMPLETED,NONE,<V3_ROOT>/FINAL_RUN_RECORDS.json,RUN_05283,<RESULTS_ROOT>/run_statistics/EVALUATION_CORE_v3_F03.csv,481,0.09992032386709424,0.11079692420466428,0.047873659683683206,1.9155910498740765,3.6217243044548266,3.324661278109598,2.9289100041971015
RUN_05294,D54_seed_03,go2_prior_metadata,D54,seed_03,F03,AB0000,semisynthetic,false,true,COMPLETED,NONE,true,true,56642,56642,5480,66.005054,339.997056,1.0,66.0,340.0,<V3_ROOT>/FINAL_EVALUATION_RECORDS.json,RUN_05294|v3,/11577/row,v3,COMPLETED,NONE,<V3_ROOT>/FINAL_RUN_RECORDS.json,RUN_05294,<RESULTS_ROOT>/run_statistics/EVALUATION_CORE_v3_F03.csv,482,0.09992032386709424,0.11079692420466428,0.047873659683683206,1.9155910498740765,3.6217243044548266,3.324661278109598,2.9289100041971015
RUN_05305,D54_seed_04,go2_prior_metadata,D54,seed_04,F03,AB0000,semisynthetic,false,true,COMPLETED,NONE,true,true,56642,56642,5480,66.005054,339.997056,1.0,66.0,340.0,<V3_ROOT>/FINAL_EVALUATION_RECORDS.json,RUN_05305|v3,/11599/row,v3,COMPLETED,NONE,<V3_ROOT>/FINAL_RUN_RECORDS.json,RUN_05305,<RESULTS_ROOT>/run_statistics/EVALUATION_CORE_v3_F03.csv,483,0.09992032386709424,0.11079692420466428,0.047873659683683206,1.9155910498740765,3.6217243044548266,3.324661278109598,2.9289100041971015
RUN_05316,D54_seed_05,go2_prior_metadata,D54,seed_05,F03,AB0000,semisynthetic,false,true,COMPLETED,NONE,true,true,56642,56642,5480,66.005054,339.997056,1.0,66.0,340.0,<V3_ROOT>/FINAL_EVALUATION_RECORDS.json,RUN_05316|v3,/11621/row,v3,COMPLETED,NONE,<V3_ROOT>/FINAL_RUN_RECORDS.json,RUN_05316,<RESULTS_ROOT>/run_statistics/EVALUATION_CORE_v3_F03.csv,484,0.09992032386709424,0.11079692420466428,0.047873659683683206,1.9155910498740765,3.6217243044548266,3.324661278109598,2.9289100041971015
RUN_05327,D54_seed_06,go2_prior_metadata,D54,seed_06,F03,AB0000,semisynthetic,false,true,COMPLETED,NONE,true,true,56642,56642,5480,66.005054,339.997056,1.0,66.0,340.0,<V3_ROOT>/FINAL_EVALUATION_RECORDS.json,RUN_05327|v3,/11643/row,v3,COMPLETED,NONE,<V3_ROOT>/FINAL_RUN_RECORDS.json,RUN_05327,<RESULTS_ROOT>/run_statistics/EVALUATION_CORE_v3_F03.csv,485,0.09992032386709424,0.11079692420466428,0.047873659683683206,1.9155910498740765,3.6217243044548266,3.324661278109598,2.9289100041971015
RUN_05338,D54_seed_07,go2_prior_metadata,D54,seed_07,F03,AB0000,semisynthetic,false,true,COMPLETED,NONE,true,true,56642,56642,5480,66.005054,339.997056,1.0,66.0,340.0,<V3_ROOT>/FINAL_EVALUATION_RECORDS.json,RUN_05338|v3,/11665/row,v3,COMPLETED,NONE,<V3_ROOT>/FINAL_RUN_RECORDS.json,RUN_05338,<RESULTS_ROOT>/run_statistics/EVALUATION_CORE_v3_F03.csv,486,0.09992032386709424,0.11079692420466428,0.047873659683683206,1.9155910498740765,3.6217243044548266,3.324661278109598,2.9289100041971015
RUN_05349,D54_seed_08,go2_prior_metadata,D54,seed_08,F03,AB0000,semisynthetic,false,true,COMPLETED,NONE,true,true,56642,56642,5480,66.005054,339.997056,1.0,66.0,340.0,<V3_ROOT>/FINAL_EVALUATION_RECORDS.json,RUN_05349|v3,/11687/row,v3,COMPLETED,NONE,<V3_ROOT>/FINAL_RUN_RECORDS.json,RUN_05349,<RESULTS_ROOT>/run_statistics/EVALUATION_CORE_v3_F03.csv,487,0.09992032386709424,0.11079692420466428,0.047873659683683206,1.9155910498740765,3.6217243044548266,3.324661278109598,2.9289100041971015
RUN_05360,D55_seed_00,go2_prior_metadata,D55,seed_00,F03,AB0000,semisynthetic,false,true,COMPLETED,NONE,true,true,56642,56642,5480,66.005054,339.997056,1.0,66.0,340.0,<V3_ROOT>/FINAL_EVALUATION_RECORDS.json,RUN_05360|v3,/11709/row,v3,COMPLETED,NONE,<V3_ROOT>/FINAL_RUN_RECORDS.json,RUN_05360,<RESULTS_ROOT>/run_statistics/EVALUATION_CORE_v3_F03.csv,488,0.09992032386709424,0.11079692420466428,0.047873659683683206,1.9155910498740765,3.6217243044548266,3.324661278109598,2.9289100041971015
RUN_05371,D55_seed_01,go2_prior_metadata,D55,seed_01,F03,AB0000,semisynthetic,false,true,COMPLETED,NONE,true,true,56642,56642,5480,66.005054,339.997056,1.0,66.0,340.0,<V3_ROOT>/FINAL_EVALUATION_RECORDS.json,RUN_05371|v3,/11731/row,v3,COMPLETED,NONE,<V3_ROOT>/FINAL_RUN_RECORDS.json,RUN_05371,<RESULTS_ROOT>/run_statistics/EVALUATION_CORE_v3_F03.csv,489,0.09992032386709424,0.11079692420466428,0.047873659683683206,1.9155910498740765,3.6217243044548266,3.324661278109598,2.9289100041971015
RUN_05382,D55_seed_02,go2_prior_metadata,D55,seed_02,F03,AB0000,semisynthetic,false,true,COMPLETED,NONE,true,true,56642,56642,5480,66.005054,339.997056,1.0,66.0,340.0,<V3_ROOT>/FINAL_EVALUATION_RECORDS.json,RUN_05382|v3,/11753/row,v3,COMPLETED,NONE,<V3_ROOT>/FINAL_RUN_RECORDS.json,RUN_05382,<RESULTS_ROOT>/run_statistics/EVALUATION_CORE_v3_F03.csv,490,0.09992032386709424,0.11079692420466428,0.047873659683683206,1.9155910498740765,3.6217243044548266,3.324661278109598,2.9289100041971015
RUN_05393,D55_seed_03,go2_prior_metadata,D55,seed_03,F03,AB0000,semisynthetic,false,true,COMPLETED,NONE,true,true,56642,56642,5480,66.005054,339.997056,1.0,66.0,340.0,<V3_ROOT>/FINAL_EVALUATION_RECORDS.json,RUN_05393|v3,/11775/row,v3,COMPLETED,NONE,<V3_ROOT>/FINAL_RUN_RECORDS.json,RUN_05393,<RESULTS_ROOT>/run_statistics/EVALUATION_CORE_v3_F03.csv,491,0.09992032386709424,0.11079692420466428,0.047873659683683206,1.9155910498740765,3.6217243044548266,3.324661278109598,2.9289100041971015
RUN_05404,D55_seed_04,go2_prior_metadata,D55,seed_04,F03,AB0000,semisynthetic,false,true,COMPLETED,NONE,true,true,56642,56642,5480,66.005054,339.997056,1.0,66.0,340.0,<V3_ROOT>/FINAL_EVALUATION_RECORDS.json,RUN_05404|v3,/11797/row,v3,COMPLETED,NONE,<V3_ROOT>/FINAL_RUN_RECORDS.json,RUN_05404,<RESULTS_ROOT>/run_statistics/EVALUATION_CORE_v3_F03.csv,492,0.09992032386709424,0.11079692420466428,0.047873659683683206,1.9155910498740765,3.6217243044548266,3.324661278109598,2.9289100041971015
RUN_05415,D55_seed_05,go2_prior_metadata,D55,seed_05,F03,AB0000,semisynthetic,false,true,COMPLETED,NONE,true,true,56642,56642,5480,66.005054,339.997056,1.0,66.0,340.0,<V3_ROOT>/FINAL_EVALUATION_RECORDS.json,RUN_05415|v3,/11819/row,v3,COMPLETED,NONE,<V3_ROOT>/FINAL_RUN_RECORDS.json,RUN_05415,<RESULTS_ROOT>/run_statistics/EVALUATION_CORE_v3_F03.csv,493,0.09992032386709424,0.11079692420466428,0.047873659683683206,1.9155910498740765,3.6217243044548266,3.324661278109598,2.9289100041971015
RUN_05426,D55_seed_06,go2_prior_metadata,D55,seed_06,F03,AB0000,semisynthetic,false,true,COMPLETED,NONE,true,true,56642,56642,5480,66.005054,339.997056,1.0,66.0,340.0,<V3_ROOT>/FINAL_EVALUATION_RECORDS.json,RUN_05426|v3,/11841/row,v3,COMPLETED,NONE,<V3_ROOT>/FINAL_RUN_RECORDS.json,RUN_05426,<RESULTS_ROOT>/run_statistics/EVALUATION_CORE_v3_F03.csv,494,0.09992032386709424,0.11079692420466428,0.047873659683683206,1.9155910498740765,3.6217243044548266,3.324661278109598,2.9289100041971015
RUN_05437,D55_seed_07,go2_prior_metadata,D55,seed_07,F03,AB0000,semisynthetic,false,true,COMPLETED,NONE,true,true,56642,56642,5480,66.005054,339.997056,1.0,66.0,340.0,<V3_ROOT>/FINAL_EVALUATION_RECORDS.json,RUN_05437|v3,/11863/row,v3,COMPLETED,NONE,<V3_ROOT>/FINAL_RUN_RECORDS.json,RUN_05437,<RESULTS_ROOT>/run_statistics/EVALUATION_CORE_v3_F03.csv,495,0.09992032386709424,0.11079692420466428,0.047873659683683206,1.9155910498740765,3.6217243044548266,3.324661278109598,2.9289100041971015
RUN_05448,D55_seed_08,go2_prior_metadata,D55,seed_08,F03,AB0000,semisynthetic,false,true,COMPLETED,NONE,true,true,56642,56642,5480,66.005054,339.997056,1.0,66.0,340.0,<V3_ROOT>/FINAL_EVALUATION_RECORDS.json,RUN_05448|v3,/11885/row,v3,COMPLETED,NONE,<V3_ROOT>/FINAL_RUN_RECORDS.json,RUN_05448,<RESULTS_ROOT>/run_statistics/EVALUATION_CORE_v3_F03.csv,496,0.09992032386709424,0.11079692420466428,0.047873659683683206,1.9155910498740765,3.6217243044548266,3.324661278109598,2.9289100041971015
RUN_05459,D56_seed_00,go2_prior_metadata,D56,seed_00,F03,AB0000,semisynthetic,false,true,COMPLETED,NONE,true,true,56642,56642,5480,66.005054,339.997056,1.0,66.0,340.0,<V3_ROOT>/FINAL_EVALUATION_RECORDS.json,RUN_05459|v3,/11907/row,v3,COMPLETED,NONE,<V3_ROOT>/FINAL_RUN_RECORDS.json,RUN_05459,<RESULTS_ROOT>/run_statistics/EVALUATION_CORE_v3_F03.csv,497,0.09992032386709424,0.11079692420466428,0.047873659683683206,1.9155910498740765,3.6217243044548266,3.324661278109598,2.9289100041971015
RUN_05470,D56_seed_01,go2_prior_metadata,D56,seed_01,F03,AB0000,semisynthetic,false,true,COMPLETED,NONE,true,true,56642,56642,5480,66.005054,339.997056,1.0,66.0,340.0,<V3_ROOT>/FINAL_EVALUATION_RECORDS.json,RUN_05470|v3,/11929/row,v3,COMPLETED,NONE,<V3_ROOT>/FINAL_RUN_RECORDS.json,RUN_05470,<RESULTS_ROOT>/run_statistics/EVALUATION_CORE_v3_F03.csv,498,0.09992032386709424,0.11079692420466428,0.047873659683683206,1.9155910498740765,3.6217243044548266,3.324661278109598,2.9289100041971015
RUN_05481,D56_seed_02,go2_prior_metadata,D56,seed_02,F03,AB0000,semisynthetic,false,true,COMPLETED,NONE,true,true,56642,56642,5480,66.005054,339.997056,1.0,66.0,340.0,<V3_ROOT>/FINAL_EVALUATION_RECORDS.json,RUN_05481|v3,/11951/row,v3,COMPLETED,NONE,<V3_ROOT>/FINAL_RUN_RECORDS.json,RUN_05481,<RESULTS_ROOT>/run_statistics/EVALUATION_CORE_v3_F03.csv,499,0.09992032386709424,0.11079692420466428,0.047873659683683206,1.9155910498740765,3.6217243044548266,3.324661278109598,2.9289100041971015
RUN_05492,D56_seed_03,go2_prior_metadata,D56,seed_03,F03,AB0000,semisynthetic,false,true,COMPLETED,NONE,true,true,56642,56642,5480,66.005054,339.997056,1.0,66.0,340.0,<V3_ROOT>/FINAL_EVALUATION_RECORDS.json,RUN_05492|v3,/11973/row,v3,COMPLETED,NONE,<V3_ROOT>/FINAL_RUN_RECORDS.json,RUN_05492,<RESULTS_ROOT>/run_statistics/EVALUATION_CORE_v3_F03.csv,500,0.09992032386709424,0.11079692420466428,0.047873659683683206,1.9155910498740765,3.6217243044548266,3.324661278109598,2.9289100041971015
RUN_05503,D56_seed_04,go2_prior_metadata,D56,seed_04,F03,AB0000,semisynthetic,false,true,COMPLETED,NONE,true,true,56642,56642,5480,66.005054,339.997056,1.0,66.0,340.0,<V3_ROOT>/FINAL_EVALUATION_RECORDS.json,RUN_05503|v3,/11995/row,v3,COMPLETED,NONE,<V3_ROOT>/FINAL_RUN_RECORDS.json,RUN_05503,<RESULTS_ROOT>/run_statistics/EVALUATION_CORE_v3_F03.csv,501,0.09992032386709424,0.11079692420466428,0.047873659683683206,1.9155910498740765,3.6217243044548266,3.324661278109598,2.9289100041971015
RUN_05514,D56_seed_05,go2_prior_metadata,D56,seed_05,F03,AB0000,semisynthetic,false,true,COMPLETED,NONE,true,true,56642,56642,5480,66.005054,339.997056,1.0,66.0,340.0,<V3_ROOT>/FINAL_EVALUATION_RECORDS.json,RUN_05514|v3,/12017/row,v3,COMPLETED,NONE,<V3_ROOT>/FINAL_RUN_RECORDS.json,RUN_05514,<RESULTS_ROOT>/run_statistics/EVALUATION_CORE_v3_F03.csv,502,0.09992032386709424,0.11079692420466428,0.047873659683683206,1.9155910498740765,3.6217243044548266,3.324661278109598,2.9289100041971015
RUN_05525,D56_seed_06,go2_prior_metadata,D56,seed_06,F03,AB0000,semisynthetic,false,true,COMPLETED,NONE,true,true,56642,56642,5480,66.005054,339.997056,1.0,66.0,340.0,<V3_ROOT>/FINAL_EVALUATION_RECORDS.json,RUN_05525|v3,/12039/row,v3,COMPLETED,NONE,<V3_ROOT>/FINAL_RUN_RECORDS.json,RUN_05525,<RESULTS_ROOT>/run_statistics/EVALUATION_CORE_v3_F03.csv,503,0.09992032386709424,0.11079692420466428,0.047873659683683206,1.9155910498740765,3.6217243044548266,3.324661278109598,2.9289100041971015
RUN_05536,D56_seed_07,go2_prior_metadata,D56,seed_07,F03,AB0000,semisynthetic,false,true,COMPLETED,NONE,true,true,56642,56642,5480,66.005054,339.997056,1.0,66.0,340.0,<V3_ROOT>/FINAL_EVALUATION_RECORDS.json,RUN_05536|v3,/12061/row,v3,COMPLETED,NONE,<V3_ROOT>/FINAL_RUN_RECORDS.json,RUN_05536,<RESULTS_ROOT>/run_statistics/EVALUATION_CORE_v3_F03.csv,504,0.09992032386709424,0.11079692420466428,0.047873659683683206,1.9155910498740765,3.6217243044548266,3.324661278109598,2.9289100041971015
RUN_05547,D56_seed_08,go2_prior_metadata,D56,seed_08,F03,AB0000,semisynthetic,false,true,COMPLETED,NONE,true,true,56642,56642,5480,66.005054,339.997056,1.0,66.0,340.0,<V3_ROOT>/FINAL_EVALUATION_RECORDS.json,RUN_05547|v3,/12083/row,v3,COMPLETED,NONE,<V3_ROOT>/FINAL_RUN_RECORDS.json,RUN_05547,<RESULTS_ROOT>/run_statistics/EVALUATION_CORE_v3_F03.csv,505,0.09992032386709424,0.11079692420466428,0.047873659683683206,1.9155910498740765,3.6217243044548266,3.324661278109598,2.9289100041971015
RUN_04965,D51_seed_00,go2_prior_metadata,D51,seed_00,F04,AB1111,semisynthetic,false,true,COMPLETED,NONE,true,true,56642,56642,5480,66.005054,339.997056,1.0,66.0,340.0,<V3_ROOT>/FINAL_EVALUATION_RECORDS.json,RUN_04965|v3,/10919/row,v3,COMPLETED,NONE,<V3_ROOT>/FINAL_RUN_RECORDS.json,RUN_04965,<RESULTS_ROOT>/run_statistics/EVALUATION_CORE_v3_F04.csv,452,0.09817369727663072,0.1095928420346138,0.0487084816870766,1.8890873024109955,3.538053204588379,2.587342064815406,2.4516632802019647
RUN_04976,D51_seed_01,go2_prior_metadata,D51,seed_01,F04,AB1111,semisynthetic,false,true,COMPLETED,NONE,true,true,56642,56642,5480,66.005054,339.997056,1.0,66.0,340.0,<V3_ROOT>/FINAL_EVALUATION_RECORDS.json,RUN_04976|v3,/10941/row,v3,COMPLETED,NONE,<V3_ROOT>/FINAL_RUN_RECORDS.json,RUN_04976,<RESULTS_ROOT>/run_statistics/EVALUATION_CORE_v3_F04.csv,453,0.09852039958617154,0.10997256169164833,0.04886404803538575,1.8802230069045227,3.521742459429877,2.5878499152539307,2.5323820211368337
RUN_04987,D51_seed_02,go2_prior_metadata,D51,seed_02,F04,AB1111,semisynthetic,false,true,COMPLETED,NONE,true,true,56642,56642,5480,66.005054,339.997056,1.0,66.0,340.0,<V3_ROOT>/FINAL_EVALUATION_RECORDS.json,RUN_04987|v3,/10963/row,v3,COMPLETED,NONE,<V3_ROOT>/FINAL_RUN_RECORDS.json,RUN_04987,<RESULTS_ROOT>/run_statistics/EVALUATION_CORE_v3_F04.csv,454,0.09821404614294875,0.10967862431829212,0.048820095991136625,1.8918801530350828,3.545803448246271,2.624486608003835,2.479901222933898
RUN_04998,D51_seed_03,go2_prior_metadata,D51,seed_03,F04,AB1111,semisynthetic,false,true,COMPLETED,NONE,true,true,56642,56642,5480,66.005054,339.997056,1.0,66.0,340.0,<V3_ROOT>/FINAL_EVALUATION_RECORDS.json,RUN_04998|v3,/10985/row,v3,COMPLETED,NONE,<V3_ROOT>/FINAL_RUN_RECORDS.json,RUN_04998,<RESULTS_ROOT>/run_statistics/EVALUATION_CORE_v3_F04.csv,455,0.09826808482923939,0.10974075439289123,0.048850963948670306,1.8835017732381285,3.5274437326203962,2.574207559490634,2.472547694981629
RUN_05009,D51_seed_04,go2_prior_metadata,D51,seed_04,F04,AB1111,semisynthetic,false,true,COMPLETED,NONE,true,true,56642,56642,5480,66.005054,339.997056,1.0,66.0,340.0,<V3_ROOT>/FINAL_EVALUATION_RECORDS.json,RUN_05009|v3,/11007/row,v3,COMPLETED,NONE,<V3_ROOT>/FINAL_RUN_RECORDS.json,RUN_05009,<RESULTS_ROOT>/run_statistics/EVALUATION_CORE_v3_F04.csv,456,0.09811963527587848,0.10967177123381548,0.04899423005712956,1.888273818036139,3.5362862320652964,2.5367402163511206,2.4458077256580206
RUN_05020,D51_seed_05,go2_prior_metadata,D51,seed_05,F04,AB1111,semisynthetic,false,true,COMPLETED,NONE,true,true,56642,56642,5480,66.005054,339.997056,1.0,66.0,340.0,<V3_ROOT>/FINAL_EVALUATION_RECORDS.json,RUN_05020|v3,/11029/row,v3,COMPLETED,NONE,<V3_ROOT>/FINAL_RUN_RECORDS.json,RUN_05020,<RESULTS_ROOT>/run_statistics/EVALUATION_CORE_v3_F04.csv,457,0.09834163413305422,0.10978364529239765,0.04879930091433159,1.8875949764041442,3.5331078363109314,2.5438062622942934,2.4813935237572666
RUN_05031,D51_seed_06,go2_prior_metadata,D51,seed_06,F04,AB1111,semisynthetic,false,true,COMPLETED,NONE,true,true,56642,56642,5480,66.005054,339.997056,1.0,66.0,340.0,<V3_ROOT>/FINAL_EVALUATION_RECORDS.json,RUN_05031|v3,/11051/row,v3,COMPLETED,NONE,<V3_ROOT>/FINAL_RUN_RECORDS.json,RUN_05031,<RESULTS_ROOT>/run_statistics/EVALUATION_CORE_v3_F04.csv,458,0.09825209405956128,0.10970334779383968,0.04879908329146428,1.8897858115905557,3.5396024372614843,2.5935486927485596,2.558648269492099
RUN_05042,D51_seed_07,go2_prior_metadata,D51,seed_07,F04,AB1111,semisynthetic,false,true,COMPLETED,NONE,true,true,56642,56642,5480,66.005054,339.997056,1.0,66.0,340.0,<V3_ROOT>/FINAL_EVALUATION_RECORDS.json,RUN_05042|v3,/11073/row,v3,COMPLETED,NONE,<V3_ROOT>/FINAL_RUN_RECORDS.json,RUN_05042,<RESULTS_ROOT>/run_statistics/EVALUATION_CORE_v3_F04.csv,459,0.0980375732996467,0.10955375515470248,0.04889437073951251,1.8910658190003102,3.5418430066028033,2.6074916785715723,2.499558762766387
RUN_05053,D51_seed_08,go2_prior_metadata,D51,seed_08,F04,AB1111,semisynthetic,false,true,COMPLETED,NONE,true,true,56642,56642,5480,66.005054,339.997056,1.0,66.0,340.0,<V3_ROOT>/FINAL_EVALUATION_RECORDS.json,RUN_05053|v3,/11095/row,v3,COMPLETED,NONE,<V3_ROOT>/FINAL_RUN_RECORDS.json,RUN_05053,<RESULTS_ROOT>/run_statistics/EVALUATION_CORE_v3_F04.csv,460,0.0981819512216528,0.10963947875387865,0.04879671869840426,1.8865160164213497,3.5319393546343916,2.5500285531400873,2.4856046373350438
RUN_05064,D52_seed_00,go2_prior_metadata,D52,seed_00,F04,AB1111,semisynthetic,false,true,COMPLETED,NONE,true,true,56642,56642,5480,66.005054,339.997056,1.0,66.0,340.0,<V3_ROOT>/FINAL_EVALUATION_RECORDS.json,RUN_05064|v3,/11117/row,v3,COMPLETED,NONE,<V3_ROOT>/FINAL_RUN_RECORDS.json,RUN_05064,<RESULTS_ROOT>/run_statistics/EVALUATION_CORE_v3_F04.csv,461,0.09777385756822685,0.1088999017406414,0.04795269935414939,1.9122829466566345,3.5903874563613307,2.8454156679089393,2.4221802813963653
RUN_05075,D52_seed_01,go2_prior_metadata,D52,seed_01,F04,AB1111,semisynthetic,false,true,COMPLETED,NONE,true,true,56642,56642,5480,66.005054,339.997056,1.0,66.0,340.0,<V3_ROOT>/FINAL_EVALUATION_RECORDS.json,RUN_05075|v3,/11139/row,v3,COMPLETED,NONE,<V3_ROOT>/FINAL_RUN_RECORDS.json,RUN_05075,<RESULTS_ROOT>/run_statistics/EVALUATION_CORE_v3_F04.csv,462,0.09833922062741583,0.10965774255511684,0.0485202863622703,1.8999099633343788,3.558549773243901,2.5944108160251123,2.73505980111514
RUN_05086,D52_seed_02,go2_prior_metadata,D52,seed_02,F04,AB1111,semisynthetic,false,true,COMPLETED,NONE,true,true,56642,56642,5480,66.005054,339.997056,1.0,66.0,340.0,<V3_ROOT>/FINAL_EVALUATION_RECORDS.json,RUN_05086|v3,/11161/row,v3,COMPLETED,NONE,<V3_ROOT>/FINAL_RUN_RECORDS.json,RUN_05086,<RESULTS_ROOT>/run_statistics/EVALUATION_CORE_v3_F04.csv,463,0.0986319809774036,0.11061666867771627,0.05007773674826715,1.8533931327493551,3.4430765168901343,2.203704774099723,2.550083027401438
RUN_05097,D52_seed_03,go2_prior_metadata,D52,seed_03,F04,AB1111,semisynthetic,false,true,COMPLETED,NONE,true,true,56642,56642,5480,66.005054,339.997056,1.0,66.0,340.0,<V3_ROOT>/FINAL_EVALUATION_RECORDS.json,RUN_05097|v3,/11183/row,v3,COMPLETED,NONE,<V3_ROOT>/FINAL_RUN_RECORDS.json,RUN_05097,<RESULTS_ROOT>/run_statistics/EVALUATION_CORE_v3_F04.csv,464,0.09797910486839163,0.1100313921340714,0.05006997367834838,1.847078247342755,3.4369098486562795,2.0825091515685137,2.1991111201066182
RUN_05108,D52_seed_04,go2_prior_metadata,D52,seed_04,F04,AB1111,semisynthetic,false,true,COMPLETED,NONE,true,true,56642,56642,5480,66.005054,339.997056,1.0,66.0,340.0,<V3_ROOT>/FINAL_EVALUATION_RECORDS.json,RUN_05108|v3,/11205/row,v3,COMPLETED,NONE,<V3_ROOT>/FINAL_RUN_RECORDS.json,RUN_05108,<RESULTS_ROOT>/run_statistics/EVALUATION_CORE_v3_F04.csv,465,0.09826080454804144,0.11038954169671088,0.05030571742437899,1.8429733292225048,3.427427369373947,2.127851477140726,2.248694038919314
RUN_05119,D52_seed_05,go2_prior_metadata,D52,seed_05,F04,AB1111,semisynthetic,false,true,COMPLETED,NONE,true,true,56642,56642,5480,66.005054,339.997056,1.0,66.0,340.0,<V3_ROOT>/FINAL_EVALUATION_RECORDS.json,RUN_05119|v3,/11227/row,v3,COMPLETED,NONE,<V3_ROOT>/FINAL_RUN_RECORDS.json,RUN_05119,<RESULTS_ROOT>/run_statistics/EVALUATION_CORE_v3_F04.csv,466,0.098279254565217,0.11040954754821267,0.050313579796177364,1.842924982286427,3.4277702777454535,2.13122844973148,2.255239823950508
RUN_05130,D52_seed_06,go2_prior_metadata,D52,seed_06,F04,AB1111,semisynthetic,false,true,COMPLETED,NONE,true,true,56642,56642,5480,66.005054,339.997056,1.0,66.0,340.0,<V3_ROOT>/FINAL_EVALUATION_RECORDS.json,RUN_05130|v3,/11249/row,v3,COMPLETED,NONE,<V3_ROOT>/FINAL_RUN_RECORDS.json,RUN_05130,<RESULTS_ROOT>/run_statistics/EVALUATION_CORE_v3_F04.csv,467,0.09826024413128398,0.1103889212651314,0.050305450612630934,1.842975372495736,3.427460897023948,2.1277445232677508,2.248494571700252
RUN_05141,D52_seed_07,go2_prior_metadata,D52,seed_07,F04,AB1111,semisynthetic,false,true,COMPLETED,NONE,true,true,56642,56642,5480,66.005054,339.997056,1.0,66.0,340.0,<V3_ROOT>/FINAL_EVALUATION_RECORDS.json,RUN_05141|v3,/11271/row,v3,COMPLETED,NONE,<V3_ROOT>/FINAL_RUN_RECORDS.json,RUN_05141,<RESULTS_ROOT>/run_statistics/EVALUATION_CORE_v3_F04.csv,468,0.09755555462393684,0.10868803568649117,0.04791662408187844,1.911285819840491,3.588858661073768,2.835785966541222,2.3078291402670312
RUN_05152,D52_seed_08,go2_prior_metadata,D52,seed_08,F04,AB1111,semisynthetic,false,true,COMPLETED,NONE,true,true,56642,56642,5480,66.005054,339.997056,1.0,66.0,340.0,<V3_ROOT>/FINAL_EVALUATION_RECORDS.json,RUN_05152|v3,/11293/row,v3,COMPLETED,NONE,<V3_ROOT>/FINAL_RUN_RECORDS.json,RUN_05152,<RESULTS_ROOT>/run_statistics/EVALUATION_CORE_v3_F04.csv,469,0.09730554561322305,0.10857521333422207,0.04816853478656789,1.900755167258883,3.5619497286537527,2.624753832796585,2.2240091585346353
RUN_05163,D53_seed_00,go2_prior_metadata,D53,seed_00,F04,AB1111,semisynthetic,false,true,COMPLETED,NONE,true,true,56642,56642,5480,66.005054,339.997056,1.0,66.0,340.0,<V3_ROOT>/FINAL_EVALUATION_RECORDS.json,RUN_05163|v3,/11315/row,v3,COMPLETED,NONE,<V3_ROOT>/FINAL_RUN_RECORDS.json,RUN_05163,<RESULTS_ROOT>/run_statistics/EVALUATION_CORE_v3_F04.csv,470,0.1000659618314859,0.1114166066729859,0.048994525462162104,1.885432097600814,3.51598801026158,2.2558222031540445,2.2663319752805515
RUN_05174,D53_seed_01,go2_prior_metadata,D53,seed_01,F04,AB1111,semisynthetic,false,true,COMPLETED,NONE,true,true,56642,56642,5480,66.005054,339.997056,1.0,66.0,340.0,<V3_ROOT>/FINAL_EVALUATION_RECORDS.json,RUN_05174|v3,/11337/row,v3,COMPLETED,NONE,<V3_ROOT>/FINAL_RUN_RECORDS.json,RUN_05174,<RESULTS_ROOT>/run_statistics/EVALUATION_CORE_v3_F04.csv,471,0.09999902704212406,0.11135415687256263,0.048989211500368376,1.884675436535598,3.5157934036825496,2.2544640707617347,2.2671377836909947
RUN_05185,D53_seed_02,go2_prior_metadata,D53,seed_02,F04,AB1111,semisynthetic,false,true,COMPLETED,NONE,true,true,56642,56642,5480,66.005054,339.997056,1.0,66.0,340.0,<V3_ROOT>/FINAL_EVALUATION_RECORDS.json,RUN_05185|v3,/11359/row,v3,COMPLETED,NONE,<V3_ROOT>/FINAL_RUN_RECORDS.json,RUN_05185,<RESULTS_ROOT>/run_statistics/EVALUATION_CORE_v3_F04.csv,472,0.10035147203910326,0.11167201381206213,0.04899204760393738,1.8810348798783219,3.507868360270512,2.2525934897178312,2.26626259301122
RUN_05196,D53_seed_03,go2_prior_metadata,D53,seed_03,F04,AB1111,semisynthetic,false,true,COMPLETED,NONE,true,true,56642,56642,5480,66.005054,339.997056,1.0,66.0,340.0,<V3_ROOT>/FINAL_EVALUATION_RECORDS.json,RUN_05196|v3,/11381/row,v3,COMPLETED,NONE,<V3_ROOT>/FINAL_RUN_RECORDS.json,RUN_05196,<RESULTS_ROOT>/run_statistics/EVALUATION_CORE_v3_F04.csv,473,0.10087694462486288,0.11214429586026489,0.04899168436731859,1.8828216790629118,3.5113009781918083,2.25451051523241,2.264770649141622
RUN_05207,D53_seed_04,go2_prior_metadata,D53,seed_04,F04,AB1111,semisynthetic,false,true,COMPLETED,NONE,true,true,56642,56642,5480,66.005054,339.997056,1.0,66.0,340.0,<V3_ROOT>/FINAL_EVALUATION_RECORDS.json,RUN_05207|v3,/11403/row,v3,COMPLETED,NONE,<V3_ROOT>/FINAL_RUN_RECORDS.json,RUN_05207,<RESULTS_ROOT>/run_statistics/EVALUATION_CORE_v3_F04.csv,474,0.10035971073951955,0.11168211427679164,0.04899819496281787,1.891369644697172,3.5252383440360324,2.2527601705960314,2.2629017551175648
RUN_05218,D53_seed_05,go2_prior_metadata,D53,seed_05,F04,AB1111,semisynthetic,false,true,COMPLETED,NONE,true,true,56642,56642,5480,66.005054,339.997056,1.0,66.0,340.0,<V3_ROOT>/FINAL_EVALUATION_RECORDS.json,RUN_05218|v3,/11425/row,v3,COMPLETED,NONE,<V3_ROOT>/FINAL_RUN_RECORDS.json,RUN_05218,<RESULTS_ROOT>/run_statistics/EVALUATION_CORE_v3_F04.csv,475,0.09966445068726881,0.11105756761478418,0.048997761109231514,1.8867123646838095,3.5194098294634517,2.255054457347499,2.2637791391449005
RUN_05229,D53_seed_06,go2_prior_metadata,D53,seed_06,F04,AB1111,semisynthetic,false,true,COMPLETED,NONE,true,true,56642,56642,5480,66.005054,339.997056,1.0,66.0,340.0,<V3_ROOT>/FINAL_EVALUATION_RECORDS.json,RUN_05229|v3,/11447/row,v3,COMPLETED,NONE,<V3_ROOT>/FINAL_RUN_RECORDS.json,RUN_05229,<RESULTS_ROOT>/run_statistics/EVALUATION_CORE_v3_F04.csv,476,0.10057415302440777,0.11187524883108178,0.048999092281791036,1.8852084275997318,3.515091496542597,2.257389403397807,2.2684015760323293
RUN_05240,D53_seed_07,go2_prior_metadata,D53,seed_07,F04,AB1111,semisynthetic,false,true,COMPLETED,NONE,true,true,56642,56642,5480,66.005054,339.997056,1.0,66.0,340.0,<V3_ROOT>/FINAL_EVALUATION_RECORDS.json,RUN_05240|v3,/11469/row,v3,COMPLETED,NONE,<V3_ROOT>/FINAL_RUN_RECORDS.json,RUN_05240,<RESULTS_ROOT>/run_statistics/EVALUATION_CORE_v3_F04.csv,477,0.10046327965702544,0.11177258376342075,0.04899224348511919,1.8858652930085384,3.5147695881829737,2.254656357605953,2.266050712063655
RUN_05251,D53_seed_08,go2_prior_metadata,D53,seed_08,F04,AB1111,semisynthetic,false,true,COMPLETED,NONE,true,true,56642,56642,5480,66.005054,339.997056,1.0,66.0,340.0,<V3_ROOT>/FINAL_EVALUATION_RECORDS.json,RUN_05251|v3,/11491/row,v3,COMPLETED,NONE,<V3_ROOT>/FINAL_RUN_RECORDS.json,RUN_05251,<RESULTS_ROOT>/run_statistics/EVALUATION_CORE_v3_F04.csv,478,0.099725283139049,0.11110664382007024,0.0489852447559105,1.8883722180718925,3.5211705821723935,2.253319894102654,2.265031157119842
RUN_05262,D54_seed_00,go2_prior_metadata,D54,seed_00,F04,AB1111,semisynthetic,false,true,COMPLETED,NONE,true,true,56642,56642,5480,66.005054,339.997056,1.0,66.0,340.0,<V3_ROOT>/FINAL_EVALUATION_RECORDS.json,RUN_05262|v3,/11513/row,v3,COMPLETED,NONE,<V3_ROOT>/FINAL_RUN_RECORDS.json,RUN_05262,<RESULTS_ROOT>/run_statistics/EVALUATION_CORE_v3_F04.csv,479,0.10700172177692087,0.11768458450167939,0.048992784837232226,1.88573428230535,3.5155689065922497,2.2518104888422568,2.2660094523273147
RUN_05273,D54_seed_01,go2_prior_metadata,D54,seed_01,F04,AB1111,semisynthetic,false,true,COMPLETED,NONE,true,true,56642,56642,5480,66.005054,339.997056,1.0,66.0,340.0,<V3_ROOT>/FINAL_EVALUATION_RECORDS.json,RUN_05273|v3,/11535/row,v3,COMPLETED,NONE,<V3_ROOT>/FINAL_RUN_RECORDS.json,RUN_05273,<RESULTS_ROOT>/run_statistics/EVALUATION_CORE_v3_F04.csv,480,0.10700172177692087,0.11768458450167939,0.048992784837232226,1.88573428230535,3.5155689065922497,2.2518104888422568,2.2660094523273147
RUN_05284,D54_seed_02,go2_prior_metadata,D54,seed_02,F04,AB1111,semisynthetic,false,true,COMPLETED,NONE,true,true,56642,56642,5480,66.005054,339.997056,1.0,66.0,340.0,<V3_ROOT>/FINAL_EVALUATION_RECORDS.json,RUN_05284|v3,/11557/row,v3,COMPLETED,NONE,<V3_ROOT>/FINAL_RUN_RECORDS.json,RUN_05284,<RESULTS_ROOT>/run_statistics/EVALUATION_CORE_v3_F04.csv,481,0.10700172177692087,0.11768458450167939,0.048992784837232226,1.88573428230535,3.5155689065922497,2.2518104888422568,2.2660094523273147
RUN_05295,D54_seed_03,go2_prior_metadata,D54,seed_03,F04,AB1111,semisynthetic,false,true,COMPLETED,NONE,true,true,56642,56642,5480,66.005054,339.997056,1.0,66.0,340.0,<V3_ROOT>/FINAL_EVALUATION_RECORDS.json,RUN_05295|v3,/11579/row,v3,COMPLETED,NONE,<V3_ROOT>/FINAL_RUN_RECORDS.json,RUN_05295,<RESULTS_ROOT>/run_statistics/EVALUATION_CORE_v3_F04.csv,482,0.10700172177692087,0.11768458450167939,0.048992784837232226,1.88573428230535,3.5155689065922497,2.2518104888422568,2.2660094523273147
RUN_05306,D54_seed_04,go2_prior_metadata,D54,seed_04,F04,AB1111,semisynthetic,false,true,COMPLETED,NONE,true,true,56642,56642,5480,66.005054,339.997056,1.0,66.0,340.0,<V3_ROOT>/FINAL_EVALUATION_RECORDS.json,RUN_05306|v3,/11601/row,v3,COMPLETED,NONE,<V3_ROOT>/FINAL_RUN_RECORDS.json,RUN_05306,<RESULTS_ROOT>/run_statistics/EVALUATION_CORE_v3_F04.csv,483,0.09790350024786088,0.10947926119692267,0.04899605363129892,1.8861642621758798,3.517831483953871,2.25432297238112,2.265502678486326
RUN_05317,D54_seed_05,go2_prior_metadata,D54,seed_05,F04,AB1111,semisynthetic,false,true,COMPLETED,NONE,true,true,56642,56642,5480,66.005054,339.997056,1.0,66.0,340.0,<V3_ROOT>/FINAL_EVALUATION_RECORDS.json,RUN_05317|v3,/11623/row,v3,COMPLETED,NONE,<V3_ROOT>/FINAL_RUN_RECORDS.json,RUN_05317,<RESULTS_ROOT>/run_statistics/EVALUATION_CORE_v3_F04.csv,484,0.09790822326069744,0.10948346201746569,0.04899600262534969,1.8862474890028762,3.517939641372942,2.254330554925193,2.265483657398618
RUN_05328,D54_seed_06,go2_prior_metadata,D54,seed_06,F04,AB1111,semisynthetic,false,true,COMPLETED,NONE,true,true,56642,56642,5480,66.005054,339.997056,1.0,66.0,340.0,<V3_ROOT>/FINAL_EVALUATION_RECORDS.json,RUN_05328|v3,/11645/row,v3,COMPLETED,NONE,<V3_ROOT>/FINAL_RUN_RECORDS.json,RUN_05328,<RESULTS_ROOT>/run_statistics/EVALUATION_CORE_v3_F04.csv,485,0.09792025878078277,0.1094941813386965,0.04899590459758738,1.8863049693721676,3.518021369822956,2.254319804366978,2.2654930537774534
RUN_05339,D54_seed_07,go2_prior_metadata,D54,seed_07,F04,AB1111,semisynthetic,false,true,COMPLETED,NONE,true,true,56642,56642,5480,66.005054,339.997056,1.0,66.0,340.0,<V3_ROOT>/FINAL_EVALUATION_RECORDS.json,RUN_05339|v3,/11667/row,v3,COMPLETED,NONE,<V3_ROOT>/FINAL_RUN_RECORDS.json,RUN_05339,<RESULTS_ROOT>/run_statistics/EVALUATION_CORE_v3_F04.csv,486,0.09791485303939668,0.10948931903642588,0.0489958420412753,1.8862166205742543,3.5177357764006296,2.254335643318847,2.2654814953177507
RUN_05350,D54_seed_08,go2_prior_metadata,D54,seed_08,F04,AB1111,semisynthetic,false,true,COMPLETED,NONE,true,true,56642,56642,5480,66.005054,339.997056,1.0,66.0,340.0,<V3_ROOT>/FINAL_EVALUATION_RECORDS.json,RUN_05350|v3,/11689/row,v3,COMPLETED,NONE,<V3_ROOT>/FINAL_RUN_RECORDS.json,RUN_05350,<RESULTS_ROOT>/run_statistics/EVALUATION_CORE_v3_F04.csv,487,0.10699584462614507,0.11767930214020077,0.04899293198965015,1.8856174288301997,3.5152469785350213,2.251815110593404,2.266037728230919
RUN_05361,D55_seed_00,go2_prior_metadata,D55,seed_00,F04,AB1111,semisynthetic,false,true,COMPLETED,NONE,true,true,56642,56642,5480,66.005054,339.997056,1.0,66.0,340.0,<V3_ROOT>/FINAL_EVALUATION_RECORDS.json,RUN_05361|v3,/11711/row,v3,COMPLETED,NONE,<V3_ROOT>/FINAL_RUN_RECORDS.json,RUN_05361,<RESULTS_ROOT>/run_statistics/EVALUATION_CORE_v3_F04.csv,488,0.09790607774950152,0.1094814993576134,0.04899590433188947,1.8862718548526467,3.518066976630167,2.254340402339318,2.265490744005314
RUN_05372,D55_seed_01,go2_prior_metadata,D55,seed_01,F04,AB1111,semisynthetic,false,true,COMPLETED,NONE,true,true,56642,56642,5480,66.005054,339.997056,1.0,66.0,340.0,<V3_ROOT>/FINAL_EVALUATION_RECORDS.json,RUN_05372|v3,/11733/row,v3,COMPLETED,NONE,<V3_ROOT>/FINAL_RUN_RECORDS.json,RUN_05372,<RESULTS_ROOT>/run_statistics/EVALUATION_CORE_v3_F04.csv,489,0.09790607774950152,0.1094814993576134,0.04899590433188947,1.8862718548526467,3.518066976630167,2.254340402339318,2.265490744005314
RUN_05383,D55_seed_02,go2_prior_metadata,D55,seed_02,F04,AB1111,semisynthetic,false,true,COMPLETED,NONE,true,true,56642,56642,5480,66.005054,339.997056,1.0,66.0,340.0,<V3_ROOT>/FINAL_EVALUATION_RECORDS.json,RUN_05383|v3,/11755/row,v3,COMPLETED,NONE,<V3_ROOT>/FINAL_RUN_RECORDS.json,RUN_05383,<RESULTS_ROOT>/run_statistics/EVALUATION_CORE_v3_F04.csv,490,0.09790607774950152,0.1094814993576134,0.04899590433188947,1.8862718548526467,3.518066976630167,2.254340402339318,2.265490744005314
RUN_05394,D55_seed_03,go2_prior_metadata,D55,seed_03,F04,AB1111,semisynthetic,false,true,COMPLETED,NONE,true,true,56642,56642,5480,66.005054,339.997056,1.0,66.0,340.0,<V3_ROOT>/FINAL_EVALUATION_RECORDS.json,RUN_05394|v3,/11777/row,v3,COMPLETED,NONE,<V3_ROOT>/FINAL_RUN_RECORDS.json,RUN_05394,<RESULTS_ROOT>/run_statistics/EVALUATION_CORE_v3_F04.csv,491,0.09790607774950152,0.1094814993576134,0.04899590433188947,1.8862718548526467,3.518066976630167,2.254340402339318,2.265490744005314
RUN_05405,D55_seed_04,go2_prior_metadata,D55,seed_04,F04,AB1111,semisynthetic,false,true,COMPLETED,NONE,true,true,56642,56642,5480,66.005054,339.997056,1.0,66.0,340.0,<V3_ROOT>/FINAL_EVALUATION_RECORDS.json,RUN_05405|v3,/11799/row,v3,COMPLETED,NONE,<V3_ROOT>/FINAL_RUN_RECORDS.json,RUN_05405,<RESULTS_ROOT>/run_statistics/EVALUATION_CORE_v3_F04.csv,492,0.09790607774950152,0.1094814993576134,0.04899590433188947,1.8862718548526467,3.518066976630167,2.254340402339318,2.265490744005314
RUN_05416,D55_seed_05,go2_prior_metadata,D55,seed_05,F04,AB1111,semisynthetic,false,true,COMPLETED,NONE,true,true,56642,56642,5480,66.005054,339.997056,1.0,66.0,340.0,<V3_ROOT>/FINAL_EVALUATION_RECORDS.json,RUN_05416|v3,/11821/row,v3,COMPLETED,NONE,<V3_ROOT>/FINAL_RUN_RECORDS.json,RUN_05416,<RESULTS_ROOT>/run_statistics/EVALUATION_CORE_v3_F04.csv,493,0.09790607774950152,0.1094814993576134,0.04899590433188947,1.8862718548526467,3.518066976630167,2.254340402339318,2.265490744005314
RUN_05427,D55_seed_06,go2_prior_metadata,D55,seed_06,F04,AB1111,semisynthetic,false,true,COMPLETED,NONE,true,true,56642,56642,5480,66.005054,339.997056,1.0,66.0,340.0,<V3_ROOT>/FINAL_EVALUATION_RECORDS.json,RUN_05427|v3,/11843/row,v3,COMPLETED,NONE,<V3_ROOT>/FINAL_RUN_RECORDS.json,RUN_05427,<RESULTS_ROOT>/run_statistics/EVALUATION_CORE_v3_F04.csv,494,0.09790607774950152,0.1094814993576134,0.04899590433188947,1.8862718548526467,3.518066976630167,2.254340402339318,2.265490744005314
RUN_05438,D55_seed_07,go2_prior_metadata,D55,seed_07,F04,AB1111,semisynthetic,false,true,COMPLETED,NONE,true,true,56642,56642,5480,66.005054,339.997056,1.0,66.0,340.0,<V3_ROOT>/FINAL_EVALUATION_RECORDS.json,RUN_05438|v3,/11865/row,v3,COMPLETED,NONE,<V3_ROOT>/FINAL_RUN_RECORDS.json,RUN_05438,<RESULTS_ROOT>/run_statistics/EVALUATION_CORE_v3_F04.csv,495,0.09790607774950152,0.1094814993576134,0.04899590433188947,1.8862718548526467,3.518066976630167,2.254340402339318,2.265490744005314
RUN_05449,D55_seed_08,go2_prior_metadata,D55,seed_08,F04,AB1111,semisynthetic,false,true,COMPLETED,NONE,true,true,56642,56642,5480,66.005054,339.997056,1.0,66.0,340.0,<V3_ROOT>/FINAL_EVALUATION_RECORDS.json,RUN_05449|v3,/11887/row,v3,COMPLETED,NONE,<V3_ROOT>/FINAL_RUN_RECORDS.json,RUN_05449,<RESULTS_ROOT>/run_statistics/EVALUATION_CORE_v3_F04.csv,496,0.09790607774950152,0.1094814993576134,0.04899590433188947,1.8862718548526467,3.518066976630167,2.254340402339318,2.265490744005314
RUN_05460,D56_seed_00,go2_prior_metadata,D56,seed_00,F04,AB1111,semisynthetic,false,true,COMPLETED,NONE,true,true,56642,56642,5480,66.005054,339.997056,1.0,66.0,340.0,<V3_ROOT>/FINAL_EVALUATION_RECORDS.json,RUN_05460|v3,/11909/row,v3,COMPLETED,NONE,<V3_ROOT>/FINAL_RUN_RECORDS.json,RUN_05460,<RESULTS_ROOT>/run_statistics/EVALUATION_CORE_v3_F04.csv,497,0.09790607774950152,0.1094814993576134,0.04899590433188947,1.8862718548526467,3.518066976630167,2.254340402339318,2.265490744005314
RUN_05471,D56_seed_01,go2_prior_metadata,D56,seed_01,F04,AB1111,semisynthetic,false,true,COMPLETED,NONE,true,true,56642,56642,5480,66.005054,339.997056,1.0,66.0,340.0,<V3_ROOT>/FINAL_EVALUATION_RECORDS.json,RUN_05471|v3,/11931/row,v3,COMPLETED,NONE,<V3_ROOT>/FINAL_RUN_RECORDS.json,RUN_05471,<RESULTS_ROOT>/run_statistics/EVALUATION_CORE_v3_F04.csv,498,0.09790607774950152,0.1094814993576134,0.04899590433188947,1.8862718548526467,3.518066976630167,2.254340402339318,2.265490744005314
RUN_05482,D56_seed_02,go2_prior_metadata,D56,seed_02,F04,AB1111,semisynthetic,false,true,COMPLETED,NONE,true,true,56642,56642,5480,66.005054,339.997056,1.0,66.0,340.0,<V3_ROOT>/FINAL_EVALUATION_RECORDS.json,RUN_05482|v3,/11953/row,v3,COMPLETED,NONE,<V3_ROOT>/FINAL_RUN_RECORDS.json,RUN_05482,<RESULTS_ROOT>/run_statistics/EVALUATION_CORE_v3_F04.csv,499,0.09790607774950152,0.1094814993576134,0.04899590433188947,1.8862718548526467,3.518066976630167,2.254340402339318,2.265490744005314
RUN_05493,D56_seed_03,go2_prior_metadata,D56,seed_03,F04,AB1111,semisynthetic,false,true,COMPLETED,NONE,true,true,56642,56642,5480,66.005054,339.997056,1.0,66.0,340.0,<V3_ROOT>/FINAL_EVALUATION_RECORDS.json,RUN_05493|v3,/11975/row,v3,COMPLETED,NONE,<V3_ROOT>/FINAL_RUN_RECORDS.json,RUN_05493,<RESULTS_ROOT>/run_statistics/EVALUATION_CORE_v3_F04.csv,500,0.09790607774950152,0.1094814993576134,0.04899590433188947,1.8862718548526467,3.518066976630167,2.254340402339318,2.265490744005314
RUN_05504,D56_seed_04,go2_prior_metadata,D56,seed_04,F04,AB1111,semisynthetic,false,true,COMPLETED,NONE,true,true,56642,56642,5480,66.005054,339.997056,1.0,66.0,340.0,<V3_ROOT>/FINAL_EVALUATION_RECORDS.json,RUN_05504|v3,/11997/row,v3,COMPLETED,NONE,<V3_ROOT>/FINAL_RUN_RECORDS.json,RUN_05504,<RESULTS_ROOT>/run_statistics/EVALUATION_CORE_v3_F04.csv,501,0.09790607774950152,0.1094814993576134,0.04899590433188947,1.8862718548526467,3.518066976630167,2.254340402339318,2.265490744005314
RUN_05515,D56_seed_05,go2_prior_metadata,D56,seed_05,F04,AB1111,semisynthetic,false,true,COMPLETED,NONE,true,true,56642,56642,5480,66.005054,339.997056,1.0,66.0,340.0,<V3_ROOT>/FINAL_EVALUATION_RECORDS.json,RUN_05515|v3,/12019/row,v3,COMPLETED,NONE,<V3_ROOT>/FINAL_RUN_RECORDS.json,RUN_05515,<RESULTS_ROOT>/run_statistics/EVALUATION_CORE_v3_F04.csv,502,0.09790607774950152,0.1094814993576134,0.04899590433188947,1.8862718548526467,3.518066976630167,2.254340402339318,2.265490744005314
RUN_05526,D56_seed_06,go2_prior_metadata,D56,seed_06,F04,AB1111,semisynthetic,false,true,COMPLETED,NONE,true,true,56642,56642,5480,66.005054,339.997056,1.0,66.0,340.0,<V3_ROOT>/FINAL_EVALUATION_RECORDS.json,RUN_05526|v3,/12041/row,v3,COMPLETED,NONE,<V3_ROOT>/FINAL_RUN_RECORDS.json,RUN_05526,<RESULTS_ROOT>/run_statistics/EVALUATION_CORE_v3_F04.csv,503,0.09790607774950152,0.1094814993576134,0.04899590433188947,1.8862718548526467,3.518066976630167,2.254340402339318,2.265490744005314
RUN_05537,D56_seed_07,go2_prior_metadata,D56,seed_07,F04,AB1111,semisynthetic,false,true,COMPLETED,NONE,true,true,56642,56642,5480,66.005054,339.997056,1.0,66.0,340.0,<V3_ROOT>/FINAL_EVALUATION_RECORDS.json,RUN_05537|v3,/12063/row,v3,COMPLETED,NONE,<V3_ROOT>/FINAL_RUN_RECORDS.json,RUN_05537,<RESULTS_ROOT>/run_statistics/EVALUATION_CORE_v3_F04.csv,504,0.09790607774950152,0.1094814993576134,0.04899590433188947,1.8862718548526467,3.518066976630167,2.254340402339318,2.265490744005314
RUN_05548,D56_seed_08,go2_prior_metadata,D56,seed_08,F04,AB1111,semisynthetic,false,true,COMPLETED,NONE,true,true,56642,56642,5480,66.005054,339.997056,1.0,66.0,340.0,<V3_ROOT>/FINAL_EVALUATION_RECORDS.json,RUN_05548|v3,/12085/row,v3,COMPLETED,NONE,<V3_ROOT>/FINAL_RUN_RECORDS.json,RUN_05548,<RESULTS_ROOT>/run_statistics/EVALUATION_CORE_v3_F04.csv,505,0.09790607774950152,0.1094814993576134,0.04899590433188947,1.8862718548526467,3.518066976630167,2.254340402339318,2.265490744005314
RUN_04966,D51_seed_00,go2_prior_metadata,D51,seed_00,A03,AB0111,semisynthetic,false,true,COMPLETED,NONE,true,true,56642,56642,5480,66.005054,339.997056,1.0,66.0,340.0,<V3_ROOT>/FINAL_EVALUATION_RECORDS.json,RUN_04966|v3,/10921/row,v3,COMPLETED,NONE,<V3_ROOT>/FINAL_RUN_RECORDS.json,RUN_04966,<RESULTS_ROOT>/run_statistics/EVALUATION_CORE_v3_A03.csv,452,0.09830824650249535,0.10945086792616043,0.04811425110499406,1.8885136791325454,3.5383087098837156,2.5863545595632473,2.451418079312296
RUN_04977,D51_seed_01,go2_prior_metadata,D51,seed_01,A03,AB0111,semisynthetic,false,true,COMPLETED,NONE,true,true,56642,56642,5480,66.005054,339.997056,1.0,66.0,340.0,<V3_ROOT>/FINAL_EVALUATION_RECORDS.json,RUN_04977|v3,/10943/row,v3,COMPLETED,NONE,<V3_ROOT>/FINAL_RUN_RECORDS.json,RUN_04977,<RESULTS_ROOT>/run_statistics/EVALUATION_CORE_v3_A03.csv,453,0.09866209995433009,0.10983858420813969,0.048273228744826806,1.8796348716085756,3.5229577178609186,2.5867469986184544,2.5320598075225424
RUN_04988,D51_seed_02,go2_prior_metadata,D51,seed_02,A03,AB0111,semisynthetic,false,true,COMPLETED,NONE,true,true,56642,56642,5480,66.005054,339.997056,1.0,66.0,340.0,<V3_ROOT>/FINAL_EVALUATION_RECORDS.json,RUN_04988|v3,/10965/row,v3,COMPLETED,NONE,<V3_ROOT>/FINAL_RUN_RECORDS.json,RUN_04988,<RESULTS_ROOT>/run_statistics/EVALUATION_CORE_v3_A03.csv,454,0.09835268947650579,0.10953985338129595,0.04822580171996978,1.891318384825214,3.5476012204099834,2.6234932463685983,2.4796588264126003
RUN_04999,D51_seed_03,go2_prior_metadata,D51,seed_03,A03,AB0111,semisynthetic,false,true,COMPLETED,NONE,true,true,56642,56642,5480,66.005054,339.997056,1.0,66.0,340.0,<V3_ROOT>/FINAL_EVALUATION_RECORDS.json,RUN_04999|v3,/10987/row,v3,COMPLETED,NONE,<V3_ROOT>/FINAL_RUN_RECORDS.json,RUN_04999,<RESULTS_ROOT>/run_statistics/EVALUATION_CORE_v3_A03.csv,455,0.09840766621764445,0.10960369842115092,0.048258698046997485,1.882954302707335,3.5283452687913788,2.5731279255288935,2.4722740312231464
RUN_05010,D51_seed_04,go2_prior_metadata,D51,seed_04,A03,AB0111,semisynthetic,false,true,COMPLETED,NONE,true,true,56642,56642,5480,66.005054,339.997056,1.0,66.0,340.0,<V3_ROOT>/FINAL_EVALUATION_RECORDS.json,RUN_05010|v3,/11009/row,v3,COMPLETED,NONE,<V3_ROOT>/FINAL_RUN_RECORDS.json,RUN_05010,<RESULTS_ROOT>/run_statistics/EVALUATION_CORE_v3_A03.csv,456,0.09826601339026525,0.10954104782916743,0.04840487343125852,1.887709196369361,3.5359265795484003,2.535693102592958,2.4456036495859075
RUN_05021,D51_seed_05,go2_prior_metadata,D51,seed_05,A03,AB0111,semisynthetic,false,true,COMPLETED,NONE,true,true,56642,56642,5480,66.005054,339.997056,1.0,66.0,340.0,<V3_ROOT>/FINAL_EVALUATION_RECORDS.json,RUN_05021|v3,/11031/row,v3,COMPLETED,NONE,<V3_ROOT>/FINAL_RUN_RECORDS.json,RUN_05021,<RESULTS_ROOT>/run_statistics/EVALUATION_CORE_v3_A03.csv,457,0.09848311325252003,0.10964976146438249,0.04820940357738616,1.8870282666509868,3.5331208569117294,2.5428962582182515,2.4810878838896726
RUN_05032,D51_seed_06,go2_prior_metadata,D51,seed_06,A03,AB0111,semisynthetic,false,true,COMPLETED,NONE,true,true,56642,56642,5480,66.005054,339.997056,1.0,66.0,340.0,<V3_ROOT>/FINAL_EVALUATION_RECORDS.json,RUN_05032|v3,/11053/row,v3,COMPLETED,NONE,<V3_ROOT>/FINAL_RUN_RECORDS.json,RUN_05032,<RESULTS_ROOT>/run_statistics/EVALUATION_CORE_v3_A03.csv,458,0.09839183635702804,0.10956732691317585,0.04820835679828302,1.8892036532306868,3.5407730456868194,2.5927185184714547,2.5584785128578
RUN_05043,D51_seed_07,go2_prior_metadata,D51,seed_07,A03,AB0111,semisynthetic,false,true,COMPLETED,NONE,true,true,56642,56642,5480,66.005054,339.997056,1.0,66.0,340.0,<V3_ROOT>/FINAL_EVALUATION_RECORDS.json,RUN_05043|v3,/11075/row,v3,COMPLETED,NONE,<V3_ROOT>/FINAL_RUN_RECORDS.json,RUN_05043,<RESULTS_ROOT>/run_statistics/EVALUATION_CORE_v3_A03.csv,459,0.0981758600300346,0.10941243415750987,0.048296803782802065,1.890440105838978,3.5426659494305266,2.606368106712234,2.4992636555234573
RUN_05054,D51_seed_08,go2_prior_metadata,D51,seed_08,A03,AB0111,semisynthetic,false,true,COMPLETED,NONE,true,true,56642,56642,5480,66.005054,339.997056,1.0,66.0,340.0,<V3_ROOT>/FINAL_EVALUATION_RECORDS.json,RUN_05054|v3,/11097/row,v3,COMPLETED,NONE,<V3_ROOT>/FINAL_RUN_RECORDS.json,RUN_05054,<RESULTS_ROOT>/run_statistics/EVALUATION_CORE_v3_A03.csv,460,0.09831599771865451,0.10949681834859464,0.04820288187495277,1.8859421048420892,3.532192144604103,2.5489556445916235,2.485319943006509
RUN_05065,D52_seed_00,go2_prior_metadata,D52,seed_00,A03,AB0111,semisynthetic,false,true,COMPLETED,NONE,true,true,56642,56642,5480,66.005054,339.997056,1.0,66.0,340.0,<V3_ROOT>/FINAL_EVALUATION_RECORDS.json,RUN_05065|v3,/11119/row,v3,COMPLETED,NONE,<V3_ROOT>/FINAL_RUN_RECORDS.json,RUN_05065,<RESULTS_ROOT>/run_statistics/EVALUATION_CORE_v3_A03.csv,461,0.09788519010327401,0.10873600957812371,0.04734986100739596,1.9117035209717546,3.5917003540819534,2.8446850801144308,2.4220054656034975
RUN_05076,D52_seed_01,go2_prior_metadata,D52,seed_01,A03,AB0111,semisynthetic,false,true,COMPLETED,NONE,true,true,56642,56642,5480,66.005054,339.997056,1.0,66.0,340.0,<V3_ROOT>/FINAL_EVALUATION_RECORDS.json,RUN_05076|v3,/11141/row,v3,COMPLETED,NONE,<V3_ROOT>/FINAL_RUN_RECORDS.json,RUN_05076,<RESULTS_ROOT>/run_statistics/EVALUATION_CORE_v3_A03.csv,462,0.09845807196616094,0.10950062362951214,0.047920712014309044,1.899277068783611,3.559731109412556,2.593663295607569,2.7349978429644395
RUN_05087,D52_seed_02,go2_prior_metadata,D52,seed_02,A03,AB0111,semisynthetic,false,true,COMPLETED,NONE,true,true,56642,56642,5480,66.005054,339.997056,1.0,66.0,340.0,<V3_ROOT>/FINAL_EVALUATION_RECORDS.json,RUN_05087|v3,/11163/row,v3,COMPLETED,NONE,<V3_ROOT>/FINAL_RUN_RECORDS.json,RUN_05087,<RESULTS_ROOT>/run_statistics/EVALUATION_CORE_v3_A03.csv,463,0.09879563925068252,0.11050608938743679,0.04950775148149195,1.8527668588172896,3.4432665275882877,2.203161261252317,2.5500577891189304
RUN_05098,D52_seed_03,go2_prior_metadata,D52,seed_03,A03,AB0111,semisynthetic,false,true,COMPLETED,NONE,true,true,56642,56642,5480,66.005054,339.997056,1.0,66.0,340.0,<V3_ROOT>/FINAL_EVALUATION_RECORDS.json,RUN_05098|v3,/11185/row,v3,COMPLETED,NONE,<V3_ROOT>/FINAL_RUN_RECORDS.json,RUN_05098,<RESULTS_ROOT>/run_statistics/EVALUATION_CORE_v3_A03.csv,464,0.09815882328160787,0.10993939008731127,0.049512775167021954,1.8465225985282394,3.4364083147690363,2.0819305545037827,2.1989719946579203
RUN_05109,D52_seed_04,go2_prior_metadata,D52,seed_04,A03,AB0111,semisynthetic,false,true,COMPLETED,NONE,true,true,56642,56642,5480,66.005054,339.997056,1.0,66.0,340.0,<V3_ROOT>/FINAL_EVALUATION_RECORDS.json,RUN_05109|v3,/11207/row,v3,COMPLETED,NONE,<V3_ROOT>/FINAL_RUN_RECORDS.json,RUN_05109,<RESULTS_ROOT>/run_statistics/EVALUATION_CORE_v3_A03.csv,465,0.09844064993188664,0.11029699373788894,0.04974801773541993,1.8423902397584802,3.427129057349171,2.127337307100913,2.2486052127745246
RUN_05120,D52_seed_05,go2_prior_metadata,D52,seed_05,A03,AB0111,semisynthetic,false,true,COMPLETED,NONE,true,true,56642,56642,5480,66.005054,339.997056,1.0,66.0,340.0,<V3_ROOT>/FINAL_EVALUATION_RECORDS.json,RUN_05120|v3,/11229/row,v3,COMPLETED,NONE,<V3_ROOT>/FINAL_RUN_RECORDS.json,RUN_05120,<RESULTS_ROOT>/run_statistics/EVALUATION_CORE_v3_A03.csv,466,0.0984584366707788,0.11031632685426267,0.04975568529286631,1.8423399021264917,3.4262936299988,2.1307170568109886,2.2551540366019114
RUN_05131,D52_seed_06,go2_prior_metadata,D52,seed_06,A03,AB0111,semisynthetic,false,true,COMPLETED,NONE,true,true,56642,56642,5480,66.005054,339.997056,1.0,66.0,340.0,<V3_ROOT>/FINAL_EVALUATION_RECORDS.json,RUN_05131|v3,/11251/row,v3,COMPLETED,NONE,<V3_ROOT>/FINAL_RUN_RECORDS.json,RUN_05131,<RESULTS_ROOT>/run_statistics/EVALUATION_CORE_v3_A03.csv,467,0.09844009265422216,0.11029637863870685,0.04974775672370709,1.8423923459906075,3.4270807988770087,2.1272302607228912,2.248405648488625
RUN_05142,D52_seed_07,go2_prior_metadata,D52,seed_07,A03,AB0111,semisynthetic,false,true,COMPLETED,NONE,true,true,56642,56642,5480,66.005054,339.997056,1.0,66.0,340.0,<V3_ROOT>/FINAL_EVALUATION_RECORDS.json,RUN_05142|v3,/11273/row,v3,COMPLETED,NONE,<V3_ROOT>/FINAL_RUN_RECORDS.json,RUN_05142,<RESULTS_ROOT>/run_statistics/EVALUATION_CORE_v3_A03.csv,468,0.09767043616990938,0.10852865032806855,0.04731758489622892,1.910742415637546,3.5899737213241822,2.8350695258549234,2.3075993881056984
RUN_05153,D52_seed_08,go2_prior_metadata,D52,seed_08,A03,AB0111,semisynthetic,false,true,COMPLETED,NONE,true,true,56642,56642,5480,66.005054,339.997056,1.0,66.0,340.0,<V3_ROOT>/FINAL_EVALUATION_RECORDS.json,RUN_05153|v3,/11295/row,v3,COMPLETED,NONE,<V3_ROOT>/FINAL_RUN_RECORDS.json,RUN_05153,<RESULTS_ROOT>/run_statistics/EVALUATION_CORE_v3_A03.csv,469,0.09743660987462487,0.10843371260510579,0.047581268220454505,1.9002557354783414,3.5628619092866916,2.6240312811321918,2.223712341034242
RUN_05164,D53_seed_00,go2_prior_metadata,D53,seed_00,A03,AB0111,semisynthetic,false,true,COMPLETED,NONE,true,true,56642,56642,5480,66.005054,339.997056,1.0,66.0,340.0,<V3_ROOT>/FINAL_EVALUATION_RECORDS.json,RUN_05164|v3,/11317/row,v3,COMPLETED,NONE,<V3_ROOT>/FINAL_RUN_RECORDS.json,RUN_05164,<RESULTS_ROOT>/run_statistics/EVALUATION_CORE_v3_A03.csv,470,0.1002965158364805,0.11137107134909631,0.04841615891939505,1.8848451842436766,3.5161462160411583,2.2551234424044315,2.2662409990466306
RUN_05175,D53_seed_01,go2_prior_metadata,D53,seed_01,A03,AB0111,semisynthetic,false,true,COMPLETED,NONE,true,true,56642,56642,5480,66.005054,339.997056,1.0,66.0,340.0,<V3_ROOT>/FINAL_EVALUATION_RECORDS.json,RUN_05175|v3,/11339/row,v3,COMPLETED,NONE,<V3_ROOT>/FINAL_RUN_RECORDS.json,RUN_05175,<RESULTS_ROOT>/run_statistics/EVALUATION_CORE_v3_A03.csv,471,0.10024901012757109,0.11132715187637476,0.04841353853363291,1.883902601138305,3.516458740046053,2.253749684927203,2.267041834165012
RUN_05186,D53_seed_02,go2_prior_metadata,D53,seed_02,A03,AB0111,semisynthetic,false,true,COMPLETED,NONE,true,true,56642,56642,5480,66.005054,339.997056,1.0,66.0,340.0,<V3_ROOT>/FINAL_EVALUATION_RECORDS.json,RUN_05186|v3,/11361/row,v3,COMPLETED,NONE,<V3_ROOT>/FINAL_RUN_RECORDS.json,RUN_05186,<RESULTS_ROOT>/run_statistics/EVALUATION_CORE_v3_A03.csv,472,0.1005732865437314,0.11161940365109961,0.048413895786433084,1.8805208665181927,3.507537335030687,2.251816687107564,2.2661174521457013
RUN_05197,D53_seed_03,go2_prior_metadata,D53,seed_03,A03,AB0111,semisynthetic,false,true,COMPLETED,NONE,true,true,56642,56642,5480,66.005054,339.997056,1.0,66.0,340.0,<V3_ROOT>/FINAL_EVALUATION_RECORDS.json,RUN_05197|v3,/11383/row,v3,COMPLETED,NONE,<V3_ROOT>/FINAL_RUN_RECORDS.json,RUN_05197,<RESULTS_ROOT>/run_statistics/EVALUATION_CORE_v3_A03.csv,473,0.10110695865845368,0.11209873938431912,0.048409815971466305,1.8822400829196797,3.512316621887907,2.253809136353215,2.2646073604380885
RUN_05208,D53_seed_04,go2_prior_metadata,D53,seed_04,A03,AB0111,semisynthetic,false,true,COMPLETED,NONE,true,true,56642,56642,5480,66.005054,339.997056,1.0,66.0,340.0,<V3_ROOT>/FINAL_EVALUATION_RECORDS.json,RUN_05208|v3,/11405/row,v3,COMPLETED,NONE,<V3_ROOT>/FINAL_RUN_RECORDS.json,RUN_05208,<RESULTS_ROOT>/run_statistics/EVALUATION_CORE_v3_A03.csv,474,0.10057036191736814,0.11161831752676374,0.0484174670063918,1.890859832055843,3.5258208967624767,2.252006167985031,2.2626628094590577
RUN_05219,D53_seed_05,go2_prior_metadata,D53,seed_05,A03,AB0111,semisynthetic,false,true,COMPLETED,NONE,true,true,56642,56642,5480,66.005054,339.997056,1.0,66.0,340.0,<V3_ROOT>/FINAL_EVALUATION_RECORDS.json,RUN_05219|v3,/11427/row,v3,COMPLETED,NONE,<V3_ROOT>/FINAL_RUN_RECORDS.json,RUN_05219,<RESULTS_ROOT>/run_statistics/EVALUATION_CORE_v3_A03.csv,475,0.09991734229024783,0.11102982461493348,0.04841638837910498,1.8860350098517351,3.5188674637812323,2.254323824690883,2.263593017139886
RUN_05230,D53_seed_06,go2_prior_metadata,D53,seed_06,A03,AB0111,semisynthetic,false,true,COMPLETED,NONE,true,true,56642,56642,5480,66.005054,339.997056,1.0,66.0,340.0,<V3_ROOT>/FINAL_EVALUATION_RECORDS.json,RUN_05230|v3,/11449/row,v3,COMPLETED,NONE,<V3_ROOT>/FINAL_RUN_RECORDS.json,RUN_05230,<RESULTS_ROOT>/run_statistics/EVALUATION_CORE_v3_A03.csv,476,0.10082347769878165,0.11184758427530653,0.048420124462304655,1.884651555277557,3.5142540645372895,2.2567327448848475,2.2683959498928177
RUN_05241,D53_seed_07,go2_prior_metadata,D53,seed_07,A03,AB0111,semisynthetic,false,true,COMPLETED,NONE,true,true,56642,56642,5480,66.005054,339.997056,1.0,66.0,340.0,<V3_ROOT>/FINAL_EVALUATION_RECORDS.json,RUN_05241|v3,/11471/row,v3,COMPLETED,NONE,<V3_ROOT>/FINAL_RUN_RECORDS.json,RUN_05241,<RESULTS_ROOT>/run_statistics/EVALUATION_CORE_v3_A03.csv,477,0.1006528944435003,0.11168943177147318,0.048409957752306984,1.8852514237866453,3.514795582771535,2.2539172419348406,2.265902686262995
RUN_05252,D53_seed_08,go2_prior_metadata,D53,seed_08,A03,AB0111,semisynthetic,false,true,COMPLETED,NONE,true,true,56642,56642,5480,66.005054,339.997056,1.0,66.0,340.0,<V3_ROOT>/FINAL_EVALUATION_RECORDS.json,RUN_05252|v3,/11493/row,v3,COMPLETED,NONE,<V3_ROOT>/FINAL_RUN_RECORDS.json,RUN_05252,<RESULTS_ROOT>/run_statistics/EVALUATION_CORE_v3_A03.csv,478,0.09998031268323428,0.11108242921534649,0.04840705688373515,1.8878306226832091,3.5219365701322274,2.2525621815327224,2.264935423954825
RUN_05263,D54_seed_00,go2_prior_metadata,D54,seed_00,A03,AB0111,semisynthetic,false,true,COMPLETED,NONE,true,true,56642,56642,5480,66.005054,339.997056,1.0,66.0,340.0,<V3_ROOT>/FINAL_EVALUATION_RECORDS.json,RUN_05263|v3,/11515/row,v3,COMPLETED,NONE,<V3_ROOT>/FINAL_RUN_RECORDS.json,RUN_05263,<RESULTS_ROOT>/run_statistics/EVALUATION_CORE_v3_A03.csv,479,0.10732614235537226,0.11774472602346667,0.048424370656267667,1.8850970061117562,3.5153625926469183,2.2510806266862957,2.265885982562024
RUN_05274,D54_seed_01,go2_prior_metadata,D54,seed_01,A03,AB0111,semisynthetic,false,true,COMPLETED,NONE,true,true,56642,56642,5480,66.005054,339.997056,1.0,66.0,340.0,<V3_ROOT>/FINAL_EVALUATION_RECORDS.json,RUN_05274|v3,/11537/row,v3,COMPLETED,NONE,<V3_ROOT>/FINAL_RUN_RECORDS.json,RUN_05274,<RESULTS_ROOT>/run_statistics/EVALUATION_CORE_v3_A03.csv,480,0.10732614235537226,0.11774472602346667,0.048424370656267667,1.8850970061117562,3.5153625926469183,2.2510806266862957,2.265885982562024
RUN_05285,D54_seed_02,go2_prior_metadata,D54,seed_02,A03,AB0111,semisynthetic,false,true,COMPLETED,NONE,true,true,56642,56642,5480,66.005054,339.997056,1.0,66.0,340.0,<V3_ROOT>/FINAL_EVALUATION_RECORDS.json,RUN_05285|v3,/11559/row,v3,COMPLETED,NONE,<V3_ROOT>/FINAL_RUN_RECORDS.json,RUN_05285,<RESULTS_ROOT>/run_statistics/EVALUATION_CORE_v3_A03.csv,481,0.10732614235537226,0.11774472602346667,0.048424370656267667,1.8850970061117562,3.5153625926469183,2.2510806266862957,2.265885982562024
RUN_05296,D54_seed_03,go2_prior_metadata,D54,seed_03,A03,AB0111,semisynthetic,false,true,COMPLETED,NONE,true,true,56642,56642,5480,66.005054,339.997056,1.0,66.0,340.0,<V3_ROOT>/FINAL_EVALUATION_RECORDS.json,RUN_05296|v3,/11581/row,v3,COMPLETED,NONE,<V3_ROOT>/FINAL_RUN_RECORDS.json,RUN_05296,<RESULTS_ROOT>/run_statistics/EVALUATION_CORE_v3_A03.csv,482,0.10732614235537226,0.11774472602346667,0.048424370656267667,1.8850970061117562,3.5153625926469183,2.2510806266862957,2.265885982562024
RUN_05307,D54_seed_04,go2_prior_metadata,D54,seed_04,A03,AB0111,semisynthetic,false,true,COMPLETED,NONE,true,true,56642,56642,5480,66.005054,339.997056,1.0,66.0,340.0,<V3_ROOT>/FINAL_EVALUATION_RECORDS.json,RUN_05307|v3,/11603/row,v3,COMPLETED,NONE,<V3_ROOT>/FINAL_RUN_RECORDS.json,RUN_05307,<RESULTS_ROOT>/run_statistics/EVALUATION_CORE_v3_A03.csv,483,0.09804724771055866,0.10934970752219837,0.04841586260281514,1.8855659498934225,3.5170647548630876,2.25360247285665,2.2653619143947186
RUN_05318,D54_seed_05,go2_prior_metadata,D54,seed_05,A03,AB0111,semisynthetic,false,true,COMPLETED,NONE,true,true,56642,56642,5480,66.005054,339.997056,1.0,66.0,340.0,<V3_ROOT>/FINAL_EVALUATION_RECORDS.json,RUN_05318|v3,/11625/row,v3,COMPLETED,NONE,<V3_ROOT>/FINAL_RUN_RECORDS.json,RUN_05318,<RESULTS_ROOT>/run_statistics/EVALUATION_CORE_v3_A03.csv,484,0.09805144504351208,0.10935343309329797,0.04841577691382761,1.8856504798986375,3.517159386833019,2.253608751124206,2.2653424824367976
RUN_05329,D54_seed_06,go2_prior_metadata,D54,seed_06,A03,AB0111,semisynthetic,false,true,COMPLETED,NONE,true,true,56642,56642,5480,66.005054,339.997056,1.0,66.0,340.0,<V3_ROOT>/FINAL_EVALUATION_RECORDS.json,RUN_05329|v3,/11647/row,v3,COMPLETED,NONE,<V3_ROOT>/FINAL_RUN_RECORDS.json,RUN_05329,<RESULTS_ROOT>/run_statistics/EVALUATION_CORE_v3_A03.csv,485,0.09806339244001376,0.10936411488061927,0.04841570702548026,1.8857080746829058,3.517251226063071,2.2535979333719616,2.2653516085563976
RUN_05340,D54_seed_07,go2_prior_metadata,D54,seed_07,A03,AB0111,semisynthetic,false,true,COMPLETED,NONE,true,true,56642,56642,5480,66.005054,339.997056,1.0,66.0,340.0,<V3_ROOT>/FINAL_EVALUATION_RECORDS.json,RUN_05340|v3,/11669/row,v3,COMPLETED,NONE,<V3_ROOT>/FINAL_RUN_RECORDS.json,RUN_05340,<RESULTS_ROOT>/run_statistics/EVALUATION_CORE_v3_A03.csv,486,0.09805788044440773,0.10935916734445457,0.04841569544086561,1.8856154129130518,3.5172550254630885,2.253613760856264,2.2653403854190675
RUN_05351,D54_seed_08,go2_prior_metadata,D54,seed_08,A03,AB0111,semisynthetic,false,true,COMPLETED,NONE,true,true,56642,56642,5480,66.005054,339.997056,1.0,66.0,340.0,<V3_ROOT>/FINAL_EVALUATION_RECORDS.json,RUN_05351|v3,/11691/row,v3,COMPLETED,NONE,<V3_ROOT>/FINAL_RUN_RECORDS.json,RUN_05351,<RESULTS_ROOT>/run_statistics/EVALUATION_CORE_v3_A03.csv,487,0.10731921113744197,0.11773847860935072,0.04842454198112441,1.884979175287914,3.515089028734604,2.2510867524890212,2.265914430505374
RUN_05362,D55_seed_00,go2_prior_metadata,D55,seed_00,A03,AB0111,semisynthetic,false,true,COMPLETED,NONE,true,true,56642,56642,5480,66.005054,339.997056,1.0,66.0,340.0,<V3_ROOT>/FINAL_EVALUATION_RECORDS.json,RUN_05362|v3,/11713/row,v3,COMPLETED,NONE,<V3_ROOT>/FINAL_RUN_RECORDS.json,RUN_05362,<RESULTS_ROOT>/run_statistics/EVALUATION_CORE_v3_A03.csv,488,0.098049553384542,0.10935172171134494,0.04841574250517361,1.885675855927391,3.5173027751630963,2.253618514628558,2.265349388859
RUN_05373,D55_seed_01,go2_prior_metadata,D55,seed_01,A03,AB0111,semisynthetic,false,true,COMPLETED,NONE,true,true,56642,56642,5480,66.005054,339.997056,1.0,66.0,340.0,<V3_ROOT>/FINAL_EVALUATION_RECORDS.json,RUN_05373|v3,/11735/row,v3,COMPLETED,NONE,<V3_ROOT>/FINAL_RUN_RECORDS.json,RUN_05373,<RESULTS_ROOT>/run_statistics/EVALUATION_CORE_v3_A03.csv,489,0.098049553384542,0.10935172171134494,0.04841574250517361,1.885675855927391,3.5173027751630963,2.253618514628558,2.265349388859
RUN_05384,D55_seed_02,go2_prior_metadata,D55,seed_02,A03,AB0111,semisynthetic,false,true,COMPLETED,NONE,true,true,56642,56642,5480,66.005054,339.997056,1.0,66.0,340.0,<V3_ROOT>/FINAL_EVALUATION_RECORDS.json,RUN_05384|v3,/11757/row,v3,COMPLETED,NONE,<V3_ROOT>/FINAL_RUN_RECORDS.json,RUN_05384,<RESULTS_ROOT>/run_statistics/EVALUATION_CORE_v3_A03.csv,490,0.098049553384542,0.10935172171134494,0.04841574250517361,1.885675855927391,3.5173027751630963,2.253618514628558,2.265349388859
RUN_05395,D55_seed_03,go2_prior_metadata,D55,seed_03,A03,AB0111,semisynthetic,false,true,COMPLETED,NONE,true,true,56642,56642,5480,66.005054,339.997056,1.0,66.0,340.0,<V3_ROOT>/FINAL_EVALUATION_RECORDS.json,RUN_05395|v3,/11779/row,v3,COMPLETED,NONE,<V3_ROOT>/FINAL_RUN_RECORDS.json,RUN_05395,<RESULTS_ROOT>/run_statistics/EVALUATION_CORE_v3_A03.csv,491,0.098049553384542,0.10935172171134494,0.04841574250517361,1.885675855927391,3.5173027751630963,2.253618514628558,2.265349388859
RUN_05406,D55_seed_04,go2_prior_metadata,D55,seed_04,A03,AB0111,semisynthetic,false,true,COMPLETED,NONE,true,true,56642,56642,5480,66.005054,339.997056,1.0,66.0,340.0,<V3_ROOT>/FINAL_EVALUATION_RECORDS.json,RUN_05406|v3,/11801/row,v3,COMPLETED,NONE,<V3_ROOT>/FINAL_RUN_RECORDS.json,RUN_05406,<RESULTS_ROOT>/run_statistics/EVALUATION_CORE_v3_A03.csv,492,0.098049553384542,0.10935172171134494,0.04841574250517361,1.885675855927391,3.5173027751630963,2.253618514628558,2.265349388859
RUN_05417,D55_seed_05,go2_prior_metadata,D55,seed_05,A03,AB0111,semisynthetic,false,true,COMPLETED,NONE,true,true,56642,56642,5480,66.005054,339.997056,1.0,66.0,340.0,<V3_ROOT>/FINAL_EVALUATION_RECORDS.json,RUN_05417|v3,/11823/row,v3,COMPLETED,NONE,<V3_ROOT>/FINAL_RUN_RECORDS.json,RUN_05417,<RESULTS_ROOT>/run_statistics/EVALUATION_CORE_v3_A03.csv,493,0.098049553384542,0.10935172171134494,0.04841574250517361,1.885675855927391,3.5173027751630963,2.253618514628558,2.265349388859
RUN_05428,D55_seed_06,go2_prior_metadata,D55,seed_06,A03,AB0111,semisynthetic,false,true,COMPLETED,NONE,true,true,56642,56642,5480,66.005054,339.997056,1.0,66.0,340.0,<V3_ROOT>/FINAL_EVALUATION_RECORDS.json,RUN_05428|v3,/11845/row,v3,COMPLETED,NONE,<V3_ROOT>/FINAL_RUN_RECORDS.json,RUN_05428,<RESULTS_ROOT>/run_statistics/EVALUATION_CORE_v3_A03.csv,494,0.098049553384542,0.10935172171134494,0.04841574250517361,1.885675855927391,3.5173027751630963,2.253618514628558,2.265349388859
RUN_05439,D55_seed_07,go2_prior_metadata,D55,seed_07,A03,AB0111,semisynthetic,false,true,COMPLETED,NONE,true,true,56642,56642,5480,66.005054,339.997056,1.0,66.0,340.0,<V3_ROOT>/FINAL_EVALUATION_RECORDS.json,RUN_05439|v3,/11867/row,v3,COMPLETED,NONE,<V3_ROOT>/FINAL_RUN_RECORDS.json,RUN_05439,<RESULTS_ROOT>/run_statistics/EVALUATION_CORE_v3_A03.csv,495,0.098049553384542,0.10935172171134494,0.04841574250517361,1.885675855927391,3.5173027751630963,2.253618514628558,2.265349388859
RUN_05450,D55_seed_08,go2_prior_metadata,D55,seed_08,A03,AB0111,semisynthetic,false,true,COMPLETED,NONE,true,true,56642,56642,5480,66.005054,339.997056,1.0,66.0,340.0,<V3_ROOT>/FINAL_EVALUATION_RECORDS.json,RUN_05450|v3,/11889/row,v3,COMPLETED,NONE,<V3_ROOT>/FINAL_RUN_RECORDS.json,RUN_05450,<RESULTS_ROOT>/run_statistics/EVALUATION_CORE_v3_A03.csv,496,0.098049553384542,0.10935172171134494,0.04841574250517361,1.885675855927391,3.5173027751630963,2.253618514628558,2.265349388859
RUN_05461,D56_seed_00,go2_prior_metadata,D56,seed_00,A03,AB0111,semisynthetic,false,true,COMPLETED,NONE,true,true,56642,56642,5480,66.005054,339.997056,1.0,66.0,340.0,<V3_ROOT>/FINAL_EVALUATION_RECORDS.json,RUN_05461|v3,/11911/row,v3,COMPLETED,NONE,<V3_ROOT>/FINAL_RUN_RECORDS.json,RUN_05461,<RESULTS_ROOT>/run_statistics/EVALUATION_CORE_v3_A03.csv,497,0.098049553384542,0.10935172171134494,0.04841574250517361,1.885675855927391,3.5173027751630963,2.253618514628558,2.265349388859
RUN_05472,D56_seed_01,go2_prior_metadata,D56,seed_01,A03,AB0111,semisynthetic,false,true,COMPLETED,NONE,true,true,56642,56642,5480,66.005054,339.997056,1.0,66.0,340.0,<V3_ROOT>/FINAL_EVALUATION_RECORDS.json,RUN_05472|v3,/11933/row,v3,COMPLETED,NONE,<V3_ROOT>/FINAL_RUN_RECORDS.json,RUN_05472,<RESULTS_ROOT>/run_statistics/EVALUATION_CORE_v3_A03.csv,498,0.098049553384542,0.10935172171134494,0.04841574250517361,1.885675855927391,3.5173027751630963,2.253618514628558,2.265349388859
RUN_05483,D56_seed_02,go2_prior_metadata,D56,seed_02,A03,AB0111,semisynthetic,false,true,COMPLETED,NONE,true,true,56642,56642,5480,66.005054,339.997056,1.0,66.0,340.0,<V3_ROOT>/FINAL_EVALUATION_RECORDS.json,RUN_05483|v3,/11955/row,v3,COMPLETED,NONE,<V3_ROOT>/FINAL_RUN_RECORDS.json,RUN_05483,<RESULTS_ROOT>/run_statistics/EVALUATION_CORE_v3_A03.csv,499,0.098049553384542,0.10935172171134494,0.04841574250517361,1.885675855927391,3.5173027751630963,2.253618514628558,2.265349388859
RUN_05494,D56_seed_03,go2_prior_metadata,D56,seed_03,A03,AB0111,semisynthetic,false,true,COMPLETED,NONE,true,true,56642,56642,5480,66.005054,339.997056,1.0,66.0,340.0,<V3_ROOT>/FINAL_EVALUATION_RECORDS.json,RUN_05494|v3,/11977/row,v3,COMPLETED,NONE,<V3_ROOT>/FINAL_RUN_RECORDS.json,RUN_05494,<RESULTS_ROOT>/run_statistics/EVALUATION_CORE_v3_A03.csv,500,0.098049553384542,0.10935172171134494,0.04841574250517361,1.885675855927391,3.5173027751630963,2.253618514628558,2.265349388859
RUN_05505,D56_seed_04,go2_prior_metadata,D56,seed_04,A03,AB0111,semisynthetic,false,true,COMPLETED,NONE,true,true,56642,56642,5480,66.005054,339.997056,1.0,66.0,340.0,<V3_ROOT>/FINAL_EVALUATION_RECORDS.json,RUN_05505|v3,/11999/row,v3,COMPLETED,NONE,<V3_ROOT>/FINAL_RUN_RECORDS.json,RUN_05505,<RESULTS_ROOT>/run_statistics/EVALUATION_CORE_v3_A03.csv,501,0.098049553384542,0.10935172171134494,0.04841574250517361,1.885675855927391,3.5173027751630963,2.253618514628558,2.265349388859
RUN_05516,D56_seed_05,go2_prior_metadata,D56,seed_05,A03,AB0111,semisynthetic,false,true,COMPLETED,NONE,true,true,56642,56642,5480,66.005054,339.997056,1.0,66.0,340.0,<V3_ROOT>/FINAL_EVALUATION_RECORDS.json,RUN_05516|v3,/12021/row,v3,COMPLETED,NONE,<V3_ROOT>/FINAL_RUN_RECORDS.json,RUN_05516,<RESULTS_ROOT>/run_statistics/EVALUATION_CORE_v3_A03.csv,502,0.098049553384542,0.10935172171134494,0.04841574250517361,1.885675855927391,3.5173027751630963,2.253618514628558,2.265349388859
RUN_05527,D56_seed_06,go2_prior_metadata,D56,seed_06,A03,AB0111,semisynthetic,false,true,COMPLETED,NONE,true,true,56642,56642,5480,66.005054,339.997056,1.0,66.0,340.0,<V3_ROOT>/FINAL_EVALUATION_RECORDS.json,RUN_05527|v3,/12043/row,v3,COMPLETED,NONE,<V3_ROOT>/FINAL_RUN_RECORDS.json,RUN_05527,<RESULTS_ROOT>/run_statistics/EVALUATION_CORE_v3_A03.csv,503,0.098049553384542,0.10935172171134494,0.04841574250517361,1.885675855927391,3.5173027751630963,2.253618514628558,2.265349388859
RUN_05538,D56_seed_07,go2_prior_metadata,D56,seed_07,A03,AB0111,semisynthetic,false,true,COMPLETED,NONE,true,true,56642,56642,5480,66.005054,339.997056,1.0,66.0,340.0,<V3_ROOT>/FINAL_EVALUATION_RECORDS.json,RUN_05538|v3,/12065/row,v3,COMPLETED,NONE,<V3_ROOT>/FINAL_RUN_RECORDS.json,RUN_05538,<RESULTS_ROOT>/run_statistics/EVALUATION_CORE_v3_A03.csv,504,0.098049553384542,0.10935172171134494,0.04841574250517361,1.885675855927391,3.5173027751630963,2.253618514628558,2.265349388859
RUN_05549,D56_seed_08,go2_prior_metadata,D56,seed_08,A03,AB0111,semisynthetic,false,true,COMPLETED,NONE,true,true,56642,56642,5480,66.005054,339.997056,1.0,66.0,340.0,<V3_ROOT>/FINAL_EVALUATION_RECORDS.json,RUN_05549|v3,/12087/row,v3,COMPLETED,NONE,<V3_ROOT>/FINAL_RUN_RECORDS.json,RUN_05549,<RESULTS_ROOT>/run_statistics/EVALUATION_CORE_v3_A03.csv,505,0.098049553384542,0.10935172171134494,0.04841574250517361,1.885675855927391,3.5173027751630963,2.253618514628558,2.265349388859
RUN_04967,D51_seed_00,go2_prior_metadata,D51,seed_00,A04,AB1011,semisynthetic,false,true,COMPLETED,NONE,true,true,56642,56642,5480,66.005054,339.997056,1.0,66.0,340.0,<V3_ROOT>/FINAL_EVALUATION_RECORDS.json,RUN_04967|v3,/10923/row,v3,COMPLETED,NONE,<V3_ROOT>/FINAL_RUN_RECORDS.json,RUN_04967,<RESULTS_ROOT>/run_statistics/EVALUATION_CORE_v3_A04.csv,452,0.09718338592016298,0.10917691273098537,0.04974924898490288,1.88617935010968,3.5235513469770012,2.4065210868121167,2.328081722879882
RUN_04978,D51_seed_01,go2_prior_metadata,D51,seed_01,A04,AB1011,semisynthetic,false,true,COMPLETED,NONE,true,true,56642,56642,5480,66.005054,339.997056,1.0,66.0,340.0,<V3_ROOT>/FINAL_EVALUATION_RECORDS.json,RUN_04978|v3,/10945/row,v3,COMPLETED,NONE,<V3_ROOT>/FINAL_RUN_RECORDS.json,RUN_04978,<RESULTS_ROOT>/run_statistics/EVALUATION_CORE_v3_A04.csv,453,0.09755789140942384,0.10958766947926656,0.049919085785339,1.8753204019398688,3.5047124885412577,2.399357880297295,2.4241710171814836
RUN_04989,D51_seed_02,go2_prior_metadata,D51,seed_02,A04,AB1011,semisynthetic,false,true,COMPLETED,NONE,true,true,56642,56642,5480,66.005054,339.997056,1.0,66.0,340.0,<V3_ROOT>/FINAL_EVALUATION_RECORDS.json,RUN_04989|v3,/10967/row,v3,COMPLETED,NONE,<V3_ROOT>/FINAL_RUN_RECORDS.json,RUN_04989,<RESULTS_ROOT>/run_statistics/EVALUATION_CORE_v3_A04.csv,454,0.0972180620302641,0.10926245390464238,0.049869151269535554,1.8903694344810107,3.535991859497579,2.45230817618966,2.3613590503204334
RUN_05000,D51_seed_03,go2_prior_metadata,D51,seed_03,A04,AB1011,semisynthetic,false,true,COMPLETED,NONE,true,true,56642,56642,5480,66.005054,339.997056,1.0,66.0,340.0,<V3_ROOT>/FINAL_EVALUATION_RECORDS.json,RUN_05000|v3,/10989/row,v3,COMPLETED,NONE,<V3_ROOT>/FINAL_RUN_RECORDS.json,RUN_05000,<RESULTS_ROOT>/run_statistics/EVALUATION_CORE_v3_A04.csv,455,0.09726878747612891,0.10932543006392852,0.04990824222096578,1.8798878345475563,3.5116440932735675,2.3945587939363273,2.352919650006405
RUN_05011,D51_seed_04,go2_prior_metadata,D51,seed_04,A04,AB1011,semisynthetic,false,true,COMPLETED,NONE,true,true,56642,56642,5480,66.005054,339.997056,1.0,66.0,340.0,<V3_ROOT>/FINAL_EVALUATION_RECORDS.json,RUN_05011|v3,/11011/row,v3,COMPLETED,NONE,<V3_ROOT>/FINAL_RUN_RECORDS.json,RUN_05011,<RESULTS_ROOT>/run_statistics/EVALUATION_CORE_v3_A04.csv,456,0.09709450022132404,0.10924112311381538,0.050062770657835876,1.8863253851828439,3.52286715088202,2.3508210707320583,2.3208580439253708
RUN_05022,D51_seed_05,go2_prior_metadata,D51,seed_05,A04,AB1011,semisynthetic,false,true,COMPLETED,NONE,true,true,56642,56642,5480,66.005054,339.997056,1.0,66.0,340.0,<V3_ROOT>/FINAL_EVALUATION_RECORDS.json,RUN_05022|v3,/11033/row,v3,COMPLETED,NONE,<V3_ROOT>/FINAL_RUN_RECORDS.json,RUN_05022,<RESULTS_ROOT>/run_statistics/EVALUATION_CORE_v3_A04.csv,457,0.09737627975315728,0.10939205071281483,0.04984456741300803,1.8850458691106178,3.519107386308704,2.3526278472093587,2.36453470186216
RUN_05033,D51_seed_06,go2_prior_metadata,D51,seed_06,A04,AB1011,semisynthetic,false,true,COMPLETED,NONE,true,true,56642,56642,5480,66.005054,339.997056,1.0,66.0,340.0,<V3_ROOT>/FINAL_EVALUATION_RECORDS.json,RUN_05033|v3,/11055/row,v3,COMPLETED,NONE,<V3_ROOT>/FINAL_RUN_RECORDS.json,RUN_05033,<RESULTS_ROOT>/run_statistics/EVALUATION_CORE_v3_A04.csv,458,0.09725383808038994,0.10928182823637751,0.04984183946563781,1.8874915851166807,3.526616967644321,2.4223938849255946,2.4607722692427276
RUN_05044,D51_seed_07,go2_prior_metadata,D51,seed_07,A04,AB1011,semisynthetic,false,true,COMPLETED,NONE,true,true,56642,56642,5480,66.005054,339.997056,1.0,66.0,340.0,<V3_ROOT>/FINAL_EVALUATION_RECORDS.json,RUN_05044|v3,/11077/row,v3,COMPLETED,NONE,<V3_ROOT>/FINAL_RUN_RECORDS.json,RUN_05044,<RESULTS_ROOT>/run_statistics/EVALUATION_CORE_v3_A04.csv,459,0.09699461922938535,0.10910361176941594,0.049956400407535205,1.8889826346508405,3.5285901524361005,2.4327722100825993,2.385542891889443
RUN_05055,D51_seed_08,go2_prior_metadata,D51,seed_08,A04,AB1011,semisynthetic,false,true,COMPLETED,NONE,true,true,56642,56642,5480,66.005054,339.997056,1.0,66.0,340.0,<V3_ROOT>/FINAL_EVALUATION_RECORDS.json,RUN_05055|v3,/11099/row,v3,COMPLETED,NONE,<V3_ROOT>/FINAL_RUN_RECORDS.json,RUN_05055,<RESULTS_ROOT>/run_statistics/EVALUATION_CORE_v3_A04.csv,460,0.09720329632371683,0.10923970703077142,0.04984809701455482,1.8830925636039515,3.5134796543380027,2.3656570663964023,2.3733672651319613
RUN_05066,D52_seed_00,go2_prior_metadata,D52,seed_00,A04,AB1011,semisynthetic,false,true,COMPLETED,NONE,true,true,56642,56642,5480,66.005054,339.997056,1.0,66.0,340.0,<V3_ROOT>/FINAL_EVALUATION_RECORDS.json,RUN_05066|v3,/11121/row,v3,COMPLETED,NONE,<V3_ROOT>/FINAL_RUN_RECORDS.json,RUN_05066,<RESULTS_ROOT>/run_statistics/EVALUATION_CORE_v3_A04.csv,461,0.09681860623280827,0.10846780749915982,0.04890217531778326,1.9135140682664242,3.588183157967802,2.758841031355235,2.335183479693415
RUN_05077,D52_seed_01,go2_prior_metadata,D52,seed_01,A04,AB1011,semisynthetic,false,true,COMPLETED,NONE,true,true,56642,56642,5480,66.005054,339.997056,1.0,66.0,340.0,<V3_ROOT>/FINAL_EVALUATION_RECORDS.json,RUN_05077|v3,/11143/row,v3,COMPLETED,NONE,<V3_ROOT>/FINAL_RUN_RECORDS.json,RUN_05077,<RESULTS_ROOT>/run_statistics/EVALUATION_CORE_v3_A04.csv,462,0.09740058878363374,0.10927639669988176,0.04954246845193935,1.8983737646384529,3.5484520573134617,2.4554514690556037,2.71030865434609
RUN_05088,D52_seed_02,go2_prior_metadata,D52,seed_02,A04,AB1011,semisynthetic,false,true,COMPLETED,NONE,true,true,56642,56642,5480,66.005054,339.997056,1.0,66.0,340.0,<V3_ROOT>/FINAL_EVALUATION_RECORDS.json,RUN_05088|v3,/11165/row,v3,COMPLETED,NONE,<V3_ROOT>/FINAL_RUN_RECORDS.json,RUN_05088,<RESULTS_ROOT>/run_statistics/EVALUATION_CORE_v3_A04.csv,463,0.0976544045566587,0.11028232117282649,0.05124263492396628,1.8477237769735382,3.4236344932259586,2.0619213928568043,2.478644080999416
RUN_05099,D52_seed_03,go2_prior_metadata,D52,seed_03,A04,AB1011,semisynthetic,false,true,COMPLETED,NONE,true,true,56642,56642,5480,66.005054,339.997056,1.0,66.0,340.0,<V3_ROOT>/FINAL_EVALUATION_RECORDS.json,RUN_05099|v3,/11187/row,v3,COMPLETED,NONE,<V3_ROOT>/FINAL_RUN_RECORDS.json,RUN_05099,<RESULTS_ROOT>/run_statistics/EVALUATION_CORE_v3_A04.csv,464,0.09696738452414733,0.10964439513196622,0.051178313008547756,1.841715644314749,3.418843418730065,1.9204427303013645,2.0828922563086625
RUN_05110,D52_seed_04,go2_prior_metadata,D52,seed_04,A04,AB1011,semisynthetic,false,true,COMPLETED,NONE,true,true,56642,56642,5480,66.005054,339.997056,1.0,66.0,340.0,<V3_ROOT>/FINAL_EVALUATION_RECORDS.json,RUN_05110|v3,/11209/row,v3,COMPLETED,NONE,<V3_ROOT>/FINAL_RUN_RECORDS.json,RUN_05110,<RESULTS_ROOT>/run_statistics/EVALUATION_CORE_v3_A04.csv,465,0.09725994001223619,0.11003391787185345,0.05145840214237133,1.8360534070118744,3.4054905659485404,1.990881166763572,2.1266418276441463
RUN_05121,D52_seed_05,go2_prior_metadata,D52,seed_05,A04,AB1011,semisynthetic,false,true,COMPLETED,NONE,true,true,56642,56642,5480,66.005054,339.997056,1.0,66.0,340.0,<V3_ROOT>/FINAL_EVALUATION_RECORDS.json,RUN_05121|v3,/11231/row,v3,COMPLETED,NONE,<V3_ROOT>/FINAL_RUN_RECORDS.json,RUN_05121,<RESULTS_ROOT>/run_statistics/EVALUATION_CORE_v3_A04.csv,466,0.09727919922424967,0.11005567980866446,0.05146853462491438,1.8359169142401748,3.404584778868654,1.9954516904130992,2.133631202556672
RUN_05132,D52_seed_06,go2_prior_metadata,D52,seed_06,A04,AB1011,semisynthetic,false,true,COMPLETED,NONE,true,true,56642,56642,5480,66.005054,339.997056,1.0,66.0,340.0,<V3_ROOT>/FINAL_EVALUATION_RECORDS.json,RUN_05132|v3,/11253/row,v3,COMPLETED,NONE,<V3_ROOT>/FINAL_RUN_RECORDS.json,RUN_05132,<RESULTS_ROOT>/run_statistics/EVALUATION_CORE_v3_A04.csv,467,0.0972594478870783,0.11003332371706051,0.05145806180691349,1.836058279217715,3.405440297248539,1.9907350529206937,2.1264303989194917
RUN_05143,D52_seed_07,go2_prior_metadata,D52,seed_07,A04,AB1011,semisynthetic,false,true,COMPLETED,NONE,true,true,56642,56642,5480,66.005054,339.997056,1.0,66.0,340.0,<V3_ROOT>/FINAL_EVALUATION_RECORDS.json,RUN_05143|v3,/11275/row,v3,COMPLETED,NONE,<V3_ROOT>/FINAL_RUN_RECORDS.json,RUN_05143,<RESULTS_ROOT>/run_statistics/EVALUATION_CORE_v3_A04.csv,468,0.09658449269902171,0.10823513963047054,0.048849577489473536,1.9132351688769362,3.588015650532357,2.7540728412782784,2.198650664500204
RUN_05154,D52_seed_08,go2_prior_metadata,D52,seed_08,A04,AB1011,semisynthetic,false,true,COMPLETED,NONE,true,true,56642,56642,5480,66.005054,339.997056,1.0,66.0,340.0,<V3_ROOT>/FINAL_EVALUATION_RECORDS.json,RUN_05154|v3,/11297/row,v3,COMPLETED,NONE,<V3_ROOT>/FINAL_RUN_RECORDS.json,RUN_05154,<RESULTS_ROOT>/run_statistics/EVALUATION_CORE_v3_A04.csv,469,0.09630425561800245,0.1080967712234112,0.04909584808096245,1.903099864734785,3.561567622102799,2.5146345277957,2.1119848563359933
RUN_05165,D53_seed_00,go2_prior_metadata,D53,seed_00,A04,AB1011,semisynthetic,false,true,COMPLETED,NONE,true,true,56642,56642,5480,66.005054,339.997056,1.0,66.0,340.0,<V3_ROOT>/FINAL_EVALUATION_RECORDS.json,RUN_05165|v3,/11319/row,v3,COMPLETED,NONE,<V3_ROOT>/FINAL_RUN_RECORDS.json,RUN_05165,<RESULTS_ROOT>/run_statistics/EVALUATION_CORE_v3_A04.csv,470,0.1086991951471017,0.11964766632606391,0.05000049031405018,1.886239709955484,3.5109456064962,2.069870746089492,2.142106800431022
RUN_05176,D53_seed_01,go2_prior_metadata,D53,seed_01,A04,AB1011,semisynthetic,false,true,COMPLETED,NONE,true,true,56642,56642,5480,66.005054,339.997056,1.0,66.0,340.0,<V3_ROOT>/FINAL_EVALUATION_RECORDS.json,RUN_05176|v3,/11341/row,v3,COMPLETED,NONE,<V3_ROOT>/FINAL_RUN_RECORDS.json,RUN_05176,<RESULTS_ROOT>/run_statistics/EVALUATION_CORE_v3_A04.csv,471,0.10829136648824841,0.119271397477516,0.04998646017020487,1.8785127278105884,3.4970731531756,2.066580727479256,2.1434784914502285
RUN_05187,D53_seed_02,go2_prior_metadata,D53,seed_02,A04,AB1011,semisynthetic,false,true,COMPLETED,NONE,true,true,56642,56642,5480,66.005054,339.997056,1.0,66.0,340.0,<V3_ROOT>/FINAL_EVALUATION_RECORDS.json,RUN_05187|v3,/11363/row,v3,COMPLETED,NONE,<V3_ROOT>/FINAL_RUN_RECORDS.json,RUN_05187,<RESULTS_ROOT>/run_statistics/EVALUATION_CORE_v3_A04.csv,472,0.10943423759179885,0.12031879544850134,0.05000760123101304,1.8728908727165245,3.479844709894155,2.0620033672024585,2.142130021741046
RUN_05198,D53_seed_03,go2_prior_metadata,D53,seed_03,A04,AB1011,semisynthetic,false,true,COMPLETED,NONE,true,true,56642,56642,5480,66.005054,339.997056,1.0,66.0,340.0,<V3_ROOT>/FINAL_EVALUATION_RECORDS.json,RUN_05198|v3,/11385/row,v3,COMPLETED,NONE,<V3_ROOT>/FINAL_RUN_RECORDS.json,RUN_05198,<RESULTS_ROOT>/run_statistics/EVALUATION_CORE_v3_A04.csv,473,0.1108195581051346,0.12157919220160011,0.05000525490162326,1.8742269191327996,3.4931788101156895,2.0655409724528875,2.1395765801930504
RUN_05209,D53_seed_04,go2_prior_metadata,D53,seed_04,A04,AB1011,semisynthetic,false,true,COMPLETED,NONE,true,true,56642,56642,5480,66.005054,339.997056,1.0,66.0,340.0,<V3_ROOT>/FINAL_EVALUATION_RECORDS.json,RUN_05209|v3,/11407/row,v3,COMPLETED,NONE,<V3_ROOT>/FINAL_RUN_RECORDS.json,RUN_05209,<RESULTS_ROOT>/run_statistics/EVALUATION_CORE_v3_A04.csv,474,0.10976625792966963,0.12061980866977967,0.050005068379630195,1.8976612462520137,3.5261236985827393,2.0620441143307837,2.134278214302323
RUN_05220,D53_seed_05,go2_prior_metadata,D53,seed_05,A04,AB1011,semisynthetic,false,true,COMPLETED,NONE,true,true,56642,56642,5480,66.005054,339.997056,1.0,66.0,340.0,<V3_ROOT>/FINAL_EVALUATION_RECORDS.json,RUN_05220|v3,/11429/row,v3,COMPLETED,NONE,<V3_ROOT>/FINAL_RUN_RECORDS.json,RUN_05220,<RESULTS_ROOT>/run_statistics/EVALUATION_CORE_v3_A04.csv,475,0.1085567466982767,0.11953773033061606,0.05004699510341532,1.8899821035456676,3.517143848829992,2.0695376940216583,2.136991441771627
RUN_05231,D53_seed_06,go2_prior_metadata,D53,seed_06,A04,AB1011,semisynthetic,false,true,COMPLETED,NONE,true,true,56642,56642,5480,66.005054,339.997056,1.0,66.0,340.0,<V3_ROOT>/FINAL_EVALUATION_RECORDS.json,RUN_05231|v3,/11451/row,v3,COMPLETED,NONE,<V3_ROOT>/FINAL_RUN_RECORDS.json,RUN_05231,<RESULTS_ROOT>/run_statistics/EVALUATION_CORE_v3_A04.csv,476,0.11042166191690016,0.12120247121388646,0.04997094763823051,1.8896918169536718,3.5109158725190626,2.0726360622277062,2.145330310905597
RUN_05242,D53_seed_07,go2_prior_metadata,D53,seed_07,A04,AB1011,semisynthetic,false,true,COMPLETED,NONE,true,true,56642,56642,5480,66.005054,339.997056,1.0,66.0,340.0,<V3_ROOT>/FINAL_EVALUATION_RECORDS.json,RUN_05242|v3,/11473/row,v3,COMPLETED,NONE,<V3_ROOT>/FINAL_RUN_RECORDS.json,RUN_05242,<RESULTS_ROOT>/run_statistics/EVALUATION_CORE_v3_A04.csv,477,0.1099709749496746,0.12081211434070475,0.050019512593482564,1.8852805720147678,3.504498538182812,2.0687671353555586,2.1430678318940575
RUN_05253,D53_seed_08,go2_prior_metadata,D53,seed_08,A04,AB1011,semisynthetic,false,true,COMPLETED,NONE,true,true,56642,56642,5480,66.005054,339.997056,1.0,66.0,340.0,<V3_ROOT>/FINAL_EVALUATION_RECORDS.json,RUN_05253|v3,/11495/row,v3,COMPLETED,NONE,<V3_ROOT>/FINAL_RUN_RECORDS.json,RUN_05253,<RESULTS_ROOT>/run_statistics/EVALUATION_CORE_v3_A04.csv,478,0.10760381132393088,0.1186387863160843,0.049965802376399325,1.8889538025509365,3.514701631083186,2.0657362809456328,2.1403177152627455
RUN_05264,D54_seed_00,go2_prior_metadata,D54,seed_00,A04,AB1011,semisynthetic,false,true,COMPLETED,NONE,true,true,56642,56642,5480,66.005054,339.997056,1.0,66.0,340.0,<V3_ROOT>/FINAL_EVALUATION_RECORDS.json,RUN_05264|v3,/11517/row,v3,COMPLETED,NONE,<V3_ROOT>/FINAL_RUN_RECORDS.json,RUN_05264,<RESULTS_ROOT>/run_statistics/EVALUATION_CORE_v3_A04.csv,479,0.1154224192018557,0.12580014605651768,0.050033407773529395,1.8849021676245479,3.5055063842651526,2.063263274692975,2.1416582724715836
RUN_05275,D54_seed_01,go2_prior_metadata,D54,seed_01,A04,AB1011,semisynthetic,false,true,COMPLETED,NONE,true,true,56642,56642,5480,66.005054,339.997056,1.0,66.0,340.0,<V3_ROOT>/FINAL_EVALUATION_RECORDS.json,RUN_05275|v3,/11539/row,v3,COMPLETED,NONE,<V3_ROOT>/FINAL_RUN_RECORDS.json,RUN_05275,<RESULTS_ROOT>/run_statistics/EVALUATION_CORE_v3_A04.csv,480,0.1154224192018557,0.12580014605651768,0.050033407773529395,1.8849021676245479,3.5055063842651526,2.063263274692975,2.1416582724715836
RUN_05286,D54_seed_02,go2_prior_metadata,D54,seed_02,A04,AB1011,semisynthetic,false,true,COMPLETED,NONE,true,true,56642,56642,5480,66.005054,339.997056,1.0,66.0,340.0,<V3_ROOT>/FINAL_EVALUATION_RECORDS.json,RUN_05286|v3,/11561/row,v3,COMPLETED,NONE,<V3_ROOT>/FINAL_RUN_RECORDS.json,RUN_05286,<RESULTS_ROOT>/run_statistics/EVALUATION_CORE_v3_A04.csv,481,0.1154224192018557,0.12580014605651768,0.050033407773529395,1.8849021676245479,3.5055063842651526,2.063263274692975,2.1416582724715836
RUN_05297,D54_seed_03,go2_prior_metadata,D54,seed_03,A04,AB1011,semisynthetic,false,true,COMPLETED,NONE,true,true,56642,56642,5480,66.005054,339.997056,1.0,66.0,340.0,<V3_ROOT>/FINAL_EVALUATION_RECORDS.json,RUN_05297|v3,/11583/row,v3,COMPLETED,NONE,<V3_ROOT>/FINAL_RUN_RECORDS.json,RUN_05297,<RESULTS_ROOT>/run_statistics/EVALUATION_CORE_v3_A04.csv,482,0.1154224192018557,0.12580014605651768,0.050033407773529395,1.8849021676245479,3.5055063842651526,2.063263274692975,2.1416582724715836
RUN_05308,D54_seed_04,go2_prior_metadata,D54,seed_04,A04,AB1011,semisynthetic,false,true,COMPLETED,NONE,true,true,56642,56642,5480,66.005054,339.997056,1.0,66.0,340.0,<V3_ROOT>/FINAL_EVALUATION_RECORDS.json,RUN_05308|v3,/11605/row,v3,COMPLETED,NONE,<V3_ROOT>/FINAL_RUN_RECORDS.json,RUN_05308,<RESULTS_ROOT>/run_statistics/EVALUATION_CORE_v3_A04.csv,483,0.09691487209731076,0.10906143404363877,0.050019035996477036,1.8857939301102657,3.508706794550012,2.067062412102382,2.141167353811763
RUN_05319,D54_seed_05,go2_prior_metadata,D54,seed_05,A04,AB1011,semisynthetic,false,true,COMPLETED,NONE,true,true,56642,56642,5480,66.005054,339.997056,1.0,66.0,340.0,<V3_ROOT>/FINAL_EVALUATION_RECORDS.json,RUN_05319|v3,/11627/row,v3,COMPLETED,NONE,<V3_ROOT>/FINAL_RUN_RECORDS.json,RUN_05319,<RESULTS_ROOT>/run_statistics/EVALUATION_CORE_v3_A04.csv,484,0.09692391541125177,0.10906940881734138,0.05001890203829801,1.8859574625504663,3.508941700750018,2.0670731546269807,2.141140377929958
RUN_05330,D54_seed_06,go2_prior_metadata,D54,seed_06,A04,AB1011,semisynthetic,false,true,COMPLETED,NONE,true,true,56642,56642,5480,66.005054,339.997056,1.0,66.0,340.0,<V3_ROOT>/FINAL_EVALUATION_RECORDS.json,RUN_05330|v3,/11649/row,v3,COMPLETED,NONE,<V3_ROOT>/FINAL_RUN_RECORDS.json,RUN_05330,<RESULTS_ROOT>/run_statistics/EVALUATION_CORE_v3_A04.csv,485,0.09694567834344599,0.1090887162183,0.05001883102078552,1.8860627325241028,3.5091042359999953,2.0670535748715935,2.141152243166664
RUN_05341,D54_seed_07,go2_prior_metadata,D54,seed_07,A04,AB1011,semisynthetic,false,true,COMPLETED,NONE,true,true,56642,56642,5480,66.005054,339.997056,1.0,66.0,340.0,<V3_ROOT>/FINAL_EVALUATION_RECORDS.json,RUN_05341|v3,/11671/row,v3,COMPLETED,NONE,<V3_ROOT>/FINAL_RUN_RECORDS.json,RUN_05341,<RESULTS_ROOT>/run_statistics/EVALUATION_CORE_v3_A04.csv,486,0.09693730227364232,0.10908128421454044,0.050018856382386914,1.8858957145550603,3.5089123586635025,2.067081624918087,2.1411355832735466
RUN_05352,D54_seed_08,go2_prior_metadata,D54,seed_08,A04,AB1011,semisynthetic,false,true,COMPLETED,NONE,true,true,56642,56642,5480,66.005054,339.997056,1.0,66.0,340.0,<V3_ROOT>/FINAL_EVALUATION_RECORDS.json,RUN_05352|v3,/11693/row,v3,COMPLETED,NONE,<V3_ROOT>/FINAL_RUN_RECORDS.json,RUN_05352,<RESULTS_ROOT>/run_statistics/EVALUATION_CORE_v3_A04.csv,487,0.11540735967458436,0.12578643318262023,0.05003366972096791,1.8846766381853244,3.5048890600148166,2.063274963936018,2.1416992197065956
RUN_05363,D55_seed_00,go2_prior_metadata,D55,seed_00,A04,AB1011,semisynthetic,false,true,COMPLETED,NONE,true,true,56642,56642,5480,66.005054,339.997056,1.0,66.0,340.0,<V3_ROOT>/FINAL_EVALUATION_RECORDS.json,RUN_05363|v3,/11715/row,v3,COMPLETED,NONE,<V3_ROOT>/FINAL_RUN_RECORDS.json,RUN_05363,<RESULTS_ROOT>/run_statistics/EVALUATION_CORE_v3_A04.csv,488,0.09691990156944293,0.10906584829660972,0.05001891586618585,1.886000833151237,3.509204065400018,2.067087299693141,2.141149184458976
RUN_05374,D55_seed_01,go2_prior_metadata,D55,seed_01,A04,AB1011,semisynthetic,false,true,COMPLETED,NONE,true,true,56642,56642,5480,66.005054,339.997056,1.0,66.0,340.0,<V3_ROOT>/FINAL_EVALUATION_RECORDS.json,RUN_05374|v3,/11737/row,v3,COMPLETED,NONE,<V3_ROOT>/FINAL_RUN_RECORDS.json,RUN_05374,<RESULTS_ROOT>/run_statistics/EVALUATION_CORE_v3_A04.csv,489,0.09691990156944293,0.10906584829660972,0.05001891586618585,1.886000833151237,3.509204065400018,2.067087299693141,2.141149184458976
RUN_05385,D55_seed_02,go2_prior_metadata,D55,seed_02,A04,AB1011,semisynthetic,false,true,COMPLETED,NONE,true,true,56642,56642,5480,66.005054,339.997056,1.0,66.0,340.0,<V3_ROOT>/FINAL_EVALUATION_RECORDS.json,RUN_05385|v3,/11759/row,v3,COMPLETED,NONE,<V3_ROOT>/FINAL_RUN_RECORDS.json,RUN_05385,<RESULTS_ROOT>/run_statistics/EVALUATION_CORE_v3_A04.csv,490,0.09691990156944293,0.10906584829660972,0.05001891586618585,1.886000833151237,3.509204065400018,2.067087299693141,2.141149184458976
RUN_05396,D55_seed_03,go2_prior_metadata,D55,seed_03,A04,AB1011,semisynthetic,false,true,COMPLETED,NONE,true,true,56642,56642,5480,66.005054,339.997056,1.0,66.0,340.0,<V3_ROOT>/FINAL_EVALUATION_RECORDS.json,RUN_05396|v3,/11781/row,v3,COMPLETED,NONE,<V3_ROOT>/FINAL_RUN_RECORDS.json,RUN_05396,<RESULTS_ROOT>/run_statistics/EVALUATION_CORE_v3_A04.csv,491,0.09691990156944293,0.10906584829660972,0.05001891586618585,1.886000833151237,3.509204065400018,2.067087299693141,2.141149184458976
RUN_05407,D55_seed_04,go2_prior_metadata,D55,seed_04,A04,AB1011,semisynthetic,false,true,COMPLETED,NONE,true,true,56642,56642,5480,66.005054,339.997056,1.0,66.0,340.0,<V3_ROOT>/FINAL_EVALUATION_RECORDS.json,RUN_05407|v3,/11803/row,v3,COMPLETED,NONE,<V3_ROOT>/FINAL_RUN_RECORDS.json,RUN_05407,<RESULTS_ROOT>/run_statistics/EVALUATION_CORE_v3_A04.csv,492,0.09691990156944293,0.10906584829660972,0.05001891586618585,1.886000833151237,3.509204065400018,2.067087299693141,2.141149184458976
RUN_05418,D55_seed_05,go2_prior_metadata,D55,seed_05,A04,AB1011,semisynthetic,false,true,COMPLETED,NONE,true,true,56642,56642,5480,66.005054,339.997056,1.0,66.0,340.0,<V3_ROOT>/FINAL_EVALUATION_RECORDS.json,RUN_05418|v3,/11825/row,v3,COMPLETED,NONE,<V3_ROOT>/FINAL_RUN_RECORDS.json,RUN_05418,<RESULTS_ROOT>/run_statistics/EVALUATION_CORE_v3_A04.csv,493,0.09691990156944293,0.10906584829660972,0.05001891586618585,1.886000833151237,3.509204065400018,2.067087299693141,2.141149184458976
RUN_05429,D55_seed_06,go2_prior_metadata,D55,seed_06,A04,AB1011,semisynthetic,false,true,COMPLETED,NONE,true,true,56642,56642,5480,66.005054,339.997056,1.0,66.0,340.0,<V3_ROOT>/FINAL_EVALUATION_RECORDS.json,RUN_05429|v3,/11847/row,v3,COMPLETED,NONE,<V3_ROOT>/FINAL_RUN_RECORDS.json,RUN_05429,<RESULTS_ROOT>/run_statistics/EVALUATION_CORE_v3_A04.csv,494,0.09691990156944293,0.10906584829660972,0.05001891586618585,1.886000833151237,3.509204065400018,2.067087299693141,2.141149184458976
RUN_05440,D55_seed_07,go2_prior_metadata,D55,seed_07,A04,AB1011,semisynthetic,false,true,COMPLETED,NONE,true,true,56642,56642,5480,66.005054,339.997056,1.0,66.0,340.0,<V3_ROOT>/FINAL_EVALUATION_RECORDS.json,RUN_05440|v3,/11869/row,v3,COMPLETED,NONE,<V3_ROOT>/FINAL_RUN_RECORDS.json,RUN_05440,<RESULTS_ROOT>/run_statistics/EVALUATION_CORE_v3_A04.csv,495,0.09691990156944293,0.10906584829660972,0.05001891586618585,1.886000833151237,3.509204065400018,2.067087299693141,2.141149184458976
RUN_05451,D55_seed_08,go2_prior_metadata,D55,seed_08,A04,AB1011,semisynthetic,false,true,COMPLETED,NONE,true,true,56642,56642,5480,66.005054,339.997056,1.0,66.0,340.0,<V3_ROOT>/FINAL_EVALUATION_RECORDS.json,RUN_05451|v3,/11891/row,v3,COMPLETED,NONE,<V3_ROOT>/FINAL_RUN_RECORDS.json,RUN_05451,<RESULTS_ROOT>/run_statistics/EVALUATION_CORE_v3_A04.csv,496,0.09691990156944293,0.10906584829660972,0.05001891586618585,1.886000833151237,3.509204065400018,2.067087299693141,2.141149184458976
RUN_05462,D56_seed_00,go2_prior_metadata,D56,seed_00,A04,AB1011,semisynthetic,false,true,COMPLETED,NONE,true,true,56642,56642,5480,66.005054,339.997056,1.0,66.0,340.0,<V3_ROOT>/FINAL_EVALUATION_RECORDS.json,RUN_05462|v3,/11913/row,v3,COMPLETED,NONE,<V3_ROOT>/FINAL_RUN_RECORDS.json,RUN_05462,<RESULTS_ROOT>/run_statistics/EVALUATION_CORE_v3_A04.csv,497,0.09691990156944293,0.10906584829660972,0.05001891586618585,1.886000833151237,3.509204065400018,2.067087299693141,2.141149184458976
RUN_05473,D56_seed_01,go2_prior_metadata,D56,seed_01,A04,AB1011,semisynthetic,false,true,COMPLETED,NONE,true,true,56642,56642,5480,66.005054,339.997056,1.0,66.0,340.0,<V3_ROOT>/FINAL_EVALUATION_RECORDS.json,RUN_05473|v3,/11935/row,v3,COMPLETED,NONE,<V3_ROOT>/FINAL_RUN_RECORDS.json,RUN_05473,<RESULTS_ROOT>/run_statistics/EVALUATION_CORE_v3_A04.csv,498,0.09691990156944293,0.10906584829660972,0.05001891586618585,1.886000833151237,3.509204065400018,2.067087299693141,2.141149184458976
RUN_05484,D56_seed_02,go2_prior_metadata,D56,seed_02,A04,AB1011,semisynthetic,false,true,COMPLETED,NONE,true,true,56642,56642,5480,66.005054,339.997056,1.0,66.0,340.0,<V3_ROOT>/FINAL_EVALUATION_RECORDS.json,RUN_05484|v3,/11957/row,v3,COMPLETED,NONE,<V3_ROOT>/FINAL_RUN_RECORDS.json,RUN_05484,<RESULTS_ROOT>/run_statistics/EVALUATION_CORE_v3_A04.csv,499,0.09691990156944293,0.10906584829660972,0.05001891586618585,1.886000833151237,3.509204065400018,2.067087299693141,2.141149184458976
RUN_05495,D56_seed_03,go2_prior_metadata,D56,seed_03,A04,AB1011,semisynthetic,false,true,COMPLETED,NONE,true,true,56642,56642,5480,66.005054,339.997056,1.0,66.0,340.0,<V3_ROOT>/FINAL_EVALUATION_RECORDS.json,RUN_05495|v3,/11979/row,v3,COMPLETED,NONE,<V3_ROOT>/FINAL_RUN_RECORDS.json,RUN_05495,<RESULTS_ROOT>/run_statistics/EVALUATION_CORE_v3_A04.csv,500,0.09691990156944293,0.10906584829660972,0.05001891586618585,1.886000833151237,3.509204065400018,2.067087299693141,2.141149184458976
RUN_05506,D56_seed_04,go2_prior_metadata,D56,seed_04,A04,AB1011,semisynthetic,false,true,COMPLETED,NONE,true,true,56642,56642,5480,66.005054,339.997056,1.0,66.0,340.0,<V3_ROOT>/FINAL_EVALUATION_RECORDS.json,RUN_05506|v3,/12001/row,v3,COMPLETED,NONE,<V3_ROOT>/FINAL_RUN_RECORDS.json,RUN_05506,<RESULTS_ROOT>/run_statistics/EVALUATION_CORE_v3_A04.csv,501,0.09691990156944293,0.10906584829660972,0.05001891586618585,1.886000833151237,3.509204065400018,2.067087299693141,2.141149184458976
RUN_05517,D56_seed_05,go2_prior_metadata,D56,seed_05,A04,AB1011,semisynthetic,false,true,COMPLETED,NONE,true,true,56642,56642,5480,66.005054,339.997056,1.0,66.0,340.0,<V3_ROOT>/FINAL_EVALUATION_RECORDS.json,RUN_05517|v3,/12023/row,v3,COMPLETED,NONE,<V3_ROOT>/FINAL_RUN_RECORDS.json,RUN_05517,<RESULTS_ROOT>/run_statistics/EVALUATION_CORE_v3_A04.csv,502,0.09691990156944293,0.10906584829660972,0.05001891586618585,1.886000833151237,3.509204065400018,2.067087299693141,2.141149184458976
RUN_05528,D56_seed_06,go2_prior_metadata,D56,seed_06,A04,AB1011,semisynthetic,false,true,COMPLETED,NONE,true,true,56642,56642,5480,66.005054,339.997056,1.0,66.0,340.0,<V3_ROOT>/FINAL_EVALUATION_RECORDS.json,RUN_05528|v3,/12045/row,v3,COMPLETED,NONE,<V3_ROOT>/FINAL_RUN_RECORDS.json,RUN_05528,<RESULTS_ROOT>/run_statistics/EVALUATION_CORE_v3_A04.csv,503,0.09691990156944293,0.10906584829660972,0.05001891586618585,1.886000833151237,3.509204065400018,2.067087299693141,2.141149184458976
RUN_05539,D56_seed_07,go2_prior_metadata,D56,seed_07,A04,AB1011,semisynthetic,false,true,COMPLETED,NONE,true,true,56642,56642,5480,66.005054,339.997056,1.0,66.0,340.0,<V3_ROOT>/FINAL_EVALUATION_RECORDS.json,RUN_05539|v3,/12067/row,v3,COMPLETED,NONE,<V3_ROOT>/FINAL_RUN_RECORDS.json,RUN_05539,<RESULTS_ROOT>/run_statistics/EVALUATION_CORE_v3_A04.csv,504,0.09691990156944293,0.10906584829660972,0.05001891586618585,1.886000833151237,3.509204065400018,2.067087299693141,2.141149184458976
RUN_05550,D56_seed_08,go2_prior_metadata,D56,seed_08,A04,AB1011,semisynthetic,false,true,COMPLETED,NONE,true,true,56642,56642,5480,66.005054,339.997056,1.0,66.0,340.0,<V3_ROOT>/FINAL_EVALUATION_RECORDS.json,RUN_05550|v3,/12089/row,v3,COMPLETED,NONE,<V3_ROOT>/FINAL_RUN_RECORDS.json,RUN_05550,<RESULTS_ROOT>/run_statistics/EVALUATION_CORE_v3_A04.csv,505,0.09691990156944293,0.10906584829660972,0.05001891586618585,1.886000833151237,3.509204065400018,2.067087299693141,2.141149184458976
RUN_04968,D51_seed_00,go2_prior_metadata,D51,seed_00,A05,AB1101,semisynthetic,false,true,COMPLETED,NONE,true,true,56642,56642,5480,66.005054,339.997056,1.0,66.0,340.0,<V3_ROOT>/FINAL_EVALUATION_RECORDS.json,RUN_04968|v3,/10925/row,v3,COMPLETED,NONE,<V3_ROOT>/FINAL_RUN_RECORDS.json,RUN_04968,<RESULTS_ROOT>/run_statistics/EVALUATION_CORE_v3_A05.csv,452,0.0986391382864622,0.10990804753877606,0.04847782288727539,1.913840178316258,3.616925518683951,3.3263435728431436,2.9293002515054924
RUN_04979,D51_seed_01,go2_prior_metadata,D51,seed_01,A05,AB1101,semisynthetic,false,true,COMPLETED,NONE,true,true,56642,56642,5480,66.005054,339.997056,1.0,66.0,340.0,<V3_ROOT>/FINAL_EVALUATION_RECORDS.json,RUN_04979|v3,/10947/row,v3,COMPLETED,NONE,<V3_ROOT>/FINAL_RUN_RECORDS.json,RUN_04979,<RESULTS_ROOT>/run_statistics/EVALUATION_CORE_v3_A05.csv,453,0.0986391382864622,0.10990804753877606,0.04847782288727539,1.913840178316258,3.616925518683951,3.3263435728431436,2.9293002515054924
RUN_04990,D51_seed_02,go2_prior_metadata,D51,seed_02,A05,AB1101,semisynthetic,false,true,COMPLETED,NONE,true,true,56642,56642,5480,66.005054,339.997056,1.0,66.0,340.0,<V3_ROOT>/FINAL_EVALUATION_RECORDS.json,RUN_04990|v3,/10969/row,v3,COMPLETED,NONE,<V3_ROOT>/FINAL_RUN_RECORDS.json,RUN_04990,<RESULTS_ROOT>/run_statistics/EVALUATION_CORE_v3_A05.csv,454,0.0986391382864622,0.10990804753877606,0.04847782288727539,1.913840178316258,3.616925518683951,3.3263435728431436,2.9293002515054924
RUN_05001,D51_seed_03,go2_prior_metadata,D51,seed_03,A05,AB1101,semisynthetic,false,true,COMPLETED,NONE,true,true,56642,56642,5480,66.005054,339.997056,1.0,66.0,340.0,<V3_ROOT>/FINAL_EVALUATION_RECORDS.json,RUN_05001|v3,/10991/row,v3,COMPLETED,NONE,<V3_ROOT>/FINAL_RUN_RECORDS.json,RUN_05001,<RESULTS_ROOT>/run_statistics/EVALUATION_CORE_v3_A05.csv,455,0.0986391382864622,0.10990804753877606,0.04847782288727539,1.913840178316258,3.616925518683951,3.3263435728431436,2.9293002515054924
RUN_05012,D51_seed_04,go2_prior_metadata,D51,seed_04,A05,AB1101,semisynthetic,false,true,COMPLETED,NONE,true,true,56642,56642,5480,66.005054,339.997056,1.0,66.0,340.0,<V3_ROOT>/FINAL_EVALUATION_RECORDS.json,RUN_05012|v3,/11013/row,v3,COMPLETED,NONE,<V3_ROOT>/FINAL_RUN_RECORDS.json,RUN_05012,<RESULTS_ROOT>/run_statistics/EVALUATION_CORE_v3_A05.csv,456,0.0986391382864622,0.10990804753877606,0.04847782288727539,1.913840178316258,3.616925518683951,3.3263435728431436,2.9293002515054924
RUN_05023,D51_seed_05,go2_prior_metadata,D51,seed_05,A05,AB1101,semisynthetic,false,true,COMPLETED,NONE,true,true,56642,56642,5480,66.005054,339.997056,1.0,66.0,340.0,<V3_ROOT>/FINAL_EVALUATION_RECORDS.json,RUN_05023|v3,/11035/row,v3,COMPLETED,NONE,<V3_ROOT>/FINAL_RUN_RECORDS.json,RUN_05023,<RESULTS_ROOT>/run_statistics/EVALUATION_CORE_v3_A05.csv,457,0.0986391382864622,0.10990804753877606,0.04847782288727539,1.913840178316258,3.616925518683951,3.3263435728431436,2.9293002515054924
RUN_05034,D51_seed_06,go2_prior_metadata,D51,seed_06,A05,AB1101,semisynthetic,false,true,COMPLETED,NONE,true,true,56642,56642,5480,66.005054,339.997056,1.0,66.0,340.0,<V3_ROOT>/FINAL_EVALUATION_RECORDS.json,RUN_05034|v3,/11057/row,v3,COMPLETED,NONE,<V3_ROOT>/FINAL_RUN_RECORDS.json,RUN_05034,<RESULTS_ROOT>/run_statistics/EVALUATION_CORE_v3_A05.csv,458,0.0986391382864622,0.10990804753877606,0.04847782288727539,1.913840178316258,3.616925518683951,3.3263435728431436,2.9293002515054924
RUN_05045,D51_seed_07,go2_prior_metadata,D51,seed_07,A05,AB1101,semisynthetic,false,true,COMPLETED,NONE,true,true,56642,56642,5480,66.005054,339.997056,1.0,66.0,340.0,<V3_ROOT>/FINAL_EVALUATION_RECORDS.json,RUN_05045|v3,/11079/row,v3,COMPLETED,NONE,<V3_ROOT>/FINAL_RUN_RECORDS.json,RUN_05045,<RESULTS_ROOT>/run_statistics/EVALUATION_CORE_v3_A05.csv,459,0.0986391382864622,0.10990804753877606,0.04847782288727539,1.913840178316258,3.616925518683951,3.3263435728431436,2.9293002515054924
RUN_05056,D51_seed_08,go2_prior_metadata,D51,seed_08,A05,AB1101,semisynthetic,false,true,COMPLETED,NONE,true,true,56642,56642,5480,66.005054,339.997056,1.0,66.0,340.0,<V3_ROOT>/FINAL_EVALUATION_RECORDS.json,RUN_05056|v3,/11101/row,v3,COMPLETED,NONE,<V3_ROOT>/FINAL_RUN_RECORDS.json,RUN_05056,<RESULTS_ROOT>/run_statistics/EVALUATION_CORE_v3_A05.csv,460,0.0986391382864622,0.10990804753877606,0.04847782288727539,1.913840178316258,3.616925518683951,3.3263435728431436,2.9293002515054924
RUN_05067,D52_seed_00,go2_prior_metadata,D52,seed_00,A05,AB1101,semisynthetic,false,true,COMPLETED,NONE,true,true,56642,56642,5480,66.005054,339.997056,1.0,66.0,340.0,<V3_ROOT>/FINAL_EVALUATION_RECORDS.json,RUN_05067|v3,/11123/row,v3,COMPLETED,NONE,<V3_ROOT>/FINAL_RUN_RECORDS.json,RUN_05067,<RESULTS_ROOT>/run_statistics/EVALUATION_CORE_v3_A05.csv,461,0.0986391382864622,0.10990804753877606,0.04847782288727539,1.913840178316258,3.616925518683951,3.3263435728431436,2.9293002515054924
RUN_05078,D52_seed_01,go2_prior_metadata,D52,seed_01,A05,AB1101,semisynthetic,false,true,COMPLETED,NONE,true,true,56642,56642,5480,66.005054,339.997056,1.0,66.0,340.0,<V3_ROOT>/FINAL_EVALUATION_RECORDS.json,RUN_05078|v3,/11145/row,v3,COMPLETED,NONE,<V3_ROOT>/FINAL_RUN_RECORDS.json,RUN_05078,<RESULTS_ROOT>/run_statistics/EVALUATION_CORE_v3_A05.csv,462,0.0986391382864622,0.10990804753877606,0.04847782288727539,1.913840178316258,3.616925518683951,3.3263435728431436,2.9293002515054924
RUN_05089,D52_seed_02,go2_prior_metadata,D52,seed_02,A05,AB1101,semisynthetic,false,true,COMPLETED,NONE,true,true,56642,56642,5480,66.005054,339.997056,1.0,66.0,340.0,<V3_ROOT>/FINAL_EVALUATION_RECORDS.json,RUN_05089|v3,/11167/row,v3,COMPLETED,NONE,<V3_ROOT>/FINAL_RUN_RECORDS.json,RUN_05089,<RESULTS_ROOT>/run_statistics/EVALUATION_CORE_v3_A05.csv,463,0.0986391382864622,0.10990804753877606,0.04847782288727539,1.913840178316258,3.616925518683951,3.3263435728431436,2.9293002515054924
RUN_05100,D52_seed_03,go2_prior_metadata,D52,seed_03,A05,AB1101,semisynthetic,false,true,COMPLETED,NONE,true,true,56642,56642,5480,66.005054,339.997056,1.0,66.0,340.0,<V3_ROOT>/FINAL_EVALUATION_RECORDS.json,RUN_05100|v3,/11189/row,v3,COMPLETED,NONE,<V3_ROOT>/FINAL_RUN_RECORDS.json,RUN_05100,<RESULTS_ROOT>/run_statistics/EVALUATION_CORE_v3_A05.csv,464,0.0986391382864622,0.10990804753877606,0.04847782288727539,1.913840178316258,3.616925518683951,3.3263435728431436,2.9293002515054924
RUN_05111,D52_seed_04,go2_prior_metadata,D52,seed_04,A05,AB1101,semisynthetic,false,true,COMPLETED,NONE,true,true,56642,56642,5480,66.005054,339.997056,1.0,66.0,340.0,<V3_ROOT>/FINAL_EVALUATION_RECORDS.json,RUN_05111|v3,/11211/row,v3,COMPLETED,NONE,<V3_ROOT>/FINAL_RUN_RECORDS.json,RUN_05111,<RESULTS_ROOT>/run_statistics/EVALUATION_CORE_v3_A05.csv,465,0.0986391382864622,0.10990804753877606,0.04847782288727539,1.913840178316258,3.616925518683951,3.3263435728431436,2.9293002515054924
RUN_05122,D52_seed_05,go2_prior_metadata,D52,seed_05,A05,AB1101,semisynthetic,false,true,COMPLETED,NONE,true,true,56642,56642,5480,66.005054,339.997056,1.0,66.0,340.0,<V3_ROOT>/FINAL_EVALUATION_RECORDS.json,RUN_05122|v3,/11233/row,v3,COMPLETED,NONE,<V3_ROOT>/FINAL_RUN_RECORDS.json,RUN_05122,<RESULTS_ROOT>/run_statistics/EVALUATION_CORE_v3_A05.csv,466,0.0986391382864622,0.10990804753877606,0.04847782288727539,1.913840178316258,3.616925518683951,3.3263435728431436,2.9293002515054924
RUN_05133,D52_seed_06,go2_prior_metadata,D52,seed_06,A05,AB1101,semisynthetic,false,true,COMPLETED,NONE,true,true,56642,56642,5480,66.005054,339.997056,1.0,66.0,340.0,<V3_ROOT>/FINAL_EVALUATION_RECORDS.json,RUN_05133|v3,/11255/row,v3,COMPLETED,NONE,<V3_ROOT>/FINAL_RUN_RECORDS.json,RUN_05133,<RESULTS_ROOT>/run_statistics/EVALUATION_CORE_v3_A05.csv,467,0.0986391382864622,0.10990804753877606,0.04847782288727539,1.913840178316258,3.616925518683951,3.3263435728431436,2.9293002515054924
RUN_05144,D52_seed_07,go2_prior_metadata,D52,seed_07,A05,AB1101,semisynthetic,false,true,COMPLETED,NONE,true,true,56642,56642,5480,66.005054,339.997056,1.0,66.0,340.0,<V3_ROOT>/FINAL_EVALUATION_RECORDS.json,RUN_05144|v3,/11277/row,v3,COMPLETED,NONE,<V3_ROOT>/FINAL_RUN_RECORDS.json,RUN_05144,<RESULTS_ROOT>/run_statistics/EVALUATION_CORE_v3_A05.csv,468,0.0986391382864622,0.10990804753877606,0.04847782288727539,1.913840178316258,3.616925518683951,3.3263435728431436,2.9293002515054924
RUN_05155,D52_seed_08,go2_prior_metadata,D52,seed_08,A05,AB1101,semisynthetic,false,true,COMPLETED,NONE,true,true,56642,56642,5480,66.005054,339.997056,1.0,66.0,340.0,<V3_ROOT>/FINAL_EVALUATION_RECORDS.json,RUN_05155|v3,/11299/row,v3,COMPLETED,NONE,<V3_ROOT>/FINAL_RUN_RECORDS.json,RUN_05155,<RESULTS_ROOT>/run_statistics/EVALUATION_CORE_v3_A05.csv,469,0.0986391382864622,0.10990804753877606,0.04847782288727539,1.913840178316258,3.616925518683951,3.3263435728431436,2.9293002515054924
RUN_05166,D53_seed_00,go2_prior_metadata,D53,seed_00,A05,AB1101,semisynthetic,false,true,COMPLETED,NONE,true,true,56642,56642,5480,66.005054,339.997056,1.0,66.0,340.0,<V3_ROOT>/FINAL_EVALUATION_RECORDS.json,RUN_05166|v3,/11321/row,v3,COMPLETED,NONE,<V3_ROOT>/FINAL_RUN_RECORDS.json,RUN_05166,<RESULTS_ROOT>/run_statistics/EVALUATION_CORE_v3_A05.csv,470,0.10095151709155425,0.11198827094547258,0.04847849034644336,1.9134665291578008,3.6154970253713685,3.3307337092939036,2.932417391857777
RUN_05177,D53_seed_01,go2_prior_metadata,D53,seed_01,A05,AB1101,semisynthetic,false,true,COMPLETED,NONE,true,true,56642,56642,5480,66.005054,339.997056,1.0,66.0,340.0,<V3_ROOT>/FINAL_EVALUATION_RECORDS.json,RUN_05177|v3,/11343/row,v3,COMPLETED,NONE,<V3_ROOT>/FINAL_RUN_RECORDS.json,RUN_05177,<RESULTS_ROOT>/run_statistics/EVALUATION_CORE_v3_A05.csv,471,0.10089043928272441,0.1119344431706853,0.04848132454121145,1.912304924341901,3.6144585170241506,3.3268608244587843,2.9336519756573614
RUN_05188,D53_seed_02,go2_prior_metadata,D53,seed_02,A05,AB1101,semisynthetic,false,true,COMPLETED,NONE,true,true,56642,56642,5480,66.005054,339.997056,1.0,66.0,340.0,<V3_ROOT>/FINAL_EVALUATION_RECORDS.json,RUN_05188|v3,/11365/row,v3,COMPLETED,NONE,<V3_ROOT>/FINAL_RUN_RECORDS.json,RUN_05188,<RESULTS_ROOT>/run_statistics/EVALUATION_CORE_v3_A05.csv,472,0.10119446001014246,0.11220347668197575,0.04846959297104063,1.9084474482923222,3.6057258957353744,3.322500608993753,2.9313154269825175
RUN_05199,D53_seed_03,go2_prior_metadata,D53,seed_03,A05,AB1101,semisynthetic,false,true,COMPLETED,NONE,true,true,56642,56642,5480,66.005054,339.997056,1.0,66.0,340.0,<V3_ROOT>/FINAL_EVALUATION_RECORDS.json,RUN_05199|v3,/11387/row,v3,COMPLETED,NONE,<V3_ROOT>/FINAL_RUN_RECORDS.json,RUN_05199,<RESULTS_ROOT>/run_statistics/EVALUATION_CORE_v3_A05.csv,473,0.10165885752394659,0.11262819041742848,0.04848284195084337,1.9102983633850745,3.6110392666732207,3.327709856792338,2.928591830263888
RUN_05210,D53_seed_04,go2_prior_metadata,D53,seed_04,A05,AB1101,semisynthetic,false,true,COMPLETED,NONE,true,true,56642,56642,5480,66.005054,339.997056,1.0,66.0,340.0,<V3_ROOT>/FINAL_EVALUATION_RECORDS.json,RUN_05210|v3,/11409/row,v3,COMPLETED,NONE,<V3_ROOT>/FINAL_RUN_RECORDS.json,RUN_05210,<RESULTS_ROOT>/run_statistics/EVALUATION_CORE_v3_A05.csv,474,0.10117269330306629,0.11218708928868007,0.04847709905584243,1.918667938775787,3.6238678640362636,3.3222201279447376,2.9229959715888123
RUN_05221,D53_seed_05,go2_prior_metadata,D53,seed_05,A05,AB1101,semisynthetic,false,true,COMPLETED,NONE,true,true,56642,56642,5480,66.005054,339.997056,1.0,66.0,340.0,<V3_ROOT>/FINAL_EVALUATION_RECORDS.json,RUN_05221|v3,/11431/row,v3,COMPLETED,NONE,<V3_ROOT>/FINAL_RUN_RECORDS.json,RUN_05221,<RESULTS_ROOT>/run_statistics/EVALUATION_CORE_v3_A05.csv,475,0.10043517452874491,0.1115260801913524,0.04848548525309939,1.9143305026761148,3.617899323237939,3.3279451779095357,2.926218048439253
RUN_05232,D53_seed_06,go2_prior_metadata,D53,seed_06,A05,AB1101,semisynthetic,false,true,COMPLETED,NONE,true,true,56642,56642,5480,66.005054,339.997056,1.0,66.0,340.0,<V3_ROOT>/FINAL_EVALUATION_RECORDS.json,RUN_05232|v3,/11453/row,v3,COMPLETED,NONE,<V3_ROOT>/FINAL_RUN_RECORDS.json,RUN_05232,<RESULTS_ROOT>/run_statistics/EVALUATION_CORE_v3_A05.csv,476,0.1014234946588446,0.11242185660599381,0.04849689241514295,1.913309177782746,3.613121538095136,3.335122869139431,2.93908880502637
RUN_05243,D53_seed_07,go2_prior_metadata,D53,seed_07,A05,AB1101,semisynthetic,false,true,COMPLETED,NONE,true,true,56642,56642,5480,66.005054,339.997056,1.0,66.0,340.0,<V3_ROOT>/FINAL_EVALUATION_RECORDS.json,RUN_05243|v3,/11475/row,v3,COMPLETED,NONE,<V3_ROOT>/FINAL_RUN_RECORDS.json,RUN_05243,<RESULTS_ROOT>/run_statistics/EVALUATION_CORE_v3_A05.csv,477,0.10123412502527322,0.11223775889097279,0.04846613716024302,1.913558422341724,3.614650543733536,3.328379896769228,2.9305648445947874
RUN_05254,D53_seed_08,go2_prior_metadata,D53,seed_08,A05,AB1101,semisynthetic,false,true,COMPLETED,NONE,true,true,56642,56642,5480,66.005054,339.997056,1.0,66.0,340.0,<V3_ROOT>/FINAL_EVALUATION_RECORDS.json,RUN_05254|v3,/11497/row,v3,COMPLETED,NONE,<V3_ROOT>/FINAL_RUN_RECORDS.json,RUN_05254,<RESULTS_ROOT>/run_statistics/EVALUATION_CORE_v3_A05.csv,478,0.10051872778878276,0.11158705465972474,0.04845261738396581,1.9162522858692344,3.6204577847171713,3.3240771782595453,2.9293398315491004
RUN_05265,D54_seed_00,go2_prior_metadata,D54,seed_00,A05,AB1101,semisynthetic,false,true,COMPLETED,NONE,true,true,56642,56642,5480,66.005054,339.997056,1.0,66.0,340.0,<V3_ROOT>/FINAL_EVALUATION_RECORDS.json,RUN_05265|v3,/11519/row,v3,COMPLETED,NONE,<V3_ROOT>/FINAL_RUN_RECORDS.json,RUN_05265,<RESULTS_ROOT>/run_statistics/EVALUATION_CORE_v3_A05.csv,479,0.10745942261036431,0.11788969800784761,0.04848147469527539,1.9131599485720197,3.6143248770546728,3.3195458431944957,2.9310579569730906
RUN_05276,D54_seed_01,go2_prior_metadata,D54,seed_01,A05,AB1101,semisynthetic,false,true,COMPLETED,NONE,true,true,56642,56642,5480,66.005054,339.997056,1.0,66.0,340.0,<V3_ROOT>/FINAL_EVALUATION_RECORDS.json,RUN_05276|v3,/11541/row,v3,COMPLETED,NONE,<V3_ROOT>/FINAL_RUN_RECORDS.json,RUN_05276,<RESULTS_ROOT>/run_statistics/EVALUATION_CORE_v3_A05.csv,480,0.10745942261036431,0.11788969800784761,0.04848147469527539,1.9131599485720197,3.6143248770546728,3.3195458431944957,2.9310579569730906
RUN_05287,D54_seed_02,go2_prior_metadata,D54,seed_02,A05,AB1101,semisynthetic,false,true,COMPLETED,NONE,true,true,56642,56642,5480,66.005054,339.997056,1.0,66.0,340.0,<V3_ROOT>/FINAL_EVALUATION_RECORDS.json,RUN_05287|v3,/11563/row,v3,COMPLETED,NONE,<V3_ROOT>/FINAL_RUN_RECORDS.json,RUN_05287,<RESULTS_ROOT>/run_statistics/EVALUATION_CORE_v3_A05.csv,481,0.10745942261036431,0.11788969800784761,0.04848147469527539,1.9131599485720197,3.6143248770546728,3.3195458431944957,2.9310579569730906
RUN_05298,D54_seed_03,go2_prior_metadata,D54,seed_03,A05,AB1101,semisynthetic,false,true,COMPLETED,NONE,true,true,56642,56642,5480,66.005054,339.997056,1.0,66.0,340.0,<V3_ROOT>/FINAL_EVALUATION_RECORDS.json,RUN_05298|v3,/11585/row,v3,COMPLETED,NONE,<V3_ROOT>/FINAL_RUN_RECORDS.json,RUN_05298,<RESULTS_ROOT>/run_statistics/EVALUATION_CORE_v3_A05.csv,482,0.10745942261036431,0.11788969800784761,0.04848147469527539,1.9131599485720197,3.6143248770546728,3.3195458431944957,2.9310579569730906
RUN_05309,D54_seed_04,go2_prior_metadata,D54,seed_04,A05,AB1101,semisynthetic,false,true,COMPLETED,NONE,true,true,56642,56642,5480,66.005054,339.997056,1.0,66.0,340.0,<V3_ROOT>/FINAL_EVALUATION_RECORDS.json,RUN_05309|v3,/11607/row,v3,COMPLETED,NONE,<V3_ROOT>/FINAL_RUN_RECORDS.json,RUN_05309,<RESULTS_ROOT>/run_statistics/EVALUATION_CORE_v3_A05.csv,483,0.0986366115231059,0.10990593697699107,0.04847817911215542,1.9137326658321812,3.616686426333935,3.3262962065371875,2.9293232014990433
RUN_05320,D54_seed_05,go2_prior_metadata,D54,seed_05,A05,AB1101,semisynthetic,false,true,COMPLETED,NONE,true,true,56642,56642,5480,66.005054,339.997056,1.0,66.0,340.0,<V3_ROOT>/FINAL_EVALUATION_RECORDS.json,RUN_05320|v3,/11629/row,v3,COMPLETED,NONE,<V3_ROOT>/FINAL_RUN_RECORDS.json,RUN_05320,<RESULTS_ROOT>/run_statistics/EVALUATION_CORE_v3_A05.csv,484,0.09864158134141547,0.10991020670631642,0.04847774714949234,1.9138201633323573,3.6167439106839474,3.326325800734474,2.9292701356381783
RUN_05331,D54_seed_06,go2_prior_metadata,D54,seed_06,A05,AB1101,semisynthetic,false,true,COMPLETED,NONE,true,true,56642,56642,5480,66.005054,339.997056,1.0,66.0,340.0,<V3_ROOT>/FINAL_EVALUATION_RECORDS.json,RUN_05331|v3,/11651/row,v3,COMPLETED,NONE,<V3_ROOT>/FINAL_RUN_RECORDS.json,RUN_05331,<RESULTS_ROOT>/run_statistics/EVALUATION_CORE_v3_A05.csv,485,0.09865357755758301,0.10992096241036117,0.04847772284575653,1.91387852709286,3.6169425693839385,3.326317557867102,2.929316385869871
RUN_05342,D54_seed_07,go2_prior_metadata,D54,seed_07,A05,AB1101,semisynthetic,false,true,COMPLETED,NONE,true,true,56642,56642,5480,66.005054,339.997056,1.0,66.0,340.0,<V3_ROOT>/FINAL_EVALUATION_RECORDS.json,RUN_05342|v3,/11673/row,v3,COMPLETED,NONE,<V3_ROOT>/FINAL_RUN_RECORDS.json,RUN_05342,<RESULTS_ROOT>/run_statistics/EVALUATION_CORE_v3_A05.csv,486,0.0986473598299004,0.10991534177912646,0.04847763151199048,1.9137874576389278,3.6168473887339285,3.3263393063519886,2.9292832402421514
RUN_05353,D54_seed_08,go2_prior_metadata,D54,seed_08,A05,AB1101,semisynthetic,false,true,COMPLETED,NONE,true,true,56642,56642,5480,66.005054,339.997056,1.0,66.0,340.0,<V3_ROOT>/FINAL_EVALUATION_RECORDS.json,RUN_05353|v3,/11695/row,v3,COMPLETED,NONE,<V3_ROOT>/FINAL_RUN_RECORDS.json,RUN_05353,<RESULTS_ROOT>/run_statistics/EVALUATION_CORE_v3_A05.csv,487,0.10745398817371367,0.11788487826274158,0.04848180017887953,1.9130452029888882,3.614065456604679,3.3195364870043678,2.9311403804037965
RUN_05364,D55_seed_00,go2_prior_metadata,D55,seed_00,A05,AB1101,semisynthetic,false,true,COMPLETED,NONE,true,true,56642,56642,5480,66.005054,339.997056,1.0,66.0,340.0,<V3_ROOT>/FINAL_EVALUATION_RECORDS.json,RUN_05364|v3,/11717/row,v3,COMPLETED,NONE,<V3_ROOT>/FINAL_RUN_RECORDS.json,RUN_05364,<RESULTS_ROOT>/run_statistics/EVALUATION_CORE_v3_A05.csv,488,0.0986391382864622,0.10990804753877606,0.04847782288727539,1.913840178316258,3.616925518683951,3.3263435728431436,2.9293002515054924
RUN_05375,D55_seed_01,go2_prior_metadata,D55,seed_01,A05,AB1101,semisynthetic,false,true,COMPLETED,NONE,true,true,56642,56642,5480,66.005054,339.997056,1.0,66.0,340.0,<V3_ROOT>/FINAL_EVALUATION_RECORDS.json,RUN_05375|v3,/11739/row,v3,COMPLETED,NONE,<V3_ROOT>/FINAL_RUN_RECORDS.json,RUN_05375,<RESULTS_ROOT>/run_statistics/EVALUATION_CORE_v3_A05.csv,489,0.0986391382864622,0.10990804753877606,0.04847782288727539,1.913840178316258,3.616925518683951,3.3263435728431436,2.9293002515054924
RUN_05386,D55_seed_02,go2_prior_metadata,D55,seed_02,A05,AB1101,semisynthetic,false,true,COMPLETED,NONE,true,true,56642,56642,5480,66.005054,339.997056,1.0,66.0,340.0,<V3_ROOT>/FINAL_EVALUATION_RECORDS.json,RUN_05386|v3,/11761/row,v3,COMPLETED,NONE,<V3_ROOT>/FINAL_RUN_RECORDS.json,RUN_05386,<RESULTS_ROOT>/run_statistics/EVALUATION_CORE_v3_A05.csv,490,0.0986391382864622,0.10990804753877606,0.04847782288727539,1.913840178316258,3.616925518683951,3.3263435728431436,2.9293002515054924
RUN_05397,D55_seed_03,go2_prior_metadata,D55,seed_03,A05,AB1101,semisynthetic,false,true,COMPLETED,NONE,true,true,56642,56642,5480,66.005054,339.997056,1.0,66.0,340.0,<V3_ROOT>/FINAL_EVALUATION_RECORDS.json,RUN_05397|v3,/11783/row,v3,COMPLETED,NONE,<V3_ROOT>/FINAL_RUN_RECORDS.json,RUN_05397,<RESULTS_ROOT>/run_statistics/EVALUATION_CORE_v3_A05.csv,491,0.0986391382864622,0.10990804753877606,0.04847782288727539,1.913840178316258,3.616925518683951,3.3263435728431436,2.9293002515054924
RUN_05408,D55_seed_04,go2_prior_metadata,D55,seed_04,A05,AB1101,semisynthetic,false,true,COMPLETED,NONE,true,true,56642,56642,5480,66.005054,339.997056,1.0,66.0,340.0,<V3_ROOT>/FINAL_EVALUATION_RECORDS.json,RUN_05408|v3,/11805/row,v3,COMPLETED,NONE,<V3_ROOT>/FINAL_RUN_RECORDS.json,RUN_05408,<RESULTS_ROOT>/run_statistics/EVALUATION_CORE_v3_A05.csv,492,0.0986391382864622,0.10990804753877606,0.04847782288727539,1.913840178316258,3.616925518683951,3.3263435728431436,2.9293002515054924
RUN_05419,D55_seed_05,go2_prior_metadata,D55,seed_05,A05,AB1101,semisynthetic,false,true,COMPLETED,NONE,true,true,56642,56642,5480,66.005054,339.997056,1.0,66.0,340.0,<V3_ROOT>/FINAL_EVALUATION_RECORDS.json,RUN_05419|v3,/11827/row,v3,COMPLETED,NONE,<V3_ROOT>/FINAL_RUN_RECORDS.json,RUN_05419,<RESULTS_ROOT>/run_statistics/EVALUATION_CORE_v3_A05.csv,493,0.0986391382864622,0.10990804753877606,0.04847782288727539,1.913840178316258,3.616925518683951,3.3263435728431436,2.9293002515054924
RUN_05430,D55_seed_06,go2_prior_metadata,D55,seed_06,A05,AB1101,semisynthetic,false,true,COMPLETED,NONE,true,true,56642,56642,5480,66.005054,339.997056,1.0,66.0,340.0,<V3_ROOT>/FINAL_EVALUATION_RECORDS.json,RUN_05430|v3,/11849/row,v3,COMPLETED,NONE,<V3_ROOT>/FINAL_RUN_RECORDS.json,RUN_05430,<RESULTS_ROOT>/run_statistics/EVALUATION_CORE_v3_A05.csv,494,0.0986391382864622,0.10990804753877606,0.04847782288727539,1.913840178316258,3.616925518683951,3.3263435728431436,2.9293002515054924
RUN_05441,D55_seed_07,go2_prior_metadata,D55,seed_07,A05,AB1101,semisynthetic,false,true,COMPLETED,NONE,true,true,56642,56642,5480,66.005054,339.997056,1.0,66.0,340.0,<V3_ROOT>/FINAL_EVALUATION_RECORDS.json,RUN_05441|v3,/11871/row,v3,COMPLETED,NONE,<V3_ROOT>/FINAL_RUN_RECORDS.json,RUN_05441,<RESULTS_ROOT>/run_statistics/EVALUATION_CORE_v3_A05.csv,495,0.0986391382864622,0.10990804753877606,0.04847782288727539,1.913840178316258,3.616925518683951,3.3263435728431436,2.9293002515054924
RUN_05452,D55_seed_08,go2_prior_metadata,D55,seed_08,A05,AB1101,semisynthetic,false,true,COMPLETED,NONE,true,true,56642,56642,5480,66.005054,339.997056,1.0,66.0,340.0,<V3_ROOT>/FINAL_EVALUATION_RECORDS.json,RUN_05452|v3,/11893/row,v3,COMPLETED,NONE,<V3_ROOT>/FINAL_RUN_RECORDS.json,RUN_05452,<RESULTS_ROOT>/run_statistics/EVALUATION_CORE_v3_A05.csv,496,0.0986391382864622,0.10990804753877606,0.04847782288727539,1.913840178316258,3.616925518683951,3.3263435728431436,2.9293002515054924
RUN_05463,D56_seed_00,go2_prior_metadata,D56,seed_00,A05,AB1101,semisynthetic,false,true,COMPLETED,NONE,true,true,56642,56642,5480,66.005054,339.997056,1.0,66.0,340.0,<V3_ROOT>/FINAL_EVALUATION_RECORDS.json,RUN_05463|v3,/11915/row,v3,COMPLETED,NONE,<V3_ROOT>/FINAL_RUN_RECORDS.json,RUN_05463,<RESULTS_ROOT>/run_statistics/EVALUATION_CORE_v3_A05.csv,497,0.0986391382864622,0.10990804753877606,0.04847782288727539,1.913840178316258,3.616925518683951,3.3263435728431436,2.9293002515054924
RUN_05474,D56_seed_01,go2_prior_metadata,D56,seed_01,A05,AB1101,semisynthetic,false,true,COMPLETED,NONE,true,true,56642,56642,5480,66.005054,339.997056,1.0,66.0,340.0,<V3_ROOT>/FINAL_EVALUATION_RECORDS.json,RUN_05474|v3,/11937/row,v3,COMPLETED,NONE,<V3_ROOT>/FINAL_RUN_RECORDS.json,RUN_05474,<RESULTS_ROOT>/run_statistics/EVALUATION_CORE_v3_A05.csv,498,0.0986391382864622,0.10990804753877606,0.04847782288727539,1.913840178316258,3.616925518683951,3.3263435728431436,2.9293002515054924
RUN_05485,D56_seed_02,go2_prior_metadata,D56,seed_02,A05,AB1101,semisynthetic,false,true,COMPLETED,NONE,true,true,56642,56642,5480,66.005054,339.997056,1.0,66.0,340.0,<V3_ROOT>/FINAL_EVALUATION_RECORDS.json,RUN_05485|v3,/11959/row,v3,COMPLETED,NONE,<V3_ROOT>/FINAL_RUN_RECORDS.json,RUN_05485,<RESULTS_ROOT>/run_statistics/EVALUATION_CORE_v3_A05.csv,499,0.0986391382864622,0.10990804753877606,0.04847782288727539,1.913840178316258,3.616925518683951,3.3263435728431436,2.9293002515054924
RUN_05496,D56_seed_03,go2_prior_metadata,D56,seed_03,A05,AB1101,semisynthetic,false,true,COMPLETED,NONE,true,true,56642,56642,5480,66.005054,339.997056,1.0,66.0,340.0,<V3_ROOT>/FINAL_EVALUATION_RECORDS.json,RUN_05496|v3,/11981/row,v3,COMPLETED,NONE,<V3_ROOT>/FINAL_RUN_RECORDS.json,RUN_05496,<RESULTS_ROOT>/run_statistics/EVALUATION_CORE_v3_A05.csv,500,0.0986391382864622,0.10990804753877606,0.04847782288727539,1.913840178316258,3.616925518683951,3.3263435728431436,2.9293002515054924
RUN_05507,D56_seed_04,go2_prior_metadata,D56,seed_04,A05,AB1101,semisynthetic,false,true,COMPLETED,NONE,true,true,56642,56642,5480,66.005054,339.997056,1.0,66.0,340.0,<V3_ROOT>/FINAL_EVALUATION_RECORDS.json,RUN_05507|v3,/12003/row,v3,COMPLETED,NONE,<V3_ROOT>/FINAL_RUN_RECORDS.json,RUN_05507,<RESULTS_ROOT>/run_statistics/EVALUATION_CORE_v3_A05.csv,501,0.0986391382864622,0.10990804753877606,0.04847782288727539,1.913840178316258,3.616925518683951,3.3263435728431436,2.9293002515054924
RUN_05518,D56_seed_05,go2_prior_metadata,D56,seed_05,A05,AB1101,semisynthetic,false,true,COMPLETED,NONE,true,true,56642,56642,5480,66.005054,339.997056,1.0,66.0,340.0,<V3_ROOT>/FINAL_EVALUATION_RECORDS.json,RUN_05518|v3,/12025/row,v3,COMPLETED,NONE,<V3_ROOT>/FINAL_RUN_RECORDS.json,RUN_05518,<RESULTS_ROOT>/run_statistics/EVALUATION_CORE_v3_A05.csv,502,0.0986391382864622,0.10990804753877606,0.04847782288727539,1.913840178316258,3.616925518683951,3.3263435728431436,2.9293002515054924
RUN_05529,D56_seed_06,go2_prior_metadata,D56,seed_06,A05,AB1101,semisynthetic,false,true,COMPLETED,NONE,true,true,56642,56642,5480,66.005054,339.997056,1.0,66.0,340.0,<V3_ROOT>/FINAL_EVALUATION_RECORDS.json,RUN_05529|v3,/12047/row,v3,COMPLETED,NONE,<V3_ROOT>/FINAL_RUN_RECORDS.json,RUN_05529,<RESULTS_ROOT>/run_statistics/EVALUATION_CORE_v3_A05.csv,503,0.0986391382864622,0.10990804753877606,0.04847782288727539,1.913840178316258,3.616925518683951,3.3263435728431436,2.9293002515054924
RUN_05540,D56_seed_07,go2_prior_metadata,D56,seed_07,A05,AB1101,semisynthetic,false,true,COMPLETED,NONE,true,true,56642,56642,5480,66.005054,339.997056,1.0,66.0,340.0,<V3_ROOT>/FINAL_EVALUATION_RECORDS.json,RUN_05540|v3,/12069/row,v3,COMPLETED,NONE,<V3_ROOT>/FINAL_RUN_RECORDS.json,RUN_05540,<RESULTS_ROOT>/run_statistics/EVALUATION_CORE_v3_A05.csv,504,0.0986391382864622,0.10990804753877606,0.04847782288727539,1.913840178316258,3.616925518683951,3.3263435728431436,2.9293002515054924
RUN_05551,D56_seed_08,go2_prior_metadata,D56,seed_08,A05,AB1101,semisynthetic,false,true,COMPLETED,NONE,true,true,56642,56642,5480,66.005054,339.997056,1.0,66.0,340.0,<V3_ROOT>/FINAL_EVALUATION_RECORDS.json,RUN_05551|v3,/12091/row,v3,COMPLETED,NONE,<V3_ROOT>/FINAL_RUN_RECORDS.json,RUN_05551,<RESULTS_ROOT>/run_statistics/EVALUATION_CORE_v3_A05.csv,505,0.0986391382864622,0.10990804753877606,0.04847782288727539,1.913840178316258,3.616925518683951,3.3263435728431436,2.9293002515054924
RUN_04969,D51_seed_00,go2_prior_metadata,D51,seed_00,A06,AB1110,semisynthetic,false,true,COMPLETED,NONE,true,true,56642,56642,5480,66.005054,339.997056,1.0,66.0,340.0,<V3_ROOT>/FINAL_EVALUATION_RECORDS.json,RUN_04969|v3,/10927/row,v3,COMPLETED,NONE,<V3_ROOT>/FINAL_RUN_RECORDS.json,RUN_04969,<RESULTS_ROOT>/run_statistics/EVALUATION_CORE_v3_A06.csv,452,0.0993077384384688,0.11060706276557418,0.048702108987849074,1.8896526368736977,3.538774966320308,2.58736749985525,2.4515416093135993
RUN_04980,D51_seed_01,go2_prior_metadata,D51,seed_01,A06,AB1110,semisynthetic,false,true,COMPLETED,NONE,true,true,56642,56642,5480,66.005054,339.997056,1.0,66.0,340.0,<V3_ROOT>/FINAL_EVALUATION_RECORDS.json,RUN_04980|v3,/10949/row,v3,COMPLETED,NONE,<V3_ROOT>/FINAL_RUN_RECORDS.json,RUN_04980,<RESULTS_ROOT>/run_statistics/EVALUATION_CORE_v3_A06.csv,453,0.09968341149710906,0.11101372930837929,0.048859651730769976,1.8807898250443136,3.5231322188736254,2.588116700114948,2.5323044356726068
RUN_04991,D51_seed_02,go2_prior_metadata,D51,seed_02,A06,AB1110,semisynthetic,false,true,COMPLETED,NONE,true,true,56642,56642,5480,66.005054,339.997056,1.0,66.0,340.0,<V3_ROOT>/FINAL_EVALUATION_RECORDS.json,RUN_04991|v3,/10971/row,v3,COMPLETED,NONE,<V3_ROOT>/FINAL_RUN_RECORDS.json,RUN_04991,<RESULTS_ROOT>/run_statistics/EVALUATION_CORE_v3_A06.csv,454,0.09935746184883108,0.11070087341107634,0.04881370861687548,1.8924304701865335,3.546845288528825,2.624521077962404,2.479918249853389
RUN_05002,D51_seed_03,go2_prior_metadata,D51,seed_03,A06,AB1110,semisynthetic,false,true,COMPLETED,NONE,true,true,56642,56642,5480,66.005054,339.997056,1.0,66.0,340.0,<V3_ROOT>/FINAL_EVALUATION_RECORDS.json,RUN_05002|v3,/10993/row,v3,COMPLETED,NONE,<V3_ROOT>/FINAL_RUN_RECORDS.json,RUN_05002,<RESULTS_ROOT>/run_statistics/EVALUATION_CORE_v3_A06.csv,455,0.09941001702370962,0.11076207149877762,0.04884552178087655,1.8840240724058517,3.5287348499763453,2.574596946088863,2.472564922079715
RUN_05013,D51_seed_04,go2_prior_metadata,D51,seed_04,A06,AB1110,semisynthetic,false,true,COMPLETED,NONE,true,true,56642,56642,5480,66.005054,339.997056,1.0,66.0,340.0,<V3_ROOT>/FINAL_EVALUATION_RECORDS.json,RUN_05013|v3,/11015/row,v3,COMPLETED,NONE,<V3_ROOT>/FINAL_RUN_RECORDS.json,RUN_05013,<RESULTS_ROOT>/run_statistics/EVALUATION_CORE_v3_A06.csv,456,0.09925095070919589,0.11068268099929382,0.04898882175060144,1.8888479039763346,3.5374086025199465,2.5370126458630446,2.445924136675403
RUN_05024,D51_seed_05,go2_prior_metadata,D51,seed_05,A06,AB1110,semisynthetic,false,true,COMPLETED,NONE,true,true,56642,56642,5480,66.005054,339.997056,1.0,66.0,340.0,<V3_ROOT>/FINAL_EVALUATION_RECORDS.json,RUN_05024|v3,/11037/row,v3,COMPLETED,NONE,<V3_ROOT>/FINAL_RUN_RECORDS.json,RUN_05024,<RESULTS_ROOT>/run_statistics/EVALUATION_CORE_v3_A06.csv,457,0.09948272140568766,0.11080462700108537,0.048793990475959115,1.8881828397450928,3.534250524558996,2.543796269237596,2.481405877510457
RUN_05035,D51_seed_06,go2_prior_metadata,D51,seed_06,A06,AB1110,semisynthetic,false,true,COMPLETED,NONE,true,true,56642,56642,5480,66.005054,339.997056,1.0,66.0,340.0,<V3_ROOT>/FINAL_EVALUATION_RECORDS.json,RUN_05035|v3,/11059/row,v3,COMPLETED,NONE,<V3_ROOT>/FINAL_RUN_RECORDS.json,RUN_05035,<RESULTS_ROOT>/run_statistics/EVALUATION_CORE_v3_A06.csv,458,0.09940003630880867,0.11072977342909676,0.048792576335613014,1.8903740432522054,3.5408111788531045,2.593439291105453,2.5585540699685305
RUN_05046,D51_seed_07,go2_prior_metadata,D51,seed_07,A06,AB1110,semisynthetic,false,true,COMPLETED,NONE,true,true,56642,56642,5480,66.005054,339.997056,1.0,66.0,340.0,<V3_ROOT>/FINAL_EVALUATION_RECORDS.json,RUN_05046|v3,/11081/row,v3,COMPLETED,NONE,<V3_ROOT>/FINAL_RUN_RECORDS.json,RUN_05046,<RESULTS_ROOT>/run_statistics/EVALUATION_CORE_v3_A06.csv,459,0.09916851250025918,0.11056520447462849,0.04889039342245413,1.8916473514233858,3.542710180000273,2.6079694912093774,2.499537858670367
RUN_05057,D51_seed_08,go2_prior_metadata,D51,seed_08,A06,AB1110,semisynthetic,false,true,COMPLETED,NONE,true,true,56642,56642,5480,66.005054,339.997056,1.0,66.0,340.0,<V3_ROOT>/FINAL_EVALUATION_RECORDS.json,RUN_05057|v3,/11103/row,v3,COMPLETED,NONE,<V3_ROOT>/FINAL_RUN_RECORDS.json,RUN_05057,<RESULTS_ROOT>/run_statistics/EVALUATION_CORE_v3_A06.csv,460,0.09931085509867024,0.11064880734813917,0.04879049730364039,1.8870917406375598,3.5328787455022206,2.5502095185248135,2.485437638794941
RUN_05068,D52_seed_00,go2_prior_metadata,D52,seed_00,A06,AB1110,semisynthetic,false,true,COMPLETED,NONE,true,true,56642,56642,5480,66.005054,339.997056,1.0,66.0,340.0,<V3_ROOT>/FINAL_EVALUATION_RECORDS.json,RUN_05068|v3,/11125/row,v3,COMPLETED,NONE,<V3_ROOT>/FINAL_RUN_RECORDS.json,RUN_05068,<RESULTS_ROOT>/run_statistics/EVALUATION_CORE_v3_A06.csv,461,0.09888780727744592,0.1098982507882905,0.047946085327007754,1.912861273648089,3.5921492062678992,2.8455289295359547,2.421831324441821
RUN_05079,D52_seed_01,go2_prior_metadata,D52,seed_01,A06,AB1110,semisynthetic,false,true,COMPLETED,NONE,true,true,56642,56642,5480,66.005054,339.997056,1.0,66.0,340.0,<V3_ROOT>/FINAL_EVALUATION_RECORDS.json,RUN_05079|v3,/11147/row,v3,COMPLETED,NONE,<V3_ROOT>/FINAL_RUN_RECORDS.json,RUN_05079,<RESULTS_ROOT>/run_statistics/EVALUATION_CORE_v3_A06.csv,462,0.09950053174300563,0.11069764512017041,0.04851404763581694,1.900453012808429,3.559831274834543,2.5944752452823976,2.7345143420091236
RUN_05090,D52_seed_02,go2_prior_metadata,D52,seed_02,A06,AB1110,semisynthetic,false,true,COMPLETED,NONE,true,true,56642,56642,5480,66.005054,339.997056,1.0,66.0,340.0,<V3_ROOT>/FINAL_EVALUATION_RECORDS.json,RUN_05090|v3,/11169/row,v3,COMPLETED,NONE,<V3_ROOT>/FINAL_RUN_RECORDS.json,RUN_05090,<RESULTS_ROOT>/run_statistics/EVALUATION_CORE_v3_A06.csv,463,0.09978140509196115,0.11164022401638386,0.05007205624200311,1.8539347296822244,3.44420091128249,2.204061694963286,2.549844096449365
RUN_05101,D52_seed_03,go2_prior_metadata,D52,seed_03,A06,AB1110,semisynthetic,false,true,COMPLETED,NONE,true,true,56642,56642,5480,66.005054,339.997056,1.0,66.0,340.0,<V3_ROOT>/FINAL_EVALUATION_RECORDS.json,RUN_05101|v3,/11191/row,v3,COMPLETED,NONE,<V3_ROOT>/FINAL_RUN_RECORDS.json,RUN_05101,<RESULTS_ROOT>/run_statistics/EVALUATION_CORE_v3_A06.csv,464,0.09904469479213787,0.11097968101734232,0.05006633631736308,1.8476631787220603,3.4372214285030553,2.083023835698786,2.199691311052484
RUN_05112,D52_seed_04,go2_prior_metadata,D52,seed_04,A06,AB1110,semisynthetic,false,true,COMPLETED,NONE,true,true,56642,56642,5480,66.005054,339.997056,1.0,66.0,340.0,<V3_ROOT>/FINAL_EVALUATION_RECORDS.json,RUN_05112|v3,/11213/row,v3,COMPLETED,NONE,<V3_ROOT>/FINAL_RUN_RECORDS.json,RUN_05112,<RESULTS_ROOT>/run_statistics/EVALUATION_CORE_v3_A06.csv,465,0.09935540682483929,0.11136343157852278,0.05030225668511306,1.8435470178148545,3.428361699579398,2.1283842973867246,2.24897251243803
RUN_05123,D52_seed_05,go2_prior_metadata,D52,seed_05,A06,AB1110,semisynthetic,false,true,COMPLETED,NONE,true,true,56642,56642,5480,66.005054,339.997056,1.0,66.0,340.0,<V3_ROOT>/FINAL_EVALUATION_RECORDS.json,RUN_05123|v3,/11235/row,v3,COMPLETED,NONE,<V3_ROOT>/FINAL_RUN_RECORDS.json,RUN_05123,<RESULTS_ROOT>/run_statistics/EVALUATION_CORE_v3_A06.csv,466,0.09937579654169557,0.11138517244348119,0.050310115304653846,1.8434975183003177,3.428682066648566,2.1317595595687977,2.2554963108301824
RUN_05134,D52_seed_06,go2_prior_metadata,D52,seed_06,A06,AB1110,semisynthetic,false,true,COMPLETED,NONE,true,true,56642,56642,5480,66.005054,339.997056,1.0,66.0,340.0,<V3_ROOT>/FINAL_EVALUATION_RECORDS.json,RUN_05134|v3,/11257/row,v3,COMPLETED,NONE,<V3_ROOT>/FINAL_RUN_RECORDS.json,RUN_05134,<RESULTS_ROOT>/run_statistics/EVALUATION_CORE_v3_A06.csv,467,0.0993547924514202,0.11136276297834004,0.050301989971621934,1.8435490978850062,3.4283609105474113,2.128277390968486,2.248773738439402
RUN_05145,D52_seed_07,go2_prior_metadata,D52,seed_07,A06,AB1110,semisynthetic,false,true,COMPLETED,NONE,true,true,56642,56642,5480,66.005054,339.997056,1.0,66.0,340.0,<V3_ROOT>/FINAL_EVALUATION_RECORDS.json,RUN_05145|v3,/11279/row,v3,COMPLETED,NONE,<V3_ROOT>/FINAL_RUN_RECORDS.json,RUN_05145,<RESULTS_ROOT>/run_statistics/EVALUATION_CORE_v3_A06.csv,468,0.09864436796877148,0.10966436336091619,0.04791201581437239,1.9118957789361584,3.59022527539414,2.83592361863671,2.30770624331773
RUN_05156,D52_seed_08,go2_prior_metadata,D52,seed_08,A06,AB1110,semisynthetic,false,true,COMPLETED,NONE,true,true,56642,56642,5480,66.005054,339.997056,1.0,66.0,340.0,<V3_ROOT>/FINAL_EVALUATION_RECORDS.json,RUN_05156|v3,/11301/row,v3,COMPLETED,NONE,<V3_ROOT>/FINAL_RUN_RECORDS.json,RUN_05156,<RESULTS_ROOT>/run_statistics/EVALUATION_CORE_v3_A06.csv,469,0.09835462676053004,0.10951452692560412,0.048164291778616385,1.9013954748015842,3.563072779769393,2.6249313111763835,2.224408084511226
RUN_05167,D53_seed_00,go2_prior_metadata,D53,seed_00,A06,AB1110,semisynthetic,false,true,COMPLETED,NONE,true,true,56642,56642,5480,66.005054,339.997056,1.0,66.0,340.0,<V3_ROOT>/FINAL_EVALUATION_RECORDS.json,RUN_05167|v3,/11323/row,v3,COMPLETED,NONE,<V3_ROOT>/FINAL_RUN_RECORDS.json,RUN_05167,<RESULTS_ROOT>/run_statistics/EVALUATION_CORE_v3_A06.csv,470,0.09899704794326429,0.11045629253691716,0.04899160192849435,1.886870037275429,3.518760930538524,2.254502171719102,2.2654222167013276
RUN_05178,D53_seed_01,go2_prior_metadata,D53,seed_01,A06,AB1110,semisynthetic,false,true,COMPLETED,NONE,true,true,56642,56642,5480,66.005054,339.997056,1.0,66.0,340.0,<V3_ROOT>/FINAL_EVALUATION_RECORDS.json,RUN_05178|v3,/11345/row,v3,COMPLETED,NONE,<V3_ROOT>/FINAL_RUN_RECORDS.json,RUN_05178,<RESULTS_ROOT>/run_statistics/EVALUATION_CORE_v3_A06.csv,471,0.09899704794326429,0.11045629253691716,0.04899160192849435,1.886870037275429,3.518760930538524,2.254502171719102,2.2654222167013276
RUN_05189,D53_seed_02,go2_prior_metadata,D53,seed_02,A06,AB1110,semisynthetic,false,true,COMPLETED,NONE,true,true,56642,56642,5480,66.005054,339.997056,1.0,66.0,340.0,<V3_ROOT>/FINAL_EVALUATION_RECORDS.json,RUN_05189|v3,/11367/row,v3,COMPLETED,NONE,<V3_ROOT>/FINAL_RUN_RECORDS.json,RUN_05189,<RESULTS_ROOT>/run_statistics/EVALUATION_CORE_v3_A06.csv,472,0.09899704794326429,0.11045629253691716,0.04899160192849435,1.886870037275429,3.518760930538524,2.254502171719102,2.2654222167013276
RUN_05200,D53_seed_03,go2_prior_metadata,D53,seed_03,A06,AB1110,semisynthetic,false,true,COMPLETED,NONE,true,true,56642,56642,5480,66.005054,339.997056,1.0,66.0,340.0,<V3_ROOT>/FINAL_EVALUATION_RECORDS.json,RUN_05200|v3,/11389/row,v3,COMPLETED,NONE,<V3_ROOT>/FINAL_RUN_RECORDS.json,RUN_05200,<RESULTS_ROOT>/run_statistics/EVALUATION_CORE_v3_A06.csv,473,0.09899704794326429,0.11045629253691716,0.04899160192849435,1.886870037275429,3.518760930538524,2.254502171719102,2.2654222167013276
RUN_05211,D53_seed_04,go2_prior_metadata,D53,seed_04,A06,AB1110,semisynthetic,false,true,COMPLETED,NONE,true,true,56642,56642,5480,66.005054,339.997056,1.0,66.0,340.0,<V3_ROOT>/FINAL_EVALUATION_RECORDS.json,RUN_05211|v3,/11411/row,v3,COMPLETED,NONE,<V3_ROOT>/FINAL_RUN_RECORDS.json,RUN_05211,<RESULTS_ROOT>/run_statistics/EVALUATION_CORE_v3_A06.csv,474,0.09899704794326429,0.11045629253691716,0.04899160192849435,1.886870037275429,3.518760930538524,2.254502171719102,2.2654222167013276
RUN_05222,D53_seed_05,go2_prior_metadata,D53,seed_05,A06,AB1110,semisynthetic,false,true,COMPLETED,NONE,true,true,56642,56642,5480,66.005054,339.997056,1.0,66.0,340.0,<V3_ROOT>/FINAL_EVALUATION_RECORDS.json,RUN_05222|v3,/11433/row,v3,COMPLETED,NONE,<V3_ROOT>/FINAL_RUN_RECORDS.json,RUN_05222,<RESULTS_ROOT>/run_statistics/EVALUATION_CORE_v3_A06.csv,475,0.09899704794326429,0.11045629253691716,0.04899160192849435,1.886870037275429,3.518760930538524,2.254502171719102,2.2654222167013276
RUN_05233,D53_seed_06,go2_prior_metadata,D53,seed_06,A06,AB1110,semisynthetic,false,true,COMPLETED,NONE,true,true,56642,56642,5480,66.005054,339.997056,1.0,66.0,340.0,<V3_ROOT>/FINAL_EVALUATION_RECORDS.json,RUN_05233|v3,/11455/row,v3,COMPLETED,NONE,<V3_ROOT>/FINAL_RUN_RECORDS.json,RUN_05233,<RESULTS_ROOT>/run_statistics/EVALUATION_CORE_v3_A06.csv,476,0.09899704794326429,0.11045629253691716,0.04899160192849435,1.886870037275429,3.518760930538524,2.254502171719102,2.2654222167013276
RUN_05244,D53_seed_07,go2_prior_metadata,D53,seed_07,A06,AB1110,semisynthetic,false,true,COMPLETED,NONE,true,true,56642,56642,5480,66.005054,339.997056,1.0,66.0,340.0,<V3_ROOT>/FINAL_EVALUATION_RECORDS.json,RUN_05244|v3,/11477/row,v3,COMPLETED,NONE,<V3_ROOT>/FINAL_RUN_RECORDS.json,RUN_05244,<RESULTS_ROOT>/run_statistics/EVALUATION_CORE_v3_A06.csv,477,0.09899704794326429,0.11045629253691716,0.04899160192849435,1.886870037275429,3.518760930538524,2.254502171719102,2.2654222167013276
RUN_05255,D53_seed_08,go2_prior_metadata,D53,seed_08,A06,AB1110,semisynthetic,false,true,COMPLETED,NONE,true,true,56642,56642,5480,66.005054,339.997056,1.0,66.0,340.0,<V3_ROOT>/FINAL_EVALUATION_RECORDS.json,RUN_05255|v3,/11499/row,v3,COMPLETED,NONE,<V3_ROOT>/FINAL_RUN_RECORDS.json,RUN_05255,<RESULTS_ROOT>/run_statistics/EVALUATION_CORE_v3_A06.csv,478,0.09899704794326429,0.11045629253691716,0.04899160192849435,1.886870037275429,3.518760930538524,2.254502171719102,2.2654222167013276
RUN_05266,D54_seed_00,go2_prior_metadata,D54,seed_00,A06,AB1110,semisynthetic,false,true,COMPLETED,NONE,true,true,56642,56642,5480,66.005054,339.997056,1.0,66.0,340.0,<V3_ROOT>/FINAL_EVALUATION_RECORDS.json,RUN_05266|v3,/11521/row,v3,COMPLETED,NONE,<V3_ROOT>/FINAL_RUN_RECORDS.json,RUN_05266,<RESULTS_ROOT>/run_statistics/EVALUATION_CORE_v3_A06.csv,479,0.09899704794326429,0.11045629253691716,0.04899160192849435,1.886870037275429,3.518760930538524,2.254502171719102,2.2654222167013276
RUN_05277,D54_seed_01,go2_prior_metadata,D54,seed_01,A06,AB1110,semisynthetic,false,true,COMPLETED,NONE,true,true,56642,56642,5480,66.005054,339.997056,1.0,66.0,340.0,<V3_ROOT>/FINAL_EVALUATION_RECORDS.json,RUN_05277|v3,/11543/row,v3,COMPLETED,NONE,<V3_ROOT>/FINAL_RUN_RECORDS.json,RUN_05277,<RESULTS_ROOT>/run_statistics/EVALUATION_CORE_v3_A06.csv,480,0.09899704794326429,0.11045629253691716,0.04899160192849435,1.886870037275429,3.518760930538524,2.254502171719102,2.2654222167013276
RUN_05288,D54_seed_02,go2_prior_metadata,D54,seed_02,A06,AB1110,semisynthetic,false,true,COMPLETED,NONE,true,true,56642,56642,5480,66.005054,339.997056,1.0,66.0,340.0,<V3_ROOT>/FINAL_EVALUATION_RECORDS.json,RUN_05288|v3,/11565/row,v3,COMPLETED,NONE,<V3_ROOT>/FINAL_RUN_RECORDS.json,RUN_05288,<RESULTS_ROOT>/run_statistics/EVALUATION_CORE_v3_A06.csv,481,0.09899704794326429,0.11045629253691716,0.04899160192849435,1.886870037275429,3.518760930538524,2.254502171719102,2.2654222167013276
RUN_05299,D54_seed_03,go2_prior_metadata,D54,seed_03,A06,AB1110,semisynthetic,false,true,COMPLETED,NONE,true,true,56642,56642,5480,66.005054,339.997056,1.0,66.0,340.0,<V3_ROOT>/FINAL_EVALUATION_RECORDS.json,RUN_05299|v3,/11587/row,v3,COMPLETED,NONE,<V3_ROOT>/FINAL_RUN_RECORDS.json,RUN_05299,<RESULTS_ROOT>/run_statistics/EVALUATION_CORE_v3_A06.csv,482,0.09899704794326429,0.11045629253691716,0.04899160192849435,1.886870037275429,3.518760930538524,2.254502171719102,2.2654222167013276
RUN_05310,D54_seed_04,go2_prior_metadata,D54,seed_04,A06,AB1110,semisynthetic,false,true,COMPLETED,NONE,true,true,56642,56642,5480,66.005054,339.997056,1.0,66.0,340.0,<V3_ROOT>/FINAL_EVALUATION_RECORDS.json,RUN_05310|v3,/11609/row,v3,COMPLETED,NONE,<V3_ROOT>/FINAL_RUN_RECORDS.json,RUN_05310,<RESULTS_ROOT>/run_statistics/EVALUATION_CORE_v3_A06.csv,483,0.09899704794326429,0.11045629253691716,0.04899160192849435,1.886870037275429,3.518760930538524,2.254502171719102,2.2654222167013276
RUN_05321,D54_seed_05,go2_prior_metadata,D54,seed_05,A06,AB1110,semisynthetic,false,true,COMPLETED,NONE,true,true,56642,56642,5480,66.005054,339.997056,1.0,66.0,340.0,<V3_ROOT>/FINAL_EVALUATION_RECORDS.json,RUN_05321|v3,/11631/row,v3,COMPLETED,NONE,<V3_ROOT>/FINAL_RUN_RECORDS.json,RUN_05321,<RESULTS_ROOT>/run_statistics/EVALUATION_CORE_v3_A06.csv,484,0.09899704794326429,0.11045629253691716,0.04899160192849435,1.886870037275429,3.518760930538524,2.254502171719102,2.2654222167013276
RUN_05332,D54_seed_06,go2_prior_metadata,D54,seed_06,A06,AB1110,semisynthetic,false,true,COMPLETED,NONE,true,true,56642,56642,5480,66.005054,339.997056,1.0,66.0,340.0,<V3_ROOT>/FINAL_EVALUATION_RECORDS.json,RUN_05332|v3,/11653/row,v3,COMPLETED,NONE,<V3_ROOT>/FINAL_RUN_RECORDS.json,RUN_05332,<RESULTS_ROOT>/run_statistics/EVALUATION_CORE_v3_A06.csv,485,0.09899704794326429,0.11045629253691716,0.04899160192849435,1.886870037275429,3.518760930538524,2.254502171719102,2.2654222167013276
RUN_05343,D54_seed_07,go2_prior_metadata,D54,seed_07,A06,AB1110,semisynthetic,false,true,COMPLETED,NONE,true,true,56642,56642,5480,66.005054,339.997056,1.0,66.0,340.0,<V3_ROOT>/FINAL_EVALUATION_RECORDS.json,RUN_05343|v3,/11675/row,v3,COMPLETED,NONE,<V3_ROOT>/FINAL_RUN_RECORDS.json,RUN_05343,<RESULTS_ROOT>/run_statistics/EVALUATION_CORE_v3_A06.csv,486,0.09899704794326429,0.11045629253691716,0.04899160192849435,1.886870037275429,3.518760930538524,2.254502171719102,2.2654222167013276
RUN_05354,D54_seed_08,go2_prior_metadata,D54,seed_08,A06,AB1110,semisynthetic,false,true,COMPLETED,NONE,true,true,56642,56642,5480,66.005054,339.997056,1.0,66.0,340.0,<V3_ROOT>/FINAL_EVALUATION_RECORDS.json,RUN_05354|v3,/11697/row,v3,COMPLETED,NONE,<V3_ROOT>/FINAL_RUN_RECORDS.json,RUN_05354,<RESULTS_ROOT>/run_statistics/EVALUATION_CORE_v3_A06.csv,487,0.09899704794326429,0.11045629253691716,0.04899160192849435,1.886870037275429,3.518760930538524,2.254502171719102,2.2654222167013276
RUN_05365,D55_seed_00,go2_prior_metadata,D55,seed_00,A06,AB1110,semisynthetic,false,true,COMPLETED,NONE,true,true,56642,56642,5480,66.005054,339.997056,1.0,66.0,340.0,<V3_ROOT>/FINAL_EVALUATION_RECORDS.json,RUN_05365|v3,/11719/row,v3,COMPLETED,NONE,<V3_ROOT>/FINAL_RUN_RECORDS.json,RUN_05365,<RESULTS_ROOT>/run_statistics/EVALUATION_CORE_v3_A06.csv,488,0.09899704794326429,0.11045629253691716,0.04899160192849435,1.886870037275429,3.518760930538524,2.254502171719102,2.2654222167013276
RUN_05376,D55_seed_01,go2_prior_metadata,D55,seed_01,A06,AB1110,semisynthetic,false,true,COMPLETED,NONE,true,true,56642,56642,5480,66.005054,339.997056,1.0,66.0,340.0,<V3_ROOT>/FINAL_EVALUATION_RECORDS.json,RUN_05376|v3,/11741/row,v3,COMPLETED,NONE,<V3_ROOT>/FINAL_RUN_RECORDS.json,RUN_05376,<RESULTS_ROOT>/run_statistics/EVALUATION_CORE_v3_A06.csv,489,0.09899704794326429,0.11045629253691716,0.04899160192849435,1.886870037275429,3.518760930538524,2.254502171719102,2.2654222167013276
RUN_05387,D55_seed_02,go2_prior_metadata,D55,seed_02,A06,AB1110,semisynthetic,false,true,COMPLETED,NONE,true,true,56642,56642,5480,66.005054,339.997056,1.0,66.0,340.0,<V3_ROOT>/FINAL_EVALUATION_RECORDS.json,RUN_05387|v3,/11763/row,v3,COMPLETED,NONE,<V3_ROOT>/FINAL_RUN_RECORDS.json,RUN_05387,<RESULTS_ROOT>/run_statistics/EVALUATION_CORE_v3_A06.csv,490,0.09899704794326429,0.11045629253691716,0.04899160192849435,1.886870037275429,3.518760930538524,2.254502171719102,2.2654222167013276
RUN_05398,D55_seed_03,go2_prior_metadata,D55,seed_03,A06,AB1110,semisynthetic,false,true,COMPLETED,NONE,true,true,56642,56642,5480,66.005054,339.997056,1.0,66.0,340.0,<V3_ROOT>/FINAL_EVALUATION_RECORDS.json,RUN_05398|v3,/11785/row,v3,COMPLETED,NONE,<V3_ROOT>/FINAL_RUN_RECORDS.json,RUN_05398,<RESULTS_ROOT>/run_statistics/EVALUATION_CORE_v3_A06.csv,491,0.09899704794326429,0.11045629253691716,0.04899160192849435,1.886870037275429,3.518760930538524,2.254502171719102,2.2654222167013276
RUN_05409,D55_seed_04,go2_prior_metadata,D55,seed_04,A06,AB1110,semisynthetic,false,true,COMPLETED,NONE,true,true,56642,56642,5480,66.005054,339.997056,1.0,66.0,340.0,<V3_ROOT>/FINAL_EVALUATION_RECORDS.json,RUN_05409|v3,/11807/row,v3,COMPLETED,NONE,<V3_ROOT>/FINAL_RUN_RECORDS.json,RUN_05409,<RESULTS_ROOT>/run_statistics/EVALUATION_CORE_v3_A06.csv,492,0.09899704794326429,0.11045629253691716,0.04899160192849435,1.886870037275429,3.518760930538524,2.254502171719102,2.2654222167013276
RUN_05420,D55_seed_05,go2_prior_metadata,D55,seed_05,A06,AB1110,semisynthetic,false,true,COMPLETED,NONE,true,true,56642,56642,5480,66.005054,339.997056,1.0,66.0,340.0,<V3_ROOT>/FINAL_EVALUATION_RECORDS.json,RUN_05420|v3,/11829/row,v3,COMPLETED,NONE,<V3_ROOT>/FINAL_RUN_RECORDS.json,RUN_05420,<RESULTS_ROOT>/run_statistics/EVALUATION_CORE_v3_A06.csv,493,0.09899704794326429,0.11045629253691716,0.04899160192849435,1.886870037275429,3.518760930538524,2.254502171719102,2.2654222167013276
RUN_05431,D55_seed_06,go2_prior_metadata,D55,seed_06,A06,AB1110,semisynthetic,false,true,COMPLETED,NONE,true,true,56642,56642,5480,66.005054,339.997056,1.0,66.0,340.0,<V3_ROOT>/FINAL_EVALUATION_RECORDS.json,RUN_05431|v3,/11851/row,v3,COMPLETED,NONE,<V3_ROOT>/FINAL_RUN_RECORDS.json,RUN_05431,<RESULTS_ROOT>/run_statistics/EVALUATION_CORE_v3_A06.csv,494,0.09899704794326429,0.11045629253691716,0.04899160192849435,1.886870037275429,3.518760930538524,2.254502171719102,2.2654222167013276
RUN_05442,D55_seed_07,go2_prior_metadata,D55,seed_07,A06,AB1110,semisynthetic,false,true,COMPLETED,NONE,true,true,56642,56642,5480,66.005054,339.997056,1.0,66.0,340.0,<V3_ROOT>/FINAL_EVALUATION_RECORDS.json,RUN_05442|v3,/11873/row,v3,COMPLETED,NONE,<V3_ROOT>/FINAL_RUN_RECORDS.json,RUN_05442,<RESULTS_ROOT>/run_statistics/EVALUATION_CORE_v3_A06.csv,495,0.09899704794326429,0.11045629253691716,0.04899160192849435,1.886870037275429,3.518760930538524,2.254502171719102,2.2654222167013276
RUN_05453,D55_seed_08,go2_prior_metadata,D55,seed_08,A06,AB1110,semisynthetic,false,true,COMPLETED,NONE,true,true,56642,56642,5480,66.005054,339.997056,1.0,66.0,340.0,<V3_ROOT>/FINAL_EVALUATION_RECORDS.json,RUN_05453|v3,/11895/row,v3,COMPLETED,NONE,<V3_ROOT>/FINAL_RUN_RECORDS.json,RUN_05453,<RESULTS_ROOT>/run_statistics/EVALUATION_CORE_v3_A06.csv,496,0.09899704794326429,0.11045629253691716,0.04899160192849435,1.886870037275429,3.518760930538524,2.254502171719102,2.2654222167013276
RUN_05464,D56_seed_00,go2_prior_metadata,D56,seed_00,A06,AB1110,semisynthetic,false,true,COMPLETED,NONE,true,true,56642,56642,5480,66.005054,339.997056,1.0,66.0,340.0,<V3_ROOT>/FINAL_EVALUATION_RECORDS.json,RUN_05464|v3,/11917/row,v3,COMPLETED,NONE,<V3_ROOT>/FINAL_RUN_RECORDS.json,RUN_05464,<RESULTS_ROOT>/run_statistics/EVALUATION_CORE_v3_A06.csv,497,0.09899704794326429,0.11045629253691716,0.04899160192849435,1.886870037275429,3.518760930538524,2.254502171719102,2.2654222167013276
RUN_05475,D56_seed_01,go2_prior_metadata,D56,seed_01,A06,AB1110,semisynthetic,false,true,COMPLETED,NONE,true,true,56642,56642,5480,66.005054,339.997056,1.0,66.0,340.0,<V3_ROOT>/FINAL_EVALUATION_RECORDS.json,RUN_05475|v3,/11939/row,v3,COMPLETED,NONE,<V3_ROOT>/FINAL_RUN_RECORDS.json,RUN_05475,<RESULTS_ROOT>/run_statistics/EVALUATION_CORE_v3_A06.csv,498,0.09899704794326429,0.11045629253691716,0.04899160192849435,1.886870037275429,3.518760930538524,2.254502171719102,2.2654222167013276
RUN_05486,D56_seed_02,go2_prior_metadata,D56,seed_02,A06,AB1110,semisynthetic,false,true,COMPLETED,NONE,true,true,56642,56642,5480,66.005054,339.997056,1.0,66.0,340.0,<V3_ROOT>/FINAL_EVALUATION_RECORDS.json,RUN_05486|v3,/11961/row,v3,COMPLETED,NONE,<V3_ROOT>/FINAL_RUN_RECORDS.json,RUN_05486,<RESULTS_ROOT>/run_statistics/EVALUATION_CORE_v3_A06.csv,499,0.09899704794326429,0.11045629253691716,0.04899160192849435,1.886870037275429,3.518760930538524,2.254502171719102,2.2654222167013276
RUN_05497,D56_seed_03,go2_prior_metadata,D56,seed_03,A06,AB1110,semisynthetic,false,true,COMPLETED,NONE,true,true,56642,56642,5480,66.005054,339.997056,1.0,66.0,340.0,<V3_ROOT>/FINAL_EVALUATION_RECORDS.json,RUN_05497|v3,/11983/row,v3,COMPLETED,NONE,<V3_ROOT>/FINAL_RUN_RECORDS.json,RUN_05497,<RESULTS_ROOT>/run_statistics/EVALUATION_CORE_v3_A06.csv,500,0.09899704794326429,0.11045629253691716,0.04899160192849435,1.886870037275429,3.518760930538524,2.254502171719102,2.2654222167013276
RUN_05508,D56_seed_04,go2_prior_metadata,D56,seed_04,A06,AB1110,semisynthetic,false,true,COMPLETED,NONE,true,true,56642,56642,5480,66.005054,339.997056,1.0,66.0,340.0,<V3_ROOT>/FINAL_EVALUATION_RECORDS.json,RUN_05508|v3,/12005/row,v3,COMPLETED,NONE,<V3_ROOT>/FINAL_RUN_RECORDS.json,RUN_05508,<RESULTS_ROOT>/run_statistics/EVALUATION_CORE_v3_A06.csv,501,0.09899704794326429,0.11045629253691716,0.04899160192849435,1.886870037275429,3.518760930538524,2.254502171719102,2.2654222167013276
RUN_05519,D56_seed_05,go2_prior_metadata,D56,seed_05,A06,AB1110,semisynthetic,false,true,COMPLETED,NONE,true,true,56642,56642,5480,66.005054,339.997056,1.0,66.0,340.0,<V3_ROOT>/FINAL_EVALUATION_RECORDS.json,RUN_05519|v3,/12027/row,v3,COMPLETED,NONE,<V3_ROOT>/FINAL_RUN_RECORDS.json,RUN_05519,<RESULTS_ROOT>/run_statistics/EVALUATION_CORE_v3_A06.csv,502,0.09899704794326429,0.11045629253691716,0.04899160192849435,1.886870037275429,3.518760930538524,2.254502171719102,2.2654222167013276
RUN_05530,D56_seed_06,go2_prior_metadata,D56,seed_06,A06,AB1110,semisynthetic,false,true,COMPLETED,NONE,true,true,56642,56642,5480,66.005054,339.997056,1.0,66.0,340.0,<V3_ROOT>/FINAL_EVALUATION_RECORDS.json,RUN_05530|v3,/12049/row,v3,COMPLETED,NONE,<V3_ROOT>/FINAL_RUN_RECORDS.json,RUN_05530,<RESULTS_ROOT>/run_statistics/EVALUATION_CORE_v3_A06.csv,503,0.09899704794326429,0.11045629253691716,0.04899160192849435,1.886870037275429,3.518760930538524,2.254502171719102,2.2654222167013276
RUN_05541,D56_seed_07,go2_prior_metadata,D56,seed_07,A06,AB1110,semisynthetic,false,true,COMPLETED,NONE,true,true,56642,56642,5480,66.005054,339.997056,1.0,66.0,340.0,<V3_ROOT>/FINAL_EVALUATION_RECORDS.json,RUN_05541|v3,/12071/row,v3,COMPLETED,NONE,<V3_ROOT>/FINAL_RUN_RECORDS.json,RUN_05541,<RESULTS_ROOT>/run_statistics/EVALUATION_CORE_v3_A06.csv,504,0.09899704794326429,0.11045629253691716,0.04899160192849435,1.886870037275429,3.518760930538524,2.254502171719102,2.2654222167013276
RUN_05552,D56_seed_08,go2_prior_metadata,D56,seed_08,A06,AB1110,semisynthetic,false,true,COMPLETED,NONE,true,true,56642,56642,5480,66.005054,339.997056,1.0,66.0,340.0,<V3_ROOT>/FINAL_EVALUATION_RECORDS.json,RUN_05552|v3,/12093/row,v3,COMPLETED,NONE,<V3_ROOT>/FINAL_RUN_RECORDS.json,RUN_05552,<RESULTS_ROOT>/run_statistics/EVALUATION_CORE_v3_A06.csv,505,0.09899704794326429,0.11045629253691716,0.04899160192849435,1.886870037275429,3.518760930538524,2.254502171719102,2.2654222167013276
RUN_04970,D51_seed_00,go2_prior_metadata,D51,seed_00,A07,AB1100,semisynthetic,false,true,COMPLETED,NONE,true,true,56642,56642,5480,66.005054,339.997056,1.0,66.0,340.0,<V3_ROOT>/FINAL_EVALUATION_RECORDS.json,RUN_04970|v3,/10929/row,v3,COMPLETED,NONE,<V3_ROOT>/FINAL_RUN_RECORDS.json,RUN_04970,<RESULTS_ROOT>/run_statistics/EVALUATION_CORE_v3_A07.csv,452,0.0998590361372145,0.11100246776782001,0.04847391826840906,1.9144225265420964,3.617427559006549,3.326637339620488,2.929497934610635
RUN_04981,D51_seed_01,go2_prior_metadata,D51,seed_01,A07,AB1100,semisynthetic,false,true,COMPLETED,NONE,true,true,56642,56642,5480,66.005054,339.997056,1.0,66.0,340.0,<V3_ROOT>/FINAL_EVALUATION_RECORDS.json,RUN_04981|v3,/10951/row,v3,COMPLETED,NONE,<V3_ROOT>/FINAL_RUN_RECORDS.json,RUN_04981,<RESULTS_ROOT>/run_statistics/EVALUATION_CORE_v3_A07.csv,453,0.0998590361372145,0.11100246776782001,0.04847391826840906,1.9144225265420964,3.617427559006549,3.326637339620488,2.929497934610635
RUN_04992,D51_seed_02,go2_prior_metadata,D51,seed_02,A07,AB1100,semisynthetic,false,true,COMPLETED,NONE,true,true,56642,56642,5480,66.005054,339.997056,1.0,66.0,340.0,<V3_ROOT>/FINAL_EVALUATION_RECORDS.json,RUN_04992|v3,/10973/row,v3,COMPLETED,NONE,<V3_ROOT>/FINAL_RUN_RECORDS.json,RUN_04992,<RESULTS_ROOT>/run_statistics/EVALUATION_CORE_v3_A07.csv,454,0.0998590361372145,0.11100246776782001,0.04847391826840906,1.9144225265420964,3.617427559006549,3.326637339620488,2.929497934610635
RUN_05003,D51_seed_03,go2_prior_metadata,D51,seed_03,A07,AB1100,semisynthetic,false,true,COMPLETED,NONE,true,true,56642,56642,5480,66.005054,339.997056,1.0,66.0,340.0,<V3_ROOT>/FINAL_EVALUATION_RECORDS.json,RUN_05003|v3,/10995/row,v3,COMPLETED,NONE,<V3_ROOT>/FINAL_RUN_RECORDS.json,RUN_05003,<RESULTS_ROOT>/run_statistics/EVALUATION_CORE_v3_A07.csv,455,0.0998590361372145,0.11100246776782001,0.04847391826840906,1.9144225265420964,3.617427559006549,3.326637339620488,2.929497934610635
RUN_05014,D51_seed_04,go2_prior_metadata,D51,seed_04,A07,AB1100,semisynthetic,false,true,COMPLETED,NONE,true,true,56642,56642,5480,66.005054,339.997056,1.0,66.0,340.0,<V3_ROOT>/FINAL_EVALUATION_RECORDS.json,RUN_05014|v3,/11017/row,v3,COMPLETED,NONE,<V3_ROOT>/FINAL_RUN_RECORDS.json,RUN_05014,<RESULTS_ROOT>/run_statistics/EVALUATION_CORE_v3_A07.csv,456,0.0998590361372145,0.11100246776782001,0.04847391826840906,1.9144225265420964,3.617427559006549,3.326637339620488,2.929497934610635
RUN_05025,D51_seed_05,go2_prior_metadata,D51,seed_05,A07,AB1100,semisynthetic,false,true,COMPLETED,NONE,true,true,56642,56642,5480,66.005054,339.997056,1.0,66.0,340.0,<V3_ROOT>/FINAL_EVALUATION_RECORDS.json,RUN_05025|v3,/11039/row,v3,COMPLETED,NONE,<V3_ROOT>/FINAL_RUN_RECORDS.json,RUN_05025,<RESULTS_ROOT>/run_statistics/EVALUATION_CORE_v3_A07.csv,457,0.0998590361372145,0.11100246776782001,0.04847391826840906,1.9144225265420964,3.617427559006549,3.326637339620488,2.929497934610635
RUN_05036,D51_seed_06,go2_prior_metadata,D51,seed_06,A07,AB1100,semisynthetic,false,true,COMPLETED,NONE,true,true,56642,56642,5480,66.005054,339.997056,1.0,66.0,340.0,<V3_ROOT>/FINAL_EVALUATION_RECORDS.json,RUN_05036|v3,/11061/row,v3,COMPLETED,NONE,<V3_ROOT>/FINAL_RUN_RECORDS.json,RUN_05036,<RESULTS_ROOT>/run_statistics/EVALUATION_CORE_v3_A07.csv,458,0.0998590361372145,0.11100246776782001,0.04847391826840906,1.9144225265420964,3.617427559006549,3.326637339620488,2.929497934610635
RUN_05047,D51_seed_07,go2_prior_metadata,D51,seed_07,A07,AB1100,semisynthetic,false,true,COMPLETED,NONE,true,true,56642,56642,5480,66.005054,339.997056,1.0,66.0,340.0,<V3_ROOT>/FINAL_EVALUATION_RECORDS.json,RUN_05047|v3,/11083/row,v3,COMPLETED,NONE,<V3_ROOT>/FINAL_RUN_RECORDS.json,RUN_05047,<RESULTS_ROOT>/run_statistics/EVALUATION_CORE_v3_A07.csv,459,0.0998590361372145,0.11100246776782001,0.04847391826840906,1.9144225265420964,3.617427559006549,3.326637339620488,2.929497934610635
RUN_05058,D51_seed_08,go2_prior_metadata,D51,seed_08,A07,AB1100,semisynthetic,false,true,COMPLETED,NONE,true,true,56642,56642,5480,66.005054,339.997056,1.0,66.0,340.0,<V3_ROOT>/FINAL_EVALUATION_RECORDS.json,RUN_05058|v3,/11105/row,v3,COMPLETED,NONE,<V3_ROOT>/FINAL_RUN_RECORDS.json,RUN_05058,<RESULTS_ROOT>/run_statistics/EVALUATION_CORE_v3_A07.csv,460,0.0998590361372145,0.11100246776782001,0.04847391826840906,1.9144225265420964,3.617427559006549,3.326637339620488,2.929497934610635
RUN_05069,D52_seed_00,go2_prior_metadata,D52,seed_00,A07,AB1100,semisynthetic,false,true,COMPLETED,NONE,true,true,56642,56642,5480,66.005054,339.997056,1.0,66.0,340.0,<V3_ROOT>/FINAL_EVALUATION_RECORDS.json,RUN_05069|v3,/11127/row,v3,COMPLETED,NONE,<V3_ROOT>/FINAL_RUN_RECORDS.json,RUN_05069,<RESULTS_ROOT>/run_statistics/EVALUATION_CORE_v3_A07.csv,461,0.0998590361372145,0.11100246776782001,0.04847391826840906,1.9144225265420964,3.617427559006549,3.326637339620488,2.929497934610635
RUN_05080,D52_seed_01,go2_prior_metadata,D52,seed_01,A07,AB1100,semisynthetic,false,true,COMPLETED,NONE,true,true,56642,56642,5480,66.005054,339.997056,1.0,66.0,340.0,<V3_ROOT>/FINAL_EVALUATION_RECORDS.json,RUN_05080|v3,/11149/row,v3,COMPLETED,NONE,<V3_ROOT>/FINAL_RUN_RECORDS.json,RUN_05080,<RESULTS_ROOT>/run_statistics/EVALUATION_CORE_v3_A07.csv,462,0.0998590361372145,0.11100246776782001,0.04847391826840906,1.9144225265420964,3.617427559006549,3.326637339620488,2.929497934610635
RUN_05091,D52_seed_02,go2_prior_metadata,D52,seed_02,A07,AB1100,semisynthetic,false,true,COMPLETED,NONE,true,true,56642,56642,5480,66.005054,339.997056,1.0,66.0,340.0,<V3_ROOT>/FINAL_EVALUATION_RECORDS.json,RUN_05091|v3,/11171/row,v3,COMPLETED,NONE,<V3_ROOT>/FINAL_RUN_RECORDS.json,RUN_05091,<RESULTS_ROOT>/run_statistics/EVALUATION_CORE_v3_A07.csv,463,0.0998590361372145,0.11100246776782001,0.04847391826840906,1.9144225265420964,3.617427559006549,3.326637339620488,2.929497934610635
RUN_05102,D52_seed_03,go2_prior_metadata,D52,seed_03,A07,AB1100,semisynthetic,false,true,COMPLETED,NONE,true,true,56642,56642,5480,66.005054,339.997056,1.0,66.0,340.0,<V3_ROOT>/FINAL_EVALUATION_RECORDS.json,RUN_05102|v3,/11193/row,v3,COMPLETED,NONE,<V3_ROOT>/FINAL_RUN_RECORDS.json,RUN_05102,<RESULTS_ROOT>/run_statistics/EVALUATION_CORE_v3_A07.csv,464,0.0998590361372145,0.11100246776782001,0.04847391826840906,1.9144225265420964,3.617427559006549,3.326637339620488,2.929497934610635
RUN_05113,D52_seed_04,go2_prior_metadata,D52,seed_04,A07,AB1100,semisynthetic,false,true,COMPLETED,NONE,true,true,56642,56642,5480,66.005054,339.997056,1.0,66.0,340.0,<V3_ROOT>/FINAL_EVALUATION_RECORDS.json,RUN_05113|v3,/11215/row,v3,COMPLETED,NONE,<V3_ROOT>/FINAL_RUN_RECORDS.json,RUN_05113,<RESULTS_ROOT>/run_statistics/EVALUATION_CORE_v3_A07.csv,465,0.0998590361372145,0.11100246776782001,0.04847391826840906,1.9144225265420964,3.617427559006549,3.326637339620488,2.929497934610635
RUN_05124,D52_seed_05,go2_prior_metadata,D52,seed_05,A07,AB1100,semisynthetic,false,true,COMPLETED,NONE,true,true,56642,56642,5480,66.005054,339.997056,1.0,66.0,340.0,<V3_ROOT>/FINAL_EVALUATION_RECORDS.json,RUN_05124|v3,/11237/row,v3,COMPLETED,NONE,<V3_ROOT>/FINAL_RUN_RECORDS.json,RUN_05124,<RESULTS_ROOT>/run_statistics/EVALUATION_CORE_v3_A07.csv,466,0.0998590361372145,0.11100246776782001,0.04847391826840906,1.9144225265420964,3.617427559006549,3.326637339620488,2.929497934610635
RUN_05135,D52_seed_06,go2_prior_metadata,D52,seed_06,A07,AB1100,semisynthetic,false,true,COMPLETED,NONE,true,true,56642,56642,5480,66.005054,339.997056,1.0,66.0,340.0,<V3_ROOT>/FINAL_EVALUATION_RECORDS.json,RUN_05135|v3,/11259/row,v3,COMPLETED,NONE,<V3_ROOT>/FINAL_RUN_RECORDS.json,RUN_05135,<RESULTS_ROOT>/run_statistics/EVALUATION_CORE_v3_A07.csv,467,0.0998590361372145,0.11100246776782001,0.04847391826840906,1.9144225265420964,3.617427559006549,3.326637339620488,2.929497934610635
RUN_05146,D52_seed_07,go2_prior_metadata,D52,seed_07,A07,AB1100,semisynthetic,false,true,COMPLETED,NONE,true,true,56642,56642,5480,66.005054,339.997056,1.0,66.0,340.0,<V3_ROOT>/FINAL_EVALUATION_RECORDS.json,RUN_05146|v3,/11281/row,v3,COMPLETED,NONE,<V3_ROOT>/FINAL_RUN_RECORDS.json,RUN_05146,<RESULTS_ROOT>/run_statistics/EVALUATION_CORE_v3_A07.csv,468,0.0998590361372145,0.11100246776782001,0.04847391826840906,1.9144225265420964,3.617427559006549,3.326637339620488,2.929497934610635
RUN_05157,D52_seed_08,go2_prior_metadata,D52,seed_08,A07,AB1100,semisynthetic,false,true,COMPLETED,NONE,true,true,56642,56642,5480,66.005054,339.997056,1.0,66.0,340.0,<V3_ROOT>/FINAL_EVALUATION_RECORDS.json,RUN_05157|v3,/11303/row,v3,COMPLETED,NONE,<V3_ROOT>/FINAL_RUN_RECORDS.json,RUN_05157,<RESULTS_ROOT>/run_statistics/EVALUATION_CORE_v3_A07.csv,469,0.0998590361372145,0.11100246776782001,0.04847391826840906,1.9144225265420964,3.617427559006549,3.326637339620488,2.929497934610635
RUN_05168,D53_seed_00,go2_prior_metadata,D53,seed_00,A07,AB1100,semisynthetic,false,true,COMPLETED,NONE,true,true,56642,56642,5480,66.005054,339.997056,1.0,66.0,340.0,<V3_ROOT>/FINAL_EVALUATION_RECORDS.json,RUN_05168|v3,/11325/row,v3,COMPLETED,NONE,<V3_ROOT>/FINAL_RUN_RECORDS.json,RUN_05168,<RESULTS_ROOT>/run_statistics/EVALUATION_CORE_v3_A07.csv,470,0.0998590361372145,0.11100246776782001,0.04847391826840906,1.9144225265420964,3.617427559006549,3.326637339620488,2.929497934610635
RUN_05179,D53_seed_01,go2_prior_metadata,D53,seed_01,A07,AB1100,semisynthetic,false,true,COMPLETED,NONE,true,true,56642,56642,5480,66.005054,339.997056,1.0,66.0,340.0,<V3_ROOT>/FINAL_EVALUATION_RECORDS.json,RUN_05179|v3,/11347/row,v3,COMPLETED,NONE,<V3_ROOT>/FINAL_RUN_RECORDS.json,RUN_05179,<RESULTS_ROOT>/run_statistics/EVALUATION_CORE_v3_A07.csv,471,0.0998590361372145,0.11100246776782001,0.04847391826840906,1.9144225265420964,3.617427559006549,3.326637339620488,2.929497934610635
RUN_05190,D53_seed_02,go2_prior_metadata,D53,seed_02,A07,AB1100,semisynthetic,false,true,COMPLETED,NONE,true,true,56642,56642,5480,66.005054,339.997056,1.0,66.0,340.0,<V3_ROOT>/FINAL_EVALUATION_RECORDS.json,RUN_05190|v3,/11369/row,v3,COMPLETED,NONE,<V3_ROOT>/FINAL_RUN_RECORDS.json,RUN_05190,<RESULTS_ROOT>/run_statistics/EVALUATION_CORE_v3_A07.csv,472,0.0998590361372145,0.11100246776782001,0.04847391826840906,1.9144225265420964,3.617427559006549,3.326637339620488,2.929497934610635
RUN_05201,D53_seed_03,go2_prior_metadata,D53,seed_03,A07,AB1100,semisynthetic,false,true,COMPLETED,NONE,true,true,56642,56642,5480,66.005054,339.997056,1.0,66.0,340.0,<V3_ROOT>/FINAL_EVALUATION_RECORDS.json,RUN_05201|v3,/11391/row,v3,COMPLETED,NONE,<V3_ROOT>/FINAL_RUN_RECORDS.json,RUN_05201,<RESULTS_ROOT>/run_statistics/EVALUATION_CORE_v3_A07.csv,473,0.0998590361372145,0.11100246776782001,0.04847391826840906,1.9144225265420964,3.617427559006549,3.326637339620488,2.929497934610635
RUN_05212,D53_seed_04,go2_prior_metadata,D53,seed_04,A07,AB1100,semisynthetic,false,true,COMPLETED,NONE,true,true,56642,56642,5480,66.005054,339.997056,1.0,66.0,340.0,<V3_ROOT>/FINAL_EVALUATION_RECORDS.json,RUN_05212|v3,/11413/row,v3,COMPLETED,NONE,<V3_ROOT>/FINAL_RUN_RECORDS.json,RUN_05212,<RESULTS_ROOT>/run_statistics/EVALUATION_CORE_v3_A07.csv,474,0.0998590361372145,0.11100246776782001,0.04847391826840906,1.9144225265420964,3.617427559006549,3.326637339620488,2.929497934610635
RUN_05223,D53_seed_05,go2_prior_metadata,D53,seed_05,A07,AB1100,semisynthetic,false,true,COMPLETED,NONE,true,true,56642,56642,5480,66.005054,339.997056,1.0,66.0,340.0,<V3_ROOT>/FINAL_EVALUATION_RECORDS.json,RUN_05223|v3,/11435/row,v3,COMPLETED,NONE,<V3_ROOT>/FINAL_RUN_RECORDS.json,RUN_05223,<RESULTS_ROOT>/run_statistics/EVALUATION_CORE_v3_A07.csv,475,0.0998590361372145,0.11100246776782001,0.04847391826840906,1.9144225265420964,3.617427559006549,3.326637339620488,2.929497934610635
RUN_05234,D53_seed_06,go2_prior_metadata,D53,seed_06,A07,AB1100,semisynthetic,false,true,COMPLETED,NONE,true,true,56642,56642,5480,66.005054,339.997056,1.0,66.0,340.0,<V3_ROOT>/FINAL_EVALUATION_RECORDS.json,RUN_05234|v3,/11457/row,v3,COMPLETED,NONE,<V3_ROOT>/FINAL_RUN_RECORDS.json,RUN_05234,<RESULTS_ROOT>/run_statistics/EVALUATION_CORE_v3_A07.csv,476,0.0998590361372145,0.11100246776782001,0.04847391826840906,1.9144225265420964,3.617427559006549,3.326637339620488,2.929497934610635
RUN_05245,D53_seed_07,go2_prior_metadata,D53,seed_07,A07,AB1100,semisynthetic,false,true,COMPLETED,NONE,true,true,56642,56642,5480,66.005054,339.997056,1.0,66.0,340.0,<V3_ROOT>/FINAL_EVALUATION_RECORDS.json,RUN_05245|v3,/11479/row,v3,COMPLETED,NONE,<V3_ROOT>/FINAL_RUN_RECORDS.json,RUN_05245,<RESULTS_ROOT>/run_statistics/EVALUATION_CORE_v3_A07.csv,477,0.0998590361372145,0.11100246776782001,0.04847391826840906,1.9144225265420964,3.617427559006549,3.326637339620488,2.929497934610635
RUN_05256,D53_seed_08,go2_prior_metadata,D53,seed_08,A07,AB1100,semisynthetic,false,true,COMPLETED,NONE,true,true,56642,56642,5480,66.005054,339.997056,1.0,66.0,340.0,<V3_ROOT>/FINAL_EVALUATION_RECORDS.json,RUN_05256|v3,/11501/row,v3,COMPLETED,NONE,<V3_ROOT>/FINAL_RUN_RECORDS.json,RUN_05256,<RESULTS_ROOT>/run_statistics/EVALUATION_CORE_v3_A07.csv,478,0.0998590361372145,0.11100246776782001,0.04847391826840906,1.9144225265420964,3.617427559006549,3.326637339620488,2.929497934610635
RUN_05267,D54_seed_00,go2_prior_metadata,D54,seed_00,A07,AB1100,semisynthetic,false,true,COMPLETED,NONE,true,true,56642,56642,5480,66.005054,339.997056,1.0,66.0,340.0,<V3_ROOT>/FINAL_EVALUATION_RECORDS.json,RUN_05267|v3,/11523/row,v3,COMPLETED,NONE,<V3_ROOT>/FINAL_RUN_RECORDS.json,RUN_05267,<RESULTS_ROOT>/run_statistics/EVALUATION_CORE_v3_A07.csv,479,0.0998590361372145,0.11100246776782001,0.04847391826840906,1.9144225265420964,3.617427559006549,3.326637339620488,2.929497934610635
RUN_05278,D54_seed_01,go2_prior_metadata,D54,seed_01,A07,AB1100,semisynthetic,false,true,COMPLETED,NONE,true,true,56642,56642,5480,66.005054,339.997056,1.0,66.0,340.0,<V3_ROOT>/FINAL_EVALUATION_RECORDS.json,RUN_05278|v3,/11545/row,v3,COMPLETED,NONE,<V3_ROOT>/FINAL_RUN_RECORDS.json,RUN_05278,<RESULTS_ROOT>/run_statistics/EVALUATION_CORE_v3_A07.csv,480,0.0998590361372145,0.11100246776782001,0.04847391826840906,1.9144225265420964,3.617427559006549,3.326637339620488,2.929497934610635
RUN_05289,D54_seed_02,go2_prior_metadata,D54,seed_02,A07,AB1100,semisynthetic,false,true,COMPLETED,NONE,true,true,56642,56642,5480,66.005054,339.997056,1.0,66.0,340.0,<V3_ROOT>/FINAL_EVALUATION_RECORDS.json,RUN_05289|v3,/11567/row,v3,COMPLETED,NONE,<V3_ROOT>/FINAL_RUN_RECORDS.json,RUN_05289,<RESULTS_ROOT>/run_statistics/EVALUATION_CORE_v3_A07.csv,481,0.0998590361372145,0.11100246776782001,0.04847391826840906,1.9144225265420964,3.617427559006549,3.326637339620488,2.929497934610635
RUN_05300,D54_seed_03,go2_prior_metadata,D54,seed_03,A07,AB1100,semisynthetic,false,true,COMPLETED,NONE,true,true,56642,56642,5480,66.005054,339.997056,1.0,66.0,340.0,<V3_ROOT>/FINAL_EVALUATION_RECORDS.json,RUN_05300|v3,/11589/row,v3,COMPLETED,NONE,<V3_ROOT>/FINAL_RUN_RECORDS.json,RUN_05300,<RESULTS_ROOT>/run_statistics/EVALUATION_CORE_v3_A07.csv,482,0.0998590361372145,0.11100246776782001,0.04847391826840906,1.9144225265420964,3.617427559006549,3.326637339620488,2.929497934610635
RUN_05311,D54_seed_04,go2_prior_metadata,D54,seed_04,A07,AB1100,semisynthetic,false,true,COMPLETED,NONE,true,true,56642,56642,5480,66.005054,339.997056,1.0,66.0,340.0,<V3_ROOT>/FINAL_EVALUATION_RECORDS.json,RUN_05311|v3,/11611/row,v3,COMPLETED,NONE,<V3_ROOT>/FINAL_RUN_RECORDS.json,RUN_05311,<RESULTS_ROOT>/run_statistics/EVALUATION_CORE_v3_A07.csv,483,0.0998590361372145,0.11100246776782001,0.04847391826840906,1.9144225265420964,3.617427559006549,3.326637339620488,2.929497934610635
RUN_05322,D54_seed_05,go2_prior_metadata,D54,seed_05,A07,AB1100,semisynthetic,false,true,COMPLETED,NONE,true,true,56642,56642,5480,66.005054,339.997056,1.0,66.0,340.0,<V3_ROOT>/FINAL_EVALUATION_RECORDS.json,RUN_05322|v3,/11633/row,v3,COMPLETED,NONE,<V3_ROOT>/FINAL_RUN_RECORDS.json,RUN_05322,<RESULTS_ROOT>/run_statistics/EVALUATION_CORE_v3_A07.csv,484,0.0998590361372145,0.11100246776782001,0.04847391826840906,1.9144225265420964,3.617427559006549,3.326637339620488,2.929497934610635
RUN_05333,D54_seed_06,go2_prior_metadata,D54,seed_06,A07,AB1100,semisynthetic,false,true,COMPLETED,NONE,true,true,56642,56642,5480,66.005054,339.997056,1.0,66.0,340.0,<V3_ROOT>/FINAL_EVALUATION_RECORDS.json,RUN_05333|v3,/11655/row,v3,COMPLETED,NONE,<V3_ROOT>/FINAL_RUN_RECORDS.json,RUN_05333,<RESULTS_ROOT>/run_statistics/EVALUATION_CORE_v3_A07.csv,485,0.0998590361372145,0.11100246776782001,0.04847391826840906,1.9144225265420964,3.617427559006549,3.326637339620488,2.929497934610635
RUN_05344,D54_seed_07,go2_prior_metadata,D54,seed_07,A07,AB1100,semisynthetic,false,true,COMPLETED,NONE,true,true,56642,56642,5480,66.005054,339.997056,1.0,66.0,340.0,<V3_ROOT>/FINAL_EVALUATION_RECORDS.json,RUN_05344|v3,/11677/row,v3,COMPLETED,NONE,<V3_ROOT>/FINAL_RUN_RECORDS.json,RUN_05344,<RESULTS_ROOT>/run_statistics/EVALUATION_CORE_v3_A07.csv,486,0.0998590361372145,0.11100246776782001,0.04847391826840906,1.9144225265420964,3.617427559006549,3.326637339620488,2.929497934610635
RUN_05355,D54_seed_08,go2_prior_metadata,D54,seed_08,A07,AB1100,semisynthetic,false,true,COMPLETED,NONE,true,true,56642,56642,5480,66.005054,339.997056,1.0,66.0,340.0,<V3_ROOT>/FINAL_EVALUATION_RECORDS.json,RUN_05355|v3,/11699/row,v3,COMPLETED,NONE,<V3_ROOT>/FINAL_RUN_RECORDS.json,RUN_05355,<RESULTS_ROOT>/run_statistics/EVALUATION_CORE_v3_A07.csv,487,0.0998590361372145,0.11100246776782001,0.04847391826840906,1.9144225265420964,3.617427559006549,3.326637339620488,2.929497934610635
RUN_05366,D55_seed_00,go2_prior_metadata,D55,seed_00,A07,AB1100,semisynthetic,false,true,COMPLETED,NONE,true,true,56642,56642,5480,66.005054,339.997056,1.0,66.0,340.0,<V3_ROOT>/FINAL_EVALUATION_RECORDS.json,RUN_05366|v3,/11721/row,v3,COMPLETED,NONE,<V3_ROOT>/FINAL_RUN_RECORDS.json,RUN_05366,<RESULTS_ROOT>/run_statistics/EVALUATION_CORE_v3_A07.csv,488,0.0998590361372145,0.11100246776782001,0.04847391826840906,1.9144225265420964,3.617427559006549,3.326637339620488,2.929497934610635
RUN_05377,D55_seed_01,go2_prior_metadata,D55,seed_01,A07,AB1100,semisynthetic,false,true,COMPLETED,NONE,true,true,56642,56642,5480,66.005054,339.997056,1.0,66.0,340.0,<V3_ROOT>/FINAL_EVALUATION_RECORDS.json,RUN_05377|v3,/11743/row,v3,COMPLETED,NONE,<V3_ROOT>/FINAL_RUN_RECORDS.json,RUN_05377,<RESULTS_ROOT>/run_statistics/EVALUATION_CORE_v3_A07.csv,489,0.0998590361372145,0.11100246776782001,0.04847391826840906,1.9144225265420964,3.617427559006549,3.326637339620488,2.929497934610635
RUN_05388,D55_seed_02,go2_prior_metadata,D55,seed_02,A07,AB1100,semisynthetic,false,true,COMPLETED,NONE,true,true,56642,56642,5480,66.005054,339.997056,1.0,66.0,340.0,<V3_ROOT>/FINAL_EVALUATION_RECORDS.json,RUN_05388|v3,/11765/row,v3,COMPLETED,NONE,<V3_ROOT>/FINAL_RUN_RECORDS.json,RUN_05388,<RESULTS_ROOT>/run_statistics/EVALUATION_CORE_v3_A07.csv,490,0.0998590361372145,0.11100246776782001,0.04847391826840906,1.9144225265420964,3.617427559006549,3.326637339620488,2.929497934610635
RUN_05399,D55_seed_03,go2_prior_metadata,D55,seed_03,A07,AB1100,semisynthetic,false,true,COMPLETED,NONE,true,true,56642,56642,5480,66.005054,339.997056,1.0,66.0,340.0,<V3_ROOT>/FINAL_EVALUATION_RECORDS.json,RUN_05399|v3,/11787/row,v3,COMPLETED,NONE,<V3_ROOT>/FINAL_RUN_RECORDS.json,RUN_05399,<RESULTS_ROOT>/run_statistics/EVALUATION_CORE_v3_A07.csv,491,0.0998590361372145,0.11100246776782001,0.04847391826840906,1.9144225265420964,3.617427559006549,3.326637339620488,2.929497934610635
RUN_05410,D55_seed_04,go2_prior_metadata,D55,seed_04,A07,AB1100,semisynthetic,false,true,COMPLETED,NONE,true,true,56642,56642,5480,66.005054,339.997056,1.0,66.0,340.0,<V3_ROOT>/FINAL_EVALUATION_RECORDS.json,RUN_05410|v3,/11809/row,v3,COMPLETED,NONE,<V3_ROOT>/FINAL_RUN_RECORDS.json,RUN_05410,<RESULTS_ROOT>/run_statistics/EVALUATION_CORE_v3_A07.csv,492,0.0998590361372145,0.11100246776782001,0.04847391826840906,1.9144225265420964,3.617427559006549,3.326637339620488,2.929497934610635
RUN_05421,D55_seed_05,go2_prior_metadata,D55,seed_05,A07,AB1100,semisynthetic,false,true,COMPLETED,NONE,true,true,56642,56642,5480,66.005054,339.997056,1.0,66.0,340.0,<V3_ROOT>/FINAL_EVALUATION_RECORDS.json,RUN_05421|v3,/11831/row,v3,COMPLETED,NONE,<V3_ROOT>/FINAL_RUN_RECORDS.json,RUN_05421,<RESULTS_ROOT>/run_statistics/EVALUATION_CORE_v3_A07.csv,493,0.0998590361372145,0.11100246776782001,0.04847391826840906,1.9144225265420964,3.617427559006549,3.326637339620488,2.929497934610635
RUN_05432,D55_seed_06,go2_prior_metadata,D55,seed_06,A07,AB1100,semisynthetic,false,true,COMPLETED,NONE,true,true,56642,56642,5480,66.005054,339.997056,1.0,66.0,340.0,<V3_ROOT>/FINAL_EVALUATION_RECORDS.json,RUN_05432|v3,/11853/row,v3,COMPLETED,NONE,<V3_ROOT>/FINAL_RUN_RECORDS.json,RUN_05432,<RESULTS_ROOT>/run_statistics/EVALUATION_CORE_v3_A07.csv,494,0.0998590361372145,0.11100246776782001,0.04847391826840906,1.9144225265420964,3.617427559006549,3.326637339620488,2.929497934610635
RUN_05443,D55_seed_07,go2_prior_metadata,D55,seed_07,A07,AB1100,semisynthetic,false,true,COMPLETED,NONE,true,true,56642,56642,5480,66.005054,339.997056,1.0,66.0,340.0,<V3_ROOT>/FINAL_EVALUATION_RECORDS.json,RUN_05443|v3,/11875/row,v3,COMPLETED,NONE,<V3_ROOT>/FINAL_RUN_RECORDS.json,RUN_05443,<RESULTS_ROOT>/run_statistics/EVALUATION_CORE_v3_A07.csv,495,0.0998590361372145,0.11100246776782001,0.04847391826840906,1.9144225265420964,3.617427559006549,3.326637339620488,2.929497934610635
RUN_05454,D55_seed_08,go2_prior_metadata,D55,seed_08,A07,AB1100,semisynthetic,false,true,COMPLETED,NONE,true,true,56642,56642,5480,66.005054,339.997056,1.0,66.0,340.0,<V3_ROOT>/FINAL_EVALUATION_RECORDS.json,RUN_05454|v3,/11897/row,v3,COMPLETED,NONE,<V3_ROOT>/FINAL_RUN_RECORDS.json,RUN_05454,<RESULTS_ROOT>/run_statistics/EVALUATION_CORE_v3_A07.csv,496,0.0998590361372145,0.11100246776782001,0.04847391826840906,1.9144225265420964,3.617427559006549,3.326637339620488,2.929497934610635
RUN_05465,D56_seed_00,go2_prior_metadata,D56,seed_00,A07,AB1100,semisynthetic,false,true,COMPLETED,NONE,true,true,56642,56642,5480,66.005054,339.997056,1.0,66.0,340.0,<V3_ROOT>/FINAL_EVALUATION_RECORDS.json,RUN_05465|v3,/11919/row,v3,COMPLETED,NONE,<V3_ROOT>/FINAL_RUN_RECORDS.json,RUN_05465,<RESULTS_ROOT>/run_statistics/EVALUATION_CORE_v3_A07.csv,497,0.0998590361372145,0.11100246776782001,0.04847391826840906,1.9144225265420964,3.617427559006549,3.326637339620488,2.929497934610635
RUN_05476,D56_seed_01,go2_prior_metadata,D56,seed_01,A07,AB1100,semisynthetic,false,true,COMPLETED,NONE,true,true,56642,56642,5480,66.005054,339.997056,1.0,66.0,340.0,<V3_ROOT>/FINAL_EVALUATION_RECORDS.json,RUN_05476|v3,/11941/row,v3,COMPLETED,NONE,<V3_ROOT>/FINAL_RUN_RECORDS.json,RUN_05476,<RESULTS_ROOT>/run_statistics/EVALUATION_CORE_v3_A07.csv,498,0.0998590361372145,0.11100246776782001,0.04847391826840906,1.9144225265420964,3.617427559006549,3.326637339620488,2.929497934610635
RUN_05487,D56_seed_02,go2_prior_metadata,D56,seed_02,A07,AB1100,semisynthetic,false,true,COMPLETED,NONE,true,true,56642,56642,5480,66.005054,339.997056,1.0,66.0,340.0,<V3_ROOT>/FINAL_EVALUATION_RECORDS.json,RUN_05487|v3,/11963/row,v3,COMPLETED,NONE,<V3_ROOT>/FINAL_RUN_RECORDS.json,RUN_05487,<RESULTS_ROOT>/run_statistics/EVALUATION_CORE_v3_A07.csv,499,0.0998590361372145,0.11100246776782001,0.04847391826840906,1.9144225265420964,3.617427559006549,3.326637339620488,2.929497934610635
RUN_05498,D56_seed_03,go2_prior_metadata,D56,seed_03,A07,AB1100,semisynthetic,false,true,COMPLETED,NONE,true,true,56642,56642,5480,66.005054,339.997056,1.0,66.0,340.0,<V3_ROOT>/FINAL_EVALUATION_RECORDS.json,RUN_05498|v3,/11985/row,v3,COMPLETED,NONE,<V3_ROOT>/FINAL_RUN_RECORDS.json,RUN_05498,<RESULTS_ROOT>/run_statistics/EVALUATION_CORE_v3_A07.csv,500,0.0998590361372145,0.11100246776782001,0.04847391826840906,1.9144225265420964,3.617427559006549,3.326637339620488,2.929497934610635
RUN_05509,D56_seed_04,go2_prior_metadata,D56,seed_04,A07,AB1100,semisynthetic,false,true,COMPLETED,NONE,true,true,56642,56642,5480,66.005054,339.997056,1.0,66.0,340.0,<V3_ROOT>/FINAL_EVALUATION_RECORDS.json,RUN_05509|v3,/12007/row,v3,COMPLETED,NONE,<V3_ROOT>/FINAL_RUN_RECORDS.json,RUN_05509,<RESULTS_ROOT>/run_statistics/EVALUATION_CORE_v3_A07.csv,501,0.0998590361372145,0.11100246776782001,0.04847391826840906,1.9144225265420964,3.617427559006549,3.326637339620488,2.929497934610635
RUN_05520,D56_seed_05,go2_prior_metadata,D56,seed_05,A07,AB1100,semisynthetic,false,true,COMPLETED,NONE,true,true,56642,56642,5480,66.005054,339.997056,1.0,66.0,340.0,<V3_ROOT>/FINAL_EVALUATION_RECORDS.json,RUN_05520|v3,/12029/row,v3,COMPLETED,NONE,<V3_ROOT>/FINAL_RUN_RECORDS.json,RUN_05520,<RESULTS_ROOT>/run_statistics/EVALUATION_CORE_v3_A07.csv,502,0.0998590361372145,0.11100246776782001,0.04847391826840906,1.9144225265420964,3.617427559006549,3.326637339620488,2.929497934610635
RUN_05531,D56_seed_06,go2_prior_metadata,D56,seed_06,A07,AB1100,semisynthetic,false,true,COMPLETED,NONE,true,true,56642,56642,5480,66.005054,339.997056,1.0,66.0,340.0,<V3_ROOT>/FINAL_EVALUATION_RECORDS.json,RUN_05531|v3,/12051/row,v3,COMPLETED,NONE,<V3_ROOT>/FINAL_RUN_RECORDS.json,RUN_05531,<RESULTS_ROOT>/run_statistics/EVALUATION_CORE_v3_A07.csv,503,0.0998590361372145,0.11100246776782001,0.04847391826840906,1.9144225265420964,3.617427559006549,3.326637339620488,2.929497934610635
RUN_05542,D56_seed_07,go2_prior_metadata,D56,seed_07,A07,AB1100,semisynthetic,false,true,COMPLETED,NONE,true,true,56642,56642,5480,66.005054,339.997056,1.0,66.0,340.0,<V3_ROOT>/FINAL_EVALUATION_RECORDS.json,RUN_05542|v3,/12073/row,v3,COMPLETED,NONE,<V3_ROOT>/FINAL_RUN_RECORDS.json,RUN_05542,<RESULTS_ROOT>/run_statistics/EVALUATION_CORE_v3_A07.csv,504,0.0998590361372145,0.11100246776782001,0.04847391826840906,1.9144225265420964,3.617427559006549,3.326637339620488,2.929497934610635
RUN_05553,D56_seed_08,go2_prior_metadata,D56,seed_08,A07,AB1100,semisynthetic,false,true,COMPLETED,NONE,true,true,56642,56642,5480,66.005054,339.997056,1.0,66.0,340.0,<V3_ROOT>/FINAL_EVALUATION_RECORDS.json,RUN_05553|v3,/12095/row,v3,COMPLETED,NONE,<V3_ROOT>/FINAL_RUN_RECORDS.json,RUN_05553,<RESULTS_ROOT>/run_statistics/EVALUATION_CORE_v3_A07.csv,505,0.0998590361372145,0.11100246776782001,0.04847391826840906,1.9144225265420964,3.617427559006549,3.326637339620488,2.929497934610635
RUN_04971,D51_seed_00,go2_prior_metadata,D51,seed_00,A08,AB1000,semisynthetic,false,true,COMPLETED,NONE,true,true,56642,56642,5480,66.005054,339.997056,1.0,66.0,340.0,<V3_ROOT>/FINAL_EVALUATION_RECORDS.json,RUN_04971|v3,/10931/row,v3,COMPLETED,NONE,<V3_ROOT>/FINAL_RUN_RECORDS.json,RUN_04971,<RESULTS_ROOT>/run_statistics/EVALUATION_CORE_v3_A08.csv,452,0.0997600915358197,0.11134798570982103,0.04946006528907314,1.914867170576267,3.616222218970253,3.3252086956497466,2.928598308301574
RUN_04982,D51_seed_01,go2_prior_metadata,D51,seed_01,A08,AB1000,semisynthetic,false,true,COMPLETED,NONE,true,true,56642,56642,5480,66.005054,339.997056,1.0,66.0,340.0,<V3_ROOT>/FINAL_EVALUATION_RECORDS.json,RUN_04982|v3,/10953/row,v3,COMPLETED,NONE,<V3_ROOT>/FINAL_RUN_RECORDS.json,RUN_04982,<RESULTS_ROOT>/run_statistics/EVALUATION_CORE_v3_A08.csv,453,0.0997600915358197,0.11134798570982103,0.04946006528907314,1.914867170576267,3.616222218970253,3.3252086956497466,2.928598308301574
RUN_04993,D51_seed_02,go2_prior_metadata,D51,seed_02,A08,AB1000,semisynthetic,false,true,COMPLETED,NONE,true,true,56642,56642,5480,66.005054,339.997056,1.0,66.0,340.0,<V3_ROOT>/FINAL_EVALUATION_RECORDS.json,RUN_04993|v3,/10975/row,v3,COMPLETED,NONE,<V3_ROOT>/FINAL_RUN_RECORDS.json,RUN_04993,<RESULTS_ROOT>/run_statistics/EVALUATION_CORE_v3_A08.csv,454,0.0997600915358197,0.11134798570982103,0.04946006528907314,1.914867170576267,3.616222218970253,3.3252086956497466,2.928598308301574
RUN_05004,D51_seed_03,go2_prior_metadata,D51,seed_03,A08,AB1000,semisynthetic,false,true,COMPLETED,NONE,true,true,56642,56642,5480,66.005054,339.997056,1.0,66.0,340.0,<V3_ROOT>/FINAL_EVALUATION_RECORDS.json,RUN_05004|v3,/10997/row,v3,COMPLETED,NONE,<V3_ROOT>/FINAL_RUN_RECORDS.json,RUN_05004,<RESULTS_ROOT>/run_statistics/EVALUATION_CORE_v3_A08.csv,455,0.0997600915358197,0.11134798570982103,0.04946006528907314,1.914867170576267,3.616222218970253,3.3252086956497466,2.928598308301574
RUN_05015,D51_seed_04,go2_prior_metadata,D51,seed_04,A08,AB1000,semisynthetic,false,true,COMPLETED,NONE,true,true,56642,56642,5480,66.005054,339.997056,1.0,66.0,340.0,<V3_ROOT>/FINAL_EVALUATION_RECORDS.json,RUN_05015|v3,/11019/row,v3,COMPLETED,NONE,<V3_ROOT>/FINAL_RUN_RECORDS.json,RUN_05015,<RESULTS_ROOT>/run_statistics/EVALUATION_CORE_v3_A08.csv,456,0.0997600915358197,0.11134798570982103,0.04946006528907314,1.914867170576267,3.616222218970253,3.3252086956497466,2.928598308301574
RUN_05026,D51_seed_05,go2_prior_metadata,D51,seed_05,A08,AB1000,semisynthetic,false,true,COMPLETED,NONE,true,true,56642,56642,5480,66.005054,339.997056,1.0,66.0,340.0,<V3_ROOT>/FINAL_EVALUATION_RECORDS.json,RUN_05026|v3,/11041/row,v3,COMPLETED,NONE,<V3_ROOT>/FINAL_RUN_RECORDS.json,RUN_05026,<RESULTS_ROOT>/run_statistics/EVALUATION_CORE_v3_A08.csv,457,0.0997600915358197,0.11134798570982103,0.04946006528907314,1.914867170576267,3.616222218970253,3.3252086956497466,2.928598308301574
RUN_05037,D51_seed_06,go2_prior_metadata,D51,seed_06,A08,AB1000,semisynthetic,false,true,COMPLETED,NONE,true,true,56642,56642,5480,66.005054,339.997056,1.0,66.0,340.0,<V3_ROOT>/FINAL_EVALUATION_RECORDS.json,RUN_05037|v3,/11063/row,v3,COMPLETED,NONE,<V3_ROOT>/FINAL_RUN_RECORDS.json,RUN_05037,<RESULTS_ROOT>/run_statistics/EVALUATION_CORE_v3_A08.csv,458,0.0997600915358197,0.11134798570982103,0.04946006528907314,1.914867170576267,3.616222218970253,3.3252086956497466,2.928598308301574
RUN_05048,D51_seed_07,go2_prior_metadata,D51,seed_07,A08,AB1000,semisynthetic,false,true,COMPLETED,NONE,true,true,56642,56642,5480,66.005054,339.997056,1.0,66.0,340.0,<V3_ROOT>/FINAL_EVALUATION_RECORDS.json,RUN_05048|v3,/11085/row,v3,COMPLETED,NONE,<V3_ROOT>/FINAL_RUN_RECORDS.json,RUN_05048,<RESULTS_ROOT>/run_statistics/EVALUATION_CORE_v3_A08.csv,459,0.0997600915358197,0.11134798570982103,0.04946006528907314,1.914867170576267,3.616222218970253,3.3252086956497466,2.928598308301574
RUN_05059,D51_seed_08,go2_prior_metadata,D51,seed_08,A08,AB1000,semisynthetic,false,true,COMPLETED,NONE,true,true,56642,56642,5480,66.005054,339.997056,1.0,66.0,340.0,<V3_ROOT>/FINAL_EVALUATION_RECORDS.json,RUN_05059|v3,/11107/row,v3,COMPLETED,NONE,<V3_ROOT>/FINAL_RUN_RECORDS.json,RUN_05059,<RESULTS_ROOT>/run_statistics/EVALUATION_CORE_v3_A08.csv,460,0.0997600915358197,0.11134798570982103,0.04946006528907314,1.914867170576267,3.616222218970253,3.3252086956497466,2.928598308301574
RUN_05070,D52_seed_00,go2_prior_metadata,D52,seed_00,A08,AB1000,semisynthetic,false,true,COMPLETED,NONE,true,true,56642,56642,5480,66.005054,339.997056,1.0,66.0,340.0,<V3_ROOT>/FINAL_EVALUATION_RECORDS.json,RUN_05070|v3,/11129/row,v3,COMPLETED,NONE,<V3_ROOT>/FINAL_RUN_RECORDS.json,RUN_05070,<RESULTS_ROOT>/run_statistics/EVALUATION_CORE_v3_A08.csv,461,0.0997600915358197,0.11134798570982103,0.04946006528907314,1.914867170576267,3.616222218970253,3.3252086956497466,2.928598308301574
RUN_05081,D52_seed_01,go2_prior_metadata,D52,seed_01,A08,AB1000,semisynthetic,false,true,COMPLETED,NONE,true,true,56642,56642,5480,66.005054,339.997056,1.0,66.0,340.0,<V3_ROOT>/FINAL_EVALUATION_RECORDS.json,RUN_05081|v3,/11151/row,v3,COMPLETED,NONE,<V3_ROOT>/FINAL_RUN_RECORDS.json,RUN_05081,<RESULTS_ROOT>/run_statistics/EVALUATION_CORE_v3_A08.csv,462,0.0997600915358197,0.11134798570982103,0.04946006528907314,1.914867170576267,3.616222218970253,3.3252086956497466,2.928598308301574
RUN_05092,D52_seed_02,go2_prior_metadata,D52,seed_02,A08,AB1000,semisynthetic,false,true,COMPLETED,NONE,true,true,56642,56642,5480,66.005054,339.997056,1.0,66.0,340.0,<V3_ROOT>/FINAL_EVALUATION_RECORDS.json,RUN_05092|v3,/11173/row,v3,COMPLETED,NONE,<V3_ROOT>/FINAL_RUN_RECORDS.json,RUN_05092,<RESULTS_ROOT>/run_statistics/EVALUATION_CORE_v3_A08.csv,463,0.0997600915358197,0.11134798570982103,0.04946006528907314,1.914867170576267,3.616222218970253,3.3252086956497466,2.928598308301574
RUN_05103,D52_seed_03,go2_prior_metadata,D52,seed_03,A08,AB1000,semisynthetic,false,true,COMPLETED,NONE,true,true,56642,56642,5480,66.005054,339.997056,1.0,66.0,340.0,<V3_ROOT>/FINAL_EVALUATION_RECORDS.json,RUN_05103|v3,/11195/row,v3,COMPLETED,NONE,<V3_ROOT>/FINAL_RUN_RECORDS.json,RUN_05103,<RESULTS_ROOT>/run_statistics/EVALUATION_CORE_v3_A08.csv,464,0.0997600915358197,0.11134798570982103,0.04946006528907314,1.914867170576267,3.616222218970253,3.3252086956497466,2.928598308301574
RUN_05114,D52_seed_04,go2_prior_metadata,D52,seed_04,A08,AB1000,semisynthetic,false,true,COMPLETED,NONE,true,true,56642,56642,5480,66.005054,339.997056,1.0,66.0,340.0,<V3_ROOT>/FINAL_EVALUATION_RECORDS.json,RUN_05114|v3,/11217/row,v3,COMPLETED,NONE,<V3_ROOT>/FINAL_RUN_RECORDS.json,RUN_05114,<RESULTS_ROOT>/run_statistics/EVALUATION_CORE_v3_A08.csv,465,0.0997600915358197,0.11134798570982103,0.04946006528907314,1.914867170576267,3.616222218970253,3.3252086956497466,2.928598308301574
RUN_05125,D52_seed_05,go2_prior_metadata,D52,seed_05,A08,AB1000,semisynthetic,false,true,COMPLETED,NONE,true,true,56642,56642,5480,66.005054,339.997056,1.0,66.0,340.0,<V3_ROOT>/FINAL_EVALUATION_RECORDS.json,RUN_05125|v3,/11239/row,v3,COMPLETED,NONE,<V3_ROOT>/FINAL_RUN_RECORDS.json,RUN_05125,<RESULTS_ROOT>/run_statistics/EVALUATION_CORE_v3_A08.csv,466,0.0997600915358197,0.11134798570982103,0.04946006528907314,1.914867170576267,3.616222218970253,3.3252086956497466,2.928598308301574
RUN_05136,D52_seed_06,go2_prior_metadata,D52,seed_06,A08,AB1000,semisynthetic,false,true,COMPLETED,NONE,true,true,56642,56642,5480,66.005054,339.997056,1.0,66.0,340.0,<V3_ROOT>/FINAL_EVALUATION_RECORDS.json,RUN_05136|v3,/11261/row,v3,COMPLETED,NONE,<V3_ROOT>/FINAL_RUN_RECORDS.json,RUN_05136,<RESULTS_ROOT>/run_statistics/EVALUATION_CORE_v3_A08.csv,467,0.0997600915358197,0.11134798570982103,0.04946006528907314,1.914867170576267,3.616222218970253,3.3252086956497466,2.928598308301574
RUN_05147,D52_seed_07,go2_prior_metadata,D52,seed_07,A08,AB1000,semisynthetic,false,true,COMPLETED,NONE,true,true,56642,56642,5480,66.005054,339.997056,1.0,66.0,340.0,<V3_ROOT>/FINAL_EVALUATION_RECORDS.json,RUN_05147|v3,/11283/row,v3,COMPLETED,NONE,<V3_ROOT>/FINAL_RUN_RECORDS.json,RUN_05147,<RESULTS_ROOT>/run_statistics/EVALUATION_CORE_v3_A08.csv,468,0.0997600915358197,0.11134798570982103,0.04946006528907314,1.914867170576267,3.616222218970253,3.3252086956497466,2.928598308301574
RUN_05158,D52_seed_08,go2_prior_metadata,D52,seed_08,A08,AB1000,semisynthetic,false,true,COMPLETED,NONE,true,true,56642,56642,5480,66.005054,339.997056,1.0,66.0,340.0,<V3_ROOT>/FINAL_EVALUATION_RECORDS.json,RUN_05158|v3,/11305/row,v3,COMPLETED,NONE,<V3_ROOT>/FINAL_RUN_RECORDS.json,RUN_05158,<RESULTS_ROOT>/run_statistics/EVALUATION_CORE_v3_A08.csv,469,0.0997600915358197,0.11134798570982103,0.04946006528907314,1.914867170576267,3.616222218970253,3.3252086956497466,2.928598308301574
RUN_05169,D53_seed_00,go2_prior_metadata,D53,seed_00,A08,AB1000,semisynthetic,false,true,COMPLETED,NONE,true,true,56642,56642,5480,66.005054,339.997056,1.0,66.0,340.0,<V3_ROOT>/FINAL_EVALUATION_RECORDS.json,RUN_05169|v3,/11327/row,v3,COMPLETED,NONE,<V3_ROOT>/FINAL_RUN_RECORDS.json,RUN_05169,<RESULTS_ROOT>/run_statistics/EVALUATION_CORE_v3_A08.csv,470,0.0997600915358197,0.11134798570982103,0.04946006528907314,1.914867170576267,3.616222218970253,3.3252086956497466,2.928598308301574
RUN_05180,D53_seed_01,go2_prior_metadata,D53,seed_01,A08,AB1000,semisynthetic,false,true,COMPLETED,NONE,true,true,56642,56642,5480,66.005054,339.997056,1.0,66.0,340.0,<V3_ROOT>/FINAL_EVALUATION_RECORDS.json,RUN_05180|v3,/11349/row,v3,COMPLETED,NONE,<V3_ROOT>/FINAL_RUN_RECORDS.json,RUN_05180,<RESULTS_ROOT>/run_statistics/EVALUATION_CORE_v3_A08.csv,471,0.0997600915358197,0.11134798570982103,0.04946006528907314,1.914867170576267,3.616222218970253,3.3252086956497466,2.928598308301574
RUN_05191,D53_seed_02,go2_prior_metadata,D53,seed_02,A08,AB1000,semisynthetic,false,true,COMPLETED,NONE,true,true,56642,56642,5480,66.005054,339.997056,1.0,66.0,340.0,<V3_ROOT>/FINAL_EVALUATION_RECORDS.json,RUN_05191|v3,/11371/row,v3,COMPLETED,NONE,<V3_ROOT>/FINAL_RUN_RECORDS.json,RUN_05191,<RESULTS_ROOT>/run_statistics/EVALUATION_CORE_v3_A08.csv,472,0.0997600915358197,0.11134798570982103,0.04946006528907314,1.914867170576267,3.616222218970253,3.3252086956497466,2.928598308301574
RUN_05202,D53_seed_03,go2_prior_metadata,D53,seed_03,A08,AB1000,semisynthetic,false,true,COMPLETED,NONE,true,true,56642,56642,5480,66.005054,339.997056,1.0,66.0,340.0,<V3_ROOT>/FINAL_EVALUATION_RECORDS.json,RUN_05202|v3,/11393/row,v3,COMPLETED,NONE,<V3_ROOT>/FINAL_RUN_RECORDS.json,RUN_05202,<RESULTS_ROOT>/run_statistics/EVALUATION_CORE_v3_A08.csv,473,0.0997600915358197,0.11134798570982103,0.04946006528907314,1.914867170576267,3.616222218970253,3.3252086956497466,2.928598308301574
RUN_05213,D53_seed_04,go2_prior_metadata,D53,seed_04,A08,AB1000,semisynthetic,false,true,COMPLETED,NONE,true,true,56642,56642,5480,66.005054,339.997056,1.0,66.0,340.0,<V3_ROOT>/FINAL_EVALUATION_RECORDS.json,RUN_05213|v3,/11415/row,v3,COMPLETED,NONE,<V3_ROOT>/FINAL_RUN_RECORDS.json,RUN_05213,<RESULTS_ROOT>/run_statistics/EVALUATION_CORE_v3_A08.csv,474,0.0997600915358197,0.11134798570982103,0.04946006528907314,1.914867170576267,3.616222218970253,3.3252086956497466,2.928598308301574
RUN_05224,D53_seed_05,go2_prior_metadata,D53,seed_05,A08,AB1000,semisynthetic,false,true,COMPLETED,NONE,true,true,56642,56642,5480,66.005054,339.997056,1.0,66.0,340.0,<V3_ROOT>/FINAL_EVALUATION_RECORDS.json,RUN_05224|v3,/11437/row,v3,COMPLETED,NONE,<V3_ROOT>/FINAL_RUN_RECORDS.json,RUN_05224,<RESULTS_ROOT>/run_statistics/EVALUATION_CORE_v3_A08.csv,475,0.0997600915358197,0.11134798570982103,0.04946006528907314,1.914867170576267,3.616222218970253,3.3252086956497466,2.928598308301574
RUN_05235,D53_seed_06,go2_prior_metadata,D53,seed_06,A08,AB1000,semisynthetic,false,true,COMPLETED,NONE,true,true,56642,56642,5480,66.005054,339.997056,1.0,66.0,340.0,<V3_ROOT>/FINAL_EVALUATION_RECORDS.json,RUN_05235|v3,/11459/row,v3,COMPLETED,NONE,<V3_ROOT>/FINAL_RUN_RECORDS.json,RUN_05235,<RESULTS_ROOT>/run_statistics/EVALUATION_CORE_v3_A08.csv,476,0.0997600915358197,0.11134798570982103,0.04946006528907314,1.914867170576267,3.616222218970253,3.3252086956497466,2.928598308301574
RUN_05246,D53_seed_07,go2_prior_metadata,D53,seed_07,A08,AB1000,semisynthetic,false,true,COMPLETED,NONE,true,true,56642,56642,5480,66.005054,339.997056,1.0,66.0,340.0,<V3_ROOT>/FINAL_EVALUATION_RECORDS.json,RUN_05246|v3,/11481/row,v3,COMPLETED,NONE,<V3_ROOT>/FINAL_RUN_RECORDS.json,RUN_05246,<RESULTS_ROOT>/run_statistics/EVALUATION_CORE_v3_A08.csv,477,0.0997600915358197,0.11134798570982103,0.04946006528907314,1.914867170576267,3.616222218970253,3.3252086956497466,2.928598308301574
RUN_05257,D53_seed_08,go2_prior_metadata,D53,seed_08,A08,AB1000,semisynthetic,false,true,COMPLETED,NONE,true,true,56642,56642,5480,66.005054,339.997056,1.0,66.0,340.0,<V3_ROOT>/FINAL_EVALUATION_RECORDS.json,RUN_05257|v3,/11503/row,v3,COMPLETED,NONE,<V3_ROOT>/FINAL_RUN_RECORDS.json,RUN_05257,<RESULTS_ROOT>/run_statistics/EVALUATION_CORE_v3_A08.csv,478,0.0997600915358197,0.11134798570982103,0.04946006528907314,1.914867170576267,3.616222218970253,3.3252086956497466,2.928598308301574
RUN_05268,D54_seed_00,go2_prior_metadata,D54,seed_00,A08,AB1000,semisynthetic,false,true,COMPLETED,NONE,true,true,56642,56642,5480,66.005054,339.997056,1.0,66.0,340.0,<V3_ROOT>/FINAL_EVALUATION_RECORDS.json,RUN_05268|v3,/11525/row,v3,COMPLETED,NONE,<V3_ROOT>/FINAL_RUN_RECORDS.json,RUN_05268,<RESULTS_ROOT>/run_statistics/EVALUATION_CORE_v3_A08.csv,479,0.0997600915358197,0.11134798570982103,0.04946006528907314,1.914867170576267,3.616222218970253,3.3252086956497466,2.928598308301574
RUN_05279,D54_seed_01,go2_prior_metadata,D54,seed_01,A08,AB1000,semisynthetic,false,true,COMPLETED,NONE,true,true,56642,56642,5480,66.005054,339.997056,1.0,66.0,340.0,<V3_ROOT>/FINAL_EVALUATION_RECORDS.json,RUN_05279|v3,/11547/row,v3,COMPLETED,NONE,<V3_ROOT>/FINAL_RUN_RECORDS.json,RUN_05279,<RESULTS_ROOT>/run_statistics/EVALUATION_CORE_v3_A08.csv,480,0.0997600915358197,0.11134798570982103,0.04946006528907314,1.914867170576267,3.616222218970253,3.3252086956497466,2.928598308301574
RUN_05290,D54_seed_02,go2_prior_metadata,D54,seed_02,A08,AB1000,semisynthetic,false,true,COMPLETED,NONE,true,true,56642,56642,5480,66.005054,339.997056,1.0,66.0,340.0,<V3_ROOT>/FINAL_EVALUATION_RECORDS.json,RUN_05290|v3,/11569/row,v3,COMPLETED,NONE,<V3_ROOT>/FINAL_RUN_RECORDS.json,RUN_05290,<RESULTS_ROOT>/run_statistics/EVALUATION_CORE_v3_A08.csv,481,0.0997600915358197,0.11134798570982103,0.04946006528907314,1.914867170576267,3.616222218970253,3.3252086956497466,2.928598308301574
RUN_05301,D54_seed_03,go2_prior_metadata,D54,seed_03,A08,AB1000,semisynthetic,false,true,COMPLETED,NONE,true,true,56642,56642,5480,66.005054,339.997056,1.0,66.0,340.0,<V3_ROOT>/FINAL_EVALUATION_RECORDS.json,RUN_05301|v3,/11591/row,v3,COMPLETED,NONE,<V3_ROOT>/FINAL_RUN_RECORDS.json,RUN_05301,<RESULTS_ROOT>/run_statistics/EVALUATION_CORE_v3_A08.csv,482,0.0997600915358197,0.11134798570982103,0.04946006528907314,1.914867170576267,3.616222218970253,3.3252086956497466,2.928598308301574
RUN_05312,D54_seed_04,go2_prior_metadata,D54,seed_04,A08,AB1000,semisynthetic,false,true,COMPLETED,NONE,true,true,56642,56642,5480,66.005054,339.997056,1.0,66.0,340.0,<V3_ROOT>/FINAL_EVALUATION_RECORDS.json,RUN_05312|v3,/11613/row,v3,COMPLETED,NONE,<V3_ROOT>/FINAL_RUN_RECORDS.json,RUN_05312,<RESULTS_ROOT>/run_statistics/EVALUATION_CORE_v3_A08.csv,483,0.0997600915358197,0.11134798570982103,0.04946006528907314,1.914867170576267,3.616222218970253,3.3252086956497466,2.928598308301574
RUN_05323,D54_seed_05,go2_prior_metadata,D54,seed_05,A08,AB1000,semisynthetic,false,true,COMPLETED,NONE,true,true,56642,56642,5480,66.005054,339.997056,1.0,66.0,340.0,<V3_ROOT>/FINAL_EVALUATION_RECORDS.json,RUN_05323|v3,/11635/row,v3,COMPLETED,NONE,<V3_ROOT>/FINAL_RUN_RECORDS.json,RUN_05323,<RESULTS_ROOT>/run_statistics/EVALUATION_CORE_v3_A08.csv,484,0.0997600915358197,0.11134798570982103,0.04946006528907314,1.914867170576267,3.616222218970253,3.3252086956497466,2.928598308301574
RUN_05334,D54_seed_06,go2_prior_metadata,D54,seed_06,A08,AB1000,semisynthetic,false,true,COMPLETED,NONE,true,true,56642,56642,5480,66.005054,339.997056,1.0,66.0,340.0,<V3_ROOT>/FINAL_EVALUATION_RECORDS.json,RUN_05334|v3,/11657/row,v3,COMPLETED,NONE,<V3_ROOT>/FINAL_RUN_RECORDS.json,RUN_05334,<RESULTS_ROOT>/run_statistics/EVALUATION_CORE_v3_A08.csv,485,0.0997600915358197,0.11134798570982103,0.04946006528907314,1.914867170576267,3.616222218970253,3.3252086956497466,2.928598308301574
RUN_05345,D54_seed_07,go2_prior_metadata,D54,seed_07,A08,AB1000,semisynthetic,false,true,COMPLETED,NONE,true,true,56642,56642,5480,66.005054,339.997056,1.0,66.0,340.0,<V3_ROOT>/FINAL_EVALUATION_RECORDS.json,RUN_05345|v3,/11679/row,v3,COMPLETED,NONE,<V3_ROOT>/FINAL_RUN_RECORDS.json,RUN_05345,<RESULTS_ROOT>/run_statistics/EVALUATION_CORE_v3_A08.csv,486,0.0997600915358197,0.11134798570982103,0.04946006528907314,1.914867170576267,3.616222218970253,3.3252086956497466,2.928598308301574
RUN_05356,D54_seed_08,go2_prior_metadata,D54,seed_08,A08,AB1000,semisynthetic,false,true,COMPLETED,NONE,true,true,56642,56642,5480,66.005054,339.997056,1.0,66.0,340.0,<V3_ROOT>/FINAL_EVALUATION_RECORDS.json,RUN_05356|v3,/11701/row,v3,COMPLETED,NONE,<V3_ROOT>/FINAL_RUN_RECORDS.json,RUN_05356,<RESULTS_ROOT>/run_statistics/EVALUATION_CORE_v3_A08.csv,487,0.0997600915358197,0.11134798570982103,0.04946006528907314,1.914867170576267,3.616222218970253,3.3252086956497466,2.928598308301574
RUN_05367,D55_seed_00,go2_prior_metadata,D55,seed_00,A08,AB1000,semisynthetic,false,true,COMPLETED,NONE,true,true,56642,56642,5480,66.005054,339.997056,1.0,66.0,340.0,<V3_ROOT>/FINAL_EVALUATION_RECORDS.json,RUN_05367|v3,/11723/row,v3,COMPLETED,NONE,<V3_ROOT>/FINAL_RUN_RECORDS.json,RUN_05367,<RESULTS_ROOT>/run_statistics/EVALUATION_CORE_v3_A08.csv,488,0.0997600915358197,0.11134798570982103,0.04946006528907314,1.914867170576267,3.616222218970253,3.3252086956497466,2.928598308301574
RUN_05378,D55_seed_01,go2_prior_metadata,D55,seed_01,A08,AB1000,semisynthetic,false,true,COMPLETED,NONE,true,true,56642,56642,5480,66.005054,339.997056,1.0,66.0,340.0,<V3_ROOT>/FINAL_EVALUATION_RECORDS.json,RUN_05378|v3,/11745/row,v3,COMPLETED,NONE,<V3_ROOT>/FINAL_RUN_RECORDS.json,RUN_05378,<RESULTS_ROOT>/run_statistics/EVALUATION_CORE_v3_A08.csv,489,0.0997600915358197,0.11134798570982103,0.04946006528907314,1.914867170576267,3.616222218970253,3.3252086956497466,2.928598308301574
RUN_05389,D55_seed_02,go2_prior_metadata,D55,seed_02,A08,AB1000,semisynthetic,false,true,COMPLETED,NONE,true,true,56642,56642,5480,66.005054,339.997056,1.0,66.0,340.0,<V3_ROOT>/FINAL_EVALUATION_RECORDS.json,RUN_05389|v3,/11767/row,v3,COMPLETED,NONE,<V3_ROOT>/FINAL_RUN_RECORDS.json,RUN_05389,<RESULTS_ROOT>/run_statistics/EVALUATION_CORE_v3_A08.csv,490,0.0997600915358197,0.11134798570982103,0.04946006528907314,1.914867170576267,3.616222218970253,3.3252086956497466,2.928598308301574
RUN_05400,D55_seed_03,go2_prior_metadata,D55,seed_03,A08,AB1000,semisynthetic,false,true,COMPLETED,NONE,true,true,56642,56642,5480,66.005054,339.997056,1.0,66.0,340.0,<V3_ROOT>/FINAL_EVALUATION_RECORDS.json,RUN_05400|v3,/11789/row,v3,COMPLETED,NONE,<V3_ROOT>/FINAL_RUN_RECORDS.json,RUN_05400,<RESULTS_ROOT>/run_statistics/EVALUATION_CORE_v3_A08.csv,491,0.0997600915358197,0.11134798570982103,0.04946006528907314,1.914867170576267,3.616222218970253,3.3252086956497466,2.928598308301574
RUN_05411,D55_seed_04,go2_prior_metadata,D55,seed_04,A08,AB1000,semisynthetic,false,true,COMPLETED,NONE,true,true,56642,56642,5480,66.005054,339.997056,1.0,66.0,340.0,<V3_ROOT>/FINAL_EVALUATION_RECORDS.json,RUN_05411|v3,/11811/row,v3,COMPLETED,NONE,<V3_ROOT>/FINAL_RUN_RECORDS.json,RUN_05411,<RESULTS_ROOT>/run_statistics/EVALUATION_CORE_v3_A08.csv,492,0.0997600915358197,0.11134798570982103,0.04946006528907314,1.914867170576267,3.616222218970253,3.3252086956497466,2.928598308301574
RUN_05422,D55_seed_05,go2_prior_metadata,D55,seed_05,A08,AB1000,semisynthetic,false,true,COMPLETED,NONE,true,true,56642,56642,5480,66.005054,339.997056,1.0,66.0,340.0,<V3_ROOT>/FINAL_EVALUATION_RECORDS.json,RUN_05422|v3,/11833/row,v3,COMPLETED,NONE,<V3_ROOT>/FINAL_RUN_RECORDS.json,RUN_05422,<RESULTS_ROOT>/run_statistics/EVALUATION_CORE_v3_A08.csv,493,0.0997600915358197,0.11134798570982103,0.04946006528907314,1.914867170576267,3.616222218970253,3.3252086956497466,2.928598308301574
RUN_05433,D55_seed_06,go2_prior_metadata,D55,seed_06,A08,AB1000,semisynthetic,false,true,COMPLETED,NONE,true,true,56642,56642,5480,66.005054,339.997056,1.0,66.0,340.0,<V3_ROOT>/FINAL_EVALUATION_RECORDS.json,RUN_05433|v3,/11855/row,v3,COMPLETED,NONE,<V3_ROOT>/FINAL_RUN_RECORDS.json,RUN_05433,<RESULTS_ROOT>/run_statistics/EVALUATION_CORE_v3_A08.csv,494,0.0997600915358197,0.11134798570982103,0.04946006528907314,1.914867170576267,3.616222218970253,3.3252086956497466,2.928598308301574
RUN_05444,D55_seed_07,go2_prior_metadata,D55,seed_07,A08,AB1000,semisynthetic,false,true,COMPLETED,NONE,true,true,56642,56642,5480,66.005054,339.997056,1.0,66.0,340.0,<V3_ROOT>/FINAL_EVALUATION_RECORDS.json,RUN_05444|v3,/11877/row,v3,COMPLETED,NONE,<V3_ROOT>/FINAL_RUN_RECORDS.json,RUN_05444,<RESULTS_ROOT>/run_statistics/EVALUATION_CORE_v3_A08.csv,495,0.0997600915358197,0.11134798570982103,0.04946006528907314,1.914867170576267,3.616222218970253,3.3252086956497466,2.928598308301574
RUN_05455,D55_seed_08,go2_prior_metadata,D55,seed_08,A08,AB1000,semisynthetic,false,true,COMPLETED,NONE,true,true,56642,56642,5480,66.005054,339.997056,1.0,66.0,340.0,<V3_ROOT>/FINAL_EVALUATION_RECORDS.json,RUN_05455|v3,/11899/row,v3,COMPLETED,NONE,<V3_ROOT>/FINAL_RUN_RECORDS.json,RUN_05455,<RESULTS_ROOT>/run_statistics/EVALUATION_CORE_v3_A08.csv,496,0.0997600915358197,0.11134798570982103,0.04946006528907314,1.914867170576267,3.616222218970253,3.3252086956497466,2.928598308301574
RUN_05466,D56_seed_00,go2_prior_metadata,D56,seed_00,A08,AB1000,semisynthetic,false,true,COMPLETED,NONE,true,true,56642,56642,5480,66.005054,339.997056,1.0,66.0,340.0,<V3_ROOT>/FINAL_EVALUATION_RECORDS.json,RUN_05466|v3,/11921/row,v3,COMPLETED,NONE,<V3_ROOT>/FINAL_RUN_RECORDS.json,RUN_05466,<RESULTS_ROOT>/run_statistics/EVALUATION_CORE_v3_A08.csv,497,0.0997600915358197,0.11134798570982103,0.04946006528907314,1.914867170576267,3.616222218970253,3.3252086956497466,2.928598308301574
RUN_05477,D56_seed_01,go2_prior_metadata,D56,seed_01,A08,AB1000,semisynthetic,false,true,COMPLETED,NONE,true,true,56642,56642,5480,66.005054,339.997056,1.0,66.0,340.0,<V3_ROOT>/FINAL_EVALUATION_RECORDS.json,RUN_05477|v3,/11943/row,v3,COMPLETED,NONE,<V3_ROOT>/FINAL_RUN_RECORDS.json,RUN_05477,<RESULTS_ROOT>/run_statistics/EVALUATION_CORE_v3_A08.csv,498,0.0997600915358197,0.11134798570982103,0.04946006528907314,1.914867170576267,3.616222218970253,3.3252086956497466,2.928598308301574
RUN_05488,D56_seed_02,go2_prior_metadata,D56,seed_02,A08,AB1000,semisynthetic,false,true,COMPLETED,NONE,true,true,56642,56642,5480,66.005054,339.997056,1.0,66.0,340.0,<V3_ROOT>/FINAL_EVALUATION_RECORDS.json,RUN_05488|v3,/11965/row,v3,COMPLETED,NONE,<V3_ROOT>/FINAL_RUN_RECORDS.json,RUN_05488,<RESULTS_ROOT>/run_statistics/EVALUATION_CORE_v3_A08.csv,499,0.0997600915358197,0.11134798570982103,0.04946006528907314,1.914867170576267,3.616222218970253,3.3252086956497466,2.928598308301574
RUN_05499,D56_seed_03,go2_prior_metadata,D56,seed_03,A08,AB1000,semisynthetic,false,true,COMPLETED,NONE,true,true,56642,56642,5480,66.005054,339.997056,1.0,66.0,340.0,<V3_ROOT>/FINAL_EVALUATION_RECORDS.json,RUN_05499|v3,/11987/row,v3,COMPLETED,NONE,<V3_ROOT>/FINAL_RUN_RECORDS.json,RUN_05499,<RESULTS_ROOT>/run_statistics/EVALUATION_CORE_v3_A08.csv,500,0.0997600915358197,0.11134798570982103,0.04946006528907314,1.914867170576267,3.616222218970253,3.3252086956497466,2.928598308301574
RUN_05510,D56_seed_04,go2_prior_metadata,D56,seed_04,A08,AB1000,semisynthetic,false,true,COMPLETED,NONE,true,true,56642,56642,5480,66.005054,339.997056,1.0,66.0,340.0,<V3_ROOT>/FINAL_EVALUATION_RECORDS.json,RUN_05510|v3,/12009/row,v3,COMPLETED,NONE,<V3_ROOT>/FINAL_RUN_RECORDS.json,RUN_05510,<RESULTS_ROOT>/run_statistics/EVALUATION_CORE_v3_A08.csv,501,0.0997600915358197,0.11134798570982103,0.04946006528907314,1.914867170576267,3.616222218970253,3.3252086956497466,2.928598308301574
RUN_05521,D56_seed_05,go2_prior_metadata,D56,seed_05,A08,AB1000,semisynthetic,false,true,COMPLETED,NONE,true,true,56642,56642,5480,66.005054,339.997056,1.0,66.0,340.0,<V3_ROOT>/FINAL_EVALUATION_RECORDS.json,RUN_05521|v3,/12031/row,v3,COMPLETED,NONE,<V3_ROOT>/FINAL_RUN_RECORDS.json,RUN_05521,<RESULTS_ROOT>/run_statistics/EVALUATION_CORE_v3_A08.csv,502,0.0997600915358197,0.11134798570982103,0.04946006528907314,1.914867170576267,3.616222218970253,3.3252086956497466,2.928598308301574
RUN_05532,D56_seed_06,go2_prior_metadata,D56,seed_06,A08,AB1000,semisynthetic,false,true,COMPLETED,NONE,true,true,56642,56642,5480,66.005054,339.997056,1.0,66.0,340.0,<V3_ROOT>/FINAL_EVALUATION_RECORDS.json,RUN_05532|v3,/12053/row,v3,COMPLETED,NONE,<V3_ROOT>/FINAL_RUN_RECORDS.json,RUN_05532,<RESULTS_ROOT>/run_statistics/EVALUATION_CORE_v3_A08.csv,503,0.0997600915358197,0.11134798570982103,0.04946006528907314,1.914867170576267,3.616222218970253,3.3252086956497466,2.928598308301574
RUN_05543,D56_seed_07,go2_prior_metadata,D56,seed_07,A08,AB1000,semisynthetic,false,true,COMPLETED,NONE,true,true,56642,56642,5480,66.005054,339.997056,1.0,66.0,340.0,<V3_ROOT>/FINAL_EVALUATION_RECORDS.json,RUN_05543|v3,/12075/row,v3,COMPLETED,NONE,<V3_ROOT>/FINAL_RUN_RECORDS.json,RUN_05543,<RESULTS_ROOT>/run_statistics/EVALUATION_CORE_v3_A08.csv,504,0.0997600915358197,0.11134798570982103,0.04946006528907314,1.914867170576267,3.616222218970253,3.3252086956497466,2.928598308301574
RUN_05554,D56_seed_08,go2_prior_metadata,D56,seed_08,A08,AB1000,semisynthetic,false,true,COMPLETED,NONE,true,true,56642,56642,5480,66.005054,339.997056,1.0,66.0,340.0,<V3_ROOT>/FINAL_EVALUATION_RECORDS.json,RUN_05554|v3,/12097/row,v3,COMPLETED,NONE,<V3_ROOT>/FINAL_RUN_RECORDS.json,RUN_05554,<RESULTS_ROOT>/run_statistics/EVALUATION_CORE_v3_A08.csv,505,0.0997600915358197,0.11134798570982103,0.04946006528907314,1.914867170576267,3.616222218970253,3.3252086956497466,2.928598308301574
RUN_04972,D51_seed_00,go2_prior_metadata,D51,seed_00,A09,AB0100,semisynthetic,false,true,COMPLETED,NONE,true,true,56642,56642,5480,66.005054,339.997056,1.0,66.0,340.0,<V3_ROOT>/FINAL_EVALUATION_RECORDS.json,RUN_04972|v3,/10933/row,v3,COMPLETED,NONE,<V3_ROOT>/FINAL_RUN_RECORDS.json,RUN_04972,<RESULTS_ROOT>/run_statistics/EVALUATION_CORE_v3_A09.csv,452,0.0999841569020399,0.11084784730752563,0.04785826596629661,1.913874850848372,3.618379781113906,3.324774738719729,2.929067784774904
RUN_04983,D51_seed_01,go2_prior_metadata,D51,seed_01,A09,AB0100,semisynthetic,false,true,COMPLETED,NONE,true,true,56642,56642,5480,66.005054,339.997056,1.0,66.0,340.0,<V3_ROOT>/FINAL_EVALUATION_RECORDS.json,RUN_04983|v3,/10955/row,v3,COMPLETED,NONE,<V3_ROOT>/FINAL_RUN_RECORDS.json,RUN_04983,<RESULTS_ROOT>/run_statistics/EVALUATION_CORE_v3_A09.csv,453,0.0999841569020399,0.11084784730752563,0.04785826596629661,1.913874850848372,3.618379781113906,3.324774738719729,2.929067784774904
RUN_04994,D51_seed_02,go2_prior_metadata,D51,seed_02,A09,AB0100,semisynthetic,false,true,COMPLETED,NONE,true,true,56642,56642,5480,66.005054,339.997056,1.0,66.0,340.0,<V3_ROOT>/FINAL_EVALUATION_RECORDS.json,RUN_04994|v3,/10977/row,v3,COMPLETED,NONE,<V3_ROOT>/FINAL_RUN_RECORDS.json,RUN_04994,<RESULTS_ROOT>/run_statistics/EVALUATION_CORE_v3_A09.csv,454,0.0999841569020399,0.11084784730752563,0.04785826596629661,1.913874850848372,3.618379781113906,3.324774738719729,2.929067784774904
RUN_05005,D51_seed_03,go2_prior_metadata,D51,seed_03,A09,AB0100,semisynthetic,false,true,COMPLETED,NONE,true,true,56642,56642,5480,66.005054,339.997056,1.0,66.0,340.0,<V3_ROOT>/FINAL_EVALUATION_RECORDS.json,RUN_05005|v3,/10999/row,v3,COMPLETED,NONE,<V3_ROOT>/FINAL_RUN_RECORDS.json,RUN_05005,<RESULTS_ROOT>/run_statistics/EVALUATION_CORE_v3_A09.csv,455,0.0999841569020399,0.11084784730752563,0.04785826596629661,1.913874850848372,3.618379781113906,3.324774738719729,2.929067784774904
RUN_05016,D51_seed_04,go2_prior_metadata,D51,seed_04,A09,AB0100,semisynthetic,false,true,COMPLETED,NONE,true,true,56642,56642,5480,66.005054,339.997056,1.0,66.0,340.0,<V3_ROOT>/FINAL_EVALUATION_RECORDS.json,RUN_05016|v3,/11021/row,v3,COMPLETED,NONE,<V3_ROOT>/FINAL_RUN_RECORDS.json,RUN_05016,<RESULTS_ROOT>/run_statistics/EVALUATION_CORE_v3_A09.csv,456,0.0999841569020399,0.11084784730752563,0.04785826596629661,1.913874850848372,3.618379781113906,3.324774738719729,2.929067784774904
RUN_05027,D51_seed_05,go2_prior_metadata,D51,seed_05,A09,AB0100,semisynthetic,false,true,COMPLETED,NONE,true,true,56642,56642,5480,66.005054,339.997056,1.0,66.0,340.0,<V3_ROOT>/FINAL_EVALUATION_RECORDS.json,RUN_05027|v3,/11043/row,v3,COMPLETED,NONE,<V3_ROOT>/FINAL_RUN_RECORDS.json,RUN_05027,<RESULTS_ROOT>/run_statistics/EVALUATION_CORE_v3_A09.csv,457,0.0999841569020399,0.11084784730752563,0.04785826596629661,1.913874850848372,3.618379781113906,3.324774738719729,2.929067784774904
RUN_05038,D51_seed_06,go2_prior_metadata,D51,seed_06,A09,AB0100,semisynthetic,false,true,COMPLETED,NONE,true,true,56642,56642,5480,66.005054,339.997056,1.0,66.0,340.0,<V3_ROOT>/FINAL_EVALUATION_RECORDS.json,RUN_05038|v3,/11065/row,v3,COMPLETED,NONE,<V3_ROOT>/FINAL_RUN_RECORDS.json,RUN_05038,<RESULTS_ROOT>/run_statistics/EVALUATION_CORE_v3_A09.csv,458,0.0999841569020399,0.11084784730752563,0.04785826596629661,1.913874850848372,3.618379781113906,3.324774738719729,2.929067784774904
RUN_05049,D51_seed_07,go2_prior_metadata,D51,seed_07,A09,AB0100,semisynthetic,false,true,COMPLETED,NONE,true,true,56642,56642,5480,66.005054,339.997056,1.0,66.0,340.0,<V3_ROOT>/FINAL_EVALUATION_RECORDS.json,RUN_05049|v3,/11087/row,v3,COMPLETED,NONE,<V3_ROOT>/FINAL_RUN_RECORDS.json,RUN_05049,<RESULTS_ROOT>/run_statistics/EVALUATION_CORE_v3_A09.csv,459,0.0999841569020399,0.11084784730752563,0.04785826596629661,1.913874850848372,3.618379781113906,3.324774738719729,2.929067784774904
RUN_05060,D51_seed_08,go2_prior_metadata,D51,seed_08,A09,AB0100,semisynthetic,false,true,COMPLETED,NONE,true,true,56642,56642,5480,66.005054,339.997056,1.0,66.0,340.0,<V3_ROOT>/FINAL_EVALUATION_RECORDS.json,RUN_05060|v3,/11109/row,v3,COMPLETED,NONE,<V3_ROOT>/FINAL_RUN_RECORDS.json,RUN_05060,<RESULTS_ROOT>/run_statistics/EVALUATION_CORE_v3_A09.csv,460,0.0999841569020399,0.11084784730752563,0.04785826596629661,1.913874850848372,3.618379781113906,3.324774738719729,2.929067784774904
RUN_05071,D52_seed_00,go2_prior_metadata,D52,seed_00,A09,AB0100,semisynthetic,false,true,COMPLETED,NONE,true,true,56642,56642,5480,66.005054,339.997056,1.0,66.0,340.0,<V3_ROOT>/FINAL_EVALUATION_RECORDS.json,RUN_05071|v3,/11131/row,v3,COMPLETED,NONE,<V3_ROOT>/FINAL_RUN_RECORDS.json,RUN_05071,<RESULTS_ROOT>/run_statistics/EVALUATION_CORE_v3_A09.csv,461,0.0999841569020399,0.11084784730752563,0.04785826596629661,1.913874850848372,3.618379781113906,3.324774738719729,2.929067784774904
RUN_05082,D52_seed_01,go2_prior_metadata,D52,seed_01,A09,AB0100,semisynthetic,false,true,COMPLETED,NONE,true,true,56642,56642,5480,66.005054,339.997056,1.0,66.0,340.0,<V3_ROOT>/FINAL_EVALUATION_RECORDS.json,RUN_05082|v3,/11153/row,v3,COMPLETED,NONE,<V3_ROOT>/FINAL_RUN_RECORDS.json,RUN_05082,<RESULTS_ROOT>/run_statistics/EVALUATION_CORE_v3_A09.csv,462,0.0999841569020399,0.11084784730752563,0.04785826596629661,1.913874850848372,3.618379781113906,3.324774738719729,2.929067784774904
RUN_05093,D52_seed_02,go2_prior_metadata,D52,seed_02,A09,AB0100,semisynthetic,false,true,COMPLETED,NONE,true,true,56642,56642,5480,66.005054,339.997056,1.0,66.0,340.0,<V3_ROOT>/FINAL_EVALUATION_RECORDS.json,RUN_05093|v3,/11175/row,v3,COMPLETED,NONE,<V3_ROOT>/FINAL_RUN_RECORDS.json,RUN_05093,<RESULTS_ROOT>/run_statistics/EVALUATION_CORE_v3_A09.csv,463,0.0999841569020399,0.11084784730752563,0.04785826596629661,1.913874850848372,3.618379781113906,3.324774738719729,2.929067784774904
RUN_05104,D52_seed_03,go2_prior_metadata,D52,seed_03,A09,AB0100,semisynthetic,false,true,COMPLETED,NONE,true,true,56642,56642,5480,66.005054,339.997056,1.0,66.0,340.0,<V3_ROOT>/FINAL_EVALUATION_RECORDS.json,RUN_05104|v3,/11197/row,v3,COMPLETED,NONE,<V3_ROOT>/FINAL_RUN_RECORDS.json,RUN_05104,<RESULTS_ROOT>/run_statistics/EVALUATION_CORE_v3_A09.csv,464,0.0999841569020399,0.11084784730752563,0.04785826596629661,1.913874850848372,3.618379781113906,3.324774738719729,2.929067784774904
RUN_05115,D52_seed_04,go2_prior_metadata,D52,seed_04,A09,AB0100,semisynthetic,false,true,COMPLETED,NONE,true,true,56642,56642,5480,66.005054,339.997056,1.0,66.0,340.0,<V3_ROOT>/FINAL_EVALUATION_RECORDS.json,RUN_05115|v3,/11219/row,v3,COMPLETED,NONE,<V3_ROOT>/FINAL_RUN_RECORDS.json,RUN_05115,<RESULTS_ROOT>/run_statistics/EVALUATION_CORE_v3_A09.csv,465,0.0999841569020399,0.11084784730752563,0.04785826596629661,1.913874850848372,3.618379781113906,3.324774738719729,2.929067784774904
RUN_05126,D52_seed_05,go2_prior_metadata,D52,seed_05,A09,AB0100,semisynthetic,false,true,COMPLETED,NONE,true,true,56642,56642,5480,66.005054,339.997056,1.0,66.0,340.0,<V3_ROOT>/FINAL_EVALUATION_RECORDS.json,RUN_05126|v3,/11241/row,v3,COMPLETED,NONE,<V3_ROOT>/FINAL_RUN_RECORDS.json,RUN_05126,<RESULTS_ROOT>/run_statistics/EVALUATION_CORE_v3_A09.csv,466,0.0999841569020399,0.11084784730752563,0.04785826596629661,1.913874850848372,3.618379781113906,3.324774738719729,2.929067784774904
RUN_05137,D52_seed_06,go2_prior_metadata,D52,seed_06,A09,AB0100,semisynthetic,false,true,COMPLETED,NONE,true,true,56642,56642,5480,66.005054,339.997056,1.0,66.0,340.0,<V3_ROOT>/FINAL_EVALUATION_RECORDS.json,RUN_05137|v3,/11263/row,v3,COMPLETED,NONE,<V3_ROOT>/FINAL_RUN_RECORDS.json,RUN_05137,<RESULTS_ROOT>/run_statistics/EVALUATION_CORE_v3_A09.csv,467,0.0999841569020399,0.11084784730752563,0.04785826596629661,1.913874850848372,3.618379781113906,3.324774738719729,2.929067784774904
RUN_05148,D52_seed_07,go2_prior_metadata,D52,seed_07,A09,AB0100,semisynthetic,false,true,COMPLETED,NONE,true,true,56642,56642,5480,66.005054,339.997056,1.0,66.0,340.0,<V3_ROOT>/FINAL_EVALUATION_RECORDS.json,RUN_05148|v3,/11285/row,v3,COMPLETED,NONE,<V3_ROOT>/FINAL_RUN_RECORDS.json,RUN_05148,<RESULTS_ROOT>/run_statistics/EVALUATION_CORE_v3_A09.csv,468,0.0999841569020399,0.11084784730752563,0.04785826596629661,1.913874850848372,3.618379781113906,3.324774738719729,2.929067784774904
RUN_05159,D52_seed_08,go2_prior_metadata,D52,seed_08,A09,AB0100,semisynthetic,false,true,COMPLETED,NONE,true,true,56642,56642,5480,66.005054,339.997056,1.0,66.0,340.0,<V3_ROOT>/FINAL_EVALUATION_RECORDS.json,RUN_05159|v3,/11307/row,v3,COMPLETED,NONE,<V3_ROOT>/FINAL_RUN_RECORDS.json,RUN_05159,<RESULTS_ROOT>/run_statistics/EVALUATION_CORE_v3_A09.csv,469,0.0999841569020399,0.11084784730752563,0.04785826596629661,1.913874850848372,3.618379781113906,3.324774738719729,2.929067784774904
RUN_05170,D53_seed_00,go2_prior_metadata,D53,seed_00,A09,AB0100,semisynthetic,false,true,COMPLETED,NONE,true,true,56642,56642,5480,66.005054,339.997056,1.0,66.0,340.0,<V3_ROOT>/FINAL_EVALUATION_RECORDS.json,RUN_05170|v3,/11329/row,v3,COMPLETED,NONE,<V3_ROOT>/FINAL_RUN_RECORDS.json,RUN_05170,<RESULTS_ROOT>/run_statistics/EVALUATION_CORE_v3_A09.csv,470,0.0999841569020399,0.11084784730752563,0.04785826596629661,1.913874850848372,3.618379781113906,3.324774738719729,2.929067784774904
RUN_05181,D53_seed_01,go2_prior_metadata,D53,seed_01,A09,AB0100,semisynthetic,false,true,COMPLETED,NONE,true,true,56642,56642,5480,66.005054,339.997056,1.0,66.0,340.0,<V3_ROOT>/FINAL_EVALUATION_RECORDS.json,RUN_05181|v3,/11351/row,v3,COMPLETED,NONE,<V3_ROOT>/FINAL_RUN_RECORDS.json,RUN_05181,<RESULTS_ROOT>/run_statistics/EVALUATION_CORE_v3_A09.csv,471,0.0999841569020399,0.11084784730752563,0.04785826596629661,1.913874850848372,3.618379781113906,3.324774738719729,2.929067784774904
RUN_05192,D53_seed_02,go2_prior_metadata,D53,seed_02,A09,AB0100,semisynthetic,false,true,COMPLETED,NONE,true,true,56642,56642,5480,66.005054,339.997056,1.0,66.0,340.0,<V3_ROOT>/FINAL_EVALUATION_RECORDS.json,RUN_05192|v3,/11373/row,v3,COMPLETED,NONE,<V3_ROOT>/FINAL_RUN_RECORDS.json,RUN_05192,<RESULTS_ROOT>/run_statistics/EVALUATION_CORE_v3_A09.csv,472,0.0999841569020399,0.11084784730752563,0.04785826596629661,1.913874850848372,3.618379781113906,3.324774738719729,2.929067784774904
RUN_05203,D53_seed_03,go2_prior_metadata,D53,seed_03,A09,AB0100,semisynthetic,false,true,COMPLETED,NONE,true,true,56642,56642,5480,66.005054,339.997056,1.0,66.0,340.0,<V3_ROOT>/FINAL_EVALUATION_RECORDS.json,RUN_05203|v3,/11395/row,v3,COMPLETED,NONE,<V3_ROOT>/FINAL_RUN_RECORDS.json,RUN_05203,<RESULTS_ROOT>/run_statistics/EVALUATION_CORE_v3_A09.csv,473,0.0999841569020399,0.11084784730752563,0.04785826596629661,1.913874850848372,3.618379781113906,3.324774738719729,2.929067784774904
RUN_05214,D53_seed_04,go2_prior_metadata,D53,seed_04,A09,AB0100,semisynthetic,false,true,COMPLETED,NONE,true,true,56642,56642,5480,66.005054,339.997056,1.0,66.0,340.0,<V3_ROOT>/FINAL_EVALUATION_RECORDS.json,RUN_05214|v3,/11417/row,v3,COMPLETED,NONE,<V3_ROOT>/FINAL_RUN_RECORDS.json,RUN_05214,<RESULTS_ROOT>/run_statistics/EVALUATION_CORE_v3_A09.csv,474,0.0999841569020399,0.11084784730752563,0.04785826596629661,1.913874850848372,3.618379781113906,3.324774738719729,2.929067784774904
RUN_05225,D53_seed_05,go2_prior_metadata,D53,seed_05,A09,AB0100,semisynthetic,false,true,COMPLETED,NONE,true,true,56642,56642,5480,66.005054,339.997056,1.0,66.0,340.0,<V3_ROOT>/FINAL_EVALUATION_RECORDS.json,RUN_05225|v3,/11439/row,v3,COMPLETED,NONE,<V3_ROOT>/FINAL_RUN_RECORDS.json,RUN_05225,<RESULTS_ROOT>/run_statistics/EVALUATION_CORE_v3_A09.csv,475,0.0999841569020399,0.11084784730752563,0.04785826596629661,1.913874850848372,3.618379781113906,3.324774738719729,2.929067784774904
RUN_05236,D53_seed_06,go2_prior_metadata,D53,seed_06,A09,AB0100,semisynthetic,false,true,COMPLETED,NONE,true,true,56642,56642,5480,66.005054,339.997056,1.0,66.0,340.0,<V3_ROOT>/FINAL_EVALUATION_RECORDS.json,RUN_05236|v3,/11461/row,v3,COMPLETED,NONE,<V3_ROOT>/FINAL_RUN_RECORDS.json,RUN_05236,<RESULTS_ROOT>/run_statistics/EVALUATION_CORE_v3_A09.csv,476,0.0999841569020399,0.11084784730752563,0.04785826596629661,1.913874850848372,3.618379781113906,3.324774738719729,2.929067784774904
RUN_05247,D53_seed_07,go2_prior_metadata,D53,seed_07,A09,AB0100,semisynthetic,false,true,COMPLETED,NONE,true,true,56642,56642,5480,66.005054,339.997056,1.0,66.0,340.0,<V3_ROOT>/FINAL_EVALUATION_RECORDS.json,RUN_05247|v3,/11483/row,v3,COMPLETED,NONE,<V3_ROOT>/FINAL_RUN_RECORDS.json,RUN_05247,<RESULTS_ROOT>/run_statistics/EVALUATION_CORE_v3_A09.csv,477,0.0999841569020399,0.11084784730752563,0.04785826596629661,1.913874850848372,3.618379781113906,3.324774738719729,2.929067784774904
RUN_05258,D53_seed_08,go2_prior_metadata,D53,seed_08,A09,AB0100,semisynthetic,false,true,COMPLETED,NONE,true,true,56642,56642,5480,66.005054,339.997056,1.0,66.0,340.0,<V3_ROOT>/FINAL_EVALUATION_RECORDS.json,RUN_05258|v3,/11505/row,v3,COMPLETED,NONE,<V3_ROOT>/FINAL_RUN_RECORDS.json,RUN_05258,<RESULTS_ROOT>/run_statistics/EVALUATION_CORE_v3_A09.csv,478,0.0999841569020399,0.11084784730752563,0.04785826596629661,1.913874850848372,3.618379781113906,3.324774738719729,2.929067784774904
RUN_05269,D54_seed_00,go2_prior_metadata,D54,seed_00,A09,AB0100,semisynthetic,false,true,COMPLETED,NONE,true,true,56642,56642,5480,66.005054,339.997056,1.0,66.0,340.0,<V3_ROOT>/FINAL_EVALUATION_RECORDS.json,RUN_05269|v3,/11527/row,v3,COMPLETED,NONE,<V3_ROOT>/FINAL_RUN_RECORDS.json,RUN_05269,<RESULTS_ROOT>/run_statistics/EVALUATION_CORE_v3_A09.csv,479,0.0999841569020399,0.11084784730752563,0.04785826596629661,1.913874850848372,3.618379781113906,3.324774738719729,2.929067784774904
RUN_05280,D54_seed_01,go2_prior_metadata,D54,seed_01,A09,AB0100,semisynthetic,false,true,COMPLETED,NONE,true,true,56642,56642,5480,66.005054,339.997056,1.0,66.0,340.0,<V3_ROOT>/FINAL_EVALUATION_RECORDS.json,RUN_05280|v3,/11549/row,v3,COMPLETED,NONE,<V3_ROOT>/FINAL_RUN_RECORDS.json,RUN_05280,<RESULTS_ROOT>/run_statistics/EVALUATION_CORE_v3_A09.csv,480,0.0999841569020399,0.11084784730752563,0.04785826596629661,1.913874850848372,3.618379781113906,3.324774738719729,2.929067784774904
RUN_05291,D54_seed_02,go2_prior_metadata,D54,seed_02,A09,AB0100,semisynthetic,false,true,COMPLETED,NONE,true,true,56642,56642,5480,66.005054,339.997056,1.0,66.0,340.0,<V3_ROOT>/FINAL_EVALUATION_RECORDS.json,RUN_05291|v3,/11571/row,v3,COMPLETED,NONE,<V3_ROOT>/FINAL_RUN_RECORDS.json,RUN_05291,<RESULTS_ROOT>/run_statistics/EVALUATION_CORE_v3_A09.csv,481,0.0999841569020399,0.11084784730752563,0.04785826596629661,1.913874850848372,3.618379781113906,3.324774738719729,2.929067784774904
RUN_05302,D54_seed_03,go2_prior_metadata,D54,seed_03,A09,AB0100,semisynthetic,false,true,COMPLETED,NONE,true,true,56642,56642,5480,66.005054,339.997056,1.0,66.0,340.0,<V3_ROOT>/FINAL_EVALUATION_RECORDS.json,RUN_05302|v3,/11593/row,v3,COMPLETED,NONE,<V3_ROOT>/FINAL_RUN_RECORDS.json,RUN_05302,<RESULTS_ROOT>/run_statistics/EVALUATION_CORE_v3_A09.csv,482,0.0999841569020399,0.11084784730752563,0.04785826596629661,1.913874850848372,3.618379781113906,3.324774738719729,2.929067784774904
RUN_05313,D54_seed_04,go2_prior_metadata,D54,seed_04,A09,AB0100,semisynthetic,false,true,COMPLETED,NONE,true,true,56642,56642,5480,66.005054,339.997056,1.0,66.0,340.0,<V3_ROOT>/FINAL_EVALUATION_RECORDS.json,RUN_05313|v3,/11615/row,v3,COMPLETED,NONE,<V3_ROOT>/FINAL_RUN_RECORDS.json,RUN_05313,<RESULTS_ROOT>/run_statistics/EVALUATION_CORE_v3_A09.csv,483,0.0999841569020399,0.11084784730752563,0.04785826596629661,1.913874850848372,3.618379781113906,3.324774738719729,2.929067784774904
RUN_05324,D54_seed_05,go2_prior_metadata,D54,seed_05,A09,AB0100,semisynthetic,false,true,COMPLETED,NONE,true,true,56642,56642,5480,66.005054,339.997056,1.0,66.0,340.0,<V3_ROOT>/FINAL_EVALUATION_RECORDS.json,RUN_05324|v3,/11637/row,v3,COMPLETED,NONE,<V3_ROOT>/FINAL_RUN_RECORDS.json,RUN_05324,<RESULTS_ROOT>/run_statistics/EVALUATION_CORE_v3_A09.csv,484,0.0999841569020399,0.11084784730752563,0.04785826596629661,1.913874850848372,3.618379781113906,3.324774738719729,2.929067784774904
RUN_05335,D54_seed_06,go2_prior_metadata,D54,seed_06,A09,AB0100,semisynthetic,false,true,COMPLETED,NONE,true,true,56642,56642,5480,66.005054,339.997056,1.0,66.0,340.0,<V3_ROOT>/FINAL_EVALUATION_RECORDS.json,RUN_05335|v3,/11659/row,v3,COMPLETED,NONE,<V3_ROOT>/FINAL_RUN_RECORDS.json,RUN_05335,<RESULTS_ROOT>/run_statistics/EVALUATION_CORE_v3_A09.csv,485,0.0999841569020399,0.11084784730752563,0.04785826596629661,1.913874850848372,3.618379781113906,3.324774738719729,2.929067784774904
RUN_05346,D54_seed_07,go2_prior_metadata,D54,seed_07,A09,AB0100,semisynthetic,false,true,COMPLETED,NONE,true,true,56642,56642,5480,66.005054,339.997056,1.0,66.0,340.0,<V3_ROOT>/FINAL_EVALUATION_RECORDS.json,RUN_05346|v3,/11681/row,v3,COMPLETED,NONE,<V3_ROOT>/FINAL_RUN_RECORDS.json,RUN_05346,<RESULTS_ROOT>/run_statistics/EVALUATION_CORE_v3_A09.csv,486,0.0999841569020399,0.11084784730752563,0.04785826596629661,1.913874850848372,3.618379781113906,3.324774738719729,2.929067784774904
RUN_05357,D54_seed_08,go2_prior_metadata,D54,seed_08,A09,AB0100,semisynthetic,false,true,COMPLETED,NONE,true,true,56642,56642,5480,66.005054,339.997056,1.0,66.0,340.0,<V3_ROOT>/FINAL_EVALUATION_RECORDS.json,RUN_05357|v3,/11703/row,v3,COMPLETED,NONE,<V3_ROOT>/FINAL_RUN_RECORDS.json,RUN_05357,<RESULTS_ROOT>/run_statistics/EVALUATION_CORE_v3_A09.csv,487,0.0999841569020399,0.11084784730752563,0.04785826596629661,1.913874850848372,3.618379781113906,3.324774738719729,2.929067784774904
RUN_05368,D55_seed_00,go2_prior_metadata,D55,seed_00,A09,AB0100,semisynthetic,false,true,COMPLETED,NONE,true,true,56642,56642,5480,66.005054,339.997056,1.0,66.0,340.0,<V3_ROOT>/FINAL_EVALUATION_RECORDS.json,RUN_05368|v3,/11725/row,v3,COMPLETED,NONE,<V3_ROOT>/FINAL_RUN_RECORDS.json,RUN_05368,<RESULTS_ROOT>/run_statistics/EVALUATION_CORE_v3_A09.csv,488,0.0999841569020399,0.11084784730752563,0.04785826596629661,1.913874850848372,3.618379781113906,3.324774738719729,2.929067784774904
RUN_05379,D55_seed_01,go2_prior_metadata,D55,seed_01,A09,AB0100,semisynthetic,false,true,COMPLETED,NONE,true,true,56642,56642,5480,66.005054,339.997056,1.0,66.0,340.0,<V3_ROOT>/FINAL_EVALUATION_RECORDS.json,RUN_05379|v3,/11747/row,v3,COMPLETED,NONE,<V3_ROOT>/FINAL_RUN_RECORDS.json,RUN_05379,<RESULTS_ROOT>/run_statistics/EVALUATION_CORE_v3_A09.csv,489,0.0999841569020399,0.11084784730752563,0.04785826596629661,1.913874850848372,3.618379781113906,3.324774738719729,2.929067784774904
RUN_05390,D55_seed_02,go2_prior_metadata,D55,seed_02,A09,AB0100,semisynthetic,false,true,COMPLETED,NONE,true,true,56642,56642,5480,66.005054,339.997056,1.0,66.0,340.0,<V3_ROOT>/FINAL_EVALUATION_RECORDS.json,RUN_05390|v3,/11769/row,v3,COMPLETED,NONE,<V3_ROOT>/FINAL_RUN_RECORDS.json,RUN_05390,<RESULTS_ROOT>/run_statistics/EVALUATION_CORE_v3_A09.csv,490,0.0999841569020399,0.11084784730752563,0.04785826596629661,1.913874850848372,3.618379781113906,3.324774738719729,2.929067784774904
RUN_05401,D55_seed_03,go2_prior_metadata,D55,seed_03,A09,AB0100,semisynthetic,false,true,COMPLETED,NONE,true,true,56642,56642,5480,66.005054,339.997056,1.0,66.0,340.0,<V3_ROOT>/FINAL_EVALUATION_RECORDS.json,RUN_05401|v3,/11791/row,v3,COMPLETED,NONE,<V3_ROOT>/FINAL_RUN_RECORDS.json,RUN_05401,<RESULTS_ROOT>/run_statistics/EVALUATION_CORE_v3_A09.csv,491,0.0999841569020399,0.11084784730752563,0.04785826596629661,1.913874850848372,3.618379781113906,3.324774738719729,2.929067784774904
RUN_05412,D55_seed_04,go2_prior_metadata,D55,seed_04,A09,AB0100,semisynthetic,false,true,COMPLETED,NONE,true,true,56642,56642,5480,66.005054,339.997056,1.0,66.0,340.0,<V3_ROOT>/FINAL_EVALUATION_RECORDS.json,RUN_05412|v3,/11813/row,v3,COMPLETED,NONE,<V3_ROOT>/FINAL_RUN_RECORDS.json,RUN_05412,<RESULTS_ROOT>/run_statistics/EVALUATION_CORE_v3_A09.csv,492,0.0999841569020399,0.11084784730752563,0.04785826596629661,1.913874850848372,3.618379781113906,3.324774738719729,2.929067784774904
RUN_05423,D55_seed_05,go2_prior_metadata,D55,seed_05,A09,AB0100,semisynthetic,false,true,COMPLETED,NONE,true,true,56642,56642,5480,66.005054,339.997056,1.0,66.0,340.0,<V3_ROOT>/FINAL_EVALUATION_RECORDS.json,RUN_05423|v3,/11835/row,v3,COMPLETED,NONE,<V3_ROOT>/FINAL_RUN_RECORDS.json,RUN_05423,<RESULTS_ROOT>/run_statistics/EVALUATION_CORE_v3_A09.csv,493,0.0999841569020399,0.11084784730752563,0.04785826596629661,1.913874850848372,3.618379781113906,3.324774738719729,2.929067784774904
RUN_05434,D55_seed_06,go2_prior_metadata,D55,seed_06,A09,AB0100,semisynthetic,false,true,COMPLETED,NONE,true,true,56642,56642,5480,66.005054,339.997056,1.0,66.0,340.0,<V3_ROOT>/FINAL_EVALUATION_RECORDS.json,RUN_05434|v3,/11857/row,v3,COMPLETED,NONE,<V3_ROOT>/FINAL_RUN_RECORDS.json,RUN_05434,<RESULTS_ROOT>/run_statistics/EVALUATION_CORE_v3_A09.csv,494,0.0999841569020399,0.11084784730752563,0.04785826596629661,1.913874850848372,3.618379781113906,3.324774738719729,2.929067784774904
RUN_05445,D55_seed_07,go2_prior_metadata,D55,seed_07,A09,AB0100,semisynthetic,false,true,COMPLETED,NONE,true,true,56642,56642,5480,66.005054,339.997056,1.0,66.0,340.0,<V3_ROOT>/FINAL_EVALUATION_RECORDS.json,RUN_05445|v3,/11879/row,v3,COMPLETED,NONE,<V3_ROOT>/FINAL_RUN_RECORDS.json,RUN_05445,<RESULTS_ROOT>/run_statistics/EVALUATION_CORE_v3_A09.csv,495,0.0999841569020399,0.11084784730752563,0.04785826596629661,1.913874850848372,3.618379781113906,3.324774738719729,2.929067784774904
RUN_05456,D55_seed_08,go2_prior_metadata,D55,seed_08,A09,AB0100,semisynthetic,false,true,COMPLETED,NONE,true,true,56642,56642,5480,66.005054,339.997056,1.0,66.0,340.0,<V3_ROOT>/FINAL_EVALUATION_RECORDS.json,RUN_05456|v3,/11901/row,v3,COMPLETED,NONE,<V3_ROOT>/FINAL_RUN_RECORDS.json,RUN_05456,<RESULTS_ROOT>/run_statistics/EVALUATION_CORE_v3_A09.csv,496,0.0999841569020399,0.11084784730752563,0.04785826596629661,1.913874850848372,3.618379781113906,3.324774738719729,2.929067784774904
RUN_05467,D56_seed_00,go2_prior_metadata,D56,seed_00,A09,AB0100,semisynthetic,false,true,COMPLETED,NONE,true,true,56642,56642,5480,66.005054,339.997056,1.0,66.0,340.0,<V3_ROOT>/FINAL_EVALUATION_RECORDS.json,RUN_05467|v3,/11923/row,v3,COMPLETED,NONE,<V3_ROOT>/FINAL_RUN_RECORDS.json,RUN_05467,<RESULTS_ROOT>/run_statistics/EVALUATION_CORE_v3_A09.csv,497,0.0999841569020399,0.11084784730752563,0.04785826596629661,1.913874850848372,3.618379781113906,3.324774738719729,2.929067784774904
RUN_05478,D56_seed_01,go2_prior_metadata,D56,seed_01,A09,AB0100,semisynthetic,false,true,COMPLETED,NONE,true,true,56642,56642,5480,66.005054,339.997056,1.0,66.0,340.0,<V3_ROOT>/FINAL_EVALUATION_RECORDS.json,RUN_05478|v3,/11945/row,v3,COMPLETED,NONE,<V3_ROOT>/FINAL_RUN_RECORDS.json,RUN_05478,<RESULTS_ROOT>/run_statistics/EVALUATION_CORE_v3_A09.csv,498,0.0999841569020399,0.11084784730752563,0.04785826596629661,1.913874850848372,3.618379781113906,3.324774738719729,2.929067784774904
RUN_05489,D56_seed_02,go2_prior_metadata,D56,seed_02,A09,AB0100,semisynthetic,false,true,COMPLETED,NONE,true,true,56642,56642,5480,66.005054,339.997056,1.0,66.0,340.0,<V3_ROOT>/FINAL_EVALUATION_RECORDS.json,RUN_05489|v3,/11967/row,v3,COMPLETED,NONE,<V3_ROOT>/FINAL_RUN_RECORDS.json,RUN_05489,<RESULTS_ROOT>/run_statistics/EVALUATION_CORE_v3_A09.csv,499,0.0999841569020399,0.11084784730752563,0.04785826596629661,1.913874850848372,3.618379781113906,3.324774738719729,2.929067784774904
RUN_05500,D56_seed_03,go2_prior_metadata,D56,seed_03,A09,AB0100,semisynthetic,false,true,COMPLETED,NONE,true,true,56642,56642,5480,66.005054,339.997056,1.0,66.0,340.0,<V3_ROOT>/FINAL_EVALUATION_RECORDS.json,RUN_05500|v3,/11989/row,v3,COMPLETED,NONE,<V3_ROOT>/FINAL_RUN_RECORDS.json,RUN_05500,<RESULTS_ROOT>/run_statistics/EVALUATION_CORE_v3_A09.csv,500,0.0999841569020399,0.11084784730752563,0.04785826596629661,1.913874850848372,3.618379781113906,3.324774738719729,2.929067784774904
RUN_05511,D56_seed_04,go2_prior_metadata,D56,seed_04,A09,AB0100,semisynthetic,false,true,COMPLETED,NONE,true,true,56642,56642,5480,66.005054,339.997056,1.0,66.0,340.0,<V3_ROOT>/FINAL_EVALUATION_RECORDS.json,RUN_05511|v3,/12011/row,v3,COMPLETED,NONE,<V3_ROOT>/FINAL_RUN_RECORDS.json,RUN_05511,<RESULTS_ROOT>/run_statistics/EVALUATION_CORE_v3_A09.csv,501,0.0999841569020399,0.11084784730752563,0.04785826596629661,1.913874850848372,3.618379781113906,3.324774738719729,2.929067784774904
RUN_05522,D56_seed_05,go2_prior_metadata,D56,seed_05,A09,AB0100,semisynthetic,false,true,COMPLETED,NONE,true,true,56642,56642,5480,66.005054,339.997056,1.0,66.0,340.0,<V3_ROOT>/FINAL_EVALUATION_RECORDS.json,RUN_05522|v3,/12033/row,v3,COMPLETED,NONE,<V3_ROOT>/FINAL_RUN_RECORDS.json,RUN_05522,<RESULTS_ROOT>/run_statistics/EVALUATION_CORE_v3_A09.csv,502,0.0999841569020399,0.11084784730752563,0.04785826596629661,1.913874850848372,3.618379781113906,3.324774738719729,2.929067784774904
RUN_05533,D56_seed_06,go2_prior_metadata,D56,seed_06,A09,AB0100,semisynthetic,false,true,COMPLETED,NONE,true,true,56642,56642,5480,66.005054,339.997056,1.0,66.0,340.0,<V3_ROOT>/FINAL_EVALUATION_RECORDS.json,RUN_05533|v3,/12055/row,v3,COMPLETED,NONE,<V3_ROOT>/FINAL_RUN_RECORDS.json,RUN_05533,<RESULTS_ROOT>/run_statistics/EVALUATION_CORE_v3_A09.csv,503,0.0999841569020399,0.11084784730752563,0.04785826596629661,1.913874850848372,3.618379781113906,3.324774738719729,2.929067784774904
RUN_05544,D56_seed_07,go2_prior_metadata,D56,seed_07,A09,AB0100,semisynthetic,false,true,COMPLETED,NONE,true,true,56642,56642,5480,66.005054,339.997056,1.0,66.0,340.0,<V3_ROOT>/FINAL_EVALUATION_RECORDS.json,RUN_05544|v3,/12077/row,v3,COMPLETED,NONE,<V3_ROOT>/FINAL_RUN_RECORDS.json,RUN_05544,<RESULTS_ROOT>/run_statistics/EVALUATION_CORE_v3_A09.csv,504,0.0999841569020399,0.11084784730752563,0.04785826596629661,1.913874850848372,3.618379781113906,3.324774738719729,2.929067784774904
RUN_05555,D56_seed_08,go2_prior_metadata,D56,seed_08,A09,AB0100,semisynthetic,false,true,COMPLETED,NONE,true,true,56642,56642,5480,66.005054,339.997056,1.0,66.0,340.0,<V3_ROOT>/FINAL_EVALUATION_RECORDS.json,RUN_05555|v3,/12099/row,v3,COMPLETED,NONE,<V3_ROOT>/FINAL_RUN_RECORDS.json,RUN_05555,<RESULTS_ROOT>/run_statistics/EVALUATION_CORE_v3_A09.csv,505,0.0999841569020399,0.11084784730752563,0.04785826596629661,1.913874850848372,3.618379781113906,3.324774738719729,2.929067784774904
RUN_04962,D51_seed_00,go2_prior_metadata,D51,seed_00,F01,single_antenna_EKF,semisynthetic,false,true,COMPLETED,NONE,true,true,56642,56642,5480,66.005054,339.997056,1.0,66.0,340.0,<V3_ROOT>/FINAL_EVALUATION_RECORDS.json,RUN_04962|v2,/10912/row,v2,COMPLETED,NONE,<V3_ROOT>/FINAL_RUN_RECORDS.json,RUN_04962,<RESULTS_ROOT>/run_statistics/EVALUATION_CORE_v2_F01.csv,452,0.16370876455605474,0.36123051301082143,0.3220045402437541,8.089647422454789,12.27610934742262,3.3312964026882526,2.933247658474164
RUN_04973,D51_seed_01,go2_prior_metadata,D51,seed_01,F01,single_antenna_EKF,semisynthetic,false,true,COMPLETED,NONE,true,true,56642,56642,5480,66.005054,339.997056,1.0,66.0,340.0,<V3_ROOT>/FINAL_EVALUATION_RECORDS.json,RUN_04973|v2,/10934/row,v2,COMPLETED,NONE,<V3_ROOT>/FINAL_RUN_RECORDS.json,RUN_04973,<RESULTS_ROOT>/run_statistics/EVALUATION_CORE_v2_F01.csv,453,0.16370876455605474,0.36123051301082143,0.3220045402437541,8.089647422454789,12.27610934742262,3.3312964026882526,2.933247658474164
RUN_04984,D51_seed_02,go2_prior_metadata,D51,seed_02,F01,single_antenna_EKF,semisynthetic,false,true,COMPLETED,NONE,true,true,56642,56642,5480,66.005054,339.997056,1.0,66.0,340.0,<V3_ROOT>/FINAL_EVALUATION_RECORDS.json,RUN_04984|v2,/10956/row,v2,COMPLETED,NONE,<V3_ROOT>/FINAL_RUN_RECORDS.json,RUN_04984,<RESULTS_ROOT>/run_statistics/EVALUATION_CORE_v2_F01.csv,454,0.16370876455605474,0.36123051301082143,0.3220045402437541,8.089647422454789,12.27610934742262,3.3312964026882526,2.933247658474164
RUN_04995,D51_seed_03,go2_prior_metadata,D51,seed_03,F01,single_antenna_EKF,semisynthetic,false,true,COMPLETED,NONE,true,true,56642,56642,5480,66.005054,339.997056,1.0,66.0,340.0,<V3_ROOT>/FINAL_EVALUATION_RECORDS.json,RUN_04995|v2,/10978/row,v2,COMPLETED,NONE,<V3_ROOT>/FINAL_RUN_RECORDS.json,RUN_04995,<RESULTS_ROOT>/run_statistics/EVALUATION_CORE_v2_F01.csv,455,0.16370876455605474,0.36123051301082143,0.3220045402437541,8.089647422454789,12.27610934742262,3.3312964026882526,2.933247658474164
RUN_05006,D51_seed_04,go2_prior_metadata,D51,seed_04,F01,single_antenna_EKF,semisynthetic,false,true,COMPLETED,NONE,true,true,56642,56642,5480,66.005054,339.997056,1.0,66.0,340.0,<V3_ROOT>/FINAL_EVALUATION_RECORDS.json,RUN_05006|v2,/11000/row,v2,COMPLETED,NONE,<V3_ROOT>/FINAL_RUN_RECORDS.json,RUN_05006,<RESULTS_ROOT>/run_statistics/EVALUATION_CORE_v2_F01.csv,456,0.16370876455605474,0.36123051301082143,0.3220045402437541,8.089647422454789,12.27610934742262,3.3312964026882526,2.933247658474164
RUN_05017,D51_seed_05,go2_prior_metadata,D51,seed_05,F01,single_antenna_EKF,semisynthetic,false,true,COMPLETED,NONE,true,true,56642,56642,5480,66.005054,339.997056,1.0,66.0,340.0,<V3_ROOT>/FINAL_EVALUATION_RECORDS.json,RUN_05017|v2,/11022/row,v2,COMPLETED,NONE,<V3_ROOT>/FINAL_RUN_RECORDS.json,RUN_05017,<RESULTS_ROOT>/run_statistics/EVALUATION_CORE_v2_F01.csv,457,0.16370876455605474,0.36123051301082143,0.3220045402437541,8.089647422454789,12.27610934742262,3.3312964026882526,2.933247658474164
RUN_05028,D51_seed_06,go2_prior_metadata,D51,seed_06,F01,single_antenna_EKF,semisynthetic,false,true,COMPLETED,NONE,true,true,56642,56642,5480,66.005054,339.997056,1.0,66.0,340.0,<V3_ROOT>/FINAL_EVALUATION_RECORDS.json,RUN_05028|v2,/11044/row,v2,COMPLETED,NONE,<V3_ROOT>/FINAL_RUN_RECORDS.json,RUN_05028,<RESULTS_ROOT>/run_statistics/EVALUATION_CORE_v2_F01.csv,458,0.16370876455605474,0.36123051301082143,0.3220045402437541,8.089647422454789,12.27610934742262,3.3312964026882526,2.933247658474164
RUN_05039,D51_seed_07,go2_prior_metadata,D51,seed_07,F01,single_antenna_EKF,semisynthetic,false,true,COMPLETED,NONE,true,true,56642,56642,5480,66.005054,339.997056,1.0,66.0,340.0,<V3_ROOT>/FINAL_EVALUATION_RECORDS.json,RUN_05039|v2,/11066/row,v2,COMPLETED,NONE,<V3_ROOT>/FINAL_RUN_RECORDS.json,RUN_05039,<RESULTS_ROOT>/run_statistics/EVALUATION_CORE_v2_F01.csv,459,0.16370876455605474,0.36123051301082143,0.3220045402437541,8.089647422454789,12.27610934742262,3.3312964026882526,2.933247658474164
RUN_05050,D51_seed_08,go2_prior_metadata,D51,seed_08,F01,single_antenna_EKF,semisynthetic,false,true,COMPLETED,NONE,true,true,56642,56642,5480,66.005054,339.997056,1.0,66.0,340.0,<V3_ROOT>/FINAL_EVALUATION_RECORDS.json,RUN_05050|v2,/11088/row,v2,COMPLETED,NONE,<V3_ROOT>/FINAL_RUN_RECORDS.json,RUN_05050,<RESULTS_ROOT>/run_statistics/EVALUATION_CORE_v2_F01.csv,460,0.16370876455605474,0.36123051301082143,0.3220045402437541,8.089647422454789,12.27610934742262,3.3312964026882526,2.933247658474164
RUN_05061,D52_seed_00,go2_prior_metadata,D52,seed_00,F01,single_antenna_EKF,semisynthetic,false,true,COMPLETED,NONE,true,true,56642,56642,5480,66.005054,339.997056,1.0,66.0,340.0,<V3_ROOT>/FINAL_EVALUATION_RECORDS.json,RUN_05061|v2,/11110/row,v2,COMPLETED,NONE,<V3_ROOT>/FINAL_RUN_RECORDS.json,RUN_05061,<RESULTS_ROOT>/run_statistics/EVALUATION_CORE_v2_F01.csv,461,0.16370876455605474,0.36123051301082143,0.3220045402437541,8.089647422454789,12.27610934742262,3.3312964026882526,2.933247658474164
RUN_05072,D52_seed_01,go2_prior_metadata,D52,seed_01,F01,single_antenna_EKF,semisynthetic,false,true,COMPLETED,NONE,true,true,56642,56642,5480,66.005054,339.997056,1.0,66.0,340.0,<V3_ROOT>/FINAL_EVALUATION_RECORDS.json,RUN_05072|v2,/11132/row,v2,COMPLETED,NONE,<V3_ROOT>/FINAL_RUN_RECORDS.json,RUN_05072,<RESULTS_ROOT>/run_statistics/EVALUATION_CORE_v2_F01.csv,462,0.16370876455605474,0.36123051301082143,0.3220045402437541,8.089647422454789,12.27610934742262,3.3312964026882526,2.933247658474164
RUN_05083,D52_seed_02,go2_prior_metadata,D52,seed_02,F01,single_antenna_EKF,semisynthetic,false,true,COMPLETED,NONE,true,true,56642,56642,5480,66.005054,339.997056,1.0,66.0,340.0,<V3_ROOT>/FINAL_EVALUATION_RECORDS.json,RUN_05083|v2,/11154/row,v2,COMPLETED,NONE,<V3_ROOT>/FINAL_RUN_RECORDS.json,RUN_05083,<RESULTS_ROOT>/run_statistics/EVALUATION_CORE_v2_F01.csv,463,0.16370876455605474,0.36123051301082143,0.3220045402437541,8.089647422454789,12.27610934742262,3.3312964026882526,2.933247658474164
RUN_05094,D52_seed_03,go2_prior_metadata,D52,seed_03,F01,single_antenna_EKF,semisynthetic,false,true,COMPLETED,NONE,true,true,56642,56642,5480,66.005054,339.997056,1.0,66.0,340.0,<V3_ROOT>/FINAL_EVALUATION_RECORDS.json,RUN_05094|v2,/11176/row,v2,COMPLETED,NONE,<V3_ROOT>/FINAL_RUN_RECORDS.json,RUN_05094,<RESULTS_ROOT>/run_statistics/EVALUATION_CORE_v2_F01.csv,464,0.16370876455605474,0.36123051301082143,0.3220045402437541,8.089647422454789,12.27610934742262,3.3312964026882526,2.933247658474164
RUN_05105,D52_seed_04,go2_prior_metadata,D52,seed_04,F01,single_antenna_EKF,semisynthetic,false,true,COMPLETED,NONE,true,true,56642,56642,5480,66.005054,339.997056,1.0,66.0,340.0,<V3_ROOT>/FINAL_EVALUATION_RECORDS.json,RUN_05105|v2,/11198/row,v2,COMPLETED,NONE,<V3_ROOT>/FINAL_RUN_RECORDS.json,RUN_05105,<RESULTS_ROOT>/run_statistics/EVALUATION_CORE_v2_F01.csv,465,0.16370876455605474,0.36123051301082143,0.3220045402437541,8.089647422454789,12.27610934742262,3.3312964026882526,2.933247658474164
RUN_05116,D52_seed_05,go2_prior_metadata,D52,seed_05,F01,single_antenna_EKF,semisynthetic,false,true,COMPLETED,NONE,true,true,56642,56642,5480,66.005054,339.997056,1.0,66.0,340.0,<V3_ROOT>/FINAL_EVALUATION_RECORDS.json,RUN_05116|v2,/11220/row,v2,COMPLETED,NONE,<V3_ROOT>/FINAL_RUN_RECORDS.json,RUN_05116,<RESULTS_ROOT>/run_statistics/EVALUATION_CORE_v2_F01.csv,466,0.16370876455605474,0.36123051301082143,0.3220045402437541,8.089647422454789,12.27610934742262,3.3312964026882526,2.933247658474164
RUN_05127,D52_seed_06,go2_prior_metadata,D52,seed_06,F01,single_antenna_EKF,semisynthetic,false,true,COMPLETED,NONE,true,true,56642,56642,5480,66.005054,339.997056,1.0,66.0,340.0,<V3_ROOT>/FINAL_EVALUATION_RECORDS.json,RUN_05127|v2,/11242/row,v2,COMPLETED,NONE,<V3_ROOT>/FINAL_RUN_RECORDS.json,RUN_05127,<RESULTS_ROOT>/run_statistics/EVALUATION_CORE_v2_F01.csv,467,0.16370876455605474,0.36123051301082143,0.3220045402437541,8.089647422454789,12.27610934742262,3.3312964026882526,2.933247658474164
RUN_05138,D52_seed_07,go2_prior_metadata,D52,seed_07,F01,single_antenna_EKF,semisynthetic,false,true,COMPLETED,NONE,true,true,56642,56642,5480,66.005054,339.997056,1.0,66.0,340.0,<V3_ROOT>/FINAL_EVALUATION_RECORDS.json,RUN_05138|v2,/11264/row,v2,COMPLETED,NONE,<V3_ROOT>/FINAL_RUN_RECORDS.json,RUN_05138,<RESULTS_ROOT>/run_statistics/EVALUATION_CORE_v2_F01.csv,468,0.16370876455605474,0.36123051301082143,0.3220045402437541,8.089647422454789,12.27610934742262,3.3312964026882526,2.933247658474164
RUN_05149,D52_seed_08,go2_prior_metadata,D52,seed_08,F01,single_antenna_EKF,semisynthetic,false,true,COMPLETED,NONE,true,true,56642,56642,5480,66.005054,339.997056,1.0,66.0,340.0,<V3_ROOT>/FINAL_EVALUATION_RECORDS.json,RUN_05149|v2,/11286/row,v2,COMPLETED,NONE,<V3_ROOT>/FINAL_RUN_RECORDS.json,RUN_05149,<RESULTS_ROOT>/run_statistics/EVALUATION_CORE_v2_F01.csv,469,0.16370876455605474,0.36123051301082143,0.3220045402437541,8.089647422454789,12.27610934742262,3.3312964026882526,2.933247658474164
RUN_05160,D53_seed_00,go2_prior_metadata,D53,seed_00,F01,single_antenna_EKF,semisynthetic,false,true,COMPLETED,NONE,true,true,56642,56642,5480,66.005054,339.997056,1.0,66.0,340.0,<V3_ROOT>/FINAL_EVALUATION_RECORDS.json,RUN_05160|v2,/11308/row,v2,COMPLETED,NONE,<V3_ROOT>/FINAL_RUN_RECORDS.json,RUN_05160,<RESULTS_ROOT>/run_statistics/EVALUATION_CORE_v2_F01.csv,470,0.16370876455605474,0.36123051301082143,0.3220045402437541,8.089647422454789,12.27610934742262,3.3312964026882526,2.933247658474164
RUN_05171,D53_seed_01,go2_prior_metadata,D53,seed_01,F01,single_antenna_EKF,semisynthetic,false,true,COMPLETED,NONE,true,true,56642,56642,5480,66.005054,339.997056,1.0,66.0,340.0,<V3_ROOT>/FINAL_EVALUATION_RECORDS.json,RUN_05171|v2,/11330/row,v2,COMPLETED,NONE,<V3_ROOT>/FINAL_RUN_RECORDS.json,RUN_05171,<RESULTS_ROOT>/run_statistics/EVALUATION_CORE_v2_F01.csv,471,0.16370876455605474,0.36123051301082143,0.3220045402437541,8.089647422454789,12.27610934742262,3.3312964026882526,2.933247658474164
RUN_05182,D53_seed_02,go2_prior_metadata,D53,seed_02,F01,single_antenna_EKF,semisynthetic,false,true,COMPLETED,NONE,true,true,56642,56642,5480,66.005054,339.997056,1.0,66.0,340.0,<V3_ROOT>/FINAL_EVALUATION_RECORDS.json,RUN_05182|v2,/11352/row,v2,COMPLETED,NONE,<V3_ROOT>/FINAL_RUN_RECORDS.json,RUN_05182,<RESULTS_ROOT>/run_statistics/EVALUATION_CORE_v2_F01.csv,472,0.16370876455605474,0.36123051301082143,0.3220045402437541,8.089647422454789,12.27610934742262,3.3312964026882526,2.933247658474164
RUN_05193,D53_seed_03,go2_prior_metadata,D53,seed_03,F01,single_antenna_EKF,semisynthetic,false,true,COMPLETED,NONE,true,true,56642,56642,5480,66.005054,339.997056,1.0,66.0,340.0,<V3_ROOT>/FINAL_EVALUATION_RECORDS.json,RUN_05193|v2,/11374/row,v2,COMPLETED,NONE,<V3_ROOT>/FINAL_RUN_RECORDS.json,RUN_05193,<RESULTS_ROOT>/run_statistics/EVALUATION_CORE_v2_F01.csv,473,0.16370876455605474,0.36123051301082143,0.3220045402437541,8.089647422454789,12.27610934742262,3.3312964026882526,2.933247658474164
RUN_05204,D53_seed_04,go2_prior_metadata,D53,seed_04,F01,single_antenna_EKF,semisynthetic,false,true,COMPLETED,NONE,true,true,56642,56642,5480,66.005054,339.997056,1.0,66.0,340.0,<V3_ROOT>/FINAL_EVALUATION_RECORDS.json,RUN_05204|v2,/11396/row,v2,COMPLETED,NONE,<V3_ROOT>/FINAL_RUN_RECORDS.json,RUN_05204,<RESULTS_ROOT>/run_statistics/EVALUATION_CORE_v2_F01.csv,474,0.16370876455605474,0.36123051301082143,0.3220045402437541,8.089647422454789,12.27610934742262,3.3312964026882526,2.933247658474164
RUN_05215,D53_seed_05,go2_prior_metadata,D53,seed_05,F01,single_antenna_EKF,semisynthetic,false,true,COMPLETED,NONE,true,true,56642,56642,5480,66.005054,339.997056,1.0,66.0,340.0,<V3_ROOT>/FINAL_EVALUATION_RECORDS.json,RUN_05215|v2,/11418/row,v2,COMPLETED,NONE,<V3_ROOT>/FINAL_RUN_RECORDS.json,RUN_05215,<RESULTS_ROOT>/run_statistics/EVALUATION_CORE_v2_F01.csv,475,0.16370876455605474,0.36123051301082143,0.3220045402437541,8.089647422454789,12.27610934742262,3.3312964026882526,2.933247658474164
RUN_05226,D53_seed_06,go2_prior_metadata,D53,seed_06,F01,single_antenna_EKF,semisynthetic,false,true,COMPLETED,NONE,true,true,56642,56642,5480,66.005054,339.997056,1.0,66.0,340.0,<V3_ROOT>/FINAL_EVALUATION_RECORDS.json,RUN_05226|v2,/11440/row,v2,COMPLETED,NONE,<V3_ROOT>/FINAL_RUN_RECORDS.json,RUN_05226,<RESULTS_ROOT>/run_statistics/EVALUATION_CORE_v2_F01.csv,476,0.16370876455605474,0.36123051301082143,0.3220045402437541,8.089647422454789,12.27610934742262,3.3312964026882526,2.933247658474164
RUN_05237,D53_seed_07,go2_prior_metadata,D53,seed_07,F01,single_antenna_EKF,semisynthetic,false,true,COMPLETED,NONE,true,true,56642,56642,5480,66.005054,339.997056,1.0,66.0,340.0,<V3_ROOT>/FINAL_EVALUATION_RECORDS.json,RUN_05237|v2,/11462/row,v2,COMPLETED,NONE,<V3_ROOT>/FINAL_RUN_RECORDS.json,RUN_05237,<RESULTS_ROOT>/run_statistics/EVALUATION_CORE_v2_F01.csv,477,0.16370876455605474,0.36123051301082143,0.3220045402437541,8.089647422454789,12.27610934742262,3.3312964026882526,2.933247658474164
RUN_05248,D53_seed_08,go2_prior_metadata,D53,seed_08,F01,single_antenna_EKF,semisynthetic,false,true,COMPLETED,NONE,true,true,56642,56642,5480,66.005054,339.997056,1.0,66.0,340.0,<V3_ROOT>/FINAL_EVALUATION_RECORDS.json,RUN_05248|v2,/11484/row,v2,COMPLETED,NONE,<V3_ROOT>/FINAL_RUN_RECORDS.json,RUN_05248,<RESULTS_ROOT>/run_statistics/EVALUATION_CORE_v2_F01.csv,478,0.16370876455605474,0.36123051301082143,0.3220045402437541,8.089647422454789,12.27610934742262,3.3312964026882526,2.933247658474164
RUN_05259,D54_seed_00,go2_prior_metadata,D54,seed_00,F01,single_antenna_EKF,semisynthetic,false,true,COMPLETED,NONE,true,true,56642,56642,5480,66.005054,339.997056,1.0,66.0,340.0,<V3_ROOT>/FINAL_EVALUATION_RECORDS.json,RUN_05259|v2,/11506/row,v2,COMPLETED,NONE,<V3_ROOT>/FINAL_RUN_RECORDS.json,RUN_05259,<RESULTS_ROOT>/run_statistics/EVALUATION_CORE_v2_F01.csv,479,0.16370876455605474,0.36123051301082143,0.3220045402437541,8.089647422454789,12.27610934742262,3.3312964026882526,2.933247658474164
RUN_05270,D54_seed_01,go2_prior_metadata,D54,seed_01,F01,single_antenna_EKF,semisynthetic,false,true,COMPLETED,NONE,true,true,56642,56642,5480,66.005054,339.997056,1.0,66.0,340.0,<V3_ROOT>/FINAL_EVALUATION_RECORDS.json,RUN_05270|v2,/11528/row,v2,COMPLETED,NONE,<V3_ROOT>/FINAL_RUN_RECORDS.json,RUN_05270,<RESULTS_ROOT>/run_statistics/EVALUATION_CORE_v2_F01.csv,480,0.16370876455605474,0.36123051301082143,0.3220045402437541,8.089647422454789,12.27610934742262,3.3312964026882526,2.933247658474164
RUN_05281,D54_seed_02,go2_prior_metadata,D54,seed_02,F01,single_antenna_EKF,semisynthetic,false,true,COMPLETED,NONE,true,true,56642,56642,5480,66.005054,339.997056,1.0,66.0,340.0,<V3_ROOT>/FINAL_EVALUATION_RECORDS.json,RUN_05281|v2,/11550/row,v2,COMPLETED,NONE,<V3_ROOT>/FINAL_RUN_RECORDS.json,RUN_05281,<RESULTS_ROOT>/run_statistics/EVALUATION_CORE_v2_F01.csv,481,0.16370876455605474,0.36123051301082143,0.3220045402437541,8.089647422454789,12.27610934742262,3.3312964026882526,2.933247658474164
RUN_05292,D54_seed_03,go2_prior_metadata,D54,seed_03,F01,single_antenna_EKF,semisynthetic,false,true,COMPLETED,NONE,true,true,56642,56642,5480,66.005054,339.997056,1.0,66.0,340.0,<V3_ROOT>/FINAL_EVALUATION_RECORDS.json,RUN_05292|v2,/11572/row,v2,COMPLETED,NONE,<V3_ROOT>/FINAL_RUN_RECORDS.json,RUN_05292,<RESULTS_ROOT>/run_statistics/EVALUATION_CORE_v2_F01.csv,482,0.16370876455605474,0.36123051301082143,0.3220045402437541,8.089647422454789,12.27610934742262,3.3312964026882526,2.933247658474164
RUN_05303,D54_seed_04,go2_prior_metadata,D54,seed_04,F01,single_antenna_EKF,semisynthetic,false,true,COMPLETED,NONE,true,true,56642,56642,5480,66.005054,339.997056,1.0,66.0,340.0,<V3_ROOT>/FINAL_EVALUATION_RECORDS.json,RUN_05303|v2,/11594/row,v2,COMPLETED,NONE,<V3_ROOT>/FINAL_RUN_RECORDS.json,RUN_05303,<RESULTS_ROOT>/run_statistics/EVALUATION_CORE_v2_F01.csv,483,0.16370876455605474,0.36123051301082143,0.3220045402437541,8.089647422454789,12.27610934742262,3.3312964026882526,2.933247658474164
RUN_05314,D54_seed_05,go2_prior_metadata,D54,seed_05,F01,single_antenna_EKF,semisynthetic,false,true,COMPLETED,NONE,true,true,56642,56642,5480,66.005054,339.997056,1.0,66.0,340.0,<V3_ROOT>/FINAL_EVALUATION_RECORDS.json,RUN_05314|v2,/11616/row,v2,COMPLETED,NONE,<V3_ROOT>/FINAL_RUN_RECORDS.json,RUN_05314,<RESULTS_ROOT>/run_statistics/EVALUATION_CORE_v2_F01.csv,484,0.16370876455605474,0.36123051301082143,0.3220045402437541,8.089647422454789,12.27610934742262,3.3312964026882526,2.933247658474164
RUN_05325,D54_seed_06,go2_prior_metadata,D54,seed_06,F01,single_antenna_EKF,semisynthetic,false,true,COMPLETED,NONE,true,true,56642,56642,5480,66.005054,339.997056,1.0,66.0,340.0,<V3_ROOT>/FINAL_EVALUATION_RECORDS.json,RUN_05325|v2,/11638/row,v2,COMPLETED,NONE,<V3_ROOT>/FINAL_RUN_RECORDS.json,RUN_05325,<RESULTS_ROOT>/run_statistics/EVALUATION_CORE_v2_F01.csv,485,0.16370876455605474,0.36123051301082143,0.3220045402437541,8.089647422454789,12.27610934742262,3.3312964026882526,2.933247658474164
RUN_05336,D54_seed_07,go2_prior_metadata,D54,seed_07,F01,single_antenna_EKF,semisynthetic,false,true,COMPLETED,NONE,true,true,56642,56642,5480,66.005054,339.997056,1.0,66.0,340.0,<V3_ROOT>/FINAL_EVALUATION_RECORDS.json,RUN_05336|v2,/11660/row,v2,COMPLETED,NONE,<V3_ROOT>/FINAL_RUN_RECORDS.json,RUN_05336,<RESULTS_ROOT>/run_statistics/EVALUATION_CORE_v2_F01.csv,486,0.16370876455605474,0.36123051301082143,0.3220045402437541,8.089647422454789,12.27610934742262,3.3312964026882526,2.933247658474164
RUN_05347,D54_seed_08,go2_prior_metadata,D54,seed_08,F01,single_antenna_EKF,semisynthetic,false,true,COMPLETED,NONE,true,true,56642,56642,5480,66.005054,339.997056,1.0,66.0,340.0,<V3_ROOT>/FINAL_EVALUATION_RECORDS.json,RUN_05347|v2,/11682/row,v2,COMPLETED,NONE,<V3_ROOT>/FINAL_RUN_RECORDS.json,RUN_05347,<RESULTS_ROOT>/run_statistics/EVALUATION_CORE_v2_F01.csv,487,0.16370876455605474,0.36123051301082143,0.3220045402437541,8.089647422454789,12.27610934742262,3.3312964026882526,2.933247658474164
RUN_05358,D55_seed_00,go2_prior_metadata,D55,seed_00,F01,single_antenna_EKF,semisynthetic,false,true,COMPLETED,NONE,true,true,56642,56642,5480,66.005054,339.997056,1.0,66.0,340.0,<V3_ROOT>/FINAL_EVALUATION_RECORDS.json,RUN_05358|v2,/11704/row,v2,COMPLETED,NONE,<V3_ROOT>/FINAL_RUN_RECORDS.json,RUN_05358,<RESULTS_ROOT>/run_statistics/EVALUATION_CORE_v2_F01.csv,488,0.16370876455605474,0.36123051301082143,0.3220045402437541,8.089647422454789,12.27610934742262,3.3312964026882526,2.933247658474164
RUN_05369,D55_seed_01,go2_prior_metadata,D55,seed_01,F01,single_antenna_EKF,semisynthetic,false,true,COMPLETED,NONE,true,true,56642,56642,5480,66.005054,339.997056,1.0,66.0,340.0,<V3_ROOT>/FINAL_EVALUATION_RECORDS.json,RUN_05369|v2,/11726/row,v2,COMPLETED,NONE,<V3_ROOT>/FINAL_RUN_RECORDS.json,RUN_05369,<RESULTS_ROOT>/run_statistics/EVALUATION_CORE_v2_F01.csv,489,0.16370876455605474,0.36123051301082143,0.3220045402437541,8.089647422454789,12.27610934742262,3.3312964026882526,2.933247658474164
RUN_05380,D55_seed_02,go2_prior_metadata,D55,seed_02,F01,single_antenna_EKF,semisynthetic,false,true,COMPLETED,NONE,true,true,56642,56642,5480,66.005054,339.997056,1.0,66.0,340.0,<V3_ROOT>/FINAL_EVALUATION_RECORDS.json,RUN_05380|v2,/11748/row,v2,COMPLETED,NONE,<V3_ROOT>/FINAL_RUN_RECORDS.json,RUN_05380,<RESULTS_ROOT>/run_statistics/EVALUATION_CORE_v2_F01.csv,490,0.16370876455605474,0.36123051301082143,0.3220045402437541,8.089647422454789,12.27610934742262,3.3312964026882526,2.933247658474164
RUN_05391,D55_seed_03,go2_prior_metadata,D55,seed_03,F01,single_antenna_EKF,semisynthetic,false,true,COMPLETED,NONE,true,true,56642,56642,5480,66.005054,339.997056,1.0,66.0,340.0,<V3_ROOT>/FINAL_EVALUATION_RECORDS.json,RUN_05391|v2,/11770/row,v2,COMPLETED,NONE,<V3_ROOT>/FINAL_RUN_RECORDS.json,RUN_05391,<RESULTS_ROOT>/run_statistics/EVALUATION_CORE_v2_F01.csv,491,0.16370876455605474,0.36123051301082143,0.3220045402437541,8.089647422454789,12.27610934742262,3.3312964026882526,2.933247658474164
RUN_05402,D55_seed_04,go2_prior_metadata,D55,seed_04,F01,single_antenna_EKF,semisynthetic,false,true,COMPLETED,NONE,true,true,56642,56642,5480,66.005054,339.997056,1.0,66.0,340.0,<V3_ROOT>/FINAL_EVALUATION_RECORDS.json,RUN_05402|v2,/11792/row,v2,COMPLETED,NONE,<V3_ROOT>/FINAL_RUN_RECORDS.json,RUN_05402,<RESULTS_ROOT>/run_statistics/EVALUATION_CORE_v2_F01.csv,492,0.16370876455605474,0.36123051301082143,0.3220045402437541,8.089647422454789,12.27610934742262,3.3312964026882526,2.933247658474164
RUN_05413,D55_seed_05,go2_prior_metadata,D55,seed_05,F01,single_antenna_EKF,semisynthetic,false,true,COMPLETED,NONE,true,true,56642,56642,5480,66.005054,339.997056,1.0,66.0,340.0,<V3_ROOT>/FINAL_EVALUATION_RECORDS.json,RUN_05413|v2,/11814/row,v2,COMPLETED,NONE,<V3_ROOT>/FINAL_RUN_RECORDS.json,RUN_05413,<RESULTS_ROOT>/run_statistics/EVALUATION_CORE_v2_F01.csv,493,0.16370876455605474,0.36123051301082143,0.3220045402437541,8.089647422454789,12.27610934742262,3.3312964026882526,2.933247658474164
RUN_05424,D55_seed_06,go2_prior_metadata,D55,seed_06,F01,single_antenna_EKF,semisynthetic,false,true,COMPLETED,NONE,true,true,56642,56642,5480,66.005054,339.997056,1.0,66.0,340.0,<V3_ROOT>/FINAL_EVALUATION_RECORDS.json,RUN_05424|v2,/11836/row,v2,COMPLETED,NONE,<V3_ROOT>/FINAL_RUN_RECORDS.json,RUN_05424,<RESULTS_ROOT>/run_statistics/EVALUATION_CORE_v2_F01.csv,494,0.16370876455605474,0.36123051301082143,0.3220045402437541,8.089647422454789,12.27610934742262,3.3312964026882526,2.933247658474164
RUN_05435,D55_seed_07,go2_prior_metadata,D55,seed_07,F01,single_antenna_EKF,semisynthetic,false,true,COMPLETED,NONE,true,true,56642,56642,5480,66.005054,339.997056,1.0,66.0,340.0,<V3_ROOT>/FINAL_EVALUATION_RECORDS.json,RUN_05435|v2,/11858/row,v2,COMPLETED,NONE,<V3_ROOT>/FINAL_RUN_RECORDS.json,RUN_05435,<RESULTS_ROOT>/run_statistics/EVALUATION_CORE_v2_F01.csv,495,0.16370876455605474,0.36123051301082143,0.3220045402437541,8.089647422454789,12.27610934742262,3.3312964026882526,2.933247658474164
RUN_05446,D55_seed_08,go2_prior_metadata,D55,seed_08,F01,single_antenna_EKF,semisynthetic,false,true,COMPLETED,NONE,true,true,56642,56642,5480,66.005054,339.997056,1.0,66.0,340.0,<V3_ROOT>/FINAL_EVALUATION_RECORDS.json,RUN_05446|v2,/11880/row,v2,COMPLETED,NONE,<V3_ROOT>/FINAL_RUN_RECORDS.json,RUN_05446,<RESULTS_ROOT>/run_statistics/EVALUATION_CORE_v2_F01.csv,496,0.16370876455605474,0.36123051301082143,0.3220045402437541,8.089647422454789,12.27610934742262,3.3312964026882526,2.933247658474164
RUN_05457,D56_seed_00,go2_prior_metadata,D56,seed_00,F01,single_antenna_EKF,semisynthetic,false,true,COMPLETED,NONE,true,true,56642,56642,5480,66.005054,339.997056,1.0,66.0,340.0,<V3_ROOT>/FINAL_EVALUATION_RECORDS.json,RUN_05457|v2,/11902/row,v2,COMPLETED,NONE,<V3_ROOT>/FINAL_RUN_RECORDS.json,RUN_05457,<RESULTS_ROOT>/run_statistics/EVALUATION_CORE_v2_F01.csv,497,0.16370876455605474,0.36123051301082143,0.3220045402437541,8.089647422454789,12.27610934742262,3.3312964026882526,2.933247658474164
RUN_05468,D56_seed_01,go2_prior_metadata,D56,seed_01,F01,single_antenna_EKF,semisynthetic,false,true,COMPLETED,NONE,true,true,56642,56642,5480,66.005054,339.997056,1.0,66.0,340.0,<V3_ROOT>/FINAL_EVALUATION_RECORDS.json,RUN_05468|v2,/11924/row,v2,COMPLETED,NONE,<V3_ROOT>/FINAL_RUN_RECORDS.json,RUN_05468,<RESULTS_ROOT>/run_statistics/EVALUATION_CORE_v2_F01.csv,498,0.16370876455605474,0.36123051301082143,0.3220045402437541,8.089647422454789,12.27610934742262,3.3312964026882526,2.933247658474164
RUN_05479,D56_seed_02,go2_prior_metadata,D56,seed_02,F01,single_antenna_EKF,semisynthetic,false,true,COMPLETED,NONE,true,true,56642,56642,5480,66.005054,339.997056,1.0,66.0,340.0,<V3_ROOT>/FINAL_EVALUATION_RECORDS.json,RUN_05479|v2,/11946/row,v2,COMPLETED,NONE,<V3_ROOT>/FINAL_RUN_RECORDS.json,RUN_05479,<RESULTS_ROOT>/run_statistics/EVALUATION_CORE_v2_F01.csv,499,0.16370876455605474,0.36123051301082143,0.3220045402437541,8.089647422454789,12.27610934742262,3.3312964026882526,2.933247658474164
RUN_05490,D56_seed_03,go2_prior_metadata,D56,seed_03,F01,single_antenna_EKF,semisynthetic,false,true,COMPLETED,NONE,true,true,56642,56642,5480,66.005054,339.997056,1.0,66.0,340.0,<V3_ROOT>/FINAL_EVALUATION_RECORDS.json,RUN_05490|v2,/11968/row,v2,COMPLETED,NONE,<V3_ROOT>/FINAL_RUN_RECORDS.json,RUN_05490,<RESULTS_ROOT>/run_statistics/EVALUATION_CORE_v2_F01.csv,500,0.16370876455605474,0.36123051301082143,0.3220045402437541,8.089647422454789,12.27610934742262,3.3312964026882526,2.933247658474164
RUN_05501,D56_seed_04,go2_prior_metadata,D56,seed_04,F01,single_antenna_EKF,semisynthetic,false,true,COMPLETED,NONE,true,true,56642,56642,5480,66.005054,339.997056,1.0,66.0,340.0,<V3_ROOT>/FINAL_EVALUATION_RECORDS.json,RUN_05501|v2,/11990/row,v2,COMPLETED,NONE,<V3_ROOT>/FINAL_RUN_RECORDS.json,RUN_05501,<RESULTS_ROOT>/run_statistics/EVALUATION_CORE_v2_F01.csv,501,0.16370876455605474,0.36123051301082143,0.3220045402437541,8.089647422454789,12.27610934742262,3.3312964026882526,2.933247658474164
RUN_05512,D56_seed_05,go2_prior_metadata,D56,seed_05,F01,single_antenna_EKF,semisynthetic,false,true,COMPLETED,NONE,true,true,56642,56642,5480,66.005054,339.997056,1.0,66.0,340.0,<V3_ROOT>/FINAL_EVALUATION_RECORDS.json,RUN_05512|v2,/12012/row,v2,COMPLETED,NONE,<V3_ROOT>/FINAL_RUN_RECORDS.json,RUN_05512,<RESULTS_ROOT>/run_statistics/EVALUATION_CORE_v2_F01.csv,502,0.16370876455605474,0.36123051301082143,0.3220045402437541,8.089647422454789,12.27610934742262,3.3312964026882526,2.933247658474164
RUN_05523,D56_seed_06,go2_prior_metadata,D56,seed_06,F01,single_antenna_EKF,semisynthetic,false,true,COMPLETED,NONE,true,true,56642,56642,5480,66.005054,339.997056,1.0,66.0,340.0,<V3_ROOT>/FINAL_EVALUATION_RECORDS.json,RUN_05523|v2,/12034/row,v2,COMPLETED,NONE,<V3_ROOT>/FINAL_RUN_RECORDS.json,RUN_05523,<RESULTS_ROOT>/run_statistics/EVALUATION_CORE_v2_F01.csv,503,0.16370876455605474,0.36123051301082143,0.3220045402437541,8.089647422454789,12.27610934742262,3.3312964026882526,2.933247658474164
RUN_05534,D56_seed_07,go2_prior_metadata,D56,seed_07,F01,single_antenna_EKF,semisynthetic,false,true,COMPLETED,NONE,true,true,56642,56642,5480,66.005054,339.997056,1.0,66.0,340.0,<V3_ROOT>/FINAL_EVALUATION_RECORDS.json,RUN_05534|v2,/12056/row,v2,COMPLETED,NONE,<V3_ROOT>/FINAL_RUN_RECORDS.json,RUN_05534,<RESULTS_ROOT>/run_statistics/EVALUATION_CORE_v2_F01.csv,504,0.16370876455605474,0.36123051301082143,0.3220045402437541,8.089647422454789,12.27610934742262,3.3312964026882526,2.933247658474164
RUN_05545,D56_seed_08,go2_prior_metadata,D56,seed_08,F01,single_antenna_EKF,semisynthetic,false,true,COMPLETED,NONE,true,true,56642,56642,5480,66.005054,339.997056,1.0,66.0,340.0,<V3_ROOT>/FINAL_EVALUATION_RECORDS.json,RUN_05545|v2,/12078/row,v2,COMPLETED,NONE,<V3_ROOT>/FINAL_RUN_RECORDS.json,RUN_05545,<RESULTS_ROOT>/run_statistics/EVALUATION_CORE_v2_F01.csv,505,0.16370876455605474,0.36123051301082143,0.3220045402437541,8.089647422454789,12.27610934742262,3.3312964026882526,2.933247658474164
RUN_04963,D51_seed_00,go2_prior_metadata,D51,seed_00,F02,basic_dual_yaw_EKF,semisynthetic,false,true,COMPLETED,NONE,true,true,56642,56642,5480,66.005054,339.997056,1.0,66.0,340.0,<V3_ROOT>/FINAL_EVALUATION_RECORDS.json,RUN_04963|v2,/10914/row,v2,COMPLETED,NONE,<V3_ROOT>/FINAL_RUN_RECORDS.json,RUN_04963,<RESULTS_ROOT>/run_statistics/EVALUATION_CORE_v2_F02.csv,452,0.16196614919278762,0.3609917263911819,0.32261740969536284,2.231952255808013,4.321521988649086,3.3352522481511127,2.9227955239249788
RUN_04974,D51_seed_01,go2_prior_metadata,D51,seed_01,F02,basic_dual_yaw_EKF,semisynthetic,false,true,COMPLETED,NONE,true,true,56642,56642,5480,66.005054,339.997056,1.0,66.0,340.0,<V3_ROOT>/FINAL_EVALUATION_RECORDS.json,RUN_04974|v2,/10936/row,v2,COMPLETED,NONE,<V3_ROOT>/FINAL_RUN_RECORDS.json,RUN_04974,<RESULTS_ROOT>/run_statistics/EVALUATION_CORE_v2_F02.csv,453,0.16196614919278762,0.3609917263911819,0.32261740969536284,2.231952255808013,4.321521988649086,3.3352522481511127,2.9227955239249788
RUN_04985,D51_seed_02,go2_prior_metadata,D51,seed_02,F02,basic_dual_yaw_EKF,semisynthetic,false,true,COMPLETED,NONE,true,true,56642,56642,5480,66.005054,339.997056,1.0,66.0,340.0,<V3_ROOT>/FINAL_EVALUATION_RECORDS.json,RUN_04985|v2,/10958/row,v2,COMPLETED,NONE,<V3_ROOT>/FINAL_RUN_RECORDS.json,RUN_04985,<RESULTS_ROOT>/run_statistics/EVALUATION_CORE_v2_F02.csv,454,0.16196614919278762,0.3609917263911819,0.32261740969536284,2.231952255808013,4.321521988649086,3.3352522481511127,2.9227955239249788
RUN_04996,D51_seed_03,go2_prior_metadata,D51,seed_03,F02,basic_dual_yaw_EKF,semisynthetic,false,true,COMPLETED,NONE,true,true,56642,56642,5480,66.005054,339.997056,1.0,66.0,340.0,<V3_ROOT>/FINAL_EVALUATION_RECORDS.json,RUN_04996|v2,/10980/row,v2,COMPLETED,NONE,<V3_ROOT>/FINAL_RUN_RECORDS.json,RUN_04996,<RESULTS_ROOT>/run_statistics/EVALUATION_CORE_v2_F02.csv,455,0.16196614919278762,0.3609917263911819,0.32261740969536284,2.231952255808013,4.321521988649086,3.3352522481511127,2.9227955239249788
RUN_05007,D51_seed_04,go2_prior_metadata,D51,seed_04,F02,basic_dual_yaw_EKF,semisynthetic,false,true,COMPLETED,NONE,true,true,56642,56642,5480,66.005054,339.997056,1.0,66.0,340.0,<V3_ROOT>/FINAL_EVALUATION_RECORDS.json,RUN_05007|v2,/11002/row,v2,COMPLETED,NONE,<V3_ROOT>/FINAL_RUN_RECORDS.json,RUN_05007,<RESULTS_ROOT>/run_statistics/EVALUATION_CORE_v2_F02.csv,456,0.16196614919278762,0.3609917263911819,0.32261740969536284,2.231952255808013,4.321521988649086,3.3352522481511127,2.9227955239249788
RUN_05018,D51_seed_05,go2_prior_metadata,D51,seed_05,F02,basic_dual_yaw_EKF,semisynthetic,false,true,COMPLETED,NONE,true,true,56642,56642,5480,66.005054,339.997056,1.0,66.0,340.0,<V3_ROOT>/FINAL_EVALUATION_RECORDS.json,RUN_05018|v2,/11024/row,v2,COMPLETED,NONE,<V3_ROOT>/FINAL_RUN_RECORDS.json,RUN_05018,<RESULTS_ROOT>/run_statistics/EVALUATION_CORE_v2_F02.csv,457,0.16196614919278762,0.3609917263911819,0.32261740969536284,2.231952255808013,4.321521988649086,3.3352522481511127,2.9227955239249788
RUN_05029,D51_seed_06,go2_prior_metadata,D51,seed_06,F02,basic_dual_yaw_EKF,semisynthetic,false,true,COMPLETED,NONE,true,true,56642,56642,5480,66.005054,339.997056,1.0,66.0,340.0,<V3_ROOT>/FINAL_EVALUATION_RECORDS.json,RUN_05029|v2,/11046/row,v2,COMPLETED,NONE,<V3_ROOT>/FINAL_RUN_RECORDS.json,RUN_05029,<RESULTS_ROOT>/run_statistics/EVALUATION_CORE_v2_F02.csv,458,0.16196614919278762,0.3609917263911819,0.32261740969536284,2.231952255808013,4.321521988649086,3.3352522481511127,2.9227955239249788
RUN_05040,D51_seed_07,go2_prior_metadata,D51,seed_07,F02,basic_dual_yaw_EKF,semisynthetic,false,true,COMPLETED,NONE,true,true,56642,56642,5480,66.005054,339.997056,1.0,66.0,340.0,<V3_ROOT>/FINAL_EVALUATION_RECORDS.json,RUN_05040|v2,/11068/row,v2,COMPLETED,NONE,<V3_ROOT>/FINAL_RUN_RECORDS.json,RUN_05040,<RESULTS_ROOT>/run_statistics/EVALUATION_CORE_v2_F02.csv,459,0.16196614919278762,0.3609917263911819,0.32261740969536284,2.231952255808013,4.321521988649086,3.3352522481511127,2.9227955239249788
RUN_05051,D51_seed_08,go2_prior_metadata,D51,seed_08,F02,basic_dual_yaw_EKF,semisynthetic,false,true,COMPLETED,NONE,true,true,56642,56642,5480,66.005054,339.997056,1.0,66.0,340.0,<V3_ROOT>/FINAL_EVALUATION_RECORDS.json,RUN_05051|v2,/11090/row,v2,COMPLETED,NONE,<V3_ROOT>/FINAL_RUN_RECORDS.json,RUN_05051,<RESULTS_ROOT>/run_statistics/EVALUATION_CORE_v2_F02.csv,460,0.16196614919278762,0.3609917263911819,0.32261740969536284,2.231952255808013,4.321521988649086,3.3352522481511127,2.9227955239249788
RUN_05062,D52_seed_00,go2_prior_metadata,D52,seed_00,F02,basic_dual_yaw_EKF,semisynthetic,false,true,COMPLETED,NONE,true,true,56642,56642,5480,66.005054,339.997056,1.0,66.0,340.0,<V3_ROOT>/FINAL_EVALUATION_RECORDS.json,RUN_05062|v2,/11112/row,v2,COMPLETED,NONE,<V3_ROOT>/FINAL_RUN_RECORDS.json,RUN_05062,<RESULTS_ROOT>/run_statistics/EVALUATION_CORE_v2_F02.csv,461,0.16196614919278762,0.3609917263911819,0.32261740969536284,2.231952255808013,4.321521988649086,3.3352522481511127,2.9227955239249788
RUN_05073,D52_seed_01,go2_prior_metadata,D52,seed_01,F02,basic_dual_yaw_EKF,semisynthetic,false,true,COMPLETED,NONE,true,true,56642,56642,5480,66.005054,339.997056,1.0,66.0,340.0,<V3_ROOT>/FINAL_EVALUATION_RECORDS.json,RUN_05073|v2,/11134/row,v2,COMPLETED,NONE,<V3_ROOT>/FINAL_RUN_RECORDS.json,RUN_05073,<RESULTS_ROOT>/run_statistics/EVALUATION_CORE_v2_F02.csv,462,0.16196614919278762,0.3609917263911819,0.32261740969536284,2.231952255808013,4.321521988649086,3.3352522481511127,2.9227955239249788
RUN_05084,D52_seed_02,go2_prior_metadata,D52,seed_02,F02,basic_dual_yaw_EKF,semisynthetic,false,true,COMPLETED,NONE,true,true,56642,56642,5480,66.005054,339.997056,1.0,66.0,340.0,<V3_ROOT>/FINAL_EVALUATION_RECORDS.json,RUN_05084|v2,/11156/row,v2,COMPLETED,NONE,<V3_ROOT>/FINAL_RUN_RECORDS.json,RUN_05084,<RESULTS_ROOT>/run_statistics/EVALUATION_CORE_v2_F02.csv,463,0.16196614919278762,0.3609917263911819,0.32261740969536284,2.231952255808013,4.321521988649086,3.3352522481511127,2.9227955239249788
RUN_05095,D52_seed_03,go2_prior_metadata,D52,seed_03,F02,basic_dual_yaw_EKF,semisynthetic,false,true,COMPLETED,NONE,true,true,56642,56642,5480,66.005054,339.997056,1.0,66.0,340.0,<V3_ROOT>/FINAL_EVALUATION_RECORDS.json,RUN_05095|v2,/11178/row,v2,COMPLETED,NONE,<V3_ROOT>/FINAL_RUN_RECORDS.json,RUN_05095,<RESULTS_ROOT>/run_statistics/EVALUATION_CORE_v2_F02.csv,464,0.16196614919278762,0.3609917263911819,0.32261740969536284,2.231952255808013,4.321521988649086,3.3352522481511127,2.9227955239249788
RUN_05106,D52_seed_04,go2_prior_metadata,D52,seed_04,F02,basic_dual_yaw_EKF,semisynthetic,false,true,COMPLETED,NONE,true,true,56642,56642,5480,66.005054,339.997056,1.0,66.0,340.0,<V3_ROOT>/FINAL_EVALUATION_RECORDS.json,RUN_05106|v2,/11200/row,v2,COMPLETED,NONE,<V3_ROOT>/FINAL_RUN_RECORDS.json,RUN_05106,<RESULTS_ROOT>/run_statistics/EVALUATION_CORE_v2_F02.csv,465,0.16196614919278762,0.3609917263911819,0.32261740969536284,2.231952255808013,4.321521988649086,3.3352522481511127,2.9227955239249788
RUN_05117,D52_seed_05,go2_prior_metadata,D52,seed_05,F02,basic_dual_yaw_EKF,semisynthetic,false,true,COMPLETED,NONE,true,true,56642,56642,5480,66.005054,339.997056,1.0,66.0,340.0,<V3_ROOT>/FINAL_EVALUATION_RECORDS.json,RUN_05117|v2,/11222/row,v2,COMPLETED,NONE,<V3_ROOT>/FINAL_RUN_RECORDS.json,RUN_05117,<RESULTS_ROOT>/run_statistics/EVALUATION_CORE_v2_F02.csv,466,0.16196614919278762,0.3609917263911819,0.32261740969536284,2.231952255808013,4.321521988649086,3.3352522481511127,2.9227955239249788
RUN_05128,D52_seed_06,go2_prior_metadata,D52,seed_06,F02,basic_dual_yaw_EKF,semisynthetic,false,true,COMPLETED,NONE,true,true,56642,56642,5480,66.005054,339.997056,1.0,66.0,340.0,<V3_ROOT>/FINAL_EVALUATION_RECORDS.json,RUN_05128|v2,/11244/row,v2,COMPLETED,NONE,<V3_ROOT>/FINAL_RUN_RECORDS.json,RUN_05128,<RESULTS_ROOT>/run_statistics/EVALUATION_CORE_v2_F02.csv,467,0.16196614919278762,0.3609917263911819,0.32261740969536284,2.231952255808013,4.321521988649086,3.3352522481511127,2.9227955239249788
RUN_05139,D52_seed_07,go2_prior_metadata,D52,seed_07,F02,basic_dual_yaw_EKF,semisynthetic,false,true,COMPLETED,NONE,true,true,56642,56642,5480,66.005054,339.997056,1.0,66.0,340.0,<V3_ROOT>/FINAL_EVALUATION_RECORDS.json,RUN_05139|v2,/11266/row,v2,COMPLETED,NONE,<V3_ROOT>/FINAL_RUN_RECORDS.json,RUN_05139,<RESULTS_ROOT>/run_statistics/EVALUATION_CORE_v2_F02.csv,468,0.16196614919278762,0.3609917263911819,0.32261740969536284,2.231952255808013,4.321521988649086,3.3352522481511127,2.9227955239249788
RUN_05150,D52_seed_08,go2_prior_metadata,D52,seed_08,F02,basic_dual_yaw_EKF,semisynthetic,false,true,COMPLETED,NONE,true,true,56642,56642,5480,66.005054,339.997056,1.0,66.0,340.0,<V3_ROOT>/FINAL_EVALUATION_RECORDS.json,RUN_05150|v2,/11288/row,v2,COMPLETED,NONE,<V3_ROOT>/FINAL_RUN_RECORDS.json,RUN_05150,<RESULTS_ROOT>/run_statistics/EVALUATION_CORE_v2_F02.csv,469,0.16196614919278762,0.3609917263911819,0.32261740969536284,2.231952255808013,4.321521988649086,3.3352522481511127,2.9227955239249788
RUN_05161,D53_seed_00,go2_prior_metadata,D53,seed_00,F02,basic_dual_yaw_EKF,semisynthetic,false,true,COMPLETED,NONE,true,true,56642,56642,5480,66.005054,339.997056,1.0,66.0,340.0,<V3_ROOT>/FINAL_EVALUATION_RECORDS.json,RUN_05161|v2,/11310/row,v2,COMPLETED,NONE,<V3_ROOT>/FINAL_RUN_RECORDS.json,RUN_05161,<RESULTS_ROOT>/run_statistics/EVALUATION_CORE_v2_F02.csv,470,0.16196614919278762,0.3609917263911819,0.32261740969536284,2.231952255808013,4.321521988649086,3.3352522481511127,2.9227955239249788
RUN_05172,D53_seed_01,go2_prior_metadata,D53,seed_01,F02,basic_dual_yaw_EKF,semisynthetic,false,true,COMPLETED,NONE,true,true,56642,56642,5480,66.005054,339.997056,1.0,66.0,340.0,<V3_ROOT>/FINAL_EVALUATION_RECORDS.json,RUN_05172|v2,/11332/row,v2,COMPLETED,NONE,<V3_ROOT>/FINAL_RUN_RECORDS.json,RUN_05172,<RESULTS_ROOT>/run_statistics/EVALUATION_CORE_v2_F02.csv,471,0.16196614919278762,0.3609917263911819,0.32261740969536284,2.231952255808013,4.321521988649086,3.3352522481511127,2.9227955239249788
RUN_05183,D53_seed_02,go2_prior_metadata,D53,seed_02,F02,basic_dual_yaw_EKF,semisynthetic,false,true,COMPLETED,NONE,true,true,56642,56642,5480,66.005054,339.997056,1.0,66.0,340.0,<V3_ROOT>/FINAL_EVALUATION_RECORDS.json,RUN_05183|v2,/11354/row,v2,COMPLETED,NONE,<V3_ROOT>/FINAL_RUN_RECORDS.json,RUN_05183,<RESULTS_ROOT>/run_statistics/EVALUATION_CORE_v2_F02.csv,472,0.16196614919278762,0.3609917263911819,0.32261740969536284,2.231952255808013,4.321521988649086,3.3352522481511127,2.9227955239249788
RUN_05194,D53_seed_03,go2_prior_metadata,D53,seed_03,F02,basic_dual_yaw_EKF,semisynthetic,false,true,COMPLETED,NONE,true,true,56642,56642,5480,66.005054,339.997056,1.0,66.0,340.0,<V3_ROOT>/FINAL_EVALUATION_RECORDS.json,RUN_05194|v2,/11376/row,v2,COMPLETED,NONE,<V3_ROOT>/FINAL_RUN_RECORDS.json,RUN_05194,<RESULTS_ROOT>/run_statistics/EVALUATION_CORE_v2_F02.csv,473,0.16196614919278762,0.3609917263911819,0.32261740969536284,2.231952255808013,4.321521988649086,3.3352522481511127,2.9227955239249788
RUN_05205,D53_seed_04,go2_prior_metadata,D53,seed_04,F02,basic_dual_yaw_EKF,semisynthetic,false,true,COMPLETED,NONE,true,true,56642,56642,5480,66.005054,339.997056,1.0,66.0,340.0,<V3_ROOT>/FINAL_EVALUATION_RECORDS.json,RUN_05205|v2,/11398/row,v2,COMPLETED,NONE,<V3_ROOT>/FINAL_RUN_RECORDS.json,RUN_05205,<RESULTS_ROOT>/run_statistics/EVALUATION_CORE_v2_F02.csv,474,0.16196614919278762,0.3609917263911819,0.32261740969536284,2.231952255808013,4.321521988649086,3.3352522481511127,2.9227955239249788
RUN_05216,D53_seed_05,go2_prior_metadata,D53,seed_05,F02,basic_dual_yaw_EKF,semisynthetic,false,true,COMPLETED,NONE,true,true,56642,56642,5480,66.005054,339.997056,1.0,66.0,340.0,<V3_ROOT>/FINAL_EVALUATION_RECORDS.json,RUN_05216|v2,/11420/row,v2,COMPLETED,NONE,<V3_ROOT>/FINAL_RUN_RECORDS.json,RUN_05216,<RESULTS_ROOT>/run_statistics/EVALUATION_CORE_v2_F02.csv,475,0.16196614919278762,0.3609917263911819,0.32261740969536284,2.231952255808013,4.321521988649086,3.3352522481511127,2.9227955239249788
RUN_05227,D53_seed_06,go2_prior_metadata,D53,seed_06,F02,basic_dual_yaw_EKF,semisynthetic,false,true,COMPLETED,NONE,true,true,56642,56642,5480,66.005054,339.997056,1.0,66.0,340.0,<V3_ROOT>/FINAL_EVALUATION_RECORDS.json,RUN_05227|v2,/11442/row,v2,COMPLETED,NONE,<V3_ROOT>/FINAL_RUN_RECORDS.json,RUN_05227,<RESULTS_ROOT>/run_statistics/EVALUATION_CORE_v2_F02.csv,476,0.16196614919278762,0.3609917263911819,0.32261740969536284,2.231952255808013,4.321521988649086,3.3352522481511127,2.9227955239249788
RUN_05238,D53_seed_07,go2_prior_metadata,D53,seed_07,F02,basic_dual_yaw_EKF,semisynthetic,false,true,COMPLETED,NONE,true,true,56642,56642,5480,66.005054,339.997056,1.0,66.0,340.0,<V3_ROOT>/FINAL_EVALUATION_RECORDS.json,RUN_05238|v2,/11464/row,v2,COMPLETED,NONE,<V3_ROOT>/FINAL_RUN_RECORDS.json,RUN_05238,<RESULTS_ROOT>/run_statistics/EVALUATION_CORE_v2_F02.csv,477,0.16196614919278762,0.3609917263911819,0.32261740969536284,2.231952255808013,4.321521988649086,3.3352522481511127,2.9227955239249788
RUN_05249,D53_seed_08,go2_prior_metadata,D53,seed_08,F02,basic_dual_yaw_EKF,semisynthetic,false,true,COMPLETED,NONE,true,true,56642,56642,5480,66.005054,339.997056,1.0,66.0,340.0,<V3_ROOT>/FINAL_EVALUATION_RECORDS.json,RUN_05249|v2,/11486/row,v2,COMPLETED,NONE,<V3_ROOT>/FINAL_RUN_RECORDS.json,RUN_05249,<RESULTS_ROOT>/run_statistics/EVALUATION_CORE_v2_F02.csv,478,0.16196614919278762,0.3609917263911819,0.32261740969536284,2.231952255808013,4.321521988649086,3.3352522481511127,2.9227955239249788
RUN_05260,D54_seed_00,go2_prior_metadata,D54,seed_00,F02,basic_dual_yaw_EKF,semisynthetic,false,true,COMPLETED,NONE,true,true,56642,56642,5480,66.005054,339.997056,1.0,66.0,340.0,<V3_ROOT>/FINAL_EVALUATION_RECORDS.json,RUN_05260|v2,/11508/row,v2,COMPLETED,NONE,<V3_ROOT>/FINAL_RUN_RECORDS.json,RUN_05260,<RESULTS_ROOT>/run_statistics/EVALUATION_CORE_v2_F02.csv,479,0.16196614919278762,0.3609917263911819,0.32261740969536284,2.231952255808013,4.321521988649086,3.3352522481511127,2.9227955239249788
RUN_05271,D54_seed_01,go2_prior_metadata,D54,seed_01,F02,basic_dual_yaw_EKF,semisynthetic,false,true,COMPLETED,NONE,true,true,56642,56642,5480,66.005054,339.997056,1.0,66.0,340.0,<V3_ROOT>/FINAL_EVALUATION_RECORDS.json,RUN_05271|v2,/11530/row,v2,COMPLETED,NONE,<V3_ROOT>/FINAL_RUN_RECORDS.json,RUN_05271,<RESULTS_ROOT>/run_statistics/EVALUATION_CORE_v2_F02.csv,480,0.16196614919278762,0.3609917263911819,0.32261740969536284,2.231952255808013,4.321521988649086,3.3352522481511127,2.9227955239249788
RUN_05282,D54_seed_02,go2_prior_metadata,D54,seed_02,F02,basic_dual_yaw_EKF,semisynthetic,false,true,COMPLETED,NONE,true,true,56642,56642,5480,66.005054,339.997056,1.0,66.0,340.0,<V3_ROOT>/FINAL_EVALUATION_RECORDS.json,RUN_05282|v2,/11552/row,v2,COMPLETED,NONE,<V3_ROOT>/FINAL_RUN_RECORDS.json,RUN_05282,<RESULTS_ROOT>/run_statistics/EVALUATION_CORE_v2_F02.csv,481,0.16196614919278762,0.3609917263911819,0.32261740969536284,2.231952255808013,4.321521988649086,3.3352522481511127,2.9227955239249788
RUN_05293,D54_seed_03,go2_prior_metadata,D54,seed_03,F02,basic_dual_yaw_EKF,semisynthetic,false,true,COMPLETED,NONE,true,true,56642,56642,5480,66.005054,339.997056,1.0,66.0,340.0,<V3_ROOT>/FINAL_EVALUATION_RECORDS.json,RUN_05293|v2,/11574/row,v2,COMPLETED,NONE,<V3_ROOT>/FINAL_RUN_RECORDS.json,RUN_05293,<RESULTS_ROOT>/run_statistics/EVALUATION_CORE_v2_F02.csv,482,0.16196614919278762,0.3609917263911819,0.32261740969536284,2.231952255808013,4.321521988649086,3.3352522481511127,2.9227955239249788
RUN_05304,D54_seed_04,go2_prior_metadata,D54,seed_04,F02,basic_dual_yaw_EKF,semisynthetic,false,true,COMPLETED,NONE,true,true,56642,56642,5480,66.005054,339.997056,1.0,66.0,340.0,<V3_ROOT>/FINAL_EVALUATION_RECORDS.json,RUN_05304|v2,/11596/row,v2,COMPLETED,NONE,<V3_ROOT>/FINAL_RUN_RECORDS.json,RUN_05304,<RESULTS_ROOT>/run_statistics/EVALUATION_CORE_v2_F02.csv,483,0.16196614919278762,0.3609917263911819,0.32261740969536284,2.231952255808013,4.321521988649086,3.3352522481511127,2.9227955239249788
RUN_05315,D54_seed_05,go2_prior_metadata,D54,seed_05,F02,basic_dual_yaw_EKF,semisynthetic,false,true,COMPLETED,NONE,true,true,56642,56642,5480,66.005054,339.997056,1.0,66.0,340.0,<V3_ROOT>/FINAL_EVALUATION_RECORDS.json,RUN_05315|v2,/11618/row,v2,COMPLETED,NONE,<V3_ROOT>/FINAL_RUN_RECORDS.json,RUN_05315,<RESULTS_ROOT>/run_statistics/EVALUATION_CORE_v2_F02.csv,484,0.16196614919278762,0.3609917263911819,0.32261740969536284,2.231952255808013,4.321521988649086,3.3352522481511127,2.9227955239249788
RUN_05326,D54_seed_06,go2_prior_metadata,D54,seed_06,F02,basic_dual_yaw_EKF,semisynthetic,false,true,COMPLETED,NONE,true,true,56642,56642,5480,66.005054,339.997056,1.0,66.0,340.0,<V3_ROOT>/FINAL_EVALUATION_RECORDS.json,RUN_05326|v2,/11640/row,v2,COMPLETED,NONE,<V3_ROOT>/FINAL_RUN_RECORDS.json,RUN_05326,<RESULTS_ROOT>/run_statistics/EVALUATION_CORE_v2_F02.csv,485,0.16196614919278762,0.3609917263911819,0.32261740969536284,2.231952255808013,4.321521988649086,3.3352522481511127,2.9227955239249788
RUN_05337,D54_seed_07,go2_prior_metadata,D54,seed_07,F02,basic_dual_yaw_EKF,semisynthetic,false,true,COMPLETED,NONE,true,true,56642,56642,5480,66.005054,339.997056,1.0,66.0,340.0,<V3_ROOT>/FINAL_EVALUATION_RECORDS.json,RUN_05337|v2,/11662/row,v2,COMPLETED,NONE,<V3_ROOT>/FINAL_RUN_RECORDS.json,RUN_05337,<RESULTS_ROOT>/run_statistics/EVALUATION_CORE_v2_F02.csv,486,0.16196614919278762,0.3609917263911819,0.32261740969536284,2.231952255808013,4.321521988649086,3.3352522481511127,2.9227955239249788
RUN_05348,D54_seed_08,go2_prior_metadata,D54,seed_08,F02,basic_dual_yaw_EKF,semisynthetic,false,true,COMPLETED,NONE,true,true,56642,56642,5480,66.005054,339.997056,1.0,66.0,340.0,<V3_ROOT>/FINAL_EVALUATION_RECORDS.json,RUN_05348|v2,/11684/row,v2,COMPLETED,NONE,<V3_ROOT>/FINAL_RUN_RECORDS.json,RUN_05348,<RESULTS_ROOT>/run_statistics/EVALUATION_CORE_v2_F02.csv,487,0.16196614919278762,0.3609917263911819,0.32261740969536284,2.231952255808013,4.321521988649086,3.3352522481511127,2.9227955239249788
RUN_05359,D55_seed_00,go2_prior_metadata,D55,seed_00,F02,basic_dual_yaw_EKF,semisynthetic,false,true,COMPLETED,NONE,true,true,56642,56642,5480,66.005054,339.997056,1.0,66.0,340.0,<V3_ROOT>/FINAL_EVALUATION_RECORDS.json,RUN_05359|v2,/11706/row,v2,COMPLETED,NONE,<V3_ROOT>/FINAL_RUN_RECORDS.json,RUN_05359,<RESULTS_ROOT>/run_statistics/EVALUATION_CORE_v2_F02.csv,488,0.16196614919278762,0.3609917263911819,0.32261740969536284,2.231952255808013,4.321521988649086,3.3352522481511127,2.9227955239249788
RUN_05370,D55_seed_01,go2_prior_metadata,D55,seed_01,F02,basic_dual_yaw_EKF,semisynthetic,false,true,COMPLETED,NONE,true,true,56642,56642,5480,66.005054,339.997056,1.0,66.0,340.0,<V3_ROOT>/FINAL_EVALUATION_RECORDS.json,RUN_05370|v2,/11728/row,v2,COMPLETED,NONE,<V3_ROOT>/FINAL_RUN_RECORDS.json,RUN_05370,<RESULTS_ROOT>/run_statistics/EVALUATION_CORE_v2_F02.csv,489,0.16196614919278762,0.3609917263911819,0.32261740969536284,2.231952255808013,4.321521988649086,3.3352522481511127,2.9227955239249788
RUN_05381,D55_seed_02,go2_prior_metadata,D55,seed_02,F02,basic_dual_yaw_EKF,semisynthetic,false,true,COMPLETED,NONE,true,true,56642,56642,5480,66.005054,339.997056,1.0,66.0,340.0,<V3_ROOT>/FINAL_EVALUATION_RECORDS.json,RUN_05381|v2,/11750/row,v2,COMPLETED,NONE,<V3_ROOT>/FINAL_RUN_RECORDS.json,RUN_05381,<RESULTS_ROOT>/run_statistics/EVALUATION_CORE_v2_F02.csv,490,0.16196614919278762,0.3609917263911819,0.32261740969536284,2.231952255808013,4.321521988649086,3.3352522481511127,2.9227955239249788
RUN_05392,D55_seed_03,go2_prior_metadata,D55,seed_03,F02,basic_dual_yaw_EKF,semisynthetic,false,true,COMPLETED,NONE,true,true,56642,56642,5480,66.005054,339.997056,1.0,66.0,340.0,<V3_ROOT>/FINAL_EVALUATION_RECORDS.json,RUN_05392|v2,/11772/row,v2,COMPLETED,NONE,<V3_ROOT>/FINAL_RUN_RECORDS.json,RUN_05392,<RESULTS_ROOT>/run_statistics/EVALUATION_CORE_v2_F02.csv,491,0.16196614919278762,0.3609917263911819,0.32261740969536284,2.231952255808013,4.321521988649086,3.3352522481511127,2.9227955239249788
RUN_05403,D55_seed_04,go2_prior_metadata,D55,seed_04,F02,basic_dual_yaw_EKF,semisynthetic,false,true,COMPLETED,NONE,true,true,56642,56642,5480,66.005054,339.997056,1.0,66.0,340.0,<V3_ROOT>/FINAL_EVALUATION_RECORDS.json,RUN_05403|v2,/11794/row,v2,COMPLETED,NONE,<V3_ROOT>/FINAL_RUN_RECORDS.json,RUN_05403,<RESULTS_ROOT>/run_statistics/EVALUATION_CORE_v2_F02.csv,492,0.16196614919278762,0.3609917263911819,0.32261740969536284,2.231952255808013,4.321521988649086,3.3352522481511127,2.9227955239249788
RUN_05414,D55_seed_05,go2_prior_metadata,D55,seed_05,F02,basic_dual_yaw_EKF,semisynthetic,false,true,COMPLETED,NONE,true,true,56642,56642,5480,66.005054,339.997056,1.0,66.0,340.0,<V3_ROOT>/FINAL_EVALUATION_RECORDS.json,RUN_05414|v2,/11816/row,v2,COMPLETED,NONE,<V3_ROOT>/FINAL_RUN_RECORDS.json,RUN_05414,<RESULTS_ROOT>/run_statistics/EVALUATION_CORE_v2_F02.csv,493,0.16196614919278762,0.3609917263911819,0.32261740969536284,2.231952255808013,4.321521988649086,3.3352522481511127,2.9227955239249788
RUN_05425,D55_seed_06,go2_prior_metadata,D55,seed_06,F02,basic_dual_yaw_EKF,semisynthetic,false,true,COMPLETED,NONE,true,true,56642,56642,5480,66.005054,339.997056,1.0,66.0,340.0,<V3_ROOT>/FINAL_EVALUATION_RECORDS.json,RUN_05425|v2,/11838/row,v2,COMPLETED,NONE,<V3_ROOT>/FINAL_RUN_RECORDS.json,RUN_05425,<RESULTS_ROOT>/run_statistics/EVALUATION_CORE_v2_F02.csv,494,0.16196614919278762,0.3609917263911819,0.32261740969536284,2.231952255808013,4.321521988649086,3.3352522481511127,2.9227955239249788
RUN_05436,D55_seed_07,go2_prior_metadata,D55,seed_07,F02,basic_dual_yaw_EKF,semisynthetic,false,true,COMPLETED,NONE,true,true,56642,56642,5480,66.005054,339.997056,1.0,66.0,340.0,<V3_ROOT>/FINAL_EVALUATION_RECORDS.json,RUN_05436|v2,/11860/row,v2,COMPLETED,NONE,<V3_ROOT>/FINAL_RUN_RECORDS.json,RUN_05436,<RESULTS_ROOT>/run_statistics/EVALUATION_CORE_v2_F02.csv,495,0.16196614919278762,0.3609917263911819,0.32261740969536284,2.231952255808013,4.321521988649086,3.3352522481511127,2.9227955239249788
RUN_05447,D55_seed_08,go2_prior_metadata,D55,seed_08,F02,basic_dual_yaw_EKF,semisynthetic,false,true,COMPLETED,NONE,true,true,56642,56642,5480,66.005054,339.997056,1.0,66.0,340.0,<V3_ROOT>/FINAL_EVALUATION_RECORDS.json,RUN_05447|v2,/11882/row,v2,COMPLETED,NONE,<V3_ROOT>/FINAL_RUN_RECORDS.json,RUN_05447,<RESULTS_ROOT>/run_statistics/EVALUATION_CORE_v2_F02.csv,496,0.16196614919278762,0.3609917263911819,0.32261740969536284,2.231952255808013,4.321521988649086,3.3352522481511127,2.9227955239249788
RUN_05458,D56_seed_00,go2_prior_metadata,D56,seed_00,F02,basic_dual_yaw_EKF,semisynthetic,false,true,COMPLETED,NONE,true,true,56642,56642,5480,66.005054,339.997056,1.0,66.0,340.0,<V3_ROOT>/FINAL_EVALUATION_RECORDS.json,RUN_05458|v2,/11904/row,v2,COMPLETED,NONE,<V3_ROOT>/FINAL_RUN_RECORDS.json,RUN_05458,<RESULTS_ROOT>/run_statistics/EVALUATION_CORE_v2_F02.csv,497,0.16196614919278762,0.3609917263911819,0.32261740969536284,2.231952255808013,4.321521988649086,3.3352522481511127,2.9227955239249788
RUN_05469,D56_seed_01,go2_prior_metadata,D56,seed_01,F02,basic_dual_yaw_EKF,semisynthetic,false,true,COMPLETED,NONE,true,true,56642,56642,5480,66.005054,339.997056,1.0,66.0,340.0,<V3_ROOT>/FINAL_EVALUATION_RECORDS.json,RUN_05469|v2,/11926/row,v2,COMPLETED,NONE,<V3_ROOT>/FINAL_RUN_RECORDS.json,RUN_05469,<RESULTS_ROOT>/run_statistics/EVALUATION_CORE_v2_F02.csv,498,0.16196614919278762,0.3609917263911819,0.32261740969536284,2.231952255808013,4.321521988649086,3.3352522481511127,2.9227955239249788
RUN_05480,D56_seed_02,go2_prior_metadata,D56,seed_02,F02,basic_dual_yaw_EKF,semisynthetic,false,true,COMPLETED,NONE,true,true,56642,56642,5480,66.005054,339.997056,1.0,66.0,340.0,<V3_ROOT>/FINAL_EVALUATION_RECORDS.json,RUN_05480|v2,/11948/row,v2,COMPLETED,NONE,<V3_ROOT>/FINAL_RUN_RECORDS.json,RUN_05480,<RESULTS_ROOT>/run_statistics/EVALUATION_CORE_v2_F02.csv,499,0.16196614919278762,0.3609917263911819,0.32261740969536284,2.231952255808013,4.321521988649086,3.3352522481511127,2.9227955239249788
RUN_05491,D56_seed_03,go2_prior_metadata,D56,seed_03,F02,basic_dual_yaw_EKF,semisynthetic,false,true,COMPLETED,NONE,true,true,56642,56642,5480,66.005054,339.997056,1.0,66.0,340.0,<V3_ROOT>/FINAL_EVALUATION_RECORDS.json,RUN_05491|v2,/11970/row,v2,COMPLETED,NONE,<V3_ROOT>/FINAL_RUN_RECORDS.json,RUN_05491,<RESULTS_ROOT>/run_statistics/EVALUATION_CORE_v2_F02.csv,500,0.16196614919278762,0.3609917263911819,0.32261740969536284,2.231952255808013,4.321521988649086,3.3352522481511127,2.9227955239249788
RUN_05502,D56_seed_04,go2_prior_metadata,D56,seed_04,F02,basic_dual_yaw_EKF,semisynthetic,false,true,COMPLETED,NONE,true,true,56642,56642,5480,66.005054,339.997056,1.0,66.0,340.0,<V3_ROOT>/FINAL_EVALUATION_RECORDS.json,RUN_05502|v2,/11992/row,v2,COMPLETED,NONE,<V3_ROOT>/FINAL_RUN_RECORDS.json,RUN_05502,<RESULTS_ROOT>/run_statistics/EVALUATION_CORE_v2_F02.csv,501,0.16196614919278762,0.3609917263911819,0.32261740969536284,2.231952255808013,4.321521988649086,3.3352522481511127,2.9227955239249788
RUN_05513,D56_seed_05,go2_prior_metadata,D56,seed_05,F02,basic_dual_yaw_EKF,semisynthetic,false,true,COMPLETED,NONE,true,true,56642,56642,5480,66.005054,339.997056,1.0,66.0,340.0,<V3_ROOT>/FINAL_EVALUATION_RECORDS.json,RUN_05513|v2,/12014/row,v2,COMPLETED,NONE,<V3_ROOT>/FINAL_RUN_RECORDS.json,RUN_05513,<RESULTS_ROOT>/run_statistics/EVALUATION_CORE_v2_F02.csv,502,0.16196614919278762,0.3609917263911819,0.32261740969536284,2.231952255808013,4.321521988649086,3.3352522481511127,2.9227955239249788
RUN_05524,D56_seed_06,go2_prior_metadata,D56,seed_06,F02,basic_dual_yaw_EKF,semisynthetic,false,true,COMPLETED,NONE,true,true,56642,56642,5480,66.005054,339.997056,1.0,66.0,340.0,<V3_ROOT>/FINAL_EVALUATION_RECORDS.json,RUN_05524|v2,/12036/row,v2,COMPLETED,NONE,<V3_ROOT>/FINAL_RUN_RECORDS.json,RUN_05524,<RESULTS_ROOT>/run_statistics/EVALUATION_CORE_v2_F02.csv,503,0.16196614919278762,0.3609917263911819,0.32261740969536284,2.231952255808013,4.321521988649086,3.3352522481511127,2.9227955239249788
RUN_05535,D56_seed_07,go2_prior_metadata,D56,seed_07,F02,basic_dual_yaw_EKF,semisynthetic,false,true,COMPLETED,NONE,true,true,56642,56642,5480,66.005054,339.997056,1.0,66.0,340.0,<V3_ROOT>/FINAL_EVALUATION_RECORDS.json,RUN_05535|v2,/12058/row,v2,COMPLETED,NONE,<V3_ROOT>/FINAL_RUN_RECORDS.json,RUN_05535,<RESULTS_ROOT>/run_statistics/EVALUATION_CORE_v2_F02.csv,504,0.16196614919278762,0.3609917263911819,0.32261740969536284,2.231952255808013,4.321521988649086,3.3352522481511127,2.9227955239249788
RUN_05546,D56_seed_08,go2_prior_metadata,D56,seed_08,F02,basic_dual_yaw_EKF,semisynthetic,false,true,COMPLETED,NONE,true,true,56642,56642,5480,66.005054,339.997056,1.0,66.0,340.0,<V3_ROOT>/FINAL_EVALUATION_RECORDS.json,RUN_05546|v2,/12080/row,v2,COMPLETED,NONE,<V3_ROOT>/FINAL_RUN_RECORDS.json,RUN_05546,<RESULTS_ROOT>/run_statistics/EVALUATION_CORE_v2_F02.csv,505,0.16196614919278762,0.3609917263911819,0.32261740969536284,2.231952255808013,4.321521988649086,3.3352522481511127,2.9227955239249788
RUN_04964,D51_seed_00,go2_prior_metadata,D51,seed_00,F03,AB0000,semisynthetic,false,true,COMPLETED,NONE,true,true,56642,56642,5480,66.005054,339.997056,1.0,66.0,340.0,<V3_ROOT>/FINAL_EVALUATION_RECORDS.json,RUN_04964|v2,/10916/row,v2,COMPLETED,NONE,<V3_ROOT>/FINAL_RUN_RECORDS.json,RUN_04964,<RESULTS_ROOT>/run_statistics/EVALUATION_CORE_v2_F03.csv,452,0.16069230816728752,0.3598891949380887,0.32202207180417786,1.9155910498740765,3.6217243044548266,3.324661278109598,2.9289100041971015
RUN_04975,D51_seed_01,go2_prior_metadata,D51,seed_01,F03,AB0000,semisynthetic,false,true,COMPLETED,NONE,true,true,56642,56642,5480,66.005054,339.997056,1.0,66.0,340.0,<V3_ROOT>/FINAL_EVALUATION_RECORDS.json,RUN_04975|v2,/10938/row,v2,COMPLETED,NONE,<V3_ROOT>/FINAL_RUN_RECORDS.json,RUN_04975,<RESULTS_ROOT>/run_statistics/EVALUATION_CORE_v2_F03.csv,453,0.16069230816728752,0.3598891949380887,0.32202207180417786,1.9155910498740765,3.6217243044548266,3.324661278109598,2.9289100041971015
RUN_04986,D51_seed_02,go2_prior_metadata,D51,seed_02,F03,AB0000,semisynthetic,false,true,COMPLETED,NONE,true,true,56642,56642,5480,66.005054,339.997056,1.0,66.0,340.0,<V3_ROOT>/FINAL_EVALUATION_RECORDS.json,RUN_04986|v2,/10960/row,v2,COMPLETED,NONE,<V3_ROOT>/FINAL_RUN_RECORDS.json,RUN_04986,<RESULTS_ROOT>/run_statistics/EVALUATION_CORE_v2_F03.csv,454,0.16069230816728752,0.3598891949380887,0.32202207180417786,1.9155910498740765,3.6217243044548266,3.324661278109598,2.9289100041971015
RUN_04997,D51_seed_03,go2_prior_metadata,D51,seed_03,F03,AB0000,semisynthetic,false,true,COMPLETED,NONE,true,true,56642,56642,5480,66.005054,339.997056,1.0,66.0,340.0,<V3_ROOT>/FINAL_EVALUATION_RECORDS.json,RUN_04997|v2,/10982/row,v2,COMPLETED,NONE,<V3_ROOT>/FINAL_RUN_RECORDS.json,RUN_04997,<RESULTS_ROOT>/run_statistics/EVALUATION_CORE_v2_F03.csv,455,0.16069230816728752,0.3598891949380887,0.32202207180417786,1.9155910498740765,3.6217243044548266,3.324661278109598,2.9289100041971015
RUN_05008,D51_seed_04,go2_prior_metadata,D51,seed_04,F03,AB0000,semisynthetic,false,true,COMPLETED,NONE,true,true,56642,56642,5480,66.005054,339.997056,1.0,66.0,340.0,<V3_ROOT>/FINAL_EVALUATION_RECORDS.json,RUN_05008|v2,/11004/row,v2,COMPLETED,NONE,<V3_ROOT>/FINAL_RUN_RECORDS.json,RUN_05008,<RESULTS_ROOT>/run_statistics/EVALUATION_CORE_v2_F03.csv,456,0.16069230816728752,0.3598891949380887,0.32202207180417786,1.9155910498740765,3.6217243044548266,3.324661278109598,2.9289100041971015
RUN_05019,D51_seed_05,go2_prior_metadata,D51,seed_05,F03,AB0000,semisynthetic,false,true,COMPLETED,NONE,true,true,56642,56642,5480,66.005054,339.997056,1.0,66.0,340.0,<V3_ROOT>/FINAL_EVALUATION_RECORDS.json,RUN_05019|v2,/11026/row,v2,COMPLETED,NONE,<V3_ROOT>/FINAL_RUN_RECORDS.json,RUN_05019,<RESULTS_ROOT>/run_statistics/EVALUATION_CORE_v2_F03.csv,457,0.16069230816728752,0.3598891949380887,0.32202207180417786,1.9155910498740765,3.6217243044548266,3.324661278109598,2.9289100041971015
RUN_05030,D51_seed_06,go2_prior_metadata,D51,seed_06,F03,AB0000,semisynthetic,false,true,COMPLETED,NONE,true,true,56642,56642,5480,66.005054,339.997056,1.0,66.0,340.0,<V3_ROOT>/FINAL_EVALUATION_RECORDS.json,RUN_05030|v2,/11048/row,v2,COMPLETED,NONE,<V3_ROOT>/FINAL_RUN_RECORDS.json,RUN_05030,<RESULTS_ROOT>/run_statistics/EVALUATION_CORE_v2_F03.csv,458,0.16069230816728752,0.3598891949380887,0.32202207180417786,1.9155910498740765,3.6217243044548266,3.324661278109598,2.9289100041971015
RUN_05041,D51_seed_07,go2_prior_metadata,D51,seed_07,F03,AB0000,semisynthetic,false,true,COMPLETED,NONE,true,true,56642,56642,5480,66.005054,339.997056,1.0,66.0,340.0,<V3_ROOT>/FINAL_EVALUATION_RECORDS.json,RUN_05041|v2,/11070/row,v2,COMPLETED,NONE,<V3_ROOT>/FINAL_RUN_RECORDS.json,RUN_05041,<RESULTS_ROOT>/run_statistics/EVALUATION_CORE_v2_F03.csv,459,0.16069230816728752,0.3598891949380887,0.32202207180417786,1.9155910498740765,3.6217243044548266,3.324661278109598,2.9289100041971015
RUN_05052,D51_seed_08,go2_prior_metadata,D51,seed_08,F03,AB0000,semisynthetic,false,true,COMPLETED,NONE,true,true,56642,56642,5480,66.005054,339.997056,1.0,66.0,340.0,<V3_ROOT>/FINAL_EVALUATION_RECORDS.json,RUN_05052|v2,/11092/row,v2,COMPLETED,NONE,<V3_ROOT>/FINAL_RUN_RECORDS.json,RUN_05052,<RESULTS_ROOT>/run_statistics/EVALUATION_CORE_v2_F03.csv,460,0.16069230816728752,0.3598891949380887,0.32202207180417786,1.9155910498740765,3.6217243044548266,3.324661278109598,2.9289100041971015
RUN_05063,D52_seed_00,go2_prior_metadata,D52,seed_00,F03,AB0000,semisynthetic,false,true,COMPLETED,NONE,true,true,56642,56642,5480,66.005054,339.997056,1.0,66.0,340.0,<V3_ROOT>/FINAL_EVALUATION_RECORDS.json,RUN_05063|v2,/11114/row,v2,COMPLETED,NONE,<V3_ROOT>/FINAL_RUN_RECORDS.json,RUN_05063,<RESULTS_ROOT>/run_statistics/EVALUATION_CORE_v2_F03.csv,461,0.16069230816728752,0.3598891949380887,0.32202207180417786,1.9155910498740765,3.6217243044548266,3.324661278109598,2.9289100041971015
RUN_05074,D52_seed_01,go2_prior_metadata,D52,seed_01,F03,AB0000,semisynthetic,false,true,COMPLETED,NONE,true,true,56642,56642,5480,66.005054,339.997056,1.0,66.0,340.0,<V3_ROOT>/FINAL_EVALUATION_RECORDS.json,RUN_05074|v2,/11136/row,v2,COMPLETED,NONE,<V3_ROOT>/FINAL_RUN_RECORDS.json,RUN_05074,<RESULTS_ROOT>/run_statistics/EVALUATION_CORE_v2_F03.csv,462,0.16069230816728752,0.3598891949380887,0.32202207180417786,1.9155910498740765,3.6217243044548266,3.324661278109598,2.9289100041971015
RUN_05085,D52_seed_02,go2_prior_metadata,D52,seed_02,F03,AB0000,semisynthetic,false,true,COMPLETED,NONE,true,true,56642,56642,5480,66.005054,339.997056,1.0,66.0,340.0,<V3_ROOT>/FINAL_EVALUATION_RECORDS.json,RUN_05085|v2,/11158/row,v2,COMPLETED,NONE,<V3_ROOT>/FINAL_RUN_RECORDS.json,RUN_05085,<RESULTS_ROOT>/run_statistics/EVALUATION_CORE_v2_F03.csv,463,0.16069230816728752,0.3598891949380887,0.32202207180417786,1.9155910498740765,3.6217243044548266,3.324661278109598,2.9289100041971015
RUN_05096,D52_seed_03,go2_prior_metadata,D52,seed_03,F03,AB0000,semisynthetic,false,true,COMPLETED,NONE,true,true,56642,56642,5480,66.005054,339.997056,1.0,66.0,340.0,<V3_ROOT>/FINAL_EVALUATION_RECORDS.json,RUN_05096|v2,/11180/row,v2,COMPLETED,NONE,<V3_ROOT>/FINAL_RUN_RECORDS.json,RUN_05096,<RESULTS_ROOT>/run_statistics/EVALUATION_CORE_v2_F03.csv,464,0.16069230816728752,0.3598891949380887,0.32202207180417786,1.9155910498740765,3.6217243044548266,3.324661278109598,2.9289100041971015
RUN_05107,D52_seed_04,go2_prior_metadata,D52,seed_04,F03,AB0000,semisynthetic,false,true,COMPLETED,NONE,true,true,56642,56642,5480,66.005054,339.997056,1.0,66.0,340.0,<V3_ROOT>/FINAL_EVALUATION_RECORDS.json,RUN_05107|v2,/11202/row,v2,COMPLETED,NONE,<V3_ROOT>/FINAL_RUN_RECORDS.json,RUN_05107,<RESULTS_ROOT>/run_statistics/EVALUATION_CORE_v2_F03.csv,465,0.16069230816728752,0.3598891949380887,0.32202207180417786,1.9155910498740765,3.6217243044548266,3.324661278109598,2.9289100041971015
RUN_05118,D52_seed_05,go2_prior_metadata,D52,seed_05,F03,AB0000,semisynthetic,false,true,COMPLETED,NONE,true,true,56642,56642,5480,66.005054,339.997056,1.0,66.0,340.0,<V3_ROOT>/FINAL_EVALUATION_RECORDS.json,RUN_05118|v2,/11224/row,v2,COMPLETED,NONE,<V3_ROOT>/FINAL_RUN_RECORDS.json,RUN_05118,<RESULTS_ROOT>/run_statistics/EVALUATION_CORE_v2_F03.csv,466,0.16069230816728752,0.3598891949380887,0.32202207180417786,1.9155910498740765,3.6217243044548266,3.324661278109598,2.9289100041971015
RUN_05129,D52_seed_06,go2_prior_metadata,D52,seed_06,F03,AB0000,semisynthetic,false,true,COMPLETED,NONE,true,true,56642,56642,5480,66.005054,339.997056,1.0,66.0,340.0,<V3_ROOT>/FINAL_EVALUATION_RECORDS.json,RUN_05129|v2,/11246/row,v2,COMPLETED,NONE,<V3_ROOT>/FINAL_RUN_RECORDS.json,RUN_05129,<RESULTS_ROOT>/run_statistics/EVALUATION_CORE_v2_F03.csv,467,0.16069230816728752,0.3598891949380887,0.32202207180417786,1.9155910498740765,3.6217243044548266,3.324661278109598,2.9289100041971015
RUN_05140,D52_seed_07,go2_prior_metadata,D52,seed_07,F03,AB0000,semisynthetic,false,true,COMPLETED,NONE,true,true,56642,56642,5480,66.005054,339.997056,1.0,66.0,340.0,<V3_ROOT>/FINAL_EVALUATION_RECORDS.json,RUN_05140|v2,/11268/row,v2,COMPLETED,NONE,<V3_ROOT>/FINAL_RUN_RECORDS.json,RUN_05140,<RESULTS_ROOT>/run_statistics/EVALUATION_CORE_v2_F03.csv,468,0.16069230816728752,0.3598891949380887,0.32202207180417786,1.9155910498740765,3.6217243044548266,3.324661278109598,2.9289100041971015
RUN_05151,D52_seed_08,go2_prior_metadata,D52,seed_08,F03,AB0000,semisynthetic,false,true,COMPLETED,NONE,true,true,56642,56642,5480,66.005054,339.997056,1.0,66.0,340.0,<V3_ROOT>/FINAL_EVALUATION_RECORDS.json,RUN_05151|v2,/11290/row,v2,COMPLETED,NONE,<V3_ROOT>/FINAL_RUN_RECORDS.json,RUN_05151,<RESULTS_ROOT>/run_statistics/EVALUATION_CORE_v2_F03.csv,469,0.16069230816728752,0.3598891949380887,0.32202207180417786,1.9155910498740765,3.6217243044548266,3.324661278109598,2.9289100041971015
RUN_05162,D53_seed_00,go2_prior_metadata,D53,seed_00,F03,AB0000,semisynthetic,false,true,COMPLETED,NONE,true,true,56642,56642,5480,66.005054,339.997056,1.0,66.0,340.0,<V3_ROOT>/FINAL_EVALUATION_RECORDS.json,RUN_05162|v2,/11312/row,v2,COMPLETED,NONE,<V3_ROOT>/FINAL_RUN_RECORDS.json,RUN_05162,<RESULTS_ROOT>/run_statistics/EVALUATION_CORE_v2_F03.csv,470,0.16069230816728752,0.3598891949380887,0.32202207180417786,1.9155910498740765,3.6217243044548266,3.324661278109598,2.9289100041971015
RUN_05173,D53_seed_01,go2_prior_metadata,D53,seed_01,F03,AB0000,semisynthetic,false,true,COMPLETED,NONE,true,true,56642,56642,5480,66.005054,339.997056,1.0,66.0,340.0,<V3_ROOT>/FINAL_EVALUATION_RECORDS.json,RUN_05173|v2,/11334/row,v2,COMPLETED,NONE,<V3_ROOT>/FINAL_RUN_RECORDS.json,RUN_05173,<RESULTS_ROOT>/run_statistics/EVALUATION_CORE_v2_F03.csv,471,0.16069230816728752,0.3598891949380887,0.32202207180417786,1.9155910498740765,3.6217243044548266,3.324661278109598,2.9289100041971015
RUN_05184,D53_seed_02,go2_prior_metadata,D53,seed_02,F03,AB0000,semisynthetic,false,true,COMPLETED,NONE,true,true,56642,56642,5480,66.005054,339.997056,1.0,66.0,340.0,<V3_ROOT>/FINAL_EVALUATION_RECORDS.json,RUN_05184|v2,/11356/row,v2,COMPLETED,NONE,<V3_ROOT>/FINAL_RUN_RECORDS.json,RUN_05184,<RESULTS_ROOT>/run_statistics/EVALUATION_CORE_v2_F03.csv,472,0.16069230816728752,0.3598891949380887,0.32202207180417786,1.9155910498740765,3.6217243044548266,3.324661278109598,2.9289100041971015
RUN_05195,D53_seed_03,go2_prior_metadata,D53,seed_03,F03,AB0000,semisynthetic,false,true,COMPLETED,NONE,true,true,56642,56642,5480,66.005054,339.997056,1.0,66.0,340.0,<V3_ROOT>/FINAL_EVALUATION_RECORDS.json,RUN_05195|v2,/11378/row,v2,COMPLETED,NONE,<V3_ROOT>/FINAL_RUN_RECORDS.json,RUN_05195,<RESULTS_ROOT>/run_statistics/EVALUATION_CORE_v2_F03.csv,473,0.16069230816728752,0.3598891949380887,0.32202207180417786,1.9155910498740765,3.6217243044548266,3.324661278109598,2.9289100041971015
RUN_05206,D53_seed_04,go2_prior_metadata,D53,seed_04,F03,AB0000,semisynthetic,false,true,COMPLETED,NONE,true,true,56642,56642,5480,66.005054,339.997056,1.0,66.0,340.0,<V3_ROOT>/FINAL_EVALUATION_RECORDS.json,RUN_05206|v2,/11400/row,v2,COMPLETED,NONE,<V3_ROOT>/FINAL_RUN_RECORDS.json,RUN_05206,<RESULTS_ROOT>/run_statistics/EVALUATION_CORE_v2_F03.csv,474,0.16069230816728752,0.3598891949380887,0.32202207180417786,1.9155910498740765,3.6217243044548266,3.324661278109598,2.9289100041971015
RUN_05217,D53_seed_05,go2_prior_metadata,D53,seed_05,F03,AB0000,semisynthetic,false,true,COMPLETED,NONE,true,true,56642,56642,5480,66.005054,339.997056,1.0,66.0,340.0,<V3_ROOT>/FINAL_EVALUATION_RECORDS.json,RUN_05217|v2,/11422/row,v2,COMPLETED,NONE,<V3_ROOT>/FINAL_RUN_RECORDS.json,RUN_05217,<RESULTS_ROOT>/run_statistics/EVALUATION_CORE_v2_F03.csv,475,0.16069230816728752,0.3598891949380887,0.32202207180417786,1.9155910498740765,3.6217243044548266,3.324661278109598,2.9289100041971015
RUN_05228,D53_seed_06,go2_prior_metadata,D53,seed_06,F03,AB0000,semisynthetic,false,true,COMPLETED,NONE,true,true,56642,56642,5480,66.005054,339.997056,1.0,66.0,340.0,<V3_ROOT>/FINAL_EVALUATION_RECORDS.json,RUN_05228|v2,/11444/row,v2,COMPLETED,NONE,<V3_ROOT>/FINAL_RUN_RECORDS.json,RUN_05228,<RESULTS_ROOT>/run_statistics/EVALUATION_CORE_v2_F03.csv,476,0.16069230816728752,0.3598891949380887,0.32202207180417786,1.9155910498740765,3.6217243044548266,3.324661278109598,2.9289100041971015
RUN_05239,D53_seed_07,go2_prior_metadata,D53,seed_07,F03,AB0000,semisynthetic,false,true,COMPLETED,NONE,true,true,56642,56642,5480,66.005054,339.997056,1.0,66.0,340.0,<V3_ROOT>/FINAL_EVALUATION_RECORDS.json,RUN_05239|v2,/11466/row,v2,COMPLETED,NONE,<V3_ROOT>/FINAL_RUN_RECORDS.json,RUN_05239,<RESULTS_ROOT>/run_statistics/EVALUATION_CORE_v2_F03.csv,477,0.16069230816728752,0.3598891949380887,0.32202207180417786,1.9155910498740765,3.6217243044548266,3.324661278109598,2.9289100041971015
RUN_05250,D53_seed_08,go2_prior_metadata,D53,seed_08,F03,AB0000,semisynthetic,false,true,COMPLETED,NONE,true,true,56642,56642,5480,66.005054,339.997056,1.0,66.0,340.0,<V3_ROOT>/FINAL_EVALUATION_RECORDS.json,RUN_05250|v2,/11488/row,v2,COMPLETED,NONE,<V3_ROOT>/FINAL_RUN_RECORDS.json,RUN_05250,<RESULTS_ROOT>/run_statistics/EVALUATION_CORE_v2_F03.csv,478,0.16069230816728752,0.3598891949380887,0.32202207180417786,1.9155910498740765,3.6217243044548266,3.324661278109598,2.9289100041971015
RUN_05261,D54_seed_00,go2_prior_metadata,D54,seed_00,F03,AB0000,semisynthetic,false,true,COMPLETED,NONE,true,true,56642,56642,5480,66.005054,339.997056,1.0,66.0,340.0,<V3_ROOT>/FINAL_EVALUATION_RECORDS.json,RUN_05261|v2,/11510/row,v2,COMPLETED,NONE,<V3_ROOT>/FINAL_RUN_RECORDS.json,RUN_05261,<RESULTS_ROOT>/run_statistics/EVALUATION_CORE_v2_F03.csv,479,0.16069230816728752,0.3598891949380887,0.32202207180417786,1.9155910498740765,3.6217243044548266,3.324661278109598,2.9289100041971015
RUN_05272,D54_seed_01,go2_prior_metadata,D54,seed_01,F03,AB0000,semisynthetic,false,true,COMPLETED,NONE,true,true,56642,56642,5480,66.005054,339.997056,1.0,66.0,340.0,<V3_ROOT>/FINAL_EVALUATION_RECORDS.json,RUN_05272|v2,/11532/row,v2,COMPLETED,NONE,<V3_ROOT>/FINAL_RUN_RECORDS.json,RUN_05272,<RESULTS_ROOT>/run_statistics/EVALUATION_CORE_v2_F03.csv,480,0.16069230816728752,0.3598891949380887,0.32202207180417786,1.9155910498740765,3.6217243044548266,3.324661278109598,2.9289100041971015
RUN_05283,D54_seed_02,go2_prior_metadata,D54,seed_02,F03,AB0000,semisynthetic,false,true,COMPLETED,NONE,true,true,56642,56642,5480,66.005054,339.997056,1.0,66.0,340.0,<V3_ROOT>/FINAL_EVALUATION_RECORDS.json,RUN_05283|v2,/11554/row,v2,COMPLETED,NONE,<V3_ROOT>/FINAL_RUN_RECORDS.json,RUN_05283,<RESULTS_ROOT>/run_statistics/EVALUATION_CORE_v2_F03.csv,481,0.16069230816728752,0.3598891949380887,0.32202207180417786,1.9155910498740765,3.6217243044548266,3.324661278109598,2.9289100041971015
RUN_05294,D54_seed_03,go2_prior_metadata,D54,seed_03,F03,AB0000,semisynthetic,false,true,COMPLETED,NONE,true,true,56642,56642,5480,66.005054,339.997056,1.0,66.0,340.0,<V3_ROOT>/FINAL_EVALUATION_RECORDS.json,RUN_05294|v2,/11576/row,v2,COMPLETED,NONE,<V3_ROOT>/FINAL_RUN_RECORDS.json,RUN_05294,<RESULTS_ROOT>/run_statistics/EVALUATION_CORE_v2_F03.csv,482,0.16069230816728752,0.3598891949380887,0.32202207180417786,1.9155910498740765,3.6217243044548266,3.324661278109598,2.9289100041971015
RUN_05305,D54_seed_04,go2_prior_metadata,D54,seed_04,F03,AB0000,semisynthetic,false,true,COMPLETED,NONE,true,true,56642,56642,5480,66.005054,339.997056,1.0,66.0,340.0,<V3_ROOT>/FINAL_EVALUATION_RECORDS.json,RUN_05305|v2,/11598/row,v2,COMPLETED,NONE,<V3_ROOT>/FINAL_RUN_RECORDS.json,RUN_05305,<RESULTS_ROOT>/run_statistics/EVALUATION_CORE_v2_F03.csv,483,0.16069230816728752,0.3598891949380887,0.32202207180417786,1.9155910498740765,3.6217243044548266,3.324661278109598,2.9289100041971015
RUN_05316,D54_seed_05,go2_prior_metadata,D54,seed_05,F03,AB0000,semisynthetic,false,true,COMPLETED,NONE,true,true,56642,56642,5480,66.005054,339.997056,1.0,66.0,340.0,<V3_ROOT>/FINAL_EVALUATION_RECORDS.json,RUN_05316|v2,/11620/row,v2,COMPLETED,NONE,<V3_ROOT>/FINAL_RUN_RECORDS.json,RUN_05316,<RESULTS_ROOT>/run_statistics/EVALUATION_CORE_v2_F03.csv,484,0.16069230816728752,0.3598891949380887,0.32202207180417786,1.9155910498740765,3.6217243044548266,3.324661278109598,2.9289100041971015
RUN_05327,D54_seed_06,go2_prior_metadata,D54,seed_06,F03,AB0000,semisynthetic,false,true,COMPLETED,NONE,true,true,56642,56642,5480,66.005054,339.997056,1.0,66.0,340.0,<V3_ROOT>/FINAL_EVALUATION_RECORDS.json,RUN_05327|v2,/11642/row,v2,COMPLETED,NONE,<V3_ROOT>/FINAL_RUN_RECORDS.json,RUN_05327,<RESULTS_ROOT>/run_statistics/EVALUATION_CORE_v2_F03.csv,485,0.16069230816728752,0.3598891949380887,0.32202207180417786,1.9155910498740765,3.6217243044548266,3.324661278109598,2.9289100041971015
RUN_05338,D54_seed_07,go2_prior_metadata,D54,seed_07,F03,AB0000,semisynthetic,false,true,COMPLETED,NONE,true,true,56642,56642,5480,66.005054,339.997056,1.0,66.0,340.0,<V3_ROOT>/FINAL_EVALUATION_RECORDS.json,RUN_05338|v2,/11664/row,v2,COMPLETED,NONE,<V3_ROOT>/FINAL_RUN_RECORDS.json,RUN_05338,<RESULTS_ROOT>/run_statistics/EVALUATION_CORE_v2_F03.csv,486,0.16069230816728752,0.3598891949380887,0.32202207180417786,1.9155910498740765,3.6217243044548266,3.324661278109598,2.9289100041971015
RUN_05349,D54_seed_08,go2_prior_metadata,D54,seed_08,F03,AB0000,semisynthetic,false,true,COMPLETED,NONE,true,true,56642,56642,5480,66.005054,339.997056,1.0,66.0,340.0,<V3_ROOT>/FINAL_EVALUATION_RECORDS.json,RUN_05349|v2,/11686/row,v2,COMPLETED,NONE,<V3_ROOT>/FINAL_RUN_RECORDS.json,RUN_05349,<RESULTS_ROOT>/run_statistics/EVALUATION_CORE_v2_F03.csv,487,0.16069230816728752,0.3598891949380887,0.32202207180417786,1.9155910498740765,3.6217243044548266,3.324661278109598,2.9289100041971015
RUN_05360,D55_seed_00,go2_prior_metadata,D55,seed_00,F03,AB0000,semisynthetic,false,true,COMPLETED,NONE,true,true,56642,56642,5480,66.005054,339.997056,1.0,66.0,340.0,<V3_ROOT>/FINAL_EVALUATION_RECORDS.json,RUN_05360|v2,/11708/row,v2,COMPLETED,NONE,<V3_ROOT>/FINAL_RUN_RECORDS.json,RUN_05360,<RESULTS_ROOT>/run_statistics/EVALUATION_CORE_v2_F03.csv,488,0.16069230816728752,0.3598891949380887,0.32202207180417786,1.9155910498740765,3.6217243044548266,3.324661278109598,2.9289100041971015
RUN_05371,D55_seed_01,go2_prior_metadata,D55,seed_01,F03,AB0000,semisynthetic,false,true,COMPLETED,NONE,true,true,56642,56642,5480,66.005054,339.997056,1.0,66.0,340.0,<V3_ROOT>/FINAL_EVALUATION_RECORDS.json,RUN_05371|v2,/11730/row,v2,COMPLETED,NONE,<V3_ROOT>/FINAL_RUN_RECORDS.json,RUN_05371,<RESULTS_ROOT>/run_statistics/EVALUATION_CORE_v2_F03.csv,489,0.16069230816728752,0.3598891949380887,0.32202207180417786,1.9155910498740765,3.6217243044548266,3.324661278109598,2.9289100041971015
RUN_05382,D55_seed_02,go2_prior_metadata,D55,seed_02,F03,AB0000,semisynthetic,false,true,COMPLETED,NONE,true,true,56642,56642,5480,66.005054,339.997056,1.0,66.0,340.0,<V3_ROOT>/FINAL_EVALUATION_RECORDS.json,RUN_05382|v2,/11752/row,v2,COMPLETED,NONE,<V3_ROOT>/FINAL_RUN_RECORDS.json,RUN_05382,<RESULTS_ROOT>/run_statistics/EVALUATION_CORE_v2_F03.csv,490,0.16069230816728752,0.3598891949380887,0.32202207180417786,1.9155910498740765,3.6217243044548266,3.324661278109598,2.9289100041971015
RUN_05393,D55_seed_03,go2_prior_metadata,D55,seed_03,F03,AB0000,semisynthetic,false,true,COMPLETED,NONE,true,true,56642,56642,5480,66.005054,339.997056,1.0,66.0,340.0,<V3_ROOT>/FINAL_EVALUATION_RECORDS.json,RUN_05393|v2,/11774/row,v2,COMPLETED,NONE,<V3_ROOT>/FINAL_RUN_RECORDS.json,RUN_05393,<RESULTS_ROOT>/run_statistics/EVALUATION_CORE_v2_F03.csv,491,0.16069230816728752,0.3598891949380887,0.32202207180417786,1.9155910498740765,3.6217243044548266,3.324661278109598,2.9289100041971015
RUN_05404,D55_seed_04,go2_prior_metadata,D55,seed_04,F03,AB0000,semisynthetic,false,true,COMPLETED,NONE,true,true,56642,56642,5480,66.005054,339.997056,1.0,66.0,340.0,<V3_ROOT>/FINAL_EVALUATION_RECORDS.json,RUN_05404|v2,/11796/row,v2,COMPLETED,NONE,<V3_ROOT>/FINAL_RUN_RECORDS.json,RUN_05404,<RESULTS_ROOT>/run_statistics/EVALUATION_CORE_v2_F03.csv,492,0.16069230816728752,0.3598891949380887,0.32202207180417786,1.9155910498740765,3.6217243044548266,3.324661278109598,2.9289100041971015
RUN_05415,D55_seed_05,go2_prior_metadata,D55,seed_05,F03,AB0000,semisynthetic,false,true,COMPLETED,NONE,true,true,56642,56642,5480,66.005054,339.997056,1.0,66.0,340.0,<V3_ROOT>/FINAL_EVALUATION_RECORDS.json,RUN_05415|v2,/11818/row,v2,COMPLETED,NONE,<V3_ROOT>/FINAL_RUN_RECORDS.json,RUN_05415,<RESULTS_ROOT>/run_statistics/EVALUATION_CORE_v2_F03.csv,493,0.16069230816728752,0.3598891949380887,0.32202207180417786,1.9155910498740765,3.6217243044548266,3.324661278109598,2.9289100041971015
RUN_05426,D55_seed_06,go2_prior_metadata,D55,seed_06,F03,AB0000,semisynthetic,false,true,COMPLETED,NONE,true,true,56642,56642,5480,66.005054,339.997056,1.0,66.0,340.0,<V3_ROOT>/FINAL_EVALUATION_RECORDS.json,RUN_05426|v2,/11840/row,v2,COMPLETED,NONE,<V3_ROOT>/FINAL_RUN_RECORDS.json,RUN_05426,<RESULTS_ROOT>/run_statistics/EVALUATION_CORE_v2_F03.csv,494,0.16069230816728752,0.3598891949380887,0.32202207180417786,1.9155910498740765,3.6217243044548266,3.324661278109598,2.9289100041971015
RUN_05437,D55_seed_07,go2_prior_metadata,D55,seed_07,F03,AB0000,semisynthetic,false,true,COMPLETED,NONE,true,true,56642,56642,5480,66.005054,339.997056,1.0,66.0,340.0,<V3_ROOT>/FINAL_EVALUATION_RECORDS.json,RUN_05437|v2,/11862/row,v2,COMPLETED,NONE,<V3_ROOT>/FINAL_RUN_RECORDS.json,RUN_05437,<RESULTS_ROOT>/run_statistics/EVALUATION_CORE_v2_F03.csv,495,0.16069230816728752,0.3598891949380887,0.32202207180417786,1.9155910498740765,3.6217243044548266,3.324661278109598,2.9289100041971015
RUN_05448,D55_seed_08,go2_prior_metadata,D55,seed_08,F03,AB0000,semisynthetic,false,true,COMPLETED,NONE,true,true,56642,56642,5480,66.005054,339.997056,1.0,66.0,340.0,<V3_ROOT>/FINAL_EVALUATION_RECORDS.json,RUN_05448|v2,/11884/row,v2,COMPLETED,NONE,<V3_ROOT>/FINAL_RUN_RECORDS.json,RUN_05448,<RESULTS_ROOT>/run_statistics/EVALUATION_CORE_v2_F03.csv,496,0.16069230816728752,0.3598891949380887,0.32202207180417786,1.9155910498740765,3.6217243044548266,3.324661278109598,2.9289100041971015
RUN_05459,D56_seed_00,go2_prior_metadata,D56,seed_00,F03,AB0000,semisynthetic,false,true,COMPLETED,NONE,true,true,56642,56642,5480,66.005054,339.997056,1.0,66.0,340.0,<V3_ROOT>/FINAL_EVALUATION_RECORDS.json,RUN_05459|v2,/11906/row,v2,COMPLETED,NONE,<V3_ROOT>/FINAL_RUN_RECORDS.json,RUN_05459,<RESULTS_ROOT>/run_statistics/EVALUATION_CORE_v2_F03.csv,497,0.16069230816728752,0.3598891949380887,0.32202207180417786,1.9155910498740765,3.6217243044548266,3.324661278109598,2.9289100041971015
RUN_05470,D56_seed_01,go2_prior_metadata,D56,seed_01,F03,AB0000,semisynthetic,false,true,COMPLETED,NONE,true,true,56642,56642,5480,66.005054,339.997056,1.0,66.0,340.0,<V3_ROOT>/FINAL_EVALUATION_RECORDS.json,RUN_05470|v2,/11928/row,v2,COMPLETED,NONE,<V3_ROOT>/FINAL_RUN_RECORDS.json,RUN_05470,<RESULTS_ROOT>/run_statistics/EVALUATION_CORE_v2_F03.csv,498,0.16069230816728752,0.3598891949380887,0.32202207180417786,1.9155910498740765,3.6217243044548266,3.324661278109598,2.9289100041971015
RUN_05481,D56_seed_02,go2_prior_metadata,D56,seed_02,F03,AB0000,semisynthetic,false,true,COMPLETED,NONE,true,true,56642,56642,5480,66.005054,339.997056,1.0,66.0,340.0,<V3_ROOT>/FINAL_EVALUATION_RECORDS.json,RUN_05481|v2,/11950/row,v2,COMPLETED,NONE,<V3_ROOT>/FINAL_RUN_RECORDS.json,RUN_05481,<RESULTS_ROOT>/run_statistics/EVALUATION_CORE_v2_F03.csv,499,0.16069230816728752,0.3598891949380887,0.32202207180417786,1.9155910498740765,3.6217243044548266,3.324661278109598,2.9289100041971015
RUN_05492,D56_seed_03,go2_prior_metadata,D56,seed_03,F03,AB0000,semisynthetic,false,true,COMPLETED,NONE,true,true,56642,56642,5480,66.005054,339.997056,1.0,66.0,340.0,<V3_ROOT>/FINAL_EVALUATION_RECORDS.json,RUN_05492|v2,/11972/row,v2,COMPLETED,NONE,<V3_ROOT>/FINAL_RUN_RECORDS.json,RUN_05492,<RESULTS_ROOT>/run_statistics/EVALUATION_CORE_v2_F03.csv,500,0.16069230816728752,0.3598891949380887,0.32202207180417786,1.9155910498740765,3.6217243044548266,3.324661278109598,2.9289100041971015
RUN_05503,D56_seed_04,go2_prior_metadata,D56,seed_04,F03,AB0000,semisynthetic,false,true,COMPLETED,NONE,true,true,56642,56642,5480,66.005054,339.997056,1.0,66.0,340.0,<V3_ROOT>/FINAL_EVALUATION_RECORDS.json,RUN_05503|v2,/11994/row,v2,COMPLETED,NONE,<V3_ROOT>/FINAL_RUN_RECORDS.json,RUN_05503,<RESULTS_ROOT>/run_statistics/EVALUATION_CORE_v2_F03.csv,501,0.16069230816728752,0.3598891949380887,0.32202207180417786,1.9155910498740765,3.6217243044548266,3.324661278109598,2.9289100041971015
RUN_05514,D56_seed_05,go2_prior_metadata,D56,seed_05,F03,AB0000,semisynthetic,false,true,COMPLETED,NONE,true,true,56642,56642,5480,66.005054,339.997056,1.0,66.0,340.0,<V3_ROOT>/FINAL_EVALUATION_RECORDS.json,RUN_05514|v2,/12016/row,v2,COMPLETED,NONE,<V3_ROOT>/FINAL_RUN_RECORDS.json,RUN_05514,<RESULTS_ROOT>/run_statistics/EVALUATION_CORE_v2_F03.csv,502,0.16069230816728752,0.3598891949380887,0.32202207180417786,1.9155910498740765,3.6217243044548266,3.324661278109598,2.9289100041971015
RUN_05525,D56_seed_06,go2_prior_metadata,D56,seed_06,F03,AB0000,semisynthetic,false,true,COMPLETED,NONE,true,true,56642,56642,5480,66.005054,339.997056,1.0,66.0,340.0,<V3_ROOT>/FINAL_EVALUATION_RECORDS.json,RUN_05525|v2,/12038/row,v2,COMPLETED,NONE,<V3_ROOT>/FINAL_RUN_RECORDS.json,RUN_05525,<RESULTS_ROOT>/run_statistics/EVALUATION_CORE_v2_F03.csv,503,0.16069230816728752,0.3598891949380887,0.32202207180417786,1.9155910498740765,3.6217243044548266,3.324661278109598,2.9289100041971015
RUN_05536,D56_seed_07,go2_prior_metadata,D56,seed_07,F03,AB0000,semisynthetic,false,true,COMPLETED,NONE,true,true,56642,56642,5480,66.005054,339.997056,1.0,66.0,340.0,<V3_ROOT>/FINAL_EVALUATION_RECORDS.json,RUN_05536|v2,/12060/row,v2,COMPLETED,NONE,<V3_ROOT>/FINAL_RUN_RECORDS.json,RUN_05536,<RESULTS_ROOT>/run_statistics/EVALUATION_CORE_v2_F03.csv,504,0.16069230816728752,0.3598891949380887,0.32202207180417786,1.9155910498740765,3.6217243044548266,3.324661278109598,2.9289100041971015
RUN_05547,D56_seed_08,go2_prior_metadata,D56,seed_08,F03,AB0000,semisynthetic,false,true,COMPLETED,NONE,true,true,56642,56642,5480,66.005054,339.997056,1.0,66.0,340.0,<V3_ROOT>/FINAL_EVALUATION_RECORDS.json,RUN_05547|v2,/12082/row,v2,COMPLETED,NONE,<V3_ROOT>/FINAL_RUN_RECORDS.json,RUN_05547,<RESULTS_ROOT>/run_statistics/EVALUATION_CORE_v2_F03.csv,505,0.16069230816728752,0.3598891949380887,0.32202207180417786,1.9155910498740765,3.6217243044548266,3.324661278109598,2.9289100041971015
RUN_04965,D51_seed_00,go2_prior_metadata,D51,seed_00,F04,AB1111,semisynthetic,false,true,COMPLETED,NONE,true,true,56642,56642,5480,66.005054,339.997056,1.0,66.0,340.0,<V3_ROOT>/FINAL_EVALUATION_RECORDS.json,RUN_04965|v2,/10918/row,v2,COMPLETED,NONE,<V3_ROOT>/FINAL_RUN_RECORDS.json,RUN_04965,<RESULTS_ROOT>/run_statistics/EVALUATION_CORE_v2_F04.csv,452,0.15994057810898527,0.3603197260748959,0.32287662732513106,1.8890873024109955,3.538053204588379,2.587342064815406,2.4516632802019647
RUN_04976,D51_seed_01,go2_prior_metadata,D51,seed_01,F04,AB1111,semisynthetic,false,true,COMPLETED,NONE,true,true,56642,56642,5480,66.005054,339.997056,1.0,66.0,340.0,<V3_ROOT>/FINAL_EVALUATION_RECORDS.json,RUN_04976|v2,/10940/row,v2,COMPLETED,NONE,<V3_ROOT>/FINAL_RUN_RECORDS.json,RUN_04976,<RESULTS_ROOT>/run_statistics/EVALUATION_CORE_v2_F04.csv,453,0.16050108858193973,0.3605989450046803,0.3229102037757568,1.8802230069045227,3.521742459429877,2.5878499152539307,2.5323820211368337
RUN_04987,D51_seed_02,go2_prior_metadata,D51,seed_02,F04,AB1111,semisynthetic,false,true,COMPLETED,NONE,true,true,56642,56642,5480,66.005054,339.997056,1.0,66.0,340.0,<V3_ROOT>/FINAL_EVALUATION_RECORDS.json,RUN_04987|v2,/10962/row,v2,COMPLETED,NONE,<V3_ROOT>/FINAL_RUN_RECORDS.json,RUN_04987,<RESULTS_ROOT>/run_statistics/EVALUATION_CORE_v2_F04.csv,454,0.1602601065295953,0.36050175269540474,0.3229213711595773,1.8918801530350828,3.545803448246271,2.624486608003835,2.479901222933898
RUN_04998,D51_seed_03,go2_prior_metadata,D51,seed_03,F04,AB1111,semisynthetic,false,true,COMPLETED,NONE,true,true,56642,56642,5480,66.005054,339.997056,1.0,66.0,340.0,<V3_ROOT>/FINAL_EVALUATION_RECORDS.json,RUN_04998|v2,/10984/row,v2,COMPLETED,NONE,<V3_ROOT>/FINAL_RUN_RECORDS.json,RUN_04998,<RESULTS_ROOT>/run_statistics/EVALUATION_CORE_v2_F04.csv,455,0.1601848306830758,0.36050686553542455,0.32296442546697157,1.8835017732381285,3.5274437326203962,2.574207559490634,2.472547694981629
RUN_05009,D51_seed_04,go2_prior_metadata,D51,seed_04,F04,AB1111,semisynthetic,false,true,COMPLETED,NONE,true,true,56642,56642,5480,66.005054,339.997056,1.0,66.0,340.0,<V3_ROOT>/FINAL_EVALUATION_RECORDS.json,RUN_05009|v2,/11006/row,v2,COMPLETED,NONE,<V3_ROOT>/FINAL_RUN_RECORDS.json,RUN_05009,<RESULTS_ROOT>/run_statistics/EVALUATION_CORE_v2_F04.csv,456,0.16097561988190495,0.36095795594921726,0.32307506212438225,1.888273818036139,3.5362862320652964,2.5367402163511206,2.4458077256580206
RUN_05020,D51_seed_05,go2_prior_metadata,D51,seed_05,F04,AB1111,semisynthetic,false,true,COMPLETED,NONE,true,true,56642,56642,5480,66.005054,339.997056,1.0,66.0,340.0,<V3_ROOT>/FINAL_EVALUATION_RECORDS.json,RUN_05020|v2,/11028/row,v2,COMPLETED,NONE,<V3_ROOT>/FINAL_RUN_RECORDS.json,RUN_05020,<RESULTS_ROOT>/run_statistics/EVALUATION_CORE_v2_F04.csv,457,0.16032141758209437,0.36056196462186874,0.32295816044257103,1.8875949764041442,3.5331078363109314,2.5438062622942934,2.4813935237572666
RUN_05031,D51_seed_06,go2_prior_metadata,D51,seed_06,F04,AB1111,semisynthetic,false,true,COMPLETED,NONE,true,true,56642,56642,5480,66.005054,339.997056,1.0,66.0,340.0,<V3_ROOT>/FINAL_EVALUATION_RECORDS.json,RUN_05031|v2,/11050/row,v2,COMPLETED,NONE,<V3_ROOT>/FINAL_RUN_RECORDS.json,RUN_05031,<RESULTS_ROOT>/run_statistics/EVALUATION_CORE_v2_F04.csv,458,0.16037668515736786,0.36053940367717163,0.3229055286950427,1.8897858115905557,3.5396024372614843,2.5935486927485596,2.558648269492099
RUN_05042,D51_seed_07,go2_prior_metadata,D51,seed_07,F04,AB1111,semisynthetic,false,true,COMPLETED,NONE,true,true,56642,56642,5480,66.005054,339.997056,1.0,66.0,340.0,<V3_ROOT>/FINAL_EVALUATION_RECORDS.json,RUN_05042|v2,/11072/row,v2,COMPLETED,NONE,<V3_ROOT>/FINAL_RUN_RECORDS.json,RUN_05042,<RESULTS_ROOT>/run_statistics/EVALUATION_CORE_v2_F04.csv,459,0.16050107257138194,0.36062939756848106,0.3229442182390661,1.8910658190003102,3.5418430066028033,2.6074916785715723,2.499558762766387
RUN_05053,D51_seed_08,go2_prior_metadata,D51,seed_08,F04,AB1111,semisynthetic,false,true,COMPLETED,NONE,true,true,56642,56642,5480,66.005054,339.997056,1.0,66.0,340.0,<V3_ROOT>/FINAL_EVALUATION_RECORDS.json,RUN_05053|v2,/11094/row,v2,COMPLETED,NONE,<V3_ROOT>/FINAL_RUN_RECORDS.json,RUN_05053,<RESULTS_ROOT>/run_statistics/EVALUATION_CORE_v2_F04.csv,460,0.16013855624591597,0.36042260614138405,0.322893322664345,1.8865160164213497,3.5319393546343916,2.5500285531400873,2.4856046373350438
RUN_05064,D52_seed_00,go2_prior_metadata,D52,seed_00,F04,AB1111,semisynthetic,false,true,COMPLETED,NONE,true,true,56642,56642,5480,66.005054,339.997056,1.0,66.0,340.0,<V3_ROOT>/FINAL_EVALUATION_RECORDS.json,RUN_05064|v2,/11116/row,v2,COMPLETED,NONE,<V3_ROOT>/FINAL_RUN_RECORDS.json,RUN_05064,<RESULTS_ROOT>/run_statistics/EVALUATION_CORE_v2_F04.csv,461,0.15736472445022318,0.3587023668437948,0.3223410173683232,1.9122829466566345,3.5903874563613307,2.8454156679089393,2.4221802813963653
RUN_05075,D52_seed_01,go2_prior_metadata,D52,seed_01,F04,AB1111,semisynthetic,false,true,COMPLETED,NONE,true,true,56642,56642,5480,66.005054,339.997056,1.0,66.0,340.0,<V3_ROOT>/FINAL_EVALUATION_RECORDS.json,RUN_05075|v2,/11138/row,v2,COMPLETED,NONE,<V3_ROOT>/FINAL_RUN_RECORDS.json,RUN_05075,<RESULTS_ROOT>/run_statistics/EVALUATION_CORE_v2_F04.csv,462,0.15988935290697961,0.3597753519301537,0.32229442856408996,1.8999099633343788,3.558549773243901,2.5944108160251123,2.73505980111514
RUN_05086,D52_seed_02,go2_prior_metadata,D52,seed_02,F04,AB1111,semisynthetic,false,true,COMPLETED,NONE,true,true,56642,56642,5480,66.005054,339.997056,1.0,66.0,340.0,<V3_ROOT>/FINAL_EVALUATION_RECORDS.json,RUN_05086|v2,/11160/row,v2,COMPLETED,NONE,<V3_ROOT>/FINAL_RUN_RECORDS.json,RUN_05086,<RESULTS_ROOT>/run_statistics/EVALUATION_CORE_v2_F04.csv,463,0.16514396006077522,0.3631184120443725,0.3233921050691741,1.8533931327493551,3.4430765168901343,2.203704774099723,2.550083027401438
RUN_05097,D52_seed_03,go2_prior_metadata,D52,seed_03,F04,AB1111,semisynthetic,false,true,COMPLETED,NONE,true,true,56642,56642,5480,66.005054,339.997056,1.0,66.0,340.0,<V3_ROOT>/FINAL_EVALUATION_RECORDS.json,RUN_05097|v2,/11182/row,v2,COMPLETED,NONE,<V3_ROOT>/FINAL_RUN_RECORDS.json,RUN_05097,<RESULTS_ROOT>/run_statistics/EVALUATION_CORE_v2_F04.csv,464,0.1646941170874466,0.36359597452826353,0.32415718485010336,1.847078247342755,3.4369098486562795,2.0825091515685137,2.1991111201066182
RUN_05108,D52_seed_04,go2_prior_metadata,D52,seed_04,F04,AB1111,semisynthetic,false,true,COMPLETED,NONE,true,true,56642,56642,5480,66.005054,339.997056,1.0,66.0,340.0,<V3_ROOT>/FINAL_EVALUATION_RECORDS.json,RUN_05108|v2,/11204/row,v2,COMPLETED,NONE,<V3_ROOT>/FINAL_RUN_RECORDS.json,RUN_05108,<RESULTS_ROOT>/run_statistics/EVALUATION_CORE_v2_F04.csv,465,0.16556025866608207,0.3638738786488288,0.3240277770706742,1.8429733292225048,3.427427369373947,2.127851477140726,2.248694038919314
RUN_05119,D52_seed_05,go2_prior_metadata,D52,seed_05,F04,AB1111,semisynthetic,false,true,COMPLETED,NONE,true,true,56642,56642,5480,66.005054,339.997056,1.0,66.0,340.0,<V3_ROOT>/FINAL_EVALUATION_RECORDS.json,RUN_05119|v2,/11226/row,v2,COMPLETED,NONE,<V3_ROOT>/FINAL_RUN_RECORDS.json,RUN_05119,<RESULTS_ROOT>/run_statistics/EVALUATION_CORE_v2_F04.csv,466,0.16559482503291534,0.3638763625446589,0.32401290273853317,1.842924982286427,3.4277702777454535,2.13122844973148,2.255239823950508
RUN_05130,D52_seed_06,go2_prior_metadata,D52,seed_06,F04,AB1111,semisynthetic,false,true,COMPLETED,NONE,true,true,56642,56642,5480,66.005054,339.997056,1.0,66.0,340.0,<V3_ROOT>/FINAL_EVALUATION_RECORDS.json,RUN_05130|v2,/11248/row,v2,COMPLETED,NONE,<V3_ROOT>/FINAL_RUN_RECORDS.json,RUN_05130,<RESULTS_ROOT>/run_statistics/EVALUATION_CORE_v2_F04.csv,467,0.16555922562801909,0.3638738155983371,0.3240282340900917,1.842975372495736,3.427460897023948,2.1277445232677508,2.248494571700252
RUN_05141,D52_seed_07,go2_prior_metadata,D52,seed_07,F04,AB1111,semisynthetic,false,true,COMPLETED,NONE,true,true,56642,56642,5480,66.005054,339.997056,1.0,66.0,340.0,<V3_ROOT>/FINAL_EVALUATION_RECORDS.json,RUN_05141|v2,/11270/row,v2,COMPLETED,NONE,<V3_ROOT>/FINAL_RUN_RECORDS.json,RUN_05141,<RESULTS_ROOT>/run_statistics/EVALUATION_CORE_v2_F04.csv,468,0.15709125462737952,0.35876711207736023,0.32254639732591184,1.911285819840491,3.588858661073768,2.835785966541222,2.3078291402670312
RUN_05152,D52_seed_08,go2_prior_metadata,D52,seed_08,F04,AB1111,semisynthetic,false,true,COMPLETED,NONE,true,true,56642,56642,5480,66.005054,339.997056,1.0,66.0,340.0,<V3_ROOT>/FINAL_EVALUATION_RECORDS.json,RUN_05152|v2,/11292/row,v2,COMPLETED,NONE,<V3_ROOT>/FINAL_RUN_RECORDS.json,RUN_05152,<RESULTS_ROOT>/run_statistics/EVALUATION_CORE_v2_F04.csv,469,0.15794459877902822,0.3596375546372095,0.3230985521817819,1.900755167258883,3.5619497286537527,2.624753832796585,2.2240091585346353
RUN_05163,D53_seed_00,go2_prior_metadata,D53,seed_00,F04,AB1111,semisynthetic,false,true,COMPLETED,NONE,true,true,56642,56642,5480,66.005054,339.997056,1.0,66.0,340.0,<V3_ROOT>/FINAL_EVALUATION_RECORDS.json,RUN_05163|v2,/11314/row,v2,COMPLETED,NONE,<V3_ROOT>/FINAL_RUN_RECORDS.json,RUN_05163,<RESULTS_ROOT>/run_statistics/EVALUATION_CORE_v2_F04.csv,470,0.16339735920375026,0.3621799813697321,0.323226920150875,1.885432097600814,3.51598801026158,2.2558222031540445,2.2663319752805515
RUN_05174,D53_seed_01,go2_prior_metadata,D53,seed_01,F04,AB1111,semisynthetic,false,true,COMPLETED,NONE,true,true,56642,56642,5480,66.005054,339.997056,1.0,66.0,340.0,<V3_ROOT>/FINAL_EVALUATION_RECORDS.json,RUN_05174|v2,/11336/row,v2,COMPLETED,NONE,<V3_ROOT>/FINAL_RUN_RECORDS.json,RUN_05174,<RESULTS_ROOT>/run_statistics/EVALUATION_CORE_v2_F04.csv,471,0.16361799083614476,0.36227585405181645,0.3232227521442701,1.884675436535598,3.5157934036825496,2.2544640707617347,2.2671377836909947
RUN_05185,D53_seed_02,go2_prior_metadata,D53,seed_02,F04,AB1111,semisynthetic,false,true,COMPLETED,NONE,true,true,56642,56642,5480,66.005054,339.997056,1.0,66.0,340.0,<V3_ROOT>/FINAL_EVALUATION_RECORDS.json,RUN_05185|v2,/11358/row,v2,COMPLETED,NONE,<V3_ROOT>/FINAL_RUN_RECORDS.json,RUN_05185,<RESULTS_ROOT>/run_statistics/EVALUATION_CORE_v2_F04.csv,472,0.16448822208674574,0.3626828885963597,0.32323753259072635,1.8810348798783219,3.507868360270512,2.2525934897178312,2.26626259301122
RUN_05196,D53_seed_03,go2_prior_metadata,D53,seed_03,F04,AB1111,semisynthetic,false,true,COMPLETED,NONE,true,true,56642,56642,5480,66.005054,339.997056,1.0,66.0,340.0,<V3_ROOT>/FINAL_EVALUATION_RECORDS.json,RUN_05196|v2,/11380/row,v2,COMPLETED,NONE,<V3_ROOT>/FINAL_RUN_RECORDS.json,RUN_05196,<RESULTS_ROOT>/run_statistics/EVALUATION_CORE_v2_F04.csv,473,0.16390724265462867,0.3624141944983846,0.3232312858918047,1.8828216790629118,3.5113009781918083,2.25451051523241,2.264770649141622
RUN_05207,D53_seed_04,go2_prior_metadata,D53,seed_04,F04,AB1111,semisynthetic,false,true,COMPLETED,NONE,true,true,56642,56642,5480,66.005054,339.997056,1.0,66.0,340.0,<V3_ROOT>/FINAL_EVALUATION_RECORDS.json,RUN_05207|v2,/11402/row,v2,COMPLETED,NONE,<V3_ROOT>/FINAL_RUN_RECORDS.json,RUN_05207,<RESULTS_ROOT>/run_statistics/EVALUATION_CORE_v2_F04.csv,474,0.16341448771177097,0.3621981771368971,0.32323864980412004,1.891369644697172,3.5252383440360324,2.2527601705960314,2.2629017551175648
RUN_05218,D53_seed_05,go2_prior_metadata,D53,seed_05,F04,AB1111,semisynthetic,false,true,COMPLETED,NONE,true,true,56642,56642,5480,66.005054,339.997056,1.0,66.0,340.0,<V3_ROOT>/FINAL_EVALUATION_RECORDS.json,RUN_05218|v2,/11424/row,v2,COMPLETED,NONE,<V3_ROOT>/FINAL_RUN_RECORDS.json,RUN_05218,<RESULTS_ROOT>/run_statistics/EVALUATION_CORE_v2_F04.csv,475,0.16250431357146702,0.361779467784238,0.3232286054496304,1.8867123646838095,3.5194098294634517,2.255054457347499,2.2637791391449005
RUN_05229,D53_seed_06,go2_prior_metadata,D53,seed_06,F04,AB1111,semisynthetic,false,true,COMPLETED,NONE,true,true,56642,56642,5480,66.005054,339.997056,1.0,66.0,340.0,<V3_ROOT>/FINAL_EVALUATION_RECORDS.json,RUN_05229|v2,/11446/row,v2,COMPLETED,NONE,<V3_ROOT>/FINAL_RUN_RECORDS.json,RUN_05229,<RESULTS_ROOT>/run_statistics/EVALUATION_CORE_v2_F04.csv,476,0.1636102684214995,0.36227563721242256,0.32322641814169784,1.8852084275997318,3.515091496542597,2.257389403397807,2.2684015760323293
RUN_05240,D53_seed_07,go2_prior_metadata,D53,seed_07,F04,AB1111,semisynthetic,false,true,COMPLETED,NONE,true,true,56642,56642,5480,66.005054,339.997056,1.0,66.0,340.0,<V3_ROOT>/FINAL_EVALUATION_RECORDS.json,RUN_05240|v2,/11468/row,v2,COMPLETED,NONE,<V3_ROOT>/FINAL_RUN_RECORDS.json,RUN_05240,<RESULTS_ROOT>/run_statistics/EVALUATION_CORE_v2_F04.csv,477,0.16405839653350054,0.3624883014548688,0.32323770080003444,1.8858652930085384,3.5147695881829737,2.254656357605953,2.266050712063655
RUN_05251,D53_seed_08,go2_prior_metadata,D53,seed_08,F04,AB1111,semisynthetic,false,true,COMPLETED,NONE,true,true,56642,56642,5480,66.005054,339.997056,1.0,66.0,340.0,<V3_ROOT>/FINAL_EVALUATION_RECORDS.json,RUN_05251|v2,/11490/row,v2,COMPLETED,NONE,<V3_ROOT>/FINAL_RUN_RECORDS.json,RUN_05251,<RESULTS_ROOT>/run_statistics/EVALUATION_CORE_v2_F04.csv,478,0.16364191119211474,0.3622947495302903,0.32323182151299373,1.8883722180718925,3.5211705821723935,2.253319894102654,2.265031157119842
RUN_05262,D54_seed_00,go2_prior_metadata,D54,seed_00,F04,AB1111,semisynthetic,false,true,COMPLETED,NONE,true,true,56642,56642,5480,66.005054,339.997056,1.0,66.0,340.0,<V3_ROOT>/FINAL_EVALUATION_RECORDS.json,RUN_05262|v2,/11512/row,v2,COMPLETED,NONE,<V3_ROOT>/FINAL_RUN_RECORDS.json,RUN_05262,<RESULTS_ROOT>/run_statistics/EVALUATION_CORE_v2_F04.csv,479,0.16358598889583947,0.36227538741860943,0.3232384268094897,1.88573428230535,3.5155689065922497,2.2518104888422568,2.2660094523273147
RUN_05273,D54_seed_01,go2_prior_metadata,D54,seed_01,F04,AB1111,semisynthetic,false,true,COMPLETED,NONE,true,true,56642,56642,5480,66.005054,339.997056,1.0,66.0,340.0,<V3_ROOT>/FINAL_EVALUATION_RECORDS.json,RUN_05273|v2,/11534/row,v2,COMPLETED,NONE,<V3_ROOT>/FINAL_RUN_RECORDS.json,RUN_05273,<RESULTS_ROOT>/run_statistics/EVALUATION_CORE_v2_F04.csv,480,0.16358598889583947,0.36227538741860943,0.3232384268094897,1.88573428230535,3.5155689065922497,2.2518104888422568,2.2660094523273147
RUN_05284,D54_seed_02,go2_prior_metadata,D54,seed_02,F04,AB1111,semisynthetic,false,true,COMPLETED,NONE,true,true,56642,56642,5480,66.005054,339.997056,1.0,66.0,340.0,<V3_ROOT>/FINAL_EVALUATION_RECORDS.json,RUN_05284|v2,/11556/row,v2,COMPLETED,NONE,<V3_ROOT>/FINAL_RUN_RECORDS.json,RUN_05284,<RESULTS_ROOT>/run_statistics/EVALUATION_CORE_v2_F04.csv,481,0.16358598889583947,0.36227538741860943,0.3232384268094897,1.88573428230535,3.5155689065922497,2.2518104888422568,2.2660094523273147
RUN_05295,D54_seed_03,go2_prior_metadata,D54,seed_03,F04,AB1111,semisynthetic,false,true,COMPLETED,NONE,true,true,56642,56642,5480,66.005054,339.997056,1.0,66.0,340.0,<V3_ROOT>/FINAL_EVALUATION_RECORDS.json,RUN_05295|v2,/11578/row,v2,COMPLETED,NONE,<V3_ROOT>/FINAL_RUN_RECORDS.json,RUN_05295,<RESULTS_ROOT>/run_statistics/EVALUATION_CORE_v2_F04.csv,482,0.16358598889583947,0.36227538741860943,0.3232384268094897,1.88573428230535,3.5155689065922497,2.2518104888422568,2.2660094523273147
RUN_05306,D54_seed_04,go2_prior_metadata,D54,seed_04,F04,AB1111,semisynthetic,false,true,COMPLETED,NONE,true,true,56642,56642,5480,66.005054,339.997056,1.0,66.0,340.0,<V3_ROOT>/FINAL_EVALUATION_RECORDS.json,RUN_05306|v2,/11600/row,v2,COMPLETED,NONE,<V3_ROOT>/FINAL_RUN_RECORDS.json,RUN_05306,<RESULTS_ROOT>/run_statistics/EVALUATION_CORE_v2_F04.csv,483,0.16138818248165754,0.3612769557084272,0.323225762093952,1.8861642621758798,3.517831483953871,2.25432297238112,2.265502678486326
RUN_05317,D54_seed_05,go2_prior_metadata,D54,seed_05,F04,AB1111,semisynthetic,false,true,COMPLETED,NONE,true,true,56642,56642,5480,66.005054,339.997056,1.0,66.0,340.0,<V3_ROOT>/FINAL_EVALUATION_RECORDS.json,RUN_05317|v2,/11622/row,v2,COMPLETED,NONE,<V3_ROOT>/FINAL_RUN_RECORDS.json,RUN_05317,<RESULTS_ROOT>/run_statistics/EVALUATION_CORE_v2_F04.csv,484,0.16139545602698477,0.36128027235957044,0.32322583741100747,1.8862474890028762,3.517939641372942,2.254330554925193,2.265483657398618
RUN_05328,D54_seed_06,go2_prior_metadata,D54,seed_06,F04,AB1111,semisynthetic,false,true,COMPLETED,NONE,true,true,56642,56642,5480,66.005054,339.997056,1.0,66.0,340.0,<V3_ROOT>/FINAL_EVALUATION_RECORDS.json,RUN_05328|v2,/11644/row,v2,COMPLETED,NONE,<V3_ROOT>/FINAL_RUN_RECORDS.json,RUN_05328,<RESULTS_ROOT>/run_statistics/EVALUATION_CORE_v2_F04.csv,485,0.16138347073389422,0.3612748700478048,0.32322578347331843,1.8863049693721676,3.518021369822956,2.254319804366978,2.2654930537774534
RUN_05339,D54_seed_07,go2_prior_metadata,D54,seed_07,F04,AB1111,semisynthetic,false,true,COMPLETED,NONE,true,true,56642,56642,5480,66.005054,339.997056,1.0,66.0,340.0,<V3_ROOT>/FINAL_EVALUATION_RECORDS.json,RUN_05339|v2,/11666/row,v2,COMPLETED,NONE,<V3_ROOT>/FINAL_RUN_RECORDS.json,RUN_05339,<RESULTS_ROOT>/run_statistics/EVALUATION_CORE_v2_F04.csv,486,0.1613940014594985,0.36127951280162507,0.3232257147305439,1.8862166205742543,3.5177357764006296,2.254335643318847,2.2654814953177507
RUN_05350,D54_seed_08,go2_prior_metadata,D54,seed_08,F04,AB1111,semisynthetic,false,true,COMPLETED,NONE,true,true,56642,56642,5480,66.005054,339.997056,1.0,66.0,340.0,<V3_ROOT>/FINAL_EVALUATION_RECORDS.json,RUN_05350|v2,/11688/row,v2,COMPLETED,NONE,<V3_ROOT>/FINAL_RUN_RECORDS.json,RUN_05350,<RESULTS_ROOT>/run_statistics/EVALUATION_CORE_v2_F04.csv,487,0.16359942311996922,0.36228143912116095,0.3232384102895457,1.8856174288301997,3.5152469785350213,2.251815110593404,2.266037728230919
RUN_05361,D55_seed_00,go2_prior_metadata,D55,seed_00,F04,AB1111,semisynthetic,false,true,COMPLETED,NONE,true,true,56642,56642,5480,66.005054,339.997056,1.0,66.0,340.0,<V3_ROOT>/FINAL_EVALUATION_RECORDS.json,RUN_05361|v2,/11710/row,v2,COMPLETED,NONE,<V3_ROOT>/FINAL_RUN_RECORDS.json,RUN_05361,<RESULTS_ROOT>/run_statistics/EVALUATION_CORE_v2_F04.csv,488,0.16138277166675344,0.36127451751402134,0.3232257384772219,1.8862718548526467,3.518066976630167,2.254340402339318,2.265490744005314
RUN_05372,D55_seed_01,go2_prior_metadata,D55,seed_01,F04,AB1111,semisynthetic,false,true,COMPLETED,NONE,true,true,56642,56642,5480,66.005054,339.997056,1.0,66.0,340.0,<V3_ROOT>/FINAL_EVALUATION_RECORDS.json,RUN_05372|v2,/11732/row,v2,COMPLETED,NONE,<V3_ROOT>/FINAL_RUN_RECORDS.json,RUN_05372,<RESULTS_ROOT>/run_statistics/EVALUATION_CORE_v2_F04.csv,489,0.16138277166675344,0.36127451751402134,0.3232257384772219,1.8862718548526467,3.518066976630167,2.254340402339318,2.265490744005314
RUN_05383,D55_seed_02,go2_prior_metadata,D55,seed_02,F04,AB1111,semisynthetic,false,true,COMPLETED,NONE,true,true,56642,56642,5480,66.005054,339.997056,1.0,66.0,340.0,<V3_ROOT>/FINAL_EVALUATION_RECORDS.json,RUN_05383|v2,/11754/row,v2,COMPLETED,NONE,<V3_ROOT>/FINAL_RUN_RECORDS.json,RUN_05383,<RESULTS_ROOT>/run_statistics/EVALUATION_CORE_v2_F04.csv,490,0.16138277166675344,0.36127451751402134,0.3232257384772219,1.8862718548526467,3.518066976630167,2.254340402339318,2.265490744005314
RUN_05394,D55_seed_03,go2_prior_metadata,D55,seed_03,F04,AB1111,semisynthetic,false,true,COMPLETED,NONE,true,true,56642,56642,5480,66.005054,339.997056,1.0,66.0,340.0,<V3_ROOT>/FINAL_EVALUATION_RECORDS.json,RUN_05394|v2,/11776/row,v2,COMPLETED,NONE,<V3_ROOT>/FINAL_RUN_RECORDS.json,RUN_05394,<RESULTS_ROOT>/run_statistics/EVALUATION_CORE_v2_F04.csv,491,0.16138277166675344,0.36127451751402134,0.3232257384772219,1.8862718548526467,3.518066976630167,2.254340402339318,2.265490744005314
RUN_05405,D55_seed_04,go2_prior_metadata,D55,seed_04,F04,AB1111,semisynthetic,false,true,COMPLETED,NONE,true,true,56642,56642,5480,66.005054,339.997056,1.0,66.0,340.0,<V3_ROOT>/FINAL_EVALUATION_RECORDS.json,RUN_05405|v2,/11798/row,v2,COMPLETED,NONE,<V3_ROOT>/FINAL_RUN_RECORDS.json,RUN_05405,<RESULTS_ROOT>/run_statistics/EVALUATION_CORE_v2_F04.csv,492,0.16138277166675344,0.36127451751402134,0.3232257384772219,1.8862718548526467,3.518066976630167,2.254340402339318,2.265490744005314
RUN_05416,D55_seed_05,go2_prior_metadata,D55,seed_05,F04,AB1111,semisynthetic,false,true,COMPLETED,NONE,true,true,56642,56642,5480,66.005054,339.997056,1.0,66.0,340.0,<V3_ROOT>/FINAL_EVALUATION_RECORDS.json,RUN_05416|v2,/11820/row,v2,COMPLETED,NONE,<V3_ROOT>/FINAL_RUN_RECORDS.json,RUN_05416,<RESULTS_ROOT>/run_statistics/EVALUATION_CORE_v2_F04.csv,493,0.16138277166675344,0.36127451751402134,0.3232257384772219,1.8862718548526467,3.518066976630167,2.254340402339318,2.265490744005314
RUN_05427,D55_seed_06,go2_prior_metadata,D55,seed_06,F04,AB1111,semisynthetic,false,true,COMPLETED,NONE,true,true,56642,56642,5480,66.005054,339.997056,1.0,66.0,340.0,<V3_ROOT>/FINAL_EVALUATION_RECORDS.json,RUN_05427|v2,/11842/row,v2,COMPLETED,NONE,<V3_ROOT>/FINAL_RUN_RECORDS.json,RUN_05427,<RESULTS_ROOT>/run_statistics/EVALUATION_CORE_v2_F04.csv,494,0.16138277166675344,0.36127451751402134,0.3232257384772219,1.8862718548526467,3.518066976630167,2.254340402339318,2.265490744005314
RUN_05438,D55_seed_07,go2_prior_metadata,D55,seed_07,F04,AB1111,semisynthetic,false,true,COMPLETED,NONE,true,true,56642,56642,5480,66.005054,339.997056,1.0,66.0,340.0,<V3_ROOT>/FINAL_EVALUATION_RECORDS.json,RUN_05438|v2,/11864/row,v2,COMPLETED,NONE,<V3_ROOT>/FINAL_RUN_RECORDS.json,RUN_05438,<RESULTS_ROOT>/run_statistics/EVALUATION_CORE_v2_F04.csv,495,0.16138277166675344,0.36127451751402134,0.3232257384772219,1.8862718548526467,3.518066976630167,2.254340402339318,2.265490744005314
RUN_05449,D55_seed_08,go2_prior_metadata,D55,seed_08,F04,AB1111,semisynthetic,false,true,COMPLETED,NONE,true,true,56642,56642,5480,66.005054,339.997056,1.0,66.0,340.0,<V3_ROOT>/FINAL_EVALUATION_RECORDS.json,RUN_05449|v2,/11886/row,v2,COMPLETED,NONE,<V3_ROOT>/FINAL_RUN_RECORDS.json,RUN_05449,<RESULTS_ROOT>/run_statistics/EVALUATION_CORE_v2_F04.csv,496,0.16138277166675344,0.36127451751402134,0.3232257384772219,1.8862718548526467,3.518066976630167,2.254340402339318,2.265490744005314
RUN_05460,D56_seed_00,go2_prior_metadata,D56,seed_00,F04,AB1111,semisynthetic,false,true,COMPLETED,NONE,true,true,56642,56642,5480,66.005054,339.997056,1.0,66.0,340.0,<V3_ROOT>/FINAL_EVALUATION_RECORDS.json,RUN_05460|v2,/11908/row,v2,COMPLETED,NONE,<V3_ROOT>/FINAL_RUN_RECORDS.json,RUN_05460,<RESULTS_ROOT>/run_statistics/EVALUATION_CORE_v2_F04.csv,497,0.16138277166675344,0.36127451751402134,0.3232257384772219,1.8862718548526467,3.518066976630167,2.254340402339318,2.265490744005314
RUN_05471,D56_seed_01,go2_prior_metadata,D56,seed_01,F04,AB1111,semisynthetic,false,true,COMPLETED,NONE,true,true,56642,56642,5480,66.005054,339.997056,1.0,66.0,340.0,<V3_ROOT>/FINAL_EVALUATION_RECORDS.json,RUN_05471|v2,/11930/row,v2,COMPLETED,NONE,<V3_ROOT>/FINAL_RUN_RECORDS.json,RUN_05471,<RESULTS_ROOT>/run_statistics/EVALUATION_CORE_v2_F04.csv,498,0.16138277166675344,0.36127451751402134,0.3232257384772219,1.8862718548526467,3.518066976630167,2.254340402339318,2.265490744005314
RUN_05482,D56_seed_02,go2_prior_metadata,D56,seed_02,F04,AB1111,semisynthetic,false,true,COMPLETED,NONE,true,true,56642,56642,5480,66.005054,339.997056,1.0,66.0,340.0,<V3_ROOT>/FINAL_EVALUATION_RECORDS.json,RUN_05482|v2,/11952/row,v2,COMPLETED,NONE,<V3_ROOT>/FINAL_RUN_RECORDS.json,RUN_05482,<RESULTS_ROOT>/run_statistics/EVALUATION_CORE_v2_F04.csv,499,0.16138277166675344,0.36127451751402134,0.3232257384772219,1.8862718548526467,3.518066976630167,2.254340402339318,2.265490744005314
RUN_05493,D56_seed_03,go2_prior_metadata,D56,seed_03,F04,AB1111,semisynthetic,false,true,COMPLETED,NONE,true,true,56642,56642,5480,66.005054,339.997056,1.0,66.0,340.0,<V3_ROOT>/FINAL_EVALUATION_RECORDS.json,RUN_05493|v2,/11974/row,v2,COMPLETED,NONE,<V3_ROOT>/FINAL_RUN_RECORDS.json,RUN_05493,<RESULTS_ROOT>/run_statistics/EVALUATION_CORE_v2_F04.csv,500,0.16138277166675344,0.36127451751402134,0.3232257384772219,1.8862718548526467,3.518066976630167,2.254340402339318,2.265490744005314
RUN_05504,D56_seed_04,go2_prior_metadata,D56,seed_04,F04,AB1111,semisynthetic,false,true,COMPLETED,NONE,true,true,56642,56642,5480,66.005054,339.997056,1.0,66.0,340.0,<V3_ROOT>/FINAL_EVALUATION_RECORDS.json,RUN_05504|v2,/11996/row,v2,COMPLETED,NONE,<V3_ROOT>/FINAL_RUN_RECORDS.json,RUN_05504,<RESULTS_ROOT>/run_statistics/EVALUATION_CORE_v2_F04.csv,501,0.16138277166675344,0.36127451751402134,0.3232257384772219,1.8862718548526467,3.518066976630167,2.254340402339318,2.265490744005314
RUN_05515,D56_seed_05,go2_prior_metadata,D56,seed_05,F04,AB1111,semisynthetic,false,true,COMPLETED,NONE,true,true,56642,56642,5480,66.005054,339.997056,1.0,66.0,340.0,<V3_ROOT>/FINAL_EVALUATION_RECORDS.json,RUN_05515|v2,/12018/row,v2,COMPLETED,NONE,<V3_ROOT>/FINAL_RUN_RECORDS.json,RUN_05515,<RESULTS_ROOT>/run_statistics/EVALUATION_CORE_v2_F04.csv,502,0.16138277166675344,0.36127451751402134,0.3232257384772219,1.8862718548526467,3.518066976630167,2.254340402339318,2.265490744005314
RUN_05526,D56_seed_06,go2_prior_metadata,D56,seed_06,F04,AB1111,semisynthetic,false,true,COMPLETED,NONE,true,true,56642,56642,5480,66.005054,339.997056,1.0,66.0,340.0,<V3_ROOT>/FINAL_EVALUATION_RECORDS.json,RUN_05526|v2,/12040/row,v2,COMPLETED,NONE,<V3_ROOT>/FINAL_RUN_RECORDS.json,RUN_05526,<RESULTS_ROOT>/run_statistics/EVALUATION_CORE_v2_F04.csv,503,0.16138277166675344,0.36127451751402134,0.3232257384772219,1.8862718548526467,3.518066976630167,2.254340402339318,2.265490744005314
RUN_05537,D56_seed_07,go2_prior_metadata,D56,seed_07,F04,AB1111,semisynthetic,false,true,COMPLETED,NONE,true,true,56642,56642,5480,66.005054,339.997056,1.0,66.0,340.0,<V3_ROOT>/FINAL_EVALUATION_RECORDS.json,RUN_05537|v2,/12062/row,v2,COMPLETED,NONE,<V3_ROOT>/FINAL_RUN_RECORDS.json,RUN_05537,<RESULTS_ROOT>/run_statistics/EVALUATION_CORE_v2_F04.csv,504,0.16138277166675344,0.36127451751402134,0.3232257384772219,1.8862718548526467,3.518066976630167,2.254340402339318,2.265490744005314
RUN_05548,D56_seed_08,go2_prior_metadata,D56,seed_08,F04,AB1111,semisynthetic,false,true,COMPLETED,NONE,true,true,56642,56642,5480,66.005054,339.997056,1.0,66.0,340.0,<V3_ROOT>/FINAL_EVALUATION_RECORDS.json,RUN_05548|v2,/12084/row,v2,COMPLETED,NONE,<V3_ROOT>/FINAL_RUN_RECORDS.json,RUN_05548,<RESULTS_ROOT>/run_statistics/EVALUATION_CORE_v2_F04.csv,505,0.16138277166675344,0.36127451751402134,0.3232257384772219,1.8862718548526467,3.518066976630167,2.254340402339318,2.265490744005314
RUN_04966,D51_seed_00,go2_prior_metadata,D51,seed_00,A03,AB0111,semisynthetic,false,true,COMPLETED,NONE,true,true,56642,56642,5480,66.005054,339.997056,1.0,66.0,340.0,<V3_ROOT>/FINAL_EVALUATION_RECORDS.json,RUN_04966|v2,/10920/row,v2,COMPLETED,NONE,<V3_ROOT>/FINAL_RUN_RECORDS.json,RUN_04966,<RESULTS_ROOT>/run_statistics/EVALUATION_CORE_v2_A03.csv,452,0.15973648019082146,0.36008734452704566,0.322718379682327,1.8885136791325454,3.5383087098837156,2.5863545595632473,2.451418079312296
RUN_04977,D51_seed_01,go2_prior_metadata,D51,seed_01,A03,AB0111,semisynthetic,false,true,COMPLETED,NONE,true,true,56642,56642,5480,66.005054,339.997056,1.0,66.0,340.0,<V3_ROOT>/FINAL_EVALUATION_RECORDS.json,RUN_04977|v2,/10942/row,v2,COMPLETED,NONE,<V3_ROOT>/FINAL_RUN_RECORDS.json,RUN_04977,<RESULTS_ROOT>/run_statistics/EVALUATION_CORE_v2_A03.csv,453,0.16030028509779362,0.36036775396973214,0.322751819047942,1.8796348716085756,3.5229577178609186,2.5867469986184544,2.5320598075225424
RUN_04988,D51_seed_02,go2_prior_metadata,D51,seed_02,A03,AB0111,semisynthetic,false,true,COMPLETED,NONE,true,true,56642,56642,5480,66.005054,339.997056,1.0,66.0,340.0,<V3_ROOT>/FINAL_EVALUATION_RECORDS.json,RUN_04988|v2,/10964/row,v2,COMPLETED,NONE,<V3_ROOT>/FINAL_RUN_RECORDS.json,RUN_04988,<RESULTS_ROOT>/run_statistics/EVALUATION_CORE_v2_A03.csv,454,0.1600585889010782,0.3602721066147878,0.3227649902384902,1.891318384825214,3.5476012204099834,2.6234932463685983,2.4796588264126003
RUN_04999,D51_seed_03,go2_prior_metadata,D51,seed_03,A03,AB0111,semisynthetic,false,true,COMPLETED,NONE,true,true,56642,56642,5480,66.005054,339.997056,1.0,66.0,340.0,<V3_ROOT>/FINAL_EVALUATION_RECORDS.json,RUN_04999|v2,/10986/row,v2,COMPLETED,NONE,<V3_ROOT>/FINAL_RUN_RECORDS.json,RUN_04999,<RESULTS_ROOT>/run_statistics/EVALUATION_CORE_v2_A03.csv,455,0.15998575147513885,0.36027637009067204,0.32280585832764247,1.882954302707335,3.5283452687913788,2.5731279255288935,2.4722740312231464
RUN_05010,D51_seed_04,go2_prior_metadata,D51,seed_04,A03,AB0111,semisynthetic,false,true,COMPLETED,NONE,true,true,56642,56642,5480,66.005054,339.997056,1.0,66.0,340.0,<V3_ROOT>/FINAL_EVALUATION_RECORDS.json,RUN_05010|v2,/11008/row,v2,COMPLETED,NONE,<V3_ROOT>/FINAL_RUN_RECORDS.json,RUN_05010,<RESULTS_ROOT>/run_statistics/EVALUATION_CORE_v2_A03.csv,456,0.1607741986142366,0.36072795231428945,0.3229184303207395,1.887709196369361,3.5359265795484003,2.535693102592958,2.4456036495859075
RUN_05021,D51_seed_05,go2_prior_metadata,D51,seed_05,A03,AB0111,semisynthetic,false,true,COMPLETED,NONE,true,true,56642,56642,5480,66.005054,339.997056,1.0,66.0,340.0,<V3_ROOT>/FINAL_EVALUATION_RECORDS.json,RUN_05021|v2,/11030/row,v2,COMPLETED,NONE,<V3_ROOT>/FINAL_RUN_RECORDS.json,RUN_05021,<RESULTS_ROOT>/run_statistics/EVALUATION_CORE_v2_A03.csv,457,0.1601180450400398,0.36033119682868575,0.32280146074723526,1.8870282666509868,3.5331208569117294,2.5428962582182515,2.4810878838896726
RUN_05032,D51_seed_06,go2_prior_metadata,D51,seed_06,A03,AB0111,semisynthetic,false,true,COMPLETED,NONE,true,true,56642,56642,5480,66.005054,339.997056,1.0,66.0,340.0,<V3_ROOT>/FINAL_EVALUATION_RECORDS.json,RUN_05032|v2,/11052/row,v2,COMPLETED,NONE,<V3_ROOT>/FINAL_RUN_RECORDS.json,RUN_05032,<RESULTS_ROOT>/run_statistics/EVALUATION_CORE_v2_A03.csv,458,0.16017276738414743,0.36030687389678284,0.3227471579515085,1.8892036532306868,3.5407730456868194,2.5927185184714547,2.5584785128578
RUN_05043,D51_seed_07,go2_prior_metadata,D51,seed_07,A03,AB0111,semisynthetic,false,true,COMPLETED,NONE,true,true,56642,56642,5480,66.005054,339.997056,1.0,66.0,340.0,<V3_ROOT>/FINAL_EVALUATION_RECORDS.json,RUN_05043|v2,/11074/row,v2,COMPLETED,NONE,<V3_ROOT>/FINAL_RUN_RECORDS.json,RUN_05043,<RESULTS_ROOT>/run_statistics/EVALUATION_CORE_v2_A03.csv,459,0.16030056516039226,0.36039959216123646,0.3227872284326696,1.890440105838978,3.5426659494305266,2.606368106712234,2.4992636555234573
RUN_05054,D51_seed_08,go2_prior_metadata,D51,seed_08,A03,AB0111,semisynthetic,false,true,COMPLETED,NONE,true,true,56642,56642,5480,66.005054,339.997056,1.0,66.0,340.0,<V3_ROOT>/FINAL_EVALUATION_RECORDS.json,RUN_05054|v2,/11096/row,v2,COMPLETED,NONE,<V3_ROOT>/FINAL_RUN_RECORDS.json,RUN_05054,<RESULTS_ROOT>/run_statistics/EVALUATION_CORE_v2_A03.csv,460,0.15993648583992826,0.3601921579846514,0.3227362873474479,1.8859421048420892,3.532192144604103,2.5489556445916235,2.485319943006509
RUN_05065,D52_seed_00,go2_prior_metadata,D52,seed_00,A03,AB0111,semisynthetic,false,true,COMPLETED,NONE,true,true,56642,56642,5480,66.005054,339.997056,1.0,66.0,340.0,<V3_ROOT>/FINAL_EVALUATION_RECORDS.json,RUN_05065|v2,/11118/row,v2,COMPLETED,NONE,<V3_ROOT>/FINAL_RUN_RECORDS.json,RUN_05065,<RESULTS_ROOT>/run_statistics/EVALUATION_CORE_v2_A03.csv,461,0.15717107328718127,0.3584783955048492,0.32218630288310923,1.9117035209717546,3.5917003540819534,2.8446850801144308,2.4220054656034975
RUN_05076,D52_seed_01,go2_prior_metadata,D52,seed_01,A03,AB0111,semisynthetic,false,true,COMPLETED,NONE,true,true,56642,56642,5480,66.005054,339.997056,1.0,66.0,340.0,<V3_ROOT>/FINAL_EVALUATION_RECORDS.json,RUN_05076|v2,/11140/row,v2,COMPLETED,NONE,<V3_ROOT>/FINAL_RUN_RECORDS.json,RUN_05076,<RESULTS_ROOT>/run_statistics/EVALUATION_CORE_v2_A03.csv,462,0.159693104038778,0.35954467300363774,0.32213426456642696,1.899277068783611,3.559731109412556,2.593663295607569,2.7349978429644395
RUN_05087,D52_seed_02,go2_prior_metadata,D52,seed_02,A03,AB0111,semisynthetic,false,true,COMPLETED,NONE,true,true,56642,56642,5480,66.005054,339.997056,1.0,66.0,340.0,<V3_ROOT>/FINAL_EVALUATION_RECORDS.json,RUN_05087|v2,/11162/row,v2,COMPLETED,NONE,<V3_ROOT>/FINAL_RUN_RECORDS.json,RUN_05087,<RESULTS_ROOT>/run_statistics/EVALUATION_CORE_v2_A03.csv,463,0.1649448639747838,0.3628796972092331,0.32322572065818767,1.8527668588172896,3.4432665275882877,2.203161261252317,2.5500577891189304
RUN_05098,D52_seed_03,go2_prior_metadata,D52,seed_03,A03,AB0111,semisynthetic,false,true,COMPLETED,NONE,true,true,56642,56642,5480,66.005054,339.997056,1.0,66.0,340.0,<V3_ROOT>/FINAL_EVALUATION_RECORDS.json,RUN_05098|v2,/11184/row,v2,COMPLETED,NONE,<V3_ROOT>/FINAL_RUN_RECORDS.json,RUN_05098,<RESULTS_ROOT>/run_statistics/EVALUATION_CORE_v2_A03.csv,464,0.1644963817622985,0.36336262595950686,0.32399589246053817,1.8465225985282394,3.4364083147690363,2.0819305545037827,2.1989719946579203
RUN_05109,D52_seed_04,go2_prior_metadata,D52,seed_04,A03,AB0111,semisynthetic,false,true,COMPLETED,NONE,true,true,56642,56642,5480,66.005054,339.997056,1.0,66.0,340.0,<V3_ROOT>/FINAL_EVALUATION_RECORDS.json,RUN_05109|v2,/11206/row,v2,COMPLETED,NONE,<V3_ROOT>/FINAL_RUN_RECORDS.json,RUN_05109,<RESULTS_ROOT>/run_statistics/EVALUATION_CORE_v2_A03.csv,465,0.16536162798220733,0.3636375482482983,0.32386385795131195,1.8423902397584802,3.427129057349171,2.127337307100913,2.2486052127745246
RUN_05120,D52_seed_05,go2_prior_metadata,D52,seed_05,A03,AB0111,semisynthetic,false,true,COMPLETED,NONE,true,true,56642,56642,5480,66.005054,339.997056,1.0,66.0,340.0,<V3_ROOT>/FINAL_EVALUATION_RECORDS.json,RUN_05120|v2,/11228/row,v2,COMPLETED,NONE,<V3_ROOT>/FINAL_RUN_RECORDS.json,RUN_05120,<RESULTS_ROOT>/run_statistics/EVALUATION_CORE_v2_A03.csv,466,0.16539579989344316,0.3636396946492518,0.3238488179725366,1.8423399021264917,3.4262936299988,2.1307170568109886,2.2551540366019114
RUN_05131,D52_seed_06,go2_prior_metadata,D52,seed_06,A03,AB0111,semisynthetic,false,true,COMPLETED,NONE,true,true,56642,56642,5480,66.005054,339.997056,1.0,66.0,340.0,<V3_ROOT>/FINAL_EVALUATION_RECORDS.json,RUN_05131|v2,/11250/row,v2,COMPLETED,NONE,<V3_ROOT>/FINAL_RUN_RECORDS.json,RUN_05131,<RESULTS_ROOT>/run_statistics/EVALUATION_CORE_v2_A03.csv,467,0.16536053039049292,0.36363746085354315,0.32386432024072515,1.8423923459906075,3.4270807988770087,2.1272302607228912,2.248405648488625
RUN_05142,D52_seed_07,go2_prior_metadata,D52,seed_07,A03,AB0111,semisynthetic,false,true,COMPLETED,NONE,true,true,56642,56642,5480,66.005054,339.997056,1.0,66.0,340.0,<V3_ROOT>/FINAL_EVALUATION_RECORDS.json,RUN_05142|v2,/11272/row,v2,COMPLETED,NONE,<V3_ROOT>/FINAL_RUN_RECORDS.json,RUN_05142,<RESULTS_ROOT>/run_statistics/EVALUATION_CORE_v2_A03.csv,468,0.15689818384817475,0.35854465242461536,0.32239297090264324,1.910742415637546,3.5899737213241822,2.8350695258549234,2.3075993881056984
RUN_05153,D52_seed_08,go2_prior_metadata,D52,seed_08,A03,AB0111,semisynthetic,false,true,COMPLETED,NONE,true,true,56642,56642,5480,66.005054,339.997056,1.0,66.0,340.0,<V3_ROOT>/FINAL_EVALUATION_RECORDS.json,RUN_05153|v2,/11294/row,v2,COMPLETED,NONE,<V3_ROOT>/FINAL_RUN_RECORDS.json,RUN_05153,<RESULTS_ROOT>/run_statistics/EVALUATION_CORE_v2_A03.csv,469,0.15775214917117708,0.3594167570347981,0.32294684495948517,1.9002557354783414,3.5628619092866916,2.6240312811321918,2.223712341034242
RUN_05164,D53_seed_00,go2_prior_metadata,D53,seed_00,A03,AB0111,semisynthetic,false,true,COMPLETED,NONE,true,true,56642,56642,5480,66.005054,339.997056,1.0,66.0,340.0,<V3_ROOT>/FINAL_EVALUATION_RECORDS.json,RUN_05164|v2,/11316/row,v2,COMPLETED,NONE,<V3_ROOT>/FINAL_RUN_RECORDS.json,RUN_05164,<RESULTS_ROOT>/run_statistics/EVALUATION_CORE_v2_A03.csv,470,0.1632646758909589,0.36197761031528614,0.3230672313556194,1.8848451842436766,3.5161462160411583,2.2551234424044315,2.2662409990466306
RUN_05175,D53_seed_01,go2_prior_metadata,D53,seed_01,A03,AB0111,semisynthetic,false,true,COMPLETED,NONE,true,true,56642,56642,5480,66.005054,339.997056,1.0,66.0,340.0,<V3_ROOT>/FINAL_EVALUATION_RECORDS.json,RUN_05175|v2,/11338/row,v2,COMPLETED,NONE,<V3_ROOT>/FINAL_RUN_RECORDS.json,RUN_05175,<RESULTS_ROOT>/run_statistics/EVALUATION_CORE_v2_A03.csv,471,0.1634991946635118,0.3620888060634913,0.3230732375497353,1.883902601138305,3.516458740046053,2.253749684927203,2.267041834165012
RUN_05186,D53_seed_02,go2_prior_metadata,D53,seed_02,A03,AB0111,semisynthetic,false,true,COMPLETED,NONE,true,true,56642,56642,5480,66.005054,339.997056,1.0,66.0,340.0,<V3_ROOT>/FINAL_EVALUATION_RECORDS.json,RUN_05186|v2,/11360/row,v2,COMPLETED,NONE,<V3_ROOT>/FINAL_RUN_RECORDS.json,RUN_05186,<RESULTS_ROOT>/run_statistics/EVALUATION_CORE_v2_A03.csv,472,0.164366224339005,0.3624839310498729,0.32307637574714265,1.8805208665181927,3.507537335030687,2.251816687107564,2.2661174521457013
RUN_05197,D53_seed_03,go2_prior_metadata,D53,seed_03,A03,AB0111,semisynthetic,false,true,COMPLETED,NONE,true,true,56642,56642,5480,66.005054,339.997056,1.0,66.0,340.0,<V3_ROOT>/FINAL_EVALUATION_RECORDS.json,RUN_05197|v2,/11382/row,v2,COMPLETED,NONE,<V3_ROOT>/FINAL_RUN_RECORDS.json,RUN_05197,<RESULTS_ROOT>/run_statistics/EVALUATION_CORE_v2_A03.csv,473,0.16375965630681252,0.36220449548212,0.32307100073162204,1.8822400829196797,3.512316621887907,2.253809136353215,2.2646073604380885
RUN_05208,D53_seed_04,go2_prior_metadata,D53,seed_04,A03,AB0111,semisynthetic,false,true,COMPLETED,NONE,true,true,56642,56642,5480,66.005054,339.997056,1.0,66.0,340.0,<V3_ROOT>/FINAL_EVALUATION_RECORDS.json,RUN_05208|v2,/11404/row,v2,COMPLETED,NONE,<V3_ROOT>/FINAL_RUN_RECORDS.json,RUN_05208,<RESULTS_ROOT>/run_statistics/EVALUATION_CORE_v2_A03.csv,474,0.16325701142655494,0.3619819555267038,0.32307597302647917,1.890859832055843,3.5258208967624767,2.252006167985031,2.2626628094590577
RUN_05219,D53_seed_05,go2_prior_metadata,D53,seed_05,A03,AB0111,semisynthetic,false,true,COMPLETED,NONE,true,true,56642,56642,5480,66.005054,339.997056,1.0,66.0,340.0,<V3_ROOT>/FINAL_EVALUATION_RECORDS.json,RUN_05219|v2,/11426/row,v2,COMPLETED,NONE,<V3_ROOT>/FINAL_RUN_RECORDS.json,RUN_05219,<RESULTS_ROOT>/run_statistics/EVALUATION_CORE_v2_A03.csv,475,0.16236499988031233,0.3615764617995945,0.32307142328188015,1.8860350098517351,3.5188674637812323,2.254323824690883,2.263593017139886
RUN_05230,D53_seed_06,go2_prior_metadata,D53,seed_06,A03,AB0111,semisynthetic,false,true,COMPLETED,NONE,true,true,56642,56642,5480,66.005054,339.997056,1.0,66.0,340.0,<V3_ROOT>/FINAL_EVALUATION_RECORDS.json,RUN_05230|v2,/11448/row,v2,COMPLETED,NONE,<V3_ROOT>/FINAL_RUN_RECORDS.json,RUN_05230,<RESULTS_ROOT>/run_statistics/EVALUATION_CORE_v2_A03.csv,476,0.163464713718004,0.3620711379651278,0.3230708843527278,1.884651555277557,3.5142540645372895,2.2567327448848475,2.2683959498928177
RUN_05241,D53_seed_07,go2_prior_metadata,D53,seed_07,A03,AB0111,semisynthetic,false,true,COMPLETED,NONE,true,true,56642,56642,5480,66.005054,339.997056,1.0,66.0,340.0,<V3_ROOT>/FINAL_EVALUATION_RECORDS.json,RUN_05241|v2,/11470/row,v2,COMPLETED,NONE,<V3_ROOT>/FINAL_RUN_RECORDS.json,RUN_05241,<RESULTS_ROOT>/run_statistics/EVALUATION_CORE_v2_A03.csv,477,0.16390868429349578,0.3622739136968722,0.32307326066764475,1.8852514237866453,3.514795582771535,2.2539172419348406,2.265902686262995
RUN_05252,D53_seed_08,go2_prior_metadata,D53,seed_08,A03,AB0111,semisynthetic,false,true,COMPLETED,NONE,true,true,56642,56642,5480,66.005054,339.997056,1.0,66.0,340.0,<V3_ROOT>/FINAL_EVALUATION_RECORDS.json,RUN_05252|v2,/11492/row,v2,COMPLETED,NONE,<V3_ROOT>/FINAL_RUN_RECORDS.json,RUN_05252,<RESULTS_ROOT>/run_statistics/EVALUATION_CORE_v2_A03.csv,478,0.16352468402571704,0.36210138043543477,0.3230744301666984,1.8878306226832091,3.5219365701322274,2.2525621815327224,2.264935423954825
RUN_05263,D54_seed_00,go2_prior_metadata,D54,seed_00,A03,AB0111,semisynthetic,false,true,COMPLETED,NONE,true,true,56642,56642,5480,66.005054,339.997056,1.0,66.0,340.0,<V3_ROOT>/FINAL_EVALUATION_RECORDS.json,RUN_05263|v2,/11514/row,v2,COMPLETED,NONE,<V3_ROOT>/FINAL_RUN_RECORDS.json,RUN_05263,<RESULTS_ROOT>/run_statistics/EVALUATION_CORE_v2_A03.csv,479,0.16346451576284834,0.36207923051011764,0.32308005393898337,1.8850970061117562,3.5153625926469183,2.2510806266862957,2.265885982562024
RUN_05274,D54_seed_01,go2_prior_metadata,D54,seed_01,A03,AB0111,semisynthetic,false,true,COMPLETED,NONE,true,true,56642,56642,5480,66.005054,339.997056,1.0,66.0,340.0,<V3_ROOT>/FINAL_EVALUATION_RECORDS.json,RUN_05274|v2,/11536/row,v2,COMPLETED,NONE,<V3_ROOT>/FINAL_RUN_RECORDS.json,RUN_05274,<RESULTS_ROOT>/run_statistics/EVALUATION_CORE_v2_A03.csv,480,0.16346451576284834,0.36207923051011764,0.32308005393898337,1.8850970061117562,3.5153625926469183,2.2510806266862957,2.265885982562024
RUN_05285,D54_seed_02,go2_prior_metadata,D54,seed_02,A03,AB0111,semisynthetic,false,true,COMPLETED,NONE,true,true,56642,56642,5480,66.005054,339.997056,1.0,66.0,340.0,<V3_ROOT>/FINAL_EVALUATION_RECORDS.json,RUN_05285|v2,/11558/row,v2,COMPLETED,NONE,<V3_ROOT>/FINAL_RUN_RECORDS.json,RUN_05285,<RESULTS_ROOT>/run_statistics/EVALUATION_CORE_v2_A03.csv,481,0.16346451576284834,0.36207923051011764,0.32308005393898337,1.8850970061117562,3.5153625926469183,2.2510806266862957,2.265885982562024
RUN_05296,D54_seed_03,go2_prior_metadata,D54,seed_03,A03,AB0111,semisynthetic,false,true,COMPLETED,NONE,true,true,56642,56642,5480,66.005054,339.997056,1.0,66.0,340.0,<V3_ROOT>/FINAL_EVALUATION_RECORDS.json,RUN_05296|v2,/11580/row,v2,COMPLETED,NONE,<V3_ROOT>/FINAL_RUN_RECORDS.json,RUN_05296,<RESULTS_ROOT>/run_statistics/EVALUATION_CORE_v2_A03.csv,482,0.16346451576284834,0.36207923051011764,0.32308005393898337,1.8850970061117562,3.5153625926469183,2.2510806266862957,2.265885982562024
RUN_05307,D54_seed_04,go2_prior_metadata,D54,seed_04,A03,AB0111,semisynthetic,false,true,COMPLETED,NONE,true,true,56642,56642,5480,66.005054,339.997056,1.0,66.0,340.0,<V3_ROOT>/FINAL_EVALUATION_RECORDS.json,RUN_05307|v2,/11602/row,v2,COMPLETED,NONE,<V3_ROOT>/FINAL_RUN_RECORDS.json,RUN_05307,<RESULTS_ROOT>/run_statistics/EVALUATION_CORE_v2_A03.csv,483,0.1611916850307762,0.3610471987390365,0.3230670524740094,1.8855659498934225,3.5170647548630876,2.25360247285665,2.2653619143947186
RUN_05318,D54_seed_05,go2_prior_metadata,D54,seed_05,A03,AB0111,semisynthetic,false,true,COMPLETED,NONE,true,true,56642,56642,5480,66.005054,339.997056,1.0,66.0,340.0,<V3_ROOT>/FINAL_EVALUATION_RECORDS.json,RUN_05318|v2,/11624/row,v2,COMPLETED,NONE,<V3_ROOT>/FINAL_RUN_RECORDS.json,RUN_05318,<RESULTS_ROOT>/run_statistics/EVALUATION_CORE_v2_A03.csv,484,0.16119885401553763,0.3610504231637757,0.3230670789957078,1.8856504798986375,3.517159386833019,2.253608751124206,2.2653424824367976
RUN_05329,D54_seed_06,go2_prior_metadata,D54,seed_06,A03,AB0111,semisynthetic,false,true,COMPLETED,NONE,true,true,56642,56642,5480,66.005054,339.997056,1.0,66.0,340.0,<V3_ROOT>/FINAL_EVALUATION_RECORDS.json,RUN_05329|v2,/11646/row,v2,COMPLETED,NONE,<V3_ROOT>/FINAL_RUN_RECORDS.json,RUN_05329,<RESULTS_ROOT>/run_statistics/EVALUATION_CORE_v2_A03.csv,485,0.1611863991537674,0.36104485644734097,0.3230670721304222,1.8857080746829058,3.517251226063071,2.2535979333719616,2.2653516085563976
RUN_05340,D54_seed_07,go2_prior_metadata,D54,seed_07,A03,AB0111,semisynthetic,false,true,COMPLETED,NONE,true,true,56642,56642,5480,66.005054,339.997056,1.0,66.0,340.0,<V3_ROOT>/FINAL_EVALUATION_RECORDS.json,RUN_05340|v2,/11668/row,v2,COMPLETED,NONE,<V3_ROOT>/FINAL_RUN_RECORDS.json,RUN_05340,<RESULTS_ROOT>/run_statistics/EVALUATION_CORE_v2_A03.csv,486,0.16119747414051178,0.36104976992910437,0.32306703746525767,1.8856154129130518,3.5172550254630885,2.253613760856264,2.2653403854190675
RUN_05351,D54_seed_08,go2_prior_metadata,D54,seed_08,A03,AB0111,semisynthetic,false,true,COMPLETED,NONE,true,true,56642,56642,5480,66.005054,339.997056,1.0,66.0,340.0,<V3_ROOT>/FINAL_EVALUATION_RECORDS.json,RUN_05351|v2,/11690/row,v2,COMPLETED,NONE,<V3_ROOT>/FINAL_RUN_RECORDS.json,RUN_05351,<RESULTS_ROOT>/run_statistics/EVALUATION_CORE_v2_A03.csv,487,0.1634780653912035,0.36208531533632354,0.3230800175160238,1.884979175287914,3.515089028734604,2.2510867524890212,2.265914430505374
RUN_05362,D55_seed_00,go2_prior_metadata,D55,seed_00,A03,AB0111,semisynthetic,false,true,COMPLETED,NONE,true,true,56642,56642,5480,66.005054,339.997056,1.0,66.0,340.0,<V3_ROOT>/FINAL_EVALUATION_RECORDS.json,RUN_05362|v2,/11712/row,v2,COMPLETED,NONE,<V3_ROOT>/FINAL_RUN_RECORDS.json,RUN_05362,<RESULTS_ROOT>/run_statistics/EVALUATION_CORE_v2_A03.csv,488,0.16118587987087782,0.36104462479540717,0.32306707233004617,1.885675855927391,3.5173027751630963,2.253618514628558,2.265349388859
RUN_05373,D55_seed_01,go2_prior_metadata,D55,seed_01,A03,AB0111,semisynthetic,false,true,COMPLETED,NONE,true,true,56642,56642,5480,66.005054,339.997056,1.0,66.0,340.0,<V3_ROOT>/FINAL_EVALUATION_RECORDS.json,RUN_05373|v2,/11734/row,v2,COMPLETED,NONE,<V3_ROOT>/FINAL_RUN_RECORDS.json,RUN_05373,<RESULTS_ROOT>/run_statistics/EVALUATION_CORE_v2_A03.csv,489,0.16118587987087782,0.36104462479540717,0.32306707233004617,1.885675855927391,3.5173027751630963,2.253618514628558,2.265349388859
RUN_05384,D55_seed_02,go2_prior_metadata,D55,seed_02,A03,AB0111,semisynthetic,false,true,COMPLETED,NONE,true,true,56642,56642,5480,66.005054,339.997056,1.0,66.0,340.0,<V3_ROOT>/FINAL_EVALUATION_RECORDS.json,RUN_05384|v2,/11756/row,v2,COMPLETED,NONE,<V3_ROOT>/FINAL_RUN_RECORDS.json,RUN_05384,<RESULTS_ROOT>/run_statistics/EVALUATION_CORE_v2_A03.csv,490,0.16118587987087782,0.36104462479540717,0.32306707233004617,1.885675855927391,3.5173027751630963,2.253618514628558,2.265349388859
RUN_05395,D55_seed_03,go2_prior_metadata,D55,seed_03,A03,AB0111,semisynthetic,false,true,COMPLETED,NONE,true,true,56642,56642,5480,66.005054,339.997056,1.0,66.0,340.0,<V3_ROOT>/FINAL_EVALUATION_RECORDS.json,RUN_05395|v2,/11778/row,v2,COMPLETED,NONE,<V3_ROOT>/FINAL_RUN_RECORDS.json,RUN_05395,<RESULTS_ROOT>/run_statistics/EVALUATION_CORE_v2_A03.csv,491,0.16118587987087782,0.36104462479540717,0.32306707233004617,1.885675855927391,3.5173027751630963,2.253618514628558,2.265349388859
RUN_05406,D55_seed_04,go2_prior_metadata,D55,seed_04,A03,AB0111,semisynthetic,false,true,COMPLETED,NONE,true,true,56642,56642,5480,66.005054,339.997056,1.0,66.0,340.0,<V3_ROOT>/FINAL_EVALUATION_RECORDS.json,RUN_05406|v2,/11800/row,v2,COMPLETED,NONE,<V3_ROOT>/FINAL_RUN_RECORDS.json,RUN_05406,<RESULTS_ROOT>/run_statistics/EVALUATION_CORE_v2_A03.csv,492,0.16118587987087782,0.36104462479540717,0.32306707233004617,1.885675855927391,3.5173027751630963,2.253618514628558,2.265349388859
RUN_05417,D55_seed_05,go2_prior_metadata,D55,seed_05,A03,AB0111,semisynthetic,false,true,COMPLETED,NONE,true,true,56642,56642,5480,66.005054,339.997056,1.0,66.0,340.0,<V3_ROOT>/FINAL_EVALUATION_RECORDS.json,RUN_05417|v2,/11822/row,v2,COMPLETED,NONE,<V3_ROOT>/FINAL_RUN_RECORDS.json,RUN_05417,<RESULTS_ROOT>/run_statistics/EVALUATION_CORE_v2_A03.csv,493,0.16118587987087782,0.36104462479540717,0.32306707233004617,1.885675855927391,3.5173027751630963,2.253618514628558,2.265349388859
RUN_05428,D55_seed_06,go2_prior_metadata,D55,seed_06,A03,AB0111,semisynthetic,false,true,COMPLETED,NONE,true,true,56642,56642,5480,66.005054,339.997056,1.0,66.0,340.0,<V3_ROOT>/FINAL_EVALUATION_RECORDS.json,RUN_05428|v2,/11844/row,v2,COMPLETED,NONE,<V3_ROOT>/FINAL_RUN_RECORDS.json,RUN_05428,<RESULTS_ROOT>/run_statistics/EVALUATION_CORE_v2_A03.csv,494,0.16118587987087782,0.36104462479540717,0.32306707233004617,1.885675855927391,3.5173027751630963,2.253618514628558,2.265349388859
RUN_05439,D55_seed_07,go2_prior_metadata,D55,seed_07,A03,AB0111,semisynthetic,false,true,COMPLETED,NONE,true,true,56642,56642,5480,66.005054,339.997056,1.0,66.0,340.0,<V3_ROOT>/FINAL_EVALUATION_RECORDS.json,RUN_05439|v2,/11866/row,v2,COMPLETED,NONE,<V3_ROOT>/FINAL_RUN_RECORDS.json,RUN_05439,<RESULTS_ROOT>/run_statistics/EVALUATION_CORE_v2_A03.csv,495,0.16118587987087782,0.36104462479540717,0.32306707233004617,1.885675855927391,3.5173027751630963,2.253618514628558,2.265349388859
RUN_05450,D55_seed_08,go2_prior_metadata,D55,seed_08,A03,AB0111,semisynthetic,false,true,COMPLETED,NONE,true,true,56642,56642,5480,66.005054,339.997056,1.0,66.0,340.0,<V3_ROOT>/FINAL_EVALUATION_RECORDS.json,RUN_05450|v2,/11888/row,v2,COMPLETED,NONE,<V3_ROOT>/FINAL_RUN_RECORDS.json,RUN_05450,<RESULTS_ROOT>/run_statistics/EVALUATION_CORE_v2_A03.csv,496,0.16118587987087782,0.36104462479540717,0.32306707233004617,1.885675855927391,3.5173027751630963,2.253618514628558,2.265349388859
RUN_05461,D56_seed_00,go2_prior_metadata,D56,seed_00,A03,AB0111,semisynthetic,false,true,COMPLETED,NONE,true,true,56642,56642,5480,66.005054,339.997056,1.0,66.0,340.0,<V3_ROOT>/FINAL_EVALUATION_RECORDS.json,RUN_05461|v2,/11910/row,v2,COMPLETED,NONE,<V3_ROOT>/FINAL_RUN_RECORDS.json,RUN_05461,<RESULTS_ROOT>/run_statistics/EVALUATION_CORE_v2_A03.csv,497,0.16118587987087782,0.36104462479540717,0.32306707233004617,1.885675855927391,3.5173027751630963,2.253618514628558,2.265349388859
RUN_05472,D56_seed_01,go2_prior_metadata,D56,seed_01,A03,AB0111,semisynthetic,false,true,COMPLETED,NONE,true,true,56642,56642,5480,66.005054,339.997056,1.0,66.0,340.0,<V3_ROOT>/FINAL_EVALUATION_RECORDS.json,RUN_05472|v2,/11932/row,v2,COMPLETED,NONE,<V3_ROOT>/FINAL_RUN_RECORDS.json,RUN_05472,<RESULTS_ROOT>/run_statistics/EVALUATION_CORE_v2_A03.csv,498,0.16118587987087782,0.36104462479540717,0.32306707233004617,1.885675855927391,3.5173027751630963,2.253618514628558,2.265349388859
RUN_05483,D56_seed_02,go2_prior_metadata,D56,seed_02,A03,AB0111,semisynthetic,false,true,COMPLETED,NONE,true,true,56642,56642,5480,66.005054,339.997056,1.0,66.0,340.0,<V3_ROOT>/FINAL_EVALUATION_RECORDS.json,RUN_05483|v2,/11954/row,v2,COMPLETED,NONE,<V3_ROOT>/FINAL_RUN_RECORDS.json,RUN_05483,<RESULTS_ROOT>/run_statistics/EVALUATION_CORE_v2_A03.csv,499,0.16118587987087782,0.36104462479540717,0.32306707233004617,1.885675855927391,3.5173027751630963,2.253618514628558,2.265349388859
RUN_05494,D56_seed_03,go2_prior_metadata,D56,seed_03,A03,AB0111,semisynthetic,false,true,COMPLETED,NONE,true,true,56642,56642,5480,66.005054,339.997056,1.0,66.0,340.0,<V3_ROOT>/FINAL_EVALUATION_RECORDS.json,RUN_05494|v2,/11976/row,v2,COMPLETED,NONE,<V3_ROOT>/FINAL_RUN_RECORDS.json,RUN_05494,<RESULTS_ROOT>/run_statistics/EVALUATION_CORE_v2_A03.csv,500,0.16118587987087782,0.36104462479540717,0.32306707233004617,1.885675855927391,3.5173027751630963,2.253618514628558,2.265349388859
RUN_05505,D56_seed_04,go2_prior_metadata,D56,seed_04,A03,AB0111,semisynthetic,false,true,COMPLETED,NONE,true,true,56642,56642,5480,66.005054,339.997056,1.0,66.0,340.0,<V3_ROOT>/FINAL_EVALUATION_RECORDS.json,RUN_05505|v2,/11998/row,v2,COMPLETED,NONE,<V3_ROOT>/FINAL_RUN_RECORDS.json,RUN_05505,<RESULTS_ROOT>/run_statistics/EVALUATION_CORE_v2_A03.csv,501,0.16118587987087782,0.36104462479540717,0.32306707233004617,1.885675855927391,3.5173027751630963,2.253618514628558,2.265349388859
RUN_05516,D56_seed_05,go2_prior_metadata,D56,seed_05,A03,AB0111,semisynthetic,false,true,COMPLETED,NONE,true,true,56642,56642,5480,66.005054,339.997056,1.0,66.0,340.0,<V3_ROOT>/FINAL_EVALUATION_RECORDS.json,RUN_05516|v2,/12020/row,v2,COMPLETED,NONE,<V3_ROOT>/FINAL_RUN_RECORDS.json,RUN_05516,<RESULTS_ROOT>/run_statistics/EVALUATION_CORE_v2_A03.csv,502,0.16118587987087782,0.36104462479540717,0.32306707233004617,1.885675855927391,3.5173027751630963,2.253618514628558,2.265349388859
RUN_05527,D56_seed_06,go2_prior_metadata,D56,seed_06,A03,AB0111,semisynthetic,false,true,COMPLETED,NONE,true,true,56642,56642,5480,66.005054,339.997056,1.0,66.0,340.0,<V3_ROOT>/FINAL_EVALUATION_RECORDS.json,RUN_05527|v2,/12042/row,v2,COMPLETED,NONE,<V3_ROOT>/FINAL_RUN_RECORDS.json,RUN_05527,<RESULTS_ROOT>/run_statistics/EVALUATION_CORE_v2_A03.csv,503,0.16118587987087782,0.36104462479540717,0.32306707233004617,1.885675855927391,3.5173027751630963,2.253618514628558,2.265349388859
RUN_05538,D56_seed_07,go2_prior_metadata,D56,seed_07,A03,AB0111,semisynthetic,false,true,COMPLETED,NONE,true,true,56642,56642,5480,66.005054,339.997056,1.0,66.0,340.0,<V3_ROOT>/FINAL_EVALUATION_RECORDS.json,RUN_05538|v2,/12064/row,v2,COMPLETED,NONE,<V3_ROOT>/FINAL_RUN_RECORDS.json,RUN_05538,<RESULTS_ROOT>/run_statistics/EVALUATION_CORE_v2_A03.csv,504,0.16118587987087782,0.36104462479540717,0.32306707233004617,1.885675855927391,3.5173027751630963,2.253618514628558,2.265349388859
RUN_05549,D56_seed_08,go2_prior_metadata,D56,seed_08,A03,AB0111,semisynthetic,false,true,COMPLETED,NONE,true,true,56642,56642,5480,66.005054,339.997056,1.0,66.0,340.0,<V3_ROOT>/FINAL_EVALUATION_RECORDS.json,RUN_05549|v2,/12086/row,v2,COMPLETED,NONE,<V3_ROOT>/FINAL_RUN_RECORDS.json,RUN_05549,<RESULTS_ROOT>/run_statistics/EVALUATION_CORE_v2_A03.csv,505,0.16118587987087782,0.36104462479540717,0.32306707233004617,1.885675855927391,3.5173027751630963,2.253618514628558,2.265349388859
RUN_04967,D51_seed_00,go2_prior_metadata,D51,seed_00,A04,AB1011,semisynthetic,false,true,COMPLETED,NONE,true,true,56642,56642,5480,66.005054,339.997056,1.0,66.0,340.0,<V3_ROOT>/FINAL_EVALUATION_RECORDS.json,RUN_04967|v2,/10922/row,v2,COMPLETED,NONE,<V3_ROOT>/FINAL_RUN_RECORDS.json,RUN_04967,<RESULTS_ROOT>/run_statistics/EVALUATION_CORE_v2_A04.csv,452,0.15799246353044077,0.3597410665778028,0.3231903718400619,1.88617935010968,3.5235513469770012,2.4065210868121167,2.328081722879882
RUN_04978,D51_seed_01,go2_prior_metadata,D51,seed_01,A04,AB1011,semisynthetic,false,true,COMPLETED,NONE,true,true,56642,56642,5480,66.005054,339.997056,1.0,66.0,340.0,<V3_ROOT>/FINAL_EVALUATION_RECORDS.json,RUN_04978|v2,/10944/row,v2,COMPLETED,NONE,<V3_ROOT>/FINAL_RUN_RECORDS.json,RUN_04978,<RESULTS_ROOT>/run_statistics/EVALUATION_CORE_v2_A04.csv,453,0.1586122367863696,0.3600461199713649,0.3232264946567021,1.8753204019398688,3.5047124885412577,2.399357880297295,2.4241710171814836
RUN_04989,D51_seed_02,go2_prior_metadata,D51,seed_02,A04,AB1011,semisynthetic,false,true,COMPLETED,NONE,true,true,56642,56642,5480,66.005054,339.997056,1.0,66.0,340.0,<V3_ROOT>/FINAL_EVALUATION_RECORDS.json,RUN_04989|v2,/10966/row,v2,COMPLETED,NONE,<V3_ROOT>/FINAL_RUN_RECORDS.json,RUN_04989,<RESULTS_ROOT>/run_statistics/EVALUATION_CORE_v2_A04.csv,454,0.15831940803696198,0.3599275804172998,0.3232380364126068,1.8903694344810107,3.535991859497579,2.45230817618966,2.3613590503204334
RUN_05000,D51_seed_03,go2_prior_metadata,D51,seed_03,A04,AB1011,semisynthetic,false,true,COMPLETED,NONE,true,true,56642,56642,5480,66.005054,339.997056,1.0,66.0,340.0,<V3_ROOT>/FINAL_EVALUATION_RECORDS.json,RUN_05000|v2,/10988/row,v2,COMPLETED,NONE,<V3_ROOT>/FINAL_RUN_RECORDS.json,RUN_05000,<RESULTS_ROOT>/run_statistics/EVALUATION_CORE_v2_A04.csv,455,0.15825130741843377,0.35994136763541723,0.3232867331574418,1.8798878345475563,3.5116440932735675,2.3945587939363273,2.352919650006405
RUN_05011,D51_seed_04,go2_prior_metadata,D51,seed_04,A04,AB1011,semisynthetic,false,true,COMPLETED,NONE,true,true,56642,56642,5480,66.005054,339.997056,1.0,66.0,340.0,<V3_ROOT>/FINAL_EVALUATION_RECORDS.json,RUN_05011|v2,/11010/row,v2,COMPLETED,NONE,<V3_ROOT>/FINAL_RUN_RECORDS.json,RUN_05011,<RESULTS_ROOT>/run_statistics/EVALUATION_CORE_v2_A04.csv,456,0.15918689559063043,0.3604718293927853,0.32341841638657354,1.8863253851828439,3.52286715088202,2.3508210707320583,2.3208580439253708
RUN_05022,D51_seed_05,go2_prior_metadata,D51,seed_05,A04,AB1011,semisynthetic,false,true,COMPLETED,NONE,true,true,56642,56642,5480,66.005054,339.997056,1.0,66.0,340.0,<V3_ROOT>/FINAL_EVALUATION_RECORDS.json,RUN_05022|v2,/11032/row,v2,COMPLETED,NONE,<V3_ROOT>/FINAL_RUN_RECORDS.json,RUN_05022,<RESULTS_ROOT>/run_statistics/EVALUATION_CORE_v2_A04.csv,457,0.1584200671367942,0.3600149658390219,0.32328603118051,1.8850458691106178,3.519107386308704,2.3526278472093587,2.36453470186216
RUN_05033,D51_seed_06,go2_prior_metadata,D51,seed_06,A04,AB1011,semisynthetic,false,true,COMPLETED,NONE,true,true,56642,56642,5480,66.005054,339.997056,1.0,66.0,340.0,<V3_ROOT>/FINAL_EVALUATION_RECORDS.json,RUN_05033|v2,/11054/row,v2,COMPLETED,NONE,<V3_ROOT>/FINAL_RUN_RECORDS.json,RUN_05033,<RESULTS_ROOT>/run_statistics/EVALUATION_CORE_v2_A04.csv,458,0.1584580798325843,0.35997304585559253,0.32322071511325334,1.8874915851166807,3.526616967644321,2.4223938849255946,2.4607722692427276
RUN_05044,D51_seed_07,go2_prior_metadata,D51,seed_07,A04,AB1011,semisynthetic,false,true,COMPLETED,NONE,true,true,56642,56642,5480,66.005054,339.997056,1.0,66.0,340.0,<V3_ROOT>/FINAL_EVALUATION_RECORDS.json,RUN_05044|v2,/11076/row,v2,COMPLETED,NONE,<V3_ROOT>/FINAL_RUN_RECORDS.json,RUN_05044,<RESULTS_ROOT>/run_statistics/EVALUATION_CORE_v2_A04.csv,459,0.15861871548593476,0.3600851021101624,0.3232667379414068,1.8889826346508405,3.5285901524361005,2.4327722100825993,2.385542891889443
RUN_05055,D51_seed_08,go2_prior_metadata,D51,seed_08,A04,AB1011,semisynthetic,false,true,COMPLETED,NONE,true,true,56642,56642,5480,66.005054,339.997056,1.0,66.0,340.0,<V3_ROOT>/FINAL_EVALUATION_RECORDS.json,RUN_05055|v2,/11098/row,v2,COMPLETED,NONE,<V3_ROOT>/FINAL_RUN_RECORDS.json,RUN_05055,<RESULTS_ROOT>/run_statistics/EVALUATION_CORE_v2_A04.csv,460,0.15820219059157237,0.3598468466960949,0.32320553827116055,1.8830925636039515,3.5134796543380027,2.3656570663964023,2.3733672651319613
RUN_05066,D52_seed_00,go2_prior_metadata,D52,seed_00,A04,AB1011,semisynthetic,false,true,COMPLETED,NONE,true,true,56642,56642,5480,66.005054,339.997056,1.0,66.0,340.0,<V3_ROOT>/FINAL_EVALUATION_RECORDS.json,RUN_05066|v2,/11120/row,v2,COMPLETED,NONE,<V3_ROOT>/FINAL_RUN_RECORDS.json,RUN_05066,<RESULTS_ROOT>/run_statistics/EVALUATION_CORE_v2_A04.csv,461,0.154916577643184,0.3578148054448292,0.3225403679647624,1.9135140682664242,3.588183157967802,2.758841031355235,2.335183479693415
RUN_05077,D52_seed_01,go2_prior_metadata,D52,seed_01,A04,AB1011,semisynthetic,false,true,COMPLETED,NONE,true,true,56642,56642,5480,66.005054,339.997056,1.0,66.0,340.0,<V3_ROOT>/FINAL_EVALUATION_RECORDS.json,RUN_05077|v2,/11142/row,v2,COMPLETED,NONE,<V3_ROOT>/FINAL_RUN_RECORDS.json,RUN_05077,<RESULTS_ROOT>/run_statistics/EVALUATION_CORE_v2_A04.csv,462,0.1576967539229775,0.35899255826171766,0.32250176850592405,1.8983737646384529,3.5484520573134617,2.4554514690556037,2.71030865434609
RUN_05088,D52_seed_02,go2_prior_metadata,D52,seed_02,A04,AB1011,semisynthetic,false,true,COMPLETED,NONE,true,true,56642,56642,5480,66.005054,339.997056,1.0,66.0,340.0,<V3_ROOT>/FINAL_EVALUATION_RECORDS.json,RUN_05088|v2,/11164/row,v2,COMPLETED,NONE,<V3_ROOT>/FINAL_RUN_RECORDS.json,RUN_05088,<RESULTS_ROOT>/run_statistics/EVALUATION_CORE_v2_A04.csv,463,0.16363309227389927,0.3627306711332921,0.32372480734983844,1.8477237769735382,3.4236344932259586,2.0619213928568043,2.478644080999416
RUN_05099,D52_seed_03,go2_prior_metadata,D52,seed_03,A04,AB1011,semisynthetic,false,true,COMPLETED,NONE,true,true,56642,56642,5480,66.005054,339.997056,1.0,66.0,340.0,<V3_ROOT>/FINAL_EVALUATION_RECORDS.json,RUN_05099|v2,/11186/row,v2,COMPLETED,NONE,<V3_ROOT>/FINAL_RUN_RECORDS.json,RUN_05099,<RESULTS_ROOT>/run_statistics/EVALUATION_CORE_v2_A04.csv,464,0.16324692212700592,0.3633003215411837,0.32455749266961426,1.841715644314749,3.418843418730065,1.9204427303013645,2.0828922563086625
RUN_05110,D52_seed_04,go2_prior_metadata,D52,seed_04,A04,AB1011,semisynthetic,false,true,COMPLETED,NONE,true,true,56642,56642,5480,66.005054,339.997056,1.0,66.0,340.0,<V3_ROOT>/FINAL_EVALUATION_RECORDS.json,RUN_05110|v2,/11208/row,v2,COMPLETED,NONE,<V3_ROOT>/FINAL_RUN_RECORDS.json,RUN_05110,<RESULTS_ROOT>/run_statistics/EVALUATION_CORE_v2_A04.csv,465,0.16417892945808024,0.36359789647167545,0.32442057493418314,1.8360534070118744,3.4054905659485404,1.990881166763572,2.1266418276441463
RUN_05121,D52_seed_05,go2_prior_metadata,D52,seed_05,A04,AB1011,semisynthetic,false,true,COMPLETED,NONE,true,true,56642,56642,5480,66.005054,339.997056,1.0,66.0,340.0,<V3_ROOT>/FINAL_EVALUATION_RECORDS.json,RUN_05121|v2,/11230/row,v2,COMPLETED,NONE,<V3_ROOT>/FINAL_RUN_RECORDS.json,RUN_05121,<RESULTS_ROOT>/run_statistics/EVALUATION_CORE_v2_A04.csv,466,0.16421457630634329,0.3635996558745809,0.32440450471693794,1.8359169142401748,3.404584778868654,1.9954516904130992,2.133631202556672
RUN_05132,D52_seed_06,go2_prior_metadata,D52,seed_06,A04,AB1011,semisynthetic,false,true,COMPLETED,NONE,true,true,56642,56642,5480,66.005054,339.997056,1.0,66.0,340.0,<V3_ROOT>/FINAL_EVALUATION_RECORDS.json,RUN_05132|v2,/11252/row,v2,COMPLETED,NONE,<V3_ROOT>/FINAL_RUN_RECORDS.json,RUN_05132,<RESULTS_ROOT>/run_statistics/EVALUATION_CORE_v2_A04.csv,467,0.1641778234254534,0.3635978372305082,0.32442106826466094,1.836058279217715,3.405440297248539,1.9907350529206937,2.1264303989194917
RUN_05143,D52_seed_07,go2_prior_metadata,D52,seed_07,A04,AB1011,semisynthetic,false,true,COMPLETED,NONE,true,true,56642,56642,5480,66.005054,339.997056,1.0,66.0,340.0,<V3_ROOT>/FINAL_EVALUATION_RECORDS.json,RUN_05143|v2,/11274/row,v2,COMPLETED,NONE,<V3_ROOT>/FINAL_RUN_RECORDS.json,RUN_05143,<RESULTS_ROOT>/run_statistics/EVALUATION_CORE_v2_A04.csv,468,0.15464375214208861,0.3578973221645284,0.3227627660309603,1.9132351688769362,3.588015650532357,2.7540728412782784,2.198650664500204
RUN_05154,D52_seed_08,go2_prior_metadata,D52,seed_08,A04,AB1011,semisynthetic,false,true,COMPLETED,NONE,true,true,56642,56642,5480,66.005054,339.997056,1.0,66.0,340.0,<V3_ROOT>/FINAL_EVALUATION_RECORDS.json,RUN_05154|v2,/11296/row,v2,COMPLETED,NONE,<V3_ROOT>/FINAL_RUN_RECORDS.json,RUN_05154,<RESULTS_ROOT>/run_statistics/EVALUATION_CORE_v2_A04.csv,469,0.15566624993927716,0.358887468612101,0.3233701188369826,1.903099864734785,3.561567622102799,2.5146345277957,2.1119848563359933
RUN_05165,D53_seed_00,go2_prior_metadata,D53,seed_00,A04,AB1011,semisynthetic,false,true,COMPLETED,NONE,true,true,56642,56642,5480,66.005054,339.997056,1.0,66.0,340.0,<V3_ROOT>/FINAL_EVALUATION_RECORDS.json,RUN_05165|v2,/11318/row,v2,COMPLETED,NONE,<V3_ROOT>/FINAL_RUN_RECORDS.json,RUN_05165,<RESULTS_ROOT>/run_statistics/EVALUATION_CORE_v2_A04.csv,470,0.16545976960976413,0.36334056371270773,0.32348018467867856,1.886239709955484,3.5109456064962,2.069870746089492,2.142106800431022
RUN_05176,D53_seed_01,go2_prior_metadata,D53,seed_01,A04,AB1011,semisynthetic,false,true,COMPLETED,NONE,true,true,56642,56642,5480,66.005054,339.997056,1.0,66.0,340.0,<V3_ROOT>/FINAL_EVALUATION_RECORDS.json,RUN_05176|v2,/11340/row,v2,COMPLETED,NONE,<V3_ROOT>/FINAL_RUN_RECORDS.json,RUN_05176,<RESULTS_ROOT>/run_statistics/EVALUATION_CORE_v2_A04.csv,471,0.16607666764421508,0.36365154311218917,0.32351350091158376,1.8785127278105884,3.4970731531756,2.066580727479256,2.1434784914502285
RUN_05187,D53_seed_02,go2_prior_metadata,D53,seed_02,A04,AB1011,semisynthetic,false,true,COMPLETED,NONE,true,true,56642,56642,5480,66.005054,339.997056,1.0,66.0,340.0,<V3_ROOT>/FINAL_EVALUATION_RECORDS.json,RUN_05187|v2,/11362/row,v2,COMPLETED,NONE,<V3_ROOT>/FINAL_RUN_RECORDS.json,RUN_05187,<RESULTS_ROOT>/run_statistics/EVALUATION_CORE_v2_A04.csv,472,0.16968092643143992,0.36531700631826247,0.32351954857582516,1.8728908727165245,3.479844709894155,2.0620033672024585,2.142130021741046
RUN_05198,D53_seed_03,go2_prior_metadata,D53,seed_03,A04,AB1011,semisynthetic,false,true,COMPLETED,NONE,true,true,56642,56642,5480,66.005054,339.997056,1.0,66.0,340.0,<V3_ROOT>/FINAL_EVALUATION_RECORDS.json,RUN_05198|v2,/11384/row,v2,COMPLETED,NONE,<V3_ROOT>/FINAL_RUN_RECORDS.json,RUN_05198,<RESULTS_ROOT>/run_statistics/EVALUATION_CORE_v2_A04.csv,473,0.16759051082421655,0.36432923795447597,0.323495308018783,1.8742269191327996,3.4931788101156895,2.0655409724528875,2.1395765801930504
RUN_05209,D53_seed_04,go2_prior_metadata,D53,seed_04,A04,AB1011,semisynthetic,false,true,COMPLETED,NONE,true,true,56642,56642,5480,66.005054,339.997056,1.0,66.0,340.0,<V3_ROOT>/FINAL_EVALUATION_RECORDS.json,RUN_05209|v2,/11406/row,v2,COMPLETED,NONE,<V3_ROOT>/FINAL_RUN_RECORDS.json,RUN_05209,<RESULTS_ROOT>/run_statistics/EVALUATION_CORE_v2_A04.csv,474,0.16708457944069321,0.3641280258290921,0.32353046611921826,1.8976612462520137,3.5261236985827393,2.0620441143307837,2.134278214302323
RUN_05220,D53_seed_05,go2_prior_metadata,D53,seed_05,A04,AB1011,semisynthetic,false,true,COMPLETED,NONE,true,true,56642,56642,5480,66.005054,339.997056,1.0,66.0,340.0,<V3_ROOT>/FINAL_EVALUATION_RECORDS.json,RUN_05220|v2,/11428/row,v2,COMPLETED,NONE,<V3_ROOT>/FINAL_RUN_RECORDS.json,RUN_05220,<RESULTS_ROOT>/run_statistics/EVALUATION_CORE_v2_A04.csv,475,0.1648964901105166,0.3631503620847565,0.32355421961631414,1.8899821035456676,3.517143848829992,2.0695376940216583,2.136991441771627
RUN_05231,D53_seed_06,go2_prior_metadata,D53,seed_06,A04,AB1011,semisynthetic,false,true,COMPLETED,NONE,true,true,56642,56642,5480,66.005054,339.997056,1.0,66.0,340.0,<V3_ROOT>/FINAL_EVALUATION_RECORDS.json,RUN_05231|v2,/11450/row,v2,COMPLETED,NONE,<V3_ROOT>/FINAL_RUN_RECORDS.json,RUN_05231,<RESULTS_ROOT>/run_statistics/EVALUATION_CORE_v2_A04.csv,476,0.16778089819925868,0.36439302863500456,0.3234684675779715,1.8896918169536718,3.5109158725190626,2.0726360622277062,2.145330310905597
RUN_05242,D53_seed_07,go2_prior_metadata,D53,seed_07,A04,AB1011,semisynthetic,false,true,COMPLETED,NONE,true,true,56642,56642,5480,66.005054,339.997056,1.0,66.0,340.0,<V3_ROOT>/FINAL_EVALUATION_RECORDS.json,RUN_05242|v2,/11472/row,v2,COMPLETED,NONE,<V3_ROOT>/FINAL_RUN_RECORDS.json,RUN_05242,<RESULTS_ROOT>/run_statistics/EVALUATION_CORE_v2_A04.csv,477,0.16810123949431963,0.36460628450514976,0.3235424484996112,1.8852805720147678,3.504498538182812,2.0687671353555586,2.1430678318940575
RUN_05253,D53_seed_08,go2_prior_metadata,D53,seed_08,A04,AB1011,semisynthetic,false,true,COMPLETED,NONE,true,true,56642,56642,5480,66.005054,339.997056,1.0,66.0,340.0,<V3_ROOT>/FINAL_EVALUATION_RECORDS.json,RUN_05253|v2,/11494/row,v2,COMPLETED,NONE,<V3_ROOT>/FINAL_RUN_RECORDS.json,RUN_05253,<RESULTS_ROOT>/run_statistics/EVALUATION_CORE_v2_A04.csv,478,0.16631466563083716,0.36373891076014514,0.3234894545376706,1.8889538025509365,3.514701631083186,2.0657362809456328,2.1403177152627455
RUN_05264,D54_seed_00,go2_prior_metadata,D54,seed_00,A04,AB1011,semisynthetic,false,true,COMPLETED,NONE,true,true,56642,56642,5480,66.005054,339.997056,1.0,66.0,340.0,<V3_ROOT>/FINAL_EVALUATION_RECORDS.json,RUN_05264|v2,/11516/row,v2,COMPLETED,NONE,<V3_ROOT>/FINAL_RUN_RECORDS.json,RUN_05264,<RESULTS_ROOT>/run_statistics/EVALUATION_CORE_v2_A04.csv,479,0.1650271965426468,0.3632071460226586,0.3235513179129386,1.8849021676245479,3.5055063842651526,2.063263274692975,2.1416582724715836
RUN_05275,D54_seed_01,go2_prior_metadata,D54,seed_01,A04,AB1011,semisynthetic,false,true,COMPLETED,NONE,true,true,56642,56642,5480,66.005054,339.997056,1.0,66.0,340.0,<V3_ROOT>/FINAL_EVALUATION_RECORDS.json,RUN_05275|v2,/11538/row,v2,COMPLETED,NONE,<V3_ROOT>/FINAL_RUN_RECORDS.json,RUN_05275,<RESULTS_ROOT>/run_statistics/EVALUATION_CORE_v2_A04.csv,480,0.1650271965426468,0.3632071460226586,0.3235513179129386,1.8849021676245479,3.5055063842651526,2.063263274692975,2.1416582724715836
RUN_05286,D54_seed_02,go2_prior_metadata,D54,seed_02,A04,AB1011,semisynthetic,false,true,COMPLETED,NONE,true,true,56642,56642,5480,66.005054,339.997056,1.0,66.0,340.0,<V3_ROOT>/FINAL_EVALUATION_RECORDS.json,RUN_05286|v2,/11560/row,v2,COMPLETED,NONE,<V3_ROOT>/FINAL_RUN_RECORDS.json,RUN_05286,<RESULTS_ROOT>/run_statistics/EVALUATION_CORE_v2_A04.csv,481,0.1650271965426468,0.3632071460226586,0.3235513179129386,1.8849021676245479,3.5055063842651526,2.063263274692975,2.1416582724715836
RUN_05297,D54_seed_03,go2_prior_metadata,D54,seed_03,A04,AB1011,semisynthetic,false,true,COMPLETED,NONE,true,true,56642,56642,5480,66.005054,339.997056,1.0,66.0,340.0,<V3_ROOT>/FINAL_EVALUATION_RECORDS.json,RUN_05297|v2,/11582/row,v2,COMPLETED,NONE,<V3_ROOT>/FINAL_RUN_RECORDS.json,RUN_05297,<RESULTS_ROOT>/run_statistics/EVALUATION_CORE_v2_A04.csv,482,0.1650271965426468,0.3632071460226586,0.3235513179129386,1.8849021676245479,3.5055063842651526,2.063263274692975,2.1416582724715836
RUN_05308,D54_seed_04,go2_prior_metadata,D54,seed_04,A04,AB1011,semisynthetic,false,true,COMPLETED,NONE,true,true,56642,56642,5480,66.005054,339.997056,1.0,66.0,340.0,<V3_ROOT>/FINAL_EVALUATION_RECORDS.json,RUN_05308|v2,/11604/row,v2,COMPLETED,NONE,<V3_ROOT>/FINAL_RUN_RECORDS.json,RUN_05308,<RESULTS_ROOT>/run_statistics/EVALUATION_CORE_v2_A04.csv,483,0.15946861003465873,0.3606987635780946,0.32353262657787724,1.8857939301102657,3.508706794550012,2.067062412102382,2.141167353811763
RUN_05319,D54_seed_05,go2_prior_metadata,D54,seed_05,A04,AB1011,semisynthetic,false,true,COMPLETED,NONE,true,true,56642,56642,5480,66.005054,339.997056,1.0,66.0,340.0,<V3_ROOT>/FINAL_EVALUATION_RECORDS.json,RUN_05319|v2,/11626/row,v2,COMPLETED,NONE,<V3_ROOT>/FINAL_RUN_RECORDS.json,RUN_05319,<RESULTS_ROOT>/run_statistics/EVALUATION_CORE_v2_A04.csv,484,0.15948247428047882,0.3607049123459625,0.3235326477929003,1.8859574625504663,3.508941700750018,2.0670731546269807,2.141140377929958
RUN_05330,D54_seed_06,go2_prior_metadata,D54,seed_06,A04,AB1011,semisynthetic,false,true,COMPLETED,NONE,true,true,56642,56642,5480,66.005054,339.997056,1.0,66.0,340.0,<V3_ROOT>/FINAL_EVALUATION_RECORDS.json,RUN_05330|v2,/11648/row,v2,COMPLETED,NONE,<V3_ROOT>/FINAL_RUN_RECORDS.json,RUN_05330,<RESULTS_ROOT>/run_statistics/EVALUATION_CORE_v2_A04.csv,485,0.1594596663453153,0.36069483137973674,0.32353265089183414,1.8860627325241028,3.5091042359999953,2.0670535748715935,2.141152243166664
RUN_05341,D54_seed_07,go2_prior_metadata,D54,seed_07,A04,AB1011,semisynthetic,false,true,COMPLETED,NONE,true,true,56642,56642,5480,66.005054,339.997056,1.0,66.0,340.0,<V3_ROOT>/FINAL_EVALUATION_RECORDS.json,RUN_05341|v2,/11670/row,v2,COMPLETED,NONE,<V3_ROOT>/FINAL_RUN_RECORDS.json,RUN_05341,<RESULTS_ROOT>/run_statistics/EVALUATION_CORE_v2_A04.csv,486,0.15948079826694547,0.36070415327715133,0.3235326276830894,1.8858957145550603,3.5089123586635025,2.067081624918087,2.1411355832735466
RUN_05352,D54_seed_08,go2_prior_metadata,D54,seed_08,A04,AB1011,semisynthetic,false,true,COMPLETED,NONE,true,true,56642,56642,5480,66.005054,339.997056,1.0,66.0,340.0,<V3_ROOT>/FINAL_EVALUATION_RECORDS.json,RUN_05352|v2,/11692/row,v2,COMPLETED,NONE,<V3_ROOT>/FINAL_RUN_RECORDS.json,RUN_05352,<RESULTS_ROOT>/run_statistics/EVALUATION_CORE_v2_A04.csv,487,0.1650490023082831,0.3632170519090877,0.3235513153034141,1.8846766381853244,3.5048890600148166,2.063274963936018,2.1416992197065956
RUN_05363,D55_seed_00,go2_prior_metadata,D55,seed_00,A04,AB1011,semisynthetic,false,true,COMPLETED,NONE,true,true,56642,56642,5480,66.005054,339.997056,1.0,66.0,340.0,<V3_ROOT>/FINAL_EVALUATION_RECORDS.json,RUN_05363|v2,/11714/row,v2,COMPLETED,NONE,<V3_ROOT>/FINAL_RUN_RECORDS.json,RUN_05363,<RESULTS_ROOT>/run_statistics/EVALUATION_CORE_v2_A04.csv,488,0.1594586202539927,0.3606943495475878,0.3235326293007405,1.886000833151237,3.509204065400018,2.067087299693141,2.141149184458976
RUN_05374,D55_seed_01,go2_prior_metadata,D55,seed_01,A04,AB1011,semisynthetic,false,true,COMPLETED,NONE,true,true,56642,56642,5480,66.005054,339.997056,1.0,66.0,340.0,<V3_ROOT>/FINAL_EVALUATION_RECORDS.json,RUN_05374|v2,/11736/row,v2,COMPLETED,NONE,<V3_ROOT>/FINAL_RUN_RECORDS.json,RUN_05374,<RESULTS_ROOT>/run_statistics/EVALUATION_CORE_v2_A04.csv,489,0.1594586202539927,0.3606943495475878,0.3235326293007405,1.886000833151237,3.509204065400018,2.067087299693141,2.141149184458976
RUN_05385,D55_seed_02,go2_prior_metadata,D55,seed_02,A04,AB1011,semisynthetic,false,true,COMPLETED,NONE,true,true,56642,56642,5480,66.005054,339.997056,1.0,66.0,340.0,<V3_ROOT>/FINAL_EVALUATION_RECORDS.json,RUN_05385|v2,/11758/row,v2,COMPLETED,NONE,<V3_ROOT>/FINAL_RUN_RECORDS.json,RUN_05385,<RESULTS_ROOT>/run_statistics/EVALUATION_CORE_v2_A04.csv,490,0.1594586202539927,0.3606943495475878,0.3235326293007405,1.886000833151237,3.509204065400018,2.067087299693141,2.141149184458976
RUN_05396,D55_seed_03,go2_prior_metadata,D55,seed_03,A04,AB1011,semisynthetic,false,true,COMPLETED,NONE,true,true,56642,56642,5480,66.005054,339.997056,1.0,66.0,340.0,<V3_ROOT>/FINAL_EVALUATION_RECORDS.json,RUN_05396|v2,/11780/row,v2,COMPLETED,NONE,<V3_ROOT>/FINAL_RUN_RECORDS.json,RUN_05396,<RESULTS_ROOT>/run_statistics/EVALUATION_CORE_v2_A04.csv,491,0.1594586202539927,0.3606943495475878,0.3235326293007405,1.886000833151237,3.509204065400018,2.067087299693141,2.141149184458976
RUN_05407,D55_seed_04,go2_prior_metadata,D55,seed_04,A04,AB1011,semisynthetic,false,true,COMPLETED,NONE,true,true,56642,56642,5480,66.005054,339.997056,1.0,66.0,340.0,<V3_ROOT>/FINAL_EVALUATION_RECORDS.json,RUN_05407|v2,/11802/row,v2,COMPLETED,NONE,<V3_ROOT>/FINAL_RUN_RECORDS.json,RUN_05407,<RESULTS_ROOT>/run_statistics/EVALUATION_CORE_v2_A04.csv,492,0.1594586202539927,0.3606943495475878,0.3235326293007405,1.886000833151237,3.509204065400018,2.067087299693141,2.141149184458976
RUN_05418,D55_seed_05,go2_prior_metadata,D55,seed_05,A04,AB1011,semisynthetic,false,true,COMPLETED,NONE,true,true,56642,56642,5480,66.005054,339.997056,1.0,66.0,340.0,<V3_ROOT>/FINAL_EVALUATION_RECORDS.json,RUN_05418|v2,/11824/row,v2,COMPLETED,NONE,<V3_ROOT>/FINAL_RUN_RECORDS.json,RUN_05418,<RESULTS_ROOT>/run_statistics/EVALUATION_CORE_v2_A04.csv,493,0.1594586202539927,0.3606943495475878,0.3235326293007405,1.886000833151237,3.509204065400018,2.067087299693141,2.141149184458976
RUN_05429,D55_seed_06,go2_prior_metadata,D55,seed_06,A04,AB1011,semisynthetic,false,true,COMPLETED,NONE,true,true,56642,56642,5480,66.005054,339.997056,1.0,66.0,340.0,<V3_ROOT>/FINAL_EVALUATION_RECORDS.json,RUN_05429|v2,/11846/row,v2,COMPLETED,NONE,<V3_ROOT>/FINAL_RUN_RECORDS.json,RUN_05429,<RESULTS_ROOT>/run_statistics/EVALUATION_CORE_v2_A04.csv,494,0.1594586202539927,0.3606943495475878,0.3235326293007405,1.886000833151237,3.509204065400018,2.067087299693141,2.141149184458976
RUN_05440,D55_seed_07,go2_prior_metadata,D55,seed_07,A04,AB1011,semisynthetic,false,true,COMPLETED,NONE,true,true,56642,56642,5480,66.005054,339.997056,1.0,66.0,340.0,<V3_ROOT>/FINAL_EVALUATION_RECORDS.json,RUN_05440|v2,/11868/row,v2,COMPLETED,NONE,<V3_ROOT>/FINAL_RUN_RECORDS.json,RUN_05440,<RESULTS_ROOT>/run_statistics/EVALUATION_CORE_v2_A04.csv,495,0.1594586202539927,0.3606943495475878,0.3235326293007405,1.886000833151237,3.509204065400018,2.067087299693141,2.141149184458976
RUN_05451,D55_seed_08,go2_prior_metadata,D55,seed_08,A04,AB1011,semisynthetic,false,true,COMPLETED,NONE,true,true,56642,56642,5480,66.005054,339.997056,1.0,66.0,340.0,<V3_ROOT>/FINAL_EVALUATION_RECORDS.json,RUN_05451|v2,/11890/row,v2,COMPLETED,NONE,<V3_ROOT>/FINAL_RUN_RECORDS.json,RUN_05451,<RESULTS_ROOT>/run_statistics/EVALUATION_CORE_v2_A04.csv,496,0.1594586202539927,0.3606943495475878,0.3235326293007405,1.886000833151237,3.509204065400018,2.067087299693141,2.141149184458976
RUN_05462,D56_seed_00,go2_prior_metadata,D56,seed_00,A04,AB1011,semisynthetic,false,true,COMPLETED,NONE,true,true,56642,56642,5480,66.005054,339.997056,1.0,66.0,340.0,<V3_ROOT>/FINAL_EVALUATION_RECORDS.json,RUN_05462|v2,/11912/row,v2,COMPLETED,NONE,<V3_ROOT>/FINAL_RUN_RECORDS.json,RUN_05462,<RESULTS_ROOT>/run_statistics/EVALUATION_CORE_v2_A04.csv,497,0.1594586202539927,0.3606943495475878,0.3235326293007405,1.886000833151237,3.509204065400018,2.067087299693141,2.141149184458976
RUN_05473,D56_seed_01,go2_prior_metadata,D56,seed_01,A04,AB1011,semisynthetic,false,true,COMPLETED,NONE,true,true,56642,56642,5480,66.005054,339.997056,1.0,66.0,340.0,<V3_ROOT>/FINAL_EVALUATION_RECORDS.json,RUN_05473|v2,/11934/row,v2,COMPLETED,NONE,<V3_ROOT>/FINAL_RUN_RECORDS.json,RUN_05473,<RESULTS_ROOT>/run_statistics/EVALUATION_CORE_v2_A04.csv,498,0.1594586202539927,0.3606943495475878,0.3235326293007405,1.886000833151237,3.509204065400018,2.067087299693141,2.141149184458976
RUN_05484,D56_seed_02,go2_prior_metadata,D56,seed_02,A04,AB1011,semisynthetic,false,true,COMPLETED,NONE,true,true,56642,56642,5480,66.005054,339.997056,1.0,66.0,340.0,<V3_ROOT>/FINAL_EVALUATION_RECORDS.json,RUN_05484|v2,/11956/row,v2,COMPLETED,NONE,<V3_ROOT>/FINAL_RUN_RECORDS.json,RUN_05484,<RESULTS_ROOT>/run_statistics/EVALUATION_CORE_v2_A04.csv,499,0.1594586202539927,0.3606943495475878,0.3235326293007405,1.886000833151237,3.509204065400018,2.067087299693141,2.141149184458976
RUN_05495,D56_seed_03,go2_prior_metadata,D56,seed_03,A04,AB1011,semisynthetic,false,true,COMPLETED,NONE,true,true,56642,56642,5480,66.005054,339.997056,1.0,66.0,340.0,<V3_ROOT>/FINAL_EVALUATION_RECORDS.json,RUN_05495|v2,/11978/row,v2,COMPLETED,NONE,<V3_ROOT>/FINAL_RUN_RECORDS.json,RUN_05495,<RESULTS_ROOT>/run_statistics/EVALUATION_CORE_v2_A04.csv,500,0.1594586202539927,0.3606943495475878,0.3235326293007405,1.886000833151237,3.509204065400018,2.067087299693141,2.141149184458976
RUN_05506,D56_seed_04,go2_prior_metadata,D56,seed_04,A04,AB1011,semisynthetic,false,true,COMPLETED,NONE,true,true,56642,56642,5480,66.005054,339.997056,1.0,66.0,340.0,<V3_ROOT>/FINAL_EVALUATION_RECORDS.json,RUN_05506|v2,/12000/row,v2,COMPLETED,NONE,<V3_ROOT>/FINAL_RUN_RECORDS.json,RUN_05506,<RESULTS_ROOT>/run_statistics/EVALUATION_CORE_v2_A04.csv,501,0.1594586202539927,0.3606943495475878,0.3235326293007405,1.886000833151237,3.509204065400018,2.067087299693141,2.141149184458976
RUN_05517,D56_seed_05,go2_prior_metadata,D56,seed_05,A04,AB1011,semisynthetic,false,true,COMPLETED,NONE,true,true,56642,56642,5480,66.005054,339.997056,1.0,66.0,340.0,<V3_ROOT>/FINAL_EVALUATION_RECORDS.json,RUN_05517|v2,/12022/row,v2,COMPLETED,NONE,<V3_ROOT>/FINAL_RUN_RECORDS.json,RUN_05517,<RESULTS_ROOT>/run_statistics/EVALUATION_CORE_v2_A04.csv,502,0.1594586202539927,0.3606943495475878,0.3235326293007405,1.886000833151237,3.509204065400018,2.067087299693141,2.141149184458976
RUN_05528,D56_seed_06,go2_prior_metadata,D56,seed_06,A04,AB1011,semisynthetic,false,true,COMPLETED,NONE,true,true,56642,56642,5480,66.005054,339.997056,1.0,66.0,340.0,<V3_ROOT>/FINAL_EVALUATION_RECORDS.json,RUN_05528|v2,/12044/row,v2,COMPLETED,NONE,<V3_ROOT>/FINAL_RUN_RECORDS.json,RUN_05528,<RESULTS_ROOT>/run_statistics/EVALUATION_CORE_v2_A04.csv,503,0.1594586202539927,0.3606943495475878,0.3235326293007405,1.886000833151237,3.509204065400018,2.067087299693141,2.141149184458976
RUN_05539,D56_seed_07,go2_prior_metadata,D56,seed_07,A04,AB1011,semisynthetic,false,true,COMPLETED,NONE,true,true,56642,56642,5480,66.005054,339.997056,1.0,66.0,340.0,<V3_ROOT>/FINAL_EVALUATION_RECORDS.json,RUN_05539|v2,/12066/row,v2,COMPLETED,NONE,<V3_ROOT>/FINAL_RUN_RECORDS.json,RUN_05539,<RESULTS_ROOT>/run_statistics/EVALUATION_CORE_v2_A04.csv,504,0.1594586202539927,0.3606943495475878,0.3235326293007405,1.886000833151237,3.509204065400018,2.067087299693141,2.141149184458976
RUN_05550,D56_seed_08,go2_prior_metadata,D56,seed_08,A04,AB1011,semisynthetic,false,true,COMPLETED,NONE,true,true,56642,56642,5480,66.005054,339.997056,1.0,66.0,340.0,<V3_ROOT>/FINAL_EVALUATION_RECORDS.json,RUN_05550|v2,/12088/row,v2,COMPLETED,NONE,<V3_ROOT>/FINAL_RUN_RECORDS.json,RUN_05550,<RESULTS_ROOT>/run_statistics/EVALUATION_CORE_v2_A04.csv,505,0.1594586202539927,0.3606943495475878,0.3235326293007405,1.886000833151237,3.509204065400018,2.067087299693141,2.141149184458976
RUN_04968,D51_seed_00,go2_prior_metadata,D51,seed_00,A05,AB1101,semisynthetic,false,true,COMPLETED,NONE,true,true,56642,56642,5480,66.005054,339.997056,1.0,66.0,340.0,<V3_ROOT>/FINAL_EVALUATION_RECORDS.json,RUN_04968|v2,/10924/row,v2,COMPLETED,NONE,<V3_ROOT>/FINAL_RUN_RECORDS.json,RUN_04968,<RESULTS_ROOT>/run_statistics/EVALUATION_CORE_v2_A05.csv,452,0.15784839926972657,0.35875642615961517,0.32216464138512224,1.913840178316258,3.616925518683951,3.3263435728431436,2.9293002515054924
RUN_04979,D51_seed_01,go2_prior_metadata,D51,seed_01,A05,AB1101,semisynthetic,false,true,COMPLETED,NONE,true,true,56642,56642,5480,66.005054,339.997056,1.0,66.0,340.0,<V3_ROOT>/FINAL_EVALUATION_RECORDS.json,RUN_04979|v2,/10946/row,v2,COMPLETED,NONE,<V3_ROOT>/FINAL_RUN_RECORDS.json,RUN_04979,<RESULTS_ROOT>/run_statistics/EVALUATION_CORE_v2_A05.csv,453,0.15784839926972657,0.35875642615961517,0.32216464138512224,1.913840178316258,3.616925518683951,3.3263435728431436,2.9293002515054924
RUN_04990,D51_seed_02,go2_prior_metadata,D51,seed_02,A05,AB1101,semisynthetic,false,true,COMPLETED,NONE,true,true,56642,56642,5480,66.005054,339.997056,1.0,66.0,340.0,<V3_ROOT>/FINAL_EVALUATION_RECORDS.json,RUN_04990|v2,/10968/row,v2,COMPLETED,NONE,<V3_ROOT>/FINAL_RUN_RECORDS.json,RUN_04990,<RESULTS_ROOT>/run_statistics/EVALUATION_CORE_v2_A05.csv,454,0.15784839926972657,0.35875642615961517,0.32216464138512224,1.913840178316258,3.616925518683951,3.3263435728431436,2.9293002515054924
RUN_05001,D51_seed_03,go2_prior_metadata,D51,seed_03,A05,AB1101,semisynthetic,false,true,COMPLETED,NONE,true,true,56642,56642,5480,66.005054,339.997056,1.0,66.0,340.0,<V3_ROOT>/FINAL_EVALUATION_RECORDS.json,RUN_05001|v2,/10990/row,v2,COMPLETED,NONE,<V3_ROOT>/FINAL_RUN_RECORDS.json,RUN_05001,<RESULTS_ROOT>/run_statistics/EVALUATION_CORE_v2_A05.csv,455,0.15784839926972657,0.35875642615961517,0.32216464138512224,1.913840178316258,3.616925518683951,3.3263435728431436,2.9293002515054924
RUN_05012,D51_seed_04,go2_prior_metadata,D51,seed_04,A05,AB1101,semisynthetic,false,true,COMPLETED,NONE,true,true,56642,56642,5480,66.005054,339.997056,1.0,66.0,340.0,<V3_ROOT>/FINAL_EVALUATION_RECORDS.json,RUN_05012|v2,/11012/row,v2,COMPLETED,NONE,<V3_ROOT>/FINAL_RUN_RECORDS.json,RUN_05012,<RESULTS_ROOT>/run_statistics/EVALUATION_CORE_v2_A05.csv,456,0.15784839926972657,0.35875642615961517,0.32216464138512224,1.913840178316258,3.616925518683951,3.3263435728431436,2.9293002515054924
RUN_05023,D51_seed_05,go2_prior_metadata,D51,seed_05,A05,AB1101,semisynthetic,false,true,COMPLETED,NONE,true,true,56642,56642,5480,66.005054,339.997056,1.0,66.0,340.0,<V3_ROOT>/FINAL_EVALUATION_RECORDS.json,RUN_05023|v2,/11034/row,v2,COMPLETED,NONE,<V3_ROOT>/FINAL_RUN_RECORDS.json,RUN_05023,<RESULTS_ROOT>/run_statistics/EVALUATION_CORE_v2_A05.csv,457,0.15784839926972657,0.35875642615961517,0.32216464138512224,1.913840178316258,3.616925518683951,3.3263435728431436,2.9293002515054924
RUN_05034,D51_seed_06,go2_prior_metadata,D51,seed_06,A05,AB1101,semisynthetic,false,true,COMPLETED,NONE,true,true,56642,56642,5480,66.005054,339.997056,1.0,66.0,340.0,<V3_ROOT>/FINAL_EVALUATION_RECORDS.json,RUN_05034|v2,/11056/row,v2,COMPLETED,NONE,<V3_ROOT>/FINAL_RUN_RECORDS.json,RUN_05034,<RESULTS_ROOT>/run_statistics/EVALUATION_CORE_v2_A05.csv,458,0.15784839926972657,0.35875642615961517,0.32216464138512224,1.913840178316258,3.616925518683951,3.3263435728431436,2.9293002515054924
RUN_05045,D51_seed_07,go2_prior_metadata,D51,seed_07,A05,AB1101,semisynthetic,false,true,COMPLETED,NONE,true,true,56642,56642,5480,66.005054,339.997056,1.0,66.0,340.0,<V3_ROOT>/FINAL_EVALUATION_RECORDS.json,RUN_05045|v2,/11078/row,v2,COMPLETED,NONE,<V3_ROOT>/FINAL_RUN_RECORDS.json,RUN_05045,<RESULTS_ROOT>/run_statistics/EVALUATION_CORE_v2_A05.csv,459,0.15784839926972657,0.35875642615961517,0.32216464138512224,1.913840178316258,3.616925518683951,3.3263435728431436,2.9293002515054924
RUN_05056,D51_seed_08,go2_prior_metadata,D51,seed_08,A05,AB1101,semisynthetic,false,true,COMPLETED,NONE,true,true,56642,56642,5480,66.005054,339.997056,1.0,66.0,340.0,<V3_ROOT>/FINAL_EVALUATION_RECORDS.json,RUN_05056|v2,/11100/row,v2,COMPLETED,NONE,<V3_ROOT>/FINAL_RUN_RECORDS.json,RUN_05056,<RESULTS_ROOT>/run_statistics/EVALUATION_CORE_v2_A05.csv,460,0.15784839926972657,0.35875642615961517,0.32216464138512224,1.913840178316258,3.616925518683951,3.3263435728431436,2.9293002515054924
RUN_05067,D52_seed_00,go2_prior_metadata,D52,seed_00,A05,AB1101,semisynthetic,false,true,COMPLETED,NONE,true,true,56642,56642,5480,66.005054,339.997056,1.0,66.0,340.0,<V3_ROOT>/FINAL_EVALUATION_RECORDS.json,RUN_05067|v2,/11122/row,v2,COMPLETED,NONE,<V3_ROOT>/FINAL_RUN_RECORDS.json,RUN_05067,<RESULTS_ROOT>/run_statistics/EVALUATION_CORE_v2_A05.csv,461,0.15784839926972657,0.35875642615961517,0.32216464138512224,1.913840178316258,3.616925518683951,3.3263435728431436,2.9293002515054924
RUN_05078,D52_seed_01,go2_prior_metadata,D52,seed_01,A05,AB1101,semisynthetic,false,true,COMPLETED,NONE,true,true,56642,56642,5480,66.005054,339.997056,1.0,66.0,340.0,<V3_ROOT>/FINAL_EVALUATION_RECORDS.json,RUN_05078|v2,/11144/row,v2,COMPLETED,NONE,<V3_ROOT>/FINAL_RUN_RECORDS.json,RUN_05078,<RESULTS_ROOT>/run_statistics/EVALUATION_CORE_v2_A05.csv,462,0.15784839926972657,0.35875642615961517,0.32216464138512224,1.913840178316258,3.616925518683951,3.3263435728431436,2.9293002515054924
RUN_05089,D52_seed_02,go2_prior_metadata,D52,seed_02,A05,AB1101,semisynthetic,false,true,COMPLETED,NONE,true,true,56642,56642,5480,66.005054,339.997056,1.0,66.0,340.0,<V3_ROOT>/FINAL_EVALUATION_RECORDS.json,RUN_05089|v2,/11166/row,v2,COMPLETED,NONE,<V3_ROOT>/FINAL_RUN_RECORDS.json,RUN_05089,<RESULTS_ROOT>/run_statistics/EVALUATION_CORE_v2_A05.csv,463,0.15784839926972657,0.35875642615961517,0.32216464138512224,1.913840178316258,3.616925518683951,3.3263435728431436,2.9293002515054924
RUN_05100,D52_seed_03,go2_prior_metadata,D52,seed_03,A05,AB1101,semisynthetic,false,true,COMPLETED,NONE,true,true,56642,56642,5480,66.005054,339.997056,1.0,66.0,340.0,<V3_ROOT>/FINAL_EVALUATION_RECORDS.json,RUN_05100|v2,/11188/row,v2,COMPLETED,NONE,<V3_ROOT>/FINAL_RUN_RECORDS.json,RUN_05100,<RESULTS_ROOT>/run_statistics/EVALUATION_CORE_v2_A05.csv,464,0.15784839926972657,0.35875642615961517,0.32216464138512224,1.913840178316258,3.616925518683951,3.3263435728431436,2.9293002515054924
RUN_05111,D52_seed_04,go2_prior_metadata,D52,seed_04,A05,AB1101,semisynthetic,false,true,COMPLETED,NONE,true,true,56642,56642,5480,66.005054,339.997056,1.0,66.0,340.0,<V3_ROOT>/FINAL_EVALUATION_RECORDS.json,RUN_05111|v2,/11210/row,v2,COMPLETED,NONE,<V3_ROOT>/FINAL_RUN_RECORDS.json,RUN_05111,<RESULTS_ROOT>/run_statistics/EVALUATION_CORE_v2_A05.csv,465,0.15784839926972657,0.35875642615961517,0.32216464138512224,1.913840178316258,3.616925518683951,3.3263435728431436,2.9293002515054924
RUN_05122,D52_seed_05,go2_prior_metadata,D52,seed_05,A05,AB1101,semisynthetic,false,true,COMPLETED,NONE,true,true,56642,56642,5480,66.005054,339.997056,1.0,66.0,340.0,<V3_ROOT>/FINAL_EVALUATION_RECORDS.json,RUN_05122|v2,/11232/row,v2,COMPLETED,NONE,<V3_ROOT>/FINAL_RUN_RECORDS.json,RUN_05122,<RESULTS_ROOT>/run_statistics/EVALUATION_CORE_v2_A05.csv,466,0.15784839926972657,0.35875642615961517,0.32216464138512224,1.913840178316258,3.616925518683951,3.3263435728431436,2.9293002515054924
RUN_05133,D52_seed_06,go2_prior_metadata,D52,seed_06,A05,AB1101,semisynthetic,false,true,COMPLETED,NONE,true,true,56642,56642,5480,66.005054,339.997056,1.0,66.0,340.0,<V3_ROOT>/FINAL_EVALUATION_RECORDS.json,RUN_05133|v2,/11254/row,v2,COMPLETED,NONE,<V3_ROOT>/FINAL_RUN_RECORDS.json,RUN_05133,<RESULTS_ROOT>/run_statistics/EVALUATION_CORE_v2_A05.csv,467,0.15784839926972657,0.35875642615961517,0.32216464138512224,1.913840178316258,3.616925518683951,3.3263435728431436,2.9293002515054924
RUN_05144,D52_seed_07,go2_prior_metadata,D52,seed_07,A05,AB1101,semisynthetic,false,true,COMPLETED,NONE,true,true,56642,56642,5480,66.005054,339.997056,1.0,66.0,340.0,<V3_ROOT>/FINAL_EVALUATION_RECORDS.json,RUN_05144|v2,/11276/row,v2,COMPLETED,NONE,<V3_ROOT>/FINAL_RUN_RECORDS.json,RUN_05144,<RESULTS_ROOT>/run_statistics/EVALUATION_CORE_v2_A05.csv,468,0.15784839926972657,0.35875642615961517,0.32216464138512224,1.913840178316258,3.616925518683951,3.3263435728431436,2.9293002515054924
RUN_05155,D52_seed_08,go2_prior_metadata,D52,seed_08,A05,AB1101,semisynthetic,false,true,COMPLETED,NONE,true,true,56642,56642,5480,66.005054,339.997056,1.0,66.0,340.0,<V3_ROOT>/FINAL_EVALUATION_RECORDS.json,RUN_05155|v2,/11298/row,v2,COMPLETED,NONE,<V3_ROOT>/FINAL_RUN_RECORDS.json,RUN_05155,<RESULTS_ROOT>/run_statistics/EVALUATION_CORE_v2_A05.csv,469,0.15784839926972657,0.35875642615961517,0.32216464138512224,1.913840178316258,3.616925518683951,3.3263435728431436,2.9293002515054924
RUN_05166,D53_seed_00,go2_prior_metadata,D53,seed_00,A05,AB1101,semisynthetic,false,true,COMPLETED,NONE,true,true,56642,56642,5480,66.005054,339.997056,1.0,66.0,340.0,<V3_ROOT>/FINAL_EVALUATION_RECORDS.json,RUN_05166|v2,/11320/row,v2,COMPLETED,NONE,<V3_ROOT>/FINAL_RUN_RECORDS.json,RUN_05166,<RESULTS_ROOT>/run_statistics/EVALUATION_CORE_v2_A05.csv,470,0.15998119344757075,0.3596996273526166,0.32216430537957214,1.9134665291578008,3.6154970253713685,3.3307337092939036,2.932417391857777
RUN_05177,D53_seed_01,go2_prior_metadata,D53,seed_01,A05,AB1101,semisynthetic,false,true,COMPLETED,NONE,true,true,56642,56642,5480,66.005054,339.997056,1.0,66.0,340.0,<V3_ROOT>/FINAL_EVALUATION_RECORDS.json,RUN_05177|v2,/11342/row,v2,COMPLETED,NONE,<V3_ROOT>/FINAL_RUN_RECORDS.json,RUN_05177,<RESULTS_ROOT>/run_statistics/EVALUATION_CORE_v2_A05.csv,471,0.1602103717153131,0.3598101892901723,0.3221738802446139,1.912304924341901,3.6144585170241506,3.3268608244587843,2.9336519756573614
RUN_05188,D53_seed_02,go2_prior_metadata,D53,seed_02,A05,AB1101,semisynthetic,false,true,COMPLETED,NONE,true,true,56642,56642,5480,66.005054,339.997056,1.0,66.0,340.0,<V3_ROOT>/FINAL_EVALUATION_RECORDS.json,RUN_05188|v2,/11364/row,v2,COMPLETED,NONE,<V3_ROOT>/FINAL_RUN_RECORDS.json,RUN_05188,<RESULTS_ROOT>/run_statistics/EVALUATION_CORE_v2_A05.csv,472,0.16106260287011834,0.3602055565626385,0.32219075240500417,1.9084474482923222,3.6057258957353744,3.322500608993753,2.9313154269825175
RUN_05199,D53_seed_03,go2_prior_metadata,D53,seed_03,A05,AB1101,semisynthetic,false,true,COMPLETED,NONE,true,true,56642,56642,5480,66.005054,339.997056,1.0,66.0,340.0,<V3_ROOT>/FINAL_EVALUATION_RECORDS.json,RUN_05199|v2,/11386/row,v2,COMPLETED,NONE,<V3_ROOT>/FINAL_RUN_RECORDS.json,RUN_05199,<RESULTS_ROOT>/run_statistics/EVALUATION_CORE_v2_A05.csv,473,0.16050380842621442,0.35994461503884617,0.3221779840028555,1.9102983633850745,3.6110392666732207,3.327709856792338,2.928591830263888
RUN_05210,D53_seed_04,go2_prior_metadata,D53,seed_04,A05,AB1101,semisynthetic,false,true,COMPLETED,NONE,true,true,56642,56642,5480,66.005054,339.997056,1.0,66.0,340.0,<V3_ROOT>/FINAL_EVALUATION_RECORDS.json,RUN_05210|v2,/11408/row,v2,COMPLETED,NONE,<V3_ROOT>/FINAL_RUN_RECORDS.json,RUN_05210,<RESULTS_ROOT>/run_statistics/EVALUATION_CORE_v2_A05.csv,474,0.16000453190147462,0.3597293642491104,0.3221859172497444,1.918667938775787,3.6238678640362636,3.3222201279447376,2.9229959715888123
RUN_05221,D53_seed_05,go2_prior_metadata,D53,seed_05,A05,AB1101,semisynthetic,false,true,COMPLETED,NONE,true,true,56642,56642,5480,66.005054,339.997056,1.0,66.0,340.0,<V3_ROOT>/FINAL_EVALUATION_RECORDS.json,RUN_05221|v2,/11430/row,v2,COMPLETED,NONE,<V3_ROOT>/FINAL_RUN_RECORDS.json,RUN_05221,<RESULTS_ROOT>/run_statistics/EVALUATION_CORE_v2_A05.csv,475,0.15911317837781597,0.35932041795828584,0.32217100929200093,1.9143305026761148,3.617899323237939,3.3279451779095357,2.926218048439253
RUN_05232,D53_seed_06,go2_prior_metadata,D53,seed_06,A05,AB1101,semisynthetic,false,true,COMPLETED,NONE,true,true,56642,56642,5480,66.005054,339.997056,1.0,66.0,340.0,<V3_ROOT>/FINAL_EVALUATION_RECORDS.json,RUN_05232|v2,/11452/row,v2,COMPLETED,NONE,<V3_ROOT>/FINAL_RUN_RECORDS.json,RUN_05232,<RESULTS_ROOT>/run_statistics/EVALUATION_CORE_v2_A05.csv,476,0.16016988418922556,0.3597947278221252,0.3221767439890831,1.913309177782746,3.613121538095136,3.335122869139431,2.93908880502637
RUN_05243,D53_seed_07,go2_prior_metadata,D53,seed_07,A05,AB1101,semisynthetic,false,true,COMPLETED,NONE,true,true,56642,56642,5480,66.005054,339.997056,1.0,66.0,340.0,<V3_ROOT>/FINAL_EVALUATION_RECORDS.json,RUN_05243|v2,/11474/row,v2,COMPLETED,NONE,<V3_ROOT>/FINAL_RUN_RECORDS.json,RUN_05243,<RESULTS_ROOT>/run_statistics/EVALUATION_CORE_v2_A05.csv,477,0.16057740951177576,0.35997611480420416,0.3221765025324116,1.913558422341724,3.614650543733536,3.328379896769228,2.9305648445947874
RUN_05254,D53_seed_08,go2_prior_metadata,D53,seed_08,A05,AB1101,semisynthetic,false,true,COMPLETED,NONE,true,true,56642,56642,5480,66.005054,339.997056,1.0,66.0,340.0,<V3_ROOT>/FINAL_EVALUATION_RECORDS.json,RUN_05254|v2,/11496/row,v2,COMPLETED,NONE,<V3_ROOT>/FINAL_RUN_RECORDS.json,RUN_05254,<RESULTS_ROOT>/run_statistics/EVALUATION_CORE_v2_A05.csv,478,0.16017274462931827,0.3597967941326249,0.32217762949346074,1.9162522858692344,3.6204577847171713,3.3240771782595453,2.9293398315491004
RUN_05265,D54_seed_00,go2_prior_metadata,D54,seed_00,A05,AB1101,semisynthetic,false,true,COMPLETED,NONE,true,true,56642,56642,5480,66.005054,339.997056,1.0,66.0,340.0,<V3_ROOT>/FINAL_EVALUATION_RECORDS.json,RUN_05265|v2,/11518/row,v2,COMPLETED,NONE,<V3_ROOT>/FINAL_RUN_RECORDS.json,RUN_05265,<RESULTS_ROOT>/run_statistics/EVALUATION_CORE_v2_A05.csv,479,0.1598290003674483,0.359644409325971,0.3221781988294193,1.9131599485720197,3.6143248770546728,3.3195458431944957,2.9310579569730906
RUN_05276,D54_seed_01,go2_prior_metadata,D54,seed_01,A05,AB1101,semisynthetic,false,true,COMPLETED,NONE,true,true,56642,56642,5480,66.005054,339.997056,1.0,66.0,340.0,<V3_ROOT>/FINAL_EVALUATION_RECORDS.json,RUN_05276|v2,/11540/row,v2,COMPLETED,NONE,<V3_ROOT>/FINAL_RUN_RECORDS.json,RUN_05276,<RESULTS_ROOT>/run_statistics/EVALUATION_CORE_v2_A05.csv,480,0.1598290003674483,0.359644409325971,0.3221781988294193,1.9131599485720197,3.6143248770546728,3.3195458431944957,2.9310579569730906
RUN_05287,D54_seed_02,go2_prior_metadata,D54,seed_02,A05,AB1101,semisynthetic,false,true,COMPLETED,NONE,true,true,56642,56642,5480,66.005054,339.997056,1.0,66.0,340.0,<V3_ROOT>/FINAL_EVALUATION_RECORDS.json,RUN_05287|v2,/11562/row,v2,COMPLETED,NONE,<V3_ROOT>/FINAL_RUN_RECORDS.json,RUN_05287,<RESULTS_ROOT>/run_statistics/EVALUATION_CORE_v2_A05.csv,481,0.1598290003674483,0.359644409325971,0.3221781988294193,1.9131599485720197,3.6143248770546728,3.3195458431944957,2.9310579569730906
RUN_05298,D54_seed_03,go2_prior_metadata,D54,seed_03,A05,AB1101,semisynthetic,false,true,COMPLETED,NONE,true,true,56642,56642,5480,66.005054,339.997056,1.0,66.0,340.0,<V3_ROOT>/FINAL_EVALUATION_RECORDS.json,RUN_05298|v2,/11584/row,v2,COMPLETED,NONE,<V3_ROOT>/FINAL_RUN_RECORDS.json,RUN_05298,<RESULTS_ROOT>/run_statistics/EVALUATION_CORE_v2_A05.csv,482,0.1598290003674483,0.359644409325971,0.3221781988294193,1.9131599485720197,3.6143248770546728,3.3195458431944957,2.9310579569730906
RUN_05309,D54_seed_04,go2_prior_metadata,D54,seed_04,A05,AB1101,semisynthetic,false,true,COMPLETED,NONE,true,true,56642,56642,5480,66.005054,339.997056,1.0,66.0,340.0,<V3_ROOT>/FINAL_EVALUATION_RECORDS.json,RUN_05309|v2,/11606/row,v2,COMPLETED,NONE,<V3_ROOT>/FINAL_RUN_RECORDS.json,RUN_05309,<RESULTS_ROOT>/run_statistics/EVALUATION_CORE_v2_A05.csv,483,0.15785342002185035,0.35875875445234695,0.32216477411971145,1.9137326658321812,3.616686426333935,3.3262962065371875,2.9293232014990433
RUN_05320,D54_seed_05,go2_prior_metadata,D54,seed_05,A05,AB1101,semisynthetic,false,true,COMPLETED,NONE,true,true,56642,56642,5480,66.005054,339.997056,1.0,66.0,340.0,<V3_ROOT>/FINAL_EVALUATION_RECORDS.json,RUN_05320|v2,/11628/row,v2,COMPLETED,NONE,<V3_ROOT>/FINAL_RUN_RECORDS.json,RUN_05320,<RESULTS_ROOT>/run_statistics/EVALUATION_CORE_v2_A05.csv,484,0.1578608536141582,0.35876193062215395,0.3221646687021166,1.9138201633323573,3.6167439106839474,3.326325800734474,2.9292701356381783
RUN_05331,D54_seed_06,go2_prior_metadata,D54,seed_06,A05,AB1101,semisynthetic,false,true,COMPLETED,NONE,true,true,56642,56642,5480,66.005054,339.997056,1.0,66.0,340.0,<V3_ROOT>/FINAL_EVALUATION_RECORDS.json,RUN_05331|v2,/11650/row,v2,COMPLETED,NONE,<V3_ROOT>/FINAL_RUN_RECORDS.json,RUN_05331,<RESULTS_ROOT>/run_statistics/EVALUATION_CORE_v2_A05.csv,485,0.15784893651577286,0.3587566396564873,0.3221646159007133,1.91387852709286,3.6169425693839385,3.326317557867102,2.929316385869871
RUN_05342,D54_seed_07,go2_prior_metadata,D54,seed_07,A05,AB1101,semisynthetic,false,true,COMPLETED,NONE,true,true,56642,56642,5480,66.005054,339.997056,1.0,66.0,340.0,<V3_ROOT>/FINAL_EVALUATION_RECORDS.json,RUN_05342|v2,/11672/row,v2,COMPLETED,NONE,<V3_ROOT>/FINAL_RUN_RECORDS.json,RUN_05342,<RESULTS_ROOT>/run_statistics/EVALUATION_CORE_v2_A05.csv,486,0.15785995983915932,0.35876144868777415,0.3221645699702706,1.9137874576389278,3.6168473887339285,3.3263393063519886,2.9292832402421514
RUN_05353,D54_seed_08,go2_prior_metadata,D54,seed_08,A05,AB1101,semisynthetic,false,true,COMPLETED,NONE,true,true,56642,56642,5480,66.005054,339.997056,1.0,66.0,340.0,<V3_ROOT>/FINAL_EVALUATION_RECORDS.json,RUN_05353|v2,/11694/row,v2,COMPLETED,NONE,<V3_ROOT>/FINAL_RUN_RECORDS.json,RUN_05353,<RESULTS_ROOT>/run_statistics/EVALUATION_CORE_v2_A05.csv,487,0.15984287965643462,0.3596504562911984,0.3221780633960136,1.9130452029888882,3.614065456604679,3.3195364870043678,2.9311403804037965
RUN_05364,D55_seed_00,go2_prior_metadata,D55,seed_00,A05,AB1101,semisynthetic,false,true,COMPLETED,NONE,true,true,56642,56642,5480,66.005054,339.997056,1.0,66.0,340.0,<V3_ROOT>/FINAL_EVALUATION_RECORDS.json,RUN_05364|v2,/11716/row,v2,COMPLETED,NONE,<V3_ROOT>/FINAL_RUN_RECORDS.json,RUN_05364,<RESULTS_ROOT>/run_statistics/EVALUATION_CORE_v2_A05.csv,488,0.15784839926972657,0.35875642615961517,0.32216464138512224,1.913840178316258,3.616925518683951,3.3263435728431436,2.9293002515054924
RUN_05375,D55_seed_01,go2_prior_metadata,D55,seed_01,A05,AB1101,semisynthetic,false,true,COMPLETED,NONE,true,true,56642,56642,5480,66.005054,339.997056,1.0,66.0,340.0,<V3_ROOT>/FINAL_EVALUATION_RECORDS.json,RUN_05375|v2,/11738/row,v2,COMPLETED,NONE,<V3_ROOT>/FINAL_RUN_RECORDS.json,RUN_05375,<RESULTS_ROOT>/run_statistics/EVALUATION_CORE_v2_A05.csv,489,0.15784839926972657,0.35875642615961517,0.32216464138512224,1.913840178316258,3.616925518683951,3.3263435728431436,2.9293002515054924
RUN_05386,D55_seed_02,go2_prior_metadata,D55,seed_02,A05,AB1101,semisynthetic,false,true,COMPLETED,NONE,true,true,56642,56642,5480,66.005054,339.997056,1.0,66.0,340.0,<V3_ROOT>/FINAL_EVALUATION_RECORDS.json,RUN_05386|v2,/11760/row,v2,COMPLETED,NONE,<V3_ROOT>/FINAL_RUN_RECORDS.json,RUN_05386,<RESULTS_ROOT>/run_statistics/EVALUATION_CORE_v2_A05.csv,490,0.15784839926972657,0.35875642615961517,0.32216464138512224,1.913840178316258,3.616925518683951,3.3263435728431436,2.9293002515054924
RUN_05397,D55_seed_03,go2_prior_metadata,D55,seed_03,A05,AB1101,semisynthetic,false,true,COMPLETED,NONE,true,true,56642,56642,5480,66.005054,339.997056,1.0,66.0,340.0,<V3_ROOT>/FINAL_EVALUATION_RECORDS.json,RUN_05397|v2,/11782/row,v2,COMPLETED,NONE,<V3_ROOT>/FINAL_RUN_RECORDS.json,RUN_05397,<RESULTS_ROOT>/run_statistics/EVALUATION_CORE_v2_A05.csv,491,0.15784839926972657,0.35875642615961517,0.32216464138512224,1.913840178316258,3.616925518683951,3.3263435728431436,2.9293002515054924
RUN_05408,D55_seed_04,go2_prior_metadata,D55,seed_04,A05,AB1101,semisynthetic,false,true,COMPLETED,NONE,true,true,56642,56642,5480,66.005054,339.997056,1.0,66.0,340.0,<V3_ROOT>/FINAL_EVALUATION_RECORDS.json,RUN_05408|v2,/11804/row,v2,COMPLETED,NONE,<V3_ROOT>/FINAL_RUN_RECORDS.json,RUN_05408,<RESULTS_ROOT>/run_statistics/EVALUATION_CORE_v2_A05.csv,492,0.15784839926972657,0.35875642615961517,0.32216464138512224,1.913840178316258,3.616925518683951,3.3263435728431436,2.9293002515054924
RUN_05419,D55_seed_05,go2_prior_metadata,D55,seed_05,A05,AB1101,semisynthetic,false,true,COMPLETED,NONE,true,true,56642,56642,5480,66.005054,339.997056,1.0,66.0,340.0,<V3_ROOT>/FINAL_EVALUATION_RECORDS.json,RUN_05419|v2,/11826/row,v2,COMPLETED,NONE,<V3_ROOT>/FINAL_RUN_RECORDS.json,RUN_05419,<RESULTS_ROOT>/run_statistics/EVALUATION_CORE_v2_A05.csv,493,0.15784839926972657,0.35875642615961517,0.32216464138512224,1.913840178316258,3.616925518683951,3.3263435728431436,2.9293002515054924
RUN_05430,D55_seed_06,go2_prior_metadata,D55,seed_06,A05,AB1101,semisynthetic,false,true,COMPLETED,NONE,true,true,56642,56642,5480,66.005054,339.997056,1.0,66.0,340.0,<V3_ROOT>/FINAL_EVALUATION_RECORDS.json,RUN_05430|v2,/11848/row,v2,COMPLETED,NONE,<V3_ROOT>/FINAL_RUN_RECORDS.json,RUN_05430,<RESULTS_ROOT>/run_statistics/EVALUATION_CORE_v2_A05.csv,494,0.15784839926972657,0.35875642615961517,0.32216464138512224,1.913840178316258,3.616925518683951,3.3263435728431436,2.9293002515054924
RUN_05441,D55_seed_07,go2_prior_metadata,D55,seed_07,A05,AB1101,semisynthetic,false,true,COMPLETED,NONE,true,true,56642,56642,5480,66.005054,339.997056,1.0,66.0,340.0,<V3_ROOT>/FINAL_EVALUATION_RECORDS.json,RUN_05441|v2,/11870/row,v2,COMPLETED,NONE,<V3_ROOT>/FINAL_RUN_RECORDS.json,RUN_05441,<RESULTS_ROOT>/run_statistics/EVALUATION_CORE_v2_A05.csv,495,0.15784839926972657,0.35875642615961517,0.32216464138512224,1.913840178316258,3.616925518683951,3.3263435728431436,2.9293002515054924
RUN_05452,D55_seed_08,go2_prior_metadata,D55,seed_08,A05,AB1101,semisynthetic,false,true,COMPLETED,NONE,true,true,56642,56642,5480,66.005054,339.997056,1.0,66.0,340.0,<V3_ROOT>/FINAL_EVALUATION_RECORDS.json,RUN_05452|v2,/11892/row,v2,COMPLETED,NONE,<V3_ROOT>/FINAL_RUN_RECORDS.json,RUN_05452,<RESULTS_ROOT>/run_statistics/EVALUATION_CORE_v2_A05.csv,496,0.15784839926972657,0.35875642615961517,0.32216464138512224,1.913840178316258,3.616925518683951,3.3263435728431436,2.9293002515054924
RUN_05463,D56_seed_00,go2_prior_metadata,D56,seed_00,A05,AB1101,semisynthetic,false,true,COMPLETED,NONE,true,true,56642,56642,5480,66.005054,339.997056,1.0,66.0,340.0,<V3_ROOT>/FINAL_EVALUATION_RECORDS.json,RUN_05463|v2,/11914/row,v2,COMPLETED,NONE,<V3_ROOT>/FINAL_RUN_RECORDS.json,RUN_05463,<RESULTS_ROOT>/run_statistics/EVALUATION_CORE_v2_A05.csv,497,0.15784839926972657,0.35875642615961517,0.32216464138512224,1.913840178316258,3.616925518683951,3.3263435728431436,2.9293002515054924
RUN_05474,D56_seed_01,go2_prior_metadata,D56,seed_01,A05,AB1101,semisynthetic,false,true,COMPLETED,NONE,true,true,56642,56642,5480,66.005054,339.997056,1.0,66.0,340.0,<V3_ROOT>/FINAL_EVALUATION_RECORDS.json,RUN_05474|v2,/11936/row,v2,COMPLETED,NONE,<V3_ROOT>/FINAL_RUN_RECORDS.json,RUN_05474,<RESULTS_ROOT>/run_statistics/EVALUATION_CORE_v2_A05.csv,498,0.15784839926972657,0.35875642615961517,0.32216464138512224,1.913840178316258,3.616925518683951,3.3263435728431436,2.9293002515054924
RUN_05485,D56_seed_02,go2_prior_metadata,D56,seed_02,A05,AB1101,semisynthetic,false,true,COMPLETED,NONE,true,true,56642,56642,5480,66.005054,339.997056,1.0,66.0,340.0,<V3_ROOT>/FINAL_EVALUATION_RECORDS.json,RUN_05485|v2,/11958/row,v2,COMPLETED,NONE,<V3_ROOT>/FINAL_RUN_RECORDS.json,RUN_05485,<RESULTS_ROOT>/run_statistics/EVALUATION_CORE_v2_A05.csv,499,0.15784839926972657,0.35875642615961517,0.32216464138512224,1.913840178316258,3.616925518683951,3.3263435728431436,2.9293002515054924
RUN_05496,D56_seed_03,go2_prior_metadata,D56,seed_03,A05,AB1101,semisynthetic,false,true,COMPLETED,NONE,true,true,56642,56642,5480,66.005054,339.997056,1.0,66.0,340.0,<V3_ROOT>/FINAL_EVALUATION_RECORDS.json,RUN_05496|v2,/11980/row,v2,COMPLETED,NONE,<V3_ROOT>/FINAL_RUN_RECORDS.json,RUN_05496,<RESULTS_ROOT>/run_statistics/EVALUATION_CORE_v2_A05.csv,500,0.15784839926972657,0.35875642615961517,0.32216464138512224,1.913840178316258,3.616925518683951,3.3263435728431436,2.9293002515054924
RUN_05507,D56_seed_04,go2_prior_metadata,D56,seed_04,A05,AB1101,semisynthetic,false,true,COMPLETED,NONE,true,true,56642,56642,5480,66.005054,339.997056,1.0,66.0,340.0,<V3_ROOT>/FINAL_EVALUATION_RECORDS.json,RUN_05507|v2,/12002/row,v2,COMPLETED,NONE,<V3_ROOT>/FINAL_RUN_RECORDS.json,RUN_05507,<RESULTS_ROOT>/run_statistics/EVALUATION_CORE_v2_A05.csv,501,0.15784839926972657,0.35875642615961517,0.32216464138512224,1.913840178316258,3.616925518683951,3.3263435728431436,2.9293002515054924
RUN_05518,D56_seed_05,go2_prior_metadata,D56,seed_05,A05,AB1101,semisynthetic,false,true,COMPLETED,NONE,true,true,56642,56642,5480,66.005054,339.997056,1.0,66.0,340.0,<V3_ROOT>/FINAL_EVALUATION_RECORDS.json,RUN_05518|v2,/12024/row,v2,COMPLETED,NONE,<V3_ROOT>/FINAL_RUN_RECORDS.json,RUN_05518,<RESULTS_ROOT>/run_statistics/EVALUATION_CORE_v2_A05.csv,502,0.15784839926972657,0.35875642615961517,0.32216464138512224,1.913840178316258,3.616925518683951,3.3263435728431436,2.9293002515054924
RUN_05529,D56_seed_06,go2_prior_metadata,D56,seed_06,A05,AB1101,semisynthetic,false,true,COMPLETED,NONE,true,true,56642,56642,5480,66.005054,339.997056,1.0,66.0,340.0,<V3_ROOT>/FINAL_EVALUATION_RECORDS.json,RUN_05529|v2,/12046/row,v2,COMPLETED,NONE,<V3_ROOT>/FINAL_RUN_RECORDS.json,RUN_05529,<RESULTS_ROOT>/run_statistics/EVALUATION_CORE_v2_A05.csv,503,0.15784839926972657,0.35875642615961517,0.32216464138512224,1.913840178316258,3.616925518683951,3.3263435728431436,2.9293002515054924
RUN_05540,D56_seed_07,go2_prior_metadata,D56,seed_07,A05,AB1101,semisynthetic,false,true,COMPLETED,NONE,true,true,56642,56642,5480,66.005054,339.997056,1.0,66.0,340.0,<V3_ROOT>/FINAL_EVALUATION_RECORDS.json,RUN_05540|v2,/12068/row,v2,COMPLETED,NONE,<V3_ROOT>/FINAL_RUN_RECORDS.json,RUN_05540,<RESULTS_ROOT>/run_statistics/EVALUATION_CORE_v2_A05.csv,504,0.15784839926972657,0.35875642615961517,0.32216464138512224,1.913840178316258,3.616925518683951,3.3263435728431436,2.9293002515054924
RUN_05551,D56_seed_08,go2_prior_metadata,D56,seed_08,A05,AB1101,semisynthetic,false,true,COMPLETED,NONE,true,true,56642,56642,5480,66.005054,339.997056,1.0,66.0,340.0,<V3_ROOT>/FINAL_EVALUATION_RECORDS.json,RUN_05551|v2,/12090/row,v2,COMPLETED,NONE,<V3_ROOT>/FINAL_RUN_RECORDS.json,RUN_05551,<RESULTS_ROOT>/run_statistics/EVALUATION_CORE_v2_A05.csv,505,0.15784839926972657,0.35875642615961517,0.32216464138512224,1.913840178316258,3.616925518683951,3.3263435728431436,2.9293002515054924
RUN_04969,D51_seed_00,go2_prior_metadata,D51,seed_00,A06,AB1110,semisynthetic,false,true,COMPLETED,NONE,true,true,56642,56642,5480,66.005054,339.997056,1.0,66.0,340.0,<V3_ROOT>/FINAL_EVALUATION_RECORDS.json,RUN_04969|v2,/10926/row,v2,COMPLETED,NONE,<V3_ROOT>/FINAL_RUN_RECORDS.json,RUN_04969,<RESULTS_ROOT>/run_statistics/EVALUATION_CORE_v2_A06.csv,452,0.16296209886550916,0.3616812699040073,0.32288805387118824,1.8896526368736977,3.538774966320308,2.58736749985525,2.4515416093135993
RUN_04980,D51_seed_01,go2_prior_metadata,D51,seed_01,A06,AB1110,semisynthetic,false,true,COMPLETED,NONE,true,true,56642,56642,5480,66.005054,339.997056,1.0,66.0,340.0,<V3_ROOT>/FINAL_EVALUATION_RECORDS.json,RUN_04980|v2,/10948/row,v2,COMPLETED,NONE,<V3_ROOT>/FINAL_RUN_RECORDS.json,RUN_04980,<RESULTS_ROOT>/run_statistics/EVALUATION_CORE_v2_A06.csv,453,0.163543321443322,0.36197303911775525,0.3229211406201679,1.8807898250443136,3.5231322188736254,2.588116700114948,2.5323044356726068
RUN_04991,D51_seed_02,go2_prior_metadata,D51,seed_02,A06,AB1110,semisynthetic,false,true,COMPLETED,NONE,true,true,56642,56642,5480,66.005054,339.997056,1.0,66.0,340.0,<V3_ROOT>/FINAL_EVALUATION_RECORDS.json,RUN_04991|v2,/10970/row,v2,COMPLETED,NONE,<V3_ROOT>/FINAL_RUN_RECORDS.json,RUN_04991,<RESULTS_ROOT>/run_statistics/EVALUATION_CORE_v2_A06.csv,454,0.16328861230388597,0.3618685345291033,0.32293291156850523,1.8924304701865335,3.546845288528825,2.624521077962404,2.479918249853389
RUN_05002,D51_seed_03,go2_prior_metadata,D51,seed_03,A06,AB1110,semisynthetic,false,true,COMPLETED,NONE,true,true,56642,56642,5480,66.005054,339.997056,1.0,66.0,340.0,<V3_ROOT>/FINAL_EVALUATION_RECORDS.json,RUN_05002|v2,/10992/row,v2,COMPLETED,NONE,<V3_ROOT>/FINAL_RUN_RECORDS.json,RUN_05002,<RESULTS_ROOT>/run_statistics/EVALUATION_CORE_v2_A06.csv,455,0.16320997689758016,0.361872464433325,0.3229770641332591,1.8840240724058517,3.5287348499763453,2.574596946088863,2.472564922079715
RUN_05013,D51_seed_04,go2_prior_metadata,D51,seed_04,A06,AB1110,semisynthetic,false,true,COMPLETED,NONE,true,true,56642,56642,5480,66.005054,339.997056,1.0,66.0,340.0,<V3_ROOT>/FINAL_EVALUATION_RECORDS.json,RUN_05013|v2,/11014/row,v2,COMPLETED,NONE,<V3_ROOT>/FINAL_RUN_RECORDS.json,RUN_05013,<RESULTS_ROOT>/run_statistics/EVALUATION_CORE_v2_A06.csv,456,0.16398584089954674,0.36232061649717906,0.32308647932614637,1.8888479039763346,3.5374086025199465,2.5370126458630446,2.445924136675403
RUN_05024,D51_seed_05,go2_prior_metadata,D51,seed_05,A06,AB1110,semisynthetic,false,true,COMPLETED,NONE,true,true,56642,56642,5480,66.005054,339.997056,1.0,66.0,340.0,<V3_ROOT>/FINAL_EVALUATION_RECORDS.json,RUN_05024|v2,/11036/row,v2,COMPLETED,NONE,<V3_ROOT>/FINAL_RUN_RECORDS.json,RUN_05024,<RESULTS_ROOT>/run_statistics/EVALUATION_CORE_v2_A06.csv,457,0.16334349855179708,0.3619260262606801,0.3229695805578376,1.8881828397450928,3.534250524558996,2.543796269237596,2.481405877510457
RUN_05035,D51_seed_06,go2_prior_metadata,D51,seed_06,A06,AB1110,semisynthetic,false,true,COMPLETED,NONE,true,true,56642,56642,5480,66.005054,339.997056,1.0,66.0,340.0,<V3_ROOT>/FINAL_EVALUATION_RECORDS.json,RUN_05035|v2,/11058/row,v2,COMPLETED,NONE,<V3_ROOT>/FINAL_RUN_RECORDS.json,RUN_05035,<RESULTS_ROOT>/run_statistics/EVALUATION_CORE_v2_A06.csv,458,0.16340810605156933,0.3619082623170678,0.3229169881099454,1.8903740432522054,3.5408111788531045,2.593439291105453,2.5585540699685305
RUN_05046,D51_seed_07,go2_prior_metadata,D51,seed_07,A06,AB1110,semisynthetic,false,true,COMPLETED,NONE,true,true,56642,56642,5480,66.005054,339.997056,1.0,66.0,340.0,<V3_ROOT>/FINAL_EVALUATION_RECORDS.json,RUN_05046|v2,/11080/row,v2,COMPLETED,NONE,<V3_ROOT>/FINAL_RUN_RECORDS.json,RUN_05046,<RESULTS_ROOT>/run_statistics/EVALUATION_CORE_v2_A06.csv,459,0.16352014604269222,0.3619934330388201,0.32295573597848876,1.8916473514233858,3.542710180000273,2.6079694912093774,2.499537858670367
RUN_05057,D51_seed_08,go2_prior_metadata,D51,seed_08,A06,AB1110,semisynthetic,false,true,COMPLETED,NONE,true,true,56642,56642,5480,66.005054,339.997056,1.0,66.0,340.0,<V3_ROOT>/FINAL_EVALUATION_RECORDS.json,RUN_05057|v2,/11102/row,v2,COMPLETED,NONE,<V3_ROOT>/FINAL_RUN_RECORDS.json,RUN_05057,<RESULTS_ROOT>/run_statistics/EVALUATION_CORE_v2_A06.csv,460,0.16315935194278236,0.3617847785314906,0.32290440048207925,1.8870917406375598,3.5328787455022206,2.5502095185248135,2.485437638794941
RUN_05068,D52_seed_00,go2_prior_metadata,D52,seed_00,A06,AB1110,semisynthetic,false,true,COMPLETED,NONE,true,true,56642,56642,5480,66.005054,339.997056,1.0,66.0,340.0,<V3_ROOT>/FINAL_EVALUATION_RECORDS.json,RUN_05068|v2,/11124/row,v2,COMPLETED,NONE,<V3_ROOT>/FINAL_RUN_RECORDS.json,RUN_05068,<RESULTS_ROOT>/run_statistics/EVALUATION_CORE_v2_A06.csv,461,0.1604290640539707,0.36006761622125566,0.32235260764886703,1.912861273648089,3.5921492062678992,2.8455289295359547,2.421831324441821
RUN_05079,D52_seed_01,go2_prior_metadata,D52,seed_01,A06,AB1110,semisynthetic,false,true,COMPLETED,NONE,true,true,56642,56642,5480,66.005054,339.997056,1.0,66.0,340.0,<V3_ROOT>/FINAL_EVALUATION_RECORDS.json,RUN_05079|v2,/11146/row,v2,COMPLETED,NONE,<V3_ROOT>/FINAL_RUN_RECORDS.json,RUN_05079,<RESULTS_ROOT>/run_statistics/EVALUATION_CORE_v2_A06.csv,462,0.1630008084901207,0.3611788795457595,0.3223056305147294,1.900453012808429,3.559831274834543,2.5944752452823976,2.7345143420091236
RUN_05090,D52_seed_02,go2_prior_metadata,D52,seed_02,A06,AB1110,semisynthetic,false,true,COMPLETED,NONE,true,true,56642,56642,5480,66.005054,339.997056,1.0,66.0,340.0,<V3_ROOT>/FINAL_EVALUATION_RECORDS.json,RUN_05090|v2,/11168/row,v2,COMPLETED,NONE,<V3_ROOT>/FINAL_RUN_RECORDS.json,RUN_05090,<RESULTS_ROOT>/run_statistics/EVALUATION_CORE_v2_A06.csv,463,0.16817070498490247,0.3645104766046354,0.32339836353856116,1.8539347296822244,3.44420091128249,2.204061694963286,2.549844096449365
RUN_05101,D52_seed_03,go2_prior_metadata,D52,seed_03,A06,AB1110,semisynthetic,false,true,COMPLETED,NONE,true,true,56642,56642,5480,66.005054,339.997056,1.0,66.0,340.0,<V3_ROOT>/FINAL_EVALUATION_RECORDS.json,RUN_05101|v2,/11190/row,v2,COMPLETED,NONE,<V3_ROOT>/FINAL_RUN_RECORDS.json,RUN_05101,<RESULTS_ROOT>/run_statistics/EVALUATION_CORE_v2_A06.csv,464,0.16759533877471758,0.36492339998987766,0.3241618273041412,1.8476631787220603,3.4372214285030553,2.083023835698786,2.199691311052484
RUN_05112,D52_seed_04,go2_prior_metadata,D52,seed_04,A06,AB1110,semisynthetic,false,true,COMPLETED,NONE,true,true,56642,56642,5480,66.005054,339.997056,1.0,66.0,340.0,<V3_ROOT>/FINAL_EVALUATION_RECORDS.json,RUN_05112|v2,/11212/row,v2,COMPLETED,NONE,<V3_ROOT>/FINAL_RUN_RECORDS.json,RUN_05112,<RESULTS_ROOT>/run_statistics/EVALUATION_CORE_v2_A06.csv,465,0.16849648825584823,0.36522310055819257,0.3240321691233549,1.8435470178148545,3.428361699579398,2.1283842973867246,2.24897251243803
RUN_05123,D52_seed_05,go2_prior_metadata,D52,seed_05,A06,AB1110,semisynthetic,false,true,COMPLETED,NONE,true,true,56642,56642,5480,66.005054,339.997056,1.0,66.0,340.0,<V3_ROOT>/FINAL_EVALUATION_RECORDS.json,RUN_05123|v2,/11234/row,v2,COMPLETED,NONE,<V3_ROOT>/FINAL_RUN_RECORDS.json,RUN_05123,<RESULTS_ROOT>/run_statistics/EVALUATION_CORE_v2_A06.csv,466,0.16853370277461377,0.36522708501909285,0.32401730611283985,1.8434975183003177,3.428682066648566,2.1317595595687977,2.2554963108301824
RUN_05134,D52_seed_06,go2_prior_metadata,D52,seed_06,A06,AB1110,semisynthetic,false,true,COMPLETED,NONE,true,true,56642,56642,5480,66.005054,339.997056,1.0,66.0,340.0,<V3_ROOT>/FINAL_EVALUATION_RECORDS.json,RUN_05134|v2,/11256/row,v2,COMPLETED,NONE,<V3_ROOT>/FINAL_RUN_RECORDS.json,RUN_05134,<RESULTS_ROOT>/run_statistics/EVALUATION_CORE_v2_A06.csv,467,0.16849529595381554,0.36522295568960944,0.32403262583278636,1.8435490978850062,3.4283609105474113,2.128277390968486,2.248773738439402
RUN_05145,D52_seed_07,go2_prior_metadata,D52,seed_07,A06,AB1110,semisynthetic,false,true,COMPLETED,NONE,true,true,56642,56642,5480,66.005054,339.997056,1.0,66.0,340.0,<V3_ROOT>/FINAL_EVALUATION_RECORDS.json,RUN_05145|v2,/11278/row,v2,COMPLETED,NONE,<V3_ROOT>/FINAL_RUN_RECORDS.json,RUN_05145,<RESULTS_ROOT>/run_statistics/EVALUATION_CORE_v2_A06.csv,468,0.1601186402296794,0.36011285750816296,0.3225574230950095,1.9118957789361584,3.59022527539414,2.83592361863671,2.30770624331773
RUN_05156,D52_seed_08,go2_prior_metadata,D52,seed_08,A06,AB1110,semisynthetic,false,true,COMPLETED,NONE,true,true,56642,56642,5480,66.005054,339.997056,1.0,66.0,340.0,<V3_ROOT>/FINAL_EVALUATION_RECORDS.json,RUN_05156|v2,/11300/row,v2,COMPLETED,NONE,<V3_ROOT>/FINAL_RUN_RECORDS.json,RUN_05156,<RESULTS_ROOT>/run_statistics/EVALUATION_CORE_v2_A06.csv,469,0.1608979594850892,0.3609533651216537,0.3231086170720001,1.9013954748015842,3.563072779769393,2.6249313111763835,2.224408084511226
RUN_05167,D53_seed_00,go2_prior_metadata,D53,seed_00,A06,AB1110,semisynthetic,false,true,COMPLETED,NONE,true,true,56642,56642,5480,66.005054,339.997056,1.0,66.0,340.0,<V3_ROOT>/FINAL_EVALUATION_RECORDS.json,RUN_05167|v2,/11322/row,v2,COMPLETED,NONE,<V3_ROOT>/FINAL_RUN_RECORDS.json,RUN_05167,<RESULTS_ROOT>/run_statistics/EVALUATION_CORE_v2_A06.csv,470,0.16437832741446068,0.36262927287935165,0.3232332826697022,1.886870037275429,3.518760930538524,2.254502171719102,2.2654222167013276
RUN_05178,D53_seed_01,go2_prior_metadata,D53,seed_01,A06,AB1110,semisynthetic,false,true,COMPLETED,NONE,true,true,56642,56642,5480,66.005054,339.997056,1.0,66.0,340.0,<V3_ROOT>/FINAL_EVALUATION_RECORDS.json,RUN_05178|v2,/11344/row,v2,COMPLETED,NONE,<V3_ROOT>/FINAL_RUN_RECORDS.json,RUN_05178,<RESULTS_ROOT>/run_statistics/EVALUATION_CORE_v2_A06.csv,471,0.16437832741446068,0.36262927287935165,0.3232332826697022,1.886870037275429,3.518760930538524,2.254502171719102,2.2654222167013276
RUN_05189,D53_seed_02,go2_prior_metadata,D53,seed_02,A06,AB1110,semisynthetic,false,true,COMPLETED,NONE,true,true,56642,56642,5480,66.005054,339.997056,1.0,66.0,340.0,<V3_ROOT>/FINAL_EVALUATION_RECORDS.json,RUN_05189|v2,/11366/row,v2,COMPLETED,NONE,<V3_ROOT>/FINAL_RUN_RECORDS.json,RUN_05189,<RESULTS_ROOT>/run_statistics/EVALUATION_CORE_v2_A06.csv,472,0.16437832741446068,0.36262927287935165,0.3232332826697022,1.886870037275429,3.518760930538524,2.254502171719102,2.2654222167013276
RUN_05200,D53_seed_03,go2_prior_metadata,D53,seed_03,A06,AB1110,semisynthetic,false,true,COMPLETED,NONE,true,true,56642,56642,5480,66.005054,339.997056,1.0,66.0,340.0,<V3_ROOT>/FINAL_EVALUATION_RECORDS.json,RUN_05200|v2,/11388/row,v2,COMPLETED,NONE,<V3_ROOT>/FINAL_RUN_RECORDS.json,RUN_05200,<RESULTS_ROOT>/run_statistics/EVALUATION_CORE_v2_A06.csv,473,0.16437832741446068,0.36262927287935165,0.3232332826697022,1.886870037275429,3.518760930538524,2.254502171719102,2.2654222167013276
RUN_05211,D53_seed_04,go2_prior_metadata,D53,seed_04,A06,AB1110,semisynthetic,false,true,COMPLETED,NONE,true,true,56642,56642,5480,66.005054,339.997056,1.0,66.0,340.0,<V3_ROOT>/FINAL_EVALUATION_RECORDS.json,RUN_05211|v2,/11410/row,v2,COMPLETED,NONE,<V3_ROOT>/FINAL_RUN_RECORDS.json,RUN_05211,<RESULTS_ROOT>/run_statistics/EVALUATION_CORE_v2_A06.csv,474,0.16437832741446068,0.36262927287935165,0.3232332826697022,1.886870037275429,3.518760930538524,2.254502171719102,2.2654222167013276
RUN_05222,D53_seed_05,go2_prior_metadata,D53,seed_05,A06,AB1110,semisynthetic,false,true,COMPLETED,NONE,true,true,56642,56642,5480,66.005054,339.997056,1.0,66.0,340.0,<V3_ROOT>/FINAL_EVALUATION_RECORDS.json,RUN_05222|v2,/11432/row,v2,COMPLETED,NONE,<V3_ROOT>/FINAL_RUN_RECORDS.json,RUN_05222,<RESULTS_ROOT>/run_statistics/EVALUATION_CORE_v2_A06.csv,475,0.16437832741446068,0.36262927287935165,0.3232332826697022,1.886870037275429,3.518760930538524,2.254502171719102,2.2654222167013276
RUN_05233,D53_seed_06,go2_prior_metadata,D53,seed_06,A06,AB1110,semisynthetic,false,true,COMPLETED,NONE,true,true,56642,56642,5480,66.005054,339.997056,1.0,66.0,340.0,<V3_ROOT>/FINAL_EVALUATION_RECORDS.json,RUN_05233|v2,/11454/row,v2,COMPLETED,NONE,<V3_ROOT>/FINAL_RUN_RECORDS.json,RUN_05233,<RESULTS_ROOT>/run_statistics/EVALUATION_CORE_v2_A06.csv,476,0.16437832741446068,0.36262927287935165,0.3232332826697022,1.886870037275429,3.518760930538524,2.254502171719102,2.2654222167013276
RUN_05244,D53_seed_07,go2_prior_metadata,D53,seed_07,A06,AB1110,semisynthetic,false,true,COMPLETED,NONE,true,true,56642,56642,5480,66.005054,339.997056,1.0,66.0,340.0,<V3_ROOT>/FINAL_EVALUATION_RECORDS.json,RUN_05244|v2,/11476/row,v2,COMPLETED,NONE,<V3_ROOT>/FINAL_RUN_RECORDS.json,RUN_05244,<RESULTS_ROOT>/run_statistics/EVALUATION_CORE_v2_A06.csv,477,0.16437832741446068,0.36262927287935165,0.3232332826697022,1.886870037275429,3.518760930538524,2.254502171719102,2.2654222167013276
RUN_05255,D53_seed_08,go2_prior_metadata,D53,seed_08,A06,AB1110,semisynthetic,false,true,COMPLETED,NONE,true,true,56642,56642,5480,66.005054,339.997056,1.0,66.0,340.0,<V3_ROOT>/FINAL_EVALUATION_RECORDS.json,RUN_05255|v2,/11498/row,v2,COMPLETED,NONE,<V3_ROOT>/FINAL_RUN_RECORDS.json,RUN_05255,<RESULTS_ROOT>/run_statistics/EVALUATION_CORE_v2_A06.csv,478,0.16437832741446068,0.36262927287935165,0.3232332826697022,1.886870037275429,3.518760930538524,2.254502171719102,2.2654222167013276
RUN_05266,D54_seed_00,go2_prior_metadata,D54,seed_00,A06,AB1110,semisynthetic,false,true,COMPLETED,NONE,true,true,56642,56642,5480,66.005054,339.997056,1.0,66.0,340.0,<V3_ROOT>/FINAL_EVALUATION_RECORDS.json,RUN_05266|v2,/11520/row,v2,COMPLETED,NONE,<V3_ROOT>/FINAL_RUN_RECORDS.json,RUN_05266,<RESULTS_ROOT>/run_statistics/EVALUATION_CORE_v2_A06.csv,479,0.16437832741446068,0.36262927287935165,0.3232332826697022,1.886870037275429,3.518760930538524,2.254502171719102,2.2654222167013276
RUN_05277,D54_seed_01,go2_prior_metadata,D54,seed_01,A06,AB1110,semisynthetic,false,true,COMPLETED,NONE,true,true,56642,56642,5480,66.005054,339.997056,1.0,66.0,340.0,<V3_ROOT>/FINAL_EVALUATION_RECORDS.json,RUN_05277|v2,/11542/row,v2,COMPLETED,NONE,<V3_ROOT>/FINAL_RUN_RECORDS.json,RUN_05277,<RESULTS_ROOT>/run_statistics/EVALUATION_CORE_v2_A06.csv,480,0.16437832741446068,0.36262927287935165,0.3232332826697022,1.886870037275429,3.518760930538524,2.254502171719102,2.2654222167013276
RUN_05288,D54_seed_02,go2_prior_metadata,D54,seed_02,A06,AB1110,semisynthetic,false,true,COMPLETED,NONE,true,true,56642,56642,5480,66.005054,339.997056,1.0,66.0,340.0,<V3_ROOT>/FINAL_EVALUATION_RECORDS.json,RUN_05288|v2,/11564/row,v2,COMPLETED,NONE,<V3_ROOT>/FINAL_RUN_RECORDS.json,RUN_05288,<RESULTS_ROOT>/run_statistics/EVALUATION_CORE_v2_A06.csv,481,0.16437832741446068,0.36262927287935165,0.3232332826697022,1.886870037275429,3.518760930538524,2.254502171719102,2.2654222167013276
RUN_05299,D54_seed_03,go2_prior_metadata,D54,seed_03,A06,AB1110,semisynthetic,false,true,COMPLETED,NONE,true,true,56642,56642,5480,66.005054,339.997056,1.0,66.0,340.0,<V3_ROOT>/FINAL_EVALUATION_RECORDS.json,RUN_05299|v2,/11586/row,v2,COMPLETED,NONE,<V3_ROOT>/FINAL_RUN_RECORDS.json,RUN_05299,<RESULTS_ROOT>/run_statistics/EVALUATION_CORE_v2_A06.csv,482,0.16437832741446068,0.36262927287935165,0.3232332826697022,1.886870037275429,3.518760930538524,2.254502171719102,2.2654222167013276
RUN_05310,D54_seed_04,go2_prior_metadata,D54,seed_04,A06,AB1110,semisynthetic,false,true,COMPLETED,NONE,true,true,56642,56642,5480,66.005054,339.997056,1.0,66.0,340.0,<V3_ROOT>/FINAL_EVALUATION_RECORDS.json,RUN_05310|v2,/11608/row,v2,COMPLETED,NONE,<V3_ROOT>/FINAL_RUN_RECORDS.json,RUN_05310,<RESULTS_ROOT>/run_statistics/EVALUATION_CORE_v2_A06.csv,483,0.16437832741446068,0.36262927287935165,0.3232332826697022,1.886870037275429,3.518760930538524,2.254502171719102,2.2654222167013276
RUN_05321,D54_seed_05,go2_prior_metadata,D54,seed_05,A06,AB1110,semisynthetic,false,true,COMPLETED,NONE,true,true,56642,56642,5480,66.005054,339.997056,1.0,66.0,340.0,<V3_ROOT>/FINAL_EVALUATION_RECORDS.json,RUN_05321|v2,/11630/row,v2,COMPLETED,NONE,<V3_ROOT>/FINAL_RUN_RECORDS.json,RUN_05321,<RESULTS_ROOT>/run_statistics/EVALUATION_CORE_v2_A06.csv,484,0.16437832741446068,0.36262927287935165,0.3232332826697022,1.886870037275429,3.518760930538524,2.254502171719102,2.2654222167013276
RUN_05332,D54_seed_06,go2_prior_metadata,D54,seed_06,A06,AB1110,semisynthetic,false,true,COMPLETED,NONE,true,true,56642,56642,5480,66.005054,339.997056,1.0,66.0,340.0,<V3_ROOT>/FINAL_EVALUATION_RECORDS.json,RUN_05332|v2,/11652/row,v2,COMPLETED,NONE,<V3_ROOT>/FINAL_RUN_RECORDS.json,RUN_05332,<RESULTS_ROOT>/run_statistics/EVALUATION_CORE_v2_A06.csv,485,0.16437832741446068,0.36262927287935165,0.3232332826697022,1.886870037275429,3.518760930538524,2.254502171719102,2.2654222167013276
RUN_05343,D54_seed_07,go2_prior_metadata,D54,seed_07,A06,AB1110,semisynthetic,false,true,COMPLETED,NONE,true,true,56642,56642,5480,66.005054,339.997056,1.0,66.0,340.0,<V3_ROOT>/FINAL_EVALUATION_RECORDS.json,RUN_05343|v2,/11674/row,v2,COMPLETED,NONE,<V3_ROOT>/FINAL_RUN_RECORDS.json,RUN_05343,<RESULTS_ROOT>/run_statistics/EVALUATION_CORE_v2_A06.csv,486,0.16437832741446068,0.36262927287935165,0.3232332826697022,1.886870037275429,3.518760930538524,2.254502171719102,2.2654222167013276
RUN_05354,D54_seed_08,go2_prior_metadata,D54,seed_08,A06,AB1110,semisynthetic,false,true,COMPLETED,NONE,true,true,56642,56642,5480,66.005054,339.997056,1.0,66.0,340.0,<V3_ROOT>/FINAL_EVALUATION_RECORDS.json,RUN_05354|v2,/11696/row,v2,COMPLETED,NONE,<V3_ROOT>/FINAL_RUN_RECORDS.json,RUN_05354,<RESULTS_ROOT>/run_statistics/EVALUATION_CORE_v2_A06.csv,487,0.16437832741446068,0.36262927287935165,0.3232332826697022,1.886870037275429,3.518760930538524,2.254502171719102,2.2654222167013276
RUN_05365,D55_seed_00,go2_prior_metadata,D55,seed_00,A06,AB1110,semisynthetic,false,true,COMPLETED,NONE,true,true,56642,56642,5480,66.005054,339.997056,1.0,66.0,340.0,<V3_ROOT>/FINAL_EVALUATION_RECORDS.json,RUN_05365|v2,/11718/row,v2,COMPLETED,NONE,<V3_ROOT>/FINAL_RUN_RECORDS.json,RUN_05365,<RESULTS_ROOT>/run_statistics/EVALUATION_CORE_v2_A06.csv,488,0.16437832741446068,0.36262927287935165,0.3232332826697022,1.886870037275429,3.518760930538524,2.254502171719102,2.2654222167013276
RUN_05376,D55_seed_01,go2_prior_metadata,D55,seed_01,A06,AB1110,semisynthetic,false,true,COMPLETED,NONE,true,true,56642,56642,5480,66.005054,339.997056,1.0,66.0,340.0,<V3_ROOT>/FINAL_EVALUATION_RECORDS.json,RUN_05376|v2,/11740/row,v2,COMPLETED,NONE,<V3_ROOT>/FINAL_RUN_RECORDS.json,RUN_05376,<RESULTS_ROOT>/run_statistics/EVALUATION_CORE_v2_A06.csv,489,0.16437832741446068,0.36262927287935165,0.3232332826697022,1.886870037275429,3.518760930538524,2.254502171719102,2.2654222167013276
RUN_05387,D55_seed_02,go2_prior_metadata,D55,seed_02,A06,AB1110,semisynthetic,false,true,COMPLETED,NONE,true,true,56642,56642,5480,66.005054,339.997056,1.0,66.0,340.0,<V3_ROOT>/FINAL_EVALUATION_RECORDS.json,RUN_05387|v2,/11762/row,v2,COMPLETED,NONE,<V3_ROOT>/FINAL_RUN_RECORDS.json,RUN_05387,<RESULTS_ROOT>/run_statistics/EVALUATION_CORE_v2_A06.csv,490,0.16437832741446068,0.36262927287935165,0.3232332826697022,1.886870037275429,3.518760930538524,2.254502171719102,2.2654222167013276
RUN_05398,D55_seed_03,go2_prior_metadata,D55,seed_03,A06,AB1110,semisynthetic,false,true,COMPLETED,NONE,true,true,56642,56642,5480,66.005054,339.997056,1.0,66.0,340.0,<V3_ROOT>/FINAL_EVALUATION_RECORDS.json,RUN_05398|v2,/11784/row,v2,COMPLETED,NONE,<V3_ROOT>/FINAL_RUN_RECORDS.json,RUN_05398,<RESULTS_ROOT>/run_statistics/EVALUATION_CORE_v2_A06.csv,491,0.16437832741446068,0.36262927287935165,0.3232332826697022,1.886870037275429,3.518760930538524,2.254502171719102,2.2654222167013276
RUN_05409,D55_seed_04,go2_prior_metadata,D55,seed_04,A06,AB1110,semisynthetic,false,true,COMPLETED,NONE,true,true,56642,56642,5480,66.005054,339.997056,1.0,66.0,340.0,<V3_ROOT>/FINAL_EVALUATION_RECORDS.json,RUN_05409|v2,/11806/row,v2,COMPLETED,NONE,<V3_ROOT>/FINAL_RUN_RECORDS.json,RUN_05409,<RESULTS_ROOT>/run_statistics/EVALUATION_CORE_v2_A06.csv,492,0.16437832741446068,0.36262927287935165,0.3232332826697022,1.886870037275429,3.518760930538524,2.254502171719102,2.2654222167013276
RUN_05420,D55_seed_05,go2_prior_metadata,D55,seed_05,A06,AB1110,semisynthetic,false,true,COMPLETED,NONE,true,true,56642,56642,5480,66.005054,339.997056,1.0,66.0,340.0,<V3_ROOT>/FINAL_EVALUATION_RECORDS.json,RUN_05420|v2,/11828/row,v2,COMPLETED,NONE,<V3_ROOT>/FINAL_RUN_RECORDS.json,RUN_05420,<RESULTS_ROOT>/run_statistics/EVALUATION_CORE_v2_A06.csv,493,0.16437832741446068,0.36262927287935165,0.3232332826697022,1.886870037275429,3.518760930538524,2.254502171719102,2.2654222167013276
RUN_05431,D55_seed_06,go2_prior_metadata,D55,seed_06,A06,AB1110,semisynthetic,false,true,COMPLETED,NONE,true,true,56642,56642,5480,66.005054,339.997056,1.0,66.0,340.0,<V3_ROOT>/FINAL_EVALUATION_RECORDS.json,RUN_05431|v2,/11850/row,v2,COMPLETED,NONE,<V3_ROOT>/FINAL_RUN_RECORDS.json,RUN_05431,<RESULTS_ROOT>/run_statistics/EVALUATION_CORE_v2_A06.csv,494,0.16437832741446068,0.36262927287935165,0.3232332826697022,1.886870037275429,3.518760930538524,2.254502171719102,2.2654222167013276
RUN_05442,D55_seed_07,go2_prior_metadata,D55,seed_07,A06,AB1110,semisynthetic,false,true,COMPLETED,NONE,true,true,56642,56642,5480,66.005054,339.997056,1.0,66.0,340.0,<V3_ROOT>/FINAL_EVALUATION_RECORDS.json,RUN_05442|v2,/11872/row,v2,COMPLETED,NONE,<V3_ROOT>/FINAL_RUN_RECORDS.json,RUN_05442,<RESULTS_ROOT>/run_statistics/EVALUATION_CORE_v2_A06.csv,495,0.16437832741446068,0.36262927287935165,0.3232332826697022,1.886870037275429,3.518760930538524,2.254502171719102,2.2654222167013276
RUN_05453,D55_seed_08,go2_prior_metadata,D55,seed_08,A06,AB1110,semisynthetic,false,true,COMPLETED,NONE,true,true,56642,56642,5480,66.005054,339.997056,1.0,66.0,340.0,<V3_ROOT>/FINAL_EVALUATION_RECORDS.json,RUN_05453|v2,/11894/row,v2,COMPLETED,NONE,<V3_ROOT>/FINAL_RUN_RECORDS.json,RUN_05453,<RESULTS_ROOT>/run_statistics/EVALUATION_CORE_v2_A06.csv,496,0.16437832741446068,0.36262927287935165,0.3232332826697022,1.886870037275429,3.518760930538524,2.254502171719102,2.2654222167013276
RUN_05464,D56_seed_00,go2_prior_metadata,D56,seed_00,A06,AB1110,semisynthetic,false,true,COMPLETED,NONE,true,true,56642,56642,5480,66.005054,339.997056,1.0,66.0,340.0,<V3_ROOT>/FINAL_EVALUATION_RECORDS.json,RUN_05464|v2,/11916/row,v2,COMPLETED,NONE,<V3_ROOT>/FINAL_RUN_RECORDS.json,RUN_05464,<RESULTS_ROOT>/run_statistics/EVALUATION_CORE_v2_A06.csv,497,0.16437832741446068,0.36262927287935165,0.3232332826697022,1.886870037275429,3.518760930538524,2.254502171719102,2.2654222167013276
RUN_05475,D56_seed_01,go2_prior_metadata,D56,seed_01,A06,AB1110,semisynthetic,false,true,COMPLETED,NONE,true,true,56642,56642,5480,66.005054,339.997056,1.0,66.0,340.0,<V3_ROOT>/FINAL_EVALUATION_RECORDS.json,RUN_05475|v2,/11938/row,v2,COMPLETED,NONE,<V3_ROOT>/FINAL_RUN_RECORDS.json,RUN_05475,<RESULTS_ROOT>/run_statistics/EVALUATION_CORE_v2_A06.csv,498,0.16437832741446068,0.36262927287935165,0.3232332826697022,1.886870037275429,3.518760930538524,2.254502171719102,2.2654222167013276
RUN_05486,D56_seed_02,go2_prior_metadata,D56,seed_02,A06,AB1110,semisynthetic,false,true,COMPLETED,NONE,true,true,56642,56642,5480,66.005054,339.997056,1.0,66.0,340.0,<V3_ROOT>/FINAL_EVALUATION_RECORDS.json,RUN_05486|v2,/11960/row,v2,COMPLETED,NONE,<V3_ROOT>/FINAL_RUN_RECORDS.json,RUN_05486,<RESULTS_ROOT>/run_statistics/EVALUATION_CORE_v2_A06.csv,499,0.16437832741446068,0.36262927287935165,0.3232332826697022,1.886870037275429,3.518760930538524,2.254502171719102,2.2654222167013276
RUN_05497,D56_seed_03,go2_prior_metadata,D56,seed_03,A06,AB1110,semisynthetic,false,true,COMPLETED,NONE,true,true,56642,56642,5480,66.005054,339.997056,1.0,66.0,340.0,<V3_ROOT>/FINAL_EVALUATION_RECORDS.json,RUN_05497|v2,/11982/row,v2,COMPLETED,NONE,<V3_ROOT>/FINAL_RUN_RECORDS.json,RUN_05497,<RESULTS_ROOT>/run_statistics/EVALUATION_CORE_v2_A06.csv,500,0.16437832741446068,0.36262927287935165,0.3232332826697022,1.886870037275429,3.518760930538524,2.254502171719102,2.2654222167013276
RUN_05508,D56_seed_04,go2_prior_metadata,D56,seed_04,A06,AB1110,semisynthetic,false,true,COMPLETED,NONE,true,true,56642,56642,5480,66.005054,339.997056,1.0,66.0,340.0,<V3_ROOT>/FINAL_EVALUATION_RECORDS.json,RUN_05508|v2,/12004/row,v2,COMPLETED,NONE,<V3_ROOT>/FINAL_RUN_RECORDS.json,RUN_05508,<RESULTS_ROOT>/run_statistics/EVALUATION_CORE_v2_A06.csv,501,0.16437832741446068,0.36262927287935165,0.3232332826697022,1.886870037275429,3.518760930538524,2.254502171719102,2.2654222167013276
RUN_05519,D56_seed_05,go2_prior_metadata,D56,seed_05,A06,AB1110,semisynthetic,false,true,COMPLETED,NONE,true,true,56642,56642,5480,66.005054,339.997056,1.0,66.0,340.0,<V3_ROOT>/FINAL_EVALUATION_RECORDS.json,RUN_05519|v2,/12026/row,v2,COMPLETED,NONE,<V3_ROOT>/FINAL_RUN_RECORDS.json,RUN_05519,<RESULTS_ROOT>/run_statistics/EVALUATION_CORE_v2_A06.csv,502,0.16437832741446068,0.36262927287935165,0.3232332826697022,1.886870037275429,3.518760930538524,2.254502171719102,2.2654222167013276
RUN_05530,D56_seed_06,go2_prior_metadata,D56,seed_06,A06,AB1110,semisynthetic,false,true,COMPLETED,NONE,true,true,56642,56642,5480,66.005054,339.997056,1.0,66.0,340.0,<V3_ROOT>/FINAL_EVALUATION_RECORDS.json,RUN_05530|v2,/12048/row,v2,COMPLETED,NONE,<V3_ROOT>/FINAL_RUN_RECORDS.json,RUN_05530,<RESULTS_ROOT>/run_statistics/EVALUATION_CORE_v2_A06.csv,503,0.16437832741446068,0.36262927287935165,0.3232332826697022,1.886870037275429,3.518760930538524,2.254502171719102,2.2654222167013276
RUN_05541,D56_seed_07,go2_prior_metadata,D56,seed_07,A06,AB1110,semisynthetic,false,true,COMPLETED,NONE,true,true,56642,56642,5480,66.005054,339.997056,1.0,66.0,340.0,<V3_ROOT>/FINAL_EVALUATION_RECORDS.json,RUN_05541|v2,/12070/row,v2,COMPLETED,NONE,<V3_ROOT>/FINAL_RUN_RECORDS.json,RUN_05541,<RESULTS_ROOT>/run_statistics/EVALUATION_CORE_v2_A06.csv,504,0.16437832741446068,0.36262927287935165,0.3232332826697022,1.886870037275429,3.518760930538524,2.254502171719102,2.2654222167013276
RUN_05552,D56_seed_08,go2_prior_metadata,D56,seed_08,A06,AB1110,semisynthetic,false,true,COMPLETED,NONE,true,true,56642,56642,5480,66.005054,339.997056,1.0,66.0,340.0,<V3_ROOT>/FINAL_EVALUATION_RECORDS.json,RUN_05552|v2,/12092/row,v2,COMPLETED,NONE,<V3_ROOT>/FINAL_RUN_RECORDS.json,RUN_05552,<RESULTS_ROOT>/run_statistics/EVALUATION_CORE_v2_A06.csv,505,0.16437832741446068,0.36262927287935165,0.3232332826697022,1.886870037275429,3.518760930538524,2.254502171719102,2.2654222167013276
RUN_04970,D51_seed_00,go2_prior_metadata,D51,seed_00,A07,AB1100,semisynthetic,false,true,COMPLETED,NONE,true,true,56642,56642,5480,66.005054,339.997056,1.0,66.0,340.0,<V3_ROOT>/FINAL_EVALUATION_RECORDS.json,RUN_04970|v2,/10928/row,v2,COMPLETED,NONE,<V3_ROOT>/FINAL_RUN_RECORDS.json,RUN_04970,<RESULTS_ROOT>/run_statistics/EVALUATION_CORE_v2_A07.csv,452,0.16093690737319727,0.36014166024455246,0.32218213372074744,1.9144225265420964,3.617427559006549,3.326637339620488,2.929497934610635
RUN_04981,D51_seed_01,go2_prior_metadata,D51,seed_01,A07,AB1100,semisynthetic,false,true,COMPLETED,NONE,true,true,56642,56642,5480,66.005054,339.997056,1.0,66.0,340.0,<V3_ROOT>/FINAL_EVALUATION_RECORDS.json,RUN_04981|v2,/10950/row,v2,COMPLETED,NONE,<V3_ROOT>/FINAL_RUN_RECORDS.json,RUN_04981,<RESULTS_ROOT>/run_statistics/EVALUATION_CORE_v2_A07.csv,453,0.16093690737319727,0.36014166024455246,0.32218213372074744,1.9144225265420964,3.617427559006549,3.326637339620488,2.929497934610635
RUN_04992,D51_seed_02,go2_prior_metadata,D51,seed_02,A07,AB1100,semisynthetic,false,true,COMPLETED,NONE,true,true,56642,56642,5480,66.005054,339.997056,1.0,66.0,340.0,<V3_ROOT>/FINAL_EVALUATION_RECORDS.json,RUN_04992|v2,/10972/row,v2,COMPLETED,NONE,<V3_ROOT>/FINAL_RUN_RECORDS.json,RUN_04992,<RESULTS_ROOT>/run_statistics/EVALUATION_CORE_v2_A07.csv,454,0.16093690737319727,0.36014166024455246,0.32218213372074744,1.9144225265420964,3.617427559006549,3.326637339620488,2.929497934610635
RUN_05003,D51_seed_03,go2_prior_metadata,D51,seed_03,A07,AB1100,semisynthetic,false,true,COMPLETED,NONE,true,true,56642,56642,5480,66.005054,339.997056,1.0,66.0,340.0,<V3_ROOT>/FINAL_EVALUATION_RECORDS.json,RUN_05003|v2,/10994/row,v2,COMPLETED,NONE,<V3_ROOT>/FINAL_RUN_RECORDS.json,RUN_05003,<RESULTS_ROOT>/run_statistics/EVALUATION_CORE_v2_A07.csv,455,0.16093690737319727,0.36014166024455246,0.32218213372074744,1.9144225265420964,3.617427559006549,3.326637339620488,2.929497934610635
RUN_05014,D51_seed_04,go2_prior_metadata,D51,seed_04,A07,AB1100,semisynthetic,false,true,COMPLETED,NONE,true,true,56642,56642,5480,66.005054,339.997056,1.0,66.0,340.0,<V3_ROOT>/FINAL_EVALUATION_RECORDS.json,RUN_05014|v2,/11016/row,v2,COMPLETED,NONE,<V3_ROOT>/FINAL_RUN_RECORDS.json,RUN_05014,<RESULTS_ROOT>/run_statistics/EVALUATION_CORE_v2_A07.csv,456,0.16093690737319727,0.36014166024455246,0.32218213372074744,1.9144225265420964,3.617427559006549,3.326637339620488,2.929497934610635
RUN_05025,D51_seed_05,go2_prior_metadata,D51,seed_05,A07,AB1100,semisynthetic,false,true,COMPLETED,NONE,true,true,56642,56642,5480,66.005054,339.997056,1.0,66.0,340.0,<V3_ROOT>/FINAL_EVALUATION_RECORDS.json,RUN_05025|v2,/11038/row,v2,COMPLETED,NONE,<V3_ROOT>/FINAL_RUN_RECORDS.json,RUN_05025,<RESULTS_ROOT>/run_statistics/EVALUATION_CORE_v2_A07.csv,457,0.16093690737319727,0.36014166024455246,0.32218213372074744,1.9144225265420964,3.617427559006549,3.326637339620488,2.929497934610635
RUN_05036,D51_seed_06,go2_prior_metadata,D51,seed_06,A07,AB1100,semisynthetic,false,true,COMPLETED,NONE,true,true,56642,56642,5480,66.005054,339.997056,1.0,66.0,340.0,<V3_ROOT>/FINAL_EVALUATION_RECORDS.json,RUN_05036|v2,/11060/row,v2,COMPLETED,NONE,<V3_ROOT>/FINAL_RUN_RECORDS.json,RUN_05036,<RESULTS_ROOT>/run_statistics/EVALUATION_CORE_v2_A07.csv,458,0.16093690737319727,0.36014166024455246,0.32218213372074744,1.9144225265420964,3.617427559006549,3.326637339620488,2.929497934610635
RUN_05047,D51_seed_07,go2_prior_metadata,D51,seed_07,A07,AB1100,semisynthetic,false,true,COMPLETED,NONE,true,true,56642,56642,5480,66.005054,339.997056,1.0,66.0,340.0,<V3_ROOT>/FINAL_EVALUATION_RECORDS.json,RUN_05047|v2,/11082/row,v2,COMPLETED,NONE,<V3_ROOT>/FINAL_RUN_RECORDS.json,RUN_05047,<RESULTS_ROOT>/run_statistics/EVALUATION_CORE_v2_A07.csv,459,0.16093690737319727,0.36014166024455246,0.32218213372074744,1.9144225265420964,3.617427559006549,3.326637339620488,2.929497934610635
RUN_05058,D51_seed_08,go2_prior_metadata,D51,seed_08,A07,AB1100,semisynthetic,false,true,COMPLETED,NONE,true,true,56642,56642,5480,66.005054,339.997056,1.0,66.0,340.0,<V3_ROOT>/FINAL_EVALUATION_RECORDS.json,RUN_05058|v2,/11104/row,v2,COMPLETED,NONE,<V3_ROOT>/FINAL_RUN_RECORDS.json,RUN_05058,<RESULTS_ROOT>/run_statistics/EVALUATION_CORE_v2_A07.csv,460,0.16093690737319727,0.36014166024455246,0.32218213372074744,1.9144225265420964,3.617427559006549,3.326637339620488,2.929497934610635
RUN_05069,D52_seed_00,go2_prior_metadata,D52,seed_00,A07,AB1100,semisynthetic,false,true,COMPLETED,NONE,true,true,56642,56642,5480,66.005054,339.997056,1.0,66.0,340.0,<V3_ROOT>/FINAL_EVALUATION_RECORDS.json,RUN_05069|v2,/11126/row,v2,COMPLETED,NONE,<V3_ROOT>/FINAL_RUN_RECORDS.json,RUN_05069,<RESULTS_ROOT>/run_statistics/EVALUATION_CORE_v2_A07.csv,461,0.16093690737319727,0.36014166024455246,0.32218213372074744,1.9144225265420964,3.617427559006549,3.326637339620488,2.929497934610635
RUN_05080,D52_seed_01,go2_prior_metadata,D52,seed_01,A07,AB1100,semisynthetic,false,true,COMPLETED,NONE,true,true,56642,56642,5480,66.005054,339.997056,1.0,66.0,340.0,<V3_ROOT>/FINAL_EVALUATION_RECORDS.json,RUN_05080|v2,/11148/row,v2,COMPLETED,NONE,<V3_ROOT>/FINAL_RUN_RECORDS.json,RUN_05080,<RESULTS_ROOT>/run_statistics/EVALUATION_CORE_v2_A07.csv,462,0.16093690737319727,0.36014166024455246,0.32218213372074744,1.9144225265420964,3.617427559006549,3.326637339620488,2.929497934610635
RUN_05091,D52_seed_02,go2_prior_metadata,D52,seed_02,A07,AB1100,semisynthetic,false,true,COMPLETED,NONE,true,true,56642,56642,5480,66.005054,339.997056,1.0,66.0,340.0,<V3_ROOT>/FINAL_EVALUATION_RECORDS.json,RUN_05091|v2,/11170/row,v2,COMPLETED,NONE,<V3_ROOT>/FINAL_RUN_RECORDS.json,RUN_05091,<RESULTS_ROOT>/run_statistics/EVALUATION_CORE_v2_A07.csv,463,0.16093690737319727,0.36014166024455246,0.32218213372074744,1.9144225265420964,3.617427559006549,3.326637339620488,2.929497934610635
RUN_05102,D52_seed_03,go2_prior_metadata,D52,seed_03,A07,AB1100,semisynthetic,false,true,COMPLETED,NONE,true,true,56642,56642,5480,66.005054,339.997056,1.0,66.0,340.0,<V3_ROOT>/FINAL_EVALUATION_RECORDS.json,RUN_05102|v2,/11192/row,v2,COMPLETED,NONE,<V3_ROOT>/FINAL_RUN_RECORDS.json,RUN_05102,<RESULTS_ROOT>/run_statistics/EVALUATION_CORE_v2_A07.csv,464,0.16093690737319727,0.36014166024455246,0.32218213372074744,1.9144225265420964,3.617427559006549,3.326637339620488,2.929497934610635
RUN_05113,D52_seed_04,go2_prior_metadata,D52,seed_04,A07,AB1100,semisynthetic,false,true,COMPLETED,NONE,true,true,56642,56642,5480,66.005054,339.997056,1.0,66.0,340.0,<V3_ROOT>/FINAL_EVALUATION_RECORDS.json,RUN_05113|v2,/11214/row,v2,COMPLETED,NONE,<V3_ROOT>/FINAL_RUN_RECORDS.json,RUN_05113,<RESULTS_ROOT>/run_statistics/EVALUATION_CORE_v2_A07.csv,465,0.16093690737319727,0.36014166024455246,0.32218213372074744,1.9144225265420964,3.617427559006549,3.326637339620488,2.929497934610635
RUN_05124,D52_seed_05,go2_prior_metadata,D52,seed_05,A07,AB1100,semisynthetic,false,true,COMPLETED,NONE,true,true,56642,56642,5480,66.005054,339.997056,1.0,66.0,340.0,<V3_ROOT>/FINAL_EVALUATION_RECORDS.json,RUN_05124|v2,/11236/row,v2,COMPLETED,NONE,<V3_ROOT>/FINAL_RUN_RECORDS.json,RUN_05124,<RESULTS_ROOT>/run_statistics/EVALUATION_CORE_v2_A07.csv,466,0.16093690737319727,0.36014166024455246,0.32218213372074744,1.9144225265420964,3.617427559006549,3.326637339620488,2.929497934610635
RUN_05135,D52_seed_06,go2_prior_metadata,D52,seed_06,A07,AB1100,semisynthetic,false,true,COMPLETED,NONE,true,true,56642,56642,5480,66.005054,339.997056,1.0,66.0,340.0,<V3_ROOT>/FINAL_EVALUATION_RECORDS.json,RUN_05135|v2,/11258/row,v2,COMPLETED,NONE,<V3_ROOT>/FINAL_RUN_RECORDS.json,RUN_05135,<RESULTS_ROOT>/run_statistics/EVALUATION_CORE_v2_A07.csv,467,0.16093690737319727,0.36014166024455246,0.32218213372074744,1.9144225265420964,3.617427559006549,3.326637339620488,2.929497934610635
RUN_05146,D52_seed_07,go2_prior_metadata,D52,seed_07,A07,AB1100,semisynthetic,false,true,COMPLETED,NONE,true,true,56642,56642,5480,66.005054,339.997056,1.0,66.0,340.0,<V3_ROOT>/FINAL_EVALUATION_RECORDS.json,RUN_05146|v2,/11280/row,v2,COMPLETED,NONE,<V3_ROOT>/FINAL_RUN_RECORDS.json,RUN_05146,<RESULTS_ROOT>/run_statistics/EVALUATION_CORE_v2_A07.csv,468,0.16093690737319727,0.36014166024455246,0.32218213372074744,1.9144225265420964,3.617427559006549,3.326637339620488,2.929497934610635
RUN_05157,D52_seed_08,go2_prior_metadata,D52,seed_08,A07,AB1100,semisynthetic,false,true,COMPLETED,NONE,true,true,56642,56642,5480,66.005054,339.997056,1.0,66.0,340.0,<V3_ROOT>/FINAL_EVALUATION_RECORDS.json,RUN_05157|v2,/11302/row,v2,COMPLETED,NONE,<V3_ROOT>/FINAL_RUN_RECORDS.json,RUN_05157,<RESULTS_ROOT>/run_statistics/EVALUATION_CORE_v2_A07.csv,469,0.16093690737319727,0.36014166024455246,0.32218213372074744,1.9144225265420964,3.617427559006549,3.326637339620488,2.929497934610635
RUN_05168,D53_seed_00,go2_prior_metadata,D53,seed_00,A07,AB1100,semisynthetic,false,true,COMPLETED,NONE,true,true,56642,56642,5480,66.005054,339.997056,1.0,66.0,340.0,<V3_ROOT>/FINAL_EVALUATION_RECORDS.json,RUN_05168|v2,/11324/row,v2,COMPLETED,NONE,<V3_ROOT>/FINAL_RUN_RECORDS.json,RUN_05168,<RESULTS_ROOT>/run_statistics/EVALUATION_CORE_v2_A07.csv,470,0.16093690737319727,0.36014166024455246,0.32218213372074744,1.9144225265420964,3.617427559006549,3.326637339620488,2.929497934610635
RUN_05179,D53_seed_01,go2_prior_metadata,D53,seed_01,A07,AB1100,semisynthetic,false,true,COMPLETED,NONE,true,true,56642,56642,5480,66.005054,339.997056,1.0,66.0,340.0,<V3_ROOT>/FINAL_EVALUATION_RECORDS.json,RUN_05179|v2,/11346/row,v2,COMPLETED,NONE,<V3_ROOT>/FINAL_RUN_RECORDS.json,RUN_05179,<RESULTS_ROOT>/run_statistics/EVALUATION_CORE_v2_A07.csv,471,0.16093690737319727,0.36014166024455246,0.32218213372074744,1.9144225265420964,3.617427559006549,3.326637339620488,2.929497934610635
RUN_05190,D53_seed_02,go2_prior_metadata,D53,seed_02,A07,AB1100,semisynthetic,false,true,COMPLETED,NONE,true,true,56642,56642,5480,66.005054,339.997056,1.0,66.0,340.0,<V3_ROOT>/FINAL_EVALUATION_RECORDS.json,RUN_05190|v2,/11368/row,v2,COMPLETED,NONE,<V3_ROOT>/FINAL_RUN_RECORDS.json,RUN_05190,<RESULTS_ROOT>/run_statistics/EVALUATION_CORE_v2_A07.csv,472,0.16093690737319727,0.36014166024455246,0.32218213372074744,1.9144225265420964,3.617427559006549,3.326637339620488,2.929497934610635
RUN_05201,D53_seed_03,go2_prior_metadata,D53,seed_03,A07,AB1100,semisynthetic,false,true,COMPLETED,NONE,true,true,56642,56642,5480,66.005054,339.997056,1.0,66.0,340.0,<V3_ROOT>/FINAL_EVALUATION_RECORDS.json,RUN_05201|v2,/11390/row,v2,COMPLETED,NONE,<V3_ROOT>/FINAL_RUN_RECORDS.json,RUN_05201,<RESULTS_ROOT>/run_statistics/EVALUATION_CORE_v2_A07.csv,473,0.16093690737319727,0.36014166024455246,0.32218213372074744,1.9144225265420964,3.617427559006549,3.326637339620488,2.929497934610635
RUN_05212,D53_seed_04,go2_prior_metadata,D53,seed_04,A07,AB1100,semisynthetic,false,true,COMPLETED,NONE,true,true,56642,56642,5480,66.005054,339.997056,1.0,66.0,340.0,<V3_ROOT>/FINAL_EVALUATION_RECORDS.json,RUN_05212|v2,/11412/row,v2,COMPLETED,NONE,<V3_ROOT>/FINAL_RUN_RECORDS.json,RUN_05212,<RESULTS_ROOT>/run_statistics/EVALUATION_CORE_v2_A07.csv,474,0.16093690737319727,0.36014166024455246,0.32218213372074744,1.9144225265420964,3.617427559006549,3.326637339620488,2.929497934610635
RUN_05223,D53_seed_05,go2_prior_metadata,D53,seed_05,A07,AB1100,semisynthetic,false,true,COMPLETED,NONE,true,true,56642,56642,5480,66.005054,339.997056,1.0,66.0,340.0,<V3_ROOT>/FINAL_EVALUATION_RECORDS.json,RUN_05223|v2,/11434/row,v2,COMPLETED,NONE,<V3_ROOT>/FINAL_RUN_RECORDS.json,RUN_05223,<RESULTS_ROOT>/run_statistics/EVALUATION_CORE_v2_A07.csv,475,0.16093690737319727,0.36014166024455246,0.32218213372074744,1.9144225265420964,3.617427559006549,3.326637339620488,2.929497934610635
RUN_05234,D53_seed_06,go2_prior_metadata,D53,seed_06,A07,AB1100,semisynthetic,false,true,COMPLETED,NONE,true,true,56642,56642,5480,66.005054,339.997056,1.0,66.0,340.0,<V3_ROOT>/FINAL_EVALUATION_RECORDS.json,RUN_05234|v2,/11456/row,v2,COMPLETED,NONE,<V3_ROOT>/FINAL_RUN_RECORDS.json,RUN_05234,<RESULTS_ROOT>/run_statistics/EVALUATION_CORE_v2_A07.csv,476,0.16093690737319727,0.36014166024455246,0.32218213372074744,1.9144225265420964,3.617427559006549,3.326637339620488,2.929497934610635
RUN_05245,D53_seed_07,go2_prior_metadata,D53,seed_07,A07,AB1100,semisynthetic,false,true,COMPLETED,NONE,true,true,56642,56642,5480,66.005054,339.997056,1.0,66.0,340.0,<V3_ROOT>/FINAL_EVALUATION_RECORDS.json,RUN_05245|v2,/11478/row,v2,COMPLETED,NONE,<V3_ROOT>/FINAL_RUN_RECORDS.json,RUN_05245,<RESULTS_ROOT>/run_statistics/EVALUATION_CORE_v2_A07.csv,477,0.16093690737319727,0.36014166024455246,0.32218213372074744,1.9144225265420964,3.617427559006549,3.326637339620488,2.929497934610635
RUN_05256,D53_seed_08,go2_prior_metadata,D53,seed_08,A07,AB1100,semisynthetic,false,true,COMPLETED,NONE,true,true,56642,56642,5480,66.005054,339.997056,1.0,66.0,340.0,<V3_ROOT>/FINAL_EVALUATION_RECORDS.json,RUN_05256|v2,/11500/row,v2,COMPLETED,NONE,<V3_ROOT>/FINAL_RUN_RECORDS.json,RUN_05256,<RESULTS_ROOT>/run_statistics/EVALUATION_CORE_v2_A07.csv,478,0.16093690737319727,0.36014166024455246,0.32218213372074744,1.9144225265420964,3.617427559006549,3.326637339620488,2.929497934610635
RUN_05267,D54_seed_00,go2_prior_metadata,D54,seed_00,A07,AB1100,semisynthetic,false,true,COMPLETED,NONE,true,true,56642,56642,5480,66.005054,339.997056,1.0,66.0,340.0,<V3_ROOT>/FINAL_EVALUATION_RECORDS.json,RUN_05267|v2,/11522/row,v2,COMPLETED,NONE,<V3_ROOT>/FINAL_RUN_RECORDS.json,RUN_05267,<RESULTS_ROOT>/run_statistics/EVALUATION_CORE_v2_A07.csv,479,0.16093690737319727,0.36014166024455246,0.32218213372074744,1.9144225265420964,3.617427559006549,3.326637339620488,2.929497934610635
RUN_05278,D54_seed_01,go2_prior_metadata,D54,seed_01,A07,AB1100,semisynthetic,false,true,COMPLETED,NONE,true,true,56642,56642,5480,66.005054,339.997056,1.0,66.0,340.0,<V3_ROOT>/FINAL_EVALUATION_RECORDS.json,RUN_05278|v2,/11544/row,v2,COMPLETED,NONE,<V3_ROOT>/FINAL_RUN_RECORDS.json,RUN_05278,<RESULTS_ROOT>/run_statistics/EVALUATION_CORE_v2_A07.csv,480,0.16093690737319727,0.36014166024455246,0.32218213372074744,1.9144225265420964,3.617427559006549,3.326637339620488,2.929497934610635
RUN_05289,D54_seed_02,go2_prior_metadata,D54,seed_02,A07,AB1100,semisynthetic,false,true,COMPLETED,NONE,true,true,56642,56642,5480,66.005054,339.997056,1.0,66.0,340.0,<V3_ROOT>/FINAL_EVALUATION_RECORDS.json,RUN_05289|v2,/11566/row,v2,COMPLETED,NONE,<V3_ROOT>/FINAL_RUN_RECORDS.json,RUN_05289,<RESULTS_ROOT>/run_statistics/EVALUATION_CORE_v2_A07.csv,481,0.16093690737319727,0.36014166024455246,0.32218213372074744,1.9144225265420964,3.617427559006549,3.326637339620488,2.929497934610635
RUN_05300,D54_seed_03,go2_prior_metadata,D54,seed_03,A07,AB1100,semisynthetic,false,true,COMPLETED,NONE,true,true,56642,56642,5480,66.005054,339.997056,1.0,66.0,340.0,<V3_ROOT>/FINAL_EVALUATION_RECORDS.json,RUN_05300|v2,/11588/row,v2,COMPLETED,NONE,<V3_ROOT>/FINAL_RUN_RECORDS.json,RUN_05300,<RESULTS_ROOT>/run_statistics/EVALUATION_CORE_v2_A07.csv,482,0.16093690737319727,0.36014166024455246,0.32218213372074744,1.9144225265420964,3.617427559006549,3.326637339620488,2.929497934610635
RUN_05311,D54_seed_04,go2_prior_metadata,D54,seed_04,A07,AB1100,semisynthetic,false,true,COMPLETED,NONE,true,true,56642,56642,5480,66.005054,339.997056,1.0,66.0,340.0,<V3_ROOT>/FINAL_EVALUATION_RECORDS.json,RUN_05311|v2,/11610/row,v2,COMPLETED,NONE,<V3_ROOT>/FINAL_RUN_RECORDS.json,RUN_05311,<RESULTS_ROOT>/run_statistics/EVALUATION_CORE_v2_A07.csv,483,0.16093690737319727,0.36014166024455246,0.32218213372074744,1.9144225265420964,3.617427559006549,3.326637339620488,2.929497934610635
RUN_05322,D54_seed_05,go2_prior_metadata,D54,seed_05,A07,AB1100,semisynthetic,false,true,COMPLETED,NONE,true,true,56642,56642,5480,66.005054,339.997056,1.0,66.0,340.0,<V3_ROOT>/FINAL_EVALUATION_RECORDS.json,RUN_05322|v2,/11632/row,v2,COMPLETED,NONE,<V3_ROOT>/FINAL_RUN_RECORDS.json,RUN_05322,<RESULTS_ROOT>/run_statistics/EVALUATION_CORE_v2_A07.csv,484,0.16093690737319727,0.36014166024455246,0.32218213372074744,1.9144225265420964,3.617427559006549,3.326637339620488,2.929497934610635
RUN_05333,D54_seed_06,go2_prior_metadata,D54,seed_06,A07,AB1100,semisynthetic,false,true,COMPLETED,NONE,true,true,56642,56642,5480,66.005054,339.997056,1.0,66.0,340.0,<V3_ROOT>/FINAL_EVALUATION_RECORDS.json,RUN_05333|v2,/11654/row,v2,COMPLETED,NONE,<V3_ROOT>/FINAL_RUN_RECORDS.json,RUN_05333,<RESULTS_ROOT>/run_statistics/EVALUATION_CORE_v2_A07.csv,485,0.16093690737319727,0.36014166024455246,0.32218213372074744,1.9144225265420964,3.617427559006549,3.326637339620488,2.929497934610635
RUN_05344,D54_seed_07,go2_prior_metadata,D54,seed_07,A07,AB1100,semisynthetic,false,true,COMPLETED,NONE,true,true,56642,56642,5480,66.005054,339.997056,1.0,66.0,340.0,<V3_ROOT>/FINAL_EVALUATION_RECORDS.json,RUN_05344|v2,/11676/row,v2,COMPLETED,NONE,<V3_ROOT>/FINAL_RUN_RECORDS.json,RUN_05344,<RESULTS_ROOT>/run_statistics/EVALUATION_CORE_v2_A07.csv,486,0.16093690737319727,0.36014166024455246,0.32218213372074744,1.9144225265420964,3.617427559006549,3.326637339620488,2.929497934610635
RUN_05355,D54_seed_08,go2_prior_metadata,D54,seed_08,A07,AB1100,semisynthetic,false,true,COMPLETED,NONE,true,true,56642,56642,5480,66.005054,339.997056,1.0,66.0,340.0,<V3_ROOT>/FINAL_EVALUATION_RECORDS.json,RUN_05355|v2,/11698/row,v2,COMPLETED,NONE,<V3_ROOT>/FINAL_RUN_RECORDS.json,RUN_05355,<RESULTS_ROOT>/run_statistics/EVALUATION_CORE_v2_A07.csv,487,0.16093690737319727,0.36014166024455246,0.32218213372074744,1.9144225265420964,3.617427559006549,3.326637339620488,2.929497934610635
RUN_05366,D55_seed_00,go2_prior_metadata,D55,seed_00,A07,AB1100,semisynthetic,false,true,COMPLETED,NONE,true,true,56642,56642,5480,66.005054,339.997056,1.0,66.0,340.0,<V3_ROOT>/FINAL_EVALUATION_RECORDS.json,RUN_05366|v2,/11720/row,v2,COMPLETED,NONE,<V3_ROOT>/FINAL_RUN_RECORDS.json,RUN_05366,<RESULTS_ROOT>/run_statistics/EVALUATION_CORE_v2_A07.csv,488,0.16093690737319727,0.36014166024455246,0.32218213372074744,1.9144225265420964,3.617427559006549,3.326637339620488,2.929497934610635
RUN_05377,D55_seed_01,go2_prior_metadata,D55,seed_01,A07,AB1100,semisynthetic,false,true,COMPLETED,NONE,true,true,56642,56642,5480,66.005054,339.997056,1.0,66.0,340.0,<V3_ROOT>/FINAL_EVALUATION_RECORDS.json,RUN_05377|v2,/11742/row,v2,COMPLETED,NONE,<V3_ROOT>/FINAL_RUN_RECORDS.json,RUN_05377,<RESULTS_ROOT>/run_statistics/EVALUATION_CORE_v2_A07.csv,489,0.16093690737319727,0.36014166024455246,0.32218213372074744,1.9144225265420964,3.617427559006549,3.326637339620488,2.929497934610635
RUN_05388,D55_seed_02,go2_prior_metadata,D55,seed_02,A07,AB1100,semisynthetic,false,true,COMPLETED,NONE,true,true,56642,56642,5480,66.005054,339.997056,1.0,66.0,340.0,<V3_ROOT>/FINAL_EVALUATION_RECORDS.json,RUN_05388|v2,/11764/row,v2,COMPLETED,NONE,<V3_ROOT>/FINAL_RUN_RECORDS.json,RUN_05388,<RESULTS_ROOT>/run_statistics/EVALUATION_CORE_v2_A07.csv,490,0.16093690737319727,0.36014166024455246,0.32218213372074744,1.9144225265420964,3.617427559006549,3.326637339620488,2.929497934610635
RUN_05399,D55_seed_03,go2_prior_metadata,D55,seed_03,A07,AB1100,semisynthetic,false,true,COMPLETED,NONE,true,true,56642,56642,5480,66.005054,339.997056,1.0,66.0,340.0,<V3_ROOT>/FINAL_EVALUATION_RECORDS.json,RUN_05399|v2,/11786/row,v2,COMPLETED,NONE,<V3_ROOT>/FINAL_RUN_RECORDS.json,RUN_05399,<RESULTS_ROOT>/run_statistics/EVALUATION_CORE_v2_A07.csv,491,0.16093690737319727,0.36014166024455246,0.32218213372074744,1.9144225265420964,3.617427559006549,3.326637339620488,2.929497934610635
RUN_05410,D55_seed_04,go2_prior_metadata,D55,seed_04,A07,AB1100,semisynthetic,false,true,COMPLETED,NONE,true,true,56642,56642,5480,66.005054,339.997056,1.0,66.0,340.0,<V3_ROOT>/FINAL_EVALUATION_RECORDS.json,RUN_05410|v2,/11808/row,v2,COMPLETED,NONE,<V3_ROOT>/FINAL_RUN_RECORDS.json,RUN_05410,<RESULTS_ROOT>/run_statistics/EVALUATION_CORE_v2_A07.csv,492,0.16093690737319727,0.36014166024455246,0.32218213372074744,1.9144225265420964,3.617427559006549,3.326637339620488,2.929497934610635
RUN_05421,D55_seed_05,go2_prior_metadata,D55,seed_05,A07,AB1100,semisynthetic,false,true,COMPLETED,NONE,true,true,56642,56642,5480,66.005054,339.997056,1.0,66.0,340.0,<V3_ROOT>/FINAL_EVALUATION_RECORDS.json,RUN_05421|v2,/11830/row,v2,COMPLETED,NONE,<V3_ROOT>/FINAL_RUN_RECORDS.json,RUN_05421,<RESULTS_ROOT>/run_statistics/EVALUATION_CORE_v2_A07.csv,493,0.16093690737319727,0.36014166024455246,0.32218213372074744,1.9144225265420964,3.617427559006549,3.326637339620488,2.929497934610635
RUN_05432,D55_seed_06,go2_prior_metadata,D55,seed_06,A07,AB1100,semisynthetic,false,true,COMPLETED,NONE,true,true,56642,56642,5480,66.005054,339.997056,1.0,66.0,340.0,<V3_ROOT>/FINAL_EVALUATION_RECORDS.json,RUN_05432|v2,/11852/row,v2,COMPLETED,NONE,<V3_ROOT>/FINAL_RUN_RECORDS.json,RUN_05432,<RESULTS_ROOT>/run_statistics/EVALUATION_CORE_v2_A07.csv,494,0.16093690737319727,0.36014166024455246,0.32218213372074744,1.9144225265420964,3.617427559006549,3.326637339620488,2.929497934610635
RUN_05443,D55_seed_07,go2_prior_metadata,D55,seed_07,A07,AB1100,semisynthetic,false,true,COMPLETED,NONE,true,true,56642,56642,5480,66.005054,339.997056,1.0,66.0,340.0,<V3_ROOT>/FINAL_EVALUATION_RECORDS.json,RUN_05443|v2,/11874/row,v2,COMPLETED,NONE,<V3_ROOT>/FINAL_RUN_RECORDS.json,RUN_05443,<RESULTS_ROOT>/run_statistics/EVALUATION_CORE_v2_A07.csv,495,0.16093690737319727,0.36014166024455246,0.32218213372074744,1.9144225265420964,3.617427559006549,3.326637339620488,2.929497934610635
RUN_05454,D55_seed_08,go2_prior_metadata,D55,seed_08,A07,AB1100,semisynthetic,false,true,COMPLETED,NONE,true,true,56642,56642,5480,66.005054,339.997056,1.0,66.0,340.0,<V3_ROOT>/FINAL_EVALUATION_RECORDS.json,RUN_05454|v2,/11896/row,v2,COMPLETED,NONE,<V3_ROOT>/FINAL_RUN_RECORDS.json,RUN_05454,<RESULTS_ROOT>/run_statistics/EVALUATION_CORE_v2_A07.csv,496,0.16093690737319727,0.36014166024455246,0.32218213372074744,1.9144225265420964,3.617427559006549,3.326637339620488,2.929497934610635
RUN_05465,D56_seed_00,go2_prior_metadata,D56,seed_00,A07,AB1100,semisynthetic,false,true,COMPLETED,NONE,true,true,56642,56642,5480,66.005054,339.997056,1.0,66.0,340.0,<V3_ROOT>/FINAL_EVALUATION_RECORDS.json,RUN_05465|v2,/11918/row,v2,COMPLETED,NONE,<V3_ROOT>/FINAL_RUN_RECORDS.json,RUN_05465,<RESULTS_ROOT>/run_statistics/EVALUATION_CORE_v2_A07.csv,497,0.16093690737319727,0.36014166024455246,0.32218213372074744,1.9144225265420964,3.617427559006549,3.326637339620488,2.929497934610635
RUN_05476,D56_seed_01,go2_prior_metadata,D56,seed_01,A07,AB1100,semisynthetic,false,true,COMPLETED,NONE,true,true,56642,56642,5480,66.005054,339.997056,1.0,66.0,340.0,<V3_ROOT>/FINAL_EVALUATION_RECORDS.json,RUN_05476|v2,/11940/row,v2,COMPLETED,NONE,<V3_ROOT>/FINAL_RUN_RECORDS.json,RUN_05476,<RESULTS_ROOT>/run_statistics/EVALUATION_CORE_v2_A07.csv,498,0.16093690737319727,0.36014166024455246,0.32218213372074744,1.9144225265420964,3.617427559006549,3.326637339620488,2.929497934610635
RUN_05487,D56_seed_02,go2_prior_metadata,D56,seed_02,A07,AB1100,semisynthetic,false,true,COMPLETED,NONE,true,true,56642,56642,5480,66.005054,339.997056,1.0,66.0,340.0,<V3_ROOT>/FINAL_EVALUATION_RECORDS.json,RUN_05487|v2,/11962/row,v2,COMPLETED,NONE,<V3_ROOT>/FINAL_RUN_RECORDS.json,RUN_05487,<RESULTS_ROOT>/run_statistics/EVALUATION_CORE_v2_A07.csv,499,0.16093690737319727,0.36014166024455246,0.32218213372074744,1.9144225265420964,3.617427559006549,3.326637339620488,2.929497934610635
RUN_05498,D56_seed_03,go2_prior_metadata,D56,seed_03,A07,AB1100,semisynthetic,false,true,COMPLETED,NONE,true,true,56642,56642,5480,66.005054,339.997056,1.0,66.0,340.0,<V3_ROOT>/FINAL_EVALUATION_RECORDS.json,RUN_05498|v2,/11984/row,v2,COMPLETED,NONE,<V3_ROOT>/FINAL_RUN_RECORDS.json,RUN_05498,<RESULTS_ROOT>/run_statistics/EVALUATION_CORE_v2_A07.csv,500,0.16093690737319727,0.36014166024455246,0.32218213372074744,1.9144225265420964,3.617427559006549,3.326637339620488,2.929497934610635
RUN_05509,D56_seed_04,go2_prior_metadata,D56,seed_04,A07,AB1100,semisynthetic,false,true,COMPLETED,NONE,true,true,56642,56642,5480,66.005054,339.997056,1.0,66.0,340.0,<V3_ROOT>/FINAL_EVALUATION_RECORDS.json,RUN_05509|v2,/12006/row,v2,COMPLETED,NONE,<V3_ROOT>/FINAL_RUN_RECORDS.json,RUN_05509,<RESULTS_ROOT>/run_statistics/EVALUATION_CORE_v2_A07.csv,501,0.16093690737319727,0.36014166024455246,0.32218213372074744,1.9144225265420964,3.617427559006549,3.326637339620488,2.929497934610635
RUN_05520,D56_seed_05,go2_prior_metadata,D56,seed_05,A07,AB1100,semisynthetic,false,true,COMPLETED,NONE,true,true,56642,56642,5480,66.005054,339.997056,1.0,66.0,340.0,<V3_ROOT>/FINAL_EVALUATION_RECORDS.json,RUN_05520|v2,/12028/row,v2,COMPLETED,NONE,<V3_ROOT>/FINAL_RUN_RECORDS.json,RUN_05520,<RESULTS_ROOT>/run_statistics/EVALUATION_CORE_v2_A07.csv,502,0.16093690737319727,0.36014166024455246,0.32218213372074744,1.9144225265420964,3.617427559006549,3.326637339620488,2.929497934610635
RUN_05531,D56_seed_06,go2_prior_metadata,D56,seed_06,A07,AB1100,semisynthetic,false,true,COMPLETED,NONE,true,true,56642,56642,5480,66.005054,339.997056,1.0,66.0,340.0,<V3_ROOT>/FINAL_EVALUATION_RECORDS.json,RUN_05531|v2,/12050/row,v2,COMPLETED,NONE,<V3_ROOT>/FINAL_RUN_RECORDS.json,RUN_05531,<RESULTS_ROOT>/run_statistics/EVALUATION_CORE_v2_A07.csv,503,0.16093690737319727,0.36014166024455246,0.32218213372074744,1.9144225265420964,3.617427559006549,3.326637339620488,2.929497934610635
RUN_05542,D56_seed_07,go2_prior_metadata,D56,seed_07,A07,AB1100,semisynthetic,false,true,COMPLETED,NONE,true,true,56642,56642,5480,66.005054,339.997056,1.0,66.0,340.0,<V3_ROOT>/FINAL_EVALUATION_RECORDS.json,RUN_05542|v2,/12072/row,v2,COMPLETED,NONE,<V3_ROOT>/FINAL_RUN_RECORDS.json,RUN_05542,<RESULTS_ROOT>/run_statistics/EVALUATION_CORE_v2_A07.csv,504,0.16093690737319727,0.36014166024455246,0.32218213372074744,1.9144225265420964,3.617427559006549,3.326637339620488,2.929497934610635
RUN_05553,D56_seed_08,go2_prior_metadata,D56,seed_08,A07,AB1100,semisynthetic,false,true,COMPLETED,NONE,true,true,56642,56642,5480,66.005054,339.997056,1.0,66.0,340.0,<V3_ROOT>/FINAL_EVALUATION_RECORDS.json,RUN_05553|v2,/12094/row,v2,COMPLETED,NONE,<V3_ROOT>/FINAL_RUN_RECORDS.json,RUN_05553,<RESULTS_ROOT>/run_statistics/EVALUATION_CORE_v2_A07.csv,505,0.16093690737319727,0.36014166024455246,0.32218213372074744,1.9144225265420964,3.617427559006549,3.326637339620488,2.929497934610635
RUN_04971,D51_seed_00,go2_prior_metadata,D51,seed_00,A08,AB1000,semisynthetic,false,true,COMPLETED,NONE,true,true,56642,56642,5480,66.005054,339.997056,1.0,66.0,340.0,<V3_ROOT>/FINAL_EVALUATION_RECORDS.json,RUN_04971|v2,/10930/row,v2,COMPLETED,NONE,<V3_ROOT>/FINAL_RUN_RECORDS.json,RUN_04971,<RESULTS_ROOT>/run_statistics/EVALUATION_CORE_v2_A08.csv,452,0.16101145957513724,0.36029281541781666,0.32231385748549635,1.914867170576267,3.616222218970253,3.3252086956497466,2.928598308301574
RUN_04982,D51_seed_01,go2_prior_metadata,D51,seed_01,A08,AB1000,semisynthetic,false,true,COMPLETED,NONE,true,true,56642,56642,5480,66.005054,339.997056,1.0,66.0,340.0,<V3_ROOT>/FINAL_EVALUATION_RECORDS.json,RUN_04982|v2,/10952/row,v2,COMPLETED,NONE,<V3_ROOT>/FINAL_RUN_RECORDS.json,RUN_04982,<RESULTS_ROOT>/run_statistics/EVALUATION_CORE_v2_A08.csv,453,0.16101145957513724,0.36029281541781666,0.32231385748549635,1.914867170576267,3.616222218970253,3.3252086956497466,2.928598308301574
RUN_04993,D51_seed_02,go2_prior_metadata,D51,seed_02,A08,AB1000,semisynthetic,false,true,COMPLETED,NONE,true,true,56642,56642,5480,66.005054,339.997056,1.0,66.0,340.0,<V3_ROOT>/FINAL_EVALUATION_RECORDS.json,RUN_04993|v2,/10974/row,v2,COMPLETED,NONE,<V3_ROOT>/FINAL_RUN_RECORDS.json,RUN_04993,<RESULTS_ROOT>/run_statistics/EVALUATION_CORE_v2_A08.csv,454,0.16101145957513724,0.36029281541781666,0.32231385748549635,1.914867170576267,3.616222218970253,3.3252086956497466,2.928598308301574
RUN_05004,D51_seed_03,go2_prior_metadata,D51,seed_03,A08,AB1000,semisynthetic,false,true,COMPLETED,NONE,true,true,56642,56642,5480,66.005054,339.997056,1.0,66.0,340.0,<V3_ROOT>/FINAL_EVALUATION_RECORDS.json,RUN_05004|v2,/10996/row,v2,COMPLETED,NONE,<V3_ROOT>/FINAL_RUN_RECORDS.json,RUN_05004,<RESULTS_ROOT>/run_statistics/EVALUATION_CORE_v2_A08.csv,455,0.16101145957513724,0.36029281541781666,0.32231385748549635,1.914867170576267,3.616222218970253,3.3252086956497466,2.928598308301574
RUN_05015,D51_seed_04,go2_prior_metadata,D51,seed_04,A08,AB1000,semisynthetic,false,true,COMPLETED,NONE,true,true,56642,56642,5480,66.005054,339.997056,1.0,66.0,340.0,<V3_ROOT>/FINAL_EVALUATION_RECORDS.json,RUN_05015|v2,/11018/row,v2,COMPLETED,NONE,<V3_ROOT>/FINAL_RUN_RECORDS.json,RUN_05015,<RESULTS_ROOT>/run_statistics/EVALUATION_CORE_v2_A08.csv,456,0.16101145957513724,0.36029281541781666,0.32231385748549635,1.914867170576267,3.616222218970253,3.3252086956497466,2.928598308301574
RUN_05026,D51_seed_05,go2_prior_metadata,D51,seed_05,A08,AB1000,semisynthetic,false,true,COMPLETED,NONE,true,true,56642,56642,5480,66.005054,339.997056,1.0,66.0,340.0,<V3_ROOT>/FINAL_EVALUATION_RECORDS.json,RUN_05026|v2,/11040/row,v2,COMPLETED,NONE,<V3_ROOT>/FINAL_RUN_RECORDS.json,RUN_05026,<RESULTS_ROOT>/run_statistics/EVALUATION_CORE_v2_A08.csv,457,0.16101145957513724,0.36029281541781666,0.32231385748549635,1.914867170576267,3.616222218970253,3.3252086956497466,2.928598308301574
RUN_05037,D51_seed_06,go2_prior_metadata,D51,seed_06,A08,AB1000,semisynthetic,false,true,COMPLETED,NONE,true,true,56642,56642,5480,66.005054,339.997056,1.0,66.0,340.0,<V3_ROOT>/FINAL_EVALUATION_RECORDS.json,RUN_05037|v2,/11062/row,v2,COMPLETED,NONE,<V3_ROOT>/FINAL_RUN_RECORDS.json,RUN_05037,<RESULTS_ROOT>/run_statistics/EVALUATION_CORE_v2_A08.csv,458,0.16101145957513724,0.36029281541781666,0.32231385748549635,1.914867170576267,3.616222218970253,3.3252086956497466,2.928598308301574
RUN_05048,D51_seed_07,go2_prior_metadata,D51,seed_07,A08,AB1000,semisynthetic,false,true,COMPLETED,NONE,true,true,56642,56642,5480,66.005054,339.997056,1.0,66.0,340.0,<V3_ROOT>/FINAL_EVALUATION_RECORDS.json,RUN_05048|v2,/11084/row,v2,COMPLETED,NONE,<V3_ROOT>/FINAL_RUN_RECORDS.json,RUN_05048,<RESULTS_ROOT>/run_statistics/EVALUATION_CORE_v2_A08.csv,459,0.16101145957513724,0.36029281541781666,0.32231385748549635,1.914867170576267,3.616222218970253,3.3252086956497466,2.928598308301574
RUN_05059,D51_seed_08,go2_prior_metadata,D51,seed_08,A08,AB1000,semisynthetic,false,true,COMPLETED,NONE,true,true,56642,56642,5480,66.005054,339.997056,1.0,66.0,340.0,<V3_ROOT>/FINAL_EVALUATION_RECORDS.json,RUN_05059|v2,/11106/row,v2,COMPLETED,NONE,<V3_ROOT>/FINAL_RUN_RECORDS.json,RUN_05059,<RESULTS_ROOT>/run_statistics/EVALUATION_CORE_v2_A08.csv,460,0.16101145957513724,0.36029281541781666,0.32231385748549635,1.914867170576267,3.616222218970253,3.3252086956497466,2.928598308301574
RUN_05070,D52_seed_00,go2_prior_metadata,D52,seed_00,A08,AB1000,semisynthetic,false,true,COMPLETED,NONE,true,true,56642,56642,5480,66.005054,339.997056,1.0,66.0,340.0,<V3_ROOT>/FINAL_EVALUATION_RECORDS.json,RUN_05070|v2,/11128/row,v2,COMPLETED,NONE,<V3_ROOT>/FINAL_RUN_RECORDS.json,RUN_05070,<RESULTS_ROOT>/run_statistics/EVALUATION_CORE_v2_A08.csv,461,0.16101145957513724,0.36029281541781666,0.32231385748549635,1.914867170576267,3.616222218970253,3.3252086956497466,2.928598308301574
RUN_05081,D52_seed_01,go2_prior_metadata,D52,seed_01,A08,AB1000,semisynthetic,false,true,COMPLETED,NONE,true,true,56642,56642,5480,66.005054,339.997056,1.0,66.0,340.0,<V3_ROOT>/FINAL_EVALUATION_RECORDS.json,RUN_05081|v2,/11150/row,v2,COMPLETED,NONE,<V3_ROOT>/FINAL_RUN_RECORDS.json,RUN_05081,<RESULTS_ROOT>/run_statistics/EVALUATION_CORE_v2_A08.csv,462,0.16101145957513724,0.36029281541781666,0.32231385748549635,1.914867170576267,3.616222218970253,3.3252086956497466,2.928598308301574
RUN_05092,D52_seed_02,go2_prior_metadata,D52,seed_02,A08,AB1000,semisynthetic,false,true,COMPLETED,NONE,true,true,56642,56642,5480,66.005054,339.997056,1.0,66.0,340.0,<V3_ROOT>/FINAL_EVALUATION_RECORDS.json,RUN_05092|v2,/11172/row,v2,COMPLETED,NONE,<V3_ROOT>/FINAL_RUN_RECORDS.json,RUN_05092,<RESULTS_ROOT>/run_statistics/EVALUATION_CORE_v2_A08.csv,463,0.16101145957513724,0.36029281541781666,0.32231385748549635,1.914867170576267,3.616222218970253,3.3252086956497466,2.928598308301574
RUN_05103,D52_seed_03,go2_prior_metadata,D52,seed_03,A08,AB1000,semisynthetic,false,true,COMPLETED,NONE,true,true,56642,56642,5480,66.005054,339.997056,1.0,66.0,340.0,<V3_ROOT>/FINAL_EVALUATION_RECORDS.json,RUN_05103|v2,/11194/row,v2,COMPLETED,NONE,<V3_ROOT>/FINAL_RUN_RECORDS.json,RUN_05103,<RESULTS_ROOT>/run_statistics/EVALUATION_CORE_v2_A08.csv,464,0.16101145957513724,0.36029281541781666,0.32231385748549635,1.914867170576267,3.616222218970253,3.3252086956497466,2.928598308301574
RUN_05114,D52_seed_04,go2_prior_metadata,D52,seed_04,A08,AB1000,semisynthetic,false,true,COMPLETED,NONE,true,true,56642,56642,5480,66.005054,339.997056,1.0,66.0,340.0,<V3_ROOT>/FINAL_EVALUATION_RECORDS.json,RUN_05114|v2,/11216/row,v2,COMPLETED,NONE,<V3_ROOT>/FINAL_RUN_RECORDS.json,RUN_05114,<RESULTS_ROOT>/run_statistics/EVALUATION_CORE_v2_A08.csv,465,0.16101145957513724,0.36029281541781666,0.32231385748549635,1.914867170576267,3.616222218970253,3.3252086956497466,2.928598308301574
RUN_05125,D52_seed_05,go2_prior_metadata,D52,seed_05,A08,AB1000,semisynthetic,false,true,COMPLETED,NONE,true,true,56642,56642,5480,66.005054,339.997056,1.0,66.0,340.0,<V3_ROOT>/FINAL_EVALUATION_RECORDS.json,RUN_05125|v2,/11238/row,v2,COMPLETED,NONE,<V3_ROOT>/FINAL_RUN_RECORDS.json,RUN_05125,<RESULTS_ROOT>/run_statistics/EVALUATION_CORE_v2_A08.csv,466,0.16101145957513724,0.36029281541781666,0.32231385748549635,1.914867170576267,3.616222218970253,3.3252086956497466,2.928598308301574
RUN_05136,D52_seed_06,go2_prior_metadata,D52,seed_06,A08,AB1000,semisynthetic,false,true,COMPLETED,NONE,true,true,56642,56642,5480,66.005054,339.997056,1.0,66.0,340.0,<V3_ROOT>/FINAL_EVALUATION_RECORDS.json,RUN_05136|v2,/11260/row,v2,COMPLETED,NONE,<V3_ROOT>/FINAL_RUN_RECORDS.json,RUN_05136,<RESULTS_ROOT>/run_statistics/EVALUATION_CORE_v2_A08.csv,467,0.16101145957513724,0.36029281541781666,0.32231385748549635,1.914867170576267,3.616222218970253,3.3252086956497466,2.928598308301574
RUN_05147,D52_seed_07,go2_prior_metadata,D52,seed_07,A08,AB1000,semisynthetic,false,true,COMPLETED,NONE,true,true,56642,56642,5480,66.005054,339.997056,1.0,66.0,340.0,<V3_ROOT>/FINAL_EVALUATION_RECORDS.json,RUN_05147|v2,/11282/row,v2,COMPLETED,NONE,<V3_ROOT>/FINAL_RUN_RECORDS.json,RUN_05147,<RESULTS_ROOT>/run_statistics/EVALUATION_CORE_v2_A08.csv,468,0.16101145957513724,0.36029281541781666,0.32231385748549635,1.914867170576267,3.616222218970253,3.3252086956497466,2.928598308301574
RUN_05158,D52_seed_08,go2_prior_metadata,D52,seed_08,A08,AB1000,semisynthetic,false,true,COMPLETED,NONE,true,true,56642,56642,5480,66.005054,339.997056,1.0,66.0,340.0,<V3_ROOT>/FINAL_EVALUATION_RECORDS.json,RUN_05158|v2,/11304/row,v2,COMPLETED,NONE,<V3_ROOT>/FINAL_RUN_RECORDS.json,RUN_05158,<RESULTS_ROOT>/run_statistics/EVALUATION_CORE_v2_A08.csv,469,0.16101145957513724,0.36029281541781666,0.32231385748549635,1.914867170576267,3.616222218970253,3.3252086956497466,2.928598308301574
RUN_05169,D53_seed_00,go2_prior_metadata,D53,seed_00,A08,AB1000,semisynthetic,false,true,COMPLETED,NONE,true,true,56642,56642,5480,66.005054,339.997056,1.0,66.0,340.0,<V3_ROOT>/FINAL_EVALUATION_RECORDS.json,RUN_05169|v2,/11326/row,v2,COMPLETED,NONE,<V3_ROOT>/FINAL_RUN_RECORDS.json,RUN_05169,<RESULTS_ROOT>/run_statistics/EVALUATION_CORE_v2_A08.csv,470,0.16101145957513724,0.36029281541781666,0.32231385748549635,1.914867170576267,3.616222218970253,3.3252086956497466,2.928598308301574
RUN_05180,D53_seed_01,go2_prior_metadata,D53,seed_01,A08,AB1000,semisynthetic,false,true,COMPLETED,NONE,true,true,56642,56642,5480,66.005054,339.997056,1.0,66.0,340.0,<V3_ROOT>/FINAL_EVALUATION_RECORDS.json,RUN_05180|v2,/11348/row,v2,COMPLETED,NONE,<V3_ROOT>/FINAL_RUN_RECORDS.json,RUN_05180,<RESULTS_ROOT>/run_statistics/EVALUATION_CORE_v2_A08.csv,471,0.16101145957513724,0.36029281541781666,0.32231385748549635,1.914867170576267,3.616222218970253,3.3252086956497466,2.928598308301574
RUN_05191,D53_seed_02,go2_prior_metadata,D53,seed_02,A08,AB1000,semisynthetic,false,true,COMPLETED,NONE,true,true,56642,56642,5480,66.005054,339.997056,1.0,66.0,340.0,<V3_ROOT>/FINAL_EVALUATION_RECORDS.json,RUN_05191|v2,/11370/row,v2,COMPLETED,NONE,<V3_ROOT>/FINAL_RUN_RECORDS.json,RUN_05191,<RESULTS_ROOT>/run_statistics/EVALUATION_CORE_v2_A08.csv,472,0.16101145957513724,0.36029281541781666,0.32231385748549635,1.914867170576267,3.616222218970253,3.3252086956497466,2.928598308301574
RUN_05202,D53_seed_03,go2_prior_metadata,D53,seed_03,A08,AB1000,semisynthetic,false,true,COMPLETED,NONE,true,true,56642,56642,5480,66.005054,339.997056,1.0,66.0,340.0,<V3_ROOT>/FINAL_EVALUATION_RECORDS.json,RUN_05202|v2,/11392/row,v2,COMPLETED,NONE,<V3_ROOT>/FINAL_RUN_RECORDS.json,RUN_05202,<RESULTS_ROOT>/run_statistics/EVALUATION_CORE_v2_A08.csv,473,0.16101145957513724,0.36029281541781666,0.32231385748549635,1.914867170576267,3.616222218970253,3.3252086956497466,2.928598308301574
RUN_05213,D53_seed_04,go2_prior_metadata,D53,seed_04,A08,AB1000,semisynthetic,false,true,COMPLETED,NONE,true,true,56642,56642,5480,66.005054,339.997056,1.0,66.0,340.0,<V3_ROOT>/FINAL_EVALUATION_RECORDS.json,RUN_05213|v2,/11414/row,v2,COMPLETED,NONE,<V3_ROOT>/FINAL_RUN_RECORDS.json,RUN_05213,<RESULTS_ROOT>/run_statistics/EVALUATION_CORE_v2_A08.csv,474,0.16101145957513724,0.36029281541781666,0.32231385748549635,1.914867170576267,3.616222218970253,3.3252086956497466,2.928598308301574
RUN_05224,D53_seed_05,go2_prior_metadata,D53,seed_05,A08,AB1000,semisynthetic,false,true,COMPLETED,NONE,true,true,56642,56642,5480,66.005054,339.997056,1.0,66.0,340.0,<V3_ROOT>/FINAL_EVALUATION_RECORDS.json,RUN_05224|v2,/11436/row,v2,COMPLETED,NONE,<V3_ROOT>/FINAL_RUN_RECORDS.json,RUN_05224,<RESULTS_ROOT>/run_statistics/EVALUATION_CORE_v2_A08.csv,475,0.16101145957513724,0.36029281541781666,0.32231385748549635,1.914867170576267,3.616222218970253,3.3252086956497466,2.928598308301574
RUN_05235,D53_seed_06,go2_prior_metadata,D53,seed_06,A08,AB1000,semisynthetic,false,true,COMPLETED,NONE,true,true,56642,56642,5480,66.005054,339.997056,1.0,66.0,340.0,<V3_ROOT>/FINAL_EVALUATION_RECORDS.json,RUN_05235|v2,/11458/row,v2,COMPLETED,NONE,<V3_ROOT>/FINAL_RUN_RECORDS.json,RUN_05235,<RESULTS_ROOT>/run_statistics/EVALUATION_CORE_v2_A08.csv,476,0.16101145957513724,0.36029281541781666,0.32231385748549635,1.914867170576267,3.616222218970253,3.3252086956497466,2.928598308301574
RUN_05246,D53_seed_07,go2_prior_metadata,D53,seed_07,A08,AB1000,semisynthetic,false,true,COMPLETED,NONE,true,true,56642,56642,5480,66.005054,339.997056,1.0,66.0,340.0,<V3_ROOT>/FINAL_EVALUATION_RECORDS.json,RUN_05246|v2,/11480/row,v2,COMPLETED,NONE,<V3_ROOT>/FINAL_RUN_RECORDS.json,RUN_05246,<RESULTS_ROOT>/run_statistics/EVALUATION_CORE_v2_A08.csv,477,0.16101145957513724,0.36029281541781666,0.32231385748549635,1.914867170576267,3.616222218970253,3.3252086956497466,2.928598308301574
RUN_05257,D53_seed_08,go2_prior_metadata,D53,seed_08,A08,AB1000,semisynthetic,false,true,COMPLETED,NONE,true,true,56642,56642,5480,66.005054,339.997056,1.0,66.0,340.0,<V3_ROOT>/FINAL_EVALUATION_RECORDS.json,RUN_05257|v2,/11502/row,v2,COMPLETED,NONE,<V3_ROOT>/FINAL_RUN_RECORDS.json,RUN_05257,<RESULTS_ROOT>/run_statistics/EVALUATION_CORE_v2_A08.csv,478,0.16101145957513724,0.36029281541781666,0.32231385748549635,1.914867170576267,3.616222218970253,3.3252086956497466,2.928598308301574
RUN_05268,D54_seed_00,go2_prior_metadata,D54,seed_00,A08,AB1000,semisynthetic,false,true,COMPLETED,NONE,true,true,56642,56642,5480,66.005054,339.997056,1.0,66.0,340.0,<V3_ROOT>/FINAL_EVALUATION_RECORDS.json,RUN_05268|v2,/11524/row,v2,COMPLETED,NONE,<V3_ROOT>/FINAL_RUN_RECORDS.json,RUN_05268,<RESULTS_ROOT>/run_statistics/EVALUATION_CORE_v2_A08.csv,479,0.16101145957513724,0.36029281541781666,0.32231385748549635,1.914867170576267,3.616222218970253,3.3252086956497466,2.928598308301574
RUN_05279,D54_seed_01,go2_prior_metadata,D54,seed_01,A08,AB1000,semisynthetic,false,true,COMPLETED,NONE,true,true,56642,56642,5480,66.005054,339.997056,1.0,66.0,340.0,<V3_ROOT>/FINAL_EVALUATION_RECORDS.json,RUN_05279|v2,/11546/row,v2,COMPLETED,NONE,<V3_ROOT>/FINAL_RUN_RECORDS.json,RUN_05279,<RESULTS_ROOT>/run_statistics/EVALUATION_CORE_v2_A08.csv,480,0.16101145957513724,0.36029281541781666,0.32231385748549635,1.914867170576267,3.616222218970253,3.3252086956497466,2.928598308301574
RUN_05290,D54_seed_02,go2_prior_metadata,D54,seed_02,A08,AB1000,semisynthetic,false,true,COMPLETED,NONE,true,true,56642,56642,5480,66.005054,339.997056,1.0,66.0,340.0,<V3_ROOT>/FINAL_EVALUATION_RECORDS.json,RUN_05290|v2,/11568/row,v2,COMPLETED,NONE,<V3_ROOT>/FINAL_RUN_RECORDS.json,RUN_05290,<RESULTS_ROOT>/run_statistics/EVALUATION_CORE_v2_A08.csv,481,0.16101145957513724,0.36029281541781666,0.32231385748549635,1.914867170576267,3.616222218970253,3.3252086956497466,2.928598308301574
RUN_05301,D54_seed_03,go2_prior_metadata,D54,seed_03,A08,AB1000,semisynthetic,false,true,COMPLETED,NONE,true,true,56642,56642,5480,66.005054,339.997056,1.0,66.0,340.0,<V3_ROOT>/FINAL_EVALUATION_RECORDS.json,RUN_05301|v2,/11590/row,v2,COMPLETED,NONE,<V3_ROOT>/FINAL_RUN_RECORDS.json,RUN_05301,<RESULTS_ROOT>/run_statistics/EVALUATION_CORE_v2_A08.csv,482,0.16101145957513724,0.36029281541781666,0.32231385748549635,1.914867170576267,3.616222218970253,3.3252086956497466,2.928598308301574
RUN_05312,D54_seed_04,go2_prior_metadata,D54,seed_04,A08,AB1000,semisynthetic,false,true,COMPLETED,NONE,true,true,56642,56642,5480,66.005054,339.997056,1.0,66.0,340.0,<V3_ROOT>/FINAL_EVALUATION_RECORDS.json,RUN_05312|v2,/11612/row,v2,COMPLETED,NONE,<V3_ROOT>/FINAL_RUN_RECORDS.json,RUN_05312,<RESULTS_ROOT>/run_statistics/EVALUATION_CORE_v2_A08.csv,483,0.16101145957513724,0.36029281541781666,0.32231385748549635,1.914867170576267,3.616222218970253,3.3252086956497466,2.928598308301574
RUN_05323,D54_seed_05,go2_prior_metadata,D54,seed_05,A08,AB1000,semisynthetic,false,true,COMPLETED,NONE,true,true,56642,56642,5480,66.005054,339.997056,1.0,66.0,340.0,<V3_ROOT>/FINAL_EVALUATION_RECORDS.json,RUN_05323|v2,/11634/row,v2,COMPLETED,NONE,<V3_ROOT>/FINAL_RUN_RECORDS.json,RUN_05323,<RESULTS_ROOT>/run_statistics/EVALUATION_CORE_v2_A08.csv,484,0.16101145957513724,0.36029281541781666,0.32231385748549635,1.914867170576267,3.616222218970253,3.3252086956497466,2.928598308301574
RUN_05334,D54_seed_06,go2_prior_metadata,D54,seed_06,A08,AB1000,semisynthetic,false,true,COMPLETED,NONE,true,true,56642,56642,5480,66.005054,339.997056,1.0,66.0,340.0,<V3_ROOT>/FINAL_EVALUATION_RECORDS.json,RUN_05334|v2,/11656/row,v2,COMPLETED,NONE,<V3_ROOT>/FINAL_RUN_RECORDS.json,RUN_05334,<RESULTS_ROOT>/run_statistics/EVALUATION_CORE_v2_A08.csv,485,0.16101145957513724,0.36029281541781666,0.32231385748549635,1.914867170576267,3.616222218970253,3.3252086956497466,2.928598308301574
RUN_05345,D54_seed_07,go2_prior_metadata,D54,seed_07,A08,AB1000,semisynthetic,false,true,COMPLETED,NONE,true,true,56642,56642,5480,66.005054,339.997056,1.0,66.0,340.0,<V3_ROOT>/FINAL_EVALUATION_RECORDS.json,RUN_05345|v2,/11678/row,v2,COMPLETED,NONE,<V3_ROOT>/FINAL_RUN_RECORDS.json,RUN_05345,<RESULTS_ROOT>/run_statistics/EVALUATION_CORE_v2_A08.csv,486,0.16101145957513724,0.36029281541781666,0.32231385748549635,1.914867170576267,3.616222218970253,3.3252086956497466,2.928598308301574
RUN_05356,D54_seed_08,go2_prior_metadata,D54,seed_08,A08,AB1000,semisynthetic,false,true,COMPLETED,NONE,true,true,56642,56642,5480,66.005054,339.997056,1.0,66.0,340.0,<V3_ROOT>/FINAL_EVALUATION_RECORDS.json,RUN_05356|v2,/11700/row,v2,COMPLETED,NONE,<V3_ROOT>/FINAL_RUN_RECORDS.json,RUN_05356,<RESULTS_ROOT>/run_statistics/EVALUATION_CORE_v2_A08.csv,487,0.16101145957513724,0.36029281541781666,0.32231385748549635,1.914867170576267,3.616222218970253,3.3252086956497466,2.928598308301574
RUN_05367,D55_seed_00,go2_prior_metadata,D55,seed_00,A08,AB1000,semisynthetic,false,true,COMPLETED,NONE,true,true,56642,56642,5480,66.005054,339.997056,1.0,66.0,340.0,<V3_ROOT>/FINAL_EVALUATION_RECORDS.json,RUN_05367|v2,/11722/row,v2,COMPLETED,NONE,<V3_ROOT>/FINAL_RUN_RECORDS.json,RUN_05367,<RESULTS_ROOT>/run_statistics/EVALUATION_CORE_v2_A08.csv,488,0.16101145957513724,0.36029281541781666,0.32231385748549635,1.914867170576267,3.616222218970253,3.3252086956497466,2.928598308301574
RUN_05378,D55_seed_01,go2_prior_metadata,D55,seed_01,A08,AB1000,semisynthetic,false,true,COMPLETED,NONE,true,true,56642,56642,5480,66.005054,339.997056,1.0,66.0,340.0,<V3_ROOT>/FINAL_EVALUATION_RECORDS.json,RUN_05378|v2,/11744/row,v2,COMPLETED,NONE,<V3_ROOT>/FINAL_RUN_RECORDS.json,RUN_05378,<RESULTS_ROOT>/run_statistics/EVALUATION_CORE_v2_A08.csv,489,0.16101145957513724,0.36029281541781666,0.32231385748549635,1.914867170576267,3.616222218970253,3.3252086956497466,2.928598308301574
RUN_05389,D55_seed_02,go2_prior_metadata,D55,seed_02,A08,AB1000,semisynthetic,false,true,COMPLETED,NONE,true,true,56642,56642,5480,66.005054,339.997056,1.0,66.0,340.0,<V3_ROOT>/FINAL_EVALUATION_RECORDS.json,RUN_05389|v2,/11766/row,v2,COMPLETED,NONE,<V3_ROOT>/FINAL_RUN_RECORDS.json,RUN_05389,<RESULTS_ROOT>/run_statistics/EVALUATION_CORE_v2_A08.csv,490,0.16101145957513724,0.36029281541781666,0.32231385748549635,1.914867170576267,3.616222218970253,3.3252086956497466,2.928598308301574
RUN_05400,D55_seed_03,go2_prior_metadata,D55,seed_03,A08,AB1000,semisynthetic,false,true,COMPLETED,NONE,true,true,56642,56642,5480,66.005054,339.997056,1.0,66.0,340.0,<V3_ROOT>/FINAL_EVALUATION_RECORDS.json,RUN_05400|v2,/11788/row,v2,COMPLETED,NONE,<V3_ROOT>/FINAL_RUN_RECORDS.json,RUN_05400,<RESULTS_ROOT>/run_statistics/EVALUATION_CORE_v2_A08.csv,491,0.16101145957513724,0.36029281541781666,0.32231385748549635,1.914867170576267,3.616222218970253,3.3252086956497466,2.928598308301574
RUN_05411,D55_seed_04,go2_prior_metadata,D55,seed_04,A08,AB1000,semisynthetic,false,true,COMPLETED,NONE,true,true,56642,56642,5480,66.005054,339.997056,1.0,66.0,340.0,<V3_ROOT>/FINAL_EVALUATION_RECORDS.json,RUN_05411|v2,/11810/row,v2,COMPLETED,NONE,<V3_ROOT>/FINAL_RUN_RECORDS.json,RUN_05411,<RESULTS_ROOT>/run_statistics/EVALUATION_CORE_v2_A08.csv,492,0.16101145957513724,0.36029281541781666,0.32231385748549635,1.914867170576267,3.616222218970253,3.3252086956497466,2.928598308301574
RUN_05422,D55_seed_05,go2_prior_metadata,D55,seed_05,A08,AB1000,semisynthetic,false,true,COMPLETED,NONE,true,true,56642,56642,5480,66.005054,339.997056,1.0,66.0,340.0,<V3_ROOT>/FINAL_EVALUATION_RECORDS.json,RUN_05422|v2,/11832/row,v2,COMPLETED,NONE,<V3_ROOT>/FINAL_RUN_RECORDS.json,RUN_05422,<RESULTS_ROOT>/run_statistics/EVALUATION_CORE_v2_A08.csv,493,0.16101145957513724,0.36029281541781666,0.32231385748549635,1.914867170576267,3.616222218970253,3.3252086956497466,2.928598308301574
RUN_05433,D55_seed_06,go2_prior_metadata,D55,seed_06,A08,AB1000,semisynthetic,false,true,COMPLETED,NONE,true,true,56642,56642,5480,66.005054,339.997056,1.0,66.0,340.0,<V3_ROOT>/FINAL_EVALUATION_RECORDS.json,RUN_05433|v2,/11854/row,v2,COMPLETED,NONE,<V3_ROOT>/FINAL_RUN_RECORDS.json,RUN_05433,<RESULTS_ROOT>/run_statistics/EVALUATION_CORE_v2_A08.csv,494,0.16101145957513724,0.36029281541781666,0.32231385748549635,1.914867170576267,3.616222218970253,3.3252086956497466,2.928598308301574
RUN_05444,D55_seed_07,go2_prior_metadata,D55,seed_07,A08,AB1000,semisynthetic,false,true,COMPLETED,NONE,true,true,56642,56642,5480,66.005054,339.997056,1.0,66.0,340.0,<V3_ROOT>/FINAL_EVALUATION_RECORDS.json,RUN_05444|v2,/11876/row,v2,COMPLETED,NONE,<V3_ROOT>/FINAL_RUN_RECORDS.json,RUN_05444,<RESULTS_ROOT>/run_statistics/EVALUATION_CORE_v2_A08.csv,495,0.16101145957513724,0.36029281541781666,0.32231385748549635,1.914867170576267,3.616222218970253,3.3252086956497466,2.928598308301574
RUN_05455,D55_seed_08,go2_prior_metadata,D55,seed_08,A08,AB1000,semisynthetic,false,true,COMPLETED,NONE,true,true,56642,56642,5480,66.005054,339.997056,1.0,66.0,340.0,<V3_ROOT>/FINAL_EVALUATION_RECORDS.json,RUN_05455|v2,/11898/row,v2,COMPLETED,NONE,<V3_ROOT>/FINAL_RUN_RECORDS.json,RUN_05455,<RESULTS_ROOT>/run_statistics/EVALUATION_CORE_v2_A08.csv,496,0.16101145957513724,0.36029281541781666,0.32231385748549635,1.914867170576267,3.616222218970253,3.3252086956497466,2.928598308301574
RUN_05466,D56_seed_00,go2_prior_metadata,D56,seed_00,A08,AB1000,semisynthetic,false,true,COMPLETED,NONE,true,true,56642,56642,5480,66.005054,339.997056,1.0,66.0,340.0,<V3_ROOT>/FINAL_EVALUATION_RECORDS.json,RUN_05466|v2,/11920/row,v2,COMPLETED,NONE,<V3_ROOT>/FINAL_RUN_RECORDS.json,RUN_05466,<RESULTS_ROOT>/run_statistics/EVALUATION_CORE_v2_A08.csv,497,0.16101145957513724,0.36029281541781666,0.32231385748549635,1.914867170576267,3.616222218970253,3.3252086956497466,2.928598308301574
RUN_05477,D56_seed_01,go2_prior_metadata,D56,seed_01,A08,AB1000,semisynthetic,false,true,COMPLETED,NONE,true,true,56642,56642,5480,66.005054,339.997056,1.0,66.0,340.0,<V3_ROOT>/FINAL_EVALUATION_RECORDS.json,RUN_05477|v2,/11942/row,v2,COMPLETED,NONE,<V3_ROOT>/FINAL_RUN_RECORDS.json,RUN_05477,<RESULTS_ROOT>/run_statistics/EVALUATION_CORE_v2_A08.csv,498,0.16101145957513724,0.36029281541781666,0.32231385748549635,1.914867170576267,3.616222218970253,3.3252086956497466,2.928598308301574
RUN_05488,D56_seed_02,go2_prior_metadata,D56,seed_02,A08,AB1000,semisynthetic,false,true,COMPLETED,NONE,true,true,56642,56642,5480,66.005054,339.997056,1.0,66.0,340.0,<V3_ROOT>/FINAL_EVALUATION_RECORDS.json,RUN_05488|v2,/11964/row,v2,COMPLETED,NONE,<V3_ROOT>/FINAL_RUN_RECORDS.json,RUN_05488,<RESULTS_ROOT>/run_statistics/EVALUATION_CORE_v2_A08.csv,499,0.16101145957513724,0.36029281541781666,0.32231385748549635,1.914867170576267,3.616222218970253,3.3252086956497466,2.928598308301574
RUN_05499,D56_seed_03,go2_prior_metadata,D56,seed_03,A08,AB1000,semisynthetic,false,true,COMPLETED,NONE,true,true,56642,56642,5480,66.005054,339.997056,1.0,66.0,340.0,<V3_ROOT>/FINAL_EVALUATION_RECORDS.json,RUN_05499|v2,/11986/row,v2,COMPLETED,NONE,<V3_ROOT>/FINAL_RUN_RECORDS.json,RUN_05499,<RESULTS_ROOT>/run_statistics/EVALUATION_CORE_v2_A08.csv,500,0.16101145957513724,0.36029281541781666,0.32231385748549635,1.914867170576267,3.616222218970253,3.3252086956497466,2.928598308301574
RUN_05510,D56_seed_04,go2_prior_metadata,D56,seed_04,A08,AB1000,semisynthetic,false,true,COMPLETED,NONE,true,true,56642,56642,5480,66.005054,339.997056,1.0,66.0,340.0,<V3_ROOT>/FINAL_EVALUATION_RECORDS.json,RUN_05510|v2,/12008/row,v2,COMPLETED,NONE,<V3_ROOT>/FINAL_RUN_RECORDS.json,RUN_05510,<RESULTS_ROOT>/run_statistics/EVALUATION_CORE_v2_A08.csv,501,0.16101145957513724,0.36029281541781666,0.32231385748549635,1.914867170576267,3.616222218970253,3.3252086956497466,2.928598308301574
RUN_05521,D56_seed_05,go2_prior_metadata,D56,seed_05,A08,AB1000,semisynthetic,false,true,COMPLETED,NONE,true,true,56642,56642,5480,66.005054,339.997056,1.0,66.0,340.0,<V3_ROOT>/FINAL_EVALUATION_RECORDS.json,RUN_05521|v2,/12030/row,v2,COMPLETED,NONE,<V3_ROOT>/FINAL_RUN_RECORDS.json,RUN_05521,<RESULTS_ROOT>/run_statistics/EVALUATION_CORE_v2_A08.csv,502,0.16101145957513724,0.36029281541781666,0.32231385748549635,1.914867170576267,3.616222218970253,3.3252086956497466,2.928598308301574
RUN_05532,D56_seed_06,go2_prior_metadata,D56,seed_06,A08,AB1000,semisynthetic,false,true,COMPLETED,NONE,true,true,56642,56642,5480,66.005054,339.997056,1.0,66.0,340.0,<V3_ROOT>/FINAL_EVALUATION_RECORDS.json,RUN_05532|v2,/12052/row,v2,COMPLETED,NONE,<V3_ROOT>/FINAL_RUN_RECORDS.json,RUN_05532,<RESULTS_ROOT>/run_statistics/EVALUATION_CORE_v2_A08.csv,503,0.16101145957513724,0.36029281541781666,0.32231385748549635,1.914867170576267,3.616222218970253,3.3252086956497466,2.928598308301574
RUN_05543,D56_seed_07,go2_prior_metadata,D56,seed_07,A08,AB1000,semisynthetic,false,true,COMPLETED,NONE,true,true,56642,56642,5480,66.005054,339.997056,1.0,66.0,340.0,<V3_ROOT>/FINAL_EVALUATION_RECORDS.json,RUN_05543|v2,/12074/row,v2,COMPLETED,NONE,<V3_ROOT>/FINAL_RUN_RECORDS.json,RUN_05543,<RESULTS_ROOT>/run_statistics/EVALUATION_CORE_v2_A08.csv,504,0.16101145957513724,0.36029281541781666,0.32231385748549635,1.914867170576267,3.616222218970253,3.3252086956497466,2.928598308301574
RUN_05554,D56_seed_08,go2_prior_metadata,D56,seed_08,A08,AB1000,semisynthetic,false,true,COMPLETED,NONE,true,true,56642,56642,5480,66.005054,339.997056,1.0,66.0,340.0,<V3_ROOT>/FINAL_EVALUATION_RECORDS.json,RUN_05554|v2,/12096/row,v2,COMPLETED,NONE,<V3_ROOT>/FINAL_RUN_RECORDS.json,RUN_05554,<RESULTS_ROOT>/run_statistics/EVALUATION_CORE_v2_A08.csv,505,0.16101145957513724,0.36029281541781666,0.32231385748549635,1.914867170576267,3.616222218970253,3.3252086956497466,2.928598308301574
RUN_04972,D51_seed_00,go2_prior_metadata,D51,seed_00,A09,AB0100,semisynthetic,false,true,COMPLETED,NONE,true,true,56642,56642,5480,66.005054,339.997056,1.0,66.0,340.0,<V3_ROOT>/FINAL_EVALUATION_RECORDS.json,RUN_04972|v2,/10932/row,v2,COMPLETED,NONE,<V3_ROOT>/FINAL_RUN_RECORDS.json,RUN_04972,<RESULTS_ROOT>/run_statistics/EVALUATION_CORE_v2_A09.csv,452,0.1607476663854872,0.3599209948548937,0.322029983524759,1.913874850848372,3.618379781113906,3.324774738719729,2.929067784774904
RUN_04983,D51_seed_01,go2_prior_metadata,D51,seed_01,A09,AB0100,semisynthetic,false,true,COMPLETED,NONE,true,true,56642,56642,5480,66.005054,339.997056,1.0,66.0,340.0,<V3_ROOT>/FINAL_EVALUATION_RECORDS.json,RUN_04983|v2,/10954/row,v2,COMPLETED,NONE,<V3_ROOT>/FINAL_RUN_RECORDS.json,RUN_04983,<RESULTS_ROOT>/run_statistics/EVALUATION_CORE_v2_A09.csv,453,0.1607476663854872,0.3599209948548937,0.322029983524759,1.913874850848372,3.618379781113906,3.324774738719729,2.929067784774904
RUN_04994,D51_seed_02,go2_prior_metadata,D51,seed_02,A09,AB0100,semisynthetic,false,true,COMPLETED,NONE,true,true,56642,56642,5480,66.005054,339.997056,1.0,66.0,340.0,<V3_ROOT>/FINAL_EVALUATION_RECORDS.json,RUN_04994|v2,/10976/row,v2,COMPLETED,NONE,<V3_ROOT>/FINAL_RUN_RECORDS.json,RUN_04994,<RESULTS_ROOT>/run_statistics/EVALUATION_CORE_v2_A09.csv,454,0.1607476663854872,0.3599209948548937,0.322029983524759,1.913874850848372,3.618379781113906,3.324774738719729,2.929067784774904
RUN_05005,D51_seed_03,go2_prior_metadata,D51,seed_03,A09,AB0100,semisynthetic,false,true,COMPLETED,NONE,true,true,56642,56642,5480,66.005054,339.997056,1.0,66.0,340.0,<V3_ROOT>/FINAL_EVALUATION_RECORDS.json,RUN_05005|v2,/10998/row,v2,COMPLETED,NONE,<V3_ROOT>/FINAL_RUN_RECORDS.json,RUN_05005,<RESULTS_ROOT>/run_statistics/EVALUATION_CORE_v2_A09.csv,455,0.1607476663854872,0.3599209948548937,0.322029983524759,1.913874850848372,3.618379781113906,3.324774738719729,2.929067784774904
RUN_05016,D51_seed_04,go2_prior_metadata,D51,seed_04,A09,AB0100,semisynthetic,false,true,COMPLETED,NONE,true,true,56642,56642,5480,66.005054,339.997056,1.0,66.0,340.0,<V3_ROOT>/FINAL_EVALUATION_RECORDS.json,RUN_05016|v2,/11020/row,v2,COMPLETED,NONE,<V3_ROOT>/FINAL_RUN_RECORDS.json,RUN_05016,<RESULTS_ROOT>/run_statistics/EVALUATION_CORE_v2_A09.csv,456,0.1607476663854872,0.3599209948548937,0.322029983524759,1.913874850848372,3.618379781113906,3.324774738719729,2.929067784774904
RUN_05027,D51_seed_05,go2_prior_metadata,D51,seed_05,A09,AB0100,semisynthetic,false,true,COMPLETED,NONE,true,true,56642,56642,5480,66.005054,339.997056,1.0,66.0,340.0,<V3_ROOT>/FINAL_EVALUATION_RECORDS.json,RUN_05027|v2,/11042/row,v2,COMPLETED,NONE,<V3_ROOT>/FINAL_RUN_RECORDS.json,RUN_05027,<RESULTS_ROOT>/run_statistics/EVALUATION_CORE_v2_A09.csv,457,0.1607476663854872,0.3599209948548937,0.322029983524759,1.913874850848372,3.618379781113906,3.324774738719729,2.929067784774904
RUN_05038,D51_seed_06,go2_prior_metadata,D51,seed_06,A09,AB0100,semisynthetic,false,true,COMPLETED,NONE,true,true,56642,56642,5480,66.005054,339.997056,1.0,66.0,340.0,<V3_ROOT>/FINAL_EVALUATION_RECORDS.json,RUN_05038|v2,/11064/row,v2,COMPLETED,NONE,<V3_ROOT>/FINAL_RUN_RECORDS.json,RUN_05038,<RESULTS_ROOT>/run_statistics/EVALUATION_CORE_v2_A09.csv,458,0.1607476663854872,0.3599209948548937,0.322029983524759,1.913874850848372,3.618379781113906,3.324774738719729,2.929067784774904
RUN_05049,D51_seed_07,go2_prior_metadata,D51,seed_07,A09,AB0100,semisynthetic,false,true,COMPLETED,NONE,true,true,56642,56642,5480,66.005054,339.997056,1.0,66.0,340.0,<V3_ROOT>/FINAL_EVALUATION_RECORDS.json,RUN_05049|v2,/11086/row,v2,COMPLETED,NONE,<V3_ROOT>/FINAL_RUN_RECORDS.json,RUN_05049,<RESULTS_ROOT>/run_statistics/EVALUATION_CORE_v2_A09.csv,459,0.1607476663854872,0.3599209948548937,0.322029983524759,1.913874850848372,3.618379781113906,3.324774738719729,2.929067784774904
RUN_05060,D51_seed_08,go2_prior_metadata,D51,seed_08,A09,AB0100,semisynthetic,false,true,COMPLETED,NONE,true,true,56642,56642,5480,66.005054,339.997056,1.0,66.0,340.0,<V3_ROOT>/FINAL_EVALUATION_RECORDS.json,RUN_05060|v2,/11108/row,v2,COMPLETED,NONE,<V3_ROOT>/FINAL_RUN_RECORDS.json,RUN_05060,<RESULTS_ROOT>/run_statistics/EVALUATION_CORE_v2_A09.csv,460,0.1607476663854872,0.3599209948548937,0.322029983524759,1.913874850848372,3.618379781113906,3.324774738719729,2.929067784774904
RUN_05071,D52_seed_00,go2_prior_metadata,D52,seed_00,A09,AB0100,semisynthetic,false,true,COMPLETED,NONE,true,true,56642,56642,5480,66.005054,339.997056,1.0,66.0,340.0,<V3_ROOT>/FINAL_EVALUATION_RECORDS.json,RUN_05071|v2,/11130/row,v2,COMPLETED,NONE,<V3_ROOT>/FINAL_RUN_RECORDS.json,RUN_05071,<RESULTS_ROOT>/run_statistics/EVALUATION_CORE_v2_A09.csv,461,0.1607476663854872,0.3599209948548937,0.322029983524759,1.913874850848372,3.618379781113906,3.324774738719729,2.929067784774904
RUN_05082,D52_seed_01,go2_prior_metadata,D52,seed_01,A09,AB0100,semisynthetic,false,true,COMPLETED,NONE,true,true,56642,56642,5480,66.005054,339.997056,1.0,66.0,340.0,<V3_ROOT>/FINAL_EVALUATION_RECORDS.json,RUN_05082|v2,/11152/row,v2,COMPLETED,NONE,<V3_ROOT>/FINAL_RUN_RECORDS.json,RUN_05082,<RESULTS_ROOT>/run_statistics/EVALUATION_CORE_v2_A09.csv,462,0.1607476663854872,0.3599209948548937,0.322029983524759,1.913874850848372,3.618379781113906,3.324774738719729,2.929067784774904
RUN_05093,D52_seed_02,go2_prior_metadata,D52,seed_02,A09,AB0100,semisynthetic,false,true,COMPLETED,NONE,true,true,56642,56642,5480,66.005054,339.997056,1.0,66.0,340.0,<V3_ROOT>/FINAL_EVALUATION_RECORDS.json,RUN_05093|v2,/11174/row,v2,COMPLETED,NONE,<V3_ROOT>/FINAL_RUN_RECORDS.json,RUN_05093,<RESULTS_ROOT>/run_statistics/EVALUATION_CORE_v2_A09.csv,463,0.1607476663854872,0.3599209948548937,0.322029983524759,1.913874850848372,3.618379781113906,3.324774738719729,2.929067784774904
RUN_05104,D52_seed_03,go2_prior_metadata,D52,seed_03,A09,AB0100,semisynthetic,false,true,COMPLETED,NONE,true,true,56642,56642,5480,66.005054,339.997056,1.0,66.0,340.0,<V3_ROOT>/FINAL_EVALUATION_RECORDS.json,RUN_05104|v2,/11196/row,v2,COMPLETED,NONE,<V3_ROOT>/FINAL_RUN_RECORDS.json,RUN_05104,<RESULTS_ROOT>/run_statistics/EVALUATION_CORE_v2_A09.csv,464,0.1607476663854872,0.3599209948548937,0.322029983524759,1.913874850848372,3.618379781113906,3.324774738719729,2.929067784774904
RUN_05115,D52_seed_04,go2_prior_metadata,D52,seed_04,A09,AB0100,semisynthetic,false,true,COMPLETED,NONE,true,true,56642,56642,5480,66.005054,339.997056,1.0,66.0,340.0,<V3_ROOT>/FINAL_EVALUATION_RECORDS.json,RUN_05115|v2,/11218/row,v2,COMPLETED,NONE,<V3_ROOT>/FINAL_RUN_RECORDS.json,RUN_05115,<RESULTS_ROOT>/run_statistics/EVALUATION_CORE_v2_A09.csv,465,0.1607476663854872,0.3599209948548937,0.322029983524759,1.913874850848372,3.618379781113906,3.324774738719729,2.929067784774904
RUN_05126,D52_seed_05,go2_prior_metadata,D52,seed_05,A09,AB0100,semisynthetic,false,true,COMPLETED,NONE,true,true,56642,56642,5480,66.005054,339.997056,1.0,66.0,340.0,<V3_ROOT>/FINAL_EVALUATION_RECORDS.json,RUN_05126|v2,/11240/row,v2,COMPLETED,NONE,<V3_ROOT>/FINAL_RUN_RECORDS.json,RUN_05126,<RESULTS_ROOT>/run_statistics/EVALUATION_CORE_v2_A09.csv,466,0.1607476663854872,0.3599209948548937,0.322029983524759,1.913874850848372,3.618379781113906,3.324774738719729,2.929067784774904
RUN_05137,D52_seed_06,go2_prior_metadata,D52,seed_06,A09,AB0100,semisynthetic,false,true,COMPLETED,NONE,true,true,56642,56642,5480,66.005054,339.997056,1.0,66.0,340.0,<V3_ROOT>/FINAL_EVALUATION_RECORDS.json,RUN_05137|v2,/11262/row,v2,COMPLETED,NONE,<V3_ROOT>/FINAL_RUN_RECORDS.json,RUN_05137,<RESULTS_ROOT>/run_statistics/EVALUATION_CORE_v2_A09.csv,467,0.1607476663854872,0.3599209948548937,0.322029983524759,1.913874850848372,3.618379781113906,3.324774738719729,2.929067784774904
RUN_05148,D52_seed_07,go2_prior_metadata,D52,seed_07,A09,AB0100,semisynthetic,false,true,COMPLETED,NONE,true,true,56642,56642,5480,66.005054,339.997056,1.0,66.0,340.0,<V3_ROOT>/FINAL_EVALUATION_RECORDS.json,RUN_05148|v2,/11284/row,v2,COMPLETED,NONE,<V3_ROOT>/FINAL_RUN_RECORDS.json,RUN_05148,<RESULTS_ROOT>/run_statistics/EVALUATION_CORE_v2_A09.csv,468,0.1607476663854872,0.3599209948548937,0.322029983524759,1.913874850848372,3.618379781113906,3.324774738719729,2.929067784774904
RUN_05159,D52_seed_08,go2_prior_metadata,D52,seed_08,A09,AB0100,semisynthetic,false,true,COMPLETED,NONE,true,true,56642,56642,5480,66.005054,339.997056,1.0,66.0,340.0,<V3_ROOT>/FINAL_EVALUATION_RECORDS.json,RUN_05159|v2,/11306/row,v2,COMPLETED,NONE,<V3_ROOT>/FINAL_RUN_RECORDS.json,RUN_05159,<RESULTS_ROOT>/run_statistics/EVALUATION_CORE_v2_A09.csv,469,0.1607476663854872,0.3599209948548937,0.322029983524759,1.913874850848372,3.618379781113906,3.324774738719729,2.929067784774904
RUN_05170,D53_seed_00,go2_prior_metadata,D53,seed_00,A09,AB0100,semisynthetic,false,true,COMPLETED,NONE,true,true,56642,56642,5480,66.005054,339.997056,1.0,66.0,340.0,<V3_ROOT>/FINAL_EVALUATION_RECORDS.json,RUN_05170|v2,/11328/row,v2,COMPLETED,NONE,<V3_ROOT>/FINAL_RUN_RECORDS.json,RUN_05170,<RESULTS_ROOT>/run_statistics/EVALUATION_CORE_v2_A09.csv,470,0.1607476663854872,0.3599209948548937,0.322029983524759,1.913874850848372,3.618379781113906,3.324774738719729,2.929067784774904
RUN_05181,D53_seed_01,go2_prior_metadata,D53,seed_01,A09,AB0100,semisynthetic,false,true,COMPLETED,NONE,true,true,56642,56642,5480,66.005054,339.997056,1.0,66.0,340.0,<V3_ROOT>/FINAL_EVALUATION_RECORDS.json,RUN_05181|v2,/11350/row,v2,COMPLETED,NONE,<V3_ROOT>/FINAL_RUN_RECORDS.json,RUN_05181,<RESULTS_ROOT>/run_statistics/EVALUATION_CORE_v2_A09.csv,471,0.1607476663854872,0.3599209948548937,0.322029983524759,1.913874850848372,3.618379781113906,3.324774738719729,2.929067784774904
RUN_05192,D53_seed_02,go2_prior_metadata,D53,seed_02,A09,AB0100,semisynthetic,false,true,COMPLETED,NONE,true,true,56642,56642,5480,66.005054,339.997056,1.0,66.0,340.0,<V3_ROOT>/FINAL_EVALUATION_RECORDS.json,RUN_05192|v2,/11372/row,v2,COMPLETED,NONE,<V3_ROOT>/FINAL_RUN_RECORDS.json,RUN_05192,<RESULTS_ROOT>/run_statistics/EVALUATION_CORE_v2_A09.csv,472,0.1607476663854872,0.3599209948548937,0.322029983524759,1.913874850848372,3.618379781113906,3.324774738719729,2.929067784774904
RUN_05203,D53_seed_03,go2_prior_metadata,D53,seed_03,A09,AB0100,semisynthetic,false,true,COMPLETED,NONE,true,true,56642,56642,5480,66.005054,339.997056,1.0,66.0,340.0,<V3_ROOT>/FINAL_EVALUATION_RECORDS.json,RUN_05203|v2,/11394/row,v2,COMPLETED,NONE,<V3_ROOT>/FINAL_RUN_RECORDS.json,RUN_05203,<RESULTS_ROOT>/run_statistics/EVALUATION_CORE_v2_A09.csv,473,0.1607476663854872,0.3599209948548937,0.322029983524759,1.913874850848372,3.618379781113906,3.324774738719729,2.929067784774904
RUN_05214,D53_seed_04,go2_prior_metadata,D53,seed_04,A09,AB0100,semisynthetic,false,true,COMPLETED,NONE,true,true,56642,56642,5480,66.005054,339.997056,1.0,66.0,340.0,<V3_ROOT>/FINAL_EVALUATION_RECORDS.json,RUN_05214|v2,/11416/row,v2,COMPLETED,NONE,<V3_ROOT>/FINAL_RUN_RECORDS.json,RUN_05214,<RESULTS_ROOT>/run_statistics/EVALUATION_CORE_v2_A09.csv,474,0.1607476663854872,0.3599209948548937,0.322029983524759,1.913874850848372,3.618379781113906,3.324774738719729,2.929067784774904
RUN_05225,D53_seed_05,go2_prior_metadata,D53,seed_05,A09,AB0100,semisynthetic,false,true,COMPLETED,NONE,true,true,56642,56642,5480,66.005054,339.997056,1.0,66.0,340.0,<V3_ROOT>/FINAL_EVALUATION_RECORDS.json,RUN_05225|v2,/11438/row,v2,COMPLETED,NONE,<V3_ROOT>/FINAL_RUN_RECORDS.json,RUN_05225,<RESULTS_ROOT>/run_statistics/EVALUATION_CORE_v2_A09.csv,475,0.1607476663854872,0.3599209948548937,0.322029983524759,1.913874850848372,3.618379781113906,3.324774738719729,2.929067784774904
RUN_05236,D53_seed_06,go2_prior_metadata,D53,seed_06,A09,AB0100,semisynthetic,false,true,COMPLETED,NONE,true,true,56642,56642,5480,66.005054,339.997056,1.0,66.0,340.0,<V3_ROOT>/FINAL_EVALUATION_RECORDS.json,RUN_05236|v2,/11460/row,v2,COMPLETED,NONE,<V3_ROOT>/FINAL_RUN_RECORDS.json,RUN_05236,<RESULTS_ROOT>/run_statistics/EVALUATION_CORE_v2_A09.csv,476,0.1607476663854872,0.3599209948548937,0.322029983524759,1.913874850848372,3.618379781113906,3.324774738719729,2.929067784774904
RUN_05247,D53_seed_07,go2_prior_metadata,D53,seed_07,A09,AB0100,semisynthetic,false,true,COMPLETED,NONE,true,true,56642,56642,5480,66.005054,339.997056,1.0,66.0,340.0,<V3_ROOT>/FINAL_EVALUATION_RECORDS.json,RUN_05247|v2,/11482/row,v2,COMPLETED,NONE,<V3_ROOT>/FINAL_RUN_RECORDS.json,RUN_05247,<RESULTS_ROOT>/run_statistics/EVALUATION_CORE_v2_A09.csv,477,0.1607476663854872,0.3599209948548937,0.322029983524759,1.913874850848372,3.618379781113906,3.324774738719729,2.929067784774904
RUN_05258,D53_seed_08,go2_prior_metadata,D53,seed_08,A09,AB0100,semisynthetic,false,true,COMPLETED,NONE,true,true,56642,56642,5480,66.005054,339.997056,1.0,66.0,340.0,<V3_ROOT>/FINAL_EVALUATION_RECORDS.json,RUN_05258|v2,/11504/row,v2,COMPLETED,NONE,<V3_ROOT>/FINAL_RUN_RECORDS.json,RUN_05258,<RESULTS_ROOT>/run_statistics/EVALUATION_CORE_v2_A09.csv,478,0.1607476663854872,0.3599209948548937,0.322029983524759,1.913874850848372,3.618379781113906,3.324774738719729,2.929067784774904
RUN_05269,D54_seed_00,go2_prior_metadata,D54,seed_00,A09,AB0100,semisynthetic,false,true,COMPLETED,NONE,true,true,56642,56642,5480,66.005054,339.997056,1.0,66.0,340.0,<V3_ROOT>/FINAL_EVALUATION_RECORDS.json,RUN_05269|v2,/11526/row,v2,COMPLETED,NONE,<V3_ROOT>/FINAL_RUN_RECORDS.json,RUN_05269,<RESULTS_ROOT>/run_statistics/EVALUATION_CORE_v2_A09.csv,479,0.1607476663854872,0.3599209948548937,0.322029983524759,1.913874850848372,3.618379781113906,3.324774738719729,2.929067784774904
RUN_05280,D54_seed_01,go2_prior_metadata,D54,seed_01,A09,AB0100,semisynthetic,false,true,COMPLETED,NONE,true,true,56642,56642,5480,66.005054,339.997056,1.0,66.0,340.0,<V3_ROOT>/FINAL_EVALUATION_RECORDS.json,RUN_05280|v2,/11548/row,v2,COMPLETED,NONE,<V3_ROOT>/FINAL_RUN_RECORDS.json,RUN_05280,<RESULTS_ROOT>/run_statistics/EVALUATION_CORE_v2_A09.csv,480,0.1607476663854872,0.3599209948548937,0.322029983524759,1.913874850848372,3.618379781113906,3.324774738719729,2.929067784774904
RUN_05291,D54_seed_02,go2_prior_metadata,D54,seed_02,A09,AB0100,semisynthetic,false,true,COMPLETED,NONE,true,true,56642,56642,5480,66.005054,339.997056,1.0,66.0,340.0,<V3_ROOT>/FINAL_EVALUATION_RECORDS.json,RUN_05291|v2,/11570/row,v2,COMPLETED,NONE,<V3_ROOT>/FINAL_RUN_RECORDS.json,RUN_05291,<RESULTS_ROOT>/run_statistics/EVALUATION_CORE_v2_A09.csv,481,0.1607476663854872,0.3599209948548937,0.322029983524759,1.913874850848372,3.618379781113906,3.324774738719729,2.929067784774904
RUN_05302,D54_seed_03,go2_prior_metadata,D54,seed_03,A09,AB0100,semisynthetic,false,true,COMPLETED,NONE,true,true,56642,56642,5480,66.005054,339.997056,1.0,66.0,340.0,<V3_ROOT>/FINAL_EVALUATION_RECORDS.json,RUN_05302|v2,/11592/row,v2,COMPLETED,NONE,<V3_ROOT>/FINAL_RUN_RECORDS.json,RUN_05302,<RESULTS_ROOT>/run_statistics/EVALUATION_CORE_v2_A09.csv,482,0.1607476663854872,0.3599209948548937,0.322029983524759,1.913874850848372,3.618379781113906,3.324774738719729,2.929067784774904
RUN_05313,D54_seed_04,go2_prior_metadata,D54,seed_04,A09,AB0100,semisynthetic,false,true,COMPLETED,NONE,true,true,56642,56642,5480,66.005054,339.997056,1.0,66.0,340.0,<V3_ROOT>/FINAL_EVALUATION_RECORDS.json,RUN_05313|v2,/11614/row,v2,COMPLETED,NONE,<V3_ROOT>/FINAL_RUN_RECORDS.json,RUN_05313,<RESULTS_ROOT>/run_statistics/EVALUATION_CORE_v2_A09.csv,483,0.1607476663854872,0.3599209948548937,0.322029983524759,1.913874850848372,3.618379781113906,3.324774738719729,2.929067784774904
RUN_05324,D54_seed_05,go2_prior_metadata,D54,seed_05,A09,AB0100,semisynthetic,false,true,COMPLETED,NONE,true,true,56642,56642,5480,66.005054,339.997056,1.0,66.0,340.0,<V3_ROOT>/FINAL_EVALUATION_RECORDS.json,RUN_05324|v2,/11636/row,v2,COMPLETED,NONE,<V3_ROOT>/FINAL_RUN_RECORDS.json,RUN_05324,<RESULTS_ROOT>/run_statistics/EVALUATION_CORE_v2_A09.csv,484,0.1607476663854872,0.3599209948548937,0.322029983524759,1.913874850848372,3.618379781113906,3.324774738719729,2.929067784774904
RUN_05335,D54_seed_06,go2_prior_metadata,D54,seed_06,A09,AB0100,semisynthetic,false,true,COMPLETED,NONE,true,true,56642,56642,5480,66.005054,339.997056,1.0,66.0,340.0,<V3_ROOT>/FINAL_EVALUATION_RECORDS.json,RUN_05335|v2,/11658/row,v2,COMPLETED,NONE,<V3_ROOT>/FINAL_RUN_RECORDS.json,RUN_05335,<RESULTS_ROOT>/run_statistics/EVALUATION_CORE_v2_A09.csv,485,0.1607476663854872,0.3599209948548937,0.322029983524759,1.913874850848372,3.618379781113906,3.324774738719729,2.929067784774904
RUN_05346,D54_seed_07,go2_prior_metadata,D54,seed_07,A09,AB0100,semisynthetic,false,true,COMPLETED,NONE,true,true,56642,56642,5480,66.005054,339.997056,1.0,66.0,340.0,<V3_ROOT>/FINAL_EVALUATION_RECORDS.json,RUN_05346|v2,/11680/row,v2,COMPLETED,NONE,<V3_ROOT>/FINAL_RUN_RECORDS.json,RUN_05346,<RESULTS_ROOT>/run_statistics/EVALUATION_CORE_v2_A09.csv,486,0.1607476663854872,0.3599209948548937,0.322029983524759,1.913874850848372,3.618379781113906,3.324774738719729,2.929067784774904
RUN_05357,D54_seed_08,go2_prior_metadata,D54,seed_08,A09,AB0100,semisynthetic,false,true,COMPLETED,NONE,true,true,56642,56642,5480,66.005054,339.997056,1.0,66.0,340.0,<V3_ROOT>/FINAL_EVALUATION_RECORDS.json,RUN_05357|v2,/11702/row,v2,COMPLETED,NONE,<V3_ROOT>/FINAL_RUN_RECORDS.json,RUN_05357,<RESULTS_ROOT>/run_statistics/EVALUATION_CORE_v2_A09.csv,487,0.1607476663854872,0.3599209948548937,0.322029983524759,1.913874850848372,3.618379781113906,3.324774738719729,2.929067784774904
RUN_05368,D55_seed_00,go2_prior_metadata,D55,seed_00,A09,AB0100,semisynthetic,false,true,COMPLETED,NONE,true,true,56642,56642,5480,66.005054,339.997056,1.0,66.0,340.0,<V3_ROOT>/FINAL_EVALUATION_RECORDS.json,RUN_05368|v2,/11724/row,v2,COMPLETED,NONE,<V3_ROOT>/FINAL_RUN_RECORDS.json,RUN_05368,<RESULTS_ROOT>/run_statistics/EVALUATION_CORE_v2_A09.csv,488,0.1607476663854872,0.3599209948548937,0.322029983524759,1.913874850848372,3.618379781113906,3.324774738719729,2.929067784774904
RUN_05379,D55_seed_01,go2_prior_metadata,D55,seed_01,A09,AB0100,semisynthetic,false,true,COMPLETED,NONE,true,true,56642,56642,5480,66.005054,339.997056,1.0,66.0,340.0,<V3_ROOT>/FINAL_EVALUATION_RECORDS.json,RUN_05379|v2,/11746/row,v2,COMPLETED,NONE,<V3_ROOT>/FINAL_RUN_RECORDS.json,RUN_05379,<RESULTS_ROOT>/run_statistics/EVALUATION_CORE_v2_A09.csv,489,0.1607476663854872,0.3599209948548937,0.322029983524759,1.913874850848372,3.618379781113906,3.324774738719729,2.929067784774904
RUN_05390,D55_seed_02,go2_prior_metadata,D55,seed_02,A09,AB0100,semisynthetic,false,true,COMPLETED,NONE,true,true,56642,56642,5480,66.005054,339.997056,1.0,66.0,340.0,<V3_ROOT>/FINAL_EVALUATION_RECORDS.json,RUN_05390|v2,/11768/row,v2,COMPLETED,NONE,<V3_ROOT>/FINAL_RUN_RECORDS.json,RUN_05390,<RESULTS_ROOT>/run_statistics/EVALUATION_CORE_v2_A09.csv,490,0.1607476663854872,0.3599209948548937,0.322029983524759,1.913874850848372,3.618379781113906,3.324774738719729,2.929067784774904
RUN_05401,D55_seed_03,go2_prior_metadata,D55,seed_03,A09,AB0100,semisynthetic,false,true,COMPLETED,NONE,true,true,56642,56642,5480,66.005054,339.997056,1.0,66.0,340.0,<V3_ROOT>/FINAL_EVALUATION_RECORDS.json,RUN_05401|v2,/11790/row,v2,COMPLETED,NONE,<V3_ROOT>/FINAL_RUN_RECORDS.json,RUN_05401,<RESULTS_ROOT>/run_statistics/EVALUATION_CORE_v2_A09.csv,491,0.1607476663854872,0.3599209948548937,0.322029983524759,1.913874850848372,3.618379781113906,3.324774738719729,2.929067784774904
RUN_05412,D55_seed_04,go2_prior_metadata,D55,seed_04,A09,AB0100,semisynthetic,false,true,COMPLETED,NONE,true,true,56642,56642,5480,66.005054,339.997056,1.0,66.0,340.0,<V3_ROOT>/FINAL_EVALUATION_RECORDS.json,RUN_05412|v2,/11812/row,v2,COMPLETED,NONE,<V3_ROOT>/FINAL_RUN_RECORDS.json,RUN_05412,<RESULTS_ROOT>/run_statistics/EVALUATION_CORE_v2_A09.csv,492,0.1607476663854872,0.3599209948548937,0.322029983524759,1.913874850848372,3.618379781113906,3.324774738719729,2.929067784774904
RUN_05423,D55_seed_05,go2_prior_metadata,D55,seed_05,A09,AB0100,semisynthetic,false,true,COMPLETED,NONE,true,true,56642,56642,5480,66.005054,339.997056,1.0,66.0,340.0,<V3_ROOT>/FINAL_EVALUATION_RECORDS.json,RUN_05423|v2,/11834/row,v2,COMPLETED,NONE,<V3_ROOT>/FINAL_RUN_RECORDS.json,RUN_05423,<RESULTS_ROOT>/run_statistics/EVALUATION_CORE_v2_A09.csv,493,0.1607476663854872,0.3599209948548937,0.322029983524759,1.913874850848372,3.618379781113906,3.324774738719729,2.929067784774904
RUN_05434,D55_seed_06,go2_prior_metadata,D55,seed_06,A09,AB0100,semisynthetic,false,true,COMPLETED,NONE,true,true,56642,56642,5480,66.005054,339.997056,1.0,66.0,340.0,<V3_ROOT>/FINAL_EVALUATION_RECORDS.json,RUN_05434|v2,/11856/row,v2,COMPLETED,NONE,<V3_ROOT>/FINAL_RUN_RECORDS.json,RUN_05434,<RESULTS_ROOT>/run_statistics/EVALUATION_CORE_v2_A09.csv,494,0.1607476663854872,0.3599209948548937,0.322029983524759,1.913874850848372,3.618379781113906,3.324774738719729,2.929067784774904
RUN_05445,D55_seed_07,go2_prior_metadata,D55,seed_07,A09,AB0100,semisynthetic,false,true,COMPLETED,NONE,true,true,56642,56642,5480,66.005054,339.997056,1.0,66.0,340.0,<V3_ROOT>/FINAL_EVALUATION_RECORDS.json,RUN_05445|v2,/11878/row,v2,COMPLETED,NONE,<V3_ROOT>/FINAL_RUN_RECORDS.json,RUN_05445,<RESULTS_ROOT>/run_statistics/EVALUATION_CORE_v2_A09.csv,495,0.1607476663854872,0.3599209948548937,0.322029983524759,1.913874850848372,3.618379781113906,3.324774738719729,2.929067784774904
RUN_05456,D55_seed_08,go2_prior_metadata,D55,seed_08,A09,AB0100,semisynthetic,false,true,COMPLETED,NONE,true,true,56642,56642,5480,66.005054,339.997056,1.0,66.0,340.0,<V3_ROOT>/FINAL_EVALUATION_RECORDS.json,RUN_05456|v2,/11900/row,v2,COMPLETED,NONE,<V3_ROOT>/FINAL_RUN_RECORDS.json,RUN_05456,<RESULTS_ROOT>/run_statistics/EVALUATION_CORE_v2_A09.csv,496,0.1607476663854872,0.3599209948548937,0.322029983524759,1.913874850848372,3.618379781113906,3.324774738719729,2.929067784774904
RUN_05467,D56_seed_00,go2_prior_metadata,D56,seed_00,A09,AB0100,semisynthetic,false,true,COMPLETED,NONE,true,true,56642,56642,5480,66.005054,339.997056,1.0,66.0,340.0,<V3_ROOT>/FINAL_EVALUATION_RECORDS.json,RUN_05467|v2,/11922/row,v2,COMPLETED,NONE,<V3_ROOT>/FINAL_RUN_RECORDS.json,RUN_05467,<RESULTS_ROOT>/run_statistics/EVALUATION_CORE_v2_A09.csv,497,0.1607476663854872,0.3599209948548937,0.322029983524759,1.913874850848372,3.618379781113906,3.324774738719729,2.929067784774904
RUN_05478,D56_seed_01,go2_prior_metadata,D56,seed_01,A09,AB0100,semisynthetic,false,true,COMPLETED,NONE,true,true,56642,56642,5480,66.005054,339.997056,1.0,66.0,340.0,<V3_ROOT>/FINAL_EVALUATION_RECORDS.json,RUN_05478|v2,/11944/row,v2,COMPLETED,NONE,<V3_ROOT>/FINAL_RUN_RECORDS.json,RUN_05478,<RESULTS_ROOT>/run_statistics/EVALUATION_CORE_v2_A09.csv,498,0.1607476663854872,0.3599209948548937,0.322029983524759,1.913874850848372,3.618379781113906,3.324774738719729,2.929067784774904
RUN_05489,D56_seed_02,go2_prior_metadata,D56,seed_02,A09,AB0100,semisynthetic,false,true,COMPLETED,NONE,true,true,56642,56642,5480,66.005054,339.997056,1.0,66.0,340.0,<V3_ROOT>/FINAL_EVALUATION_RECORDS.json,RUN_05489|v2,/11966/row,v2,COMPLETED,NONE,<V3_ROOT>/FINAL_RUN_RECORDS.json,RUN_05489,<RESULTS_ROOT>/run_statistics/EVALUATION_CORE_v2_A09.csv,499,0.1607476663854872,0.3599209948548937,0.322029983524759,1.913874850848372,3.618379781113906,3.324774738719729,2.929067784774904
RUN_05500,D56_seed_03,go2_prior_metadata,D56,seed_03,A09,AB0100,semisynthetic,false,true,COMPLETED,NONE,true,true,56642,56642,5480,66.005054,339.997056,1.0,66.0,340.0,<V3_ROOT>/FINAL_EVALUATION_RECORDS.json,RUN_05500|v2,/11988/row,v2,COMPLETED,NONE,<V3_ROOT>/FINAL_RUN_RECORDS.json,RUN_05500,<RESULTS_ROOT>/run_statistics/EVALUATION_CORE_v2_A09.csv,500,0.1607476663854872,0.3599209948548937,0.322029983524759,1.913874850848372,3.618379781113906,3.324774738719729,2.929067784774904
RUN_05511,D56_seed_04,go2_prior_metadata,D56,seed_04,A09,AB0100,semisynthetic,false,true,COMPLETED,NONE,true,true,56642,56642,5480,66.005054,339.997056,1.0,66.0,340.0,<V3_ROOT>/FINAL_EVALUATION_RECORDS.json,RUN_05511|v2,/12010/row,v2,COMPLETED,NONE,<V3_ROOT>/FINAL_RUN_RECORDS.json,RUN_05511,<RESULTS_ROOT>/run_statistics/EVALUATION_CORE_v2_A09.csv,501,0.1607476663854872,0.3599209948548937,0.322029983524759,1.913874850848372,3.618379781113906,3.324774738719729,2.929067784774904
RUN_05522,D56_seed_05,go2_prior_metadata,D56,seed_05,A09,AB0100,semisynthetic,false,true,COMPLETED,NONE,true,true,56642,56642,5480,66.005054,339.997056,1.0,66.0,340.0,<V3_ROOT>/FINAL_EVALUATION_RECORDS.json,RUN_05522|v2,/12032/row,v2,COMPLETED,NONE,<V3_ROOT>/FINAL_RUN_RECORDS.json,RUN_05522,<RESULTS_ROOT>/run_statistics/EVALUATION_CORE_v2_A09.csv,502,0.1607476663854872,0.3599209948548937,0.322029983524759,1.913874850848372,3.618379781113906,3.324774738719729,2.929067784774904
RUN_05533,D56_seed_06,go2_prior_metadata,D56,seed_06,A09,AB0100,semisynthetic,false,true,COMPLETED,NONE,true,true,56642,56642,5480,66.005054,339.997056,1.0,66.0,340.0,<V3_ROOT>/FINAL_EVALUATION_RECORDS.json,RUN_05533|v2,/12054/row,v2,COMPLETED,NONE,<V3_ROOT>/FINAL_RUN_RECORDS.json,RUN_05533,<RESULTS_ROOT>/run_statistics/EVALUATION_CORE_v2_A09.csv,503,0.1607476663854872,0.3599209948548937,0.322029983524759,1.913874850848372,3.618379781113906,3.324774738719729,2.929067784774904
RUN_05544,D56_seed_07,go2_prior_metadata,D56,seed_07,A09,AB0100,semisynthetic,false,true,COMPLETED,NONE,true,true,56642,56642,5480,66.005054,339.997056,1.0,66.0,340.0,<V3_ROOT>/FINAL_EVALUATION_RECORDS.json,RUN_05544|v2,/12076/row,v2,COMPLETED,NONE,<V3_ROOT>/FINAL_RUN_RECORDS.json,RUN_05544,<RESULTS_ROOT>/run_statistics/EVALUATION_CORE_v2_A09.csv,504,0.1607476663854872,0.3599209948548937,0.322029983524759,1.913874850848372,3.618379781113906,3.324774738719729,2.929067784774904
RUN_05555,D56_seed_08,go2_prior_metadata,D56,seed_08,A09,AB0100,semisynthetic,false,true,COMPLETED,NONE,true,true,56642,56642,5480,66.005054,339.997056,1.0,66.0,340.0,<V3_ROOT>/FINAL_EVALUATION_RECORDS.json,RUN_05555|v2,/12098/row,v2,COMPLETED,NONE,<V3_ROOT>/FINAL_RUN_RECORDS.json,RUN_05555,<RESULTS_ROOT>/run_statistics/EVALUATION_CORE_v2_A09.csv,505,0.1607476663854872,0.3599209948548937,0.322029983524759,1.913874850848372,3.618379781113906,3.324774738719729,2.929067784774904
