file_id,group,run_id,sequence_id,domain,case_id,case_family,seed_index,method_id,effective_profile,evaluator_version,payload_kind,data_mode,field,row_count,finite_count,non_numeric_count,nan_count,positive_infinity_count,negative_infinity_count,finite_min,finite_max,negative_count
RUN_01200__v3,CORE_position_value,RUN_01200,BY2,CORE,D13_seed_00,position_value,seed_00,F01,single_antenna_EKF,v3,error_series,semisynthetic,time,56642,56642,0,0,0,0,66.005054,339.997056,0
RUN_01200__v3,CORE_position_value,RUN_01200,BY2,CORE,D13_seed_00,position_value,seed_00,F01,single_antenna_EKF,v3,error_series,semisynthetic,err_n_m,56642,56642,0,0,0,0,-1.4439610095195015,1.4637459596392404,26252
RUN_01200__v3,CORE_position_value,RUN_01200,BY2,CORE,D13_seed_00,position_value,seed_00,F01,single_antenna_EKF,v3,error_series,semisynthetic,err_e_m,56642,56642,0,0,0,0,-1.5532133991786594,1.6052564115487007,26829
RUN_01200__v3,CORE_position_value,RUN_01200,BY2,CORE,D13_seed_00,position_value,seed_00,F01,single_antenna_EKF,v3,error_series,semisynthetic,err_u_m,56642,56642,0,0,0,0,-3.623539359843652,3.64647490315833,28617
RUN_01200__v3,CORE_position_value,RUN_01200,BY2,CORE,D13_seed_00,position_value,seed_00,F01,single_antenna_EKF,v3,error_series,semisynthetic,horizontal_err_m,56642,56642,0,0,0,0,0.0019579757575329676,2.049272349148378,0
RUN_01200__v3,CORE_position_value,RUN_01200,BY2,CORE,D13_seed_00,position_value,seed_00,F01,single_antenna_EKF,v3,error_series,semisynthetic,position_3d_err_m,56642,56642,0,0,0,0,0.055599170403312574,3.7730341316814044,0
RUN_01200__v3,CORE_position_value,RUN_01200,BY2,CORE,D13_seed_00,position_value,seed_00,F01,single_antenna_EKF,v3,error_series,semisynthetic,roll_err_deg,56642,56642,0,0,0,0,-6.7216680999406435,27.232084062032982,24452
RUN_01200__v3,CORE_position_value,RUN_01200,BY2,CORE,D13_seed_00,position_value,seed_00,F01,single_antenna_EKF,v3,error_series,semisynthetic,pitch_err_deg,56642,56642,0,0,0,0,-35.8094105754588,11.474029904475572,30577
RUN_01200__v3,CORE_position_value,RUN_01200,BY2,CORE,D13_seed_00,position_value,seed_00,F01,single_antenna_EKF,v3,error_series,semisynthetic,yaw_err_deg,56642,56642,0,0,0,0,-30.455668038423426,18.331293999392244,56174
RUN_01200__v3,CORE_position_value,RUN_01200,BY2,CORE,D13_seed_00,position_value,seed_00,F01,single_antenna_EKF,v3,error_series,semisynthetic,horizontal_3sigma_m,56642,56642,0,0,0,0,0.04698451970981849,42.43457969268709,0
RUN_01200__v3,CORE_position_value,RUN_01200,BY2,CORE,D13_seed_00,position_value,seed_00,F01,single_antenna_EKF,v3,error_series,semisynthetic,roll_3sigma_deg,56642,56642,0,0,0,0,0.408177717,6.0000398189999995,0
RUN_01200__v3,CORE_position_value,RUN_01200,BY2,CORE,D13_seed_00,position_value,seed_00,F01,single_antenna_EKF,v3,error_series,semisynthetic,pitch_3sigma_deg,56642,56642,0,0,0,0,0.422167491,6.0000398189999995,0
RUN_01200__v3,CORE_position_value,RUN_01200,BY2,CORE,D13_seed_00,position_value,seed_00,F01,single_antenna_EKF,v3,error_series,semisynthetic,yaw_3sigma_deg,56642,56642,0,0,0,0,2.472587325,6.0000398189999995,0
RUN_01200__v2,CORE_position_value,RUN_01200,BY2,CORE,D13_seed_00,position_value,seed_00,F01,single_antenna_EKF,v2,error_series,semisynthetic,time,56642,56642,0,0,0,0,66.005054,339.997056,0
RUN_01200__v2,CORE_position_value,RUN_01200,BY2,CORE,D13_seed_00,position_value,seed_00,F01,single_antenna_EKF,v2,error_series,semisynthetic,err_n_m,56642,56642,0,0,0,0,-1.5708084311459025,1.5053807312979437,26399
RUN_01200__v2,CORE_position_value,RUN_01200,BY2,CORE,D13_seed_00,position_value,seed_00,F01,single_antenna_EKF,v2,error_series,semisynthetic,err_e_m,56642,56642,0,0,0,0,-1.677219335284036,1.7295136809974974,28051
RUN_01200__v2,CORE_position_value,RUN_01200,BY2,CORE,D13_seed_00,position_value,seed_00,F01,single_antenna_EKF,v2,error_series,semisynthetic,err_u_m,56642,56642,0,0,0,0,-3.9269743198781972,3.3553722483420003,36853
RUN_01200__v2,CORE_position_value,RUN_01200,BY2,CORE,D13_seed_00,position_value,seed_00,F01,single_antenna_EKF,v2,error_series,semisynthetic,horizontal_err_m,56642,56642,0,0,0,0,0.0003819522892534452,2.1650575349025565,0
RUN_01200__v2,CORE_position_value,RUN_01200,BY2,CORE,D13_seed_00,position_value,seed_00,F01,single_antenna_EKF,v2,error_series,semisynthetic,position_3d_err_m,56642,56642,0,0,0,0,0.024609937216623183,4.018542842012754,0
RUN_01200__v2,CORE_position_value,RUN_01200,BY2,CORE,D13_seed_00,position_value,seed_00,F01,single_antenna_EKF,v2,error_series,semisynthetic,roll_err_deg,56642,56642,0,0,0,0,-6.7216680999406435,27.232084062032982,24452
RUN_01200__v2,CORE_position_value,RUN_01200,BY2,CORE,D13_seed_00,position_value,seed_00,F01,single_antenna_EKF,v2,error_series,semisynthetic,pitch_err_deg,56642,56642,0,0,0,0,-35.8094105754588,11.474029904475572,30577
RUN_01200__v2,CORE_position_value,RUN_01200,BY2,CORE,D13_seed_00,position_value,seed_00,F01,single_antenna_EKF,v2,error_series,semisynthetic,yaw_err_deg,56642,56642,0,0,0,0,-30.455668038423426,18.331293999392244,56174
RUN_01200__v2,CORE_position_value,RUN_01200,BY2,CORE,D13_seed_00,position_value,seed_00,F01,single_antenna_EKF,v2,error_series,semisynthetic,horizontal_3sigma_m,56642,56642,0,0,0,0,0.04698451970981849,42.43457969268709,0
RUN_01200__v2,CORE_position_value,RUN_01200,BY2,CORE,D13_seed_00,position_value,seed_00,F01,single_antenna_EKF,v2,error_series,semisynthetic,roll_3sigma_deg,56642,56642,0,0,0,0,0.408177717,6.0000398189999995,0
RUN_01200__v2,CORE_position_value,RUN_01200,BY2,CORE,D13_seed_00,position_value,seed_00,F01,single_antenna_EKF,v2,error_series,semisynthetic,pitch_3sigma_deg,56642,56642,0,0,0,0,0.422167491,6.0000398189999995,0
RUN_01200__v2,CORE_position_value,RUN_01200,BY2,CORE,D13_seed_00,position_value,seed_00,F01,single_antenna_EKF,v2,error_series,semisynthetic,yaw_3sigma_deg,56642,56642,0,0,0,0,2.472587325,6.0000398189999995,0
RUN_01201__v3,CORE_position_value,RUN_01201,BY2,CORE,D13_seed_00,position_value,seed_00,F02,basic_dual_yaw_EKF,v3,error_series,semisynthetic,time,56642,56642,0,0,0,0,66.005054,339.997056,0
RUN_01201__v3,CORE_position_value,RUN_01201,BY2,CORE,D13_seed_00,position_value,seed_00,F02,basic_dual_yaw_EKF,v3,error_series,semisynthetic,err_n_m,56642,56642,0,0,0,0,-2.083900763759832,2.0317196950885403,27226
RUN_01201__v3,CORE_position_value,RUN_01201,BY2,CORE,D13_seed_00,position_value,seed_00,F02,basic_dual_yaw_EKF,v3,error_series,semisynthetic,err_e_m,56642,56642,0,0,0,0,-2.1639501048491354,2.187236528359053,27300
RUN_01201__v3,CORE_position_value,RUN_01201,BY2,CORE,D13_seed_00,position_value,seed_00,F02,basic_dual_yaw_EKF,v3,error_series,semisynthetic,err_u_m,56642,56642,0,0,0,0,-4.306035583086642,4.687612336117936,28523
RUN_01201__v3,CORE_position_value,RUN_01201,BY2,CORE,D13_seed_00,position_value,seed_00,F02,basic_dual_yaw_EKF,v3,error_series,semisynthetic,horizontal_err_m,56642,56642,0,0,0,0,0.0022199358745673423,3.0042174437739018,0
RUN_01201__v3,CORE_position_value,RUN_01201,BY2,CORE,D13_seed_00,position_value,seed_00,F02,basic_dual_yaw_EKF,v3,error_series,semisynthetic,position_3d_err_m,56642,56642,0,0,0,0,0.051917922196316316,4.874448731304638,0
RUN_01201__v3,CORE_position_value,RUN_01201,BY2,CORE,D13_seed_00,position_value,seed_00,F02,basic_dual_yaw_EKF,v3,error_series,semisynthetic,roll_err_deg,56642,56642,0,0,0,0,-16.275837547446343,106.39618448417605,5327
RUN_01201__v3,CORE_position_value,RUN_01201,BY2,CORE,D13_seed_00,position_value,seed_00,F02,basic_dual_yaw_EKF,v3,error_series,semisynthetic,pitch_err_deg,56642,56642,0,0,0,0,-50.81663936768285,38.20143549139945,27855
RUN_01201__v3,CORE_position_value,RUN_01201,BY2,CORE,D13_seed_00,position_value,seed_00,F02,basic_dual_yaw_EKF,v3,error_series,semisynthetic,yaw_err_deg,56642,56642,0,0,0,0,-62.26451419918567,20.036306960786078,46715
RUN_01201__v3,CORE_position_value,RUN_01201,BY2,CORE,D13_seed_00,position_value,seed_00,F02,basic_dual_yaw_EKF,v3,error_series,semisynthetic,horizontal_3sigma_m,56642,56642,0,0,0,0,0.05178730606899564,42.43457969268709,0
RUN_01201__v3,CORE_position_value,RUN_01201,BY2,CORE,D13_seed_00,position_value,seed_00,F02,basic_dual_yaw_EKF,v3,error_series,semisynthetic,roll_3sigma_deg,56642,56642,0,0,0,0,0.40597854,6.000072272999999,0
RUN_01201__v3,CORE_position_value,RUN_01201,BY2,CORE,D13_seed_00,position_value,seed_00,F02,basic_dual_yaw_EKF,v3,error_series,semisynthetic,pitch_3sigma_deg,56642,56642,0,0,0,0,0.415663962,6.000072231,0
RUN_01201__v3,CORE_position_value,RUN_01201,BY2,CORE,D13_seed_00,position_value,seed_00,F02,basic_dual_yaw_EKF,v3,error_series,semisynthetic,yaw_3sigma_deg,56642,56642,0,0,0,0,0.528146148,6.0000398189999995,0
RUN_01201__v2,CORE_position_value,RUN_01201,BY2,CORE,D13_seed_00,position_value,seed_00,F02,basic_dual_yaw_EKF,v2,error_series,semisynthetic,time,56642,56642,0,0,0,0,66.005054,339.997056,0
RUN_01201__v2,CORE_position_value,RUN_01201,BY2,CORE,D13_seed_00,position_value,seed_00,F02,basic_dual_yaw_EKF,v2,error_series,semisynthetic,err_n_m,56642,56642,0,0,0,0,-2.186053324989313,2.0551161108564724,26860
RUN_01201__v2,CORE_position_value,RUN_01201,BY2,CORE,D13_seed_00,position_value,seed_00,F02,basic_dual_yaw_EKF,v2,error_series,semisynthetic,err_e_m,56642,56642,0,0,0,0,-2.29724926979992,2.287180126195886,27940
RUN_01201__v2,CORE_position_value,RUN_01201,BY2,CORE,D13_seed_00,position_value,seed_00,F02,basic_dual_yaw_EKF,v2,error_series,semisynthetic,err_u_m,56642,56642,0,0,0,0,-4.612041805487005,4.388397951169051,35746
RUN_01201__v2,CORE_position_value,RUN_01201,BY2,CORE,D13_seed_00,position_value,seed_00,F02,basic_dual_yaw_EKF,v2,error_series,semisynthetic,horizontal_err_m,56642,56642,0,0,0,0,0.00836736067087487,3.074397832319464,0
RUN_01201__v2,CORE_position_value,RUN_01201,BY2,CORE,D13_seed_00,position_value,seed_00,F02,basic_dual_yaw_EKF,v2,error_series,semisynthetic,position_3d_err_m,56642,56642,0,0,0,0,0.048043438892150375,4.723482592846771,0
RUN_01201__v2,CORE_position_value,RUN_01201,BY2,CORE,D13_seed_00,position_value,seed_00,F02,basic_dual_yaw_EKF,v2,error_series,semisynthetic,roll_err_deg,56642,56642,0,0,0,0,-16.275837547446343,106.39618448417605,5327
RUN_01201__v2,CORE_position_value,RUN_01201,BY2,CORE,D13_seed_00,position_value,seed_00,F02,basic_dual_yaw_EKF,v2,error_series,semisynthetic,pitch_err_deg,56642,56642,0,0,0,0,-50.81663936768285,38.20143549139945,27855
RUN_01201__v2,CORE_position_value,RUN_01201,BY2,CORE,D13_seed_00,position_value,seed_00,F02,basic_dual_yaw_EKF,v2,error_series,semisynthetic,yaw_err_deg,56642,56642,0,0,0,0,-62.26451419918567,20.036306960786078,46715
RUN_01201__v2,CORE_position_value,RUN_01201,BY2,CORE,D13_seed_00,position_value,seed_00,F02,basic_dual_yaw_EKF,v2,error_series,semisynthetic,horizontal_3sigma_m,56642,56642,0,0,0,0,0.05178730606899564,42.43457969268709,0
RUN_01201__v2,CORE_position_value,RUN_01201,BY2,CORE,D13_seed_00,position_value,seed_00,F02,basic_dual_yaw_EKF,v2,error_series,semisynthetic,roll_3sigma_deg,56642,56642,0,0,0,0,0.40597854,6.000072272999999,0
RUN_01201__v2,CORE_position_value,RUN_01201,BY2,CORE,D13_seed_00,position_value,seed_00,F02,basic_dual_yaw_EKF,v2,error_series,semisynthetic,pitch_3sigma_deg,56642,56642,0,0,0,0,0.415663962,6.000072231,0
RUN_01201__v2,CORE_position_value,RUN_01201,BY2,CORE,D13_seed_00,position_value,seed_00,F02,basic_dual_yaw_EKF,v2,error_series,semisynthetic,yaw_3sigma_deg,56642,56642,0,0,0,0,0.528146148,6.0000398189999995,0
RUN_01202__v3,CORE_position_value,RUN_01202,BY2,CORE,D13_seed_00,position_value,seed_00,F03,AB0000,v3,error_series,semisynthetic,time,56642,56642,0,0,0,0,66.005054,339.997056,0
RUN_01202__v3,CORE_position_value,RUN_01202,BY2,CORE,D13_seed_00,position_value,seed_00,F03,AB0000,v3,error_series,semisynthetic,err_n_m,56642,56642,0,0,0,0,-1.413970044712837,1.4822299830338999,26633
RUN_01202__v3,CORE_position_value,RUN_01202,BY2,CORE,D13_seed_00,position_value,seed_00,F03,AB0000,v3,error_series,semisynthetic,err_e_m,56642,56642,0,0,0,0,-1.5332155035922455,1.585438326429152,27468
RUN_01202__v3,CORE_position_value,RUN_01202,BY2,CORE,D13_seed_00,position_value,seed_00,F03,AB0000,v3,error_series,semisynthetic,err_u_m,56642,56642,0,0,0,0,-3.624453612592373,3.6548051873104823,28557
RUN_01202__v3,CORE_position_value,RUN_01202,BY2,CORE,D13_seed_00,position_value,seed_00,F03,AB0000,v3,error_series,semisynthetic,horizontal_err_m,56642,56642,0,0,0,0,0.005172859953185025,2.083645928198608,0
RUN_01202__v3,CORE_position_value,RUN_01202,BY2,CORE,D13_seed_00,position_value,seed_00,F03,AB0000,v3,error_series,semisynthetic,position_3d_err_m,56642,56642,0,0,0,0,0.02845801073732651,3.773447254149729,0
RUN_01202__v3,CORE_position_value,RUN_01202,BY2,CORE,D13_seed_00,position_value,seed_00,F03,AB0000,v3,error_series,semisynthetic,roll_err_deg,56642,56642,0,0,0,0,-5.759646338780186,28.98458882017607,16094
RUN_01202__v3,CORE_position_value,RUN_01202,BY2,CORE,D13_seed_00,position_value,seed_00,F03,AB0000,v3,error_series,semisynthetic,pitch_err_deg,56642,56642,0,0,0,0,-33.70839838845882,9.776982094475585,32273
RUN_01202__v3,CORE_position_value,RUN_01202,BY2,CORE,D13_seed_00,position_value,seed_00,F03,AB0000,v3,error_series,semisynthetic,yaw_err_deg,56642,56642,0,0,0,0,-8.693064430987192,3.8256780822653127,44449
RUN_01202__v3,CORE_position_value,RUN_01202,BY2,CORE,D13_seed_00,position_value,seed_00,F03,AB0000,v3,error_series,semisynthetic,horizontal_3sigma_m,56642,56642,0,0,0,0,0.046931771229191274,42.43457969268709,0
RUN_01202__v3,CORE_position_value,RUN_01202,BY2,CORE,D13_seed_00,position_value,seed_00,F03,AB0000,v3,error_series,semisynthetic,roll_3sigma_deg,56642,56642,0,0,0,0,0.40166038800000003,6.0000398189999995,0
RUN_01202__v3,CORE_position_value,RUN_01202,BY2,CORE,D13_seed_00,position_value,seed_00,F03,AB0000,v3,error_series,semisynthetic,pitch_3sigma_deg,56642,56642,0,0,0,0,0.41023552799999996,6.0000398189999995,0
RUN_01202__v3,CORE_position_value,RUN_01202,BY2,CORE,D13_seed_00,position_value,seed_00,F03,AB0000,v3,error_series,semisynthetic,yaw_3sigma_deg,56642,56642,0,0,0,0,0.544471548,6.0000398189999995,0
RUN_01202__v2,CORE_position_value,RUN_01202,BY2,CORE,D13_seed_00,position_value,seed_00,F03,AB0000,v2,error_series,semisynthetic,time,56642,56642,0,0,0,0,66.005054,339.997056,0
RUN_01202__v2,CORE_position_value,RUN_01202,BY2,CORE,D13_seed_00,position_value,seed_00,F03,AB0000,v2,error_series,semisynthetic,err_n_m,56642,56642,0,0,0,0,-1.5452702937765785,1.5053807229081926,26467
RUN_01202__v2,CORE_position_value,RUN_01202,BY2,CORE,D13_seed_00,position_value,seed_00,F03,AB0000,v2,error_series,semisynthetic,err_e_m,56642,56642,0,0,0,0,-1.6715820075382908,1.7135413284379917,27961
RUN_01202__v2,CORE_position_value,RUN_01202,BY2,CORE,D13_seed_00,position_value,seed_00,F03,AB0000,v2,error_series,semisynthetic,err_u_m,56642,56642,0,0,0,0,-3.9284890203065226,3.3569727424877547,36837
RUN_01202__v2,CORE_position_value,RUN_01202,BY2,CORE,D13_seed_00,position_value,seed_00,F03,AB0000,v2,error_series,semisynthetic,horizontal_err_m,56642,56642,0,0,0,0,0.0005663095960312258,2.160623064823641,0
RUN_01202__v2,CORE_position_value,RUN_01202,BY2,CORE,D13_seed_00,position_value,seed_00,F03,AB0000,v2,error_series,semisynthetic,position_3d_err_m,56642,56642,0,0,0,0,0.025353237154868005,4.017124855518455,0
RUN_01202__v2,CORE_position_value,RUN_01202,BY2,CORE,D13_seed_00,position_value,seed_00,F03,AB0000,v2,error_series,semisynthetic,roll_err_deg,56642,56642,0,0,0,0,-5.759646338780186,28.98458882017607,16094
RUN_01202__v2,CORE_position_value,RUN_01202,BY2,CORE,D13_seed_00,position_value,seed_00,F03,AB0000,v2,error_series,semisynthetic,pitch_err_deg,56642,56642,0,0,0,0,-33.70839838845882,9.776982094475585,32273
RUN_01202__v2,CORE_position_value,RUN_01202,BY2,CORE,D13_seed_00,position_value,seed_00,F03,AB0000,v2,error_series,semisynthetic,yaw_err_deg,56642,56642,0,0,0,0,-8.693064430987192,3.8256780822653127,44449
RUN_01202__v2,CORE_position_value,RUN_01202,BY2,CORE,D13_seed_00,position_value,seed_00,F03,AB0000,v2,error_series,semisynthetic,horizontal_3sigma_m,56642,56642,0,0,0,0,0.046931771229191274,42.43457969268709,0
RUN_01202__v2,CORE_position_value,RUN_01202,BY2,CORE,D13_seed_00,position_value,seed_00,F03,AB0000,v2,error_series,semisynthetic,roll_3sigma_deg,56642,56642,0,0,0,0,0.40166038800000003,6.0000398189999995,0
RUN_01202__v2,CORE_position_value,RUN_01202,BY2,CORE,D13_seed_00,position_value,seed_00,F03,AB0000,v2,error_series,semisynthetic,pitch_3sigma_deg,56642,56642,0,0,0,0,0.41023552799999996,6.0000398189999995,0
RUN_01202__v2,CORE_position_value,RUN_01202,BY2,CORE,D13_seed_00,position_value,seed_00,F03,AB0000,v2,error_series,semisynthetic,yaw_3sigma_deg,56642,56642,0,0,0,0,0.544471548,6.0000398189999995,0
RUN_01203__v3,CORE_position_value,RUN_01203,BY2,CORE,D13_seed_00,position_value,seed_00,F04,AB1111,v3,error_series,semisynthetic,time,56642,56642,0,0,0,0,66.005054,339.997056,0
RUN_01203__v3,CORE_position_value,RUN_01203,BY2,CORE,D13_seed_00,position_value,seed_00,F04,AB1111,v3,error_series,semisynthetic,err_n_m,56642,56642,0,0,0,0,-1.733239823981748,1.6691497587866877,26648
RUN_01203__v3,CORE_position_value,RUN_01203,BY2,CORE,D13_seed_00,position_value,seed_00,F04,AB1111,v3,error_series,semisynthetic,err_e_m,56642,56642,0,0,0,0,-1.8113014168347377,1.8128217121852526,27784
RUN_01203__v3,CORE_position_value,RUN_01203,BY2,CORE,D13_seed_00,position_value,seed_00,F04,AB1111,v3,error_series,semisynthetic,err_u_m,56642,56642,0,0,0,0,-3.6105984773451847,4.1899794183746835,28513
RUN_01203__v3,CORE_position_value,RUN_01203,BY2,CORE,D13_seed_00,position_value,seed_00,F04,AB1111,v3,error_series,semisynthetic,horizontal_err_m,56642,56642,0,0,0,0,0.0011894887768411975,2.5069768866233706,0
RUN_01203__v3,CORE_position_value,RUN_01203,BY2,CORE,D13_seed_00,position_value,seed_00,F04,AB1111,v3,error_series,semisynthetic,position_3d_err_m,56642,56642,0,0,0,0,0.03967720533609035,4.312140366696496,0
RUN_01203__v3,CORE_position_value,RUN_01203,BY2,CORE,D13_seed_00,position_value,seed_00,F04,AB1111,v3,error_series,semisynthetic,roll_err_deg,56642,56642,0,0,0,0,-4.2575778725632745,7.949319860176075,19472
RUN_01203__v3,CORE_position_value,RUN_01203,BY2,CORE,D13_seed_00,position_value,seed_00,F04,AB1111,v3,error_series,semisynthetic,pitch_err_deg,56642,56642,0,0,0,0,-9.729194003335863,8.540277173542648,36993
RUN_01203__v3,CORE_position_value,RUN_01203,BY2,CORE,D13_seed_00,position_value,seed_00,F04,AB1111,v3,error_series,semisynthetic,yaw_err_deg,56642,56642,0,0,0,0,-8.564046901238413,3.89326833126529,42902
RUN_01203__v3,CORE_position_value,RUN_01203,BY2,CORE,D13_seed_00,position_value,seed_00,F04,AB1111,v3,error_series,semisynthetic,horizontal_3sigma_m,56642,56642,0,0,0,0,0.04645702833374981,42.43457969268709,0
RUN_01203__v3,CORE_position_value,RUN_01203,BY2,CORE,D13_seed_00,position_value,seed_00,F04,AB1111,v3,error_series,semisynthetic,roll_3sigma_deg,56642,56642,0,0,0,0,0.323366262,6.0000398189999995,0
RUN_01203__v3,CORE_position_value,RUN_01203,BY2,CORE,D13_seed_00,position_value,seed_00,F04,AB1111,v3,error_series,semisynthetic,pitch_3sigma_deg,56642,56642,0,0,0,0,0.325305969,6.0000398189999995,0
RUN_01203__v3,CORE_position_value,RUN_01203,BY2,CORE,D13_seed_00,position_value,seed_00,F04,AB1111,v3,error_series,semisynthetic,yaw_3sigma_deg,56642,56642,0,0,0,0,0.5456715839999999,6.0000398189999995,0
RUN_01203__v2,CORE_position_value,RUN_01203,BY2,CORE,D13_seed_00,position_value,seed_00,F04,AB1111,v2,error_series,semisynthetic,time,56642,56642,0,0,0,0,66.005054,339.997056,0
RUN_01203__v2,CORE_position_value,RUN_01203,BY2,CORE,D13_seed_00,position_value,seed_00,F04,AB1111,v2,error_series,semisynthetic,err_n_m,56642,56642,0,0,0,0,-1.8214109155400706,1.6891442834914052,26351
RUN_01203__v2,CORE_position_value,RUN_01203,BY2,CORE,D13_seed_00,position_value,seed_00,F04,AB1111,v2,error_series,semisynthetic,err_e_m,56642,56642,0,0,0,0,-1.9515746665447296,1.9513332886190993,27873
RUN_01203__v2,CORE_position_value,RUN_01203,BY2,CORE,D13_seed_00,position_value,seed_00,F04,AB1111,v2,error_series,semisynthetic,err_u_m,56642,56642,0,0,0,0,-3.9051061979430566,3.882073828697634,36082
RUN_01203__v2,CORE_position_value,RUN_01203,BY2,CORE,D13_seed_00,position_value,seed_00,F04,AB1111,v2,error_series,semisynthetic,horizontal_err_m,56642,56642,0,0,0,0,0.0017541997154135618,2.5857499091266285,0
RUN_01203__v2,CORE_position_value,RUN_01203,BY2,CORE,D13_seed_00,position_value,seed_00,F04,AB1111,v2,error_series,semisynthetic,position_3d_err_m,56642,56642,0,0,0,0,0.04054358791605046,3.9942542273928927,0
RUN_01203__v2,CORE_position_value,RUN_01203,BY2,CORE,D13_seed_00,position_value,seed_00,F04,AB1111,v2,error_series,semisynthetic,roll_err_deg,56642,56642,0,0,0,0,-4.2575778725632745,7.949319860176075,19472
RUN_01203__v2,CORE_position_value,RUN_01203,BY2,CORE,D13_seed_00,position_value,seed_00,F04,AB1111,v2,error_series,semisynthetic,pitch_err_deg,56642,56642,0,0,0,0,-9.729194003335863,8.540277173542648,36993
RUN_01203__v2,CORE_position_value,RUN_01203,BY2,CORE,D13_seed_00,position_value,seed_00,F04,AB1111,v2,error_series,semisynthetic,yaw_err_deg,56642,56642,0,0,0,0,-8.564046901238413,3.89326833126529,42902
RUN_01203__v2,CORE_position_value,RUN_01203,BY2,CORE,D13_seed_00,position_value,seed_00,F04,AB1111,v2,error_series,semisynthetic,horizontal_3sigma_m,56642,56642,0,0,0,0,0.04645702833374981,42.43457969268709,0
RUN_01203__v2,CORE_position_value,RUN_01203,BY2,CORE,D13_seed_00,position_value,seed_00,F04,AB1111,v2,error_series,semisynthetic,roll_3sigma_deg,56642,56642,0,0,0,0,0.323366262,6.0000398189999995,0
RUN_01203__v2,CORE_position_value,RUN_01203,BY2,CORE,D13_seed_00,position_value,seed_00,F04,AB1111,v2,error_series,semisynthetic,pitch_3sigma_deg,56642,56642,0,0,0,0,0.325305969,6.0000398189999995,0
RUN_01203__v2,CORE_position_value,RUN_01203,BY2,CORE,D13_seed_00,position_value,seed_00,F04,AB1111,v2,error_series,semisynthetic,yaw_3sigma_deg,56642,56642,0,0,0,0,0.5456715839999999,6.0000398189999995,0
RUN_01204__v3,CORE_position_value,RUN_01204,BY2,CORE,D13_seed_00,position_value,seed_00,A03,AB0111,v3,error_series,semisynthetic,time,56642,56642,0,0,0,0,66.005054,339.997056,0
RUN_01204__v3,CORE_position_value,RUN_01204,BY2,CORE,D13_seed_00,position_value,seed_00,A03,AB0111,v3,error_series,semisynthetic,err_n_m,56642,56642,0,0,0,0,-1.7669664991697793,1.6799148271777753,26663
RUN_01204__v3,CORE_position_value,RUN_01204,BY2,CORE,D13_seed_00,position_value,seed_00,A03,AB0111,v3,error_series,semisynthetic,err_e_m,56642,56642,0,0,0,0,-1.837144418633045,1.8211162798539915,27763
RUN_01204__v3,CORE_position_value,RUN_01204,BY2,CORE,D13_seed_00,position_value,seed_00,A03,AB0111,v3,error_series,semisynthetic,err_u_m,56642,56642,0,0,0,0,-3.627031589386882,4.196950707808457,28508
RUN_01204__v3,CORE_position_value,RUN_01204,BY2,CORE,D13_seed_00,position_value,seed_00,A03,AB0111,v3,error_series,semisynthetic,horizontal_err_m,56642,56642,0,0,0,0,0.002909684183368585,2.548974347478384,0
RUN_01204__v3,CORE_position_value,RUN_01204,BY2,CORE,D13_seed_00,position_value,seed_00,A03,AB0111,v3,error_series,semisynthetic,position_3d_err_m,56642,56642,0,0,0,0,0.03944381039164688,4.320004743914856,0
RUN_01204__v3,CORE_position_value,RUN_01204,BY2,CORE,D13_seed_00,position_value,seed_00,A03,AB0111,v3,error_series,semisynthetic,roll_err_deg,56642,56642,0,0,0,0,-4.257295681563278,8.259088446176065,19450
RUN_01204__v3,CORE_position_value,RUN_01204,BY2,CORE,D13_seed_00,position_value,seed_00,A03,AB0111,v3,error_series,semisynthetic,pitch_err_deg,56642,56642,0,0,0,0,-9.848427543458826,8.541660552542623,36975
RUN_01204__v3,CORE_position_value,RUN_01204,BY2,CORE,D13_seed_00,position_value,seed_00,A03,AB0111,v3,error_series,semisynthetic,yaw_err_deg,56642,56642,0,0,0,0,-8.571623469238403,3.8948119282653124,42827
RUN_01204__v3,CORE_position_value,RUN_01204,BY2,CORE,D13_seed_00,position_value,seed_00,A03,AB0111,v3,error_series,semisynthetic,horizontal_3sigma_m,56642,56642,0,0,0,0,0.04693093938358031,42.43457969268709,0
RUN_01204__v3,CORE_position_value,RUN_01204,BY2,CORE,D13_seed_00,position_value,seed_00,A03,AB0111,v3,error_series,semisynthetic,roll_3sigma_deg,56642,56642,0,0,0,0,0.323385015,6.0000398189999995,0
RUN_01204__v3,CORE_position_value,RUN_01204,BY2,CORE,D13_seed_00,position_value,seed_00,A03,AB0111,v3,error_series,semisynthetic,pitch_3sigma_deg,56642,56642,0,0,0,0,0.325323957,6.0000398189999995,0
RUN_01204__v3,CORE_position_value,RUN_01204,BY2,CORE,D13_seed_00,position_value,seed_00,A03,AB0111,v3,error_series,semisynthetic,yaw_3sigma_deg,56642,56642,0,0,0,0,0.545713095,6.0000398189999995,0
RUN_01204__v2,CORE_position_value,RUN_01204,BY2,CORE,D13_seed_00,position_value,seed_00,A03,AB0111,v2,error_series,semisynthetic,time,56642,56642,0,0,0,0,66.005054,339.997056,0
RUN_01204__v2,CORE_position_value,RUN_01204,BY2,CORE,D13_seed_00,position_value,seed_00,A03,AB0111,v2,error_series,semisynthetic,err_n_m,56642,56642,0,0,0,0,-1.830519702186134,1.699914704959422,26357
RUN_01204__v2,CORE_position_value,RUN_01204,BY2,CORE,D13_seed_00,position_value,seed_00,A03,AB0111,v2,error_series,semisynthetic,err_e_m,56642,56642,0,0,0,0,-1.9773701847036307,1.9596184244271448,27858
RUN_01204__v2,CORE_position_value,RUN_01204,BY2,CORE,D13_seed_00,position_value,seed_00,A03,AB0111,v2,error_series,semisynthetic,err_u_m,56642,56642,0,0,0,0,-3.9215397852376777,3.8890206239240728,36032
RUN_01204__v2,CORE_position_value,RUN_01204,BY2,CORE,D13_seed_00,position_value,seed_00,A03,AB0111,v2,error_series,semisynthetic,horizontal_err_m,56642,56642,0,0,0,0,0.0017541994432668884,2.6273032320994334,0
RUN_01204__v2,CORE_position_value,RUN_01204,BY2,CORE,D13_seed_00,position_value,seed_00,A03,AB0111,v2,error_series,semisynthetic,position_3d_err_m,56642,56642,0,0,0,0,0.04169011017561826,4.001954470163816,0
RUN_01204__v2,CORE_position_value,RUN_01204,BY2,CORE,D13_seed_00,position_value,seed_00,A03,AB0111,v2,error_series,semisynthetic,roll_err_deg,56642,56642,0,0,0,0,-4.257295681563278,8.259088446176065,19450
RUN_01204__v2,CORE_position_value,RUN_01204,BY2,CORE,D13_seed_00,position_value,seed_00,A03,AB0111,v2,error_series,semisynthetic,pitch_err_deg,56642,56642,0,0,0,0,-9.848427543458826,8.541660552542623,36975
RUN_01204__v2,CORE_position_value,RUN_01204,BY2,CORE,D13_seed_00,position_value,seed_00,A03,AB0111,v2,error_series,semisynthetic,yaw_err_deg,56642,56642,0,0,0,0,-8.571623469238403,3.8948119282653124,42827
RUN_01204__v2,CORE_position_value,RUN_01204,BY2,CORE,D13_seed_00,position_value,seed_00,A03,AB0111,v2,error_series,semisynthetic,horizontal_3sigma_m,56642,56642,0,0,0,0,0.04693093938358031,42.43457969268709,0
RUN_01204__v2,CORE_position_value,RUN_01204,BY2,CORE,D13_seed_00,position_value,seed_00,A03,AB0111,v2,error_series,semisynthetic,roll_3sigma_deg,56642,56642,0,0,0,0,0.323385015,6.0000398189999995,0
RUN_01204__v2,CORE_position_value,RUN_01204,BY2,CORE,D13_seed_00,position_value,seed_00,A03,AB0111,v2,error_series,semisynthetic,pitch_3sigma_deg,56642,56642,0,0,0,0,0.325323957,6.0000398189999995,0
RUN_01204__v2,CORE_position_value,RUN_01204,BY2,CORE,D13_seed_00,position_value,seed_00,A03,AB0111,v2,error_series,semisynthetic,yaw_3sigma_deg,56642,56642,0,0,0,0,0.545713095,6.0000398189999995,0
RUN_01205__v3,CORE_position_value,RUN_01205,BY2,CORE,D13_seed_00,position_value,seed_00,A04,AB1011,v3,error_series,semisynthetic,time,56642,56642,0,0,0,0,66.005054,339.997056,0
RUN_01205__v3,CORE_position_value,RUN_01205,BY2,CORE,D13_seed_00,position_value,seed_00,A04,AB1011,v3,error_series,semisynthetic,err_n_m,56642,56642,0,0,0,0,-1.249030646531203,1.3121029054087252,26375
RUN_01205__v3,CORE_position_value,RUN_01205,BY2,CORE,D13_seed_00,position_value,seed_00,A04,AB1011,v3,error_series,semisynthetic,err_e_m,56642,56642,0,0,0,0,-1.365804226857307,1.3787884404953363,27433
RUN_01205__v3,CORE_position_value,RUN_01205,BY2,CORE,D13_seed_00,position_value,seed_00,A04,AB1011,v3,error_series,semisynthetic,err_u_m,56642,56642,0,0,0,0,-3.5567276492339213,3.650830378838064,28571
RUN_01205__v3,CORE_position_value,RUN_01205,BY2,CORE,D13_seed_00,position_value,seed_00,A04,AB1011,v3,error_series,semisynthetic,horizontal_err_m,56642,56642,0,0,0,0,0.005116887143006173,1.7555378230540528,0
RUN_01205__v3,CORE_position_value,RUN_01205,BY2,CORE,D13_seed_00,position_value,seed_00,A04,AB1011,v3,error_series,semisynthetic,position_3d_err_m,56642,56642,0,0,0,0,0.03180620945302278,3.725320887486246,0
RUN_01205__v3,CORE_position_value,RUN_01205,BY2,CORE,D13_seed_00,position_value,seed_00,A04,AB1011,v3,error_series,semisynthetic,roll_err_deg,56642,56642,0,0,0,0,-4.14003784156327,6.649808683139469,20561
RUN_01205__v3,CORE_position_value,RUN_01205,BY2,CORE,D13_seed_00,position_value,seed_00,A04,AB1011,v3,error_series,semisynthetic,pitch_err_deg,56642,56642,0,0,0,0,-8.153197642754463,8.582576472542627,37219
RUN_01205__v3,CORE_position_value,RUN_01205,BY2,CORE,D13_seed_00,position_value,seed_00,A04,AB1011,v3,error_series,semisynthetic,yaw_err_deg,56642,56642,0,0,0,0,-8.61428086723842,3.8493691032653032,44023
RUN_01205__v3,CORE_position_value,RUN_01205,BY2,CORE,D13_seed_00,position_value,seed_00,A04,AB1011,v3,error_series,semisynthetic,horizontal_3sigma_m,56642,56642,0,0,0,0,0.04477358959848223,42.43457969268709,0
RUN_01205__v3,CORE_position_value,RUN_01205,BY2,CORE,D13_seed_00,position_value,seed_00,A04,AB1011,v3,error_series,semisynthetic,roll_3sigma_deg,56642,56642,0,0,0,0,0.303254472,6.0000398189999995,0
RUN_01205__v3,CORE_position_value,RUN_01205,BY2,CORE,D13_seed_00,position_value,seed_00,A04,AB1011,v3,error_series,semisynthetic,pitch_3sigma_deg,56642,56642,0,0,0,0,0.304428396,6.0000398189999995,0
RUN_01205__v3,CORE_position_value,RUN_01205,BY2,CORE,D13_seed_00,position_value,seed_00,A04,AB1011,v3,error_series,semisynthetic,yaw_3sigma_deg,56642,56642,0,0,0,0,0.544586757,6.0000398189999995,0
RUN_01205__v2,CORE_position_value,RUN_01205,BY2,CORE,D13_seed_00,position_value,seed_00,A04,AB1011,v2,error_series,semisynthetic,time,56642,56642,0,0,0,0,66.005054,339.997056,0
RUN_01205__v2,CORE_position_value,RUN_01205,BY2,CORE,D13_seed_00,position_value,seed_00,A04,AB1011,v2,error_series,semisynthetic,err_n_m,56642,56642,0,0,0,0,-1.3914380997937528,1.4111852614301235,26301
RUN_01205__v2,CORE_position_value,RUN_01205,BY2,CORE,D13_seed_00,position_value,seed_00,A04,AB1011,v2,error_series,semisynthetic,err_e_m,56642,56642,0,0,0,0,-1.4846213279040228,1.5188835448849671,27571
RUN_01205__v2,CORE_position_value,RUN_01205,BY2,CORE,D13_seed_00,position_value,seed_00,A04,AB1011,v2,error_series,semisynthetic,err_u_m,56642,56642,0,0,0,0,-3.86134170067366,3.342599967222199,36884
RUN_01205__v2,CORE_position_value,RUN_01205,BY2,CORE,D13_seed_00,position_value,seed_00,A04,AB1011,v2,error_series,semisynthetic,horizontal_err_m,56642,56642,0,0,0,0,0.0018767442320784364,1.841834858687669,0
RUN_01205__v2,CORE_position_value,RUN_01205,BY2,CORE,D13_seed_00,position_value,seed_00,A04,AB1011,v2,error_series,semisynthetic,position_3d_err_m,56642,56642,0,0,0,0,0.023523592378453063,3.9378099172753425,0
RUN_01205__v2,CORE_position_value,RUN_01205,BY2,CORE,D13_seed_00,position_value,seed_00,A04,AB1011,v2,error_series,semisynthetic,roll_err_deg,56642,56642,0,0,0,0,-4.14003784156327,6.649808683139469,20561
RUN_01205__v2,CORE_position_value,RUN_01205,BY2,CORE,D13_seed_00,position_value,seed_00,A04,AB1011,v2,error_series,semisynthetic,pitch_err_deg,56642,56642,0,0,0,0,-8.153197642754463,8.582576472542627,37219
RUN_01205__v2,CORE_position_value,RUN_01205,BY2,CORE,D13_seed_00,position_value,seed_00,A04,AB1011,v2,error_series,semisynthetic,yaw_err_deg,56642,56642,0,0,0,0,-8.61428086723842,3.8493691032653032,44023
RUN_01205__v2,CORE_position_value,RUN_01205,BY2,CORE,D13_seed_00,position_value,seed_00,A04,AB1011,v2,error_series,semisynthetic,horizontal_3sigma_m,56642,56642,0,0,0,0,0.04477358959848223,42.43457969268709,0
RUN_01205__v2,CORE_position_value,RUN_01205,BY2,CORE,D13_seed_00,position_value,seed_00,A04,AB1011,v2,error_series,semisynthetic,roll_3sigma_deg,56642,56642,0,0,0,0,0.303254472,6.0000398189999995,0
RUN_01205__v2,CORE_position_value,RUN_01205,BY2,CORE,D13_seed_00,position_value,seed_00,A04,AB1011,v2,error_series,semisynthetic,pitch_3sigma_deg,56642,56642,0,0,0,0,0.304428396,6.0000398189999995,0
RUN_01205__v2,CORE_position_value,RUN_01205,BY2,CORE,D13_seed_00,position_value,seed_00,A04,AB1011,v2,error_series,semisynthetic,yaw_3sigma_deg,56642,56642,0,0,0,0,0.544586757,6.0000398189999995,0
RUN_01206__v3,CORE_position_value,RUN_01206,BY2,CORE,D13_seed_00,position_value,seed_00,A05,AB1101,v3,error_series,semisynthetic,time,56642,56642,0,0,0,0,66.005054,339.997056,0
RUN_01206__v3,CORE_position_value,RUN_01206,BY2,CORE,D13_seed_00,position_value,seed_00,A05,AB1101,v3,error_series,semisynthetic,err_n_m,56642,56642,0,0,0,0,-1.7348610728284015,1.7478655064655682,26766
RUN_01206__v3,CORE_position_value,RUN_01206,BY2,CORE,D13_seed_00,position_value,seed_00,A05,AB1101,v3,error_series,semisynthetic,err_e_m,56642,56642,0,0,0,0,-1.8163371988764965,1.8280235102877844,27629
RUN_01206__v3,CORE_position_value,RUN_01206,BY2,CORE,D13_seed_00,position_value,seed_00,A05,AB1101,v3,error_series,semisynthetic,err_u_m,56642,56642,0,0,0,0,-3.6139202408469893,4.20282061689034,28494
RUN_01206__v3,CORE_position_value,RUN_01206,BY2,CORE,D13_seed_00,position_value,seed_00,A05,AB1101,v3,error_series,semisynthetic,horizontal_err_m,56642,56642,0,0,0,0,0.00457889984999516,2.511737200034635,0
RUN_01206__v3,CORE_position_value,RUN_01206,BY2,CORE,D13_seed_00,position_value,seed_00,A05,AB1101,v3,error_series,semisynthetic,position_3d_err_m,56642,56642,0,0,0,0,0.04174707027485023,4.3296968604285695,0
RUN_01206__v3,CORE_position_value,RUN_01206,BY2,CORE,D13_seed_00,position_value,seed_00,A05,AB1101,v3,error_series,semisynthetic,roll_err_deg,56642,56642,0,0,0,0,-5.436024953780191,24.99739436617608,16335
RUN_01206__v3,CORE_position_value,RUN_01206,BY2,CORE,D13_seed_00,position_value,seed_00,A05,AB1101,v3,error_series,semisynthetic,pitch_err_deg,56642,56642,0,0,0,0,-28.04069131045881,9.495385118475582,33576
RUN_01206__v3,CORE_position_value,RUN_01206,BY2,CORE,D13_seed_00,position_value,seed_00,A05,AB1101,v3,error_series,semisynthetic,yaw_err_deg,56642,56642,0,0,0,0,-8.625771820238413,3.8503510122652926,43506
RUN_01206__v3,CORE_position_value,RUN_01206,BY2,CORE,D13_seed_00,position_value,seed_00,A05,AB1101,v3,error_series,semisynthetic,horizontal_3sigma_m,56642,56642,0,0,0,0,0.046530856871524084,42.43457969268709,0
RUN_01206__v3,CORE_position_value,RUN_01206,BY2,CORE,D13_seed_00,position_value,seed_00,A05,AB1101,v3,error_series,semisynthetic,roll_3sigma_deg,56642,56642,0,0,0,0,0.40174487999999997,6.0000398189999995,0
RUN_01206__v3,CORE_position_value,RUN_01206,BY2,CORE,D13_seed_00,position_value,seed_00,A05,AB1101,v3,error_series,semisynthetic,pitch_3sigma_deg,56642,56642,0,0,0,0,0.41023768800000004,6.0000398189999995,0
RUN_01206__v3,CORE_position_value,RUN_01206,BY2,CORE,D13_seed_00,position_value,seed_00,A05,AB1101,v3,error_series,semisynthetic,yaw_3sigma_deg,56642,56642,0,0,0,0,0.545470341,6.0000398189999995,0
RUN_01206__v2,CORE_position_value,RUN_01206,BY2,CORE,D13_seed_00,position_value,seed_00,A05,AB1101,v2,error_series,semisynthetic,time,56642,56642,0,0,0,0,66.005054,339.997056,0
RUN_01206__v2,CORE_position_value,RUN_01206,BY2,CORE,D13_seed_00,position_value,seed_00,A05,AB1101,v2,error_series,semisynthetic,err_n_m,56642,56642,0,0,0,0,-1.8188571034173435,1.6784849340360495,26371
RUN_01206__v2,CORE_position_value,RUN_01206,BY2,CORE,D13_seed_00,position_value,seed_00,A05,AB1101,v2,error_series,semisynthetic,err_e_m,56642,56642,0,0,0,0,-1.9535390508193302,1.9557748158920063,28025
RUN_01206__v2,CORE_position_value,RUN_01206,BY2,CORE,D13_seed_00,position_value,seed_00,A05,AB1101,v2,error_series,semisynthetic,err_u_m,56642,56642,0,0,0,0,-3.9095941318772507,3.8990079952436583,36102
RUN_01206__v2,CORE_position_value,RUN_01206,BY2,CORE,D13_seed_00,position_value,seed_00,A05,AB1101,v2,error_series,semisynthetic,horizontal_err_m,56642,56642,0,0,0,0,0.0022940086872373874,2.5842503060201905,0
RUN_01206__v2,CORE_position_value,RUN_01206,BY2,CORE,D13_seed_00,position_value,seed_00,A05,AB1101,v2,error_series,semisynthetic,position_3d_err_m,56642,56642,0,0,0,0,0.03422330637659352,4.0043449434159415,0
RUN_01206__v2,CORE_position_value,RUN_01206,BY2,CORE,D13_seed_00,position_value,seed_00,A05,AB1101,v2,error_series,semisynthetic,roll_err_deg,56642,56642,0,0,0,0,-5.436024953780191,24.99739436617608,16335
RUN_01206__v2,CORE_position_value,RUN_01206,BY2,CORE,D13_seed_00,position_value,seed_00,A05,AB1101,v2,error_series,semisynthetic,pitch_err_deg,56642,56642,0,0,0,0,-28.04069131045881,9.495385118475582,33576
RUN_01206__v2,CORE_position_value,RUN_01206,BY2,CORE,D13_seed_00,position_value,seed_00,A05,AB1101,v2,error_series,semisynthetic,yaw_err_deg,56642,56642,0,0,0,0,-8.625771820238413,3.8503510122652926,43506
RUN_01206__v2,CORE_position_value,RUN_01206,BY2,CORE,D13_seed_00,position_value,seed_00,A05,AB1101,v2,error_series,semisynthetic,horizontal_3sigma_m,56642,56642,0,0,0,0,0.046530856871524084,42.43457969268709,0
RUN_01206__v2,CORE_position_value,RUN_01206,BY2,CORE,D13_seed_00,position_value,seed_00,A05,AB1101,v2,error_series,semisynthetic,roll_3sigma_deg,56642,56642,0,0,0,0,0.40174487999999997,6.0000398189999995,0
RUN_01206__v2,CORE_position_value,RUN_01206,BY2,CORE,D13_seed_00,position_value,seed_00,A05,AB1101,v2,error_series,semisynthetic,pitch_3sigma_deg,56642,56642,0,0,0,0,0.41023768800000004,6.0000398189999995,0
RUN_01206__v2,CORE_position_value,RUN_01206,BY2,CORE,D13_seed_00,position_value,seed_00,A05,AB1101,v2,error_series,semisynthetic,yaw_3sigma_deg,56642,56642,0,0,0,0,0.545470341,6.0000398189999995,0
RUN_01207__v3,CORE_position_value,RUN_01207,BY2,CORE,D13_seed_00,position_value,seed_00,A06,AB1110,v3,error_series,semisynthetic,time,56642,56642,0,0,0,0,66.005054,339.997056,0
RUN_01207__v3,CORE_position_value,RUN_01207,BY2,CORE,D13_seed_00,position_value,seed_00,A06,AB1110,v3,error_series,semisynthetic,err_n_m,56642,56642,0,0,0,0,-1.882167806403924,1.7877337619428886,26746
RUN_01207__v3,CORE_position_value,RUN_01207,BY2,CORE,D13_seed_00,position_value,seed_00,A06,AB1110,v3,error_series,semisynthetic,err_e_m,56642,56642,0,0,0,0,-1.9391004199989084,1.9850135904370116,27754
RUN_01207__v3,CORE_position_value,RUN_01207,BY2,CORE,D13_seed_00,position_value,seed_00,A06,AB1110,v3,error_series,semisynthetic,err_u_m,56642,56642,0,0,0,0,-3.612031322839285,4.189625784661486,28522
RUN_01207__v3,CORE_position_value,RUN_01207,BY2,CORE,D13_seed_00,position_value,seed_00,A06,AB1110,v3,error_series,semisynthetic,horizontal_err_m,56642,56642,0,0,0,0,0.0008579146797944096,2.701755531395706,0
RUN_01207__v3,CORE_position_value,RUN_01207,BY2,CORE,D13_seed_00,position_value,seed_00,A06,AB1110,v3,error_series,semisynthetic,position_3d_err_m,56642,56642,0,0,0,0,0.03743813706121802,4.333735840240908,0
RUN_01207__v3,CORE_position_value,RUN_01207,BY2,CORE,D13_seed_00,position_value,seed_00,A06,AB1110,v3,error_series,semisynthetic,roll_err_deg,56642,56642,0,0,0,0,-4.26012108556327,9.574374664176077,19319
RUN_01207__v3,CORE_position_value,RUN_01207,BY2,CORE,D13_seed_00,position_value,seed_00,A06,AB1110,v3,error_series,semisynthetic,pitch_err_deg,56642,56642,0,0,0,0,-10.673875037335847,8.545176199542652,36828
RUN_01207__v3,CORE_position_value,RUN_01207,BY2,CORE,D13_seed_00,position_value,seed_00,A06,AB1110,v3,error_series,semisynthetic,yaw_err_deg,56642,56642,0,0,0,0,-8.568884513238402,3.8922559122653126,42817
RUN_01207__v3,CORE_position_value,RUN_01207,BY2,CORE,D13_seed_00,position_value,seed_00,A06,AB1110,v3,error_series,semisynthetic,horizontal_3sigma_m,56642,56642,0,0,0,0,0.04750281453009003,42.43457969268709,0
RUN_01207__v3,CORE_position_value,RUN_01207,BY2,CORE,D13_seed_00,position_value,seed_00,A06,AB1110,v3,error_series,semisynthetic,roll_3sigma_deg,56642,56642,0,0,0,0,0.32343222,6.0000398189999995,0
RUN_01207__v3,CORE_position_value,RUN_01207,BY2,CORE,D13_seed_00,position_value,seed_00,A06,AB1110,v3,error_series,semisynthetic,pitch_3sigma_deg,56642,56642,0,0,0,0,0.325366911,6.0000398189999995,0
RUN_01207__v3,CORE_position_value,RUN_01207,BY2,CORE,D13_seed_00,position_value,seed_00,A06,AB1110,v3,error_series,semisynthetic,yaw_3sigma_deg,56642,56642,0,0,0,0,0.54576579,6.0000398189999995,0
RUN_01207__v2,CORE_position_value,RUN_01207,BY2,CORE,D13_seed_00,position_value,seed_00,A06,AB1110,v2,error_series,semisynthetic,time,56642,56642,0,0,0,0,66.005054,339.997056,0
RUN_01207__v2,CORE_position_value,RUN_01207,BY2,CORE,D13_seed_00,position_value,seed_00,A06,AB1110,v2,error_series,semisynthetic,err_n_m,56642,56642,0,0,0,0,-2.017613517776109,1.807618716279853,26460
RUN_01207__v2,CORE_position_value,RUN_01207,BY2,CORE,D13_seed_00,position_value,seed_00,A06,AB1110,v2,error_series,semisynthetic,err_e_m,56642,56642,0,0,0,0,-2.0792704196943532,2.1233564720249305,27908
RUN_01207__v2,CORE_position_value,RUN_01207,BY2,CORE,D13_seed_00,position_value,seed_00,A06,AB1110,v2,error_series,semisynthetic,err_u_m,56642,56642,0,0,0,0,-3.9065469777782633,3.8817691503837253,36024
RUN_01207__v2,CORE_position_value,RUN_01207,BY2,CORE,D13_seed_00,position_value,seed_00,A06,AB1110,v2,error_series,semisynthetic,horizontal_err_m,56642,56642,0,0,0,0,0.00569002368805832,2.7792903562834694,0
RUN_01207__v2,CORE_position_value,RUN_01207,BY2,CORE,D13_seed_00,position_value,seed_00,A06,AB1110,v2,error_series,semisynthetic,position_3d_err_m,56642,56642,0,0,0,0,0.047323509932179285,4.014988932266249,0
RUN_01207__v2,CORE_position_value,RUN_01207,BY2,CORE,D13_seed_00,position_value,seed_00,A06,AB1110,v2,error_series,semisynthetic,roll_err_deg,56642,56642,0,0,0,0,-4.26012108556327,9.574374664176077,19319
RUN_01207__v2,CORE_position_value,RUN_01207,BY2,CORE,D13_seed_00,position_value,seed_00,A06,AB1110,v2,error_series,semisynthetic,pitch_err_deg,56642,56642,0,0,0,0,-10.673875037335847,8.545176199542652,36828
RUN_01207__v2,CORE_position_value,RUN_01207,BY2,CORE,D13_seed_00,position_value,seed_00,A06,AB1110,v2,error_series,semisynthetic,yaw_err_deg,56642,56642,0,0,0,0,-8.568884513238402,3.8922559122653126,42817
RUN_01207__v2,CORE_position_value,RUN_01207,BY2,CORE,D13_seed_00,position_value,seed_00,A06,AB1110,v2,error_series,semisynthetic,horizontal_3sigma_m,56642,56642,0,0,0,0,0.04750281453009003,42.43457969268709,0
RUN_01207__v2,CORE_position_value,RUN_01207,BY2,CORE,D13_seed_00,position_value,seed_00,A06,AB1110,v2,error_series,semisynthetic,roll_3sigma_deg,56642,56642,0,0,0,0,0.32343222,6.0000398189999995,0
RUN_01207__v2,CORE_position_value,RUN_01207,BY2,CORE,D13_seed_00,position_value,seed_00,A06,AB1110,v2,error_series,semisynthetic,pitch_3sigma_deg,56642,56642,0,0,0,0,0.325366911,6.0000398189999995,0
RUN_01207__v2,CORE_position_value,RUN_01207,BY2,CORE,D13_seed_00,position_value,seed_00,A06,AB1110,v2,error_series,semisynthetic,yaw_3sigma_deg,56642,56642,0,0,0,0,0.54576579,6.0000398189999995,0
RUN_01208__v3,CORE_position_value,RUN_01208,BY2,CORE,D13_seed_00,position_value,seed_00,A07,AB1100,v3,error_series,semisynthetic,time,56642,56642,0,0,0,0,66.005054,339.997056,0
RUN_01208__v3,CORE_position_value,RUN_01208,BY2,CORE,D13_seed_00,position_value,seed_00,A07,AB1100,v3,error_series,semisynthetic,err_n_m,56642,56642,0,0,0,0,-1.8895243688976215,1.877731250830176,26847
RUN_01208__v3,CORE_position_value,RUN_01208,BY2,CORE,D13_seed_00,position_value,seed_00,A07,AB1100,v3,error_series,semisynthetic,err_e_m,56642,56642,0,0,0,0,-1.941791741632528,1.9934466606739827,27534
RUN_01208__v3,CORE_position_value,RUN_01208,BY2,CORE,D13_seed_00,position_value,seed_00,A07,AB1100,v3,error_series,semisynthetic,err_u_m,56642,56642,0,0,0,0,-3.6154990942708363,4.2129385392703735,28500
RUN_01208__v3,CORE_position_value,RUN_01208,BY2,CORE,D13_seed_00,position_value,seed_00,A07,AB1100,v3,error_series,semisynthetic,horizontal_err_m,56642,56642,0,0,0,0,0.0018463645963600417,2.7027736882466695,0
RUN_01208__v3,CORE_position_value,RUN_01208,BY2,CORE,D13_seed_00,position_value,seed_00,A07,AB1100,v3,error_series,semisynthetic,position_3d_err_m,56642,56642,0,0,0,0,0.037457544431158785,4.362278553340005,0
RUN_01208__v3,CORE_position_value,RUN_01208,BY2,CORE,D13_seed_00,position_value,seed_00,A07,AB1100,v3,error_series,semisynthetic,roll_err_deg,56642,56642,0,0,0,0,-5.643408121780169,32.81642799717608,12967
RUN_01208__v3,CORE_position_value,RUN_01208,BY2,CORE,D13_seed_00,position_value,seed_00,A07,AB1100,v3,error_series,semisynthetic,pitch_err_deg,56642,56642,0,0,0,0,-32.55435383445882,10.29752104147559,33100
RUN_01208__v3,CORE_position_value,RUN_01208,BY2,CORE,D13_seed_00,position_value,seed_00,A07,AB1100,v3,error_series,semisynthetic,yaw_err_deg,56642,56642,0,0,0,0,-11.223463291987173,3.843869170265293,43471
RUN_01208__v3,CORE_position_value,RUN_01208,BY2,CORE,D13_seed_00,position_value,seed_00,A07,AB1100,v3,error_series,semisynthetic,horizontal_3sigma_m,56642,56642,0,0,0,0,0.04759734752633997,42.43457969268709,0
RUN_01208__v3,CORE_position_value,RUN_01208,BY2,CORE,D13_seed_00,position_value,seed_00,A07,AB1100,v3,error_series,semisynthetic,roll_3sigma_deg,56642,56642,0,0,0,0,0.40208845800000004,6.0000398189999995,0
RUN_01208__v3,CORE_position_value,RUN_01208,BY2,CORE,D13_seed_00,position_value,seed_00,A07,AB1100,v3,error_series,semisynthetic,pitch_3sigma_deg,56642,56642,0,0,0,0,0.41071025699999997,6.0000398189999995,0
RUN_01208__v3,CORE_position_value,RUN_01208,BY2,CORE,D13_seed_00,position_value,seed_00,A07,AB1100,v3,error_series,semisynthetic,yaw_3sigma_deg,56642,56642,0,0,0,0,0.545535396,6.0000398189999995,0
RUN_01208__v2,CORE_position_value,RUN_01208,BY2,CORE,D13_seed_00,position_value,seed_00,A07,AB1100,v2,error_series,semisynthetic,time,56642,56642,0,0,0,0,66.005054,339.997056,0
RUN_01208__v2,CORE_position_value,RUN_01208,BY2,CORE,D13_seed_00,position_value,seed_00,A07,AB1100,v2,error_series,semisynthetic,err_n_m,56642,56642,0,0,0,0,-2.0195008769640275,1.7935172817430534,26514
RUN_01208__v2,CORE_position_value,RUN_01208,BY2,CORE,D13_seed_00,position_value,seed_00,A07,AB1100,v2,error_series,semisynthetic,err_e_m,56642,56642,0,0,0,0,-2.078501497342586,2.120794073631564,28040
RUN_01208__v2,CORE_position_value,RUN_01208,BY2,CORE,D13_seed_00,position_value,seed_00,A07,AB1100,v2,error_series,semisynthetic,err_u_m,56642,56642,0,0,0,0,-3.9121062390625454,3.910901872441487,36054
RUN_01208__v2,CORE_position_value,RUN_01208,BY2,CORE,D13_seed_00,position_value,seed_00,A07,AB1100,v2,error_series,semisynthetic,horizontal_err_m,56642,56642,0,0,0,0,0.007458239860628626,2.773856832047103,0
RUN_01208__v2,CORE_position_value,RUN_01208,BY2,CORE,D13_seed_00,position_value,seed_00,A07,AB1100,v2,error_series,semisynthetic,position_3d_err_m,56642,56642,0,0,0,0,0.04561986274529029,4.035724019297876,0
RUN_01208__v2,CORE_position_value,RUN_01208,BY2,CORE,D13_seed_00,position_value,seed_00,A07,AB1100,v2,error_series,semisynthetic,roll_err_deg,56642,56642,0,0,0,0,-5.643408121780169,32.81642799717608,12967
RUN_01208__v2,CORE_position_value,RUN_01208,BY2,CORE,D13_seed_00,position_value,seed_00,A07,AB1100,v2,error_series,semisynthetic,pitch_err_deg,56642,56642,0,0,0,0,-32.55435383445882,10.29752104147559,33100
RUN_01208__v2,CORE_position_value,RUN_01208,BY2,CORE,D13_seed_00,position_value,seed_00,A07,AB1100,v2,error_series,semisynthetic,yaw_err_deg,56642,56642,0,0,0,0,-11.223463291987173,3.843869170265293,43471
RUN_01208__v2,CORE_position_value,RUN_01208,BY2,CORE,D13_seed_00,position_value,seed_00,A07,AB1100,v2,error_series,semisynthetic,horizontal_3sigma_m,56642,56642,0,0,0,0,0.04759734752633997,42.43457969268709,0
RUN_01208__v2,CORE_position_value,RUN_01208,BY2,CORE,D13_seed_00,position_value,seed_00,A07,AB1100,v2,error_series,semisynthetic,roll_3sigma_deg,56642,56642,0,0,0,0,0.40208845800000004,6.0000398189999995,0
RUN_01208__v2,CORE_position_value,RUN_01208,BY2,CORE,D13_seed_00,position_value,seed_00,A07,AB1100,v2,error_series,semisynthetic,pitch_3sigma_deg,56642,56642,0,0,0,0,0.41071025699999997,6.0000398189999995,0
RUN_01208__v2,CORE_position_value,RUN_01208,BY2,CORE,D13_seed_00,position_value,seed_00,A07,AB1100,v2,error_series,semisynthetic,yaw_3sigma_deg,56642,56642,0,0,0,0,0.545535396,6.0000398189999995,0
RUN_01209__v3,CORE_position_value,RUN_01209,BY2,CORE,D13_seed_00,position_value,seed_00,A08,AB1000,v3,error_series,semisynthetic,time,56642,56642,0,0,0,0,66.005054,339.997056,0
RUN_01209__v3,CORE_position_value,RUN_01209,BY2,CORE,D13_seed_00,position_value,seed_00,A08,AB1000,v3,error_series,semisynthetic,err_n_m,56642,56642,0,0,0,0,-1.3863398395192164,1.478197615962042,26641
RUN_01209__v3,CORE_position_value,RUN_01209,BY2,CORE,D13_seed_00,position_value,seed_00,A08,AB1000,v3,error_series,semisynthetic,err_e_m,56642,56642,0,0,0,0,-1.5064727251573657,1.5707006883966264,27439
RUN_01209__v3,CORE_position_value,RUN_01209,BY2,CORE,D13_seed_00,position_value,seed_00,A08,AB1000,v3,error_series,semisynthetic,err_u_m,56642,56642,0,0,0,0,-3.559084712176177,3.654756341856036,28552
RUN_01209__v3,CORE_position_value,RUN_01209,BY2,CORE,D13_seed_00,position_value,seed_00,A08,AB1000,v3,error_series,semisynthetic,horizontal_err_m,56642,56642,0,0,0,0,0.003390973302738826,2.014038004850008,0
RUN_01209__v3,CORE_position_value,RUN_01209,BY2,CORE,D13_seed_00,position_value,seed_00,A08,AB1000,v3,error_series,semisynthetic,position_3d_err_m,56642,56642,0,0,0,0,0.029137678768711067,3.772615088649817,0
RUN_01209__v3,CORE_position_value,RUN_01209,BY2,CORE,D13_seed_00,position_value,seed_00,A08,AB1000,v3,error_series,semisynthetic,roll_err_deg,56642,56642,0,0,0,0,-5.869764123780186,26.935831444176074,17254
RUN_01209__v3,CORE_position_value,RUN_01209,BY2,CORE,D13_seed_00,position_value,seed_00,A08,AB1000,v3,error_series,semisynthetic,pitch_err_deg,56642,56642,0,0,0,0,-31.63392860145882,9.670561298542623,32212
RUN_01209__v3,CORE_position_value,RUN_01209,BY2,CORE,D13_seed_00,position_value,seed_00,A08,AB1000,v3,error_series,semisynthetic,yaw_err_deg,56642,56642,0,0,0,0,-8.66262459723842,3.8342604602653125,44549
RUN_01209__v3,CORE_position_value,RUN_01209,BY2,CORE,D13_seed_00,position_value,seed_00,A08,AB1000,v3,error_series,semisynthetic,horizontal_3sigma_m,56642,56642,0,0,0,0,0.04634518150723324,42.43457969268709,0
RUN_01209__v3,CORE_position_value,RUN_01209,BY2,CORE,D13_seed_00,position_value,seed_00,A08,AB1000,v3,error_series,semisynthetic,roll_3sigma_deg,56642,56642,0,0,0,0,0.401525502,6.0000398189999995,0
RUN_01209__v3,CORE_position_value,RUN_01209,BY2,CORE,D13_seed_00,position_value,seed_00,A08,AB1000,v3,error_series,semisynthetic,pitch_3sigma_deg,56642,56642,0,0,0,0,0.41008128899999996,6.0000398189999995,0
RUN_01209__v3,CORE_position_value,RUN_01209,BY2,CORE,D13_seed_00,position_value,seed_00,A08,AB1000,v3,error_series,semisynthetic,yaw_3sigma_deg,56642,56642,0,0,0,0,0.544416777,6.0000398189999995,0
RUN_01209__v2,CORE_position_value,RUN_01209,BY2,CORE,D13_seed_00,position_value,seed_00,A08,AB1000,v2,error_series,semisynthetic,time,56642,56642,0,0,0,0,66.005054,339.997056,0
RUN_01209__v2,CORE_position_value,RUN_01209,BY2,CORE,D13_seed_00,position_value,seed_00,A08,AB1000,v2,error_series,semisynthetic,err_n_m,56642,56642,0,0,0,0,-1.5189057515610713,1.5013834467590907,26420
RUN_01209__v2,CORE_position_value,RUN_01209,BY2,CORE,D13_seed_00,position_value,seed_00,A08,AB1000,v2,error_series,semisynthetic,err_e_m,56642,56642,0,0,0,0,-1.6295685551322947,1.698850160854649,27938
RUN_01209__v2,CORE_position_value,RUN_01209,BY2,CORE,D13_seed_00,position_value,seed_00,A08,AB1000,v2,error_series,semisynthetic,err_u_m,56642,56642,0,0,0,0,-3.86296841776624,3.35550844278307,36901
RUN_01209__v2,CORE_position_value,RUN_01209,BY2,CORE,D13_seed_00,position_value,seed_00,A08,AB1000,v2,error_series,semisynthetic,horizontal_err_m,56642,56642,0,0,0,0,0.0006269621942138989,2.092197208289302,0
RUN_01209__v2,CORE_position_value,RUN_01209,BY2,CORE,D13_seed_00,position_value,seed_00,A08,AB1000,v2,error_series,semisynthetic,position_3d_err_m,56642,56642,0,0,0,0,0.02705291853967782,3.948981253304583,0
RUN_01209__v2,CORE_position_value,RUN_01209,BY2,CORE,D13_seed_00,position_value,seed_00,A08,AB1000,v2,error_series,semisynthetic,roll_err_deg,56642,56642,0,0,0,0,-5.869764123780186,26.935831444176074,17254
RUN_01209__v2,CORE_position_value,RUN_01209,BY2,CORE,D13_seed_00,position_value,seed_00,A08,AB1000,v2,error_series,semisynthetic,pitch_err_deg,56642,56642,0,0,0,0,-31.63392860145882,9.670561298542623,32212
RUN_01209__v2,CORE_position_value,RUN_01209,BY2,CORE,D13_seed_00,position_value,seed_00,A08,AB1000,v2,error_series,semisynthetic,yaw_err_deg,56642,56642,0,0,0,0,-8.66262459723842,3.8342604602653125,44549
RUN_01209__v2,CORE_position_value,RUN_01209,BY2,CORE,D13_seed_00,position_value,seed_00,A08,AB1000,v2,error_series,semisynthetic,horizontal_3sigma_m,56642,56642,0,0,0,0,0.04634518150723324,42.43457969268709,0
RUN_01209__v2,CORE_position_value,RUN_01209,BY2,CORE,D13_seed_00,position_value,seed_00,A08,AB1000,v2,error_series,semisynthetic,roll_3sigma_deg,56642,56642,0,0,0,0,0.401525502,6.0000398189999995,0
RUN_01209__v2,CORE_position_value,RUN_01209,BY2,CORE,D13_seed_00,position_value,seed_00,A08,AB1000,v2,error_series,semisynthetic,pitch_3sigma_deg,56642,56642,0,0,0,0,0.41008128899999996,6.0000398189999995,0
RUN_01209__v2,CORE_position_value,RUN_01209,BY2,CORE,D13_seed_00,position_value,seed_00,A08,AB1000,v2,error_series,semisynthetic,yaw_3sigma_deg,56642,56642,0,0,0,0,0.544416777,6.0000398189999995,0
RUN_01210__v3,CORE_position_value,RUN_01210,BY2,CORE,D13_seed_00,position_value,seed_00,A09,AB0100,v3,error_series,semisynthetic,time,56642,56642,0,0,0,0,66.005054,339.997056,0
RUN_01210__v3,CORE_position_value,RUN_01210,BY2,CORE,D13_seed_00,position_value,seed_00,A09,AB0100,v3,error_series,semisynthetic,err_n_m,56642,56642,0,0,0,0,-1.9128571458702162,1.890364354127878,26864
RUN_01210__v3,CORE_position_value,RUN_01210,BY2,CORE,D13_seed_00,position_value,seed_00,A09,AB0100,v3,error_series,semisynthetic,err_e_m,56642,56642,0,0,0,0,-1.9590014137302205,2.0006879783720013,27472
RUN_01210__v3,CORE_position_value,RUN_01210,BY2,CORE,D13_seed_00,position_value,seed_00,A09,AB0100,v3,error_series,semisynthetic,err_u_m,56642,56642,0,0,0,0,-3.6296690855494966,4.229115214498381,28508
RUN_01210__v3,CORE_position_value,RUN_01210,BY2,CORE,D13_seed_00,position_value,seed_00,A09,AB0100,v3,error_series,semisynthetic,horizontal_err_m,56642,56642,0,0,0,0,0.002213296288059958,2.730525768543891,0
RUN_01210__v3,CORE_position_value,RUN_01210,BY2,CORE,D13_seed_00,position_value,seed_00,A09,AB0100,v3,error_series,semisynthetic,position_3d_err_m,56642,56642,0,0,0,0,0.03735506927396536,4.376433543911552,0
RUN_01210__v3,CORE_position_value,RUN_01210,BY2,CORE,D13_seed_00,position_value,seed_00,A09,AB0100,v3,error_series,semisynthetic,roll_err_deg,56642,56642,0,0,0,0,-5.5857090767801765,36.01301966717608,11707
RUN_01210__v3,CORE_position_value,RUN_01210,BY2,CORE,D13_seed_00,position_value,seed_00,A09,AB0100,v3,error_series,semisynthetic,pitch_err_deg,56642,56642,0,0,0,0,-35.20215051345883,10.44508843747559,33360
RUN_01210__v3,CORE_position_value,RUN_01210,BY2,CORE,D13_seed_00,position_value,seed_00,A09,AB0100,v3,error_series,semisynthetic,yaw_err_deg,56642,56642,0,0,0,0,-13.176351181987172,3.8462619592652914,43501
RUN_01210__v3,CORE_position_value,RUN_01210,BY2,CORE,D13_seed_00,position_value,seed_00,A09,AB0100,v3,error_series,semisynthetic,horizontal_3sigma_m,56642,56642,0,0,0,0,0.048139809326114155,42.43457969268709,0
RUN_01210__v3,CORE_position_value,RUN_01210,BY2,CORE,D13_seed_00,position_value,seed_00,A09,AB0100,v3,error_series,semisynthetic,roll_3sigma_deg,56642,56642,0,0,0,0,0.402260742,6.0000398189999995,0
RUN_01210__v3,CORE_position_value,RUN_01210,BY2,CORE,D13_seed_00,position_value,seed_00,A09,AB0100,v3,error_series,semisynthetic,pitch_3sigma_deg,56642,56642,0,0,0,0,0.410912064,6.0000398189999995,0
RUN_01210__v3,CORE_position_value,RUN_01210,BY2,CORE,D13_seed_00,position_value,seed_00,A09,AB0100,v3,error_series,semisynthetic,yaw_3sigma_deg,56642,56642,0,0,0,0,0.5455809629999999,6.0000398189999995,0
RUN_01210__v2,CORE_position_value,RUN_01210,BY2,CORE,D13_seed_00,position_value,seed_00,A09,AB0100,v2,error_series,semisynthetic,time,56642,56642,0,0,0,0,66.005054,339.997056,0
RUN_01210__v2,CORE_position_value,RUN_01210,BY2,CORE,D13_seed_00,position_value,seed_00,A09,AB0100,v2,error_series,semisynthetic,err_n_m,56642,56642,0,0,0,0,-2.042707187170574,1.8018449314757827,26548
RUN_01210__v2,CORE_position_value,RUN_01210,BY2,CORE,D13_seed_00,position_value,seed_00,A09,AB0100,v2,error_series,semisynthetic,err_e_m,56642,56642,0,0,0,0,-2.0954137898128096,2.1279688315608274,28007
RUN_01210__v2,CORE_position_value,RUN_01210,BY2,CORE,D13_seed_00,position_value,seed_00,A09,AB0100,v2,error_series,semisynthetic,err_u_m,56642,56642,0,0,0,0,-3.9265767959507927,3.926645825173349,36030
RUN_01210__v2,CORE_position_value,RUN_01210,BY2,CORE,D13_seed_00,position_value,seed_00,A09,AB0100,v2,error_series,semisynthetic,horizontal_err_m,56642,56642,0,0,0,0,0.006905082063667559,2.8010929805755898,0
RUN_01210__v2,CORE_position_value,RUN_01210,BY2,CORE,D13_seed_00,position_value,seed_00,A09,AB0100,v2,error_series,semisynthetic,position_3d_err_m,56642,56642,0,0,0,0,0.046506955031556926,4.0497139980771815,0
RUN_01210__v2,CORE_position_value,RUN_01210,BY2,CORE,D13_seed_00,position_value,seed_00,A09,AB0100,v2,error_series,semisynthetic,roll_err_deg,56642,56642,0,0,0,0,-5.5857090767801765,36.01301966717608,11707
RUN_01210__v2,CORE_position_value,RUN_01210,BY2,CORE,D13_seed_00,position_value,seed_00,A09,AB0100,v2,error_series,semisynthetic,pitch_err_deg,56642,56642,0,0,0,0,-35.20215051345883,10.44508843747559,33360
RUN_01210__v2,CORE_position_value,RUN_01210,BY2,CORE,D13_seed_00,position_value,seed_00,A09,AB0100,v2,error_series,semisynthetic,yaw_err_deg,56642,56642,0,0,0,0,-13.176351181987172,3.8462619592652914,43501
RUN_01210__v2,CORE_position_value,RUN_01210,BY2,CORE,D13_seed_00,position_value,seed_00,A09,AB0100,v2,error_series,semisynthetic,horizontal_3sigma_m,56642,56642,0,0,0,0,0.048139809326114155,42.43457969268709,0
RUN_01210__v2,CORE_position_value,RUN_01210,BY2,CORE,D13_seed_00,position_value,seed_00,A09,AB0100,v2,error_series,semisynthetic,roll_3sigma_deg,56642,56642,0,0,0,0,0.402260742,6.0000398189999995,0
RUN_01210__v2,CORE_position_value,RUN_01210,BY2,CORE,D13_seed_00,position_value,seed_00,A09,AB0100,v2,error_series,semisynthetic,pitch_3sigma_deg,56642,56642,0,0,0,0,0.410912064,6.0000398189999995,0
RUN_01210__v2,CORE_position_value,RUN_01210,BY2,CORE,D13_seed_00,position_value,seed_00,A09,AB0100,v2,error_series,semisynthetic,yaw_3sigma_deg,56642,56642,0,0,0,0,0.5455809629999999,6.0000398189999995,0
RUN_01299__v3,CORE_position_value,RUN_01299,BY2,CORE,D14_seed_00,position_value,seed_00,F01,single_antenna_EKF,v3,error_series,semisynthetic,time,56642,56642,0,0,0,0,66.005054,339.997056,0
RUN_01299__v3,CORE_position_value,RUN_01299,BY2,CORE,D14_seed_00,position_value,seed_00,F01,single_antenna_EKF,v3,error_series,semisynthetic,err_n_m,56642,56642,0,0,0,0,-4.064923464961765,4.48676875429695,25029
RUN_01299__v3,CORE_position_value,RUN_01299,BY2,CORE,D14_seed_00,position_value,seed_00,F01,single_antenna_EKF,v3,error_series,semisynthetic,err_e_m,56642,56642,0,0,0,0,-4.451926063656771,4.608476013758697,27110
RUN_01299__v3,CORE_position_value,RUN_01299,BY2,CORE,D14_seed_00,position_value,seed_00,F01,single_antenna_EKF,v3,error_series,semisynthetic,err_u_m,56642,56642,0,0,0,0,-9.607478411656139,8.519482463699848,27861
RUN_01299__v3,CORE_position_value,RUN_01299,BY2,CORE,D14_seed_00,position_value,seed_00,F01,single_antenna_EKF,v3,error_series,semisynthetic,horizontal_err_m,56642,56642,0,0,0,0,0.0015692257859399085,5.990338637761769,0
RUN_01299__v3,CORE_position_value,RUN_01299,BY2,CORE,D14_seed_00,position_value,seed_00,F01,single_antenna_EKF,v3,error_series,semisynthetic,position_3d_err_m,56642,56642,0,0,0,0,0.060673387995713264,9.766027747855373,0
RUN_01299__v3,CORE_position_value,RUN_01299,BY2,CORE,D14_seed_00,position_value,seed_00,F01,single_antenna_EKF,v3,error_series,semisynthetic,roll_err_deg,56642,56642,0,0,0,0,-175.5167204083065,161.99380460884402,2212
RUN_01299__v3,CORE_position_value,RUN_01299,BY2,CORE,D14_seed_00,position_value,seed_00,F01,single_antenna_EKF,v3,error_series,semisynthetic,pitch_err_deg,56642,56642,0,0,0,0,-72.76263874468286,61.65731590970887,18871
RUN_01299__v3,CORE_position_value,RUN_01299,BY2,CORE,D14_seed_00,position_value,seed_00,F01,single_antenna_EKF,v3,error_series,semisynthetic,yaw_err_deg,56642,56642,0,0,0,0,-150.47943366331697,80.11703095617935,22990
RUN_01299__v3,CORE_position_value,RUN_01299,BY2,CORE,D14_seed_00,position_value,seed_00,F01,single_antenna_EKF,v3,error_series,semisynthetic,horizontal_3sigma_m,56642,56642,0,0,0,0,0.04698185697690475,42.43457969268709,0
RUN_01299__v3,CORE_position_value,RUN_01299,BY2,CORE,D14_seed_00,position_value,seed_00,F01,single_antenna_EKF,v3,error_series,semisynthetic,roll_3sigma_deg,56642,56642,0,0,0,0,0.49569094799999996,6.0000398189999995,0
RUN_01299__v3,CORE_position_value,RUN_01299,BY2,CORE,D14_seed_00,position_value,seed_00,F01,single_antenna_EKF,v3,error_series,semisynthetic,pitch_3sigma_deg,56642,56642,0,0,0,0,0.477518727,6.0000398189999995,0
RUN_01299__v3,CORE_position_value,RUN_01299,BY2,CORE,D14_seed_00,position_value,seed_00,F01,single_antenna_EKF,v3,error_series,semisynthetic,yaw_3sigma_deg,56642,56642,0,0,0,0,0.9763372530000001,6.0000398189999995,0
RUN_01299__v2,CORE_position_value,RUN_01299,BY2,CORE,D14_seed_00,position_value,seed_00,F01,single_antenna_EKF,v2,error_series,semisynthetic,time,56642,56642,0,0,0,0,66.005054,339.997056,0
RUN_01299__v2,CORE_position_value,RUN_01299,BY2,CORE,D14_seed_00,position_value,seed_00,F01,single_antenna_EKF,v2,error_series,semisynthetic,err_n_m,56642,56642,0,0,0,0,-4.117557623797893,4.450145538093508,26662
RUN_01299__v2,CORE_position_value,RUN_01299,BY2,CORE,D14_seed_00,position_value,seed_00,F01,single_antenna_EKF,v2,error_series,semisynthetic,err_e_m,56642,56642,0,0,0,0,-4.556096226779729,4.692429546390896,26430
RUN_01299__v2,CORE_position_value,RUN_01299,BY2,CORE,D14_seed_00,position_value,seed_00,F01,single_antenna_EKF,v2,error_series,semisynthetic,err_u_m,56642,56642,0,0,0,0,-9.856051847304633,8.261081455743252,31497
RUN_01299__v2,CORE_position_value,RUN_01299,BY2,CORE,D14_seed_00,position_value,seed_00,F01,single_antenna_EKF,v2,error_series,semisynthetic,horizontal_err_m,56642,56642,0,0,0,0,0.0022191708156961967,6.0371073971332265,0
RUN_01299__v2,CORE_position_value,RUN_01299,BY2,CORE,D14_seed_00,position_value,seed_00,F01,single_antenna_EKF,v2,error_series,semisynthetic,position_3d_err_m,56642,56642,0,0,0,0,0.06573529158443164,10.052077605480466,0
RUN_01299__v2,CORE_position_value,RUN_01299,BY2,CORE,D14_seed_00,position_value,seed_00,F01,single_antenna_EKF,v2,error_series,semisynthetic,roll_err_deg,56642,56642,0,0,0,0,-175.5167204083065,161.99380460884402,2212
RUN_01299__v2,CORE_position_value,RUN_01299,BY2,CORE,D14_seed_00,position_value,seed_00,F01,single_antenna_EKF,v2,error_series,semisynthetic,pitch_err_deg,56642,56642,0,0,0,0,-72.76263874468286,61.65731590970887,18871
RUN_01299__v2,CORE_position_value,RUN_01299,BY2,CORE,D14_seed_00,position_value,seed_00,F01,single_antenna_EKF,v2,error_series,semisynthetic,yaw_err_deg,56642,56642,0,0,0,0,-150.47943366331697,80.11703095617935,22990
RUN_01299__v2,CORE_position_value,RUN_01299,BY2,CORE,D14_seed_00,position_value,seed_00,F01,single_antenna_EKF,v2,error_series,semisynthetic,horizontal_3sigma_m,56642,56642,0,0,0,0,0.04698185697690475,42.43457969268709,0
RUN_01299__v2,CORE_position_value,RUN_01299,BY2,CORE,D14_seed_00,position_value,seed_00,F01,single_antenna_EKF,v2,error_series,semisynthetic,roll_3sigma_deg,56642,56642,0,0,0,0,0.49569094799999996,6.0000398189999995,0
RUN_01299__v2,CORE_position_value,RUN_01299,BY2,CORE,D14_seed_00,position_value,seed_00,F01,single_antenna_EKF,v2,error_series,semisynthetic,pitch_3sigma_deg,56642,56642,0,0,0,0,0.477518727,6.0000398189999995,0
RUN_01299__v2,CORE_position_value,RUN_01299,BY2,CORE,D14_seed_00,position_value,seed_00,F01,single_antenna_EKF,v2,error_series,semisynthetic,yaw_3sigma_deg,56642,56642,0,0,0,0,0.9763372530000001,6.0000398189999995,0
RUN_01300__v3,CORE_position_value,RUN_01300,BY2,CORE,D14_seed_00,position_value,seed_00,F02,basic_dual_yaw_EKF,v3,error_series,semisynthetic,time,56642,56642,0,0,0,0,66.005054,339.997056,0
RUN_01300__v3,CORE_position_value,RUN_01300,BY2,CORE,D14_seed_00,position_value,seed_00,F02,basic_dual_yaw_EKF,v3,error_series,semisynthetic,err_n_m,56642,56642,0,0,0,0,-6.100167241504714,6.074413761161191,26445
RUN_01300__v3,CORE_position_value,RUN_01300,BY2,CORE,D14_seed_00,position_value,seed_00,F02,basic_dual_yaw_EKF,v3,error_series,semisynthetic,err_e_m,56642,56642,0,0,0,0,-6.45196212533952,6.444275708995962,28171
RUN_01300__v3,CORE_position_value,RUN_01300,BY2,CORE,D14_seed_00,position_value,seed_00,F02,basic_dual_yaw_EKF,v3,error_series,semisynthetic,err_u_m,56642,56642,0,0,0,0,-10.8757154239851,11.23941406649669,28126
RUN_01300__v3,CORE_position_value,RUN_01300,BY2,CORE,D14_seed_00,position_value,seed_00,F02,basic_dual_yaw_EKF,v3,error_series,semisynthetic,horizontal_err_m,56642,56642,0,0,0,0,0.005574721821042964,8.87918102310922,0
RUN_01300__v3,CORE_position_value,RUN_01300,BY2,CORE,D14_seed_00,position_value,seed_00,F02,basic_dual_yaw_EKF,v3,error_series,semisynthetic,position_3d_err_m,56642,56642,0,0,0,0,0.04537601725080737,11.86548197100424,0
RUN_01300__v3,CORE_position_value,RUN_01300,BY2,CORE,D14_seed_00,position_value,seed_00,F02,basic_dual_yaw_EKF,v3,error_series,semisynthetic,roll_err_deg,56642,56642,0,0,0,0,-150.033636073883,167.2549099422314,1226
RUN_01300__v3,CORE_position_value,RUN_01300,BY2,CORE,D14_seed_00,position_value,seed_00,F02,basic_dual_yaw_EKF,v3,error_series,semisynthetic,pitch_err_deg,56642,56642,0,0,0,0,-66.7701750881955,44.24682344970989,34156
RUN_01300__v3,CORE_position_value,RUN_01300,BY2,CORE,D14_seed_00,position_value,seed_00,F02,basic_dual_yaw_EKF,v3,error_series,semisynthetic,yaw_err_deg,56642,56642,0,0,0,0,-150.03343418858145,106.37601978578607,37541
RUN_01300__v3,CORE_position_value,RUN_01300,BY2,CORE,D14_seed_00,position_value,seed_00,F02,basic_dual_yaw_EKF,v3,error_series,semisynthetic,horizontal_3sigma_m,56642,56642,0,0,0,0,0.051716368070846466,42.43457969268709,0
RUN_01300__v3,CORE_position_value,RUN_01300,BY2,CORE,D14_seed_00,position_value,seed_00,F02,basic_dual_yaw_EKF,v3,error_series,semisynthetic,roll_3sigma_deg,56642,56642,0,0,0,0,0.41979222,6.000072272999999,0
RUN_01300__v3,CORE_position_value,RUN_01300,BY2,CORE,D14_seed_00,position_value,seed_00,F02,basic_dual_yaw_EKF,v3,error_series,semisynthetic,pitch_3sigma_deg,56642,56642,0,0,0,0,0.426732357,6.000072231,0
RUN_01300__v3,CORE_position_value,RUN_01300,BY2,CORE,D14_seed_00,position_value,seed_00,F02,basic_dual_yaw_EKF,v3,error_series,semisynthetic,yaw_3sigma_deg,56642,56642,0,0,0,0,0.528132576,6.0000398189999995,0
RUN_01300__v2,CORE_position_value,RUN_01300,BY2,CORE,D14_seed_00,position_value,seed_00,F02,basic_dual_yaw_EKF,v2,error_series,semisynthetic,time,56642,56642,0,0,0,0,66.005054,339.997056,0
RUN_01300__v2,CORE_position_value,RUN_01300,BY2,CORE,D14_seed_00,position_value,seed_00,F02,basic_dual_yaw_EKF,v2,error_series,semisynthetic,err_n_m,56642,56642,0,0,0,0,-6.16031692427357,6.091022675335164,26872
RUN_01300__v2,CORE_position_value,RUN_01300,BY2,CORE,D14_seed_00,position_value,seed_00,F02,basic_dual_yaw_EKF,v2,error_series,semisynthetic,err_e_m,56642,56642,0,0,0,0,-6.5459790822174,6.557354227017649,28101
RUN_01300__v2,CORE_position_value,RUN_01300,BY2,CORE,D14_seed_00,position_value,seed_00,F02,basic_dual_yaw_EKF,v2,error_series,semisynthetic,err_u_m,56642,56642,0,0,0,0,-11.195229145227083,11.05438538074313,31215
RUN_01300__v2,CORE_position_value,RUN_01300,BY2,CORE,D14_seed_00,position_value,seed_00,F02,basic_dual_yaw_EKF,v2,error_series,semisynthetic,horizontal_err_m,56642,56642,0,0,0,0,0.003983586212054191,8.91265154728367,0
RUN_01300__v2,CORE_position_value,RUN_01300,BY2,CORE,D14_seed_00,position_value,seed_00,F02,basic_dual_yaw_EKF,v2,error_series,semisynthetic,position_3d_err_m,56642,56642,0,0,0,0,0.11803405362215025,11.537739674571888,0
RUN_01300__v2,CORE_position_value,RUN_01300,BY2,CORE,D14_seed_00,position_value,seed_00,F02,basic_dual_yaw_EKF,v2,error_series,semisynthetic,roll_err_deg,56642,56642,0,0,0,0,-150.033636073883,167.2549099422314,1226
RUN_01300__v2,CORE_position_value,RUN_01300,BY2,CORE,D14_seed_00,position_value,seed_00,F02,basic_dual_yaw_EKF,v2,error_series,semisynthetic,pitch_err_deg,56642,56642,0,0,0,0,-66.7701750881955,44.24682344970989,34156
RUN_01300__v2,CORE_position_value,RUN_01300,BY2,CORE,D14_seed_00,position_value,seed_00,F02,basic_dual_yaw_EKF,v2,error_series,semisynthetic,yaw_err_deg,56642,56642,0,0,0,0,-150.03343418858145,106.37601978578607,37541
RUN_01300__v2,CORE_position_value,RUN_01300,BY2,CORE,D14_seed_00,position_value,seed_00,F02,basic_dual_yaw_EKF,v2,error_series,semisynthetic,horizontal_3sigma_m,56642,56642,0,0,0,0,0.051716368070846466,42.43457969268709,0
RUN_01300__v2,CORE_position_value,RUN_01300,BY2,CORE,D14_seed_00,position_value,seed_00,F02,basic_dual_yaw_EKF,v2,error_series,semisynthetic,roll_3sigma_deg,56642,56642,0,0,0,0,0.41979222,6.000072272999999,0
RUN_01300__v2,CORE_position_value,RUN_01300,BY2,CORE,D14_seed_00,position_value,seed_00,F02,basic_dual_yaw_EKF,v2,error_series,semisynthetic,pitch_3sigma_deg,56642,56642,0,0,0,0,0.426732357,6.000072231,0
RUN_01300__v2,CORE_position_value,RUN_01300,BY2,CORE,D14_seed_00,position_value,seed_00,F02,basic_dual_yaw_EKF,v2,error_series,semisynthetic,yaw_3sigma_deg,56642,56642,0,0,0,0,0.528132576,6.0000398189999995,0
RUN_01301__v3,CORE_position_value,RUN_01301,BY2,CORE,D14_seed_00,position_value,seed_00,F03,AB0000,v3,error_series,semisynthetic,time,56642,56642,0,0,0,0,66.005054,339.997056,0
RUN_01301__v3,CORE_position_value,RUN_01301,BY2,CORE,D14_seed_00,position_value,seed_00,F03,AB0000,v3,error_series,semisynthetic,err_n_m,56642,56642,0,0,0,0,-4.182519169489172,4.4124898556022,25180
RUN_01301__v3,CORE_position_value,RUN_01301,BY2,CORE,D14_seed_00,position_value,seed_00,F03,AB0000,v3,error_series,semisynthetic,err_e_m,56642,56642,0,0,0,0,-4.591737524522301,4.692563611169998,27429
RUN_01301__v3,CORE_position_value,RUN_01301,BY2,CORE,D14_seed_00,position_value,seed_00,F03,AB0000,v3,error_series,semisynthetic,err_u_m,56642,56642,0,0,0,0,-9.13768822522762,8.820268683614058,28498
RUN_01301__v3,CORE_position_value,RUN_01301,BY2,CORE,D14_seed_00,position_value,seed_00,F03,AB0000,v3,error_series,semisynthetic,horizontal_err_m,56642,56642,0,0,0,0,0.0034329293223408493,6.105193404245031,0
RUN_01301__v3,CORE_position_value,RUN_01301,BY2,CORE,D14_seed_00,position_value,seed_00,F03,AB0000,v3,error_series,semisynthetic,position_3d_err_m,56642,56642,0,0,0,0,0.19433377849983993,9.365324959225838,0
RUN_01301__v3,CORE_position_value,RUN_01301,BY2,CORE,D14_seed_00,position_value,seed_00,F03,AB0000,v3,error_series,semisynthetic,roll_err_deg,56642,56642,0,0,0,0,-146.6028233751821,163.37929383623134,28564
RUN_01301__v3,CORE_position_value,RUN_01301,BY2,CORE,D14_seed_00,position_value,seed_00,F03,AB0000,v3,error_series,semisynthetic,pitch_err_deg,56642,56642,0,0,0,0,-68.66438714568285,61.46039714990792,22432
RUN_01301__v3,CORE_position_value,RUN_01301,BY2,CORE,D14_seed_00,position_value,seed_00,F03,AB0000,v3,error_series,semisynthetic,yaw_err_deg,56642,56642,0,0,0,0,-155.57465966638034,160.94147930768446,51882
RUN_01301__v3,CORE_position_value,RUN_01301,BY2,CORE,D14_seed_00,position_value,seed_00,F03,AB0000,v3,error_series,semisynthetic,horizontal_3sigma_m,56642,56642,0,0,0,0,0.04695859930061662,42.43457969268709,0
RUN_01301__v3,CORE_position_value,RUN_01301,BY2,CORE,D14_seed_00,position_value,seed_00,F03,AB0000,v3,error_series,semisynthetic,roll_3sigma_deg,56642,56642,0,0,0,0,0.45457504800000004,6.0000398189999995,0
RUN_01301__v3,CORE_position_value,RUN_01301,BY2,CORE,D14_seed_00,position_value,seed_00,F03,AB0000,v3,error_series,semisynthetic,pitch_3sigma_deg,56642,56642,0,0,0,0,0.463479147,6.0000398189999995,0
RUN_01301__v3,CORE_position_value,RUN_01301,BY2,CORE,D14_seed_00,position_value,seed_00,F03,AB0000,v3,error_series,semisynthetic,yaw_3sigma_deg,56642,56642,0,0,0,0,0.581945571,6.0000398189999995,0
RUN_01301__v2,CORE_position_value,RUN_01301,BY2,CORE,D14_seed_00,position_value,seed_00,F03,AB0000,v2,error_series,semisynthetic,time,56642,56642,0,0,0,0,66.005054,339.997056,0
RUN_01301__v2,CORE_position_value,RUN_01301,BY2,CORE,D14_seed_00,position_value,seed_00,F03,AB0000,v2,error_series,semisynthetic,err_n_m,56642,56642,0,0,0,0,-4.295263621218599,4.434489716643959,26406
RUN_01301__v2,CORE_position_value,RUN_01301,BY2,CORE,D14_seed_00,position_value,seed_00,F03,AB0000,v2,error_series,semisynthetic,err_e_m,56642,56642,0,0,0,0,-4.711258053750527,4.82277089329652,28697
RUN_01301__v2,CORE_position_value,RUN_01301,BY2,CORE,D14_seed_00,position_value,seed_00,F03,AB0000,v2,error_series,semisynthetic,err_u_m,56642,56642,0,0,0,0,-9.421024832172037,8.496048588324712,31864
RUN_01301__v2,CORE_position_value,RUN_01301,BY2,CORE,D14_seed_00,position_value,seed_00,F03,AB0000,v2,error_series,semisynthetic,horizontal_err_m,56642,56642,0,0,0,0,0.015117371712406255,6.245009252725049,0
RUN_01301__v2,CORE_position_value,RUN_01301,BY2,CORE,D14_seed_00,position_value,seed_00,F03,AB0000,v2,error_series,semisynthetic,position_3d_err_m,56642,56642,0,0,0,0,0.1231574097973812,9.680559456675324,0
RUN_01301__v2,CORE_position_value,RUN_01301,BY2,CORE,D14_seed_00,position_value,seed_00,F03,AB0000,v2,error_series,semisynthetic,roll_err_deg,56642,56642,0,0,0,0,-146.6028233751821,163.37929383623134,28564
RUN_01301__v2,CORE_position_value,RUN_01301,BY2,CORE,D14_seed_00,position_value,seed_00,F03,AB0000,v2,error_series,semisynthetic,pitch_err_deg,56642,56642,0,0,0,0,-68.66438714568285,61.46039714990792,22432
RUN_01301__v2,CORE_position_value,RUN_01301,BY2,CORE,D14_seed_00,position_value,seed_00,F03,AB0000,v2,error_series,semisynthetic,yaw_err_deg,56642,56642,0,0,0,0,-155.57465966638034,160.94147930768446,51882
RUN_01301__v2,CORE_position_value,RUN_01301,BY2,CORE,D14_seed_00,position_value,seed_00,F03,AB0000,v2,error_series,semisynthetic,horizontal_3sigma_m,56642,56642,0,0,0,0,0.04695859930061662,42.43457969268709,0
RUN_01301__v2,CORE_position_value,RUN_01301,BY2,CORE,D14_seed_00,position_value,seed_00,F03,AB0000,v2,error_series,semisynthetic,roll_3sigma_deg,56642,56642,0,0,0,0,0.45457504800000004,6.0000398189999995,0
RUN_01301__v2,CORE_position_value,RUN_01301,BY2,CORE,D14_seed_00,position_value,seed_00,F03,AB0000,v2,error_series,semisynthetic,pitch_3sigma_deg,56642,56642,0,0,0,0,0.463479147,6.0000398189999995,0
RUN_01301__v2,CORE_position_value,RUN_01301,BY2,CORE,D14_seed_00,position_value,seed_00,F03,AB0000,v2,error_series,semisynthetic,yaw_3sigma_deg,56642,56642,0,0,0,0,0.581945571,6.0000398189999995,0
RUN_01302__v3,CORE_position_value,RUN_01302,BY2,CORE,D14_seed_00,position_value,seed_00,F04,AB1111,v3,error_series,semisynthetic,time,56642,56642,0,0,0,0,66.005054,339.997056,0
RUN_01302__v3,CORE_position_value,RUN_01302,BY2,CORE,D14_seed_00,position_value,seed_00,F04,AB1111,v3,error_series,semisynthetic,err_n_m,56642,56642,0,0,0,0,-4.962130461422163,5.013204845353879,26375
RUN_01302__v3,CORE_position_value,RUN_01302,BY2,CORE,D14_seed_00,position_value,seed_00,F04,AB1111,v3,error_series,semisynthetic,err_e_m,56642,56642,0,0,0,0,-5.389514997702193,5.359344049061672,28506
RUN_01302__v3,CORE_position_value,RUN_01302,BY2,CORE,D14_seed_00,position_value,seed_00,F04,AB1111,v3,error_series,semisynthetic,err_u_m,56642,56642,0,0,0,0,-7.529246271881181,8.844907963925916,28374
RUN_01302__v3,CORE_position_value,RUN_01302,BY2,CORE,D14_seed_00,position_value,seed_00,F04,AB1111,v3,error_series,semisynthetic,horizontal_err_m,56642,56642,0,0,0,0,0.0032932732117612715,6.359994486410335,0
RUN_01302__v3,CORE_position_value,RUN_01302,BY2,CORE,D14_seed_00,position_value,seed_00,F04,AB1111,v3,error_series,semisynthetic,position_3d_err_m,56642,56642,0,0,0,0,0.04606703876243291,8.987282964081151,0
RUN_01302__v3,CORE_position_value,RUN_01302,BY2,CORE,D14_seed_00,position_value,seed_00,F04,AB1111,v3,error_series,semisynthetic,roll_err_deg,56642,56642,0,0,0,0,-5.163241317780177,21.949667794176065,19665
RUN_01302__v3,CORE_position_value,RUN_01302,BY2,CORE,D14_seed_00,position_value,seed_00,F04,AB1111,v3,error_series,semisynthetic,pitch_err_deg,56642,56642,0,0,0,0,-25.421225572335857,8.600143772542651,35636
RUN_01302__v3,CORE_position_value,RUN_01302,BY2,CORE,D14_seed_00,position_value,seed_00,F04,AB1111,v3,error_series,semisynthetic,yaw_err_deg,56642,56642,0,0,0,0,-8.325709224238409,5.9752102986093405,43019
RUN_01302__v3,CORE_position_value,RUN_01302,BY2,CORE,D14_seed_00,position_value,seed_00,F04,AB1111,v3,error_series,semisynthetic,horizontal_3sigma_m,56642,56642,0,0,0,0,0.04957030740492975,42.43457969268709,0
RUN_01302__v3,CORE_position_value,RUN_01302,BY2,CORE,D14_seed_00,position_value,seed_00,F04,AB1111,v3,error_series,semisynthetic,roll_3sigma_deg,56642,56642,0,0,0,0,0.324486543,6.0000398189999995,0
RUN_01302__v3,CORE_position_value,RUN_01302,BY2,CORE,D14_seed_00,position_value,seed_00,F04,AB1111,v3,error_series,semisynthetic,pitch_3sigma_deg,56642,56642,0,0,0,0,0.326425761,6.0000398189999995,0
RUN_01302__v3,CORE_position_value,RUN_01302,BY2,CORE,D14_seed_00,position_value,seed_00,F04,AB1111,v3,error_series,semisynthetic,yaw_3sigma_deg,56642,56642,0,0,0,0,0.545744508,6.0000398189999995,0
RUN_01302__v2,CORE_position_value,RUN_01302,BY2,CORE,D14_seed_00,position_value,seed_00,F04,AB1111,v2,error_series,semisynthetic,time,56642,56642,0,0,0,0,66.005054,339.997056,0
RUN_01302__v2,CORE_position_value,RUN_01302,BY2,CORE,D14_seed_00,position_value,seed_00,F04,AB1111,v2,error_series,semisynthetic,err_n_m,56642,56642,0,0,0,0,-5.082448374418163,5.039498609461646,26287
RUN_01302__v2,CORE_position_value,RUN_01302,BY2,CORE,D14_seed_00,position_value,seed_00,F04,AB1111,v2,error_series,semisynthetic,err_e_m,56642,56642,0,0,0,0,-5.507172912865855,5.4953183186152454,28490
RUN_01302__v2,CORE_position_value,RUN_01302,BY2,CORE,D14_seed_00,position_value,seed_00,F04,AB1111,v2,error_series,semisynthetic,err_u_m,56642,56642,0,0,0,0,-7.824034562834303,8.537797889737405,31593
RUN_01302__v2,CORE_position_value,RUN_01302,BY2,CORE,D14_seed_00,position_value,seed_00,F04,AB1111,v2,error_series,semisynthetic,horizontal_err_m,56642,56642,0,0,0,0,0.0027421725583231587,6.433830412442074,0
RUN_01302__v2,CORE_position_value,RUN_01302,BY2,CORE,D14_seed_00,position_value,seed_00,F04,AB1111,v2,error_series,semisynthetic,position_3d_err_m,56642,56642,0,0,0,0,0.05615585313386557,8.658356171420584,0
RUN_01302__v2,CORE_position_value,RUN_01302,BY2,CORE,D14_seed_00,position_value,seed_00,F04,AB1111,v2,error_series,semisynthetic,roll_err_deg,56642,56642,0,0,0,0,-5.163241317780177,21.949667794176065,19665
RUN_01302__v2,CORE_position_value,RUN_01302,BY2,CORE,D14_seed_00,position_value,seed_00,F04,AB1111,v2,error_series,semisynthetic,pitch_err_deg,56642,56642,0,0,0,0,-25.421225572335857,8.600143772542651,35636
RUN_01302__v2,CORE_position_value,RUN_01302,BY2,CORE,D14_seed_00,position_value,seed_00,F04,AB1111,v2,error_series,semisynthetic,yaw_err_deg,56642,56642,0,0,0,0,-8.325709224238409,5.9752102986093405,43019
RUN_01302__v2,CORE_position_value,RUN_01302,BY2,CORE,D14_seed_00,position_value,seed_00,F04,AB1111,v2,error_series,semisynthetic,horizontal_3sigma_m,56642,56642,0,0,0,0,0.04957030740492975,42.43457969268709,0
RUN_01302__v2,CORE_position_value,RUN_01302,BY2,CORE,D14_seed_00,position_value,seed_00,F04,AB1111,v2,error_series,semisynthetic,roll_3sigma_deg,56642,56642,0,0,0,0,0.324486543,6.0000398189999995,0
RUN_01302__v2,CORE_position_value,RUN_01302,BY2,CORE,D14_seed_00,position_value,seed_00,F04,AB1111,v2,error_series,semisynthetic,pitch_3sigma_deg,56642,56642,0,0,0,0,0.326425761,6.0000398189999995,0
RUN_01302__v2,CORE_position_value,RUN_01302,BY2,CORE,D14_seed_00,position_value,seed_00,F04,AB1111,v2,error_series,semisynthetic,yaw_3sigma_deg,56642,56642,0,0,0,0,0.545744508,6.0000398189999995,0
RUN_01303__v3,CORE_position_value,RUN_01303,BY2,CORE,D14_seed_00,position_value,seed_00,A03,AB0111,v3,error_series,semisynthetic,time,56642,56642,0,0,0,0,66.005054,339.997056,0
RUN_01303__v3,CORE_position_value,RUN_01303,BY2,CORE,D14_seed_00,position_value,seed_00,A03,AB0111,v3,error_series,semisynthetic,err_n_m,56642,56642,0,0,0,0,-4.962019429489018,5.026405480558417,26370
RUN_01303__v3,CORE_position_value,RUN_01303,BY2,CORE,D14_seed_00,position_value,seed_00,A03,AB0111,v3,error_series,semisynthetic,err_e_m,56642,56642,0,0,0,0,-5.401571269419605,5.369427537968992,28508
RUN_01303__v3,CORE_position_value,RUN_01303,BY2,CORE,D14_seed_00,position_value,seed_00,A03,AB0111,v3,error_series,semisynthetic,err_u_m,56642,56642,0,0,0,0,-7.560974242223963,8.869702631075068,28375
RUN_01303__v3,CORE_position_value,RUN_01303,BY2,CORE,D14_seed_00,position_value,seed_00,A03,AB0111,v3,error_series,semisynthetic,horizontal_err_m,56642,56642,0,0,0,0,0.0036319838375748876,6.398611762055502,0
RUN_01303__v3,CORE_position_value,RUN_01303,BY2,CORE,D14_seed_00,position_value,seed_00,A03,AB0111,v3,error_series,semisynthetic,position_3d_err_m,56642,56642,0,0,0,0,0.04577194070246885,9.002473553247228,0
RUN_01303__v3,CORE_position_value,RUN_01303,BY2,CORE,D14_seed_00,position_value,seed_00,A03,AB0111,v3,error_series,semisynthetic,roll_err_deg,56642,56642,0,0,0,0,-5.091171024780181,22.66410051817607,19559
RUN_01303__v3,CORE_position_value,RUN_01303,BY2,CORE,D14_seed_00,position_value,seed_00,A03,AB0111,v3,error_series,semisynthetic,pitch_err_deg,56642,56642,0,0,0,0,-26.261761898335862,8.602128035542648,35645
RUN_01303__v3,CORE_position_value,RUN_01303,BY2,CORE,D14_seed_00,position_value,seed_00,A03,AB0111,v3,error_series,semisynthetic,yaw_err_deg,56642,56642,0,0,0,0,-8.331631386238428,6.077999805609352,42946
RUN_01303__v3,CORE_position_value,RUN_01303,BY2,CORE,D14_seed_00,position_value,seed_00,A03,AB0111,v3,error_series,semisynthetic,horizontal_3sigma_m,56642,56642,0,0,0,0,0.049812769235110785,42.43457969268709,0
RUN_01303__v3,CORE_position_value,RUN_01303,BY2,CORE,D14_seed_00,position_value,seed_00,A03,AB0111,v3,error_series,semisynthetic,roll_3sigma_deg,56642,56642,0,0,0,0,0.32453686800000003,6.0000398189999995,0
RUN_01303__v3,CORE_position_value,RUN_01303,BY2,CORE,D14_seed_00,position_value,seed_00,A03,AB0111,v3,error_series,semisynthetic,pitch_3sigma_deg,56642,56642,0,0,0,0,0.326469828,6.0000398189999995,0
RUN_01303__v3,CORE_position_value,RUN_01303,BY2,CORE,D14_seed_00,position_value,seed_00,A03,AB0111,v3,error_series,semisynthetic,yaw_3sigma_deg,56642,56642,0,0,0,0,0.54575337,6.0000398189999995,0
RUN_01303__v2,CORE_position_value,RUN_01303,BY2,CORE,D14_seed_00,position_value,seed_00,A03,AB0111,v2,error_series,semisynthetic,time,56642,56642,0,0,0,0,66.005054,339.997056,0
RUN_01303__v2,CORE_position_value,RUN_01303,BY2,CORE,D14_seed_00,position_value,seed_00,A03,AB0111,v2,error_series,semisynthetic,err_n_m,56642,56642,0,0,0,0,-5.088777355014265,5.05271179298007,26288
RUN_01303__v2,CORE_position_value,RUN_01303,BY2,CORE,D14_seed_00,position_value,seed_00,A03,AB0111,v2,error_series,semisynthetic,err_e_m,56642,56642,0,0,0,0,-5.519216233323107,5.505397143369722,28491
RUN_01303__v2,CORE_position_value,RUN_01303,BY2,CORE,D14_seed_00,position_value,seed_00,A03,AB0111,v2,error_series,semisynthetic,err_u_m,56642,56642,0,0,0,0,-7.855773791302396,8.56257780249566,31576
RUN_01303__v2,CORE_position_value,RUN_01303,BY2,CORE,D14_seed_00,position_value,seed_00,A03,AB0111,v2,error_series,semisynthetic,horizontal_err_m,56642,56642,0,0,0,0,0.004260797919279354,6.472283592011197,0
RUN_01303__v2,CORE_position_value,RUN_01303,BY2,CORE,D14_seed_00,position_value,seed_00,A03,AB0111,v2,error_series,semisynthetic,position_3d_err_m,56642,56642,0,0,0,0,0.05588344289685846,8.68782932117689,0
RUN_01303__v2,CORE_position_value,RUN_01303,BY2,CORE,D14_seed_00,position_value,seed_00,A03,AB0111,v2,error_series,semisynthetic,roll_err_deg,56642,56642,0,0,0,0,-5.091171024780181,22.66410051817607,19559
RUN_01303__v2,CORE_position_value,RUN_01303,BY2,CORE,D14_seed_00,position_value,seed_00,A03,AB0111,v2,error_series,semisynthetic,pitch_err_deg,56642,56642,0,0,0,0,-26.261761898335862,8.602128035542648,35645
RUN_01303__v2,CORE_position_value,RUN_01303,BY2,CORE,D14_seed_00,position_value,seed_00,A03,AB0111,v2,error_series,semisynthetic,yaw_err_deg,56642,56642,0,0,0,0,-8.331631386238428,6.077999805609352,42946
RUN_01303__v2,CORE_position_value,RUN_01303,BY2,CORE,D14_seed_00,position_value,seed_00,A03,AB0111,v2,error_series,semisynthetic,horizontal_3sigma_m,56642,56642,0,0,0,0,0.049812769235110785,42.43457969268709,0
RUN_01303__v2,CORE_position_value,RUN_01303,BY2,CORE,D14_seed_00,position_value,seed_00,A03,AB0111,v2,error_series,semisynthetic,roll_3sigma_deg,56642,56642,0,0,0,0,0.32453686800000003,6.0000398189999995,0
RUN_01303__v2,CORE_position_value,RUN_01303,BY2,CORE,D14_seed_00,position_value,seed_00,A03,AB0111,v2,error_series,semisynthetic,pitch_3sigma_deg,56642,56642,0,0,0,0,0.326469828,6.0000398189999995,0
RUN_01303__v2,CORE_position_value,RUN_01303,BY2,CORE,D14_seed_00,position_value,seed_00,A03,AB0111,v2,error_series,semisynthetic,yaw_3sigma_deg,56642,56642,0,0,0,0,0.54575337,6.0000398189999995,0
RUN_01304__v3,CORE_position_value,RUN_01304,BY2,CORE,D14_seed_00,position_value,seed_00,A04,AB1011,v3,error_series,semisynthetic,time,56642,56642,0,0,0,0,66.005054,339.997056,0
RUN_01304__v3,CORE_position_value,RUN_01304,BY2,CORE,D14_seed_00,position_value,seed_00,A04,AB1011,v3,error_series,semisynthetic,err_n_m,56642,56642,0,0,0,0,-3.716172484610965,3.8927499381901782,26206
RUN_01304__v3,CORE_position_value,RUN_01304,BY2,CORE,D14_seed_00,position_value,seed_00,A04,AB1011,v3,error_series,semisynthetic,err_e_m,56642,56642,0,0,0,0,-4.059974282519448,4.13856384892715,28359
RUN_01304__v3,CORE_position_value,RUN_01304,BY2,CORE,D14_seed_00,position_value,seed_00,A04,AB1011,v3,error_series,semisynthetic,err_u_m,56642,56642,0,0,0,0,-9.051796378487701,9.067158805585763,28189
RUN_01304__v3,CORE_position_value,RUN_01304,BY2,CORE,D14_seed_00,position_value,seed_00,A04,AB1011,v3,error_series,semisynthetic,horizontal_err_m,56642,56642,0,0,0,0,0.010971102267391786,5.356306268256333,0
RUN_01304__v3,CORE_position_value,RUN_01304,BY2,CORE,D14_seed_00,position_value,seed_00,A04,AB1011,v3,error_series,semisynthetic,position_3d_err_m,56642,56642,0,0,0,0,0.07850755767456367,9.326706895258027,0
RUN_01304__v3,CORE_position_value,RUN_01304,BY2,CORE,D14_seed_00,position_value,seed_00,A04,AB1011,v3,error_series,semisynthetic,roll_err_deg,56642,56642,0,0,0,0,-5.3158841927801745,14.415847585176067,21857
RUN_01304__v3,CORE_position_value,RUN_01304,BY2,CORE,D14_seed_00,position_value,seed_00,A04,AB1011,v3,error_series,semisynthetic,pitch_err_deg,56642,56642,0,0,0,0,-21.43279017545882,8.842804113542627,34915
RUN_01304__v3,CORE_position_value,RUN_01304,BY2,CORE,D14_seed_00,position_value,seed_00,A04,AB1011,v3,error_series,semisynthetic,yaw_err_deg,56642,56642,0,0,0,0,-9.87130885603392,15.904142485609327,44605
RUN_01304__v3,CORE_position_value,RUN_01304,BY2,CORE,D14_seed_00,position_value,seed_00,A04,AB1011,v3,error_series,semisynthetic,horizontal_3sigma_m,56642,56642,0,0,0,0,0.04479406221620032,42.43457969268709,0
RUN_01304__v3,CORE_position_value,RUN_01304,BY2,CORE,D14_seed_00,position_value,seed_00,A04,AB1011,v3,error_series,semisynthetic,roll_3sigma_deg,56642,56642,0,0,0,0,0.303891909,6.0000398189999995,0
RUN_01304__v3,CORE_position_value,RUN_01304,BY2,CORE,D14_seed_00,position_value,seed_00,A04,AB1011,v3,error_series,semisynthetic,pitch_3sigma_deg,56642,56642,0,0,0,0,0.305077272,6.0000398189999995,0
RUN_01304__v3,CORE_position_value,RUN_01304,BY2,CORE,D14_seed_00,position_value,seed_00,A04,AB1011,v3,error_series,semisynthetic,yaw_3sigma_deg,56642,56642,0,0,0,0,0.5450443229999999,6.0000398189999995,0
RUN_01304__v2,CORE_position_value,RUN_01304,BY2,CORE,D14_seed_00,position_value,seed_00,A04,AB1011,v2,error_series,semisynthetic,time,56642,56642,0,0,0,0,66.005054,339.997056,0
RUN_01304__v2,CORE_position_value,RUN_01304,BY2,CORE,D14_seed_00,position_value,seed_00,A04,AB1011,v2,error_series,semisynthetic,err_n_m,56642,56642,0,0,0,0,-3.858182110172038,3.9448962170642474,26172
RUN_01304__v2,CORE_position_value,RUN_01304,BY2,CORE,D14_seed_00,position_value,seed_00,A04,AB1011,v2,error_series,semisynthetic,err_e_m,56642,56642,0,0,0,0,-4.1937270915345835,4.276806680562148,28463
RUN_01304__v2,CORE_position_value,RUN_01304,BY2,CORE,D14_seed_00,position_value,seed_00,A04,AB1011,v2,error_series,semisynthetic,err_u_m,56642,56642,0,0,0,0,-9.35627441122081,8.761677912869226,31719
RUN_01304__v2,CORE_position_value,RUN_01304,BY2,CORE,D14_seed_00,position_value,seed_00,A04,AB1011,v2,error_series,semisynthetic,horizontal_err_m,56642,56642,0,0,0,0,0.013211746107824548,5.43855500426347,0
RUN_01304__v2,CORE_position_value,RUN_01304,BY2,CORE,D14_seed_00,position_value,seed_00,A04,AB1011,v2,error_series,semisynthetic,position_3d_err_m,56642,56642,0,0,0,0,0.13585917161180028,9.603727784709772,0
RUN_01304__v2,CORE_position_value,RUN_01304,BY2,CORE,D14_seed_00,position_value,seed_00,A04,AB1011,v2,error_series,semisynthetic,roll_err_deg,56642,56642,0,0,0,0,-5.3158841927801745,14.415847585176067,21857
RUN_01304__v2,CORE_position_value,RUN_01304,BY2,CORE,D14_seed_00,position_value,seed_00,A04,AB1011,v2,error_series,semisynthetic,pitch_err_deg,56642,56642,0,0,0,0,-21.43279017545882,8.842804113542627,34915
RUN_01304__v2,CORE_position_value,RUN_01304,BY2,CORE,D14_seed_00,position_value,seed_00,A04,AB1011,v2,error_series,semisynthetic,yaw_err_deg,56642,56642,0,0,0,0,-9.87130885603392,15.904142485609327,44605
RUN_01304__v2,CORE_position_value,RUN_01304,BY2,CORE,D14_seed_00,position_value,seed_00,A04,AB1011,v2,error_series,semisynthetic,horizontal_3sigma_m,56642,56642,0,0,0,0,0.04479406221620032,42.43457969268709,0
RUN_01304__v2,CORE_position_value,RUN_01304,BY2,CORE,D14_seed_00,position_value,seed_00,A04,AB1011,v2,error_series,semisynthetic,roll_3sigma_deg,56642,56642,0,0,0,0,0.303891909,6.0000398189999995,0
RUN_01304__v2,CORE_position_value,RUN_01304,BY2,CORE,D14_seed_00,position_value,seed_00,A04,AB1011,v2,error_series,semisynthetic,pitch_3sigma_deg,56642,56642,0,0,0,0,0.305077272,6.0000398189999995,0
RUN_01304__v2,CORE_position_value,RUN_01304,BY2,CORE,D14_seed_00,position_value,seed_00,A04,AB1011,v2,error_series,semisynthetic,yaw_3sigma_deg,56642,56642,0,0,0,0,0.5450443229999999,6.0000398189999995,0
RUN_01305__v3,CORE_position_value,RUN_01305,BY2,CORE,D14_seed_00,position_value,seed_00,A05,AB1101,v3,error_series,semisynthetic,time,56642,56642,0,0,0,0,66.005054,339.997056,0
RUN_01305__v3,CORE_position_value,RUN_01305,BY2,CORE,D14_seed_00,position_value,seed_00,A05,AB1101,v3,error_series,semisynthetic,err_n_m,56642,56642,0,0,0,0,-4.97538737399185,5.106309135752873,26209
RUN_01305__v3,CORE_position_value,RUN_01305,BY2,CORE,D14_seed_00,position_value,seed_00,A05,AB1101,v3,error_series,semisynthetic,err_e_m,56642,56642,0,0,0,0,-5.398868591883925,5.359721113120155,27976
RUN_01305__v3,CORE_position_value,RUN_01305,BY2,CORE,D14_seed_00,position_value,seed_00,A05,AB1101,v3,error_series,semisynthetic,err_u_m,56642,56642,0,0,0,0,-7.608951610222935,9.604805043604765,28680
RUN_01305__v3,CORE_position_value,RUN_01305,BY2,CORE,D14_seed_00,position_value,seed_00,A05,AB1101,v3,error_series,semisynthetic,horizontal_err_m,56642,56642,0,0,0,0,0.008414917737190308,6.389021989897723,0
RUN_01305__v3,CORE_position_value,RUN_01305,BY2,CORE,D14_seed_00,position_value,seed_00,A05,AB1101,v3,error_series,semisynthetic,position_3d_err_m,56642,56642,0,0,0,0,0.11778832346879578,10.014586451168586,0
RUN_01305__v3,CORE_position_value,RUN_01305,BY2,CORE,D14_seed_00,position_value,seed_00,A05,AB1101,v3,error_series,semisynthetic,roll_err_deg,56642,56642,0,0,0,0,-35.16852517989372,120.07792024723136,25535
RUN_01305__v3,CORE_position_value,RUN_01305,BY2,CORE,D14_seed_00,position_value,seed_00,A05,AB1101,v3,error_series,semisynthetic,pitch_err_deg,56642,56642,0,0,0,0,-42.2497197401955,60.22155976436636,39040
RUN_01305__v3,CORE_position_value,RUN_01305,BY2,CORE,D14_seed_00,position_value,seed_00,A05,AB1101,v3,error_series,semisynthetic,yaw_err_deg,56642,56642,0,0,0,0,-65.27618193058146,13.140699171786082,49632
RUN_01305__v3,CORE_position_value,RUN_01305,BY2,CORE,D14_seed_00,position_value,seed_00,A05,AB1101,v3,error_series,semisynthetic,horizontal_3sigma_m,56642,56642,0,0,0,0,0.050182183008331084,42.43457969268709,0
RUN_01305__v3,CORE_position_value,RUN_01305,BY2,CORE,D14_seed_00,position_value,seed_00,A05,AB1101,v3,error_series,semisynthetic,roll_3sigma_deg,56642,56642,0,0,0,0,0.42617432699999996,6.0000398189999995,0
RUN_01305__v3,CORE_position_value,RUN_01305,BY2,CORE,D14_seed_00,position_value,seed_00,A05,AB1101,v3,error_series,semisynthetic,pitch_3sigma_deg,56642,56642,0,0,0,0,0.43097327399999996,6.0000398189999995,0
RUN_01305__v3,CORE_position_value,RUN_01305,BY2,CORE,D14_seed_00,position_value,seed_00,A05,AB1101,v3,error_series,semisynthetic,yaw_3sigma_deg,56642,56642,0,0,0,0,0.57237339,6.0000398189999995,0
RUN_01305__v2,CORE_position_value,RUN_01305,BY2,CORE,D14_seed_00,position_value,seed_00,A05,AB1101,v2,error_series,semisynthetic,time,56642,56642,0,0,0,0,66.005054,339.997056,0
RUN_01305__v2,CORE_position_value,RUN_01305,BY2,CORE,D14_seed_00,position_value,seed_00,A05,AB1101,v2,error_series,semisynthetic,err_n_m,56642,56642,0,0,0,0,-5.087666853646823,5.065925263232707,25976
RUN_01305__v2,CORE_position_value,RUN_01305,BY2,CORE,D14_seed_00,position_value,seed_00,A05,AB1101,v2,error_series,semisynthetic,err_e_m,56642,56642,0,0,0,0,-5.509222497165823,5.4860081870666875,28547
RUN_01305__v2,CORE_position_value,RUN_01305,BY2,CORE,D14_seed_00,position_value,seed_00,A05,AB1101,v2,error_series,semisynthetic,err_u_m,56642,56642,0,0,0,0,-7.895435698274827,9.310311682221542,31857
RUN_01305__v2,CORE_position_value,RUN_01305,BY2,CORE,D14_seed_00,position_value,seed_00,A05,AB1101,v2,error_series,semisynthetic,horizontal_err_m,56642,56642,0,0,0,0,0.004121983909356113,6.501275739929758,0
RUN_01305__v2,CORE_position_value,RUN_01305,BY2,CORE,D14_seed_00,position_value,seed_00,A05,AB1101,v2,error_series,semisynthetic,position_3d_err_m,56642,56642,0,0,0,0,0.09118752444188284,9.70408444145661,0
RUN_01305__v2,CORE_position_value,RUN_01305,BY2,CORE,D14_seed_00,position_value,seed_00,A05,AB1101,v2,error_series,semisynthetic,roll_err_deg,56642,56642,0,0,0,0,-35.16852517989372,120.07792024723136,25535
RUN_01305__v2,CORE_position_value,RUN_01305,BY2,CORE,D14_seed_00,position_value,seed_00,A05,AB1101,v2,error_series,semisynthetic,pitch_err_deg,56642,56642,0,0,0,0,-42.2497197401955,60.22155976436636,39040
RUN_01305__v2,CORE_position_value,RUN_01305,BY2,CORE,D14_seed_00,position_value,seed_00,A05,AB1101,v2,error_series,semisynthetic,yaw_err_deg,56642,56642,0,0,0,0,-65.27618193058146,13.140699171786082,49632
RUN_01305__v2,CORE_position_value,RUN_01305,BY2,CORE,D14_seed_00,position_value,seed_00,A05,AB1101,v2,error_series,semisynthetic,horizontal_3sigma_m,56642,56642,0,0,0,0,0.050182183008331084,42.43457969268709,0
RUN_01305__v2,CORE_position_value,RUN_01305,BY2,CORE,D14_seed_00,position_value,seed_00,A05,AB1101,v2,error_series,semisynthetic,roll_3sigma_deg,56642,56642,0,0,0,0,0.42617432699999996,6.0000398189999995,0
RUN_01305__v2,CORE_position_value,RUN_01305,BY2,CORE,D14_seed_00,position_value,seed_00,A05,AB1101,v2,error_series,semisynthetic,pitch_3sigma_deg,56642,56642,0,0,0,0,0.43097327399999996,6.0000398189999995,0
RUN_01305__v2,CORE_position_value,RUN_01305,BY2,CORE,D14_seed_00,position_value,seed_00,A05,AB1101,v2,error_series,semisynthetic,yaw_3sigma_deg,56642,56642,0,0,0,0,0.57237339,6.0000398189999995,0
RUN_01306__v3,CORE_position_value,RUN_01306,BY2,CORE,D14_seed_00,position_value,seed_00,A06,AB1110,v3,error_series,semisynthetic,time,56642,56642,0,0,0,0,66.005054,339.997056,0
RUN_01306__v3,CORE_position_value,RUN_01306,BY2,CORE,D14_seed_00,position_value,seed_00,A06,AB1110,v3,error_series,semisynthetic,err_n_m,56642,56642,0,0,0,0,-5.251072654444101,5.113424017865157,26428
RUN_01306__v3,CORE_position_value,RUN_01306,BY2,CORE,D14_seed_00,position_value,seed_00,A06,AB1110,v3,error_series,semisynthetic,err_e_m,56642,56642,0,0,0,0,-5.5100767563134525,5.539457156019898,28513
RUN_01306__v3,CORE_position_value,RUN_01306,BY2,CORE,D14_seed_00,position_value,seed_00,A06,AB1110,v3,error_series,semisynthetic,err_u_m,56642,56642,0,0,0,0,-7.52581740679239,8.838340280496752,28373
RUN_01306__v3,CORE_position_value,RUN_01306,BY2,CORE,D14_seed_00,position_value,seed_00,A06,AB1110,v3,error_series,semisynthetic,horizontal_err_m,56642,56642,0,0,0,0,0.005878464426983742,6.64249163644622,0
RUN_01306__v3,CORE_position_value,RUN_01306,BY2,CORE,D14_seed_00,position_value,seed_00,A06,AB1110,v3,error_series,semisynthetic,position_3d_err_m,56642,56642,0,0,0,0,0.05076478892436198,9.07810128428828,0
RUN_01306__v3,CORE_position_value,RUN_01306,BY2,CORE,D14_seed_00,position_value,seed_00,A06,AB1110,v3,error_series,semisynthetic,roll_err_deg,56642,56642,0,0,0,0,-5.290526680780175,25.919036363176076,19303
RUN_01306__v3,CORE_position_value,RUN_01306,BY2,CORE,D14_seed_00,position_value,seed_00,A06,AB1110,v3,error_series,semisynthetic,pitch_err_deg,56642,56642,0,0,0,0,-28.101433471335866,8.616912588542647,35386
RUN_01306__v3,CORE_position_value,RUN_01306,BY2,CORE,D14_seed_00,position_value,seed_00,A06,AB1110,v3,error_series,semisynthetic,yaw_err_deg,56642,56642,0,0,0,0,-8.32881920723841,6.235507527609343,43026
RUN_01306__v3,CORE_position_value,RUN_01306,BY2,CORE,D14_seed_00,position_value,seed_00,A06,AB1110,v3,error_series,semisynthetic,horizontal_3sigma_m,56642,56642,0,0,0,0,0.05055218567165888,42.43457969268709,0
RUN_01306__v3,CORE_position_value,RUN_01306,BY2,CORE,D14_seed_00,position_value,seed_00,A06,AB1110,v3,error_series,semisynthetic,roll_3sigma_deg,56642,56642,0,0,0,0,0.324617484,6.0000398189999995,0
RUN_01306__v3,CORE_position_value,RUN_01306,BY2,CORE,D14_seed_00,position_value,seed_00,A06,AB1110,v3,error_series,semisynthetic,pitch_3sigma_deg,56642,56642,0,0,0,0,0.326539515,6.0000398189999995,0
RUN_01306__v3,CORE_position_value,RUN_01306,BY2,CORE,D14_seed_00,position_value,seed_00,A06,AB1110,v3,error_series,semisynthetic,yaw_3sigma_deg,56642,56642,0,0,0,0,0.545767137,6.0000398189999995,0
RUN_01306__v2,CORE_position_value,RUN_01306,BY2,CORE,D14_seed_00,position_value,seed_00,A06,AB1110,v2,error_series,semisynthetic,time,56642,56642,0,0,0,0,66.005054,339.997056,0
RUN_01306__v2,CORE_position_value,RUN_01306,BY2,CORE,D14_seed_00,position_value,seed_00,A06,AB1110,v2,error_series,semisynthetic,err_n_m,56642,56642,0,0,0,0,-5.366756632123213,5.139652380894468,26352
RUN_01306__v2,CORE_position_value,RUN_01306,BY2,CORE,D14_seed_00,position_value,seed_00,A06,AB1110,v2,error_series,semisynthetic,err_e_m,56642,56642,0,0,0,0,-5.627606361100533,5.6752849797135685,28503
RUN_01306__v2,CORE_position_value,RUN_01306,BY2,CORE,D14_seed_00,position_value,seed_00,A06,AB1110,v2,error_series,semisynthetic,err_u_m,56642,56642,0,0,0,0,-7.820648284370217,8.531145141084505,31591
RUN_01306__v2,CORE_position_value,RUN_01306,BY2,CORE,D14_seed_00,position_value,seed_00,A06,AB1110,v2,error_series,semisynthetic,horizontal_err_m,56642,56642,0,0,0,0,0.004458913877019333,6.715476850406029,0
RUN_01306__v2,CORE_position_value,RUN_01306,BY2,CORE,D14_seed_00,position_value,seed_00,A06,AB1110,v2,error_series,semisynthetic,position_3d_err_m,56642,56642,0,0,0,0,0.03892674515294024,8.748305763742913,0
RUN_01306__v2,CORE_position_value,RUN_01306,BY2,CORE,D14_seed_00,position_value,seed_00,A06,AB1110,v2,error_series,semisynthetic,roll_err_deg,56642,56642,0,0,0,0,-5.290526680780175,25.919036363176076,19303
RUN_01306__v2,CORE_position_value,RUN_01306,BY2,CORE,D14_seed_00,position_value,seed_00,A06,AB1110,v2,error_series,semisynthetic,pitch_err_deg,56642,56642,0,0,0,0,-28.101433471335866,8.616912588542647,35386
RUN_01306__v2,CORE_position_value,RUN_01306,BY2,CORE,D14_seed_00,position_value,seed_00,A06,AB1110,v2,error_series,semisynthetic,yaw_err_deg,56642,56642,0,0,0,0,-8.32881920723841,6.235507527609343,43026
RUN_01306__v2,CORE_position_value,RUN_01306,BY2,CORE,D14_seed_00,position_value,seed_00,A06,AB1110,v2,error_series,semisynthetic,horizontal_3sigma_m,56642,56642,0,0,0,0,0.05055218567165888,42.43457969268709,0
RUN_01306__v2,CORE_position_value,RUN_01306,BY2,CORE,D14_seed_00,position_value,seed_00,A06,AB1110,v2,error_series,semisynthetic,roll_3sigma_deg,56642,56642,0,0,0,0,0.324617484,6.0000398189999995,0
RUN_01306__v2,CORE_position_value,RUN_01306,BY2,CORE,D14_seed_00,position_value,seed_00,A06,AB1110,v2,error_series,semisynthetic,pitch_3sigma_deg,56642,56642,0,0,0,0,0.326539515,6.0000398189999995,0
RUN_01306__v2,CORE_position_value,RUN_01306,BY2,CORE,D14_seed_00,position_value,seed_00,A06,AB1110,v2,error_series,semisynthetic,yaw_3sigma_deg,56642,56642,0,0,0,0,0.545767137,6.0000398189999995,0
RUN_01307__v3,CORE_position_value,RUN_01307,BY2,CORE,D14_seed_00,position_value,seed_00,A07,AB1100,v3,error_series,semisynthetic,time,56642,56642,0,0,0,0,66.005054,339.997056,0
RUN_01307__v3,CORE_position_value,RUN_01307,BY2,CORE,D14_seed_00,position_value,seed_00,A07,AB1100,v3,error_series,semisynthetic,err_n_m,56642,56642,0,0,0,0,-5.262160365897813,5.100763223546899,26494
RUN_01307__v3,CORE_position_value,RUN_01307,BY2,CORE,D14_seed_00,position_value,seed_00,A07,AB1100,v3,error_series,semisynthetic,err_e_m,56642,56642,0,0,0,0,-5.508663512059925,5.5453773417240075,28645
RUN_01307__v3,CORE_position_value,RUN_01307,BY2,CORE,D14_seed_00,position_value,seed_00,A07,AB1100,v3,error_series,semisynthetic,err_u_m,56642,56642,0,0,0,0,-7.753380657030319,8.853152467677392,28954
RUN_01307__v3,CORE_position_value,RUN_01307,BY2,CORE,D14_seed_00,position_value,seed_00,A07,AB1100,v3,error_series,semisynthetic,horizontal_err_m,56642,56642,0,0,0,0,0.007630605355521565,6.697913051605181,0
RUN_01307__v3,CORE_position_value,RUN_01307,BY2,CORE,D14_seed_00,position_value,seed_00,A07,AB1100,v3,error_series,semisynthetic,position_3d_err_m,56642,56642,0,0,0,0,0.058101670296501685,9.339093238767918,0
RUN_01307__v3,CORE_position_value,RUN_01307,BY2,CORE,D14_seed_00,position_value,seed_00,A07,AB1100,v3,error_series,semisynthetic,roll_err_deg,56642,56642,0,0,0,0,-76.69225797607767,152.35416236623138,30018
RUN_01307__v3,CORE_position_value,RUN_01307,BY2,CORE,D14_seed_00,position_value,seed_00,A07,AB1100,v3,error_series,semisynthetic,pitch_err_deg,56642,56642,0,0,0,0,-43.0383729768256,77.71211695741499,27110
RUN_01307__v3,CORE_position_value,RUN_01307,BY2,CORE,D14_seed_00,position_value,seed_00,A07,AB1100,v3,error_series,semisynthetic,yaw_err_deg,56642,56642,0,0,0,0,-78.38475014558145,125.90474846337298,33278
RUN_01307__v3,CORE_position_value,RUN_01307,BY2,CORE,D14_seed_00,position_value,seed_00,A07,AB1100,v3,error_series,semisynthetic,horizontal_3sigma_m,56642,56642,0,0,0,0,0.05128716294744369,42.43457969268709,0
RUN_01307__v3,CORE_position_value,RUN_01307,BY2,CORE,D14_seed_00,position_value,seed_00,A07,AB1100,v3,error_series,semisynthetic,roll_3sigma_deg,56642,56642,0,0,0,0,0.41727365699999996,6.0000398189999995,0
RUN_01307__v3,CORE_position_value,RUN_01307,BY2,CORE,D14_seed_00,position_value,seed_00,A07,AB1100,v3,error_series,semisynthetic,pitch_3sigma_deg,56642,56642,0,0,0,0,0.427705698,6.0000398189999995,0
RUN_01307__v3,CORE_position_value,RUN_01307,BY2,CORE,D14_seed_00,position_value,seed_00,A07,AB1100,v3,error_series,semisynthetic,yaw_3sigma_deg,56642,56642,0,0,0,0,0.548123514,6.0000398189999995,0
RUN_01307__v2,CORE_position_value,RUN_01307,BY2,CORE,D14_seed_00,position_value,seed_00,A07,AB1100,v2,error_series,semisynthetic,time,56642,56642,0,0,0,0,66.005054,339.997056,0
RUN_01307__v2,CORE_position_value,RUN_01307,BY2,CORE,D14_seed_00,position_value,seed_00,A07,AB1100,v2,error_series,semisynthetic,err_n_m,56642,56642,0,0,0,0,-5.374306858787563,5.119555300202933,25986
RUN_01307__v2,CORE_position_value,RUN_01307,BY2,CORE,D14_seed_00,position_value,seed_00,A07,AB1100,v2,error_series,semisynthetic,err_e_m,56642,56642,0,0,0,0,-5.6250436153275984,5.676907790048043,28847
RUN_01307__v2,CORE_position_value,RUN_01307,BY2,CORE,D14_seed_00,position_value,seed_00,A07,AB1100,v2,error_series,semisynthetic,err_u_m,56642,56642,0,0,0,0,-8.025575827749071,8.597952432883758,32003
RUN_01307__v2,CORE_position_value,RUN_01307,BY2,CORE,D14_seed_00,position_value,seed_00,A07,AB1100,v2,error_series,semisynthetic,horizontal_err_m,56642,56642,0,0,0,0,0.006441811495617918,6.777806928411346,0
RUN_01307__v2,CORE_position_value,RUN_01307,BY2,CORE,D14_seed_00,position_value,seed_00,A07,AB1100,v2,error_series,semisynthetic,position_3d_err_m,56642,56642,0,0,0,0,0.04727322849322174,9.099014915444029,0
RUN_01307__v2,CORE_position_value,RUN_01307,BY2,CORE,D14_seed_00,position_value,seed_00,A07,AB1100,v2,error_series,semisynthetic,roll_err_deg,56642,56642,0,0,0,0,-76.69225797607767,152.35416236623138,30018
RUN_01307__v2,CORE_position_value,RUN_01307,BY2,CORE,D14_seed_00,position_value,seed_00,A07,AB1100,v2,error_series,semisynthetic,pitch_err_deg,56642,56642,0,0,0,0,-43.0383729768256,77.71211695741499,27110
RUN_01307__v2,CORE_position_value,RUN_01307,BY2,CORE,D14_seed_00,position_value,seed_00,A07,AB1100,v2,error_series,semisynthetic,yaw_err_deg,56642,56642,0,0,0,0,-78.38475014558145,125.90474846337298,33278
RUN_01307__v2,CORE_position_value,RUN_01307,BY2,CORE,D14_seed_00,position_value,seed_00,A07,AB1100,v2,error_series,semisynthetic,horizontal_3sigma_m,56642,56642,0,0,0,0,0.05128716294744369,42.43457969268709,0
RUN_01307__v2,CORE_position_value,RUN_01307,BY2,CORE,D14_seed_00,position_value,seed_00,A07,AB1100,v2,error_series,semisynthetic,roll_3sigma_deg,56642,56642,0,0,0,0,0.41727365699999996,6.0000398189999995,0
RUN_01307__v2,CORE_position_value,RUN_01307,BY2,CORE,D14_seed_00,position_value,seed_00,A07,AB1100,v2,error_series,semisynthetic,pitch_3sigma_deg,56642,56642,0,0,0,0,0.427705698,6.0000398189999995,0
RUN_01307__v2,CORE_position_value,RUN_01307,BY2,CORE,D14_seed_00,position_value,seed_00,A07,AB1100,v2,error_series,semisynthetic,yaw_3sigma_deg,56642,56642,0,0,0,0,0.548123514,6.0000398189999995,0
RUN_01308__v3,CORE_position_value,RUN_01308,BY2,CORE,D14_seed_00,position_value,seed_00,A08,AB1000,v3,error_series,semisynthetic,time,56642,56642,0,0,0,0,66.005054,339.997056,0
RUN_01308__v3,CORE_position_value,RUN_01308,BY2,CORE,D14_seed_00,position_value,seed_00,A08,AB1000,v3,error_series,semisynthetic,err_n_m,56642,56642,0,0,0,0,-4.1503766138423295,4.3964865985604344,24984
RUN_01308__v3,CORE_position_value,RUN_01308,BY2,CORE,D14_seed_00,position_value,seed_00,A08,AB1000,v3,error_series,semisynthetic,err_e_m,56642,56642,0,0,0,0,-4.577311164133917,4.696280090603073,27573
RUN_01308__v3,CORE_position_value,RUN_01308,BY2,CORE,D14_seed_00,position_value,seed_00,A08,AB1000,v3,error_series,semisynthetic,err_u_m,56642,56642,0,0,0,0,-9.179672455534678,8.718500216216981,28539
RUN_01308__v3,CORE_position_value,RUN_01308,BY2,CORE,D14_seed_00,position_value,seed_00,A08,AB1000,v3,error_series,semisynthetic,horizontal_err_m,56642,56642,0,0,0,0,0.004629143732630441,6.0782962817643575,0
RUN_01308__v3,CORE_position_value,RUN_01308,BY2,CORE,D14_seed_00,position_value,seed_00,A08,AB1000,v3,error_series,semisynthetic,position_3d_err_m,56642,56642,0,0,0,0,0.17350499188534307,9.389110841457777,0
RUN_01308__v3,CORE_position_value,RUN_01308,BY2,CORE,D14_seed_00,position_value,seed_00,A08,AB1000,v3,error_series,semisynthetic,roll_err_deg,56642,56642,0,0,0,0,-156.85139944018212,163.06367433323135,29109
RUN_01308__v3,CORE_position_value,RUN_01308,BY2,CORE,D14_seed_00,position_value,seed_00,A08,AB1000,v3,error_series,semisynthetic,pitch_err_deg,56642,56642,0,0,0,0,-69.52501123768286,49.05420892178077,14414
RUN_01308__v3,CORE_position_value,RUN_01308,BY2,CORE,D14_seed_00,position_value,seed_00,A08,AB1000,v3,error_series,semisynthetic,yaw_err_deg,56642,56642,0,0,0,0,-156.9677950250956,172.01294836068445,56519
RUN_01308__v3,CORE_position_value,RUN_01308,BY2,CORE,D14_seed_00,position_value,seed_00,A08,AB1000,v3,error_series,semisynthetic,horizontal_3sigma_m,56642,56642,0,0,0,0,0.04642532461640971,42.43457969268709,0
RUN_01308__v3,CORE_position_value,RUN_01308,BY2,CORE,D14_seed_00,position_value,seed_00,A08,AB1000,v3,error_series,semisynthetic,roll_3sigma_deg,56642,56642,0,0,0,0,0.46921794299999997,6.0000398189999995,0
RUN_01308__v3,CORE_position_value,RUN_01308,BY2,CORE,D14_seed_00,position_value,seed_00,A08,AB1000,v3,error_series,semisynthetic,pitch_3sigma_deg,56642,56642,0,0,0,0,0.46643078700000007,6.0000398189999995,0
RUN_01308__v3,CORE_position_value,RUN_01308,BY2,CORE,D14_seed_00,position_value,seed_00,A08,AB1000,v3,error_series,semisynthetic,yaw_3sigma_deg,56642,56642,0,0,0,0,0.781065468,6.0000398189999995,0
RUN_01308__v2,CORE_position_value,RUN_01308,BY2,CORE,D14_seed_00,position_value,seed_00,A08,AB1000,v2,error_series,semisynthetic,time,56642,56642,0,0,0,0,66.005054,339.997056,0
RUN_01308__v2,CORE_position_value,RUN_01308,BY2,CORE,D14_seed_00,position_value,seed_00,A08,AB1000,v2,error_series,semisynthetic,err_n_m,56642,56642,0,0,0,0,-4.260176595509815,4.442373192256328,26682
RUN_01308__v2,CORE_position_value,RUN_01308,BY2,CORE,D14_seed_00,position_value,seed_00,A08,AB1000,v2,error_series,semisynthetic,err_e_m,56642,56642,0,0,0,0,-4.678800980562869,4.822685461309229,28717
RUN_01308__v2,CORE_position_value,RUN_01308,BY2,CORE,D14_seed_00,position_value,seed_00,A08,AB1000,v2,error_series,semisynthetic,err_u_m,56642,56642,0,0,0,0,-9.448383315704001,8.407809121405203,31887
RUN_01308__v2,CORE_position_value,RUN_01308,BY2,CORE,D14_seed_00,position_value,seed_00,A08,AB1000,v2,error_series,semisynthetic,horizontal_err_m,56642,56642,0,0,0,0,0.019155140926633583,6.2250990937021315,0
RUN_01308__v2,CORE_position_value,RUN_01308,BY2,CORE,D14_seed_00,position_value,seed_00,A08,AB1000,v2,error_series,semisynthetic,position_3d_err_m,56642,56642,0,0,0,0,0.11244157277457724,9.694662061320074,0
RUN_01308__v2,CORE_position_value,RUN_01308,BY2,CORE,D14_seed_00,position_value,seed_00,A08,AB1000,v2,error_series,semisynthetic,roll_err_deg,56642,56642,0,0,0,0,-156.85139944018212,163.06367433323135,29109
RUN_01308__v2,CORE_position_value,RUN_01308,BY2,CORE,D14_seed_00,position_value,seed_00,A08,AB1000,v2,error_series,semisynthetic,pitch_err_deg,56642,56642,0,0,0,0,-69.52501123768286,49.05420892178077,14414
RUN_01308__v2,CORE_position_value,RUN_01308,BY2,CORE,D14_seed_00,position_value,seed_00,A08,AB1000,v2,error_series,semisynthetic,yaw_err_deg,56642,56642,0,0,0,0,-156.9677950250956,172.01294836068445,56519
RUN_01308__v2,CORE_position_value,RUN_01308,BY2,CORE,D14_seed_00,position_value,seed_00,A08,AB1000,v2,error_series,semisynthetic,horizontal_3sigma_m,56642,56642,0,0,0,0,0.04642532461640971,42.43457969268709,0
RUN_01308__v2,CORE_position_value,RUN_01308,BY2,CORE,D14_seed_00,position_value,seed_00,A08,AB1000,v2,error_series,semisynthetic,roll_3sigma_deg,56642,56642,0,0,0,0,0.46921794299999997,6.0000398189999995,0
RUN_01308__v2,CORE_position_value,RUN_01308,BY2,CORE,D14_seed_00,position_value,seed_00,A08,AB1000,v2,error_series,semisynthetic,pitch_3sigma_deg,56642,56642,0,0,0,0,0.46643078700000007,6.0000398189999995,0
RUN_01308__v2,CORE_position_value,RUN_01308,BY2,CORE,D14_seed_00,position_value,seed_00,A08,AB1000,v2,error_series,semisynthetic,yaw_3sigma_deg,56642,56642,0,0,0,0,0.781065468,6.0000398189999995,0
RUN_01309__v3,CORE_position_value,RUN_01309,BY2,CORE,D14_seed_00,position_value,seed_00,A09,AB0100,v3,error_series,semisynthetic,time,56642,56642,0,0,0,0,66.005054,339.997056,0
RUN_01309__v3,CORE_position_value,RUN_01309,BY2,CORE,D14_seed_00,position_value,seed_00,A09,AB0100,v3,error_series,semisynthetic,err_n_m,56642,56642,0,0,0,0,-5.26321217759584,5.1043428640813815,26520
RUN_01309__v3,CORE_position_value,RUN_01309,BY2,CORE,D14_seed_00,position_value,seed_00,A09,AB0100,v3,error_series,semisynthetic,err_e_m,56642,56642,0,0,0,0,-5.524518380006143,5.563776559090927,28632
RUN_01309__v3,CORE_position_value,RUN_01309,BY2,CORE,D14_seed_00,position_value,seed_00,A09,AB0100,v3,error_series,semisynthetic,err_u_m,56642,56642,0,0,0,0,-7.860048103998357,8.843677174204018,29026
RUN_01309__v3,CORE_position_value,RUN_01309,BY2,CORE,D14_seed_00,position_value,seed_00,A09,AB0100,v3,error_series,semisynthetic,horizontal_err_m,56642,56642,0,0,0,0,0.009161706530362131,6.763676372913029,0
RUN_01309__v3,CORE_position_value,RUN_01309,BY2,CORE,D14_seed_00,position_value,seed_00,A09,AB0100,v3,error_series,semisynthetic,position_3d_err_m,56642,56642,0,0,0,0,0.06326889714874598,9.099339492694034,0
RUN_01309__v3,CORE_position_value,RUN_01309,BY2,CORE,D14_seed_00,position_value,seed_00,A09,AB0100,v3,error_series,semisynthetic,roll_err_deg,56642,56642,0,0,0,0,-79.5454932704641,161.51222377823137,31840
RUN_01309__v3,CORE_position_value,RUN_01309,BY2,CORE,D14_seed_00,position_value,seed_00,A09,AB0100,v3,error_series,semisynthetic,pitch_err_deg,56642,56642,0,0,0,0,-47.04822290498845,85.06227909441498,28222
RUN_01309__v3,CORE_position_value,RUN_01309,BY2,CORE,D14_seed_00,position_value,seed_00,A09,AB0100,v3,error_series,semisynthetic,yaw_err_deg,56642,56642,0,0,0,0,-91.31433812458147,124.06798076137301,37827
RUN_01309__v3,CORE_position_value,RUN_01309,BY2,CORE,D14_seed_00,position_value,seed_00,A09,AB0100,v3,error_series,semisynthetic,horizontal_3sigma_m,56642,56642,0,0,0,0,0.05140758717919208,42.43457969268709,0
RUN_01309__v3,CORE_position_value,RUN_01309,BY2,CORE,D14_seed_00,position_value,seed_00,A09,AB0100,v3,error_series,semisynthetic,roll_3sigma_deg,56642,56642,0,0,0,0,0.41949557400000004,6.0000398189999995,0
RUN_01309__v3,CORE_position_value,RUN_01309,BY2,CORE,D14_seed_00,position_value,seed_00,A09,AB0100,v3,error_series,semisynthetic,pitch_3sigma_deg,56642,56642,0,0,0,0,0.42802075799999995,6.0000398189999995,0
RUN_01309__v3,CORE_position_value,RUN_01309,BY2,CORE,D14_seed_00,position_value,seed_00,A09,AB0100,v3,error_series,semisynthetic,yaw_3sigma_deg,56642,56642,0,0,0,0,0.548739858,6.0000398189999995,0
RUN_01309__v2,CORE_position_value,RUN_01309,BY2,CORE,D14_seed_00,position_value,seed_00,A09,AB0100,v2,error_series,semisynthetic,time,56642,56642,0,0,0,0,66.005054,339.997056,0
RUN_01309__v2,CORE_position_value,RUN_01309,BY2,CORE,D14_seed_00,position_value,seed_00,A09,AB0100,v2,error_series,semisynthetic,err_n_m,56642,56642,0,0,0,0,-5.378082095671175,5.128549392706617,25828
RUN_01309__v2,CORE_position_value,RUN_01309,BY2,CORE,D14_seed_00,position_value,seed_00,A09,AB0100,v2,error_series,semisynthetic,err_e_m,56642,56642,0,0,0,0,-5.642638959549473,5.696980031247081,28858
RUN_01309__v2,CORE_position_value,RUN_01309,BY2,CORE,D14_seed_00,position_value,seed_00,A09,AB0100,v2,error_series,semisynthetic,err_u_m,56642,56642,0,0,0,0,-8.112012900131155,8.585047249983603,31985
RUN_01309__v2,CORE_position_value,RUN_01309,BY2,CORE,D14_seed_00,position_value,seed_00,A09,AB0100,v2,error_series,semisynthetic,horizontal_err_m,56642,56642,0,0,0,0,0.004185242067501654,6.843016580919255,0
RUN_01309__v2,CORE_position_value,RUN_01309,BY2,CORE,D14_seed_00,position_value,seed_00,A09,AB0100,v2,error_series,semisynthetic,position_3d_err_m,56642,56642,0,0,0,0,0.041238941141142495,8.866112654823054,0
RUN_01309__v2,CORE_position_value,RUN_01309,BY2,CORE,D14_seed_00,position_value,seed_00,A09,AB0100,v2,error_series,semisynthetic,roll_err_deg,56642,56642,0,0,0,0,-79.5454932704641,161.51222377823137,31840
RUN_01309__v2,CORE_position_value,RUN_01309,BY2,CORE,D14_seed_00,position_value,seed_00,A09,AB0100,v2,error_series,semisynthetic,pitch_err_deg,56642,56642,0,0,0,0,-47.04822290498845,85.06227909441498,28222
RUN_01309__v2,CORE_position_value,RUN_01309,BY2,CORE,D14_seed_00,position_value,seed_00,A09,AB0100,v2,error_series,semisynthetic,yaw_err_deg,56642,56642,0,0,0,0,-91.31433812458147,124.06798076137301,37827
RUN_01309__v2,CORE_position_value,RUN_01309,BY2,CORE,D14_seed_00,position_value,seed_00,A09,AB0100,v2,error_series,semisynthetic,horizontal_3sigma_m,56642,56642,0,0,0,0,0.05140758717919208,42.43457969268709,0
RUN_01309__v2,CORE_position_value,RUN_01309,BY2,CORE,D14_seed_00,position_value,seed_00,A09,AB0100,v2,error_series,semisynthetic,roll_3sigma_deg,56642,56642,0,0,0,0,0.41949557400000004,6.0000398189999995,0
RUN_01309__v2,CORE_position_value,RUN_01309,BY2,CORE,D14_seed_00,position_value,seed_00,A09,AB0100,v2,error_series,semisynthetic,pitch_3sigma_deg,56642,56642,0,0,0,0,0.42802075799999995,6.0000398189999995,0
RUN_01309__v2,CORE_position_value,RUN_01309,BY2,CORE,D14_seed_00,position_value,seed_00,A09,AB0100,v2,error_series,semisynthetic,yaw_3sigma_deg,56642,56642,0,0,0,0,0.548739858,6.0000398189999995,0
RUN_01398__v3,CORE_position_value,RUN_01398,BY2,CORE,D15_seed_00,position_value,seed_00,F01,single_antenna_EKF,v3,error_series,semisynthetic,time,56642,56642,0,0,0,0,66.005054,339.997056,0
RUN_01398__v3,CORE_position_value,RUN_01398,BY2,CORE,D15_seed_00,position_value,seed_00,F01,single_antenna_EKF,v3,error_series,semisynthetic,err_n_m,56642,56642,0,0,0,0,-8.625483170398073,8.685891924560885,25788
RUN_01398__v3,CORE_position_value,RUN_01398,BY2,CORE,D15_seed_00,position_value,seed_00,F01,single_antenna_EKF,v3,error_series,semisynthetic,err_e_m,56642,56642,0,0,0,0,-9.447987106925211,9.588447024950648,29097
RUN_01398__v3,CORE_position_value,RUN_01398,BY2,CORE,D15_seed_00,position_value,seed_00,F01,single_antenna_EKF,v3,error_series,semisynthetic,err_u_m,56642,56642,0,0,0,0,-18.235364617433827,17.844434282500806,28120
RUN_01398__v3,CORE_position_value,RUN_01398,BY2,CORE,D15_seed_00,position_value,seed_00,F01,single_antenna_EKF,v3,error_series,semisynthetic,horizontal_err_m,56642,56642,0,0,0,0,0.006472767593221336,12.359069814152237,0
RUN_01398__v3,CORE_position_value,RUN_01398,BY2,CORE,D15_seed_00,position_value,seed_00,F01,single_antenna_EKF,v3,error_series,semisynthetic,position_3d_err_m,56642,56642,0,0,0,0,0.11058805312947619,18.74562428745737,0
RUN_01398__v3,CORE_position_value,RUN_01398,BY2,CORE,D15_seed_00,position_value,seed_00,F01,single_antenna_EKF,v3,error_series,semisynthetic,roll_err_deg,56642,56642,0,0,0,0,-126.77931501844635,125.49433995041687,25923
RUN_01398__v3,CORE_position_value,RUN_01398,BY2,CORE,D15_seed_00,position_value,seed_00,F01,single_antenna_EKF,v3,error_series,semisynthetic,pitch_err_deg,56642,56642,0,0,0,0,-63.86335345995914,74.71584374933258,34580
RUN_01398__v3,CORE_position_value,RUN_01398,BY2,CORE,D15_seed_00,position_value,seed_00,F01,single_antenna_EKF,v3,error_series,semisynthetic,yaw_err_deg,56642,56642,0,0,0,0,-179.95563785240097,179.9497737114557,56180
RUN_01398__v3,CORE_position_value,RUN_01398,BY2,CORE,D15_seed_00,position_value,seed_00,F01,single_antenna_EKF,v3,error_series,semisynthetic,horizontal_3sigma_m,56642,56642,0,0,0,0,0.04697428211118557,42.43457969268709,0
RUN_01398__v3,CORE_position_value,RUN_01398,BY2,CORE,D15_seed_00,position_value,seed_00,F01,single_antenna_EKF,v3,error_series,semisynthetic,roll_3sigma_deg,56642,56642,0,0,0,0,0.462788091,6.0000398189999995,0
RUN_01398__v3,CORE_position_value,RUN_01398,BY2,CORE,D15_seed_00,position_value,seed_00,F01,single_antenna_EKF,v3,error_series,semisynthetic,pitch_3sigma_deg,56642,56642,0,0,0,0,0.46378784400000006,6.0000398189999995,0
RUN_01398__v3,CORE_position_value,RUN_01398,BY2,CORE,D15_seed_00,position_value,seed_00,F01,single_antenna_EKF,v3,error_series,semisynthetic,yaw_3sigma_deg,56642,56642,0,0,0,0,1.479596055,6.0000398189999995,0
RUN_01398__v2,CORE_position_value,RUN_01398,BY2,CORE,D15_seed_00,position_value,seed_00,F01,single_antenna_EKF,v2,error_series,semisynthetic,time,56642,56642,0,0,0,0,66.005054,339.997056,0
RUN_01398__v2,CORE_position_value,RUN_01398,BY2,CORE,D15_seed_00,position_value,seed_00,F01,single_antenna_EKF,v2,error_series,semisynthetic,err_n_m,56642,56642,0,0,0,0,-8.541448189616755,8.799280124191753,26278
RUN_01398__v2,CORE_position_value,RUN_01398,BY2,CORE,D15_seed_00,position_value,seed_00,F01,single_antenna_EKF,v2,error_series,semisynthetic,err_e_m,56642,56642,0,0,0,0,-9.378786222165019,9.543075495732678,28762
RUN_01398__v2,CORE_position_value,RUN_01398,BY2,CORE,D15_seed_00,position_value,seed_00,F01,single_antenna_EKF,v2,error_series,semisynthetic,err_u_m,56642,56642,0,0,0,0,-18.526477553807016,17.980626838449158,29986
RUN_01398__v2,CORE_position_value,RUN_01398,BY2,CORE,D15_seed_00,position_value,seed_00,F01,single_antenna_EKF,v2,error_series,semisynthetic,horizontal_err_m,56642,56642,0,0,0,0,0.009836586181493648,12.379666564300718,0
RUN_01398__v2,CORE_position_value,RUN_01398,BY2,CORE,D15_seed_00,position_value,seed_00,F01,single_antenna_EKF,v2,error_series,semisynthetic,position_3d_err_m,56642,56642,0,0,0,0,0.07613266233434796,19.04144333874965,0
RUN_01398__v2,CORE_position_value,RUN_01398,BY2,CORE,D15_seed_00,position_value,seed_00,F01,single_antenna_EKF,v2,error_series,semisynthetic,roll_err_deg,56642,56642,0,0,0,0,-126.77931501844635,125.49433995041687,25923
RUN_01398__v2,CORE_position_value,RUN_01398,BY2,CORE,D15_seed_00,position_value,seed_00,F01,single_antenna_EKF,v2,error_series,semisynthetic,pitch_err_deg,56642,56642,0,0,0,0,-63.86335345995914,74.71584374933258,34580
RUN_01398__v2,CORE_position_value,RUN_01398,BY2,CORE,D15_seed_00,position_value,seed_00,F01,single_antenna_EKF,v2,error_series,semisynthetic,yaw_err_deg,56642,56642,0,0,0,0,-179.95563785240097,179.9497737114557,56180
RUN_01398__v2,CORE_position_value,RUN_01398,BY2,CORE,D15_seed_00,position_value,seed_00,F01,single_antenna_EKF,v2,error_series,semisynthetic,horizontal_3sigma_m,56642,56642,0,0,0,0,0.04697428211118557,42.43457969268709,0
RUN_01398__v2,CORE_position_value,RUN_01398,BY2,CORE,D15_seed_00,position_value,seed_00,F01,single_antenna_EKF,v2,error_series,semisynthetic,roll_3sigma_deg,56642,56642,0,0,0,0,0.462788091,6.0000398189999995,0
RUN_01398__v2,CORE_position_value,RUN_01398,BY2,CORE,D15_seed_00,position_value,seed_00,F01,single_antenna_EKF,v2,error_series,semisynthetic,pitch_3sigma_deg,56642,56642,0,0,0,0,0.46378784400000006,6.0000398189999995,0
RUN_01398__v2,CORE_position_value,RUN_01398,BY2,CORE,D15_seed_00,position_value,seed_00,F01,single_antenna_EKF,v2,error_series,semisynthetic,yaw_3sigma_deg,56642,56642,0,0,0,0,1.479596055,6.0000398189999995,0
RUN_01400__v3,CORE_position_value,RUN_01400,BY2,CORE,D15_seed_00,position_value,seed_00,F03,AB0000,v3,error_series,semisynthetic,time,56642,56642,0,0,0,0,66.005054,339.997056,0
RUN_01400__v3,CORE_position_value,RUN_01400,BY2,CORE,D15_seed_00,position_value,seed_00,F03,AB0000,v3,error_series,semisynthetic,err_n_m,56642,56642,0,0,0,0,-8.394365904710536,8.801510418293445,25811
RUN_01400__v3,CORE_position_value,RUN_01400,BY2,CORE,D15_seed_00,position_value,seed_00,F03,AB0000,v3,error_series,semisynthetic,err_e_m,56642,56642,0,0,0,0,-9.277988281547124,9.427798327321428,29251
RUN_01400__v3,CORE_position_value,RUN_01400,BY2,CORE,D15_seed_00,position_value,seed_00,F03,AB0000,v3,error_series,semisynthetic,err_u_m,56642,56642,0,0,0,0,-18.265081000531847,17.93335095809941,28169
RUN_01400__v3,CORE_position_value,RUN_01400,BY2,CORE,D15_seed_00,position_value,seed_00,F03,AB0000,v3,error_series,semisynthetic,horizontal_err_m,56642,56642,0,0,0,0,0.011160388562980792,12.425542227749956,0
RUN_01400__v3,CORE_position_value,RUN_01400,BY2,CORE,D15_seed_00,position_value,seed_00,F03,AB0000,v3,error_series,semisynthetic,position_3d_err_m,56642,56642,0,0,0,0,0.24266813709304844,18.864226209463784,0
RUN_01400__v3,CORE_position_value,RUN_01400,BY2,CORE,D15_seed_00,position_value,seed_00,F03,AB0000,v3,error_series,semisynthetic,roll_err_deg,56642,56642,0,0,0,0,-178.41388682799666,176.79230552123136,52172
RUN_01400__v3,CORE_position_value,RUN_01400,BY2,CORE,D15_seed_00,position_value,seed_00,F03,AB0000,v3,error_series,semisynthetic,pitch_err_deg,56642,56642,0,0,0,0,-88.62151586441344,80.42896445570989,27736
RUN_01400__v3,CORE_position_value,RUN_01400,BY2,CORE,D15_seed_00,position_value,seed_00,F03,AB0000,v3,error_series,semisynthetic,yaw_err_deg,56642,56642,0,0,0,0,-98.09698868006171,150.84770220733606,16489
RUN_01400__v3,CORE_position_value,RUN_01400,BY2,CORE,D15_seed_00,position_value,seed_00,F03,AB0000,v3,error_series,semisynthetic,horizontal_3sigma_m,56642,56642,0,0,0,0,0.0469363005009525,42.43457969268709,0
RUN_01400__v3,CORE_position_value,RUN_01400,BY2,CORE,D15_seed_00,position_value,seed_00,F03,AB0000,v3,error_series,semisynthetic,roll_3sigma_deg,56642,56642,0,0,0,0,0.424881273,6.0000398189999995,0
RUN_01400__v3,CORE_position_value,RUN_01400,BY2,CORE,D15_seed_00,position_value,seed_00,F03,AB0000,v3,error_series,semisynthetic,pitch_3sigma_deg,56642,56642,0,0,0,0,0.40452012299999995,6.0000398189999995,0
RUN_01400__v3,CORE_position_value,RUN_01400,BY2,CORE,D15_seed_00,position_value,seed_00,F03,AB0000,v3,error_series,semisynthetic,yaw_3sigma_deg,56642,56642,0,0,0,0,0.586133574,6.0000398189999995,0
RUN_01400__v2,CORE_position_value,RUN_01400,BY2,CORE,D15_seed_00,position_value,seed_00,F03,AB0000,v2,error_series,semisynthetic,time,56642,56642,0,0,0,0,66.005054,339.997056,0
RUN_01400__v2,CORE_position_value,RUN_01400,BY2,CORE,D15_seed_00,position_value,seed_00,F03,AB0000,v2,error_series,semisynthetic,err_n_m,56642,56642,0,0,0,0,-8.527348773258229,8.828704385713776,25959
RUN_01400__v2,CORE_position_value,RUN_01400,BY2,CORE,D15_seed_00,position_value,seed_00,F03,AB0000,v2,error_series,semisynthetic,err_e_m,56642,56642,0,0,0,0,-9.426192228387379,9.567418486902978,28696
RUN_01400__v2,CORE_position_value,RUN_01400,BY2,CORE,D15_seed_00,position_value,seed_00,F03,AB0000,v2,error_series,semisynthetic,err_u_m,56642,56642,0,0,0,0,-18.524082694601578,17.706588390597005,29974
RUN_01400__v2,CORE_position_value,RUN_01400,BY2,CORE,D15_seed_00,position_value,seed_00,F03,AB0000,v2,error_series,semisynthetic,horizontal_err_m,56642,56642,0,0,0,0,0.0038355288776397573,12.464528283508631,0
RUN_01400__v2,CORE_position_value,RUN_01400,BY2,CORE,D15_seed_00,position_value,seed_00,F03,AB0000,v2,error_series,semisynthetic,position_3d_err_m,56642,56642,0,0,0,0,0.0862224176745075,19.09723831627325,0
RUN_01400__v2,CORE_position_value,RUN_01400,BY2,CORE,D15_seed_00,position_value,seed_00,F03,AB0000,v2,error_series,semisynthetic,roll_err_deg,56642,56642,0,0,0,0,-178.41388682799666,176.79230552123136,52172
RUN_01400__v2,CORE_position_value,RUN_01400,BY2,CORE,D15_seed_00,position_value,seed_00,F03,AB0000,v2,error_series,semisynthetic,pitch_err_deg,56642,56642,0,0,0,0,-88.62151586441344,80.42896445570989,27736
RUN_01400__v2,CORE_position_value,RUN_01400,BY2,CORE,D15_seed_00,position_value,seed_00,F03,AB0000,v2,error_series,semisynthetic,yaw_err_deg,56642,56642,0,0,0,0,-98.09698868006171,150.84770220733606,16489
RUN_01400__v2,CORE_position_value,RUN_01400,BY2,CORE,D15_seed_00,position_value,seed_00,F03,AB0000,v2,error_series,semisynthetic,horizontal_3sigma_m,56642,56642,0,0,0,0,0.0469363005009525,42.43457969268709,0
RUN_01400__v2,CORE_position_value,RUN_01400,BY2,CORE,D15_seed_00,position_value,seed_00,F03,AB0000,v2,error_series,semisynthetic,roll_3sigma_deg,56642,56642,0,0,0,0,0.424881273,6.0000398189999995,0
RUN_01400__v2,CORE_position_value,RUN_01400,BY2,CORE,D15_seed_00,position_value,seed_00,F03,AB0000,v2,error_series,semisynthetic,pitch_3sigma_deg,56642,56642,0,0,0,0,0.40452012299999995,6.0000398189999995,0
RUN_01400__v2,CORE_position_value,RUN_01400,BY2,CORE,D15_seed_00,position_value,seed_00,F03,AB0000,v2,error_series,semisynthetic,yaw_3sigma_deg,56642,56642,0,0,0,0,0.586133574,6.0000398189999995,0
RUN_01401__v3,CORE_position_value,RUN_01401,BY2,CORE,D15_seed_00,position_value,seed_00,F04,AB1111,v3,error_series,semisynthetic,time,56642,56642,0,0,0,0,66.005054,339.997056,0
RUN_01401__v3,CORE_position_value,RUN_01401,BY2,CORE,D15_seed_00,position_value,seed_00,F04,AB1111,v3,error_series,semisynthetic,err_n_m,56642,56642,0,0,0,0,-9.72741919440383,9.544713332288495,26691
RUN_01401__v3,CORE_position_value,RUN_01401,BY2,CORE,D15_seed_00,position_value,seed_00,F04,AB1111,v3,error_series,semisynthetic,err_e_m,56642,56642,0,0,0,0,-10.074870766534175,9.694175783629024,28556
RUN_01401__v3,CORE_position_value,RUN_01401,BY2,CORE,D15_seed_00,position_value,seed_00,F04,AB1111,v3,error_series,semisynthetic,err_u_m,56642,56642,0,0,0,0,-14.594839998253207,15.816604653525758,28978
RUN_01401__v3,CORE_position_value,RUN_01401,BY2,CORE,D15_seed_00,position_value,seed_00,F04,AB1111,v3,error_series,semisynthetic,horizontal_err_m,56642,56642,0,0,0,0,0.0063852507742195325,10.786195453563927,0
RUN_01401__v3,CORE_position_value,RUN_01401,BY2,CORE,D15_seed_00,position_value,seed_00,F04,AB1111,v3,error_series,semisynthetic,position_3d_err_m,56642,56642,0,0,0,0,0.1445710993692038,16.120467763402655,0
RUN_01401__v3,CORE_position_value,RUN_01401,BY2,CORE,D15_seed_00,position_value,seed_00,F04,AB1111,v3,error_series,semisynthetic,roll_err_deg,56642,56642,0,0,0,0,-6.924235512780172,23.57232214417607,24505
RUN_01401__v3,CORE_position_value,RUN_01401,BY2,CORE,D15_seed_00,position_value,seed_00,F04,AB1111,v3,error_series,semisynthetic,pitch_err_deg,56642,56642,0,0,0,0,-31.96392547233586,11.762465720947603,32832
RUN_01401__v3,CORE_position_value,RUN_01401,BY2,CORE,D15_seed_00,position_value,seed_00,F04,AB1111,v3,error_series,semisynthetic,yaw_err_deg,56642,56642,0,0,0,0,-11.907419241611876,6.908283653302476,43421
RUN_01401__v3,CORE_position_value,RUN_01401,BY2,CORE,D15_seed_00,position_value,seed_00,F04,AB1111,v3,error_series,semisynthetic,horizontal_3sigma_m,56642,56642,0,0,0,0,0.051390939797612306,42.43457969268709,0
RUN_01401__v3,CORE_position_value,RUN_01401,BY2,CORE,D15_seed_00,position_value,seed_00,F04,AB1111,v3,error_series,semisynthetic,roll_3sigma_deg,56642,56642,0,0,0,0,0.325937808,6.0000398189999995,0
RUN_01401__v3,CORE_position_value,RUN_01401,BY2,CORE,D15_seed_00,position_value,seed_00,F04,AB1111,v3,error_series,semisynthetic,pitch_3sigma_deg,56642,56642,0,0,0,0,0.327857226,6.0000398189999995,0
RUN_01401__v3,CORE_position_value,RUN_01401,BY2,CORE,D15_seed_00,position_value,seed_00,F04,AB1111,v3,error_series,semisynthetic,yaw_3sigma_deg,56642,56642,0,0,0,0,0.546496359,6.0000398189999995,0
RUN_01401__v2,CORE_position_value,RUN_01401,BY2,CORE,D15_seed_00,position_value,seed_00,F04,AB1111,v2,error_series,semisynthetic,time,56642,56642,0,0,0,0,66.005054,339.997056,0
RUN_01401__v2,CORE_position_value,RUN_01401,BY2,CORE,D15_seed_00,position_value,seed_00,F04,AB1111,v2,error_series,semisynthetic,err_n_m,56642,56642,0,0,0,0,-9.86469730053274,9.568399950418879,26643
RUN_01401__v2,CORE_position_value,RUN_01401,BY2,CORE,D15_seed_00,position_value,seed_00,F04,AB1111,v2,error_series,semisynthetic,err_e_m,56642,56642,0,0,0,0,-10.189796168871098,9.837112007535016,28542
RUN_01401__v2,CORE_position_value,RUN_01401,BY2,CORE,D15_seed_00,position_value,seed_00,F04,AB1111,v2,error_series,semisynthetic,err_u_m,56642,56642,0,0,0,0,-14.8991963247543,15.51073224764515,30594
RUN_01401__v2,CORE_position_value,RUN_01401,BY2,CORE,D15_seed_00,position_value,seed_00,F04,AB1111,v2,error_series,semisynthetic,horizontal_err_m,56642,56642,0,0,0,0,0.014430791135112222,10.920231584889436,0
RUN_01401__v2,CORE_position_value,RUN_01401,BY2,CORE,D15_seed_00,position_value,seed_00,F04,AB1111,v2,error_series,semisynthetic,position_3d_err_m,56642,56642,0,0,0,0,0.29931256149164,15.794926174345742,0
RUN_01401__v2,CORE_position_value,RUN_01401,BY2,CORE,D15_seed_00,position_value,seed_00,F04,AB1111,v2,error_series,semisynthetic,roll_err_deg,56642,56642,0,0,0,0,-6.924235512780172,23.57232214417607,24505
RUN_01401__v2,CORE_position_value,RUN_01401,BY2,CORE,D15_seed_00,position_value,seed_00,F04,AB1111,v2,error_series,semisynthetic,pitch_err_deg,56642,56642,0,0,0,0,-31.96392547233586,11.762465720947603,32832
RUN_01401__v2,CORE_position_value,RUN_01401,BY2,CORE,D15_seed_00,position_value,seed_00,F04,AB1111,v2,error_series,semisynthetic,yaw_err_deg,56642,56642,0,0,0,0,-11.907419241611876,6.908283653302476,43421
RUN_01401__v2,CORE_position_value,RUN_01401,BY2,CORE,D15_seed_00,position_value,seed_00,F04,AB1111,v2,error_series,semisynthetic,horizontal_3sigma_m,56642,56642,0,0,0,0,0.051390939797612306,42.43457969268709,0
RUN_01401__v2,CORE_position_value,RUN_01401,BY2,CORE,D15_seed_00,position_value,seed_00,F04,AB1111,v2,error_series,semisynthetic,roll_3sigma_deg,56642,56642,0,0,0,0,0.325937808,6.0000398189999995,0
RUN_01401__v2,CORE_position_value,RUN_01401,BY2,CORE,D15_seed_00,position_value,seed_00,F04,AB1111,v2,error_series,semisynthetic,pitch_3sigma_deg,56642,56642,0,0,0,0,0.327857226,6.0000398189999995,0
RUN_01401__v2,CORE_position_value,RUN_01401,BY2,CORE,D15_seed_00,position_value,seed_00,F04,AB1111,v2,error_series,semisynthetic,yaw_3sigma_deg,56642,56642,0,0,0,0,0.546496359,6.0000398189999995,0
RUN_01402__v3,CORE_position_value,RUN_01402,BY2,CORE,D15_seed_00,position_value,seed_00,A03,AB0111,v3,error_series,semisynthetic,time,56642,56642,0,0,0,0,66.005054,339.997056,0
RUN_01402__v3,CORE_position_value,RUN_01402,BY2,CORE,D15_seed_00,position_value,seed_00,A03,AB0111,v3,error_series,semisynthetic,err_n_m,56642,56642,0,0,0,0,-9.74286079977285,9.580170599824104,26691
RUN_01402__v3,CORE_position_value,RUN_01402,BY2,CORE,D15_seed_00,position_value,seed_00,A03,AB0111,v3,error_series,semisynthetic,err_e_m,56642,56642,0,0,0,0,-10.09402993324467,9.727683019514718,28558
RUN_01402__v3,CORE_position_value,RUN_01402,BY2,CORE,D15_seed_00,position_value,seed_00,A03,AB0111,v3,error_series,semisynthetic,err_u_m,56642,56642,0,0,0,0,-14.635595624606806,15.88877392713057,28982
RUN_01402__v3,CORE_position_value,RUN_01402,BY2,CORE,D15_seed_00,position_value,seed_00,A03,AB0111,v3,error_series,semisynthetic,horizontal_err_m,56642,56642,0,0,0,0,0.00677675069862761,10.804521424520232,0
RUN_01402__v3,CORE_position_value,RUN_01402,BY2,CORE,D15_seed_00,position_value,seed_00,A03,AB0111,v3,error_series,semisynthetic,position_3d_err_m,56642,56642,0,0,0,0,0.14429200383029123,16.192201161279804,0
RUN_01402__v3,CORE_position_value,RUN_01402,BY2,CORE,D15_seed_00,position_value,seed_00,A03,AB0111,v3,error_series,semisynthetic,roll_err_deg,56642,56642,0,0,0,0,-6.814016097780183,24.942390704176063,24360
RUN_01402__v3,CORE_position_value,RUN_01402,BY2,CORE,D15_seed_00,position_value,seed_00,A03,AB0111,v3,error_series,semisynthetic,pitch_err_deg,56642,56642,0,0,0,0,-33.298358062335865,11.822824185947582,32795
RUN_01402__v3,CORE_position_value,RUN_01402,BY2,CORE,D15_seed_00,position_value,seed_00,A03,AB0111,v3,error_series,semisynthetic,yaw_err_deg,56642,56642,0,0,0,0,-11.852338824611877,6.966628497436602,43388
RUN_01402__v3,CORE_position_value,RUN_01402,BY2,CORE,D15_seed_00,position_value,seed_00,A03,AB0111,v3,error_series,semisynthetic,horizontal_3sigma_m,56642,56642,0,0,0,0,0.051390343709361366,42.43457969268709,0
RUN_01402__v3,CORE_position_value,RUN_01402,BY2,CORE,D15_seed_00,position_value,seed_00,A03,AB0111,v3,error_series,semisynthetic,roll_3sigma_deg,56642,56642,0,0,0,0,0.326023491,6.0000398189999995,0
RUN_01402__v3,CORE_position_value,RUN_01402,BY2,CORE,D15_seed_00,position_value,seed_00,A03,AB0111,v3,error_series,semisynthetic,pitch_3sigma_deg,56642,56642,0,0,0,0,0.327947742,6.0000398189999995,0
RUN_01402__v3,CORE_position_value,RUN_01402,BY2,CORE,D15_seed_00,position_value,seed_00,A03,AB0111,v3,error_series,semisynthetic,yaw_3sigma_deg,56642,56642,0,0,0,0,0.546481398,6.0000398189999995,0
RUN_01402__v2,CORE_position_value,RUN_01402,BY2,CORE,D15_seed_00,position_value,seed_00,A03,AB0111,v2,error_series,semisynthetic,time,56642,56642,0,0,0,0,66.005054,339.997056,0
RUN_01402__v2,CORE_position_value,RUN_01402,BY2,CORE,D15_seed_00,position_value,seed_00,A03,AB0111,v2,error_series,semisynthetic,err_n_m,56642,56642,0,0,0,0,-9.880131102067928,9.603820223204742,26639
RUN_01402__v2,CORE_position_value,RUN_01402,BY2,CORE,D15_seed_00,position_value,seed_00,A03,AB0111,v2,error_series,semisynthetic,err_e_m,56642,56642,0,0,0,0,-10.208928757793586,9.870594072414377,28553
RUN_01402__v2,CORE_position_value,RUN_01402,BY2,CORE,D15_seed_00,position_value,seed_00,A03,AB0111,v2,error_series,semisynthetic,err_u_m,56642,56642,0,0,0,0,-14.939955834159159,15.582852408856729,30594
RUN_01402__v2,CORE_position_value,RUN_01402,BY2,CORE,D15_seed_00,position_value,seed_00,A03,AB0111,v2,error_series,semisynthetic,horizontal_err_m,56642,56642,0,0,0,0,0.01338084158926486,10.938533616042175,0
RUN_01402__v2,CORE_position_value,RUN_01402,BY2,CORE,D15_seed_00,position_value,seed_00,A03,AB0111,v2,error_series,semisynthetic,position_3d_err_m,56642,56642,0,0,0,0,0.29931256149164,15.866668032828311,0
RUN_01402__v2,CORE_position_value,RUN_01402,BY2,CORE,D15_seed_00,position_value,seed_00,A03,AB0111,v2,error_series,semisynthetic,roll_err_deg,56642,56642,0,0,0,0,-6.814016097780183,24.942390704176063,24360
RUN_01402__v2,CORE_position_value,RUN_01402,BY2,CORE,D15_seed_00,position_value,seed_00,A03,AB0111,v2,error_series,semisynthetic,pitch_err_deg,56642,56642,0,0,0,0,-33.298358062335865,11.822824185947582,32795
RUN_01402__v2,CORE_position_value,RUN_01402,BY2,CORE,D15_seed_00,position_value,seed_00,A03,AB0111,v2,error_series,semisynthetic,yaw_err_deg,56642,56642,0,0,0,0,-11.852338824611877,6.966628497436602,43388
RUN_01402__v2,CORE_position_value,RUN_01402,BY2,CORE,D15_seed_00,position_value,seed_00,A03,AB0111,v2,error_series,semisynthetic,horizontal_3sigma_m,56642,56642,0,0,0,0,0.051390343709361366,42.43457969268709,0
RUN_01402__v2,CORE_position_value,RUN_01402,BY2,CORE,D15_seed_00,position_value,seed_00,A03,AB0111,v2,error_series,semisynthetic,roll_3sigma_deg,56642,56642,0,0,0,0,0.326023491,6.0000398189999995,0
RUN_01402__v2,CORE_position_value,RUN_01402,BY2,CORE,D15_seed_00,position_value,seed_00,A03,AB0111,v2,error_series,semisynthetic,pitch_3sigma_deg,56642,56642,0,0,0,0,0.327947742,6.0000398189999995,0
RUN_01402__v2,CORE_position_value,RUN_01402,BY2,CORE,D15_seed_00,position_value,seed_00,A03,AB0111,v2,error_series,semisynthetic,yaw_3sigma_deg,56642,56642,0,0,0,0,0.546481398,6.0000398189999995,0
RUN_01403__v3,CORE_position_value,RUN_01403,BY2,CORE,D15_seed_00,position_value,seed_00,A04,AB1011,v3,error_series,semisynthetic,time,56642,56642,0,0,0,0,66.005054,339.997056,0
RUN_01403__v3,CORE_position_value,RUN_01403,BY2,CORE,D15_seed_00,position_value,seed_00,A04,AB1011,v3,error_series,semisynthetic,err_n_m,56642,56642,0,0,0,0,-7.400247577606322,7.767499665763142,26072
RUN_01403__v3,CORE_position_value,RUN_01403,BY2,CORE,D15_seed_00,position_value,seed_00,A04,AB1011,v3,error_series,semisynthetic,err_e_m,56642,56642,0,0,0,0,-8.102779105059753,8.256050399303321,28962
RUN_01403__v3,CORE_position_value,RUN_01403,BY2,CORE,D15_seed_00,position_value,seed_00,A04,AB1011,v3,error_series,semisynthetic,err_u_m,56642,56642,0,0,0,0,-18.20475214607158,18.108593876270483,28054
RUN_01403__v3,CORE_position_value,RUN_01403,BY2,CORE,D15_seed_00,position_value,seed_00,A04,AB1011,v3,error_series,semisynthetic,horizontal_err_m,56642,56642,0,0,0,0,0.011987645169276607,10.670087798632848,0
RUN_01403__v3,CORE_position_value,RUN_01403,BY2,CORE,D15_seed_00,position_value,seed_00,A04,AB1011,v3,error_series,semisynthetic,position_3d_err_m,56642,56642,0,0,0,0,0.10997538812369309,18.682316923113635,0
RUN_01403__v3,CORE_position_value,RUN_01403,BY2,CORE,D15_seed_00,position_value,seed_00,A04,AB1011,v3,error_series,semisynthetic,roll_err_deg,56642,56642,0,0,0,0,-50.66752550328022,57.75324707684402,12103
RUN_01403__v3,CORE_position_value,RUN_01403,BY2,CORE,D15_seed_00,position_value,seed_00,A04,AB1011,v3,error_series,semisynthetic,pitch_err_deg,56642,56642,0,0,0,0,-62.03038709445882,19.91388756898806,31111
RUN_01403__v3,CORE_position_value,RUN_01403,BY2,CORE,D15_seed_00,position_value,seed_00,A04,AB1011,v3,error_series,semisynthetic,yaw_err_deg,56642,56642,0,0,0,0,-9.969824758761916,161.80284421605586,34797
RUN_01403__v3,CORE_position_value,RUN_01403,BY2,CORE,D15_seed_00,position_value,seed_00,A04,AB1011,v3,error_series,semisynthetic,horizontal_3sigma_m,56642,56642,0,0,0,0,0.04499102348295946,42.43457969268709,0
RUN_01403__v3,CORE_position_value,RUN_01403,BY2,CORE,D15_seed_00,position_value,seed_00,A04,AB1011,v3,error_series,semisynthetic,roll_3sigma_deg,56642,56642,0,0,0,0,0.30322469399999996,6.0000398189999995,0
RUN_01403__v3,CORE_position_value,RUN_01403,BY2,CORE,D15_seed_00,position_value,seed_00,A04,AB1011,v3,error_series,semisynthetic,pitch_3sigma_deg,56642,56642,0,0,0,0,0.304273875,6.0000398189999995,0
RUN_01403__v3,CORE_position_value,RUN_01403,BY2,CORE,D15_seed_00,position_value,seed_00,A04,AB1011,v3,error_series,semisynthetic,yaw_3sigma_deg,56642,56642,0,0,0,0,0.565355085,6.0000398189999995,0
RUN_01403__v2,CORE_position_value,RUN_01403,BY2,CORE,D15_seed_00,position_value,seed_00,A04,AB1011,v2,error_series,semisynthetic,time,56642,56642,0,0,0,0,66.005054,339.997056,0
RUN_01403__v2,CORE_position_value,RUN_01403,BY2,CORE,D15_seed_00,position_value,seed_00,A04,AB1011,v2,error_series,semisynthetic,err_n_m,56642,56642,0,0,0,0,-7.545417081894335,7.785086825233151,26140
RUN_01403__v2,CORE_position_value,RUN_01403,BY2,CORE,D15_seed_00,position_value,seed_00,A04,AB1011,v2,error_series,semisynthetic,err_e_m,56642,56642,0,0,0,0,-8.22687751815937,8.392382263069534,28903
RUN_01403__v2,CORE_position_value,RUN_01403,BY2,CORE,D15_seed_00,position_value,seed_00,A04,AB1011,v2,error_series,semisynthetic,err_u_m,56642,56642,0,0,0,0,-18.508911858019136,17.960550948961032,29985
RUN_01403__v2,CORE_position_value,RUN_01403,BY2,CORE,D15_seed_00,position_value,seed_00,A04,AB1011,v2,error_series,semisynthetic,horizontal_err_m,56642,56642,0,0,0,0,0.023872562208117683,10.751097359711926,0
RUN_01403__v2,CORE_position_value,RUN_01403,BY2,CORE,D15_seed_00,position_value,seed_00,A04,AB1011,v2,error_series,semisynthetic,position_3d_err_m,56642,56642,0,0,0,0,0.04036953860648137,18.989444585721042,0
RUN_01403__v2,CORE_position_value,RUN_01403,BY2,CORE,D15_seed_00,position_value,seed_00,A04,AB1011,v2,error_series,semisynthetic,roll_err_deg,56642,56642,0,0,0,0,-50.66752550328022,57.75324707684402,12103
RUN_01403__v2,CORE_position_value,RUN_01403,BY2,CORE,D15_seed_00,position_value,seed_00,A04,AB1011,v2,error_series,semisynthetic,pitch_err_deg,56642,56642,0,0,0,0,-62.03038709445882,19.91388756898806,31111
RUN_01403__v2,CORE_position_value,RUN_01403,BY2,CORE,D15_seed_00,position_value,seed_00,A04,AB1011,v2,error_series,semisynthetic,yaw_err_deg,56642,56642,0,0,0,0,-9.969824758761916,161.80284421605586,34797
RUN_01403__v2,CORE_position_value,RUN_01403,BY2,CORE,D15_seed_00,position_value,seed_00,A04,AB1011,v2,error_series,semisynthetic,horizontal_3sigma_m,56642,56642,0,0,0,0,0.04499102348295946,42.43457969268709,0
RUN_01403__v2,CORE_position_value,RUN_01403,BY2,CORE,D15_seed_00,position_value,seed_00,A04,AB1011,v2,error_series,semisynthetic,roll_3sigma_deg,56642,56642,0,0,0,0,0.30322469399999996,6.0000398189999995,0
RUN_01403__v2,CORE_position_value,RUN_01403,BY2,CORE,D15_seed_00,position_value,seed_00,A04,AB1011,v2,error_series,semisynthetic,pitch_3sigma_deg,56642,56642,0,0,0,0,0.304273875,6.0000398189999995,0
RUN_01403__v2,CORE_position_value,RUN_01403,BY2,CORE,D15_seed_00,position_value,seed_00,A04,AB1011,v2,error_series,semisynthetic,yaw_3sigma_deg,56642,56642,0,0,0,0,0.565355085,6.0000398189999995,0
RUN_01404__v3,CORE_position_value,RUN_01404,BY2,CORE,D15_seed_00,position_value,seed_00,A05,AB1101,v3,error_series,semisynthetic,time,56642,56642,0,0,0,0,66.005054,339.997056,0
RUN_01404__v3,CORE_position_value,RUN_01404,BY2,CORE,D15_seed_00,position_value,seed_00,A05,AB1101,v3,error_series,semisynthetic,err_n_m,56642,56642,0,0,0,0,-9.736197211546099,9.73231882466088,26104
RUN_01404__v3,CORE_position_value,RUN_01404,BY2,CORE,D15_seed_00,position_value,seed_00,A05,AB1101,v3,error_series,semisynthetic,err_e_m,56642,56642,0,0,0,0,-10.158158997374287,9.720697659467604,28107
RUN_01404__v3,CORE_position_value,RUN_01404,BY2,CORE,D15_seed_00,position_value,seed_00,A05,AB1101,v3,error_series,semisynthetic,err_u_m,56642,56642,0,0,0,0,-14.707701745504407,15.827812534062131,29439
RUN_01404__v3,CORE_position_value,RUN_01404,BY2,CORE,D15_seed_00,position_value,seed_00,A05,AB1101,v3,error_series,semisynthetic,horizontal_err_m,56642,56642,0,0,0,0,0.016346674014636225,10.798120794784861,0
RUN_01404__v3,CORE_position_value,RUN_01404,BY2,CORE,D15_seed_00,position_value,seed_00,A05,AB1101,v3,error_series,semisynthetic,position_3d_err_m,56642,56642,0,0,0,0,0.2828909900993288,16.278960906017367,0
RUN_01404__v3,CORE_position_value,RUN_01404,BY2,CORE,D15_seed_00,position_value,seed_00,A05,AB1101,v3,error_series,semisynthetic,roll_err_deg,56642,56642,0,0,0,0,-147.76356351318213,146.67969788322773,27813
RUN_01404__v3,CORE_position_value,RUN_01404,BY2,CORE,D15_seed_00,position_value,seed_00,A05,AB1101,v3,error_series,semisynthetic,pitch_err_deg,56642,56642,0,0,0,0,-71.93715321473594,38.838503530549275,50574
RUN_01404__v3,CORE_position_value,RUN_01404,BY2,CORE,D15_seed_00,position_value,seed_00,A05,AB1101,v3,error_series,semisynthetic,yaw_err_deg,56642,56642,0,0,0,0,-124.75293472897786,9.325532118306057,50583
RUN_01404__v3,CORE_position_value,RUN_01404,BY2,CORE,D15_seed_00,position_value,seed_00,A05,AB1101,v3,error_series,semisynthetic,horizontal_3sigma_m,56642,56642,0,0,0,0,0.05141923520946692,42.43457969268709,0
RUN_01404__v3,CORE_position_value,RUN_01404,BY2,CORE,D15_seed_00,position_value,seed_00,A05,AB1101,v3,error_series,semisynthetic,roll_3sigma_deg,56642,56642,0,0,0,0,0.472370577,6.0000398189999995,0
RUN_01404__v3,CORE_position_value,RUN_01404,BY2,CORE,D15_seed_00,position_value,seed_00,A05,AB1101,v3,error_series,semisynthetic,pitch_3sigma_deg,56642,56642,0,0,0,0,0.470056743,6.0000398189999995,0
RUN_01404__v3,CORE_position_value,RUN_01404,BY2,CORE,D15_seed_00,position_value,seed_00,A05,AB1101,v3,error_series,semisynthetic,yaw_3sigma_deg,56642,56642,0,0,0,0,0.5812681590000001,6.0000398189999995,0
RUN_01404__v2,CORE_position_value,RUN_01404,BY2,CORE,D15_seed_00,position_value,seed_00,A05,AB1101,v2,error_series,semisynthetic,time,56642,56642,0,0,0,0,66.005054,339.997056,0
RUN_01404__v2,CORE_position_value,RUN_01404,BY2,CORE,D15_seed_00,position_value,seed_00,A05,AB1101,v2,error_series,semisynthetic,err_n_m,56642,56642,0,0,0,0,-9.884128384052268,9.637797328318761,26258
RUN_01404__v2,CORE_position_value,RUN_01404,BY2,CORE,D15_seed_00,position_value,seed_00,A05,AB1101,v2,error_series,semisynthetic,err_e_m,56642,56642,0,0,0,0,-10.213711097786856,9.860344390942867,28756
RUN_01404__v2,CORE_position_value,RUN_01404,BY2,CORE,D15_seed_00,position_value,seed_00,A05,AB1101,v2,error_series,semisynthetic,err_u_m,56642,56642,0,0,0,0,-15.021108429757367,15.552951514337803,30945
RUN_01404__v2,CORE_position_value,RUN_01404,BY2,CORE,D15_seed_00,position_value,seed_00,A05,AB1101,v2,error_series,semisynthetic,horizontal_err_m,56642,56642,0,0,0,0,0.006680645513348037,10.938226679040804,0
RUN_01404__v2,CORE_position_value,RUN_01404,BY2,CORE,D15_seed_00,position_value,seed_00,A05,AB1101,v2,error_series,semisynthetic,position_3d_err_m,56642,56642,0,0,0,0,0.29931256149164,16.065117400281295,0
RUN_01404__v2,CORE_position_value,RUN_01404,BY2,CORE,D15_seed_00,position_value,seed_00,A05,AB1101,v2,error_series,semisynthetic,roll_err_deg,56642,56642,0,0,0,0,-147.76356351318213,146.67969788322773,27813
RUN_01404__v2,CORE_position_value,RUN_01404,BY2,CORE,D15_seed_00,position_value,seed_00,A05,AB1101,v2,error_series,semisynthetic,pitch_err_deg,56642,56642,0,0,0,0,-71.93715321473594,38.838503530549275,50574
RUN_01404__v2,CORE_position_value,RUN_01404,BY2,CORE,D15_seed_00,position_value,seed_00,A05,AB1101,v2,error_series,semisynthetic,yaw_err_deg,56642,56642,0,0,0,0,-124.75293472897786,9.325532118306057,50583
RUN_01404__v2,CORE_position_value,RUN_01404,BY2,CORE,D15_seed_00,position_value,seed_00,A05,AB1101,v2,error_series,semisynthetic,horizontal_3sigma_m,56642,56642,0,0,0,0,0.05141923520946692,42.43457969268709,0
RUN_01404__v2,CORE_position_value,RUN_01404,BY2,CORE,D15_seed_00,position_value,seed_00,A05,AB1101,v2,error_series,semisynthetic,roll_3sigma_deg,56642,56642,0,0,0,0,0.472370577,6.0000398189999995,0
RUN_01404__v2,CORE_position_value,RUN_01404,BY2,CORE,D15_seed_00,position_value,seed_00,A05,AB1101,v2,error_series,semisynthetic,pitch_3sigma_deg,56642,56642,0,0,0,0,0.470056743,6.0000398189999995,0
RUN_01404__v2,CORE_position_value,RUN_01404,BY2,CORE,D15_seed_00,position_value,seed_00,A05,AB1101,v2,error_series,semisynthetic,yaw_3sigma_deg,56642,56642,0,0,0,0,0.5812681590000001,6.0000398189999995,0
RUN_01405__v3,CORE_position_value,RUN_01405,BY2,CORE,D15_seed_00,position_value,seed_00,A06,AB1110,v3,error_series,semisynthetic,time,56642,56642,0,0,0,0,66.005054,339.997056,0
RUN_01405__v3,CORE_position_value,RUN_01405,BY2,CORE,D15_seed_00,position_value,seed_00,A06,AB1110,v3,error_series,semisynthetic,err_n_m,56642,56642,0,0,0,0,-9.970187210976135,9.79865621107821,26730
RUN_01405__v3,CORE_position_value,RUN_01405,BY2,CORE,D15_seed_00,position_value,seed_00,A06,AB1110,v3,error_series,semisynthetic,err_e_m,56642,56642,0,0,0,0,-10.363454358897116,9.989174118632777,28620
RUN_01405__v3,CORE_position_value,RUN_01405,BY2,CORE,D15_seed_00,position_value,seed_00,A06,AB1110,v3,error_series,semisynthetic,err_u_m,56642,56642,0,0,0,0,-14.598490118705433,15.784788012536472,28972
RUN_01405__v3,CORE_position_value,RUN_01405,BY2,CORE,D15_seed_00,position_value,seed_00,A06,AB1110,v3,error_series,semisynthetic,horizontal_err_m,56642,56642,0,0,0,0,0.02309848498204598,11.072227160873021,0
RUN_01405__v3,CORE_position_value,RUN_01405,BY2,CORE,D15_seed_00,position_value,seed_00,A06,AB1110,v3,error_series,semisynthetic,position_3d_err_m,56642,56642,0,0,0,0,0.139750433932761,16.165529722330504,0
RUN_01405__v3,CORE_position_value,RUN_01405,BY2,CORE,D15_seed_00,position_value,seed_00,A06,AB1110,v3,error_series,semisynthetic,roll_err_deg,56642,56642,0,0,0,0,-7.130469300263712,29.55673644117607,24614
RUN_01405__v3,CORE_position_value,RUN_01405,BY2,CORE,D15_seed_00,position_value,seed_00,A06,AB1110,v3,error_series,semisynthetic,pitch_err_deg,56642,56642,0,0,0,0,-36.842716671335864,14.070224594947575,32236
RUN_01405__v3,CORE_position_value,RUN_01405,BY2,CORE,D15_seed_00,position_value,seed_00,A06,AB1110,v3,error_series,semisynthetic,yaw_err_deg,56642,56642,0,0,0,0,-13.334748697611928,7.079307471639879,43401
RUN_01405__v3,CORE_position_value,RUN_01405,BY2,CORE,D15_seed_00,position_value,seed_00,A06,AB1110,v3,error_series,semisynthetic,horizontal_3sigma_m,56642,56642,0,0,0,0,0.052417099215395294,42.43457969268709,0
RUN_01405__v3,CORE_position_value,RUN_01405,BY2,CORE,D15_seed_00,position_value,seed_00,A06,AB1110,v3,error_series,semisynthetic,roll_3sigma_deg,56642,56642,0,0,0,0,0.326204604,6.0000398189999995,0
RUN_01405__v3,CORE_position_value,RUN_01405,BY2,CORE,D15_seed_00,position_value,seed_00,A06,AB1110,v3,error_series,semisynthetic,pitch_3sigma_deg,56642,56642,0,0,0,0,0.328141194,6.0000398189999995,0
RUN_01405__v3,CORE_position_value,RUN_01405,BY2,CORE,D15_seed_00,position_value,seed_00,A06,AB1110,v3,error_series,semisynthetic,yaw_3sigma_deg,56642,56642,0,0,0,0,0.5466348719999999,6.0000398189999995,0
RUN_01405__v2,CORE_position_value,RUN_01405,BY2,CORE,D15_seed_00,position_value,seed_00,A06,AB1110,v2,error_series,semisynthetic,time,56642,56642,0,0,0,0,66.005054,339.997056,0
RUN_01405__v2,CORE_position_value,RUN_01405,BY2,CORE,D15_seed_00,position_value,seed_00,A06,AB1110,v2,error_series,semisynthetic,err_n_m,56642,56642,0,0,0,0,-10.10719653841523,9.822004643916468,26674
RUN_01405__v2,CORE_position_value,RUN_01405,BY2,CORE,D15_seed_00,position_value,seed_00,A06,AB1110,v2,error_series,semisynthetic,err_e_m,56642,56642,0,0,0,0,-10.478067466343049,10.131959507526442,28627
RUN_01405__v2,CORE_position_value,RUN_01405,BY2,CORE,D15_seed_00,position_value,seed_00,A06,AB1110,v2,error_series,semisynthetic,err_u_m,56642,56642,0,0,0,0,-14.90275970955224,15.478897365503983,30605
RUN_01405__v2,CORE_position_value,RUN_01405,BY2,CORE,D15_seed_00,position_value,seed_00,A06,AB1110,v2,error_series,semisynthetic,horizontal_err_m,56642,56642,0,0,0,0,0.006359150963037882,11.205881095476895,0
RUN_01405__v2,CORE_position_value,RUN_01405,BY2,CORE,D15_seed_00,position_value,seed_00,A06,AB1110,v2,error_series,semisynthetic,position_3d_err_m,56642,56642,0,0,0,0,0.29931256149164,15.952101715627352,0
RUN_01405__v2,CORE_position_value,RUN_01405,BY2,CORE,D15_seed_00,position_value,seed_00,A06,AB1110,v2,error_series,semisynthetic,roll_err_deg,56642,56642,0,0,0,0,-7.130469300263712,29.55673644117607,24614
RUN_01405__v2,CORE_position_value,RUN_01405,BY2,CORE,D15_seed_00,position_value,seed_00,A06,AB1110,v2,error_series,semisynthetic,pitch_err_deg,56642,56642,0,0,0,0,-36.842716671335864,14.070224594947575,32236
RUN_01405__v2,CORE_position_value,RUN_01405,BY2,CORE,D15_seed_00,position_value,seed_00,A06,AB1110,v2,error_series,semisynthetic,yaw_err_deg,56642,56642,0,0,0,0,-13.334748697611928,7.079307471639879,43401
RUN_01405__v2,CORE_position_value,RUN_01405,BY2,CORE,D15_seed_00,position_value,seed_00,A06,AB1110,v2,error_series,semisynthetic,horizontal_3sigma_m,56642,56642,0,0,0,0,0.052417099215395294,42.43457969268709,0
RUN_01405__v2,CORE_position_value,RUN_01405,BY2,CORE,D15_seed_00,position_value,seed_00,A06,AB1110,v2,error_series,semisynthetic,roll_3sigma_deg,56642,56642,0,0,0,0,0.326204604,6.0000398189999995,0
RUN_01405__v2,CORE_position_value,RUN_01405,BY2,CORE,D15_seed_00,position_value,seed_00,A06,AB1110,v2,error_series,semisynthetic,pitch_3sigma_deg,56642,56642,0,0,0,0,0.328141194,6.0000398189999995,0
RUN_01405__v2,CORE_position_value,RUN_01405,BY2,CORE,D15_seed_00,position_value,seed_00,A06,AB1110,v2,error_series,semisynthetic,yaw_3sigma_deg,56642,56642,0,0,0,0,0.5466348719999999,6.0000398189999995,0
RUN_01406__v3,CORE_position_value,RUN_01406,BY2,CORE,D15_seed_00,position_value,seed_00,A07,AB1100,v3,error_series,semisynthetic,time,56642,56642,0,0,0,0,66.005054,339.997056,0
RUN_01406__v3,CORE_position_value,RUN_01406,BY2,CORE,D15_seed_00,position_value,seed_00,A07,AB1100,v3,error_series,semisynthetic,err_n_m,56642,56642,0,0,0,0,-10.094550713436924,9.636011425984126,26391
RUN_01406__v3,CORE_position_value,RUN_01406,BY2,CORE,D15_seed_00,position_value,seed_00,A07,AB1100,v3,error_series,semisynthetic,err_e_m,56642,56642,0,0,0,0,-10.381463162625295,10.099523172580454,28381
RUN_01406__v3,CORE_position_value,RUN_01406,BY2,CORE,D15_seed_00,position_value,seed_00,A07,AB1100,v3,error_series,semisynthetic,err_u_m,56642,56642,0,0,0,0,-15.106803259546949,16.788571513003088,29727
RUN_01406__v3,CORE_position_value,RUN_01406,BY2,CORE,D15_seed_00,position_value,seed_00,A07,AB1100,v3,error_series,semisynthetic,horizontal_err_m,56642,56642,0,0,0,0,0.01629202769021521,11.192056878013082,0
RUN_01406__v3,CORE_position_value,RUN_01406,BY2,CORE,D15_seed_00,position_value,seed_00,A07,AB1100,v3,error_series,semisynthetic,position_3d_err_m,56642,56642,0,0,0,0,0.21616655181189817,17.100979642749305,0
RUN_01406__v3,CORE_position_value,RUN_01406,BY2,CORE,D15_seed_00,position_value,seed_00,A07,AB1100,v3,error_series,semisynthetic,roll_err_deg,56642,56642,0,0,0,0,-152.29311287485572,140.8597098577916,40436
RUN_01406__v3,CORE_position_value,RUN_01406,BY2,CORE,D15_seed_00,position_value,seed_00,A07,AB1100,v3,error_series,semisynthetic,pitch_err_deg,56642,56642,0,0,0,0,-75.25478354868747,46.16606848881145,54763
RUN_01406__v3,CORE_position_value,RUN_01406,BY2,CORE,D15_seed_00,position_value,seed_00,A07,AB1100,v3,error_series,semisynthetic,yaw_err_deg,56642,56642,0,0,0,0,-157.3088917452341,8.258329398256535,40606
RUN_01406__v3,CORE_position_value,RUN_01406,BY2,CORE,D15_seed_00,position_value,seed_00,A07,AB1100,v3,error_series,semisynthetic,horizontal_3sigma_m,56642,56642,0,0,0,0,0.052447732534284426,42.43457969268709,0
RUN_01406__v3,CORE_position_value,RUN_01406,BY2,CORE,D15_seed_00,position_value,seed_00,A07,AB1100,v3,error_series,semisynthetic,roll_3sigma_deg,56642,56642,0,0,0,0,0.48623579699999997,6.0000398189999995,0
RUN_01406__v3,CORE_position_value,RUN_01406,BY2,CORE,D15_seed_00,position_value,seed_00,A07,AB1100,v3,error_series,semisynthetic,pitch_3sigma_deg,56642,56642,0,0,0,0,0.46879763399999996,6.0000398189999995,0
RUN_01406__v3,CORE_position_value,RUN_01406,BY2,CORE,D15_seed_00,position_value,seed_00,A07,AB1100,v3,error_series,semisynthetic,yaw_3sigma_deg,56642,56642,0,0,0,0,0.572422977,6.0000398189999995,0
RUN_01406__v2,CORE_position_value,RUN_01406,BY2,CORE,D15_seed_00,position_value,seed_00,A07,AB1100,v2,error_series,semisynthetic,time,56642,56642,0,0,0,0,66.005054,339.997056,0
RUN_01406__v2,CORE_position_value,RUN_01406,BY2,CORE,D15_seed_00,position_value,seed_00,A07,AB1100,v2,error_series,semisynthetic,err_n_m,56642,56642,0,0,0,0,-10.254651366144344,9.722076400506424,26127
RUN_01406__v2,CORE_position_value,RUN_01406,BY2,CORE,D15_seed_00,position_value,seed_00,A07,AB1100,v2,error_series,semisynthetic,err_e_m,56642,56642,0,0,0,0,-10.531024735867092,10.238128443326655,29410
RUN_01406__v2,CORE_position_value,RUN_01406,BY2,CORE,D15_seed_00,position_value,seed_00,A07,AB1100,v2,error_series,semisynthetic,err_u_m,56642,56642,0,0,0,0,-15.366378814241164,16.730386494641838,31002
RUN_01406__v2,CORE_position_value,RUN_01406,BY2,CORE,D15_seed_00,position_value,seed_00,A07,AB1100,v2,error_series,semisynthetic,horizontal_err_m,56642,56642,0,0,0,0,0.006984759664121696,11.367428766734427,0
RUN_01406__v2,CORE_position_value,RUN_01406,BY2,CORE,D15_seed_00,position_value,seed_00,A07,AB1100,v2,error_series,semisynthetic,position_3d_err_m,56642,56642,0,0,0,0,0.20854876689537702,17.169121983302052,0
RUN_01406__v2,CORE_position_value,RUN_01406,BY2,CORE,D15_seed_00,position_value,seed_00,A07,AB1100,v2,error_series,semisynthetic,roll_err_deg,56642,56642,0,0,0,0,-152.29311287485572,140.8597098577916,40436
RUN_01406__v2,CORE_position_value,RUN_01406,BY2,CORE,D15_seed_00,position_value,seed_00,A07,AB1100,v2,error_series,semisynthetic,pitch_err_deg,56642,56642,0,0,0,0,-75.25478354868747,46.16606848881145,54763
RUN_01406__v2,CORE_position_value,RUN_01406,BY2,CORE,D15_seed_00,position_value,seed_00,A07,AB1100,v2,error_series,semisynthetic,yaw_err_deg,56642,56642,0,0,0,0,-157.3088917452341,8.258329398256535,40606
RUN_01406__v2,CORE_position_value,RUN_01406,BY2,CORE,D15_seed_00,position_value,seed_00,A07,AB1100,v2,error_series,semisynthetic,horizontal_3sigma_m,56642,56642,0,0,0,0,0.052447732534284426,42.43457969268709,0
RUN_01406__v2,CORE_position_value,RUN_01406,BY2,CORE,D15_seed_00,position_value,seed_00,A07,AB1100,v2,error_series,semisynthetic,roll_3sigma_deg,56642,56642,0,0,0,0,0.48623579699999997,6.0000398189999995,0
RUN_01406__v2,CORE_position_value,RUN_01406,BY2,CORE,D15_seed_00,position_value,seed_00,A07,AB1100,v2,error_series,semisynthetic,pitch_3sigma_deg,56642,56642,0,0,0,0,0.46879763399999996,6.0000398189999995,0
RUN_01406__v2,CORE_position_value,RUN_01406,BY2,CORE,D15_seed_00,position_value,seed_00,A07,AB1100,v2,error_series,semisynthetic,yaw_3sigma_deg,56642,56642,0,0,0,0,0.572422977,6.0000398189999995,0
RUN_01407__v3,CORE_position_value,RUN_01407,BY2,CORE,D15_seed_00,position_value,seed_00,A08,AB1000,v3,error_series,semisynthetic,time,56642,56642,0,0,0,0,66.005054,339.997056,0
RUN_01407__v3,CORE_position_value,RUN_01407,BY2,CORE,D15_seed_00,position_value,seed_00,A08,AB1000,v3,error_series,semisynthetic,err_n_m,56642,56642,0,0,0,0,-8.743264948487631,8.611791592118543,25964
RUN_01407__v3,CORE_position_value,RUN_01407,BY2,CORE,D15_seed_00,position_value,seed_00,A08,AB1000,v3,error_series,semisynthetic,err_e_m,56642,56642,0,0,0,0,-9.461692908751417,9.546978690311006,29386
RUN_01407__v3,CORE_position_value,RUN_01407,BY2,CORE,D15_seed_00,position_value,seed_00,A08,AB1000,v3,error_series,semisynthetic,err_u_m,56642,56642,0,0,0,0,-19.404553788987766,17.755207353117004,28416
RUN_01407__v3,CORE_position_value,RUN_01407,BY2,CORE,D15_seed_00,position_value,seed_00,A08,AB1000,v3,error_series,semisynthetic,horizontal_err_m,56642,56642,0,0,0,0,0.008553548740322338,12.119976842553353,0
RUN_01407__v3,CORE_position_value,RUN_01407,BY2,CORE,D15_seed_00,position_value,seed_00,A08,AB1000,v3,error_series,semisynthetic,position_3d_err_m,56642,56642,0,0,0,0,0.1105530517551219,19.952546651382395,0
RUN_01407__v3,CORE_position_value,RUN_01407,BY2,CORE,D15_seed_00,position_value,seed_00,A08,AB1000,v3,error_series,semisynthetic,roll_err_deg,56642,56642,0,0,0,0,-171.7505323430245,162.1570404542906,23075
RUN_01407__v3,CORE_position_value,RUN_01407,BY2,CORE,D15_seed_00,position_value,seed_00,A08,AB1000,v3,error_series,semisynthetic,pitch_err_deg,56642,56642,0,0,0,0,-85.87358151534664,73.5022075116184,5804
RUN_01407__v3,CORE_position_value,RUN_01407,BY2,CORE,D15_seed_00,position_value,seed_00,A08,AB1000,v3,error_series,semisynthetic,yaw_err_deg,56642,56642,0,0,0,0,-179.9976092661363,179.9997562170754,51992
RUN_01407__v3,CORE_position_value,RUN_01407,BY2,CORE,D15_seed_00,position_value,seed_00,A08,AB1000,v3,error_series,semisynthetic,horizontal_3sigma_m,56642,56642,0,0,0,0,0.04669149147597456,42.43457969268709,0
RUN_01407__v3,CORE_position_value,RUN_01407,BY2,CORE,D15_seed_00,position_value,seed_00,A08,AB1000,v3,error_series,semisynthetic,roll_3sigma_deg,56642,56642,0,0,0,0,0.482427534,6.0000398189999995,0
RUN_01407__v3,CORE_position_value,RUN_01407,BY2,CORE,D15_seed_00,position_value,seed_00,A08,AB1000,v3,error_series,semisynthetic,pitch_3sigma_deg,56642,56642,0,0,0,0,0.494649819,6.0000398189999995,0
RUN_01407__v3,CORE_position_value,RUN_01407,BY2,CORE,D15_seed_00,position_value,seed_00,A08,AB1000,v3,error_series,semisynthetic,yaw_3sigma_deg,56642,56642,0,0,0,0,0.891160161,6.0000398189999995,0
RUN_01407__v2,CORE_position_value,RUN_01407,BY2,CORE,D15_seed_00,position_value,seed_00,A08,AB1000,v2,error_series,semisynthetic,time,56642,56642,0,0,0,0,66.005054,339.997056,0
RUN_01407__v2,CORE_position_value,RUN_01407,BY2,CORE,D15_seed_00,position_value,seed_00,A08,AB1000,v2,error_series,semisynthetic,err_n_m,56642,56642,0,0,0,0,-8.528340008652517,8.679806638414394,25470
RUN_01407__v2,CORE_position_value,RUN_01407,BY2,CORE,D15_seed_00,position_value,seed_00,A08,AB1000,v2,error_series,semisynthetic,err_e_m,56642,56642,0,0,0,0,-9.287669676884079,9.414015402159416,27861
RUN_01407__v2,CORE_position_value,RUN_01407,BY2,CORE,D15_seed_00,position_value,seed_00,A08,AB1000,v2,error_series,semisynthetic,err_u_m,56642,56642,0,0,0,0,-19.48413952132697,17.76943275848109,29976
RUN_01407__v2,CORE_position_value,RUN_01407,BY2,CORE,D15_seed_00,position_value,seed_00,A08,AB1000,v2,error_series,semisynthetic,horizontal_err_m,56642,56642,0,0,0,0,0.01261152552437841,11.893360939233288,0
RUN_01407__v2,CORE_position_value,RUN_01407,BY2,CORE,D15_seed_00,position_value,seed_00,A08,AB1000,v2,error_series,semisynthetic,position_3d_err_m,56642,56642,0,0,0,0,0.1862207524215715,19.985210428290056,0
RUN_01407__v2,CORE_position_value,RUN_01407,BY2,CORE,D15_seed_00,position_value,seed_00,A08,AB1000,v2,error_series,semisynthetic,roll_err_deg,56642,56642,0,0,0,0,-171.7505323430245,162.1570404542906,23075
RUN_01407__v2,CORE_position_value,RUN_01407,BY2,CORE,D15_seed_00,position_value,seed_00,A08,AB1000,v2,error_series,semisynthetic,pitch_err_deg,56642,56642,0,0,0,0,-85.87358151534664,73.5022075116184,5804
RUN_01407__v2,CORE_position_value,RUN_01407,BY2,CORE,D15_seed_00,position_value,seed_00,A08,AB1000,v2,error_series,semisynthetic,yaw_err_deg,56642,56642,0,0,0,0,-179.9976092661363,179.9997562170754,51992
RUN_01407__v2,CORE_position_value,RUN_01407,BY2,CORE,D15_seed_00,position_value,seed_00,A08,AB1000,v2,error_series,semisynthetic,horizontal_3sigma_m,56642,56642,0,0,0,0,0.04669149147597456,42.43457969268709,0
RUN_01407__v2,CORE_position_value,RUN_01407,BY2,CORE,D15_seed_00,position_value,seed_00,A08,AB1000,v2,error_series,semisynthetic,roll_3sigma_deg,56642,56642,0,0,0,0,0.482427534,6.0000398189999995,0
RUN_01407__v2,CORE_position_value,RUN_01407,BY2,CORE,D15_seed_00,position_value,seed_00,A08,AB1000,v2,error_series,semisynthetic,pitch_3sigma_deg,56642,56642,0,0,0,0,0.494649819,6.0000398189999995,0
RUN_01407__v2,CORE_position_value,RUN_01407,BY2,CORE,D15_seed_00,position_value,seed_00,A08,AB1000,v2,error_series,semisynthetic,yaw_3sigma_deg,56642,56642,0,0,0,0,0.891160161,6.0000398189999995,0
RUN_01408__v3,CORE_position_value,RUN_01408,BY2,CORE,D15_seed_00,position_value,seed_00,A09,AB0100,v3,error_series,semisynthetic,time,56642,56642,0,0,0,0,66.005054,339.997056,0
RUN_01408__v3,CORE_position_value,RUN_01408,BY2,CORE,D15_seed_00,position_value,seed_00,A09,AB0100,v3,error_series,semisynthetic,err_n_m,56642,56642,0,0,0,0,-10.062772617313712,9.751139764716243,26463
RUN_01408__v3,CORE_position_value,RUN_01408,BY2,CORE,D15_seed_00,position_value,seed_00,A09,AB0100,v3,error_series,semisynthetic,err_e_m,56642,56642,0,0,0,0,-10.483622990464823,10.112282210130381,28295
RUN_01408__v3,CORE_position_value,RUN_01408,BY2,CORE,D15_seed_00,position_value,seed_00,A09,AB0100,v3,error_series,semisynthetic,err_u_m,56642,56642,0,0,0,0,-15.087190127723904,16.793335455968272,29748
RUN_01408__v3,CORE_position_value,RUN_01408,BY2,CORE,D15_seed_00,position_value,seed_00,A09,AB0100,v3,error_series,semisynthetic,horizontal_err_m,56642,56642,0,0,0,0,0.03070967370468762,11.164794328286588,0
RUN_01408__v3,CORE_position_value,RUN_01408,BY2,CORE,D15_seed_00,position_value,seed_00,A09,AB0100,v3,error_series,semisynthetic,position_3d_err_m,56642,56642,0,0,0,0,0.21759325512654631,17.159937613639265,0
RUN_01408__v3,CORE_position_value,RUN_01408,BY2,CORE,D15_seed_00,position_value,seed_00,A09,AB0100,v3,error_series,semisynthetic,roll_err_deg,56642,56642,0,0,0,0,-148.1650477488557,128.74993892279156,44879
RUN_01408__v3,CORE_position_value,RUN_01408,BY2,CORE,D15_seed_00,position_value,seed_00,A09,AB0100,v3,error_series,semisynthetic,pitch_err_deg,56642,56642,0,0,0,0,-82.23811320913713,56.04599245681143,53814
RUN_01408__v3,CORE_position_value,RUN_01408,BY2,CORE,D15_seed_00,position_value,seed_00,A09,AB0100,v3,error_series,semisynthetic,yaw_err_deg,56642,56642,0,0,0,0,-154.2128516752341,3.8768940482565313,54748
RUN_01408__v3,CORE_position_value,RUN_01408,BY2,CORE,D15_seed_00,position_value,seed_00,A09,AB0100,v3,error_series,semisynthetic,horizontal_3sigma_m,56642,56642,0,0,0,0,0.052451984352127556,42.43457969268709,0
RUN_01408__v3,CORE_position_value,RUN_01408,BY2,CORE,D15_seed_00,position_value,seed_00,A09,AB0100,v3,error_series,semisynthetic,roll_3sigma_deg,56642,56642,0,0,0,0,0.496818129,6.0000398189999995,0
RUN_01408__v3,CORE_position_value,RUN_01408,BY2,CORE,D15_seed_00,position_value,seed_00,A09,AB0100,v3,error_series,semisynthetic,pitch_3sigma_deg,56642,56642,0,0,0,0,0.467820747,6.0000398189999995,0
RUN_01408__v3,CORE_position_value,RUN_01408,BY2,CORE,D15_seed_00,position_value,seed_00,A09,AB0100,v3,error_series,semisynthetic,yaw_3sigma_deg,56642,56642,0,0,0,0,0.601635294,6.0000398189999995,0
RUN_01408__v2,CORE_position_value,RUN_01408,BY2,CORE,D15_seed_00,position_value,seed_00,A09,AB0100,v2,error_series,semisynthetic,time,56642,56642,0,0,0,0,66.005054,339.997056,0
RUN_01408__v2,CORE_position_value,RUN_01408,BY2,CORE,D15_seed_00,position_value,seed_00,A09,AB0100,v2,error_series,semisynthetic,err_n_m,56642,56642,0,0,0,0,-10.236886272268691,9.757384274654498,26319
RUN_01408__v2,CORE_position_value,RUN_01408,BY2,CORE,D15_seed_00,position_value,seed_00,A09,AB0100,v2,error_series,semisynthetic,err_e_m,56642,56642,0,0,0,0,-10.568178982692118,10.263069191474369,29419
RUN_01408__v2,CORE_position_value,RUN_01408,BY2,CORE,D15_seed_00,position_value,seed_00,A09,AB0100,v2,error_series,semisynthetic,err_u_m,56642,56642,0,0,0,0,-15.355603200639498,16.71484062161382,31008
RUN_01408__v2,CORE_position_value,RUN_01408,BY2,CORE,D15_seed_00,position_value,seed_00,A09,AB0100,v2,error_series,semisynthetic,horizontal_err_m,56642,56642,0,0,0,0,0.019042595560110842,11.326501374424039,0
RUN_01408__v2,CORE_position_value,RUN_01408,BY2,CORE,D15_seed_00,position_value,seed_00,A09,AB0100,v2,error_series,semisynthetic,position_3d_err_m,56642,56642,0,0,0,0,0.28703916420788134,17.1933337320709,0
RUN_01408__v2,CORE_position_value,RUN_01408,BY2,CORE,D15_seed_00,position_value,seed_00,A09,AB0100,v2,error_series,semisynthetic,roll_err_deg,56642,56642,0,0,0,0,-148.1650477488557,128.74993892279156,44879
RUN_01408__v2,CORE_position_value,RUN_01408,BY2,CORE,D15_seed_00,position_value,seed_00,A09,AB0100,v2,error_series,semisynthetic,pitch_err_deg,56642,56642,0,0,0,0,-82.23811320913713,56.04599245681143,53814
RUN_01408__v2,CORE_position_value,RUN_01408,BY2,CORE,D15_seed_00,position_value,seed_00,A09,AB0100,v2,error_series,semisynthetic,yaw_err_deg,56642,56642,0,0,0,0,-154.2128516752341,3.8768940482565313,54748
RUN_01408__v2,CORE_position_value,RUN_01408,BY2,CORE,D15_seed_00,position_value,seed_00,A09,AB0100,v2,error_series,semisynthetic,horizontal_3sigma_m,56642,56642,0,0,0,0,0.052451984352127556,42.43457969268709,0
RUN_01408__v2,CORE_position_value,RUN_01408,BY2,CORE,D15_seed_00,position_value,seed_00,A09,AB0100,v2,error_series,semisynthetic,roll_3sigma_deg,56642,56642,0,0,0,0,0.496818129,6.0000398189999995,0
RUN_01408__v2,CORE_position_value,RUN_01408,BY2,CORE,D15_seed_00,position_value,seed_00,A09,AB0100,v2,error_series,semisynthetic,pitch_3sigma_deg,56642,56642,0,0,0,0,0.467820747,6.0000398189999995,0
RUN_01408__v2,CORE_position_value,RUN_01408,BY2,CORE,D15_seed_00,position_value,seed_00,A09,AB0100,v2,error_series,semisynthetic,yaw_3sigma_deg,56642,56642,0,0,0,0,0.601635294,6.0000398189999995,0
RUN_01497__v3,CORE_position_value,RUN_01497,BY2,CORE,D16_seed_00,position_value,seed_00,F01,single_antenna_EKF,v3,error_series,semisynthetic,time,56642,56642,0,0,0,0,66.005054,339.997056,0
RUN_01497__v3,CORE_position_value,RUN_01497,BY2,CORE,D16_seed_00,position_value,seed_00,F01,single_antenna_EKF,v3,error_series,semisynthetic,err_n_m,56642,56642,0,0,0,0,-0.42495842675701795,1.4951196290440336,42
RUN_01497__v3,CORE_position_value,RUN_01497,BY2,CORE,D16_seed_00,position_value,seed_00,F01,single_antenna_EKF,v3,error_series,semisynthetic,err_e_m,56642,56642,0,0,0,0,-0.8187098803804398,-0.17934199372431947,56642
RUN_01497__v3,CORE_position_value,RUN_01497,BY2,CORE,D16_seed_00,position_value,seed_00,F01,single_antenna_EKF,v3,error_series,semisynthetic,err_u_m,56642,56642,0,0,0,0,0.3239450696961548,0.6708165277194809,0
RUN_01497__v3,CORE_position_value,RUN_01497,BY2,CORE,D16_seed_00,position_value,seed_00,F01,single_antenna_EKF,v3,error_series,semisynthetic,horizontal_err_m,56642,56642,0,0,0,0,0.3191019517846972,1.6676311141399673,0
RUN_01497__v3,CORE_position_value,RUN_01497,BY2,CORE,D16_seed_00,position_value,seed_00,F01,single_antenna_EKF,v3,error_series,semisynthetic,position_3d_err_m,56642,56642,0,0,0,0,0.4621127064686887,1.7624584909467111,0
RUN_01497__v3,CORE_position_value,RUN_01497,BY2,CORE,D16_seed_00,position_value,seed_00,F01,single_antenna_EKF,v3,error_series,semisynthetic,roll_err_deg,56642,56642,0,0,0,0,-4.456690418563284,9.286119238296578,16203
RUN_01497__v3,CORE_position_value,RUN_01497,BY2,CORE,D16_seed_00,position_value,seed_00,F01,single_antenna_EKF,v3,error_series,semisynthetic,pitch_err_deg,56642,56642,0,0,0,0,-9.986785530754474,8.452290814542636,37680
RUN_01497__v3,CORE_position_value,RUN_01497,BY2,CORE,D16_seed_00,position_value,seed_00,F01,single_antenna_EKF,v3,error_series,semisynthetic,yaw_err_deg,56642,56642,0,0,0,0,-18.287658995238417,1.0895330831452554,56301
RUN_01497__v3,CORE_position_value,RUN_01497,BY2,CORE,D16_seed_00,position_value,seed_00,F01,single_antenna_EKF,v3,error_series,semisynthetic,horizontal_3sigma_m,56642,56642,0,0,0,0,0.04700990880282893,42.43457969268709,0
RUN_01497__v3,CORE_position_value,RUN_01497,BY2,CORE,D16_seed_00,position_value,seed_00,F01,single_antenna_EKF,v3,error_series,semisynthetic,roll_3sigma_deg,56642,56642,0,0,0,0,0.407034444,6.0000398189999995,0
RUN_01497__v3,CORE_position_value,RUN_01497,BY2,CORE,D16_seed_00,position_value,seed_00,F01,single_antenna_EKF,v3,error_series,semisynthetic,pitch_3sigma_deg,56642,56642,0,0,0,0,0.41056001099999995,6.0000398189999995,0
RUN_01497__v3,CORE_position_value,RUN_01497,BY2,CORE,D16_seed_00,position_value,seed_00,F01,single_antenna_EKF,v3,error_series,semisynthetic,yaw_3sigma_deg,56642,56642,0,0,0,0,2.584934916,6.0000398189999995,0
RUN_01497__v2,CORE_position_value,RUN_01497,BY2,CORE,D16_seed_00,position_value,seed_00,F01,single_antenna_EKF,v2,error_series,semisynthetic,time,56642,56642,0,0,0,0,66.005054,339.997056,0
RUN_01497__v2,CORE_position_value,RUN_01497,BY2,CORE,D16_seed_00,position_value,seed_00,F01,single_antenna_EKF,v2,error_series,semisynthetic,err_n_m,56642,56642,0,0,0,0,-0.4534930991605105,1.5406595292838308,42
RUN_01497__v2,CORE_position_value,RUN_01497,BY2,CORE,D16_seed_00,position_value,seed_00,F01,single_antenna_EKF,v2,error_series,semisynthetic,err_e_m,56642,56642,0,0,0,0,-0.9389327223045427,-0.031603738413819055,56642
RUN_01497__v2,CORE_position_value,RUN_01497,BY2,CORE,D16_seed_00,position_value,seed_00,F01,single_antenna_EKF,v2,error_series,semisynthetic,err_u_m,56642,56642,0,0,0,0,0.01574732236415599,0.3599443795918642,0
RUN_01497__v2,CORE_position_value,RUN_01497,BY2,CORE,D16_seed_00,position_value,seed_00,F01,single_antenna_EKF,v2,error_series,semisynthetic,horizontal_err_m,56642,56642,0,0,0,0,0.2973465297748341,1.7216473329452453,0
RUN_01497__v2,CORE_position_value,RUN_01497,BY2,CORE,D16_seed_00,position_value,seed_00,F01,single_antenna_EKF,v2,error_series,semisynthetic,position_3d_err_m,56642,56642,0,0,0,0,0.29931256149164,1.727231492985854,0
RUN_01497__v2,CORE_position_value,RUN_01497,BY2,CORE,D16_seed_00,position_value,seed_00,F01,single_antenna_EKF,v2,error_series,semisynthetic,roll_err_deg,56642,56642,0,0,0,0,-4.456690418563284,9.286119238296578,16203
RUN_01497__v2,CORE_position_value,RUN_01497,BY2,CORE,D16_seed_00,position_value,seed_00,F01,single_antenna_EKF,v2,error_series,semisynthetic,pitch_err_deg,56642,56642,0,0,0,0,-9.986785530754474,8.452290814542636,37680
RUN_01497__v2,CORE_position_value,RUN_01497,BY2,CORE,D16_seed_00,position_value,seed_00,F01,single_antenna_EKF,v2,error_series,semisynthetic,yaw_err_deg,56642,56642,0,0,0,0,-18.287658995238417,1.0895330831452554,56301
RUN_01497__v2,CORE_position_value,RUN_01497,BY2,CORE,D16_seed_00,position_value,seed_00,F01,single_antenna_EKF,v2,error_series,semisynthetic,horizontal_3sigma_m,56642,56642,0,0,0,0,0.04700990880282893,42.43457969268709,0
RUN_01497__v2,CORE_position_value,RUN_01497,BY2,CORE,D16_seed_00,position_value,seed_00,F01,single_antenna_EKF,v2,error_series,semisynthetic,roll_3sigma_deg,56642,56642,0,0,0,0,0.407034444,6.0000398189999995,0
RUN_01497__v2,CORE_position_value,RUN_01497,BY2,CORE,D16_seed_00,position_value,seed_00,F01,single_antenna_EKF,v2,error_series,semisynthetic,pitch_3sigma_deg,56642,56642,0,0,0,0,0.41056001099999995,6.0000398189999995,0
RUN_01497__v2,CORE_position_value,RUN_01497,BY2,CORE,D16_seed_00,position_value,seed_00,F01,single_antenna_EKF,v2,error_series,semisynthetic,yaw_3sigma_deg,56642,56642,0,0,0,0,2.584934916,6.0000398189999995,0
RUN_01498__v3,CORE_position_value,RUN_01498,BY2,CORE,D16_seed_00,position_value,seed_00,F02,basic_dual_yaw_EKF,v3,error_series,semisynthetic,time,56642,56642,0,0,0,0,66.005054,339.997056,0
RUN_01498__v3,CORE_position_value,RUN_01498,BY2,CORE,D16_seed_00,position_value,seed_00,F02,basic_dual_yaw_EKF,v3,error_series,semisynthetic,err_n_m,56642,56642,0,0,0,0,-0.42495842675701795,1.5011596904289846,42
RUN_01498__v3,CORE_position_value,RUN_01498,BY2,CORE,D16_seed_00,position_value,seed_00,F02,basic_dual_yaw_EKF,v3,error_series,semisynthetic,err_e_m,56642,56642,0,0,0,0,-0.8204271652145882,-0.17934199372431947,56642
RUN_01498__v3,CORE_position_value,RUN_01498,BY2,CORE,D16_seed_00,position_value,seed_00,F02,basic_dual_yaw_EKF,v3,error_series,semisynthetic,err_u_m,56642,56642,0,0,0,0,0.31742102652717463,0.6695724756478558,0
RUN_01498__v3,CORE_position_value,RUN_01498,BY2,CORE,D16_seed_00,position_value,seed_00,F02,basic_dual_yaw_EKF,v3,error_series,semisynthetic,horizontal_err_m,56642,56642,0,0,0,0,0.3191019517846972,1.6870370874953171,0
RUN_01498__v3,CORE_position_value,RUN_01498,BY2,CORE,D16_seed_00,position_value,seed_00,F02,basic_dual_yaw_EKF,v3,error_series,semisynthetic,position_3d_err_m,56642,56642,0,0,0,0,0.4621127064686887,1.781066500790777,0
RUN_01498__v3,CORE_position_value,RUN_01498,BY2,CORE,D16_seed_00,position_value,seed_00,F02,basic_dual_yaw_EKF,v3,error_series,semisynthetic,roll_err_deg,56642,56642,0,0,0,0,-4.3326980475632695,9.318982706296595,16220
RUN_01498__v3,CORE_position_value,RUN_01498,BY2,CORE,D16_seed_00,position_value,seed_00,F02,basic_dual_yaw_EKF,v3,error_series,semisynthetic,pitch_err_deg,56642,56642,0,0,0,0,-9.987106107754471,8.416582795542638,37546
RUN_01498__v3,CORE_position_value,RUN_01498,BY2,CORE,D16_seed_00,position_value,seed_00,F02,basic_dual_yaw_EKF,v3,error_series,semisynthetic,yaw_err_deg,56642,56642,0,0,0,0,-10.136882605238412,3.8452532612652988,43816
RUN_01498__v3,CORE_position_value,RUN_01498,BY2,CORE,D16_seed_00,position_value,seed_00,F02,basic_dual_yaw_EKF,v3,error_series,semisynthetic,horizontal_3sigma_m,56642,56642,0,0,0,0,0.05178557145809494,42.43457969268709,0
RUN_01498__v3,CORE_position_value,RUN_01498,BY2,CORE,D16_seed_00,position_value,seed_00,F02,basic_dual_yaw_EKF,v3,error_series,semisynthetic,roll_3sigma_deg,56642,56642,0,0,0,0,0.400134135,6.000072272999999,0
RUN_01498__v3,CORE_position_value,RUN_01498,BY2,CORE,D16_seed_00,position_value,seed_00,F02,basic_dual_yaw_EKF,v3,error_series,semisynthetic,pitch_3sigma_deg,56642,56642,0,0,0,0,0.40819110300000006,6.000072231,0
RUN_01498__v3,CORE_position_value,RUN_01498,BY2,CORE,D16_seed_00,position_value,seed_00,F02,basic_dual_yaw_EKF,v3,error_series,semisynthetic,yaw_3sigma_deg,56642,56642,0,0,0,0,0.528417054,6.0000398189999995,0
RUN_01498__v2,CORE_position_value,RUN_01498,BY2,CORE,D16_seed_00,position_value,seed_00,F02,basic_dual_yaw_EKF,v2,error_series,semisynthetic,time,56642,56642,0,0,0,0,66.005054,339.997056,0
RUN_01498__v2,CORE_position_value,RUN_01498,BY2,CORE,D16_seed_00,position_value,seed_00,F02,basic_dual_yaw_EKF,v2,error_series,semisynthetic,err_n_m,56642,56642,0,0,0,0,-0.4534930991605105,1.5230049032159059,42
RUN_01498__v2,CORE_position_value,RUN_01498,BY2,CORE,D16_seed_00,position_value,seed_00,F02,basic_dual_yaw_EKF,v2,error_series,semisynthetic,err_e_m,56642,56642,0,0,0,0,-0.9352858561230732,-0.031603738413819055,56642
RUN_01498__v2,CORE_position_value,RUN_01498,BY2,CORE,D16_seed_00,position_value,seed_00,F02,basic_dual_yaw_EKF,v2,error_series,semisynthetic,err_u_m,56642,56642,0,0,0,0,0.008984391232019107,0.36220239486046424,0
RUN_01498__v2,CORE_position_value,RUN_01498,BY2,CORE,D16_seed_00,position_value,seed_00,F02,basic_dual_yaw_EKF,v2,error_series,semisynthetic,horizontal_err_m,56642,56642,0,0,0,0,0.2973465297748341,1.698790533866869,0
RUN_01498__v2,CORE_position_value,RUN_01498,BY2,CORE,D16_seed_00,position_value,seed_00,F02,basic_dual_yaw_EKF,v2,error_series,semisynthetic,position_3d_err_m,56642,56642,0,0,0,0,0.29931256149164,1.703720128619414,0
RUN_01498__v2,CORE_position_value,RUN_01498,BY2,CORE,D16_seed_00,position_value,seed_00,F02,basic_dual_yaw_EKF,v2,error_series,semisynthetic,roll_err_deg,56642,56642,0,0,0,0,-4.3326980475632695,9.318982706296595,16220
RUN_01498__v2,CORE_position_value,RUN_01498,BY2,CORE,D16_seed_00,position_value,seed_00,F02,basic_dual_yaw_EKF,v2,error_series,semisynthetic,pitch_err_deg,56642,56642,0,0,0,0,-9.987106107754471,8.416582795542638,37546
RUN_01498__v2,CORE_position_value,RUN_01498,BY2,CORE,D16_seed_00,position_value,seed_00,F02,basic_dual_yaw_EKF,v2,error_series,semisynthetic,yaw_err_deg,56642,56642,0,0,0,0,-10.136882605238412,3.8452532612652988,43816
RUN_01498__v2,CORE_position_value,RUN_01498,BY2,CORE,D16_seed_00,position_value,seed_00,F02,basic_dual_yaw_EKF,v2,error_series,semisynthetic,horizontal_3sigma_m,56642,56642,0,0,0,0,0.05178557145809494,42.43457969268709,0
RUN_01498__v2,CORE_position_value,RUN_01498,BY2,CORE,D16_seed_00,position_value,seed_00,F02,basic_dual_yaw_EKF,v2,error_series,semisynthetic,roll_3sigma_deg,56642,56642,0,0,0,0,0.400134135,6.000072272999999,0
RUN_01498__v2,CORE_position_value,RUN_01498,BY2,CORE,D16_seed_00,position_value,seed_00,F02,basic_dual_yaw_EKF,v2,error_series,semisynthetic,pitch_3sigma_deg,56642,56642,0,0,0,0,0.40819110300000006,6.000072231,0
RUN_01498__v2,CORE_position_value,RUN_01498,BY2,CORE,D16_seed_00,position_value,seed_00,F02,basic_dual_yaw_EKF,v2,error_series,semisynthetic,yaw_3sigma_deg,56642,56642,0,0,0,0,0.528417054,6.0000398189999995,0
RUN_01499__v3,CORE_position_value,RUN_01499,BY2,CORE,D16_seed_00,position_value,seed_00,F03,AB0000,v3,error_series,semisynthetic,time,56642,56642,0,0,0,0,66.005054,339.997056,0
RUN_01499__v3,CORE_position_value,RUN_01499,BY2,CORE,D16_seed_00,position_value,seed_00,F03,AB0000,v3,error_series,semisynthetic,err_n_m,56642,56642,0,0,0,0,-0.42495842675701795,1.5007079529439906,42
RUN_01499__v3,CORE_position_value,RUN_01499,BY2,CORE,D16_seed_00,position_value,seed_00,F03,AB0000,v3,error_series,semisynthetic,err_e_m,56642,56642,0,0,0,0,-0.8239399673474255,-0.17934199372431947,56642
RUN_01499__v3,CORE_position_value,RUN_01499,BY2,CORE,D16_seed_00,position_value,seed_00,F03,AB0000,v3,error_series,semisynthetic,err_u_m,56642,56642,0,0,0,0,0.3239766863859437,0.6708186985851725,0
RUN_01499__v3,CORE_position_value,RUN_01499,BY2,CORE,D16_seed_00,position_value,seed_00,F03,AB0000,v3,error_series,semisynthetic,horizontal_err_m,56642,56642,0,0,0,0,0.3191019517846972,1.6931721094351055,0
RUN_01499__v3,CORE_position_value,RUN_01499,BY2,CORE,D16_seed_00,position_value,seed_00,F03,AB0000,v3,error_series,semisynthetic,position_3d_err_m,56642,56642,0,0,0,0,0.4621127064686887,1.7866120093160498,0
RUN_01499__v3,CORE_position_value,RUN_01499,BY2,CORE,D16_seed_00,position_value,seed_00,F03,AB0000,v3,error_series,semisynthetic,roll_err_deg,56642,56642,0,0,0,0,-4.396091740563264,9.285789277296573,16196
RUN_01499__v3,CORE_position_value,RUN_01499,BY2,CORE,D16_seed_00,position_value,seed_00,F03,AB0000,v3,error_series,semisynthetic,pitch_err_deg,56642,56642,0,0,0,0,-9.984490010754456,8.452377028542628,37537
RUN_01499__v3,CORE_position_value,RUN_01499,BY2,CORE,D16_seed_00,position_value,seed_00,F03,AB0000,v3,error_series,semisynthetic,yaw_err_deg,56642,56642,0,0,0,0,-8.854446871238395,3.8090273712653016,42260
RUN_01499__v3,CORE_position_value,RUN_01499,BY2,CORE,D16_seed_00,position_value,seed_00,F03,AB0000,v3,error_series,semisynthetic,horizontal_3sigma_m,56642,56642,0,0,0,0,0.0469311302178147,42.43457969268709,0
RUN_01499__v3,CORE_position_value,RUN_01499,BY2,CORE,D16_seed_00,position_value,seed_00,F03,AB0000,v3,error_series,semisynthetic,roll_3sigma_deg,56642,56642,0,0,0,0,0.399505224,6.0000398189999995,0
RUN_01499__v3,CORE_position_value,RUN_01499,BY2,CORE,D16_seed_00,position_value,seed_00,F03,AB0000,v3,error_series,semisynthetic,pitch_3sigma_deg,56642,56642,0,0,0,0,0.407618523,6.0000398189999995,0
RUN_01499__v3,CORE_position_value,RUN_01499,BY2,CORE,D16_seed_00,position_value,seed_00,F03,AB0000,v3,error_series,semisynthetic,yaw_3sigma_deg,56642,56642,0,0,0,0,0.544978191,6.0000398189999995,0
RUN_01499__v2,CORE_position_value,RUN_01499,BY2,CORE,D16_seed_00,position_value,seed_00,F03,AB0000,v2,error_series,semisynthetic,time,56642,56642,0,0,0,0,66.005054,339.997056,0
RUN_01499__v2,CORE_position_value,RUN_01499,BY2,CORE,D16_seed_00,position_value,seed_00,F03,AB0000,v2,error_series,semisynthetic,err_n_m,56642,56642,0,0,0,0,-0.4534930991605105,1.5394381584864423,42
RUN_01499__v2,CORE_position_value,RUN_01499,BY2,CORE,D16_seed_00,position_value,seed_00,F03,AB0000,v2,error_series,semisynthetic,err_e_m,56642,56642,0,0,0,0,-0.9363703832378576,-0.031603738413819055,56642
RUN_01499__v2,CORE_position_value,RUN_01499,BY2,CORE,D16_seed_00,position_value,seed_00,F03,AB0000,v2,error_series,semisynthetic,err_u_m,56642,56642,0,0,0,0,0.015730569958570584,0.359938004043979,0
RUN_01499__v2,CORE_position_value,RUN_01499,BY2,CORE,D16_seed_00,position_value,seed_00,F03,AB0000,v2,error_series,semisynthetic,horizontal_err_m,56642,56642,0,0,0,0,0.2973465297748341,1.7193840170504722,0
RUN_01499__v2,CORE_position_value,RUN_01499,BY2,CORE,D16_seed_00,position_value,seed_00,F03,AB0000,v2,error_series,semisynthetic,position_3d_err_m,56642,56642,0,0,0,0,0.29931256149164,1.724974039459869,0
RUN_01499__v2,CORE_position_value,RUN_01499,BY2,CORE,D16_seed_00,position_value,seed_00,F03,AB0000,v2,error_series,semisynthetic,roll_err_deg,56642,56642,0,0,0,0,-4.396091740563264,9.285789277296573,16196
RUN_01499__v2,CORE_position_value,RUN_01499,BY2,CORE,D16_seed_00,position_value,seed_00,F03,AB0000,v2,error_series,semisynthetic,pitch_err_deg,56642,56642,0,0,0,0,-9.984490010754456,8.452377028542628,37537
RUN_01499__v2,CORE_position_value,RUN_01499,BY2,CORE,D16_seed_00,position_value,seed_00,F03,AB0000,v2,error_series,semisynthetic,yaw_err_deg,56642,56642,0,0,0,0,-8.854446871238395,3.8090273712653016,42260
RUN_01499__v2,CORE_position_value,RUN_01499,BY2,CORE,D16_seed_00,position_value,seed_00,F03,AB0000,v2,error_series,semisynthetic,horizontal_3sigma_m,56642,56642,0,0,0,0,0.0469311302178147,42.43457969268709,0
RUN_01499__v2,CORE_position_value,RUN_01499,BY2,CORE,D16_seed_00,position_value,seed_00,F03,AB0000,v2,error_series,semisynthetic,roll_3sigma_deg,56642,56642,0,0,0,0,0.399505224,6.0000398189999995,0
RUN_01499__v2,CORE_position_value,RUN_01499,BY2,CORE,D16_seed_00,position_value,seed_00,F03,AB0000,v2,error_series,semisynthetic,pitch_3sigma_deg,56642,56642,0,0,0,0,0.407618523,6.0000398189999995,0
RUN_01499__v2,CORE_position_value,RUN_01499,BY2,CORE,D16_seed_00,position_value,seed_00,F03,AB0000,v2,error_series,semisynthetic,yaw_3sigma_deg,56642,56642,0,0,0,0,0.544978191,6.0000398189999995,0
RUN_01500__v3,CORE_position_value,RUN_01500,BY2,CORE,D16_seed_00,position_value,seed_00,F04,AB1111,v3,error_series,semisynthetic,time,56642,56642,0,0,0,0,66.005054,339.997056,0
RUN_01500__v3,CORE_position_value,RUN_01500,BY2,CORE,D16_seed_00,position_value,seed_00,F04,AB1111,v3,error_series,semisynthetic,err_n_m,56642,56642,0,0,0,0,-0.42495842675701795,1.5062037463577624,42
RUN_01500__v3,CORE_position_value,RUN_01500,BY2,CORE,D16_seed_00,position_value,seed_00,F04,AB1111,v3,error_series,semisynthetic,err_e_m,56642,56642,0,0,0,0,-0.8228274340531803,-0.17934199372431947,56642
RUN_01500__v3,CORE_position_value,RUN_01500,BY2,CORE,D16_seed_00,position_value,seed_00,F04,AB1111,v3,error_series,semisynthetic,err_u_m,56642,56642,0,0,0,0,0.31549730348934446,0.6673229826607994,0
RUN_01500__v3,CORE_position_value,RUN_01500,BY2,CORE,D16_seed_00,position_value,seed_00,F04,AB1111,v3,error_series,semisynthetic,horizontal_err_m,56642,56642,0,0,0,0,0.3191019517846972,1.6966412554922015,0
RUN_01500__v3,CORE_position_value,RUN_01500,BY2,CORE,D16_seed_00,position_value,seed_00,F04,AB1111,v3,error_series,semisynthetic,position_3d_err_m,56642,56642,0,0,0,0,0.4621127064686887,1.7883492471527616,0
RUN_01500__v3,CORE_position_value,RUN_01500,BY2,CORE,D16_seed_00,position_value,seed_00,F04,AB1111,v3,error_series,semisynthetic,roll_err_deg,56642,56642,0,0,0,0,-4.08615242156327,6.872141939296569,19300
RUN_01500__v3,CORE_position_value,RUN_01500,BY2,CORE,D16_seed_00,position_value,seed_00,F04,AB1111,v3,error_series,semisynthetic,pitch_err_deg,56642,56642,0,0,0,0,-8.57014669575446,8.513639910542622,37204
RUN_01500__v3,CORE_position_value,RUN_01500,BY2,CORE,D16_seed_00,position_value,seed_00,F04,AB1111,v3,error_series,semisynthetic,yaw_err_deg,56642,56642,0,0,0,0,-8.770337314238418,3.838451865265313,42187
RUN_01500__v3,CORE_position_value,RUN_01500,BY2,CORE,D16_seed_00,position_value,seed_00,F04,AB1111,v3,error_series,semisynthetic,horizontal_3sigma_m,56642,56642,0,0,0,0,0.04566306771520891,42.43457969268709,0
RUN_01500__v3,CORE_position_value,RUN_01500,BY2,CORE,D16_seed_00,position_value,seed_00,F04,AB1111,v3,error_series,semisynthetic,roll_3sigma_deg,56642,56642,0,0,0,0,0.32279784,6.0000398189999995,0
RUN_01500__v3,CORE_position_value,RUN_01500,BY2,CORE,D16_seed_00,position_value,seed_00,F04,AB1111,v3,error_series,semisynthetic,pitch_3sigma_deg,56642,56642,0,0,0,0,0.324712893,6.0000398189999995,0
RUN_01500__v3,CORE_position_value,RUN_01500,BY2,CORE,D16_seed_00,position_value,seed_00,F04,AB1111,v3,error_series,semisynthetic,yaw_3sigma_deg,56642,56642,0,0,0,0,0.544773744,6.0000398189999995,0
RUN_01500__v2,CORE_position_value,RUN_01500,BY2,CORE,D16_seed_00,position_value,seed_00,F04,AB1111,v2,error_series,semisynthetic,time,56642,56642,0,0,0,0,66.005054,339.997056,0
RUN_01500__v2,CORE_position_value,RUN_01500,BY2,CORE,D16_seed_00,position_value,seed_00,F04,AB1111,v2,error_series,semisynthetic,err_n_m,56642,56642,0,0,0,0,-0.4534930991605105,1.5346774716361722,42
RUN_01500__v2,CORE_position_value,RUN_01500,BY2,CORE,D16_seed_00,position_value,seed_00,F04,AB1111,v2,error_series,semisynthetic,err_e_m,56642,56642,0,0,0,0,-0.9284269710232422,-0.031603738413819055,56642
RUN_01500__v2,CORE_position_value,RUN_01500,BY2,CORE,D16_seed_00,position_value,seed_00,F04,AB1111,v2,error_series,semisynthetic,err_u_m,56642,56642,0,0,0,0,0.012193802841313328,0.36204403678085306,0
RUN_01500__v2,CORE_position_value,RUN_01500,BY2,CORE,D16_seed_00,position_value,seed_00,F04,AB1111,v2,error_series,semisynthetic,horizontal_err_m,56642,56642,0,0,0,0,0.2973465297748341,1.7175689339490121,0
RUN_01500__v2,CORE_position_value,RUN_01500,BY2,CORE,D16_seed_00,position_value,seed_00,F04,AB1111,v2,error_series,semisynthetic,position_3d_err_m,56642,56642,0,0,0,0,0.29931256149164,1.7236089525408849,0
RUN_01500__v2,CORE_position_value,RUN_01500,BY2,CORE,D16_seed_00,position_value,seed_00,F04,AB1111,v2,error_series,semisynthetic,roll_err_deg,56642,56642,0,0,0,0,-4.08615242156327,6.872141939296569,19300
RUN_01500__v2,CORE_position_value,RUN_01500,BY2,CORE,D16_seed_00,position_value,seed_00,F04,AB1111,v2,error_series,semisynthetic,pitch_err_deg,56642,56642,0,0,0,0,-8.57014669575446,8.513639910542622,37204
RUN_01500__v2,CORE_position_value,RUN_01500,BY2,CORE,D16_seed_00,position_value,seed_00,F04,AB1111,v2,error_series,semisynthetic,yaw_err_deg,56642,56642,0,0,0,0,-8.770337314238418,3.838451865265313,42187
RUN_01500__v2,CORE_position_value,RUN_01500,BY2,CORE,D16_seed_00,position_value,seed_00,F04,AB1111,v2,error_series,semisynthetic,horizontal_3sigma_m,56642,56642,0,0,0,0,0.04566306771520891,42.43457969268709,0
RUN_01500__v2,CORE_position_value,RUN_01500,BY2,CORE,D16_seed_00,position_value,seed_00,F04,AB1111,v2,error_series,semisynthetic,roll_3sigma_deg,56642,56642,0,0,0,0,0.32279784,6.0000398189999995,0
RUN_01500__v2,CORE_position_value,RUN_01500,BY2,CORE,D16_seed_00,position_value,seed_00,F04,AB1111,v2,error_series,semisynthetic,pitch_3sigma_deg,56642,56642,0,0,0,0,0.324712893,6.0000398189999995,0
RUN_01500__v2,CORE_position_value,RUN_01500,BY2,CORE,D16_seed_00,position_value,seed_00,F04,AB1111,v2,error_series,semisynthetic,yaw_3sigma_deg,56642,56642,0,0,0,0,0.544773744,6.0000398189999995,0
RUN_01501__v3,CORE_position_value,RUN_01501,BY2,CORE,D16_seed_00,position_value,seed_00,A03,AB0111,v3,error_series,semisynthetic,time,56642,56642,0,0,0,0,66.005054,339.997056,0
RUN_01501__v3,CORE_position_value,RUN_01501,BY2,CORE,D16_seed_00,position_value,seed_00,A03,AB0111,v3,error_series,semisynthetic,err_n_m,56642,56642,0,0,0,0,-0.42495842675701795,1.50621089696714,42
RUN_01501__v3,CORE_position_value,RUN_01501,BY2,CORE,D16_seed_00,position_value,seed_00,A03,AB0111,v3,error_series,semisynthetic,err_e_m,56642,56642,0,0,0,0,-0.8228207195524702,-0.17934199372431947,56642
RUN_01501__v3,CORE_position_value,RUN_01501,BY2,CORE,D16_seed_00,position_value,seed_00,A03,AB0111,v3,error_series,semisynthetic,err_u_m,56642,56642,0,0,0,0,0.31548786302219867,0.6646625732197258,0
RUN_01501__v3,CORE_position_value,RUN_01501,BY2,CORE,D16_seed_00,position_value,seed_00,A03,AB0111,v3,error_series,semisynthetic,horizontal_err_m,56642,56642,0,0,0,0,0.3191019517846972,1.6966305887184823,0
RUN_01501__v3,CORE_position_value,RUN_01501,BY2,CORE,D16_seed_00,position_value,seed_00,A03,AB0111,v3,error_series,semisynthetic,position_3d_err_m,56642,56642,0,0,0,0,0.4621127064686887,1.7883922465748188,0
RUN_01501__v3,CORE_position_value,RUN_01501,BY2,CORE,D16_seed_00,position_value,seed_00,A03,AB0111,v3,error_series,semisynthetic,roll_err_deg,56642,56642,0,0,0,0,-4.0869511255632744,6.870068465296583,19299
RUN_01501__v3,CORE_position_value,RUN_01501,BY2,CORE,D16_seed_00,position_value,seed_00,A03,AB0111,v3,error_series,semisynthetic,pitch_err_deg,56642,56642,0,0,0,0,-8.569117820754457,8.511178740542647,37209
RUN_01501__v3,CORE_position_value,RUN_01501,BY2,CORE,D16_seed_00,position_value,seed_00,A03,AB0111,v3,error_series,semisynthetic,yaw_err_deg,56642,56642,0,0,0,0,-8.77421486223841,3.83631340226529,42131
RUN_01501__v3,CORE_position_value,RUN_01501,BY2,CORE,D16_seed_00,position_value,seed_00,A03,AB0111,v3,error_series,semisynthetic,horizontal_3sigma_m,56642,56642,0,0,0,0,0.046018764879759144,42.43457969268709,0
RUN_01501__v3,CORE_position_value,RUN_01501,BY2,CORE,D16_seed_00,position_value,seed_00,A03,AB0111,v3,error_series,semisynthetic,roll_3sigma_deg,56642,56642,0,0,0,0,0.322807071,6.0000398189999995,0
RUN_01501__v3,CORE_position_value,RUN_01501,BY2,CORE,D16_seed_00,position_value,seed_00,A03,AB0111,v3,error_series,semisynthetic,pitch_3sigma_deg,56642,56642,0,0,0,0,0.324721914,6.0000398189999995,0
RUN_01501__v3,CORE_position_value,RUN_01501,BY2,CORE,D16_seed_00,position_value,seed_00,A03,AB0111,v3,error_series,semisynthetic,yaw_3sigma_deg,56642,56642,0,0,0,0,0.544839939,6.0000398189999995,0
RUN_01501__v2,CORE_position_value,RUN_01501,BY2,CORE,D16_seed_00,position_value,seed_00,A03,AB0111,v2,error_series,semisynthetic,time,56642,56642,0,0,0,0,66.005054,339.997056,0
RUN_01501__v2,CORE_position_value,RUN_01501,BY2,CORE,D16_seed_00,position_value,seed_00,A03,AB0111,v2,error_series,semisynthetic,err_n_m,56642,56642,0,0,0,0,-0.4534930991605105,1.5321098218338935,42
RUN_01501__v2,CORE_position_value,RUN_01501,BY2,CORE,D16_seed_00,position_value,seed_00,A03,AB0111,v2,error_series,semisynthetic,err_e_m,56642,56642,0,0,0,0,-0.9306476975303326,-0.031603738413819055,56642
RUN_01501__v2,CORE_position_value,RUN_01501,BY2,CORE,D16_seed_00,position_value,seed_00,A03,AB0111,v2,error_series,semisynthetic,err_u_m,56642,56642,0,0,0,0,0.012186879396999473,0.3593866431693655,0
RUN_01501__v2,CORE_position_value,RUN_01501,BY2,CORE,D16_seed_00,position_value,seed_00,A03,AB0111,v2,error_series,semisynthetic,horizontal_err_m,56642,56642,0,0,0,0,0.2973465297748341,1.7160266088297629,0
RUN_01501__v2,CORE_position_value,RUN_01501,BY2,CORE,D16_seed_00,position_value,seed_00,A03,AB0111,v2,error_series,semisynthetic,position_3d_err_m,56642,56642,0,0,0,0,0.29931256149164,1.721649185084366,0
RUN_01501__v2,CORE_position_value,RUN_01501,BY2,CORE,D16_seed_00,position_value,seed_00,A03,AB0111,v2,error_series,semisynthetic,roll_err_deg,56642,56642,0,0,0,0,-4.0869511255632744,6.870068465296583,19299
RUN_01501__v2,CORE_position_value,RUN_01501,BY2,CORE,D16_seed_00,position_value,seed_00,A03,AB0111,v2,error_series,semisynthetic,pitch_err_deg,56642,56642,0,0,0,0,-8.569117820754457,8.511178740542647,37209
RUN_01501__v2,CORE_position_value,RUN_01501,BY2,CORE,D16_seed_00,position_value,seed_00,A03,AB0111,v2,error_series,semisynthetic,yaw_err_deg,56642,56642,0,0,0,0,-8.77421486223841,3.83631340226529,42131
RUN_01501__v2,CORE_position_value,RUN_01501,BY2,CORE,D16_seed_00,position_value,seed_00,A03,AB0111,v2,error_series,semisynthetic,horizontal_3sigma_m,56642,56642,0,0,0,0,0.046018764879759144,42.43457969268709,0
RUN_01501__v2,CORE_position_value,RUN_01501,BY2,CORE,D16_seed_00,position_value,seed_00,A03,AB0111,v2,error_series,semisynthetic,roll_3sigma_deg,56642,56642,0,0,0,0,0.322807071,6.0000398189999995,0
RUN_01501__v2,CORE_position_value,RUN_01501,BY2,CORE,D16_seed_00,position_value,seed_00,A03,AB0111,v2,error_series,semisynthetic,pitch_3sigma_deg,56642,56642,0,0,0,0,0.324721914,6.0000398189999995,0
RUN_01501__v2,CORE_position_value,RUN_01501,BY2,CORE,D16_seed_00,position_value,seed_00,A03,AB0111,v2,error_series,semisynthetic,yaw_3sigma_deg,56642,56642,0,0,0,0,0.544839939,6.0000398189999995,0
RUN_01502__v3,CORE_position_value,RUN_01502,BY2,CORE,D16_seed_00,position_value,seed_00,A04,AB1011,v3,error_series,semisynthetic,time,56642,56642,0,0,0,0,66.005054,339.997056,0
RUN_01502__v3,CORE_position_value,RUN_01502,BY2,CORE,D16_seed_00,position_value,seed_00,A04,AB1011,v3,error_series,semisynthetic,err_n_m,56642,56642,0,0,0,0,-0.42495842675701795,1.5103977242806934,42
RUN_01502__v3,CORE_position_value,RUN_01502,BY2,CORE,D16_seed_00,position_value,seed_00,A04,AB1011,v3,error_series,semisynthetic,err_e_m,56642,56642,0,0,0,0,-0.821262803080022,-0.17934199372431947,56642
RUN_01502__v3,CORE_position_value,RUN_01502,BY2,CORE,D16_seed_00,position_value,seed_00,A04,AB1011,v3,error_series,semisynthetic,err_u_m,56642,56642,0,0,0,0,0.31391408604792304,0.6835914962338023,0
RUN_01502__v3,CORE_position_value,RUN_01502,BY2,CORE,D16_seed_00,position_value,seed_00,A04,AB1011,v3,error_series,semisynthetic,horizontal_err_m,56642,56642,0,0,0,0,0.3191019517846972,1.6965010510954799,0
RUN_01502__v3,CORE_position_value,RUN_01502,BY2,CORE,D16_seed_00,position_value,seed_00,A04,AB1011,v3,error_series,semisynthetic,position_3d_err_m,56642,56642,0,0,0,0,0.4621127064686887,1.787945213677965,0
RUN_01502__v3,CORE_position_value,RUN_01502,BY2,CORE,D16_seed_00,position_value,seed_00,A04,AB1011,v3,error_series,semisynthetic,roll_err_deg,56642,56642,0,0,0,0,-3.9438511685632704,6.561721038139467,19951
RUN_01502__v3,CORE_position_value,RUN_01502,BY2,CORE,D16_seed_00,position_value,seed_00,A04,AB1011,v3,error_series,semisynthetic,pitch_err_deg,56642,56642,0,0,0,0,-8.223181024754467,8.498578025542628,37051
RUN_01502__v3,CORE_position_value,RUN_01502,BY2,CORE,D16_seed_00,position_value,seed_00,A04,AB1011,v3,error_series,semisynthetic,yaw_err_deg,56642,56642,0,0,0,0,-8.774741114238395,3.8361406652653045,42234
RUN_01502__v3,CORE_position_value,RUN_01502,BY2,CORE,D16_seed_00,position_value,seed_00,A04,AB1011,v3,error_series,semisynthetic,horizontal_3sigma_m,56642,56642,0,0,0,0,0.044773485660200424,42.43457969268709,0
RUN_01502__v3,CORE_position_value,RUN_01502,BY2,CORE,D16_seed_00,position_value,seed_00,A04,AB1011,v3,error_series,semisynthetic,roll_3sigma_deg,56642,56642,0,0,0,0,0.302972841,6.0000398189999995,0
RUN_01502__v3,CORE_position_value,RUN_01502,BY2,CORE,D16_seed_00,position_value,seed_00,A04,AB1011,v3,error_series,semisynthetic,pitch_3sigma_deg,56642,56642,0,0,0,0,0.30414161700000003,6.0000398189999995,0
RUN_01502__v3,CORE_position_value,RUN_01502,BY2,CORE,D16_seed_00,position_value,seed_00,A04,AB1011,v3,error_series,semisynthetic,yaw_3sigma_deg,56642,56642,0,0,0,0,0.5446359089999999,6.0000398189999995,0
RUN_01502__v2,CORE_position_value,RUN_01502,BY2,CORE,D16_seed_00,position_value,seed_00,A04,AB1011,v2,error_series,semisynthetic,time,56642,56642,0,0,0,0,66.005054,339.997056,0
RUN_01502__v2,CORE_position_value,RUN_01502,BY2,CORE,D16_seed_00,position_value,seed_00,A04,AB1011,v2,error_series,semisynthetic,err_n_m,56642,56642,0,0,0,0,-0.4534930991605105,1.5284595056490993,42
RUN_01502__v2,CORE_position_value,RUN_01502,BY2,CORE,D16_seed_00,position_value,seed_00,A04,AB1011,v2,error_series,semisynthetic,err_e_m,56642,56642,0,0,0,0,-0.9234885175325616,-0.031603738413819055,56642
RUN_01502__v2,CORE_position_value,RUN_01502,BY2,CORE,D16_seed_00,position_value,seed_00,A04,AB1011,v2,error_series,semisynthetic,err_u_m,56642,56642,0,0,0,0,0.011716817964821047,0.3704977522819348,0
RUN_01502__v2,CORE_position_value,RUN_01502,BY2,CORE,D16_seed_00,position_value,seed_00,A04,AB1011,v2,error_series,semisynthetic,horizontal_err_m,56642,56642,0,0,0,0,0.2973465297748341,1.7133089916938182,0
RUN_01502__v2,CORE_position_value,RUN_01502,BY2,CORE,D16_seed_00,position_value,seed_00,A04,AB1011,v2,error_series,semisynthetic,position_3d_err_m,56642,56642,0,0,0,0,0.29931256149164,1.7193713648758064,0
RUN_01502__v2,CORE_position_value,RUN_01502,BY2,CORE,D16_seed_00,position_value,seed_00,A04,AB1011,v2,error_series,semisynthetic,roll_err_deg,56642,56642,0,0,0,0,-3.9438511685632704,6.561721038139467,19951
RUN_01502__v2,CORE_position_value,RUN_01502,BY2,CORE,D16_seed_00,position_value,seed_00,A04,AB1011,v2,error_series,semisynthetic,pitch_err_deg,56642,56642,0,0,0,0,-8.223181024754467,8.498578025542628,37051
RUN_01502__v2,CORE_position_value,RUN_01502,BY2,CORE,D16_seed_00,position_value,seed_00,A04,AB1011,v2,error_series,semisynthetic,yaw_err_deg,56642,56642,0,0,0,0,-8.774741114238395,3.8361406652653045,42234
RUN_01502__v2,CORE_position_value,RUN_01502,BY2,CORE,D16_seed_00,position_value,seed_00,A04,AB1011,v2,error_series,semisynthetic,horizontal_3sigma_m,56642,56642,0,0,0,0,0.044773485660200424,42.43457969268709,0
RUN_01502__v2,CORE_position_value,RUN_01502,BY2,CORE,D16_seed_00,position_value,seed_00,A04,AB1011,v2,error_series,semisynthetic,roll_3sigma_deg,56642,56642,0,0,0,0,0.302972841,6.0000398189999995,0
RUN_01502__v2,CORE_position_value,RUN_01502,BY2,CORE,D16_seed_00,position_value,seed_00,A04,AB1011,v2,error_series,semisynthetic,pitch_3sigma_deg,56642,56642,0,0,0,0,0.30414161700000003,6.0000398189999995,0
RUN_01502__v2,CORE_position_value,RUN_01502,BY2,CORE,D16_seed_00,position_value,seed_00,A04,AB1011,v2,error_series,semisynthetic,yaw_3sigma_deg,56642,56642,0,0,0,0,0.5446359089999999,6.0000398189999995,0
RUN_01503__v3,CORE_position_value,RUN_01503,BY2,CORE,D16_seed_00,position_value,seed_00,A05,AB1101,v3,error_series,semisynthetic,time,56642,56642,0,0,0,0,66.005054,339.997056,0
RUN_01503__v3,CORE_position_value,RUN_01503,BY2,CORE,D16_seed_00,position_value,seed_00,A05,AB1101,v3,error_series,semisynthetic,err_n_m,56642,56642,0,0,0,0,-0.42495842675701795,1.5022651198063741,42
RUN_01503__v3,CORE_position_value,RUN_01503,BY2,CORE,D16_seed_00,position_value,seed_00,A05,AB1101,v3,error_series,semisynthetic,err_e_m,56642,56642,0,0,0,0,-0.8222213457653504,-0.17934199372431947,56642
RUN_01503__v3,CORE_position_value,RUN_01503,BY2,CORE,D16_seed_00,position_value,seed_00,A05,AB1101,v3,error_series,semisynthetic,err_u_m,56642,56642,0,0,0,0,0.3240425553884343,0.6711069767207327,0
RUN_01503__v3,CORE_position_value,RUN_01503,BY2,CORE,D16_seed_00,position_value,seed_00,A05,AB1101,v3,error_series,semisynthetic,horizontal_err_m,56642,56642,0,0,0,0,0.3191019517846972,1.6927185675878937,0
RUN_01503__v3,CORE_position_value,RUN_01503,BY2,CORE,D16_seed_00,position_value,seed_00,A05,AB1101,v3,error_series,semisynthetic,position_3d_err_m,56642,56642,0,0,0,0,0.4621127064686887,1.786141181369,0
RUN_01503__v3,CORE_position_value,RUN_01503,BY2,CORE,D16_seed_00,position_value,seed_00,A05,AB1101,v3,error_series,semisynthetic,roll_err_deg,56642,56642,0,0,0,0,-4.380147190563264,9.287103425296579,16185
RUN_01503__v3,CORE_position_value,RUN_01503,BY2,CORE,D16_seed_00,position_value,seed_00,A05,AB1101,v3,error_series,semisynthetic,pitch_err_deg,56642,56642,0,0,0,0,-9.986100414754446,8.448940744542625,37568
RUN_01503__v3,CORE_position_value,RUN_01503,BY2,CORE,D16_seed_00,position_value,seed_00,A05,AB1101,v3,error_series,semisynthetic,yaw_err_deg,56642,56642,0,0,0,0,-8.841482367238427,3.811918822265312,42292
RUN_01503__v3,CORE_position_value,RUN_01503,BY2,CORE,D16_seed_00,position_value,seed_00,A05,AB1101,v3,error_series,semisynthetic,horizontal_3sigma_m,56642,56642,0,0,0,0,0.045696550842165624,42.43457969268709,0
RUN_01503__v3,CORE_position_value,RUN_01503,BY2,CORE,D16_seed_00,position_value,seed_00,A05,AB1101,v3,error_series,semisynthetic,roll_3sigma_deg,56642,56642,0,0,0,0,0.39938472,6.0000398189999995,0
RUN_01503__v3,CORE_position_value,RUN_01503,BY2,CORE,D16_seed_00,position_value,seed_00,A05,AB1101,v3,error_series,semisynthetic,pitch_3sigma_deg,56642,56642,0,0,0,0,0.40752761700000006,6.0000398189999995,0
RUN_01503__v3,CORE_position_value,RUN_01503,BY2,CORE,D16_seed_00,position_value,seed_00,A05,AB1101,v3,error_series,semisynthetic,yaw_3sigma_deg,56642,56642,0,0,0,0,0.54498132,6.0000398189999995,0
RUN_01503__v2,CORE_position_value,RUN_01503,BY2,CORE,D16_seed_00,position_value,seed_00,A05,AB1101,v2,error_series,semisynthetic,time,56642,56642,0,0,0,0,66.005054,339.997056,0
RUN_01503__v2,CORE_position_value,RUN_01503,BY2,CORE,D16_seed_00,position_value,seed_00,A05,AB1101,v2,error_series,semisynthetic,err_n_m,56642,56642,0,0,0,0,-0.4534930991605105,1.5345664350638337,42
RUN_01503__v2,CORE_position_value,RUN_01503,BY2,CORE,D16_seed_00,position_value,seed_00,A05,AB1101,v2,error_series,semisynthetic,err_e_m,56642,56642,0,0,0,0,-0.9279998878546536,-0.031603738413819055,56642
RUN_01503__v2,CORE_position_value,RUN_01503,BY2,CORE,D16_seed_00,position_value,seed_00,A05,AB1101,v2,error_series,semisynthetic,err_u_m,56642,56642,0,0,0,0,0.01579436109773269,0.3626173639119443,0
RUN_01503__v2,CORE_position_value,RUN_01503,BY2,CORE,D16_seed_00,position_value,seed_00,A05,AB1101,v2,error_series,semisynthetic,horizontal_err_m,56642,56642,0,0,0,0,0.2973465297748341,1.7157315081936184,0
RUN_01503__v2,CORE_position_value,RUN_01503,BY2,CORE,D16_seed_00,position_value,seed_00,A05,AB1101,v2,error_series,semisynthetic,position_3d_err_m,56642,56642,0,0,0,0,0.29931256149164,1.7217550205589596,0
RUN_01503__v2,CORE_position_value,RUN_01503,BY2,CORE,D16_seed_00,position_value,seed_00,A05,AB1101,v2,error_series,semisynthetic,roll_err_deg,56642,56642,0,0,0,0,-4.380147190563264,9.287103425296579,16185
RUN_01503__v2,CORE_position_value,RUN_01503,BY2,CORE,D16_seed_00,position_value,seed_00,A05,AB1101,v2,error_series,semisynthetic,pitch_err_deg,56642,56642,0,0,0,0,-9.986100414754446,8.448940744542625,37568
RUN_01503__v2,CORE_position_value,RUN_01503,BY2,CORE,D16_seed_00,position_value,seed_00,A05,AB1101,v2,error_series,semisynthetic,yaw_err_deg,56642,56642,0,0,0,0,-8.841482367238427,3.811918822265312,42292
RUN_01503__v2,CORE_position_value,RUN_01503,BY2,CORE,D16_seed_00,position_value,seed_00,A05,AB1101,v2,error_series,semisynthetic,horizontal_3sigma_m,56642,56642,0,0,0,0,0.045696550842165624,42.43457969268709,0
RUN_01503__v2,CORE_position_value,RUN_01503,BY2,CORE,D16_seed_00,position_value,seed_00,A05,AB1101,v2,error_series,semisynthetic,roll_3sigma_deg,56642,56642,0,0,0,0,0.39938472,6.0000398189999995,0
RUN_01503__v2,CORE_position_value,RUN_01503,BY2,CORE,D16_seed_00,position_value,seed_00,A05,AB1101,v2,error_series,semisynthetic,pitch_3sigma_deg,56642,56642,0,0,0,0,0.40752761700000006,6.0000398189999995,0
RUN_01503__v2,CORE_position_value,RUN_01503,BY2,CORE,D16_seed_00,position_value,seed_00,A05,AB1101,v2,error_series,semisynthetic,yaw_3sigma_deg,56642,56642,0,0,0,0,0.54498132,6.0000398189999995,0
RUN_01504__v3,CORE_position_value,RUN_01504,BY2,CORE,D16_seed_00,position_value,seed_00,A06,AB1110,v3,error_series,semisynthetic,time,56642,56642,0,0,0,0,66.005054,339.997056,0
RUN_01504__v3,CORE_position_value,RUN_01504,BY2,CORE,D16_seed_00,position_value,seed_00,A06,AB1110,v3,error_series,semisynthetic,err_n_m,56642,56642,0,0,0,0,-0.42495842675701795,1.505022578529701,42
RUN_01504__v3,CORE_position_value,RUN_01504,BY2,CORE,D16_seed_00,position_value,seed_00,A06,AB1110,v3,error_series,semisynthetic,err_e_m,56642,56642,0,0,0,0,-0.8245439577017741,-0.17934199372431947,56642
RUN_01504__v3,CORE_position_value,RUN_01504,BY2,CORE,D16_seed_00,position_value,seed_00,A06,AB1110,v3,error_series,semisynthetic,err_u_m,56642,56642,0,0,0,0,0.3154800894485206,0.6673152737623713,0
RUN_01504__v3,CORE_position_value,RUN_01504,BY2,CORE,D16_seed_00,position_value,seed_00,A06,AB1110,v3,error_series,semisynthetic,horizontal_err_m,56642,56642,0,0,0,0,0.3191019517846972,1.6975256015162232,0
RUN_01504__v3,CORE_position_value,RUN_01504,BY2,CORE,D16_seed_00,position_value,seed_00,A06,AB1110,v3,error_series,semisynthetic,position_3d_err_m,56642,56642,0,0,0,0,0.4621127064686887,1.7891889522564945,0
RUN_01504__v3,CORE_position_value,RUN_01504,BY2,CORE,D16_seed_00,position_value,seed_00,A06,AB1110,v3,error_series,semisynthetic,roll_err_deg,56642,56642,0,0,0,0,-4.088772493563283,6.874443178296588,19305
RUN_01504__v3,CORE_position_value,RUN_01504,BY2,CORE,D16_seed_00,position_value,seed_00,A06,AB1110,v3,error_series,semisynthetic,pitch_err_deg,56642,56642,0,0,0,0,-8.570260809754473,8.516098752542632,37179
RUN_01504__v3,CORE_position_value,RUN_01504,BY2,CORE,D16_seed_00,position_value,seed_00,A06,AB1110,v3,error_series,semisynthetic,yaw_err_deg,56642,56642,0,0,0,0,-8.771576788238406,3.8373649412652924,42200
RUN_01504__v3,CORE_position_value,RUN_01504,BY2,CORE,D16_seed_00,position_value,seed_00,A06,AB1110,v3,error_series,semisynthetic,horizontal_3sigma_m,56642,56642,0,0,0,0,0.046505850993994124,42.43457969268709,0
RUN_01504__v3,CORE_position_value,RUN_01504,BY2,CORE,D16_seed_00,position_value,seed_00,A06,AB1110,v3,error_series,semisynthetic,roll_3sigma_deg,56642,56642,0,0,0,0,0.322828767,6.0000398189999995,0
RUN_01504__v3,CORE_position_value,RUN_01504,BY2,CORE,D16_seed_00,position_value,seed_00,A06,AB1110,v3,error_series,semisynthetic,pitch_3sigma_deg,56642,56642,0,0,0,0,0.324740523,6.0000398189999995,0
RUN_01504__v3,CORE_position_value,RUN_01504,BY2,CORE,D16_seed_00,position_value,seed_00,A06,AB1110,v3,error_series,semisynthetic,yaw_3sigma_deg,56642,56642,0,0,0,0,0.544827363,6.0000398189999995,0
RUN_01504__v2,CORE_position_value,RUN_01504,BY2,CORE,D16_seed_00,position_value,seed_00,A06,AB1110,v2,error_series,semisynthetic,time,56642,56642,0,0,0,0,66.005054,339.997056,0
RUN_01504__v2,CORE_position_value,RUN_01504,BY2,CORE,D16_seed_00,position_value,seed_00,A06,AB1110,v2,error_series,semisynthetic,err_n_m,56642,56642,0,0,0,0,-0.4534930991605105,1.5424499297532819,42
RUN_01504__v2,CORE_position_value,RUN_01504,BY2,CORE,D16_seed_00,position_value,seed_00,A06,AB1110,v2,error_series,semisynthetic,err_e_m,56642,56642,0,0,0,0,-0.9341496727835477,-0.031603738413819055,56642
RUN_01504__v2,CORE_position_value,RUN_01504,BY2,CORE,D16_seed_00,position_value,seed_00,A06,AB1110,v2,error_series,semisynthetic,err_u_m,56642,56642,0,0,0,0,0.012176068731925227,0.3620345483165721,0
RUN_01504__v2,CORE_position_value,RUN_01504,BY2,CORE,D16_seed_00,position_value,seed_00,A06,AB1110,v2,error_series,semisynthetic,horizontal_err_m,56642,56642,0,0,0,0,0.2973465297748341,1.7229328552552308,0
RUN_01504__v2,CORE_position_value,RUN_01504,BY2,CORE,D16_seed_00,position_value,seed_00,A06,AB1110,v2,error_series,semisynthetic,position_3d_err_m,56642,56642,0,0,0,0,0.29931256149164,1.7289557448789399,0
RUN_01504__v2,CORE_position_value,RUN_01504,BY2,CORE,D16_seed_00,position_value,seed_00,A06,AB1110,v2,error_series,semisynthetic,roll_err_deg,56642,56642,0,0,0,0,-4.088772493563283,6.874443178296588,19305
RUN_01504__v2,CORE_position_value,RUN_01504,BY2,CORE,D16_seed_00,position_value,seed_00,A06,AB1110,v2,error_series,semisynthetic,pitch_err_deg,56642,56642,0,0,0,0,-8.570260809754473,8.516098752542632,37179
RUN_01504__v2,CORE_position_value,RUN_01504,BY2,CORE,D16_seed_00,position_value,seed_00,A06,AB1110,v2,error_series,semisynthetic,yaw_err_deg,56642,56642,0,0,0,0,-8.771576788238406,3.8373649412652924,42200
RUN_01504__v2,CORE_position_value,RUN_01504,BY2,CORE,D16_seed_00,position_value,seed_00,A06,AB1110,v2,error_series,semisynthetic,horizontal_3sigma_m,56642,56642,0,0,0,0,0.046505850993994124,42.43457969268709,0
RUN_01504__v2,CORE_position_value,RUN_01504,BY2,CORE,D16_seed_00,position_value,seed_00,A06,AB1110,v2,error_series,semisynthetic,roll_3sigma_deg,56642,56642,0,0,0,0,0.322828767,6.0000398189999995,0
RUN_01504__v2,CORE_position_value,RUN_01504,BY2,CORE,D16_seed_00,position_value,seed_00,A06,AB1110,v2,error_series,semisynthetic,pitch_3sigma_deg,56642,56642,0,0,0,0,0.324740523,6.0000398189999995,0
RUN_01504__v2,CORE_position_value,RUN_01504,BY2,CORE,D16_seed_00,position_value,seed_00,A06,AB1110,v2,error_series,semisynthetic,yaw_3sigma_deg,56642,56642,0,0,0,0,0.544827363,6.0000398189999995,0
RUN_01505__v3,CORE_position_value,RUN_01505,BY2,CORE,D16_seed_00,position_value,seed_00,A07,AB1100,v3,error_series,semisynthetic,time,56642,56642,0,0,0,0,66.005054,339.997056,0
RUN_01505__v3,CORE_position_value,RUN_01505,BY2,CORE,D16_seed_00,position_value,seed_00,A07,AB1100,v3,error_series,semisynthetic,err_n_m,56642,56642,0,0,0,0,-0.42495842675701795,1.5007384411295384,42
RUN_01505__v3,CORE_position_value,RUN_01505,BY2,CORE,D16_seed_00,position_value,seed_00,A07,AB1100,v3,error_series,semisynthetic,err_e_m,56642,56642,0,0,0,0,-0.8238594393626126,-0.17934199372431947,56642
RUN_01505__v3,CORE_position_value,RUN_01505,BY2,CORE,D16_seed_00,position_value,seed_00,A07,AB1100,v3,error_series,semisynthetic,err_u_m,56642,56642,0,0,0,0,0.3239945677849896,0.6706275556055772,0
RUN_01505__v3,CORE_position_value,RUN_01505,BY2,CORE,D16_seed_00,position_value,seed_00,A07,AB1100,v3,error_series,semisynthetic,horizontal_err_m,56642,56642,0,0,0,0,0.3191019517846972,1.6931622087330915,0
RUN_01505__v3,CORE_position_value,RUN_01505,BY2,CORE,D16_seed_00,position_value,seed_00,A07,AB1100,v3,error_series,semisynthetic,position_3d_err_m,56642,56642,0,0,0,0,0.4621127064686887,1.7865611647369908,0
RUN_01505__v3,CORE_position_value,RUN_01505,BY2,CORE,D16_seed_00,position_value,seed_00,A07,AB1100,v3,error_series,semisynthetic,roll_err_deg,56642,56642,0,0,0,0,-4.39665365956327,9.291092497296574,16204
RUN_01505__v3,CORE_position_value,RUN_01505,BY2,CORE,D16_seed_00,position_value,seed_00,A07,AB1100,v3,error_series,semisynthetic,pitch_err_deg,56642,56642,0,0,0,0,-9.986169552754461,8.463996808542646,37500
RUN_01505__v3,CORE_position_value,RUN_01505,BY2,CORE,D16_seed_00,position_value,seed_00,A07,AB1100,v3,error_series,semisynthetic,yaw_err_deg,56642,56642,0,0,0,0,-8.842872258238401,3.8108172772653006,42302
RUN_01505__v3,CORE_position_value,RUN_01505,BY2,CORE,D16_seed_00,position_value,seed_00,A07,AB1100,v3,error_series,semisynthetic,horizontal_3sigma_m,56642,56642,0,0,0,0,0.04654535031407929,42.43457969268709,0
RUN_01505__v3,CORE_position_value,RUN_01505,BY2,CORE,D16_seed_00,position_value,seed_00,A07,AB1100,v3,error_series,semisynthetic,roll_3sigma_deg,56642,56642,0,0,0,0,0.399458502,6.0000398189999995,0
RUN_01505__v3,CORE_position_value,RUN_01505,BY2,CORE,D16_seed_00,position_value,seed_00,A07,AB1100,v3,error_series,semisynthetic,pitch_3sigma_deg,56642,56642,0,0,0,0,0.407586264,6.0000398189999995,0
RUN_01505__v3,CORE_position_value,RUN_01505,BY2,CORE,D16_seed_00,position_value,seed_00,A07,AB1100,v3,error_series,semisynthetic,yaw_3sigma_deg,56642,56642,0,0,0,0,0.545036772,6.0000398189999995,0
RUN_01505__v2,CORE_position_value,RUN_01505,BY2,CORE,D16_seed_00,position_value,seed_00,A07,AB1100,v2,error_series,semisynthetic,time,56642,56642,0,0,0,0,66.005054,339.997056,0
RUN_01505__v2,CORE_position_value,RUN_01505,BY2,CORE,D16_seed_00,position_value,seed_00,A07,AB1100,v2,error_series,semisynthetic,err_n_m,56642,56642,0,0,0,0,-0.4534930991605105,1.5423388942323513,42
RUN_01505__v2,CORE_position_value,RUN_01505,BY2,CORE,D16_seed_00,position_value,seed_00,A07,AB1100,v2,error_series,semisynthetic,err_e_m,56642,56642,0,0,0,0,-0.9337225895133088,-0.031603738413819055,56642
RUN_01505__v2,CORE_position_value,RUN_01505,BY2,CORE,D16_seed_00,position_value,seed_00,A07,AB1100,v2,error_series,semisynthetic,err_u_m,56642,56642,0,0,0,0,0.015742684743923263,0.3625971798055243,0
RUN_01505__v2,CORE_position_value,RUN_01505,BY2,CORE,D16_seed_00,position_value,seed_00,A07,AB1100,v2,error_series,semisynthetic,horizontal_err_m,56642,56642,0,0,0,0,0.2973465297748341,1.7208563026486463,0
RUN_01505__v2,CORE_position_value,RUN_01505,BY2,CORE,D16_seed_00,position_value,seed_00,A07,AB1100,v2,error_series,semisynthetic,position_3d_err_m,56642,56642,0,0,0,0,0.29931256149164,1.7268630018788274,0
RUN_01505__v2,CORE_position_value,RUN_01505,BY2,CORE,D16_seed_00,position_value,seed_00,A07,AB1100,v2,error_series,semisynthetic,roll_err_deg,56642,56642,0,0,0,0,-4.39665365956327,9.291092497296574,16204
RUN_01505__v2,CORE_position_value,RUN_01505,BY2,CORE,D16_seed_00,position_value,seed_00,A07,AB1100,v2,error_series,semisynthetic,pitch_err_deg,56642,56642,0,0,0,0,-9.986169552754461,8.463996808542646,37500
RUN_01505__v2,CORE_position_value,RUN_01505,BY2,CORE,D16_seed_00,position_value,seed_00,A07,AB1100,v2,error_series,semisynthetic,yaw_err_deg,56642,56642,0,0,0,0,-8.842872258238401,3.8108172772653006,42302
RUN_01505__v2,CORE_position_value,RUN_01505,BY2,CORE,D16_seed_00,position_value,seed_00,A07,AB1100,v2,error_series,semisynthetic,horizontal_3sigma_m,56642,56642,0,0,0,0,0.04654535031407929,42.43457969268709,0
RUN_01505__v2,CORE_position_value,RUN_01505,BY2,CORE,D16_seed_00,position_value,seed_00,A07,AB1100,v2,error_series,semisynthetic,roll_3sigma_deg,56642,56642,0,0,0,0,0.399458502,6.0000398189999995,0
RUN_01505__v2,CORE_position_value,RUN_01505,BY2,CORE,D16_seed_00,position_value,seed_00,A07,AB1100,v2,error_series,semisynthetic,pitch_3sigma_deg,56642,56642,0,0,0,0,0.407586264,6.0000398189999995,0
RUN_01505__v2,CORE_position_value,RUN_01505,BY2,CORE,D16_seed_00,position_value,seed_00,A07,AB1100,v2,error_series,semisynthetic,yaw_3sigma_deg,56642,56642,0,0,0,0,0.545036772,6.0000398189999995,0
RUN_01506__v3,CORE_position_value,RUN_01506,BY2,CORE,D16_seed_00,position_value,seed_00,A08,AB1000,v3,error_series,semisynthetic,time,56642,56642,0,0,0,0,66.005054,339.997056,0
RUN_01506__v3,CORE_position_value,RUN_01506,BY2,CORE,D16_seed_00,position_value,seed_00,A08,AB1000,v3,error_series,semisynthetic,err_n_m,56642,56642,0,0,0,0,-0.42495842675701795,1.5007459803955214,42
RUN_01506__v3,CORE_position_value,RUN_01506,BY2,CORE,D16_seed_00,position_value,seed_00,A08,AB1000,v3,error_series,semisynthetic,err_e_m,56642,56642,0,0,0,0,-0.8238865119032672,-0.17934199372431947,56642
RUN_01506__v3,CORE_position_value,RUN_01506,BY2,CORE,D16_seed_00,position_value,seed_00,A08,AB1000,v3,error_series,semisynthetic,err_u_m,56642,56642,0,0,0,0,0.3239896606894064,0.6936397566361272,0
RUN_01506__v3,CORE_position_value,RUN_01506,BY2,CORE,D16_seed_00,position_value,seed_00,A08,AB1000,v3,error_series,semisynthetic,horizontal_err_m,56642,56642,0,0,0,0,0.3191019517846972,1.6931815452802248,0
RUN_01506__v3,CORE_position_value,RUN_01506,BY2,CORE,D16_seed_00,position_value,seed_00,A08,AB1000,v3,error_series,semisynthetic,position_3d_err_m,56642,56642,0,0,0,0,0.4621127064686887,1.7864664451909487,0
RUN_01506__v3,CORE_position_value,RUN_01506,BY2,CORE,D16_seed_00,position_value,seed_00,A08,AB1000,v3,error_series,semisynthetic,roll_err_deg,56642,56642,0,0,0,0,-4.396009970563284,9.287268574296576,16232
RUN_01506__v3,CORE_position_value,RUN_01506,BY2,CORE,D16_seed_00,position_value,seed_00,A08,AB1000,v3,error_series,semisynthetic,pitch_err_deg,56642,56642,0,0,0,0,-9.984312977754456,8.464378586542637,37497
RUN_01506__v3,CORE_position_value,RUN_01506,BY2,CORE,D16_seed_00,position_value,seed_00,A08,AB1000,v3,error_series,semisynthetic,yaw_err_deg,56642,56642,0,0,0,0,-8.84493515723841,3.810318692265298,42328
RUN_01506__v3,CORE_position_value,RUN_01506,BY2,CORE,D16_seed_00,position_value,seed_00,A08,AB1000,v3,error_series,semisynthetic,horizontal_3sigma_m,56642,56642,0,0,0,0,0.046344483832472284,42.43457969268709,0
RUN_01506__v3,CORE_position_value,RUN_01506,BY2,CORE,D16_seed_00,position_value,seed_00,A08,AB1000,v3,error_series,semisynthetic,roll_3sigma_deg,56642,56642,0,0,0,0,0.399449241,6.0000398189999995,0
RUN_01506__v3,CORE_position_value,RUN_01506,BY2,CORE,D16_seed_00,position_value,seed_00,A08,AB1000,v3,error_series,semisynthetic,pitch_3sigma_deg,56642,56642,0,0,0,0,0.40757365200000006,6.0000398189999995,0
RUN_01506__v3,CORE_position_value,RUN_01506,BY2,CORE,D16_seed_00,position_value,seed_00,A08,AB1000,v3,error_series,semisynthetic,yaw_3sigma_deg,56642,56642,0,0,0,0,0.544899969,6.0000398189999995,0
RUN_01506__v2,CORE_position_value,RUN_01506,BY2,CORE,D16_seed_00,position_value,seed_00,A08,AB1000,v2,error_series,semisynthetic,time,56642,56642,0,0,0,0,66.005054,339.997056,0
RUN_01506__v2,CORE_position_value,RUN_01506,BY2,CORE,D16_seed_00,position_value,seed_00,A08,AB1000,v2,error_series,semisynthetic,err_n_m,56642,56642,0,0,0,0,-0.4534930991605105,1.5424499300490417,42
RUN_01506__v2,CORE_position_value,RUN_01506,BY2,CORE,D16_seed_00,position_value,seed_00,A08,AB1000,v2,error_series,semisynthetic,err_e_m,56642,56642,0,0,0,0,-0.9337225895349519,-0.031603738413819055,56642
RUN_01506__v2,CORE_position_value,RUN_01506,BY2,CORE,D16_seed_00,position_value,seed_00,A08,AB1000,v2,error_series,semisynthetic,err_u_m,56642,56642,0,0,0,0,0.015742091665202906,0.3763503241591408,0
RUN_01506__v2,CORE_position_value,RUN_01506,BY2,CORE,D16_seed_00,position_value,seed_00,A08,AB1000,v2,error_series,semisynthetic,horizontal_err_m,56642,56642,0,0,0,0,0.2973465297748341,1.72085630319886,0
RUN_01506__v2,CORE_position_value,RUN_01506,BY2,CORE,D16_seed_00,position_value,seed_00,A08,AB1000,v2,error_series,semisynthetic,position_3d_err_m,56642,56642,0,0,0,0,0.29931256149164,1.7268633127241853,0
RUN_01506__v2,CORE_position_value,RUN_01506,BY2,CORE,D16_seed_00,position_value,seed_00,A08,AB1000,v2,error_series,semisynthetic,roll_err_deg,56642,56642,0,0,0,0,-4.396009970563284,9.287268574296576,16232
RUN_01506__v2,CORE_position_value,RUN_01506,BY2,CORE,D16_seed_00,position_value,seed_00,A08,AB1000,v2,error_series,semisynthetic,pitch_err_deg,56642,56642,0,0,0,0,-9.984312977754456,8.464378586542637,37497
RUN_01506__v2,CORE_position_value,RUN_01506,BY2,CORE,D16_seed_00,position_value,seed_00,A08,AB1000,v2,error_series,semisynthetic,yaw_err_deg,56642,56642,0,0,0,0,-8.84493515723841,3.810318692265298,42328
RUN_01506__v2,CORE_position_value,RUN_01506,BY2,CORE,D16_seed_00,position_value,seed_00,A08,AB1000,v2,error_series,semisynthetic,horizontal_3sigma_m,56642,56642,0,0,0,0,0.046344483832472284,42.43457969268709,0
RUN_01506__v2,CORE_position_value,RUN_01506,BY2,CORE,D16_seed_00,position_value,seed_00,A08,AB1000,v2,error_series,semisynthetic,roll_3sigma_deg,56642,56642,0,0,0,0,0.399449241,6.0000398189999995,0
RUN_01506__v2,CORE_position_value,RUN_01506,BY2,CORE,D16_seed_00,position_value,seed_00,A08,AB1000,v2,error_series,semisynthetic,pitch_3sigma_deg,56642,56642,0,0,0,0,0.40757365200000006,6.0000398189999995,0
RUN_01506__v2,CORE_position_value,RUN_01506,BY2,CORE,D16_seed_00,position_value,seed_00,A08,AB1000,v2,error_series,semisynthetic,yaw_3sigma_deg,56642,56642,0,0,0,0,0.544899969,6.0000398189999995,0
RUN_01507__v3,CORE_position_value,RUN_01507,BY2,CORE,D16_seed_00,position_value,seed_00,A09,AB0100,v3,error_series,semisynthetic,time,56642,56642,0,0,0,0,66.005054,339.997056,0
RUN_01507__v3,CORE_position_value,RUN_01507,BY2,CORE,D16_seed_00,position_value,seed_00,A09,AB0100,v3,error_series,semisynthetic,err_n_m,56642,56642,0,0,0,0,-0.42495842675701795,1.50072183089857,42
RUN_01507__v3,CORE_position_value,RUN_01507,BY2,CORE,D16_seed_00,position_value,seed_00,A09,AB0100,v3,error_series,semisynthetic,err_e_m,56642,56642,0,0,0,0,-0.823853902217702,-0.17934199372431947,56642
RUN_01507__v3,CORE_position_value,RUN_01507,BY2,CORE,D16_seed_00,position_value,seed_00,A09,AB0100,v3,error_series,semisynthetic,err_u_m,56642,56642,0,0,0,0,0.3239760313895559,0.6705176819472243,0
RUN_01507__v3,CORE_position_value,RUN_01507,BY2,CORE,D16_seed_00,position_value,seed_00,A09,AB0100,v3,error_series,semisynthetic,horizontal_err_m,56642,56642,0,0,0,0,0.3191019517846972,1.6931446787129294,0
RUN_01507__v3,CORE_position_value,RUN_01507,BY2,CORE,D16_seed_00,position_value,seed_00,A09,AB0100,v3,error_series,semisynthetic,position_3d_err_m,56642,56642,0,0,0,0,0.4621127064686887,1.786591759221364,0
RUN_01507__v3,CORE_position_value,RUN_01507,BY2,CORE,D16_seed_00,position_value,seed_00,A09,AB0100,v3,error_series,semisynthetic,roll_err_deg,56642,56642,0,0,0,0,-4.395955929563286,9.286235985296571,16196
RUN_01507__v3,CORE_position_value,RUN_01507,BY2,CORE,D16_seed_00,position_value,seed_00,A09,AB0100,v3,error_series,semisynthetic,pitch_err_deg,56642,56642,0,0,0,0,-9.984586035754461,8.452453805542632,37537
RUN_01507__v3,CORE_position_value,RUN_01507,BY2,CORE,D16_seed_00,position_value,seed_00,A09,AB0100,v3,error_series,semisynthetic,yaw_err_deg,56642,56642,0,0,0,0,-8.846744640238398,3.8087338952653056,42241
RUN_01507__v3,CORE_position_value,RUN_01507,BY2,CORE,D16_seed_00,position_value,seed_00,A09,AB0100,v3,error_series,semisynthetic,horizontal_3sigma_m,56642,56642,0,0,0,0,0.046943777603695974,42.43457969268709,0
RUN_01507__v3,CORE_position_value,RUN_01507,BY2,CORE,D16_seed_00,position_value,seed_00,A09,AB0100,v3,error_series,semisynthetic,roll_3sigma_deg,56642,56642,0,0,0,0,0.399507882,6.0000398189999995,0
RUN_01507__v3,CORE_position_value,RUN_01507,BY2,CORE,D16_seed_00,position_value,seed_00,A09,AB0100,v3,error_series,semisynthetic,pitch_3sigma_deg,56642,56642,0,0,0,0,0.40762094700000007,6.0000398189999995,0
RUN_01507__v3,CORE_position_value,RUN_01507,BY2,CORE,D16_seed_00,position_value,seed_00,A09,AB0100,v3,error_series,semisynthetic,yaw_3sigma_deg,56642,56642,0,0,0,0,0.545104107,6.0000398189999995,0
RUN_01507__v2,CORE_position_value,RUN_01507,BY2,CORE,D16_seed_00,position_value,seed_00,A09,AB0100,v2,error_series,semisynthetic,time,56642,56642,0,0,0,0,66.005054,339.997056,0
RUN_01507__v2,CORE_position_value,RUN_01507,BY2,CORE,D16_seed_00,position_value,seed_00,A09,AB0100,v2,error_series,semisynthetic,err_n_m,56642,56642,0,0,0,0,-0.4534930991605105,1.539438158756651,42
RUN_01507__v2,CORE_position_value,RUN_01507,BY2,CORE,D16_seed_00,position_value,seed_00,A09,AB0100,v2,error_series,semisynthetic,err_e_m,56642,56642,0,0,0,0,-0.9363703835346513,-0.031603738413819055,56642
RUN_01507__v2,CORE_position_value,RUN_01507,BY2,CORE,D16_seed_00,position_value,seed_00,A09,AB0100,v2,error_series,semisynthetic,err_u_m,56642,56642,0,0,0,0,0.015730069273992342,0.359936375704347,0
RUN_01507__v2,CORE_position_value,RUN_01507,BY2,CORE,D16_seed_00,position_value,seed_00,A09,AB0100,v2,error_series,semisynthetic,horizontal_err_m,56642,56642,0,0,0,0,0.2973465297748341,1.7193840166772691,0
RUN_01507__v2,CORE_position_value,RUN_01507,BY2,CORE,D16_seed_00,position_value,seed_00,A09,AB0100,v2,error_series,semisynthetic,position_3d_err_m,56642,56642,0,0,0,0,0.29931256149164,1.7249738311277514,0
RUN_01507__v2,CORE_position_value,RUN_01507,BY2,CORE,D16_seed_00,position_value,seed_00,A09,AB0100,v2,error_series,semisynthetic,roll_err_deg,56642,56642,0,0,0,0,-4.395955929563286,9.286235985296571,16196
RUN_01507__v2,CORE_position_value,RUN_01507,BY2,CORE,D16_seed_00,position_value,seed_00,A09,AB0100,v2,error_series,semisynthetic,pitch_err_deg,56642,56642,0,0,0,0,-9.984586035754461,8.452453805542632,37537
RUN_01507__v2,CORE_position_value,RUN_01507,BY2,CORE,D16_seed_00,position_value,seed_00,A09,AB0100,v2,error_series,semisynthetic,yaw_err_deg,56642,56642,0,0,0,0,-8.846744640238398,3.8087338952653056,42241
RUN_01507__v2,CORE_position_value,RUN_01507,BY2,CORE,D16_seed_00,position_value,seed_00,A09,AB0100,v2,error_series,semisynthetic,horizontal_3sigma_m,56642,56642,0,0,0,0,0.046943777603695974,42.43457969268709,0
RUN_01507__v2,CORE_position_value,RUN_01507,BY2,CORE,D16_seed_00,position_value,seed_00,A09,AB0100,v2,error_series,semisynthetic,roll_3sigma_deg,56642,56642,0,0,0,0,0.399507882,6.0000398189999995,0
RUN_01507__v2,CORE_position_value,RUN_01507,BY2,CORE,D16_seed_00,position_value,seed_00,A09,AB0100,v2,error_series,semisynthetic,pitch_3sigma_deg,56642,56642,0,0,0,0,0.40762094700000007,6.0000398189999995,0
RUN_01507__v2,CORE_position_value,RUN_01507,BY2,CORE,D16_seed_00,position_value,seed_00,A09,AB0100,v2,error_series,semisynthetic,yaw_3sigma_deg,56642,56642,0,0,0,0,0.545104107,6.0000398189999995,0
RUN_01596__v3,CORE_position_value,RUN_01596,BY2,CORE,D17_seed_00,position_value,seed_00,F01,single_antenna_EKF,v3,error_series,semisynthetic,time,56642,56642,0,0,0,0,66.005054,339.997056,0
RUN_01596__v3,CORE_position_value,RUN_01596,BY2,CORE,D17_seed_00,position_value,seed_00,F01,single_antenna_EKF,v3,error_series,semisynthetic,err_n_m,56642,56642,0,0,0,0,-0.42495842675701795,2.8149908443648783,42
RUN_01596__v3,CORE_position_value,RUN_01596,BY2,CORE,D17_seed_00,position_value,seed_00,F01,single_antenna_EKF,v3,error_series,semisynthetic,err_e_m,56642,56642,0,0,0,0,-1.531230025060677,-0.17934199372431947,56642
RUN_01596__v3,CORE_position_value,RUN_01596,BY2,CORE,D17_seed_00,position_value,seed_00,F01,single_antenna_EKF,v3,error_series,semisynthetic,err_u_m,56642,56642,0,0,0,0,0.32943994214133765,1.170822801635346,0
RUN_01596__v3,CORE_position_value,RUN_01596,BY2,CORE,D17_seed_00,position_value,seed_00,F01,single_antenna_EKF,v3,error_series,semisynthetic,horizontal_err_m,56642,56642,0,0,0,0,0.3191019517846972,3.167613592879654,0
RUN_01596__v3,CORE_position_value,RUN_01596,BY2,CORE,D17_seed_00,position_value,seed_00,F01,single_antenna_EKF,v3,error_series,semisynthetic,position_3d_err_m,56642,56642,0,0,0,0,0.4621127064686887,3.3435572758089287,0
RUN_01596__v3,CORE_position_value,RUN_01596,BY2,CORE,D17_seed_00,position_value,seed_00,F01,single_antenna_EKF,v3,error_series,semisynthetic,roll_err_deg,56642,56642,0,0,0,0,-4.456690369563262,9.286121562296586,16203
RUN_01596__v3,CORE_position_value,RUN_01596,BY2,CORE,D17_seed_00,position_value,seed_00,F01,single_antenna_EKF,v3,error_series,semisynthetic,pitch_err_deg,56642,56642,0,0,0,0,-9.986786399754465,8.452285055542632,37680
RUN_01596__v3,CORE_position_value,RUN_01596,BY2,CORE,D17_seed_00,position_value,seed_00,F01,single_antenna_EKF,v3,error_series,semisynthetic,yaw_err_deg,56642,56642,0,0,0,0,-18.2876369132384,1.0894918861452538,56301
RUN_01596__v3,CORE_position_value,RUN_01596,BY2,CORE,D17_seed_00,position_value,seed_00,F01,single_antenna_EKF,v3,error_series,semisynthetic,horizontal_3sigma_m,56642,56642,0,0,0,0,0.04700990880282893,42.43457969268709,0
RUN_01596__v3,CORE_position_value,RUN_01596,BY2,CORE,D17_seed_00,position_value,seed_00,F01,single_antenna_EKF,v3,error_series,semisynthetic,roll_3sigma_deg,56642,56642,0,0,0,0,0.40703452800000006,6.0000398189999995,0
RUN_01596__v3,CORE_position_value,RUN_01596,BY2,CORE,D17_seed_00,position_value,seed_00,F01,single_antenna_EKF,v3,error_series,semisynthetic,pitch_3sigma_deg,56642,56642,0,0,0,0,0.41056005000000007,6.0000398189999995,0
RUN_01596__v3,CORE_position_value,RUN_01596,BY2,CORE,D17_seed_00,position_value,seed_00,F01,single_antenna_EKF,v3,error_series,semisynthetic,yaw_3sigma_deg,56642,56642,0,0,0,0,2.584935012,6.0000398189999995,0
RUN_01596__v2,CORE_position_value,RUN_01596,BY2,CORE,D17_seed_00,position_value,seed_00,F01,single_antenna_EKF,v2,error_series,semisynthetic,time,56642,56642,0,0,0,0,66.005054,339.997056,0
RUN_01596__v2,CORE_position_value,RUN_01596,BY2,CORE,D17_seed_00,position_value,seed_00,F01,single_antenna_EKF,v2,error_series,semisynthetic,err_n_m,56642,56642,0,0,0,0,-0.4534930991605105,2.860650165967142,42
RUN_01596__v2,CORE_position_value,RUN_01596,BY2,CORE,D17_seed_00,position_value,seed_00,F01,single_antenna_EKF,v2,error_series,semisynthetic,err_e_m,56642,56642,0,0,0,0,-1.6514392687348334,-0.031603738413819055,56642
RUN_01596__v2,CORE_position_value,RUN_01596,BY2,CORE,D17_seed_00,position_value,seed_00,F01,single_antenna_EKF,v2,error_series,semisynthetic,err_u_m,56642,56642,0,0,0,0,0.031022183468040997,0.859942761408254,0
RUN_01596__v2,CORE_position_value,RUN_01596,BY2,CORE,D17_seed_00,position_value,seed_00,F01,single_antenna_EKF,v2,error_series,semisynthetic,horizontal_err_m,56642,56642,0,0,0,0,0.2973465297748341,3.221663989894626,0
RUN_01596__v2,CORE_position_value,RUN_01596,BY2,CORE,D17_seed_00,position_value,seed_00,F01,single_antenna_EKF,v2,error_series,semisynthetic,position_3d_err_m,56642,56642,0,0,0,0,0.29931256149164,3.284377773673517,0
RUN_01596__v2,CORE_position_value,RUN_01596,BY2,CORE,D17_seed_00,position_value,seed_00,F01,single_antenna_EKF,v2,error_series,semisynthetic,roll_err_deg,56642,56642,0,0,0,0,-4.456690369563262,9.286121562296586,16203
RUN_01596__v2,CORE_position_value,RUN_01596,BY2,CORE,D17_seed_00,position_value,seed_00,F01,single_antenna_EKF,v2,error_series,semisynthetic,pitch_err_deg,56642,56642,0,0,0,0,-9.986786399754465,8.452285055542632,37680
RUN_01596__v2,CORE_position_value,RUN_01596,BY2,CORE,D17_seed_00,position_value,seed_00,F01,single_antenna_EKF,v2,error_series,semisynthetic,yaw_err_deg,56642,56642,0,0,0,0,-18.2876369132384,1.0894918861452538,56301
RUN_01596__v2,CORE_position_value,RUN_01596,BY2,CORE,D17_seed_00,position_value,seed_00,F01,single_antenna_EKF,v2,error_series,semisynthetic,horizontal_3sigma_m,56642,56642,0,0,0,0,0.04700990880282893,42.43457969268709,0
RUN_01596__v2,CORE_position_value,RUN_01596,BY2,CORE,D17_seed_00,position_value,seed_00,F01,single_antenna_EKF,v2,error_series,semisynthetic,roll_3sigma_deg,56642,56642,0,0,0,0,0.40703452800000006,6.0000398189999995,0
RUN_01596__v2,CORE_position_value,RUN_01596,BY2,CORE,D17_seed_00,position_value,seed_00,F01,single_antenna_EKF,v2,error_series,semisynthetic,pitch_3sigma_deg,56642,56642,0,0,0,0,0.41056005000000007,6.0000398189999995,0
RUN_01596__v2,CORE_position_value,RUN_01596,BY2,CORE,D17_seed_00,position_value,seed_00,F01,single_antenna_EKF,v2,error_series,semisynthetic,yaw_3sigma_deg,56642,56642,0,0,0,0,2.584935012,6.0000398189999995,0
RUN_01597__v3,CORE_position_value,RUN_01597,BY2,CORE,D17_seed_00,position_value,seed_00,F02,basic_dual_yaw_EKF,v3,error_series,semisynthetic,time,56642,56642,0,0,0,0,66.005054,339.997056,0
RUN_01597__v3,CORE_position_value,RUN_01597,BY2,CORE,D17_seed_00,position_value,seed_00,F02,basic_dual_yaw_EKF,v3,error_series,semisynthetic,err_n_m,56642,56642,0,0,0,0,-0.42495842675701795,2.821141965513739,42
RUN_01597__v3,CORE_position_value,RUN_01597,BY2,CORE,D17_seed_00,position_value,seed_00,F02,basic_dual_yaw_EKF,v3,error_series,semisynthetic,err_e_m,56642,56642,0,0,0,0,-1.5329473140764112,-0.17934199372431947,56642
RUN_01597__v3,CORE_position_value,RUN_01597,BY2,CORE,D17_seed_00,position_value,seed_00,F02,basic_dual_yaw_EKF,v3,error_series,semisynthetic,err_u_m,56642,56642,0,0,0,0,0.32943994214133765,1.1695710251231368,0
RUN_01597__v3,CORE_position_value,RUN_01597,BY2,CORE,D17_seed_00,position_value,seed_00,F02,basic_dual_yaw_EKF,v3,error_series,semisynthetic,horizontal_err_m,56642,56642,0,0,0,0,0.3191019517846972,3.1870393037984512,0
RUN_01597__v3,CORE_position_value,RUN_01597,BY2,CORE,D17_seed_00,position_value,seed_00,F02,basic_dual_yaw_EKF,v3,error_series,semisynthetic,position_3d_err_m,56642,56642,0,0,0,0,0.4621127064686887,3.362200122668692,0
RUN_01597__v3,CORE_position_value,RUN_01597,BY2,CORE,D17_seed_00,position_value,seed_00,F02,basic_dual_yaw_EKF,v3,error_series,semisynthetic,roll_err_deg,56642,56642,0,0,0,0,-4.3327013665632705,9.318983612296591,16220
RUN_01597__v3,CORE_position_value,RUN_01597,BY2,CORE,D17_seed_00,position_value,seed_00,F02,basic_dual_yaw_EKF,v3,error_series,semisynthetic,pitch_err_deg,56642,56642,0,0,0,0,-9.987107557754456,8.416575865542626,37546
RUN_01597__v3,CORE_position_value,RUN_01597,BY2,CORE,D17_seed_00,position_value,seed_00,F02,basic_dual_yaw_EKF,v3,error_series,semisynthetic,yaw_err_deg,56642,56642,0,0,0,0,-10.136883168238398,3.845253377265294,43816
RUN_01597__v3,CORE_position_value,RUN_01597,BY2,CORE,D17_seed_00,position_value,seed_00,F02,basic_dual_yaw_EKF,v3,error_series,semisynthetic,horizontal_3sigma_m,56642,56642,0,0,0,0,0.05178557145809494,42.43457969268709,0
RUN_01597__v3,CORE_position_value,RUN_01597,BY2,CORE,D17_seed_00,position_value,seed_00,F02,basic_dual_yaw_EKF,v3,error_series,semisynthetic,roll_3sigma_deg,56642,56642,0,0,0,0,0.400134168,6.000072272999999,0
RUN_01597__v3,CORE_position_value,RUN_01597,BY2,CORE,D17_seed_00,position_value,seed_00,F02,basic_dual_yaw_EKF,v3,error_series,semisynthetic,pitch_3sigma_deg,56642,56642,0,0,0,0,0.408191136,6.000072231,0
RUN_01597__v3,CORE_position_value,RUN_01597,BY2,CORE,D17_seed_00,position_value,seed_00,F02,basic_dual_yaw_EKF,v3,error_series,semisynthetic,yaw_3sigma_deg,56642,56642,0,0,0,0,0.528417057,6.0000398189999995,0
RUN_01597__v2,CORE_position_value,RUN_01597,BY2,CORE,D17_seed_00,position_value,seed_00,F02,basic_dual_yaw_EKF,v2,error_series,semisynthetic,time,56642,56642,0,0,0,0,66.005054,339.997056,0
RUN_01597__v2,CORE_position_value,RUN_01597,BY2,CORE,D17_seed_00,position_value,seed_00,F02,basic_dual_yaw_EKF,v2,error_series,semisynthetic,err_n_m,56642,56642,0,0,0,0,-0.4534930991605105,2.8429955367445015,42
RUN_01597__v2,CORE_position_value,RUN_01597,BY2,CORE,D17_seed_00,position_value,seed_00,F02,basic_dual_yaw_EKF,v2,error_series,semisynthetic,err_e_m,56642,56642,0,0,0,0,-1.6478810432508055,-0.031603738413819055,56642
RUN_01597__v2,CORE_position_value,RUN_01597,BY2,CORE,D17_seed_00,position_value,seed_00,F02,basic_dual_yaw_EKF,v2,error_series,semisynthetic,err_u_m,56642,56642,0,0,0,0,0.031022183468040997,0.8622009691793799,0
RUN_01597__v2,CORE_position_value,RUN_01597,BY2,CORE,D17_seed_00,position_value,seed_00,F02,basic_dual_yaw_EKF,v2,error_series,semisynthetic,horizontal_err_m,56642,56642,0,0,0,0,0.2973465297748341,3.1988342332626982,0
RUN_01597__v2,CORE_position_value,RUN_01597,BY2,CORE,D17_seed_00,position_value,seed_00,F02,basic_dual_yaw_EKF,v2,error_series,semisynthetic,position_3d_err_m,56642,56642,0,0,0,0,0.29931256149164,3.2611850843647594,0
RUN_01597__v2,CORE_position_value,RUN_01597,BY2,CORE,D17_seed_00,position_value,seed_00,F02,basic_dual_yaw_EKF,v2,error_series,semisynthetic,roll_err_deg,56642,56642,0,0,0,0,-4.3327013665632705,9.318983612296591,16220
RUN_01597__v2,CORE_position_value,RUN_01597,BY2,CORE,D17_seed_00,position_value,seed_00,F02,basic_dual_yaw_EKF,v2,error_series,semisynthetic,pitch_err_deg,56642,56642,0,0,0,0,-9.987107557754456,8.416575865542626,37546
RUN_01597__v2,CORE_position_value,RUN_01597,BY2,CORE,D17_seed_00,position_value,seed_00,F02,basic_dual_yaw_EKF,v2,error_series,semisynthetic,yaw_err_deg,56642,56642,0,0,0,0,-10.136883168238398,3.845253377265294,43816
RUN_01597__v2,CORE_position_value,RUN_01597,BY2,CORE,D17_seed_00,position_value,seed_00,F02,basic_dual_yaw_EKF,v2,error_series,semisynthetic,horizontal_3sigma_m,56642,56642,0,0,0,0,0.05178557145809494,42.43457969268709,0
RUN_01597__v2,CORE_position_value,RUN_01597,BY2,CORE,D17_seed_00,position_value,seed_00,F02,basic_dual_yaw_EKF,v2,error_series,semisynthetic,roll_3sigma_deg,56642,56642,0,0,0,0,0.400134168,6.000072272999999,0
RUN_01597__v2,CORE_position_value,RUN_01597,BY2,CORE,D17_seed_00,position_value,seed_00,F02,basic_dual_yaw_EKF,v2,error_series,semisynthetic,pitch_3sigma_deg,56642,56642,0,0,0,0,0.408191136,6.000072231,0
RUN_01597__v2,CORE_position_value,RUN_01597,BY2,CORE,D17_seed_00,position_value,seed_00,F02,basic_dual_yaw_EKF,v2,error_series,semisynthetic,yaw_3sigma_deg,56642,56642,0,0,0,0,0.528417057,6.0000398189999995,0
RUN_01598__v3,CORE_position_value,RUN_01598,BY2,CORE,D17_seed_00,position_value,seed_00,F03,AB0000,v3,error_series,semisynthetic,time,56642,56642,0,0,0,0,66.005054,339.997056,0
RUN_01598__v3,CORE_position_value,RUN_01598,BY2,CORE,D17_seed_00,position_value,seed_00,F03,AB0000,v3,error_series,semisynthetic,err_n_m,56642,56642,0,0,0,0,-0.42495842675701795,2.820690958796746,42
RUN_01598__v3,CORE_position_value,RUN_01598,BY2,CORE,D17_seed_00,position_value,seed_00,F03,AB0000,v3,error_series,semisynthetic,err_e_m,56642,56642,0,0,0,0,-1.5364601106459892,-0.17934199372431947,56642
RUN_01598__v3,CORE_position_value,RUN_01598,BY2,CORE,D17_seed_00,position_value,seed_00,F03,AB0000,v3,error_series,semisynthetic,err_u_m,56642,56642,0,0,0,0,0.32943994214133765,1.1708249629891725,0
RUN_01598__v3,CORE_position_value,RUN_01598,BY2,CORE,D17_seed_00,position_value,seed_00,F03,AB0000,v3,error_series,semisynthetic,horizontal_err_m,56642,56642,0,0,0,0,0.3191019517846972,3.1931126502078024,0
RUN_01598__v3,CORE_position_value,RUN_01598,BY2,CORE,D17_seed_00,position_value,seed_00,F03,AB0000,v3,error_series,semisynthetic,position_3d_err_m,56642,56642,0,0,0,0,0.4621127064686887,3.3676921739487446,0
RUN_01598__v3,CORE_position_value,RUN_01598,BY2,CORE,D17_seed_00,position_value,seed_00,F03,AB0000,v3,error_series,semisynthetic,roll_err_deg,56642,56642,0,0,0,0,-4.396093621563267,9.285790040296575,16196
RUN_01598__v3,CORE_position_value,RUN_01598,BY2,CORE,D17_seed_00,position_value,seed_00,F03,AB0000,v3,error_series,semisynthetic,pitch_err_deg,56642,56642,0,0,0,0,-9.984490895754448,8.452372093542635,37537
RUN_01598__v3,CORE_position_value,RUN_01598,BY2,CORE,D17_seed_00,position_value,seed_00,F03,AB0000,v3,error_series,semisynthetic,yaw_err_deg,56642,56642,0,0,0,0,-8.8544486552384,3.809026911265306,42260
RUN_01598__v3,CORE_position_value,RUN_01598,BY2,CORE,D17_seed_00,position_value,seed_00,F03,AB0000,v3,error_series,semisynthetic,horizontal_3sigma_m,56642,56642,0,0,0,0,0.0469311302178147,42.43457969268709,0
RUN_01598__v3,CORE_position_value,RUN_01598,BY2,CORE,D17_seed_00,position_value,seed_00,F03,AB0000,v3,error_series,semisynthetic,roll_3sigma_deg,56642,56642,0,0,0,0,0.39950525400000003,6.0000398189999995,0
RUN_01598__v3,CORE_position_value,RUN_01598,BY2,CORE,D17_seed_00,position_value,seed_00,F03,AB0000,v3,error_series,semisynthetic,pitch_3sigma_deg,56642,56642,0,0,0,0,0.40761855599999997,6.0000398189999995,0
RUN_01598__v3,CORE_position_value,RUN_01598,BY2,CORE,D17_seed_00,position_value,seed_00,F03,AB0000,v3,error_series,semisynthetic,yaw_3sigma_deg,56642,56642,0,0,0,0,0.544978191,6.0000398189999995,0
RUN_01598__v2,CORE_position_value,RUN_01598,BY2,CORE,D17_seed_00,position_value,seed_00,F03,AB0000,v2,error_series,semisynthetic,time,56642,56642,0,0,0,0,66.005054,339.997056,0
RUN_01598__v2,CORE_position_value,RUN_01598,BY2,CORE,D17_seed_00,position_value,seed_00,F03,AB0000,v2,error_series,semisynthetic,err_n_m,56642,56642,0,0,0,0,-0.4534930991605105,2.859428794007579,42
RUN_01598__v2,CORE_position_value,RUN_01598,BY2,CORE,D17_seed_00,position_value,seed_00,F03,AB0000,v2,error_series,semisynthetic,err_e_m,56642,56642,0,0,0,0,-1.6488769327714579,-0.031603738413819055,56642
RUN_01598__v2,CORE_position_value,RUN_01598,BY2,CORE,D17_seed_00,position_value,seed_00,F03,AB0000,v2,error_series,semisynthetic,err_u_m,56642,56642,0,0,0,0,0.031022183468040997,0.8599363888051386,0
RUN_01598__v2,CORE_position_value,RUN_01598,BY2,CORE,D17_seed_00,position_value,seed_00,F03,AB0000,v2,error_series,semisynthetic,horizontal_err_m,56642,56642,0,0,0,0,0.2973465297748341,3.2193452189531597,0
RUN_01598__v2,CORE_position_value,RUN_01598,BY2,CORE,D17_seed_00,position_value,seed_00,F03,AB0000,v2,error_series,semisynthetic,position_3d_err_m,56642,56642,0,0,0,0,0.29931256149164,3.2820997662125855,0
RUN_01598__v2,CORE_position_value,RUN_01598,BY2,CORE,D17_seed_00,position_value,seed_00,F03,AB0000,v2,error_series,semisynthetic,roll_err_deg,56642,56642,0,0,0,0,-4.396093621563267,9.285790040296575,16196
RUN_01598__v2,CORE_position_value,RUN_01598,BY2,CORE,D17_seed_00,position_value,seed_00,F03,AB0000,v2,error_series,semisynthetic,pitch_err_deg,56642,56642,0,0,0,0,-9.984490895754448,8.452372093542635,37537
RUN_01598__v2,CORE_position_value,RUN_01598,BY2,CORE,D17_seed_00,position_value,seed_00,F03,AB0000,v2,error_series,semisynthetic,yaw_err_deg,56642,56642,0,0,0,0,-8.8544486552384,3.809026911265306,42260
RUN_01598__v2,CORE_position_value,RUN_01598,BY2,CORE,D17_seed_00,position_value,seed_00,F03,AB0000,v2,error_series,semisynthetic,horizontal_3sigma_m,56642,56642,0,0,0,0,0.0469311302178147,42.43457969268709,0
RUN_01598__v2,CORE_position_value,RUN_01598,BY2,CORE,D17_seed_00,position_value,seed_00,F03,AB0000,v2,error_series,semisynthetic,roll_3sigma_deg,56642,56642,0,0,0,0,0.39950525400000003,6.0000398189999995,0
RUN_01598__v2,CORE_position_value,RUN_01598,BY2,CORE,D17_seed_00,position_value,seed_00,F03,AB0000,v2,error_series,semisynthetic,pitch_3sigma_deg,56642,56642,0,0,0,0,0.40761855599999997,6.0000398189999995,0
RUN_01598__v2,CORE_position_value,RUN_01598,BY2,CORE,D17_seed_00,position_value,seed_00,F03,AB0000,v2,error_series,semisynthetic,yaw_3sigma_deg,56642,56642,0,0,0,0,0.544978191,6.0000398189999995,0
RUN_01599__v3,CORE_position_value,RUN_01599,BY2,CORE,D17_seed_00,position_value,seed_00,F04,AB1111,v3,error_series,semisynthetic,time,56642,56642,0,0,0,0,66.005054,339.997056,0
RUN_01599__v3,CORE_position_value,RUN_01599,BY2,CORE,D17_seed_00,position_value,seed_00,F04,AB1111,v3,error_series,semisynthetic,err_n_m,56642,56642,0,0,0,0,-0.42495842675701795,2.826186020416685,42
RUN_01599__v3,CORE_position_value,RUN_01599,BY2,CORE,D17_seed_00,position_value,seed_00,F04,AB1111,v3,error_series,semisynthetic,err_e_m,56642,56642,0,0,0,0,-1.5353475792313853,-0.17934199372431947,56642
RUN_01599__v3,CORE_position_value,RUN_01599,BY2,CORE,D17_seed_00,position_value,seed_00,F04,AB1111,v3,error_series,semisynthetic,err_u_m,56642,56642,0,0,0,0,0.32943994214133765,1.1673213221208982,0
RUN_01599__v3,CORE_position_value,RUN_01599,BY2,CORE,D17_seed_00,position_value,seed_00,F04,AB1111,v3,error_series,semisynthetic,horizontal_err_m,56642,56642,0,0,0,0,0.3191019517846972,3.1965686367630393,0
RUN_01599__v3,CORE_position_value,RUN_01599,BY2,CORE,D17_seed_00,position_value,seed_00,F04,AB1111,v3,error_series,semisynthetic,position_3d_err_m,56642,56642,0,0,0,0,0.4621127064686887,3.3694209006263347,0
RUN_01599__v3,CORE_position_value,RUN_01599,BY2,CORE,D17_seed_00,position_value,seed_00,F04,AB1111,v3,error_series,semisynthetic,roll_err_deg,56642,56642,0,0,0,0,-4.086152676563273,6.872142181296567,19300
RUN_01599__v3,CORE_position_value,RUN_01599,BY2,CORE,D17_seed_00,position_value,seed_00,F04,AB1111,v3,error_series,semisynthetic,pitch_err_deg,56642,56642,0,0,0,0,-8.570146926754461,8.513638829542629,37204
RUN_01599__v3,CORE_position_value,RUN_01599,BY2,CORE,D17_seed_00,position_value,seed_00,F04,AB1111,v3,error_series,semisynthetic,yaw_err_deg,56642,56642,0,0,0,0,-8.7703390252384,3.8384515282652956,42187
RUN_01599__v3,CORE_position_value,RUN_01599,BY2,CORE,D17_seed_00,position_value,seed_00,F04,AB1111,v3,error_series,semisynthetic,horizontal_3sigma_m,56642,56642,0,0,0,0,0.04566306771520891,42.43457969268709,0
RUN_01599__v3,CORE_position_value,RUN_01599,BY2,CORE,D17_seed_00,position_value,seed_00,F04,AB1111,v3,error_series,semisynthetic,roll_3sigma_deg,56642,56642,0,0,0,0,0.322797852,6.0000398189999995,0
RUN_01599__v3,CORE_position_value,RUN_01599,BY2,CORE,D17_seed_00,position_value,seed_00,F04,AB1111,v3,error_series,semisynthetic,pitch_3sigma_deg,56642,56642,0,0,0,0,0.324712905,6.0000398189999995,0
RUN_01599__v3,CORE_position_value,RUN_01599,BY2,CORE,D17_seed_00,position_value,seed_00,F04,AB1111,v3,error_series,semisynthetic,yaw_3sigma_deg,56642,56642,0,0,0,0,0.544773744,6.0000398189999995,0
RUN_01599__v2,CORE_position_value,RUN_01599,BY2,CORE,D17_seed_00,position_value,seed_00,F04,AB1111,v2,error_series,semisynthetic,time,56642,56642,0,0,0,0,66.005054,339.997056,0
RUN_01599__v2,CORE_position_value,RUN_01599,BY2,CORE,D17_seed_00,position_value,seed_00,F04,AB1111,v2,error_series,semisynthetic,err_n_m,56642,56642,0,0,0,0,-0.4534930991605105,2.8546639537070373,42
RUN_01599__v2,CORE_position_value,RUN_01599,BY2,CORE,D17_seed_00,position_value,seed_00,F04,AB1111,v2,error_series,semisynthetic,err_e_m,56642,56642,0,0,0,0,-1.640933517064454,-0.031603738413819055,56642
RUN_01599__v2,CORE_position_value,RUN_01599,BY2,CORE,D17_seed_00,position_value,seed_00,F04,AB1111,v2,error_series,semisynthetic,err_u_m,56642,56642,0,0,0,0,0.031022183468040997,0.8620424033905216,0
RUN_01599__v2,CORE_position_value,RUN_01599,BY2,CORE,D17_seed_00,position_value,seed_00,F04,AB1111,v2,error_series,semisynthetic,horizontal_err_m,56642,56642,0,0,0,0,0.2973465297748341,3.217489211496097,0
RUN_01599__v2,CORE_position_value,RUN_01599,BY2,CORE,D17_seed_00,position_value,seed_00,F04,AB1111,v2,error_series,semisynthetic,position_3d_err_m,56642,56642,0,0,0,0,0.29931256149164,3.2813370751083735,0
RUN_01599__v2,CORE_position_value,RUN_01599,BY2,CORE,D17_seed_00,position_value,seed_00,F04,AB1111,v2,error_series,semisynthetic,roll_err_deg,56642,56642,0,0,0,0,-4.086152676563273,6.872142181296567,19300
RUN_01599__v2,CORE_position_value,RUN_01599,BY2,CORE,D17_seed_00,position_value,seed_00,F04,AB1111,v2,error_series,semisynthetic,pitch_err_deg,56642,56642,0,0,0,0,-8.570146926754461,8.513638829542629,37204
RUN_01599__v2,CORE_position_value,RUN_01599,BY2,CORE,D17_seed_00,position_value,seed_00,F04,AB1111,v2,error_series,semisynthetic,yaw_err_deg,56642,56642,0,0,0,0,-8.7703390252384,3.8384515282652956,42187
RUN_01599__v2,CORE_position_value,RUN_01599,BY2,CORE,D17_seed_00,position_value,seed_00,F04,AB1111,v2,error_series,semisynthetic,horizontal_3sigma_m,56642,56642,0,0,0,0,0.04566306771520891,42.43457969268709,0
RUN_01599__v2,CORE_position_value,RUN_01599,BY2,CORE,D17_seed_00,position_value,seed_00,F04,AB1111,v2,error_series,semisynthetic,roll_3sigma_deg,56642,56642,0,0,0,0,0.322797852,6.0000398189999995,0
RUN_01599__v2,CORE_position_value,RUN_01599,BY2,CORE,D17_seed_00,position_value,seed_00,F04,AB1111,v2,error_series,semisynthetic,pitch_3sigma_deg,56642,56642,0,0,0,0,0.324712905,6.0000398189999995,0
RUN_01599__v2,CORE_position_value,RUN_01599,BY2,CORE,D17_seed_00,position_value,seed_00,F04,AB1111,v2,error_series,semisynthetic,yaw_3sigma_deg,56642,56642,0,0,0,0,0.544773744,6.0000398189999995,0
RUN_01600__v3,CORE_position_value,RUN_01600,BY2,CORE,D17_seed_00,position_value,seed_00,A03,AB0111,v3,error_series,semisynthetic,time,56642,56642,0,0,0,0,66.005054,339.997056,0
RUN_01600__v3,CORE_position_value,RUN_01600,BY2,CORE,D17_seed_00,position_value,seed_00,A03,AB0111,v3,error_series,semisynthetic,err_n_m,56642,56642,0,0,0,0,-0.42495842675701795,2.8261931730281233,42
RUN_01600__v3,CORE_position_value,RUN_01600,BY2,CORE,D17_seed_00,position_value,seed_00,A03,AB0111,v3,error_series,semisynthetic,err_e_m,56642,56642,0,0,0,0,-1.5354262774526948,-0.17934199372431947,56642
RUN_01600__v3,CORE_position_value,RUN_01600,BY2,CORE,D17_seed_00,position_value,seed_00,A03,AB0111,v3,error_series,semisynthetic,err_u_m,56642,56642,0,0,0,0,0.32943994214133765,1.1646609278578754,0
RUN_01600__v3,CORE_position_value,RUN_01600,BY2,CORE,D17_seed_00,position_value,seed_00,A03,AB0111,v3,error_series,semisynthetic,horizontal_err_m,56642,56642,0,0,0,0,0.3191019517846972,3.196557955734005,0
RUN_01600__v3,CORE_position_value,RUN_01600,BY2,CORE,D17_seed_00,position_value,seed_00,A03,AB0111,v3,error_series,semisynthetic,position_3d_err_m,56642,56642,0,0,0,0,0.4621127064686887,3.3694638929231844,0
RUN_01600__v3,CORE_position_value,RUN_01600,BY2,CORE,D17_seed_00,position_value,seed_00,A03,AB0111,v3,error_series,semisynthetic,roll_err_deg,56642,56642,0,0,0,0,-4.086951390563286,6.870068713296575,19299
RUN_01600__v3,CORE_position_value,RUN_01600,BY2,CORE,D17_seed_00,position_value,seed_00,A03,AB0111,v3,error_series,semisynthetic,pitch_err_deg,56642,56642,0,0,0,0,-8.56911807575446,8.511177653542632,37209
RUN_01600__v3,CORE_position_value,RUN_01600,BY2,CORE,D17_seed_00,position_value,seed_00,A03,AB0111,v3,error_series,semisynthetic,yaw_err_deg,56642,56642,0,0,0,0,-8.77421654723841,3.8363130812653026,42131
RUN_01600__v3,CORE_position_value,RUN_01600,BY2,CORE,D17_seed_00,position_value,seed_00,A03,AB0111,v3,error_series,semisynthetic,horizontal_3sigma_m,56642,56642,0,0,0,0,0.04601876699906164,42.43457969268709,0
RUN_01600__v3,CORE_position_value,RUN_01600,BY2,CORE,D17_seed_00,position_value,seed_00,A03,AB0111,v3,error_series,semisynthetic,roll_3sigma_deg,56642,56642,0,0,0,0,0.32280707999999997,6.0000398189999995,0
RUN_01600__v3,CORE_position_value,RUN_01600,BY2,CORE,D17_seed_00,position_value,seed_00,A03,AB0111,v3,error_series,semisynthetic,pitch_3sigma_deg,56642,56642,0,0,0,0,0.324721923,6.0000398189999995,0
RUN_01600__v3,CORE_position_value,RUN_01600,BY2,CORE,D17_seed_00,position_value,seed_00,A03,AB0111,v3,error_series,semisynthetic,yaw_3sigma_deg,56642,56642,0,0,0,0,0.544839939,6.0000398189999995,0
RUN_01600__v2,CORE_position_value,RUN_01600,BY2,CORE,D17_seed_00,position_value,seed_00,A03,AB0111,v2,error_series,semisynthetic,time,56642,56642,0,0,0,0,66.005054,339.997056,0
RUN_01600__v2,CORE_position_value,RUN_01600,BY2,CORE,D17_seed_00,position_value,seed_00,A03,AB0111,v2,error_series,semisynthetic,err_n_m,56642,56642,0,0,0,0,-0.4534930991605105,2.852100458069172,42
RUN_01600__v2,CORE_position_value,RUN_01600,BY2,CORE,D17_seed_00,position_value,seed_00,A03,AB0111,v2,error_series,semisynthetic,err_e_m,56642,56642,0,0,0,0,-1.6431542449895176,-0.031603738413819055,56642
RUN_01600__v2,CORE_position_value,RUN_01600,BY2,CORE,D17_seed_00,position_value,seed_00,A03,AB0111,v2,error_series,semisynthetic,err_u_m,56642,56642,0,0,0,0,0.031022183468040997,0.8593850253086011,0
RUN_01600__v2,CORE_position_value,RUN_01600,BY2,CORE,D17_seed_00,position_value,seed_00,A03,AB0111,v2,error_series,semisynthetic,horizontal_err_m,56642,56642,0,0,0,0,0.2973465297748341,3.2160448123308174,0
RUN_01600__v2,CORE_position_value,RUN_01600,BY2,CORE,D17_seed_00,position_value,seed_00,A03,AB0111,v2,error_series,semisynthetic,position_3d_err_m,56642,56642,0,0,0,0,0.29931256149164,3.278914821929345,0
RUN_01600__v2,CORE_position_value,RUN_01600,BY2,CORE,D17_seed_00,position_value,seed_00,A03,AB0111,v2,error_series,semisynthetic,roll_err_deg,56642,56642,0,0,0,0,-4.086951390563286,6.870068713296575,19299
RUN_01600__v2,CORE_position_value,RUN_01600,BY2,CORE,D17_seed_00,position_value,seed_00,A03,AB0111,v2,error_series,semisynthetic,pitch_err_deg,56642,56642,0,0,0,0,-8.56911807575446,8.511177653542632,37209
RUN_01600__v2,CORE_position_value,RUN_01600,BY2,CORE,D17_seed_00,position_value,seed_00,A03,AB0111,v2,error_series,semisynthetic,yaw_err_deg,56642,56642,0,0,0,0,-8.77421654723841,3.8363130812653026,42131
RUN_01600__v2,CORE_position_value,RUN_01600,BY2,CORE,D17_seed_00,position_value,seed_00,A03,AB0111,v2,error_series,semisynthetic,horizontal_3sigma_m,56642,56642,0,0,0,0,0.04601876699906164,42.43457969268709,0
RUN_01600__v2,CORE_position_value,RUN_01600,BY2,CORE,D17_seed_00,position_value,seed_00,A03,AB0111,v2,error_series,semisynthetic,roll_3sigma_deg,56642,56642,0,0,0,0,0.32280707999999997,6.0000398189999995,0
RUN_01600__v2,CORE_position_value,RUN_01600,BY2,CORE,D17_seed_00,position_value,seed_00,A03,AB0111,v2,error_series,semisynthetic,pitch_3sigma_deg,56642,56642,0,0,0,0,0.324721923,6.0000398189999995,0
RUN_01600__v2,CORE_position_value,RUN_01600,BY2,CORE,D17_seed_00,position_value,seed_00,A03,AB0111,v2,error_series,semisynthetic,yaw_3sigma_deg,56642,56642,0,0,0,0,0.544839939,6.0000398189999995,0
RUN_01601__v3,CORE_position_value,RUN_01601,BY2,CORE,D17_seed_00,position_value,seed_00,A04,AB1011,v3,error_series,semisynthetic,time,56642,56642,0,0,0,0,66.005054,339.997056,0
RUN_01601__v3,CORE_position_value,RUN_01601,BY2,CORE,D17_seed_00,position_value,seed_00,A04,AB1011,v3,error_series,semisynthetic,err_n_m,56642,56642,0,0,0,0,-0.42495842675701795,2.8302689592966033,42
RUN_01601__v3,CORE_position_value,RUN_01601,BY2,CORE,D17_seed_00,position_value,seed_00,A04,AB1011,v3,error_series,semisynthetic,err_e_m,56642,56642,0,0,0,0,-1.5337829497250812,-0.17934199372431947,56642
RUN_01601__v3,CORE_position_value,RUN_01601,BY2,CORE,D17_seed_00,position_value,seed_00,A04,AB1011,v3,error_series,semisynthetic,err_u_m,56642,56642,0,0,0,0,0.32943994214133765,1.1835979219480315,0
RUN_01601__v3,CORE_position_value,RUN_01601,BY2,CORE,D17_seed_00,position_value,seed_00,A04,AB1011,v3,error_series,semisynthetic,horizontal_err_m,56642,56642,0,0,0,0,0.3191019517846972,3.19632253898679,0
RUN_01601__v3,CORE_position_value,RUN_01601,BY2,CORE,D17_seed_00,position_value,seed_00,A04,AB1011,v3,error_series,semisynthetic,position_3d_err_m,56642,56642,0,0,0,0,0.4621127064686887,3.3689162742248846,0
RUN_01601__v3,CORE_position_value,RUN_01601,BY2,CORE,D17_seed_00,position_value,seed_00,A04,AB1011,v3,error_series,semisynthetic,roll_err_deg,56642,56642,0,0,0,0,-3.9438513545632645,6.5617214881394546,19951
RUN_01601__v3,CORE_position_value,RUN_01601,BY2,CORE,D17_seed_00,position_value,seed_00,A04,AB1011,v3,error_series,semisynthetic,pitch_err_deg,56642,56642,0,0,0,0,-8.223181140754463,8.49857723254263,37051
RUN_01601__v3,CORE_position_value,RUN_01601,BY2,CORE,D17_seed_00,position_value,seed_00,A04,AB1011,v3,error_series,semisynthetic,yaw_err_deg,56642,56642,0,0,0,0,-8.774742698238413,3.836140362265297,42234
RUN_01601__v3,CORE_position_value,RUN_01601,BY2,CORE,D17_seed_00,position_value,seed_00,A04,AB1011,v3,error_series,semisynthetic,horizontal_3sigma_m,56642,56642,0,0,0,0,0.044773485660200424,42.43457969268709,0
RUN_01601__v3,CORE_position_value,RUN_01601,BY2,CORE,D17_seed_00,position_value,seed_00,A04,AB1011,v3,error_series,semisynthetic,roll_3sigma_deg,56642,56642,0,0,0,0,0.302972847,6.0000398189999995,0
RUN_01601__v3,CORE_position_value,RUN_01601,BY2,CORE,D17_seed_00,position_value,seed_00,A04,AB1011,v3,error_series,semisynthetic,pitch_3sigma_deg,56642,56642,0,0,0,0,0.304141623,6.0000398189999995,0
RUN_01601__v3,CORE_position_value,RUN_01601,BY2,CORE,D17_seed_00,position_value,seed_00,A04,AB1011,v3,error_series,semisynthetic,yaw_3sigma_deg,56642,56642,0,0,0,0,0.5446359089999999,6.0000398189999995,0
RUN_01601__v2,CORE_position_value,RUN_01601,BY2,CORE,D17_seed_00,position_value,seed_00,A04,AB1011,v2,error_series,semisynthetic,time,56642,56642,0,0,0,0,66.005054,339.997056,0
RUN_01601__v2,CORE_position_value,RUN_01601,BY2,CORE,D17_seed_00,position_value,seed_00,A04,AB1011,v2,error_series,semisynthetic,err_n_m,56642,56642,0,0,0,0,-0.4534930991605105,2.848334952271818,42
RUN_01601__v2,CORE_position_value,RUN_01601,BY2,CORE,D17_seed_00,position_value,seed_00,A04,AB1011,v2,error_series,semisynthetic,err_e_m,56642,56642,0,0,0,0,-1.635995065692569,-0.031603738413819055,56642
RUN_01601__v2,CORE_position_value,RUN_01601,BY2,CORE,D17_seed_00,position_value,seed_00,A04,AB1011,v2,error_series,semisynthetic,err_u_m,56642,56642,0,0,0,0,0.031022183468040997,0.8705041982689501,0
RUN_01601__v2,CORE_position_value,RUN_01601,BY2,CORE,D17_seed_00,position_value,seed_00,A04,AB1011,v2,error_series,semisynthetic,horizontal_err_m,56642,56642,0,0,0,0,0.2973465297748341,3.2133272256102057,0
RUN_01601__v2,CORE_position_value,RUN_01601,BY2,CORE,D17_seed_00,position_value,seed_00,A04,AB1011,v2,error_series,semisynthetic,position_3d_err_m,56642,56642,0,0,0,0,0.29931256149164,3.2772734925893126,0
RUN_01601__v2,CORE_position_value,RUN_01601,BY2,CORE,D17_seed_00,position_value,seed_00,A04,AB1011,v2,error_series,semisynthetic,roll_err_deg,56642,56642,0,0,0,0,-3.9438513545632645,6.5617214881394546,19951
RUN_01601__v2,CORE_position_value,RUN_01601,BY2,CORE,D17_seed_00,position_value,seed_00,A04,AB1011,v2,error_series,semisynthetic,pitch_err_deg,56642,56642,0,0,0,0,-8.223181140754463,8.49857723254263,37051
RUN_01601__v2,CORE_position_value,RUN_01601,BY2,CORE,D17_seed_00,position_value,seed_00,A04,AB1011,v2,error_series,semisynthetic,yaw_err_deg,56642,56642,0,0,0,0,-8.774742698238413,3.836140362265297,42234
RUN_01601__v2,CORE_position_value,RUN_01601,BY2,CORE,D17_seed_00,position_value,seed_00,A04,AB1011,v2,error_series,semisynthetic,horizontal_3sigma_m,56642,56642,0,0,0,0,0.044773485660200424,42.43457969268709,0
RUN_01601__v2,CORE_position_value,RUN_01601,BY2,CORE,D17_seed_00,position_value,seed_00,A04,AB1011,v2,error_series,semisynthetic,roll_3sigma_deg,56642,56642,0,0,0,0,0.302972847,6.0000398189999995,0
RUN_01601__v2,CORE_position_value,RUN_01601,BY2,CORE,D17_seed_00,position_value,seed_00,A04,AB1011,v2,error_series,semisynthetic,pitch_3sigma_deg,56642,56642,0,0,0,0,0.304141623,6.0000398189999995,0
RUN_01601__v2,CORE_position_value,RUN_01601,BY2,CORE,D17_seed_00,position_value,seed_00,A04,AB1011,v2,error_series,semisynthetic,yaw_3sigma_deg,56642,56642,0,0,0,0,0.5446359089999999,6.0000398189999995,0
RUN_01602__v3,CORE_position_value,RUN_01602,BY2,CORE,D17_seed_00,position_value,seed_00,A05,AB1101,v3,error_series,semisynthetic,time,56642,56642,0,0,0,0,66.005054,339.997056,0
RUN_01602__v3,CORE_position_value,RUN_01602,BY2,CORE,D17_seed_00,position_value,seed_00,A05,AB1101,v3,error_series,semisynthetic,err_n_m,56642,56642,0,0,0,0,-0.42495842675701795,2.822247401420846,42
RUN_01602__v3,CORE_position_value,RUN_01602,BY2,CORE,D17_seed_00,position_value,seed_00,A05,AB1101,v3,error_series,semisynthetic,err_e_m,56642,56642,0,0,0,0,-1.5347414915798359,-0.17934199372431947,56642
RUN_01602__v3,CORE_position_value,RUN_01602,BY2,CORE,D17_seed_00,position_value,seed_00,A05,AB1101,v3,error_series,semisynthetic,err_u_m,56642,56642,0,0,0,0,0.32943994214133765,1.1711132403783644,0
RUN_01602__v3,CORE_position_value,RUN_01602,BY2,CORE,D17_seed_00,position_value,seed_00,A05,AB1101,v3,error_series,semisynthetic,horizontal_err_m,56642,56642,0,0,0,0,0.3191019517846972,3.192651164241412,0
RUN_01602__v3,CORE_position_value,RUN_01602,BY2,CORE,D17_seed_00,position_value,seed_00,A05,AB1101,v3,error_series,semisynthetic,position_3d_err_m,56642,56642,0,0,0,0,0.4621127064686887,3.3672137820928154,0
RUN_01602__v3,CORE_position_value,RUN_01602,BY2,CORE,D17_seed_00,position_value,seed_00,A05,AB1101,v3,error_series,semisynthetic,roll_err_deg,56642,56642,0,0,0,0,-4.380148577563261,9.287104179296591,16185
RUN_01602__v3,CORE_position_value,RUN_01602,BY2,CORE,D17_seed_00,position_value,seed_00,A05,AB1101,v3,error_series,semisynthetic,pitch_err_deg,56642,56642,0,0,0,0,-9.986101161754448,8.448936157542647,37568
RUN_01602__v3,CORE_position_value,RUN_01602,BY2,CORE,D17_seed_00,position_value,seed_00,A05,AB1101,v3,error_series,semisynthetic,yaw_err_deg,56642,56642,0,0,0,0,-8.841484106238397,3.811918430265308,42292
RUN_01602__v3,CORE_position_value,RUN_01602,BY2,CORE,D17_seed_00,position_value,seed_00,A05,AB1101,v3,error_series,semisynthetic,horizontal_3sigma_m,56642,56642,0,0,0,0,0.04569655508480421,42.43457969268709,0
RUN_01602__v3,CORE_position_value,RUN_01602,BY2,CORE,D17_seed_00,position_value,seed_00,A05,AB1101,v3,error_series,semisynthetic,roll_3sigma_deg,56642,56642,0,0,0,0,0.399384753,6.0000398189999995,0
RUN_01602__v3,CORE_position_value,RUN_01602,BY2,CORE,D17_seed_00,position_value,seed_00,A05,AB1101,v3,error_series,semisynthetic,pitch_3sigma_deg,56642,56642,0,0,0,0,0.40752765,6.0000398189999995,0
RUN_01602__v3,CORE_position_value,RUN_01602,BY2,CORE,D17_seed_00,position_value,seed_00,A05,AB1101,v3,error_series,semisynthetic,yaw_3sigma_deg,56642,56642,0,0,0,0,0.54498132,6.0000398189999995,0
RUN_01602__v2,CORE_position_value,RUN_01602,BY2,CORE,D17_seed_00,position_value,seed_00,A05,AB1101,v2,error_series,semisynthetic,time,56642,56642,0,0,0,0,66.005054,339.997056,0
RUN_01602__v2,CORE_position_value,RUN_01602,BY2,CORE,D17_seed_00,position_value,seed_00,A05,AB1101,v2,error_series,semisynthetic,err_n_m,56642,56642,0,0,0,0,-0.4534930991605105,2.8545529192841705,42
RUN_01602__v2,CORE_position_value,RUN_01602,BY2,CORE,D17_seed_00,position_value,seed_00,A05,AB1101,v2,error_series,semisynthetic,err_e_m,56642,56642,0,0,0,0,-1.6405219594887654,-0.031603738413819055,56642
RUN_01602__v2,CORE_position_value,RUN_01602,BY2,CORE,D17_seed_00,position_value,seed_00,A05,AB1101,v2,error_series,semisynthetic,err_u_m,56642,56642,0,0,0,0,0.031022183468040997,0.8626157295082137,0
RUN_01602__v2,CORE_position_value,RUN_01602,BY2,CORE,D17_seed_00,position_value,seed_00,A05,AB1101,v2,error_series,semisynthetic,horizontal_err_m,56642,56642,0,0,0,0,0.2973465297748341,3.215692747151188,0
RUN_01602__v2,CORE_position_value,RUN_01602,BY2,CORE,D17_seed_00,position_value,seed_00,A05,AB1101,v2,error_series,semisynthetic,position_3d_err_m,56642,56642,0,0,0,0,0.29931256149164,3.2795217071804887,0
RUN_01602__v2,CORE_position_value,RUN_01602,BY2,CORE,D17_seed_00,position_value,seed_00,A05,AB1101,v2,error_series,semisynthetic,roll_err_deg,56642,56642,0,0,0,0,-4.380148577563261,9.287104179296591,16185
RUN_01602__v2,CORE_position_value,RUN_01602,BY2,CORE,D17_seed_00,position_value,seed_00,A05,AB1101,v2,error_series,semisynthetic,pitch_err_deg,56642,56642,0,0,0,0,-9.986101161754448,8.448936157542647,37568
RUN_01602__v2,CORE_position_value,RUN_01602,BY2,CORE,D17_seed_00,position_value,seed_00,A05,AB1101,v2,error_series,semisynthetic,yaw_err_deg,56642,56642,0,0,0,0,-8.841484106238397,3.811918430265308,42292
RUN_01602__v2,CORE_position_value,RUN_01602,BY2,CORE,D17_seed_00,position_value,seed_00,A05,AB1101,v2,error_series,semisynthetic,horizontal_3sigma_m,56642,56642,0,0,0,0,0.04569655508480421,42.43457969268709,0
RUN_01602__v2,CORE_position_value,RUN_01602,BY2,CORE,D17_seed_00,position_value,seed_00,A05,AB1101,v2,error_series,semisynthetic,roll_3sigma_deg,56642,56642,0,0,0,0,0.399384753,6.0000398189999995,0
RUN_01602__v2,CORE_position_value,RUN_01602,BY2,CORE,D17_seed_00,position_value,seed_00,A05,AB1101,v2,error_series,semisynthetic,pitch_3sigma_deg,56642,56642,0,0,0,0,0.40752765,6.0000398189999995,0
RUN_01602__v2,CORE_position_value,RUN_01602,BY2,CORE,D17_seed_00,position_value,seed_00,A05,AB1101,v2,error_series,semisynthetic,yaw_3sigma_deg,56642,56642,0,0,0,0,0.54498132,6.0000398189999995,0
RUN_01603__v3,CORE_position_value,RUN_01603,BY2,CORE,D17_seed_00,position_value,seed_00,A06,AB1110,v3,error_series,semisynthetic,time,56642,56642,0,0,0,0,66.005054,339.997056,0
RUN_01603__v3,CORE_position_value,RUN_01603,BY2,CORE,D17_seed_00,position_value,seed_00,A06,AB1110,v3,error_series,semisynthetic,err_n_m,56642,56642,0,0,0,0,-0.42495842675701795,2.825005589639275,42
RUN_01603__v3,CORE_position_value,RUN_01603,BY2,CORE,D17_seed_00,position_value,seed_00,A06,AB1110,v3,error_series,semisynthetic,err_e_m,56642,56642,0,0,0,0,-1.5371495179115273,-0.17934199372431947,56642
RUN_01603__v3,CORE_position_value,RUN_01603,BY2,CORE,D17_seed_00,position_value,seed_00,A06,AB1110,v3,error_series,semisynthetic,err_u_m,56642,56642,0,0,0,0,0.32943994214133765,1.1673136151722883,0
RUN_01603__v3,CORE_position_value,RUN_01603,BY2,CORE,D17_seed_00,position_value,seed_00,A06,AB1110,v3,error_series,semisynthetic,horizontal_err_m,56642,56642,0,0,0,0,0.3191019517846972,3.1974996795088173,0
RUN_01603__v3,CORE_position_value,RUN_01603,BY2,CORE,D17_seed_00,position_value,seed_00,A06,AB1110,v3,error_series,semisynthetic,position_3d_err_m,56642,56642,0,0,0,0,0.4621127064686887,3.3703048809970824,0
RUN_01603__v3,CORE_position_value,RUN_01603,BY2,CORE,D17_seed_00,position_value,seed_00,A06,AB1110,v3,error_series,semisynthetic,roll_err_deg,56642,56642,0,0,0,0,-4.088772770563281,6.87444342629658,19305
RUN_01603__v3,CORE_position_value,RUN_01603,BY2,CORE,D17_seed_00,position_value,seed_00,A06,AB1110,v3,error_series,semisynthetic,pitch_err_deg,56642,56642,0,0,0,0,-8.570261097754468,8.516097629542628,37179
RUN_01603__v3,CORE_position_value,RUN_01603,BY2,CORE,D17_seed_00,position_value,seed_00,A06,AB1110,v3,error_series,semisynthetic,yaw_err_deg,56642,56642,0,0,0,0,-8.771578605238403,3.8373645352652943,42200
RUN_01603__v3,CORE_position_value,RUN_01603,BY2,CORE,D17_seed_00,position_value,seed_00,A06,AB1110,v3,error_series,semisynthetic,horizontal_3sigma_m,56642,56642,0,0,0,0,0.046505855236632615,42.43457969268709,0
RUN_01603__v3,CORE_position_value,RUN_01603,BY2,CORE,D17_seed_00,position_value,seed_00,A06,AB1110,v3,error_series,semisynthetic,roll_3sigma_deg,56642,56642,0,0,0,0,0.32282877600000004,6.0000398189999995,0
RUN_01603__v3,CORE_position_value,RUN_01603,BY2,CORE,D17_seed_00,position_value,seed_00,A06,AB1110,v3,error_series,semisynthetic,pitch_3sigma_deg,56642,56642,0,0,0,0,0.32474053199999997,6.0000398189999995,0
RUN_01603__v3,CORE_position_value,RUN_01603,BY2,CORE,D17_seed_00,position_value,seed_00,A06,AB1110,v3,error_series,semisynthetic,yaw_3sigma_deg,56642,56642,0,0,0,0,0.544827363,6.0000398189999995,0
RUN_01603__v2,CORE_position_value,RUN_01603,BY2,CORE,D17_seed_00,position_value,seed_00,A06,AB1110,v2,error_series,semisynthetic,time,56642,56642,0,0,0,0,66.005054,339.997056,0
RUN_01603__v2,CORE_position_value,RUN_01603,BY2,CORE,D17_seed_00,position_value,seed_00,A06,AB1110,v2,error_series,semisynthetic,err_n_m,56642,56642,0,0,0,0,-0.4534930991605105,2.862436413160097,42
RUN_01603__v2,CORE_position_value,RUN_01603,BY2,CORE,D17_seed_00,position_value,seed_00,A06,AB1110,v2,error_series,semisynthetic,err_e_m,56642,56642,0,0,0,0,-1.6466562204980306,-0.031603738413819055,56642
RUN_01603__v2,CORE_position_value,RUN_01603,BY2,CORE,D17_seed_00,position_value,seed_00,A06,AB1110,v2,error_series,semisynthetic,err_u_m,56642,56642,0,0,0,0,0.031022183468040997,0.8620329164297615,0
RUN_01603__v2,CORE_position_value,RUN_01603,BY2,CORE,D17_seed_00,position_value,seed_00,A06,AB1110,v2,error_series,semisynthetic,horizontal_err_m,56642,56642,0,0,0,0,0.2973465297748341,3.2229880438891163,0
RUN_01603__v2,CORE_position_value,RUN_01603,BY2,CORE,D17_seed_00,position_value,seed_00,A06,AB1110,v2,error_series,semisynthetic,position_3d_err_m,56642,56642,0,0,0,0,0.29931256149164,3.286732872154812,0
RUN_01603__v2,CORE_position_value,RUN_01603,BY2,CORE,D17_seed_00,position_value,seed_00,A06,AB1110,v2,error_series,semisynthetic,roll_err_deg,56642,56642,0,0,0,0,-4.088772770563281,6.87444342629658,19305
RUN_01603__v2,CORE_position_value,RUN_01603,BY2,CORE,D17_seed_00,position_value,seed_00,A06,AB1110,v2,error_series,semisynthetic,pitch_err_deg,56642,56642,0,0,0,0,-8.570261097754468,8.516097629542628,37179
RUN_01603__v2,CORE_position_value,RUN_01603,BY2,CORE,D17_seed_00,position_value,seed_00,A06,AB1110,v2,error_series,semisynthetic,yaw_err_deg,56642,56642,0,0,0,0,-8.771578605238403,3.8373645352652943,42200
RUN_01603__v2,CORE_position_value,RUN_01603,BY2,CORE,D17_seed_00,position_value,seed_00,A06,AB1110,v2,error_series,semisynthetic,horizontal_3sigma_m,56642,56642,0,0,0,0,0.046505855236632615,42.43457969268709,0
RUN_01603__v2,CORE_position_value,RUN_01603,BY2,CORE,D17_seed_00,position_value,seed_00,A06,AB1110,v2,error_series,semisynthetic,roll_3sigma_deg,56642,56642,0,0,0,0,0.32282877600000004,6.0000398189999995,0
RUN_01603__v2,CORE_position_value,RUN_01603,BY2,CORE,D17_seed_00,position_value,seed_00,A06,AB1110,v2,error_series,semisynthetic,pitch_3sigma_deg,56642,56642,0,0,0,0,0.32474053199999997,6.0000398189999995,0
RUN_01603__v2,CORE_position_value,RUN_01603,BY2,CORE,D17_seed_00,position_value,seed_00,A06,AB1110,v2,error_series,semisynthetic,yaw_3sigma_deg,56642,56642,0,0,0,0,0.544827363,6.0000398189999995,0
RUN_01604__v3,CORE_position_value,RUN_01604,BY2,CORE,D17_seed_00,position_value,seed_00,A07,AB1100,v3,error_series,semisynthetic,time,56642,56642,0,0,0,0,66.005054,339.997056,0
RUN_01604__v3,CORE_position_value,RUN_01604,BY2,CORE,D17_seed_00,position_value,seed_00,A07,AB1100,v3,error_series,semisynthetic,err_n_m,56642,56642,0,0,0,0,-0.42495842675701795,2.8207214476630362,42
RUN_01604__v3,CORE_position_value,RUN_01604,BY2,CORE,D17_seed_00,position_value,seed_00,A07,AB1100,v3,error_series,semisynthetic,err_e_m,56642,56642,0,0,0,0,-1.5363795826692437,-0.17934199372431947,56642
RUN_01604__v3,CORE_position_value,RUN_01604,BY2,CORE,D17_seed_00,position_value,seed_00,A07,AB1100,v3,error_series,semisynthetic,err_u_m,56642,56642,0,0,0,0,0.32943994214133765,1.1706338311920064,0
RUN_01604__v3,CORE_position_value,RUN_01604,BY2,CORE,D17_seed_00,position_value,seed_00,A07,AB1100,v3,error_series,semisynthetic,horizontal_err_m,56642,56642,0,0,0,0,0.3191019517846972,3.193142239457454,0
RUN_01604__v3,CORE_position_value,RUN_01604,BY2,CORE,D17_seed_00,position_value,seed_00,A07,AB1100,v3,error_series,semisynthetic,position_3d_err_m,56642,56642,0,0,0,0,0.4621127064686887,3.3676789442667916,0
RUN_01604__v3,CORE_position_value,RUN_01604,BY2,CORE,D17_seed_00,position_value,seed_00,A07,AB1100,v3,error_series,semisynthetic,roll_err_deg,56642,56642,0,0,0,0,-4.396655361563262,9.291093263296574,16204
RUN_01604__v3,CORE_position_value,RUN_01604,BY2,CORE,D17_seed_00,position_value,seed_00,A07,AB1100,v3,error_series,semisynthetic,pitch_err_deg,56642,56642,0,0,0,0,-9.98617039575447,8.463991951542624,37500
RUN_01604__v3,CORE_position_value,RUN_01604,BY2,CORE,D17_seed_00,position_value,seed_00,A07,AB1100,v3,error_series,semisynthetic,yaw_err_deg,56642,56642,0,0,0,0,-8.84287409023841,3.810816815265298,42302
RUN_01604__v3,CORE_position_value,RUN_01604,BY2,CORE,D17_seed_00,position_value,seed_00,A07,AB1100,v3,error_series,semisynthetic,horizontal_3sigma_m,56642,56642,0,0,0,0,0.04654535455671774,42.43457969268709,0
RUN_01604__v3,CORE_position_value,RUN_01604,BY2,CORE,D17_seed_00,position_value,seed_00,A07,AB1100,v3,error_series,semisynthetic,roll_3sigma_deg,56642,56642,0,0,0,0,0.39945853499999995,6.0000398189999995,0
RUN_01604__v3,CORE_position_value,RUN_01604,BY2,CORE,D17_seed_00,position_value,seed_00,A07,AB1100,v3,error_series,semisynthetic,pitch_3sigma_deg,56642,56642,0,0,0,0,0.40758629699999993,6.0000398189999995,0
RUN_01604__v3,CORE_position_value,RUN_01604,BY2,CORE,D17_seed_00,position_value,seed_00,A07,AB1100,v3,error_series,semisynthetic,yaw_3sigma_deg,56642,56642,0,0,0,0,0.545036772,6.0000398189999995,0
RUN_01604__v2,CORE_position_value,RUN_01604,BY2,CORE,D17_seed_00,position_value,seed_00,A07,AB1100,v2,error_series,semisynthetic,time,56642,56642,0,0,0,0,66.005054,339.997056,0
RUN_01604__v2,CORE_position_value,RUN_01604,BY2,CORE,D17_seed_00,position_value,seed_00,A07,AB1100,v2,error_series,semisynthetic,err_n_m,56642,56642,0,0,0,0,-0.4534930991605105,2.862325377022543,42
RUN_01604__v2,CORE_position_value,RUN_01604,BY2,CORE,D17_seed_00,position_value,seed_00,A07,AB1100,v2,error_series,semisynthetic,err_e_m,56642,56642,0,0,0,0,-1.6462291390751602,-0.031603738413819055,56642
RUN_01604__v2,CORE_position_value,RUN_01604,BY2,CORE,D17_seed_00,position_value,seed_00,A07,AB1100,v2,error_series,semisynthetic,err_u_m,56642,56642,0,0,0,0,0.031022183468040997,0.8625955462932975,0
RUN_01604__v2,CORE_position_value,RUN_01604,BY2,CORE,D17_seed_00,position_value,seed_00,A07,AB1100,v2,error_series,semisynthetic,horizontal_err_m,56642,56642,0,0,0,0,0.2973465297748341,3.220913322844847,0
RUN_01604__v2,CORE_position_value,RUN_01604,BY2,CORE,D17_seed_00,position_value,seed_00,A07,AB1100,v2,error_series,semisynthetic,position_3d_err_m,56642,56642,0,0,0,0,0.29931256149164,3.2846433343590236,0
RUN_01604__v2,CORE_position_value,RUN_01604,BY2,CORE,D17_seed_00,position_value,seed_00,A07,AB1100,v2,error_series,semisynthetic,roll_err_deg,56642,56642,0,0,0,0,-4.396655361563262,9.291093263296574,16204
RUN_01604__v2,CORE_position_value,RUN_01604,BY2,CORE,D17_seed_00,position_value,seed_00,A07,AB1100,v2,error_series,semisynthetic,pitch_err_deg,56642,56642,0,0,0,0,-9.98617039575447,8.463991951542624,37500
RUN_01604__v2,CORE_position_value,RUN_01604,BY2,CORE,D17_seed_00,position_value,seed_00,A07,AB1100,v2,error_series,semisynthetic,yaw_err_deg,56642,56642,0,0,0,0,-8.84287409023841,3.810816815265298,42302
RUN_01604__v2,CORE_position_value,RUN_01604,BY2,CORE,D17_seed_00,position_value,seed_00,A07,AB1100,v2,error_series,semisynthetic,horizontal_3sigma_m,56642,56642,0,0,0,0,0.04654535455671774,42.43457969268709,0
RUN_01604__v2,CORE_position_value,RUN_01604,BY2,CORE,D17_seed_00,position_value,seed_00,A07,AB1100,v2,error_series,semisynthetic,roll_3sigma_deg,56642,56642,0,0,0,0,0.39945853499999995,6.0000398189999995,0
RUN_01604__v2,CORE_position_value,RUN_01604,BY2,CORE,D17_seed_00,position_value,seed_00,A07,AB1100,v2,error_series,semisynthetic,pitch_3sigma_deg,56642,56642,0,0,0,0,0.40758629699999993,6.0000398189999995,0
RUN_01604__v2,CORE_position_value,RUN_01604,BY2,CORE,D17_seed_00,position_value,seed_00,A07,AB1100,v2,error_series,semisynthetic,yaw_3sigma_deg,56642,56642,0,0,0,0,0.545036772,6.0000398189999995,0
RUN_01605__v3,CORE_position_value,RUN_01605,BY2,CORE,D17_seed_00,position_value,seed_00,A08,AB1000,v3,error_series,semisynthetic,time,56642,56642,0,0,0,0,66.005054,339.997056,0
RUN_01605__v3,CORE_position_value,RUN_01605,BY2,CORE,D17_seed_00,position_value,seed_00,A08,AB1000,v3,error_series,semisynthetic,err_n_m,56642,56642,0,0,0,0,-0.42495842675701795,2.820728986294071,42
RUN_01605__v3,CORE_position_value,RUN_01605,BY2,CORE,D17_seed_00,position_value,seed_00,A08,AB1000,v3,error_series,semisynthetic,err_e_m,56642,56642,0,0,0,0,-1.5364920666800073,-0.17934199372431947,56642
RUN_01605__v3,CORE_position_value,RUN_01605,BY2,CORE,D17_seed_00,position_value,seed_00,A08,AB1000,v3,error_series,semisynthetic,err_u_m,56642,56642,0,0,0,0,0.32943994214133765,1.1936462093141458,0
RUN_01605__v3,CORE_position_value,RUN_01605,BY2,CORE,D17_seed_00,position_value,seed_00,A08,AB1000,v3,error_series,semisynthetic,horizontal_err_m,56642,56642,0,0,0,0,0.3191019517846972,3.1931617097346243,0
RUN_01605__v3,CORE_position_value,RUN_01605,BY2,CORE,D17_seed_00,position_value,seed_00,A08,AB1000,v3,error_series,semisynthetic,position_3d_err_m,56642,56642,0,0,0,0,0.4621127064686887,3.3675848220313878,0
RUN_01605__v3,CORE_position_value,RUN_01605,BY2,CORE,D17_seed_00,position_value,seed_00,A08,AB1000,v3,error_series,semisynthetic,roll_err_deg,56642,56642,0,0,0,0,-4.396011707563275,9.287269313296576,16232
RUN_01605__v3,CORE_position_value,RUN_01605,BY2,CORE,D17_seed_00,position_value,seed_00,A08,AB1000,v3,error_series,semisynthetic,pitch_err_deg,56642,56642,0,0,0,0,-9.984313820754465,8.464373735542637,37497
RUN_01605__v3,CORE_position_value,RUN_01605,BY2,CORE,D17_seed_00,position_value,seed_00,A08,AB1000,v3,error_series,semisynthetic,yaw_err_deg,56642,56642,0,0,0,0,-8.844936969238404,3.8103181832653092,42328
RUN_01605__v3,CORE_position_value,RUN_01605,BY2,CORE,D17_seed_00,position_value,seed_00,A08,AB1000,v3,error_series,semisynthetic,horizontal_3sigma_m,56642,56642,0,0,0,0,0.046344483832472284,42.43457969268709,0
RUN_01605__v3,CORE_position_value,RUN_01605,BY2,CORE,D17_seed_00,position_value,seed_00,A08,AB1000,v3,error_series,semisynthetic,roll_3sigma_deg,56642,56642,0,0,0,0,0.39944927100000005,6.0000398189999995,0
RUN_01605__v3,CORE_position_value,RUN_01605,BY2,CORE,D17_seed_00,position_value,seed_00,A08,AB1000,v3,error_series,semisynthetic,pitch_3sigma_deg,56642,56642,0,0,0,0,0.407573682,6.0000398189999995,0
RUN_01605__v3,CORE_position_value,RUN_01605,BY2,CORE,D17_seed_00,position_value,seed_00,A08,AB1000,v3,error_series,semisynthetic,yaw_3sigma_deg,56642,56642,0,0,0,0,0.544899969,6.0000398189999995,0
RUN_01605__v2,CORE_position_value,RUN_01605,BY2,CORE,D17_seed_00,position_value,seed_00,A08,AB1000,v2,error_series,semisynthetic,time,56642,56642,0,0,0,0,66.005054,339.997056,0
RUN_01605__v2,CORE_position_value,RUN_01605,BY2,CORE,D17_seed_00,position_value,seed_00,A08,AB1000,v2,error_series,semisynthetic,err_n_m,56642,56642,0,0,0,0,-0.4534930991605105,2.862436413328812,42
RUN_01605__v2,CORE_position_value,RUN_01605,BY2,CORE,D17_seed_00,position_value,seed_00,A08,AB1000,v2,error_series,semisynthetic,err_e_m,56642,56642,0,0,0,0,-1.6462291390967891,-0.031603738413819055,56642
RUN_01605__v2,CORE_position_value,RUN_01605,BY2,CORE,D17_seed_00,position_value,seed_00,A08,AB1000,v2,error_series,semisynthetic,err_u_m,56642,56642,0,0,0,0,0.031022183468040997,0.8763567963644334,0
RUN_01605__v2,CORE_position_value,RUN_01605,BY2,CORE,D17_seed_00,position_value,seed_00,A08,AB1000,v2,error_series,semisynthetic,horizontal_err_m,56642,56642,0,0,0,0,0.2973465297748341,3.220913322175616,0
RUN_01605__v2,CORE_position_value,RUN_01605,BY2,CORE,D17_seed_00,position_value,seed_00,A08,AB1000,v2,error_series,semisynthetic,position_3d_err_m,56642,56642,0,0,0,0,0.29931256149164,3.284644063748236,0
RUN_01605__v2,CORE_position_value,RUN_01605,BY2,CORE,D17_seed_00,position_value,seed_00,A08,AB1000,v2,error_series,semisynthetic,roll_err_deg,56642,56642,0,0,0,0,-4.396011707563275,9.287269313296576,16232
RUN_01605__v2,CORE_position_value,RUN_01605,BY2,CORE,D17_seed_00,position_value,seed_00,A08,AB1000,v2,error_series,semisynthetic,pitch_err_deg,56642,56642,0,0,0,0,-9.984313820754465,8.464373735542637,37497
RUN_01605__v2,CORE_position_value,RUN_01605,BY2,CORE,D17_seed_00,position_value,seed_00,A08,AB1000,v2,error_series,semisynthetic,yaw_err_deg,56642,56642,0,0,0,0,-8.844936969238404,3.8103181832653092,42328
RUN_01605__v2,CORE_position_value,RUN_01605,BY2,CORE,D17_seed_00,position_value,seed_00,A08,AB1000,v2,error_series,semisynthetic,horizontal_3sigma_m,56642,56642,0,0,0,0,0.046344483832472284,42.43457969268709,0
RUN_01605__v2,CORE_position_value,RUN_01605,BY2,CORE,D17_seed_00,position_value,seed_00,A08,AB1000,v2,error_series,semisynthetic,roll_3sigma_deg,56642,56642,0,0,0,0,0.39944927100000005,6.0000398189999995,0
RUN_01605__v2,CORE_position_value,RUN_01605,BY2,CORE,D17_seed_00,position_value,seed_00,A08,AB1000,v2,error_series,semisynthetic,pitch_3sigma_deg,56642,56642,0,0,0,0,0.407573682,6.0000398189999995,0
RUN_01605__v2,CORE_position_value,RUN_01605,BY2,CORE,D17_seed_00,position_value,seed_00,A08,AB1000,v2,error_series,semisynthetic,yaw_3sigma_deg,56642,56642,0,0,0,0,0.544899969,6.0000398189999995,0
RUN_01606__v3,CORE_position_value,RUN_01606,BY2,CORE,D17_seed_00,position_value,seed_00,A09,AB0100,v3,error_series,semisynthetic,time,56642,56642,0,0,0,0,66.005054,339.997056,0
RUN_01606__v3,CORE_position_value,RUN_01606,BY2,CORE,D17_seed_00,position_value,seed_00,A09,AB0100,v3,error_series,semisynthetic,err_n_m,56642,56642,0,0,0,0,-0.42495842675701795,2.820704835998214,42
RUN_01606__v3,CORE_position_value,RUN_01606,BY2,CORE,D17_seed_00,position_value,seed_00,A09,AB0100,v3,error_series,semisynthetic,err_e_m,56642,56642,0,0,0,0,-1.5364594565892373,-0.17934199372431947,56642
RUN_01606__v3,CORE_position_value,RUN_01606,BY2,CORE,D17_seed_00,position_value,seed_00,A09,AB0100,v3,error_series,semisynthetic,err_u_m,56642,56642,0,0,0,0,0.32943994214133765,1.1705239559430893,0
RUN_01606__v3,CORE_position_value,RUN_01606,BY2,CORE,D17_seed_00,position_value,seed_00,A09,AB0100,v3,error_series,semisynthetic,horizontal_err_m,56642,56642,0,0,0,0,0.3191019517846972,3.193124724527935,0
RUN_01606__v3,CORE_position_value,RUN_01606,BY2,CORE,D17_seed_00,position_value,seed_00,A09,AB0100,v3,error_series,semisynthetic,position_3d_err_m,56642,56642,0,0,0,0,0.4621127064686887,3.36770934517036,0
RUN_01606__v3,CORE_position_value,RUN_01606,BY2,CORE,D17_seed_00,position_value,seed_00,A09,AB0100,v3,error_series,semisynthetic,roll_err_deg,56642,56642,0,0,0,0,-4.395957795563277,9.286236761296578,16196
RUN_01606__v3,CORE_position_value,RUN_01606,BY2,CORE,D17_seed_00,position_value,seed_00,A09,AB0100,v3,error_series,semisynthetic,pitch_err_deg,56642,56642,0,0,0,0,-9.98458692275446,8.452448868542632,37537
RUN_01606__v3,CORE_position_value,RUN_01606,BY2,CORE,D17_seed_00,position_value,seed_00,A09,AB0100,v3,error_series,semisynthetic,yaw_err_deg,56642,56642,0,0,0,0,-8.846746434238412,3.8087334502652936,42241
RUN_01606__v3,CORE_position_value,RUN_01606,BY2,CORE,D17_seed_00,position_value,seed_00,A09,AB0100,v3,error_series,semisynthetic,horizontal_3sigma_m,56642,56642,0,0,0,0,0.046943777603695974,42.43457969268709,0
RUN_01606__v3,CORE_position_value,RUN_01606,BY2,CORE,D17_seed_00,position_value,seed_00,A09,AB0100,v3,error_series,semisynthetic,roll_3sigma_deg,56642,56642,0,0,0,0,0.39950791199999997,6.0000398189999995,0
RUN_01606__v3,CORE_position_value,RUN_01606,BY2,CORE,D17_seed_00,position_value,seed_00,A09,AB0100,v3,error_series,semisynthetic,pitch_3sigma_deg,56642,56642,0,0,0,0,0.407620977,6.0000398189999995,0
RUN_01606__v3,CORE_position_value,RUN_01606,BY2,CORE,D17_seed_00,position_value,seed_00,A09,AB0100,v3,error_series,semisynthetic,yaw_3sigma_deg,56642,56642,0,0,0,0,0.545104107,6.0000398189999995,0
RUN_01606__v2,CORE_position_value,RUN_01606,BY2,CORE,D17_seed_00,position_value,seed_00,A09,AB0100,v2,error_series,semisynthetic,time,56642,56642,0,0,0,0,66.005054,339.997056,0
RUN_01606__v2,CORE_position_value,RUN_01606,BY2,CORE,D17_seed_00,position_value,seed_00,A09,AB0100,v2,error_series,semisynthetic,err_n_m,56642,56642,0,0,0,0,-0.4534930991605105,2.8593177594542194,42
RUN_01606__v2,CORE_position_value,RUN_01606,BY2,CORE,D17_seed_00,position_value,seed_00,A09,AB0100,v2,error_series,semisynthetic,err_e_m,56642,56642,0,0,0,0,-1.6488769330642299,-0.031603738413819055,56642
RUN_01606__v2,CORE_position_value,RUN_01606,BY2,CORE,D17_seed_00,position_value,seed_00,A09,AB0100,v2,error_series,semisynthetic,err_u_m,56642,56642,0,0,0,0,0.031022183468040997,0.8599347587700183,0
RUN_01606__v2,CORE_position_value,RUN_01606,BY2,CORE,D17_seed_00,position_value,seed_00,A09,AB0100,v2,error_series,semisynthetic,horizontal_err_m,56642,56642,0,0,0,0,0.2973465297748341,3.2193452192462897,0
RUN_01606__v2,CORE_position_value,RUN_01606,BY2,CORE,D17_seed_00,position_value,seed_00,A09,AB0100,v2,error_series,semisynthetic,position_3d_err_m,56642,56642,0,0,0,0,0.29931256149164,3.282099263668757,0
RUN_01606__v2,CORE_position_value,RUN_01606,BY2,CORE,D17_seed_00,position_value,seed_00,A09,AB0100,v2,error_series,semisynthetic,roll_err_deg,56642,56642,0,0,0,0,-4.395957795563277,9.286236761296578,16196
RUN_01606__v2,CORE_position_value,RUN_01606,BY2,CORE,D17_seed_00,position_value,seed_00,A09,AB0100,v2,error_series,semisynthetic,pitch_err_deg,56642,56642,0,0,0,0,-9.98458692275446,8.452448868542632,37537
RUN_01606__v2,CORE_position_value,RUN_01606,BY2,CORE,D17_seed_00,position_value,seed_00,A09,AB0100,v2,error_series,semisynthetic,yaw_err_deg,56642,56642,0,0,0,0,-8.846746434238412,3.8087334502652936,42241
RUN_01606__v2,CORE_position_value,RUN_01606,BY2,CORE,D17_seed_00,position_value,seed_00,A09,AB0100,v2,error_series,semisynthetic,horizontal_3sigma_m,56642,56642,0,0,0,0,0.046943777603695974,42.43457969268709,0
RUN_01606__v2,CORE_position_value,RUN_01606,BY2,CORE,D17_seed_00,position_value,seed_00,A09,AB0100,v2,error_series,semisynthetic,roll_3sigma_deg,56642,56642,0,0,0,0,0.39950791199999997,6.0000398189999995,0
RUN_01606__v2,CORE_position_value,RUN_01606,BY2,CORE,D17_seed_00,position_value,seed_00,A09,AB0100,v2,error_series,semisynthetic,pitch_3sigma_deg,56642,56642,0,0,0,0,0.407620977,6.0000398189999995,0
RUN_01606__v2,CORE_position_value,RUN_01606,BY2,CORE,D17_seed_00,position_value,seed_00,A09,AB0100,v2,error_series,semisynthetic,yaw_3sigma_deg,56642,56642,0,0,0,0,0.545104107,6.0000398189999995,0
RUN_01695__v3,CORE_position_value,RUN_01695,BY2,CORE,D18_seed_00,position_value,seed_00,F01,single_antenna_EKF,v3,error_series,semisynthetic,time,56642,56642,0,0,0,0,66.005054,339.997056,0
RUN_01695__v3,CORE_position_value,RUN_01695,BY2,CORE,D18_seed_00,position_value,seed_00,F01,single_antenna_EKF,v3,error_series,semisynthetic,err_n_m,56642,56642,0,0,0,0,-0.42495842675701795,2.6740248970634823,108
RUN_01695__v3,CORE_position_value,RUN_01695,BY2,CORE,D18_seed_00,position_value,seed_00,F01,single_antenna_EKF,v3,error_series,semisynthetic,err_e_m,56642,56642,0,0,0,0,-1.469388982214376,0.03393816637114,56338
RUN_01695__v3,CORE_position_value,RUN_01695,BY2,CORE,D18_seed_00,position_value,seed_00,F01,single_antenna_EKF,v3,error_series,semisynthetic,err_u_m,56642,56642,0,0,0,0,-0.06442215669125106,1.1274413368543872,1265
RUN_01695__v3,CORE_position_value,RUN_01695,BY2,CORE,D18_seed_00,position_value,seed_00,F01,single_antenna_EKF,v3,error_series,semisynthetic,horizontal_err_m,56642,56642,0,0,0,0,0.0047092895472568945,3.0307977362723784,0
RUN_01695__v3,CORE_position_value,RUN_01695,BY2,CORE,D18_seed_00,position_value,seed_00,F01,single_antenna_EKF,v3,error_series,semisynthetic,position_3d_err_m,56642,56642,0,0,0,0,0.0051701304254686605,3.199193674128163,0
RUN_01695__v3,CORE_position_value,RUN_01695,BY2,CORE,D18_seed_00,position_value,seed_00,F01,single_antenna_EKF,v3,error_series,semisynthetic,roll_err_deg,56642,56642,0,0,0,0,-4.457743240563275,9.287570258296569,16210
RUN_01695__v3,CORE_position_value,RUN_01695,BY2,CORE,D18_seed_00,position_value,seed_00,F01,single_antenna_EKF,v3,error_series,semisynthetic,pitch_err_deg,56642,56642,0,0,0,0,-9.988952790754468,8.453537973542637,37676
RUN_01695__v3,CORE_position_value,RUN_01695,BY2,CORE,D18_seed_00,position_value,seed_00,F01,single_antenna_EKF,v3,error_series,semisynthetic,yaw_err_deg,56642,56642,0,0,0,0,-18.26971899123842,1.0849329651452422,56311
RUN_01695__v3,CORE_position_value,RUN_01695,BY2,CORE,D18_seed_00,position_value,seed_00,F01,single_antenna_EKF,v3,error_series,semisynthetic,horizontal_3sigma_m,56642,56642,0,0,0,0,0.04700990876148552,42.43457969268709,0
RUN_01695__v3,CORE_position_value,RUN_01695,BY2,CORE,D18_seed_00,position_value,seed_00,F01,single_antenna_EKF,v3,error_series,semisynthetic,roll_3sigma_deg,56642,56642,0,0,0,0,0.407069247,6.0000398189999995,0
RUN_01695__v3,CORE_position_value,RUN_01695,BY2,CORE,D18_seed_00,position_value,seed_00,F01,single_antenna_EKF,v3,error_series,semisynthetic,pitch_3sigma_deg,56642,56642,0,0,0,0,0.41058566399999996,6.0000398189999995,0
RUN_01695__v3,CORE_position_value,RUN_01695,BY2,CORE,D18_seed_00,position_value,seed_00,F01,single_antenna_EKF,v3,error_series,semisynthetic,yaw_3sigma_deg,56642,56642,0,0,0,0,2.584958406,6.0000398189999995,0
RUN_01695__v2,CORE_position_value,RUN_01695,BY2,CORE,D18_seed_00,position_value,seed_00,F01,single_antenna_EKF,v2,error_series,semisynthetic,time,56642,56642,0,0,0,0,66.005054,339.997056,0
RUN_01695__v2,CORE_position_value,RUN_01695,BY2,CORE,D18_seed_00,position_value,seed_00,F01,single_antenna_EKF,v2,error_series,semisynthetic,err_n_m,56642,56642,0,0,0,0,-0.4534930991605105,2.699675373087132,372
RUN_01695__v2,CORE_position_value,RUN_01695,BY2,CORE,D18_seed_00,position_value,seed_00,F01,single_antenna_EKF,v2,error_series,semisynthetic,err_e_m,56642,56642,0,0,0,0,-1.3362415917395816,0.18283654666566163,54478
RUN_01695__v2,CORE_position_value,RUN_01695,BY2,CORE,D18_seed_00,position_value,seed_00,F01,single_antenna_EKF,v2,error_series,semisynthetic,err_u_m,56642,56642,0,0,0,0,-0.3670547861458733,0.816020355602527,19628
RUN_01695__v2,CORE_position_value,RUN_01695,BY2,CORE,D18_seed_00,position_value,seed_00,F01,single_antenna_EKF,v2,error_series,semisynthetic,horizontal_err_m,56642,56642,0,0,0,0,0.08454862025249744,2.99445029500666,0
RUN_01695__v2,CORE_position_value,RUN_01695,BY2,CORE,D18_seed_00,position_value,seed_00,F01,single_antenna_EKF,v2,error_series,semisynthetic,position_3d_err_m,56642,56642,0,0,0,0,0.26788087496560065,3.0892620906885018,0
RUN_01695__v2,CORE_position_value,RUN_01695,BY2,CORE,D18_seed_00,position_value,seed_00,F01,single_antenna_EKF,v2,error_series,semisynthetic,roll_err_deg,56642,56642,0,0,0,0,-4.457743240563275,9.287570258296569,16210
RUN_01695__v2,CORE_position_value,RUN_01695,BY2,CORE,D18_seed_00,position_value,seed_00,F01,single_antenna_EKF,v2,error_series,semisynthetic,pitch_err_deg,56642,56642,0,0,0,0,-9.988952790754468,8.453537973542637,37676
RUN_01695__v2,CORE_position_value,RUN_01695,BY2,CORE,D18_seed_00,position_value,seed_00,F01,single_antenna_EKF,v2,error_series,semisynthetic,yaw_err_deg,56642,56642,0,0,0,0,-18.26971899123842,1.0849329651452422,56311
RUN_01695__v2,CORE_position_value,RUN_01695,BY2,CORE,D18_seed_00,position_value,seed_00,F01,single_antenna_EKF,v2,error_series,semisynthetic,horizontal_3sigma_m,56642,56642,0,0,0,0,0.04700990876148552,42.43457969268709,0
RUN_01695__v2,CORE_position_value,RUN_01695,BY2,CORE,D18_seed_00,position_value,seed_00,F01,single_antenna_EKF,v2,error_series,semisynthetic,roll_3sigma_deg,56642,56642,0,0,0,0,0.407069247,6.0000398189999995,0
RUN_01695__v2,CORE_position_value,RUN_01695,BY2,CORE,D18_seed_00,position_value,seed_00,F01,single_antenna_EKF,v2,error_series,semisynthetic,pitch_3sigma_deg,56642,56642,0,0,0,0,0.41058566399999996,6.0000398189999995,0
RUN_01695__v2,CORE_position_value,RUN_01695,BY2,CORE,D18_seed_00,position_value,seed_00,F01,single_antenna_EKF,v2,error_series,semisynthetic,yaw_3sigma_deg,56642,56642,0,0,0,0,2.584958406,6.0000398189999995,0
RUN_01696__v3,CORE_position_value,RUN_01696,BY2,CORE,D18_seed_00,position_value,seed_00,F02,basic_dual_yaw_EKF,v3,error_series,semisynthetic,time,56642,56642,0,0,0,0,66.005054,339.997056,0
RUN_01696__v3,CORE_position_value,RUN_01696,BY2,CORE,D18_seed_00,position_value,seed_00,F02,basic_dual_yaw_EKF,v3,error_series,semisynthetic,err_n_m,56642,56642,0,0,0,0,-0.42495842675701795,2.694082177087477,96
RUN_01696__v3,CORE_position_value,RUN_01696,BY2,CORE,D18_seed_00,position_value,seed_00,F02,basic_dual_yaw_EKF,v3,error_series,semisynthetic,err_e_m,56642,56642,0,0,0,0,-1.4711078893923277,0.013873344229506646,56473
RUN_01696__v3,CORE_position_value,RUN_01696,BY2,CORE,D18_seed_00,position_value,seed_00,F02,basic_dual_yaw_EKF,v3,error_series,semisynthetic,err_u_m,56642,56642,0,0,0,0,-0.06610346320452898,1.127882900960559,1307
RUN_01696__v3,CORE_position_value,RUN_01696,BY2,CORE,D18_seed_00,position_value,seed_00,F02,basic_dual_yaw_EKF,v3,error_series,semisynthetic,horizontal_err_m,56642,56642,0,0,0,0,0.004564918081377818,3.0512753191857693,0
RUN_01696__v3,CORE_position_value,RUN_01696,BY2,CORE,D18_seed_00,position_value,seed_00,F02,basic_dual_yaw_EKF,v3,error_series,semisynthetic,position_3d_err_m,56642,56642,0,0,0,0,0.009614473647041287,3.2190935774215723,0
RUN_01696__v3,CORE_position_value,RUN_01696,BY2,CORE,D18_seed_00,position_value,seed_00,F02,basic_dual_yaw_EKF,v3,error_series,semisynthetic,roll_err_deg,56642,56642,0,0,0,0,-4.332666699563276,9.318989404296588,16221
RUN_01696__v3,CORE_position_value,RUN_01696,BY2,CORE,D18_seed_00,position_value,seed_00,F02,basic_dual_yaw_EKF,v3,error_series,semisynthetic,pitch_err_deg,56642,56642,0,0,0,0,-9.987111040754456,8.41661226854265,37547
RUN_01696__v3,CORE_position_value,RUN_01696,BY2,CORE,D18_seed_00,position_value,seed_00,F02,basic_dual_yaw_EKF,v3,error_series,semisynthetic,yaw_err_deg,56642,56642,0,0,0,0,-10.13688498023842,3.8452538362653,43816
RUN_01696__v3,CORE_position_value,RUN_01696,BY2,CORE,D18_seed_00,position_value,seed_00,F02,basic_dual_yaw_EKF,v3,error_series,semisynthetic,horizontal_3sigma_m,56642,56642,0,0,0,0,0.05178557145809494,42.43457969268709,0
RUN_01696__v3,CORE_position_value,RUN_01696,BY2,CORE,D18_seed_00,position_value,seed_00,F02,basic_dual_yaw_EKF,v3,error_series,semisynthetic,roll_3sigma_deg,56642,56642,0,0,0,0,0.400134099,6.000072272999999,0
RUN_01696__v3,CORE_position_value,RUN_01696,BY2,CORE,D18_seed_00,position_value,seed_00,F02,basic_dual_yaw_EKF,v3,error_series,semisynthetic,pitch_3sigma_deg,56642,56642,0,0,0,0,0.40819107,6.000072231,0
RUN_01696__v3,CORE_position_value,RUN_01696,BY2,CORE,D18_seed_00,position_value,seed_00,F02,basic_dual_yaw_EKF,v3,error_series,semisynthetic,yaw_3sigma_deg,56642,56642,0,0,0,0,0.528417048,6.0000398189999995,0
RUN_01696__v2,CORE_position_value,RUN_01696,BY2,CORE,D18_seed_00,position_value,seed_00,F02,basic_dual_yaw_EKF,v2,error_series,semisynthetic,time,56642,56642,0,0,0,0,66.005054,339.997056,0
RUN_01696__v2,CORE_position_value,RUN_01696,BY2,CORE,D18_seed_00,position_value,seed_00,F02,basic_dual_yaw_EKF,v2,error_series,semisynthetic,err_n_m,56642,56642,0,0,0,0,-0.4534930991605105,2.6945960453997557,278
RUN_01696__v2,CORE_position_value,RUN_01696,BY2,CORE,D18_seed_00,position_value,seed_00,F02,basic_dual_yaw_EKF,v2,error_series,semisynthetic,err_e_m,56642,56642,0,0,0,0,-1.334117285178638,0.15917706968464984,54473
RUN_01696__v2,CORE_position_value,RUN_01696,BY2,CORE,D18_seed_00,position_value,seed_00,F02,basic_dual_yaw_EKF,v2,error_series,semisynthetic,err_u_m,56642,56642,0,0,0,0,-0.3680000588354817,0.8164773824039475,19639
RUN_01696__v2,CORE_position_value,RUN_01696,BY2,CORE,D18_seed_00,position_value,seed_00,F02,basic_dual_yaw_EKF,v2,error_series,semisynthetic,horizontal_err_m,56642,56642,0,0,0,0,0.0866960967308298,2.9953794002264305,0
RUN_01696__v2,CORE_position_value,RUN_01696,BY2,CORE,D18_seed_00,position_value,seed_00,F02,basic_dual_yaw_EKF,v2,error_series,semisynthetic,position_3d_err_m,56642,56642,0,0,0,0,0.27146688547618225,3.088315453620509,0
RUN_01696__v2,CORE_position_value,RUN_01696,BY2,CORE,D18_seed_00,position_value,seed_00,F02,basic_dual_yaw_EKF,v2,error_series,semisynthetic,roll_err_deg,56642,56642,0,0,0,0,-4.332666699563276,9.318989404296588,16221
RUN_01696__v2,CORE_position_value,RUN_01696,BY2,CORE,D18_seed_00,position_value,seed_00,F02,basic_dual_yaw_EKF,v2,error_series,semisynthetic,pitch_err_deg,56642,56642,0,0,0,0,-9.987111040754456,8.41661226854265,37547
RUN_01696__v2,CORE_position_value,RUN_01696,BY2,CORE,D18_seed_00,position_value,seed_00,F02,basic_dual_yaw_EKF,v2,error_series,semisynthetic,yaw_err_deg,56642,56642,0,0,0,0,-10.13688498023842,3.8452538362653,43816
RUN_01696__v2,CORE_position_value,RUN_01696,BY2,CORE,D18_seed_00,position_value,seed_00,F02,basic_dual_yaw_EKF,v2,error_series,semisynthetic,horizontal_3sigma_m,56642,56642,0,0,0,0,0.05178557145809494,42.43457969268709,0
RUN_01696__v2,CORE_position_value,RUN_01696,BY2,CORE,D18_seed_00,position_value,seed_00,F02,basic_dual_yaw_EKF,v2,error_series,semisynthetic,roll_3sigma_deg,56642,56642,0,0,0,0,0.400134099,6.000072272999999,0
RUN_01696__v2,CORE_position_value,RUN_01696,BY2,CORE,D18_seed_00,position_value,seed_00,F02,basic_dual_yaw_EKF,v2,error_series,semisynthetic,pitch_3sigma_deg,56642,56642,0,0,0,0,0.40819107,6.000072231,0
RUN_01696__v2,CORE_position_value,RUN_01696,BY2,CORE,D18_seed_00,position_value,seed_00,F02,basic_dual_yaw_EKF,v2,error_series,semisynthetic,yaw_3sigma_deg,56642,56642,0,0,0,0,0.528417048,6.0000398189999995,0
RUN_01697__v3,CORE_position_value,RUN_01697,BY2,CORE,D18_seed_00,position_value,seed_00,F03,AB0000,v3,error_series,semisynthetic,time,56642,56642,0,0,0,0,66.005054,339.997056,0
RUN_01697__v3,CORE_position_value,RUN_01697,BY2,CORE,D18_seed_00,position_value,seed_00,F03,AB0000,v3,error_series,semisynthetic,err_n_m,56642,56642,0,0,0,0,-0.42495842675701795,2.700316813764914,103
RUN_01697__v3,CORE_position_value,RUN_01697,BY2,CORE,D18_seed_00,position_value,seed_00,F03,AB0000,v3,error_series,semisynthetic,err_e_m,56642,56642,0,0,0,0,-1.4746166668466811,0.034190609743903755,56340
RUN_01697__v3,CORE_position_value,RUN_01697,BY2,CORE,D18_seed_00,position_value,seed_00,F03,AB0000,v3,error_series,semisynthetic,err_u_m,56642,56642,0,0,0,0,-0.06441970585752665,1.1273457745378437,1265
RUN_01697__v3,CORE_position_value,RUN_01697,BY2,CORE,D18_seed_00,position_value,seed_00,F03,AB0000,v3,error_series,semisynthetic,horizontal_err_m,56642,56642,0,0,0,0,0.003003478296270827,3.056312238762681,0
RUN_01697__v3,CORE_position_value,RUN_01697,BY2,CORE,D18_seed_00,position_value,seed_00,F03,AB0000,v3,error_series,semisynthetic,position_3d_err_m,56642,56642,0,0,0,0,0.003589763791798181,3.2233444641068867,0
RUN_01697__v3,CORE_position_value,RUN_01697,BY2,CORE,D18_seed_00,position_value,seed_00,F03,AB0000,v3,error_series,semisynthetic,roll_err_deg,56642,56642,0,0,0,0,-4.397459660563271,9.287555166296585,16209
RUN_01697__v3,CORE_position_value,RUN_01697,BY2,CORE,D18_seed_00,position_value,seed_00,F03,AB0000,v3,error_series,semisynthetic,pitch_err_deg,56642,56642,0,0,0,0,-9.986703565754453,8.453866274542634,37532
RUN_01697__v3,CORE_position_value,RUN_01697,BY2,CORE,D18_seed_00,position_value,seed_00,F03,AB0000,v3,error_series,semisynthetic,yaw_err_deg,56642,56642,0,0,0,0,-8.854344146238418,3.8094756282652895,42262
RUN_01697__v3,CORE_position_value,RUN_01697,BY2,CORE,D18_seed_00,position_value,seed_00,F03,AB0000,v3,error_series,semisynthetic,horizontal_3sigma_m,56642,56642,0,0,0,0,0.04693112809438483,42.43457969268709,0
RUN_01697__v3,CORE_position_value,RUN_01697,BY2,CORE,D18_seed_00,position_value,seed_00,F03,AB0000,v3,error_series,semisynthetic,roll_3sigma_deg,56642,56642,0,0,0,0,0.399508035,6.0000398189999995,0
RUN_01697__v3,CORE_position_value,RUN_01697,BY2,CORE,D18_seed_00,position_value,seed_00,F03,AB0000,v3,error_series,semisynthetic,pitch_3sigma_deg,56642,56642,0,0,0,0,0.407620974,6.0000398189999995,0
RUN_01697__v3,CORE_position_value,RUN_01697,BY2,CORE,D18_seed_00,position_value,seed_00,F03,AB0000,v3,error_series,semisynthetic,yaw_3sigma_deg,56642,56642,0,0,0,0,0.544978206,6.0000398189999995,0
RUN_01697__v2,CORE_position_value,RUN_01697,BY2,CORE,D18_seed_00,position_value,seed_00,F03,AB0000,v2,error_series,semisynthetic,time,56642,56642,0,0,0,0,66.005054,339.997056,0
RUN_01697__v2,CORE_position_value,RUN_01697,BY2,CORE,D18_seed_00,position_value,seed_00,F03,AB0000,v2,error_series,semisynthetic,err_n_m,56642,56642,0,0,0,0,-0.4534930991605105,2.7020071085035227,376
RUN_01697__v2,CORE_position_value,RUN_01697,BY2,CORE,D18_seed_00,position_value,seed_00,F03,AB0000,v2,error_series,semisynthetic,err_e_m,56642,56642,0,0,0,0,-1.3452100006653804,0.18266571931450049,54480
RUN_01697__v2,CORE_position_value,RUN_01697,BY2,CORE,D18_seed_00,position_value,seed_00,F03,AB0000,v2,error_series,semisynthetic,err_u_m,56642,56642,0,0,0,0,-0.36705547762493884,0.8159469560485668,19628
RUN_01697__v2,CORE_position_value,RUN_01697,BY2,CORE,D18_seed_00,position_value,seed_00,F03,AB0000,v2,error_series,semisynthetic,horizontal_err_m,56642,56642,0,0,0,0,0.08454862018042487,3.001550645925885,0
RUN_01697__v2,CORE_position_value,RUN_01697,BY2,CORE,D18_seed_00,position_value,seed_00,F03,AB0000,v2,error_series,semisynthetic,position_3d_err_m,56642,56642,0,0,0,0,0.2678771601654055,3.0962125076186684,0
RUN_01697__v2,CORE_position_value,RUN_01697,BY2,CORE,D18_seed_00,position_value,seed_00,F03,AB0000,v2,error_series,semisynthetic,roll_err_deg,56642,56642,0,0,0,0,-4.397459660563271,9.287555166296585,16209
RUN_01697__v2,CORE_position_value,RUN_01697,BY2,CORE,D18_seed_00,position_value,seed_00,F03,AB0000,v2,error_series,semisynthetic,pitch_err_deg,56642,56642,0,0,0,0,-9.986703565754453,8.453866274542634,37532
RUN_01697__v2,CORE_position_value,RUN_01697,BY2,CORE,D18_seed_00,position_value,seed_00,F03,AB0000,v2,error_series,semisynthetic,yaw_err_deg,56642,56642,0,0,0,0,-8.854344146238418,3.8094756282652895,42262
RUN_01697__v2,CORE_position_value,RUN_01697,BY2,CORE,D18_seed_00,position_value,seed_00,F03,AB0000,v2,error_series,semisynthetic,horizontal_3sigma_m,56642,56642,0,0,0,0,0.04693112809438483,42.43457969268709,0
RUN_01697__v2,CORE_position_value,RUN_01697,BY2,CORE,D18_seed_00,position_value,seed_00,F03,AB0000,v2,error_series,semisynthetic,roll_3sigma_deg,56642,56642,0,0,0,0,0.399508035,6.0000398189999995,0
RUN_01697__v2,CORE_position_value,RUN_01697,BY2,CORE,D18_seed_00,position_value,seed_00,F03,AB0000,v2,error_series,semisynthetic,pitch_3sigma_deg,56642,56642,0,0,0,0,0.407620974,6.0000398189999995,0
RUN_01697__v2,CORE_position_value,RUN_01697,BY2,CORE,D18_seed_00,position_value,seed_00,F03,AB0000,v2,error_series,semisynthetic,yaw_3sigma_deg,56642,56642,0,0,0,0,0.544978206,6.0000398189999995,0
RUN_01698__v3,CORE_position_value,RUN_01698,BY2,CORE,D18_seed_00,position_value,seed_00,F04,AB1111,v3,error_series,semisynthetic,time,56642,56642,0,0,0,0,66.005054,339.997056,0
RUN_01698__v3,CORE_position_value,RUN_01698,BY2,CORE,D18_seed_00,position_value,seed_00,F04,AB1111,v3,error_series,semisynthetic,err_n_m,56642,56642,0,0,0,0,-0.42495842675701795,2.7046900636156614,80
RUN_01698__v3,CORE_position_value,RUN_01698,BY2,CORE,D18_seed_00,position_value,seed_00,F04,AB1111,v3,error_series,semisynthetic,err_e_m,56642,56642,0,0,0,0,-1.473421701703172,0.030427112063741713,56365
RUN_01698__v3,CORE_position_value,RUN_01698,BY2,CORE,D18_seed_00,position_value,seed_00,F04,AB1111,v3,error_series,semisynthetic,err_u_m,56642,56642,0,0,0,0,-0.06779335663136532,1.124008280298435,1292
RUN_01698__v3,CORE_position_value,RUN_01698,BY2,CORE,D18_seed_00,position_value,seed_00,F04,AB1111,v3,error_series,semisynthetic,horizontal_err_m,56642,56642,0,0,0,0,0.0014087588486725651,3.0595379127092337,0
RUN_01698__v3,CORE_position_value,RUN_01698,BY2,CORE,D18_seed_00,position_value,seed_00,F04,AB1111,v3,error_series,semisynthetic,position_3d_err_m,56642,56642,0,0,0,0,0.002641978781745884,3.22485442196036,0
RUN_01698__v3,CORE_position_value,RUN_01698,BY2,CORE,D18_seed_00,position_value,seed_00,F04,AB1111,v3,error_series,semisynthetic,roll_err_deg,56642,56642,0,0,0,0,-4.0863006375632835,6.873065276296586,19300
RUN_01698__v3,CORE_position_value,RUN_01698,BY2,CORE,D18_seed_00,position_value,seed_00,F04,AB1111,v3,error_series,semisynthetic,pitch_err_deg,56642,56642,0,0,0,0,-8.571537296754457,8.51384964554265,37196
RUN_01698__v3,CORE_position_value,RUN_01698,BY2,CORE,D18_seed_00,position_value,seed_00,F04,AB1111,v3,error_series,semisynthetic,yaw_err_deg,56642,56642,0,0,0,0,-8.770354398238396,3.838911893265305,42190
RUN_01698__v3,CORE_position_value,RUN_01698,BY2,CORE,D18_seed_00,position_value,seed_00,F04,AB1111,v3,error_series,semisynthetic,horizontal_3sigma_m,56642,56642,0,0,0,0,0.04566183947343297,42.43457969268709,0
RUN_01698__v3,CORE_position_value,RUN_01698,BY2,CORE,D18_seed_00,position_value,seed_00,F04,AB1111,v3,error_series,semisynthetic,roll_3sigma_deg,56642,56642,0,0,0,0,0.322798665,6.0000398189999995,0
RUN_01698__v3,CORE_position_value,RUN_01698,BY2,CORE,D18_seed_00,position_value,seed_00,F04,AB1111,v3,error_series,semisynthetic,pitch_3sigma_deg,56642,56642,0,0,0,0,0.324713634,6.0000398189999995,0
RUN_01698__v3,CORE_position_value,RUN_01698,BY2,CORE,D18_seed_00,position_value,seed_00,F04,AB1111,v3,error_series,semisynthetic,yaw_3sigma_deg,56642,56642,0,0,0,0,0.544773348,6.0000398189999995,0
RUN_01698__v2,CORE_position_value,RUN_01698,BY2,CORE,D18_seed_00,position_value,seed_00,F04,AB1111,v2,error_series,semisynthetic,time,56642,56642,0,0,0,0,66.005054,339.997056,0
RUN_01698__v2,CORE_position_value,RUN_01698,BY2,CORE,D18_seed_00,position_value,seed_00,F04,AB1111,v2,error_series,semisynthetic,err_n_m,56642,56642,0,0,0,0,-0.4534930991605105,2.7053381627040025,399
RUN_01698__v2,CORE_position_value,RUN_01698,BY2,CORE,D18_seed_00,position_value,seed_00,F04,AB1111,v2,error_series,semisynthetic,err_e_m,56642,56642,0,0,0,0,-1.344185041543017,0.1798470828391734,54473
RUN_01698__v2,CORE_position_value,RUN_01698,BY2,CORE,D18_seed_00,position_value,seed_00,F04,AB1111,v2,error_series,semisynthetic,err_u_m,56642,56642,0,0,0,0,-0.36976470619768165,0.8165860911642682,19620
RUN_01698__v2,CORE_position_value,RUN_01698,BY2,CORE,D18_seed_00,position_value,seed_00,F04,AB1111,v2,error_series,semisynthetic,horizontal_err_m,56642,56642,0,0,0,0,0.07852281227143225,3.0028518915770204,0
RUN_01698__v2,CORE_position_value,RUN_01698,BY2,CORE,D18_seed_00,position_value,seed_00,F04,AB1111,v2,error_series,semisynthetic,position_3d_err_m,56642,56642,0,0,0,0,0.2613064269904285,3.0978686615679436,0
RUN_01698__v2,CORE_position_value,RUN_01698,BY2,CORE,D18_seed_00,position_value,seed_00,F04,AB1111,v2,error_series,semisynthetic,roll_err_deg,56642,56642,0,0,0,0,-4.0863006375632835,6.873065276296586,19300
RUN_01698__v2,CORE_position_value,RUN_01698,BY2,CORE,D18_seed_00,position_value,seed_00,F04,AB1111,v2,error_series,semisynthetic,pitch_err_deg,56642,56642,0,0,0,0,-8.571537296754457,8.51384964554265,37196
RUN_01698__v2,CORE_position_value,RUN_01698,BY2,CORE,D18_seed_00,position_value,seed_00,F04,AB1111,v2,error_series,semisynthetic,yaw_err_deg,56642,56642,0,0,0,0,-8.770354398238396,3.838911893265305,42190
RUN_01698__v2,CORE_position_value,RUN_01698,BY2,CORE,D18_seed_00,position_value,seed_00,F04,AB1111,v2,error_series,semisynthetic,horizontal_3sigma_m,56642,56642,0,0,0,0,0.04566183947343297,42.43457969268709,0
RUN_01698__v2,CORE_position_value,RUN_01698,BY2,CORE,D18_seed_00,position_value,seed_00,F04,AB1111,v2,error_series,semisynthetic,roll_3sigma_deg,56642,56642,0,0,0,0,0.322798665,6.0000398189999995,0
RUN_01698__v2,CORE_position_value,RUN_01698,BY2,CORE,D18_seed_00,position_value,seed_00,F04,AB1111,v2,error_series,semisynthetic,pitch_3sigma_deg,56642,56642,0,0,0,0,0.324713634,6.0000398189999995,0
RUN_01698__v2,CORE_position_value,RUN_01698,BY2,CORE,D18_seed_00,position_value,seed_00,F04,AB1111,v2,error_series,semisynthetic,yaw_3sigma_deg,56642,56642,0,0,0,0,0.544773348,6.0000398189999995,0
RUN_01699__v3,CORE_position_value,RUN_01699,BY2,CORE,D18_seed_00,position_value,seed_00,A03,AB0111,v3,error_series,semisynthetic,time,56642,56642,0,0,0,0,66.005054,339.997056,0
RUN_01699__v3,CORE_position_value,RUN_01699,BY2,CORE,D18_seed_00,position_value,seed_00,A03,AB0111,v3,error_series,semisynthetic,err_n_m,56642,56642,0,0,0,0,-0.42495842675701795,2.704126322491412,81
RUN_01699__v3,CORE_position_value,RUN_01699,BY2,CORE,D18_seed_00,position_value,seed_00,A03,AB0111,v3,error_series,semisynthetic,err_e_m,56642,56642,0,0,0,0,-1.4734150000247705,0.027485631874554772,56373
RUN_01699__v3,CORE_position_value,RUN_01699,BY2,CORE,D18_seed_00,position_value,seed_00,A03,AB0111,v3,error_series,semisynthetic,err_u_m,56642,56642,0,0,0,0,-0.06526058841155224,1.123244564366324,1270
RUN_01699__v3,CORE_position_value,RUN_01699,BY2,CORE,D18_seed_00,position_value,seed_00,A03,AB0111,v3,error_series,semisynthetic,horizontal_err_m,56642,56642,0,0,0,0,0.0005129328239632076,3.0595675071975643,0
RUN_01699__v3,CORE_position_value,RUN_01699,BY2,CORE,D18_seed_00,position_value,seed_00,A03,AB0111,v3,error_series,semisynthetic,position_3d_err_m,56642,56642,0,0,0,0,0.0018329451709763712,3.224936217763416,0
RUN_01699__v3,CORE_position_value,RUN_01699,BY2,CORE,D18_seed_00,position_value,seed_00,A03,AB0111,v3,error_series,semisynthetic,roll_err_deg,56642,56642,0,0,0,0,-4.0870607465632816,6.870968165296574,19301
RUN_01699__v3,CORE_position_value,RUN_01699,BY2,CORE,D18_seed_00,position_value,seed_00,A03,AB0111,v3,error_series,semisynthetic,pitch_err_deg,56642,56642,0,0,0,0,-8.57043890375445,8.51139150054263,37207
RUN_01699__v3,CORE_position_value,RUN_01699,BY2,CORE,D18_seed_00,position_value,seed_00,A03,AB0111,v3,error_series,semisynthetic,yaw_err_deg,56642,56642,0,0,0,0,-8.774254992238411,3.8367825652653096,42127
RUN_01699__v3,CORE_position_value,RUN_01699,BY2,CORE,D18_seed_00,position_value,seed_00,A03,AB0111,v3,error_series,semisynthetic,horizontal_3sigma_m,56642,56642,0,0,0,0,0.04601808817282497,42.43457969268709,0
RUN_01699__v3,CORE_position_value,RUN_01699,BY2,CORE,D18_seed_00,position_value,seed_00,A03,AB0111,v3,error_series,semisynthetic,roll_3sigma_deg,56642,56642,0,0,0,0,0.322807839,6.0000398189999995,0
RUN_01699__v3,CORE_position_value,RUN_01699,BY2,CORE,D18_seed_00,position_value,seed_00,A03,AB0111,v3,error_series,semisynthetic,pitch_3sigma_deg,56642,56642,0,0,0,0,0.324722616,6.0000398189999995,0
RUN_01699__v3,CORE_position_value,RUN_01699,BY2,CORE,D18_seed_00,position_value,seed_00,A03,AB0111,v3,error_series,semisynthetic,yaw_3sigma_deg,56642,56642,0,0,0,0,0.5448395580000001,6.0000398189999995,0
RUN_01699__v2,CORE_position_value,RUN_01699,BY2,CORE,D18_seed_00,position_value,seed_00,A03,AB0111,v2,error_series,semisynthetic,time,56642,56642,0,0,0,0,66.005054,339.997056,0
RUN_01699__v2,CORE_position_value,RUN_01699,BY2,CORE,D18_seed_00,position_value,seed_00,A03,AB0111,v2,error_series,semisynthetic,err_n_m,56642,56642,0,0,0,0,-0.4534930991605105,2.704782986959252,379
RUN_01699__v2,CORE_position_value,RUN_01699,BY2,CORE,D18_seed_00,position_value,seed_00,A03,AB0111,v2,error_series,semisynthetic,err_e_m,56642,56642,0,0,0,0,-1.3448683499718528,0.17702844351924618,54473
RUN_01699__v2,CORE_position_value,RUN_01699,BY2,CORE,D18_seed_00,position_value,seed_00,A03,AB0111,v2,error_series,semisynthetic,err_u_m,56642,56642,0,0,0,0,-0.3672117962766386,0.8158184594249196,19623
RUN_01699__v2,CORE_position_value,RUN_01699,BY2,CORE,D18_seed_00,position_value,seed_00,A03,AB0111,v2,error_series,semisynthetic,horizontal_err_m,56642,56642,0,0,0,0,0.08117703996482838,3.003714971728048,0
RUN_01699__v2,CORE_position_value,RUN_01699,BY2,CORE,D18_seed_00,position_value,seed_00,A03,AB0111,v2,error_series,semisynthetic,position_3d_err_m,56642,56642,0,0,0,0,0.2664140691808604,3.098606607876831,0
RUN_01699__v2,CORE_position_value,RUN_01699,BY2,CORE,D18_seed_00,position_value,seed_00,A03,AB0111,v2,error_series,semisynthetic,roll_err_deg,56642,56642,0,0,0,0,-4.0870607465632816,6.870968165296574,19301
RUN_01699__v2,CORE_position_value,RUN_01699,BY2,CORE,D18_seed_00,position_value,seed_00,A03,AB0111,v2,error_series,semisynthetic,pitch_err_deg,56642,56642,0,0,0,0,-8.57043890375445,8.51139150054263,37207
RUN_01699__v2,CORE_position_value,RUN_01699,BY2,CORE,D18_seed_00,position_value,seed_00,A03,AB0111,v2,error_series,semisynthetic,yaw_err_deg,56642,56642,0,0,0,0,-8.774254992238411,3.8367825652653096,42127
RUN_01699__v2,CORE_position_value,RUN_01699,BY2,CORE,D18_seed_00,position_value,seed_00,A03,AB0111,v2,error_series,semisynthetic,horizontal_3sigma_m,56642,56642,0,0,0,0,0.04601808817282497,42.43457969268709,0
RUN_01699__v2,CORE_position_value,RUN_01699,BY2,CORE,D18_seed_00,position_value,seed_00,A03,AB0111,v2,error_series,semisynthetic,roll_3sigma_deg,56642,56642,0,0,0,0,0.322807839,6.0000398189999995,0
RUN_01699__v2,CORE_position_value,RUN_01699,BY2,CORE,D18_seed_00,position_value,seed_00,A03,AB0111,v2,error_series,semisynthetic,pitch_3sigma_deg,56642,56642,0,0,0,0,0.324722616,6.0000398189999995,0
RUN_01699__v2,CORE_position_value,RUN_01699,BY2,CORE,D18_seed_00,position_value,seed_00,A03,AB0111,v2,error_series,semisynthetic,yaw_3sigma_deg,56642,56642,0,0,0,0,0.5448395580000001,6.0000398189999995,0
RUN_01700__v3,CORE_position_value,RUN_01700,BY2,CORE,D18_seed_00,position_value,seed_00,A04,AB1011,v3,error_series,semisynthetic,time,56642,56642,0,0,0,0,66.005054,339.997056,0
RUN_01700__v3,CORE_position_value,RUN_01700,BY2,CORE,D18_seed_00,position_value,seed_00,A04,AB1011,v3,error_series,semisynthetic,err_n_m,56642,56642,0,0,0,0,-0.42495842675701795,2.7047976892519543,72
RUN_01700__v3,CORE_position_value,RUN_01700,BY2,CORE,D18_seed_00,position_value,seed_00,A04,AB1011,v3,error_series,semisynthetic,err_e_m,56642,56642,0,0,0,0,-1.4740731839112278,0.025810333915613826,56385
RUN_01700__v3,CORE_position_value,RUN_01700,BY2,CORE,D18_seed_00,position_value,seed_00,A04,AB1011,v3,error_series,semisynthetic,err_u_m,56642,56642,0,0,0,0,-0.06791959183484186,1.1235267432369938,1300
RUN_01700__v3,CORE_position_value,RUN_01700,BY2,CORE,D18_seed_00,position_value,seed_00,A04,AB1011,v3,error_series,semisynthetic,horizontal_err_m,56642,56642,0,0,0,0,0.00263305536934425,3.0591546257484312,0
RUN_01700__v3,CORE_position_value,RUN_01700,BY2,CORE,D18_seed_00,position_value,seed_00,A04,AB1011,v3,error_series,semisynthetic,position_3d_err_m,56642,56642,0,0,0,0,0.003506236147280333,3.224219762136318,0
RUN_01700__v3,CORE_position_value,RUN_01700,BY2,CORE,D18_seed_00,position_value,seed_00,A04,AB1011,v3,error_series,semisynthetic,roll_err_deg,56642,56642,0,0,0,0,-3.943886169563285,6.562715919139464,19956
RUN_01700__v3,CORE_position_value,RUN_01700,BY2,CORE,D18_seed_00,position_value,seed_00,A04,AB1011,v3,error_series,semisynthetic,pitch_err_deg,56642,56642,0,0,0,0,-8.22451376275447,8.49867831854263,37049
RUN_01700__v3,CORE_position_value,RUN_01700,BY2,CORE,D18_seed_00,position_value,seed_00,A04,AB1011,v3,error_series,semisynthetic,yaw_err_deg,56642,56642,0,0,0,0,-8.774774421238419,3.8366636102653047,42236
RUN_01700__v3,CORE_position_value,RUN_01700,BY2,CORE,D18_seed_00,position_value,seed_00,A04,AB1011,v3,error_series,semisynthetic,horizontal_3sigma_m,56642,56642,0,0,0,0,0.04477348778364094,42.43457969268709,0
RUN_01700__v3,CORE_position_value,RUN_01700,BY2,CORE,D18_seed_00,position_value,seed_00,A04,AB1011,v3,error_series,semisynthetic,roll_3sigma_deg,56642,56642,0,0,0,0,0.302973471,6.0000398189999995,0
RUN_01700__v3,CORE_position_value,RUN_01700,BY2,CORE,D18_seed_00,position_value,seed_00,A04,AB1011,v3,error_series,semisynthetic,pitch_3sigma_deg,56642,56642,0,0,0,0,0.304142202,6.0000398189999995,0
RUN_01700__v3,CORE_position_value,RUN_01700,BY2,CORE,D18_seed_00,position_value,seed_00,A04,AB1011,v3,error_series,semisynthetic,yaw_3sigma_deg,56642,56642,0,0,0,0,0.544635741,6.0000398189999995,0
RUN_01700__v2,CORE_position_value,RUN_01700,BY2,CORE,D18_seed_00,position_value,seed_00,A04,AB1011,v2,error_series,semisynthetic,time,56642,56642,0,0,0,0,66.005054,339.997056,0
RUN_01700__v2,CORE_position_value,RUN_01700,BY2,CORE,D18_seed_00,position_value,seed_00,A04,AB1011,v2,error_series,semisynthetic,err_n_m,56642,56642,0,0,0,0,-0.4534930991605105,2.704338846977066,401
RUN_01700__v2,CORE_position_value,RUN_01700,BY2,CORE,D18_seed_00,position_value,seed_00,A04,AB1011,v2,error_series,semisynthetic,err_e_m,56642,56642,0,0,0,0,-1.3452954150096317,0.1754910046512722,54470
RUN_01700__v2,CORE_position_value,RUN_01700,BY2,CORE,D18_seed_00,position_value,seed_00,A04,AB1011,v2,error_series,semisynthetic,err_u_m,56642,56642,0,0,0,0,-0.369778613338271,0.8166384466554195,19612
RUN_01700__v2,CORE_position_value,RUN_01700,BY2,CORE,D18_seed_00,position_value,seed_00,A04,AB1011,v2,error_series,semisynthetic,horizontal_err_m,56642,56642,0,0,0,0,0.07501127132431637,3.002171851808855,0
RUN_01700__v2,CORE_position_value,RUN_01700,BY2,CORE,D18_seed_00,position_value,seed_00,A04,AB1011,v2,error_series,semisynthetic,position_3d_err_m,56642,56642,0,0,0,0,0.2602065920712814,3.0973174424348358,0
RUN_01700__v2,CORE_position_value,RUN_01700,BY2,CORE,D18_seed_00,position_value,seed_00,A04,AB1011,v2,error_series,semisynthetic,roll_err_deg,56642,56642,0,0,0,0,-3.943886169563285,6.562715919139464,19956
RUN_01700__v2,CORE_position_value,RUN_01700,BY2,CORE,D18_seed_00,position_value,seed_00,A04,AB1011,v2,error_series,semisynthetic,pitch_err_deg,56642,56642,0,0,0,0,-8.22451376275447,8.49867831854263,37049
RUN_01700__v2,CORE_position_value,RUN_01700,BY2,CORE,D18_seed_00,position_value,seed_00,A04,AB1011,v2,error_series,semisynthetic,yaw_err_deg,56642,56642,0,0,0,0,-8.774774421238419,3.8366636102653047,42236
RUN_01700__v2,CORE_position_value,RUN_01700,BY2,CORE,D18_seed_00,position_value,seed_00,A04,AB1011,v2,error_series,semisynthetic,horizontal_3sigma_m,56642,56642,0,0,0,0,0.04477348778364094,42.43457969268709,0
RUN_01700__v2,CORE_position_value,RUN_01700,BY2,CORE,D18_seed_00,position_value,seed_00,A04,AB1011,v2,error_series,semisynthetic,roll_3sigma_deg,56642,56642,0,0,0,0,0.302973471,6.0000398189999995,0
RUN_01700__v2,CORE_position_value,RUN_01700,BY2,CORE,D18_seed_00,position_value,seed_00,A04,AB1011,v2,error_series,semisynthetic,pitch_3sigma_deg,56642,56642,0,0,0,0,0.304142202,6.0000398189999995,0
RUN_01700__v2,CORE_position_value,RUN_01700,BY2,CORE,D18_seed_00,position_value,seed_00,A04,AB1011,v2,error_series,semisynthetic,yaw_3sigma_deg,56642,56642,0,0,0,0,0.544635741,6.0000398189999995,0
RUN_01701__v3,CORE_position_value,RUN_01701,BY2,CORE,D18_seed_00,position_value,seed_00,A05,AB1101,v3,error_series,semisynthetic,time,56642,56642,0,0,0,0,66.005054,339.997056,0
RUN_01701__v3,CORE_position_value,RUN_01701,BY2,CORE,D18_seed_00,position_value,seed_00,A05,AB1101,v3,error_series,semisynthetic,err_n_m,56642,56642,0,0,0,0,-0.42495842675701795,2.7002533167777933,79
RUN_01701__v3,CORE_position_value,RUN_01701,BY2,CORE,D18_seed_00,position_value,seed_00,A05,AB1101,v3,error_series,semisynthetic,err_e_m,56642,56642,0,0,0,0,-1.4728115218439841,0.03146123484030727,56365
RUN_01701__v3,CORE_position_value,RUN_01701,BY2,CORE,D18_seed_00,position_value,seed_00,A05,AB1101,v3,error_series,semisynthetic,err_u_m,56642,56642,0,0,0,0,-0.06701815011245094,1.1281667660824546,1285
RUN_01701__v3,CORE_position_value,RUN_01701,BY2,CORE,D18_seed_00,position_value,seed_00,A05,AB1101,v3,error_series,semisynthetic,horizontal_err_m,56642,56642,0,0,0,0,0.0008287047840500111,3.05565148861554,0
RUN_01701__v3,CORE_position_value,RUN_01701,BY2,CORE,D18_seed_00,position_value,seed_00,A05,AB1101,v3,error_series,semisynthetic,position_3d_err_m,56642,56642,0,0,0,0,0.0022742569861304946,3.2226766681854,0
RUN_01701__v3,CORE_position_value,RUN_01701,BY2,CORE,D18_seed_00,position_value,seed_00,A05,AB1101,v3,error_series,semisynthetic,roll_err_deg,56642,56642,0,0,0,0,-4.3820393135632685,9.289376026296566,16203
RUN_01701__v3,CORE_position_value,RUN_01701,BY2,CORE,D18_seed_00,position_value,seed_00,A05,AB1101,v3,error_series,semisynthetic,pitch_err_deg,56642,56642,0,0,0,0,-9.988994767754463,8.45080092254264,37557
RUN_01701__v3,CORE_position_value,RUN_01701,BY2,CORE,D18_seed_00,position_value,seed_00,A05,AB1101,v3,error_series,semisynthetic,yaw_err_deg,56642,56642,0,0,0,0,-8.841477889238405,3.812402303265287,42294
RUN_01701__v3,CORE_position_value,RUN_01701,BY2,CORE,D18_seed_00,position_value,seed_00,A05,AB1101,v3,error_series,semisynthetic,horizontal_3sigma_m,56642,56642,0,0,0,0,0.04569456316809628,42.43457969268709,0
RUN_01701__v3,CORE_position_value,RUN_01701,BY2,CORE,D18_seed_00,position_value,seed_00,A05,AB1101,v3,error_series,semisynthetic,roll_3sigma_deg,56642,56642,0,0,0,0,0.399387783,6.0000398189999995,0
RUN_01701__v3,CORE_position_value,RUN_01701,BY2,CORE,D18_seed_00,position_value,seed_00,A05,AB1101,v3,error_series,semisynthetic,pitch_3sigma_deg,56642,56642,0,0,0,0,0.407530092,6.0000398189999995,0
RUN_01701__v3,CORE_position_value,RUN_01701,BY2,CORE,D18_seed_00,position_value,seed_00,A05,AB1101,v3,error_series,semisynthetic,yaw_3sigma_deg,56642,56642,0,0,0,0,0.544980831,6.0000398189999995,0
RUN_01701__v2,CORE_position_value,RUN_01701,BY2,CORE,D18_seed_00,position_value,seed_00,A05,AB1101,v2,error_series,semisynthetic,time,56642,56642,0,0,0,0,66.005054,339.997056,0
RUN_01701__v2,CORE_position_value,RUN_01701,BY2,CORE,D18_seed_00,position_value,seed_00,A05,AB1101,v2,error_series,semisynthetic,err_n_m,56642,56642,0,0,0,0,-0.4534930991605105,2.701896072913719,402
RUN_01701__v2,CORE_position_value,RUN_01701,BY2,CORE,D18_seed_00,position_value,seed_00,A05,AB1101,v2,error_series,semisynthetic,err_e_m,56642,56642,0,0,0,0,-1.3461495461774442,0.180188735224325,54474
RUN_01701__v2,CORE_position_value,RUN_01701,BY2,CORE,D18_seed_00,position_value,seed_00,A05,AB1101,v2,error_series,semisynthetic,err_u_m,56642,56642,0,0,0,0,-0.36958803911547644,0.8167628489479437,19626
RUN_01701__v2,CORE_position_value,RUN_01701,BY2,CORE,D18_seed_00,position_value,seed_00,A05,AB1101,v2,error_series,semisynthetic,horizontal_err_m,56642,56642,0,0,0,0,0.07852281235152675,3.000399218339427,0
RUN_01701__v2,CORE_position_value,RUN_01701,BY2,CORE,D18_seed_00,position_value,seed_00,A05,AB1101,v2,error_series,semisynthetic,position_3d_err_m,56642,56642,0,0,0,0,0.26131169905765805,3.0951272560506293,0
RUN_01701__v2,CORE_position_value,RUN_01701,BY2,CORE,D18_seed_00,position_value,seed_00,A05,AB1101,v2,error_series,semisynthetic,roll_err_deg,56642,56642,0,0,0,0,-4.3820393135632685,9.289376026296566,16203
RUN_01701__v2,CORE_position_value,RUN_01701,BY2,CORE,D18_seed_00,position_value,seed_00,A05,AB1101,v2,error_series,semisynthetic,pitch_err_deg,56642,56642,0,0,0,0,-9.988994767754463,8.45080092254264,37557
RUN_01701__v2,CORE_position_value,RUN_01701,BY2,CORE,D18_seed_00,position_value,seed_00,A05,AB1101,v2,error_series,semisynthetic,yaw_err_deg,56642,56642,0,0,0,0,-8.841477889238405,3.812402303265287,42294
RUN_01701__v2,CORE_position_value,RUN_01701,BY2,CORE,D18_seed_00,position_value,seed_00,A05,AB1101,v2,error_series,semisynthetic,horizontal_3sigma_m,56642,56642,0,0,0,0,0.04569456316809628,42.43457969268709,0
RUN_01701__v2,CORE_position_value,RUN_01701,BY2,CORE,D18_seed_00,position_value,seed_00,A05,AB1101,v2,error_series,semisynthetic,roll_3sigma_deg,56642,56642,0,0,0,0,0.399387783,6.0000398189999995,0
RUN_01701__v2,CORE_position_value,RUN_01701,BY2,CORE,D18_seed_00,position_value,seed_00,A05,AB1101,v2,error_series,semisynthetic,pitch_3sigma_deg,56642,56642,0,0,0,0,0.407530092,6.0000398189999995,0
RUN_01701__v2,CORE_position_value,RUN_01701,BY2,CORE,D18_seed_00,position_value,seed_00,A05,AB1101,v2,error_series,semisynthetic,yaw_3sigma_deg,56642,56642,0,0,0,0,0.544980831,6.0000398189999995,0
RUN_01702__v3,CORE_position_value,RUN_01702,BY2,CORE,D18_seed_00,position_value,seed_00,A06,AB1110,v3,error_series,semisynthetic,time,56642,56642,0,0,0,0,66.005054,339.997056,0
RUN_01702__v3,CORE_position_value,RUN_01702,BY2,CORE,D18_seed_00,position_value,seed_00,A06,AB1110,v3,error_series,semisynthetic,err_n_m,56642,56642,0,0,0,0,-0.42495842675701795,2.7061275505399607,96
RUN_01702__v3,CORE_position_value,RUN_01702,BY2,CORE,D18_seed_00,position_value,seed_00,A06,AB1110,v3,error_series,semisynthetic,err_e_m,56642,56642,0,0,0,0,-1.4752239142877581,0.035866809977259884,56347
RUN_01702__v3,CORE_position_value,RUN_01702,BY2,CORE,D18_seed_00,position_value,seed_00,A06,AB1110,v3,error_series,semisynthetic,err_u_m,56642,56642,0,0,0,0,-0.0677677685975211,1.1240165189324642,1293
RUN_01702__v3,CORE_position_value,RUN_01702,BY2,CORE,D18_seed_00,position_value,seed_00,A06,AB1110,v3,error_series,semisynthetic,horizontal_err_m,56642,56642,0,0,0,0,0.00023554048905909488,3.0607058984009416,0
RUN_01702__v3,CORE_position_value,RUN_01702,BY2,CORE,D18_seed_00,position_value,seed_00,A06,AB1110,v3,error_series,semisynthetic,position_3d_err_m,56642,56642,0,0,0,0,0.0021672476711820793,3.2259631245532376,0
RUN_01702__v3,CORE_position_value,RUN_01702,BY2,CORE,D18_seed_00,position_value,seed_00,A06,AB1110,v3,error_series,semisynthetic,roll_err_deg,56642,56642,0,0,0,0,-4.088943528563277,6.875173669296572,19309
RUN_01702__v3,CORE_position_value,RUN_01702,BY2,CORE,D18_seed_00,position_value,seed_00,A06,AB1110,v3,error_series,semisynthetic,pitch_err_deg,56642,56642,0,0,0,0,-8.571378169754468,8.51629311754263,37180
RUN_01702__v3,CORE_position_value,RUN_01702,BY2,CORE,D18_seed_00,position_value,seed_00,A06,AB1110,v3,error_series,semisynthetic,yaw_err_deg,56642,56642,0,0,0,0,-8.771543770238395,3.8378164772653065,42200
RUN_01702__v3,CORE_position_value,RUN_01702,BY2,CORE,D18_seed_00,position_value,seed_00,A06,AB1110,v3,error_series,semisynthetic,horizontal_3sigma_m,56642,56642,0,0,0,0,0.046504024535964736,42.43457969268709,0
RUN_01702__v3,CORE_position_value,RUN_01702,BY2,CORE,D18_seed_00,position_value,seed_00,A06,AB1110,v3,error_series,semisynthetic,roll_3sigma_deg,56642,56642,0,0,0,0,0.322829586,6.0000398189999995,0
RUN_01702__v3,CORE_position_value,RUN_01702,BY2,CORE,D18_seed_00,position_value,seed_00,A06,AB1110,v3,error_series,semisynthetic,pitch_3sigma_deg,56642,56642,0,0,0,0,0.324741249,6.0000398189999995,0
RUN_01702__v3,CORE_position_value,RUN_01702,BY2,CORE,D18_seed_00,position_value,seed_00,A06,AB1110,v3,error_series,semisynthetic,yaw_3sigma_deg,56642,56642,0,0,0,0,0.544826949,6.0000398189999995,0
RUN_01702__v2,CORE_position_value,RUN_01702,BY2,CORE,D18_seed_00,position_value,seed_00,A06,AB1110,v2,error_series,semisynthetic,time,56642,56642,0,0,0,0,66.005054,339.997056,0
RUN_01702__v2,CORE_position_value,RUN_01702,BY2,CORE,D18_seed_00,position_value,seed_00,A06,AB1110,v2,error_series,semisynthetic,err_n_m,56642,56642,0,0,0,0,-0.4534930991605105,2.7067816183711884,389
RUN_01702__v2,CORE_position_value,RUN_01702,BY2,CORE,D18_seed_00,position_value,seed_00,A06,AB1110,v2,error_series,semisynthetic,err_e_m,56642,56642,0,0,0,0,-1.342733012632246,0.1850572912153624,54477
RUN_01702__v2,CORE_position_value,RUN_01702,BY2,CORE,D18_seed_00,position_value,seed_00,A06,AB1110,v2,error_series,semisynthetic,err_u_m,56642,56642,0,0,0,0,-0.36978251095007364,0.8165993769866233,19620
RUN_01702__v2,CORE_position_value,RUN_01702,BY2,CORE,D18_seed_00,position_value,seed_00,A06,AB1110,v2,error_series,semisynthetic,horizontal_err_m,56642,56642,0,0,0,0,0.08211572049143927,3.004017808933818,0
RUN_01702__v2,CORE_position_value,RUN_01702,BY2,CORE,D18_seed_00,position_value,seed_00,A06,AB1110,v2,error_series,semisynthetic,position_3d_err_m,56642,56642,0,0,0,0,0.2626175861062129,3.0991518021041613,0
RUN_01702__v2,CORE_position_value,RUN_01702,BY2,CORE,D18_seed_00,position_value,seed_00,A06,AB1110,v2,error_series,semisynthetic,roll_err_deg,56642,56642,0,0,0,0,-4.088943528563277,6.875173669296572,19309
RUN_01702__v2,CORE_position_value,RUN_01702,BY2,CORE,D18_seed_00,position_value,seed_00,A06,AB1110,v2,error_series,semisynthetic,pitch_err_deg,56642,56642,0,0,0,0,-8.571378169754468,8.51629311754263,37180
RUN_01702__v2,CORE_position_value,RUN_01702,BY2,CORE,D18_seed_00,position_value,seed_00,A06,AB1110,v2,error_series,semisynthetic,yaw_err_deg,56642,56642,0,0,0,0,-8.771543770238395,3.8378164772653065,42200
RUN_01702__v2,CORE_position_value,RUN_01702,BY2,CORE,D18_seed_00,position_value,seed_00,A06,AB1110,v2,error_series,semisynthetic,horizontal_3sigma_m,56642,56642,0,0,0,0,0.046504024535964736,42.43457969268709,0
RUN_01702__v2,CORE_position_value,RUN_01702,BY2,CORE,D18_seed_00,position_value,seed_00,A06,AB1110,v2,error_series,semisynthetic,roll_3sigma_deg,56642,56642,0,0,0,0,0.322829586,6.0000398189999995,0
RUN_01702__v2,CORE_position_value,RUN_01702,BY2,CORE,D18_seed_00,position_value,seed_00,A06,AB1110,v2,error_series,semisynthetic,pitch_3sigma_deg,56642,56642,0,0,0,0,0.324741249,6.0000398189999995,0
RUN_01702__v2,CORE_position_value,RUN_01702,BY2,CORE,D18_seed_00,position_value,seed_00,A06,AB1110,v2,error_series,semisynthetic,yaw_3sigma_deg,56642,56642,0,0,0,0,0.544826949,6.0000398189999995,0
RUN_01703__v3,CORE_position_value,RUN_01703,BY2,CORE,D18_seed_00,position_value,seed_00,A07,AB1100,v3,error_series,semisynthetic,time,56642,56642,0,0,0,0,66.005054,339.997056,0
RUN_01703__v3,CORE_position_value,RUN_01703,BY2,CORE,D18_seed_00,position_value,seed_00,A07,AB1100,v3,error_series,semisynthetic,err_n_m,56642,56642,0,0,0,0,-0.42495842675701795,2.7003464222791536,97
RUN_01703__v3,CORE_position_value,RUN_01703,BY2,CORE,D18_seed_00,position_value,seed_00,A07,AB1100,v3,error_series,semisynthetic,err_e_m,56642,56642,0,0,0,0,-1.474535958373382,0.037493427883379504,56340
RUN_01703__v3,CORE_position_value,RUN_01703,BY2,CORE,D18_seed_00,position_value,seed_00,A07,AB1100,v3,error_series,semisynthetic,err_u_m,56642,56642,0,0,0,0,-0.06690993724442507,1.128174279394182,1283
RUN_01703__v3,CORE_position_value,RUN_01703,BY2,CORE,D18_seed_00,position_value,seed_00,A07,AB1100,v3,error_series,semisynthetic,horizontal_err_m,56642,56642,0,0,0,0,0.0006960148860182125,3.056340994371428,0
RUN_01703__v3,CORE_position_value,RUN_01703,BY2,CORE,D18_seed_00,position_value,seed_00,A07,AB1100,v3,error_series,semisynthetic,position_3d_err_m,56642,56642,0,0,0,0,0.0020212151826460335,3.2233298532835826,0
RUN_01703__v3,CORE_position_value,RUN_01703,BY2,CORE,D18_seed_00,position_value,seed_00,A07,AB1100,v3,error_series,semisynthetic,roll_err_deg,56642,56642,0,0,0,0,-4.398271840563268,9.292878955296572,16223
RUN_01703__v3,CORE_position_value,RUN_01703,BY2,CORE,D18_seed_00,position_value,seed_00,A07,AB1100,v3,error_series,semisynthetic,pitch_err_deg,56642,56642,0,0,0,0,-9.98849253675445,8.46556804054265,37494
RUN_01703__v3,CORE_position_value,RUN_01703,BY2,CORE,D18_seed_00,position_value,seed_00,A07,AB1100,v3,error_series,semisynthetic,yaw_err_deg,56642,56642,0,0,0,0,-8.842808410238405,3.8113294392653074,42302
RUN_01703__v3,CORE_position_value,RUN_01703,BY2,CORE,D18_seed_00,position_value,seed_00,A07,AB1100,v3,error_series,semisynthetic,horizontal_3sigma_m,56642,56642,0,0,0,0,0.04654242288919244,42.43457969268709,0
RUN_01703__v3,CORE_position_value,RUN_01703,BY2,CORE,D18_seed_00,position_value,seed_00,A07,AB1100,v3,error_series,semisynthetic,roll_3sigma_deg,56642,56642,0,0,0,0,0.39946140899999993,6.0000398189999995,0
RUN_01703__v3,CORE_position_value,RUN_01703,BY2,CORE,D18_seed_00,position_value,seed_00,A07,AB1100,v3,error_series,semisynthetic,pitch_3sigma_deg,56642,56642,0,0,0,0,0.407588763,6.0000398189999995,0
RUN_01703__v3,CORE_position_value,RUN_01703,BY2,CORE,D18_seed_00,position_value,seed_00,A07,AB1100,v3,error_series,semisynthetic,yaw_3sigma_deg,56642,56642,0,0,0,0,0.54503607,6.0000398189999995,0
RUN_01703__v2,CORE_position_value,RUN_01703,BY2,CORE,D18_seed_00,position_value,seed_00,A07,AB1100,v2,error_series,semisynthetic,time,56642,56642,0,0,0,0,66.005054,339.997056,0
RUN_01703__v2,CORE_position_value,RUN_01703,BY2,CORE,D18_seed_00,position_value,seed_00,A07,AB1100,v2,error_series,semisynthetic,err_n_m,56642,56642,0,0,0,0,-0.4534930991605105,2.7026733184319767,399
RUN_01703__v2,CORE_position_value,RUN_01703,BY2,CORE,D18_seed_00,position_value,seed_00,A07,AB1100,v2,error_series,semisynthetic,err_e_m,56642,56642,0,0,0,0,-1.344355866567374,0.185655183803063,54479
RUN_01703__v2,CORE_position_value,RUN_01703,BY2,CORE,D18_seed_00,position_value,seed_00,A07,AB1100,v2,error_series,semisynthetic,err_u_m,56642,56642,0,0,0,0,-0.36959942676448865,0.816779141756875,19629
RUN_01703__v2,CORE_position_value,RUN_01703,BY2,CORE,D18_seed_00,position_value,seed_00,A07,AB1100,v2,error_series,semisynthetic,horizontal_err_m,56642,56642,0,0,0,0,0.08220430064809266,3.000826254242684,0
RUN_01703__v2,CORE_position_value,RUN_01703,BY2,CORE,D18_seed_00,position_value,seed_00,A07,AB1100,v2,error_series,semisynthetic,position_3d_err_m,56642,56642,0,0,0,0,0.2626270224619296,3.0955988368065133,0
RUN_01703__v2,CORE_position_value,RUN_01703,BY2,CORE,D18_seed_00,position_value,seed_00,A07,AB1100,v2,error_series,semisynthetic,roll_err_deg,56642,56642,0,0,0,0,-4.398271840563268,9.292878955296572,16223
RUN_01703__v2,CORE_position_value,RUN_01703,BY2,CORE,D18_seed_00,position_value,seed_00,A07,AB1100,v2,error_series,semisynthetic,pitch_err_deg,56642,56642,0,0,0,0,-9.98849253675445,8.46556804054265,37494
RUN_01703__v2,CORE_position_value,RUN_01703,BY2,CORE,D18_seed_00,position_value,seed_00,A07,AB1100,v2,error_series,semisynthetic,yaw_err_deg,56642,56642,0,0,0,0,-8.842808410238405,3.8113294392653074,42302
RUN_01703__v2,CORE_position_value,RUN_01703,BY2,CORE,D18_seed_00,position_value,seed_00,A07,AB1100,v2,error_series,semisynthetic,horizontal_3sigma_m,56642,56642,0,0,0,0,0.04654242288919244,42.43457969268709,0
RUN_01703__v2,CORE_position_value,RUN_01703,BY2,CORE,D18_seed_00,position_value,seed_00,A07,AB1100,v2,error_series,semisynthetic,roll_3sigma_deg,56642,56642,0,0,0,0,0.39946140899999993,6.0000398189999995,0
RUN_01703__v2,CORE_position_value,RUN_01703,BY2,CORE,D18_seed_00,position_value,seed_00,A07,AB1100,v2,error_series,semisynthetic,pitch_3sigma_deg,56642,56642,0,0,0,0,0.407588763,6.0000398189999995,0
RUN_01703__v2,CORE_position_value,RUN_01703,BY2,CORE,D18_seed_00,position_value,seed_00,A07,AB1100,v2,error_series,semisynthetic,yaw_3sigma_deg,56642,56642,0,0,0,0,0.54503607,6.0000398189999995,0
RUN_01704__v3,CORE_position_value,RUN_01704,BY2,CORE,D18_seed_00,position_value,seed_00,A08,AB1000,v3,error_series,semisynthetic,time,56642,56642,0,0,0,0,66.005054,339.997056,0
RUN_01704__v3,CORE_position_value,RUN_01704,BY2,CORE,D18_seed_00,position_value,seed_00,A08,AB1000,v3,error_series,semisynthetic,err_n_m,56642,56642,0,0,0,0,-0.42495842675701795,2.700353558309942,96
RUN_01704__v3,CORE_position_value,RUN_01704,BY2,CORE,D18_seed_00,position_value,seed_00,A08,AB1000,v3,error_series,semisynthetic,err_e_m,56642,56642,0,0,0,0,-1.474560171047977,0.03749206732324595,56340
RUN_01704__v3,CORE_position_value,RUN_01704,BY2,CORE,D18_seed_00,position_value,seed_00,A08,AB1000,v3,error_series,semisynthetic,err_u_m,56642,56642,0,0,0,0,-0.06691247459096461,1.128159068370664,1289
RUN_01704__v3,CORE_position_value,RUN_01704,BY2,CORE,D18_seed_00,position_value,seed_00,A08,AB1000,v3,error_series,semisynthetic,horizontal_err_m,56642,56642,0,0,0,0,0.000700839779180321,3.056358732617748,0
RUN_01704__v3,CORE_position_value,RUN_01704,BY2,CORE,D18_seed_00,position_value,seed_00,A08,AB1000,v3,error_series,semisynthetic,position_3d_err_m,56642,56642,0,0,0,0,0.0020163119089463676,3.223234591708597,0
RUN_01704__v3,CORE_position_value,RUN_01704,BY2,CORE,D18_seed_00,position_value,seed_00,A08,AB1000,v3,error_series,semisynthetic,roll_err_deg,56642,56642,0,0,0,0,-4.397551288563278,9.289147595296583,16236
RUN_01704__v3,CORE_position_value,RUN_01704,BY2,CORE,D18_seed_00,position_value,seed_00,A08,AB1000,v3,error_series,semisynthetic,pitch_err_deg,56642,56642,0,0,0,0,-9.986751066754465,8.465917634542649,37490
RUN_01704__v3,CORE_position_value,RUN_01704,BY2,CORE,D18_seed_00,position_value,seed_00,A08,AB1000,v3,error_series,semisynthetic,yaw_err_deg,56642,56642,0,0,0,0,-8.844819175238399,3.810816913265313,42330
RUN_01704__v3,CORE_position_value,RUN_01704,BY2,CORE,D18_seed_00,position_value,seed_00,A08,AB1000,v3,error_series,semisynthetic,horizontal_3sigma_m,56642,56642,0,0,0,0,0.046344483832472284,42.43457969268709,0
RUN_01704__v3,CORE_position_value,RUN_01704,BY2,CORE,D18_seed_00,position_value,seed_00,A08,AB1000,v3,error_series,semisynthetic,roll_3sigma_deg,56642,56642,0,0,0,0,0.399452325,6.0000398189999995,0
RUN_01704__v3,CORE_position_value,RUN_01704,BY2,CORE,D18_seed_00,position_value,seed_00,A08,AB1000,v3,error_series,semisynthetic,pitch_3sigma_deg,56642,56642,0,0,0,0,0.40757633099999996,6.0000398189999995,0
RUN_01704__v3,CORE_position_value,RUN_01704,BY2,CORE,D18_seed_00,position_value,seed_00,A08,AB1000,v3,error_series,semisynthetic,yaw_3sigma_deg,56642,56642,0,0,0,0,0.544899825,6.0000398189999995,0
RUN_01704__v2,CORE_position_value,RUN_01704,BY2,CORE,D18_seed_00,position_value,seed_00,A08,AB1000,v2,error_series,semisynthetic,time,56642,56642,0,0,0,0,66.005054,339.997056,0
RUN_01704__v2,CORE_position_value,RUN_01704,BY2,CORE,D18_seed_00,position_value,seed_00,A08,AB1000,v2,error_series,semisynthetic,err_n_m,56642,56642,0,0,0,0,-0.4534930991605105,2.7027843540567673,400
RUN_01704__v2,CORE_position_value,RUN_01704,BY2,CORE,D18_seed_00,position_value,seed_00,A08,AB1000,v2,error_series,semisynthetic,err_e_m,56642,56642,0,0,0,0,-1.3446121065310224,0.18565518360830136,54479
RUN_01704__v2,CORE_position_value,RUN_01704,BY2,CORE,D18_seed_00,position_value,seed_00,A08,AB1000,v2,error_series,semisynthetic,err_u_m,56642,56642,0,0,0,0,-0.369603820259496,0.8167740638962098,19621
RUN_01704__v2,CORE_position_value,RUN_01704,BY2,CORE,D18_seed_00,position_value,seed_00,A08,AB1000,v2,error_series,semisynthetic,horizontal_err_m,56642,56642,0,0,0,0,0.08150667352154414,3.0007885512879486,0
RUN_01704__v2,CORE_position_value,RUN_01704,BY2,CORE,D18_seed_00,position_value,seed_00,A08,AB1000,v2,error_series,semisynthetic,position_3d_err_m,56642,56642,0,0,0,0,0.2625820741589681,3.095556104579937,0
RUN_01704__v2,CORE_position_value,RUN_01704,BY2,CORE,D18_seed_00,position_value,seed_00,A08,AB1000,v2,error_series,semisynthetic,roll_err_deg,56642,56642,0,0,0,0,-4.397551288563278,9.289147595296583,16236
RUN_01704__v2,CORE_position_value,RUN_01704,BY2,CORE,D18_seed_00,position_value,seed_00,A08,AB1000,v2,error_series,semisynthetic,pitch_err_deg,56642,56642,0,0,0,0,-9.986751066754465,8.465917634542649,37490
RUN_01704__v2,CORE_position_value,RUN_01704,BY2,CORE,D18_seed_00,position_value,seed_00,A08,AB1000,v2,error_series,semisynthetic,yaw_err_deg,56642,56642,0,0,0,0,-8.844819175238399,3.810816913265313,42330
RUN_01704__v2,CORE_position_value,RUN_01704,BY2,CORE,D18_seed_00,position_value,seed_00,A08,AB1000,v2,error_series,semisynthetic,horizontal_3sigma_m,56642,56642,0,0,0,0,0.046344483832472284,42.43457969268709,0
RUN_01704__v2,CORE_position_value,RUN_01704,BY2,CORE,D18_seed_00,position_value,seed_00,A08,AB1000,v2,error_series,semisynthetic,roll_3sigma_deg,56642,56642,0,0,0,0,0.399452325,6.0000398189999995,0
RUN_01704__v2,CORE_position_value,RUN_01704,BY2,CORE,D18_seed_00,position_value,seed_00,A08,AB1000,v2,error_series,semisynthetic,pitch_3sigma_deg,56642,56642,0,0,0,0,0.40757633099999996,6.0000398189999995,0
RUN_01704__v2,CORE_position_value,RUN_01704,BY2,CORE,D18_seed_00,position_value,seed_00,A08,AB1000,v2,error_series,semisynthetic,yaw_3sigma_deg,56642,56642,0,0,0,0,0.544899825,6.0000398189999995,0
RUN_01705__v3,CORE_position_value,RUN_01705,BY2,CORE,D18_seed_00,position_value,seed_00,A09,AB0100,v3,error_series,semisynthetic,time,56642,56642,0,0,0,0,66.005054,339.997056,0
RUN_01705__v3,CORE_position_value,RUN_01705,BY2,CORE,D18_seed_00,position_value,seed_00,A09,AB0100,v3,error_series,semisynthetic,err_n_m,56642,56642,0,0,0,0,-0.42495842675701795,2.7003305170507304,103
RUN_01705__v3,CORE_position_value,RUN_01705,BY2,CORE,D18_seed_00,position_value,seed_00,A09,AB0100,v3,error_series,semisynthetic,err_e_m,56642,56642,0,0,0,0,-1.4746162125630233,0.034193913466330716,56340
RUN_01705__v3,CORE_position_value,RUN_01705,BY2,CORE,D18_seed_00,position_value,seed_00,A09,AB0100,v3,error_series,semisynthetic,err_u_m,56642,56642,0,0,0,0,-0.06441252746531934,1.1273610179862583,1265
RUN_01705__v3,CORE_position_value,RUN_01705,BY2,CORE,D18_seed_00,position_value,seed_00,A09,AB0100,v3,error_series,semisynthetic,horizontal_err_m,56642,56642,0,0,0,0,0.0030034184874912313,3.05632424705716,0
RUN_01705__v3,CORE_position_value,RUN_01705,BY2,CORE,D18_seed_00,position_value,seed_00,A09,AB0100,v3,error_series,semisynthetic,position_3d_err_m,56642,56642,0,0,0,0,0.003590368551362298,3.223361585516726,0
RUN_01705__v3,CORE_position_value,RUN_01705,BY2,CORE,D18_seed_00,position_value,seed_00,A09,AB0100,v3,error_series,semisynthetic,roll_err_deg,56642,56642,0,0,0,0,-4.397376556563273,9.287946921296566,16209
RUN_01705__v3,CORE_position_value,RUN_01705,BY2,CORE,D18_seed_00,position_value,seed_00,A09,AB0100,v3,error_series,semisynthetic,pitch_err_deg,56642,56642,0,0,0,0,-9.986759325754463,8.45399461154264,37532
RUN_01705__v3,CORE_position_value,RUN_01705,BY2,CORE,D18_seed_00,position_value,seed_00,A09,AB0100,v3,error_series,semisynthetic,yaw_err_deg,56642,56642,0,0,0,0,-8.8467277462384,3.8092052622652943,42239
RUN_01705__v3,CORE_position_value,RUN_01705,BY2,CORE,D18_seed_00,position_value,seed_00,A09,AB0100,v3,error_series,semisynthetic,horizontal_3sigma_m,56642,56642,0,0,0,0,0.04694270420768077,42.43457969268709,0
RUN_01705__v3,CORE_position_value,RUN_01705,BY2,CORE,D18_seed_00,position_value,seed_00,A09,AB0100,v3,error_series,semisynthetic,roll_3sigma_deg,56642,56642,0,0,0,0,0.399510561,6.0000398189999995,0
RUN_01705__v3,CORE_position_value,RUN_01705,BY2,CORE,D18_seed_00,position_value,seed_00,A09,AB0100,v3,error_series,semisynthetic,pitch_3sigma_deg,56642,56642,0,0,0,0,0.40762328699999995,6.0000398189999995,0
RUN_01705__v3,CORE_position_value,RUN_01705,BY2,CORE,D18_seed_00,position_value,seed_00,A09,AB0100,v3,error_series,semisynthetic,yaw_3sigma_deg,56642,56642,0,0,0,0,0.545103522,6.0000398189999995,0
RUN_01705__v2,CORE_position_value,RUN_01705,BY2,CORE,D18_seed_00,position_value,seed_00,A09,AB0100,v2,error_series,semisynthetic,time,56642,56642,0,0,0,0,66.005054,339.997056,0
RUN_01705__v2,CORE_position_value,RUN_01705,BY2,CORE,D18_seed_00,position_value,seed_00,A09,AB0100,v2,error_series,semisynthetic,err_n_m,56642,56642,0,0,0,0,-0.4534930991605105,2.702007107787196,376
RUN_01705__v2,CORE_position_value,RUN_01705,BY2,CORE,D18_seed_00,position_value,seed_00,A09,AB0100,v2,error_series,semisynthetic,err_e_m,56642,56642,0,0,0,0,-1.344953760343002,0.1826657194231528,54480
RUN_01705__v2,CORE_position_value,RUN_01705,BY2,CORE,D18_seed_00,position_value,seed_00,A09,AB0100,v2,error_series,semisynthetic,err_u_m,56642,56642,0,0,0,0,-0.36704711764887765,0.8159621356176618,19628
RUN_01705__v2,CORE_position_value,RUN_01705,BY2,CORE,D18_seed_00,position_value,seed_00,A09,AB0100,v2,error_series,semisynthetic,horizontal_err_m,56642,56642,0,0,0,0,0.08525616060951169,3.001588355865446,0
RUN_01705__v2,CORE_position_value,RUN_01705,BY2,CORE,D18_seed_00,position_value,seed_00,A09,AB0100,v2,error_series,semisynthetic,position_3d_err_m,56642,56642,0,0,0,0,0.2679225551638804,3.0962185835901566,0
RUN_01705__v2,CORE_position_value,RUN_01705,BY2,CORE,D18_seed_00,position_value,seed_00,A09,AB0100,v2,error_series,semisynthetic,roll_err_deg,56642,56642,0,0,0,0,-4.397376556563273,9.287946921296566,16209
RUN_01705__v2,CORE_position_value,RUN_01705,BY2,CORE,D18_seed_00,position_value,seed_00,A09,AB0100,v2,error_series,semisynthetic,pitch_err_deg,56642,56642,0,0,0,0,-9.986759325754463,8.45399461154264,37532
RUN_01705__v2,CORE_position_value,RUN_01705,BY2,CORE,D18_seed_00,position_value,seed_00,A09,AB0100,v2,error_series,semisynthetic,yaw_err_deg,56642,56642,0,0,0,0,-8.8467277462384,3.8092052622652943,42239
RUN_01705__v2,CORE_position_value,RUN_01705,BY2,CORE,D18_seed_00,position_value,seed_00,A09,AB0100,v2,error_series,semisynthetic,horizontal_3sigma_m,56642,56642,0,0,0,0,0.04694270420768077,42.43457969268709,0
RUN_01705__v2,CORE_position_value,RUN_01705,BY2,CORE,D18_seed_00,position_value,seed_00,A09,AB0100,v2,error_series,semisynthetic,roll_3sigma_deg,56642,56642,0,0,0,0,0.399510561,6.0000398189999995,0
RUN_01705__v2,CORE_position_value,RUN_01705,BY2,CORE,D18_seed_00,position_value,seed_00,A09,AB0100,v2,error_series,semisynthetic,pitch_3sigma_deg,56642,56642,0,0,0,0,0.40762328699999995,6.0000398189999995,0
RUN_01705__v2,CORE_position_value,RUN_01705,BY2,CORE,D18_seed_00,position_value,seed_00,A09,AB0100,v2,error_series,semisynthetic,yaw_3sigma_deg,56642,56642,0,0,0,0,0.545103522,6.0000398189999995,0
RUN_01794__v3,CORE_position_value,RUN_01794,BY2,CORE,D19_seed_00,position_value,seed_00,F01,single_antenna_EKF,v3,error_series,semisynthetic,time,56642,56642,0,0,0,0,66.005054,339.997056,0
RUN_01794__v3,CORE_position_value,RUN_01794,BY2,CORE,D19_seed_00,position_value,seed_00,F01,single_antenna_EKF,v3,error_series,semisynthetic,err_n_m,56642,56642,0,0,0,0,-2.1002728335860095,2.0026021195433543,39572
RUN_01794__v3,CORE_position_value,RUN_01794,BY2,CORE,D19_seed_00,position_value,seed_00,F01,single_antenna_EKF,v3,error_series,semisynthetic,err_e_m,56642,56642,0,0,0,0,-2.0389741329059206,2.2650421237722895,28595
RUN_01794__v3,CORE_position_value,RUN_01794,BY2,CORE,D19_seed_00,position_value,seed_00,F01,single_antenna_EKF,v3,error_series,semisynthetic,err_u_m,56642,56642,0,0,0,0,-0.5945732438478637,0.5531194473951331,29602
RUN_01794__v3,CORE_position_value,RUN_01794,BY2,CORE,D19_seed_00,position_value,seed_00,F01,single_antenna_EKF,v3,error_series,semisynthetic,horizontal_err_m,56642,56642,0,0,0,0,0.3191019517846972,2.3059208985224777,0
RUN_01794__v3,CORE_position_value,RUN_01794,BY2,CORE,D19_seed_00,position_value,seed_00,F01,single_antenna_EKF,v3,error_series,semisynthetic,position_3d_err_m,56642,56642,0,0,0,0,0.4621127064686887,2.3495821501991467,0
RUN_01794__v3,CORE_position_value,RUN_01794,BY2,CORE,D19_seed_00,position_value,seed_00,F01,single_antenna_EKF,v3,error_series,semisynthetic,roll_err_deg,56642,56642,0,0,0,0,-4.456489382563262,9.27852544229657,16071
RUN_01794__v3,CORE_position_value,RUN_01794,BY2,CORE,D19_seed_00,position_value,seed_00,F01,single_antenna_EKF,v3,error_series,semisynthetic,pitch_err_deg,56642,56642,0,0,0,0,-9.98694516975445,8.457994107542646,37705
RUN_01794__v3,CORE_position_value,RUN_01794,BY2,CORE,D19_seed_00,position_value,seed_00,F01,single_antenna_EKF,v3,error_series,semisynthetic,yaw_err_deg,56642,56642,0,0,0,0,-18.3758400902384,1.1159291941452523,56282
RUN_01794__v3,CORE_position_value,RUN_01794,BY2,CORE,D19_seed_00,position_value,seed_00,F01,single_antenna_EKF,v3,error_series,semisynthetic,horizontal_3sigma_m,56642,56642,0,0,0,0,0.0470098390003499,42.43457969268709,0
RUN_01794__v3,CORE_position_value,RUN_01794,BY2,CORE,D19_seed_00,position_value,seed_00,F01,single_antenna_EKF,v3,error_series,semisynthetic,roll_3sigma_deg,56642,56642,0,0,0,0,0.40710411599999996,6.0000398189999995,0
RUN_01794__v3,CORE_position_value,RUN_01794,BY2,CORE,D19_seed_00,position_value,seed_00,F01,single_antenna_EKF,v3,error_series,semisynthetic,pitch_3sigma_deg,56642,56642,0,0,0,0,0.410694384,6.0000398189999995,0
RUN_01794__v3,CORE_position_value,RUN_01794,BY2,CORE,D19_seed_00,position_value,seed_00,F01,single_antenna_EKF,v3,error_series,semisynthetic,yaw_3sigma_deg,56642,56642,0,0,0,0,2.585014917,6.0000398189999995,0
RUN_01794__v2,CORE_position_value,RUN_01794,BY2,CORE,D19_seed_00,position_value,seed_00,F01,single_antenna_EKF,v2,error_series,semisynthetic,time,56642,56642,0,0,0,0,66.005054,339.997056,0
RUN_01794__v2,CORE_position_value,RUN_01794,BY2,CORE,D19_seed_00,position_value,seed_00,F01,single_antenna_EKF,v2,error_series,semisynthetic,err_n_m,56642,56642,0,0,0,0,-2.1846399231661024,1.956125416729133,39389
RUN_01794__v2,CORE_position_value,RUN_01794,BY2,CORE,D19_seed_00,position_value,seed_00,F01,single_antenna_EKF,v2,error_series,semisynthetic,err_e_m,56642,56642,0,0,0,0,-2.1084887141356887,2.167273106783739,28612
RUN_01794__v2,CORE_position_value,RUN_01794,BY2,CORE,D19_seed_00,position_value,seed_00,F01,single_antenna_EKF,v2,error_series,semisynthetic,err_u_m,56642,56642,0,0,0,0,-0.8913365955451469,0.24963572231754227,40498
RUN_01794__v2,CORE_position_value,RUN_01794,BY2,CORE,D19_seed_00,position_value,seed_00,F01,single_antenna_EKF,v2,error_series,semisynthetic,horizontal_err_m,56642,56642,0,0,0,0,0.2973465297748341,2.3842581776582965,0
RUN_01794__v2,CORE_position_value,RUN_01794,BY2,CORE,D19_seed_00,position_value,seed_00,F01,single_antenna_EKF,v2,error_series,semisynthetic,position_3d_err_m,56642,56642,0,0,0,0,0.29931256149164,2.392492313589495,0
RUN_01794__v2,CORE_position_value,RUN_01794,BY2,CORE,D19_seed_00,position_value,seed_00,F01,single_antenna_EKF,v2,error_series,semisynthetic,roll_err_deg,56642,56642,0,0,0,0,-4.456489382563262,9.27852544229657,16071
RUN_01794__v2,CORE_position_value,RUN_01794,BY2,CORE,D19_seed_00,position_value,seed_00,F01,single_antenna_EKF,v2,error_series,semisynthetic,pitch_err_deg,56642,56642,0,0,0,0,-9.98694516975445,8.457994107542646,37705
RUN_01794__v2,CORE_position_value,RUN_01794,BY2,CORE,D19_seed_00,position_value,seed_00,F01,single_antenna_EKF,v2,error_series,semisynthetic,yaw_err_deg,56642,56642,0,0,0,0,-18.3758400902384,1.1159291941452523,56282
RUN_01794__v2,CORE_position_value,RUN_01794,BY2,CORE,D19_seed_00,position_value,seed_00,F01,single_antenna_EKF,v2,error_series,semisynthetic,horizontal_3sigma_m,56642,56642,0,0,0,0,0.0470098390003499,42.43457969268709,0
RUN_01794__v2,CORE_position_value,RUN_01794,BY2,CORE,D19_seed_00,position_value,seed_00,F01,single_antenna_EKF,v2,error_series,semisynthetic,roll_3sigma_deg,56642,56642,0,0,0,0,0.40710411599999996,6.0000398189999995,0
RUN_01794__v2,CORE_position_value,RUN_01794,BY2,CORE,D19_seed_00,position_value,seed_00,F01,single_antenna_EKF,v2,error_series,semisynthetic,pitch_3sigma_deg,56642,56642,0,0,0,0,0.410694384,6.0000398189999995,0
RUN_01794__v2,CORE_position_value,RUN_01794,BY2,CORE,D19_seed_00,position_value,seed_00,F01,single_antenna_EKF,v2,error_series,semisynthetic,yaw_3sigma_deg,56642,56642,0,0,0,0,2.585014917,6.0000398189999995,0
RUN_01795__v3,CORE_position_value,RUN_01795,BY2,CORE,D19_seed_00,position_value,seed_00,F02,basic_dual_yaw_EKF,v3,error_series,semisynthetic,time,56642,56642,0,0,0,0,66.005054,339.997056,0
RUN_01795__v3,CORE_position_value,RUN_01795,BY2,CORE,D19_seed_00,position_value,seed_00,F02,basic_dual_yaw_EKF,v3,error_series,semisynthetic,err_n_m,56642,56642,0,0,0,0,-2.09786605283883,2.000714741545508,39735
RUN_01795__v3,CORE_position_value,RUN_01795,BY2,CORE,D19_seed_00,position_value,seed_00,F02,basic_dual_yaw_EKF,v3,error_series,semisynthetic,err_e_m,56642,56642,0,0,0,0,-2.0464963813248005,2.292342959161928,28482
RUN_01795__v3,CORE_position_value,RUN_01795,BY2,CORE,D19_seed_00,position_value,seed_00,F02,basic_dual_yaw_EKF,v3,error_series,semisynthetic,err_u_m,56642,56642,0,0,0,0,-0.6062422906250586,0.5568077500581232,29690
RUN_01795__v3,CORE_position_value,RUN_01795,BY2,CORE,D19_seed_00,position_value,seed_00,F02,basic_dual_yaw_EKF,v3,error_series,semisynthetic,horizontal_err_m,56642,56642,0,0,0,0,0.3191019517846972,2.3445093090020785,0
RUN_01795__v3,CORE_position_value,RUN_01795,BY2,CORE,D19_seed_00,position_value,seed_00,F02,basic_dual_yaw_EKF,v3,error_series,semisynthetic,position_3d_err_m,56642,56642,0,0,0,0,0.4621127064686887,2.3849741469066075,0
RUN_01795__v3,CORE_position_value,RUN_01795,BY2,CORE,D19_seed_00,position_value,seed_00,F02,basic_dual_yaw_EKF,v3,error_series,semisynthetic,roll_err_deg,56642,56642,0,0,0,0,-4.326987344563264,9.31465234829659,16143
RUN_01795__v3,CORE_position_value,RUN_01795,BY2,CORE,D19_seed_00,position_value,seed_00,F02,basic_dual_yaw_EKF,v3,error_series,semisynthetic,pitch_err_deg,56642,56642,0,0,0,0,-9.990392598754454,8.413992664542633,37582
RUN_01795__v3,CORE_position_value,RUN_01795,BY2,CORE,D19_seed_00,position_value,seed_00,F02,basic_dual_yaw_EKF,v3,error_series,semisynthetic,yaw_err_deg,56642,56642,0,0,0,0,-10.136102231238397,3.8453419242653126,43815
RUN_01795__v3,CORE_position_value,RUN_01795,BY2,CORE,D19_seed_00,position_value,seed_00,F02,basic_dual_yaw_EKF,v3,error_series,semisynthetic,horizontal_3sigma_m,56642,56642,0,0,0,0,0.05178555873019087,42.43457969268709,0
RUN_01795__v3,CORE_position_value,RUN_01795,BY2,CORE,D19_seed_00,position_value,seed_00,F02,basic_dual_yaw_EKF,v3,error_series,semisynthetic,roll_3sigma_deg,56642,56642,0,0,0,0,0.4001319,6.000072272999999,0
RUN_01795__v3,CORE_position_value,RUN_01795,BY2,CORE,D19_seed_00,position_value,seed_00,F02,basic_dual_yaw_EKF,v3,error_series,semisynthetic,pitch_3sigma_deg,56642,56642,0,0,0,0,0.40819033800000004,6.000072231,0
RUN_01795__v3,CORE_position_value,RUN_01795,BY2,CORE,D19_seed_00,position_value,seed_00,F02,basic_dual_yaw_EKF,v3,error_series,semisynthetic,yaw_3sigma_deg,56642,56642,0,0,0,0,0.528417213,6.0000398189999995,0
RUN_01795__v2,CORE_position_value,RUN_01795,BY2,CORE,D19_seed_00,position_value,seed_00,F02,basic_dual_yaw_EKF,v2,error_series,semisynthetic,time,56642,56642,0,0,0,0,66.005054,339.997056,0
RUN_01795__v2,CORE_position_value,RUN_01795,BY2,CORE,D19_seed_00,position_value,seed_00,F02,basic_dual_yaw_EKF,v2,error_series,semisynthetic,err_n_m,56642,56642,0,0,0,0,-2.162877140494338,1.944150363780338,39389
RUN_01795__v2,CORE_position_value,RUN_01795,BY2,CORE,D19_seed_00,position_value,seed_00,F02,basic_dual_yaw_EKF,v2,error_series,semisynthetic,err_e_m,56642,56642,0,0,0,0,-2.0984254895021337,2.1853828630964998,28605
RUN_01795__v2,CORE_position_value,RUN_01795,BY2,CORE,D19_seed_00,position_value,seed_00,F02,basic_dual_yaw_EKF,v2,error_series,semisynthetic,err_u_m,56642,56642,0,0,0,0,-0.8989107761861241,0.25337714572773606,40480
RUN_01795__v2,CORE_position_value,RUN_01795,BY2,CORE,D19_seed_00,position_value,seed_00,F02,basic_dual_yaw_EKF,v2,error_series,semisynthetic,horizontal_err_m,56642,56642,0,0,0,0,0.2973465297748341,2.411750959797925,0
RUN_01795__v2,CORE_position_value,RUN_01795,BY2,CORE,D19_seed_00,position_value,seed_00,F02,basic_dual_yaw_EKF,v2,error_series,semisynthetic,position_3d_err_m,56642,56642,0,0,0,0,0.29931256149164,2.414806841622608,0
RUN_01795__v2,CORE_position_value,RUN_01795,BY2,CORE,D19_seed_00,position_value,seed_00,F02,basic_dual_yaw_EKF,v2,error_series,semisynthetic,roll_err_deg,56642,56642,0,0,0,0,-4.326987344563264,9.31465234829659,16143
RUN_01795__v2,CORE_position_value,RUN_01795,BY2,CORE,D19_seed_00,position_value,seed_00,F02,basic_dual_yaw_EKF,v2,error_series,semisynthetic,pitch_err_deg,56642,56642,0,0,0,0,-9.990392598754454,8.413992664542633,37582
RUN_01795__v2,CORE_position_value,RUN_01795,BY2,CORE,D19_seed_00,position_value,seed_00,F02,basic_dual_yaw_EKF,v2,error_series,semisynthetic,yaw_err_deg,56642,56642,0,0,0,0,-10.136102231238397,3.8453419242653126,43815
RUN_01795__v2,CORE_position_value,RUN_01795,BY2,CORE,D19_seed_00,position_value,seed_00,F02,basic_dual_yaw_EKF,v2,error_series,semisynthetic,horizontal_3sigma_m,56642,56642,0,0,0,0,0.05178555873019087,42.43457969268709,0
RUN_01795__v2,CORE_position_value,RUN_01795,BY2,CORE,D19_seed_00,position_value,seed_00,F02,basic_dual_yaw_EKF,v2,error_series,semisynthetic,roll_3sigma_deg,56642,56642,0,0,0,0,0.4001319,6.000072272999999,0
RUN_01795__v2,CORE_position_value,RUN_01795,BY2,CORE,D19_seed_00,position_value,seed_00,F02,basic_dual_yaw_EKF,v2,error_series,semisynthetic,pitch_3sigma_deg,56642,56642,0,0,0,0,0.40819033800000004,6.000072231,0
RUN_01795__v2,CORE_position_value,RUN_01795,BY2,CORE,D19_seed_00,position_value,seed_00,F02,basic_dual_yaw_EKF,v2,error_series,semisynthetic,yaw_3sigma_deg,56642,56642,0,0,0,0,0.528417213,6.0000398189999995,0
RUN_01796__v3,CORE_position_value,RUN_01796,BY2,CORE,D19_seed_00,position_value,seed_00,F03,AB0000,v3,error_series,semisynthetic,time,56642,56642,0,0,0,0,66.005054,339.997056,0
RUN_01796__v3,CORE_position_value,RUN_01796,BY2,CORE,D19_seed_00,position_value,seed_00,F03,AB0000,v3,error_series,semisynthetic,err_n_m,56642,56642,0,0,0,0,-2.100698811176035,2.004365883258732,39700
RUN_01796__v3,CORE_position_value,RUN_01796,BY2,CORE,D19_seed_00,position_value,seed_00,F03,AB0000,v3,error_series,semisynthetic,err_e_m,56642,56642,0,0,0,0,-2.0607898044539468,2.287073087470887,28416
RUN_01796__v3,CORE_position_value,RUN_01796,BY2,CORE,D19_seed_00,position_value,seed_00,F03,AB0000,v3,error_series,semisynthetic,err_u_m,56642,56642,0,0,0,0,-0.5944013032673827,0.5530270426081749,29605
RUN_01796__v3,CORE_position_value,RUN_01796,BY2,CORE,D19_seed_00,position_value,seed_00,F03,AB0000,v3,error_series,semisynthetic,horizontal_err_m,56642,56642,0,0,0,0,0.3191019517846972,2.3201469065584246,0
RUN_01796__v3,CORE_position_value,RUN_01796,BY2,CORE,D19_seed_00,position_value,seed_00,F03,AB0000,v3,error_series,semisynthetic,position_3d_err_m,56642,56642,0,0,0,0,0.4621127064686887,2.3613425966939143,0
RUN_01796__v3,CORE_position_value,RUN_01796,BY2,CORE,D19_seed_00,position_value,seed_00,F03,AB0000,v3,error_series,semisynthetic,roll_err_deg,56642,56642,0,0,0,0,-4.396885119563279,9.278304911296573,16074
RUN_01796__v3,CORE_position_value,RUN_01796,BY2,CORE,D19_seed_00,position_value,seed_00,F03,AB0000,v3,error_series,semisynthetic,pitch_err_deg,56642,56642,0,0,0,0,-9.986838316754472,8.45538360254264,37563
RUN_01796__v3,CORE_position_value,RUN_01796,BY2,CORE,D19_seed_00,position_value,seed_00,F03,AB0000,v3,error_series,semisynthetic,yaw_err_deg,56642,56642,0,0,0,0,-8.85277439723842,3.8096359702653046,42275
RUN_01796__v3,CORE_position_value,RUN_01796,BY2,CORE,D19_seed_00,position_value,seed_00,F03,AB0000,v3,error_series,semisynthetic,horizontal_3sigma_m,56642,56642,0,0,0,0,0.04693111111116903,42.43457969268709,0
RUN_01796__v3,CORE_position_value,RUN_01796,BY2,CORE,D19_seed_00,position_value,seed_00,F03,AB0000,v3,error_series,semisynthetic,roll_3sigma_deg,56642,56642,0,0,0,0,0.399509442,6.0000398189999995,0
RUN_01796__v3,CORE_position_value,RUN_01796,BY2,CORE,D19_seed_00,position_value,seed_00,F03,AB0000,v3,error_series,semisynthetic,pitch_3sigma_deg,56642,56642,0,0,0,0,0.407617419,6.0000398189999995,0
RUN_01796__v3,CORE_position_value,RUN_01796,BY2,CORE,D19_seed_00,position_value,seed_00,F03,AB0000,v3,error_series,semisynthetic,yaw_3sigma_deg,56642,56642,0,0,0,0,0.544979277,6.0000398189999995,0
RUN_01796__v2,CORE_position_value,RUN_01796,BY2,CORE,D19_seed_00,position_value,seed_00,F03,AB0000,v2,error_series,semisynthetic,time,56642,56642,0,0,0,0,66.005054,339.997056,0
RUN_01796__v2,CORE_position_value,RUN_01796,BY2,CORE,D19_seed_00,position_value,seed_00,F03,AB0000,v2,error_series,semisynthetic,err_n_m,56642,56642,0,0,0,0,-2.171451607699339,1.9537936256060284,39387
RUN_01796__v2,CORE_position_value,RUN_01796,BY2,CORE,D19_seed_00,position_value,seed_00,F03,AB0000,v2,error_series,semisynthetic,err_e_m,56642,56642,0,0,0,0,-2.105926378007382,2.174533281882802,28567
RUN_01796__v2,CORE_position_value,RUN_01796,BY2,CORE,D19_seed_00,position_value,seed_00,F03,AB0000,v2,error_series,semisynthetic,err_u_m,56642,56642,0,0,0,0,-0.8913484792924677,0.2495794471684576,40498
RUN_01796__v2,CORE_position_value,RUN_01796,BY2,CORE,D19_seed_00,position_value,seed_00,F03,AB0000,v2,error_series,semisynthetic,horizontal_err_m,56642,56642,0,0,0,0,0.2973465297748341,2.3805979274717384,0
RUN_01796__v2,CORE_position_value,RUN_01796,BY2,CORE,D19_seed_00,position_value,seed_00,F03,AB0000,v2,error_series,semisynthetic,position_3d_err_m,56642,56642,0,0,0,0,0.29931256149164,2.388953672742111,0
RUN_01796__v2,CORE_position_value,RUN_01796,BY2,CORE,D19_seed_00,position_value,seed_00,F03,AB0000,v2,error_series,semisynthetic,roll_err_deg,56642,56642,0,0,0,0,-4.396885119563279,9.278304911296573,16074
RUN_01796__v2,CORE_position_value,RUN_01796,BY2,CORE,D19_seed_00,position_value,seed_00,F03,AB0000,v2,error_series,semisynthetic,pitch_err_deg,56642,56642,0,0,0,0,-9.986838316754472,8.45538360254264,37563
RUN_01796__v2,CORE_position_value,RUN_01796,BY2,CORE,D19_seed_00,position_value,seed_00,F03,AB0000,v2,error_series,semisynthetic,yaw_err_deg,56642,56642,0,0,0,0,-8.85277439723842,3.8096359702653046,42275
RUN_01796__v2,CORE_position_value,RUN_01796,BY2,CORE,D19_seed_00,position_value,seed_00,F03,AB0000,v2,error_series,semisynthetic,horizontal_3sigma_m,56642,56642,0,0,0,0,0.04693111111116903,42.43457969268709,0
RUN_01796__v2,CORE_position_value,RUN_01796,BY2,CORE,D19_seed_00,position_value,seed_00,F03,AB0000,v2,error_series,semisynthetic,roll_3sigma_deg,56642,56642,0,0,0,0,0.399509442,6.0000398189999995,0
RUN_01796__v2,CORE_position_value,RUN_01796,BY2,CORE,D19_seed_00,position_value,seed_00,F03,AB0000,v2,error_series,semisynthetic,pitch_3sigma_deg,56642,56642,0,0,0,0,0.407617419,6.0000398189999995,0
RUN_01796__v2,CORE_position_value,RUN_01796,BY2,CORE,D19_seed_00,position_value,seed_00,F03,AB0000,v2,error_series,semisynthetic,yaw_3sigma_deg,56642,56642,0,0,0,0,0.544979277,6.0000398189999995,0
RUN_01797__v3,CORE_position_value,RUN_01797,BY2,CORE,D19_seed_00,position_value,seed_00,F04,AB1111,v3,error_series,semisynthetic,time,56642,56642,0,0,0,0,66.005054,339.997056,0
RUN_01797__v3,CORE_position_value,RUN_01797,BY2,CORE,D19_seed_00,position_value,seed_00,F04,AB1111,v3,error_series,semisynthetic,err_n_m,56642,56642,0,0,0,0,-2.100990998233649,2.0094373737430473,39612
RUN_01797__v3,CORE_position_value,RUN_01797,BY2,CORE,D19_seed_00,position_value,seed_00,F04,AB1111,v3,error_series,semisynthetic,err_e_m,56642,56642,0,0,0,0,-2.0627760252655776,2.2815047553560532,28420
RUN_01797__v3,CORE_position_value,RUN_01797,BY2,CORE,D19_seed_00,position_value,seed_00,F04,AB1111,v3,error_series,semisynthetic,err_u_m,56642,56642,0,0,0,0,-0.596932964855033,0.5493807345501011,29854
RUN_01797__v3,CORE_position_value,RUN_01797,BY2,CORE,D19_seed_00,position_value,seed_00,F04,AB1111,v3,error_series,semisynthetic,horizontal_err_m,56642,56642,0,0,0,0,0.3191019517846972,2.2894415225052964,0
RUN_01797__v3,CORE_position_value,RUN_01797,BY2,CORE,D19_seed_00,position_value,seed_00,F04,AB1111,v3,error_series,semisynthetic,position_3d_err_m,56642,56642,0,0,0,0,0.4621127064686887,2.3322985264825853,0
RUN_01797__v3,CORE_position_value,RUN_01797,BY2,CORE,D19_seed_00,position_value,seed_00,F04,AB1111,v3,error_series,semisynthetic,roll_err_deg,56642,56642,0,0,0,0,-4.0909056855632855,6.866434524296579,19278
RUN_01797__v3,CORE_position_value,RUN_01797,BY2,CORE,D19_seed_00,position_value,seed_00,F04,AB1111,v3,error_series,semisynthetic,pitch_err_deg,56642,56642,0,0,0,0,-8.56890048075445,8.515728783542642,37220
RUN_01797__v3,CORE_position_value,RUN_01797,BY2,CORE,D19_seed_00,position_value,seed_00,F04,AB1111,v3,error_series,semisynthetic,yaw_err_deg,56642,56642,0,0,0,0,-8.767831306238406,3.8390997682652994,42212
RUN_01797__v3,CORE_position_value,RUN_01797,BY2,CORE,D19_seed_00,position_value,seed_00,F04,AB1111,v3,error_series,semisynthetic,horizontal_3sigma_m,56642,56642,0,0,0,0,0.04567289578964317,42.43457969268709,0
RUN_01797__v3,CORE_position_value,RUN_01797,BY2,CORE,D19_seed_00,position_value,seed_00,F04,AB1111,v3,error_series,semisynthetic,roll_3sigma_deg,56642,56642,0,0,0,0,0.32279895000000003,6.0000398189999995,0
RUN_01797__v3,CORE_position_value,RUN_01797,BY2,CORE,D19_seed_00,position_value,seed_00,F04,AB1111,v3,error_series,semisynthetic,pitch_3sigma_deg,56642,56642,0,0,0,0,0.324712113,6.0000398189999995,0
RUN_01797__v3,CORE_position_value,RUN_01797,BY2,CORE,D19_seed_00,position_value,seed_00,F04,AB1111,v3,error_series,semisynthetic,yaw_3sigma_deg,56642,56642,0,0,0,0,0.544774266,6.0000398189999995,0
RUN_01797__v2,CORE_position_value,RUN_01797,BY2,CORE,D19_seed_00,position_value,seed_00,F04,AB1111,v2,error_series,semisynthetic,time,56642,56642,0,0,0,0,66.005054,339.997056,0
RUN_01797__v2,CORE_position_value,RUN_01797,BY2,CORE,D19_seed_00,position_value,seed_00,F04,AB1111,v2,error_series,semisynthetic,err_n_m,56642,56642,0,0,0,0,-2.1660900160968026,1.9471315422479165,39407
RUN_01797__v2,CORE_position_value,RUN_01797,BY2,CORE,D19_seed_00,position_value,seed_00,F04,AB1111,v2,error_series,semisynthetic,err_e_m,56642,56642,0,0,0,0,-2.098596408226456,2.1729104690071352,28522
RUN_01797__v2,CORE_position_value,RUN_01797,BY2,CORE,D19_seed_00,position_value,seed_00,F04,AB1111,v2,error_series,semisynthetic,err_u_m,56642,56642,0,0,0,0,-0.8964371559084783,0.2457939346488054,40523
RUN_01797__v2,CORE_position_value,RUN_01797,BY2,CORE,D19_seed_00,position_value,seed_00,F04,AB1111,v2,error_series,semisynthetic,horizontal_err_m,56642,56642,0,0,0,0,0.2973465297748341,2.3681012385621325,0
RUN_01797__v2,CORE_position_value,RUN_01797,BY2,CORE,D19_seed_00,position_value,seed_00,F04,AB1111,v2,error_series,semisynthetic,position_3d_err_m,56642,56642,0,0,0,0,0.29931256149164,2.3816067177154405,0
RUN_01797__v2,CORE_position_value,RUN_01797,BY2,CORE,D19_seed_00,position_value,seed_00,F04,AB1111,v2,error_series,semisynthetic,roll_err_deg,56642,56642,0,0,0,0,-4.0909056855632855,6.866434524296579,19278
RUN_01797__v2,CORE_position_value,RUN_01797,BY2,CORE,D19_seed_00,position_value,seed_00,F04,AB1111,v2,error_series,semisynthetic,pitch_err_deg,56642,56642,0,0,0,0,-8.56890048075445,8.515728783542642,37220
RUN_01797__v2,CORE_position_value,RUN_01797,BY2,CORE,D19_seed_00,position_value,seed_00,F04,AB1111,v2,error_series,semisynthetic,yaw_err_deg,56642,56642,0,0,0,0,-8.767831306238406,3.8390997682652994,42212
RUN_01797__v2,CORE_position_value,RUN_01797,BY2,CORE,D19_seed_00,position_value,seed_00,F04,AB1111,v2,error_series,semisynthetic,horizontal_3sigma_m,56642,56642,0,0,0,0,0.04567289578964317,42.43457969268709,0
RUN_01797__v2,CORE_position_value,RUN_01797,BY2,CORE,D19_seed_00,position_value,seed_00,F04,AB1111,v2,error_series,semisynthetic,roll_3sigma_deg,56642,56642,0,0,0,0,0.32279895000000003,6.0000398189999995,0
RUN_01797__v2,CORE_position_value,RUN_01797,BY2,CORE,D19_seed_00,position_value,seed_00,F04,AB1111,v2,error_series,semisynthetic,pitch_3sigma_deg,56642,56642,0,0,0,0,0.324712113,6.0000398189999995,0
RUN_01797__v2,CORE_position_value,RUN_01797,BY2,CORE,D19_seed_00,position_value,seed_00,F04,AB1111,v2,error_series,semisynthetic,yaw_3sigma_deg,56642,56642,0,0,0,0,0.544774266,6.0000398189999995,0
RUN_01798__v3,CORE_position_value,RUN_01798,BY2,CORE,D19_seed_00,position_value,seed_00,A03,AB0111,v3,error_series,semisynthetic,time,56642,56642,0,0,0,0,66.005054,339.997056,0
RUN_01798__v3,CORE_position_value,RUN_01798,BY2,CORE,D19_seed_00,position_value,seed_00,A03,AB0111,v3,error_series,semisynthetic,err_n_m,56642,56642,0,0,0,0,-2.101202476450271,2.005653923809387,39617
RUN_01798__v3,CORE_position_value,RUN_01798,BY2,CORE,D19_seed_00,position_value,seed_00,A03,AB0111,v3,error_series,semisynthetic,err_e_m,56642,56642,0,0,0,0,-2.060153847415279,2.2814926750683924,28422
RUN_01798__v3,CORE_position_value,RUN_01798,BY2,CORE,D19_seed_00,position_value,seed_00,A03,AB0111,v3,error_series,semisynthetic,err_u_m,56642,56642,0,0,0,0,-0.594261404251502,0.5478836029301206,29891
RUN_01798__v3,CORE_position_value,RUN_01798,BY2,CORE,D19_seed_00,position_value,seed_00,A03,AB0111,v3,error_series,semisynthetic,horizontal_err_m,56642,56642,0,0,0,0,0.3191019517846972,2.2894185829007254,0
RUN_01798__v3,CORE_position_value,RUN_01798,BY2,CORE,D19_seed_00,position_value,seed_00,A03,AB0111,v3,error_series,semisynthetic,position_3d_err_m,56642,56642,0,0,0,0,0.4621127064686887,2.332038033764532,0
RUN_01798__v3,CORE_position_value,RUN_01798,BY2,CORE,D19_seed_00,position_value,seed_00,A03,AB0111,v3,error_series,semisynthetic,roll_err_deg,56642,56642,0,0,0,0,-4.091401679563262,6.86443761129658,19277
RUN_01798__v3,CORE_position_value,RUN_01798,BY2,CORE,D19_seed_00,position_value,seed_00,A03,AB0111,v3,error_series,semisynthetic,pitch_err_deg,56642,56642,0,0,0,0,-8.567951559754476,8.513163078542647,37232
RUN_01798__v3,CORE_position_value,RUN_01798,BY2,CORE,D19_seed_00,position_value,seed_00,A03,AB0111,v3,error_series,semisynthetic,yaw_err_deg,56642,56642,0,0,0,0,-8.771802779238413,3.836978445265288,42143
RUN_01798__v3,CORE_position_value,RUN_01798,BY2,CORE,D19_seed_00,position_value,seed_00,A03,AB0111,v3,error_series,semisynthetic,horizontal_3sigma_m,56642,56642,0,0,0,0,0.04601875426711185,42.43457969268709,0
RUN_01798__v3,CORE_position_value,RUN_01798,BY2,CORE,D19_seed_00,position_value,seed_00,A03,AB0111,v3,error_series,semisynthetic,roll_3sigma_deg,56642,56642,0,0,0,0,0.322808085,6.0000398189999995,0
RUN_01798__v3,CORE_position_value,RUN_01798,BY2,CORE,D19_seed_00,position_value,seed_00,A03,AB0111,v3,error_series,semisynthetic,pitch_3sigma_deg,56642,56642,0,0,0,0,0.32472108299999997,6.0000398189999995,0
RUN_01798__v3,CORE_position_value,RUN_01798,BY2,CORE,D19_seed_00,position_value,seed_00,A03,AB0111,v3,error_series,semisynthetic,yaw_3sigma_deg,56642,56642,0,0,0,0,0.544840506,6.0000398189999995,0
RUN_01798__v2,CORE_position_value,RUN_01798,BY2,CORE,D19_seed_00,position_value,seed_00,A03,AB0111,v2,error_series,semisynthetic,time,56642,56642,0,0,0,0,66.005054,339.997056,0
RUN_01798__v2,CORE_position_value,RUN_01798,BY2,CORE,D19_seed_00,position_value,seed_00,A03,AB0111,v2,error_series,semisynthetic,err_n_m,56642,56642,0,0,0,0,-2.1662010591377197,1.9466874064319661,39401
RUN_01798__v2,CORE_position_value,RUN_01798,BY2,CORE,D19_seed_00,position_value,seed_00,A03,AB0111,v2,error_series,semisynthetic,err_e_m,56642,56642,0,0,0,0,-2.100630777500257,2.1729104830257455,28526
RUN_01798__v2,CORE_position_value,RUN_01798,BY2,CORE,D19_seed_00,position_value,seed_00,A03,AB0111,v2,error_series,semisynthetic,err_u_m,56642,56642,0,0,0,0,-0.8912420333928646,0.2454571023920984,40506
RUN_01798__v2,CORE_position_value,RUN_01798,BY2,CORE,D19_seed_00,position_value,seed_00,A03,AB0111,v2,error_series,semisynthetic,horizontal_err_m,56642,56642,0,0,0,0,0.2973465297748341,2.36815517561013,0
RUN_01798__v2,CORE_position_value,RUN_01798,BY2,CORE,D19_seed_00,position_value,seed_00,A03,AB0111,v2,error_series,semisynthetic,position_3d_err_m,56642,56642,0,0,0,0,0.29931256149164,2.383854400304971,0
RUN_01798__v2,CORE_position_value,RUN_01798,BY2,CORE,D19_seed_00,position_value,seed_00,A03,AB0111,v2,error_series,semisynthetic,roll_err_deg,56642,56642,0,0,0,0,-4.091401679563262,6.86443761129658,19277
RUN_01798__v2,CORE_position_value,RUN_01798,BY2,CORE,D19_seed_00,position_value,seed_00,A03,AB0111,v2,error_series,semisynthetic,pitch_err_deg,56642,56642,0,0,0,0,-8.567951559754476,8.513163078542647,37232
RUN_01798__v2,CORE_position_value,RUN_01798,BY2,CORE,D19_seed_00,position_value,seed_00,A03,AB0111,v2,error_series,semisynthetic,yaw_err_deg,56642,56642,0,0,0,0,-8.771802779238413,3.836978445265288,42143
RUN_01798__v2,CORE_position_value,RUN_01798,BY2,CORE,D19_seed_00,position_value,seed_00,A03,AB0111,v2,error_series,semisynthetic,horizontal_3sigma_m,56642,56642,0,0,0,0,0.04601875426711185,42.43457969268709,0
RUN_01798__v2,CORE_position_value,RUN_01798,BY2,CORE,D19_seed_00,position_value,seed_00,A03,AB0111,v2,error_series,semisynthetic,roll_3sigma_deg,56642,56642,0,0,0,0,0.322808085,6.0000398189999995,0
RUN_01798__v2,CORE_position_value,RUN_01798,BY2,CORE,D19_seed_00,position_value,seed_00,A03,AB0111,v2,error_series,semisynthetic,pitch_3sigma_deg,56642,56642,0,0,0,0,0.32472108299999997,6.0000398189999995,0
RUN_01798__v2,CORE_position_value,RUN_01798,BY2,CORE,D19_seed_00,position_value,seed_00,A03,AB0111,v2,error_series,semisynthetic,yaw_3sigma_deg,56642,56642,0,0,0,0,0.544840506,6.0000398189999995,0
RUN_01799__v3,CORE_position_value,RUN_01799,BY2,CORE,D19_seed_00,position_value,seed_00,A04,AB1011,v3,error_series,semisynthetic,time,56642,56642,0,0,0,0,66.005054,339.997056,0
RUN_01799__v3,CORE_position_value,RUN_01799,BY2,CORE,D19_seed_00,position_value,seed_00,A04,AB1011,v3,error_series,semisynthetic,err_n_m,56642,56642,0,0,0,0,-2.100723692889649,2.0146161798020756,39577
RUN_01799__v3,CORE_position_value,RUN_01799,BY2,CORE,D19_seed_00,position_value,seed_00,A04,AB1011,v3,error_series,semisynthetic,err_e_m,56642,56642,0,0,0,0,-2.0610203766991475,2.278892413335356,28418
RUN_01799__v3,CORE_position_value,RUN_01799,BY2,CORE,D19_seed_00,position_value,seed_00,A04,AB1011,v3,error_series,semisynthetic,err_u_m,56642,56642,0,0,0,0,-0.5967420765245728,0.5537334876619688,29880
RUN_01799__v3,CORE_position_value,RUN_01799,BY2,CORE,D19_seed_00,position_value,seed_00,A04,AB1011,v3,error_series,semisynthetic,horizontal_err_m,56642,56642,0,0,0,0,0.3191019517846972,2.280564147974045,0
RUN_01799__v3,CORE_position_value,RUN_01799,BY2,CORE,D19_seed_00,position_value,seed_00,A04,AB1011,v3,error_series,semisynthetic,position_3d_err_m,56642,56642,0,0,0,0,0.4621127064686887,2.329363204423623,0
RUN_01799__v3,CORE_position_value,RUN_01799,BY2,CORE,D19_seed_00,position_value,seed_00,A04,AB1011,v3,error_series,semisynthetic,roll_err_deg,56642,56642,0,0,0,0,-3.948318065563285,6.569009412139479,19925
RUN_01799__v3,CORE_position_value,RUN_01799,BY2,CORE,D19_seed_00,position_value,seed_00,A04,AB1011,v3,error_series,semisynthetic,pitch_err_deg,56642,56642,0,0,0,0,-8.22109104775447,8.500350886542634,37066
RUN_01799__v3,CORE_position_value,RUN_01799,BY2,CORE,D19_seed_00,position_value,seed_00,A04,AB1011,v3,error_series,semisynthetic,yaw_err_deg,56642,56642,0,0,0,0,-8.772779404238406,3.837155509265301,42257
RUN_01799__v3,CORE_position_value,RUN_01799,BY2,CORE,D19_seed_00,position_value,seed_00,A04,AB1011,v3,error_series,semisynthetic,horizontal_3sigma_m,56642,56642,0,0,0,0,0.04477348778364094,42.43457969268709,0
RUN_01799__v3,CORE_position_value,RUN_01799,BY2,CORE,D19_seed_00,position_value,seed_00,A04,AB1011,v3,error_series,semisynthetic,roll_3sigma_deg,56642,56642,0,0,0,0,0.302973615,6.0000398189999995,0
RUN_01799__v3,CORE_position_value,RUN_01799,BY2,CORE,D19_seed_00,position_value,seed_00,A04,AB1011,v3,error_series,semisynthetic,pitch_3sigma_deg,56642,56642,0,0,0,0,0.30414108900000003,6.0000398189999995,0
RUN_01799__v3,CORE_position_value,RUN_01799,BY2,CORE,D19_seed_00,position_value,seed_00,A04,AB1011,v3,error_series,semisynthetic,yaw_3sigma_deg,56642,56642,0,0,0,0,0.544636056,6.0000398189999995,0
RUN_01799__v2,CORE_position_value,RUN_01799,BY2,CORE,D19_seed_00,position_value,seed_00,A04,AB1011,v2,error_series,semisynthetic,time,56642,56642,0,0,0,0,66.005054,339.997056,0
RUN_01799__v2,CORE_position_value,RUN_01799,BY2,CORE,D19_seed_00,position_value,seed_00,A04,AB1011,v2,error_series,semisynthetic,err_n_m,56642,56642,0,0,0,0,-2.1651815642007293,1.9457991326296167,39424
RUN_01799__v2,CORE_position_value,RUN_01799,BY2,CORE,D19_seed_00,position_value,seed_00,A04,AB1011,v2,error_series,semisynthetic,err_e_m,56642,56642,0,0,0,0,-2.094069516752299,2.171202249715151,28504
RUN_01799__v2,CORE_position_value,RUN_01799,BY2,CORE,D19_seed_00,position_value,seed_00,A04,AB1011,v2,error_series,semisynthetic,err_u_m,56642,56642,0,0,0,0,-0.8963276944570104,0.24857723816301203,40522
RUN_01799__v2,CORE_position_value,RUN_01799,BY2,CORE,D19_seed_00,position_value,seed_00,A04,AB1011,v2,error_series,semisynthetic,horizontal_err_m,56642,56642,0,0,0,0,0.2973465297748341,2.3551652084722576,0
RUN_01799__v2,CORE_position_value,RUN_01799,BY2,CORE,D19_seed_00,position_value,seed_00,A04,AB1011,v2,error_series,semisynthetic,position_3d_err_m,56642,56642,0,0,0,0,0.29931256149164,2.377433456138333,0
RUN_01799__v2,CORE_position_value,RUN_01799,BY2,CORE,D19_seed_00,position_value,seed_00,A04,AB1011,v2,error_series,semisynthetic,roll_err_deg,56642,56642,0,0,0,0,-3.948318065563285,6.569009412139479,19925
RUN_01799__v2,CORE_position_value,RUN_01799,BY2,CORE,D19_seed_00,position_value,seed_00,A04,AB1011,v2,error_series,semisynthetic,pitch_err_deg,56642,56642,0,0,0,0,-8.22109104775447,8.500350886542634,37066
RUN_01799__v2,CORE_position_value,RUN_01799,BY2,CORE,D19_seed_00,position_value,seed_00,A04,AB1011,v2,error_series,semisynthetic,yaw_err_deg,56642,56642,0,0,0,0,-8.772779404238406,3.837155509265301,42257
RUN_01799__v2,CORE_position_value,RUN_01799,BY2,CORE,D19_seed_00,position_value,seed_00,A04,AB1011,v2,error_series,semisynthetic,horizontal_3sigma_m,56642,56642,0,0,0,0,0.04477348778364094,42.43457969268709,0
RUN_01799__v2,CORE_position_value,RUN_01799,BY2,CORE,D19_seed_00,position_value,seed_00,A04,AB1011,v2,error_series,semisynthetic,roll_3sigma_deg,56642,56642,0,0,0,0,0.302973615,6.0000398189999995,0
RUN_01799__v2,CORE_position_value,RUN_01799,BY2,CORE,D19_seed_00,position_value,seed_00,A04,AB1011,v2,error_series,semisynthetic,pitch_3sigma_deg,56642,56642,0,0,0,0,0.30414108900000003,6.0000398189999995,0
RUN_01799__v2,CORE_position_value,RUN_01799,BY2,CORE,D19_seed_00,position_value,seed_00,A04,AB1011,v2,error_series,semisynthetic,yaw_3sigma_deg,56642,56642,0,0,0,0,0.544636056,6.0000398189999995,0
RUN_01800__v3,CORE_position_value,RUN_01800,BY2,CORE,D19_seed_00,position_value,seed_00,A05,AB1101,v3,error_series,semisynthetic,time,56642,56642,0,0,0,0,66.005054,339.997056,0
RUN_01800__v3,CORE_position_value,RUN_01800,BY2,CORE,D19_seed_00,position_value,seed_00,A05,AB1101,v3,error_series,semisynthetic,err_n_m,56642,56642,0,0,0,0,-2.1002354996925803,2.008918296909467,39638
RUN_01800__v3,CORE_position_value,RUN_01800,BY2,CORE,D19_seed_00,position_value,seed_00,A05,AB1101,v3,error_series,semisynthetic,err_e_m,56642,56642,0,0,0,0,-2.0611687442328446,2.2848723262249138,28408
RUN_01800__v3,CORE_position_value,RUN_01800,BY2,CORE,D19_seed_00,position_value,seed_00,A05,AB1101,v3,error_series,semisynthetic,err_u_m,56642,56642,0,0,0,0,-0.5969428354642972,0.552102562969349,29542
RUN_01800__v3,CORE_position_value,RUN_01800,BY2,CORE,D19_seed_00,position_value,seed_00,A05,AB1101,v3,error_series,semisynthetic,horizontal_err_m,56642,56642,0,0,0,0,0.3191019517846972,2.3016477179231463,0
RUN_01800__v3,CORE_position_value,RUN_01800,BY2,CORE,D19_seed_00,position_value,seed_00,A05,AB1101,v3,error_series,semisynthetic,position_3d_err_m,56642,56642,0,0,0,0,0.4621127064686887,2.3447759083267634,0
RUN_01800__v3,CORE_position_value,RUN_01800,BY2,CORE,D19_seed_00,position_value,seed_00,A05,AB1101,v3,error_series,semisynthetic,roll_err_deg,56642,56642,0,0,0,0,-4.383175203563269,9.278900614296589,16054
RUN_01800__v3,CORE_position_value,RUN_01800,BY2,CORE,D19_seed_00,position_value,seed_00,A05,AB1101,v3,error_series,semisynthetic,pitch_err_deg,56642,56642,0,0,0,0,-9.988441879754475,8.454346545542649,37600
RUN_01800__v3,CORE_position_value,RUN_01800,BY2,CORE,D19_seed_00,position_value,seed_00,A05,AB1101,v3,error_series,semisynthetic,yaw_err_deg,56642,56642,0,0,0,0,-8.839231496238426,3.811957294265312,42317
RUN_01800__v3,CORE_position_value,RUN_01800,BY2,CORE,D19_seed_00,position_value,seed_00,A05,AB1101,v3,error_series,semisynthetic,horizontal_3sigma_m,56642,56642,0,0,0,0,0.04571133220344929,42.43457969268709,0
RUN_01800__v3,CORE_position_value,RUN_01800,BY2,CORE,D19_seed_00,position_value,seed_00,A05,AB1101,v3,error_series,semisynthetic,roll_3sigma_deg,56642,56642,0,0,0,0,0.399391395,6.0000398189999995,0
RUN_01800__v3,CORE_position_value,RUN_01800,BY2,CORE,D19_seed_00,position_value,seed_00,A05,AB1101,v3,error_series,semisynthetic,pitch_3sigma_deg,56642,56642,0,0,0,0,0.40752647099999995,6.0000398189999995,0
RUN_01800__v3,CORE_position_value,RUN_01800,BY2,CORE,D19_seed_00,position_value,seed_00,A05,AB1101,v3,error_series,semisynthetic,yaw_3sigma_deg,56642,56642,0,0,0,0,0.544981605,6.0000398189999995,0
RUN_01800__v2,CORE_position_value,RUN_01800,BY2,CORE,D19_seed_00,position_value,seed_00,A05,AB1101,v2,error_series,semisynthetic,time,56642,56642,0,0,0,0,66.005054,339.997056,0
RUN_01800__v2,CORE_position_value,RUN_01800,BY2,CORE,D19_seed_00,position_value,seed_00,A05,AB1101,v2,error_series,semisynthetic,err_n_m,56642,56642,0,0,0,0,-2.167651547114069,1.9523501502831415,39394
RUN_01800__v2,CORE_position_value,RUN_01800,BY2,CORE,D19_seed_00,position_value,seed_00,A05,AB1101,v2,error_series,semisynthetic,err_e_m,56642,56642,0,0,0,0,-2.0982547395908284,2.1723125829392558,28560
RUN_01800__v2,CORE_position_value,RUN_01800,BY2,CORE,D19_seed_00,position_value,seed_00,A05,AB1101,v2,error_series,semisynthetic,err_u_m,56642,56642,0,0,0,0,-0.8965269341751512,0.24873400682854907,40517
RUN_01800__v2,CORE_position_value,RUN_01800,BY2,CORE,D19_seed_00,position_value,seed_00,A05,AB1101,v2,error_series,semisynthetic,horizontal_err_m,56642,56642,0,0,0,0,0.2973465297748341,2.3645989942199397,0
RUN_01800__v2,CORE_position_value,RUN_01800,BY2,CORE,D19_seed_00,position_value,seed_00,A05,AB1101,v2,error_series,semisynthetic,position_3d_err_m,56642,56642,0,0,0,0,0.29931256149164,2.381634476323836,0
RUN_01800__v2,CORE_position_value,RUN_01800,BY2,CORE,D19_seed_00,position_value,seed_00,A05,AB1101,v2,error_series,semisynthetic,roll_err_deg,56642,56642,0,0,0,0,-4.383175203563269,9.278900614296589,16054
RUN_01800__v2,CORE_position_value,RUN_01800,BY2,CORE,D19_seed_00,position_value,seed_00,A05,AB1101,v2,error_series,semisynthetic,pitch_err_deg,56642,56642,0,0,0,0,-9.988441879754475,8.454346545542649,37600
RUN_01800__v2,CORE_position_value,RUN_01800,BY2,CORE,D19_seed_00,position_value,seed_00,A05,AB1101,v2,error_series,semisynthetic,yaw_err_deg,56642,56642,0,0,0,0,-8.839231496238426,3.811957294265312,42317
RUN_01800__v2,CORE_position_value,RUN_01800,BY2,CORE,D19_seed_00,position_value,seed_00,A05,AB1101,v2,error_series,semisynthetic,horizontal_3sigma_m,56642,56642,0,0,0,0,0.04571133220344929,42.43457969268709,0
RUN_01800__v2,CORE_position_value,RUN_01800,BY2,CORE,D19_seed_00,position_value,seed_00,A05,AB1101,v2,error_series,semisynthetic,roll_3sigma_deg,56642,56642,0,0,0,0,0.399391395,6.0000398189999995,0
RUN_01800__v2,CORE_position_value,RUN_01800,BY2,CORE,D19_seed_00,position_value,seed_00,A05,AB1101,v2,error_series,semisynthetic,pitch_3sigma_deg,56642,56642,0,0,0,0,0.40752647099999995,6.0000398189999995,0
RUN_01800__v2,CORE_position_value,RUN_01800,BY2,CORE,D19_seed_00,position_value,seed_00,A05,AB1101,v2,error_series,semisynthetic,yaw_3sigma_deg,56642,56642,0,0,0,0,0.544981605,6.0000398189999995,0
RUN_01801__v3,CORE_position_value,RUN_01801,BY2,CORE,D19_seed_00,position_value,seed_00,A06,AB1110,v3,error_series,semisynthetic,time,56642,56642,0,0,0,0,66.005054,339.997056,0
RUN_01801__v3,CORE_position_value,RUN_01801,BY2,CORE,D19_seed_00,position_value,seed_00,A06,AB1110,v3,error_series,semisynthetic,err_n_m,56642,56642,0,0,0,0,-2.1012264056114427,2.009904136349803,39682
RUN_01801__v3,CORE_position_value,RUN_01801,BY2,CORE,D19_seed_00,position_value,seed_00,A06,AB1110,v3,error_series,semisynthetic,err_e_m,56642,56642,0,0,0,0,-2.0654111869072693,2.28346957682173,28422
RUN_01801__v3,CORE_position_value,RUN_01801,BY2,CORE,D19_seed_00,position_value,seed_00,A06,AB1110,v3,error_series,semisynthetic,err_u_m,56642,56642,0,0,0,0,-0.5969435406524304,0.5495113894946857,29855
RUN_01801__v3,CORE_position_value,RUN_01801,BY2,CORE,D19_seed_00,position_value,seed_00,A06,AB1110,v3,error_series,semisynthetic,horizontal_err_m,56642,56642,0,0,0,0,0.3191019517846972,2.3074228736721967,0
RUN_01801__v3,CORE_position_value,RUN_01801,BY2,CORE,D19_seed_00,position_value,seed_00,A06,AB1110,v3,error_series,semisynthetic,position_3d_err_m,56642,56642,0,0,0,0,0.4621127064686887,2.3474094250893405,0
RUN_01801__v3,CORE_position_value,RUN_01801,BY2,CORE,D19_seed_00,position_value,seed_00,A06,AB1110,v3,error_series,semisynthetic,roll_err_deg,56642,56642,0,0,0,0,-4.093035222563287,6.869384306296581,19288
RUN_01801__v3,CORE_position_value,RUN_01801,BY2,CORE,D19_seed_00,position_value,seed_00,A06,AB1110,v3,error_series,semisynthetic,pitch_err_deg,56642,56642,0,0,0,0,-8.569478525754448,8.518049646542636,37200
RUN_01801__v3,CORE_position_value,RUN_01801,BY2,CORE,D19_seed_00,position_value,seed_00,A06,AB1110,v3,error_series,semisynthetic,yaw_err_deg,56642,56642,0,0,0,0,-8.76887413123842,3.8380963872652956,42220
RUN_01801__v3,CORE_position_value,RUN_01801,BY2,CORE,D19_seed_00,position_value,seed_00,A06,AB1110,v3,error_series,semisynthetic,horizontal_3sigma_m,56642,56642,0,0,0,0,0.04651979020652155,42.43457969268709,0
RUN_01801__v3,CORE_position_value,RUN_01801,BY2,CORE,D19_seed_00,position_value,seed_00,A06,AB1110,v3,error_series,semisynthetic,roll_3sigma_deg,56642,56642,0,0,0,0,0.322829562,6.0000398189999995,0
RUN_01801__v3,CORE_position_value,RUN_01801,BY2,CORE,D19_seed_00,position_value,seed_00,A06,AB1110,v3,error_series,semisynthetic,pitch_3sigma_deg,56642,56642,0,0,0,0,0.324739668,6.0000398189999995,0
RUN_01801__v3,CORE_position_value,RUN_01801,BY2,CORE,D19_seed_00,position_value,seed_00,A06,AB1110,v3,error_series,semisynthetic,yaw_3sigma_deg,56642,56642,0,0,0,0,0.544827795,6.0000398189999995,0
RUN_01801__v2,CORE_position_value,RUN_01801,BY2,CORE,D19_seed_00,position_value,seed_00,A06,AB1110,v2,error_series,semisynthetic,time,56642,56642,0,0,0,0,66.005054,339.997056,0
RUN_01801__v2,CORE_position_value,RUN_01801,BY2,CORE,D19_seed_00,position_value,seed_00,A06,AB1110,v2,error_series,semisynthetic,err_n_m,56642,56642,0,0,0,0,-2.174671636713356,1.9483529272710705,39391
RUN_01801__v2,CORE_position_value,RUN_01801,BY2,CORE,D19_seed_00,position_value,seed_00,A06,AB1110,v2,error_series,semisynthetic,err_e_m,56642,56642,0,0,0,0,-2.103876498649157,2.1748749162854963,28530
RUN_01801__v2,CORE_position_value,RUN_01801,BY2,CORE,D19_seed_00,position_value,seed_00,A06,AB1110,v2,error_series,semisynthetic,err_u_m,56642,56642,0,0,0,0,-0.896445842002437,0.24574929692410308,40523
RUN_01801__v2,CORE_position_value,RUN_01801,BY2,CORE,D19_seed_00,position_value,seed_00,A06,AB1110,v2,error_series,semisynthetic,horizontal_err_m,56642,56642,0,0,0,0,0.2973465297748341,2.383500970939307,0
RUN_01801__v2,CORE_position_value,RUN_01801,BY2,CORE,D19_seed_00,position_value,seed_00,A06,AB1110,v2,error_series,semisynthetic,position_3d_err_m,56642,56642,0,0,0,0,0.29931256149164,2.387119701941497,0
RUN_01801__v2,CORE_position_value,RUN_01801,BY2,CORE,D19_seed_00,position_value,seed_00,A06,AB1110,v2,error_series,semisynthetic,roll_err_deg,56642,56642,0,0,0,0,-4.093035222563287,6.869384306296581,19288
RUN_01801__v2,CORE_position_value,RUN_01801,BY2,CORE,D19_seed_00,position_value,seed_00,A06,AB1110,v2,error_series,semisynthetic,pitch_err_deg,56642,56642,0,0,0,0,-8.569478525754448,8.518049646542636,37200
RUN_01801__v2,CORE_position_value,RUN_01801,BY2,CORE,D19_seed_00,position_value,seed_00,A06,AB1110,v2,error_series,semisynthetic,yaw_err_deg,56642,56642,0,0,0,0,-8.76887413123842,3.8380963872652956,42220
RUN_01801__v2,CORE_position_value,RUN_01801,BY2,CORE,D19_seed_00,position_value,seed_00,A06,AB1110,v2,error_series,semisynthetic,horizontal_3sigma_m,56642,56642,0,0,0,0,0.04651979020652155,42.43457969268709,0
RUN_01801__v2,CORE_position_value,RUN_01801,BY2,CORE,D19_seed_00,position_value,seed_00,A06,AB1110,v2,error_series,semisynthetic,roll_3sigma_deg,56642,56642,0,0,0,0,0.322829562,6.0000398189999995,0
RUN_01801__v2,CORE_position_value,RUN_01801,BY2,CORE,D19_seed_00,position_value,seed_00,A06,AB1110,v2,error_series,semisynthetic,pitch_3sigma_deg,56642,56642,0,0,0,0,0.324739668,6.0000398189999995,0
RUN_01801__v2,CORE_position_value,RUN_01801,BY2,CORE,D19_seed_00,position_value,seed_00,A06,AB1110,v2,error_series,semisynthetic,yaw_3sigma_deg,56642,56642,0,0,0,0,0.544827795,6.0000398189999995,0
RUN_01802__v3,CORE_position_value,RUN_01802,BY2,CORE,D19_seed_00,position_value,seed_00,A07,AB1100,v3,error_series,semisynthetic,time,56642,56642,0,0,0,0,66.005054,339.997056,0
RUN_01802__v3,CORE_position_value,RUN_01802,BY2,CORE,D19_seed_00,position_value,seed_00,A07,AB1100,v3,error_series,semisynthetic,err_n_m,56642,56642,0,0,0,0,-2.1003940659221634,2.0090887080765008,39691
RUN_01802__v3,CORE_position_value,RUN_01802,BY2,CORE,D19_seed_00,position_value,seed_00,A07,AB1100,v3,error_series,semisynthetic,err_e_m,56642,56642,0,0,0,0,-2.0637191891519535,2.2870953127190603,28409
RUN_01802__v3,CORE_position_value,RUN_01802,BY2,CORE,D19_seed_00,position_value,seed_00,A07,AB1100,v3,error_series,semisynthetic,err_u_m,56642,56642,0,0,0,0,-0.5969301879091047,0.5520311224659551,29542
RUN_01802__v3,CORE_position_value,RUN_01802,BY2,CORE,D19_seed_00,position_value,seed_00,A07,AB1100,v3,error_series,semisynthetic,horizontal_err_m,56642,56642,0,0,0,0,0.3191019517846972,2.320225004292491,0
RUN_01802__v3,CORE_position_value,RUN_01802,BY2,CORE,D19_seed_00,position_value,seed_00,A07,AB1100,v3,error_series,semisynthetic,position_3d_err_m,56642,56642,0,0,0,0,0.4621127064686887,2.361409887548424,0
RUN_01802__v3,CORE_position_value,RUN_01802,BY2,CORE,D19_seed_00,position_value,seed_00,A07,AB1100,v3,error_series,semisynthetic,roll_err_deg,56642,56642,0,0,0,0,-4.398369790563265,9.283848329296575,16096
RUN_01802__v3,CORE_position_value,RUN_01802,BY2,CORE,D19_seed_00,position_value,seed_00,A07,AB1100,v3,error_series,semisynthetic,pitch_err_deg,56642,56642,0,0,0,0,-9.988696614754474,8.467433770542641,37537
RUN_01802__v3,CORE_position_value,RUN_01802,BY2,CORE,D19_seed_00,position_value,seed_00,A07,AB1100,v3,error_series,semisynthetic,yaw_err_deg,56642,56642,0,0,0,0,-8.840218619238414,3.8110571392653014,42320
RUN_01802__v3,CORE_position_value,RUN_01802,BY2,CORE,D19_seed_00,position_value,seed_00,A07,AB1100,v3,error_series,semisynthetic,horizontal_3sigma_m,56642,56642,0,0,0,0,0.04656563865906895,42.43457969268709,0
RUN_01802__v3,CORE_position_value,RUN_01802,BY2,CORE,D19_seed_00,position_value,seed_00,A07,AB1100,v3,error_series,semisynthetic,roll_3sigma_deg,56642,56642,0,0,0,0,0.399463755,6.0000398189999995,0
RUN_01802__v3,CORE_position_value,RUN_01802,BY2,CORE,D19_seed_00,position_value,seed_00,A07,AB1100,v3,error_series,semisynthetic,pitch_3sigma_deg,56642,56642,0,0,0,0,0.407584983,6.0000398189999995,0
RUN_01802__v3,CORE_position_value,RUN_01802,BY2,CORE,D19_seed_00,position_value,seed_00,A07,AB1100,v3,error_series,semisynthetic,yaw_3sigma_deg,56642,56642,0,0,0,0,0.545036568,6.0000398189999995,0
RUN_01802__v2,CORE_position_value,RUN_01802,BY2,CORE,D19_seed_00,position_value,seed_00,A07,AB1100,v2,error_series,semisynthetic,time,56642,56642,0,0,0,0,66.005054,339.997056,0
RUN_01802__v2,CORE_position_value,RUN_01802,BY2,CORE,D19_seed_00,position_value,seed_00,A07,AB1100,v2,error_series,semisynthetic,err_n_m,56642,56642,0,0,0,0,-2.171562676988742,1.9536825693299136,39388
RUN_01802__v2,CORE_position_value,RUN_01802,BY2,CORE,D19_seed_00,position_value,seed_00,A07,AB1100,v2,error_series,semisynthetic,err_e_m,56642,56642,0,0,0,0,-2.103464943047996,2.174533268081859,28567
RUN_01802__v2,CORE_position_value,RUN_01802,BY2,CORE,D19_seed_00,position_value,seed_00,A07,AB1100,v2,error_series,semisynthetic,err_u_m,56642,56642,0,0,0,0,-0.8965459007136176,0.2486646634195786,40518
RUN_01802__v2,CORE_position_value,RUN_01802,BY2,CORE,D19_seed_00,position_value,seed_00,A07,AB1100,v2,error_series,semisynthetic,horizontal_err_m,56642,56642,0,0,0,0,0.2973465297748341,2.380737976627015,0
RUN_01802__v2,CORE_position_value,RUN_01802,BY2,CORE,D19_seed_00,position_value,seed_00,A07,AB1100,v2,error_series,semisynthetic,position_3d_err_m,56642,56642,0,0,0,0,0.29931256149164,2.38629845790209,0
RUN_01802__v2,CORE_position_value,RUN_01802,BY2,CORE,D19_seed_00,position_value,seed_00,A07,AB1100,v2,error_series,semisynthetic,roll_err_deg,56642,56642,0,0,0,0,-4.398369790563265,9.283848329296575,16096
RUN_01802__v2,CORE_position_value,RUN_01802,BY2,CORE,D19_seed_00,position_value,seed_00,A07,AB1100,v2,error_series,semisynthetic,pitch_err_deg,56642,56642,0,0,0,0,-9.988696614754474,8.467433770542641,37537
RUN_01802__v2,CORE_position_value,RUN_01802,BY2,CORE,D19_seed_00,position_value,seed_00,A07,AB1100,v2,error_series,semisynthetic,yaw_err_deg,56642,56642,0,0,0,0,-8.840218619238414,3.8110571392653014,42320
RUN_01802__v2,CORE_position_value,RUN_01802,BY2,CORE,D19_seed_00,position_value,seed_00,A07,AB1100,v2,error_series,semisynthetic,horizontal_3sigma_m,56642,56642,0,0,0,0,0.04656563865906895,42.43457969268709,0
RUN_01802__v2,CORE_position_value,RUN_01802,BY2,CORE,D19_seed_00,position_value,seed_00,A07,AB1100,v2,error_series,semisynthetic,roll_3sigma_deg,56642,56642,0,0,0,0,0.399463755,6.0000398189999995,0
RUN_01802__v2,CORE_position_value,RUN_01802,BY2,CORE,D19_seed_00,position_value,seed_00,A07,AB1100,v2,error_series,semisynthetic,pitch_3sigma_deg,56642,56642,0,0,0,0,0.407584983,6.0000398189999995,0
RUN_01802__v2,CORE_position_value,RUN_01802,BY2,CORE,D19_seed_00,position_value,seed_00,A07,AB1100,v2,error_series,semisynthetic,yaw_3sigma_deg,56642,56642,0,0,0,0,0.545036568,6.0000398189999995,0
RUN_01803__v3,CORE_position_value,RUN_01803,BY2,CORE,D19_seed_00,position_value,seed_00,A08,AB1000,v3,error_series,semisynthetic,time,56642,56642,0,0,0,0,66.005054,339.997056,0
RUN_01803__v3,CORE_position_value,RUN_01803,BY2,CORE,D19_seed_00,position_value,seed_00,A08,AB1000,v3,error_series,semisynthetic,err_n_m,56642,56642,0,0,0,0,-2.1003000575919586,2.015104977161144,39685
RUN_01803__v3,CORE_position_value,RUN_01803,BY2,CORE,D19_seed_00,position_value,seed_00,A08,AB1000,v3,error_series,semisynthetic,err_e_m,56642,56642,0,0,0,0,-2.06370838103868,2.287184686490008,28410
RUN_01803__v3,CORE_position_value,RUN_01803,BY2,CORE,D19_seed_00,position_value,seed_00,A08,AB1000,v3,error_series,semisynthetic,err_u_m,56642,56642,0,0,0,0,-0.5970372772612174,0.5637855513370944,29519
RUN_01803__v3,CORE_position_value,RUN_01803,BY2,CORE,D19_seed_00,position_value,seed_00,A08,AB1000,v3,error_series,semisynthetic,horizontal_err_m,56642,56642,0,0,0,0,0.3191019517846972,2.3201919647415994,0
RUN_01803__v3,CORE_position_value,RUN_01803,BY2,CORE,D19_seed_00,position_value,seed_00,A08,AB1000,v3,error_series,semisynthetic,position_3d_err_m,56642,56642,0,0,0,0,0.4621127064686887,2.361391368905759,0
RUN_01803__v3,CORE_position_value,RUN_01803,BY2,CORE,D19_seed_00,position_value,seed_00,A08,AB1000,v3,error_series,semisynthetic,roll_err_deg,56642,56642,0,0,0,0,-4.397683587563279,9.281004973296575,16117
RUN_01803__v3,CORE_position_value,RUN_01803,BY2,CORE,D19_seed_00,position_value,seed_00,A08,AB1000,v3,error_series,semisynthetic,pitch_err_deg,56642,56642,0,0,0,0,-9.986440235754458,8.46789794654265,37531
RUN_01803__v3,CORE_position_value,RUN_01803,BY2,CORE,D19_seed_00,position_value,seed_00,A08,AB1000,v3,error_series,semisynthetic,yaw_err_deg,56642,56642,0,0,0,0,-8.843571203238412,3.8109533362652996,42345
RUN_01803__v3,CORE_position_value,RUN_01803,BY2,CORE,D19_seed_00,position_value,seed_00,A08,AB1000,v3,error_series,semisynthetic,horizontal_3sigma_m,56642,56642,0,0,0,0,0.04634448383695476,42.43457969268709,0
RUN_01803__v3,CORE_position_value,RUN_01803,BY2,CORE,D19_seed_00,position_value,seed_00,A08,AB1000,v3,error_series,semisynthetic,roll_3sigma_deg,56642,56642,0,0,0,0,0.39945430200000004,6.0000398189999995,0
RUN_01803__v3,CORE_position_value,RUN_01803,BY2,CORE,D19_seed_00,position_value,seed_00,A08,AB1000,v3,error_series,semisynthetic,pitch_3sigma_deg,56642,56642,0,0,0,0,0.407572716,6.0000398189999995,0
RUN_01803__v3,CORE_position_value,RUN_01803,BY2,CORE,D19_seed_00,position_value,seed_00,A08,AB1000,v3,error_series,semisynthetic,yaw_3sigma_deg,56642,56642,0,0,0,0,0.544900923,6.0000398189999995,0
RUN_01803__v2,CORE_position_value,RUN_01803,BY2,CORE,D19_seed_00,position_value,seed_00,A08,AB1000,v2,error_series,semisynthetic,time,56642,56642,0,0,0,0,66.005054,339.997056,0
RUN_01803__v2,CORE_position_value,RUN_01803,BY2,CORE,D19_seed_00,position_value,seed_00,A08,AB1000,v2,error_series,semisynthetic,err_n_m,56642,56642,0,0,0,0,-2.171340608633699,1.9542377543718459,39403
RUN_01803__v2,CORE_position_value,RUN_01803,BY2,CORE,D19_seed_00,position_value,seed_00,A08,AB1000,v2,error_series,semisynthetic,err_e_m,56642,56642,0,0,0,0,-2.1035348299062093,2.174618677629688,28562
RUN_01803__v2,CORE_position_value,RUN_01803,BY2,CORE,D19_seed_00,position_value,seed_00,A08,AB1000,v2,error_series,semisynthetic,err_u_m,56642,56642,0,0,0,0,-0.8965096087000433,0.2523738202008836,40514
RUN_01803__v2,CORE_position_value,RUN_01803,BY2,CORE,D19_seed_00,position_value,seed_00,A08,AB1000,v2,error_series,semisynthetic,horizontal_err_m,56642,56642,0,0,0,0,0.2973465297748341,2.380544289916999,0
RUN_01803__v2,CORE_position_value,RUN_01803,BY2,CORE,D19_seed_00,position_value,seed_00,A08,AB1000,v2,error_series,semisynthetic,position_3d_err_m,56642,56642,0,0,0,0,0.29931256149164,2.3863471690994205,0
RUN_01803__v2,CORE_position_value,RUN_01803,BY2,CORE,D19_seed_00,position_value,seed_00,A08,AB1000,v2,error_series,semisynthetic,roll_err_deg,56642,56642,0,0,0,0,-4.397683587563279,9.281004973296575,16117
RUN_01803__v2,CORE_position_value,RUN_01803,BY2,CORE,D19_seed_00,position_value,seed_00,A08,AB1000,v2,error_series,semisynthetic,pitch_err_deg,56642,56642,0,0,0,0,-9.986440235754458,8.46789794654265,37531
RUN_01803__v2,CORE_position_value,RUN_01803,BY2,CORE,D19_seed_00,position_value,seed_00,A08,AB1000,v2,error_series,semisynthetic,yaw_err_deg,56642,56642,0,0,0,0,-8.843571203238412,3.8109533362652996,42345
RUN_01803__v2,CORE_position_value,RUN_01803,BY2,CORE,D19_seed_00,position_value,seed_00,A08,AB1000,v2,error_series,semisynthetic,horizontal_3sigma_m,56642,56642,0,0,0,0,0.04634448383695476,42.43457969268709,0
RUN_01803__v2,CORE_position_value,RUN_01803,BY2,CORE,D19_seed_00,position_value,seed_00,A08,AB1000,v2,error_series,semisynthetic,roll_3sigma_deg,56642,56642,0,0,0,0,0.39945430200000004,6.0000398189999995,0
RUN_01803__v2,CORE_position_value,RUN_01803,BY2,CORE,D19_seed_00,position_value,seed_00,A08,AB1000,v2,error_series,semisynthetic,pitch_3sigma_deg,56642,56642,0,0,0,0,0.407572716,6.0000398189999995,0
RUN_01803__v2,CORE_position_value,RUN_01803,BY2,CORE,D19_seed_00,position_value,seed_00,A08,AB1000,v2,error_series,semisynthetic,yaw_3sigma_deg,56642,56642,0,0,0,0,0.544900923,6.0000398189999995,0
RUN_01804__v3,CORE_position_value,RUN_01804,BY2,CORE,D19_seed_00,position_value,seed_00,A09,AB0100,v3,error_series,semisynthetic,time,56642,56642,0,0,0,0,66.005054,339.997056,0
RUN_01804__v3,CORE_position_value,RUN_01804,BY2,CORE,D19_seed_00,position_value,seed_00,A09,AB0100,v3,error_series,semisynthetic,err_n_m,56642,56642,0,0,0,0,-2.1006985926607165,2.0043665593678774,39700
RUN_01804__v3,CORE_position_value,RUN_01804,BY2,CORE,D19_seed_00,position_value,seed_00,A09,AB0100,v3,error_series,semisynthetic,err_e_m,56642,56642,0,0,0,0,-2.060791918664691,2.2871626509182192,28417
RUN_01804__v3,CORE_position_value,RUN_01804,BY2,CORE,D19_seed_00,position_value,seed_00,A09,AB0100,v3,error_series,semisynthetic,err_u_m,56642,56642,0,0,0,0,-0.5944242744084063,0.5516962370203053,29606
RUN_01804__v3,CORE_position_value,RUN_01804,BY2,CORE,D19_seed_00,position_value,seed_00,A09,AB0100,v3,error_series,semisynthetic,horizontal_err_m,56642,56642,0,0,0,0,0.3191019517846972,2.320183225902281,0
RUN_01804__v3,CORE_position_value,RUN_01804,BY2,CORE,D19_seed_00,position_value,seed_00,A09,AB0100,v3,error_series,semisynthetic,position_3d_err_m,56642,56642,0,0,0,0,0.4621127064686887,2.3613646522666754,0
RUN_01804__v3,CORE_position_value,RUN_01804,BY2,CORE,D19_seed_00,position_value,seed_00,A09,AB0100,v3,error_series,semisynthetic,roll_err_deg,56642,56642,0,0,0,0,-4.3966405955632695,9.278922195296587,16074
RUN_01804__v3,CORE_position_value,RUN_01804,BY2,CORE,D19_seed_00,position_value,seed_00,A09,AB0100,v3,error_series,semisynthetic,pitch_err_deg,56642,56642,0,0,0,0,-9.987029763754464,8.455389825542625,37564
RUN_01804__v3,CORE_position_value,RUN_01804,BY2,CORE,D19_seed_00,position_value,seed_00,A09,AB0100,v3,error_series,semisynthetic,yaw_err_deg,56642,56642,0,0,0,0,-8.84410515823842,3.809018493265313,42245
RUN_01804__v3,CORE_position_value,RUN_01804,BY2,CORE,D19_seed_00,position_value,seed_00,A09,AB0100,v3,error_series,semisynthetic,horizontal_3sigma_m,56642,56642,0,0,0,0,0.046942960876749394,42.43457969268709,0
RUN_01804__v3,CORE_position_value,RUN_01804,BY2,CORE,D19_seed_00,position_value,seed_00,A09,AB0100,v3,error_series,semisynthetic,roll_3sigma_deg,56642,56642,0,0,0,0,0.39951238200000005,6.0000398189999995,0
RUN_01804__v3,CORE_position_value,RUN_01804,BY2,CORE,D19_seed_00,position_value,seed_00,A09,AB0100,v3,error_series,semisynthetic,pitch_3sigma_deg,56642,56642,0,0,0,0,0.40761962399999996,6.0000398189999995,0
RUN_01804__v3,CORE_position_value,RUN_01804,BY2,CORE,D19_seed_00,position_value,seed_00,A09,AB0100,v3,error_series,semisynthetic,yaw_3sigma_deg,56642,56642,0,0,0,0,0.54510408,6.0000398189999995,0
RUN_01804__v2,CORE_position_value,RUN_01804,BY2,CORE,D19_seed_00,position_value,seed_00,A09,AB0100,v2,error_series,semisynthetic,time,56642,56642,0,0,0,0,66.005054,339.997056,0
RUN_01804__v2,CORE_position_value,RUN_01804,BY2,CORE,D19_seed_00,position_value,seed_00,A09,AB0100,v2,error_series,semisynthetic,err_n_m,56642,56642,0,0,0,0,-2.1714516076723527,1.953349475570306,39387
RUN_01804__v2,CORE_position_value,RUN_01804,BY2,CORE,D19_seed_00,position_value,seed_00,A09,AB0100,v2,error_series,semisynthetic,err_e_m,56642,56642,0,0,0,0,-2.1059263780655044,2.174618696760241,28567
RUN_01804__v2,CORE_position_value,RUN_01804,BY2,CORE,D19_seed_00,position_value,seed_00,A09,AB0100,v2,error_series,semisynthetic,err_u_m,56642,56642,0,0,0,0,-0.8913489403829336,0.24829625080695905,40498
RUN_01804__v2,CORE_position_value,RUN_01804,BY2,CORE,D19_seed_00,position_value,seed_00,A09,AB0100,v2,error_series,semisynthetic,horizontal_err_m,56642,56642,0,0,0,0,0.2973465297748341,2.3807379764450323,0
RUN_01804__v2,CORE_position_value,RUN_01804,BY2,CORE,D19_seed_00,position_value,seed_00,A09,AB0100,v2,error_series,semisynthetic,position_3d_err_m,56642,56642,0,0,0,0,0.29931256149164,2.3889535288926163,0
RUN_01804__v2,CORE_position_value,RUN_01804,BY2,CORE,D19_seed_00,position_value,seed_00,A09,AB0100,v2,error_series,semisynthetic,roll_err_deg,56642,56642,0,0,0,0,-4.3966405955632695,9.278922195296587,16074
RUN_01804__v2,CORE_position_value,RUN_01804,BY2,CORE,D19_seed_00,position_value,seed_00,A09,AB0100,v2,error_series,semisynthetic,pitch_err_deg,56642,56642,0,0,0,0,-9.987029763754464,8.455389825542625,37564
RUN_01804__v2,CORE_position_value,RUN_01804,BY2,CORE,D19_seed_00,position_value,seed_00,A09,AB0100,v2,error_series,semisynthetic,yaw_err_deg,56642,56642,0,0,0,0,-8.84410515823842,3.809018493265313,42245
RUN_01804__v2,CORE_position_value,RUN_01804,BY2,CORE,D19_seed_00,position_value,seed_00,A09,AB0100,v2,error_series,semisynthetic,horizontal_3sigma_m,56642,56642,0,0,0,0,0.046942960876749394,42.43457969268709,0
RUN_01804__v2,CORE_position_value,RUN_01804,BY2,CORE,D19_seed_00,position_value,seed_00,A09,AB0100,v2,error_series,semisynthetic,roll_3sigma_deg,56642,56642,0,0,0,0,0.39951238200000005,6.0000398189999995,0
RUN_01804__v2,CORE_position_value,RUN_01804,BY2,CORE,D19_seed_00,position_value,seed_00,A09,AB0100,v2,error_series,semisynthetic,pitch_3sigma_deg,56642,56642,0,0,0,0,0.40761962399999996,6.0000398189999995,0
RUN_01804__v2,CORE_position_value,RUN_01804,BY2,CORE,D19_seed_00,position_value,seed_00,A09,AB0100,v2,error_series,semisynthetic,yaw_3sigma_deg,56642,56642,0,0,0,0,0.54510408,6.0000398189999995,0
RUN_01893__v3,CORE_position_value,RUN_01893,BY2,CORE,D20_seed_00,position_value,seed_00,F01,single_antenna_EKF,v3,error_series,semisynthetic,time,56642,56642,0,0,0,0,66.005054,339.997056,0
RUN_01893__v3,CORE_position_value,RUN_01893,BY2,CORE,D20_seed_00,position_value,seed_00,F01,single_antenna_EKF,v3,error_series,semisynthetic,err_n_m,56642,56642,0,0,0,0,-1.7658342486892948,1.770586325652296,34515
RUN_01893__v3,CORE_position_value,RUN_01893,BY2,CORE,D20_seed_00,position_value,seed_00,F01,single_antenna_EKF,v3,error_series,semisynthetic,err_e_m,56642,56642,0,0,0,0,-1.925413868803048,1.8051036443643511,23248
RUN_01893__v3,CORE_position_value,RUN_01893,BY2,CORE,D20_seed_00,position_value,seed_00,F01,single_antenna_EKF,v3,error_series,semisynthetic,err_u_m,56642,56642,0,0,0,0,-1.1245014103142337,1.0930269480899462,37706
RUN_01893__v3,CORE_position_value,RUN_01893,BY2,CORE,D20_seed_00,position_value,seed_00,F01,single_antenna_EKF,v3,error_series,semisynthetic,horizontal_err_m,56642,56642,0,0,0,0,0.00020092584587174184,1.9474557279547053,0
RUN_01893__v3,CORE_position_value,RUN_01893,BY2,CORE,D20_seed_00,position_value,seed_00,F01,single_antenna_EKF,v3,error_series,semisynthetic,position_3d_err_m,56642,56642,0,0,0,0,0.0014607073531283262,2.2161354900291386,0
RUN_01893__v3,CORE_position_value,RUN_01893,BY2,CORE,D20_seed_00,position_value,seed_00,F01,single_antenna_EKF,v3,error_series,semisynthetic,roll_err_deg,56642,56642,0,0,0,0,-4.505994929563286,9.207541807296593,16315
RUN_01893__v3,CORE_position_value,RUN_01893,BY2,CORE,D20_seed_00,position_value,seed_00,F01,single_antenna_EKF,v3,error_series,semisynthetic,pitch_err_deg,56642,56642,0,0,0,0,-9.951696224754471,8.120993282542628,38891
RUN_01893__v3,CORE_position_value,RUN_01893,BY2,CORE,D20_seed_00,position_value,seed_00,F01,single_antenna_EKF,v3,error_series,semisynthetic,yaw_err_deg,56642,56642,0,0,0,0,-26.500621868238397,1.0895758841452334,56322
RUN_01893__v3,CORE_position_value,RUN_01893,BY2,CORE,D20_seed_00,position_value,seed_00,F01,single_antenna_EKF,v3,error_series,semisynthetic,horizontal_3sigma_m,56642,56642,0,0,0,0,0.04700978783384985,42.43457969268709,0
RUN_01893__v3,CORE_position_value,RUN_01893,BY2,CORE,D20_seed_00,position_value,seed_00,F01,single_antenna_EKF,v3,error_series,semisynthetic,roll_3sigma_deg,56642,56642,0,0,0,0,0.406456488,6.0000398189999995,0
RUN_01893__v3,CORE_position_value,RUN_01893,BY2,CORE,D20_seed_00,position_value,seed_00,F01,single_antenna_EKF,v3,error_series,semisynthetic,pitch_3sigma_deg,56642,56642,0,0,0,0,0.41221256100000003,6.0000398189999995,0
RUN_01893__v3,CORE_position_value,RUN_01893,BY2,CORE,D20_seed_00,position_value,seed_00,F01,single_antenna_EKF,v3,error_series,semisynthetic,yaw_3sigma_deg,56642,56642,0,0,0,0,2.5845163920000003,6.0000398189999995,0
RUN_01893__v2,CORE_position_value,RUN_01893,BY2,CORE,D20_seed_00,position_value,seed_00,F01,single_antenna_EKF,v2,error_series,semisynthetic,time,56642,56642,0,0,0,0,66.005054,339.997056,0
RUN_01893__v2,CORE_position_value,RUN_01893,BY2,CORE,D20_seed_00,position_value,seed_00,F01,single_antenna_EKF,v2,error_series,semisynthetic,err_n_m,56642,56642,0,0,0,0,-1.7932910797625894,1.7058414133688515,27979
RUN_01893__v2,CORE_position_value,RUN_01893,BY2,CORE,D20_seed_00,position_value,seed_00,F01,single_antenna_EKF,v2,error_series,semisynthetic,err_e_m,56642,56642,0,0,0,0,-1.9200358068201098,1.8564169667372505,26586
RUN_01893__v2,CORE_position_value,RUN_01893,BY2,CORE,D20_seed_00,position_value,seed_00,F01,single_antenna_EKF,v2,error_series,semisynthetic,err_u_m,56642,56642,0,0,0,0,-1.4292811685220244,0.7942020796630338,55885
RUN_01893__v2,CORE_position_value,RUN_01893,BY2,CORE,D20_seed_00,position_value,seed_00,F01,single_antenna_EKF,v2,error_series,semisynthetic,horizontal_err_m,56642,56642,0,0,0,0,0.0011929299409855843,2.010522569292046,0
RUN_01893__v2,CORE_position_value,RUN_01893,BY2,CORE,D20_seed_00,position_value,seed_00,F01,single_antenna_EKF,v2,error_series,semisynthetic,position_3d_err_m,56642,56642,0,0,0,0,0.16238003212910274,2.3925849450460897,0
RUN_01893__v2,CORE_position_value,RUN_01893,BY2,CORE,D20_seed_00,position_value,seed_00,F01,single_antenna_EKF,v2,error_series,semisynthetic,roll_err_deg,56642,56642,0,0,0,0,-4.505994929563286,9.207541807296593,16315
RUN_01893__v2,CORE_position_value,RUN_01893,BY2,CORE,D20_seed_00,position_value,seed_00,F01,single_antenna_EKF,v2,error_series,semisynthetic,pitch_err_deg,56642,56642,0,0,0,0,-9.951696224754471,8.120993282542628,38891
RUN_01893__v2,CORE_position_value,RUN_01893,BY2,CORE,D20_seed_00,position_value,seed_00,F01,single_antenna_EKF,v2,error_series,semisynthetic,yaw_err_deg,56642,56642,0,0,0,0,-26.500621868238397,1.0895758841452334,56322
RUN_01893__v2,CORE_position_value,RUN_01893,BY2,CORE,D20_seed_00,position_value,seed_00,F01,single_antenna_EKF,v2,error_series,semisynthetic,horizontal_3sigma_m,56642,56642,0,0,0,0,0.04700978783384985,42.43457969268709,0
RUN_01893__v2,CORE_position_value,RUN_01893,BY2,CORE,D20_seed_00,position_value,seed_00,F01,single_antenna_EKF,v2,error_series,semisynthetic,roll_3sigma_deg,56642,56642,0,0,0,0,0.406456488,6.0000398189999995,0
RUN_01893__v2,CORE_position_value,RUN_01893,BY2,CORE,D20_seed_00,position_value,seed_00,F01,single_antenna_EKF,v2,error_series,semisynthetic,pitch_3sigma_deg,56642,56642,0,0,0,0,0.41221256100000003,6.0000398189999995,0
RUN_01893__v2,CORE_position_value,RUN_01893,BY2,CORE,D20_seed_00,position_value,seed_00,F01,single_antenna_EKF,v2,error_series,semisynthetic,yaw_3sigma_deg,56642,56642,0,0,0,0,2.5845163920000003,6.0000398189999995,0
RUN_01894__v3,CORE_position_value,RUN_01894,BY2,CORE,D20_seed_00,position_value,seed_00,F02,basic_dual_yaw_EKF,v3,error_series,semisynthetic,time,56642,56642,0,0,0,0,66.005054,339.997056,0
RUN_01894__v3,CORE_position_value,RUN_01894,BY2,CORE,D20_seed_00,position_value,seed_00,F02,basic_dual_yaw_EKF,v3,error_series,semisynthetic,err_n_m,56642,56642,0,0,0,0,-2.4500068152260397,2.3849321888642905,39833
RUN_01894__v3,CORE_position_value,RUN_01894,BY2,CORE,D20_seed_00,position_value,seed_00,F02,basic_dual_yaw_EKF,v3,error_series,semisynthetic,err_e_m,56642,56642,0,0,0,0,-2.5452955672651143,2.5147548406512357,26735
RUN_01894__v3,CORE_position_value,RUN_01894,BY2,CORE,D20_seed_00,position_value,seed_00,F02,basic_dual_yaw_EKF,v3,error_series,semisynthetic,err_u_m,56642,56642,0,0,0,0,-1.3685339109333818,1.4204472735970146,37768
RUN_01894__v3,CORE_position_value,RUN_01894,BY2,CORE,D20_seed_00,position_value,seed_00,F02,basic_dual_yaw_EKF,v3,error_series,semisynthetic,horizontal_err_m,56642,56642,0,0,0,0,0.00015741540766233314,2.8271182052743122,0
RUN_01894__v3,CORE_position_value,RUN_01894,BY2,CORE,D20_seed_00,position_value,seed_00,F02,basic_dual_yaw_EKF,v3,error_series,semisynthetic,position_3d_err_m,56642,56642,0,0,0,0,0.0025943769162666192,3.163900725949321,0
RUN_01894__v3,CORE_position_value,RUN_01894,BY2,CORE,D20_seed_00,position_value,seed_00,F02,basic_dual_yaw_EKF,v3,error_series,semisynthetic,roll_err_deg,56642,56642,0,0,0,0,-4.310074807563268,9.232156997296585,15317
RUN_01894__v3,CORE_position_value,RUN_01894,BY2,CORE,D20_seed_00,position_value,seed_00,F02,basic_dual_yaw_EKF,v3,error_series,semisynthetic,pitch_err_deg,56642,56642,0,0,0,0,-9.969679355754465,8.09304549654263,38314
RUN_01894__v3,CORE_position_value,RUN_01894,BY2,CORE,D20_seed_00,position_value,seed_00,F02,basic_dual_yaw_EKF,v3,error_series,semisynthetic,yaw_err_deg,56642,56642,0,0,0,0,-10.204791174238409,3.863152961265314,44000
RUN_01894__v3,CORE_position_value,RUN_01894,BY2,CORE,D20_seed_00,position_value,seed_00,F02,basic_dual_yaw_EKF,v3,error_series,semisynthetic,horizontal_3sigma_m,56642,56642,0,0,0,0,0.05178582905688375,42.43457969268709,0
RUN_01894__v3,CORE_position_value,RUN_01894,BY2,CORE,D20_seed_00,position_value,seed_00,F02,basic_dual_yaw_EKF,v3,error_series,semisynthetic,roll_3sigma_deg,56642,56642,0,0,0,0,0.40024366199999994,6.000072272999999,0
RUN_01894__v3,CORE_position_value,RUN_01894,BY2,CORE,D20_seed_00,position_value,seed_00,F02,basic_dual_yaw_EKF,v3,error_series,semisynthetic,pitch_3sigma_deg,56642,56642,0,0,0,0,0.40830411,6.000072231,0
RUN_01894__v3,CORE_position_value,RUN_01894,BY2,CORE,D20_seed_00,position_value,seed_00,F02,basic_dual_yaw_EKF,v3,error_series,semisynthetic,yaw_3sigma_deg,56642,56642,0,0,0,0,0.528421992,6.0000398189999995,0
RUN_01894__v2,CORE_position_value,RUN_01894,BY2,CORE,D20_seed_00,position_value,seed_00,F02,basic_dual_yaw_EKF,v2,error_series,semisynthetic,time,56642,56642,0,0,0,0,66.005054,339.997056,0
RUN_01894__v2,CORE_position_value,RUN_01894,BY2,CORE,D20_seed_00,position_value,seed_00,F02,basic_dual_yaw_EKF,v2,error_series,semisynthetic,err_n_m,56642,56642,0,0,0,0,-2.4374018307650047,2.2942167002930045,29023
RUN_01894__v2,CORE_position_value,RUN_01894,BY2,CORE,D20_seed_00,position_value,seed_00,F02,basic_dual_yaw_EKF,v2,error_series,semisynthetic,err_e_m,56642,56642,0,0,0,0,-2.5507259828021915,2.4351800486335513,26268
RUN_01894__v2,CORE_position_value,RUN_01894,BY2,CORE,D20_seed_00,position_value,seed_00,F02,basic_dual_yaw_EKF,v2,error_series,semisynthetic,err_u_m,56642,56642,0,0,0,0,-1.677225371511736,1.1212280742939598,55839
RUN_01894__v2,CORE_position_value,RUN_01894,BY2,CORE,D20_seed_00,position_value,seed_00,F02,basic_dual_yaw_EKF,v2,error_series,semisynthetic,horizontal_err_m,56642,56642,0,0,0,0,0.015864628325268734,2.6900996040120106,0
RUN_01894__v2,CORE_position_value,RUN_01894,BY2,CORE,D20_seed_00,position_value,seed_00,F02,basic_dual_yaw_EKF,v2,error_series,semisynthetic,position_3d_err_m,56642,56642,0,0,0,0,0.16791749326546984,3.0612064356610986,0
RUN_01894__v2,CORE_position_value,RUN_01894,BY2,CORE,D20_seed_00,position_value,seed_00,F02,basic_dual_yaw_EKF,v2,error_series,semisynthetic,roll_err_deg,56642,56642,0,0,0,0,-4.310074807563268,9.232156997296585,15317
RUN_01894__v2,CORE_position_value,RUN_01894,BY2,CORE,D20_seed_00,position_value,seed_00,F02,basic_dual_yaw_EKF,v2,error_series,semisynthetic,pitch_err_deg,56642,56642,0,0,0,0,-9.969679355754465,8.09304549654263,38314
RUN_01894__v2,CORE_position_value,RUN_01894,BY2,CORE,D20_seed_00,position_value,seed_00,F02,basic_dual_yaw_EKF,v2,error_series,semisynthetic,yaw_err_deg,56642,56642,0,0,0,0,-10.204791174238409,3.863152961265314,44000
RUN_01894__v2,CORE_position_value,RUN_01894,BY2,CORE,D20_seed_00,position_value,seed_00,F02,basic_dual_yaw_EKF,v2,error_series,semisynthetic,horizontal_3sigma_m,56642,56642,0,0,0,0,0.05178582905688375,42.43457969268709,0
RUN_01894__v2,CORE_position_value,RUN_01894,BY2,CORE,D20_seed_00,position_value,seed_00,F02,basic_dual_yaw_EKF,v2,error_series,semisynthetic,roll_3sigma_deg,56642,56642,0,0,0,0,0.40024366199999994,6.000072272999999,0
RUN_01894__v2,CORE_position_value,RUN_01894,BY2,CORE,D20_seed_00,position_value,seed_00,F02,basic_dual_yaw_EKF,v2,error_series,semisynthetic,pitch_3sigma_deg,56642,56642,0,0,0,0,0.40830411,6.000072231,0
RUN_01894__v2,CORE_position_value,RUN_01894,BY2,CORE,D20_seed_00,position_value,seed_00,F02,basic_dual_yaw_EKF,v2,error_series,semisynthetic,yaw_3sigma_deg,56642,56642,0,0,0,0,0.528421992,6.0000398189999995,0
RUN_01895__v3,CORE_position_value,RUN_01895,BY2,CORE,D20_seed_00,position_value,seed_00,F03,AB0000,v3,error_series,semisynthetic,time,56642,56642,0,0,0,0,66.005054,339.997056,0
RUN_01895__v3,CORE_position_value,RUN_01895,BY2,CORE,D20_seed_00,position_value,seed_00,F03,AB0000,v3,error_series,semisynthetic,err_n_m,56642,56642,0,0,0,0,-1.8137708092755176,1.7846148369423318,36994
RUN_01895__v3,CORE_position_value,RUN_01895,BY2,CORE,D20_seed_00,position_value,seed_00,F03,AB0000,v3,error_series,semisynthetic,err_e_m,56642,56642,0,0,0,0,-1.8846538086643818,1.8227577461115203,26981
RUN_01895__v3,CORE_position_value,RUN_01895,BY2,CORE,D20_seed_00,position_value,seed_00,F03,AB0000,v3,error_series,semisynthetic,err_u_m,56642,56642,0,0,0,0,-1.1230884248882145,1.0939378423611306,37712
RUN_01895__v3,CORE_position_value,RUN_01895,BY2,CORE,D20_seed_00,position_value,seed_00,F03,AB0000,v3,error_series,semisynthetic,horizontal_err_m,56642,56642,0,0,0,0,0.00011149082529652244,1.9470872502027032,0
RUN_01895__v3,CORE_position_value,RUN_01895,BY2,CORE,D20_seed_00,position_value,seed_00,F03,AB0000,v3,error_series,semisynthetic,position_3d_err_m,56642,56642,0,0,0,0,0.0012701265803523143,2.172340811918183,0
RUN_01895__v3,CORE_position_value,RUN_01895,BY2,CORE,D20_seed_00,position_value,seed_00,F03,AB0000,v3,error_series,semisynthetic,roll_err_deg,56642,56642,0,0,0,0,-4.477319044563274,9.199203633296577,16294
RUN_01895__v3,CORE_position_value,RUN_01895,BY2,CORE,D20_seed_00,position_value,seed_00,F03,AB0000,v3,error_series,semisynthetic,pitch_err_deg,56642,56642,0,0,0,0,-9.973420950754473,8.181189947542634,38212
RUN_01895__v3,CORE_position_value,RUN_01895,BY2,CORE,D20_seed_00,position_value,seed_00,F03,AB0000,v3,error_series,semisynthetic,yaw_err_deg,56642,56642,0,0,0,0,-8.907597425238407,3.866967033265297,42856
RUN_01895__v3,CORE_position_value,RUN_01895,BY2,CORE,D20_seed_00,position_value,seed_00,F03,AB0000,v3,error_series,semisynthetic,horizontal_3sigma_m,56642,56642,0,0,0,0,0.046931181290161966,42.43457969268709,0
RUN_01895__v3,CORE_position_value,RUN_01895,BY2,CORE,D20_seed_00,position_value,seed_00,F03,AB0000,v3,error_series,semisynthetic,roll_3sigma_deg,56642,56642,0,0,0,0,0.399645135,6.0000398189999995,0
RUN_01895__v3,CORE_position_value,RUN_01895,BY2,CORE,D20_seed_00,position_value,seed_00,F03,AB0000,v3,error_series,semisynthetic,pitch_3sigma_deg,56642,56642,0,0,0,0,0.407746182,6.0000398189999995,0
RUN_01895__v3,CORE_position_value,RUN_01895,BY2,CORE,D20_seed_00,position_value,seed_00,F03,AB0000,v3,error_series,semisynthetic,yaw_3sigma_deg,56642,56642,0,0,0,0,0.545122806,6.0000398189999995,0
RUN_01895__v2,CORE_position_value,RUN_01895,BY2,CORE,D20_seed_00,position_value,seed_00,F03,AB0000,v2,error_series,semisynthetic,time,56642,56642,0,0,0,0,66.005054,339.997056,0
RUN_01895__v2,CORE_position_value,RUN_01895,BY2,CORE,D20_seed_00,position_value,seed_00,F03,AB0000,v2,error_series,semisynthetic,err_n_m,56642,56642,0,0,0,0,-1.80228505413141,1.709838675964301,27512
RUN_01895__v2,CORE_position_value,RUN_01895,BY2,CORE,D20_seed_00,position_value,seed_00,F03,AB0000,v2,error_series,semisynthetic,err_e_m,56642,56642,0,0,0,0,-1.9138007050783443,1.8366009910652386,27038
RUN_01895__v2,CORE_position_value,RUN_01895,BY2,CORE,D20_seed_00,position_value,seed_00,F03,AB0000,v2,error_series,semisynthetic,err_u_m,56642,56642,0,0,0,0,-1.4290375574275815,0.7947341612857155,55884
RUN_01895__v2,CORE_position_value,RUN_01895,BY2,CORE,D20_seed_00,position_value,seed_00,F03,AB0000,v2,error_series,semisynthetic,horizontal_err_m,56642,56642,0,0,0,0,0.009150595520868863,1.9943296356271665,0
RUN_01895__v2,CORE_position_value,RUN_01895,BY2,CORE,D20_seed_00,position_value,seed_00,F03,AB0000,v2,error_series,semisynthetic,position_3d_err_m,56642,56642,0,0,0,0,0.15625084505060563,2.379215406189947,0
RUN_01895__v2,CORE_position_value,RUN_01895,BY2,CORE,D20_seed_00,position_value,seed_00,F03,AB0000,v2,error_series,semisynthetic,roll_err_deg,56642,56642,0,0,0,0,-4.477319044563274,9.199203633296577,16294
RUN_01895__v2,CORE_position_value,RUN_01895,BY2,CORE,D20_seed_00,position_value,seed_00,F03,AB0000,v2,error_series,semisynthetic,pitch_err_deg,56642,56642,0,0,0,0,-9.973420950754473,8.181189947542634,38212
RUN_01895__v2,CORE_position_value,RUN_01895,BY2,CORE,D20_seed_00,position_value,seed_00,F03,AB0000,v2,error_series,semisynthetic,yaw_err_deg,56642,56642,0,0,0,0,-8.907597425238407,3.866967033265297,42856
RUN_01895__v2,CORE_position_value,RUN_01895,BY2,CORE,D20_seed_00,position_value,seed_00,F03,AB0000,v2,error_series,semisynthetic,horizontal_3sigma_m,56642,56642,0,0,0,0,0.046931181290161966,42.43457969268709,0
RUN_01895__v2,CORE_position_value,RUN_01895,BY2,CORE,D20_seed_00,position_value,seed_00,F03,AB0000,v2,error_series,semisynthetic,roll_3sigma_deg,56642,56642,0,0,0,0,0.399645135,6.0000398189999995,0
RUN_01895__v2,CORE_position_value,RUN_01895,BY2,CORE,D20_seed_00,position_value,seed_00,F03,AB0000,v2,error_series,semisynthetic,pitch_3sigma_deg,56642,56642,0,0,0,0,0.407746182,6.0000398189999995,0
RUN_01895__v2,CORE_position_value,RUN_01895,BY2,CORE,D20_seed_00,position_value,seed_00,F03,AB0000,v2,error_series,semisynthetic,yaw_3sigma_deg,56642,56642,0,0,0,0,0.545122806,6.0000398189999995,0
RUN_01896__v3,CORE_position_value,RUN_01896,BY2,CORE,D20_seed_00,position_value,seed_00,F04,AB1111,v3,error_series,semisynthetic,time,56642,56642,0,0,0,0,66.005054,339.997056,0
RUN_01896__v3,CORE_position_value,RUN_01896,BY2,CORE,D20_seed_00,position_value,seed_00,F04,AB1111,v3,error_series,semisynthetic,err_n_m,56642,56642,0,0,0,0,-1.674557467226677,1.6224134554672176,35022
RUN_01896__v3,CORE_position_value,RUN_01896,BY2,CORE,D20_seed_00,position_value,seed_00,F04,AB1111,v3,error_series,semisynthetic,err_e_m,56642,56642,0,0,0,0,-1.639511597814078,1.7676491497003894,27298
RUN_01896__v3,CORE_position_value,RUN_01896,BY2,CORE,D20_seed_00,position_value,seed_00,F04,AB1111,v3,error_series,semisynthetic,err_u_m,56642,56642,0,0,0,0,-1.0595323874410991,1.1788675320414086,38984
RUN_01896__v3,CORE_position_value,RUN_01896,BY2,CORE,D20_seed_00,position_value,seed_00,F04,AB1111,v3,error_series,semisynthetic,horizontal_err_m,56642,56642,0,0,0,0,8.322086188440165e-05,1.9783422465697817,0
RUN_01896__v3,CORE_position_value,RUN_01896,BY2,CORE,D20_seed_00,position_value,seed_00,F04,AB1111,v3,error_series,semisynthetic,position_3d_err_m,56642,56642,0,0,0,0,0.001714413510291441,2.3029473946801677,0
RUN_01896__v3,CORE_position_value,RUN_01896,BY2,CORE,D20_seed_00,position_value,seed_00,F04,AB1111,v3,error_series,semisynthetic,roll_err_deg,56642,56642,0,0,0,0,-4.102828200563266,6.834733790296582,19408
RUN_01896__v3,CORE_position_value,RUN_01896,BY2,CORE,D20_seed_00,position_value,seed_00,F04,AB1111,v3,error_series,semisynthetic,pitch_err_deg,56642,56642,0,0,0,0,-8.560845135754448,8.420502165542644,37329
RUN_01896__v3,CORE_position_value,RUN_01896,BY2,CORE,D20_seed_00,position_value,seed_00,F04,AB1111,v3,error_series,semisynthetic,yaw_err_deg,56642,56642,0,0,0,0,-8.830306864238423,3.8910163782653058,42602
RUN_01896__v3,CORE_position_value,RUN_01896,BY2,CORE,D20_seed_00,position_value,seed_00,F04,AB1111,v3,error_series,semisynthetic,horizontal_3sigma_m,56642,56642,0,0,0,0,0.045678785733327815,42.43457969268709,0
RUN_01896__v3,CORE_position_value,RUN_01896,BY2,CORE,D20_seed_00,position_value,seed_00,F04,AB1111,v3,error_series,semisynthetic,roll_3sigma_deg,56642,56642,0,0,0,0,0.322821696,6.0000398189999995,0
RUN_01896__v3,CORE_position_value,RUN_01896,BY2,CORE,D20_seed_00,position_value,seed_00,F04,AB1111,v3,error_series,semisynthetic,pitch_3sigma_deg,56642,56642,0,0,0,0,0.32472977999999997,6.0000398189999995,0
RUN_01896__v3,CORE_position_value,RUN_01896,BY2,CORE,D20_seed_00,position_value,seed_00,F04,AB1111,v3,error_series,semisynthetic,yaw_3sigma_deg,56642,56642,0,0,0,0,0.544818744,6.0000398189999995,0
RUN_01896__v2,CORE_position_value,RUN_01896,BY2,CORE,D20_seed_00,position_value,seed_00,F04,AB1111,v2,error_series,semisynthetic,time,56642,56642,0,0,0,0,66.005054,339.997056,0
RUN_01896__v2,CORE_position_value,RUN_01896,BY2,CORE,D20_seed_00,position_value,seed_00,F04,AB1111,v2,error_series,semisynthetic,err_n_m,56642,56642,0,0,0,0,-1.686448080048713,1.4912715317910212,27592
RUN_01896__v2,CORE_position_value,RUN_01896,BY2,CORE,D20_seed_00,position_value,seed_00,F04,AB1111,v2,error_series,semisynthetic,err_e_m,56642,56642,0,0,0,0,-1.6974491960365867,1.6329748104991575,26596
RUN_01896__v2,CORE_position_value,RUN_01896,BY2,CORE,D20_seed_00,position_value,seed_00,F04,AB1111,v2,error_series,semisynthetic,err_u_m,56642,56642,0,0,0,0,-1.3657522625025855,0.8795248680269001,55907
RUN_01896__v2,CORE_position_value,RUN_01896,BY2,CORE,D20_seed_00,position_value,seed_00,F04,AB1111,v2,error_series,semisynthetic,horizontal_err_m,56642,56642,0,0,0,0,0.013248910452167684,1.9727830133797695,0
RUN_01896__v2,CORE_position_value,RUN_01896,BY2,CORE,D20_seed_00,position_value,seed_00,F04,AB1111,v2,error_series,semisynthetic,position_3d_err_m,56642,56642,0,0,0,0,0.1590066206087643,2.306309519720746,0
RUN_01896__v2,CORE_position_value,RUN_01896,BY2,CORE,D20_seed_00,position_value,seed_00,F04,AB1111,v2,error_series,semisynthetic,roll_err_deg,56642,56642,0,0,0,0,-4.102828200563266,6.834733790296582,19408
RUN_01896__v2,CORE_position_value,RUN_01896,BY2,CORE,D20_seed_00,position_value,seed_00,F04,AB1111,v2,error_series,semisynthetic,pitch_err_deg,56642,56642,0,0,0,0,-8.560845135754448,8.420502165542644,37329
RUN_01896__v2,CORE_position_value,RUN_01896,BY2,CORE,D20_seed_00,position_value,seed_00,F04,AB1111,v2,error_series,semisynthetic,yaw_err_deg,56642,56642,0,0,0,0,-8.830306864238423,3.8910163782653058,42602
RUN_01896__v2,CORE_position_value,RUN_01896,BY2,CORE,D20_seed_00,position_value,seed_00,F04,AB1111,v2,error_series,semisynthetic,horizontal_3sigma_m,56642,56642,0,0,0,0,0.045678785733327815,42.43457969268709,0
RUN_01896__v2,CORE_position_value,RUN_01896,BY2,CORE,D20_seed_00,position_value,seed_00,F04,AB1111,v2,error_series,semisynthetic,roll_3sigma_deg,56642,56642,0,0,0,0,0.322821696,6.0000398189999995,0
RUN_01896__v2,CORE_position_value,RUN_01896,BY2,CORE,D20_seed_00,position_value,seed_00,F04,AB1111,v2,error_series,semisynthetic,pitch_3sigma_deg,56642,56642,0,0,0,0,0.32472977999999997,6.0000398189999995,0
RUN_01896__v2,CORE_position_value,RUN_01896,BY2,CORE,D20_seed_00,position_value,seed_00,F04,AB1111,v2,error_series,semisynthetic,yaw_3sigma_deg,56642,56642,0,0,0,0,0.544818744,6.0000398189999995,0
RUN_01897__v3,CORE_position_value,RUN_01897,BY2,CORE,D20_seed_00,position_value,seed_00,A03,AB0111,v3,error_series,semisynthetic,time,56642,56642,0,0,0,0,66.005054,339.997056,0
RUN_01897__v3,CORE_position_value,RUN_01897,BY2,CORE,D20_seed_00,position_value,seed_00,A03,AB0111,v3,error_series,semisynthetic,err_n_m,56642,56642,0,0,0,0,-1.7011026190807712,1.6224217313726328,35224
RUN_01897__v3,CORE_position_value,RUN_01897,BY2,CORE,D20_seed_00,position_value,seed_00,A03,AB0111,v3,error_series,semisynthetic,err_e_m,56642,56642,0,0,0,0,-1.674899524533032,1.8063106253918875,27431
RUN_01897__v3,CORE_position_value,RUN_01897,BY2,CORE,D20_seed_00,position_value,seed_00,A03,AB0111,v3,error_series,semisynthetic,err_u_m,56642,56642,0,0,0,0,-1.0839724532941162,1.1897826880701494,39190
RUN_01897__v3,CORE_position_value,RUN_01897,BY2,CORE,D20_seed_00,position_value,seed_00,A03,AB0111,v3,error_series,semisynthetic,horizontal_err_m,56642,56642,0,0,0,0,0.00011110081477825905,2.021131589838166,0
RUN_01897__v3,CORE_position_value,RUN_01897,BY2,CORE,D20_seed_00,position_value,seed_00,A03,AB0111,v3,error_series,semisynthetic,position_3d_err_m,56642,56642,0,0,0,0,0.002667519355436216,2.3453263628487147,0
RUN_01897__v3,CORE_position_value,RUN_01897,BY2,CORE,D20_seed_00,position_value,seed_00,A03,AB0111,v3,error_series,semisynthetic,roll_err_deg,56642,56642,0,0,0,0,-4.102884521563283,6.832897552296572,19403
RUN_01897__v3,CORE_position_value,RUN_01897,BY2,CORE,D20_seed_00,position_value,seed_00,A03,AB0111,v3,error_series,semisynthetic,pitch_err_deg,56642,56642,0,0,0,0,-8.559839941754461,8.41741644754265,37331
RUN_01897__v3,CORE_position_value,RUN_01897,BY2,CORE,D20_seed_00,position_value,seed_00,A03,AB0111,v3,error_series,semisynthetic,yaw_err_deg,56642,56642,0,0,0,0,-8.835723881238408,3.887867930265287,42547
RUN_01897__v3,CORE_position_value,RUN_01897,BY2,CORE,D20_seed_00,position_value,seed_00,A03,AB0111,v3,error_series,semisynthetic,horizontal_3sigma_m,56642,56642,0,0,0,0,0.04603421833082653,42.43457969268709,0
RUN_01897__v3,CORE_position_value,RUN_01897,BY2,CORE,D20_seed_00,position_value,seed_00,A03,AB0111,v3,error_series,semisynthetic,roll_3sigma_deg,56642,56642,0,0,0,0,0.32283007799999996,6.0000398189999995,0
RUN_01897__v3,CORE_position_value,RUN_01897,BY2,CORE,D20_seed_00,position_value,seed_00,A03,AB0111,v3,error_series,semisynthetic,pitch_3sigma_deg,56642,56642,0,0,0,0,0.324737952,6.0000398189999995,0
RUN_01897__v3,CORE_position_value,RUN_01897,BY2,CORE,D20_seed_00,position_value,seed_00,A03,AB0111,v3,error_series,semisynthetic,yaw_3sigma_deg,56642,56642,0,0,0,0,0.5448844319999999,6.0000398189999995,0
RUN_01897__v2,CORE_position_value,RUN_01897,BY2,CORE,D20_seed_00,position_value,seed_00,A03,AB0111,v2,error_series,semisynthetic,time,56642,56642,0,0,0,0,66.005054,339.997056,0
RUN_01897__v2,CORE_position_value,RUN_01897,BY2,CORE,D20_seed_00,position_value,seed_00,A03,AB0111,v2,error_series,semisynthetic,err_n_m,56642,56642,0,0,0,0,-1.6878915031939172,1.5221893097693044,27805
RUN_01897__v2,CORE_position_value,RUN_01897,BY2,CORE,D20_seed_00,position_value,seed_00,A03,AB0111,v2,error_series,semisynthetic,err_e_m,56642,56642,0,0,0,0,-1.7369098762786166,1.6680798378105175,26392
RUN_01897__v2,CORE_position_value,RUN_01897,BY2,CORE,D20_seed_00,position_value,seed_00,A03,AB0111,v2,error_series,semisynthetic,err_u_m,56642,56642,0,0,0,0,-1.3876759486037922,0.8904679808457381,55906
RUN_01897__v2,CORE_position_value,RUN_01897,BY2,CORE,D20_seed_00,position_value,seed_00,A03,AB0111,v2,error_series,semisynthetic,horizontal_err_m,56642,56642,0,0,0,0,0.013248910406491723,1.9744601094539078,0
RUN_01897__v2,CORE_position_value,RUN_01897,BY2,CORE,D20_seed_00,position_value,seed_00,A03,AB0111,v2,error_series,semisynthetic,position_3d_err_m,56642,56642,0,0,0,0,0.15992383978261834,2.309262127792595,0
RUN_01897__v2,CORE_position_value,RUN_01897,BY2,CORE,D20_seed_00,position_value,seed_00,A03,AB0111,v2,error_series,semisynthetic,roll_err_deg,56642,56642,0,0,0,0,-4.102884521563283,6.832897552296572,19403
RUN_01897__v2,CORE_position_value,RUN_01897,BY2,CORE,D20_seed_00,position_value,seed_00,A03,AB0111,v2,error_series,semisynthetic,pitch_err_deg,56642,56642,0,0,0,0,-8.559839941754461,8.41741644754265,37331
RUN_01897__v2,CORE_position_value,RUN_01897,BY2,CORE,D20_seed_00,position_value,seed_00,A03,AB0111,v2,error_series,semisynthetic,yaw_err_deg,56642,56642,0,0,0,0,-8.835723881238408,3.887867930265287,42547
RUN_01897__v2,CORE_position_value,RUN_01897,BY2,CORE,D20_seed_00,position_value,seed_00,A03,AB0111,v2,error_series,semisynthetic,horizontal_3sigma_m,56642,56642,0,0,0,0,0.04603421833082653,42.43457969268709,0
RUN_01897__v2,CORE_position_value,RUN_01897,BY2,CORE,D20_seed_00,position_value,seed_00,A03,AB0111,v2,error_series,semisynthetic,roll_3sigma_deg,56642,56642,0,0,0,0,0.32283007799999996,6.0000398189999995,0
RUN_01897__v2,CORE_position_value,RUN_01897,BY2,CORE,D20_seed_00,position_value,seed_00,A03,AB0111,v2,error_series,semisynthetic,pitch_3sigma_deg,56642,56642,0,0,0,0,0.324737952,6.0000398189999995,0
RUN_01897__v2,CORE_position_value,RUN_01897,BY2,CORE,D20_seed_00,position_value,seed_00,A03,AB0111,v2,error_series,semisynthetic,yaw_3sigma_deg,56642,56642,0,0,0,0,0.5448844319999999,6.0000398189999995,0
RUN_01898__v3,CORE_position_value,RUN_01898,BY2,CORE,D20_seed_00,position_value,seed_00,A04,AB1011,v3,error_series,semisynthetic,time,56642,56642,0,0,0,0,66.005054,339.997056,0
RUN_01898__v3,CORE_position_value,RUN_01898,BY2,CORE,D20_seed_00,position_value,seed_00,A04,AB1011,v3,error_series,semisynthetic,err_n_m,56642,56642,0,0,0,0,-1.5900259209423808,1.623945834146106,34664
RUN_01898__v3,CORE_position_value,RUN_01898,BY2,CORE,D20_seed_00,position_value,seed_00,A04,AB1011,v3,error_series,semisynthetic,err_e_m,56642,56642,0,0,0,0,-1.6383885102818851,1.588883602342321,27714
RUN_01898__v3,CORE_position_value,RUN_01898,BY2,CORE,D20_seed_00,position_value,seed_00,A04,AB1011,v3,error_series,semisynthetic,err_u_m,56642,56642,0,0,0,0,-1.106772507036517,1.0827316367848443,39197
RUN_01898__v3,CORE_position_value,RUN_01898,BY2,CORE,D20_seed_00,position_value,seed_00,A04,AB1011,v3,error_series,semisynthetic,horizontal_err_m,56642,56642,0,0,0,0,0.000258885645149008,1.7254150103300678,0
RUN_01898__v3,CORE_position_value,RUN_01898,BY2,CORE,D20_seed_00,position_value,seed_00,A04,AB1011,v3,error_series,semisynthetic,position_3d_err_m,56642,56642,0,0,0,0,0.0015498759243335746,1.9677419654523574,0
RUN_01898__v3,CORE_position_value,RUN_01898,BY2,CORE,D20_seed_00,position_value,seed_00,A04,AB1011,v3,error_series,semisynthetic,roll_err_deg,56642,56642,0,0,0,0,-3.959927844563282,6.560036989139462,20082
RUN_01898__v3,CORE_position_value,RUN_01898,BY2,CORE,D20_seed_00,position_value,seed_00,A04,AB1011,v3,error_series,semisynthetic,pitch_err_deg,56642,56642,0,0,0,0,-8.213595076754473,8.427082658542645,37186
RUN_01898__v3,CORE_position_value,RUN_01898,BY2,CORE,D20_seed_00,position_value,seed_00,A04,AB1011,v3,error_series,semisynthetic,yaw_err_deg,56642,56642,0,0,0,0,-8.82328889523842,3.8985702422652935,42739
RUN_01898__v3,CORE_position_value,RUN_01898,BY2,CORE,D20_seed_00,position_value,seed_00,A04,AB1011,v3,error_series,semisynthetic,horizontal_3sigma_m,56642,56642,0,0,0,0,0.04477349627316082,42.43457969268709,0
RUN_01898__v3,CORE_position_value,RUN_01898,BY2,CORE,D20_seed_00,position_value,seed_00,A04,AB1011,v3,error_series,semisynthetic,roll_3sigma_deg,56642,56642,0,0,0,0,0.302986668,6.0000398189999995,0
RUN_01898__v3,CORE_position_value,RUN_01898,BY2,CORE,D20_seed_00,position_value,seed_00,A04,AB1011,v3,error_series,semisynthetic,pitch_3sigma_deg,56642,56642,0,0,0,0,0.304153653,6.0000398189999995,0
RUN_01898__v3,CORE_position_value,RUN_01898,BY2,CORE,D20_seed_00,position_value,seed_00,A04,AB1011,v3,error_series,semisynthetic,yaw_3sigma_deg,56642,56642,0,0,0,0,0.5446367129999999,6.0000398189999995,0
RUN_01898__v2,CORE_position_value,RUN_01898,BY2,CORE,D20_seed_00,position_value,seed_00,A04,AB1011,v2,error_series,semisynthetic,time,56642,56642,0,0,0,0,66.005054,339.997056,0
RUN_01898__v2,CORE_position_value,RUN_01898,BY2,CORE,D20_seed_00,position_value,seed_00,A04,AB1011,v2,error_series,semisynthetic,err_n_m,56642,56642,0,0,0,0,-1.5878767979139568,1.4903829135935283,27388
RUN_01898__v2,CORE_position_value,RUN_01898,BY2,CORE,D20_seed_00,position_value,seed_00,A04,AB1011,v2,error_series,semisynthetic,err_e_m,56642,56642,0,0,0,0,-1.6962528739817628,1.623835586674696,26731
RUN_01898__v2,CORE_position_value,RUN_01898,BY2,CORE,D20_seed_00,position_value,seed_00,A04,AB1011,v2,error_series,semisynthetic,err_u_m,56642,56642,0,0,0,0,-1.4136003148434,0.7838888070224446,55884
RUN_01898__v2,CORE_position_value,RUN_01898,BY2,CORE,D20_seed_00,position_value,seed_00,A04,AB1011,v2,error_series,semisynthetic,horizontal_err_m,56642,56642,0,0,0,0,0.013528335637526165,1.8124181523427734,0
RUN_01898__v2,CORE_position_value,RUN_01898,BY2,CORE,D20_seed_00,position_value,seed_00,A04,AB1011,v2,error_series,semisynthetic,position_3d_err_m,56642,56642,0,0,0,0,0.16107680828288493,2.1812144534493854,0
RUN_01898__v2,CORE_position_value,RUN_01898,BY2,CORE,D20_seed_00,position_value,seed_00,A04,AB1011,v2,error_series,semisynthetic,roll_err_deg,56642,56642,0,0,0,0,-3.959927844563282,6.560036989139462,20082
RUN_01898__v2,CORE_position_value,RUN_01898,BY2,CORE,D20_seed_00,position_value,seed_00,A04,AB1011,v2,error_series,semisynthetic,pitch_err_deg,56642,56642,0,0,0,0,-8.213595076754473,8.427082658542645,37186
RUN_01898__v2,CORE_position_value,RUN_01898,BY2,CORE,D20_seed_00,position_value,seed_00,A04,AB1011,v2,error_series,semisynthetic,yaw_err_deg,56642,56642,0,0,0,0,-8.82328889523842,3.8985702422652935,42739
RUN_01898__v2,CORE_position_value,RUN_01898,BY2,CORE,D20_seed_00,position_value,seed_00,A04,AB1011,v2,error_series,semisynthetic,horizontal_3sigma_m,56642,56642,0,0,0,0,0.04477349627316082,42.43457969268709,0
RUN_01898__v2,CORE_position_value,RUN_01898,BY2,CORE,D20_seed_00,position_value,seed_00,A04,AB1011,v2,error_series,semisynthetic,roll_3sigma_deg,56642,56642,0,0,0,0,0.302986668,6.0000398189999995,0
RUN_01898__v2,CORE_position_value,RUN_01898,BY2,CORE,D20_seed_00,position_value,seed_00,A04,AB1011,v2,error_series,semisynthetic,pitch_3sigma_deg,56642,56642,0,0,0,0,0.304153653,6.0000398189999995,0
RUN_01898__v2,CORE_position_value,RUN_01898,BY2,CORE,D20_seed_00,position_value,seed_00,A04,AB1011,v2,error_series,semisynthetic,yaw_3sigma_deg,56642,56642,0,0,0,0,0.5446367129999999,6.0000398189999995,0
RUN_01899__v3,CORE_position_value,RUN_01899,BY2,CORE,D20_seed_00,position_value,seed_00,A05,AB1101,v3,error_series,semisynthetic,time,56642,56642,0,0,0,0,66.005054,339.997056,0
RUN_01899__v3,CORE_position_value,RUN_01899,BY2,CORE,D20_seed_00,position_value,seed_00,A05,AB1101,v3,error_series,semisynthetic,err_n_m,56642,56642,0,0,0,0,-1.6563369209674264,1.6152056744027945,36635
RUN_01899__v3,CORE_position_value,RUN_01899,BY2,CORE,D20_seed_00,position_value,seed_00,A05,AB1101,v3,error_series,semisynthetic,err_e_m,56642,56642,0,0,0,0,-1.6565878545919333,1.7659886396100717,26931
RUN_01899__v3,CORE_position_value,RUN_01899,BY2,CORE,D20_seed_00,position_value,seed_00,A05,AB1101,v3,error_series,semisynthetic,err_u_m,56642,56642,0,0,0,0,-1.0585154018771359,1.1800751025415597,37486
RUN_01899__v3,CORE_position_value,RUN_01899,BY2,CORE,D20_seed_00,position_value,seed_00,A05,AB1101,v3,error_series,semisynthetic,horizontal_err_m,56642,56642,0,0,0,0,0.0002763784982325604,1.9745479469697027,0
RUN_01899__v3,CORE_position_value,RUN_01899,BY2,CORE,D20_seed_00,position_value,seed_00,A05,AB1101,v3,error_series,semisynthetic,position_3d_err_m,56642,56642,0,0,0,0,0.0017843195705065738,2.300307988622554,0
RUN_01899__v3,CORE_position_value,RUN_01899,BY2,CORE,D20_seed_00,position_value,seed_00,A05,AB1101,v3,error_series,semisynthetic,roll_err_deg,56642,56642,0,0,0,0,-4.45149023156327,9.203918171296579,16249
RUN_01899__v3,CORE_position_value,RUN_01899,BY2,CORE,D20_seed_00,position_value,seed_00,A05,AB1101,v3,error_series,semisynthetic,pitch_err_deg,56642,56642,0,0,0,0,-9.979690723754459,8.18293668854264,38157
RUN_01899__v3,CORE_position_value,RUN_01899,BY2,CORE,D20_seed_00,position_value,seed_00,A05,AB1101,v3,error_series,semisynthetic,yaw_err_deg,56642,56642,0,0,0,0,-8.897757533238405,3.8620472512652952,42709
RUN_01899__v3,CORE_position_value,RUN_01899,BY2,CORE,D20_seed_00,position_value,seed_00,A05,AB1101,v3,error_series,semisynthetic,horizontal_3sigma_m,56642,56642,0,0,0,0,0.045709962805212306,42.43457969268709,0
RUN_01899__v3,CORE_position_value,RUN_01899,BY2,CORE,D20_seed_00,position_value,seed_00,A05,AB1101,v3,error_series,semisynthetic,roll_3sigma_deg,56642,56642,0,0,0,0,0.39950557200000003,6.0000398189999995,0
RUN_01899__v3,CORE_position_value,RUN_01899,BY2,CORE,D20_seed_00,position_value,seed_00,A05,AB1101,v3,error_series,semisynthetic,pitch_3sigma_deg,56642,56642,0,0,0,0,0.407631258,6.0000398189999995,0
RUN_01899__v3,CORE_position_value,RUN_01899,BY2,CORE,D20_seed_00,position_value,seed_00,A05,AB1101,v3,error_series,semisynthetic,yaw_3sigma_deg,56642,56642,0,0,0,0,0.545032395,6.0000398189999995,0
RUN_01899__v2,CORE_position_value,RUN_01899,BY2,CORE,D20_seed_00,position_value,seed_00,A05,AB1101,v2,error_series,semisynthetic,time,56642,56642,0,0,0,0,66.005054,339.997056,0
RUN_01899__v2,CORE_position_value,RUN_01899,BY2,CORE,D20_seed_00,position_value,seed_00,A05,AB1101,v2,error_series,semisynthetic,err_n_m,56642,56642,0,0,0,0,-1.685448744125786,1.496157029011023,27156
RUN_01899__v2,CORE_position_value,RUN_01899,BY2,CORE,D20_seed_00,position_value,seed_00,A05,AB1101,v2,error_series,semisynthetic,err_e_m,56642,56642,0,0,0,0,-1.6872849539970645,1.6298145162067623,27213
RUN_01899__v2,CORE_position_value,RUN_01899,BY2,CORE,D20_seed_00,position_value,seed_00,A05,AB1101,v2,error_series,semisynthetic,err_u_m,56642,56642,0,0,0,0,-1.363847370899685,0.8799645100348741,55897
RUN_01899__v2,CORE_position_value,RUN_01899,BY2,CORE,D20_seed_00,position_value,seed_00,A05,AB1101,v2,error_series,semisynthetic,horizontal_err_m,56642,56642,0,0,0,0,0.008273200895913475,1.9740156280628247,0
RUN_01899__v2,CORE_position_value,RUN_01899,BY2,CORE,D20_seed_00,position_value,seed_00,A05,AB1101,v2,error_series,semisynthetic,position_3d_err_m,56642,56642,0,0,0,0,0.1569224870780511,2.306922901593827,0
RUN_01899__v2,CORE_position_value,RUN_01899,BY2,CORE,D20_seed_00,position_value,seed_00,A05,AB1101,v2,error_series,semisynthetic,roll_err_deg,56642,56642,0,0,0,0,-4.45149023156327,9.203918171296579,16249
RUN_01899__v2,CORE_position_value,RUN_01899,BY2,CORE,D20_seed_00,position_value,seed_00,A05,AB1101,v2,error_series,semisynthetic,pitch_err_deg,56642,56642,0,0,0,0,-9.979690723754459,8.18293668854264,38157
RUN_01899__v2,CORE_position_value,RUN_01899,BY2,CORE,D20_seed_00,position_value,seed_00,A05,AB1101,v2,error_series,semisynthetic,yaw_err_deg,56642,56642,0,0,0,0,-8.897757533238405,3.8620472512652952,42709
RUN_01899__v2,CORE_position_value,RUN_01899,BY2,CORE,D20_seed_00,position_value,seed_00,A05,AB1101,v2,error_series,semisynthetic,horizontal_3sigma_m,56642,56642,0,0,0,0,0.045709962805212306,42.43457969268709,0
RUN_01899__v2,CORE_position_value,RUN_01899,BY2,CORE,D20_seed_00,position_value,seed_00,A05,AB1101,v2,error_series,semisynthetic,roll_3sigma_deg,56642,56642,0,0,0,0,0.39950557200000003,6.0000398189999995,0
RUN_01899__v2,CORE_position_value,RUN_01899,BY2,CORE,D20_seed_00,position_value,seed_00,A05,AB1101,v2,error_series,semisynthetic,pitch_3sigma_deg,56642,56642,0,0,0,0,0.407631258,6.0000398189999995,0
RUN_01899__v2,CORE_position_value,RUN_01899,BY2,CORE,D20_seed_00,position_value,seed_00,A05,AB1101,v2,error_series,semisynthetic,yaw_3sigma_deg,56642,56642,0,0,0,0,0.545032395,6.0000398189999995,0
RUN_01900__v3,CORE_position_value,RUN_01900,BY2,CORE,D20_seed_00,position_value,seed_00,A06,AB1110,v3,error_series,semisynthetic,time,56642,56642,0,0,0,0,66.005054,339.997056,0
RUN_01900__v3,CORE_position_value,RUN_01900,BY2,CORE,D20_seed_00,position_value,seed_00,A06,AB1110,v3,error_series,semisynthetic,err_n_m,56642,56642,0,0,0,0,-1.8298619184912326,1.7169996590578975,35130
RUN_01900__v3,CORE_position_value,RUN_01900,BY2,CORE,D20_seed_00,position_value,seed_00,A06,AB1110,v3,error_series,semisynthetic,err_e_m,56642,56642,0,0,0,0,-1.7428505939994068,1.936563329047118,27125
RUN_01900__v3,CORE_position_value,RUN_01900,BY2,CORE,D20_seed_00,position_value,seed_00,A06,AB1110,v3,error_series,semisynthetic,err_u_m,56642,56642,0,0,0,0,-1.0608063408784703,1.1857866841480984,38993
RUN_01900__v3,CORE_position_value,RUN_01900,BY2,CORE,D20_seed_00,position_value,seed_00,A06,AB1110,v3,error_series,semisynthetic,horizontal_err_m,56642,56642,0,0,0,0,0.0004256806243892088,2.175949984687242,0
RUN_01900__v3,CORE_position_value,RUN_01900,BY2,CORE,D20_seed_00,position_value,seed_00,A06,AB1110,v3,error_series,semisynthetic,position_3d_err_m,56642,56642,0,0,0,0,0.0012220002481318642,2.4780735251730026,0
RUN_01900__v3,CORE_position_value,RUN_01900,BY2,CORE,D20_seed_00,position_value,seed_00,A06,AB1110,v3,error_series,semisynthetic,roll_err_deg,56642,56642,0,0,0,0,-4.103919290563283,6.837324101296588,19406
RUN_01900__v3,CORE_position_value,RUN_01900,BY2,CORE,D20_seed_00,position_value,seed_00,A06,AB1110,v3,error_series,semisynthetic,pitch_err_deg,56642,56642,0,0,0,0,-8.560243976754464,8.422933364542644,37302
RUN_01900__v3,CORE_position_value,RUN_01900,BY2,CORE,D20_seed_00,position_value,seed_00,A06,AB1110,v3,error_series,semisynthetic,yaw_err_deg,56642,56642,0,0,0,0,-8.83002781923841,3.889788476265295,42624
RUN_01900__v3,CORE_position_value,RUN_01900,BY2,CORE,D20_seed_00,position_value,seed_00,A06,AB1110,v3,error_series,semisynthetic,horizontal_3sigma_m,56642,56642,0,0,0,0,0.04652752193923061,42.43457969268709,0
RUN_01900__v3,CORE_position_value,RUN_01900,BY2,CORE,D20_seed_00,position_value,seed_00,A06,AB1110,v3,error_series,semisynthetic,roll_3sigma_deg,56642,56642,0,0,0,0,0.322855014,6.0000398189999995,0
RUN_01900__v3,CORE_position_value,RUN_01900,BY2,CORE,D20_seed_00,position_value,seed_00,A06,AB1110,v3,error_series,semisynthetic,pitch_3sigma_deg,56642,56642,0,0,0,0,0.324760086,6.0000398189999995,0
RUN_01900__v3,CORE_position_value,RUN_01900,BY2,CORE,D20_seed_00,position_value,seed_00,A06,AB1110,v3,error_series,semisynthetic,yaw_3sigma_deg,56642,56642,0,0,0,0,0.54487602,6.0000398189999995,0
RUN_01900__v2,CORE_position_value,RUN_01900,BY2,CORE,D20_seed_00,position_value,seed_00,A06,AB1110,v2,error_series,semisynthetic,time,56642,56642,0,0,0,0,66.005054,339.997056,0
RUN_01900__v2,CORE_position_value,RUN_01900,BY2,CORE,D20_seed_00,position_value,seed_00,A06,AB1110,v2,error_series,semisynthetic,err_n_m,56642,56642,0,0,0,0,-1.8134736143167558,1.5857624995217563,27723
RUN_01900__v2,CORE_position_value,RUN_01900,BY2,CORE,D20_seed_00,position_value,seed_00,A06,AB1110,v2,error_series,semisynthetic,err_e_m,56642,56642,0,0,0,0,-1.7998599885099935,1.7839378507246124,26614
RUN_01900__v2,CORE_position_value,RUN_01900,BY2,CORE,D20_seed_00,position_value,seed_00,A06,AB1110,v2,error_series,semisynthetic,err_u_m,56642,56642,0,0,0,0,-1.3667777313009992,0.8865580168131402,55901
RUN_01900__v2,CORE_position_value,RUN_01900,BY2,CORE,D20_seed_00,position_value,seed_00,A06,AB1110,v2,error_series,semisynthetic,horizontal_err_m,56642,56642,0,0,0,0,0.01093100022242579,2.070326256596497,0
RUN_01900__v2,CORE_position_value,RUN_01900,BY2,CORE,D20_seed_00,position_value,seed_00,A06,AB1110,v2,error_series,semisynthetic,position_3d_err_m,56642,56642,0,0,0,0,0.1570217244065535,2.3955320593367753,0
RUN_01900__v2,CORE_position_value,RUN_01900,BY2,CORE,D20_seed_00,position_value,seed_00,A06,AB1110,v2,error_series,semisynthetic,roll_err_deg,56642,56642,0,0,0,0,-4.103919290563283,6.837324101296588,19406
RUN_01900__v2,CORE_position_value,RUN_01900,BY2,CORE,D20_seed_00,position_value,seed_00,A06,AB1110,v2,error_series,semisynthetic,pitch_err_deg,56642,56642,0,0,0,0,-8.560243976754464,8.422933364542644,37302
RUN_01900__v2,CORE_position_value,RUN_01900,BY2,CORE,D20_seed_00,position_value,seed_00,A06,AB1110,v2,error_series,semisynthetic,yaw_err_deg,56642,56642,0,0,0,0,-8.83002781923841,3.889788476265295,42624
RUN_01900__v2,CORE_position_value,RUN_01900,BY2,CORE,D20_seed_00,position_value,seed_00,A06,AB1110,v2,error_series,semisynthetic,horizontal_3sigma_m,56642,56642,0,0,0,0,0.04652752193923061,42.43457969268709,0
RUN_01900__v2,CORE_position_value,RUN_01900,BY2,CORE,D20_seed_00,position_value,seed_00,A06,AB1110,v2,error_series,semisynthetic,roll_3sigma_deg,56642,56642,0,0,0,0,0.322855014,6.0000398189999995,0
RUN_01900__v2,CORE_position_value,RUN_01900,BY2,CORE,D20_seed_00,position_value,seed_00,A06,AB1110,v2,error_series,semisynthetic,pitch_3sigma_deg,56642,56642,0,0,0,0,0.324760086,6.0000398189999995,0
RUN_01900__v2,CORE_position_value,RUN_01900,BY2,CORE,D20_seed_00,position_value,seed_00,A06,AB1110,v2,error_series,semisynthetic,yaw_3sigma_deg,56642,56642,0,0,0,0,0.54487602,6.0000398189999995,0
RUN_01901__v3,CORE_position_value,RUN_01901,BY2,CORE,D20_seed_00,position_value,seed_00,A07,AB1100,v3,error_series,semisynthetic,time,56642,56642,0,0,0,0,66.005054,339.997056,0
RUN_01901__v3,CORE_position_value,RUN_01901,BY2,CORE,D20_seed_00,position_value,seed_00,A07,AB1100,v3,error_series,semisynthetic,err_n_m,56642,56642,0,0,0,0,-1.7924901154227086,1.7094067372729498,36707
RUN_01901__v3,CORE_position_value,RUN_01901,BY2,CORE,D20_seed_00,position_value,seed_00,A07,AB1100,v3,error_series,semisynthetic,err_e_m,56642,56642,0,0,0,0,-1.7615463469350203,1.934300541571858,26700
RUN_01901__v3,CORE_position_value,RUN_01901,BY2,CORE,D20_seed_00,position_value,seed_00,A07,AB1100,v3,error_series,semisynthetic,err_u_m,56642,56642,0,0,0,0,-1.0593135998880197,1.1868485735280832,37498
RUN_01901__v3,CORE_position_value,RUN_01901,BY2,CORE,D20_seed_00,position_value,seed_00,A07,AB1100,v3,error_series,semisynthetic,horizontal_err_m,56642,56642,0,0,0,0,0.00021437796443611265,2.171266318136045,0
RUN_01901__v3,CORE_position_value,RUN_01901,BY2,CORE,D20_seed_00,position_value,seed_00,A07,AB1100,v3,error_series,semisynthetic,position_3d_err_m,56642,56642,0,0,0,0,0.0009714987824257598,2.4744710466598114,0
RUN_01901__v3,CORE_position_value,RUN_01901,BY2,CORE,D20_seed_00,position_value,seed_00,A07,AB1100,v3,error_series,semisynthetic,roll_err_deg,56642,56642,0,0,0,0,-4.456418041563268,9.208126241296583,16220
RUN_01901__v3,CORE_position_value,RUN_01901,BY2,CORE,D20_seed_00,position_value,seed_00,A07,AB1100,v3,error_series,semisynthetic,pitch_err_deg,56642,56642,0,0,0,0,-9.977685639754469,8.200636233542639,38069
RUN_01901__v3,CORE_position_value,RUN_01901,BY2,CORE,D20_seed_00,position_value,seed_00,A07,AB1100,v3,error_series,semisynthetic,yaw_err_deg,56642,56642,0,0,0,0,-8.89751455223842,3.8608056222653033,42734
RUN_01901__v3,CORE_position_value,RUN_01901,BY2,CORE,D20_seed_00,position_value,seed_00,A07,AB1100,v3,error_series,semisynthetic,horizontal_3sigma_m,56642,56642,0,0,0,0,0.04657619522445536,42.43457969268709,0
RUN_01901__v3,CORE_position_value,RUN_01901,BY2,CORE,D20_seed_00,position_value,seed_00,A07,AB1100,v3,error_series,semisynthetic,roll_3sigma_deg,56642,56642,0,0,0,0,0.399588075,6.0000398189999995,0
RUN_01901__v3,CORE_position_value,RUN_01901,BY2,CORE,D20_seed_00,position_value,seed_00,A07,AB1100,v3,error_series,semisynthetic,pitch_3sigma_deg,56642,56642,0,0,0,0,0.407702604,6.0000398189999995,0
RUN_01901__v3,CORE_position_value,RUN_01901,BY2,CORE,D20_seed_00,position_value,seed_00,A07,AB1100,v3,error_series,semisynthetic,yaw_3sigma_deg,56642,56642,0,0,0,0,0.5450911979999999,6.0000398189999995,0
RUN_01901__v2,CORE_position_value,RUN_01901,BY2,CORE,D20_seed_00,position_value,seed_00,A07,AB1100,v2,error_series,semisynthetic,time,56642,56642,0,0,0,0,66.005054,339.997056,0
RUN_01901__v2,CORE_position_value,RUN_01901,BY2,CORE,D20_seed_00,position_value,seed_00,A07,AB1100,v2,error_series,semisynthetic,err_n_m,56642,56642,0,0,0,0,-1.7780516489824052,1.5902038493234443,27288
RUN_01901__v2,CORE_position_value,RUN_01901,BY2,CORE,D20_seed_00,position_value,seed_00,A07,AB1100,v2,error_series,semisynthetic,err_e_m,56642,56642,0,0,0,0,-1.788927024267025,1.7829984424074468,27248
RUN_01901__v2,CORE_position_value,RUN_01901,BY2,CORE,D20_seed_00,position_value,seed_00,A07,AB1100,v2,error_series,semisynthetic,err_u_m,56642,56642,0,0,0,0,-1.3649892258896563,0.8869783078753652,55891
RUN_01901__v2,CORE_position_value,RUN_01901,BY2,CORE,D20_seed_00,position_value,seed_00,A07,AB1100,v2,error_series,semisynthetic,horizontal_err_m,56642,56642,0,0,0,0,0.009140696848326416,2.0713054257545047,0
RUN_01901__v2,CORE_position_value,RUN_01901,BY2,CORE,D20_seed_00,position_value,seed_00,A07,AB1100,v2,error_series,semisynthetic,position_3d_err_m,56642,56642,0,0,0,0,0.1551999072992591,2.3960495998481126,0
RUN_01901__v2,CORE_position_value,RUN_01901,BY2,CORE,D20_seed_00,position_value,seed_00,A07,AB1100,v2,error_series,semisynthetic,roll_err_deg,56642,56642,0,0,0,0,-4.456418041563268,9.208126241296583,16220
RUN_01901__v2,CORE_position_value,RUN_01901,BY2,CORE,D20_seed_00,position_value,seed_00,A07,AB1100,v2,error_series,semisynthetic,pitch_err_deg,56642,56642,0,0,0,0,-9.977685639754469,8.200636233542639,38069
RUN_01901__v2,CORE_position_value,RUN_01901,BY2,CORE,D20_seed_00,position_value,seed_00,A07,AB1100,v2,error_series,semisynthetic,yaw_err_deg,56642,56642,0,0,0,0,-8.89751455223842,3.8608056222653033,42734
RUN_01901__v2,CORE_position_value,RUN_01901,BY2,CORE,D20_seed_00,position_value,seed_00,A07,AB1100,v2,error_series,semisynthetic,horizontal_3sigma_m,56642,56642,0,0,0,0,0.04657619522445536,42.43457969268709,0
RUN_01901__v2,CORE_position_value,RUN_01901,BY2,CORE,D20_seed_00,position_value,seed_00,A07,AB1100,v2,error_series,semisynthetic,roll_3sigma_deg,56642,56642,0,0,0,0,0.399588075,6.0000398189999995,0
RUN_01901__v2,CORE_position_value,RUN_01901,BY2,CORE,D20_seed_00,position_value,seed_00,A07,AB1100,v2,error_series,semisynthetic,pitch_3sigma_deg,56642,56642,0,0,0,0,0.407702604,6.0000398189999995,0
RUN_01901__v2,CORE_position_value,RUN_01901,BY2,CORE,D20_seed_00,position_value,seed_00,A07,AB1100,v2,error_series,semisynthetic,yaw_3sigma_deg,56642,56642,0,0,0,0,0.5450911979999999,6.0000398189999995,0
RUN_01902__v3,CORE_position_value,RUN_01902,BY2,CORE,D20_seed_00,position_value,seed_00,A08,AB1000,v3,error_series,semisynthetic,time,56642,56642,0,0,0,0,66.005054,339.997056,0
RUN_01902__v3,CORE_position_value,RUN_01902,BY2,CORE,D20_seed_00,position_value,seed_00,A08,AB1000,v3,error_series,semisynthetic,err_n_m,56642,56642,0,0,0,0,-1.7823223513574007,1.7846892252774467,36667
RUN_01902__v3,CORE_position_value,RUN_01902,BY2,CORE,D20_seed_00,position_value,seed_00,A08,AB1000,v3,error_series,semisynthetic,err_e_m,56642,56642,0,0,0,0,-1.8397910978973897,1.764531915493322,26922
RUN_01902__v3,CORE_position_value,RUN_01902,BY2,CORE,D20_seed_00,position_value,seed_00,A08,AB1000,v3,error_series,semisynthetic,err_u_m,56642,56642,0,0,0,0,-1.095669148950427,1.084418090568251,37481
RUN_01902__v3,CORE_position_value,RUN_01902,BY2,CORE,D20_seed_00,position_value,seed_00,A08,AB1000,v3,error_series,semisynthetic,horizontal_err_m,56642,56642,0,0,0,0,2.882299191566968e-05,1.947000078755909,0
RUN_01902__v3,CORE_position_value,RUN_01902,BY2,CORE,D20_seed_00,position_value,seed_00,A08,AB1000,v3,error_series,semisynthetic,position_3d_err_m,56642,56642,0,0,0,0,0.0010565469742087382,2.121390014245221,0
RUN_01902__v3,CORE_position_value,RUN_01902,BY2,CORE,D20_seed_00,position_value,seed_00,A08,AB1000,v3,error_series,semisynthetic,roll_err_deg,56642,56642,0,0,0,0,-4.488318345563272,9.202322674296568,16443
RUN_01902__v3,CORE_position_value,RUN_01902,BY2,CORE,D20_seed_00,position_value,seed_00,A08,AB1000,v3,error_series,semisynthetic,pitch_err_deg,56642,56642,0,0,0,0,-9.975733226754471,8.19565625054264,38156
RUN_01902__v3,CORE_position_value,RUN_01902,BY2,CORE,D20_seed_00,position_value,seed_00,A08,AB1000,v3,error_series,semisynthetic,yaw_err_deg,56642,56642,0,0,0,0,-8.877798400238419,3.871213812265296,42873
RUN_01902__v3,CORE_position_value,RUN_01902,BY2,CORE,D20_seed_00,position_value,seed_00,A08,AB1000,v3,error_series,semisynthetic,horizontal_3sigma_m,56642,56642,0,0,0,0,0.04634453049701172,42.43457969268709,0
RUN_01902__v3,CORE_position_value,RUN_01902,BY2,CORE,D20_seed_00,position_value,seed_00,A08,AB1000,v3,error_series,semisynthetic,roll_3sigma_deg,56642,56642,0,0,0,0,0.39959383200000004,6.0000398189999995,0
RUN_01902__v3,CORE_position_value,RUN_01902,BY2,CORE,D20_seed_00,position_value,seed_00,A08,AB1000,v3,error_series,semisynthetic,pitch_3sigma_deg,56642,56642,0,0,0,0,0.40770492299999994,6.0000398189999995,0
RUN_01902__v3,CORE_position_value,RUN_01902,BY2,CORE,D20_seed_00,position_value,seed_00,A08,AB1000,v3,error_series,semisynthetic,yaw_3sigma_deg,56642,56642,0,0,0,0,0.544840233,6.0000398189999995,0
RUN_01902__v2,CORE_position_value,RUN_01902,BY2,CORE,D20_seed_00,position_value,seed_00,A08,AB1000,v2,error_series,semisynthetic,time,56642,56642,0,0,0,0,66.005054,339.997056,0
RUN_01902__v2,CORE_position_value,RUN_01902,BY2,CORE,D20_seed_00,position_value,seed_00,A08,AB1000,v2,error_series,semisynthetic,err_n_m,56642,56642,0,0,0,0,-1.7708620755687434,1.665374364601739,27127
RUN_01902__v2,CORE_position_value,RUN_01902,BY2,CORE,D20_seed_00,position_value,seed_00,A08,AB1000,v2,error_series,semisynthetic,err_e_m,56642,56642,0,0,0,0,-1.868019416641502,1.7940649806880895,27465
RUN_01902__v2,CORE_position_value,RUN_01902,BY2,CORE,D20_seed_00,position_value,seed_00,A08,AB1000,v2,error_series,semisynthetic,err_u_m,56642,56642,0,0,0,0,-1.4075299555959653,0.7851402540568522,55886
RUN_01902__v2,CORE_position_value,RUN_01902,BY2,CORE,D20_seed_00,position_value,seed_00,A08,AB1000,v2,error_series,semisynthetic,horizontal_err_m,56642,56642,0,0,0,0,0.009076588648528805,1.9848056853401002,0
RUN_01902__v2,CORE_position_value,RUN_01902,BY2,CORE,D20_seed_00,position_value,seed_00,A08,AB1000,v2,error_series,semisynthetic,position_3d_err_m,56642,56642,0,0,0,0,0.15512791902586434,2.3272449158434205,0
RUN_01902__v2,CORE_position_value,RUN_01902,BY2,CORE,D20_seed_00,position_value,seed_00,A08,AB1000,v2,error_series,semisynthetic,roll_err_deg,56642,56642,0,0,0,0,-4.488318345563272,9.202322674296568,16443
RUN_01902__v2,CORE_position_value,RUN_01902,BY2,CORE,D20_seed_00,position_value,seed_00,A08,AB1000,v2,error_series,semisynthetic,pitch_err_deg,56642,56642,0,0,0,0,-9.975733226754471,8.19565625054264,38156
RUN_01902__v2,CORE_position_value,RUN_01902,BY2,CORE,D20_seed_00,position_value,seed_00,A08,AB1000,v2,error_series,semisynthetic,yaw_err_deg,56642,56642,0,0,0,0,-8.877798400238419,3.871213812265296,42873
RUN_01902__v2,CORE_position_value,RUN_01902,BY2,CORE,D20_seed_00,position_value,seed_00,A08,AB1000,v2,error_series,semisynthetic,horizontal_3sigma_m,56642,56642,0,0,0,0,0.04634453049701172,42.43457969268709,0
RUN_01902__v2,CORE_position_value,RUN_01902,BY2,CORE,D20_seed_00,position_value,seed_00,A08,AB1000,v2,error_series,semisynthetic,roll_3sigma_deg,56642,56642,0,0,0,0,0.39959383200000004,6.0000398189999995,0
RUN_01902__v2,CORE_position_value,RUN_01902,BY2,CORE,D20_seed_00,position_value,seed_00,A08,AB1000,v2,error_series,semisynthetic,pitch_3sigma_deg,56642,56642,0,0,0,0,0.40770492299999994,6.0000398189999995,0
RUN_01902__v2,CORE_position_value,RUN_01902,BY2,CORE,D20_seed_00,position_value,seed_00,A08,AB1000,v2,error_series,semisynthetic,yaw_3sigma_deg,56642,56642,0,0,0,0,0.544840233,6.0000398189999995,0
RUN_01903__v3,CORE_position_value,RUN_01903,BY2,CORE,D20_seed_00,position_value,seed_00,A09,AB0100,v3,error_series,semisynthetic,time,56642,56642,0,0,0,0,66.005054,339.997056,0
RUN_01903__v3,CORE_position_value,RUN_01903,BY2,CORE,D20_seed_00,position_value,seed_00,A09,AB0100,v3,error_series,semisynthetic,err_n_m,56642,56642,0,0,0,0,-1.8263804737358527,1.7094343425021492,36967
RUN_01903__v3,CORE_position_value,RUN_01903,BY2,CORE,D20_seed_00,position_value,seed_00,A09,AB0100,v3,error_series,semisynthetic,err_e_m,56642,56642,0,0,0,0,-1.8054724597910479,1.9781477468245328,26956
RUN_01903__v3,CORE_position_value,RUN_01903,BY2,CORE,D20_seed_00,position_value,seed_00,A09,AB0100,v3,error_series,semisynthetic,err_u_m,56642,56642,0,0,0,0,-1.0840345860847869,1.1968885720567197,37726
RUN_01903__v3,CORE_position_value,RUN_01903,BY2,CORE,D20_seed_00,position_value,seed_00,A09,AB0100,v3,error_series,semisynthetic,horizontal_err_m,56642,56642,0,0,0,0,0.00017761657462284303,2.2197800561952223,0
RUN_01903__v3,CORE_position_value,RUN_01903,BY2,CORE,D20_seed_00,position_value,seed_00,A09,AB0100,v3,error_series,semisynthetic,position_3d_err_m,56642,56642,0,0,0,0,0.0012138167161484296,2.5218972524276317,0
RUN_01903__v3,CORE_position_value,RUN_01903,BY2,CORE,D20_seed_00,position_value,seed_00,A09,AB0100,v3,error_series,semisynthetic,roll_err_deg,56642,56642,0,0,0,0,-4.446434153563274,9.203579503296567,16130
RUN_01903__v3,CORE_position_value,RUN_01903,BY2,CORE,D20_seed_00,position_value,seed_00,A09,AB0100,v3,error_series,semisynthetic,pitch_err_deg,56642,56642,0,0,0,0,-9.97568722175447,8.186677642542634,38115
RUN_01903__v3,CORE_position_value,RUN_01903,BY2,CORE,D20_seed_00,position_value,seed_00,A09,AB0100,v3,error_series,semisynthetic,yaw_err_deg,56642,56642,0,0,0,0,-8.913470596238426,3.857584911265292,42691
RUN_01903__v3,CORE_position_value,RUN_01903,BY2,CORE,D20_seed_00,position_value,seed_00,A09,AB0100,v3,error_series,semisynthetic,horizontal_3sigma_m,56642,56642,0,0,0,0,0.04695664681148326,42.43457969268709,0
RUN_01903__v3,CORE_position_value,RUN_01903,BY2,CORE,D20_seed_00,position_value,seed_00,A09,AB0100,v3,error_series,semisynthetic,roll_3sigma_deg,56642,56642,0,0,0,0,0.39963514200000005,6.0000398189999995,0
RUN_01903__v3,CORE_position_value,RUN_01903,BY2,CORE,D20_seed_00,position_value,seed_00,A09,AB0100,v3,error_series,semisynthetic,pitch_3sigma_deg,56642,56642,0,0,0,0,0.40773623999999997,6.0000398189999995,0
RUN_01903__v3,CORE_position_value,RUN_01903,BY2,CORE,D20_seed_00,position_value,seed_00,A09,AB0100,v3,error_series,semisynthetic,yaw_3sigma_deg,56642,56642,0,0,0,0,0.545293347,6.0000398189999995,0
RUN_01903__v2,CORE_position_value,RUN_01903,BY2,CORE,D20_seed_00,position_value,seed_00,A09,AB0100,v2,error_series,semisynthetic,time,56642,56642,0,0,0,0,66.005054,339.997056,0
RUN_01903__v2,CORE_position_value,RUN_01903,BY2,CORE,D20_seed_00,position_value,seed_00,A09,AB0100,v2,error_series,semisynthetic,err_n_m,56642,56642,0,0,0,0,-1.8032584842963075,1.6297823149265565,27518
RUN_01903__v2,CORE_position_value,RUN_01903,BY2,CORE,D20_seed_00,position_value,seed_00,A09,AB0100,v2,error_series,semisynthetic,err_e_m,56642,56642,0,0,0,0,-1.83607491772662,1.8267297632163064,27028
RUN_01903__v2,CORE_position_value,RUN_01903,BY2,CORE,D20_seed_00,position_value,seed_00,A09,AB0100,v2,error_series,semisynthetic,err_u_m,56642,56642,0,0,0,0,-1.389912124964996,0.897077393002963,55890
RUN_01903__v2,CORE_position_value,RUN_01903,BY2,CORE,D20_seed_00,position_value,seed_00,A09,AB0100,v2,error_series,semisynthetic,horizontal_err_m,56642,56642,0,0,0,0,0.009140696852802917,2.0839198126010077,0
RUN_01903__v2,CORE_position_value,RUN_01903,BY2,CORE,D20_seed_00,position_value,seed_00,A09,AB0100,v2,error_series,semisynthetic,position_3d_err_m,56642,56642,0,0,0,0,0.15628082425330547,2.399474282915132,0
RUN_01903__v2,CORE_position_value,RUN_01903,BY2,CORE,D20_seed_00,position_value,seed_00,A09,AB0100,v2,error_series,semisynthetic,roll_err_deg,56642,56642,0,0,0,0,-4.446434153563274,9.203579503296567,16130
RUN_01903__v2,CORE_position_value,RUN_01903,BY2,CORE,D20_seed_00,position_value,seed_00,A09,AB0100,v2,error_series,semisynthetic,pitch_err_deg,56642,56642,0,0,0,0,-9.97568722175447,8.186677642542634,38115
RUN_01903__v2,CORE_position_value,RUN_01903,BY2,CORE,D20_seed_00,position_value,seed_00,A09,AB0100,v2,error_series,semisynthetic,yaw_err_deg,56642,56642,0,0,0,0,-8.913470596238426,3.857584911265292,42691
RUN_01903__v2,CORE_position_value,RUN_01903,BY2,CORE,D20_seed_00,position_value,seed_00,A09,AB0100,v2,error_series,semisynthetic,horizontal_3sigma_m,56642,56642,0,0,0,0,0.04695664681148326,42.43457969268709,0
RUN_01903__v2,CORE_position_value,RUN_01903,BY2,CORE,D20_seed_00,position_value,seed_00,A09,AB0100,v2,error_series,semisynthetic,roll_3sigma_deg,56642,56642,0,0,0,0,0.39963514200000005,6.0000398189999995,0
RUN_01903__v2,CORE_position_value,RUN_01903,BY2,CORE,D20_seed_00,position_value,seed_00,A09,AB0100,v2,error_series,semisynthetic,pitch_3sigma_deg,56642,56642,0,0,0,0,0.40773623999999997,6.0000398189999995,0
RUN_01903__v2,CORE_position_value,RUN_01903,BY2,CORE,D20_seed_00,position_value,seed_00,A09,AB0100,v2,error_series,semisynthetic,yaw_3sigma_deg,56642,56642,0,0,0,0,0.545293347,6.0000398189999995,0
RUN_01992__v3,CORE_position_value,RUN_01992,BY2,CORE,D21_seed_00,position_value,seed_00,F01,single_antenna_EKF,v3,error_series,semisynthetic,time,56642,56642,0,0,0,0,66.005054,339.997056,0
RUN_01992__v3,CORE_position_value,RUN_01992,BY2,CORE,D21_seed_00,position_value,seed_00,F01,single_antenna_EKF,v3,error_series,semisynthetic,err_n_m,56642,56642,0,0,0,0,-3.8157423421917684,3.71165003140111,27677
RUN_01992__v3,CORE_position_value,RUN_01992,BY2,CORE,D21_seed_00,position_value,seed_00,F01,single_antenna_EKF,v3,error_series,semisynthetic,err_e_m,56642,56642,0,0,0,0,-3.68605681133738,3.964793211118277,25260
RUN_01992__v3,CORE_position_value,RUN_01992,BY2,CORE,D21_seed_00,position_value,seed_00,F01,single_antenna_EKF,v3,error_series,semisynthetic,err_u_m,56642,56642,0,0,0,0,-2.2639316906298674,2.472678221035721,35906
RUN_01992__v3,CORE_position_value,RUN_01992,BY2,CORE,D21_seed_00,position_value,seed_00,F01,single_antenna_EKF,v3,error_series,semisynthetic,horizontal_err_m,56642,56642,0,0,0,0,0.00026695964260120086,4.46681578453009,0
RUN_01992__v3,CORE_position_value,RUN_01992,BY2,CORE,D21_seed_00,position_value,seed_00,F01,single_antenna_EKF,v3,error_series,semisynthetic,position_3d_err_m,56642,56642,0,0,0,0,0.0016215728211058014,5.00339471087381,0
RUN_01992__v3,CORE_position_value,RUN_01992,BY2,CORE,D21_seed_00,position_value,seed_00,F01,single_antenna_EKF,v3,error_series,semisynthetic,roll_err_deg,56642,56642,0,0,0,0,-3.9554688705632657,9.008170605296584,12134
RUN_01992__v3,CORE_position_value,RUN_01992,BY2,CORE,D21_seed_00,position_value,seed_00,F01,single_antenna_EKF,v3,error_series,semisynthetic,pitch_err_deg,56642,56642,0,0,0,0,-10.082186791754452,8.79251796454264,36895
RUN_01992__v3,CORE_position_value,RUN_01992,BY2,CORE,D21_seed_00,position_value,seed_00,F01,single_antenna_EKF,v3,error_series,semisynthetic,yaw_err_deg,56642,56642,0,0,0,0,-37.037557976109724,15.140285996112311,54923
RUN_01992__v3,CORE_position_value,RUN_01992,BY2,CORE,D21_seed_00,position_value,seed_00,F01,single_antenna_EKF,v3,error_series,semisynthetic,horizontal_3sigma_m,56642,56642,0,0,0,0,0.047008310756593424,42.43457969268709,0
RUN_01992__v3,CORE_position_value,RUN_01992,BY2,CORE,D21_seed_00,position_value,seed_00,F01,single_antenna_EKF,v3,error_series,semisynthetic,roll_3sigma_deg,56642,56642,0,0,0,0,0.40839193799999995,6.0000398189999995,0
RUN_01992__v3,CORE_position_value,RUN_01992,BY2,CORE,D21_seed_00,position_value,seed_00,F01,single_antenna_EKF,v3,error_series,semisynthetic,pitch_3sigma_deg,56642,56642,0,0,0,0,0.417514965,6.0000398189999995,0
RUN_01992__v3,CORE_position_value,RUN_01992,BY2,CORE,D21_seed_00,position_value,seed_00,F01,single_antenna_EKF,v3,error_series,semisynthetic,yaw_3sigma_deg,56642,56642,0,0,0,0,2.578933389,6.0000398189999995,0
RUN_01992__v2,CORE_position_value,RUN_01992,BY2,CORE,D21_seed_00,position_value,seed_00,F01,single_antenna_EKF,v2,error_series,semisynthetic,time,56642,56642,0,0,0,0,66.005054,339.997056,0
RUN_01992__v2,CORE_position_value,RUN_01992,BY2,CORE,D21_seed_00,position_value,seed_00,F01,single_antenna_EKF,v2,error_series,semisynthetic,err_n_m,56642,56642,0,0,0,0,-3.932351631463284,3.6305490464339094,26873
RUN_01992__v2,CORE_position_value,RUN_01992,BY2,CORE,D21_seed_00,position_value,seed_00,F01,single_antenna_EKF,v2,error_series,semisynthetic,err_e_m,56642,56642,0,0,0,0,-3.825042291683232,3.9646156822020657,26348
RUN_01992__v2,CORE_position_value,RUN_01992,BY2,CORE,D21_seed_00,position_value,seed_00,F01,single_antenna_EKF,v2,error_series,semisynthetic,err_u_m,56642,56642,0,0,0,0,-2.573793956409858,2.1695658911570157,53501
RUN_01992__v2,CORE_position_value,RUN_01992,BY2,CORE,D21_seed_00,position_value,seed_00,F01,single_antenna_EKF,v2,error_series,semisynthetic,horizontal_err_m,56642,56642,0,0,0,0,0.0020728705006831448,4.448125063789236,0
RUN_01992__v2,CORE_position_value,RUN_01992,BY2,CORE,D21_seed_00,position_value,seed_00,F01,single_antenna_EKF,v2,error_series,semisynthetic,position_3d_err_m,56642,56642,0,0,0,0,0.12294212652451442,4.752728816801812,0
RUN_01992__v2,CORE_position_value,RUN_01992,BY2,CORE,D21_seed_00,position_value,seed_00,F01,single_antenna_EKF,v2,error_series,semisynthetic,roll_err_deg,56642,56642,0,0,0,0,-3.9554688705632657,9.008170605296584,12134
RUN_01992__v2,CORE_position_value,RUN_01992,BY2,CORE,D21_seed_00,position_value,seed_00,F01,single_antenna_EKF,v2,error_series,semisynthetic,pitch_err_deg,56642,56642,0,0,0,0,-10.082186791754452,8.79251796454264,36895
RUN_01992__v2,CORE_position_value,RUN_01992,BY2,CORE,D21_seed_00,position_value,seed_00,F01,single_antenna_EKF,v2,error_series,semisynthetic,yaw_err_deg,56642,56642,0,0,0,0,-37.037557976109724,15.140285996112311,54923
RUN_01992__v2,CORE_position_value,RUN_01992,BY2,CORE,D21_seed_00,position_value,seed_00,F01,single_antenna_EKF,v2,error_series,semisynthetic,horizontal_3sigma_m,56642,56642,0,0,0,0,0.047008310756593424,42.43457969268709,0
RUN_01992__v2,CORE_position_value,RUN_01992,BY2,CORE,D21_seed_00,position_value,seed_00,F01,single_antenna_EKF,v2,error_series,semisynthetic,roll_3sigma_deg,56642,56642,0,0,0,0,0.40839193799999995,6.0000398189999995,0
RUN_01992__v2,CORE_position_value,RUN_01992,BY2,CORE,D21_seed_00,position_value,seed_00,F01,single_antenna_EKF,v2,error_series,semisynthetic,pitch_3sigma_deg,56642,56642,0,0,0,0,0.417514965,6.0000398189999995,0
RUN_01992__v2,CORE_position_value,RUN_01992,BY2,CORE,D21_seed_00,position_value,seed_00,F01,single_antenna_EKF,v2,error_series,semisynthetic,yaw_3sigma_deg,56642,56642,0,0,0,0,2.578933389,6.0000398189999995,0
RUN_01993__v3,CORE_position_value,RUN_01993,BY2,CORE,D21_seed_00,position_value,seed_00,F02,basic_dual_yaw_EKF,v3,error_series,semisynthetic,time,56642,56642,0,0,0,0,66.005054,339.997056,0
RUN_01993__v3,CORE_position_value,RUN_01993,BY2,CORE,D21_seed_00,position_value,seed_00,F02,basic_dual_yaw_EKF,v3,error_series,semisynthetic,err_n_m,56642,56642,0,0,0,0,-5.156893679061227,5.006840988533014,36751
RUN_01993__v3,CORE_position_value,RUN_01993,BY2,CORE,D21_seed_00,position_value,seed_00,F02,basic_dual_yaw_EKF,v3,error_series,semisynthetic,err_e_m,56642,56642,0,0,0,0,-4.961131292883323,5.275103177872957,27428
RUN_01993__v3,CORE_position_value,RUN_01993,BY2,CORE,D21_seed_00,position_value,seed_00,F02,basic_dual_yaw_EKF,v3,error_series,semisynthetic,err_u_m,56642,56642,0,0,0,0,-2.751157217016214,2.883620625472435,36299
RUN_01993__v3,CORE_position_value,RUN_01993,BY2,CORE,D21_seed_00,position_value,seed_00,F02,basic_dual_yaw_EKF,v3,error_series,semisynthetic,horizontal_err_m,56642,56642,0,0,0,0,0.00043489397766548383,5.693197197561764,0
RUN_01993__v3,CORE_position_value,RUN_01993,BY2,CORE,D21_seed_00,position_value,seed_00,F02,basic_dual_yaw_EKF,v3,error_series,semisynthetic,position_3d_err_m,56642,56642,0,0,0,0,0.0025943769162666192,6.207701934108944,0
RUN_01993__v3,CORE_position_value,RUN_01993,BY2,CORE,D21_seed_00,position_value,seed_00,F02,basic_dual_yaw_EKF,v3,error_series,semisynthetic,roll_err_deg,56642,56642,0,0,0,0,-5.497936085355491,12.526585492805225,13949
RUN_01993__v3,CORE_position_value,RUN_01993,BY2,CORE,D21_seed_00,position_value,seed_00,F02,basic_dual_yaw_EKF,v3,error_series,semisynthetic,pitch_err_deg,56642,56642,0,0,0,0,-10.469495546754473,8.30477914054265,37776
RUN_01993__v3,CORE_position_value,RUN_01993,BY2,CORE,D21_seed_00,position_value,seed_00,F02,basic_dual_yaw_EKF,v3,error_series,semisynthetic,yaw_err_deg,56642,56642,0,0,0,0,-10.015867355238413,3.792142420265293,46480
RUN_01993__v3,CORE_position_value,RUN_01993,BY2,CORE,D21_seed_00,position_value,seed_00,F02,basic_dual_yaw_EKF,v3,error_series,semisynthetic,horizontal_3sigma_m,56642,56642,0,0,0,0,0.051786237544609336,42.43457969268709,0
RUN_01993__v3,CORE_position_value,RUN_01993,BY2,CORE,D21_seed_00,position_value,seed_00,F02,basic_dual_yaw_EKF,v3,error_series,semisynthetic,roll_3sigma_deg,56642,56642,0,0,0,0,0.401011626,6.000072272999999,0
RUN_01993__v3,CORE_position_value,RUN_01993,BY2,CORE,D21_seed_00,position_value,seed_00,F02,basic_dual_yaw_EKF,v3,error_series,semisynthetic,pitch_3sigma_deg,56642,56642,0,0,0,0,0.409264128,6.000072231,0
RUN_01993__v3,CORE_position_value,RUN_01993,BY2,CORE,D21_seed_00,position_value,seed_00,F02,basic_dual_yaw_EKF,v3,error_series,semisynthetic,yaw_3sigma_deg,56642,56642,0,0,0,0,0.528408306,6.0000398189999995,0
RUN_01993__v2,CORE_position_value,RUN_01993,BY2,CORE,D21_seed_00,position_value,seed_00,F02,basic_dual_yaw_EKF,v2,error_series,semisynthetic,time,56642,56642,0,0,0,0,66.005054,339.997056,0
RUN_01993__v2,CORE_position_value,RUN_01993,BY2,CORE,D21_seed_00,position_value,seed_00,F02,basic_dual_yaw_EKF,v2,error_series,semisynthetic,err_n_m,56642,56642,0,0,0,0,-5.238351259311962,4.939429194446408,28365
RUN_01993__v2,CORE_position_value,RUN_01993,BY2,CORE,D21_seed_00,position_value,seed_00,F02,basic_dual_yaw_EKF,v2,error_series,semisynthetic,err_e_m,56642,56642,0,0,0,0,-5.116763708568641,5.242492091457523,26996
RUN_01993__v2,CORE_position_value,RUN_01993,BY2,CORE,D21_seed_00,position_value,seed_00,F02,basic_dual_yaw_EKF,v2,error_series,semisynthetic,err_u_m,56642,56642,0,0,0,0,-3.0615702781565126,2.5804724393714085,53443
RUN_01993__v2,CORE_position_value,RUN_01993,BY2,CORE,D21_seed_00,position_value,seed_00,F02,basic_dual_yaw_EKF,v2,error_series,semisynthetic,horizontal_err_m,56642,56642,0,0,0,0,0.004913210886919815,5.589992400076082,0
RUN_01993__v2,CORE_position_value,RUN_01993,BY2,CORE,D21_seed_00,position_value,seed_00,F02,basic_dual_yaw_EKF,v2,error_series,semisynthetic,position_3d_err_m,56642,56642,0,0,0,0,0.164576067661056,6.082714331251441,0
RUN_01993__v2,CORE_position_value,RUN_01993,BY2,CORE,D21_seed_00,position_value,seed_00,F02,basic_dual_yaw_EKF,v2,error_series,semisynthetic,roll_err_deg,56642,56642,0,0,0,0,-5.497936085355491,12.526585492805225,13949
RUN_01993__v2,CORE_position_value,RUN_01993,BY2,CORE,D21_seed_00,position_value,seed_00,F02,basic_dual_yaw_EKF,v2,error_series,semisynthetic,pitch_err_deg,56642,56642,0,0,0,0,-10.469495546754473,8.30477914054265,37776
RUN_01993__v2,CORE_position_value,RUN_01993,BY2,CORE,D21_seed_00,position_value,seed_00,F02,basic_dual_yaw_EKF,v2,error_series,semisynthetic,yaw_err_deg,56642,56642,0,0,0,0,-10.015867355238413,3.792142420265293,46480
RUN_01993__v2,CORE_position_value,RUN_01993,BY2,CORE,D21_seed_00,position_value,seed_00,F02,basic_dual_yaw_EKF,v2,error_series,semisynthetic,horizontal_3sigma_m,56642,56642,0,0,0,0,0.051786237544609336,42.43457969268709,0
RUN_01993__v2,CORE_position_value,RUN_01993,BY2,CORE,D21_seed_00,position_value,seed_00,F02,basic_dual_yaw_EKF,v2,error_series,semisynthetic,roll_3sigma_deg,56642,56642,0,0,0,0,0.401011626,6.000072272999999,0
RUN_01993__v2,CORE_position_value,RUN_01993,BY2,CORE,D21_seed_00,position_value,seed_00,F02,basic_dual_yaw_EKF,v2,error_series,semisynthetic,pitch_3sigma_deg,56642,56642,0,0,0,0,0.409264128,6.000072231,0
RUN_01993__v2,CORE_position_value,RUN_01993,BY2,CORE,D21_seed_00,position_value,seed_00,F02,basic_dual_yaw_EKF,v2,error_series,semisynthetic,yaw_3sigma_deg,56642,56642,0,0,0,0,0.528408306,6.0000398189999995,0
RUN_01994__v3,CORE_position_value,RUN_01994,BY2,CORE,D21_seed_00,position_value,seed_00,F03,AB0000,v3,error_series,semisynthetic,time,56642,56642,0,0,0,0,66.005054,339.997056,0
RUN_01994__v3,CORE_position_value,RUN_01994,BY2,CORE,D21_seed_00,position_value,seed_00,F03,AB0000,v3,error_series,semisynthetic,err_n_m,56642,56642,0,0,0,0,-3.832524718453932,3.690128800441265,34107
RUN_01994__v3,CORE_position_value,RUN_01994,BY2,CORE,D21_seed_00,position_value,seed_00,F03,AB0000,v3,error_series,semisynthetic,err_e_m,56642,56642,0,0,0,0,-3.678181298502764,3.9997462453308437,27595
RUN_01994__v3,CORE_position_value,RUN_01994,BY2,CORE,D21_seed_00,position_value,seed_00,F03,AB0000,v3,error_series,semisynthetic,err_u_m,56642,56642,0,0,0,0,-2.2611184973629577,2.4756685399031766,35809
RUN_01994__v3,CORE_position_value,RUN_01994,BY2,CORE,D21_seed_00,position_value,seed_00,F03,AB0000,v3,error_series,semisynthetic,horizontal_err_m,56642,56642,0,0,0,0,0.00034375461286288163,4.57948495145087,0
RUN_01994__v3,CORE_position_value,RUN_01994,BY2,CORE,D21_seed_00,position_value,seed_00,F03,AB0000,v3,error_series,semisynthetic,position_3d_err_m,56642,56642,0,0,0,0,0.0027694206770634655,5.0038011995239735,0
RUN_01994__v3,CORE_position_value,RUN_01994,BY2,CORE,D21_seed_00,position_value,seed_00,F03,AB0000,v3,error_series,semisynthetic,roll_err_deg,56642,56642,0,0,0,0,-3.8816929875632695,9.204271323296581,12626
RUN_01994__v3,CORE_position_value,RUN_01994,BY2,CORE,D21_seed_00,position_value,seed_00,F03,AB0000,v3,error_series,semisynthetic,pitch_err_deg,56642,56642,0,0,0,0,-10.23548960675447,8.514359918542624,37237
RUN_01994__v3,CORE_position_value,RUN_01994,BY2,CORE,D21_seed_00,position_value,seed_00,F03,AB0000,v3,error_series,semisynthetic,yaw_err_deg,56642,56642,0,0,0,0,-8.742386165238429,3.845287940265308,43011
RUN_01994__v3,CORE_position_value,RUN_01994,BY2,CORE,D21_seed_00,position_value,seed_00,F03,AB0000,v3,error_series,semisynthetic,horizontal_3sigma_m,56642,56642,0,0,0,0,0.046931641546608976,42.43457969268709,0
RUN_01994__v3,CORE_position_value,RUN_01994,BY2,CORE,D21_seed_00,position_value,seed_00,F03,AB0000,v3,error_series,semisynthetic,roll_3sigma_deg,56642,56642,0,0,0,0,0.399950997,6.0000398189999995,0
RUN_01994__v3,CORE_position_value,RUN_01994,BY2,CORE,D21_seed_00,position_value,seed_00,F03,AB0000,v3,error_series,semisynthetic,pitch_3sigma_deg,56642,56642,0,0,0,0,0.408225399,6.0000398189999995,0
RUN_01994__v3,CORE_position_value,RUN_01994,BY2,CORE,D21_seed_00,position_value,seed_00,F03,AB0000,v3,error_series,semisynthetic,yaw_3sigma_deg,56642,56642,0,0,0,0,0.544562856,6.0000398189999995,0
RUN_01994__v2,CORE_position_value,RUN_01994,BY2,CORE,D21_seed_00,position_value,seed_00,F03,AB0000,v2,error_series,semisynthetic,time,56642,56642,0,0,0,0,66.005054,339.997056,0
RUN_01994__v2,CORE_position_value,RUN_01994,BY2,CORE,D21_seed_00,position_value,seed_00,F03,AB0000,v2,error_series,semisynthetic,err_n_m,56642,56642,0,0,0,0,-3.9164736929164334,3.6281059734357655,26876
RUN_01994__v2,CORE_position_value,RUN_01994,BY2,CORE,D21_seed_00,position_value,seed_00,F03,AB0000,v2,error_series,semisynthetic,err_e_m,56642,56642,0,0,0,0,-3.82060071043189,3.9661531719109604,27272
RUN_01994__v2,CORE_position_value,RUN_01994,BY2,CORE,D21_seed_00,position_value,seed_00,F03,AB0000,v2,error_series,semisynthetic,err_u_m,56642,56642,0,0,0,0,-2.5713025047581866,2.1713559652162435,53502
RUN_01994__v2,CORE_position_value,RUN_01994,BY2,CORE,D21_seed_00,position_value,seed_00,F03,AB0000,v2,error_series,semisynthetic,horizontal_err_m,56642,56642,0,0,0,0,0.001878968390325232,4.4793232611345335,0
RUN_01994__v2,CORE_position_value,RUN_01994,BY2,CORE,D21_seed_00,position_value,seed_00,F03,AB0000,v2,error_series,semisynthetic,position_3d_err_m,56642,56642,0,0,0,0,0.12306714068370792,4.781688535919106,0
RUN_01994__v2,CORE_position_value,RUN_01994,BY2,CORE,D21_seed_00,position_value,seed_00,F03,AB0000,v2,error_series,semisynthetic,roll_err_deg,56642,56642,0,0,0,0,-3.8816929875632695,9.204271323296581,12626
RUN_01994__v2,CORE_position_value,RUN_01994,BY2,CORE,D21_seed_00,position_value,seed_00,F03,AB0000,v2,error_series,semisynthetic,pitch_err_deg,56642,56642,0,0,0,0,-10.23548960675447,8.514359918542624,37237
RUN_01994__v2,CORE_position_value,RUN_01994,BY2,CORE,D21_seed_00,position_value,seed_00,F03,AB0000,v2,error_series,semisynthetic,yaw_err_deg,56642,56642,0,0,0,0,-8.742386165238429,3.845287940265308,43011
RUN_01994__v2,CORE_position_value,RUN_01994,BY2,CORE,D21_seed_00,position_value,seed_00,F03,AB0000,v2,error_series,semisynthetic,horizontal_3sigma_m,56642,56642,0,0,0,0,0.046931641546608976,42.43457969268709,0
RUN_01994__v2,CORE_position_value,RUN_01994,BY2,CORE,D21_seed_00,position_value,seed_00,F03,AB0000,v2,error_series,semisynthetic,roll_3sigma_deg,56642,56642,0,0,0,0,0.399950997,6.0000398189999995,0
RUN_01994__v2,CORE_position_value,RUN_01994,BY2,CORE,D21_seed_00,position_value,seed_00,F03,AB0000,v2,error_series,semisynthetic,pitch_3sigma_deg,56642,56642,0,0,0,0,0.408225399,6.0000398189999995,0
RUN_01994__v2,CORE_position_value,RUN_01994,BY2,CORE,D21_seed_00,position_value,seed_00,F03,AB0000,v2,error_series,semisynthetic,yaw_3sigma_deg,56642,56642,0,0,0,0,0.544562856,6.0000398189999995,0
RUN_01995__v3,CORE_position_value,RUN_01995,BY2,CORE,D21_seed_00,position_value,seed_00,F04,AB1111,v3,error_series,semisynthetic,time,56642,56642,0,0,0,0,66.005054,339.997056,0
RUN_01995__v3,CORE_position_value,RUN_01995,BY2,CORE,D21_seed_00,position_value,seed_00,F04,AB1111,v3,error_series,semisynthetic,err_n_m,56642,56642,0,0,0,0,-3.102507465870737,3.0840268165981684,33271
RUN_01995__v3,CORE_position_value,RUN_01995,BY2,CORE,D21_seed_00,position_value,seed_00,F04,AB1111,v3,error_series,semisynthetic,err_e_m,56642,56642,0,0,0,0,-3.6523458036688083,4.442869848440495,27947
RUN_01995__v3,CORE_position_value,RUN_01995,BY2,CORE,D21_seed_00,position_value,seed_00,F04,AB1111,v3,error_series,semisynthetic,err_u_m,56642,56642,0,0,0,0,-1.9326832095423612,2.730776689219212,36630
RUN_01995__v3,CORE_position_value,RUN_01995,BY2,CORE,D21_seed_00,position_value,seed_00,F04,AB1111,v3,error_series,semisynthetic,horizontal_err_m,56642,56642,0,0,0,0,0.0002456508028990481,4.904702170059938,0
RUN_01995__v3,CORE_position_value,RUN_01995,BY2,CORE,D21_seed_00,position_value,seed_00,F04,AB1111,v3,error_series,semisynthetic,position_3d_err_m,56642,56642,0,0,0,0,0.001562295587156081,5.613665888113907,0
RUN_01995__v3,CORE_position_value,RUN_01995,BY2,CORE,D21_seed_00,position_value,seed_00,F04,AB1111,v3,error_series,semisynthetic,roll_err_deg,56642,56642,0,0,0,0,-4.048329412563277,6.821753906296578,18682
RUN_01995__v3,CORE_position_value,RUN_01995,BY2,CORE,D21_seed_00,position_value,seed_00,F04,AB1111,v3,error_series,semisynthetic,pitch_err_deg,56642,56642,0,0,0,0,-8.745204986754459,8.519950648542647,37076
RUN_01995__v3,CORE_position_value,RUN_01995,BY2,CORE,D21_seed_00,position_value,seed_00,F04,AB1111,v3,error_series,semisynthetic,yaw_err_deg,56642,56642,0,0,0,0,-8.746887784238425,3.847211774265304,42746
RUN_01995__v3,CORE_position_value,RUN_01995,BY2,CORE,D21_seed_00,position_value,seed_00,F04,AB1111,v3,error_series,semisynthetic,horizontal_3sigma_m,56642,56642,0,0,0,0,0.045663107980381194,42.43457969268709,0
RUN_01995__v3,CORE_position_value,RUN_01995,BY2,CORE,D21_seed_00,position_value,seed_00,F04,AB1111,v3,error_series,semisynthetic,roll_3sigma_deg,56642,56642,0,0,0,0,0.32287709400000003,6.0000398189999995,0
RUN_01995__v3,CORE_position_value,RUN_01995,BY2,CORE,D21_seed_00,position_value,seed_00,F04,AB1111,v3,error_series,semisynthetic,pitch_3sigma_deg,56642,56642,0,0,0,0,0.324812985,6.0000398189999995,0
RUN_01995__v3,CORE_position_value,RUN_01995,BY2,CORE,D21_seed_00,position_value,seed_00,F04,AB1111,v3,error_series,semisynthetic,yaw_3sigma_deg,56642,56642,0,0,0,0,0.544962657,6.0000398189999995,0
RUN_01995__v2,CORE_position_value,RUN_01995,BY2,CORE,D21_seed_00,position_value,seed_00,F04,AB1111,v2,error_series,semisynthetic,time,56642,56642,0,0,0,0,66.005054,339.997056,0
RUN_01995__v2,CORE_position_value,RUN_01995,BY2,CORE,D21_seed_00,position_value,seed_00,F04,AB1111,v2,error_series,semisynthetic,err_n_m,56642,56642,0,0,0,0,-3.196075904982287,3.047381258599078,27237
RUN_01995__v2,CORE_position_value,RUN_01995,BY2,CORE,D21_seed_00,position_value,seed_00,F04,AB1111,v2,error_series,semisynthetic,err_e_m,56642,56642,0,0,0,0,-3.6443457218437914,4.29939219253238,26883
RUN_01995__v2,CORE_position_value,RUN_01995,BY2,CORE,D21_seed_00,position_value,seed_00,F04,AB1111,v2,error_series,semisynthetic,err_u_m,56642,56642,0,0,0,0,-2.238738851158537,2.427118738379496,53566
RUN_01995__v2,CORE_position_value,RUN_01995,BY2,CORE,D21_seed_00,position_value,seed_00,F04,AB1111,v2,error_series,semisynthetic,horizontal_err_m,56642,56642,0,0,0,0,0.008347344020506143,4.777819564652784,0
RUN_01995__v2,CORE_position_value,RUN_01995,BY2,CORE,D21_seed_00,position_value,seed_00,F04,AB1111,v2,error_series,semisynthetic,position_3d_err_m,56642,56642,0,0,0,0,0.1152054981207836,5.358961201816243,0
RUN_01995__v2,CORE_position_value,RUN_01995,BY2,CORE,D21_seed_00,position_value,seed_00,F04,AB1111,v2,error_series,semisynthetic,roll_err_deg,56642,56642,0,0,0,0,-4.048329412563277,6.821753906296578,18682
RUN_01995__v2,CORE_position_value,RUN_01995,BY2,CORE,D21_seed_00,position_value,seed_00,F04,AB1111,v2,error_series,semisynthetic,pitch_err_deg,56642,56642,0,0,0,0,-8.745204986754459,8.519950648542647,37076
RUN_01995__v2,CORE_position_value,RUN_01995,BY2,CORE,D21_seed_00,position_value,seed_00,F04,AB1111,v2,error_series,semisynthetic,yaw_err_deg,56642,56642,0,0,0,0,-8.746887784238425,3.847211774265304,42746
RUN_01995__v2,CORE_position_value,RUN_01995,BY2,CORE,D21_seed_00,position_value,seed_00,F04,AB1111,v2,error_series,semisynthetic,horizontal_3sigma_m,56642,56642,0,0,0,0,0.045663107980381194,42.43457969268709,0
RUN_01995__v2,CORE_position_value,RUN_01995,BY2,CORE,D21_seed_00,position_value,seed_00,F04,AB1111,v2,error_series,semisynthetic,roll_3sigma_deg,56642,56642,0,0,0,0,0.32287709400000003,6.0000398189999995,0
RUN_01995__v2,CORE_position_value,RUN_01995,BY2,CORE,D21_seed_00,position_value,seed_00,F04,AB1111,v2,error_series,semisynthetic,pitch_3sigma_deg,56642,56642,0,0,0,0,0.324812985,6.0000398189999995,0
RUN_01995__v2,CORE_position_value,RUN_01995,BY2,CORE,D21_seed_00,position_value,seed_00,F04,AB1111,v2,error_series,semisynthetic,yaw_3sigma_deg,56642,56642,0,0,0,0,0.544962657,6.0000398189999995,0
RUN_01996__v3,CORE_position_value,RUN_01996,BY2,CORE,D21_seed_00,position_value,seed_00,A03,AB0111,v3,error_series,semisynthetic,time,56642,56642,0,0,0,0,66.005054,339.997056,0
RUN_01996__v3,CORE_position_value,RUN_01996,BY2,CORE,D21_seed_00,position_value,seed_00,A03,AB0111,v3,error_series,semisynthetic,err_n_m,56642,56642,0,0,0,0,-3.1068389369983294,3.1138180110488562,33443
RUN_01996__v3,CORE_position_value,RUN_01996,BY2,CORE,D21_seed_00,position_value,seed_00,A03,AB0111,v3,error_series,semisynthetic,err_e_m,56642,56642,0,0,0,0,-3.6933390187504216,4.4846720144411165,28011
RUN_01996__v3,CORE_position_value,RUN_01996,BY2,CORE,D21_seed_00,position_value,seed_00,A03,AB0111,v3,error_series,semisynthetic,err_u_m,56642,56642,0,0,0,0,-1.93257318084137,2.746202989243977,36793
RUN_01996__v3,CORE_position_value,RUN_01996,BY2,CORE,D21_seed_00,position_value,seed_00,A03,AB0111,v3,error_series,semisynthetic,horizontal_err_m,56642,56642,0,0,0,0,0.00015269500547836643,4.948982905084367,0
RUN_01996__v3,CORE_position_value,RUN_01996,BY2,CORE,D21_seed_00,position_value,seed_00,A03,AB0111,v3,error_series,semisynthetic,position_3d_err_m,56642,56642,0,0,0,0,0.002493287324090039,5.659864190327348,0
RUN_01996__v3,CORE_position_value,RUN_01996,BY2,CORE,D21_seed_00,position_value,seed_00,A03,AB0111,v3,error_series,semisynthetic,roll_err_deg,56642,56642,0,0,0,0,-4.0457162795632655,6.820936011296567,18689
RUN_01996__v3,CORE_position_value,RUN_01996,BY2,CORE,D21_seed_00,position_value,seed_00,A03,AB0111,v3,error_series,semisynthetic,pitch_err_deg,56642,56642,0,0,0,0,-8.748165019754452,8.517574396542642,37073
RUN_01996__v3,CORE_position_value,RUN_01996,BY2,CORE,D21_seed_00,position_value,seed_00,A03,AB0111,v3,error_series,semisynthetic,yaw_err_deg,56642,56642,0,0,0,0,-8.748205057238408,3.845590736265308,42739
RUN_01996__v3,CORE_position_value,RUN_01996,BY2,CORE,D21_seed_00,position_value,seed_00,A03,AB0111,v3,error_series,semisynthetic,horizontal_3sigma_m,56642,56642,0,0,0,0,0.04601872244933777,42.43457969268709,0
RUN_01996__v3,CORE_position_value,RUN_01996,BY2,CORE,D21_seed_00,position_value,seed_00,A03,AB0111,v3,error_series,semisynthetic,roll_3sigma_deg,56642,56642,0,0,0,0,0.322885974,6.0000398189999995,0
RUN_01996__v3,CORE_position_value,RUN_01996,BY2,CORE,D21_seed_00,position_value,seed_00,A03,AB0111,v3,error_series,semisynthetic,pitch_3sigma_deg,56642,56642,0,0,0,0,0.324821967,6.0000398189999995,0
RUN_01996__v3,CORE_position_value,RUN_01996,BY2,CORE,D21_seed_00,position_value,seed_00,A03,AB0111,v3,error_series,semisynthetic,yaw_3sigma_deg,56642,56642,0,0,0,0,0.5450261279999999,6.0000398189999995,0
RUN_01996__v2,CORE_position_value,RUN_01996,BY2,CORE,D21_seed_00,position_value,seed_00,A03,AB0111,v2,error_series,semisynthetic,time,56642,56642,0,0,0,0,66.005054,339.997056,0
RUN_01996__v2,CORE_position_value,RUN_01996,BY2,CORE,D21_seed_00,position_value,seed_00,A03,AB0111,v2,error_series,semisynthetic,err_n_m,56642,56642,0,0,0,0,-3.200406322944154,3.122440448330569,27444
RUN_01996__v2,CORE_position_value,RUN_01996,BY2,CORE,D21_seed_00,position_value,seed_00,A03,AB0111,v2,error_series,semisynthetic,err_e_m,56642,56642,0,0,0,0,-3.6852588575496696,4.34115931053158,26809
RUN_01996__v2,CORE_position_value,RUN_01996,BY2,CORE,D21_seed_00,position_value,seed_00,A03,AB0111,v2,error_series,semisynthetic,err_u_m,56642,56642,0,0,0,0,-2.2386303110844317,2.4425608185254832,53559
RUN_01996__v2,CORE_position_value,RUN_01996,BY2,CORE,D21_seed_00,position_value,seed_00,A03,AB0111,v2,error_series,semisynthetic,horizontal_err_m,56642,56642,0,0,0,0,0.0057925598392914385,4.82199276837571,0
RUN_01996__v2,CORE_position_value,RUN_01996,BY2,CORE,D21_seed_00,position_value,seed_00,A03,AB0111,v2,error_series,semisynthetic,position_3d_err_m,56642,56642,0,0,0,0,0.11276198827430228,5.4053415812937775,0
RUN_01996__v2,CORE_position_value,RUN_01996,BY2,CORE,D21_seed_00,position_value,seed_00,A03,AB0111,v2,error_series,semisynthetic,roll_err_deg,56642,56642,0,0,0,0,-4.0457162795632655,6.820936011296567,18689
RUN_01996__v2,CORE_position_value,RUN_01996,BY2,CORE,D21_seed_00,position_value,seed_00,A03,AB0111,v2,error_series,semisynthetic,pitch_err_deg,56642,56642,0,0,0,0,-8.748165019754452,8.517574396542642,37073
RUN_01996__v2,CORE_position_value,RUN_01996,BY2,CORE,D21_seed_00,position_value,seed_00,A03,AB0111,v2,error_series,semisynthetic,yaw_err_deg,56642,56642,0,0,0,0,-8.748205057238408,3.845590736265308,42739
RUN_01996__v2,CORE_position_value,RUN_01996,BY2,CORE,D21_seed_00,position_value,seed_00,A03,AB0111,v2,error_series,semisynthetic,horizontal_3sigma_m,56642,56642,0,0,0,0,0.04601872244933777,42.43457969268709,0
RUN_01996__v2,CORE_position_value,RUN_01996,BY2,CORE,D21_seed_00,position_value,seed_00,A03,AB0111,v2,error_series,semisynthetic,roll_3sigma_deg,56642,56642,0,0,0,0,0.322885974,6.0000398189999995,0
RUN_01996__v2,CORE_position_value,RUN_01996,BY2,CORE,D21_seed_00,position_value,seed_00,A03,AB0111,v2,error_series,semisynthetic,pitch_3sigma_deg,56642,56642,0,0,0,0,0.324821967,6.0000398189999995,0
RUN_01996__v2,CORE_position_value,RUN_01996,BY2,CORE,D21_seed_00,position_value,seed_00,A03,AB0111,v2,error_series,semisynthetic,yaw_3sigma_deg,56642,56642,0,0,0,0,0.5450261279999999,6.0000398189999995,0
RUN_01997__v3,CORE_position_value,RUN_01997,BY2,CORE,D21_seed_00,position_value,seed_00,A04,AB1011,v3,error_series,semisynthetic,time,56642,56642,0,0,0,0,66.005054,339.997056,0
RUN_01997__v3,CORE_position_value,RUN_01997,BY2,CORE,D21_seed_00,position_value,seed_00,A04,AB1011,v3,error_series,semisynthetic,err_n_m,56642,56642,0,0,0,0,-3.424031569371408,3.292280790850697,32843
RUN_01997__v3,CORE_position_value,RUN_01997,BY2,CORE,D21_seed_00,position_value,seed_00,A04,AB1011,v3,error_series,semisynthetic,err_e_m,56642,56642,0,0,0,0,-3.259879317232574,3.6032734386123657,28123
RUN_01997__v3,CORE_position_value,RUN_01997,BY2,CORE,D21_seed_00,position_value,seed_00,A04,AB1011,v3,error_series,semisynthetic,err_u_m,56642,56642,0,0,0,0,-2.264554229998783,2.461674312498707,36828
RUN_01997__v3,CORE_position_value,RUN_01997,BY2,CORE,D21_seed_00,position_value,seed_00,A04,AB1011,v3,error_series,semisynthetic,horizontal_err_m,56642,56642,0,0,0,0,8.068210103736989e-05,4.20786447552722,0
RUN_01997__v3,CORE_position_value,RUN_01997,BY2,CORE,D21_seed_00,position_value,seed_00,A04,AB1011,v3,error_series,semisynthetic,position_3d_err_m,56642,56642,0,0,0,0,0.0023530191128845863,4.671763115897602,0
RUN_01997__v3,CORE_position_value,RUN_01997,BY2,CORE,D21_seed_00,position_value,seed_00,A04,AB1011,v3,error_series,semisynthetic,roll_err_deg,56642,56642,0,0,0,0,-3.9089992195632703,6.5155316301394635,19476
RUN_01997__v3,CORE_position_value,RUN_01997,BY2,CORE,D21_seed_00,position_value,seed_00,A04,AB1011,v3,error_series,semisynthetic,pitch_err_deg,56642,56642,0,0,0,0,-8.341846328754457,8.510146507542629,36882
RUN_01997__v3,CORE_position_value,RUN_01997,BY2,CORE,D21_seed_00,position_value,seed_00,A04,AB1011,v3,error_series,semisynthetic,yaw_err_deg,56642,56642,0,0,0,0,-8.644281202238403,3.9352046242653103,42319
RUN_01997__v3,CORE_position_value,RUN_01997,BY2,CORE,D21_seed_00,position_value,seed_00,A04,AB1011,v3,error_series,semisynthetic,horizontal_3sigma_m,56642,56642,0,0,0,0,0.04477354078057585,42.43457969268709,0
RUN_01997__v3,CORE_position_value,RUN_01997,BY2,CORE,D21_seed_00,position_value,seed_00,A04,AB1011,v3,error_series,semisynthetic,roll_3sigma_deg,56642,56642,0,0,0,0,0.30303468899999997,6.0000398189999995,0
RUN_01997__v3,CORE_position_value,RUN_01997,BY2,CORE,D21_seed_00,position_value,seed_00,A04,AB1011,v3,error_series,semisynthetic,pitch_3sigma_deg,56642,56642,0,0,0,0,0.30421498199999997,6.0000398189999995,0
RUN_01997__v3,CORE_position_value,RUN_01997,BY2,CORE,D21_seed_00,position_value,seed_00,A04,AB1011,v3,error_series,semisynthetic,yaw_3sigma_deg,56642,56642,0,0,0,0,0.544652493,6.0000398189999995,0
RUN_01997__v2,CORE_position_value,RUN_01997,BY2,CORE,D21_seed_00,position_value,seed_00,A04,AB1011,v2,error_series,semisynthetic,time,56642,56642,0,0,0,0,66.005054,339.997056,0
RUN_01997__v2,CORE_position_value,RUN_01997,BY2,CORE,D21_seed_00,position_value,seed_00,A04,AB1011,v2,error_series,semisynthetic,err_n_m,56642,56642,0,0,0,0,-3.519412219228535,3.16842070423721,26842
RUN_01997__v2,CORE_position_value,RUN_01997,BY2,CORE,D21_seed_00,position_value,seed_00,A04,AB1011,v2,error_series,semisynthetic,err_e_m,56642,56642,0,0,0,0,-3.399168056639894,3.584267566126673,26968
RUN_01997__v2,CORE_position_value,RUN_01997,BY2,CORE,D21_seed_00,position_value,seed_00,A04,AB1011,v2,error_series,semisynthetic,err_u_m,56642,56642,0,0,0,0,-2.5696919355488532,2.1572285610281705,53500
RUN_01997__v2,CORE_position_value,RUN_01997,BY2,CORE,D21_seed_00,position_value,seed_00,A04,AB1011,v2,error_series,semisynthetic,horizontal_err_m,56642,56642,0,0,0,0,0.0025407178931589353,4.1064106207019275,0
RUN_01997__v2,CORE_position_value,RUN_01997,BY2,CORE,D21_seed_00,position_value,seed_00,A04,AB1011,v2,error_series,semisynthetic,position_3d_err_m,56642,56642,0,0,0,0,0.13528257903551572,4.43040493581456,0
RUN_01997__v2,CORE_position_value,RUN_01997,BY2,CORE,D21_seed_00,position_value,seed_00,A04,AB1011,v2,error_series,semisynthetic,roll_err_deg,56642,56642,0,0,0,0,-3.9089992195632703,6.5155316301394635,19476
RUN_01997__v2,CORE_position_value,RUN_01997,BY2,CORE,D21_seed_00,position_value,seed_00,A04,AB1011,v2,error_series,semisynthetic,pitch_err_deg,56642,56642,0,0,0,0,-8.341846328754457,8.510146507542629,36882
RUN_01997__v2,CORE_position_value,RUN_01997,BY2,CORE,D21_seed_00,position_value,seed_00,A04,AB1011,v2,error_series,semisynthetic,yaw_err_deg,56642,56642,0,0,0,0,-8.644281202238403,3.9352046242653103,42319
RUN_01997__v2,CORE_position_value,RUN_01997,BY2,CORE,D21_seed_00,position_value,seed_00,A04,AB1011,v2,error_series,semisynthetic,horizontal_3sigma_m,56642,56642,0,0,0,0,0.04477354078057585,42.43457969268709,0
RUN_01997__v2,CORE_position_value,RUN_01997,BY2,CORE,D21_seed_00,position_value,seed_00,A04,AB1011,v2,error_series,semisynthetic,roll_3sigma_deg,56642,56642,0,0,0,0,0.30303468899999997,6.0000398189999995,0
RUN_01997__v2,CORE_position_value,RUN_01997,BY2,CORE,D21_seed_00,position_value,seed_00,A04,AB1011,v2,error_series,semisynthetic,pitch_3sigma_deg,56642,56642,0,0,0,0,0.30421498199999997,6.0000398189999995,0
RUN_01997__v2,CORE_position_value,RUN_01997,BY2,CORE,D21_seed_00,position_value,seed_00,A04,AB1011,v2,error_series,semisynthetic,yaw_3sigma_deg,56642,56642,0,0,0,0,0.544652493,6.0000398189999995,0
RUN_01998__v3,CORE_position_value,RUN_01998,BY2,CORE,D21_seed_00,position_value,seed_00,A05,AB1101,v3,error_series,semisynthetic,time,56642,56642,0,0,0,0,66.005054,339.997056,0
RUN_01998__v3,CORE_position_value,RUN_01998,BY2,CORE,D21_seed_00,position_value,seed_00,A05,AB1101,v3,error_series,semisynthetic,err_n_m,56642,56642,0,0,0,0,-3.1089535551581022,3.081815353032347,34101
RUN_01998__v3,CORE_position_value,RUN_01998,BY2,CORE,D21_seed_00,position_value,seed_00,A05,AB1101,v3,error_series,semisynthetic,err_e_m,56642,56642,0,0,0,0,-3.6514440006619253,4.455216718487506,27661
RUN_01998__v3,CORE_position_value,RUN_01998,BY2,CORE,D21_seed_00,position_value,seed_00,A05,AB1101,v3,error_series,semisynthetic,err_u_m,56642,56642,0,0,0,0,-1.9312117204079229,2.7333765972164543,35480
RUN_01998__v3,CORE_position_value,RUN_01998,BY2,CORE,D21_seed_00,position_value,seed_00,A05,AB1101,v3,error_series,semisynthetic,horizontal_err_m,56642,56642,0,0,0,0,0.00023807279479842326,4.9214023652704375,0
RUN_01998__v3,CORE_position_value,RUN_01998,BY2,CORE,D21_seed_00,position_value,seed_00,A05,AB1101,v3,error_series,semisynthetic,position_3d_err_m,56642,56642,0,0,0,0,0.001887468654424524,5.629524745757856,0
RUN_01998__v3,CORE_position_value,RUN_01998,BY2,CORE,D21_seed_00,position_value,seed_00,A05,AB1101,v3,error_series,semisynthetic,roll_err_deg,56642,56642,0,0,0,0,-4.030465721563274,9.215826377296594,12952
RUN_01998__v3,CORE_position_value,RUN_01998,BY2,CORE,D21_seed_00,position_value,seed_00,A05,AB1101,v3,error_series,semisynthetic,pitch_err_deg,56642,56642,0,0,0,0,-10.258828223754449,8.453356745542635,37507
RUN_01998__v3,CORE_position_value,RUN_01998,BY2,CORE,D21_seed_00,position_value,seed_00,A05,AB1101,v3,error_series,semisynthetic,yaw_err_deg,56642,56642,0,0,0,0,-8.81713472323841,3.8026483852653143,43001
RUN_01998__v3,CORE_position_value,RUN_01998,BY2,CORE,D21_seed_00,position_value,seed_00,A05,AB1101,v3,error_series,semisynthetic,horizontal_3sigma_m,56642,56642,0,0,0,0,0.045696610247544844,42.43457969268709,0
RUN_01998__v3,CORE_position_value,RUN_01998,BY2,CORE,D21_seed_00,position_value,seed_00,A05,AB1101,v3,error_series,semisynthetic,roll_3sigma_deg,56642,56642,0,0,0,0,0.399735657,6.0000398189999995,0
RUN_01998__v3,CORE_position_value,RUN_01998,BY2,CORE,D21_seed_00,position_value,seed_00,A05,AB1101,v3,error_series,semisynthetic,pitch_3sigma_deg,56642,56642,0,0,0,0,0.40796057399999996,6.0000398189999995,0
RUN_01998__v3,CORE_position_value,RUN_01998,BY2,CORE,D21_seed_00,position_value,seed_00,A05,AB1101,v3,error_series,semisynthetic,yaw_3sigma_deg,56642,56642,0,0,0,0,0.5451559770000001,6.0000398189999995,0
RUN_01998__v2,CORE_position_value,RUN_01998,BY2,CORE,D21_seed_00,position_value,seed_00,A05,AB1101,v2,error_series,semisynthetic,time,56642,56642,0,0,0,0,66.005054,339.997056,0
RUN_01998__v2,CORE_position_value,RUN_01998,BY2,CORE,D21_seed_00,position_value,seed_00,A05,AB1101,v2,error_series,semisynthetic,err_n_m,56642,56642,0,0,0,0,-3.1936331162959135,3.0732522371582505,26690
RUN_01998__v2,CORE_position_value,RUN_01998,BY2,CORE,D21_seed_00,position_value,seed_00,A05,AB1101,v2,error_series,semisynthetic,err_e_m,56642,56642,0,0,0,0,-3.64195414812842,4.311691845057354,27341
RUN_01998__v2,CORE_position_value,RUN_01998,BY2,CORE,D21_seed_00,position_value,seed_00,A05,AB1101,v2,error_series,semisynthetic,err_u_m,56642,56642,0,0,0,0,-2.24139263789386,2.429711268815822,53566
RUN_01998__v2,CORE_position_value,RUN_01998,BY2,CORE,D21_seed_00,position_value,seed_00,A05,AB1101,v2,error_series,semisynthetic,horizontal_err_m,56642,56642,0,0,0,0,0.008189664888929894,4.793829806462131,0
RUN_01998__v2,CORE_position_value,RUN_01998,BY2,CORE,D21_seed_00,position_value,seed_00,A05,AB1101,v2,error_series,semisynthetic,position_3d_err_m,56642,56642,0,0,0,0,0.11449250529094818,5.374411694607638,0
RUN_01998__v2,CORE_position_value,RUN_01998,BY2,CORE,D21_seed_00,position_value,seed_00,A05,AB1101,v2,error_series,semisynthetic,roll_err_deg,56642,56642,0,0,0,0,-4.030465721563274,9.215826377296594,12952
RUN_01998__v2,CORE_position_value,RUN_01998,BY2,CORE,D21_seed_00,position_value,seed_00,A05,AB1101,v2,error_series,semisynthetic,pitch_err_deg,56642,56642,0,0,0,0,-10.258828223754449,8.453356745542635,37507
RUN_01998__v2,CORE_position_value,RUN_01998,BY2,CORE,D21_seed_00,position_value,seed_00,A05,AB1101,v2,error_series,semisynthetic,yaw_err_deg,56642,56642,0,0,0,0,-8.81713472323841,3.8026483852653143,43001
RUN_01998__v2,CORE_position_value,RUN_01998,BY2,CORE,D21_seed_00,position_value,seed_00,A05,AB1101,v2,error_series,semisynthetic,horizontal_3sigma_m,56642,56642,0,0,0,0,0.045696610247544844,42.43457969268709,0
RUN_01998__v2,CORE_position_value,RUN_01998,BY2,CORE,D21_seed_00,position_value,seed_00,A05,AB1101,v2,error_series,semisynthetic,roll_3sigma_deg,56642,56642,0,0,0,0,0.399735657,6.0000398189999995,0
RUN_01998__v2,CORE_position_value,RUN_01998,BY2,CORE,D21_seed_00,position_value,seed_00,A05,AB1101,v2,error_series,semisynthetic,pitch_3sigma_deg,56642,56642,0,0,0,0,0.40796057399999996,6.0000398189999995,0
RUN_01998__v2,CORE_position_value,RUN_01998,BY2,CORE,D21_seed_00,position_value,seed_00,A05,AB1101,v2,error_series,semisynthetic,yaw_3sigma_deg,56642,56642,0,0,0,0,0.5451559770000001,6.0000398189999995,0
RUN_01999__v3,CORE_position_value,RUN_01999,BY2,CORE,D21_seed_00,position_value,seed_00,A06,AB1110,v3,error_series,semisynthetic,time,56642,56642,0,0,0,0,66.005054,339.997056,0
RUN_01999__v3,CORE_position_value,RUN_01999,BY2,CORE,D21_seed_00,position_value,seed_00,A06,AB1110,v3,error_series,semisynthetic,err_n_m,56642,56642,0,0,0,0,-3.340772825148626,3.323365371263055,33078
RUN_01999__v3,CORE_position_value,RUN_01999,BY2,CORE,D21_seed_00,position_value,seed_00,A06,AB1110,v3,error_series,semisynthetic,err_e_m,56642,56642,0,0,0,0,-3.7874310803808697,4.614486956300468,27866
RUN_01999__v3,CORE_position_value,RUN_01999,BY2,CORE,D21_seed_00,position_value,seed_00,A06,AB1110,v3,error_series,semisynthetic,err_u_m,56642,56642,0,0,0,0,-1.9427046987741328,2.7405569216832837,36636
RUN_01999__v3,CORE_position_value,RUN_01999,BY2,CORE,D21_seed_00,position_value,seed_00,A06,AB1110,v3,error_series,semisynthetic,horizontal_err_m,56642,56642,0,0,0,0,0.000343597952952294,5.087520884508515,0
RUN_01999__v3,CORE_position_value,RUN_01999,BY2,CORE,D21_seed_00,position_value,seed_00,A06,AB1110,v3,error_series,semisynthetic,position_3d_err_m,56642,56642,0,0,0,0,0.0016844877221734828,5.778712745179194,0
RUN_01999__v3,CORE_position_value,RUN_01999,BY2,CORE,D21_seed_00,position_value,seed_00,A06,AB1110,v3,error_series,semisynthetic,roll_err_deg,56642,56642,0,0,0,0,-4.045138101563282,6.828311695296577,18680
RUN_01999__v3,CORE_position_value,RUN_01999,BY2,CORE,D21_seed_00,position_value,seed_00,A06,AB1110,v3,error_series,semisynthetic,pitch_err_deg,56642,56642,0,0,0,0,-8.768169733754462,8.520234911542644,37052
RUN_01999__v3,CORE_position_value,RUN_01999,BY2,CORE,D21_seed_00,position_value,seed_00,A06,AB1110,v3,error_series,semisynthetic,yaw_err_deg,56642,56642,0,0,0,0,-8.762533916238397,3.8353946402652923,42812
RUN_01999__v3,CORE_position_value,RUN_01999,BY2,CORE,D21_seed_00,position_value,seed_00,A06,AB1110,v3,error_series,semisynthetic,horizontal_3sigma_m,56642,56642,0,0,0,0,0.04650587639792887,42.43457969268709,0
RUN_01999__v3,CORE_position_value,RUN_01999,BY2,CORE,D21_seed_00,position_value,seed_00,A06,AB1110,v3,error_series,semisynthetic,roll_3sigma_deg,56642,56642,0,0,0,0,0.32291190000000003,6.0000398189999995,0
RUN_01999__v3,CORE_position_value,RUN_01999,BY2,CORE,D21_seed_00,position_value,seed_00,A06,AB1110,v3,error_series,semisynthetic,pitch_3sigma_deg,56642,56642,0,0,0,0,0.324845211,6.0000398189999995,0
RUN_01999__v3,CORE_position_value,RUN_01999,BY2,CORE,D21_seed_00,position_value,seed_00,A06,AB1110,v3,error_series,semisynthetic,yaw_3sigma_deg,56642,56642,0,0,0,0,0.545018271,6.0000398189999995,0
RUN_01999__v2,CORE_position_value,RUN_01999,BY2,CORE,D21_seed_00,position_value,seed_00,A06,AB1110,v2,error_series,semisynthetic,time,56642,56642,0,0,0,0,66.005054,339.997056,0
RUN_01999__v2,CORE_position_value,RUN_01999,BY2,CORE,D21_seed_00,position_value,seed_00,A06,AB1110,v2,error_series,semisynthetic,err_n_m,56642,56642,0,0,0,0,-3.434135178613019,3.3334058021138286,27447
RUN_01999__v2,CORE_position_value,RUN_01999,BY2,CORE,D21_seed_00,position_value,seed_00,A06,AB1110,v2,error_series,semisynthetic,err_e_m,56642,56642,0,0,0,0,-3.779299853304863,4.4708176875725485,26902
RUN_01999__v2,CORE_position_value,RUN_01999,BY2,CORE,D21_seed_00,position_value,seed_00,A06,AB1110,v2,error_series,semisynthetic,err_u_m,56642,56642,0,0,0,0,-2.2487665631162983,2.4369866814877694,53558
RUN_01999__v2,CORE_position_value,RUN_01999,BY2,CORE,D21_seed_00,position_value,seed_00,A06,AB1110,v2,error_series,semisynthetic,horizontal_err_m,56642,56642,0,0,0,0,0.00385890075326411,4.960196227647569,0
RUN_01999__v2,CORE_position_value,RUN_01999,BY2,CORE,D21_seed_00,position_value,seed_00,A06,AB1110,v2,error_series,semisynthetic,position_3d_err_m,56642,56642,0,0,0,0,0.15747151350587132,5.526522478242348,0
RUN_01999__v2,CORE_position_value,RUN_01999,BY2,CORE,D21_seed_00,position_value,seed_00,A06,AB1110,v2,error_series,semisynthetic,roll_err_deg,56642,56642,0,0,0,0,-4.045138101563282,6.828311695296577,18680
RUN_01999__v2,CORE_position_value,RUN_01999,BY2,CORE,D21_seed_00,position_value,seed_00,A06,AB1110,v2,error_series,semisynthetic,pitch_err_deg,56642,56642,0,0,0,0,-8.768169733754462,8.520234911542644,37052
RUN_01999__v2,CORE_position_value,RUN_01999,BY2,CORE,D21_seed_00,position_value,seed_00,A06,AB1110,v2,error_series,semisynthetic,yaw_err_deg,56642,56642,0,0,0,0,-8.762533916238397,3.8353946402652923,42812
RUN_01999__v2,CORE_position_value,RUN_01999,BY2,CORE,D21_seed_00,position_value,seed_00,A06,AB1110,v2,error_series,semisynthetic,horizontal_3sigma_m,56642,56642,0,0,0,0,0.04650587639792887,42.43457969268709,0
RUN_01999__v2,CORE_position_value,RUN_01999,BY2,CORE,D21_seed_00,position_value,seed_00,A06,AB1110,v2,error_series,semisynthetic,roll_3sigma_deg,56642,56642,0,0,0,0,0.32291190000000003,6.0000398189999995,0
RUN_01999__v2,CORE_position_value,RUN_01999,BY2,CORE,D21_seed_00,position_value,seed_00,A06,AB1110,v2,error_series,semisynthetic,pitch_3sigma_deg,56642,56642,0,0,0,0,0.324845211,6.0000398189999995,0
RUN_01999__v2,CORE_position_value,RUN_01999,BY2,CORE,D21_seed_00,position_value,seed_00,A06,AB1110,v2,error_series,semisynthetic,yaw_3sigma_deg,56642,56642,0,0,0,0,0.545018271,6.0000398189999995,0
RUN_02000__v3,CORE_position_value,RUN_02000,BY2,CORE,D21_seed_00,position_value,seed_00,A07,AB1100,v3,error_series,semisynthetic,time,56642,56642,0,0,0,0,66.005054,339.997056,0
RUN_02000__v3,CORE_position_value,RUN_02000,BY2,CORE,D21_seed_00,position_value,seed_00,A07,AB1100,v3,error_series,semisynthetic,err_n_m,56642,56642,0,0,0,0,-3.3488853377434893,3.352849687183131,34041
RUN_02000__v3,CORE_position_value,RUN_02000,BY2,CORE,D21_seed_00,position_value,seed_00,A07,AB1100,v3,error_series,semisynthetic,err_e_m,56642,56642,0,0,0,0,-3.7866566196445604,4.626733137589312,27519
RUN_02000__v3,CORE_position_value,RUN_02000,BY2,CORE,D21_seed_00,position_value,seed_00,A07,AB1100,v3,error_series,semisynthetic,err_u_m,56642,56642,0,0,0,0,-1.9422046301496998,2.74317770406809,35532
RUN_02000__v3,CORE_position_value,RUN_02000,BY2,CORE,D21_seed_00,position_value,seed_00,A07,AB1100,v3,error_series,semisynthetic,horizontal_err_m,56642,56642,0,0,0,0,0.0002551782622761889,5.104203986912995,0
RUN_02000__v3,CORE_position_value,RUN_02000,BY2,CORE,D21_seed_00,position_value,seed_00,A07,AB1100,v3,error_series,semisynthetic,position_3d_err_m,56642,56642,0,0,0,0,0.00383042884387018,5.794645999206059,0
RUN_02000__v3,CORE_position_value,RUN_02000,BY2,CORE,D21_seed_00,position_value,seed_00,A07,AB1100,v3,error_series,semisynthetic,roll_err_deg,56642,56642,0,0,0,0,-4.02505476856328,9.227081605296576,13084
RUN_02000__v3,CORE_position_value,RUN_02000,BY2,CORE,D21_seed_00,position_value,seed_00,A07,AB1100,v3,error_series,semisynthetic,pitch_err_deg,56642,56642,0,0,0,0,-10.290597200754462,8.459401863542638,37453
RUN_02000__v3,CORE_position_value,RUN_02000,BY2,CORE,D21_seed_00,position_value,seed_00,A07,AB1100,v3,error_series,semisynthetic,yaw_err_deg,56642,56642,0,0,0,0,-8.832835999238398,3.788031256265299,43114
RUN_02000__v3,CORE_position_value,RUN_02000,BY2,CORE,D21_seed_00,position_value,seed_00,A07,AB1100,v3,error_series,semisynthetic,horizontal_3sigma_m,56642,56642,0,0,0,0,0.04654538000819361,42.43457969268709,0
RUN_02000__v3,CORE_position_value,RUN_02000,BY2,CORE,D21_seed_00,position_value,seed_00,A07,AB1100,v3,error_series,semisynthetic,roll_3sigma_deg,56642,56642,0,0,0,0,0.399846861,6.0000398189999995,0
RUN_02000__v3,CORE_position_value,RUN_02000,BY2,CORE,D21_seed_00,position_value,seed_00,A07,AB1100,v3,error_series,semisynthetic,pitch_3sigma_deg,56642,56642,0,0,0,0,0.40806953999999995,6.0000398189999995,0
RUN_02000__v3,CORE_position_value,RUN_02000,BY2,CORE,D21_seed_00,position_value,seed_00,A07,AB1100,v3,error_series,semisynthetic,yaw_3sigma_deg,56642,56642,0,0,0,0,0.545212587,6.0000398189999995,0
RUN_02000__v2,CORE_position_value,RUN_02000,BY2,CORE,D21_seed_00,position_value,seed_00,A07,AB1100,v2,error_series,semisynthetic,time,56642,56642,0,0,0,0,66.005054,339.997056,0
RUN_02000__v2,CORE_position_value,RUN_02000,BY2,CORE,D21_seed_00,position_value,seed_00,A07,AB1100,v2,error_series,semisynthetic,err_n_m,56642,56642,0,0,0,0,-3.4332468780178473,3.3599429846027027,26893
RUN_02000__v2,CORE_position_value,RUN_02000,BY2,CORE,D21_seed_00,position_value,seed_00,A07,AB1100,v2,error_series,semisynthetic,err_e_m,56642,56642,0,0,0,0,-3.7769936917054707,4.482775680499472,27363
RUN_02000__v2,CORE_position_value,RUN_02000,BY2,CORE,D21_seed_00,position_value,seed_00,A07,AB1100,v2,error_series,semisynthetic,err_u_m,56642,56642,0,0,0,0,-2.2523829967478797,2.4397105325153166,53556
RUN_02000__v2,CORE_position_value,RUN_02000,BY2,CORE,D21_seed_00,position_value,seed_00,A07,AB1100,v2,error_series,semisynthetic,horizontal_err_m,56642,56642,0,0,0,0,0.005150892367011039,4.975833980861357,0
RUN_02000__v2,CORE_position_value,RUN_02000,BY2,CORE,D21_seed_00,position_value,seed_00,A07,AB1100,v2,error_series,semisynthetic,position_3d_err_m,56642,56642,0,0,0,0,0.15588309251501703,5.541760666752106,0
RUN_02000__v2,CORE_position_value,RUN_02000,BY2,CORE,D21_seed_00,position_value,seed_00,A07,AB1100,v2,error_series,semisynthetic,roll_err_deg,56642,56642,0,0,0,0,-4.02505476856328,9.227081605296576,13084
RUN_02000__v2,CORE_position_value,RUN_02000,BY2,CORE,D21_seed_00,position_value,seed_00,A07,AB1100,v2,error_series,semisynthetic,pitch_err_deg,56642,56642,0,0,0,0,-10.290597200754462,8.459401863542638,37453
RUN_02000__v2,CORE_position_value,RUN_02000,BY2,CORE,D21_seed_00,position_value,seed_00,A07,AB1100,v2,error_series,semisynthetic,yaw_err_deg,56642,56642,0,0,0,0,-8.832835999238398,3.788031256265299,43114
RUN_02000__v2,CORE_position_value,RUN_02000,BY2,CORE,D21_seed_00,position_value,seed_00,A07,AB1100,v2,error_series,semisynthetic,horizontal_3sigma_m,56642,56642,0,0,0,0,0.04654538000819361,42.43457969268709,0
RUN_02000__v2,CORE_position_value,RUN_02000,BY2,CORE,D21_seed_00,position_value,seed_00,A07,AB1100,v2,error_series,semisynthetic,roll_3sigma_deg,56642,56642,0,0,0,0,0.399846861,6.0000398189999995,0
RUN_02000__v2,CORE_position_value,RUN_02000,BY2,CORE,D21_seed_00,position_value,seed_00,A07,AB1100,v2,error_series,semisynthetic,pitch_3sigma_deg,56642,56642,0,0,0,0,0.40806953999999995,6.0000398189999995,0
RUN_02000__v2,CORE_position_value,RUN_02000,BY2,CORE,D21_seed_00,position_value,seed_00,A07,AB1100,v2,error_series,semisynthetic,yaw_3sigma_deg,56642,56642,0,0,0,0,0.545212587,6.0000398189999995,0
RUN_02001__v3,CORE_position_value,RUN_02001,BY2,CORE,D21_seed_00,position_value,seed_00,A08,AB1000,v3,error_series,semisynthetic,time,56642,56642,0,0,0,0,66.005054,339.997056,0
RUN_02001__v3,CORE_position_value,RUN_02001,BY2,CORE,D21_seed_00,position_value,seed_00,A08,AB1000,v3,error_series,semisynthetic,err_n_m,56642,56642,0,0,0,0,-3.825625347630101,3.6630913054102905,33737
RUN_02001__v3,CORE_position_value,RUN_02001,BY2,CORE,D21_seed_00,position_value,seed_00,A08,AB1000,v3,error_series,semisynthetic,err_e_m,56642,56642,0,0,0,0,-3.6171896199403903,3.99975701832113,27530
RUN_02001__v3,CORE_position_value,RUN_02001,BY2,CORE,D21_seed_00,position_value,seed_00,A08,AB1000,v3,error_series,semisynthetic,err_u_m,56642,56642,0,0,0,0,-2.2614626219348537,2.4613171045771387,35638
RUN_02001__v3,CORE_position_value,RUN_02001,BY2,CORE,D21_seed_00,position_value,seed_00,A08,AB1000,v3,error_series,semisynthetic,horizontal_err_m,56642,56642,0,0,0,0,0.0002576838323785113,4.545604671284353,0
RUN_02001__v3,CORE_position_value,RUN_02001,BY2,CORE,D21_seed_00,position_value,seed_00,A08,AB1000,v3,error_series,semisynthetic,position_3d_err_m,56642,56642,0,0,0,0,0.0026919360647164347,4.9674737031550915,0
RUN_02001__v3,CORE_position_value,RUN_02001,BY2,CORE,D21_seed_00,position_value,seed_00,A08,AB1000,v3,error_series,semisynthetic,roll_err_deg,56642,56642,0,0,0,0,-3.898025317563281,9.199703788296574,12553
RUN_02001__v3,CORE_position_value,RUN_02001,BY2,CORE,D21_seed_00,position_value,seed_00,A08,AB1000,v3,error_series,semisynthetic,pitch_err_deg,56642,56642,0,0,0,0,-10.22134882675445,8.52224887454264,37227
RUN_02001__v3,CORE_position_value,RUN_02001,BY2,CORE,D21_seed_00,position_value,seed_00,A08,AB1000,v3,error_series,semisynthetic,yaw_err_deg,56642,56642,0,0,0,0,-8.736898905238405,3.8448174032652958,42965
RUN_02001__v3,CORE_position_value,RUN_02001,BY2,CORE,D21_seed_00,position_value,seed_00,A08,AB1000,v3,error_series,semisynthetic,horizontal_3sigma_m,56642,56642,0,0,0,0,0.04634482538054724,42.43457969268709,0
RUN_02001__v3,CORE_position_value,RUN_02001,BY2,CORE,D21_seed_00,position_value,seed_00,A08,AB1000,v3,error_series,semisynthetic,roll_3sigma_deg,56642,56642,0,0,0,0,0.399884706,6.0000398189999995,0
RUN_02001__v3,CORE_position_value,RUN_02001,BY2,CORE,D21_seed_00,position_value,seed_00,A08,AB1000,v3,error_series,semisynthetic,pitch_3sigma_deg,56642,56642,0,0,0,0,0.40816404900000003,6.0000398189999995,0
RUN_02001__v3,CORE_position_value,RUN_02001,BY2,CORE,D21_seed_00,position_value,seed_00,A08,AB1000,v3,error_series,semisynthetic,yaw_3sigma_deg,56642,56642,0,0,0,0,0.544488,6.0000398189999995,0
RUN_02001__v2,CORE_position_value,RUN_02001,BY2,CORE,D21_seed_00,position_value,seed_00,A08,AB1000,v2,error_series,semisynthetic,time,56642,56642,0,0,0,0,66.005054,339.997056,0
RUN_02001__v2,CORE_position_value,RUN_02001,BY2,CORE,D21_seed_00,position_value,seed_00,A08,AB1000,v2,error_series,semisynthetic,err_n_m,56642,56642,0,0,0,0,-3.9095894320579347,3.53705737019904,26405
RUN_02001__v2,CORE_position_value,RUN_02001,BY2,CORE,D21_seed_00,position_value,seed_00,A08,AB1000,v2,error_series,semisynthetic,err_e_m,56642,56642,0,0,0,0,-3.7751602687792882,3.966153171882798,27476
RUN_02001__v2,CORE_position_value,RUN_02001,BY2,CORE,D21_seed_00,position_value,seed_00,A08,AB1000,v2,error_series,semisynthetic,err_u_m,56642,56642,0,0,0,0,-2.5716346313990712,2.1570009062121174,53500
RUN_02001__v2,CORE_position_value,RUN_02001,BY2,CORE,D21_seed_00,position_value,seed_00,A08,AB1000,v2,error_series,semisynthetic,horizontal_err_m,56642,56642,0,0,0,0,0.00047745583151184164,4.445615926787387,0
RUN_02001__v2,CORE_position_value,RUN_02001,BY2,CORE,D21_seed_00,position_value,seed_00,A08,AB1000,v2,error_series,semisynthetic,position_3d_err_m,56642,56642,0,0,0,0,0.11910553261284083,4.746694278831839,0
RUN_02001__v2,CORE_position_value,RUN_02001,BY2,CORE,D21_seed_00,position_value,seed_00,A08,AB1000,v2,error_series,semisynthetic,roll_err_deg,56642,56642,0,0,0,0,-3.898025317563281,9.199703788296574,12553
RUN_02001__v2,CORE_position_value,RUN_02001,BY2,CORE,D21_seed_00,position_value,seed_00,A08,AB1000,v2,error_series,semisynthetic,pitch_err_deg,56642,56642,0,0,0,0,-10.22134882675445,8.52224887454264,37227
RUN_02001__v2,CORE_position_value,RUN_02001,BY2,CORE,D21_seed_00,position_value,seed_00,A08,AB1000,v2,error_series,semisynthetic,yaw_err_deg,56642,56642,0,0,0,0,-8.736898905238405,3.8448174032652958,42965
RUN_02001__v2,CORE_position_value,RUN_02001,BY2,CORE,D21_seed_00,position_value,seed_00,A08,AB1000,v2,error_series,semisynthetic,horizontal_3sigma_m,56642,56642,0,0,0,0,0.04634482538054724,42.43457969268709,0
RUN_02001__v2,CORE_position_value,RUN_02001,BY2,CORE,D21_seed_00,position_value,seed_00,A08,AB1000,v2,error_series,semisynthetic,roll_3sigma_deg,56642,56642,0,0,0,0,0.399884706,6.0000398189999995,0
RUN_02001__v2,CORE_position_value,RUN_02001,BY2,CORE,D21_seed_00,position_value,seed_00,A08,AB1000,v2,error_series,semisynthetic,pitch_3sigma_deg,56642,56642,0,0,0,0,0.40816404900000003,6.0000398189999995,0
RUN_02001__v2,CORE_position_value,RUN_02001,BY2,CORE,D21_seed_00,position_value,seed_00,A08,AB1000,v2,error_series,semisynthetic,yaw_3sigma_deg,56642,56642,0,0,0,0,0.544488,6.0000398189999995,0
RUN_02002__v3,CORE_position_value,RUN_02002,BY2,CORE,D21_seed_00,position_value,seed_00,A09,AB0100,v3,error_series,semisynthetic,time,56642,56642,0,0,0,0,66.005054,339.997056,0
RUN_02002__v3,CORE_position_value,RUN_02002,BY2,CORE,D21_seed_00,position_value,seed_00,A09,AB0100,v3,error_series,semisynthetic,err_n_m,56642,56642,0,0,0,0,-3.3537685225572957,3.4225606649528553,34325
RUN_02002__v3,CORE_position_value,RUN_02002,BY2,CORE,D21_seed_00,position_value,seed_00,A09,AB0100,v3,error_series,semisynthetic,err_e_m,56642,56642,0,0,0,0,-3.8327040873754186,4.662912667688545,27627
RUN_02002__v3,CORE_position_value,RUN_02002,BY2,CORE,D21_seed_00,position_value,seed_00,A09,AB0100,v3,error_series,semisynthetic,err_u_m,56642,56642,0,0,0,0,-1.9421134550671155,2.7559170002793456,35665
RUN_02002__v3,CORE_position_value,RUN_02002,BY2,CORE,D21_seed_00,position_value,seed_00,A09,AB0100,v3,error_series,semisynthetic,horizontal_err_m,56642,56642,0,0,0,0,0.00027403725551363735,5.14244232524121,0
RUN_02002__v3,CORE_position_value,RUN_02002,BY2,CORE,D21_seed_00,position_value,seed_00,A09,AB0100,v3,error_series,semisynthetic,position_3d_err_m,56642,56642,0,0,0,0,0.003647793020315512,5.834362997008407,0
RUN_02002__v3,CORE_position_value,RUN_02002,BY2,CORE,D21_seed_00,position_value,seed_00,A09,AB0100,v3,error_series,semisynthetic,roll_err_deg,56642,56642,0,0,0,0,-4.011225365563263,9.22477301629658,13138
RUN_02002__v3,CORE_position_value,RUN_02002,BY2,CORE,D21_seed_00,position_value,seed_00,A09,AB0100,v3,error_series,semisynthetic,pitch_err_deg,56642,56642,0,0,0,0,-10.294858273754471,8.44759791954263,37480
RUN_02002__v3,CORE_position_value,RUN_02002,BY2,CORE,D21_seed_00,position_value,seed_00,A09,AB0100,v3,error_series,semisynthetic,yaw_err_deg,56642,56642,0,0,0,0,-8.833699264238419,3.7853630192653043,43125
RUN_02002__v3,CORE_position_value,RUN_02002,BY2,CORE,D21_seed_00,position_value,seed_00,A09,AB0100,v3,error_series,semisynthetic,horizontal_3sigma_m,56642,56642,0,0,0,0,0.04694319424300486,42.43457969268709,0
RUN_02002__v3,CORE_position_value,RUN_02002,BY2,CORE,D21_seed_00,position_value,seed_00,A09,AB0100,v3,error_series,semisynthetic,roll_3sigma_deg,56642,56642,0,0,0,0,0.399903303,6.0000398189999995,0
RUN_02002__v3,CORE_position_value,RUN_02002,BY2,CORE,D21_seed_00,position_value,seed_00,A09,AB0100,v3,error_series,semisynthetic,pitch_3sigma_deg,56642,56642,0,0,0,0,0.408119982,6.0000398189999995,0
RUN_02002__v3,CORE_position_value,RUN_02002,BY2,CORE,D21_seed_00,position_value,seed_00,A09,AB0100,v3,error_series,semisynthetic,yaw_3sigma_deg,56642,56642,0,0,0,0,0.545276256,6.0000398189999995,0
RUN_02002__v2,CORE_position_value,RUN_02002,BY2,CORE,D21_seed_00,position_value,seed_00,A09,AB0100,v2,error_series,semisynthetic,time,56642,56642,0,0,0,0,66.005054,339.997056,0
RUN_02002__v2,CORE_position_value,RUN_02002,BY2,CORE,D21_seed_00,position_value,seed_00,A09,AB0100,v2,error_series,semisynthetic,err_n_m,56642,56642,0,0,0,0,-3.438132470951551,3.42933944743043,27174
RUN_02002__v2,CORE_position_value,RUN_02002,BY2,CORE,D21_seed_00,position_value,seed_00,A09,AB0100,v2,error_series,semisynthetic,err_e_m,56642,56642,0,0,0,0,-3.8228608618524618,4.518905524893,27278
RUN_02002__v2,CORE_position_value,RUN_02002,BY2,CORE,D21_seed_00,position_value,seed_00,A09,AB0100,v2,error_series,semisynthetic,err_u_m,56642,56642,0,0,0,0,-2.2522966978029295,2.452471858609658,53555
RUN_02002__v2,CORE_position_value,RUN_02002,BY2,CORE,D21_seed_00,position_value,seed_00,A09,AB0100,v2,error_series,semisynthetic,horizontal_err_m,56642,56642,0,0,0,0,0.005424313198348032,5.013927061891536,0
RUN_02002__v2,CORE_position_value,RUN_02002,BY2,CORE,D21_seed_00,position_value,seed_00,A09,AB0100,v2,error_series,semisynthetic,position_3d_err_m,56642,56642,0,0,0,0,0.15698672261407387,5.581584255320402,0
RUN_02002__v2,CORE_position_value,RUN_02002,BY2,CORE,D21_seed_00,position_value,seed_00,A09,AB0100,v2,error_series,semisynthetic,roll_err_deg,56642,56642,0,0,0,0,-4.011225365563263,9.22477301629658,13138
RUN_02002__v2,CORE_position_value,RUN_02002,BY2,CORE,D21_seed_00,position_value,seed_00,A09,AB0100,v2,error_series,semisynthetic,pitch_err_deg,56642,56642,0,0,0,0,-10.294858273754471,8.44759791954263,37480
RUN_02002__v2,CORE_position_value,RUN_02002,BY2,CORE,D21_seed_00,position_value,seed_00,A09,AB0100,v2,error_series,semisynthetic,yaw_err_deg,56642,56642,0,0,0,0,-8.833699264238419,3.7853630192653043,43125
RUN_02002__v2,CORE_position_value,RUN_02002,BY2,CORE,D21_seed_00,position_value,seed_00,A09,AB0100,v2,error_series,semisynthetic,horizontal_3sigma_m,56642,56642,0,0,0,0,0.04694319424300486,42.43457969268709,0
RUN_02002__v2,CORE_position_value,RUN_02002,BY2,CORE,D21_seed_00,position_value,seed_00,A09,AB0100,v2,error_series,semisynthetic,roll_3sigma_deg,56642,56642,0,0,0,0,0.399903303,6.0000398189999995,0
RUN_02002__v2,CORE_position_value,RUN_02002,BY2,CORE,D21_seed_00,position_value,seed_00,A09,AB0100,v2,error_series,semisynthetic,pitch_3sigma_deg,56642,56642,0,0,0,0,0.408119982,6.0000398189999995,0
RUN_02002__v2,CORE_position_value,RUN_02002,BY2,CORE,D21_seed_00,position_value,seed_00,A09,AB0100,v2,error_series,semisynthetic,yaw_3sigma_deg,56642,56642,0,0,0,0,0.545276256,6.0000398189999995,0
RUN_02091__v3,CORE_position_value,RUN_02091,BY2,CORE,D22_seed_00,position_value,seed_00,F01,single_antenna_EKF,v3,error_series,semisynthetic,time,56642,56642,0,0,0,0,66.005054,339.997056,0
RUN_02091__v3,CORE_position_value,RUN_02091,BY2,CORE,D22_seed_00,position_value,seed_00,F01,single_antenna_EKF,v3,error_series,semisynthetic,err_n_m,56642,56642,0,0,0,0,-0.42495842675701795,0.1751375995298261,37767
RUN_02091__v3,CORE_position_value,RUN_02091,BY2,CORE,D22_seed_00,position_value,seed_00,F01,single_antenna_EKF,v3,error_series,semisynthetic,err_e_m,56642,56642,0,0,0,0,-0.18567049096064805,0.49996678119272886,26283
RUN_02091__v3,CORE_position_value,RUN_02091,BY2,CORE,D22_seed_00,position_value,seed_00,F01,single_antenna_EKF,v3,error_series,semisynthetic,err_u_m,56642,56642,0,0,0,0,-0.17606371696667367,0.3415064349426196,38077
RUN_02091__v3,CORE_position_value,RUN_02091,BY2,CORE,D22_seed_00,position_value,seed_00,F01,single_antenna_EKF,v3,error_series,semisynthetic,horizontal_err_m,56642,56642,0,0,0,0,0.00014181290881221632,0.5212354310891872,0
RUN_02091__v3,CORE_position_value,RUN_02091,BY2,CORE,D22_seed_00,position_value,seed_00,F01,single_antenna_EKF,v3,error_series,semisynthetic,position_3d_err_m,56642,56642,0,0,0,0,0.00078425699127759,0.5741853624510063,0
RUN_02091__v3,CORE_position_value,RUN_02091,BY2,CORE,D22_seed_00,position_value,seed_00,F01,single_antenna_EKF,v3,error_series,semisynthetic,roll_err_deg,56642,56642,0,0,0,0,-4.456687683563274,9.286119643296587,16202
RUN_02091__v3,CORE_position_value,RUN_02091,BY2,CORE,D22_seed_00,position_value,seed_00,F01,single_antenna_EKF,v3,error_series,semisynthetic,pitch_err_deg,56642,56642,0,0,0,0,-9.986784759754471,8.452295398542645,37680
RUN_02091__v3,CORE_position_value,RUN_02091,BY2,CORE,D22_seed_00,position_value,seed_00,F01,single_antenna_EKF,v3,error_series,semisynthetic,yaw_err_deg,56642,56642,0,0,0,0,-18.287525880238405,1.0895758841452334,56301
RUN_02091__v3,CORE_position_value,RUN_02091,BY2,CORE,D22_seed_00,position_value,seed_00,F01,single_antenna_EKF,v3,error_series,semisynthetic,horizontal_3sigma_m,56642,56642,0,0,0,0,0.04700990880282893,42.43457969268709,0
RUN_02091__v3,CORE_position_value,RUN_02091,BY2,CORE,D22_seed_00,position_value,seed_00,F01,single_antenna_EKF,v3,error_series,semisynthetic,roll_3sigma_deg,56642,56642,0,0,0,0,0.407034432,6.0000398189999995,0
RUN_02091__v3,CORE_position_value,RUN_02091,BY2,CORE,D22_seed_00,position_value,seed_00,F01,single_antenna_EKF,v3,error_series,semisynthetic,pitch_3sigma_deg,56642,56642,0,0,0,0,0.410559972,6.0000398189999995,0
RUN_02091__v3,CORE_position_value,RUN_02091,BY2,CORE,D22_seed_00,position_value,seed_00,F01,single_antenna_EKF,v3,error_series,semisynthetic,yaw_3sigma_deg,56642,56642,0,0,0,0,2.584934835,6.0000398189999995,0
RUN_02091__v2,CORE_position_value,RUN_02091,BY2,CORE,D22_seed_00,position_value,seed_00,F01,single_antenna_EKF,v2,error_series,semisynthetic,time,56642,56642,0,0,0,0,66.005054,339.997056,0
RUN_02091__v2,CORE_position_value,RUN_02091,BY2,CORE,D22_seed_00,position_value,seed_00,F01,single_antenna_EKF,v2,error_series,semisynthetic,err_n_m,56642,56642,0,0,0,0,-0.4534930991605105,0.22078020549652067,27777
RUN_02091__v2,CORE_position_value,RUN_02091,BY2,CORE,D22_seed_00,position_value,seed_00,F01,single_antenna_EKF,v2,error_series,semisynthetic,err_e_m,56642,56642,0,0,0,0,-0.22634062683296463,0.4886689547110379,27443
RUN_02091__v2,CORE_position_value,RUN_02091,BY2,CORE,D22_seed_00,position_value,seed_00,F01,single_antenna_EKF,v2,error_series,semisynthetic,err_u_m,56642,56642,0,0,0,0,-0.4842614897087927,0.04139467741025951,56600
RUN_02091__v2,CORE_position_value,RUN_02091,BY2,CORE,D22_seed_00,position_value,seed_00,F01,single_antenna_EKF,v2,error_series,semisynthetic,horizontal_err_m,56642,56642,0,0,0,0,0.005515843285431522,0.4891444004289724,0
RUN_02091__v2,CORE_position_value,RUN_02091,BY2,CORE,D22_seed_00,position_value,seed_00,F01,single_antenna_EKF,v2,error_series,semisynthetic,position_3d_err_m,56642,56642,0,0,0,0,0.1592101022676322,0.5858849715071328,0
RUN_02091__v2,CORE_position_value,RUN_02091,BY2,CORE,D22_seed_00,position_value,seed_00,F01,single_antenna_EKF,v2,error_series,semisynthetic,roll_err_deg,56642,56642,0,0,0,0,-4.456687683563274,9.286119643296587,16202
RUN_02091__v2,CORE_position_value,RUN_02091,BY2,CORE,D22_seed_00,position_value,seed_00,F01,single_antenna_EKF,v2,error_series,semisynthetic,pitch_err_deg,56642,56642,0,0,0,0,-9.986784759754471,8.452295398542645,37680
RUN_02091__v2,CORE_position_value,RUN_02091,BY2,CORE,D22_seed_00,position_value,seed_00,F01,single_antenna_EKF,v2,error_series,semisynthetic,yaw_err_deg,56642,56642,0,0,0,0,-18.287525880238405,1.0895758841452334,56301
RUN_02091__v2,CORE_position_value,RUN_02091,BY2,CORE,D22_seed_00,position_value,seed_00,F01,single_antenna_EKF,v2,error_series,semisynthetic,horizontal_3sigma_m,56642,56642,0,0,0,0,0.04700990880282893,42.43457969268709,0
RUN_02091__v2,CORE_position_value,RUN_02091,BY2,CORE,D22_seed_00,position_value,seed_00,F01,single_antenna_EKF,v2,error_series,semisynthetic,roll_3sigma_deg,56642,56642,0,0,0,0,0.407034432,6.0000398189999995,0
RUN_02091__v2,CORE_position_value,RUN_02091,BY2,CORE,D22_seed_00,position_value,seed_00,F01,single_antenna_EKF,v2,error_series,semisynthetic,pitch_3sigma_deg,56642,56642,0,0,0,0,0.410559972,6.0000398189999995,0
RUN_02091__v2,CORE_position_value,RUN_02091,BY2,CORE,D22_seed_00,position_value,seed_00,F01,single_antenna_EKF,v2,error_series,semisynthetic,yaw_3sigma_deg,56642,56642,0,0,0,0,2.584934835,6.0000398189999995,0
RUN_02092__v3,CORE_position_value,RUN_02092,BY2,CORE,D22_seed_00,position_value,seed_00,F02,basic_dual_yaw_EKF,v3,error_series,semisynthetic,time,56642,56642,0,0,0,0,66.005054,339.997056,0
RUN_02092__v3,CORE_position_value,RUN_02092,BY2,CORE,D22_seed_00,position_value,seed_00,F02,basic_dual_yaw_EKF,v3,error_series,semisynthetic,err_n_m,56642,56642,0,0,0,0,-0.42495842675701795,0.18117769126316574,40756
RUN_02092__v3,CORE_position_value,RUN_02092,BY2,CORE,D22_seed_00,position_value,seed_00,F02,basic_dual_yaw_EKF,v3,error_series,semisynthetic,err_e_m,56642,56642,0,0,0,0,-0.18567049096064805,0.5247737724274977,26419
RUN_02092__v3,CORE_position_value,RUN_02092,BY2,CORE,D22_seed_00,position_value,seed_00,F02,basic_dual_yaw_EKF,v3,error_series,semisynthetic,err_u_m,56642,56642,0,0,0,0,-0.1825878112086734,0.3415064349426196,38076
RUN_02092__v3,CORE_position_value,RUN_02092,BY2,CORE,D22_seed_00,position_value,seed_00,F02,basic_dual_yaw_EKF,v3,error_series,semisynthetic,horizontal_err_m,56642,56642,0,0,0,0,0.0003882620857329156,0.5404252629108627,0
RUN_02092__v3,CORE_position_value,RUN_02092,BY2,CORE,D22_seed_00,position_value,seed_00,F02,basic_dual_yaw_EKF,v3,error_series,semisynthetic,position_3d_err_m,56642,56642,0,0,0,0,0.0025943769162666192,0.5741853624510063,0
RUN_02092__v3,CORE_position_value,RUN_02092,BY2,CORE,D22_seed_00,position_value,seed_00,F02,basic_dual_yaw_EKF,v3,error_series,semisynthetic,roll_err_deg,56642,56642,0,0,0,0,-4.332691531563285,9.318982545296592,16220
RUN_02092__v3,CORE_position_value,RUN_02092,BY2,CORE,D22_seed_00,position_value,seed_00,F02,basic_dual_yaw_EKF,v3,error_series,semisynthetic,pitch_err_deg,56642,56642,0,0,0,0,-9.987104978754473,8.416588180542647,37546
RUN_02092__v3,CORE_position_value,RUN_02092,BY2,CORE,D22_seed_00,position_value,seed_00,F02,basic_dual_yaw_EKF,v3,error_series,semisynthetic,yaw_err_deg,56642,56642,0,0,0,0,-10.136883265238396,3.84525309626531,43816
RUN_02092__v3,CORE_position_value,RUN_02092,BY2,CORE,D22_seed_00,position_value,seed_00,F02,basic_dual_yaw_EKF,v3,error_series,semisynthetic,horizontal_3sigma_m,56642,56642,0,0,0,0,0.05178557145809494,42.43457969268709,0
RUN_02092__v3,CORE_position_value,RUN_02092,BY2,CORE,D22_seed_00,position_value,seed_00,F02,basic_dual_yaw_EKF,v3,error_series,semisynthetic,roll_3sigma_deg,56642,56642,0,0,0,0,0.400134102,6.000072272999999,0
RUN_02092__v3,CORE_position_value,RUN_02092,BY2,CORE,D22_seed_00,position_value,seed_00,F02,basic_dual_yaw_EKF,v3,error_series,semisynthetic,pitch_3sigma_deg,56642,56642,0,0,0,0,0.40819107299999996,6.000072231,0
RUN_02092__v3,CORE_position_value,RUN_02092,BY2,CORE,D22_seed_00,position_value,seed_00,F02,basic_dual_yaw_EKF,v3,error_series,semisynthetic,yaw_3sigma_deg,56642,56642,0,0,0,0,0.528417054,6.0000398189999995,0
RUN_02092__v2,CORE_position_value,RUN_02092,BY2,CORE,D22_seed_00,position_value,seed_00,F02,basic_dual_yaw_EKF,v2,error_series,semisynthetic,time,56642,56642,0,0,0,0,66.005054,339.997056,0
RUN_02092__v2,CORE_position_value,RUN_02092,BY2,CORE,D22_seed_00,position_value,seed_00,F02,basic_dual_yaw_EKF,v2,error_series,semisynthetic,err_n_m,56642,56642,0,0,0,0,-0.4534930991605105,0.20312558349953314,29118
RUN_02092__v2,CORE_position_value,RUN_02092,BY2,CORE,D22_seed_00,position_value,seed_00,F02,basic_dual_yaw_EKF,v2,error_series,semisynthetic,err_e_m,56642,56642,0,0,0,0,-0.22277594717550642,0.49738115310057296,26423
RUN_02092__v2,CORE_position_value,RUN_02092,BY2,CORE,D22_seed_00,position_value,seed_00,F02,basic_dual_yaw_EKF,v2,error_series,semisynthetic,err_u_m,56642,56642,0,0,0,0,-0.49102447810509275,0.04139467741025951,56600
RUN_02092__v2,CORE_position_value,RUN_02092,BY2,CORE,D22_seed_00,position_value,seed_00,F02,basic_dual_yaw_EKF,v2,error_series,semisynthetic,horizontal_err_m,56642,56642,0,0,0,0,0.01632315160778881,0.49739649744034786,0
RUN_02092__v2,CORE_position_value,RUN_02092,BY2,CORE,D22_seed_00,position_value,seed_00,F02,basic_dual_yaw_EKF,v2,error_series,semisynthetic,position_3d_err_m,56642,56642,0,0,0,0,0.16719495683507954,0.5951619350586178,0
RUN_02092__v2,CORE_position_value,RUN_02092,BY2,CORE,D22_seed_00,position_value,seed_00,F02,basic_dual_yaw_EKF,v2,error_series,semisynthetic,roll_err_deg,56642,56642,0,0,0,0,-4.332691531563285,9.318982545296592,16220
RUN_02092__v2,CORE_position_value,RUN_02092,BY2,CORE,D22_seed_00,position_value,seed_00,F02,basic_dual_yaw_EKF,v2,error_series,semisynthetic,pitch_err_deg,56642,56642,0,0,0,0,-9.987104978754473,8.416588180542647,37546
RUN_02092__v2,CORE_position_value,RUN_02092,BY2,CORE,D22_seed_00,position_value,seed_00,F02,basic_dual_yaw_EKF,v2,error_series,semisynthetic,yaw_err_deg,56642,56642,0,0,0,0,-10.136883265238396,3.84525309626531,43816
RUN_02092__v2,CORE_position_value,RUN_02092,BY2,CORE,D22_seed_00,position_value,seed_00,F02,basic_dual_yaw_EKF,v2,error_series,semisynthetic,horizontal_3sigma_m,56642,56642,0,0,0,0,0.05178557145809494,42.43457969268709,0
RUN_02092__v2,CORE_position_value,RUN_02092,BY2,CORE,D22_seed_00,position_value,seed_00,F02,basic_dual_yaw_EKF,v2,error_series,semisynthetic,roll_3sigma_deg,56642,56642,0,0,0,0,0.400134102,6.000072272999999,0
RUN_02092__v2,CORE_position_value,RUN_02092,BY2,CORE,D22_seed_00,position_value,seed_00,F02,basic_dual_yaw_EKF,v2,error_series,semisynthetic,pitch_3sigma_deg,56642,56642,0,0,0,0,0.40819107299999996,6.000072231,0
RUN_02092__v2,CORE_position_value,RUN_02092,BY2,CORE,D22_seed_00,position_value,seed_00,F02,basic_dual_yaw_EKF,v2,error_series,semisynthetic,yaw_3sigma_deg,56642,56642,0,0,0,0,0.528417054,6.0000398189999995,0
RUN_02093__v3,CORE_position_value,RUN_02093,BY2,CORE,D22_seed_00,position_value,seed_00,F03,AB0000,v3,error_series,semisynthetic,time,56642,56642,0,0,0,0,66.005054,339.997056,0
RUN_02093__v3,CORE_position_value,RUN_02093,BY2,CORE,D22_seed_00,position_value,seed_00,F03,AB0000,v3,error_series,semisynthetic,err_n_m,56642,56642,0,0,0,0,-0.42495842675701795,0.1808362373561856,37582
RUN_02093__v3,CORE_position_value,RUN_02093,BY2,CORE,D22_seed_00,position_value,seed_00,F03,AB0000,v3,error_series,semisynthetic,err_e_m,56642,56642,0,0,0,0,-0.18567049096064805,0.526313065260652,26857
RUN_02093__v3,CORE_position_value,RUN_02093,BY2,CORE,D22_seed_00,position_value,seed_00,F03,AB0000,v3,error_series,semisynthetic,err_u_m,56642,56642,0,0,0,0,-0.17603210315632367,0.3415064349426196,38073
RUN_02093__v3,CORE_position_value,RUN_02093,BY2,CORE,D22_seed_00,position_value,seed_00,F03,AB0000,v3,error_series,semisynthetic,horizontal_err_m,56642,56642,0,0,0,0,0.00032457302228820875,0.5474275215496631,0
RUN_02093__v3,CORE_position_value,RUN_02093,BY2,CORE,D22_seed_00,position_value,seed_00,F03,AB0000,v3,error_series,semisynthetic,position_3d_err_m,56642,56642,0,0,0,0,0.0012330384078294695,0.5741853624510063,0
RUN_02093__v3,CORE_position_value,RUN_02093,BY2,CORE,D22_seed_00,position_value,seed_00,F03,AB0000,v3,error_series,semisynthetic,roll_err_deg,56642,56642,0,0,0,0,-4.396087762563269,9.285789028296591,16196
RUN_02093__v3,CORE_position_value,RUN_02093,BY2,CORE,D22_seed_00,position_value,seed_00,F03,AB0000,v3,error_series,semisynthetic,pitch_err_deg,56642,56642,0,0,0,0,-9.984488990754471,8.452381553542637,37537
RUN_02093__v3,CORE_position_value,RUN_02093,BY2,CORE,D22_seed_00,position_value,seed_00,F03,AB0000,v3,error_series,semisynthetic,yaw_err_deg,56642,56642,0,0,0,0,-8.854448401238415,3.8090273162653148,42260
RUN_02093__v3,CORE_position_value,RUN_02093,BY2,CORE,D22_seed_00,position_value,seed_00,F03,AB0000,v3,error_series,semisynthetic,horizontal_3sigma_m,56642,56642,0,0,0,0,0.0469311302178147,42.43457969268709,0
RUN_02093__v3,CORE_position_value,RUN_02093,BY2,CORE,D22_seed_00,position_value,seed_00,F03,AB0000,v3,error_series,semisynthetic,roll_3sigma_deg,56642,56642,0,0,0,0,0.39950519399999995,6.0000398189999995,0
RUN_02093__v3,CORE_position_value,RUN_02093,BY2,CORE,D22_seed_00,position_value,seed_00,F03,AB0000,v3,error_series,semisynthetic,pitch_3sigma_deg,56642,56642,0,0,0,0,0.40761849,6.0000398189999995,0
RUN_02093__v3,CORE_position_value,RUN_02093,BY2,CORE,D22_seed_00,position_value,seed_00,F03,AB0000,v3,error_series,semisynthetic,yaw_3sigma_deg,56642,56642,0,0,0,0,0.544978188,6.0000398189999995,0
RUN_02093__v2,CORE_position_value,RUN_02093,BY2,CORE,D22_seed_00,position_value,seed_00,F03,AB0000,v2,error_series,semisynthetic,time,56642,56642,0,0,0,0,66.005054,339.997056,0
RUN_02093__v2,CORE_position_value,RUN_02093,BY2,CORE,D22_seed_00,position_value,seed_00,F03,AB0000,v2,error_series,semisynthetic,err_n_m,56642,56642,0,0,0,0,-0.4534930991605105,0.21944779831282624,27571
RUN_02093__v2,CORE_position_value,RUN_02093,BY2,CORE,D22_seed_00,position_value,seed_00,F03,AB0000,v2,error_series,semisynthetic,err_e_m,56642,56642,0,0,0,0,-0.22377828985278825,0.49558749349421305,27315
RUN_02093__v2,CORE_position_value,RUN_02093,BY2,CORE,D22_seed_00,position_value,seed_00,F03,AB0000,v2,error_series,semisynthetic,err_u_m,56642,56642,0,0,0,0,-0.4842782424546357,0.04139467741025951,56600
RUN_02093__v2,CORE_position_value,RUN_02093,BY2,CORE,D22_seed_00,position_value,seed_00,F03,AB0000,v2,error_series,semisynthetic,horizontal_err_m,56642,56642,0,0,0,0,0.008921074971863884,0.49639683031149306,0
RUN_02093__v2,CORE_position_value,RUN_02093,BY2,CORE,D22_seed_00,position_value,seed_00,F03,AB0000,v2,error_series,semisynthetic,position_3d_err_m,56642,56642,0,0,0,0,0.1558539777846915,0.5921739916058072,0
RUN_02093__v2,CORE_position_value,RUN_02093,BY2,CORE,D22_seed_00,position_value,seed_00,F03,AB0000,v2,error_series,semisynthetic,roll_err_deg,56642,56642,0,0,0,0,-4.396087762563269,9.285789028296591,16196
RUN_02093__v2,CORE_position_value,RUN_02093,BY2,CORE,D22_seed_00,position_value,seed_00,F03,AB0000,v2,error_series,semisynthetic,pitch_err_deg,56642,56642,0,0,0,0,-9.984488990754471,8.452381553542637,37537
RUN_02093__v2,CORE_position_value,RUN_02093,BY2,CORE,D22_seed_00,position_value,seed_00,F03,AB0000,v2,error_series,semisynthetic,yaw_err_deg,56642,56642,0,0,0,0,-8.854448401238415,3.8090273162653148,42260
RUN_02093__v2,CORE_position_value,RUN_02093,BY2,CORE,D22_seed_00,position_value,seed_00,F03,AB0000,v2,error_series,semisynthetic,horizontal_3sigma_m,56642,56642,0,0,0,0,0.0469311302178147,42.43457969268709,0
RUN_02093__v2,CORE_position_value,RUN_02093,BY2,CORE,D22_seed_00,position_value,seed_00,F03,AB0000,v2,error_series,semisynthetic,roll_3sigma_deg,56642,56642,0,0,0,0,0.39950519399999995,6.0000398189999995,0
RUN_02093__v2,CORE_position_value,RUN_02093,BY2,CORE,D22_seed_00,position_value,seed_00,F03,AB0000,v2,error_series,semisynthetic,pitch_3sigma_deg,56642,56642,0,0,0,0,0.40761849,6.0000398189999995,0
RUN_02093__v2,CORE_position_value,RUN_02093,BY2,CORE,D22_seed_00,position_value,seed_00,F03,AB0000,v2,error_series,semisynthetic,yaw_3sigma_deg,56642,56642,0,0,0,0,0.544978188,6.0000398189999995,0
RUN_02094__v3,CORE_position_value,RUN_02094,BY2,CORE,D22_seed_00,position_value,seed_00,F04,AB1111,v3,error_series,semisynthetic,time,56642,56642,0,0,0,0,66.005054,339.997056,0
RUN_02094__v3,CORE_position_value,RUN_02094,BY2,CORE,D22_seed_00,position_value,seed_00,F04,AB1111,v3,error_series,semisynthetic,err_n_m,56642,56642,0,0,0,0,-0.42495842675701795,0.18633278531921604,35711
RUN_02094__v3,CORE_position_value,RUN_02094,BY2,CORE,D22_seed_00,position_value,seed_00,F04,AB1111,v3,error_series,semisynthetic,err_e_m,56642,56642,0,0,0,0,-0.18567049096064805,0.5177716405465098,27352
RUN_02094__v3,CORE_position_value,RUN_02094,BY2,CORE,D22_seed_00,position_value,seed_00,F04,AB1111,v3,error_series,semisynthetic,err_u_m,56642,56642,0,0,0,0,-0.18451148787546856,0.3415064349426196,39441
RUN_02094__v3,CORE_position_value,RUN_02094,BY2,CORE,D22_seed_00,position_value,seed_00,F04,AB1111,v3,error_series,semisynthetic,horizontal_err_m,56642,56642,0,0,0,0,7.394428791593372e-05,0.5413779544115519,0
RUN_02094__v3,CORE_position_value,RUN_02094,BY2,CORE,D22_seed_00,position_value,seed_00,F04,AB1111,v3,error_series,semisynthetic,position_3d_err_m,56642,56642,0,0,0,0,0.0018118752852012497,0.5741853624510063,0
RUN_02094__v3,CORE_position_value,RUN_02094,BY2,CORE,D22_seed_00,position_value,seed_00,F04,AB1111,v3,error_series,semisynthetic,roll_err_deg,56642,56642,0,0,0,0,-4.086152222563271,6.872141904296569,19300
RUN_02094__v3,CORE_position_value,RUN_02094,BY2,CORE,D22_seed_00,position_value,seed_00,F04,AB1111,v3,error_series,semisynthetic,pitch_err_deg,56642,56642,0,0,0,0,-8.570146205754469,8.513640839542632,37204
RUN_02094__v3,CORE_position_value,RUN_02094,BY2,CORE,D22_seed_00,position_value,seed_00,F04,AB1111,v3,error_series,semisynthetic,yaw_err_deg,56642,56642,0,0,0,0,-8.770338719238396,3.838451921265289,42187
RUN_02094__v3,CORE_position_value,RUN_02094,BY2,CORE,D22_seed_00,position_value,seed_00,F04,AB1111,v3,error_series,semisynthetic,horizontal_3sigma_m,56642,56642,0,0,0,0,0.045663065595990295,42.43457969268709,0
RUN_02094__v3,CORE_position_value,RUN_02094,BY2,CORE,D22_seed_00,position_value,seed_00,F04,AB1111,v3,error_series,semisynthetic,roll_3sigma_deg,56642,56642,0,0,0,0,0.322797831,6.0000398189999995,0
RUN_02094__v3,CORE_position_value,RUN_02094,BY2,CORE,D22_seed_00,position_value,seed_00,F04,AB1111,v3,error_series,semisynthetic,pitch_3sigma_deg,56642,56642,0,0,0,0,0.324712884,6.0000398189999995,0
RUN_02094__v3,CORE_position_value,RUN_02094,BY2,CORE,D22_seed_00,position_value,seed_00,F04,AB1111,v3,error_series,semisynthetic,yaw_3sigma_deg,56642,56642,0,0,0,0,0.544773744,6.0000398189999995,0
RUN_02094__v2,CORE_position_value,RUN_02094,BY2,CORE,D22_seed_00,position_value,seed_00,F04,AB1111,v2,error_series,semisynthetic,time,56642,56642,0,0,0,0,66.005054,339.997056,0
RUN_02094__v2,CORE_position_value,RUN_02094,BY2,CORE,D22_seed_00,position_value,seed_00,F04,AB1111,v2,error_series,semisynthetic,err_n_m,56642,56642,0,0,0,0,-0.4534930991605105,0.21480230181866133,27570
RUN_02094__v2,CORE_position_value,RUN_02094,BY2,CORE,D22_seed_00,position_value,seed_00,F04,AB1111,v2,error_series,semisynthetic,err_e_m,56642,56642,0,0,0,0,-0.2158348743199099,0.4962708116635852,26808
RUN_02094__v2,CORE_position_value,RUN_02094,BY2,CORE,D22_seed_00,position_value,seed_00,F04,AB1111,v2,error_series,semisynthetic,err_u_m,56642,56642,0,0,0,0,-0.4878150109693742,0.04139467741025951,56600
RUN_02094__v2,CORE_position_value,RUN_02094,BY2,CORE,D22_seed_00,position_value,seed_00,F04,AB1111,v2,error_series,semisynthetic,horizontal_err_m,56642,56642,0,0,0,0,0.013466074884299017,0.49699884667586447,0
RUN_02094__v2,CORE_position_value,RUN_02094,BY2,CORE,D22_seed_00,position_value,seed_00,F04,AB1111,v2,error_series,semisynthetic,position_3d_err_m,56642,56642,0,0,0,0,0.1588147513133643,0.6004425228804877,0
RUN_02094__v2,CORE_position_value,RUN_02094,BY2,CORE,D22_seed_00,position_value,seed_00,F04,AB1111,v2,error_series,semisynthetic,roll_err_deg,56642,56642,0,0,0,0,-4.086152222563271,6.872141904296569,19300
RUN_02094__v2,CORE_position_value,RUN_02094,BY2,CORE,D22_seed_00,position_value,seed_00,F04,AB1111,v2,error_series,semisynthetic,pitch_err_deg,56642,56642,0,0,0,0,-8.570146205754469,8.513640839542632,37204
RUN_02094__v2,CORE_position_value,RUN_02094,BY2,CORE,D22_seed_00,position_value,seed_00,F04,AB1111,v2,error_series,semisynthetic,yaw_err_deg,56642,56642,0,0,0,0,-8.770338719238396,3.838451921265289,42187
RUN_02094__v2,CORE_position_value,RUN_02094,BY2,CORE,D22_seed_00,position_value,seed_00,F04,AB1111,v2,error_series,semisynthetic,horizontal_3sigma_m,56642,56642,0,0,0,0,0.045663065595990295,42.43457969268709,0
RUN_02094__v2,CORE_position_value,RUN_02094,BY2,CORE,D22_seed_00,position_value,seed_00,F04,AB1111,v2,error_series,semisynthetic,roll_3sigma_deg,56642,56642,0,0,0,0,0.322797831,6.0000398189999995,0
RUN_02094__v2,CORE_position_value,RUN_02094,BY2,CORE,D22_seed_00,position_value,seed_00,F04,AB1111,v2,error_series,semisynthetic,pitch_3sigma_deg,56642,56642,0,0,0,0,0.324712884,6.0000398189999995,0
RUN_02094__v2,CORE_position_value,RUN_02094,BY2,CORE,D22_seed_00,position_value,seed_00,F04,AB1111,v2,error_series,semisynthetic,yaw_3sigma_deg,56642,56642,0,0,0,0,0.544773744,6.0000398189999995,0
RUN_02095__v3,CORE_position_value,RUN_02095,BY2,CORE,D22_seed_00,position_value,seed_00,A03,AB0111,v3,error_series,semisynthetic,time,56642,56642,0,0,0,0,66.005054,339.997056,0
RUN_02095__v3,CORE_position_value,RUN_02095,BY2,CORE,D22_seed_00,position_value,seed_00,A03,AB0111,v3,error_series,semisynthetic,err_n_m,56642,56642,0,0,0,0,-0.42495842675701795,0.18633993591821252,35890
RUN_02095__v3,CORE_position_value,RUN_02095,BY2,CORE,D22_seed_00,position_value,seed_00,A03,AB0111,v3,error_series,semisynthetic,err_e_m,56642,56642,0,0,0,0,-0.18567049096064805,0.5177494401691085,27474
RUN_02095__v3,CORE_position_value,RUN_02095,BY2,CORE,D22_seed_00,position_value,seed_00,A03,AB0111,v3,error_series,semisynthetic,err_u_m,56642,56642,0,0,0,0,-0.18452092631424577,0.3415064349426196,39670
RUN_02095__v3,CORE_position_value,RUN_02095,BY2,CORE,D22_seed_00,position_value,seed_00,A03,AB0111,v3,error_series,semisynthetic,horizontal_err_m,56642,56642,0,0,0,0,0.00015369454827346714,0.5413590210667343,0
RUN_02095__v3,CORE_position_value,RUN_02095,BY2,CORE,D22_seed_00,position_value,seed_00,A03,AB0111,v3,error_series,semisynthetic,position_3d_err_m,56642,56642,0,0,0,0,0.0027121224134553238,0.5741853624510063,0
RUN_02095__v3,CORE_position_value,RUN_02095,BY2,CORE,D22_seed_00,position_value,seed_00,A03,AB0111,v3,error_series,semisynthetic,roll_err_deg,56642,56642,0,0,0,0,-4.086950923563279,6.870068426296569,19299
RUN_02095__v3,CORE_position_value,RUN_02095,BY2,CORE,D22_seed_00,position_value,seed_00,A03,AB0111,v3,error_series,semisynthetic,pitch_err_deg,56642,56642,0,0,0,0,-8.569117328754459,8.511179691542623,37209
RUN_02095__v3,CORE_position_value,RUN_02095,BY2,CORE,D22_seed_00,position_value,seed_00,A03,AB0111,v3,error_series,semisynthetic,yaw_err_deg,56642,56642,0,0,0,0,-8.774216228238402,3.8363134442653006,42131
RUN_02095__v3,CORE_position_value,RUN_02095,BY2,CORE,D22_seed_00,position_value,seed_00,A03,AB0111,v3,error_series,semisynthetic,horizontal_3sigma_m,56642,56642,0,0,0,0,0.046018764879759144,42.43457969268709,0
RUN_02095__v3,CORE_position_value,RUN_02095,BY2,CORE,D22_seed_00,position_value,seed_00,A03,AB0111,v3,error_series,semisynthetic,roll_3sigma_deg,56642,56642,0,0,0,0,0.322807059,6.0000398189999995,0
RUN_02095__v3,CORE_position_value,RUN_02095,BY2,CORE,D22_seed_00,position_value,seed_00,A03,AB0111,v3,error_series,semisynthetic,pitch_3sigma_deg,56642,56642,0,0,0,0,0.324721902,6.0000398189999995,0
RUN_02095__v3,CORE_position_value,RUN_02095,BY2,CORE,D22_seed_00,position_value,seed_00,A03,AB0111,v3,error_series,semisynthetic,yaw_3sigma_deg,56642,56642,0,0,0,0,0.544839939,6.0000398189999995,0
RUN_02095__v2,CORE_position_value,RUN_02095,BY2,CORE,D22_seed_00,position_value,seed_00,A03,AB0111,v2,error_series,semisynthetic,time,56642,56642,0,0,0,0,66.005054,339.997056,0
RUN_02095__v2,CORE_position_value,RUN_02095,BY2,CORE,D22_seed_00,position_value,seed_00,A03,AB0111,v2,error_series,semisynthetic,err_n_m,56642,56642,0,0,0,0,-0.4534930991605105,0.2121194644313693,27817
RUN_02095__v2,CORE_position_value,RUN_02095,BY2,CORE,D22_seed_00,position_value,seed_00,A03,AB0111,v2,error_series,semisynthetic,err_e_m,56642,56642,0,0,0,0,-0.21805560164143856,0.4962708118620647,26618
RUN_02095__v2,CORE_position_value,RUN_02095,BY2,CORE,D22_seed_00,position_value,seed_00,A03,AB0111,v2,error_series,semisynthetic,err_u_m,56642,56642,0,0,0,0,-0.4878219333166456,0.04139467741025951,56600
RUN_02095__v2,CORE_position_value,RUN_02095,BY2,CORE,D22_seed_00,position_value,seed_00,A03,AB0111,v2,error_series,semisynthetic,horizontal_err_m,56642,56642,0,0,0,0,0.013466075449129969,0.496992851459863,0
RUN_02095__v2,CORE_position_value,RUN_02095,BY2,CORE,D22_seed_00,position_value,seed_00,A03,AB0111,v2,error_series,semisynthetic,position_3d_err_m,56642,56642,0,0,0,0,0.1597277609368331,0.6004443955410259,0
RUN_02095__v2,CORE_position_value,RUN_02095,BY2,CORE,D22_seed_00,position_value,seed_00,A03,AB0111,v2,error_series,semisynthetic,roll_err_deg,56642,56642,0,0,0,0,-4.086950923563279,6.870068426296569,19299
RUN_02095__v2,CORE_position_value,RUN_02095,BY2,CORE,D22_seed_00,position_value,seed_00,A03,AB0111,v2,error_series,semisynthetic,pitch_err_deg,56642,56642,0,0,0,0,-8.569117328754459,8.511179691542623,37209
RUN_02095__v2,CORE_position_value,RUN_02095,BY2,CORE,D22_seed_00,position_value,seed_00,A03,AB0111,v2,error_series,semisynthetic,yaw_err_deg,56642,56642,0,0,0,0,-8.774216228238402,3.8363134442653006,42131
RUN_02095__v2,CORE_position_value,RUN_02095,BY2,CORE,D22_seed_00,position_value,seed_00,A03,AB0111,v2,error_series,semisynthetic,horizontal_3sigma_m,56642,56642,0,0,0,0,0.046018764879759144,42.43457969268709,0
RUN_02095__v2,CORE_position_value,RUN_02095,BY2,CORE,D22_seed_00,position_value,seed_00,A03,AB0111,v2,error_series,semisynthetic,roll_3sigma_deg,56642,56642,0,0,0,0,0.322807059,6.0000398189999995,0
RUN_02095__v2,CORE_position_value,RUN_02095,BY2,CORE,D22_seed_00,position_value,seed_00,A03,AB0111,v2,error_series,semisynthetic,pitch_3sigma_deg,56642,56642,0,0,0,0,0.324721902,6.0000398189999995,0
RUN_02095__v2,CORE_position_value,RUN_02095,BY2,CORE,D22_seed_00,position_value,seed_00,A03,AB0111,v2,error_series,semisynthetic,yaw_3sigma_deg,56642,56642,0,0,0,0,0.544839939,6.0000398189999995,0
RUN_02096__v3,CORE_position_value,RUN_02096,BY2,CORE,D22_seed_00,position_value,seed_00,A04,AB1011,v3,error_series,semisynthetic,time,56642,56642,0,0,0,0,66.005054,339.997056,0
RUN_02096__v3,CORE_position_value,RUN_02096,BY2,CORE,D22_seed_00,position_value,seed_00,A04,AB1011,v3,error_series,semisynthetic,err_n_m,56642,56642,0,0,0,0,-0.42495842675701795,0.19041573975962933,35265
RUN_02096__v3,CORE_position_value,RUN_02096,BY2,CORE,D22_seed_00,position_value,seed_00,A04,AB1011,v3,error_series,semisynthetic,err_e_m,56642,56642,0,0,0,0,-0.18567049096064805,0.5155252406147497,27602
RUN_02096__v3,CORE_position_value,RUN_02096,BY2,CORE,D22_seed_00,position_value,seed_00,A04,AB1011,v3,error_series,semisynthetic,err_u_m,56642,56642,0,0,0,0,-0.18609469989162974,0.3415064349426196,39594
RUN_02096__v3,CORE_position_value,RUN_02096,BY2,CORE,D22_seed_00,position_value,seed_00,A04,AB1011,v3,error_series,semisynthetic,horizontal_err_m,56642,56642,0,0,0,0,0.00030627214289051876,0.540070122128247,0
RUN_02096__v3,CORE_position_value,RUN_02096,BY2,CORE,D22_seed_00,position_value,seed_00,A04,AB1011,v3,error_series,semisynthetic,position_3d_err_m,56642,56642,0,0,0,0,0.0018880529824719095,0.5741853624510063,0
RUN_02096__v3,CORE_position_value,RUN_02096,BY2,CORE,D22_seed_00,position_value,seed_00,A04,AB1011,v3,error_series,semisynthetic,roll_err_deg,56642,56642,0,0,0,0,-3.9438510975632823,6.5617208431394545,19951
RUN_02096__v3,CORE_position_value,RUN_02096,BY2,CORE,D22_seed_00,position_value,seed_00,A04,AB1011,v3,error_series,semisynthetic,pitch_err_deg,56642,56642,0,0,0,0,-8.223180619754459,8.498578684542622,37051
RUN_02096__v3,CORE_position_value,RUN_02096,BY2,CORE,D22_seed_00,position_value,seed_00,A04,AB1011,v3,error_series,semisynthetic,yaw_err_deg,56642,56642,0,0,0,0,-8.774742453238417,3.836140814265292,42234
RUN_02096__v3,CORE_position_value,RUN_02096,BY2,CORE,D22_seed_00,position_value,seed_00,A04,AB1011,v3,error_series,semisynthetic,horizontal_3sigma_m,56642,56642,0,0,0,0,0.044773485660200424,42.43457969268709,0
RUN_02096__v3,CORE_position_value,RUN_02096,BY2,CORE,D22_seed_00,position_value,seed_00,A04,AB1011,v3,error_series,semisynthetic,roll_3sigma_deg,56642,56642,0,0,0,0,0.302972832,6.0000398189999995,0
RUN_02096__v3,CORE_position_value,RUN_02096,BY2,CORE,D22_seed_00,position_value,seed_00,A04,AB1011,v3,error_series,semisynthetic,pitch_3sigma_deg,56642,56642,0,0,0,0,0.304141608,6.0000398189999995,0
RUN_02096__v3,CORE_position_value,RUN_02096,BY2,CORE,D22_seed_00,position_value,seed_00,A04,AB1011,v3,error_series,semisynthetic,yaw_3sigma_deg,56642,56642,0,0,0,0,0.5446359089999999,6.0000398189999995,0
RUN_02096__v2,CORE_position_value,RUN_02096,BY2,CORE,D22_seed_00,position_value,seed_00,A04,AB1011,v2,error_series,semisynthetic,time,56642,56642,0,0,0,0,66.005054,339.997056,0
RUN_02096__v2,CORE_position_value,RUN_02096,BY2,CORE,D22_seed_00,position_value,seed_00,A04,AB1011,v2,error_series,semisynthetic,err_n_m,56642,56642,0,0,0,0,-0.4534930991605105,0.2084733009219697,27333
RUN_02096__v2,CORE_position_value,RUN_02096,BY2,CORE,D22_seed_00,position_value,seed_00,A04,AB1011,v2,error_series,semisynthetic,err_e_m,56642,56642,0,0,0,0,-0.21089642084939442,0.4951604335795281,26848
RUN_02096__v2,CORE_position_value,RUN_02096,BY2,CORE,D22_seed_00,position_value,seed_00,A04,AB1011,v2,error_series,semisynthetic,err_u_m,56642,56642,0,0,0,0,-0.48829199520028155,0.04139467741025951,56600
RUN_02096__v2,CORE_position_value,RUN_02096,BY2,CORE,D22_seed_00,position_value,seed_00,A04,AB1011,v2,error_series,semisynthetic,horizontal_err_m,56642,56642,0,0,0,0,0.013638726438182454,0.4959452939668867,0
RUN_02096__v2,CORE_position_value,RUN_02096,BY2,CORE,D22_seed_00,position_value,seed_00,A04,AB1011,v2,error_series,semisynthetic,position_3d_err_m,56642,56642,0,0,0,0,0.160903021320129,0.600993893670658,0
RUN_02096__v2,CORE_position_value,RUN_02096,BY2,CORE,D22_seed_00,position_value,seed_00,A04,AB1011,v2,error_series,semisynthetic,roll_err_deg,56642,56642,0,0,0,0,-3.9438510975632823,6.5617208431394545,19951
RUN_02096__v2,CORE_position_value,RUN_02096,BY2,CORE,D22_seed_00,position_value,seed_00,A04,AB1011,v2,error_series,semisynthetic,pitch_err_deg,56642,56642,0,0,0,0,-8.223180619754459,8.498578684542622,37051
RUN_02096__v2,CORE_position_value,RUN_02096,BY2,CORE,D22_seed_00,position_value,seed_00,A04,AB1011,v2,error_series,semisynthetic,yaw_err_deg,56642,56642,0,0,0,0,-8.774742453238417,3.836140814265292,42234
RUN_02096__v2,CORE_position_value,RUN_02096,BY2,CORE,D22_seed_00,position_value,seed_00,A04,AB1011,v2,error_series,semisynthetic,horizontal_3sigma_m,56642,56642,0,0,0,0,0.044773485660200424,42.43457969268709,0
RUN_02096__v2,CORE_position_value,RUN_02096,BY2,CORE,D22_seed_00,position_value,seed_00,A04,AB1011,v2,error_series,semisynthetic,roll_3sigma_deg,56642,56642,0,0,0,0,0.302972832,6.0000398189999995,0
RUN_02096__v2,CORE_position_value,RUN_02096,BY2,CORE,D22_seed_00,position_value,seed_00,A04,AB1011,v2,error_series,semisynthetic,pitch_3sigma_deg,56642,56642,0,0,0,0,0.304141608,6.0000398189999995,0
RUN_02096__v2,CORE_position_value,RUN_02096,BY2,CORE,D22_seed_00,position_value,seed_00,A04,AB1011,v2,error_series,semisynthetic,yaw_3sigma_deg,56642,56642,0,0,0,0,0.5446359089999999,6.0000398189999995,0
RUN_02097__v3,CORE_position_value,RUN_02097,BY2,CORE,D22_seed_00,position_value,seed_00,A05,AB1101,v3,error_series,semisynthetic,time,56642,56642,0,0,0,0,66.005054,339.997056,0
RUN_02097__v3,CORE_position_value,RUN_02097,BY2,CORE,D22_seed_00,position_value,seed_00,A05,AB1101,v3,error_series,semisynthetic,err_n_m,56642,56642,0,0,0,0,-0.42495842675701795,0.1823941601008059,37360
RUN_02097__v3,CORE_position_value,RUN_02097,BY2,CORE,D22_seed_00,position_value,seed_00,A05,AB1101,v3,error_series,semisynthetic,err_e_m,56642,56642,0,0,0,0,-0.18567049096064805,0.5243367604449141,26793
RUN_02097__v3,CORE_position_value,RUN_02097,BY2,CORE,D22_seed_00,position_value,seed_00,A05,AB1101,v3,error_series,semisynthetic,err_u_m,56642,56642,0,0,0,0,-0.17596623489676233,0.3415064349426196,37905
RUN_02097__v3,CORE_position_value,RUN_02097,BY2,CORE,D22_seed_00,position_value,seed_00,A05,AB1101,v3,error_series,semisynthetic,horizontal_err_m,56642,56642,0,0,0,0,0.00015089662100939172,0.5458522016441881,0
RUN_02097__v3,CORE_position_value,RUN_02097,BY2,CORE,D22_seed_00,position_value,seed_00,A05,AB1101,v3,error_series,semisynthetic,position_3d_err_m,56642,56642,0,0,0,0,0.001845147303871994,0.5741853624510063,0
RUN_02097__v3,CORE_position_value,RUN_02097,BY2,CORE,D22_seed_00,position_value,seed_00,A05,AB1101,v3,error_series,semisynthetic,roll_err_deg,56642,56642,0,0,0,0,-4.380143668563278,9.287103188296584,16185
RUN_02097__v3,CORE_position_value,RUN_02097,BY2,CORE,D22_seed_00,position_value,seed_00,A05,AB1101,v3,error_series,semisynthetic,pitch_err_deg,56642,56642,0,0,0,0,-9.986099416754456,8.448945113542635,37568
RUN_02097__v3,CORE_position_value,RUN_02097,BY2,CORE,D22_seed_00,position_value,seed_00,A05,AB1101,v3,error_series,semisynthetic,yaw_err_deg,56642,56642,0,0,0,0,-8.841483893238404,3.8119189242653135,42292
RUN_02097__v3,CORE_position_value,RUN_02097,BY2,CORE,D22_seed_00,position_value,seed_00,A05,AB1101,v3,error_series,semisynthetic,horizontal_3sigma_m,56642,56642,0,0,0,0,0.045696550842165624,42.43457969268709,0
RUN_02097__v3,CORE_position_value,RUN_02097,BY2,CORE,D22_seed_00,position_value,seed_00,A05,AB1101,v3,error_series,semisynthetic,roll_3sigma_deg,56642,56642,0,0,0,0,0.39938469,6.0000398189999995,0
RUN_02097__v3,CORE_position_value,RUN_02097,BY2,CORE,D22_seed_00,position_value,seed_00,A05,AB1101,v3,error_series,semisynthetic,pitch_3sigma_deg,56642,56642,0,0,0,0,0.40752758699999997,6.0000398189999995,0
RUN_02097__v3,CORE_position_value,RUN_02097,BY2,CORE,D22_seed_00,position_value,seed_00,A05,AB1101,v3,error_series,semisynthetic,yaw_3sigma_deg,56642,56642,0,0,0,0,0.54498132,6.0000398189999995,0
RUN_02097__v2,CORE_position_value,RUN_02097,BY2,CORE,D22_seed_00,position_value,seed_00,A05,AB1101,v2,error_series,semisynthetic,time,56642,56642,0,0,0,0,66.005054,339.997056,0
RUN_02097__v2,CORE_position_value,RUN_02097,BY2,CORE,D22_seed_00,position_value,seed_00,A05,AB1101,v2,error_series,semisynthetic,err_n_m,56642,56642,0,0,0,0,-0.4534930991605105,0.21458023078898414,27104
RUN_02097__v2,CORE_position_value,RUN_02097,BY2,CORE,D22_seed_00,position_value,seed_00,A05,AB1101,v2,error_series,semisynthetic,err_e_m,56642,56642,0,0,0,0,-0.21542331550037375,0.49328132159962834,27580
RUN_02097__v2,CORE_position_value,RUN_02097,BY2,CORE,D22_seed_00,position_value,seed_00,A05,AB1101,v2,error_series,semisynthetic,err_u_m,56642,56642,0,0,0,0,-0.484214448576882,0.04139467741025951,56600
RUN_02097__v2,CORE_position_value,RUN_02097,BY2,CORE,D22_seed_00,position_value,seed_00,A05,AB1101,v2,error_series,semisynthetic,horizontal_err_m,56642,56642,0,0,0,0,0.008272324129892757,0.49419949857602724,0
RUN_02097__v2,CORE_position_value,RUN_02097,BY2,CORE,D22_seed_00,position_value,seed_00,A05,AB1101,v2,error_series,semisynthetic,position_3d_err_m,56642,56642,0,0,0,0,0.15657017687328958,0.5910995761220416,0
RUN_02097__v2,CORE_position_value,RUN_02097,BY2,CORE,D22_seed_00,position_value,seed_00,A05,AB1101,v2,error_series,semisynthetic,roll_err_deg,56642,56642,0,0,0,0,-4.380143668563278,9.287103188296584,16185
RUN_02097__v2,CORE_position_value,RUN_02097,BY2,CORE,D22_seed_00,position_value,seed_00,A05,AB1101,v2,error_series,semisynthetic,pitch_err_deg,56642,56642,0,0,0,0,-9.986099416754456,8.448945113542635,37568
RUN_02097__v2,CORE_position_value,RUN_02097,BY2,CORE,D22_seed_00,position_value,seed_00,A05,AB1101,v2,error_series,semisynthetic,yaw_err_deg,56642,56642,0,0,0,0,-8.841483893238404,3.8119189242653135,42292
RUN_02097__v2,CORE_position_value,RUN_02097,BY2,CORE,D22_seed_00,position_value,seed_00,A05,AB1101,v2,error_series,semisynthetic,horizontal_3sigma_m,56642,56642,0,0,0,0,0.045696550842165624,42.43457969268709,0
RUN_02097__v2,CORE_position_value,RUN_02097,BY2,CORE,D22_seed_00,position_value,seed_00,A05,AB1101,v2,error_series,semisynthetic,roll_3sigma_deg,56642,56642,0,0,0,0,0.39938469,6.0000398189999995,0
RUN_02097__v2,CORE_position_value,RUN_02097,BY2,CORE,D22_seed_00,position_value,seed_00,A05,AB1101,v2,error_series,semisynthetic,pitch_3sigma_deg,56642,56642,0,0,0,0,0.40752758699999997,6.0000398189999995,0
RUN_02097__v2,CORE_position_value,RUN_02097,BY2,CORE,D22_seed_00,position_value,seed_00,A05,AB1101,v2,error_series,semisynthetic,yaw_3sigma_deg,56642,56642,0,0,0,0,0.54498132,6.0000398189999995,0
RUN_02098__v3,CORE_position_value,RUN_02098,BY2,CORE,D22_seed_00,position_value,seed_00,A06,AB1110,v3,error_series,semisynthetic,time,56642,56642,0,0,0,0,66.005054,339.997056,0
RUN_02098__v3,CORE_position_value,RUN_02098,BY2,CORE,D22_seed_00,position_value,seed_00,A06,AB1110,v3,error_series,semisynthetic,err_n_m,56642,56642,0,0,0,0,-0.42495842675701795,0.1850398317372708,35701
RUN_02098__v3,CORE_position_value,RUN_02098,BY2,CORE,D22_seed_00,position_value,seed_00,A06,AB1110,v3,error_series,semisynthetic,err_e_m,56642,56642,0,0,0,0,-0.18567049096064805,0.5192727846530154,27195
RUN_02098__v3,CORE_position_value,RUN_02098,BY2,CORE,D22_seed_00,position_value,seed_00,A06,AB1110,v3,error_series,semisynthetic,err_u_m,56642,56642,0,0,0,0,-0.18452870135268995,0.3415064349426196,39445
RUN_02098__v3,CORE_position_value,RUN_02098,BY2,CORE,D22_seed_00,position_value,seed_00,A06,AB1110,v3,error_series,semisynthetic,horizontal_err_m,56642,56642,0,0,0,0,0.0004254643792734839,0.5424843581155897,0
RUN_02098__v3,CORE_position_value,RUN_02098,BY2,CORE,D22_seed_00,position_value,seed_00,A06,AB1110,v3,error_series,semisynthetic,position_3d_err_m,56642,56642,0,0,0,0,0.0019087256892719152,0.5741853624510063,0
RUN_02098__v3,CORE_position_value,RUN_02098,BY2,CORE,D22_seed_00,position_value,seed_00,A06,AB1110,v3,error_series,semisynthetic,roll_err_deg,56642,56642,0,0,0,0,-4.088772287563273,6.874443143296588,19305
RUN_02098__v3,CORE_position_value,RUN_02098,BY2,CORE,D22_seed_00,position_value,seed_00,A06,AB1110,v3,error_series,semisynthetic,pitch_err_deg,56642,56642,0,0,0,0,-8.570260319754453,8.516099713542644,37179
RUN_02098__v3,CORE_position_value,RUN_02098,BY2,CORE,D22_seed_00,position_value,seed_00,A06,AB1110,v3,error_series,semisynthetic,yaw_err_deg,56642,56642,0,0,0,0,-8.771578233238415,3.837364868265297,42200
RUN_02098__v3,CORE_position_value,RUN_02098,BY2,CORE,D22_seed_00,position_value,seed_00,A06,AB1110,v3,error_series,semisynthetic,horizontal_3sigma_m,56642,56642,0,0,0,0,0.046505850993994124,42.43457969268709,0
RUN_02098__v3,CORE_position_value,RUN_02098,BY2,CORE,D22_seed_00,position_value,seed_00,A06,AB1110,v3,error_series,semisynthetic,roll_3sigma_deg,56642,56642,0,0,0,0,0.32282875499999997,6.0000398189999995,0
RUN_02098__v3,CORE_position_value,RUN_02098,BY2,CORE,D22_seed_00,position_value,seed_00,A06,AB1110,v3,error_series,semisynthetic,pitch_3sigma_deg,56642,56642,0,0,0,0,0.324740514,6.0000398189999995,0
RUN_02098__v3,CORE_position_value,RUN_02098,BY2,CORE,D22_seed_00,position_value,seed_00,A06,AB1110,v3,error_series,semisynthetic,yaw_3sigma_deg,56642,56642,0,0,0,0,0.544827363,6.0000398189999995,0
RUN_02098__v2,CORE_position_value,RUN_02098,BY2,CORE,D22_seed_00,position_value,seed_00,A06,AB1110,v2,error_series,semisynthetic,time,56642,56642,0,0,0,0,66.005054,339.997056,0
RUN_02098__v2,CORE_position_value,RUN_02098,BY2,CORE,D22_seed_00,position_value,seed_00,A06,AB1110,v2,error_series,semisynthetic,err_n_m,56642,56642,0,0,0,0,-0.4534930991605105,0.22246372261314384,27787
RUN_02098__v2,CORE_position_value,RUN_02098,BY2,CORE,D22_seed_00,position_value,seed_00,A06,AB1110,v2,error_series,semisynthetic,err_e_m,56642,56642,0,0,0,0,-0.22164298945870087,0.4980644991140295,26781
RUN_02098__v2,CORE_position_value,RUN_02098,BY2,CORE,D22_seed_00,position_value,seed_00,A06,AB1110,v2,error_series,semisynthetic,err_u_m,56642,56642,0,0,0,0,-0.4878327478888096,0.04139467741025951,56600
RUN_02098__v2,CORE_position_value,RUN_02098,BY2,CORE,D22_seed_00,position_value,seed_00,A06,AB1110,v2,error_series,semisynthetic,horizontal_err_m,56642,56642,0,0,0,0,0.011136797340032313,0.49871985603302615,0
RUN_02098__v2,CORE_position_value,RUN_02098,BY2,CORE,D22_seed_00,position_value,seed_00,A06,AB1110,v2,error_series,semisynthetic,position_3d_err_m,56642,56642,0,0,0,0,0.15678683792865822,0.6014180419025392,0
RUN_02098__v2,CORE_position_value,RUN_02098,BY2,CORE,D22_seed_00,position_value,seed_00,A06,AB1110,v2,error_series,semisynthetic,roll_err_deg,56642,56642,0,0,0,0,-4.088772287563273,6.874443143296588,19305
RUN_02098__v2,CORE_position_value,RUN_02098,BY2,CORE,D22_seed_00,position_value,seed_00,A06,AB1110,v2,error_series,semisynthetic,pitch_err_deg,56642,56642,0,0,0,0,-8.570260319754453,8.516099713542644,37179
RUN_02098__v2,CORE_position_value,RUN_02098,BY2,CORE,D22_seed_00,position_value,seed_00,A06,AB1110,v2,error_series,semisynthetic,yaw_err_deg,56642,56642,0,0,0,0,-8.771578233238415,3.837364868265297,42200
RUN_02098__v2,CORE_position_value,RUN_02098,BY2,CORE,D22_seed_00,position_value,seed_00,A06,AB1110,v2,error_series,semisynthetic,horizontal_3sigma_m,56642,56642,0,0,0,0,0.046505850993994124,42.43457969268709,0
RUN_02098__v2,CORE_position_value,RUN_02098,BY2,CORE,D22_seed_00,position_value,seed_00,A06,AB1110,v2,error_series,semisynthetic,roll_3sigma_deg,56642,56642,0,0,0,0,0.32282875499999997,6.0000398189999995,0
RUN_02098__v2,CORE_position_value,RUN_02098,BY2,CORE,D22_seed_00,position_value,seed_00,A06,AB1110,v2,error_series,semisynthetic,pitch_3sigma_deg,56642,56642,0,0,0,0,0.324740514,6.0000398189999995,0
RUN_02098__v2,CORE_position_value,RUN_02098,BY2,CORE,D22_seed_00,position_value,seed_00,A06,AB1110,v2,error_series,semisynthetic,yaw_3sigma_deg,56642,56642,0,0,0,0,0.544827363,6.0000398189999995,0
RUN_02099__v3,CORE_position_value,RUN_02099,BY2,CORE,D22_seed_00,position_value,seed_00,A07,AB1100,v3,error_series,semisynthetic,time,56642,56642,0,0,0,0,66.005054,339.997056,0
RUN_02099__v3,CORE_position_value,RUN_02099,BY2,CORE,D22_seed_00,position_value,seed_00,A07,AB1100,v3,error_series,semisynthetic,err_n_m,56642,56642,0,0,0,0,-0.42495842675701795,0.1808667255853038,37356
RUN_02099__v3,CORE_position_value,RUN_02099,BY2,CORE,D22_seed_00,position_value,seed_00,A07,AB1100,v3,error_series,semisynthetic,err_e_m,56642,56642,0,0,0,0,-0.18567049096064805,0.5263135796090452,26538
RUN_02099__v3,CORE_position_value,RUN_02099,BY2,CORE,D22_seed_00,position_value,seed_00,A07,AB1100,v3,error_series,semisynthetic,err_u_m,56642,56642,0,0,0,0,-0.17601422353381224,0.3415064349426196,37913
RUN_02099__v3,CORE_position_value,RUN_02099,BY2,CORE,D22_seed_00,position_value,seed_00,A07,AB1100,v3,error_series,semisynthetic,horizontal_err_m,56642,56642,0,0,0,0,8.387911682309977e-05,0.5473729695005133,0
RUN_02099__v3,CORE_position_value,RUN_02099,BY2,CORE,D22_seed_00,position_value,seed_00,A07,AB1100,v3,error_series,semisynthetic,position_3d_err_m,56642,56642,0,0,0,0,0.0007305617548340808,0.5741853624510063,0
RUN_02099__v3,CORE_position_value,RUN_02099,BY2,CORE,D22_seed_00,position_value,seed_00,A07,AB1100,v3,error_series,semisynthetic,roll_err_deg,56642,56642,0,0,0,0,-4.396649792563267,9.291092262296587,16204
RUN_02099__v3,CORE_position_value,RUN_02099,BY2,CORE,D22_seed_00,position_value,seed_00,A07,AB1100,v3,error_series,semisynthetic,pitch_err_deg,56642,56642,0,0,0,0,-9.986168537754452,8.46400124454263,37500
RUN_02099__v3,CORE_position_value,RUN_02099,BY2,CORE,D22_seed_00,position_value,seed_00,A07,AB1100,v3,error_series,semisynthetic,yaw_err_deg,56642,56642,0,0,0,0,-8.842873840238411,3.8108172472653052,42302
RUN_02099__v3,CORE_position_value,RUN_02099,BY2,CORE,D22_seed_00,position_value,seed_00,A07,AB1100,v3,error_series,semisynthetic,horizontal_3sigma_m,56642,56642,0,0,0,0,0.04654535031407929,42.43457969268709,0
RUN_02099__v3,CORE_position_value,RUN_02099,BY2,CORE,D22_seed_00,position_value,seed_00,A07,AB1100,v3,error_series,semisynthetic,roll_3sigma_deg,56642,56642,0,0,0,0,0.399458472,6.0000398189999995,0
RUN_02099__v3,CORE_position_value,RUN_02099,BY2,CORE,D22_seed_00,position_value,seed_00,A07,AB1100,v3,error_series,semisynthetic,pitch_3sigma_deg,56642,56642,0,0,0,0,0.407586231,6.0000398189999995,0
RUN_02099__v3,CORE_position_value,RUN_02099,BY2,CORE,D22_seed_00,position_value,seed_00,A07,AB1100,v3,error_series,semisynthetic,yaw_3sigma_deg,56642,56642,0,0,0,0,0.545036769,6.0000398189999995,0
RUN_02099__v2,CORE_position_value,RUN_02099,BY2,CORE,D22_seed_00,position_value,seed_00,A07,AB1100,v2,error_series,semisynthetic,time,56642,56642,0,0,0,0,66.005054,339.997056,0
RUN_02099__v2,CORE_position_value,RUN_02099,BY2,CORE,D22_seed_00,position_value,seed_00,A07,AB1100,v2,error_series,semisynthetic,err_n_m,56642,56642,0,0,0,0,-0.4534930991605105,0.22235268794209873,27305
RUN_02099__v2,CORE_position_value,RUN_02099,BY2,CORE,D22_seed_00,position_value,seed_00,A07,AB1100,v2,error_series,semisynthetic,err_e_m,56642,56642,0,0,0,0,-0.22121590848136918,0.4955020778111354,27544
RUN_02099__v2,CORE_position_value,RUN_02099,BY2,CORE,D22_seed_00,position_value,seed_00,A07,AB1100,v2,error_series,semisynthetic,err_u_m,56642,56642,0,0,0,0,-0.4842661279685174,0.04139467741025951,56600
RUN_02099__v2,CORE_position_value,RUN_02099,BY2,CORE,D22_seed_00,position_value,seed_00,A07,AB1100,v2,error_series,semisynthetic,horizontal_err_m,56642,56642,0,0,0,0,0.008921075302200258,0.4963052272081286,0
RUN_02099__v2,CORE_position_value,RUN_02099,BY2,CORE,D22_seed_00,position_value,seed_00,A07,AB1100,v2,error_series,semisynthetic,position_3d_err_m,56642,56642,0,0,0,0,0.15480879375640916,0.5921784536910166,0
RUN_02099__v2,CORE_position_value,RUN_02099,BY2,CORE,D22_seed_00,position_value,seed_00,A07,AB1100,v2,error_series,semisynthetic,roll_err_deg,56642,56642,0,0,0,0,-4.396649792563267,9.291092262296587,16204
RUN_02099__v2,CORE_position_value,RUN_02099,BY2,CORE,D22_seed_00,position_value,seed_00,A07,AB1100,v2,error_series,semisynthetic,pitch_err_deg,56642,56642,0,0,0,0,-9.986168537754452,8.46400124454263,37500
RUN_02099__v2,CORE_position_value,RUN_02099,BY2,CORE,D22_seed_00,position_value,seed_00,A07,AB1100,v2,error_series,semisynthetic,yaw_err_deg,56642,56642,0,0,0,0,-8.842873840238411,3.8108172472653052,42302
RUN_02099__v2,CORE_position_value,RUN_02099,BY2,CORE,D22_seed_00,position_value,seed_00,A07,AB1100,v2,error_series,semisynthetic,horizontal_3sigma_m,56642,56642,0,0,0,0,0.04654535031407929,42.43457969268709,0
RUN_02099__v2,CORE_position_value,RUN_02099,BY2,CORE,D22_seed_00,position_value,seed_00,A07,AB1100,v2,error_series,semisynthetic,roll_3sigma_deg,56642,56642,0,0,0,0,0.399458472,6.0000398189999995,0
RUN_02099__v2,CORE_position_value,RUN_02099,BY2,CORE,D22_seed_00,position_value,seed_00,A07,AB1100,v2,error_series,semisynthetic,pitch_3sigma_deg,56642,56642,0,0,0,0,0.407586231,6.0000398189999995,0
RUN_02099__v2,CORE_position_value,RUN_02099,BY2,CORE,D22_seed_00,position_value,seed_00,A07,AB1100,v2,error_series,semisynthetic,yaw_3sigma_deg,56642,56642,0,0,0,0,0.545036769,6.0000398189999995,0
RUN_02100__v3,CORE_position_value,RUN_02100,BY2,CORE,D22_seed_00,position_value,seed_00,A08,AB1000,v3,error_series,semisynthetic,time,56642,56642,0,0,0,0,66.005054,339.997056,0
RUN_02100__v3,CORE_position_value,RUN_02100,BY2,CORE,D22_seed_00,position_value,seed_00,A08,AB1000,v3,error_series,semisynthetic,err_n_m,56642,56642,0,0,0,0,-0.42495842675701795,0.18087426606185986,37141
RUN_02100__v3,CORE_position_value,RUN_02100,BY2,CORE,D22_seed_00,position_value,seed_00,A08,AB1000,v3,error_series,semisynthetic,err_e_m,56642,56642,0,0,0,0,-0.18567049096064805,0.5263554055763144,26694
RUN_02100__v3,CORE_position_value,RUN_02100,BY2,CORE,D22_seed_00,position_value,seed_00,A08,AB1000,v3,error_series,semisynthetic,err_u_m,56642,56642,0,0,0,0,-0.17601913174368988,0.3415064349426196,37845
RUN_02100__v3,CORE_position_value,RUN_02100,BY2,CORE,D22_seed_00,position_value,seed_00,A08,AB1000,v3,error_series,semisynthetic,horizontal_err_m,56642,56642,0,0,0,0,0.00015876875156834553,0.5473848040894546,0
RUN_02100__v3,CORE_position_value,RUN_02100,BY2,CORE,D22_seed_00,position_value,seed_00,A08,AB1000,v3,error_series,semisynthetic,position_3d_err_m,56642,56642,0,0,0,0,0.0008585571035358349,0.5741853624510063,0
RUN_02100__v3,CORE_position_value,RUN_02100,BY2,CORE,D22_seed_00,position_value,seed_00,A08,AB1000,v3,error_series,semisynthetic,roll_err_deg,56642,56642,0,0,0,0,-4.39600614756327,9.28726833029657,16232
RUN_02100__v3,CORE_position_value,RUN_02100,BY2,CORE,D22_seed_00,position_value,seed_00,A08,AB1000,v3,error_series,semisynthetic,pitch_err_deg,56642,56642,0,0,0,0,-9.984311964754454,8.464383034542635,37497
RUN_02100__v3,CORE_position_value,RUN_02100,BY2,CORE,D22_seed_00,position_value,seed_00,A08,AB1000,v3,error_series,semisynthetic,yaw_err_deg,56642,56642,0,0,0,0,-8.844936718238415,3.810318644265294,42328
RUN_02100__v3,CORE_position_value,RUN_02100,BY2,CORE,D22_seed_00,position_value,seed_00,A08,AB1000,v3,error_series,semisynthetic,horizontal_3sigma_m,56642,56642,0,0,0,0,0.046344483832472284,42.43457969268709,0
RUN_02100__v3,CORE_position_value,RUN_02100,BY2,CORE,D22_seed_00,position_value,seed_00,A08,AB1000,v3,error_series,semisynthetic,roll_3sigma_deg,56642,56642,0,0,0,0,0.39944921099999997,6.0000398189999995,0
RUN_02100__v3,CORE_position_value,RUN_02100,BY2,CORE,D22_seed_00,position_value,seed_00,A08,AB1000,v3,error_series,semisynthetic,pitch_3sigma_deg,56642,56642,0,0,0,0,0.407573619,6.0000398189999995,0
RUN_02100__v3,CORE_position_value,RUN_02100,BY2,CORE,D22_seed_00,position_value,seed_00,A08,AB1000,v3,error_series,semisynthetic,yaw_3sigma_deg,56642,56642,0,0,0,0,0.544899966,6.0000398189999995,0
RUN_02100__v2,CORE_position_value,RUN_02100,BY2,CORE,D22_seed_00,position_value,seed_00,A08,AB1000,v2,error_series,semisynthetic,time,56642,56642,0,0,0,0,66.005054,339.997056,0
RUN_02100__v2,CORE_position_value,RUN_02100,BY2,CORE,D22_seed_00,position_value,seed_00,A08,AB1000,v2,error_series,semisynthetic,err_n_m,56642,56642,0,0,0,0,-0.4534930991605105,0.22246372345168197,27110
RUN_02100__v2,CORE_position_value,RUN_02100,BY2,CORE,D22_seed_00,position_value,seed_00,A08,AB1000,v2,error_series,semisynthetic,err_e_m,56642,56642,0,0,0,0,-0.22121590808166047,0.4955874934201141,27707
RUN_02100__v2,CORE_position_value,RUN_02100,BY2,CORE,D22_seed_00,position_value,seed_00,A08,AB1000,v2,error_series,semisynthetic,err_u_m,56642,56642,0,0,0,0,-0.484266719650968,0.04139467741025951,56600
RUN_02100__v2,CORE_position_value,RUN_02100,BY2,CORE,D22_seed_00,position_value,seed_00,A08,AB1000,v2,error_series,semisynthetic,horizontal_err_m,56642,56642,0,0,0,0,0.008921075386301375,0.4963968302426054,0
RUN_02100__v2,CORE_position_value,RUN_02100,BY2,CORE,D22_seed_00,position_value,seed_00,A08,AB1000,v2,error_series,semisynthetic,position_3d_err_m,56642,56642,0,0,0,0,0.15477215026966937,0.5921706568223414,0
RUN_02100__v2,CORE_position_value,RUN_02100,BY2,CORE,D22_seed_00,position_value,seed_00,A08,AB1000,v2,error_series,semisynthetic,roll_err_deg,56642,56642,0,0,0,0,-4.39600614756327,9.28726833029657,16232
RUN_02100__v2,CORE_position_value,RUN_02100,BY2,CORE,D22_seed_00,position_value,seed_00,A08,AB1000,v2,error_series,semisynthetic,pitch_err_deg,56642,56642,0,0,0,0,-9.984311964754454,8.464383034542635,37497
RUN_02100__v2,CORE_position_value,RUN_02100,BY2,CORE,D22_seed_00,position_value,seed_00,A08,AB1000,v2,error_series,semisynthetic,yaw_err_deg,56642,56642,0,0,0,0,-8.844936718238415,3.810318644265294,42328
RUN_02100__v2,CORE_position_value,RUN_02100,BY2,CORE,D22_seed_00,position_value,seed_00,A08,AB1000,v2,error_series,semisynthetic,horizontal_3sigma_m,56642,56642,0,0,0,0,0.046344483832472284,42.43457969268709,0
RUN_02100__v2,CORE_position_value,RUN_02100,BY2,CORE,D22_seed_00,position_value,seed_00,A08,AB1000,v2,error_series,semisynthetic,roll_3sigma_deg,56642,56642,0,0,0,0,0.39944921099999997,6.0000398189999995,0
RUN_02100__v2,CORE_position_value,RUN_02100,BY2,CORE,D22_seed_00,position_value,seed_00,A08,AB1000,v2,error_series,semisynthetic,pitch_3sigma_deg,56642,56642,0,0,0,0,0.407573619,6.0000398189999995,0
RUN_02100__v2,CORE_position_value,RUN_02100,BY2,CORE,D22_seed_00,position_value,seed_00,A08,AB1000,v2,error_series,semisynthetic,yaw_3sigma_deg,56642,56642,0,0,0,0,0.544899966,6.0000398189999995,0
RUN_02101__v3,CORE_position_value,RUN_02101,BY2,CORE,D22_seed_00,position_value,seed_00,A09,AB0100,v3,error_series,semisynthetic,time,56642,56642,0,0,0,0,66.005054,339.997056,0
RUN_02101__v3,CORE_position_value,RUN_02101,BY2,CORE,D22_seed_00,position_value,seed_00,A09,AB0100,v3,error_series,semisynthetic,err_n_m,56642,56642,0,0,0,0,-0.42495842675701795,0.18085011557834818,37637
RUN_02101__v3,CORE_position_value,RUN_02101,BY2,CORE,D22_seed_00,position_value,seed_00,A09,AB0100,v3,error_series,semisynthetic,err_e_m,56642,56642,0,0,0,0,-0.18567049096064805,0.5262774871409519,26835
RUN_02101__v3,CORE_position_value,RUN_02101,BY2,CORE,D22_seed_00,position_value,seed_00,A09,AB0100,v3,error_series,semisynthetic,err_u_m,56642,56642,0,0,0,0,-0.17603276121543132,0.3415064349426196,38076
RUN_02101__v3,CORE_position_value,RUN_02101,BY2,CORE,D22_seed_00,position_value,seed_00,A09,AB0100,v3,error_series,semisynthetic,horizontal_err_m,56642,56642,0,0,0,0,0.0003235079658039625,0.5473441470785564,0
RUN_02101__v3,CORE_position_value,RUN_02101,BY2,CORE,D22_seed_00,position_value,seed_00,A09,AB0100,v3,error_series,semisynthetic,position_3d_err_m,56642,56642,0,0,0,0,0.0012305275895911365,0.5741853624510063,0
RUN_02101__v3,CORE_position_value,RUN_02101,BY2,CORE,D22_seed_00,position_value,seed_00,A09,AB0100,v3,error_series,semisynthetic,roll_err_deg,56642,56642,0,0,0,0,-4.395951929563267,9.286235740296576,16196
RUN_02101__v3,CORE_position_value,RUN_02101,BY2,CORE,D22_seed_00,position_value,seed_00,A09,AB0100,v3,error_series,semisynthetic,pitch_err_deg,56642,56642,0,0,0,0,-9.984585009754454,8.452458329542651,37537
RUN_02101__v3,CORE_position_value,RUN_02101,BY2,CORE,D22_seed_00,position_value,seed_00,A09,AB0100,v3,error_series,semisynthetic,yaw_err_deg,56642,56642,0,0,0,0,-8.846746184238413,3.8087338502652983,42241
RUN_02101__v3,CORE_position_value,RUN_02101,BY2,CORE,D22_seed_00,position_value,seed_00,A09,AB0100,v3,error_series,semisynthetic,horizontal_3sigma_m,56642,56642,0,0,0,0,0.046943777603695974,42.43457969268709,0
RUN_02101__v3,CORE_position_value,RUN_02101,BY2,CORE,D22_seed_00,position_value,seed_00,A09,AB0100,v3,error_series,semisynthetic,roll_3sigma_deg,56642,56642,0,0,0,0,0.399507849,6.0000398189999995,0
RUN_02101__v3,CORE_position_value,RUN_02101,BY2,CORE,D22_seed_00,position_value,seed_00,A09,AB0100,v3,error_series,semisynthetic,pitch_3sigma_deg,56642,56642,0,0,0,0,0.407620914,6.0000398189999995,0
RUN_02101__v3,CORE_position_value,RUN_02101,BY2,CORE,D22_seed_00,position_value,seed_00,A09,AB0100,v3,error_series,semisynthetic,yaw_3sigma_deg,56642,56642,0,0,0,0,0.545104107,6.0000398189999995,0
RUN_02101__v2,CORE_position_value,RUN_02101,BY2,CORE,D22_seed_00,position_value,seed_00,A09,AB0100,v2,error_series,semisynthetic,time,56642,56642,0,0,0,0,66.005054,339.997056,0
RUN_02101__v2,CORE_position_value,RUN_02101,BY2,CORE,D22_seed_00,position_value,seed_00,A09,AB0100,v2,error_series,semisynthetic,err_n_m,56642,56642,0,0,0,0,-0.4534930991605105,0.21944779768993605,27571
RUN_02101__v2,CORE_position_value,RUN_02101,BY2,CORE,D22_seed_00,position_value,seed_00,A09,AB0100,v2,error_series,semisynthetic,err_e_m,56642,56642,0,0,0,0,-0.22377829014556028,0.4955020779025432,27297
RUN_02101__v2,CORE_position_value,RUN_02101,BY2,CORE,D22_seed_00,position_value,seed_00,A09,AB0100,v2,error_series,semisynthetic,err_u_m,56642,56642,0,0,0,0,-0.4842787423015764,0.04139467741025951,56600
RUN_02101__v2,CORE_position_value,RUN_02101,BY2,CORE,D22_seed_00,position_value,seed_00,A09,AB0100,v2,error_series,semisynthetic,horizontal_err_m,56642,56642,0,0,0,0,0.008921075164671832,0.4963052273264379,0
RUN_02101__v2,CORE_position_value,RUN_02101,BY2,CORE,D22_seed_00,position_value,seed_00,A09,AB0100,v2,error_series,semisynthetic,position_3d_err_m,56642,56642,0,0,0,0,0.1559161050958959,0.5921832537374396,0
RUN_02101__v2,CORE_position_value,RUN_02101,BY2,CORE,D22_seed_00,position_value,seed_00,A09,AB0100,v2,error_series,semisynthetic,roll_err_deg,56642,56642,0,0,0,0,-4.395951929563267,9.286235740296576,16196
RUN_02101__v2,CORE_position_value,RUN_02101,BY2,CORE,D22_seed_00,position_value,seed_00,A09,AB0100,v2,error_series,semisynthetic,pitch_err_deg,56642,56642,0,0,0,0,-9.984585009754454,8.452458329542651,37537
RUN_02101__v2,CORE_position_value,RUN_02101,BY2,CORE,D22_seed_00,position_value,seed_00,A09,AB0100,v2,error_series,semisynthetic,yaw_err_deg,56642,56642,0,0,0,0,-8.846746184238413,3.8087338502652983,42241
RUN_02101__v2,CORE_position_value,RUN_02101,BY2,CORE,D22_seed_00,position_value,seed_00,A09,AB0100,v2,error_series,semisynthetic,horizontal_3sigma_m,56642,56642,0,0,0,0,0.046943777603695974,42.43457969268709,0
RUN_02101__v2,CORE_position_value,RUN_02101,BY2,CORE,D22_seed_00,position_value,seed_00,A09,AB0100,v2,error_series,semisynthetic,roll_3sigma_deg,56642,56642,0,0,0,0,0.399507849,6.0000398189999995,0
RUN_02101__v2,CORE_position_value,RUN_02101,BY2,CORE,D22_seed_00,position_value,seed_00,A09,AB0100,v2,error_series,semisynthetic,pitch_3sigma_deg,56642,56642,0,0,0,0,0.407620914,6.0000398189999995,0
RUN_02101__v2,CORE_position_value,RUN_02101,BY2,CORE,D22_seed_00,position_value,seed_00,A09,AB0100,v2,error_series,semisynthetic,yaw_3sigma_deg,56642,56642,0,0,0,0,0.545104107,6.0000398189999995,0
